Protein.Group	Protein.Names	Genes	First.Protein.Description	N.Sequences	N.Proteotypic.Sequences	/home/lerost/DIA_tools_manuscript/input_files/PXD026600/RD139_Wide_UPS1_25fmol_inj2.mzML	/home/lerost/DIA_tools_manuscript/input_files/PXD026600/RD139_Wide_UPS1_1fmol_inj1.mzML	/home/lerost/DIA_tools_manuscript/input_files/PXD026600/RD139_Wide_UPS1_25fmol_inj3.mzML	/home/lerost/DIA_tools_manuscript/input_files/PXD026600/RD139_Wide_UPS1_1fmol_inj2.mzML	/home/lerost/DIA_tools_manuscript/input_files/PXD026600/RD139_Wide_UPS1_25fmol_inj1.mzML	/home/lerost/DIA_tools_manuscript/input_files/PXD026600/RD139_Wide_UPS1_1fmol_inj3.mzML
DECOY_sp|P0A9P0|DLDH_ECOLI	Dihydrolipoyl	Dihydrolipoyl		1	1			1.63646e+06			
DECOY_sp|P25549|ASLA_ECOLI	Arylsulfatase	Arylsulfatase		1	1	2.48236e+06	3.3979e+06	3.51854e+06	2.71494e+06	3.4309e+06	
DECOY_sp|P41067|TRAB1_ECOLI	Protein	Protein		1	1					7.8856e+06	
DECOY_sp|P63389|YHES_ECOLI	Uncharacterized	Uncharacterized		1	1	1.02486e+07		1.07006e+07	9.49401e+06	9.95472e+06	9.0558e+06
DECOY_sp|P76621|CSID_ECOLI	Protein	Protein		1	1			1.15106e+06			
O00762ups|UBE2C_HUMAN_UPS	Ubiquitin-conjugating	Ubiquitin-conjugating		7	7	5.71005e+07		5.44939e+07	1.9118e+06	5.30585e+07	2.25593e+06
O76070ups|SYUG_HUMAN_UPS	Gamma-synuclein	Gamma-synuclein		8	8	1.93909e+08	1.18676e+07	1.84114e+08		1.90782e+08	6.23626e+06
P00167ups|CYB5_HUMAN_UPS	Cytochrome	Cytochrome		5	5	5.96564e+07		5.78687e+07		6.00554e+07	
P00350	6PGD_ECOLI	gnd	6-phosphogluconate dehydrogenase, decarboxylating	27	27	3.56414e+08	3.47067e+08	3.55371e+08	3.48477e+08	3.38691e+08	3.49254e+08
P00363	FRDA_ECOLI	frdA	Fumarate reductase flavoprotein subunit	28	28	2.45521e+08	2.47812e+08	2.29098e+08	2.39563e+08	2.30574e+08	2.44228e+08
P00370	DHE4_ECOLI	gdhA	NADP-specific glutamate dehydrogenase	10	10	1.6133e+07	1.59369e+07	1.59767e+07	1.57728e+07	1.58949e+07	1.5741e+07
P00393	DHNA_ECOLI	ndh	NADH dehydrogenase	19	19	3.24897e+07	3.04506e+07	3.03613e+07	3.08691e+07	3.06199e+07	3.08794e+07
P00441ups|SODC_HUMAN_UPS	Superoxide	Superoxide		2	2	3.29366e+07		3.4781e+07		3.47085e+07	
P00448	SODM_ECOLI	sodA	Superoxide dismutase [Mn]	9	9	4.83326e+07	4.66101e+07	4.97349e+07	4.71421e+07	4.93118e+07	4.80002e+07
P00452	RIR1_ECOLI	nrdA	Ribonucleoside-diphosphate reductase 1 subunit alpha	33	33	4.491e+07	4.37264e+07	4.38748e+07	4.35e+07	4.41114e+07	4.4063e+07
P00490	PHSM_ECOLI	malP	Maltodextrin phosphorylase	30	30	3.73347e+07	3.85311e+07	3.83142e+07	3.90058e+07	3.87733e+07	3.9262e+07
P00509	AAT_ECOLI	aspC	Aspartate aminotransferase	27	27	9.98183e+07	9.62495e+07	9.7463e+07	9.7246e+07	9.85849e+07	9.73929e+07
P00547	KHSE_ECOLI	thrB	Homoserine kinase	3	3	2.99357e+06	3.42081e+06	3.41996e+06	2.86794e+06	3.43633e+06	3.47168e+06
P00550	PTM3C_ECOLI	mtlA	PTS system mannitol-specific EIICBA component	4	4	4.06656e+06	3.90958e+06	4.13121e+06	3.79011e+06	3.58187e+06	4.23026e+06
P00561	AK1H_ECOLI	thrA	Bifunctional aspartokinase/homoserine dehydrogenase 1	12	12	1.37158e+07	1.43775e+07	1.42781e+07	1.4431e+07	1.47622e+07	1.46653e+07
P00562	AK2H_ECOLI	metL	Bifunctional aspartokinase/homoserine dehydrogenase 2	15	15	7.40594e+06	7.34965e+06	7.35829e+06	7.47453e+06	7.74114e+06	7.60625e+06
P00579	RPOD_ECOLI	rpoD	RNA polymerase sigma factor RpoD	21	20	1.36076e+08	1.37114e+08	1.35571e+08	1.34171e+08	1.37092e+08	1.34075e+08
P00582	DPO1_ECOLI	polA	DNA polymerase I	45	45	2.44781e+07	2.39926e+07	2.40211e+07	2.42375e+07	2.40053e+07	2.38262e+07
P00709ups|LALBA_HUMAN_UPS	Alpha-lactalbumin	Alpha-lactalbumin		1	1	3.74818e+07		4.04543e+07		3.76143e+07	
P00803	LEP_ECOLI	lepB	Signal peptidase I	5	5	1.59216e+07	1.57967e+07	1.53621e+07	1.565e+07	1.61538e+07	1.63841e+07
P00805	ASPG2_ECOLI	ansB	L-asparaginase 2	20	20	1.37848e+08	1.43344e+08	1.40254e+08	1.41225e+08	1.39196e+08	1.37824e+08
P00811	AMPC_ECOLI	ampC	Beta-lactamase	5	5	5.27775e+06	4.6913e+06	5.07267e+06	4.5627e+06	5.00723e+06	5.43638e+06
P00861	DCDA_ECOLI	lysA	Diaminopimelate decarboxylase	2	2	1.11235e+06	1.21135e+06	1.15638e+06	1.13938e+06	1.39699e+06	1.10488e+06
P00864	CAPP_ECOLI	ppc	Phosphoenolpyruvate carboxylase	42	42	6.32541e+07	6.26635e+07	6.41785e+07	6.21922e+07	6.43681e+07	6.36452e+07
P00887	AROH_ECOLI	aroH	Phospho-2-dehydro-3-deoxyheptonate aldolase, Trp-sensitive	4	4	6.95759e+06	6.90771e+06	6.90057e+06	6.79078e+06	7.31343e+06	6.9553e+06
P00888	AROF_ECOLI	aroF	Phospho-2-dehydro-3-deoxyheptonate aldolase, Tyr-sensitive	8	7	1.13572e+07	1.15773e+07	1.1407e+07	1.14545e+07	1.0744e+07	1.07081e+07
P00892	ILVG_ECOLI	ilvG	Acetolactate synthase isozyme 2 large subunit	1	1	808495		939072	917998	951033	971672
P00894	ILVH_ECOLI	ilvH	Acetolactate synthase isozyme 3 small subunit	3	3	1.12513e+06	1.51609e+06	1.50254e+06	1.35073e+06	1.34537e+06	1.52969e+06
P00914	PHR_ECOLI	phrB	Deoxyribodipyrimidine photo-lyase	5	5	1.92199e+06	2.24509e+06	1.96403e+06	1.93789e+06	2.61915e+06	1.77502e+06
P00915ups|CAH1_HUMAN_UPS	Carbonic	Carbonic		10	10	6.87356e+07		6.98585e+07		7.03426e+07	
P00918ups|CAH2_HUMAN_UPS	Carbonic	Carbonic		10	10	9.36921e+07	3.77025e+06	9.34186e+07	3.94112e+06	9.44106e+07	3.71727e+06
P00926	SDHD_ECOLI	dsdA	D-serine dehydratase	4	4	2.47989e+06	2.25066e+06	2.49891e+06	2.6984e+06	2.4713e+06	2.74914e+06
P00934	THRC_ECOLI	thrC	Threonine synthase	14	14	1.839e+07	1.79244e+07	1.91685e+07	1.78054e+07	1.88353e+07	1.77207e+07
P00935	METB_ECOLI	metB	Cystathionine gamma-synthase	2	2	2.80554e+06	2.33229e+06	3.05836e+06	2.56016e+06	2.4755e+06	2.33477e+06
P00936	CYAA_ECOLI	cyaA	Adenylate cyclase	2	2	3.53625e+06	3.6169e+06	3.41544e+06	3.16246e+06	3.30874e+06	2.61687e+06
P00946	MANA_ECOLI	manA	Mannose-6-phosphate isomerase	11	11	5.8116e+07	5.75423e+07	5.66735e+07	5.55816e+07	5.66144e+07	5.56433e+07
P00954	SYW_ECOLI	trpS	Tryptophan--tRNA ligase	12	12	9.77584e+07	9.60405e+07	9.97569e+07	9.85091e+07	9.28552e+07	9.90494e+07
P00956	SYI_ECOLI	ileS	Isoleucine--tRNA ligase	39	39	1.21124e+08	1.16865e+08	1.21917e+08	1.17053e+08	1.1884e+08	1.17776e+08
P00957	SYA_ECOLI	alaS	Alanine--tRNA ligase	42	42	1.33033e+08	1.34051e+08	1.29688e+08	1.30484e+08	1.31557e+08	1.30168e+08
P00959	SYM_ECOLI	metG	Methionine--tRNA ligase	32	32	6.34425e+07	6.26426e+07	6.19116e+07	6.29785e+07	6.24156e+07	6.39209e+07
P00960	SYGA_ECOLI	glyQ	Glycine--tRNA ligase alpha subunit	9	9	3.46252e+07	3.29253e+07	3.28405e+07	3.23976e+07	3.45115e+07	3.22174e+07
P00961	SYGB_ECOLI	glyS	Glycine--tRNA ligase beta subunit	40	40	8.31475e+07	8.08834e+07	8.05827e+07	8.06771e+07	8.27785e+07	8.13967e+07
P00962	SYQ_ECOLI	glnS	Glutamine--tRNA ligase	31	31	8.57271e+07	8.47583e+07	8.59002e+07	8.6186e+07	8.42161e+07	8.56454e+07
P00963	ASNA_ECOLI	asnA	Aspartate--ammonia ligase	9	9	9.8227e+07	1.03778e+08	1.02504e+08	1.05067e+08	9.70612e+07	1.07673e+08
P00968	CARB_ECOLI	carB	Carbamoyl-phosphate synthase large chain	33	33	1.99099e+07	2.03724e+07	2.02617e+07	2.04619e+07	2.08904e+07	2.02413e+07
P01008ups|ANT3_HUMAN_UPS	Antithrombin-III	Antithrombin-III		15	15	8.1671e+07	3.54491e+06	8.3883e+07	3.26019e+06	7.99209e+07	4.01433e+06
P01112ups|RASH_HUMAN_UPS	GTPase	GTPase		8	8	5.14409e+07		5.0112e+07		5.16009e+07	
P01127ups|PDGFB_HUMAN_UPS	Platelet-derived	Platelet-derived		4	4	6.36698e+07	3.60838e+06	6.5456e+07	4.10036e+06	6.4727e+07	
P01133ups|EGF_HUMAN_UPS	Pro-Epidermal	Pro-Epidermal		1	1	1.76551e+07		1.90007e+07		1.93363e+07	
P01344ups|IGF2_HUMAN_UPS	Insulin-like	Insulin-like		1	1	3.8631e+07		3.60935e+07		3.95487e+07	
P01375ups|TNFA_HUMAN_UPS	Tumor	Tumor		7	7	5.16903e+07		5.24388e+07		4.94847e+07	
P01579ups|IFNG_HUMAN_UPS	Interferon	Interferon		6	6	7.1572e+07	2.98044e+06	6.81086e+07	4.21167e+06	6.87562e+07	3.13373e+06
P02144ups|MYG_HUMAN_UPS	Myoglobin	Myoglobin		8	8	8.49216e+07	1.66891e+06	8.74029e+07		8.09953e+07	3.07667e+06
P02358	RS6_ECOLI	rpsF	30S ribosomal protein S6	12	12	9.49401e+08	9.09882e+08	9.27819e+08	9.30772e+08	9.57071e+08	9.0313e+08
P02359	RS7_ECOLI	rpsG	30S ribosomal protein S7	14	14	1.04352e+09	1.01717e+09	1.06451e+09	1.04061e+09	1.00169e+09	1.04385e+09
P02413	RL15_ECOLI	rplO	50S ribosomal protein L15	12	12	8.00852e+08	8.43574e+08	8.15409e+08	8.3485e+08	8.05062e+08	8.25529e+08
P02741ups|CRP_HUMAN_UPS	C-reactive	C-reactive		5	5	1.36804e+07		1.34033e+07		1.32168e+07	
P02753ups|RETBP_HUMAN_UPS	Retinol-binding	Retinol-binding		3	3	9.52714e+06		9.5942e+06		9.66676e+06	
P02768ups|ALBU_HUMAN_UPS	Serum	Serum		20	20	1.35044e+08	5.72026e+06	1.45533e+08	5.74072e+06	1.37834e+08	5.77883e+06
P02787ups|TRFE_HUMAN_UPS	Serotransferrin	Serotransferrin		18	18	8.12192e+07	9.25987e+06	8.0424e+07		8.23015e+07	
P02788ups|TRFL_HUMAN_UPS	Lactotransferrin	Lactotransferrin		22	22	7.51966e+07	2.82547e+06	7.19904e+07	2.44318e+06	7.47137e+07	3.31866e+06
P02918	PBPA_ECOLI	mrcA	Penicillin-binding protein 1A	8	8	4.26105e+06	4.53037e+06	5.0378e+06	4.7168e+06	4.93572e+06	4.74946e+06
P02919	PBPB_ECOLI	mrcB	Penicillin-binding protein 1B	16	16	6.2852e+07	6.45205e+07	6.28276e+07	6.46936e+07	6.76362e+07	6.39452e+07
P02925	RBSB_ECOLI	rbsB	D-ribose-binding periplasmic protein	12	12	4.54148e+07	4.41136e+07	4.58575e+07	4.48318e+07	4.5704e+07	4.45156e+07
P02930	TOLC_ECOLI	tolC	Outer membrane protein TolC	16	16	1.28667e+08	1.36799e+08	1.28539e+08	1.3575e+08	1.28348e+08	1.37965e+08
P02931	OMPF_ECOLI	ompF	Outer membrane protein F	16	15	2.17046e+08	2.15387e+08	2.12033e+08	2.14426e+08	2.13349e+08	2.11403e+08
P02932	PHOE_ECOLI	phoE	Outer membrane pore protein E	1	1	1.19534e+06	1.0114e+06	1.32167e+06	1.12378e+06	1.44567e+06	1.15395e+06
P02942	MCP1_ECOLI	tsr	Methyl-accepting chemotaxis protein I	17	15	6.86925e+07	6.71369e+07	6.65037e+07	6.85642e+07	6.82563e+07	6.61604e+07
P02943	LAMB_ECOLI	lamB	Maltoporin	9	9	8.74836e+06	9.0892e+06	9.31386e+06	8.49217e+06	9.58485e+06	9.30143e+06
P03004	DNAA_ECOLI	dnaA	Chromosomal replication initiator protein DnaA	12	12	7.33482e+06	6.95714e+06	7.96018e+06	7.38539e+06	8.12104e+06	7.27457e+06
P03007	DPO3E_ECOLI	dnaQ	DNA polymerase III subunit epsilon	3	3	2.85479e+06	2.47792e+06	2.15608e+06	2.55644e+06	2.15693e+06	2.38611e+06
P03018	UVRD_ECOLI	uvrD	DNA helicase II	10	10	9.47471e+06	9.89788e+06	1.06295e+07	9.53794e+06	9.97426e+06	9.7566e+06
P03023	LACI_ECOLI	lacI	Lactose operon repressor	3	3	2.08147e+06	2.19292e+06	1.97612e+06	1.91906e+06	2.20887e+06	1.82663e+06
P03024	GALR_ECOLI	galR	HTH-type transcriptional regulator GalR	2	2	5.97007e+06	6.47475e+06	7.16168e+06	6.71346e+06	6.87684e+06	6.68435e+06
P03817	MIOC_ECOLI	mioC	Protein MioC	1	1	3.75622e+07	4.04287e+07	3.7739e+07	3.81453e+07	3.88208e+07	4.00213e+07
P03841	MALM_ECOLI	malM	Maltose operon periplasmic protein	6	6	3.64821e+07	3.59559e+07	3.22694e+07	3.60104e+07	3.66375e+07	3.52604e+07
P04036	DAPB_ECOLI	dapB	4-hydroxy-tetrahydrodipicolinate reductase	9	9	3.52105e+07	3.30944e+07	3.40866e+07	3.48022e+07	3.51417e+07	3.50203e+07
P04040ups|CATA_HUMAN_UPS	Catalase	Catalase		16	16	2.91992e+07		2.86572e+07		2.98972e+07	
P04079	GUAA_ECOLI	guaA	GMP synthase [glutamine-hydrolyzing]	26	26	8.79014e+07	8.84249e+07	8.90984e+07	9.01879e+07	8.83704e+07	8.98342e+07
P04335	FRSA_ECOLI	frsA	Esterase FrsA	14	14	1.7585e+07	1.76989e+07	1.80008e+07	1.69789e+07	1.78496e+07	1.74952e+07
P04425	GSHB_ECOLI	gshB	Glutathione synthetase	15	15	3.84622e+07	3.99605e+07	3.76411e+07	3.87305e+07	3.84905e+07	3.98509e+07
P04693	TYRB_ECOLI	tyrB	Aromatic-amino-acid aminotransferase	5	5	2.84564e+07	2.78642e+07	2.97426e+07	2.75463e+07	2.73706e+07	2.77494e+07
P04805	SYE_ECOLI	gltX	Glutamate--tRNA ligase	24	24	1.46144e+08	1.44533e+08	1.42497e+08	1.41805e+08	1.42079e+08	1.44238e+08
P04825	AMPN_ECOLI	pepN	Aminopeptidase N	27	27	7.87251e+07	7.97066e+07	7.97036e+07	7.7131e+07	7.94562e+07	7.85048e+07
P04846	NLPA_ECOLI	nlpA	Lipoprotein 28	2	2	8.4561e+06	8.69368e+06	8.2573e+06	8.6014e+06	8.81397e+06	8.7731e+06
P04949	FLIC_ECOLI	fliC	Flagellin	15	15	4.14393e+08	4.22942e+08	3.78948e+08	4.47092e+08	4.02137e+08	4.40216e+08
P04951	KDSB_ECOLI	kdsB	3-deoxy-manno-octulosonate cytidylyltransferase	6	6	3.59448e+07	3.67246e+07	3.60402e+07	3.74887e+07	3.71729e+07	3.66718e+07
P04968	ILVA_ECOLI	ilvA	L-threonine dehydratase biosynthetic IlvA	4	4	1.35526e+06	1.23883e+06	1.40775e+06	1.39198e+06	1.31894e+06	1.41809e+06
P04982	RBSD_ECOLI	rbsD	D-ribose pyranase	1	1	4.65793e+06	5.55147e+06	6.1733e+06	7.04567e+06	6.49159e+06	6.69096e+06
P04994	EX7L_ECOLI	xseA	Exodeoxyribonuclease 7 large subunit	3	3	4.49288e+06	4.84047e+06	4.55745e+06	4.59727e+06	4.50169e+06	4.68906e+06
P04995	EX1_ECOLI	sbcB	Exodeoxyribonuclease I	8	8	7.9991e+06	8.07626e+06	8.09246e+06	7.86046e+06	8.45168e+06	8.0083e+06
P05020	PYRC_ECOLI	pyrC	Dihydroorotase	11	11	2.26241e+07	2.24679e+07	2.23088e+07	2.25581e+07	2.20295e+07	2.24322e+07
P05041	PABB_ECOLI	pabB	Para-aminobenzoate synthase component 1	4	4	4.73524e+06	5.63954e+06	5.58234e+06	5.57657e+06	5.59002e+06	5.79133e+06
P05055	PNP_ECOLI	pnp	Polyribonucleotide nucleotidyltransferase	35	35	2.0982e+08	2.11276e+08	2.1167e+08	2.07663e+08	2.0346e+08	2.08397e+08
P05100	3MG1_ECOLI	tag	DNA-3-methyladenine glycosylase 1	2	2	5.91109e+06	6.06607e+06	6.10726e+06	5.392e+06	5.79531e+06	6.02194e+06
P05194	AROD_ECOLI	aroD	3-dehydroquinate dehydratase	6	6	2.01596e+07	1.956e+07	2.10266e+07	1.93378e+07	2.20953e+07	2.10372e+07
P05413ups|FABPH_HUMAN_UPS	Fatty	Fatty		8	8	7.73953e+07	5.83324e+06	7.74277e+07	5.42785e+06	7.20531e+07	4.98804e+06
P05458	PTRA_ECOLI	ptrA	Protease 3	13	13	6.72738e+06	6.72661e+06	6.4457e+06	7.16584e+06	7.08436e+06	7.11038e+06
P05459	PDXB_ECOLI	pdxB	Erythronate-4-phosphate dehydrogenase	15	15	3.07921e+07	3.1354e+07	3.33917e+07	3.27866e+07	3.17068e+07	3.31938e+07
P05523	FPG_ECOLI	mutM	Formamidopyrimidine-DNA glycosylase	2	2	956287	1.26194e+06	983234	1.03457e+06	1.24908e+06	1.32133e+06
P05637	APAH_ECOLI	apaH	Bis(5'-nucleosyl)-tetraphosphatase [symmetrical]	8	8	1.13337e+07	1.09036e+07	1.25565e+07	1.04426e+07	1.11593e+07	1.09917e+07
P05706	PTHA_ECOLI	srlB	Glucitol/sorbitol-specific phosphotransferase enzyme IIA component	1	1	589366		543880		523732	
P05719	T1SK_ECOLI	hsdS	Type-1 restriction enzyme EcoKI specificity protein	4	4	1.06278e+07	1.16757e+07	1.08353e+07	1.09869e+07	1.08494e+07	1.26923e+07
P05791	ILVD_ECOLI	ilvD	Dihydroxy-acid dehydratase	14	14	1.46521e+07	1.34786e+07	1.42815e+07	1.39623e+07	1.37901e+07	1.36574e+07
P05793	ILVC_ECOLI	ilvC	Ketol-acid reductoisomerase	16	16	2.34665e+07	2.41732e+07	2.3091e+07	2.27588e+07	2.35667e+07	2.37887e+07
P05825	FEPA_ECOLI	fepA	Ferrienterobactin receptor	15	15	9.76758e+06	9.94783e+06	9.83946e+06	1.01758e+07	1.00035e+07	1.0436e+07
P05852	GCP_ECOLI	gcp	Probable tRNA threonylcarbamoyladenosine biosynthesis protein Gcp	3	3	9.66415e+06	8.83851e+06	8.79162e+06	9.91067e+06	9.2664e+06	8.85898e+06
P06129	BTUB_ECOLI	btuB	Vitamin B12 transporter BtuB	23	23	5.50851e+07	5.25586e+07	5.4855e+07	5.30937e+07	5.33966e+07	5.37002e+07
P06136	FTSQ_ECOLI	ftsQ	Cell division protein FtsQ	3	3	5.17546e+07	5.28424e+07	5.19821e+07	5.35913e+07	4.76995e+07	5.10473e+07
P06149	DLD_ECOLI	dld	D-lactate dehydrogenase	17	17	2.412e+07	2.37907e+07	2.53656e+07	2.33815e+07	2.51182e+07	2.3128e+07
P06282	CDH_ECOLI	cdh	CDP-diacylglycerol pyrophosphatase	4	4	8.38108e+06	7.40872e+06	8.47626e+06	7.87837e+06	8.54524e+06	8.07133e+06
P06396ups|GELS_HUMAN_UPS	Gelsolin	Gelsolin		18	18	3.53293e+07		3.50696e+07	924659	3.58458e+07	1.2061e+06
P06610	BTUE_ECOLI	btuE	Vitamin B12 transport periplasmic protein BtuE	8	8	5.7994e+07	5.10241e+07	5.56885e+07	5.41212e+07	5.76751e+07	5.55244e+07
P06611	BTUD_ECOLI	btuD	Vitamin B12 import ATP-binding protein BtuD	2	2		2.05512e+06	2.10582e+06	2.25234e+06		2.11899e+06
P06612	TOP1_ECOLI	topA	DNA topoisomerase 1	26	26	2.86059e+07	2.823e+07	2.82096e+07	2.87394e+07	2.87377e+07	2.8393e+07
P06616	ERA_ECOLI	era	GTPase Era	8	8	8.22139e+06	9.54052e+06	8.01575e+06	9.28015e+06	8.39025e+06	9.61408e+06
P06709	BIRA_ECOLI	birA	Bifunctional protein BirA	6	6	5.63011e+06	6.261e+06	5.78043e+06	6.06216e+06	5.74668e+06	5.86078e+06
P06710	DPO3X_ECOLI	dnaX	DNA polymerase III subunit tau	8	8	5.64944e+06	6.20382e+06	5.91258e+06	5.84702e+06	5.64951e+06	5.93163e+06
P06715	GSHR_ECOLI	gor	Glutathione reductase	14	14	2.83342e+07	2.61633e+07	2.68301e+07	2.63803e+07	2.74138e+07	2.51471e+07
P06721	METC_ECOLI	metC	Cystathionine beta-lyase MetC	3	3	4.07148e+06	4.23754e+06	4.39132e+06	3.62335e+06	4.0479e+06	3.9754e+06
P06722	MUTH_ECOLI	mutH	DNA mismatch repair protein MutH	3	3	3.5427e+06	3.42378e+06	4.09472e+06	3.56636e+06	3.7368e+06	3.61468e+06
P06732ups|KCRM_HUMAN_UPS	Creatine	Creatine		17	17	4.90622e+07	2.06526e+06	4.68136e+07	2.51776e+06	4.53803e+07	2.03381e+06
P06846	EBGR_ECOLI	ebgR	HTH-type transcriptional regulator EbgR	8	8	4.22819e+06	4.74456e+06	5.0225e+06	5.20538e+06	5.0279e+06	4.90726e+06
P06959	ODP2_ECOLI	aceF	Dihydrolipoyllysine-residue acetyltransferase component of pyruvate dehydrogenase complex	39	39	3.11714e+08	3.16866e+08	3.12701e+08	3.19365e+08	3.14549e+08	3.17397e+08
P06961	CCA_ECOLI	cca	Multifunctional CCA protein	10	10	1.30605e+07	1.30103e+07	1.30213e+07	1.22233e+07	1.33099e+07	1.24264e+07
P06968	DUT_ECOLI	dut	Deoxyuridine 5'-triphosphate nucleotidohydrolase	3	3	8.68664e+07	8.49673e+07	8.32208e+07	8.58317e+07	8.83221e+07	8.54143e+07
P06971	FHUA_ECOLI	fhuA	Ferrichrome-iron receptor	17	17	7.79595e+07	7.68307e+07	7.64455e+07	7.85963e+07	7.98452e+07	7.4737e+07
P06974	FLIM_ECOLI	fliM	Flagellar motor switch protein FliM	7	7	1.82195e+07	1.92512e+07	1.79481e+07	1.84064e+07	1.87718e+07	1.88616e+07
P06983	HEM3_ECOLI	hemC	Porphobilinogen deaminase	14	14	5.38428e+07	5.98518e+07	5.72067e+07	5.89992e+07	5.5187e+07	6.07981e+07
P06986	HIS8_ECOLI	hisC	Histidinol-phosphate aminotransferase	9	9	1.28012e+07	1.30903e+07	1.35571e+07	1.26723e+07	1.36156e+07	1.27621e+07
P06987	HIS7_ECOLI	hisB	Histidine biosynthesis bifunctional protein HisB	9	9	4.4919e+06	4.57146e+06	4.60895e+06	4.48352e+06	4.47488e+06	4.44761e+06
P06988	HISX_ECOLI	hisD	Histidinol dehydrogenase	6	6	4.8197e+06	4.93169e+06	4.8833e+06	4.80352e+06	4.72607e+06	4.85369e+06
P06992	RSMA_ECOLI	rsmA	Ribosomal RNA small subunit methyltransferase A	4	4	1.52698e+08	1.52506e+08	1.59968e+08	1.42304e+08	1.58546e+08	1.50621e+08
P06993	MALT_ECOLI	malT	HTH-type transcriptional regulator MalT	2	2	4.00997e+06	4.53581e+06	4.81121e+06	3.66118e+06	5.26805e+06	4.58233e+06
P06996	OMPC_ECOLI	ompC	Outer membrane protein C	18	15	1.36594e+09	1.41614e+09	1.27896e+09	1.40688e+09	1.32772e+09	1.41464e+09
P06999	K6PF2_ECOLI	pfkB	6-phosphofructokinase isozyme 2	4	4	5.17881e+06	5.07346e+06	4.89498e+06	4.96041e+06	5.20337e+06	4.8253e+06
P07000	PLDB_ECOLI	pldB	Lysophospholipase L2	2	2	2.30692e+06	2.14537e+06	2.27165e+06	2.04402e+06	1.76714e+06	2.29089e+06
P07001	PNTA_ECOLI	pntA	NAD(P) transhydrogenase subunit alpha	10	10	2.24475e+07	2.26352e+07	2.34166e+07	2.39794e+07	2.22449e+07	2.4056e+07
P07003	POXB_ECOLI	poxB	Pyruvate dehydrogenase [ubiquinone]	9	9	1.14017e+07	1.24209e+07	1.1986e+07	1.15177e+07	1.20842e+07	1.20212e+07
P07004	PROA_ECOLI	proA	Gamma-glutamyl phosphate reductase	14	14	3.27923e+07	3.3605e+07	3.38474e+07	3.31963e+07	3.44412e+07	3.25101e+07
P07012	RF2_ECOLI	prfB	Peptide chain release factor 2	18	18	6.81471e+07	6.71764e+07	6.71604e+07	6.65869e+07	6.6986e+07	6.53929e+07
P07014	DHSB_ECOLI	sdhB	Succinate dehydrogenase iron-sulfur subunit	9	9	2.30017e+07	2.32482e+07	2.33899e+07	2.29138e+07	2.25605e+07	2.2671e+07
P07017	MCP2_ECOLI	tar	Methyl-accepting chemotaxis protein II	13	13	1.665e+07	1.66826e+07	1.63241e+07	1.64172e+07	1.7115e+07	1.66074e+07
P07021	YFIB_ECOLI	yfiB	Putative lipoprotein YfiB	4	4	4.70091e+06	4.79682e+06	4.89413e+06	4.3469e+06	4.89014e+06	4.35836e+06
P07023	TYRA_ECOLI	tyrA	T-protein	7	7	6.94138e+06	7.31786e+06	7.68024e+06	7.5072e+06	7.99617e+06	7.47881e+06
P07024	USHA_ECOLI	ushA	Protein UshA	13	13	2.44293e+07	2.38027e+07	2.41048e+07	2.41815e+07	2.41613e+07	2.38109e+07
P07026	SDIA_ECOLI	sdiA	Regulatory protein SdiA	1	1	5.76307e+06	5.80624e+06	5.49735e+06	5.34619e+06	5.58911e+06	5.66068e+06
P07117	PUTP_ECOLI	putP	Sodium/proline symporter	2	2	2.09268e+06		2.07952e+06	2.1124e+06	1.94451e+06	2.46848e+06
P07118	SYV_ECOLI	valS	Valine--tRNA ligase	47	47	1.22672e+08	1.21546e+08	1.25917e+08	1.17429e+08	1.25167e+08	1.21112e+08
P07330	CHEB_ECOLI	cheB	Chemotaxis response regulator protein-glutamate methylesterase	4	4	3.3653e+06	3.8205e+06	3.97235e+06	3.88628e+06	3.62941e+06	4.04952e+06
P07363	CHEA_ECOLI	cheA	Chemotaxis protein CheA	15	15	1.15026e+07	1.14897e+07	1.14394e+07	1.12572e+07	1.15234e+07	1.17531e+07
P07364	CHER_ECOLI	cheR	Chemotaxis protein methyltransferase	2	2	325813	406122			454844	286175
P07395	SYFB_ECOLI	pheT	Phenylalanine--tRNA ligase beta subunit	37	37	8.6966e+07	8.85374e+07	8.72667e+07	8.77218e+07	8.66174e+07	8.90734e+07
P07604	TYRR_ECOLI	tyrR	Transcriptional regulatory protein TyrR	13	13	7.74443e+06	8.74496e+06	8.67478e+06	8.25383e+06	7.58412e+06	8.68948e+06
P07639	AROB_ECOLI	aroB	3-dehydroquinate synthase	11	11	1.62465e+07	1.66057e+07	1.69244e+07	1.70953e+07	1.68111e+07	1.69606e+07
P07648	EX5C_ECOLI	recC	Exodeoxyribonuclease V gamma chain	5	5	1.2438e+06	1.64287e+06	1.31063e+06	1.40272e+06	1.44044e+06	1.30019e+06
P07649	TRUA_ECOLI	truA	tRNA pseudouridine synthase A	4	4	3.22138e+06	4.31118e+06	4.30741e+06	4.36295e+06	4.50845e+06	4.00608e+06
P07650	TYPH_ECOLI	deoA	Thymidine phosphorylase	24	24	3.27726e+07	3.40918e+07	3.34821e+07	3.40931e+07	3.37147e+07	3.35976e+07
P07658	FDHF_ECOLI	fdhF	Formate dehydrogenase H	12	12	4.71522e+06	4.51524e+06	4.58043e+06	4.58381e+06	4.73387e+06	4.72446e+06
P07762	GLGB_ECOLI	glgB	1,4-alpha-glucan branching enzyme GlgB	18	18	1.26891e+07	1.27849e+07	1.25261e+07	1.2697e+07	1.29473e+07	1.23555e+07
P07813	SYL_ECOLI	leuS	Leucine--tRNA ligase	32	32	1.07477e+08	1.05022e+08	1.08717e+08	1.02496e+08	1.08481e+08	1.03208e+08
P07821	FHUC_ECOLI	fhuC	Iron(3+)-hydroxamate import ATP-binding protein FhuC	1	1	2.22507e+06	2.90055e+06		2.61968e+06	3.07867e+06	
P07822	FHUD_ECOLI	fhuD	Iron(3+)-hydroxamate-binding protein FhuD	2	2	1.81375e+06	1.83758e+06	1.56188e+06	1.78073e+06	1.79566e+06	1.75477e+06
P07862	DDLB_ECOLI	ddlB	D-alanine--D-alanine ligase B	11	11	4.11961e+07	4.02649e+07	4.00365e+07	4.00327e+07	4.00727e+07	4.13709e+07
P07913	TDH_ECOLI	tdh	L-threonine 3-dehydrogenase	7	7	3.56663e+07	3.51699e+07	3.67775e+07	3.46791e+07	3.51145e+07	3.43914e+07
P08178	PUR5_ECOLI	purM	Phosphoribosylformylglycinamidine cyclo-ligase	3	3	6.81776e+06	6.23911e+06	6.58275e+06	6.07877e+06	6.62606e+06	6.4143e+06
P08179	PUR3_ECOLI	purN	Phosphoribosylglycinamide formyltransferase	3	3	5.20417e+06	4.08536e+06	6.22029e+06	5.27477e+06	5.74323e+06	5.51521e+06
P08189	FIMF_ECOLI	fimF	Protein FimF	1	1	1.78498e+06	2.28655e+06	1.52352e+06	2.08e+06	1.80108e+06	2.13463e+06
P08190	FIMG_ECOLI	fimG	Protein FimG	3	3	6.25057e+06	5.85426e+06	5.54979e+06	5.32657e+06	5.67088e+06	5.71364e+06
P08191	FIMH_ECOLI	fimH	Protein FimH	3	3	7.54801e+06	8.98491e+06	7.83922e+06	8.84003e+06	7.8335e+06	9.09938e+06
P08192	FOLC_ECOLI	folC	Bifunctional protein FolC	13	13	2.15693e+07	2.13331e+07	2.21421e+07	2.16962e+07	2.14538e+07	2.18731e+07
P08200	IDH_ECOLI	icd	Isocitrate dehydrogenase [NADP]	20	20	1.1243e+08	1.11916e+08	1.12383e+08	1.12394e+08	1.17581e+08	1.13828e+08
P08201	NIRB_ECOLI	nirB	Nitrite reductase [NAD(P)H] large subunit	20	20	2.57583e+07	2.58483e+07	2.59208e+07	2.62824e+07	2.61897e+07	2.66964e+07
P08244	PYRF_ECOLI	pyrF	Orotidine 5'-phosphate decarboxylase	6	6	5.98594e+07	6.36028e+07	6.42993e+07	6.51929e+07	6.23377e+07	6.4948e+07
P08245	YCIH_ECOLI	yciH	Uncharacterized protein YciH	2	2	1.05141e+07	1.03643e+07	1.04195e+07	1.03265e+07	9.49562e+06	9.97826e+06
P08263ups|GSTA1_HUMAN_UPS	Glutathione	Glutathione		13	13	4.98701e+07	1.87326e+06	4.8669e+07		4.89785e+07	1.7356e+06
P08312	SYFA_ECOLI	pheS	Phenylalanine--tRNA ligase alpha subunit	18	18	6.84372e+07	6.9722e+07	6.83102e+07	6.79483e+07	6.72702e+07	6.77572e+07
P08331	CPDB_ECOLI	cpdB	2',3'-cyclic-nucleotide 2'-phosphodiesterase/3'-nucleotidase	18	18	1.22014e+07	1.21162e+07	1.26437e+07	1.19608e+07	1.27646e+07	1.21799e+07
P08337	MUTT_ECOLI	mutT	8-oxo-dGTP diphosphatase	2	2	2.22476e+06	2.49939e+06	2.08299e+06	2.54951e+06	2.28027e+06	2.41344e+06
P08368	CREB_ECOLI	creB	Transcriptional regulatory protein CreB	1	1		787325			832312	
P08373	MURB_ECOLI	murB	UDP-N-acetylenolpyruvoylglucosamine reductase	5	5	9.06103e+06	8.2634e+06	8.85725e+06	8.39068e+06	8.68705e+06	8.51939e+06
P08390	USG_ECOLI	usg	USG-1 protein	9	9	1.99219e+07	2.20885e+07	2.10616e+07	2.20316e+07	2.18782e+07	2.18312e+07
P08395	SPPA_ECOLI	sppA	Protease 4	14	14	9.88513e+06	1.02768e+07	9.57897e+06	9.54979e+06	9.67765e+06	9.76102e+06
P08506	DACC_ECOLI	dacC	D-alanyl-D-alanine carboxypeptidase DacC	17	17	2.88238e+07	2.94738e+07	2.73691e+07	2.79336e+07	2.89287e+07	2.82414e+07
P08622	DNAJ_ECOLI	dnaJ	Chaperone protein DnaJ	15	15	3.34102e+07	3.26792e+07	3.30542e+07	3.26261e+07	3.28044e+07	3.21314e+07
P08660	AK3_ECOLI	lysC	Lysine-sensitive aspartokinase 3	12	12	3.09742e+07	3.06384e+07	3.3713e+07	3.00093e+07	3.26595e+07	3.0589e+07
P08758ups|ANXA5_HUMAN_UPS	Annexin	Annexin		16	16	6.71655e+07	1.98292e+06	6.37004e+07	1.15844e+06	6.31521e+07	2.16632e+06
P08839	PT1_ECOLI	ptsI	Phosphoenolpyruvate-protein phosphotransferase	33	33	3.19139e+08	3.21518e+08	3.13683e+08	3.18582e+08	3.18751e+08	3.14354e+08
P08956	T1RK_ECOLI	hsdR	Type I restriction enzyme EcoKI R protein	18	18	6.6886e+06	6.85837e+06	7.19525e+06	6.66782e+06	7.35678e+06	6.96751e+06
P08957	T1MK_ECOLI	hsdM	Type I restriction enzyme EcoKI M protein	22	22	5.06747e+07	5.03214e+07	5.09891e+07	5.04267e+07	5.02314e+07	5.11883e+07
P08997	MASY_ECOLI	aceB	Malate synthase A	2	2	9.33166e+06	9.38842e+06	9.46898e+06	9.06301e+06	8.00662e+06	9.60974e+06
P09029	PURK_ECOLI	purK	N5-carboxyaminoimidazole ribonucleotide synthase	2	2	3.4025e+06	3.24468e+06	3.51851e+06	3.01224e+06	3.59896e+06	3.29549e+06
P09030	EX3_ECOLI	xthA	Exodeoxyribonuclease III	12	12	2.43124e+07	2.49365e+07	2.52396e+07	2.43899e+07	2.52509e+07	2.4855e+07
P09053	AVTA_ECOLI	avtA	Valine--pyruvate aminotransferase	8	8	1.5027e+07	1.46192e+07	1.3199e+07	1.50545e+07	1.38807e+07	1.5657e+07
P09099	XYLB_ECOLI	xylB	Xylulose kinase	1	1						503689
P09126	HEM4_ECOLI	hemD	Uroporphyrinogen-III synthase	7	7	1.70471e+07	1.64907e+07	1.59875e+07	1.61448e+07	1.62578e+07	1.65301e+07
P09127	HEMX_ECOLI	hemX	Putative uroporphyrinogen-III C-methyltransferase	21	21	8.22064e+07	8.4583e+07	8.54981e+07	8.26593e+07	8.54404e+07	8.42439e+07
P09147	GALE_ECOLI	galE	UDP-glucose 4-epimerase	11	11	3.67405e+07	3.67451e+07	3.85897e+07	3.61869e+07	3.71738e+07	3.75773e+07
P09148	GAL7_ECOLI	galT	Galactose-1-phosphate uridylyltransferase	9	9	6.09916e+06	6.37406e+06	5.929e+06	5.96858e+06	5.97191e+06	5.67708e+06
P09152	NARG_ECOLI	narG	Respiratory nitrate reductase 1 alpha chain	26	20	1.7076e+07	1.68852e+07	1.66725e+07	1.66952e+07	1.7001e+07	1.69405e+07
P09155	RND_ECOLI	rnd	Ribonuclease D	11	11	8.99538e+06	8.80615e+06	7.75384e+06	8.87379e+06	8.78967e+06	8.28562e+06
P09158	SPEE_ECOLI	speE	Spermidine synthase	5	5	2.94153e+07	2.81449e+07	2.65094e+07	2.873e+07	2.85877e+07	2.79773e+07
P09169	OMPT_ECOLI	ompT	Protease 7	13	12	2.06435e+07	1.99118e+07	1.937e+07	1.97898e+07	2.02018e+07	2.05641e+07
P09211ups|GSTP1_HUMAN_UPS	Glutathione	Glutathione		6	6	4.36335e+07		4.37121e+07		4.43336e+07	
P09323	PTW3C_ECOLI	nagE	PTS system N-acetylglucosamine-specific EIICBA component	2	2	5.49117e+06	5.09293e+06	4.53721e+06	5.62494e+06	5.46799e+06	5.37612e+06
P09348	MOTA_ECOLI	motA	Motility protein A	3	3	1.85685e+06	2.16445e+06	1.92968e+06	1.84994e+06	1.93041e+06	2.0173e+06
P09372	GRPE_ECOLI	grpE	Protein GrpE	9	9	1.93428e+08	2.00726e+08	1.81302e+08	2.04605e+08	1.97835e+08	1.84923e+08
P09373	PFLB_ECOLI	pflB	Formate acetyltransferase 1	68	62	2.01796e+09	2.00314e+09	1.95762e+09	1.99595e+09	1.98488e+09	2.00231e+09
P09394	GLPQ_ECOLI	glpQ	Glycerophosphoryl diester phosphodiesterase	13	13	2.84642e+07	2.92143e+07	2.85805e+07	2.94072e+07	2.93636e+07	3.01406e+07
P09424	MTLD_ECOLI	mtlD	Mannitol-1-phosphate 5-dehydrogenase	8	8	2.47613e+07	2.34572e+07	2.46096e+07	2.24287e+07	2.36869e+07	2.25728e+07
P09546	PUTA_ECOLI	putA	Bifunctional protein PutA	11	11	2.52857e+07	2.56031e+07	2.45192e+07	2.3094e+07	2.59216e+07	2.39642e+07
P09549	DEDD_ECOLI	dedD	Protein DedD	5	5	1.14422e+07	1.17393e+07	1.15595e+07	1.17607e+07	1.11271e+07	1.19502e+07
P09831	GLTB_ECOLI	gltB	Glutamate synthase [NADPH] large chain	40	40	1.159e+07	1.18261e+07	1.18889e+07	1.18445e+07	1.21501e+07	1.15793e+07
P09832	GLTD_ECOLI	gltD	Glutamate synthase [NADPH] small chain	7	7	2.67756e+07	2.63965e+07	2.75461e+07	2.67664e+07	2.63701e+07	2.64707e+07
P09996	YIDB_ECOLI	yidB	Uncharacterized protein YidB	2	2	495184	499838	519388	428658	446469	620273
P0A698	UVRA_ECOLI	uvrA	UvrABC system protein A	24	24	1.39032e+07	1.42325e+07	1.45508e+07	1.47161e+07	1.43288e+07	1.4582e+07
P0A6A0	UBIB_ECOLI	ubiB	Probable ubiquinone biosynthesis protein UbiB	6	6	4.4678e+06	4.7705e+06	4.88973e+06	4.62143e+06	4.33664e+06	4.51396e+06
P0A6A3	ACKA_ECOLI	ackA	Acetate kinase	15	15	9.493e+08	8.94111e+08	9.57172e+08	9.18949e+08	9.17642e+08	8.99121e+08
P0A6A8	ACP_ECOLI	acpP	Acyl carrier protein	3	3	1.17765e+09	1.21575e+09	1.09723e+09	1.20583e+09	1.11002e+09	1.17906e+09
P0A6B4	ALR1_ECOLI	alr	Alanine racemase, biosynthetic	11	11	1.17087e+07	1.24313e+07	1.27137e+07	1.22654e+07	1.29974e+07	1.2104e+07
P0A6B7	ISCS_ECOLI	iscS	Cysteine desulfurase	22	22	1.04528e+08	1.06459e+08	1.04482e+08	1.05246e+08	1.05026e+08	1.05273e+08
P0A6C1	END4_ECOLI	nfo	Endonuclease 4	7	7	1.05772e+07	1.03922e+07	1.00206e+07	1.05669e+07	1.00377e+07	1.04122e+07
P0A6D0	ARGR_ECOLI	argR	Arginine repressor	1	1	1.50573e+07	1.401e+07	1.38843e+07	1.34158e+07	1.47116e+07	1.41311e+07
P0A6D3	AROA_ECOLI	aroA	3-phosphoshikimate 1-carboxyvinyltransferase	9	9	2.7602e+07	2.80847e+07	2.9554e+07	2.82284e+07	2.93563e+07	2.8203e+07
P0A6D7	AROK_ECOLI	aroK	Shikimate kinase 1	12	12	1.03111e+08	1.06107e+08	1.0251e+08	1.02304e+08	1.03232e+08	1.01042e+08
P0A6E4	ASSY_ECOLI	argG	Argininosuccinate synthase	13	13	9.24837e+06	9.05128e+06	9.65552e+06	8.6457e+06	1.01108e+07	8.86232e+06
P0A6E6	ATPE_ECOLI	atpC	ATP synthase epsilon chain	4	4	5.99517e+07	6.49246e+07	5.88269e+07	6.03362e+07	5.96186e+07	5.90995e+07
P0A6E9	BIOD2_ECOLI	bioD2	ATP-dependent dethiobiotin synthetase BioD 2	8	8	3.45397e+07	3.38156e+07	3.57438e+07	3.47323e+07	3.45108e+07	3.72309e+07
P0A6F1	CARA_ECOLI	carA	Carbamoyl-phosphate synthase small chain	13	13	4.70265e+07	4.44405e+07	4.44517e+07	4.48272e+07	4.49936e+07	4.28868e+07
P0A6F3	GLPK_ECOLI	glpK	Glycerol kinase	20	20	1.69402e+07	1.72969e+07	1.69934e+07	1.68287e+07	1.68395e+07	1.69713e+07
P0A6F5	CH60_ECOLI	groL	60 kDa chaperonin	36	36	6.92277e+08	6.74556e+08	6.73762e+08	6.73625e+08	6.67299e+08	6.66959e+08
P0A6F9	CH10_ECOLI	groS	10 kDa chaperonin	8	8	6.54307e+08	7.65244e+08	6.76243e+08	7.68434e+08	6.41269e+08	7.61062e+08
P0A6G3	PNCC_ECOLI	pncC	Nicotinamide-nucleotide amidohydrolase PncC	3	3	2.13816e+07	2.03073e+07	2.12153e+07	1.99337e+07	1.91977e+07	2.04547e+07
P0A6G7	CLPP_ECOLI	clpP	ATP-dependent Clp protease proteolytic subunit	6	6	1.49362e+08	1.4183e+08	1.49915e+08	1.42014e+08	1.49419e+08	1.40703e+08
P0A6H1	CLPX_ECOLI	clpX	ATP-dependent Clp protease ATP-binding subunit ClpX	22	22	9.55947e+07	9.21361e+07	9.64241e+07	9.48054e+07	9.42266e+07	9.38423e+07
P0A6H5	HSLU_ECOLI	hslU	ATP-dependent protease ATPase subunit HslU	29	29	8.56767e+07	8.95654e+07	8.67423e+07	8.81527e+07	8.66889e+07	8.71185e+07
P0A6H8	CLS_ECOLI	cls	Cardiolipin synthase	2	2	1.57439e+06	1.32792e+06	1.53171e+06	1.53538e+06	1.42544e+06	1.68692e+06
P0A6I0	KCY_ECOLI	cmk	Cytidylate kinase	13	13	5.16535e+07	5.01364e+07	4.92227e+07	5.23079e+07	5.03981e+07	4.98334e+07
P0A6I3	COAA_ECOLI	coaA	Pantothenate kinase	12	12	1.56481e+07	1.64174e+07	1.57707e+07	1.71916e+07	1.59362e+07	1.62234e+07
P0A6I6	COAD_ECOLI	coaD	Phosphopantetheine adenylyltransferase	4	4	5.20815e+06	5.91591e+06	4.56716e+06	6.08554e+06	5.11934e+06	5.69421e+06
P0A6I9	COAE_ECOLI	coaE	Dephospho-CoA kinase	3	3	8.53234e+06	8.5646e+06	1.01524e+07	9.41523e+06	8.96853e+06	9.13588e+06
P0A6J1	CYSC_ECOLI	cysC	Adenylyl-sulfate kinase	3	3	5.35932e+06	6.00838e+06	5.32521e+06	6.05206e+06	6.14722e+06	6.15187e+06
P0A6J5	DADA_ECOLI	dadA	D-amino acid dehydrogenase small subunit	4	4	1.49091e+06	1.71458e+06	1.65271e+06	1.64088e+06	1.6156e+06	1.61928e+06
P0A6J8	DDLA_ECOLI	ddlA	D-alanine--D-alanine ligase A	17	17	7.28397e+07	7.22368e+07	7.42484e+07	7.26553e+07	7.37938e+07	7.04114e+07
P0A6K1	DAPF_ECOLI	dapF	Diaminopimelate epimerase	3	3	989986	977181	1.07417e+06		1.02335e+06	893372
P0A6K3	DEF_ECOLI	def	Peptide deformylase	6	6	9.8562e+07	1.0638e+08	1.02247e+08	1.02938e+08	1.03175e+08	1.0207e+08
P0A6K6	DEOB_ECOLI	deoB	Phosphopentomutase	21	21	1.42068e+08	1.42307e+08	1.43355e+08	1.41158e+08	1.38965e+08	1.44203e+08
P0A6L0	DEOC_ECOLI	deoC	Deoxyribose-phosphate aldolase	10	10	9.9985e+07	1.00852e+08	1.00159e+08	9.91693e+07	1.0065e+08	1.01216e+08
P0A6L2	DAPA_ECOLI	dapA	4-hydroxy-tetrahydrodipicolinate synthase	10	10	1.68327e+08	1.60404e+08	1.67909e+08	1.61723e+08	1.61966e+08	1.61163e+08
P0A6L7	UXAB_ECOLI	uxaB	Altronate oxidoreductase	6	6	9.5238e+06	8.73791e+06	1.01761e+07	9.90089e+06	8.66935e+06	9.19947e+06
P0A6L9	HSCB_ECOLI	hscB	Co-chaperone protein HscB	4	4	2.22732e+07	2.37414e+07	2.30906e+07	2.29127e+07	2.25498e+07	2.33147e+07
P0A6M4	DTD_ECOLI	dtd	D-tyrosyl-tRNA(Tyr) deacylase	3	3	1.47189e+07	1.4864e+07	1.4605e+07	1.47144e+07	1.37001e+07	1.42871e+07
P0A6M8	EFG_ECOLI	fusA	Elongation factor G	42	42	8.24064e+08	8.18733e+08	8.14224e+08	8.13627e+08	8.0549e+08	8.15401e+08
P0A6N4	EFP_ECOLI	efp	Elongation factor P	5	5	5.71971e+08	6.35366e+08	6.08317e+08	5.95392e+08	6.00395e+08	6.13971e+08
P0A6N8	EFPL_ECOLI	yeiP	Elongation factor P-like protein	5	5	8.86801e+07	8.54273e+07	8.39021e+07	8.60392e+07	8.2518e+07	8.50064e+07
P0A6P1	EFTS_ECOLI	tsf	Elongation factor Ts	27	27	1.66027e+09	1.64911e+09	1.60479e+09	1.66101e+09	1.60107e+09	1.65978e+09
P0A6P5	DER_ECOLI	der	GTPase Der	20	20	3.1661e+07	3.1334e+07	3.3446e+07	3.09359e+07	3.15386e+07	3.14207e+07
P0A6P7	ENGB_ECOLI	engB	Probable GTP-binding protein EngB	9	9	6.77347e+07	6.86188e+07	6.84827e+07	6.71086e+07	6.59713e+07	6.84181e+07
P0A6P9	ENO_ECOLI	eno	Enolase	25	25	1.24989e+09	1.29539e+09	1.26881e+09	1.28038e+09	1.21209e+09	1.28615e+09
P0A6Q3	FABA_ECOLI	fabA	3-hydroxydecanoyl-[acyl-carrier-protein] dehydratase	10	10	8.65627e+07	8.62829e+07	8.79471e+07	8.28172e+07	8.67356e+07	8.45304e+07
P0A6Q6	FABZ_ECOLI	fabZ	3-hydroxyacyl-[acyl-carrier-protein] dehydratase FabZ	7	7	1.10169e+08	1.0214e+08	1.09995e+08	1.03684e+08	1.10686e+08	1.01852e+08
P0A6R0	FABH_ECOLI	fabH	3-oxoacyl-[acyl-carrier-protein] synthase 3	8	8	8.19292e+07	7.81407e+07	8.39624e+07	8.01294e+07	8.32914e+07	7.99109e+07
P0A6R3	FIS_ECOLI	fis	DNA-binding protein fis	2	2	5.16694e+07	5.38614e+07	4.52574e+07	4.87482e+07	5.04815e+07	4.98087e+07
P0A6S0	FLGH_ECOLI	flgH	Flagellar L-ring protein	6	6	6.33562e+06	6.57473e+06	6.57676e+06	6.89688e+06	6.93686e+06	7.24473e+06
P0A6S7	GPDA_ECOLI	gpsA	Glycerol-3-phosphate dehydrogenase [NAD(P)+]	6	6	2.47369e+07	2.36533e+07	2.62023e+07	2.38967e+07	2.59495e+07	2.53527e+07
P0A6T1	G6PI_ECOLI	pgi	Glucose-6-phosphate isomerase	26	26	2.78743e+08	2.79572e+08	2.71839e+08	2.78807e+08	2.76984e+08	2.7182e+08
P0A6T3	GAL1_ECOLI	galK	Galactokinase	7	7	1.75653e+07	1.82263e+07	1.80101e+07	1.83237e+07	1.7695e+07	1.84701e+07
P0A6T5	GCH1_ECOLI	folE	GTP cyclohydrolase 1	6	6	2.56264e+07	2.40869e+07	2.49225e+07	2.39058e+07	2.54261e+07	2.45164e+07
P0A6T9	GCSH_ECOLI	gcvH	Glycine cleavage system H protein	3	3	1.54544e+07	1.36803e+07	1.53912e+07	1.44276e+07	1.58253e+07	1.49495e+07
P0A6U3	MNMG_ECOLI	mnmG	tRNA uridine 5-carboxymethylaminomethyl modification enzyme MnmG	19	19	2.38534e+07	2.36099e+07	2.37053e+07	2.46113e+07	2.39935e+07	2.39888e+07
P0A6U5	RSMG_ECOLI	rsmG	Ribosomal RNA small subunit methyltransferase G	5	5	1.76962e+07	1.89265e+07	1.80985e+07	1.82589e+07	1.918e+07	1.84228e+07
P0A6U8	GLGA_ECOLI	glgA	Glycogen synthase	12	12	1.34539e+07	1.35354e+07	1.43183e+07	1.37182e+07	1.36368e+07	1.35512e+07
P0A6V1	GLGC_ECOLI	glgC	Glucose-1-phosphate adenylyltransferase	11	11	3.14777e+07	3.34034e+07	3.07382e+07	3.37446e+07	3.23092e+07	3.35677e+07
P0A6V8	GLK_ECOLI	glk	Glucokinase	8	8	5.35358e+07	5.28113e+07	5.46498e+07	5.34415e+07	5.39047e+07	5.42241e+07
P0A6W0	GLSA2_ECOLI	glsA2	Glutaminase 2	4	4	2.09782e+06	2.12409e+06	2.05055e+06	1.93208e+06	2.12421e+06	2.03409e+06
P0A6W3	MRAY_ECOLI	mraY	Phospho-N-acetylmuramoyl-pentapeptide-transferase	2	2	4.27975e+06	4.29883e+06	4.92856e+06	4.78348e+06	4.42462e+06	4.50348e+06
P0A6W5	GREA_ECOLI	greA	Transcription elongation factor GreA	12	12	1.13621e+08	1.18043e+08	1.15133e+08	1.17892e+08	1.13253e+08	1.17229e+08
P0A6W9	GSH1_ECOLI	gshA	Glutamate--cysteine ligase	11	11	2.72177e+07	2.68823e+07	2.62544e+07	2.66701e+07	2.73409e+07	2.68563e+07
P0A6X3	HFQ_ECOLI	hfq	Protein hfq	2	2	8.11376e+06	7.72918e+06	7.29222e+06	7.91612e+06	7.75386e+06	8.47554e+06
P0A6X7	IHFA_ECOLI	ihfA	Integration host factor subunit alpha	8	8	2.22594e+08	2.10636e+08	2.22065e+08	2.11425e+08	2.2289e+08	2.16976e+08
P0A6Y1	IHFB_ECOLI	ihfB	Integration host factor subunit beta	3	3	6.12425e+07	5.85412e+07	5.77489e+07	5.82743e+07	6.09408e+07	5.96293e+07
P0A6Y5	HSLO_ECOLI	hslO	33 kDa chaperonin	5	5	4.50401e+07	4.46438e+07	4.42974e+07	4.51842e+07	4.69799e+07	4.39956e+07
P0A6Y8	DNAK_ECOLI	dnaK	Chaperone protein DnaK	44	44	4.2204e+08	4.08985e+08	4.03651e+08	4.18183e+08	4.05139e+08	4.16777e+08
P0A6Z1	HSCA_ECOLI	hscA	Chaperone protein HscA	18	18	2.77027e+07	2.70603e+07	2.81181e+07	2.72837e+07	2.76835e+07	2.81076e+07
P0A6Z3	HTPG_ECOLI	htpG	Chaperone protein HtpG	41	41	1.3422e+08	1.33728e+08	1.32695e+08	1.30349e+08	1.31068e+08	1.33922e+08
P0A6Z6	NIKR_ECOLI	nikR	Nickel-responsive regulator	4	4	7.9873e+06	8.68931e+06	8.28744e+06	7.88402e+06	8.5698e+06	8.88262e+06
P0A705	IF2_ECOLI	infB	Translation initiation factor IF-2	38	38	9.26949e+07	9.88883e+07	9.3517e+07	9.81235e+07	9.32706e+07	9.64411e+07
P0A707	IF3_ECOLI	infC	Translation initiation factor IF-3	6	6	3.29547e+08	3.22715e+08	3.26552e+08	3.17125e+08	2.97441e+08	3.20073e+08
P0A715	KDSA_ECOLI	kdsA	2-dehydro-3-deoxyphosphooctonate aldolase	18	18	1.93278e+08	1.80984e+08	1.81605e+08	1.90609e+08	1.84677e+08	1.84309e+08
P0A717	KPRS_ECOLI	prs	Ribose-phosphate pyrophosphokinase	14	14	2.44857e+08	2.44055e+08	2.48699e+08	2.49523e+08	2.2575e+08	2.46787e+08
P0A720	KTHY_ECOLI	tmk	Thymidylate kinase	10	10	1.23265e+07	1.19781e+07	1.35624e+07	1.25983e+07	1.23662e+07	1.22864e+07
P0A722	LPXA_ECOLI	lpxA	Acyl-[acyl-carrier-protein]--UDP-N-acetylglucosamine O-acyltransferase	7	7	5.74733e+07	5.86714e+07	5.81173e+07	5.6974e+07	5.77621e+07	5.64992e+07
P0A725	LPXC_ECOLI	lpxC	UDP-3-O-[3-hydroxymyristoyl] N-acetylglucosamine deacetylase	3	3	2.90918e+06	2.07594e+06	3.02948e+06	2.55921e+06	3.13129e+06	2.67418e+06
P0A729	YCEF_ECOLI	yceF	Maf-like protein YceF	5	5	8.41772e+06	8.13272e+06	8.06436e+06	7.73757e+06	7.72208e+06	8.42051e+06
P0A731	MGSA_ECOLI	mgsA	Methylglyoxal synthase	2	2	3.48974e+07	3.07241e+07	3.16073e+07	3.37487e+07	3.38098e+07	3.35292e+07
P0A734	MINE_ECOLI	minE	Cell division topological specificity factor	10	10	8.8161e+07	9.86092e+07	9.24127e+07	9.21628e+07	9.31167e+07	9.38481e+07
P0A738	MOAC_ECOLI	moaC	Cyclic pyranopterin monophosphate synthase accessory protein	3	3	5.15642e+06	6.1646e+06	5.99235e+06	5.90128e+06	6.17741e+06	6.06732e+06
P0A744	MSRA_ECOLI	msrA	Peptide methionine sulfoxide reductase MsrA	3	3	3.69023e+07	3.49006e+07	3.1616e+07	3.46877e+07	3.63456e+07	3.4632e+07
P0A746	MSRB_ECOLI	msrB	Peptide methionine sulfoxide reductase MsrB	1	1	3.70926e+06	4.70873e+06	3.77233e+06	4.4536e+06	3.97413e+06	3.63887e+06
P0A749	MURA_ECOLI	murA	UDP-N-acetylglucosamine 1-carboxyvinyltransferase	13	13	4.5154e+07	4.58537e+07	4.60593e+07	4.67563e+07	4.72894e+07	4.52468e+07
P0A752	NADD_ECOLI	nadD	Nicotinate-nucleotide adenylyltransferase	1	1	3.0554e+06	3.02172e+06	2.64045e+06	2.41399e+06	2.79242e+06	2.35163e+06
P0A759	NAGB_ECOLI	nagB	Glucosamine-6-phosphate deaminase	4	4	3.64666e+07	3.5172e+07	3.4434e+07	3.51226e+07	3.60351e+07	3.40696e+07
P0A763	NDK_ECOLI	ndk	Nucleoside diphosphate kinase	6	6	6.34847e+07	6.84619e+07	6.28133e+07	7.04266e+07	6.61493e+07	6.96598e+07
P0A776	RPPH_ECOLI	rppH	RNA pyrophosphohydrolase	2	2	1.2357e+06	1.40513e+06	1.10827e+06	1.15517e+06	1.44057e+06	1.33256e+06
P0A780	NUSB_ECOLI	nusB	N utilization substance protein B	8	8	1.21763e+08	1.1651e+08	1.2446e+08	1.17899e+08	1.19933e+08	1.1726e+08
P0A784	ORN_ECOLI	orn	Oligoribonuclease	7	7	1.94741e+07	2.05099e+07	1.95809e+07	1.93737e+07	1.93767e+07	1.98058e+07
P0A786	PYRB_ECOLI	pyrB	Aspartate carbamoyltransferase catalytic chain	11	11	8.74149e+06	8.82259e+06	8.15925e+06	8.88111e+06	9.18648e+06	9.04272e+06
P0A790	PAND_ECOLI	panD	Aspartate 1-decarboxylase	2	2	5.28882e+07	5.17675e+07	4.69762e+07	4.953e+07	5.07374e+07	4.94849e+07
P0A794	PDXJ_ECOLI	pdxJ	Pyridoxine 5'-phosphate synthase	8	8	3.81857e+07	4.36434e+07	3.90841e+07	4.19132e+07	4.14675e+07	4.06286e+07
P0A796	K6PF1_ECOLI	pfkA	6-phosphofructokinase isozyme 1	15	15	1.90438e+08	1.96651e+08	1.95881e+08	1.87382e+08	1.90383e+08	1.92135e+08
P0A799	PGK_ECOLI	pgk	Phosphoglycerate kinase	27	27	1.75626e+09	1.71154e+09	1.65447e+09	1.76609e+09	1.67042e+09	1.73314e+09
P0A7A2	GPMB_ECOLI	gpmB	Probable phosphoglycerate mutase GpmB	5	5	1.25918e+07	1.17898e+07	1.26137e+07	1.28881e+07	1.30748e+07	1.15866e+07
P0A7A5	PIMT_ECOLI	pcm	Protein-L-isoaspartate O-methyltransferase	7	7	1.97353e+06	1.63668e+06	1.79823e+06	1.62882e+06	1.88938e+06	1.87547e+06
P0A7A7	PLSB_ECOLI	plsB	Glycerol-3-phosphate acyltransferase	18	18	1.69178e+07	1.74572e+07	1.78326e+07	1.7066e+07	1.77438e+07	1.72403e+07
P0A7A9	IPYR_ECOLI	ppa	Inorganic pyrophosphatase	9	9	4.90872e+08	4.4815e+08	4.89315e+08	4.49579e+08	4.80477e+08	4.58656e+08
P0A7B1	PPK_ECOLI	ppk	Polyphosphate kinase	13	13	5.13465e+06	4.55015e+06	4.52873e+06	4.6381e+06	4.81747e+06	4.87402e+06
P0A7B5	PROB_ECOLI	proB	Glutamate 5-kinase	13	13	2.22243e+07	2.21978e+07	2.21394e+07	2.24966e+07	2.19282e+07	2.23389e+07
P0A7B8	HSLV_ECOLI	hslV	ATP-dependent protease subunit HslV	7	7	9.8018e+07	9.5826e+07	1.07593e+08	8.99151e+07	9.74818e+07	9.60918e+07
P0A7C2	LEXA_ECOLI	lexA	LexA repressor	8	8	2.95903e+07	2.92369e+07	3.05652e+07	3.04329e+07	3.0366e+07	3.03245e+07
P0A7C6	PEPE_ECOLI	pepE	Peptidase E	10	10	4.00434e+07	4.07027e+07	4.24092e+07	4.08421e+07	4.14487e+07	4.05912e+07
P0A7D1	PTH_ECOLI	pth	Peptidyl-tRNA hydrolase	9	9	2.99922e+07	3.05851e+07	3.12389e+07	3.07214e+07	3.08583e+07	3.2063e+07
P0A7D4	PURA_ECOLI	purA	Adenylosuccinate synthetase	26	26	1.635e+08	1.60907e+08	1.62055e+08	1.60047e+08	1.61795e+08	1.61578e+08
P0A7D7	PUR7_ECOLI	purC	Phosphoribosylaminoimidazole-succinocarboxamide synthase	13	13	6.13388e+07	5.62376e+07	5.91682e+07	5.78125e+07	5.8815e+07	5.81158e+07
P0A7E1	PYRD_ECOLI	pyrD	Dihydroorotate dehydrogenase (quinone)	17	17	2.79771e+07	2.83169e+07	2.83567e+07	2.90947e+07	2.78553e+07	2.67384e+07
P0A7E3	PYRE_ECOLI	pyrE	Orotate phosphoribosyltransferase	11	11	3.3595e+07	3.33855e+07	3.29662e+07	3.32357e+07	3.37427e+07	3.28995e+07
P0A7E5	PYRG_ECOLI	pyrG	CTP synthase	22	22	8.44249e+07	8.92447e+07	8.70443e+07	8.53878e+07	8.87133e+07	8.6295e+07
P0A7E9	PYRH_ECOLI	pyrH	Uridylate kinase	8	8	3.01052e+07	3.02053e+07	3.08954e+07	2.95459e+07	3.16927e+07	2.95127e+07
P0A7F3	PYRI_ECOLI	pyrI	Aspartate carbamoyltransferase regulatory chain	8	8	1.40075e+07	1.3407e+07	1.50762e+07	1.34675e+07	1.50027e+07	1.34271e+07
P0A7F6	SPED_ECOLI	speD	S-adenosylmethionine decarboxylase proenzyme	4	4	1.8834e+07	1.9558e+07	2.00247e+07	1.75954e+07	2.03961e+07	1.86254e+07
P0A7F9	QUEA_ECOLI	queA	S-adenosylmethionine:tRNA ribosyltransferase-isomerase	7	7	1.58712e+07	1.69468e+07	1.79891e+07	1.55952e+07	1.63582e+07	1.5478e+07
P0A7G2	RBFA_ECOLI	rbfA	Ribosome-binding factor A	7	7	1.08647e+08	1.10769e+08	1.10057e+08	1.11083e+08	1.08588e+08	1.10127e+08
P0A7G6	RECA_ECOLI	recA	Protein RecA	12	12	7.79117e+07	8.24963e+07	8.13368e+07	8.13796e+07	7.95992e+07	8.02599e+07
P0A7H6	RECR_ECOLI	recR	Recombination protein RecR	1	1	1.29996e+07	1.59382e+07	1.30837e+07	9.52566e+06	1.46756e+07	9.31286e+06
P0A7I0	RF1_ECOLI	prfA	Peptide chain release factor 1	10	10	2.34336e+07	2.33139e+07	2.39124e+07	2.32117e+07	2.39082e+07	2.27949e+07
P0A7I4	RF3_ECOLI	prfC	Peptide chain release factor 3	19	19	3.49267e+07	3.50534e+07	3.55679e+07	3.40163e+07	3.59721e+07	3.44409e+07
P0A7I7	RIBA_ECOLI	ribA	GTP cyclohydrolase-2	7	7	4.00937e+07	3.76274e+07	4.23061e+07	3.92386e+07	3.9682e+07	4.05955e+07
P0A7J0	RIBB_ECOLI	ribB	3,4-dihydroxy-2-butanone 4-phosphate synthase	5	5	9.01402e+07	8.71324e+07	8.97439e+07	8.40679e+07	9.00717e+07	8.5144e+07
P0A7J3	RL10_ECOLI	rplJ	50S ribosomal protein L10	10	10	2.23916e+09	2.27391e+09	2.27221e+09	2.23012e+09	2.22922e+09	2.2641e+09
P0A7J7	RL11_ECOLI	rplK	50S ribosomal protein L11	9	9	1.03451e+09	1.08408e+09	1.09503e+09	1.07915e+09	1.06172e+09	1.0641e+09
P0A7K2	RL7_ECOLI	rplL	50S ribosomal protein L7/L12	13	13	2.74563e+09	2.56426e+09	2.89219e+09	2.59313e+09	2.70181e+09	2.54396e+09
P0A7K6	RL19_ECOLI	rplS	50S ribosomal protein L19	11	11	7.25284e+08	7.61931e+08	6.87032e+08	7.17628e+08	7.15672e+08	7.31191e+08
P0A7L0	RL1_ECOLI	rplA	50S ribosomal protein L1	15	15	1.59471e+09	1.60752e+09	1.71672e+09	1.60709e+09	1.59585e+09	1.63207e+09
P0A7L3	RL20_ECOLI	rplT	50S ribosomal protein L20	7	7	7.04354e+08	7.02595e+08	7.2004e+08	6.91032e+08	6.94381e+08	6.90618e+08
P0A7L8	RL27_ECOLI	rpmA	50S ribosomal protein L27	5	5	7.35858e+08	7.54736e+08	7.65683e+08	7.50506e+08	7.07404e+08	7.80105e+08
P0A7M2	RL28_ECOLI	rpmB	50S ribosomal protein L28	6	6	9.80648e+08	9.73484e+08	9.97007e+08	9.45556e+08	9.34786e+08	9.51757e+08
P0A7M6	RL29_ECOLI	rpmC	50S ribosomal protein L29	5	5	4.29272e+08	3.59394e+08	4.39348e+08	3.62192e+08	4.43112e+08	3.64962e+08
P0A7M9	RL31_ECOLI	rpmE	50S ribosomal protein L31	2	2	1.42596e+08	1.36863e+08	1.4295e+08	1.3942e+08	1.44447e+08	1.41415e+08
P0A7N4	RL32_ECOLI	rpmF	50S ribosomal protein L32	4	4	4.96114e+08	5.18636e+08	4.73599e+08	5.02761e+08	4.79718e+08	5.07271e+08
P0A7N9	RL33_ECOLI	rpmG	50S ribosomal protein L33	3	3	5.05445e+08	5.60397e+08	4.97212e+08	5.57216e+08	4.92404e+08	5.21574e+08
P0A7P5	RL34_ECOLI	rpmH	50S ribosomal protein L34	2	2	1.11317e+08	1.10853e+08	1.17675e+08	1.11283e+08	1.06532e+08	1.10537e+08
P0A7R1	RL9_ECOLI	rplI	50S ribosomal protein L9	19	19	1.65543e+09	1.64742e+09	1.56258e+09	1.62362e+09	1.5565e+09	1.64775e+09
P0A7R5	RS10_ECOLI	rpsJ	30S ribosomal protein S10	11	11	1.54144e+09	1.48018e+09	1.46783e+09	1.51482e+09	1.48523e+09	1.54712e+09
P0A7R9	RS11_ECOLI	rpsK	30S ribosomal protein S11	7	7	5.41845e+08	5.65393e+08	5.4725e+08	5.73668e+08	5.49942e+08	5.61536e+08
P0A7S3	RS12_ECOLI	rpsL	30S ribosomal protein S12	3	3	3.6519e+08	4.68618e+08	3.29265e+08	4.55371e+08	3.35696e+08	4.48681e+08
P0A7S9	RS13_ECOLI	rpsM	30S ribosomal protein S13	12	12	5.12561e+08	5.18243e+08	5.31833e+08	5.18972e+08	5.27218e+08	5.14245e+08
P0A7T3	RS16_ECOLI	rpsP	30S ribosomal protein S16	9	9	8.39392e+08	8.35217e+08	8.08809e+08	8.23691e+08	8.1175e+08	8.35552e+08
P0A7T7	RS18_ECOLI	rpsR	30S ribosomal protein S18	6	6	6.43736e+08	6.18532e+08	6.25169e+08	5.9035e+08	5.74459e+08	5.94739e+08
P0A7U3	RS19_ECOLI	rpsS	30S ribosomal protein S19	7	7	7.78478e+08	9.01903e+08	7.69257e+08	8.75186e+08	7.61265e+08	8.79942e+08
P0A7U7	RS20_ECOLI	rpsT	30S ribosomal protein S20	6	6	3.42087e+08	3.55003e+08	3.43737e+08	3.55718e+08	3.36676e+08	3.56882e+08
P0A7V0	RS2_ECOLI	rpsB	30S ribosomal protein S2	18	18	7.4486e+08	7.46275e+08	7.61347e+08	7.41833e+08	7.24688e+08	7.327e+08
P0A7V3	RS3_ECOLI	rpsC	30S ribosomal protein S3	18	18	9.6133e+08	9.3088e+08	9.43582e+08	9.3781e+08	9.27042e+08	9.36846e+08
P0A7V8	RS4_ECOLI	rpsD	30S ribosomal protein S4	15	15	1.07004e+09	9.51355e+08	1.03817e+09	1.00414e+09	9.7371e+08	1.03769e+09
P0A7W1	RS5_ECOLI	rpsE	30S ribosomal protein S5	14	14	1.02349e+09	1.1723e+09	9.64414e+08	1.11336e+09	9.31345e+08	1.13514e+09
P0A7W7	RS8_ECOLI	rpsH	30S ribosomal protein S8	6	6	2.72619e+08	3.1034e+08	2.77965e+08	2.81312e+08	2.77014e+08	2.81202e+08
P0A7X3	RS9_ECOLI	rpsI	30S ribosomal protein S9	7	7	6.14769e+08	6.44972e+08	5.98928e+08	6.28666e+08	6.07828e+08	6.49524e+08
P0A7X6	RIMM_ECOLI	rimM	Ribosome maturation factor RimM	10	10	3.85333e+07	3.74683e+07	3.63226e+07	3.64137e+07	3.95652e+07	3.77919e+07
P0A7Y0	RNC_ECOLI	rnc	Ribonuclease 3	9	9	3.76647e+07	3.92688e+07	3.69445e+07	3.72207e+07	3.82513e+07	3.70848e+07
P0A7Y4	RNH_ECOLI	rnhA	Ribonuclease HI	1	1	3.35918e+06	2.26254e+06	3.42617e+06	2.37165e+06	2.82724e+06	2.53396e+06
P0A7Y8	RNPA_ECOLI	rnpA	Ribonuclease P protein component	4	4	5.75417e+06	6.86652e+06	5.94495e+06	6.66361e+06	6.96288e+06	6.9617e+06
P0A7Z0	RPIA_ECOLI	rpiA	Ribose-5-phosphate isomerase A	8	8	1.06171e+08	1.05762e+08	1.03951e+08	1.04658e+08	1.03997e+08	1.01327e+08
P0A7Z4	RPOA_ECOLI	rpoA	DNA-directed RNA polymerase subunit alpha	19	19	5.46421e+08	5.57313e+08	5.36343e+08	5.58987e+08	5.30202e+08	5.58119e+08
P0A800	RPOZ_ECOLI	rpoZ	DNA-directed RNA polymerase subunit omega	9	9	2.65309e+08	2.64327e+08	2.59515e+08	2.65907e+08	2.48855e+08	2.65344e+08
P0A805	RRF_ECOLI	frr	Ribosome-recycling factor	10	10	1.37414e+08	1.24249e+08	1.19319e+08	1.32345e+08	1.32451e+08	1.33493e+08
P0A809	RUVA_ECOLI	ruvA	Holliday junction ATP-dependent DNA helicase RuvA	2	2	1.94035e+06	1.7215e+06	1.94229e+06	1.93923e+06	1.88287e+06	1.86605e+06
P0A812	RUVB_ECOLI	ruvB	Holliday junction ATP-dependent DNA helicase RuvB	8	8	1.43487e+08	1.44047e+08	1.70902e+08	1.58153e+08	1.6477e+08	1.64402e+08
P0A817	METK_ECOLI	metK	S-adenosylmethionine synthase	16	16	1.02717e+08	1.04289e+08	1.03639e+08	1.03457e+08	1.04898e+08	1.01109e+08
P0A821	SELA_ECOLI	selA	L-seryl-tRNA(Sec) selenium transferase	12	12	5.74e+06	5.20504e+06	5.87255e+06	5.28815e+06	5.54427e+06	5.21212e+06
P0A823	SFSA_ECOLI	sfsA	Sugar fermentation stimulation protein A	3	3	2.67616e+06	2.61523e+06	2.51904e+06	2.62329e+06	2.93694e+06	2.32474e+06
P0A825	GLYA_ECOLI	glyA	Serine hydroxymethyltransferase	18	18	2.04833e+08	2.07638e+08	1.98444e+08	2.01129e+08	2.02378e+08	2.03251e+08
P0A832	SSRP_ECOLI	smpB	SsrA-binding protein	3	3	2.34724e+07	2.14612e+07	2.24965e+07	2.1759e+07	2.19411e+07	2.13701e+07
P0A836	SUCC_ECOLI	sucC	Succinyl-CoA ligase [ADP-forming] subunit beta	16	16	3.04474e+07	3.2037e+07	3.38229e+07	3.16943e+07	3.19639e+07	3.34412e+07
P0A840	SURE_ECOLI	surE	5'/3'-nucleotidase SurE	6	6	6.61887e+06	6.74552e+06	6.58201e+06	6.60697e+06	6.95252e+06	6.36197e+06
P0A843	TATE_ECOLI	tatE	Sec-independent protein translocase protein TatE	3	3	6.44825e+07	6.35894e+07	5.93787e+07	6.34087e+07	6.09767e+07	5.94087e+07
P0A847	TGT_ECOLI	tgt	Queuine tRNA-ribosyltransferase	14	14	1.27528e+07	1.23596e+07	1.28208e+07	1.23825e+07	1.2765e+07	1.28246e+07
P0A850	TIG_ECOLI	tig	Trigger factor	45	45	6.93682e+08	6.98597e+08	6.75516e+08	6.98906e+08	6.82856e+08	6.98798e+08
P0A853	TNAA_ECOLI	tnaA	Tryptophanase	10	10	1.58732e+07	1.56304e+07	1.56718e+07	1.50812e+07	1.56569e+07	1.55761e+07
P0A855	TOLB_ECOLI	tolB	Protein TolB	17	17	7.16443e+07	8.07724e+07	7.06301e+07	8.05641e+07	7.3834e+07	7.95905e+07
P0A858	TPIS_ECOLI	tpiA	Triosephosphate isomerase	12	12	6.25964e+08	5.9267e+08	6.0816e+08	5.89875e+08	6.22832e+08	5.97608e+08
P0A862	TPX_ECOLI	tpx	Thiol peroxidase	7	7	3.29025e+08	3.09435e+08	3.33026e+08	3.12543e+08	3.1112e+08	3.09227e+08
P0A867	TALA_ECOLI	talA	Transaldolase A	14	14	2.09459e+07	2.08386e+07	2.19071e+07	2.01956e+07	2.17233e+07	2.13415e+07
P0A870	TALB_ECOLI	talB	Transaldolase B	22	22	3.2766e+08	3.32224e+08	3.30238e+08	3.33313e+08	3.24137e+08	3.31869e+08
P0A873	TRMD_ECOLI	trmD	tRNA (guanine-N(1)-)-methyltransferase	5	5	1.42069e+07	1.41284e+07	1.43657e+07	1.33466e+07	1.41332e+07	1.41711e+07
P0A877	TRPA_ECOLI	trpA	Tryptophan synthase alpha chain	6	6	6.07697e+06	6.95406e+06	6.67241e+06	6.63501e+06	6.60532e+06	6.53261e+06
P0A879	TRPB_ECOLI	trpB	Tryptophan synthase beta chain	2	2	4.47876e+06	4.37989e+06	4.11138e+06	4.721e+06	5.02543e+06	4.64533e+06
P0A881	TRPR_ECOLI	trpR	Trp operon repressor	2	2	6.64408e+06	6.19025e+06	6.91679e+06	6.19313e+06	6.92826e+06	7.47757e+06
P0A884	TYSY_ECOLI	thyA	Thymidylate synthase	9	9	3.32281e+07	3.33563e+07	3.17128e+07	3.34246e+07	3.36134e+07	3.41273e+07
P0A887	UBIE_ECOLI	ubiE	Ubiquinone/menaquinone biosynthesis methyltransferase ubiE	10	10	5.21151e+07	5.35527e+07	5.22731e+07	5.40846e+07	5.11399e+07	5.32431e+07
P0A890	TUSA_ECOLI	tusA	Sulfurtransferase TusA	3	3	2.78092e+07	2.66098e+07	2.73839e+07	2.92841e+07	2.81133e+07	2.90101e+07
P0A894	YHBJ_ECOLI	yhbJ	UPF0042 nucleotide-binding protein YhbJ	8	8	8.01127e+06	8.31109e+06	8.19125e+06	8.28421e+06	8.44278e+06	8.54244e+06
P0A898	YBEY_ECOLI	ybeY	Endoribonuclease YbeY	1	1	3.75428e+07	3.66884e+07	3.60721e+07	3.71945e+07	3.73389e+07	3.48816e+07
P0A8A0	YEBC_ECOLI	yebC	Probable transcriptional regulatory protein YebC	5	5	1.88226e+07	1.81697e+07	1.86787e+07	1.85291e+07	1.84028e+07	1.85795e+07
P0A8A2	YEEN_ECOLI	yeeN	Probable transcriptional regulatory protein YeeN	8	8	6.18179e+07	6.69926e+07	5.97595e+07	6.67515e+07	6.24433e+07	6.58175e+07
P0A8A4	PSRP_ECOLI	ppsR	Phosphoenolpyruvate synthase regulatory protein	4	4	9.29744e+06	9.92737e+06	9.89312e+06	9.01518e+06	1.02154e+07	9.00796e+06
P0A8A8	RIMP_ECOLI	rimP	Ribosome maturation factor RimP	3	3	2.3604e+07	2.72185e+07	2.30758e+07	2.75513e+07	2.27589e+07	2.65046e+07
P0A8B2	YFCN_ECOLI	yfcN	UPF0115 protein YfcN	5	5	5.54589e+06	5.12187e+06	5.31157e+06	5.39018e+06	5.44741e+06	5.42181e+06
P0A8B5	YBAB_ECOLI	ybaB	Nucleoid-associated protein YbaB	3	3	3.65663e+07	3.83106e+07	3.52184e+07	3.43344e+07	3.89154e+07	3.67201e+07
P0A8C1	YBJQ_ECOLI	ybjQ	UPF0145 protein YbjQ	2	2	1.7284e+07	1.12005e+07	1.64542e+07		1.37986e+07	
P0A8C4	YGFB_ECOLI	ygfB	UPF0149 protein YgfB	2	2	2.86482e+07	2.77792e+07	2.91373e+07	2.68718e+07	2.80174e+07	2.71888e+07
P0A8D0	NRDR_ECOLI	nrdR	Transcriptional repressor NrdR	4	4	6.37374e+06	6.5849e+06	7.21391e+06	6.45912e+06	6.56346e+06	6.1042e+06
P0A8D3	YAII_ECOLI	yaiI	UPF0178 protein YaiI	3	3	5.62014e+06	5.77986e+06	5.58982e+06	5.65783e+06	5.82524e+06	5.38514e+06
P0A8D6	YMDB_ECOLI	ymdB	O-acetyl-ADP-ribose deacetylase	5	5	5.41504e+06	5.23567e+06	5.9599e+06	5.46454e+06	5.74946e+06	6.14775e+06
P0A8E1	YCFP_ECOLI	ycfP	UPF0227 protein YcfP	8	8	6.15126e+07	5.76736e+07	6.09142e+07	5.89687e+07	5.91771e+07	5.80873e+07
P0A8E5	YACL_ECOLI	yacL	UPF0231 protein YacL	1	1	2.44881e+06	2.2244e+06	2.54497e+06	2.12937e+06	2.32263e+06	2.41253e+06
P0A8E7	YAJQ_ECOLI	yajQ	UPF0234 protein YajQ	11	11	1.65546e+08	1.68798e+08	1.60655e+08	1.68341e+08	1.63874e+08	1.64946e+08
P0A8F0	UPP_ECOLI	upp	Uracil phosphoribosyltransferase	14	14	2.23638e+08	2.34858e+08	2.27239e+08	2.22779e+08	2.22119e+08	2.23572e+08
P0A8F4	URK_ECOLI	udk	Uridine kinase	7	7	2.58858e+07	2.71333e+07	2.67588e+07	2.66682e+07	2.69162e+07	2.66572e+07
P0A8F8	UVRB_ECOLI	uvrB	UvrABC system protein B	6	6	4.18154e+06	3.95485e+06	4.97875e+06	4.04398e+06	4.42474e+06	4.59131e+06
P0A8G0	UVRC_ECOLI	uvrC	UvrABC system protein C	4	4	1.7218e+06	1.53656e+06	1.32131e+06	1.52956e+06	1.50846e+06	1.51686e+06
P0A8G3	UXAC_ECOLI	uxaC	Uronate isomerase	12	12	6.18884e+06	5.85906e+06	6.55501e+06	6.04387e+06	5.96179e+06	5.96192e+06
P0A8G6	WRBA_ECOLI	wrbA	Flavoprotein WrbA	11	11	9.1952e+07	8.93663e+07	8.71846e+07	8.88565e+07	8.90093e+07	8.87892e+07
P0A8G9	EX7S_ECOLI	xseB	Exodeoxyribonuclease 7 small subunit	3	3	3.67106e+07	3.56134e+07	3.79936e+07	3.69553e+07	3.82047e+07	3.77529e+07
P0A8I1	RUVX_ECOLI	yqgF	Putative Holliday junction resolvase	4	4	6.34816e+06	6.28469e+06	6.52844e+06	6.5811e+06	6.07226e+06	6.77545e+06
P0A8I3	YAAA_ECOLI	yaaA	UPF0246 protein YaaA	6	6	4.72071e+07	4.88791e+07	4.80162e+07	4.64756e+07	4.91105e+07	4.71243e+07
P0A8I5	TRMB_ECOLI	trmB	tRNA (guanine-N(7)-)-methyltransferase	4	4	4.59519e+07	4.37722e+07	4.3216e+07	4.16559e+07	4.6054e+07	4.29349e+07
P0A8I8	RLMH_ECOLI	rlmH	Ribosomal RNA large subunit methyltransferase H	6	6	1.39061e+07	1.33587e+07	1.43468e+07	1.31238e+07	1.37949e+07	1.37737e+07
P0A8J2	DNAT_ECOLI	dnaT	Primosomal protein 1	3	3	8.06921e+06	7.75383e+06	7.24404e+06	7.44276e+06	7.3357e+06	6.93502e+06
P0A8J4	YBED_ECOLI	ybeD	UPF0250 protein YbeD	4	4	5.64986e+07	6.18913e+07	5.97827e+07	5.83014e+07	6.26568e+07	5.60923e+07
P0A8J8	RHLB_ECOLI	rhlB	ATP-dependent RNA helicase RhlB	16	16	7.80143e+07	8.17469e+07	7.86224e+07	8.0095e+07	8.12188e+07	8.02999e+07
P0A8K1	PSD_ECOLI	psd	Phosphatidylserine decarboxylase proenzyme	6	6	2.78719e+07	2.78011e+07	2.84767e+07	2.8289e+07	2.76478e+07	2.7909e+07
P0A8K5	YAEP_ECOLI	yaeP	UPF0253 protein YaeP	2	2	6.53763e+06	6.86318e+06	6.10913e+06	6.38848e+06	6.90421e+06	6.66055e+06
P0A8L1	SYS_ECOLI	serS	Serine--tRNA ligase	20	20	2.00734e+08	2.05736e+08	2.01327e+08	2.06671e+08	2.01904e+08	2.02785e+08
P0A8M0	SYN_ECOLI	asnS	Asparagine--tRNA ligase	27	27	1.69853e+08	1.62933e+08	1.73395e+08	1.6448e+08	1.6508e+08	1.65159e+08
P0A8M3	SYT_ECOLI	thrS	Threonine--tRNA ligase	30	30	9.43922e+07	9.43895e+07	9.58173e+07	9.34442e+07	9.62862e+07	9.13465e+07
P0A8M6	YEEX_ECOLI	yeeX	UPF0265 protein YeeX	4	4	8.61067e+07	7.96288e+07	9.08191e+07	8.28053e+07	9.41e+07	8.55922e+07
P0A8N0	MATP_ECOLI	matP	Macrodomain Ter protein	2	2	4.07286e+06	4.09827e+06	4.93642e+06	3.47772e+06	2.7321e+06	4.11348e+06
P0A8N3	SYK1_ECOLI	lysS	Lysine--tRNA ligase	34	22	2.36802e+08	2.44415e+08	2.37306e+08	2.37981e+08	2.30885e+08	2.45922e+08
P0A8N5	SYK2_ECOLI	lysU	Lysine--tRNA ligase, heat inducible	18	18	1.50187e+08	1.45159e+08	1.38905e+08	1.45965e+08	1.45713e+08	1.469e+08
P0A8N7	EPMA_ECOLI	epmA	Elongation factor P--(R)-beta-lysine ligase	7	7	1.45455e+07	1.39832e+07	1.51874e+07	1.49654e+07	1.42383e+07	1.45663e+07
P0A8P3	FETP_ECOLI	yggX	Probable Fe(2+)-trafficking protein	9	9	6.52333e+07	6.33849e+07	6.39e+07	6.16142e+07	6.54985e+07	6.0368e+07
P0A8P6	XERC_ECOLI	xerC	Tyrosine recombinase XerC	2	2	840162	699642	713009	716807	887774	
P0A8Q0	FRDC_ECOLI	frdC	Fumarate reductase subunit C	2	2	1.4819e+07	1.54632e+07	1.47857e+07	1.47012e+07	1.43253e+07	1.41039e+07
P0A8R0	RRAA_ECOLI	rraA	Regulator of ribonuclease activity A	5	5	8.78813e+07	8.50501e+07	7.87186e+07	8.91791e+07	8.53229e+07	9.01092e+07
P0A8R4	SLYX_ECOLI	slyX	Protein SlyX	1	1	1.86846e+06	1.88212e+06	1.90995e+06	1.82501e+06	1.98898e+06	1.90576e+06
P0A8R9	HDFR_ECOLI	hdfR	HTH-type transcriptional regulator HdfR	5	5	3.28849e+06	3.22633e+06	3.31643e+06	3.31296e+06	3.02115e+06	3.13958e+06
P0A8S1	ICIA_ECOLI	iciA	Chromosome initiation inhibitor	6	6	1.17908e+07	1.20901e+07	1.16532e+07	1.18774e+07	1.1989e+07	1.25322e+07
P0A8T1	PRMA_ECOLI	prmA	Ribosomal protein L11 methyltransferase	4	4	4.44162e+07	4.38283e+07	4.42867e+07	4.3878e+07	4.18584e+07	4.31893e+07
P0A8T7	RPOC_ECOLI	rpoC	DNA-directed RNA polymerase subunit beta'	82	82	2.44691e+08	2.40423e+08	2.37155e+08	2.4075e+08	2.38209e+08	2.41178e+08
P0A8U0	SYDP_ECOLI	syd	Protein syd	4	4	4.21366e+06	3.73801e+06	4.19794e+06	3.45516e+06	3.79496e+06	4.11989e+06
P0A8U2	YAFD_ECOLI	yafD	UPF0294 protein YafD	1	1	518507	495907	538323	441307	489237	561274
P0A8U6	METJ_ECOLI	metJ	Met repressor	5	5	3.9222e+07	3.83e+07	3.99459e+07	3.90434e+07	3.89224e+07	3.85978e+07
P0A8V0	RBN_ECOLI	rbn	Ribonuclease BN	1	1	535855	521575	658275		451596	550058
P0A8V2	RPOB_ECOLI	rpoB	DNA-directed RNA polymerase subunit beta	79	79	2.4462e+08	2.45071e+08	2.43361e+08	2.46156e+08	2.45817e+08	2.44007e+08
P0A8V6	FADR_ECOLI	fadR	Fatty acid metabolism regulator protein	11	11	2.6363e+07	2.42141e+07	2.76056e+07	2.45922e+07	2.49245e+07	2.58176e+07
P0A8W0	NANR_ECOLI	nanR	Transcriptional regulator NanR	8	8	1.04505e+07	9.76199e+06	9.47706e+06	9.48249e+06	9.98279e+06	1.03663e+07
P0A8W2	SLYA_ECOLI	slyA	Transcriptional regulator SlyA	4	4	3.8366e+07	4.17043e+07	3.88617e+07	3.98646e+07	4.00336e+07	4.07193e+07
P0A8W5	YQGE_ECOLI	yqgE	UPF0301 protein YqgE	6	6	1.86549e+07	1.73484e+07	1.95461e+07	1.80798e+07	1.80507e+07	1.89209e+07
P0A8W8	YFBU_ECOLI	yfbU	UPF0304 protein YfbU	10	10	1.1328e+08	1.11803e+08	1.11351e+08	1.10632e+08	1.11778e+08	1.10619e+08
P0A8X0	YJGA_ECOLI	yjgA	UPF0307 protein YjgA	14	14	4.26179e+07	4.19639e+07	4.45057e+07	4.33957e+07	4.36612e+07	4.38741e+07
P0A8X2	YCEI_ECOLI	yceI	Protein YceI	6	6	5.98555e+06	6.65261e+06	6.64401e+06	6.43894e+06	6.75654e+06	6.7743e+06
P0A8Y1	YJJG_ECOLI	yjjG	Pyrimidine 5'-nucleotidase YjjG	2	2	6.28826e+06	6.72544e+06	6.07508e+06	6.48458e+06	5.79705e+06	6.40906e+06
P0A8Y3	YIHX_ECOLI	yihX	Alpha-D-glucose-1-phosphate phosphatase YihX	7	7	1.1277e+07	1.06548e+07	1.10598e+07	1.00447e+07	1.02758e+07	1.05699e+07
P0A8Y5	YIDA_ECOLI	yidA	Sugar phosphatase YidA	9	9	4.57007e+07	4.70078e+07	4.57917e+07	4.64799e+07	4.48802e+07	4.65335e+07
P0A8Z0	YCIA_ECOLI	yciA	Acyl-CoA thioester hydrolase YciA	3	3	1.62062e+07	1.65805e+07	1.64188e+07	1.64018e+07	1.70504e+07	1.67146e+07
P0A8Z3	YBGC_ECOLI	ybgC	Acyl-CoA thioester hydrolase YbgC	2	2	4.05157e+06	4.44493e+06	4.32204e+06	4.23278e+06	4.48878e+06	4.32484e+06
P0A901	BLC_ECOLI	blc	Outer membrane lipoprotein blc	2	2	1.84099e+06		1.87866e+06	1.89751e+06	1.70281e+06	1.87797e+06
P0A903	BAMC_ECOLI	bamC	Outer membrane protein assembly factor BamC	14	14	1.52298e+08	1.51294e+08	1.52659e+08	1.5006e+08	1.52078e+08	1.52971e+08
P0A905	SLYB_ECOLI	slyB	Outer membrane lipoprotein SlyB	6	6	1.68637e+08	1.88859e+08	1.58735e+08	1.90048e+08	1.65407e+08	1.84759e+08
P0A908	MIPA_ECOLI	mipA	MltA-interacting protein	9	9	2.74256e+07	2.73137e+07	2.72504e+07	2.50323e+07	3.0133e+07	2.61987e+07
P0A910	OMPA_ECOLI	ompA	Outer membrane protein A	14	14	3.06388e+09	2.88979e+09	2.95651e+09	2.9579e+09	2.87588e+09	3.01811e+09
P0A912	PAL_ECOLI	pal	Peptidoglycan-associated lipoprotein	7	7	4.42049e+08	4.44185e+08	4.39919e+08	4.39482e+08	4.34863e+08	4.35012e+08
P0A915	OMPW_ECOLI	ompW	Outer membrane protein W	7	7	1.14933e+08	1.19026e+08	1.07867e+08	1.12272e+08	1.24908e+08	1.13351e+08
P0A917	OMPX_ECOLI	ompX	Outer membrane protein X	9	9	1.573e+08	1.57054e+08	1.51847e+08	1.52843e+08	1.53246e+08	1.54049e+08
P0A921	PA1_ECOLI	pldA	Phospholipase A1	6	6	9.83588e+06	9.65862e+06	9.40143e+06	9.10062e+06	1.00105e+07	9.41089e+06
P0A927	TSX_ECOLI	tsx	Nucleoside-specific channel-forming protein tsx	10	10	1.20138e+08	1.03047e+08	1.12818e+08	1.05429e+08	1.20586e+08	1.06336e+08
P0A932	GFCE_ECOLI	gfcE	Putative polysaccharide export protein GfcE	13	13	6.69089e+07	7.11517e+07	6.60044e+07	6.90118e+07	7.07657e+07	7.06881e+07
P0A935	MLTA_ECOLI	mltA	Membrane-bound lytic murein transglycosylase A	7	7	2.07066e+07	1.94098e+07	1.90473e+07	1.96651e+07	2.09602e+07	1.9696e+07
P0A937	BAME_ECOLI	bamE	Outer membrane protein assembly factor BamE	1	1	1.05627e+08	1.0903e+08	1.06714e+08	1.11943e+08	1.02454e+08	1.06741e+08
P0A940	BAMA_ECOLI	bamA	Outer membrane protein assembly factor BamA	40	40	7.88858e+07	7.87406e+07	7.63225e+07	7.84428e+07	7.66066e+07	7.86999e+07
P0A944	RIMI_ECOLI	rimI	Ribosomal-protein-alanine acetyltransferase	5	5	3.40306e+06	3.39152e+06	3.35753e+06	3.16573e+06	3.31912e+06	3.29373e+06
P0A948	RIMJ_ECOLI	rimJ	Ribosomal-protein-alanine acetyltransferase	1	1	843669	725889	1.00155e+06	718613	1.1366e+06	877220
P0A951	ATDA_ECOLI	speG	Spermidine N(1)-acetyltransferase	3	3	3.84018e+06	3.32435e+06	3.74693e+06	3.67283e+06	3.25982e+06	3.19769e+06
P0A953	FABB_ECOLI	fabB	3-oxoacyl-[acyl-carrier-protein] synthase 1	14	14	1.60789e+08	1.51616e+08	1.56605e+08	1.57332e+08	1.58023e+08	1.6142e+08
P0A955	ALKH_ECOLI	eda	KHG/KDPG aldolase	7	7	1.59212e+08	1.61926e+08	1.60919e+08	1.56768e+08	1.51317e+08	1.63283e+08
P0A959	ALAA_ECOLI	alaA	Glutamate-pyruvate aminotransferase AlaA	8	8	7.31029e+06	7.54588e+06	7.61394e+06	7.47918e+06	8.42743e+06	8.23701e+06
P0A962	ASPG1_ECOLI	ansA	L-asparaginase 1	3	3	6.52917e+06	6.19483e+06	6.23566e+06	6.44918e+06	5.91745e+06	6.40526e+06
P0A964	CHEW_ECOLI	cheW	Chemotaxis protein CheW	4	4	5.20942e+07	5.37421e+07	5.29622e+07	5.27597e+07	5.46196e+07	5.18941e+07
P0A968	CSPD_ECOLI	cspD	Cold shock-like protein CspD	1	1	9.66588e+06	8.34035e+06	1.04473e+07	1.02777e+07	1.02111e+07	1.00645e+07
P0A972	CSPE_ECOLI	cspE	Cold shock-like protein CspE	7	7	1.28857e+09	1.48876e+09	1.25943e+09	1.53337e+09	1.21524e+09	1.5208e+09
P0A978	CSPG_ECOLI	cspG	Cold shock-like protein CspG	4	4	2.53379e+07	2.63956e+07	2.61437e+07	2.49249e+07	2.38939e+07	2.5198e+07
P0A988	DPO3B_ECOLI	dnaN	DNA polymerase III subunit beta	11	11	2.34269e+07	2.53187e+07	2.27786e+07	2.47564e+07	2.3996e+07	2.42664e+07
P0A991	ALF1_ECOLI	fbaB	Fructose-bisphosphate aldolase class 1	14	14	3.56003e+07	3.59368e+07	3.46838e+07	3.61219e+07	3.41563e+07	3.55081e+07
P0A993	F16PA_ECOLI	fbp	Fructose-1,6-bisphosphatase class 1	14	14	1.06879e+08	1.04683e+08	1.02906e+08	1.04479e+08	1.046e+08	1.05821e+08
P0A996	GLPC_ECOLI	glpC	Anaerobic glycerol-3-phosphate dehydrogenase subunit C	12	12	1.10241e+07	1.14759e+07	1.20267e+07	1.12657e+07	1.1863e+07	1.10199e+07
P0A998	FTNA_ECOLI	ftnA	Ferritin-1	7	7	2.72479e+08	2.58353e+08	2.66802e+08	2.5951e+08	2.56485e+08	2.65491e+08
P0A9A2	FTNB_ECOLI	ftnB	Ferritin-like protein 2	3	3	1.9594e+06	2.40783e+06	2.25965e+06	2.44241e+06	2.99641e+06	2.6321e+06
P0A9A6	FTSZ_ECOLI	ftsZ	Cell division protein FtsZ	23	23	1.30591e+08	1.37009e+08	1.34033e+08	1.32589e+08	1.27835e+08	1.3017e+08
P0A9A9	FUR_ECOLI	fur	Ferric uptake regulation protein	7	7	1.20101e+08	1.17044e+08	1.16515e+08	1.17075e+08	1.14128e+08	1.13928e+08
P0A9B2	G3P1_ECOLI	gapA	Glyceraldehyde-3-phosphate dehydrogenase A	25	24	2.38624e+09	2.36301e+09	2.31229e+09	2.36316e+09	2.27673e+09	2.38396e+09
P0A9B6	E4PD_ECOLI	epd	D-erythrose-4-phosphate dehydrogenase	6	6	7.83553e+06	7.82431e+06	7.83509e+06	7.68696e+06	7.85759e+06	7.72602e+06
P0A9C0	GLPA_ECOLI	glpA	Anaerobic glycerol-3-phosphate dehydrogenase subunit A	15	15	5.78138e+06	6.00294e+06	6.01971e+06	6.00468e+06	5.91488e+06	6.01386e+06
P0A9C3	GALM_ECOLI	galM	Aldose 1-epimerase	13	13	3.19494e+07	3.10386e+07	3.09099e+07	3.12639e+07	3.20045e+07	3.05104e+07
P0A9C5	GLNA_ECOLI	glnA	Glutamine synthetase	24	24	2.26114e+08	2.3893e+08	2.25965e+08	2.34759e+08	2.28539e+08	2.36399e+08
P0A9C9	GLPX_ECOLI	glpX	Fructose-1,6-bisphosphatase 1 class 2	12	12	2.21301e+07	2.1765e+07	2.12343e+07	2.07354e+07	2.16598e+07	2.10396e+07
P0A9D2	GSTA_ECOLI	gstA	Glutathione S-transferase GstA	9	9	2.07323e+07	2.32951e+07	2.33258e+07	2.15344e+07	2.24227e+07	2.26327e+07
P0A9D4	CYSE_ECOLI	cysE	Serine acetyltransferase	4	4	1.58635e+07	1.55273e+07	1.538e+07	1.48199e+07	1.54042e+07	1.59527e+07
P0A9D8	DAPD_ECOLI	dapD	2,3,4,5-tetrahydropyridine-2,6-dicarboxylate N-succinyltransferase	19	19	1.46956e+08	1.46999e+08	1.52468e+08	1.48746e+08	1.503e+08	1.4933e+08
P0A9E5	FNR_ECOLI	fnr	Fumarate and nitrate reduction regulatory protein	6	6	3.94291e+07	3.85334e+07	3.90092e+07	3.82301e+07	3.84349e+07	3.99273e+07
P0A9F1	MNTR_ECOLI	mntR	Transcriptional regulator MntR	5	5	6.67012e+06	5.51469e+06	6.65845e+06	6.31739e+06	6.45168e+06	5.94733e+06
P0A9F3	CYSB_ECOLI	cysB	HTH-type transcriptional regulator CysB	13	13	1.37908e+07	1.37431e+07	1.40123e+07	1.42125e+07	1.41214e+07	1.41624e+07
P0A9F6	GCVA_ECOLI	gcvA	Glycine cleavage system transcriptional activator	1	1	766792	868120	829238	634444	1.01738e+06	812002
P0A9G2	NHAR_ECOLI	nhaR	Transcriptional activator protein NhaR	3	3	5.08979e+06	4.37395e+06	5.20524e+06	5.07292e+06	5.0806e+06	5.16751e+06
P0A9G6	ACEA_ECOLI	aceA	Isocitrate lyase	11	11	2.66447e+07	2.72536e+07	2.75782e+07	2.68088e+07	2.70441e+07	2.69818e+07
P0A9G8	MODE_ECOLI	modE	Transcriptional regulator ModE	7	7	8.38984e+06	8.8531e+06	8.74899e+06	8.50627e+06	8.8659e+06	8.66068e+06
P0A9H1	MUG_ECOLI	mug	G/U mismatch-specific DNA glycosylase	6	6	8.13433e+06	6.47059e+06	7.33352e+06	6.99046e+06	6.86131e+06	7.11654e+06
P0A9H3	LDCI_ECOLI	cadA	Lysine decarboxylase, inducible	3	3	5.40363e+06	5.55948e+06	6.25015e+06		6.16105e+06	6.05139e+06
P0A9H5	BTUR_ECOLI	btuR	Cob(I)yrinic acid a,c-diamide adenosyltransferase	4	4	5.04112e+06	5.66106e+06	5.81446e+06	5.82656e+06	5.14911e+06	5.48671e+06
P0A9H7	CFA_ECOLI	cfa	Cyclopropane-fatty-acyl-phospholipid synthase	13	13	1.75446e+07	1.86108e+07	1.88278e+07	1.8514e+07	1.85755e+07	1.98248e+07
P0A9H9	CHEZ_ECOLI	cheZ	Protein phosphatase CheZ	11	11	6.89085e+06	6.60701e+06	6.86328e+06	6.46782e+06	7.03141e+06	6.41588e+06
P0A9I1	CITE_ECOLI	citE	Citrate lyase subunit beta	14	14	3.44547e+07	3.4164e+07	3.55516e+07	3.52133e+07	3.41667e+07	3.48018e+07
P0A9I3	GCVR_ECOLI	gcvR	Glycine cleavage system transcriptional repressor	3	3	8.89102e+06	8.85665e+06	9.36235e+06	9.41658e+06	9.11065e+06	1.03187e+07
P0A9I8	NIRD_ECOLI	nirD	Nitrite reductase [NAD(P)H] small subunit	3	3	2.49209e+07	2.42998e+07	2.19129e+07	2.39398e+07	2.42565e+07	2.54963e+07
P0A9J0	RNG_ECOLI	rng	Ribonuclease G	12	12	4.94707e+07	4.77541e+07	4.83322e+07	5.15846e+07	4.99652e+07	4.94802e+07
P0A9J4	PANE_ECOLI	panE	2-dehydropantoate 2-reductase	5	5	6.79041e+06	6.34304e+06	6.53103e+06	6.44292e+06	6.3082e+06	6.80935e+06
P0A9J6	RBSK_ECOLI	rbsK	Ribokinase	4	4	1.15105e+07	1.09186e+07	1.10319e+07	1.09964e+07	1.10448e+07	1.09029e+07
P0A9J8	PHEA_ECOLI	pheA	P-protein	6	6	8.10742e+06	8.06636e+06	8.41908e+06	7.80521e+06	7.73186e+06	7.68101e+06
P0A9K3	PHOL_ECOLI	ybeZ	PhoH-like protein	16	16	2.96843e+07	3.01836e+07	2.90858e+07	2.9322e+07	2.9213e+07	2.96654e+07
P0A9K7	PHOU_ECOLI	phoU	Phosphate-specific transport system accessory protein PhoU	4	4	1.17395e+07	1.23331e+07	1.11279e+07	1.04501e+07	1.21094e+07	1.08222e+07
P0A9K9	SLYD_ECOLI	slyD	FKBP-type peptidyl-prolyl cis-trans isomerase SlyD	5	5	5.19628e+08	5.93679e+08	5.20004e+08	5.54353e+08	5.39804e+08	5.43433e+08
P0A9L3	FKBB_ECOLI	fklB	FKBP-type 22 kDa peptidyl-prolyl cis-trans isomerase	10	10	1.62746e+08	1.55183e+08	1.62408e+08	1.51718e+08	1.62475e+08	1.48686e+08
P0A9L5	PPIC_ECOLI	ppiC	Peptidyl-prolyl cis-trans isomerase C	6	6	2.20559e+07	2.41568e+07	2.2534e+07	2.26291e+07	2.28555e+07	2.42628e+07
P0A9L8	P5CR_ECOLI	proC	Pyrroline-5-carboxylate reductase	2	2	1.79129e+07	1.66082e+07	1.83437e+07	1.65211e+07	1.67253e+07	1.54002e+07
P0A9M0	LON_ECOLI	lon	Lon protease	35	35	4.69357e+07	4.69448e+07	4.69111e+07	4.68046e+07	4.68531e+07	4.63525e+07
P0A9M2	HPRT_ECOLI	hpt	Hypoxanthine phosphoribosyltransferase	10	10	3.37404e+07	3.50725e+07	3.38836e+07	3.4446e+07	3.31778e+07	3.42544e+07
P0A9M5	XGPT_ECOLI	gpt	Xanthine phosphoribosyltransferase	9	9	2.3834e+08	2.3086e+08	2.38732e+08	2.39924e+08	2.22066e+08	2.44789e+08
P0A9M8	PTA_ECOLI	pta	Phosphate acetyltransferase	33	33	2.29403e+08	2.35022e+08	2.23093e+08	2.31611e+08	2.33172e+08	2.24574e+08
P0A9N4	PFLA_ECOLI	pflA	Pyruvate formate-lyase 1-activating enzyme	6	6	2.19557e+07	2.0172e+07	2.11267e+07	2.14917e+07	2.16955e+07	2.12804e+07
P0A9N8	NRDG_ECOLI	nrdG	Anaerobic ribonucleoside-triphosphate reductase-activating protein	4	4	1.43634e+06	1.05713e+06	1.1855e+06	1.26453e+06	1.14489e+06	1.1101e+06
P0A9P0	DLDH_ECOLI	lpdA	Dihydrolipoyl dehydrogenase	30	30	2.07236e+08	2.08994e+08	2.05454e+08	2.09802e+08	2.0411e+08	2.07803e+08
P0A9P4	TRXB_ECOLI	trxB	Thioredoxin reductase	14	14	7.69004e+07	7.44148e+07	7.47295e+07	7.75491e+07	7.87196e+07	7.59189e+07
P0A9P6	DEAD_ECOLI	deaD	Cold-shock DEAD box protein A	29	29	3.76107e+07	3.67328e+07	3.82252e+07	3.80309e+07	3.78787e+07	3.76059e+07
P0A9Q1	ARCA_ECOLI	arcA	Aerobic respiration control protein ArcA	15	15	2.47112e+08	2.60794e+08	2.38518e+08	2.56067e+08	2.46369e+08	2.55531e+08
P0A9Q5	ACCD_ECOLI	accD	Acetyl-coenzyme A carboxylase carboxyl transferase subunit beta	16	16	1.23499e+08	1.27906e+08	1.35399e+08	1.23452e+08	1.28011e+08	1.28533e+08
P0A9Q7	ADHE_ECOLI	adhE	Aldehyde-alcohol dehydrogenase	53	53	9.31209e+08	9.4401e+08	9.15806e+08	9.38082e+08	9.09943e+08	9.428e+08
P0A9Q9	DHAS_ECOLI	asd	Aspartate-semialdehyde dehydrogenase	13	13	1.12199e+08	1.05847e+08	1.11787e+08	1.07975e+08	1.14804e+08	1.10881e+08
P0A9R4	FER_ECOLI	fdx	2Fe-2S ferredoxin	3	3	6.3201e+07	7.39223e+07	6.97427e+07	6.67864e+07	6.89434e+07	6.63103e+07
P0A9R7	FTSE_ECOLI	ftsE	Cell division ATP-binding protein FtsE	7	7	1.14433e+07	1.10683e+07	1.05082e+07	1.09758e+07	1.1388e+07	1.11023e+07
P0A9S1	FUCO_ECOLI	fucO	Lactaldehyde reductase	3	3	1.90106e+06	1.79674e+06	1.96455e+06	1.8963e+06	1.98714e+06	2.14713e+06
P0A9S5	GLDA_ECOLI	gldA	Glycerol dehydrogenase	8	8	9.30232e+07	8.88474e+07	8.95215e+07	8.94341e+07	9.53923e+07	8.99086e+07
P0A9T0	SERA_ECOLI	serA	D-3-phosphoglycerate dehydrogenase	12	12	4.86851e+07	4.79997e+07	4.70152e+07	4.61405e+07	4.71198e+07	4.76001e+07
P0A9T4	TAS_ECOLI	tas	Protein tas	9	9	3.97362e+07	4.18347e+07	3.99905e+07	3.89998e+07	4.06042e+07	3.97585e+07
P0A9T6	YBAQ_ECOLI	ybaQ	Uncharacterized HTH-type transcriptional regulator YbaQ	5	5	1.42166e+06	1.61637e+06	1.34447e+06	1.32727e+06	1.56711e+06	1.57601e+06
P0A9T8	YBBA_ECOLI	ybbA	Uncharacterized ABC transporter ATP-binding protein YbbA	3	3	2.12267e+06	2.05601e+06	2.19766e+06	2.06647e+06	2.32339e+06	1.94782e+06
P0A9U1	YBHF_ECOLI	ybhF	Uncharacterized ABC transporter ATP-binding protein YbhF	2	2	1.13601e+06	969279	990495	799762	971565	1.11907e+06
P0A9U3	YBIT_ECOLI	ybiT	Uncharacterized ABC transporter ATP-binding protein YbiT	21	21	3.44143e+07	3.538e+07	3.38095e+07	3.45604e+07	3.49082e+07	3.46466e+07
P0A9V1	LPTB_ECOLI	lptB	Lipopolysaccharide export system ATP-binding protein LptB	11	11	2.59254e+07	2.49706e+07	2.62983e+07	2.53192e+07	2.57378e+07	2.58598e+07
P0A9W0	ULAR_ECOLI	ulaR	HTH-type transcriptional regulator UlaR	2	2			9.66518e+06	1.05768e+07	9.34831e+06	9.02479e+06
P0A9W3	YJJK_ECOLI	yjjK	Uncharacterized ABC transporter ATP-binding protein YjjK	28	28	7.61636e+07	7.42013e+07	7.97413e+07	7.90455e+07	7.54406e+07	7.73658e+07
P0A9W6	YRBA_ECOLI	yrbA	Uncharacterized protein YrbA	3	3	6.36272e+07	5.41996e+07	6.47423e+07	6.09861e+07	6.44832e+07	6.51173e+07
P0A9W9	YRDA_ECOLI	yrdA	Protein YrdA	8	8	1.99211e+07	2.04681e+07	2.0665e+07	2.04452e+07	2.03895e+07	2.06593e+07
P0A9X1	ZNUC_ECOLI	znuC	Zinc import ATP-binding protein ZnuC	1	1		786549				
P0A9X4	MREB_ECOLI	mreB	Rod shape-determining protein MreB	15	15	7.60213e+07	7.21831e+07	7.51128e+07	7.3737e+07	7.44024e+07	7.43191e+07
P0A9X9	CSPA_ECOLI	cspA	Cold shock protein CspA	8	6	2.64053e+08	2.43927e+08	2.58472e+08	2.36798e+08	2.59758e+08	2.37907e+08
P0A9Y6	CSPC_ECOLI	cspC	Cold shock-like protein CspC	7	7	1.33269e+09	1.29662e+09	1.29889e+09	1.29356e+09	1.31395e+09	1.29033e+09
P0A9Z1	GLNB_ECOLI	glnB	Nitrogen regulatory protein P-II 1	7	7	9.26563e+07	9.42411e+07	9.61969e+07	9.21482e+07	9.86645e+07	8.8872e+07
P0AA04	PTHP_ECOLI	ptsH	Phosphocarrier protein HPr	6	6	1.24327e+09	1.78694e+09	1.21611e+09	1.70563e+09	1.15667e+09	1.70174e+09
P0AA10	RL13_ECOLI	rplM	50S ribosomal protein L13	14	14	6.98538e+08	7.32657e+08	7.04795e+08	7.04392e+08	7.46085e+08	7.10001e+08
P0AA16	OMPR_ECOLI	ompR	Transcriptional regulatory protein OmpR	11	11	5.10764e+07	5.06957e+07	5.06187e+07	5.03997e+07	4.9802e+07	5.01331e+07
P0AA25	THIO_ECOLI	trxA	Thioredoxin-1	7	7	3.77714e+08	3.60398e+08	3.71687e+08	3.53402e+08	3.80775e+08	3.63355e+08
P0AA31	YEDF_ECOLI	yedF	UPF0033 protein YedF	1	1	2.43829e+07	2.38567e+07	2.28726e+07	2.40357e+07	2.40651e+07	2.2918e+07
P0AA37	RLUA_ECOLI	rluA	Ribosomal large subunit pseudouridine synthase A	2	2	1.34718e+06	1.19135e+06	1.47447e+06	1.38503e+06	1.60729e+06	1.54535e+06
P0AA39	RLUC_ECOLI	rluC	Ribosomal large subunit pseudouridine synthase C	9	9	1.11532e+07	1.1308e+07	1.06512e+07	1.06384e+07	1.17431e+07	1.04506e+07
P0AA41	TRUC_ECOLI	truC	tRNA pseudouridine synthase C	2	2	6.69682e+06	5.22581e+06	6.36373e+06		6.45197e+06	4.84191e+06
P0AA43	RSUA_ECOLI	rsuA	Ribosomal small subunit pseudouridine synthase A	7	7	2.06475e+07	2.04846e+07	2.10901e+07	1.99621e+07	2.06535e+07	2.01833e+07
P0AA53	QMCA_ECOLI	qmcA	Protein QmcA	4	4	2.5805e+06	3.6342e+06	2.5625e+06	3.1549e+06	3.15494e+06	3.51111e+06
P0AA57	YOBA_ECOLI	yobA	Protein YobA	2	2			5.13164e+06		4.80187e+06	5.02515e+06
P0AA86	DSBE_ECOLI	dsbE	Thiol:disulfide interchange protein DsbE	2	2	3.00682e+06	3.40569e+06	2.7975e+06	2.99669e+06	2.11643e+06	2.78825e+06
P0AA91	YEAY_ECOLI	yeaY	Uncharacterized lipoprotein YeaY	4	4	4.14423e+06	4.67836e+06	4.36824e+06	4.72701e+06	5.05515e+06	4.44237e+06
P0AA93	YPDA_ECOLI	ypdA	Sensor histidine kinase YpdA	2	2	1.18105e+06	673594	1.20195e+06	1.05185e+06	1.09389e+06	1.0727e+06
P0AA95	YACC_ECOLI	yacC	Uncharacterized protein YacC	2	2	4.66816e+06	4.80306e+06	4.62799e+06	4.39804e+06	4.9466e+06	4.5706e+06
P0AA97	YAEQ_ECOLI	yaeQ	Uncharacterized protein YaeQ	3	3	4.22619e+06	4.65773e+06	4.12543e+06	5.14213e+06	3.71727e+06	4.73759e+06
P0AAA1	YAGU_ECOLI	yagU	Inner membrane protein YagU	2	2	6.77442e+07	6.92871e+07	6.09309e+07	6.40824e+07	6.89897e+07	6.41653e+07
P0AAB4	UBID_ECOLI	ubiD	3-octaprenyl-4-hydroxybenzoate carboxy-lyase	6	6	1.18688e+07	1.15335e+07	1.1829e+07	1.12026e+07	1.20595e+07	1.20826e+07
P0AAB6	GALF_ECOLI	galF	UTP--glucose-1-phosphate uridylyltransferase	11	11	1.3709e+08	1.37943e+08	1.34828e+08	1.35381e+08	1.42926e+08	1.3394e+08
P0AAB8	USPD_ECOLI	uspD	Universal stress protein D	1	1	1.62868e+07	1.96125e+07	1.64359e+07	1.77963e+07	1.60531e+07	1.80362e+07
P0AAC0	USPE_ECOLI	uspE	Universal stress protein E	10	10	4.56806e+07	4.62774e+07	4.95888e+07	4.77762e+07	4.9524e+07	4.91262e+07
P0AAC8	ISCA_ECOLI	iscA	Iron-binding protein IscA	5	5	4.05556e+07	3.89155e+07	4.14814e+07	3.96468e+07	4.07952e+07	4.07625e+07
P0AAD6	SDAC_ECOLI	sdaC	Serine transporter	2	2	2.91506e+06	2.85747e+06	2.77515e+06	2.69727e+06	2.64752e+06	2.35076e+06
P0AAF6	ARTP_ECOLI	artP	Arginine transport ATP-binding protein ArtP	3	3	8.40877e+06	8.29726e+06	7.78555e+06	8.06035e+06	7.85321e+06	6.90849e+06
P0AAG3	GLTL_ECOLI	gltL	Glutamate/aspartate transport ATP-binding protein GltL	1	1	3.04903e+06	3.62861e+06		3.69952e+06	3.48472e+06	4.03428e+06
P0AAH0	PSTB_ECOLI	pstB	Phosphate import ATP-binding protein PstB	3	3	3.02713e+06	2.65567e+06	2.68963e+06	2.92237e+06	2.81645e+06	3.33449e+06
P0AAH8	SAPF_ECOLI	sapF	Peptide transport system ATP-binding protein SapF	1	1	2.31297e+06	2.26039e+06	1.9913e+06	2.11028e+06	2.25191e+06	2.13638e+06
P0AAI3	FTSH_ECOLI	ftsH	ATP-dependent zinc metalloprotease FtsH	26	26	7.77088e+07	7.89796e+07	7.92155e+07	8.05543e+07	7.89731e+07	8.01336e+07
P0AAI5	FABF_ECOLI	fabF	3-oxoacyl-[acyl-carrier-protein] synthase 2	10	10	2.00741e+08	2.05612e+08	1.97752e+08	2.01805e+08	2.09933e+08	2.01008e+08
P0AAI9	FABD_ECOLI	fabD	Malonyl CoA-acyl carrier protein transacylase	9	9	7.87673e+07	7.21787e+07	7.90619e+07	7.34254e+07	7.78081e+07	7.29863e+07
P0AAJ3	FDNH_ECOLI	fdnH	Formate dehydrogenase, nitrate-inducible, iron-sulfur subunit	4	4	1.82642e+07	1.85353e+07	1.89327e+07	1.78121e+07	1.75368e+07	1.90361e+07
P0AAJ5	FDOH_ECOLI	fdoH	Formate dehydrogenase-O iron-sulfur subunit	4	4	1.51879e+07	1.55327e+07	1.71118e+07	1.55525e+07	1.63726e+07	1.60577e+07
P0AAJ8	HYBA_ECOLI	hybA	Hydrogenase-2 operon protein HybA	5	5	2.01054e+07	2.37818e+07	2.21259e+07	2.31296e+07	2.3422e+07	2.20813e+07
P0AAK1	HYCB_ECOLI	hycB	Formate hydrogenlyase subunit 2	3	3	4.84693e+06	5.04764e+06	5.06988e+06	4.76206e+06	4.88058e+06	5.11179e+06
P0AAL3	NAPG_ECOLI	napG	Ferredoxin-type protein NapG	2	2	547421	503006	504201	418249	435632	560991
P0AAN1	HYBE_ECOLI	hybE	Hydrogenase-2 operon protein HybE	2	2	2.27347e+06	2.44724e+06	2.72671e+06	2.52933e+06	2.47386e+06	2.57103e+06
P0AAN3	HYPB_ECOLI	hypB	Hydrogenase isoenzymes nickel incorporation protein HypB	7	7	1.33875e+07	1.36142e+07	1.38524e+07	1.32593e+07	1.3151e+07	1.22532e+07
P0AAN5	YAIA_ECOLI	yaiA	Uncharacterized protein YaiA	1	1	8.29657e+06	7.64835e+06	8.63653e+06	8.0949e+06	7.35017e+06	8.3654e+06
P0AAN9	IRAP_ECOLI	iraP	Anti-adapter protein IraP	3	3	1.1651e+06	1.33858e+06	1.2465e+06	1.22728e+06	1.11316e+06	1.28668e+06
P0AAP3	FRMR_ECOLI	frmR	Transcriptional repressor FrmR	5	5	1.20233e+07	1.26597e+07	1.44562e+07	1.32148e+07	1.43147e+07	1.31085e+07
P0AAQ2	YAJD_ECOLI	yajD	Uncharacterized protein YajD	3	3	1.80242e+07	1.6781e+07	1.9674e+07	1.74136e+07	1.76648e+07	1.72937e+07
P0AAR3	YBAK_ECOLI	ybaK	Cys-tRNA(Pro)/Cys-tRNA(Cys) deacylase YbaK	7	7	1.47454e+07	1.39172e+07	1.63504e+07	1.38517e+07	1.56467e+07	1.51842e+07
P0AAS0	YLAC_ECOLI	ylaC	Inner membrane protein YlaC	3	3	756765	845753	843088	713633	950045	879662
P0AAS7	YBCJ_ECOLI	ybcJ	Uncharacterized protein YbcJ	3	3	1.83571e+07	1.74081e+07	1.81002e+07	1.68545e+07	1.79144e+07	1.63613e+07
P0AAT2	YBDF_ECOLI	ybdF	Uncharacterized protein YbdF	2	2	3.42088e+06	3.54725e+06	3.39486e+06	3.10106e+06	3.6103e+06	3.46996e+06
P0AAT4	MSCM_ECOLI	mscM	Miniconductance mechanosensitive channel	5	5	7.44794e+06	7.11537e+06	7.20156e+06	7.312e+06	7.14046e+06	6.81506e+06
P0AAT6	IOJAP_ECOLI	rsfS	Ribosomal silencing factor RsfS	5	5	1.52177e+07	1.64962e+07	1.58213e+07	1.53896e+07	1.61265e+07	1.52746e+07
P0AAT9	YBEL_ECOLI	ybeL	Uncharacterized protein YbeL	6	6	2.96305e+07	2.97994e+07	2.70104e+07	3.0068e+07	2.87661e+07	3.04867e+07
P0AAU7	YBFE_ECOLI	ybfE	Uncharacterized protein YbfE	3	3	3.74716e+06	3.67387e+06	4.41595e+06	3.77563e+06	3.86462e+06	4.29463e+06
P0AAV4	YBGJ_ECOLI	ybgJ	Uncharacterized protein YbgJ	2	2	2.9061e+06	2.94086e+06	3.07807e+06	3.29508e+06	3.74116e+06	3.40722e+06
P0AAX8	YBIS_ECOLI	ybiS	Probable L,D-transpeptidase YbiS	14	13	5.67324e+07	5.46944e+07	5.45863e+07	5.58957e+07	5.55713e+07	5.50253e+07
P0AAZ4	RARA_ECOLI	rarA	Replication-associated recombination protein A	8	8	3.81885e+06	3.93211e+06	4.29425e+06	4.04654e+06	3.84131e+06	4.18646e+06
P0AAZ7	YCAR_ECOLI	ycaR	UPF0434 protein YcaR	4	4	5.36467e+07	5.19301e+07	5.49957e+07	5.56281e+07	5.25357e+07	5.3587e+07
P0AB10	YMBA_ECOLI	ymbA	Uncharacterized lipoprotein YmbA	2	2	1.04488e+07	1.0397e+07	9.19548e+06	1.20301e+07	1.24355e+07	1.24366e+07
P0AB12	YCCF_ECOLI	yccF	Inner membrane protein YccF	1	1		5.14249e+06		8.764e+06		
P0AB14	YCCJ_ECOLI	yccJ	Uncharacterized protein YccJ	4	4	2.09024e+07	2.19587e+07	2.11303e+07	2.03535e+07	2.14339e+07	2.23444e+07
P0AB18	TUSE_ECOLI	tusE	Sulfurtransferase TusE	4	4	7.00664e+06	7.75212e+06	7.29229e+06	7.56102e+06	7.05057e+06	7.34112e+06
P0AB20	HSPQ_ECOLI	hspQ	Heat shock protein HspQ	1	1	5.68635e+06	4.6792e+06	6.9205e+06	5.54923e+06	4.91409e+06	4.61409e+06
P0AB24	EFEO_ECOLI	efeO	Iron uptake system component EfeO	14	14	3.66045e+07	3.6687e+07	3.68932e+07	3.53111e+07	3.67693e+07	3.57563e+07
P0AB26	YCEB_ECOLI	yceB	Uncharacterized lipoprotein YceB	5	5	2.75983e+07	2.73577e+07	2.87566e+07	2.78458e+07	2.85046e+07	2.83223e+07
P0AB28	YCED_ECOLI	yceD	Uncharacterized protein YceD	5	5	3.96524e+07	4.09294e+07	4.23178e+07	4.11662e+07	4.12104e+07	4.08233e+07
P0AB38	LPOB_ECOLI	lpoB	Penicillin-binding protein activator LpoB	3	3	1.93375e+07	2.14959e+07	1.89719e+07	2.07242e+07	1.82939e+07	2.12656e+07
P0AB43	YCGL_ECOLI	ycgL	Protein YcgL	11	11	7.2969e+06	7.99536e+06	7.50363e+06	7.66128e+06	7.30792e+06	7.39108e+06
P0AB46	YMGD_ECOLI	ymgD	Uncharacterized protein YmgD	4	4	1.50671e+07	1.50962e+07	1.45391e+07	1.5038e+07	1.4803e+07	1.48562e+07
P0AB52	YCHN_ECOLI	ychN	Protein YchN	3	3	1.2636e+07	1.17446e+07	1.12777e+07	1.33205e+07	1.36485e+07	1.28357e+07
P0AB55	YCII_ECOLI	yciI	Protein YciI	3	3	3.82944e+07	3.72551e+07	3.99983e+07	3.65568e+07	3.88519e+07	3.837e+07
P0AB58	YCIM_ECOLI	yciM	Uncharacterized protein YciM	3	3	1.76785e+06	2.0424e+06	1.49612e+06	1.4957e+06	1.9983e+06	1.80923e+06
P0AB61	YCIN_ECOLI	yciN	Protein YciN	6	6	3.23421e+07	3.51632e+07	3.13432e+07	3.42736e+07	3.24503e+07	3.3065e+07
P0AB67	PNTB_ECOLI	pntB	NAD(P) transhydrogenase subunit beta	6	6	6.89465e+06	7.01072e+06	7.01915e+06	7.59799e+06	6.99817e+06	6.73033e+06
P0AB71	ALF_ECOLI	fbaA	Fructose-bisphosphate aldolase class 2	18	18	8.13098e+08	8.35333e+08	7.97962e+08	8.43985e+08	7.86991e+08	8.43082e+08
P0AB77	KBL_ECOLI	kbl	2-amino-3-ketobutyrate coenzyme A ligase	17	17	1.11641e+08	1.12891e+08	1.10517e+08	1.11625e+08	1.10625e+08	1.14007e+08
P0AB80	ILVE_ECOLI	ilvE	Branched-chain-amino-acid aminotransferase	9	9	3.258e+07	3.15073e+07	3.50446e+07	3.37474e+07	3.2552e+07	3.4123e+07
P0AB83	END3_ECOLI	nth	Endonuclease III	3	3	4.17083e+06	3.67069e+06	3.85309e+06	3.66931e+06	3.94841e+06	3.97196e+06
P0AB89	PUR8_ECOLI	purB	Adenylosuccinate lyase	20	20	2.65354e+07	2.68448e+07	2.69635e+07	2.5881e+07	2.66648e+07	2.64504e+07
P0AB91	AROG_ECOLI	aroG	Phospho-2-dehydro-3-deoxyheptonate aldolase, Phe-sensitive	5	5	1.06763e+07	1.11327e+07	1.13831e+07	1.14584e+07	1.01595e+07	1.10186e+07
P0AB96	ARSC_ECOLI	arsC	Arsenate reductase	1	1		2.51443e+06	2.24693e+06	2.71596e+06	2.73429e+06	2.11216e+06
P0AB98	ATP6_ECOLI	atpB	ATP synthase subunit a	2	2	5.59464e+06	5.41646e+06	5.15099e+06	4.6589e+06	5.58906e+06	5.22445e+06
P0ABA0	ATPF_ECOLI	atpF	ATP synthase subunit b	16	16	2.00766e+08	2.04278e+08	1.97654e+08	1.98647e+08	1.98732e+08	1.99514e+08
P0ABA4	ATPD_ECOLI	atpH	ATP synthase subunit delta	11	11	1.68851e+08	1.53156e+08	1.73548e+08	1.49151e+08	1.28509e+08	1.67486e+08
P0ABA6	ATPG_ECOLI	atpG	ATP synthase gamma chain	19	19	2.25456e+08	2.18647e+08	2.18025e+08	2.13596e+08	2.22002e+08	2.13496e+08
P0ABB0	ATPA_ECOLI	atpA	ATP synthase subunit alpha	29	29	4.22822e+08	4.17047e+08	4.20852e+08	4.21646e+08	4.09289e+08	4.21613e+08
P0ABB4	ATPB_ECOLI	atpD	ATP synthase subunit beta	30	30	3.93838e+08	4.24803e+08	3.97033e+08	4.15121e+08	3.903e+08	4.20946e+08
P0ABB8	ATMA_ECOLI	mgtA	Magnesium-transporting ATPase, P-type 1	5	5	1.30944e+06	1.29781e+06	1.26354e+06	1.00947e+06	1.23359e+06	1.31596e+06
P0ABC3	HFLC_ECOLI	hflC	Modulator of FtsH protease HflC	20	20	9.00726e+07	9.07342e+07	8.99254e+07	9.15271e+07	9.09516e+07	8.95174e+07
P0ABC7	HFLK_ECOLI	hflK	Modulator of FtsH protease HflK	16	16	8.08313e+07	8.21325e+07	8.15874e+07	8.1489e+07	8.4161e+07	8.14436e+07
P0ABD3	BFR_ECOLI	bfr	Bacterioferritin	8	8	4.69897e+07	4.67109e+07	4.57044e+07	4.38882e+07	4.61763e+07	4.38475e+07
P0ABD5	ACCA_ECOLI	accA	Acetyl-coenzyme A carboxylase carboxyl transferase subunit alpha	23	23	9.46038e+07	9.64042e+07	9.70908e+07	9.58101e+07	9.66063e+07	9.56093e+07
P0ABD8	BCCP_ECOLI	accB	Biotin carboxyl carrier protein of acetyl-CoA carboxylase	5	5	2.63105e+08	2.91168e+08	2.56113e+08	2.79244e+08	2.62095e+08	2.73428e+08
P0ABE2	BOLA_ECOLI	bolA	Protein BolA	5	5	2.38472e+07	2.31801e+07	2.41374e+07	2.39891e+07	2.3763e+07	2.49499e+07
P0ABF1	PCNB_ECOLI	pcnB	Poly(A) polymerase	19	19	1.45545e+07	1.36561e+07	1.46429e+07	1.35747e+07	1.4065e+07	1.42205e+07
P0ABF6	CDD_ECOLI	cdd	Cytidine deaminase	7	7	5.17828e+07	4.94005e+07	5.1534e+07	5.07155e+07	5.27185e+07	4.9657e+07
P0ABG4	FTSW_ECOLI	ftsW	Lipid II flippase FtsW	1	1	511891	626262	484339	534549	752199	618535
P0ABH0	FTSA_ECOLI	ftsA	Cell division protein FtsA	12	12	1.40062e+07	1.34832e+07	1.41669e+07	1.40932e+07	1.29641e+07	1.42196e+07
P0ABH7	CISY_ECOLI	gltA	Citrate synthase	13	13	4.45077e+07	4.50444e+07	4.51482e+07	4.5984e+07	4.54219e+07	4.58317e+07
P0ABH9	CLPA_ECOLI	clpA	ATP-dependent Clp protease ATP-binding subunit ClpA	27	27	3.84222e+07	3.69538e+07	3.84409e+07	3.76343e+07	3.83428e+07	3.81637e+07
P0ABI4	CORA_ECOLI	corA	Magnesium transport protein CorA	3	3	8.32965e+06	9.67937e+06	9.02864e+06	9.19664e+06	9.14329e+06	9.31498e+06
P0ABI8	CYOB_ECOLI	cyoB	Ubiquinol oxidase subunit 1	2	2	1.0085e+07	1.16638e+07	9.85526e+06	1.09752e+07	1.17102e+07	1.11036e+07
P0ABJ1	CYOA_ECOLI	cyoA	Ubiquinol oxidase subunit 2	3	3	2.34129e+07	2.20942e+07	2.45571e+07	2.09403e+07	2.30658e+07	2.2171e+07
P0ABJ9	CYDA_ECOLI	cydA	Cytochrome d ubiquinol oxidase subunit 1	12	12	1.75474e+08	1.80132e+08	1.74468e+08	1.73702e+08	1.80872e+08	1.75574e+08
P0ABK2	CYDB_ECOLI	cydB	Cytochrome d ubiquinol oxidase subunit 2	2	2	2.4344e+07	2.34494e+07	2.5326e+07	2.3475e+07	2.39623e+07	2.25336e+07
P0ABK5	CYSK_ECOLI	cysK	Cysteine synthase A	23	23	2.11425e+08	2.07752e+08	2.06477e+08	2.10542e+08	2.08385e+08	2.13363e+08
P0ABL5	NAPC_ECOLI	napC	Cytochrome c-type protein NapC	2	2	3.55142e+06	4.09787e+06	3.66128e+06	4.03991e+06	3.64912e+06	3.35498e+06
P0ABM1	CCMC_ECOLI	ccmC	Heme exporter protein C	1	1						507762
P0ABM9	CCMH_ECOLI	ccmH	Cytochrome c-type biogenesis protein CcmH	3	3	1.66558e+06	1.46429e+06	1.60102e+06	1.79464e+06	1.8874e+06	1.8967e+06
P0ABN1	KDGL_ECOLI	dgkA	Diacylglycerol kinase	1	1	1.57676e+06	1.47003e+06	1.5238e+06	1.5602e+06	1.67361e+06	
P0ABN5	DCUA_ECOLI	dcuA	Anaerobic C4-dicarboxylate transporter DcuA	5	5	1.00823e+07	1.00111e+07	1.00482e+07	1.02594e+07	1.04123e+07	1.04406e+07
P0ABN9	DCUB_ECOLI	dcuB	Anaerobic C4-dicarboxylate transporter DcuB	3	3	1.73129e+07	2.7558e+07	2.86111e+07	2.76167e+07	2.75643e+07	2.7092e+07
P0ABP3	DCUC_ECOLI	dcuC	Anaerobic C4-dicarboxylate transporter DcuC	2	2			6.69758e+06	6.75095e+06		6.57853e+06
P0ABP8	DEOD_ECOLI	deoD	Purine nucleoside phosphorylase DeoD-type	13	13	5.09707e+08	5.28435e+08	5.2356e+08	4.97897e+08	5.16812e+08	4.99201e+08
P0ABQ0	COABC_ECOLI	coaBC	Coenzyme A biosynthesis bifunctional protein CoaBC	9	9	5.75996e+06	5.87819e+06	6.06308e+06	5.47771e+06	5.73541e+06	5.70534e+06
P0ABQ2	GARR_ECOLI	garR	2-hydroxy-3-oxopropionate reductase	3	3	4.35014e+06	3.89377e+06	4.27071e+06	3.76043e+06	4.16818e+06	3.67749e+06
P0ABQ4	DYR_ECOLI	folA	Dihydrofolate reductase	6	6	2.91061e+07	3.06292e+07	2.84758e+07	2.88068e+07	2.90309e+07	2.79989e+07
P0ABR1	DINI_ECOLI	dinI	DNA-damage-inducible protein I	2	2	1.42221e+07	1.12023e+07	1.78136e+07	9.18821e+06	1.26914e+07	
P0ABS1	DKSA_ECOLI	dksA	RNA polymerase-binding transcription factor DksA	4	4	3.66565e+08	3.72811e+08	3.59584e+08	3.6168e+08	3.3884e+08	3.52417e+08
P0ABS5	PRIM_ECOLI	dnaG	DNA primase	6	6	4.17284e+06	4.85703e+06	3.99177e+06	4.44501e+06	4.41469e+06	4.42353e+06
P0ABS8	HOLE_ECOLI	holE	DNA polymerase III subunit theta	2	2	5.51304e+06	5.58714e+06		5.24266e+06		4.89125e+06
P0ABT2	DPS_ECOLI	dps	DNA protection during starvation protein	18	18	4.51793e+08	4.5517e+08	4.42622e+08	4.52176e+08	4.44619e+08	4.43319e+08
P0ABU0	MENB_ECOLI	menB	1,4-Dihydroxy-2-naphthoyl-CoA synthase	8	8	3.32479e+07	3.30856e+07	3.25629e+07	3.29425e+07	3.36994e+07	3.31909e+07
P0ABU2	YCHF_ECOLI	ychF	Ribosome-binding ATPase YchF	14	14	1.46423e+08	1.46056e+08	1.45751e+08	1.45678e+08	1.40946e+08	1.4723e+08
P0ABU5	ELBB_ECOLI	elbB	Enhancing lycopene biosynthesis protein 2	3	3	1.03574e+08	9.13582e+07	9.66474e+07	9.85572e+07	8.80516e+07	9.68699e+07
P0ABU7	EXBB_ECOLI	exbB	Biopolymer transport protein ExbB	6	6	4.23307e+07	4.38011e+07	4.48725e+07	4.40022e+07	4.56858e+07	4.45201e+07
P0ABU9	TOLQ_ECOLI	tolQ	Protein TolQ	5	5	1.07133e+07	1.07561e+07	1.04735e+07	1.07423e+07	1.08326e+07	1.09398e+07
P0ABV2	EXBD_ECOLI	exbD	Biopolymer transport protein ExbD	3	3	1.48525e+07	1.49149e+07	1.57433e+07	1.39546e+07	1.49779e+07	1.40885e+07
P0ABV6	TOLR_ECOLI	tolR	Protein TolR	4	4	3.03098e+07	2.89474e+07	2.9937e+07	2.76515e+07	2.92558e+07	2.81372e+07
P0ABX2	FLGC_ECOLI	flgC	Flagellar basal-body rod protein FlgC	3	3	1.87179e+06	1.99696e+06	1.77844e+06	2.21122e+06	1.99732e+06	2.12917e+06
P0ABX5	FLGG_ECOLI	flgG	Flagellar basal-body rod protein FlgG	3	3	5.27458e+06	6.13955e+06	5.4122e+06	5.75573e+06	5.37581e+06	5.16357e+06
P0ABX8	FLIL_ECOLI	fliL	Flagellar protein FliL	8	8	8.06137e+06	9.66181e+06	8.44612e+06	8.74472e+06	8.54807e+06	9.10147e+06
P0ABZ1	FLIG_ECOLI	fliG	Flagellar motor switch protein FliG	9	9	1.02509e+07	1.06598e+07	1.12312e+07	1.08541e+07	1.06234e+07	1.07609e+07
P0ABZ4	KDSC_ECOLI	kdsC	3-deoxy-D-manno-octulosonate 8-phosphate phosphatase KdsC	3	3	2.85454e+07	2.81251e+07	2.93795e+07	2.88253e+07	2.87809e+07	2.8945e+07
P0ABZ6	SURA_ECOLI	surA	Chaperone SurA	17	17	6.81294e+07	6.4963e+07	6.75583e+07	6.69632e+07	6.58007e+07	6.85801e+07
P0AC02	BAMD_ECOLI	bamD	Outer membrane protein assembly factor BamD	12	12	1.04596e+08	1.03645e+08	1.03671e+08	1.02805e+08	1.04656e+08	1.01049e+08
P0AC13	DHPS_ECOLI	folP	Dihydropteroate synthase	12	12	2.8078e+07	2.71199e+07	2.8199e+07	2.70202e+07	2.87211e+07	2.78016e+07
P0AC16	FOLB_ECOLI	folB	Dihydroneopterin aldolase	1	1		332151	285653		476525	
P0AC19	FOLX_ECOLI	folX	D-erythro-7,8-dihydroneopterin triphosphate epimerase	7	7	2.35269e+07	2.35772e+07	2.41349e+07	2.36002e+07	2.35325e+07	2.25412e+07
P0AC28	YGFA_ECOLI	ygfA	Uncharacterized protein YgfA	1	1	391788	560141	418785	711931	522797	523420
P0AC30	FTSX_ECOLI	ftsX	Cell division protein FtsX	9	9	9.77434e+06	1.11758e+07	9.74228e+06	1.028e+07	9.94204e+06	1.00449e+07
P0AC33	FUMA_ECOLI	fumA	Fumarate hydratase class I, aerobic	8	8	1.44518e+07	1.44846e+07	1.47548e+07	1.38286e+07	1.39284e+07	1.40959e+07
P0AC38	ASPA_ECOLI	aspA	Aspartate ammonia-lyase	22	22	6.75638e+08	6.64268e+08	6.53251e+08	6.65772e+08	6.58674e+08	6.66965e+08
P0AC41	DHSA_ECOLI	sdhA	Succinate dehydrogenase flavoprotein subunit	15	15	1.92037e+07	2.12907e+07	2.16792e+07	2.20766e+07	2.0036e+07	2.2646e+07
P0AC47	FRDB_ECOLI	frdB	Fumarate reductase iron-sulfur subunit	8	8	9.67801e+07	9.84381e+07	9.80264e+07	9.41036e+07	9.79103e+07	9.26411e+07
P0AC51	ZUR_ECOLI	zur	Zinc uptake regulation protein	4	4	1.11017e+07	9.44007e+06	1.15748e+07	1.12377e+07	1.25798e+07	1.05027e+07
P0AC53	G6PD_ECOLI	zwf	Glucose-6-phosphate 1-dehydrogenase	26	26	5.95334e+07	5.90693e+07	6.15834e+07	5.74005e+07	5.88897e+07	5.83583e+07
P0AC59	GLRX2_ECOLI	grxB	Glutaredoxin-2	8	8	5.48402e+07	5.88975e+07	5.61851e+07	5.97138e+07	5.38039e+07	6.02747e+07
P0AC62	GLRX3_ECOLI	grxC	Glutaredoxin-3	5	5	1.44877e+08	1.422e+08	1.44081e+08	1.42277e+08	1.42777e+08	1.46713e+08
P0AC69	GLRX4_ECOLI	grxD	Glutaredoxin-4	4	4	1.76348e+08	1.73911e+08	1.62774e+08	1.68263e+08	1.62207e+08	1.67353e+08
P0AC75	KDTA_ECOLI	waaA	3-deoxy-D-manno-octulosonic acid transferase	7	7	1.35849e+06	2.03244e+06	1.9679e+06	2.02985e+06	2.07571e+06	1.84586e+06
P0AC81	LGUL_ECOLI	gloA	Lactoylglutathione lyase	2	2	1.82918e+06	3.19016e+06	3.13034e+06	3.07817e+06	3.18908e+06	2.45898e+06
P0AC84	GLO2_ECOLI	gloB	Hydroxyacylglutathione hydrolase	4	4	2.85145e+06	2.76683e+06	2.91863e+06	2.78727e+06	2.69614e+06	2.80832e+06
P0AC86	PHSG_ECOLI	glgP	Glycogen phosphorylase	12	12	7.20824e+06	7.42903e+06	7.59316e+06	7.06652e+06	7.81107e+06	7.20261e+06
P0AC92	GNSA_ECOLI	gnsA	Protein GnsA	4	2	6.41764e+07	6.34998e+07	6.5161e+07	6.01121e+07	6.09056e+07	5.94187e+07
P0AC98	YAAH_ECOLI	yaaH	Inner membrane protein YaaH	1	1	4.18793e+06	3.83032e+06	5.04536e+06	3.48825e+06	4.58511e+06	
P0ACA1	YIBF_ECOLI	yibF	Uncharacterized GST-like protein YibF	2	2	5.81862e+06	8.62516e+06	8.75318e+06	7.86984e+06	9.14243e+06	7.86588e+06
P0ACA3	SSPA_ECOLI	sspA	Stringent starvation protein A	11	11	2.1902e+08	2.1434e+08	2.22901e+08	2.08618e+08	2.23497e+08	2.14879e+08
P0ACA7	GSTB_ECOLI	gstB	Glutathione S-transferase GstB	8	8	1.94122e+07	2.04253e+07	1.82897e+07	1.87334e+07	1.96958e+07	1.91963e+07
P0ACB0	DNAB_ECOLI	dnaB	Replicative DNA helicase	16	16	6.9562e+06	7.55595e+06	7.0008e+06	7.73945e+06	7.60717e+06	7.7359e+06
P0ACB2	HEM2_ECOLI	hemB	Delta-aminolevulinic acid dehydratase	12	12	7.08374e+07	7.32314e+07	7.42377e+07	7.18263e+07	7.17419e+07	7.27976e+07
P0ACB4	HEMG_ECOLI	hemG	Protoporphyrinogen IX dehydrogenase [menaquinone]	9	9	8.53498e+06	7.73563e+06	8.61875e+06	8.18396e+06	8.75186e+06	8.03154e+06
P0ACB7	HEMY_ECOLI	hemY	Protein HemY	10	10	2.23465e+07	2.21003e+07	2.31502e+07	2.28551e+07	2.34407e+07	2.30662e+07
P0ACC1	PRMC_ECOLI	prmC	Release factor glutamine methyltransferase	2	2	4.62589e+06	3.65151e+06	5.05875e+06	4.87224e+06	5.31288e+06	3.79012e+06
P0ACC3	ERPA_ECOLI	erpA	Iron-sulfur cluster insertion protein ErpA	5	5	6.11758e+07	6.38121e+07	6.22884e+07	6.07679e+07	6.32008e+07	6.10815e+07
P0ACC7	GLMU_ECOLI	glmU	Bifunctional protein GlmU	14	14	7.59738e+07	7.58175e+07	7.49863e+07	7.66946e+07	7.44056e+07	7.58734e+07
P0ACD4	NIFU_ECOLI	nifU	NifU-like protein	5	5	9.58773e+07	9.58469e+07	1.00889e+08	9.88903e+07	9.69165e+07	1.0288e+08
P0ACD8	MBHL_ECOLI	hyaB	Hydrogenase-1 large chain	21	21	2.45334e+07	2.57792e+07	2.55075e+07	2.49398e+07	2.56912e+07	2.5087e+07
P0ACE0	MBHM_ECOLI	hybC	Hydrogenase-2 large chain	18	18	7.9742e+07	7.71316e+07	7.95803e+07	7.72815e+07	7.79877e+07	7.69504e+07
P0ACE3	HHA_ECOLI	hha	Hemolysin expression-modulating protein Hha	2	2	2.94646e+07	2.94786e+07	3.00174e+07	2.87738e+07	2.94718e+07	3.04236e+07
P0ACE7	HINT_ECOLI	hinT	HIT-like protein HinT	5	5	8.95433e+07	9.22824e+07	8.75041e+07	9.16749e+07	9.08616e+07	8.98664e+07
P0ACF0	DBHA_ECOLI	hupA	DNA-binding protein HU-alpha	7	7	3.83628e+09	3.63052e+09	3.77509e+09	3.63772e+09	3.70165e+09	3.63082e+09
P0ACF4	DBHB_ECOLI	hupB	DNA-binding protein HU-beta	6	5	3.03597e+08	3.07667e+08	3.05628e+08	3.14149e+08	2.95474e+08	3.10114e+08
P0ACF8	HNS_ECOLI	hns	DNA-binding protein H-NS	8	8	9.97015e+08	1.12091e+09	9.29787e+08	1.07851e+09	9.84631e+08	1.03357e+09
P0ACG1	STPA_ECOLI	stpA	DNA-binding protein StpA	8	8	1.76142e+08	1.77397e+08	1.74427e+08	1.71684e+08	1.75825e+08	1.77824e+08
P0ACI0	ROB_ECOLI	rob	Right origin-binding protein	7	7	1.86812e+07	1.94178e+07	1.99115e+07	1.97238e+07	1.96275e+07	1.95981e+07
P0ACI6	ASNC_ECOLI	asnC	Regulatory protein AsnC	1	1	707821	808284	736975	815644	805860	766610
P0ACJ0	LRP_ECOLI	lrp	Leucine-responsive regulatory protein	10	10	4.44004e+07	4.32749e+07	4.6643e+07	4.29255e+07	4.45875e+07	4.41165e+07
P0ACJ8	CRP_ECOLI	crp	cAMP receptor protein	8	8	1.67959e+08	1.74675e+08	1.85741e+08	1.74937e+08	1.72039e+08	1.68212e+08
P0ACK2	AGAR_ECOLI	agaR	Putative aga operon transcriptional repressor	4	4	3.97116e+06	4.67052e+06	3.76919e+06	4.07344e+06	4.83156e+06	3.55289e+06
P0ACK5	DEOR_ECOLI	deoR	Deoxyribose operon repressor	2	2	1.88305e+06	1.29226e+06				1.09272e+06
P0ACL0	GLPR_ECOLI	glpR	Glycerol-3-phosphate regulon repressor	6	6	9.49196e+06	1.02643e+07	1.0504e+07	1.01298e+07	1.02494e+07	8.3425e+06
P0ACL2	EXUR_ECOLI	exuR	Exu regulon transcriptional regulator	6	6	8.1375e+06	7.60049e+06	8.05962e+06	7.1136e+06	7.58844e+06	7.49663e+06
P0ACL9	PDHR_ECOLI	pdhR	Pyruvate dehydrogenase complex repressor	4	4	6.74578e+06	7.48166e+06	7.01321e+06	6.62649e+06	6.98565e+06	6.71203e+06
P0ACM2	YDFH_ECOLI	ydfH	Uncharacterized HTH-type transcriptional regulator YdfH	4	4	7.92262e+06	8.57344e+06	8.03332e+06	8.41905e+06	6.93581e+06	8.72538e+06
P0ACM5	YEGW_ECOLI	yegW	Uncharacterized HTH-type transcriptional regulator YegW	2	2	1.45691e+06	1.38406e+06	1.58349e+06	1.26817e+06	1.46898e+06	1.04936e+06
P0ACN4	ALLR_ECOLI	allR	HTH-type transcriptional repressor AllR	5	5	1.33984e+07	1.41945e+07	1.3147e+07	1.35401e+07	1.36187e+07	1.39331e+07
P0ACN7	CYTR_ECOLI	cytR	HTH-type transcriptional repressor CytR	4	4	3.67885e+06	4.0873e+06	3.97823e+06	4.06238e+06	4.37697e+06	3.9335e+06
P0ACP1	CRA_ECOLI	cra	Catabolite repressor/activator	11	11	1.42911e+07	1.41818e+07	1.43123e+07	1.45711e+07	1.4905e+07	1.41398e+07
P0ACP5	GNTR_ECOLI	gntR	HTH-type transcriptional regulator GntR	5	5	1.15804e+07	1.13748e+07	1.16853e+07	1.26158e+07	1.10148e+07	1.22464e+07
P0ACP7	PURR_ECOLI	purR	HTH-type transcriptional repressor PurR	13	13	2.15002e+07	2.01746e+07	2.2016e+07	2.05045e+07	2.08544e+07	2.06068e+07
P0ACQ4	OXYR_ECOLI	oxyR	Hydrogen peroxide-inducible genes activator	9	9	2.02794e+07	2.09209e+07	2.11937e+07	1.95626e+07	2.06254e+07	2.00675e+07
P0ACR4	YEIE_ECOLI	yeiE	Uncharacterized HTH-type transcriptional regulator YeiE	8	8	8.14333e+06	8.80492e+06	9.10812e+06	8.72194e+06	8.82865e+06	9.26919e+06
P0ACR9	MPRA_ECOLI	mprA	Transcriptional repressor MprA	4	4	7.08361e+07	6.76955e+07	7.15862e+07	6.6593e+07	6.95557e+07	6.68265e+07
P0ACS7	RPIR_ECOLI	rpiR	HTH-type transcriptional regulator RpiR	3	3	1.53478e+06	1.4212e+06	1.5534e+06	1.43137e+06	1.6059e+06	1.54255e+06
P0ACT6	UIDR_ECOLI	uidR	HTH-type transcriptional regulator UidR	2	2	606979		779255	920843	969499	650016
P0ACU0	YBIH_ECOLI	ybiH	Uncharacterized HTH-type transcriptional regulator YbiH	1	1	1.99025e+06	1.7532e+06	1.78466e+06	2.0379e+06	1.97004e+06	1.77581e+06
P0ACU5	FABR_ECOLI	fabR	HTH-type transcriptional repressor FabR	6	6	1.22988e+07	1.19751e+07	1.27723e+07	1.1593e+07	1.22873e+07	1.21492e+07
P0ACU7	YJDC_ECOLI	yjdC	HTH-type transcriptional regulator YjdC	4	4	9.9658e+06	8.40414e+06	1.08515e+07	8.23886e+06	1.04326e+07	9.84215e+06
P0ACV8	YMJA_ECOLI	ymjA	Uncharacterized protein YmjA	1	1	2.71486e+06	2.74363e+06	3.14799e+06	2.47568e+06	3.13025e+06	2.92309e+06
P0ACX5	YDHZ_ECOLI	ydhZ	Uncharacterized protein YdhZ	1	1	1.1277e+07	1.20061e+07	1.09703e+07	1.16424e+07	1.08261e+07	1.09094e+07
P0ACY1	YDJA_ECOLI	ydjA	Putative NAD(P)H nitroreductase YdjA	10	10	4.53335e+07	4.51664e+07	4.49988e+07	4.55544e+07	4.50986e+07	4.55403e+07
P0ACY3	YEAG_ECOLI	yeaG	Uncharacterized protein YeaG	9	9	7.83164e+06	8.71059e+06	8.81882e+06	9.01907e+06	9.30756e+06	9.33489e+06
P0ACY9	YEBG_ECOLI	yebG	Uncharacterized protein YebG	1	1	1.70506e+07	1.7563e+07	1.85944e+07	1.69775e+07	1.86102e+07	1.71363e+07
P0ACZ2	ETP_ECOLI	etp	Low molecular weight protein-tyrosine-phosphatase etp	6	6	7.27613e+06	7.39324e+06	7.26404e+06	7.03662e+06	7.17975e+06	6.73733e+06
P0ACZ4	EVGA_ECOLI	evgA	Positive transcription regulator EvgA	10	10	2.75808e+07	2.81367e+07	2.66162e+07	2.73849e+07	2.76397e+07	2.69398e+07
P0AD01	DCUR_ECOLI	dcuR	Transcriptional regulatory protein DcuR	2	2	2.53976e+06	2.06205e+06	2.17871e+06	2.05853e+06	2.4573e+06	2.27324e+06
P0AD05	YECA_ECOLI	yecA	Uncharacterized protein YecA	5	5	3.62378e+07	3.55738e+07	3.47642e+07	3.49554e+07	3.53107e+07	3.62391e+07
P0AD07	YECF_ECOLI	yecF	Uncharacterized protein YecF	2	2	3.70191e+07	4.05939e+07	3.59364e+07	3.97235e+07	3.66517e+07	3.77344e+07
P0AD10	YECJ_ECOLI	yecJ	Uncharacterized protein YecJ	3	3	2.7926e+07	3.11272e+07	3.00155e+07	3.14804e+07	2.89809e+07	3.2523e+07
P0AD12	YEEZ_ECOLI	yeeZ	Protein YeeZ	11	11	3.78239e+07	3.53099e+07	3.90711e+07	3.49165e+07	3.90043e+07	3.60263e+07
P0AD24	YEJL_ECOLI	yejL	UPF0352 protein YejL	3	3	1.59078e+07	1.77652e+07	1.74189e+07	1.6479e+07	1.54094e+07	1.63972e+07
P0AD33	YFCZ_ECOLI	yfcZ	UPF0381 protein YfcZ	3	3	5.54095e+08	5.21298e+08	5.45975e+08	5.36049e+08	5.40023e+08	5.40372e+08
P0AD37	YFEC_ECOLI	yfeC	Uncharacterized protein YfeC	3	3	5.85559e+06	5.60647e+06	5.72076e+06	5.11678e+06	6.32005e+06	5.19615e+06
P0AD44	YFHG_ECOLI	yfhG	Uncharacterized protein YfhG	5	5	2.87686e+06	2.62529e+06	2.59303e+06	2.52318e+06	2.598e+06	2.52672e+06
P0AD49	RAIA_ECOLI	raiA	Ribosome-associated inhibitor A	7	7	4.93911e+07	5.03598e+07	4.9529e+07	4.85679e+07	5.05404e+07	4.93153e+07
P0AD53	YGAC_ECOLI	ygaC	Uncharacterized protein YgaC	1	1		1.89036e+06			2.91166e+06	
P0AD57	ISPB_ECOLI	ispB	Octaprenyl-diphosphate synthase	5	5	3.55937e+06	3.55912e+06	3.39879e+06	3.69173e+06	3.66643e+06	3.26395e+06
P0AD59	IVY_ECOLI	ivy	Inhibitor of vertebrate lysozyme	6	6	2.70496e+07	2.60468e+07	2.5928e+07	2.58267e+07	2.76509e+07	2.53177e+07
P0AD61	KPYK1_ECOLI	pykF	Pyruvate kinase I	29	29	4.07076e+08	3.98849e+08	3.99472e+08	4.02241e+08	3.98245e+08	3.96998e+08
P0AD68	FTSI_ECOLI	ftsI	Peptidoglycan synthase FtsI	9	9	2.20845e+06	2.23268e+06	2.41689e+06	2.42894e+06	2.28033e+06	2.38656e+06
P0AD70	AMPH_ECOLI	ampH	D-alanyl-D-alanine-carboxypeptidase/endopeptidase AmpH	4	4	2.65931e+06	2.72515e+06	2.83556e+06	2.82333e+06	3.13243e+06	2.73914e+06
P0ADA1	TESA_ECOLI	tesA	Acyl-CoA thioesterase I	5	5	5.85646e+06	5.91783e+06	5.87998e+06	5.47553e+06	5.49678e+06	5.39026e+06
P0ADA3	NLPD_ECOLI	nlpD	Murein hydrolase activator NlpD	8	8	2.21128e+07	2.16612e+07	2.2173e+07	2.16185e+07	2.28736e+07	2.10551e+07
P0ADA5	YAJG_ECOLI	yajG	Uncharacterized lipoprotein YajG	6	6	1.07029e+08	1.01715e+08	1.09798e+08	1.03863e+08	1.03566e+08	1.09417e+08
P0ADB1	OSME_ECOLI	osmE	Osmotically-inducible lipoprotein E	3	3	7.35832e+07	7.4756e+07	7.32675e+07	7.21517e+07	7.29292e+07	7.22712e+07
P0ADB7	ECNB_ECOLI	ecnB	Entericidin B	1	1	1.41639e+08	1.52842e+08	1.44625e+08	1.43188e+08	1.37226e+08	1.36152e+08
P0ADC1	LPTE_ECOLI	lptE	LPS-assembly lipoprotein LptE	3	3	3.09822e+06	3.2046e+06	3.14727e+06	3.08152e+06	2.81094e+06	3.23427e+06
P0ADC3	LOLC_ECOLI	lolC	Lipoprotein-releasing system transmembrane protein LolC	4	4	4.03052e+06	3.74368e+06	4.57666e+06	3.92869e+06	4.40559e+06	4.42666e+06
P0ADC6	LPTG_ECOLI	lptG	Lipopolysaccharide export system permease protein LptG	3	3	2.70958e+06	2.77615e+06	2.68758e+06	3.2617e+06	3.13702e+06	3.2579e+06
P0ADE4	TAMA_ECOLI	tamA	Translocation and assembly module TamA	14	14	1.03408e+07	1.09868e+07	1.06039e+07	1.09712e+07	1.03507e+07	1.03766e+07
P0ADE6	YGAU_ECOLI	ygaU	Uncharacterized protein YgaU	5	5	4.23227e+06	4.136e+06	4.23607e+06	4.22188e+06	4.21708e+06	4.74657e+06
P0ADE8	YGFZ_ECOLI	ygfZ	tRNA-modifying protein YgfZ	15	15	5.05108e+07	4.74078e+07	5.00942e+07	4.751e+07	4.87913e+07	4.94507e+07
P0ADF6	EDD_ECOLI	edd	Phosphogluconate dehydratase	7	7	4.66574e+06	5.54159e+06	6.26252e+06	5.93174e+06	5.978e+06	6.53061e+06
P0ADG4	SUHB_ECOLI	suhB	Inositol-1-monophosphatase	16	16	8.52445e+07	8.57246e+07	8.71236e+07	8.37378e+07	8.39752e+07	8.44854e+07
P0ADG7	IMDH_ECOLI	guaB	Inosine-5'-monophosphate dehydrogenase	19	19	2.39584e+08	2.46239e+08	2.36198e+08	2.53737e+08	2.37033e+08	2.46788e+08
P0ADH5	FIMB_ECOLI	fimB	Type 1 fimbriae regulatory protein FimB	4	4	7.25283e+06	5.72207e+06	6.5693e+06	6.70019e+06	5.80069e+06	7.17852e+06
P0ADI4	ENTB_ECOLI	entB	Isochorismatase	2	2	2.12709e+06	2.50091e+06	2.1382e+06	2.13858e+06	2.38715e+06	2.191e+06
P0ADI7	YECD_ECOLI	yecD	Isochorismatase family protein YecD	5	5	3.41277e+07	3.3977e+07	3.29126e+07	3.32305e+07	3.21456e+07	3.33557e+07
P0ADK0	YIAF_ECOLI	yiaF	Uncharacterized protein YiaF	10	10	9.54767e+07	9.85932e+07	1.00192e+08	9.65773e+07	9.82761e+07	9.75021e+07
P0ADK8	YIBL_ECOLI	yibL	Uncharacterized protein YibL	6	6	5.4056e+07	5.46955e+07	5.43553e+07	5.18746e+07	5.20437e+07	5.43895e+07
P0ADL3	YICN_ECOLI	yicN	Uncharacterized protein YicN	2	2	502271	467461	543491	543414	568255	650191
P0ADM8	YIEE_ECOLI	yieE	Uncharacterized protein YieE	1	1				1.89203e+06		
P0ADN2	YIFE_ECOLI	yifE	UPF0438 protein YifE	6	6	4.45534e+07	4.47434e+07	4.68554e+07	4.25233e+07	4.55167e+07	4.32855e+07
P0ADP0	YIGB_ECOLI	yigB	Flavin mononucleotide phosphatase YigB	8	8	1.19571e+07	1.23289e+07	1.24721e+07	1.31338e+07	1.27627e+07	1.17901e+07
P0ADP7	YIGP_ECOLI	yigP	Uncharacterized protein YigP	5	5	5.77816e+06	5.42056e+06	4.83787e+06	5.02282e+06	7.2353e+06	4.96989e+06
P0ADP9	YIHD_ECOLI	yihD	Protein YihD	9	9	3.62217e+07	3.32147e+07	3.81983e+07	3.38139e+07	3.52042e+07	3.33953e+07
P0ADQ2	YIID_ECOLI	yiiD	Uncharacterized protein YiiD	5	5	3.21856e+06	3.35877e+06	2.89278e+06	3.01851e+06	3.16607e+06	3.0706e+06
P0ADQ7	YGAM_ECOLI	ygaM	Uncharacterized protein YgaM	2	2	2.55437e+07	2.39801e+07	2.62841e+07	2.56165e+07	2.53919e+07	2.6066e+07
P0ADR6	RLMM_ECOLI	rlmM	Ribosomal RNA large subunit methyltransferase M	7	7	1.07464e+07	1.0979e+07	1.11213e+07	1.01523e+07	1.10253e+07	1.02944e+07
P0ADR8	YGDH_ECOLI	ygdH	LOG family protein YgdH	19	19	4.39764e+07	4.24553e+07	4.37678e+07	4.24477e+07	4.158e+07	4.241e+07
P0ADS2	ZAPA_ECOLI	zapA	Cell division protein ZapA	3	3	4.52343e+07	4.42551e+07	4.53974e+07	4.35113e+07	4.50214e+07	4.27029e+07
P0ADS6	YGGE_ECOLI	yggE	Uncharacterized protein YggE	10	10	2.79641e+07	2.89888e+07	2.74317e+07	2.78701e+07	2.73873e+07	2.79834e+07
P0ADS9	YGGN_ECOLI	yggN	Uncharacterized protein YggN	8	8	1.18137e+07	1.21691e+07	1.17067e+07	1.22524e+07	1.21292e+07	1.23525e+07
P0ADT2	YGIB_ECOLI	ygiB	UPF0441 protein YgiB	2	2	2.07276e+06	2.10588e+06	1.7373e+06	1.88929e+06	2.26946e+06	2.03014e+06
P0ADT5	YGIC_ECOLI	ygiC	Uncharacterized protein YgiC	11	11	1.77383e+07	1.87739e+07	1.89648e+07	1.8153e+07	1.95295e+07	1.80658e+07
P0ADT8	YGIM_ECOLI	ygiM	Uncharacterized protein YgiM	10	10	1.83567e+07	1.82393e+07	1.83501e+07	1.84381e+07	1.7903e+07	1.84272e+07
P0ADU2	YGIN_ECOLI	ygiN	Probable quinol monooxygenase YgiN	5	5	7.60546e+07	8.02556e+07	7.32282e+07	7.57958e+07	7.51276e+07	8.06383e+07
P0ADU5	YGIW_ECOLI	ygiW	Protein YgiW	5	5	4.42642e+07	4.34424e+07	4.28959e+07	4.52445e+07	4.56946e+07	4.54042e+07
P0ADU7	YQIB_ECOLI	yqiB	Uncharacterized protein YqiB	2	2	746139	709232	689965	633326	701428	646102
P0ADV1	LPTA_ECOLI	lptA	Lipopolysaccharide export system protein LptA	3	3	1.26068e+07	1.27414e+07	1.16365e+07	1.31645e+07	1.26245e+07	1.27751e+07
P0ADV5	YHBW_ECOLI	yhbW	Uncharacterized protein YhbW	5	5	3.73298e+06	4.33365e+06	4.9097e+06	4.31768e+06	4.42436e+06	4.84096e+06
P0ADV7	MLAC_ECOLI	mlaC	Probable phospholipid-binding protein MlaC	8	8	7.60317e+07	7.79385e+07	7.87252e+07	7.62048e+07	7.6176e+07	7.71472e+07
P0ADW3	YHCB_ECOLI	yhcB	Putative cytochrome d ubiquinol oxidase subunit 3	8	8	1.33949e+08	1.28698e+08	1.32335e+08	1.2545e+08	1.34387e+08	1.28178e+08
P0ADX1	YHFA_ECOLI	yhfA	Protein YhfA	2	2	5.90724e+07	6.37753e+07	6.01983e+07	6.32663e+07	4.88331e+07	6.31329e+07
P0ADX9	RSMD_ECOLI	rsmD	Ribosomal RNA small subunit methyltransferase D	7	7	5.47703e+06	5.07221e+06	4.23606e+06	4.29483e+06	5.39709e+06	5.43979e+06
P0ADY1	PPID_ECOLI	ppiD	Peptidyl-prolyl cis-trans isomerase D	27	27	9.16748e+07	9.18946e+07	8.97312e+07	9.17903e+07	8.93359e+07	9.08849e+07
P0ADY3	RL14_ECOLI	rplN	50S ribosomal protein L14	9	9	4.62117e+08	4.28821e+08	4.26545e+08	4.51955e+08	4.43653e+08	4.47267e+08
P0ADY7	RL16_ECOLI	rplP	50S ribosomal protein L16	7	7	4.77687e+08	4.94188e+08	4.89497e+08	4.81532e+08	4.64406e+08	4.90463e+08
P0ADZ0	RL23_ECOLI	rplW	50S ribosomal protein L23	5	5	2.00394e+08	2.12404e+08	2.23405e+08	2.00352e+08	2.16067e+08	1.97327e+08
P0ADZ4	RS15_ECOLI	rpsO	30S ribosomal protein S15	5	5	9.52507e+08	8.87999e+08	9.44848e+08	9.12124e+08	9.34977e+08	9.48713e+08
P0ADZ7	YAJC_ECOLI	yajC	UPF0092 membrane protein YajC	6	6	2.22343e+08	2.38707e+08	2.16258e+08	2.42686e+08	2.20888e+08	2.32371e+08
P0AE01	TRMJ_ECOLI	trmJ	tRNA (cytidine/uridine-2'-O-)-methyltransferase TrmJ	8	8	3.9227e+07	3.60668e+07	3.94271e+07	3.84148e+07	3.80079e+07	3.91782e+07
P0AE06	ACRA_ECOLI	acrA	Acriflavine resistance protein A	14	13	1.17651e+08	1.1506e+08	1.17083e+08	1.15899e+08	1.13815e+08	1.16894e+08
P0AE08	AHPC_ECOLI	ahpC	Alkyl hydroperoxide reductase subunit C	13	13	4.63824e+08	4.70065e+08	4.67702e+08	4.7602e+08	4.55446e+08	4.62846e+08
P0AE12	AMN_ECOLI	amn	AMP nucleosidase	11	11	5.51247e+06	4.89242e+06	5.54942e+06	4.92818e+06	5.29114e+06	4.953e+06
P0AE14	AMPE_ECOLI	ampE	Protein AmpE	1	1			262269		225679	
P0AE18	AMPM_ECOLI	map	Methionine aminopeptidase	13	13	5.97776e+07	5.92375e+07	5.89293e+07	5.7281e+07	5.92782e+07	5.9028e+07
P0AE22	APHA_ECOLI	aphA	Class B acid phosphatase	4	4	5.0444e+06	4.96539e+06	5.25267e+06	5.06792e+06	5.10321e+06	4.89267e+06
P0AE39	YPDB_ECOLI	ypdB	Transcriptional regulatory protein YpdB	4	4	6.30141e+06	6.89209e+06	6.35378e+06	6.94422e+06	6.54372e+06	7.04786e+06
P0AE45	YTFL_ECOLI	ytfL	UPF0053 inner membrane protein YtfL	6	6	1.34504e+06	1.45009e+06	1.37319e+06	1.37493e+06	1.48472e+06	1.41846e+06
P0AE48	YTFP_ECOLI	ytfP	Gamma-glutamylcyclotransferase family protein YtfP	3	3	2.52238e+07	2.43682e+07	2.37044e+07	2.47461e+07	2.48594e+07	2.4739e+07
P0AE52	BCP_ECOLI	bcp	Putative peroxiredoxin bcp	7	7	1.82796e+08	1.72455e+08	1.77952e+08	1.74593e+08	1.76805e+08	1.74793e+08
P0AE60	CEDA_ECOLI	cedA	Cell division activator CedA	2	2	3.16696e+06	2.88793e+06	3.58386e+06	3.75282e+06	3.68966e+06	4.10753e+06
P0AE67	CHEY_ECOLI	cheY	Chemotaxis protein CheY	3	3	6.98115e+06	9.24195e+06	8.26533e+06	8.70014e+06	7.90044e+06	8.93777e+06
P0AE70	MAZF_ECOLI	mazF	mRNA interferase MazF	4	4	4.18263e+06	4.96322e+06	5.94678e+06	5.64542e+06	5.12925e+06	4.57244e+06
P0AE72	MAZE_ECOLI	mazE	Antitoxin MazE	2	2		1.01753e+07		7.36494e+06	9.02929e+06	
P0AE74	CITT_ECOLI	citT	Citrate carrier	2	2	1.3026e+07	1.17292e+07	1.17152e+07	1.16081e+07	1.09156e+07	1.13817e+07
P0AE78	CORC_ECOLI	corC	Magnesium and cobalt efflux protein CorC	6	6	1.91145e+06	2.22686e+06	2.19617e+06	2.2238e+06	1.75368e+06	2.05966e+06
P0AE82	CPXA_ECOLI	cpxA	Sensor protein CpxA	7	7	2.07154e+07	2.21621e+07	1.97566e+07	1.91469e+07	2.40573e+07	2.10664e+07
P0AE85	CPXP_ECOLI	cpxP	Periplasmic protein CpxP	2	2	7.91201e+06	6.60577e+06	7.38431e+06	7.04728e+06	7.4289e+06	6.81257e+06
P0AE88	CPXR_ECOLI	cpxR	Transcriptional regulatory protein CpxR	9	9	2.29619e+07	2.2875e+07	2.41788e+07	2.28966e+07	2.36535e+07	2.3151e+07
P0AE91	CREA_ECOLI	creA	Protein CreA	6	6	1.99833e+07	2.11511e+07	2.06128e+07	2.04279e+07	2.07029e+07	1.87486e+07
P0AEA8	CYSG_ECOLI	cysG	Siroheme synthase	9	9	4.41142e+06	4.77178e+06	4.67233e+06	4.61626e+06	4.77857e+06	4.75386e+06
P0AEB2	DACA_ECOLI	dacA	D-alanyl-D-alanine carboxypeptidase DacA	23	22	6.22888e+07	6.38672e+07	6.15016e+07	6.13844e+07	6.19187e+07	6.01733e+07
P0AEB7	YOAB_ECOLI	yoaB	RutC family protein YoaB	2	2	6.8014e+07	6.29964e+07	7.1292e+07	6.25227e+07	6.92522e+07	6.52439e+07
P0AEC0	YOAE_ECOLI	yoaE	UPF0053 inner membrane protein YoaE	1	1	1.27435e+06	1.22222e+06	1.26686e+06	1.27342e+06	1.20968e+06	1.03913e+06
P0AEC3	ARCB_ECOLI	arcB	Aerobic respiration control sensor protein ArcB	8	8	4.7207e+06	4.31196e+06	4.14693e+06	4.4744e+06	4.91856e+06	4.29545e+06
P0AEC8	DCUS_ECOLI	dcuS	Sensor histidine kinase DcuS	1	1		342716	265206	365934	335340	265169
P0AED0	USPA_ECOLI	uspA	Universal stress protein A	4	4	1.44167e+08	1.61279e+08	1.35761e+08	1.62709e+08	1.42709e+08	1.56318e+08
P0AED5	UVRY_ECOLI	uvrY	Response regulator UvrY	3	3	1.57636e+07	1.53666e+07	1.67523e+07	1.53739e+07	1.51725e+07	1.57694e+07
P0AED7	DAPE_ECOLI	dapE	Succinyl-diaminopimelate desuccinylase	9	9	2.02697e+07	1.94213e+07	1.98222e+07	1.84915e+07	1.95226e+07	1.93637e+07
P0AED9	DCM_ECOLI	dcm	DNA-cytosine methyltransferase	6	6	1.0745e+06	1.09449e+06	1.20507e+06	1.16099e+06	1.07823e+06	1.25955e+06
P0AEE1	DCRB_ECOLI	dcrB	Protein DcrB	6	6	7.60516e+07	7.32123e+07	7.62205e+07	7.11236e+07	7.67591e+07	6.94913e+07
P0AEE3	DEGS_ECOLI	degS	Serine endoprotease DegS	2	2	9.29671e+06	8.64886e+06	8.58651e+06	9.1874e+06	9.69322e+06	9.06297e+06
P0AEE5	DGAL_ECOLI	mglB	D-galactose-binding periplasmic protein	4	4	6.95236e+06	7.70662e+06	7.82308e+06	7.96455e+06	8.20059e+06	8.44873e+06
P0AEE8	DMA_ECOLI	dam	DNA adenine methylase	2	2	629160	683614	515074	595956	645821	670426
P0AEF0	DNAC_ECOLI	dnaC	DNA replication protein DnaC	2	2	1.22205e+06	1.18187e+06	1.07291e+06	1.11307e+06	1.34974e+06	1.01208e+06
P0AEF4	DPIA_ECOLI	dpiA	Transcriptional regulatory protein DpiA	4	4	5.14264e+06	5.43942e+06	5.67183e+06	5.22034e+06	5.43528e+06	5.62143e+06
P0AEG4	DSBA_ECOLI	dsbA	Thiol:disulfide interchange protein DsbA	5	5	2.59478e+07	2.37879e+07	2.75735e+07	2.4645e+07	2.70917e+07	2.4842e+07
P0AEG6	DSBC_ECOLI	dsbC	Thiol:disulfide interchange protein DsbC	4	4	8.67145e+07	8.06444e+07	7.42146e+07	7.6279e+07	8.74008e+07	7.95529e+07
P0AEH1	RSEP_ECOLI	rseP	Regulator of sigma E protease	4	4	4.73582e+06	4.60111e+06	4.64634e+06	4.38538e+06	4.48467e+06	4.07179e+06
P0AEH5	ELAB_ECOLI	elaB	Protein ElaB	3	3	4.65308e+07	4.61974e+07	4.85362e+07	4.82307e+07	4.44487e+07	4.7056e+07
P0AEI1	MIAB_ECOLI	miaB	(Dimethylallyl)adenosine tRNA methylthiotransferase MiaB	21	21	4.8724e+07	4.73566e+07	4.86846e+07	4.89026e+07	4.84765e+07	4.92977e+07
P0AEI4	RIMO_ECOLI	rimO	Ribosomal protein S12 methylthiotransferase RimO	9	9	2.41e+07	2.45054e+07	2.42936e+07	2.4798e+07	2.43737e+07	2.40251e+07
P0AEI6	NUDJ_ECOLI	nudJ	Phosphatase NudJ	5	5	2.69117e+07	2.50751e+07	2.76339e+07	2.62764e+07	2.64139e+07	2.82975e+07
P0AEJ2	ENTC_ECOLI	entC	Isochorismate synthase EntC	2	2	3.9037e+06		3.38459e+06		3.83802e+06	
P0AEK0	EXOX_ECOLI	exoX	Exodeoxyribonuclease 10	2	2	891718			1.08706e+06		1.01364e+06
P0AEK2	FABG_ECOLI	fabG	3-oxoacyl-[acyl-carrier-protein] reductase FabG	11	11	4.36678e+08	4.34248e+08	4.21018e+08	4.39383e+08	4.3589e+08	4.35767e+08
P0AEK4	FABI_ECOLI	fabI	Enoyl-[acyl-carrier-protein] reductase [NADH] FabI	16	16	2.7433e+08	2.72051e+08	2.79472e+08	2.74076e+08	2.75602e+08	2.73877e+08
P0AEL0	FDOI_ECOLI	fdoI	Formate dehydrogenase, cytochrome b556(fdo) subunit	2	2		285837	376669	285676	277811	307242
P0AEL6	FEPB_ECOLI	fepB	Ferrienterobactin-binding periplasmic protein	5	5	1.49186e+07	1.6964e+07	1.43364e+07	1.60687e+07	1.66786e+07	1.73385e+07
P0AEM0	FKBX_ECOLI	fkpB	FKBP-type 16 kDa peptidyl-prolyl cis-trans isomerase	4	4	3.10054e+07	2.75477e+07	2.9884e+07	2.81679e+07	3.06595e+07	2.97616e+07
P0AEM4	FLGM_ECOLI	flgM	Negative regulator of flagellin synthesis	3	3	7.32885e+06	7.42912e+06	7.36477e+06	7.40904e+06	7.57171e+06	7.37557e+06
P0AEM6	FLIA_ECOLI	fliA	RNA polymerase sigma factor for flagellar operon	9	9	1.43354e+07	1.2998e+07	1.40345e+07	1.34633e+07	1.31639e+07	1.36937e+07
P0AEM9	FLIY_ECOLI	fliY	Cystine-binding periplasmic protein	20	20	6.01733e+07	5.95823e+07	6.10973e+07	5.92635e+07	5.98373e+07	6.02763e+07
P0AEN1	FRE_ECOLI	fre	NAD(P)H-flavin reductase	7	7	3.05008e+07	2.99793e+07	3.15119e+07	2.99472e+07	3.09684e+07	2.89366e+07
P0AEN4	FTSL_ECOLI	ftsL	Cell division protein FtsL	4	4	5.36988e+06	5.33247e+06	5.51124e+06	5.05969e+06	5.24177e+06	5.15191e+06
P0AEN8	FUCM_ECOLI	fucU	L-fucose mutarotase	3	3	2.45164e+07	2.67272e+07	2.9008e+07	2.84536e+07	2.75703e+07	2.83781e+07
P0AEP3	GALU_ECOLI	galU	UTP--glucose-1-phosphate uridylyltransferase	12	12	2.81696e+08	2.71879e+08	2.86356e+08	2.651e+08	2.70448e+08	2.74578e+08
P0AEQ3	GLNH_ECOLI	glnH	Glutamine-binding periplasmic protein	16	16	1.72371e+08	1.73419e+08	1.66283e+08	1.75685e+08	1.70855e+08	1.73859e+08
P0AEQ6	GLNP_ECOLI	glnP	Glutamine transport system permease protein GlnP	4	4	3.45026e+06	3.3975e+06	3.30504e+06	3.42497e+06	3.5188e+06	3.19881e+06
P0AES0	GSP_ECOLI	gsp	Bifunctional glutathionylspermidine synthetase/amidase	11	11	1.34399e+07	1.31002e+07	1.37113e+07	1.34301e+07	1.39078e+07	1.34223e+07
P0AES2	GUDD_ECOLI	gudD	Glucarate dehydratase	9	9	5.81235e+06	4.92697e+06	6.11397e+06	5.33698e+06	5.82846e+06	5.50761e+06
P0AES4	GYRA_ECOLI	gyrA	DNA gyrase subunit A	33	33	5.51778e+07	5.44075e+07	5.56254e+07	5.43626e+07	5.64932e+07	5.50332e+07
P0AES6	GYRB_ECOLI	gyrB	DNA gyrase subunit B	37	37	3.98986e+07	4.19173e+07	4.11408e+07	4.0376e+07	4.09003e+07	4.0229e+07
P0AET2	HDEB_ECOLI	hdeB	Acid stress chaperone HdeB	2	2	2.39044e+08	2.18833e+08	2.39017e+08	2.20995e+08	2.41197e+08	2.2319e+08
P0AET8	HDHA_ECOLI	hdhA	7-alpha-hydroxysteroid dehydrogenase	1	1	7.67128e+06	7.1518e+06	6.06184e+06	7.24556e+06	7.7568e+06	7.55889e+06
P0AEU0	HISJ_ECOLI	hisJ	Histidine-binding periplasmic protein	11	11	2.00895e+07	2.15674e+07	1.9915e+07	2.086e+07	2.06392e+07	2.12366e+07
P0AEU7	SKP_ECOLI	skp	Chaperone protein skp	6	6	4.33337e+08	4.52422e+08	4.49665e+08	4.48205e+08	4.32375e+08	4.64391e+08
P0AEV4	HYCA_ECOLI	hycA	Formate hydrogenlyase regulatory protein HycA	3	3	6.56886e+06	6.10075e+06	7.00727e+06	6.21759e+06	5.90495e+06	6.15739e+06
P0AEV7	HYCH_ECOLI	hycH	Formate hydrogenlyase maturation protein HycH	1	1	3.47601e+06	3.44161e+06	4.37412e+06	3.2236e+06	3.9056e+06	3.16509e+06
P0AEV9	HYCI_ECOLI	hycI	Hydrogenase 3 maturation protease	2	2	1.40285e+06	1.72019e+06	1.50299e+06	1.72142e+06	1.69089e+06	1.46743e+06
P0AEW4	CPDA_ECOLI	cpdA	3',5'-cyclic adenosine monophosphate phosphodiesterase CpdA	1	1	2.74818e+06	2.2694e+06			2.66001e+06	
P0AEW6	INGK_ECOLI	gsk	Inosine-guanosine kinase	13	13	1.15395e+07	1.15523e+07	1.16327e+07	1.15542e+07	1.17041e+07	1.21038e+07
P0AEW9	K1PF_ECOLI	fruK	1-phosphofructokinase	13	13	8.70251e+07	8.09953e+07	8.23043e+07	8.21346e+07	8.44985e+07	8.36574e+07
P0AEX5	KPPR_ECOLI	prkB	Probable phosphoribulokinase	5	5	5.28237e+06	5.15278e+06	5.39166e+06	5.77983e+06	6.03787e+06	5.41307e+06
P0AEX9	MALE_ECOLI	malE	Maltose-binding periplasmic protein	18	18	4.17768e+07	4.00388e+07	4.54651e+07	4.04759e+07	4.26043e+07	4.24232e+07
P0AEY3	MAZG_ECOLI	mazG	Nucleoside triphosphate pyrophosphohydrolase	5	5	1.14346e+07	1.18144e+07	1.13323e+07	1.13659e+07	1.18717e+07	1.17303e+07
P0AEY5	MDAB_ECOLI	mdaB	Modulator of drug activity B	6	6	1.3853e+07	1.55183e+07	1.36703e+07	1.44043e+07	1.49615e+07	1.35951e+07
P0AEZ3	MIND_ECOLI	minD	Septum site-determining protein MinD	18	18	6.65822e+07	6.68376e+07	6.58273e+07	6.53613e+07	6.59089e+07	6.4972e+07
P0AEZ9	MOAB_ECOLI	moaB	Molybdenum cofactor biosynthesis protein B	7	7	4.45559e+07	4.30236e+07	4.60406e+07	4.37173e+07	4.45025e+07	4.41431e+07
P0AF03	MOG_ECOLI	mog	Molybdopterin adenylyltransferase	5	5	4.82897e+07	4.99561e+07	5.07191e+07	4.85471e+07	4.76461e+07	4.67123e+07
P0AF06	MOTB_ECOLI	motB	Motility protein B	4	4	1.37984e+06	1.35139e+06	1.54655e+06	1.42738e+06	1.3937e+06	1.33949e+06
P0AF08	MRP_ECOLI	mrp	Protein mrp	7	7	3.51407e+07	3.50056e+07	3.66024e+07	3.54728e+07	3.57119e+07	3.50184e+07
P0AF12	MTNN_ECOLI	mtnN	5'-methylthioadenosine/S-adenosylhomocysteine nucleosidase	5	5	8.66071e+07	8.31649e+07	8.88986e+07	8.55435e+07	8.52803e+07	8.77164e+07
P0AF18	NAGA_ECOLI	nagA	N-acetylglucosamine-6-phosphate deacetylase	7	7	1.4179e+07	1.3644e+07	1.37373e+07	1.32392e+07	1.34748e+07	1.35287e+07
P0AF20	NAGC_ECOLI	nagC	N-acetylglucosamine repressor	7	7	6.3515e+06	5.8653e+06	6.26056e+06	6.25238e+06	6.1028e+06	6.18791e+06
P0AF24	NAGD_ECOLI	nagD	Ribonucleotide monophosphatase NagD	8	8	1.07953e+07	1.06814e+07	1.079e+07	1.10144e+07	1.07551e+07	1.06891e+07
P0AF26	NARJ_ECOLI	narJ	Nitrate reductase molybdenum cofactor assembly chaperone NarJ	4	4		3.61199e+06	4.35293e+06	2.95633e+06		4.02801e+06
P0AF28	NARL_ECOLI	narL	Nitrate/nitrite response regulator protein NarL	11	11	4.034e+07	4.08602e+07	4.1594e+07	3.9523e+07	4.14665e+07	4.02712e+07
P0AF36	ZAPB_ECOLI	zapB	Cell division protein ZapB	8	8	9.50054e+07	1.05786e+08	9.41307e+07	1.04125e+08	9.82148e+07	1.01598e+08
P0AF48	YJBQ_ECOLI	yjbQ	UPF0047 protein YjbQ	2	2	5.17215e+06	4.97794e+06	5.44459e+06	5.03878e+06	4.89122e+06	5.43413e+06
P0AF50	YJBR_ECOLI	yjbR	Uncharacterized protein YjbR	4	4	3.00079e+07	2.92481e+07	2.76978e+07	2.82534e+07	3.0285e+07	2.91255e+07
P0AF52	YJCD_ECOLI	yjcD	Putative permease YjcD	1	1	1.04508e+06	1.05564e+06	1.30667e+06	1.16555e+06	1.6551e+06	1.05679e+06
P0AF61	YJDK_ECOLI	yjdK	Uncharacterized protein YjdK	2	2	3.11889e+06	3.72527e+06	3.17201e+06	3.34065e+06	3.47547e+06	3.47547e+06
P0AF63	NSRR_ECOLI	nsrR	HTH-type transcriptional repressor NsrR	7	7	4.32336e+06	4.04632e+06	4.68534e+06	4.06942e+06	4.43493e+06	4.173e+06
P0AF67	YJEE_ECOLI	yjeE	UPF0079 ATP-binding protein YjeE	4	4	1.7616e+07	1.83379e+07	1.78646e+07	1.78726e+07	1.83376e+07	1.82155e+07
P0AF70	YJEI_ECOLI	yjeI	Uncharacterized protein YjeI	1	1	4.69232e+06	4.89939e+06	3.87175e+06	4.53363e+06	4.7563e+06	4.06539e+06
P0AF90	RRAB_ECOLI	rraB	Regulator of ribonuclease activity B	1	1	6.79182e+07	6.21542e+07	6.41931e+07	6.7099e+07	6.46025e+07	6.30808e+07
P0AF93	RIDA_ECOLI	ridA	Enamine/imine deaminase	5	5	3.52905e+08	3.63442e+08	3.54219e+08	3.68366e+08	3.54914e+08	3.58831e+08
P0AF98	LPTF_ECOLI	lptF	Lipopolysaccharide export system permease protein LptF	2	2	4.72136e+06	4.65348e+06	4.72555e+06	4.50893e+06	4.69456e+06	4.68836e+06
P0AFA7	NHAB_ECOLI	nhaB	Na(+)/H(+) antiporter NhaB	2	2	2.64879e+06	3.5486e+06	4.17738e+06	3.40451e+06	3.49132e+06	3.44026e+06
P0AFB1	NLPI_ECOLI	nlpI	Lipoprotein NlpI	8	8	1.10016e+07	1.12228e+07	1.16467e+07	1.06711e+07	1.09841e+07	1.05869e+07
P0AFB5	NTRB_ECOLI	glnL	Nitrogen regulation protein NR(II)	3	3	2.34981e+06	2.08457e+06	2.40492e+06	2.45022e+06	1.89502e+06	2.51336e+06
P0AFB8	NTRC_ECOLI	glnG	Nitrogen regulation protein NR(I)	12	12	7.48296e+06	7.46954e+06	7.17084e+06	7.38916e+06	7.46952e+06	7.5477e+06
P0AFC0	NUDB_ECOLI	nudB	Dihydroneopterin triphosphate pyrophosphatase	1	1	1.83529e+06	1.95978e+06	1.83958e+06	2.19252e+06	1.69905e+06	1.57041e+06
P0AFC3	NUOA_ECOLI	nuoA	NADH-quinone oxidoreductase subunit A	3	3	9.66007e+06	9.78284e+06	9.21854e+06	9.63455e+06	9.49114e+06	9.45858e+06
P0AFC7	NUOB_ECOLI	nuoB	NADH-quinone oxidoreductase subunit B	9	9	6.57937e+07	6.62446e+07	6.21471e+07	6.33083e+07	6.48574e+07	6.27906e+07
P0AFD1	NUOE_ECOLI	nuoE	NADH-quinone oxidoreductase subunit E	3	3	2.20475e+07	2.0648e+07	2.10095e+07	1.97076e+07	2.14423e+07	2.04099e+07
P0AFD4	NUOH_ECOLI	nuoH	NADH-quinone oxidoreductase subunit H	2	2	9.19006e+06	9.58662e+06	9.01619e+06	8.88347e+06	9.14653e+06	9.07878e+06
P0AFD6	NUOI_ECOLI	nuoI	NADH-quinone oxidoreductase subunit I	7	7	2.93207e+07	3.24578e+07	3.16078e+07	3.13067e+07	3.22383e+07	3.22609e+07
P0AFF2	NUPC_ECOLI	nupC	Nucleoside permease NupC	3	3	3.47931e+06	3.63871e+06	3.84975e+06	3.12337e+06	3.33385e+06	3.43198e+06
P0AFF6	NUSA_ECOLI	nusA	Transcription elongation protein NusA	30	30	1.58424e+08	1.55676e+08	1.58131e+08	1.53104e+08	1.57272e+08	1.56387e+08
P0AFG0	NUSG_ECOLI	nusG	Transcription antitermination protein NusG	9	9	1.68904e+08	1.73515e+08	1.70633e+08	1.7442e+08	1.67975e+08	1.7811e+08
P0AFG3	ODO1_ECOLI	sucA	2-oxoglutarate dehydrogenase E1 component	27	27	3.38823e+07	3.33405e+07	3.35723e+07	3.21241e+07	3.54252e+07	3.21778e+07
P0AFG6	ODO2_ECOLI	sucB	Dihydrolipoyllysine-residue succinyltransferase component of 2-oxoglutarate dehydrogenase complex	18	18	7.40393e+07	7.68701e+07	7.39387e+07	7.33667e+07	7.38475e+07	7.37414e+07
P0AFG8	ODP1_ECOLI	aceE	Pyruvate dehydrogenase E1 component	54	54	4.48613e+08	4.3521e+08	4.47184e+08	4.32101e+08	4.43785e+08	4.42835e+08
P0AFH0	OGT_ECOLI	ogt	Methylated-DNA--protein-cysteine methyltransferase	2	2	1.05126e+06	542298	891259	996915	1.02204e+06	
P0AFH8	OSMY_ECOLI	osmY	Osmotically-inducible protein Y	12	12	1.17144e+08	1.20954e+08	1.1856e+08	1.1917e+08	1.20615e+08	1.21525e+08
P0AFI0	OXC_ECOLI	oxc	Probable oxalyl-CoA decarboxylase	10	10	4.43215e+06	4.5571e+06	4.29539e+06	4.10098e+06	4.35577e+06	4.05975e+06
P0AFI2	PARC_ECOLI	parC	DNA topoisomerase 4 subunit A	15	15	2.56504e+07	2.41766e+07	2.53727e+07	2.43137e+07	2.56777e+07	2.47644e+07
P0AFI5	PBP7_ECOLI	pbpG	D-alanyl-D-alanine endopeptidase	2	2	5.27831e+06	5.672e+06	5.82463e+06	5.61695e+06	5.45839e+06	5.61292e+06
P0AFI7	PDXH_ECOLI	pdxH	Pyridoxine/pyridoxamine 5'-phosphate oxidase	10	10	2.41673e+07	2.51668e+07	2.4322e+07	2.39507e+07	2.44312e+07	2.52076e+07
P0AFJ1	PHNA_ECOLI	phnA	Protein PhnA	4	4	1.8283e+07	1.87882e+07	1.73043e+07	1.97743e+07	1.77674e+07	2.08134e+07
P0AFJ5	PHOB_ECOLI	phoB	Phosphate regulon transcriptional regulatory protein PhoB	1	1		1.15892e+06	709180		1.02866e+06	470412
P0AFJ7	PITA_ECOLI	pitA	Low-affinity inorganic phosphate transporter 1	4	4	7.21425e+06	6.92845e+06	6.97254e+06	5.93718e+06	6.34693e+06	7.27023e+06
P0AFK0	PMBA_ECOLI	pmbA	Protein PmbA	20	20	3.11988e+07	3.20984e+07	3.17869e+07	3.10658e+07	3.22746e+07	3.1682e+07
P0AFK9	POTD_ECOLI	potD	Spermidine/putrescine-binding periplasmic protein	17	17	3.64003e+07	3.49283e+07	3.6408e+07	3.31165e+07	3.66286e+07	3.29529e+07
P0AFL3	PPIA_ECOLI	ppiA	Peptidyl-prolyl cis-trans isomerase A	5	5	5.19336e+07	4.76596e+07	5.09726e+07	4.996e+07	5.09587e+07	5.02458e+07
P0AFL6	PPX_ECOLI	ppx	Exopolyphosphatase	8	8	3.73583e+06	3.55464e+06	4.00932e+06	3.69969e+06	3.79462e+06	3.81074e+06
P0AFM2	PROX_ECOLI	proX	Glycine betaine-binding periplasmic protein	6	6	1.63977e+07	1.47218e+07	1.53683e+07	1.63609e+07	1.59551e+07	1.52354e+07
P0AFM6	PSPA_ECOLI	pspA	Phage shock protein A	6	6	2.00658e+07	1.9523e+07	2.0418e+07	1.91798e+07	1.95468e+07	1.86392e+07
P0AFM9	PSPB_ECOLI	pspB	Phage shock protein B	2	2	2.73808e+06	2.58611e+06	2.34329e+06	2.38956e+06	2.34507e+06	2.53026e+06
P0AFN2	PSPC_ECOLI	pspC	Phage shock protein C	2	2		1.8048e+06	1.95019e+06	1.55666e+06	1.83274e+06	1.9524e+06
P0AFP4	YBBO_ECOLI	ybbO	Uncharacterized oxidoreductase YbbO	4	4	4.31637e+06	4.28832e+06	4.17866e+06	4.33126e+06	4.23546e+06	3.95137e+06
P0AFP6	YBGI_ECOLI	ybgI	UPF0135 protein YbgI	5	5	4.54745e+07	4.64543e+07	4.49711e+07	4.6376e+07	4.52886e+07	4.63078e+07
P0AFP9	YBHR_ECOLI	ybhR	Inner membrane transport permease YbhR	1	1		837735	478601	521106	646748	478267
P0AFQ7	YCFH_ECOLI	ycfH	Uncharacterized deoxyribonuclease YcfH	9	9	2.46867e+07	2.42235e+07	2.5916e+07	2.49892e+07	2.58321e+07	2.5557e+07
P0AFR2	DAUA_ECOLI	dauA	C4-dicarboxylic acid transporter DauA	3	3	7.91276e+06	7.14015e+06	6.99542e+06	7.85772e+06	7.78992e+06	7.55564e+06
P0AFR4	YCIO_ECOLI	yciO	Uncharacterized protein YciO	6	6	2.99839e+07	2.96745e+07	3.01e+07	3.10036e+07	3.03831e+07	3.12591e+07
P0AFT2	YECS_ECOLI	yecS	Inner membrane amino-acid ABC transporter permease protein YecS	2	2		1.25229e+06	1.36253e+06	1.28358e+06		1.42075e+06
P0AFT5	YEHT_ECOLI	yehT	Transcriptional regulatory protein YehT	2	2	920206	1.05435e+06	1.50264e+06	1.12506e+06	1.31728e+06	1.14015e+06
P0AFU4	GLRR_ECOLI	glrR	Transcriptional regulatory protein GlrR	3	3	1.84451e+06	1.62041e+06	1.92153e+06	1.62317e+06	1.34191e+06	1.6551e+06
P0AFU8	RISA_ECOLI	ribC	Riboflavin synthase	7	7	6.05298e+07	5.87231e+07	5.77977e+07	5.87077e+07	5.9947e+07	5.88682e+07
P0AFW0	RFAH_ECOLI	rfaH	Transcriptional activator RfaH	2	2	6.26766e+06	6.98994e+06	6.89141e+06	6.71986e+06	6.10609e+06	7.26793e+06
P0AFW8	ROF_ECOLI	rof	Protein rof	3	3	2.52842e+07	2.56423e+07	2.3782e+07	2.57473e+07	2.55482e+07	2.50935e+07
P0AFX0	HPF_ECOLI	hpf	Ribosome hibernation promoting factor	4	4	9.34538e+06	8.55869e+06	8.49627e+06	7.18305e+06	8.77973e+06	7.45815e+06
P0AFX4	RSD_ECOLI	rsd	Regulator of sigma D	1	1	2.6005e+06					2.0518e+06
P0AFX7	RSEA_ECOLI	rseA	Sigma-E factor negative regulatory protein	2	2	5.32209e+06	5.33956e+06	5.15402e+06	3.40182e+06	5.3162e+06	5.00031e+06
P0AFX9	RSEB_ECOLI	rseB	Sigma-E factor regulatory protein RseB	6	6	1.22951e+07	1.23282e+07	1.20718e+07	1.20307e+07	1.16253e+07	1.20058e+07
P0AFY8	SEQA_ECOLI	seqA	Negative modulator of initiation of replication	12	12	9.97909e+07	9.88433e+07	9.95577e+07	9.97445e+07	9.92328e+07	9.88189e+07
P0AFZ1	SSEB_ECOLI	sseB	Protein SseB	4	4	1.84603e+07	1.81372e+07	1.93962e+07	1.80032e+07	1.79638e+07	1.85394e+07
P0AFZ3	SSPB_ECOLI	sspB	Stringent starvation protein B	4	4	4.30956e+07	4.90069e+07	4.64245e+07	4.97264e+07	4.52185e+07	4.76154e+07
P0AG00	WZZE_ECOLI	wzzE	Lipopolysaccharide biosynthesis protein WzzE	5	5	1.67895e+07	1.6633e+07	1.5251e+07	1.68071e+07	1.60526e+07	1.64972e+07
P0AG03	UBIX_ECOLI	ubiX	3-octaprenyl-4-hydroxybenzoate carboxy-lyase	3	3			594461	666616	579920	615271
P0AG07	RPE_ECOLI	rpe	Ribulose-phosphate 3-epimerase	7	7	6.67474e+07	6.9792e+07	6.92044e+07	6.77724e+07	7.29606e+07	6.75982e+07
P0AG14	SOHB_ECOLI	sohB	Probable protease SohB	4	4	1.46089e+07	1.38514e+07	1.35473e+07	1.28954e+07	1.45092e+07	1.40791e+07
P0AG16	PUR1_ECOLI	purF	Amidophosphoribosyltransferase	9	9	3.61727e+06	3.59559e+06	3.32212e+06	3.32949e+06	3.5761e+06	3.24553e+06
P0AG18	PURE_ECOLI	purE	N5-carboxyaminoimidazole ribonucleotide mutase	4	4	9.0945e+06	9.1948e+06	9.21082e+06	9.46533e+06	9.82824e+06	9.0515e+06
P0AG20	RELA_ECOLI	relA	GTP pyrophosphokinase	16	16	1.03016e+08	1.04661e+08	1.09028e+08	1.02226e+08	1.05586e+08	1.04433e+08
P0AG24	SPOT_ECOLI	spoT	Bifunctional (p)ppGpp synthase/hydrolase SpoT	10	10	1.0558e+07	9.38514e+06	1.03263e+07	1.06435e+07	1.01299e+07	1.08971e+07
P0AG27	YIBN_ECOLI	yibN	Uncharacterized protein YibN	5	5	1.15622e+08	1.14584e+08	1.17932e+08	1.16582e+08	1.13615e+08	1.15834e+08
P0AG30	RHO_ECOLI	rho	Transcription termination factor Rho	30	30	1.35178e+08	1.39733e+08	1.34449e+08	1.3807e+08	1.33078e+08	1.34101e+08
P0AG40	RIBF_ECOLI	ribF	Riboflavin biosynthesis protein RibF	7	7	9.84628e+06	1.05521e+07	1.07541e+07	1.02274e+07	1.02225e+07	9.26784e+06
P0AG44	RL17_ECOLI	rplQ	50S ribosomal protein L17	6	6	1.30828e+09	1.23874e+09	1.2649e+09	1.2699e+09	1.28863e+09	1.27992e+09
P0AG48	RL21_ECOLI	rplU	50S ribosomal protein L21	9	9	6.6588e+08	6.59295e+08	6.68129e+08	6.25945e+08	6.44119e+08	6.3559e+08
P0AG51	RL30_ECOLI	rpmD	50S ribosomal protein L30	6	6	4.77129e+08	4.82388e+08	4.87205e+08	4.78959e+08	4.79381e+08	4.95698e+08
P0AG55	RL6_ECOLI	rplF	50S ribosomal protein L6	11	11	1.20092e+09	1.25354e+09	1.2267e+09	1.23381e+09	1.1488e+09	1.24448e+09
P0AG59	RS14_ECOLI	rpsN	30S ribosomal protein S14	8	8	8.43284e+08	8.77762e+08	8.63884e+08	8.6356e+08	8.54268e+08	8.88959e+08
P0AG63	RS17_ECOLI	rpsQ	30S ribosomal protein S17	3	3	1.1487e+09	1.11644e+09	1.21941e+09	1.14298e+09	1.20406e+09	1.17437e+09
P0AG67	RS1_ECOLI	rpsA	30S ribosomal protein S1	43	43	1.65737e+09	1.754e+09	1.63227e+09	1.74525e+09	1.61427e+09	1.74268e+09
P0AG71	RMUC_ECOLI	rmuC	DNA recombination protein RmuC	3	3	2.17578e+06	2.16001e+06	2.37431e+06	2.35227e+06	2.1725e+06	2.57841e+06
P0AG76	SBCD_ECOLI	sbcD	Nuclease SbcCD subunit D	1	1	4.46256e+06			5.14683e+06		
P0AG78	SUBI_ECOLI	sbp	Sulfate-binding protein	3	3	2.30174e+06	2.6577e+06	2.58131e+06	2.46495e+06	2.55672e+06	2.79036e+06
P0AG80	UGPB_ECOLI	ugpB	sn-glycerol-3-phosphate-binding periplasmic protein UgpB	2	2	1.10003e+06			1.18407e+06		965000
P0AG82	PSTS_ECOLI	pstS	Phosphate-binding protein PstS	16	16	1.70915e+07	1.75819e+07	1.71575e+07	1.7366e+07	1.70059e+07	1.77033e+07
P0AG84	YGHA_ECOLI	yghA	Uncharacterized oxidoreductase YghA	6	6	1.91654e+06	1.84342e+06	1.87153e+06	1.97065e+06	1.6693e+06	2.06192e+06
P0AG86	SECB_ECOLI	secB	Protein-export protein SecB	5	5	3.68896e+08	3.86895e+08	3.74828e+08	3.86572e+08	3.41861e+08	3.74237e+08
P0AG90	SECD_ECOLI	secD	Protein translocase subunit SecD	28	28	2.69992e+07	2.7816e+07	2.72016e+07	2.71831e+07	2.68764e+07	2.72277e+07
P0AG93	SECF_ECOLI	secF	Protein translocase subunit SecF	4	4	6.28311e+06	6.04808e+06	6.19369e+06	6.31142e+06	5.97491e+06	6.04998e+06
P0AG96	SECE_ECOLI	secE	Preprotein translocase subunit SecE	4	4	4.67933e+06	5.88495e+06	5.04974e+06	5.54086e+06	5.31281e+06	5.54457e+06
P0AG99	SECG_ECOLI	secG	Protein-export membrane protein SecG	3	3	4.65574e+07	4.43728e+07	4.60213e+07	4.45636e+07	4.41478e+07	4.38938e+07
P0AGA2	SECY_ECOLI	secY	Protein translocase subunit SecY	5	5	3.11991e+07	3.21434e+07	3.13197e+07	3.20502e+07	3.13944e+07	3.06194e+07
P0AGB0	SERB_ECOLI	serB	Phosphoserine phosphatase	6	6	9.53868e+06	9.13995e+06	9.56861e+06	9.11302e+06	9.27285e+06	9.50022e+06
P0AGB6	RPOE_ECOLI	rpoE	RNA polymerase sigma-E factor	9	9	1.43359e+07	1.40741e+07	1.46171e+07	1.44935e+07	1.44291e+07	1.37181e+07
P0AGC3	SLT_ECOLI	slt	Soluble lytic murein transglycosylase	14	14	6.4382e+06	6.31289e+06	6.29809e+06	6.08243e+06	6.43634e+06	6.22782e+06
P0AGC7	SMP_ECOLI	smp	Protein smp	1	1			1.06996e+06	1.13466e+06	1.10901e+06	1.0378e+06
P0AGD1	SODC_ECOLI	sodC	Superoxide dismutase [Cu-Zn]	1	1	4.56135e+06	4.59318e+06	4.17614e+06	4.52427e+06	4.54594e+06	4.11548e+06
P0AGD3	SODF_ECOLI	sodB	Superoxide dismutase [Fe]	9	9	3.66265e+08	3.39883e+08	3.52084e+08	3.38031e+08	3.46573e+08	3.40422e+08
P0AGD7	SRP54_ECOLI	ffh	Signal recognition particle protein	15	15	3.98083e+07	4.03725e+07	3.93102e+07	3.87757e+07	3.98196e+07	4.00779e+07
P0AGE0	SSB_ECOLI	ssb	Single-stranded DNA-binding protein	9	9	2.03173e+08	2.11339e+08	1.99486e+08	2.02354e+08	1.99173e+08	1.98606e+08
P0AGE6	YIEF_ECOLI	yieF	Uncharacterized protein YieF	8	8	4.04745e+07	3.73777e+07	4.09327e+07	3.88215e+07	4.14002e+07	4.03986e+07
P0AGE9	SUCD_ECOLI	sucD	Succinyl-CoA ligase [ADP-forming] subunit alpha	11	11	4.41328e+07	4.40314e+07	4.45073e+07	4.36875e+07	4.35289e+07	4.55215e+07
P0AGF2	YGDK_ECOLI	ygdK	Uncharacterized SufE-like protein YgdK	4	4	1.53528e+07	1.20223e+07	1.59945e+07	1.39968e+07	1.51559e+07	1.33992e+07
P0AGG0	THIL_ECOLI	thiL	Thiamine-monophosphate kinase	6	6	8.19237e+06	8.70171e+06	8.85358e+06	8.91276e+06	8.5958e+06	9.44292e+06
P0AGG2	TESB_ECOLI	tesB	Acyl-CoA thioesterase 2	5	5	7.78396e+06	7.74756e+06	7.16802e+06	7.83194e+06	8.34779e+06	7.31447e+06
P0AGG4	THIO2_ECOLI	trxC	Thioredoxin-2	3	3	8.66204e+06	1.04899e+07	1.01573e+07	9.97878e+06	1.05067e+07	9.78043e+06
P0AGG8	TLDD_ECOLI	tldD	Protein TldD	16	16	3.15104e+07	3.15321e+07	3.25181e+07	3.16698e+07	3.09048e+07	3.15508e+07
P0AGI8	TRKA_ECOLI	trkA	Trk system potassium uptake protein TrkA	4	4	2.73106e+06	3.02554e+06	3.43177e+06	3.2257e+06	3.25169e+06	2.95504e+06
P0AGJ2	TRMH_ECOLI	trmH	tRNA (guanosine(18)-2'-O)-methyltransferase	5	5	1.06948e+07	1.05213e+07	1.02502e+07	1.07963e+07	1.12966e+07	1.10139e+07
P0AGJ5	YFIF_ECOLI	yfiF	Uncharacterized tRNA/rRNA methyltransferase YfiF	11	11	5.17396e+07	5.13287e+07	5.17726e+07	5.03126e+07	5.03486e+07	5.11705e+07
P0AGJ7	TRML_ECOLI	trmL	tRNA (cytidine(34)-2'-O)-methyltransferase	6	6	1.2066e+07	1.23257e+07	1.23807e+07	1.15539e+07	1.24158e+07	1.21053e+07
P0AGJ9	SYY_ECOLI	tyrS	Tyrosine--tRNA ligase	18	18	1.12829e+08	1.09585e+08	1.11162e+08	1.09847e+08	1.12731e+08	1.11431e+08
P0AGK4	YHBY_ECOLI	yhbY	RNA-binding protein YhbY	2	2	6.47434e+07	7.16667e+07	6.45505e+07	6.93512e+07	6.67103e+07	7.21811e+07
P0AGK8	ISCR_ECOLI	iscR	HTH-type transcriptional regulator IscR	3	3	9.64944e+06	8.44206e+06	8.55386e+06	1.06419e+07	8.71726e+06	9.68509e+06
P0AGL2	TDCF_ECOLI	tdcF	Putative reactive intermediate deaminase TdcF	4	4	2.17223e+08	1.97513e+08	2.13169e+08	2.11821e+08	2.1527e+08	2.16155e+08
P0AGL5	RATA_ECOLI	ratA	Ribosome association toxin RatA	2	2	1.77721e+06	1.40867e+06	1.56002e+06	1.57079e+06	1.53802e+06	1.78812e+06
P0AGL7	RSME_ECOLI	rsmE	Ribosomal RNA small subunit methyltransferase E	5	5	1.66121e+07	1.74345e+07	1.75294e+07	1.64674e+07	1.72092e+07	1.64075e+07
P0AGM5	SIRB1_ECOLI	sirB1	Protein sirB1	1	1	1.53322e+06	1.83232e+06	1.53016e+06	1.9088e+06	1.68733e+06	1.69849e+06
P0C018	RL18_ECOLI	rplR	50S ribosomal protein L18	5	5	3.23527e+08	4.15968e+08	2.88744e+08	3.95994e+08	3.01949e+08	4.01175e+08
P0C037	YAIE_ECOLI	yaiE	UPF0345 protein YaiE	2	2	4.68629e+07	4.49289e+07	4.7546e+07	4.38315e+07	4.46491e+07	4.22913e+07
P0C054	IBPA_ECOLI	ibpA	Small heat shock protein IbpA	6	6	1.86415e+07	1.92658e+07	1.90228e+07	2.03634e+07	2.02126e+07	1.98009e+07
P0C058	IBPB_ECOLI	ibpB	Small heat shock protein IbpB	2	2	556870	479744	363093	464670	534614	415539
P0C066	MLTC_ECOLI	mltC	Membrane-bound lytic murein transglycosylase C	1	1				1.84831e+06		1.93867e+06
P0C093	SLMA_ECOLI	slmA	Nucleoid occlusion factor SlmA	6	6	1.49205e+07	1.59486e+07	1.43263e+07	1.43517e+07	1.62167e+07	1.53461e+07
P0C0K3	RDOA_ECOLI	rdoA	Protein RdoA	10	10	4.9564e+06	4.63013e+06	5.15664e+06	4.62641e+06	5.47481e+06	4.63213e+06
P0C0L2	OSMC_ECOLI	osmC	Peroxiredoxin OsmC	6	6	2.4874e+07	2.34821e+07	2.34908e+07	2.39448e+07	2.48535e+07	2.2706e+07
P0C0L7	PROP_ECOLI	proP	Proline/betaine transporter	8	8	1.00705e+07	9.45071e+06	9.94499e+06	9.63021e+06	9.66949e+06	9.90903e+06
P0C0L9	ISCX_ECOLI	iscX	Protein IscX	1	1	2.13526e+07	2.18704e+07	2.17742e+07	2.10141e+07	1.86492e+07	2.09639e+07
P0C0R7	RLME_ECOLI	rlmE	Ribosomal RNA large subunit methyltransferase E	3	3	2.35024e+07	2.36953e+07	2.28753e+07	2.30982e+07	2.38974e+07	2.31306e+07
P0C0S1	MSCS_ECOLI	mscS	Small-conductance mechanosensitive channel	6	6	4.00275e+07	3.96583e+07	3.8993e+07	3.79417e+07	3.67932e+07	3.89233e+07
P0C0T5	MEPA_ECOLI	mepA	Penicillin-insensitive murein endopeptidase	3	3	3.13269e+06	3.00823e+06	3.31364e+06	2.95431e+06	3.47302e+06	3.55808e+06
P0C0U4	RIMK_ECOLI	rimK	Ribosomal protein S6 modification protein	1	1	546122			445845	441659	557842
P0C0V0	DEGP_ECOLI	degP	Periplasmic serine endoprotease DegP	14	14	7.79837e+07	8.29062e+07	7.53073e+07	8.37541e+07	7.69156e+07	8.14144e+07
P0C960	EMTA_ECOLI	emtA	Endo-type membrane-bound lytic murein transglycosylase A	1	1	473087		463650	355461		450370
P0CB39	EPTC_ECOLI	eptC	Phosphoethanolamine transferase EptC	8	8	5.37894e+06	7.00545e+06	6.09115e+06	7.33002e+06	6.50371e+06	7.07848e+06
P0CE47;P0CE48	EFTU1_ECOLI;EFTU2_ECOLI	tufA;tufB	Elongation factor Tu 1	29	0	7.29173e+09	7.2629e+09	6.57663e+09	6.68968e+09	7.12764e+09	6.79436e+09
P0CG19	RNPH_ECOLI	rph	Inactive ribonuclease PH	3	3	2.28927e+07	2.4117e+07	2.26634e+07	2.28327e+07	2.21192e+07	2.31779e+07
P0CK95	ACFD_ECOLI	yghJ	Putative lipoprotein AcfD homolog	28	28	1.9707e+07	1.98033e+07	1.98112e+07	1.95618e+07	1.99464e+07	1.93011e+07
P10100	RLPA_ECOLI	rlpA	Rare lipoprotein A	3	3	2.60567e+07	2.52314e+07	2.44428e+07	2.6224e+07	2.51789e+07	2.53345e+07
P10121	FTSY_ECOLI	ftsY	Signal recognition particle receptor FtsY	21	21	1.27787e+08	1.31547e+08	1.32274e+08	1.29701e+08	1.23471e+08	1.32565e+08
P10145ups|IL8_HUMAN_UPS	Interleukin-8,	Interleukin-8,		1	1	5.765e+06		4.73672e+06		3.38302e+06	
P10346	GLNQ_ECOLI	glnQ	Glutamine transport ATP-binding protein GlnQ	4	4	3.98951e+07	4.02574e+07	3.72506e+07	3.97782e+07	3.76208e+07	3.77232e+07
P10371	HIS4_ECOLI	hisA	1-(5-phosphoribosyl)-5-[(5-phosphoribosylamino)methylideneamino] imidazole-4-carboxamide isomerase	4	4	8.15308e+06	8.34034e+06	8.23274e+06	7.95153e+06	7.63686e+06	8.18449e+06
P10378	ENTE_ECOLI	entE	Enterobactin synthase component E	4	4	854776	730742	1.07989e+06	953756	1.08419e+06	903355
P10384	FADL_ECOLI	fadL	Long-chain fatty acid transport protein	14	14	1.00884e+08	9.9405e+07	9.36355e+07	9.94786e+07	9.9693e+07	9.53349e+07
P10408	SECA_ECOLI	secA	Protein translocase subunit SecA	39	39	4.96575e+07	5.12687e+07	5.05985e+07	5.06263e+07	4.94462e+07	5.00631e+07
P10441	LPXB_ECOLI	lpxB	Lipid-A-disaccharide synthase	3	3	3.03884e+06	3.49592e+06	3.73924e+06	3.54436e+06	3.13528e+06	3.58035e+06
P10442	RNH2_ECOLI	rnhB	Ribonuclease HII	2	2	2.25547e+06	2.08857e+06	2.19676e+06	1.90874e+06	2.46432e+06	1.92521e+06
P10443	DPO3A_ECOLI	dnaE	DNA polymerase III subunit alpha	7	7	1.24439e+06	1.30429e+06	1.34485e+06	1.22174e+06	1.26035e+06	1.36878e+06
P10599ups|THIO_HUMAN_UPS	Thioredoxin	Thioredoxin		3	3	1.58093e+07		1.3479e+07			
P10636-8ups|TAU_HUMAN_UPS	Microtubule-associated	Microtubule-associated		15	15	4.6258e+07	1.27682e+06	4.29527e+07		4.55159e+07	1.1069e+06
P10903	NARK_ECOLI	narK	Nitrite extrusion protein 1	2	1	1.11215e+07	1.00945e+07	1.06952e+07	1.00984e+07	1.04118e+07	1.09934e+07
P10908	UGPQ_ECOLI	ugpQ	Glycerophosphoryl diester phosphodiesterase	5	5	2.08322e+06	2.6119e+06	2.29658e+06	2.17896e+06	2.21827e+06	2.46831e+06
P11349	NARH_ECOLI	narH	Respiratory nitrate reductase 1 beta chain	12	9	1.5596e+07	1.65578e+07	1.67836e+07	1.67269e+07	1.72048e+07	1.65211e+07
P11447	ARLY_ECOLI	argH	Argininosuccinate lyase	8	8	7.09503e+06	7.61095e+06	7.87848e+06	7.56997e+06	7.38385e+06	7.45678e+06
P11557	DAMX_ECOLI	damX	Protein DamX	9	9	2.93246e+07	2.95187e+07	2.95924e+07	3.05148e+07	2.92587e+07	2.9528e+07
P11875	SYR_ECOLI	argS	Arginine--tRNA ligase	28	28	5.8592e+07	5.97262e+07	5.82704e+07	5.76486e+07	5.85413e+07	5.82395e+07
P11880	MURF_ECOLI	murF	UDP-N-acetylmuramoyl-tripeptide--D-alanyl-D-alanine ligase	4	4	2.35718e+07	2.50746e+07	2.6522e+07	2.54229e+07	2.68626e+07	2.57872e+07
P11988	BGLB_ECOLI	bglB	6-phospho-beta-glucosidase BglB	1	1	1.36005e+06	1.25324e+06	1.26317e+06	1.24648e+06	1.47745e+06	1.35233e+06
P12008	AROC_ECOLI	aroC	Chorismate synthase	3	3	1.3912e+07	1.3929e+07	1.37101e+07	1.39283e+07	1.39503e+07	1.37556e+07
P12081ups|SYHC_HUMAN_UPS	Histidyl-tRNA	Histidyl-tRNA		20	20	7.56122e+07	3.01711e+06	7.90583e+07	3.33004e+06	7.48376e+07	3.27225e+06
P12281	MOEA_ECOLI	moeA	Molybdopterin molybdenumtransferase	10	10	3.21512e+07	3.15579e+07	3.25234e+07	3.36302e+07	3.31098e+07	3.39151e+07
P12282	MOEB_ECOLI	moeB	Molybdopterin-synthase adenylyltransferase	2	2	8.39173e+06	8.43425e+06		7.05435e+06	7.3085e+06	7.6042e+06
P12295	UNG_ECOLI	ung	Uracil-DNA glycosylase	9	9	1.31505e+07	1.44072e+07	1.20385e+07	1.33614e+07	1.35877e+07	1.3078e+07
P12758	UDP_ECOLI	udp	Uridine phosphorylase	12	12	2.63703e+08	2.69235e+08	2.60419e+08	2.60992e+08	2.57001e+08	2.53962e+08
P12994	YBHB_ECOLI	ybhB	UPF0098 protein YbhB	2	2	2.35676e+06	2.20514e+06	2.15376e+06	1.87182e+06	2.08221e+06	2.28684e+06
P13001	BIOH_ECOLI	bioH	Pimelyl-[acyl-carrier protein] methyl ester esterase	2	2	1.97895e+06	2.08029e+06	1.84765e+06	2.127e+06	2.4365e+06	1.77933e+06
P13009	METH_ECOLI	metH	Methionine synthase	24	24	8.74428e+06	9.1102e+06	9.14119e+06	9.36718e+06	9.19265e+06	9.31614e+06
P13016	AMPD_ECOLI	ampD	1,6-anhydro-N-acetylmuramyl-L-alanine amidase AmpD	5	5	7.96914e+06	7.93324e+06	8.12125e+06	7.85606e+06	8.05708e+06	7.95414e+06
P13024	FDHE_ECOLI	fdhE	Protein FdhE	11	11	1.93056e+07	1.87812e+07	1.9338e+07	1.92783e+07	1.83413e+07	1.95579e+07
P13029	KATG_ECOLI	katG	Catalase-peroxidase	41	41	1.92502e+08	1.9461e+08	1.92967e+08	1.95259e+08	1.92057e+08	1.99063e+08
P13033	GLPB_ECOLI	glpB	Anaerobic glycerol-3-phosphate dehydrogenase subunit B	6	6	2.3082e+06	2.47673e+06	2.36352e+06	2.12622e+06	2.4177e+06	2.35874e+06
P13035	GLPD_ECOLI	glpD	Aerobic glycerol-3-phosphate dehydrogenase	18	18	1.81654e+07	1.76343e+07	1.74339e+07	1.77444e+07	1.75953e+07	1.80943e+07
P13445	RPOS_ECOLI	rpoS	RNA polymerase sigma factor RpoS	14	14	2.84656e+07	2.6738e+07	2.73218e+07	2.66741e+07	2.7226e+07	2.67216e+07
P13482	TREA_ECOLI	treA	Periplasmic trehalase	3	3	3.29279e+06	2.26309e+06	2.63411e+06	2.94994e+06	2.44571e+06	2.37239e+06
P13656	CHIA_ECOLI	chiA	Probable bifunctional chitinase/lysozyme	1	1	996270	795701	884395	953467	918254	899046
P13979	TRAT1_ECOLI	traT	TraT complement resistance protein	7	7	1.88851e+07	1.87655e+07	1.91415e+07	1.94002e+07	1.88189e+07	1.84487e+07
P14081	SELB_ECOLI	selB	Selenocysteine-specific elongation factor	10	10	9.63513e+06	9.77223e+06	9.99649e+06	9.64725e+06	9.96063e+06	9.2144e+06
P14175	PROV_ECOLI	proV	Glycine betaine/L-proline transport ATP-binding protein ProV	7	7	1.5207e+07	1.37363e+07	1.58852e+07	1.57114e+07	1.58241e+07	1.44228e+07
P14294	TOP3_ECOLI	topB	DNA topoisomerase 3	7	7	448114	951928	1.14183e+06	769951	935012	737942
P14407	FUMB_ECOLI	fumB	Fumarate hydratase class I, anaerobic	25	17	1.3157e+08	1.33349e+08	1.29208e+08	1.34528e+08	1.32371e+08	1.34382e+08
P14900	MURD_ECOLI	murD	UDP-N-acetylmuramoylalanine--D-glutamate ligase	7	7	2.23616e+07	2.24238e+07	2.23832e+07	2.23393e+07	2.21969e+07	2.28116e+07
P15005	MCRB_ECOLI	mcrB	5-methylcytosine-specific restriction enzyme B	3	3	2.28167e+06	2.51337e+06	2.59174e+06	2.26226e+06	2.17492e+06	2.37806e+06
P15034	AMPP_ECOLI	pepP	Xaa-Pro aminopeptidase	13	13	6.33294e+07	6.51443e+07	6.51639e+07	6.6949e+07	6.56086e+07	6.78634e+07
P15038	HELD_ECOLI	helD	Helicase IV	4	4	898556	802228	1.46902e+06	1.26659e+06	723161	1.28651e+06
P15042	DNLJ_ECOLI	ligA	DNA ligase	19	19	2.4464e+07	2.46369e+07	2.46174e+07	2.47159e+07	2.38581e+07	2.41597e+07
P15047	ENTA_ECOLI	entA	2,3-dihydro-2,3-dihydroxybenzoate dehydrogenase	3	3	1.76831e+06	1.63915e+06	1.76638e+06	1.72138e+06	1.75428e+06	1.53451e+06
P15067	GLGX_ECOLI	glgX	Glycogen debranching enzyme	4	4	2.57445e+06	2.68375e+06	2.81265e+06	2.81389e+06	3.05413e+06	3.05399e+06
P15070	FLIN_ECOLI	fliN	Flagellar motor switch protein FliN	1	1	2.04162e+07	1.84201e+07	1.87753e+07	1.93161e+07	1.88765e+07	2.12699e+07
P15082	SRLR_ECOLI	srlR	Glucitol operon repressor	3	3	2.5815e+06	2.50974e+06	2.4427e+06	2.06586e+06	2.47123e+06	2.83322e+06
P15254	PUR4_ECOLI	purL	Phosphoribosylformylglycinamidine synthase	20	20	9.63308e+06	9.67662e+06	9.7007e+06	9.62171e+06	9.62747e+06	9.53667e+06
P15286	FLK_ECOLI	flk	Flagellar regulator flk	2	2	1.29113e+06	987376	1.13037e+06	886887	1.36652e+06	1.25775e+06
P15288	PEPD_ECOLI	pepD	Cytosol non-specific dipeptidase	21	21	1.36721e+08	1.43575e+08	1.39786e+08	1.4461e+08	1.41147e+08	1.45016e+08
P15559ups|NQO1_HUMAN_UPS	NAD(P)H	NAD(P)H		9	9	4.34314e+07	2.04716e+06	4.48361e+07	2.264e+06	4.57926e+07	2.50503e+06
P15639	PUR9_ECOLI	purH	Bifunctional purine biosynthesis protein PurH	15	15	3.45339e+07	3.46371e+07	3.47713e+07	3.44032e+07	3.47093e+07	3.47398e+07
P15640	PUR2_ECOLI	purD	Phosphoribosylamine--glycine ligase	8	8	1.88562e+07	1.88975e+07	1.96785e+07	1.8486e+07	2.00921e+07	1.90289e+07
P15770	AROE_ECOLI	aroE	Shikimate dehydrogenase	3	3	1.15748e+07	1.19164e+07	1.15166e+07	1.21473e+07	1.19808e+07	1.16254e+07
P15877	DHG_ECOLI	gcd	Quinoprotein glucose dehydrogenase	2	2		737242	709220	731644		1.40753e+06
P15977	MALQ_ECOLI	malQ	4-alpha-glucanotransferase	6	6	1.01408e+07	9.98881e+06	9.95022e+06	9.49294e+06	9.91658e+06	9.81703e+06
P16083ups|NQO2_HUMAN_UPS	Ribosyldihydronicotinamide	Ribosyldihydronicotinamide		10	10	3.14886e+07	1.50163e+06	3.05275e+07		3.13479e+07	1.65959e+06
P16095	SDHL_ECOLI	sdaA	L-serine dehydratase 1	10	10	2.67779e+07	2.8527e+07	2.6916e+07	2.73326e+07	2.76491e+07	2.52345e+07
P16384	MIAA_ECOLI	miaA	tRNA dimethylallyltransferase	12	12	4.88235e+06	5.02388e+06	5.09784e+06	5.33549e+06	5.17917e+06	4.91637e+06
P16431	HYCE_ECOLI	hycE	Formate hydrogenlyase subunit 5	16	15	1.16455e+07	1.11915e+07	1.13612e+07	1.10777e+07	1.11044e+07	1.06733e+07
P16432	HYCF_ECOLI	hycF	Formate hydrogenlyase subunit 6	2	2	258871	298260	385969	338978		305034
P16433	HYCG_ECOLI	hycG	Formate hydrogenlyase subunit 7	1	0	3.92618e+06	4.73391e+06	4.6484e+06	5.00088e+06	4.54994e+06	4.14927e+06
P16456	SELD_ECOLI	selD	Selenide, water dikinase	8	8	3.76525e+07	3.89927e+07	3.89505e+07	3.87128e+07	3.86448e+07	3.97472e+07
P16525	TUS_ECOLI	tus	DNA replication terminus site-binding protein	2	2			593186	481827	494719	580753
P16528	ICLR_ECOLI	iclR	Acetate operon repressor	4	4	7.25429e+06	7.3654e+06	7.60892e+06	6.85114e+06	7.70191e+06	7.22121e+06
P16659	SYP_ECOLI	proS	Proline--tRNA ligase	28	28	9.25796e+07	9.29178e+07	9.47277e+07	9.13311e+07	9.58628e+07	9.24585e+07
P16676	CYSA_ECOLI	cysA	Sulfate/thiosulfate import ATP-binding protein CysA	5	5	1.75327e+06	1.93213e+06	1.76978e+06	1.81607e+06	1.73601e+06	1.67262e+06
P16700	CYSP_ECOLI	cysP	Thiosulfate-binding protein	23	23	3.20864e+07	3.289e+07	3.50689e+07	3.46447e+07	3.40975e+07	3.52294e+07
P16703	CYSM_ECOLI	cysM	Cysteine synthase B	7	7	1.04265e+07	1.06823e+07	1.04098e+07	1.00724e+07	1.05645e+07	1.12177e+07
P16926	MREC_ECOLI	mreC	Cell shape-determining protein MreC	7	7	3.6295e+06	3.97636e+06	3.91928e+06	3.55852e+06	3.68128e+06	3.61546e+06
P17109	MEND_ECOLI	menD	2-succinyl-5-enolpyruvyl-6-hydroxy-3-cyclohexene-1-carboxylate synthase	7	7	7.77548e+06	6.67836e+06	8.14298e+06	8.73314e+06	7.91286e+06	8.48967e+06
P17115	GUTQ_ECOLI	gutQ	Arabinose 5-phosphate isomerase GutQ	5	5	1.04183e+07	1.05494e+07	1.04478e+07	9.83017e+06	1.10278e+07	9.92218e+06
P17117	NFSA_ECOLI	nfsA	Oxygen-insensitive NADPH nitroreductase	3	3	2.13992e+07	2.18731e+07	2.03426e+07	1.85659e+07	1.87674e+07	1.98673e+07
P17169	GLMS_ECOLI	glmS	Glutamine--fructose-6-phosphate aminotransferase [isomerizing]	36	36	1.95977e+08	1.98739e+08	1.98898e+08	1.965e+08	1.91936e+08	1.96799e+08
P17315	CIRA_ECOLI	cirA	Colicin I receptor	9	9	8.44691e+06	8.28994e+06	8.01887e+06	8.31361e+06	8.47711e+06	8.24926e+06
P17443	MURG_ECOLI	murG	UDP-N-acetylglucosamine--N-acetylmuramyl-(pentapeptide) pyrophosphoryl-undecaprenol N-acetylglucosamine transferase	11	11	7.84374e+06	8.67523e+06	8.99408e+06	8.71223e+06	8.784e+06	8.79837e+06
P17445	BETB_ECOLI	betB	Betaine aldehyde dehydrogenase	6	6	3.35713e+06	3.22811e+06	3.35402e+06	3.4841e+06	3.26878e+06	3.24527e+06
P17846	CYSI_ECOLI	cysI	Sulfite reductase [NADPH] hemoprotein beta-component	32	32	2.79845e+07	2.74943e+07	2.77852e+07	2.7858e+07	2.8122e+07	2.75662e+07
P17854	CYSH_ECOLI	cysH	Phosphoadenosine phosphosulfate reductase	10	10	2.55381e+07	2.57422e+07	2.61421e+07	2.59096e+07	2.69446e+07	2.51182e+07
P17952	MURC_ECOLI	murC	UDP-N-acetylmuramate--L-alanine ligase	9	9	1.34657e+07	1.36633e+07	1.39001e+07	1.42002e+07	1.36056e+07	1.44786e+07
P17993	UBIG_ECOLI	ubiG	3-demethylubiquinone-9 3-methyltransferase	7	7	2.09739e+07	2.06664e+07	2.13506e+07	2e+07	2.01966e+07	2.02645e+07
P18133	PNCB_ECOLI	pncB	Nicotinate phosphoribosyltransferase	10	10	6.31143e+06	6.20235e+06	6.29928e+06	6.12459e+06	6.3401e+06	6.11474e+06
P18196	MINC_ECOLI	minC	Septum site-determining protein MinC	6	6	9.68153e+06	9.07115e+06	1.02541e+07	9.94212e+06	9.36197e+06	9.00943e+06
P18390	YJJA_ECOLI	yjjA	Uncharacterized protein YjjA	4	4	1.42221e+07	1.4057e+07	1.30835e+07	1.3765e+07	1.25221e+07	1.33527e+07
P18392	RSTB_ECOLI	rstB	Sensor protein RstB	3	3	862380	941193	966345	911740	746594	
P18393	YBDZ_ECOLI	ybdZ	Uncharacterized protein YbdZ	1	1		2.11923e+06		1.45998e+06	1.77221e+06	1.7957e+06
P18775	DMSA_ECOLI	dmsA	Dimethyl sulfoxide reductase DmsA	16	16	1.88562e+07	1.93057e+07	1.97949e+07	1.95404e+07	1.98137e+07	1.91222e+07
P18776	DMSB_ECOLI	dmsB	Anaerobic dimethyl sulfoxide reductase chain B	5	4	9.58142e+06	9.50524e+06	9.31472e+06	9.19367e+06	9.51256e+06	9.94451e+06
P18843	NADE_ECOLI	nadE	NH(3)-dependent NAD(+) synthetase	14	14	9.56016e+07	9.4892e+07	9.58325e+07	9.39226e+07	9.69727e+07	9.47675e+07
P19624	PDXA_ECOLI	pdxA	4-hydroxythreonine-4-phosphate dehydrogenase	4	4	2.4457e+06	3.10749e+06	2.39477e+06	3.11706e+06	2.66336e+06	2.5342e+06
P19926	AGP_ECOLI	agp	Glucose-1-phosphatase	5	5	1.44933e+07	1.48802e+07	1.45208e+07	1.46275e+07	1.49504e+07	1.47468e+07
P19930	HYAD_ECOLI	hyaD	Hydrogenase 1 maturation protease	1	1					6.07628e+06	
P19931	HYAE_ECOLI	hyaE	Hydrogenase-1 operon protein HyaE	2	2	3.99161e+06	3.71081e+06	4.06124e+06	3.63955e+06	3.56428e+06	4.04249e+06
P19932	HYAF_ECOLI	hyaF	Hydrogenase-1 operon protein HyaF	1	1	4.91935e+06		4.78416e+06			5.09075e+06
P19934	TOLA_ECOLI	tolA	Protein TolA	4	4	8.18468e+06	7.94938e+06	8.69829e+06	8.41033e+06	7.58414e+06	8.62041e+06
P20083	PARE_ECOLI	parE	DNA topoisomerase 4 subunit B	6	6	9.06001e+06	8.69624e+06	8.79174e+06	8.9552e+06	9.06299e+06	9.1463e+06
P20099	BISC_ECOLI	bisC	Biotin sulfoxide reductase	5	5	1.927e+06	894499	2.13495e+06	1.33846e+06	1.29024e+06	1.43695e+06
P20605	FIC_ECOLI	fic	Probable adenosine monophosphate-protein transferase fic	1	1	1.76769e+06	1.64447e+06	1.8616e+06	1.89886e+06	1.79448e+06	1.74512e+06
P20966	PTFBC_ECOLI	fruA	PTS system fructose-specific EIIBC component	10	10	7.58033e+07	7.95944e+07	7.59958e+07	7.69158e+07	7.69089e+07	7.7189e+07
P21156	CYSD_ECOLI	cysD	Sulfate adenylyltransferase subunit 2	6	6	1.3161e+07	1.2638e+07	1.35144e+07	1.26264e+07	1.3161e+07	1.27562e+07
P21165	PEPQ_ECOLI	pepQ	Xaa-Pro dipeptidase	16	16	1.07999e+08	1.09249e+08	1.08087e+08	1.08187e+08	1.06607e+08	1.07803e+08
P21169	DCOR_ECOLI	speC	Ornithine decarboxylase, constitutive	1	1			321490	263062		
P21170	SPEA_ECOLI	speA	Biosynthetic arginine decarboxylase	17	17	3.6502e+07	3.59017e+07	3.61969e+07	3.58408e+07	3.7277e+07	3.66762e+07
P21179	CATE_ECOLI	katE	Catalase HPII	7	7	1.85724e+06	2.11778e+06	2.20183e+06	1.9475e+06	2.15973e+06	2.1092e+06
P21338	RNI_ECOLI	rna	Ribonuclease I	6	6	4.13922e+06	3.41068e+06	3.65951e+06	3.48061e+06	3.51831e+06	3.82294e+06
P21365	YCIC_ECOLI	yciC	UPF0259 membrane protein YciC	1	1		4.37767e+06	4.00468e+06	4.42993e+06	4.8019e+06	3.45316e+06
P21367	YCAC_ECOLI	ycaC	Uncharacterized protein YcaC	7	7	1.16174e+07	1.16125e+07	1.17619e+07	1.17426e+07	1.05838e+07	1.25342e+07
P21369	PNCA_ECOLI	pncA	Pyrazinamidase/nicotinamidase	2	2	6.90091e+06	6.91035e+06	7.93433e+06	7.33524e+06	7.45332e+06	6.62843e+06
P21420	NMPC_ECOLI	nmpC	Putative outer membrane porin protein NmpC	8	8	2.05206e+08	2.05556e+08	1.97552e+08	2.14485e+08	2.03338e+08	2.11948e+08
P21499	RNR_ECOLI	rnr	Ribonuclease R	33	33	1.91903e+07	1.96975e+07	1.88411e+07	1.90825e+07	1.90669e+07	1.84008e+07
P21507	SRMB_ECOLI	srmB	ATP-dependent RNA helicase SrmB	18	18	2.55198e+07	2.5257e+07	2.72515e+07	2.54729e+07	2.60519e+07	2.52287e+07
P21513	RNE_ECOLI	rne	Ribonuclease E	35	35	5.92545e+07	6.03472e+07	5.89474e+07	5.9913e+07	5.88493e+07	6.00738e+07
P21515	ACPH_ECOLI	acpH	Acyl carrier protein phosphodiesterase	2	2	786557	723557	749389	820801		759482
P21599	KPYK2_ECOLI	pykA	Pyruvate kinase II	23	23	1.18575e+08	1.22981e+08	1.18681e+08	1.21471e+08	1.19279e+08	1.21395e+08
P21645	LPXD_ECOLI	lpxD	UDP-3-O-(3-hydroxymyristoyl)glucosamine N-acyltransferase	2	2	2.81186e+07	2.77301e+07	2.84936e+07	2.80531e+07	2.63861e+07	2.78153e+07
P21829	YBHA_ECOLI	ybhA	Pyridoxal phosphate phosphatase YbhA	5	5	1.18683e+07	1.27438e+07	1.27393e+07	1.25498e+07	1.23235e+07	1.3033e+07
P21866	KDPE_ECOLI	kdpE	KDP operon transcriptional regulatory protein KdpE	1	1					445089	
P21888	SYC_ECOLI	cysS	Cysteine--tRNA ligase	20	20	5.97071e+07	5.92589e+07	6.29548e+07	5.90645e+07	6.12079e+07	6.19347e+07
P21889	SYD_ECOLI	aspS	Aspartate--tRNA ligase	34	34	7.42165e+07	7.52481e+07	7.43337e+07	7.3378e+07	7.46253e+07	7.44114e+07
P21893	RECJ_ECOLI	recJ	Single-stranded-DNA-specific exonuclease RecJ	4	4	2.58449e+06	2.4813e+06	2.41154e+06	2.34869e+06	2.74222e+06	2.26465e+06
P22106	ASNB_ECOLI	asnB	Asparagine synthetase B [glutamine-hydrolyzing]	10	10	9.20667e+06	8.37317e+06	8.9249e+06	8.51104e+06	8.84682e+06	8.83363e+06
P22186	MRAZ_ECOLI	mraZ	Protein MraZ	3	3	6.74974e+06	6.94188e+06	6.77304e+06	7.02163e+06	7.43027e+06	6.41268e+06
P22188	MURE_ECOLI	murE	UDP-N-acetylmuramoyl-L-alanyl-D-glutamate--2,6-diaminopimelate ligase	13	13	2.46853e+07	2.50828e+07	2.5113e+07	2.44219e+07	2.45258e+07	2.44754e+07
P22255	CYSQ_ECOLI	cysQ	3'(2'),5'-bisphosphate nucleotidase CysQ	7	7	2.99064e+07	2.88772e+07	2.85352e+07	2.79014e+07	2.95329e+07	2.86582e+07
P22256	GABT_ECOLI	gabT	4-aminobutyrate aminotransferase GabT	5	5	3.06278e+06	3.18718e+06	3.21417e+06	3.02775e+06	2.95052e+06	2.67015e+06
P22259	PCKA_ECOLI	pckA	Phosphoenolpyruvate carboxykinase [ATP]	17	17	6.38134e+07	6.66701e+07	6.25363e+07	6.66748e+07	6.35824e+07	6.70752e+07
P22333	ADD_ECOLI	add	Adenosine deaminase	13	13	7.89618e+07	7.7676e+07	7.8577e+07	7.5891e+07	7.42818e+07	7.5775e+07
P22523	MUKB_ECOLI	mukB	Chromosome partition protein MukB	41	41	3.02453e+07	3.0263e+07	3.11343e+07	3.09649e+07	3.12501e+07	3.07824e+07
P22524	MUKE_ECOLI	mukE	Chromosome partition protein MukE	8	8	2.28408e+07	2.20599e+07	2.33563e+07	2.39855e+07	2.41376e+07	2.25144e+07
P22525	YCBB_ECOLI	ycbB	Probable L,D-transpeptidase YcbB	11	11	1.65341e+07	1.62387e+07	1.62811e+07	1.56383e+07	1.66803e+07	1.5765e+07
P22564	RIHC_ECOLI	rihC	Non-specific ribonucleoside hydrolase RihC	1	1	844291	545571	721334	570349	726697	523006
P22634	MURI_ECOLI	murI	Glutamate racemase	6	6	4.26948e+06	5.98762e+06	4.76597e+06	5.54248e+06	4.37939e+06	5.18156e+06
P22707	FINO_ECOLI	finO	Fertility inhibition protein	2	2	1.98815e+06	1.83405e+06	1.81881e+06	1.65826e+06	2.08789e+06	2.06581e+06
P22939	ISPA_ECOLI	ispA	Farnesyl diphosphate synthase	4	4	1.23e+07	1.1717e+07	1.07392e+07	1.18184e+07	1.22772e+07	1.19251e+07
P23003	TRMA_ECOLI	trmA	tRNA (uracil(54)-C(5))-methyltransferase	4	4	9.32223e+06	9.94535e+06	1.12072e+07	1.01175e+07	1.01252e+07	1.1155e+07
P23256	MALY_ECOLI	malY	Protein MalY	1	1	1.60964e+06	1.91284e+06	1.46976e+06	1.7318e+06	1.95962e+06	1.70178e+06
P23305	YIGA_ECOLI	yigA	Uncharacterized protein YigA	7	7	4.9719e+06	6.0922e+06	5.37385e+06	5.50286e+06	5.58364e+06	5.40709e+06
P23331	KITH_ECOLI	tdk	Thymidine kinase	6	6	1.83886e+07	1.77768e+07	1.74781e+07	1.74992e+07	1.79601e+07	1.69321e+07
P23367	MUTL_ECOLI	mutL	DNA mismatch repair protein MutL	3	3	1.92381e+06	1.59267e+06	1.79896e+06	1.86849e+06	2.31983e+06	1.71169e+06
P23538	PPSA_ECOLI	ppsA	Phosphoenolpyruvate synthase	16	16	2.73384e+07	2.77701e+07	2.76816e+07	2.69678e+07	2.81788e+07	2.71849e+07
P23721	SERC_ECOLI	serC	Phosphoserine aminotransferase	17	17	5.2434e+07	5.39585e+07	5.36402e+07	5.30411e+07	5.38051e+07	5.33097e+07
P23827	ECOT_ECOLI	eco	Ecotin	6	6	5.25417e+07	5.35111e+07	5.16615e+07	5.20142e+07	5.27494e+07	5.10117e+07
P23830	PSS_ECOLI	pssA	CDP-diacylglycerol--serine O-phosphatidyltransferase	11	11	9.14266e+06	8.8891e+06	8.73679e+06	9.07539e+06	9.60565e+06	8.63123e+06
P23836	PHOP_ECOLI	phoP	Transcriptional regulatory protein PhoP	12	12	6.28658e+07	6.33804e+07	6.23485e+07	6.20987e+07	6.14256e+07	6.18836e+07
P23837	PHOQ_ECOLI	phoQ	Sensor protein PhoQ	4	4	2.89799e+06	2.65096e+06	3.01339e+06	2.71821e+06	2.79885e+06	2.88106e+06
P23839	YICC_ECOLI	yicC	UPF0701 protein YicC	12	12	2.84031e+07	2.76601e+07	2.77718e+07	2.84871e+07	2.8121e+07	2.81389e+07
P23843	OPPA_ECOLI	oppA	Periplasmic oligopeptide-binding protein	22	22	2.82933e+07	2.70349e+07	2.80905e+07	2.8166e+07	2.72214e+07	2.78437e+07
P23845	CYSN_ECOLI	cysN	Sulfate adenylyltransferase subunit 1	13	13	1.42148e+07	1.41357e+07	1.38442e+07	1.39775e+07	1.38328e+07	1.39608e+07
P23847	DPPA_ECOLI	dppA	Periplasmic dipeptide transport protein	2	2	1.35692e+06	1.42918e+06	1.64397e+06	1.3181e+06	1.19155e+06	1.4179e+06
P23857	PSPE_ECOLI	pspE	Thiosulfate sulfurtransferase PspE	2	2	2.15273e+07	2.22062e+07	1.99578e+07	2.14183e+07	2.11969e+07	2.07582e+07
P23865	PRC_ECOLI	prc	Tail-specific protease	23	23	2.5886e+07	2.53253e+07	2.61599e+07	2.58068e+07	2.64658e+07	2.54808e+07
P23869	PPIB_ECOLI	ppiB	Peptidyl-prolyl cis-trans isomerase B	6	6	2.53486e+08	2.66715e+08	2.46906e+08	2.61708e+08	2.52857e+08	2.57957e+08
P23871	HEMH_ECOLI	hemH	Ferrochelatase	6	6	8.8021e+06	9.2921e+06	1.00596e+07	8.7944e+06	9.50441e+06	9.649e+06
P23882	FMT_ECOLI	fmt	Methionyl-tRNA formyltransferase	9	9	4.45582e+07	4.33327e+07	4.48718e+07	4.37309e+07	4.68266e+07	4.29895e+07
P23886	CYDC_ECOLI	cydC	ATP-binding/permease protein CydC	3	3	1.72278e+06	1.67039e+06	2.14553e+06	2.01586e+06	1.7479e+06	1.90387e+06
P23890	CADC_ECOLI	cadC	Transcriptional activator CadC	3	3	1.3682e+06	1.10571e+06	1.15759e+06	1.07758e+06	1.33938e+06	1.43325e+06
P23893	GSA_ECOLI	hemL	Glutamate-1-semialdehyde 2,1-aminomutase	13	13	1.35785e+08	1.34191e+08	1.32068e+08	1.33641e+08	1.35522e+08	1.32967e+08
P23894	HTPX_ECOLI	htpX	Protease HtpX	3	3	1.50536e+07	1.48324e+07	1.55256e+07	1.55056e+07	1.56183e+07	1.55789e+07
P23908	ARGE_ECOLI	argE	Acetylornithine deacetylase	4	4	3.60101e+06	3.46194e+06	3.66317e+06	3.34829e+06	3.05092e+06	2.94323e+06
P23909	MUTS_ECOLI	mutS	DNA mismatch repair protein MutS	27	27	2.07051e+07	2.03492e+07	2.06222e+07	2.07905e+07	2.03888e+07	2.04304e+07
P23917	MAK_ECOLI	mak	Fructokinase	5	5	3.24391e+06	3.71278e+06	3.72402e+06	3.78617e+06	3.89029e+06	3.29918e+06
P23930	LNT_ECOLI	lnt	Apolipoprotein N-acyltransferase	1	1	465741	486284	438638	360779		
P24169	DCOS_ECOLI	speF	Ornithine decarboxylase, inducible	11	11	1.42851e+07	1.47347e+07	1.56478e+07	1.43613e+07	1.49022e+07	1.56267e+07
P24171	DCP_ECOLI	dcp	Peptidyl-dipeptidase dcp	14	14	1.19105e+07	1.19176e+07	1.21585e+07	1.17156e+07	1.18861e+07	1.13422e+07
P24173	RFAC_ECOLI	rfaC	Lipopolysaccharide heptosyltransferase 1	5	5	2.59803e+06	2.62718e+06	3.32148e+06	2.86572e+06	2.95361e+06	2.31435e+06
P24178	YFFB_ECOLI	yffB	Protein YffB	4	4	2.50548e+07	2.50072e+07	2.41965e+07	2.53696e+07	2.54637e+07	2.5106e+07
P24182	ACCC_ECOLI	accC	Biotin carboxylase	21	21	1.07656e+08	1.07374e+08	1.08346e+08	1.05154e+08	1.06468e+08	1.04694e+08
P24183	FDNG_ECOLI	fdnG	Formate dehydrogenase, nitrate-inducible, major subunit	29	29	2.8171e+07	2.70984e+07	2.78672e+07	2.73691e+07	2.74315e+07	2.69061e+07
P24186	FOLD_ECOLI	folD	Bifunctional protein FolD	9	9	2.47724e+07	2.68553e+07	2.432e+07	2.64536e+07	2.67116e+07	2.5684e+07
P24188	YCEA_ECOLI	yceA	UPF0176 protein YceA	2	2	6.34004e+06	5.61634e+06	6.23655e+06	5.76797e+06	6.79361e+06	5.2518e+06
P24192	HYPD_ECOLI	hypD	Hydrogenase isoenzymes formation protein HypD	3	3	515848	540316	542145	669698	657218	604699
P24193	HYPE_ECOLI	hypE	Hydrogenase isoenzymes formation protein HypE	5	5	1.30754e+07	1.28813e+07	1.37746e+07	1.37075e+07	1.31278e+07	1.29255e+07
P24202	MRR_ECOLI	mrr	Mrr restriction system protein	10	10	5.02652e+06	5.04825e+06	5.24236e+06	5.20375e+06	5.09272e+06	5.32265e+06
P24203	YJIA_ECOLI	yjiA	Uncharacterized GTP-binding protein YjiA	8	8	1.41806e+07	1.44038e+07	1.29964e+07	1.30923e+07	1.50236e+07	1.34602e+07
P24205	MSBB_ECOLI	msbB	Lipid A biosynthesis (KDO)2-(lauroyl)-lipid IVA acyltransferase	4	4	9.38751e+06	9.56228e+06	8.27214e+06	9.28603e+06	9.51403e+06	9.14144e+06
P24215	UXUA_ECOLI	uxuA	Mannonate dehydratase	5	5	6.28568e+06	5.93835e+06	5.40481e+06	6.77229e+06	6.15777e+06	5.37317e+06
P24216	FLID_ECOLI	fliD	Flagellar hook-associated protein 2	8	8	7.08162e+06	7.6589e+06	7.68817e+06	7.93746e+06	7.4267e+06	7.80513e+06
P24224	ACPS_ECOLI	acpS	Holo-[acyl-carrier-protein] synthase	1	1	6.65758e+06	6.69514e+06	6.96802e+06	6.41939e+06	6.59885e+06	6.55813e+06
P24228	DACB_ECOLI	dacB	D-alanyl-D-alanine carboxypeptidase DacB	8	8	4.07327e+06	3.96884e+06	3.97372e+06	3.95193e+06	4.33006e+06	4.5483e+06
P24230	RECG_ECOLI	recG	ATP-dependent DNA helicase RecG	2	2		1.00723e+06	1.17997e+06	651619		
P24232	HMP_ECOLI	hmp	Flavohemoprotein	3	3	6.4995e+06	6.43932e+06	6.94871e+06	6.47916e+06	6.57539e+06	6.23694e+06
P24251	CRL_ECOLI	crl	Sigma factor-binding protein Crl	3	3	2.72167e+07	2.46116e+07	2.82452e+07	2.46757e+07	2.6073e+07	2.5346e+07
P24252	YBGA_ECOLI	ybgA	Uncharacterized protein YbgA	3	3	6.23941e+06	6.12895e+06	6.46455e+06	5.50964e+06	6.4528e+06	5.84973e+06
P24255	RP54_ECOLI	rpoN	RNA polymerase sigma-54 factor	6	6	4.43735e+06	4.08225e+06	4.41305e+06	3.99692e+06	4.11211e+06	4.45247e+06
P24554	RADA_ECOLI	radA	DNA repair protein RadA	5	5	2.4521e+06	2.55777e+06	2.66482e+06	2.60203e+06	2.77631e+06	2.48034e+06
P25397	TEHB_ECOLI	tehB	Tellurite methyltransferase	9	9	9.64206e+06	1.00083e+07	9.52321e+06	9.84541e+06	1.05381e+07	9.9203e+06
P25437	FRMA_ECOLI	frmA	S-(hydroxymethyl)glutathione dehydrogenase	5	5	4.18857e+07	4.45877e+07	4.14078e+07	4.32686e+07	3.98795e+07	4.3779e+07
P25516	ACON1_ECOLI	acnA	Aconitate hydratase 1	14	14	7.77801e+06	7.67451e+06	7.67369e+06	7.60147e+06	7.74162e+06	6.67618e+06
P25519	HFLX_ECOLI	hflX	GTPase HflX	16	16	2.29474e+07	2.46335e+07	2.47744e+07	2.42036e+07	2.35283e+07	2.44265e+07
P25522	MNME_ECOLI	mnmE	tRNA modification GTPase MnmE	16	16	1.57563e+07	1.52889e+07	1.50143e+07	1.5737e+07	1.54525e+07	1.59688e+07
P25524	CODA_ECOLI	codA	Cytosine deaminase	7	7	1.31004e+07	1.24374e+07	1.23726e+07	1.29207e+07	1.20654e+07	1.23992e+07
P25526	GABD_ECOLI	gabD	Succinate-semialdehyde dehydrogenase [NADP(+)] GabD	5	5	4.83192e+06	4.2794e+06	3.93448e+06	4.07931e+06	4.69362e+06	4.28641e+06
P25535	VISC_ECOLI	visC	Protein VisC	5	5	1.1712e+07	1.08417e+07	1.12354e+07	1.15611e+07	1.15111e+07	1.17402e+07
P25536	YHDE_ECOLI	yhdE	Maf-like protein YhdE	3	3	1.59232e+07	1.53987e+07	1.3297e+07	1.47953e+07	1.5174e+07	1.44252e+07
P25539	RIBD_ECOLI	ribD	Riboflavin biosynthesis protein RibD	10	10	1.40572e+07	1.43218e+07	1.42081e+07	1.41045e+07	1.46114e+07	1.39014e+07
P25552	GPPA_ECOLI	gppA	Guanosine-5'-triphosphate,3'-diphosphate pyrophosphatase	8	8	3.00711e+06	2.77989e+06	3.19405e+06	2.87766e+06	2.73032e+06	2.78027e+06
P25553	ALDA_ECOLI	aldA	Lactaldehyde dehydrogenase	2	2	434969	359372	439816	405106	397124	320720
P25665	METE_ECOLI	metE	5-methyltetrahydropteroyltriglutamate--homocysteine methyltransferase	1	1		175529				
P25714	YIDC_ECOLI	yidC	Membrane protein insertase YidC	4	4	3.75728e+07	3.90423e+07	3.55325e+07	4.13398e+07	3.79978e+07	3.92709e+07
P25736	END1_ECOLI	endA	Endonuclease-1	2	2	8.53155e+07	8.47487e+07	8.17549e+07	7.84621e+07	8.80161e+07	8.49716e+07
P25740	RFAG_ECOLI	rfaG	Lipopolysaccharide core biosynthesis protein RfaG	4	4	2.98698e+06	2.98915e+06	3.36836e+06	3.22287e+06	3.04449e+06	3.72177e+06
P25745	MNMA_ECOLI	mnmA	tRNA-specific 2-thiouridylase MnmA	6	6	2.46e+07	2.42218e+07	2.58305e+07	2.41911e+07	2.41644e+07	2.45312e+07
P25746	HFLD_ECOLI	hflD	High frequency lysogenization protein HflD	8	8	9.94267e+06	9.81372e+06	1.04955e+07	9.85454e+06	1.06101e+07	1.03488e+07
P25798	FLIF_ECOLI	fliF	Flagellar M-ring protein	8	8	3.2134e+06	3.33238e+06	3.3179e+06	3.07348e+06	3.15556e+06	3.14862e+06
P25888	RHLE_ECOLI	rhlE	ATP-dependent RNA helicase RhlE	13	13	9.73855e+06	9.49555e+06	1.01675e+07	9.97627e+06	9.76897e+06	1.03129e+07
P25894	YGGG_ECOLI	yggG	Uncharacterized metalloprotease YggG	2	2	3.25115e+06	3.53878e+06	3.09613e+06	3.38372e+06	3.34599e+06	3.25472e+06
P25906	YDBC_ECOLI	ydbC	Putative oxidoreductase YdbC	5	5	3.32402e+06	3.86372e+06	3.87376e+06	3.96322e+06	3.65409e+06	3.4999e+06
P26602	UBIC_ECOLI	ubiC	Chorismate--pyruvate lyase	5	5	2.53624e+06	3.46888e+06	2.46997e+06	3.15034e+06	2.86659e+06	3.14849e+06
P26608	FLIS_ECOLI	fliS	Flagellar protein FliS	7	7	1.26881e+07	1.48055e+07	1.2338e+07	1.43695e+07	1.13021e+07	1.40297e+07
P26612	AMY2_ECOLI	amyA	Cytoplasmic alpha-amylase	2	2	2.65322e+06	3.53156e+06	4.32043e+06	3.41115e+06	3.87201e+06	3.86383e+06
P26616	MAO1_ECOLI	maeA	NAD-dependent malic enzyme	22	22	4.83667e+07	4.47888e+07	4.74735e+07	4.73169e+07	4.86887e+07	4.64013e+07
P26646	ACUI_ECOLI	acuI	Probable acrylyl-CoA reductase AcuI	9	9	4.81127e+07	4.93595e+07	4.80233e+07	4.70013e+07	4.829e+07	4.7715e+07
P26647	PLSC_ECOLI	plsC	1-acyl-sn-glycerol-3-phosphate acyltransferase	3	3	6.65312e+06	6.31071e+06	7.22306e+06	7.11571e+06	6.77869e+06	6.94449e+06
P26648	FTSP_ECOLI	ftsP	Cell division protein FtsP	5	5	2.54832e+06	2.47481e+06	2.55742e+06	2.76961e+06	2.92023e+06	2.47971e+06
P27238	YFED_ECOLI	yfeD	Uncharacterized protein YfeD	2	2	5.0697e+06	5.40164e+06	4.99056e+06	4.78085e+06	4.72978e+06	5.07198e+06
P27245	MARR_ECOLI	marR	Multiple antibiotic resistance protein MarR	1	1	540981	469340	499889	597230	656249	406122
P27248	GCST_ECOLI	gcvT	Aminomethyltransferase	8	8	4.62952e+07	4.67841e+07	4.379e+07	4.59116e+07	4.34066e+07	4.49762e+07
P27249	GLND_ECOLI	glnD	[Protein-PII] uridylyltransferase	2	2	443886	468054	424841	445519	501240	363472
P27250	YJGB_ECOLI	yjgB	Uncharacterized zinc-type alcohol dehydrogenase-like protein YjgB	4	4	6.59465e+06	6.02115e+06	7.89997e+06	6.25881e+06	6.95031e+06	7.8946e+06
P27278	NADR_ECOLI	nadR	Trifunctional NAD biosynthesis/regulator protein NadR	5	5	2.88602e+06	2.56251e+06	2.71967e+06	2.4812e+06	2.68576e+06	2.53116e+06
P27298	OPDA_ECOLI	prlC	Oligopeptidase A	32	32	4.47709e+07	4.67538e+07	4.58461e+07	4.63818e+07	4.58291e+07	4.67187e+07
P27302	TKT1_ECOLI	tktA	Transketolase 1	21	19	2.001e+08	1.96094e+08	1.98643e+08	1.948e+08	1.96633e+08	1.9292e+08
P27303	EMRA_ECOLI	emrA	Multidrug resistance protein A	11	11	8.12644e+06	7.61259e+06	7.99634e+06	7.37115e+06	7.83247e+06	7.84e+06
P27306	STHA_ECOLI	sthA	Soluble pyridine nucleotide transhydrogenase	5	5	4.7105e+06	4.87256e+06	4.73824e+06	5.5085e+06	4.58209e+06	4.54782e+06
P27431	YCFD_ECOLI	ycfD	50S ribosomal protein L16 arginine hydroxylase	6	6	3.01136e+07	2.85039e+07	2.98947e+07	2.96203e+07	3.09734e+07	2.94512e+07
P27434	RODZ_ECOLI	rodZ	Cytoskeleton protein RodZ	9	9	4.68897e+07	4.47591e+07	4.66028e+07	4.63621e+07	4.33925e+07	4.67091e+07
P27550	ACSA_ECOLI	acs	Acetyl-coenzyme A synthetase	3	3	613178	592802	621559	583610	598808	607753
P27828	WECB_ECOLI	wecB	UDP-N-acetylglucosamine 2-epimerase	10	10	1.20516e+07	1.23101e+07	1.22795e+07	1.28288e+07	1.36063e+07	1.18398e+07
P27829	WECC_ECOLI	wecC	UDP-N-acetyl-D-mannosamine dehydrogenase	9	9	1.28573e+07	1.36198e+07	1.34888e+07	1.35151e+07	1.30064e+07	1.32747e+07
P27830	RMLB2_ECOLI	rffG	dTDP-glucose 4,6-dehydratase 2	5	4	1.32781e+07	1.39669e+07	1.42175e+07	1.37548e+07	1.34508e+07	1.26611e+07
P27832	WECD_ECOLI	wecD	dTDP-fucosamine acetyltransferase	2	2	1.06253e+06	1.22565e+06	945427	1.09168e+06	1.30075e+06	1.08396e+06
P27833	RFFA_ECOLI	rffA	Lipopolysaccharide biosynthesis protein RffA	6	6	1.11235e+07	1.1541e+07	1.0858e+07	1.09689e+07	1.20483e+07	1.16937e+07
P27836	WECG_ECOLI	wecG	Probable UDP-N-acetyl-D-mannosaminuronic acid transferase	5	5	2.44378e+06	2.3792e+06	2.42191e+06	2.35484e+06	2.79977e+06	2.23058e+06
P27838	CYAY_ECOLI	cyaY	Protein CyaY	3	3	1.85437e+07	1.36243e+07	1.91252e+07	1.59208e+07	2.24617e+07	1.48409e+07
P27848	YIGL_ECOLI	yigL	Pyridoxal phosphate phosphatase YigL	5	5	1.9592e+07	1.99964e+07	1.89417e+07	1.97704e+07	1.89072e+07	1.92067e+07
P27859	TATD_ECOLI	tatD	Tat-linked quality control protein TatD	4	4	5.21081e+06	5.65931e+06	6.26798e+06	5.64263e+06	6.19067e+06	5.67352e+06
P28248	DCD_ECOLI	dcd	Deoxycytidine triphosphate deaminase	5	5	4.26194e+07	5.43704e+07	5.14503e+07	5.23449e+07	4.90523e+07	5.07334e+07
P28249	ASMA_ECOLI	asmA	Protein AsmA	9	9	2.45641e+07	2.56382e+07	2.63444e+07	2.48539e+07	2.43264e+07	2.306e+07
P28304	QOR1_ECOLI	qorA	Quinone oxidoreductase 1	8	8	2.48179e+07	2.43075e+07	2.47346e+07	2.42323e+07	2.29579e+07	2.50042e+07
P28306	YCEG_ECOLI	yceG	UPF0755 protein YceG	4	4	2.80252e+06	2.84747e+06	2.24365e+06	2.80998e+06	2.69097e+06	2.49139e+06
P28629	ADIA_ECOLI	adiA	Biodegradative arginine decarboxylase	12	12	9.46816e+06	9.03573e+06	9.3434e+06	8.63127e+06	8.99924e+06	9.02976e+06
P28630	HOLA_ECOLI	holA	DNA polymerase III subunit delta	3	3	226500	387216	326030	321083		346856
P28632	HOLD_ECOLI	holD	DNA polymerase III subunit psi	1	1	193074	295234	340804	302123	303382	337702
P28634	TSAA_ECOLI	tsaA	Probable tRNA (adenine(37)-N6)-methyltransferase	2	2			1.5046e+06		1.6387e+06	1.55407e+06
P28635	METQ_ECOLI	metQ	D-methionine-binding lipoprotein MetQ	14	14	7.79273e+07	6.75639e+07	7.57339e+07	6.84561e+07	7.91412e+07	6.8457e+07
P28903	NRDD_ECOLI	nrdD	Anaerobic ribonucleoside-triphosphate reductase	15	15	2.59613e+07	2.64454e+07	2.60892e+07	2.71725e+07	2.64078e+07	2.60507e+07
P28904	TREC_ECOLI	treC	Trehalose-6-phosphate hydrolase	12	12	1.32964e+07	1.38394e+07	1.3804e+07	1.35954e+07	1.43643e+07	1.34821e+07
P28905	HOLC_ECOLI	holC	DNA polymerase III subunit chi	4	4	2.77471e+06	2.6242e+06	2.52187e+06	2.89566e+06	2.7545e+06	2.57435e+06
P29012	ALR2_ECOLI	dadX	Alanine racemase, catabolic	2	2	2.9221e+06	2.30439e+06	2.66824e+06	2.82611e+06	3.02008e+06	2.53911e+06
P29018	CYDD_ECOLI	cydD	ATP-binding/permease protein CydD	4	4	1.25256e+06	1.42514e+06	1.62242e+06	1.23254e+06	1.71582e+06	1.59027e+06
P29131	FTSN_ECOLI	ftsN	Cell division protein FtsN	5	5	3.80489e+06	4.2581e+06	3.86589e+06	4.1076e+06	3.78759e+06	4.13397e+06
P29208	MENC_ECOLI	menC	o-succinylbenzoate synthase	6	6	1.29212e+07	1.25437e+07	1.2536e+07	1.07931e+07	1.38789e+07	1.24631e+07
P29217	YCEH_ECOLI	yceH	UPF0502 protein YceH	5	5	1.61027e+07	1.65978e+07	1.61361e+07	1.62264e+07	1.63622e+07	1.62777e+07
P29680	DCUP_ECOLI	hemE	Uroporphyrinogen decarboxylase	6	6	2.29344e+07	2.31592e+07	2.36793e+07	2.43702e+07	2.55051e+07	2.36802e+07
P29744	FLGL_ECOLI	flgL	Flagellar hook-associated protein 3	4	4	1.25689e+07	1.17828e+07	1.23477e+07	1.28439e+07	1.26327e+07	1.30365e+07
P29745	PEPT_ECOLI	pepT	Peptidase T	15	15	3.42588e+07	3.61057e+07	3.51588e+07	3.52207e+07	3.41044e+07	3.56604e+07
P30011	NADC_ECOLI	nadC	Nicotinate-nucleotide pyrophosphorylase [carboxylating]	13	13	1.93539e+07	1.86345e+07	2.04032e+07	1.97057e+07	2.01419e+07	2.03579e+07
P30014	RNT_ECOLI	rnt	Ribonuclease T	4	4	1.34578e+07	1.48829e+07	1.41358e+07	1.42237e+07	1.40854e+07	1.52091e+07
P30126	LEUD_ECOLI	leuD	3-isopropylmalate dehydratase small subunit	2	2	659296	602267		631895	515751	
P30128	GREB_ECOLI	greB	Transcription elongation factor GreB	6	6	7.38122e+06	6.42152e+06	7.43199e+06	7.54113e+06	7.53714e+06	7.46212e+06
P30130	FIMD_ECOLI	fimD	Outer membrane usher protein FimD	13	13	5.33756e+06	5.54012e+06	5.08562e+06	5.25612e+06	5.31301e+06	5.16482e+06
P30131	HYPF_ECOLI	hypF	Carbamoyltransferase HypF	1	1		1.02639e+06	1.07206e+06		1.35932e+06	1.21748e+06
P30177	YBIB_ECOLI	ybiB	Uncharacterized protein YbiB	8	8	3.62273e+07	3.61032e+07	3.59673e+07	3.62165e+07	3.70997e+07	3.6178e+07
P30178	YBIC_ECOLI	ybiC	Uncharacterized oxidoreductase YbiC	3	3	3.63988e+06	3.57939e+06	3.97758e+06	3.85266e+06	3.94707e+06	3.37386e+06
P30744	SDHM_ECOLI	sdaB	L-serine dehydratase 2	7	7	3.39215e+07	3.73879e+07	3.77912e+07	3.41204e+07	3.67941e+07	3.56426e+07
P30749	MOAE_ECOLI	moaE	Molybdopterin synthase catalytic subunit	5	5	1.04902e+07	1.05581e+07	1.04676e+07	9.82061e+06	9.8521e+06	1.00812e+07
P30750	METN_ECOLI	metN	Methionine import ATP-binding protein MetN	2	2	4.80235e+06	5.87395e+06	4.54552e+06	5.08845e+06	5.1917e+06	4.88888e+06
P30843	BASR_ECOLI	basR	Transcriptional regulatory protein BasR	2	2	5.59012e+06	6.17111e+06	5.46321e+06	5.47155e+06	5.96651e+06	5.51532e+06
P30844	BASS_ECOLI	basS	Sensor protein BasS	1	1					269747	248466
P30850	RNB_ECOLI	rnb	Exoribonuclease 2	24	24	4.10798e+07	4.13019e+07	4.11788e+07	4.08146e+07	4.23855e+07	4.08719e+07
P30855	EVGS_ECOLI	evgS	Sensor protein EvgS	3	3	1.92222e+06	1.5466e+06	1.82479e+06	1.49813e+06	1.56481e+06	1.44992e+06
P30859	ARTI_ECOLI	artI	Putative ABC transporter arginine-binding protein 2	8	8	1.39472e+07	1.60544e+07	1.55592e+07	1.60288e+07	1.53245e+07	1.61895e+07
P30860	ARTJ_ECOLI	artJ	ABC transporter arginine-binding protein 1	1	1		2.05419e+06	1.45029e+06	1.79396e+06		
P30864	YAFC_ECOLI	yafC	Uncharacterized HTH-type transcriptional regulator YafC	1	1			699908			581337
P30870	GLNE_ECOLI	glnE	Glutamate-ammonia-ligase adenylyltransferase	6	6	1.94657e+06	2.07042e+06	1.86077e+06	1.75745e+06	1.67513e+06	1.88544e+06
P30871	YGIF_ECOLI	ygiF	Uncharacterized protein YgiF	11	11	1.62576e+07	1.64073e+07	1.67109e+07	1.62168e+07	1.56981e+07	1.56114e+07
P30958	MFD_ECOLI	mfd	Transcription-repair-coupling factor	22	22	6.94022e+06	6.72921e+06	6.8651e+06	6.73728e+06	6.29961e+06	6.70145e+06
P31057	PANB_ECOLI	panB	3-methyl-2-oxobutanoate hydroxymethyltransferase	3	3	4.04354e+07	3.95044e+07	4.03113e+07	4.12768e+07	3.88772e+07	4.09603e+07
P31060	MODF_ECOLI	modF	Putative molybdenum transport ATP-binding protein ModF	3	3	760010	716628	772597	652723	695979	673341
P31063	YEDD_ECOLI	yedD	Uncharacterized lipoprotein YedD	4	4	5.3682e+07	4.80695e+07	5.52818e+07	4.98891e+07	4.64108e+07	5.29632e+07
P31068	FLIH_ECOLI	fliH	Flagellar assembly protein FliH	1	1	7.43352e+06	7.36079e+06	8.07823e+06	7.05245e+06	8.12525e+06	7.90327e+06
P31069	KCH_ECOLI	kch	Voltage-gated potassium channel Kch	6	6	5.58458e+06	6.60546e+06	6.02755e+06	5.97482e+06	5.31674e+06	6.27336e+06
P31119	AAS_ECOLI	aas	Bifunctional protein aas	13	13	5.33845e+06	5.45903e+06	5.86727e+06	5.24038e+06	5.50361e+06	5.85806e+06
P31120	GLMM_ECOLI	glmM	Phosphoglucosamine mutase	18	18	4.81253e+07	5.00305e+07	5.09054e+07	4.88485e+07	4.87752e+07	4.79325e+07
P31133	POTF_ECOLI	potF	Putrescine-binding periplasmic protein	2	2			2.953e+06	2.45723e+06		2.38979e+06
P31142	THTM_ECOLI	sseA	3-mercaptopyruvate sulfurtransferase	12	12	2.45435e+07	2.45019e+07	2.42268e+07	2.37712e+07	2.4846e+07	2.4076e+07
P31224	ACRB_ECOLI	acrB	Acriflavine resistance protein B	23	23	1.65948e+07	1.65579e+07	1.68224e+07	1.57465e+07	1.58463e+07	1.63637e+07
P31433	YICH_ECOLI	yicH	Uncharacterized protein YicH	5	5	4.2289e+06	4.56251e+06	4.23107e+06	4.11567e+06	4.42732e+06	4.07956e+06
P31441	ADEC_ECOLI	ade	Adenine deaminase	2	2	2.16571e+07	2.0503e+07	2.22742e+07	2.1987e+07	2.32853e+07	2.06574e+07
P31455	YIDR_ECOLI	yidR	Uncharacterized protein YidR	6	6	1.27321e+07	1.40051e+07	1.28595e+07	1.18902e+07	1.24717e+07	1.32422e+07
P31460	DGOR_ECOLI	dgoR	Galactonate operon transcriptional repressor	4	4	4.80915e+06	4.16732e+06	4.70617e+06	4.59097e+06	4.58661e+06	4.41306e+06
P31467	YIEH_ECOLI	yieH	6-phosphogluconate phosphatase	1	1	6.29653e+06	5.78911e+06	6.10946e+06	6.60702e+06	6.27879e+06	6.65037e+06
P31473	RAVA_ECOLI	ravA	ATPase RavA	5	5	6.65972e+06	6.45105e+06	7.12545e+06	6.547e+06	6.74299e+06	6.82185e+06
P31475	YIEP_ECOLI	yieP	Uncharacterized HTH-type transcriptional regulator YieP	4	4	1.19249e+07	1.31454e+07	1.31185e+07	1.22022e+07	1.21141e+07	1.18252e+07
P31545	EFEB_ECOLI	efeB	Deferrochelatase/peroxidase EfeB	4	4	1.57235e+06	1.44426e+06	1.57224e+06	1.59853e+06	1.47426e+06	1.51247e+06
P31550	THIB_ECOLI	thiB	Thiamine-binding periplasmic protein	7	7	9.58965e+06	9.50423e+06	9.88613e+06	9.9494e+06	9.93317e+06	9.5479e+06
P31554	LPTD_ECOLI	lptD	LPS-assembly protein LptD	29	29	2.93702e+07	2.91384e+07	2.96634e+07	2.94335e+07	3.00999e+07	2.94486e+07
P31658	HCHA_ECOLI	hchA	Molecular chaperone Hsp31 and glyoxalase 3	6	6	5.74478e+07	6.01512e+07	6.13685e+07	6.21306e+07	5.99036e+07	5.90872e+07
P31663	PANC_ECOLI	panC	Pantothenate synthetase	11	11	1.68473e+07	2.03787e+07	1.73213e+07	1.83182e+07	1.92142e+07	1.83264e+07
P31677	OTSA_ECOLI	otsA	Alpha,alpha-trehalose-phosphate synthase [UDP-forming]	2	2	1.71007e+06		1.89878e+06	2.04225e+06	1.88888e+06	2.18799e+06
P31678	OTSB_ECOLI	otsB	Trehalose-6-phosphate phosphatase	1	1	1.08146e+06	927084	1.15646e+06	1.17889e+06	1.24243e+06	1.08279e+06
P31680	DJLA_ECOLI	djlA	DnaJ-like protein DjlA	2	2	4.10838e+06	4.02595e+06	4.2271e+06	3.6033e+06	3.74162e+06	4.21242e+06
P31697	FIMC_ECOLI	fimC	Chaperone protein FimC	11	10	2.38201e+07	2.4745e+07	2.37866e+07	2.42271e+07	2.44853e+07	2.47465e+07
P31802	NARP_ECOLI	narP	Nitrate/nitrite response regulator protein NarP	6	6	1.20916e+07	1.09363e+07	1.19623e+07	9.89644e+06	1.14427e+07	1.07768e+07
P31806	NNR_ECOLI	nnr	Bifunctional NAD(P)H-hydrate repair enzyme Nnr	4	4	1.1582e+06	828283	1.21785e+06	1.09392e+06	1.05175e+06	1.06866e+06
P31808	YCIK_ECOLI	yciK	Uncharacterized oxidoreductase YciK	6	6	1.26574e+07	1.20579e+07	1.22912e+07	1.26588e+07	1.22422e+07	1.19675e+07
P31825	TRMN6_ECOLI	yfiC	tRNA1(Val) (adenine(37)-N6)-methyltransferase	1	1	604984	1.18788e+06		584313	643022	
P31979	NUOF_ECOLI	nuoF	NADH-quinone oxidoreductase subunit F	17	17	1.02483e+08	1.01186e+08	1.03701e+08	1.00288e+08	1.01887e+08	1.0246e+08
P32099	LPLA_ECOLI	lplA	Lipoate-protein ligase A	3	3	8.31456e+06	8.19765e+06	7.6434e+06	7.90139e+06	8.12512e+06	7.31724e+06
P32131	HEMN_ECOLI	hemN	Oxygen-independent coproporphyrinogen-III oxidase	14	14	1.37164e+07	1.35973e+07	1.32261e+07	1.33986e+07	1.29212e+07	1.34673e+07
P32132	TYPA_ECOLI	typA	GTP-binding protein TypA/BipA	28	28	2.01961e+08	2.01685e+08	2.01035e+08	1.98219e+08	1.99252e+08	1.96691e+08
P32144	YIHW_ECOLI	yihW	Uncharacterized HTH-type transcriptional regulator YihW	4	4	878703	816125	888248	971384	1.29168e+06	816987
P32157	YIIM_ECOLI	yiiM	Protein YiiM	5	5	1.52353e+07	1.54774e+07	1.56696e+07	1.56278e+07	1.55239e+07	1.56955e+07
P32160	YIIQ_ECOLI	yiiQ	Uncharacterized protein YiiQ	4	4	1.30509e+07	1.33568e+07	1.30606e+07	1.28783e+07	1.35553e+07	1.3034e+07
P32162	YIIS_ECOLI	yiiS	UPF0381 protein YiiS	2	2	1.28606e+06	1.00593e+06	1.04564e+06	879106	1.29426e+06	1.08323e+06
P32173	MOBA_ECOLI	mobA	Molybdenum cofactor guanylyltransferase	2	2	3.51011e+06	3.13349e+06	3.76004e+06	3.55092e+06	3.27961e+06	4.02894e+06
P32176	FDOG_ECOLI	fdoG	Formate dehydrogenase-O major subunit	35	35	2.97976e+07	2.89431e+07	2.91556e+07	2.98063e+07	2.87481e+07	2.97978e+07
P32177	FDHD_ECOLI	fdhD	Protein FdhD	3	3	2.1613e+06	2.10372e+06	2.08558e+06	1.71275e+06	1.92782e+06	1.8455e+06
P32662	GPH_ECOLI	gph	Phosphoglycolate phosphatase	5	5	9.53071e+06	9.13691e+06	1.00014e+07	9.64728e+06	9.74022e+06	9.4137e+06
P32664	NUDC_ECOLI	nudC	NADH pyrophosphatase	5	5	2.91491e+06	2.79326e+06	2.71897e+06	2.83913e+06	2.95896e+06	2.77764e+06
P32680	YJAG_ECOLI	yjaG	Uncharacterized protein YjaG	7	7	2.10387e+07	2.31807e+07	2.29061e+07	2.06347e+07	2.17988e+07	2.18225e+07
P32684	RLUF_ECOLI	rluF	Ribosomal large subunit pseudouridine synthase F	2	2	4.02627e+06	4.28348e+06	4.6506e+06	4.59503e+06	4.86727e+06	4.719e+06
P32685	YJBD_ECOLI	yjbD	Uncharacterized protein YjbD	2	2	2.72076e+06	3.33514e+06	3.08245e+06	2.42569e+06	2.7639e+06	2.82718e+06
P32695	DUSA_ECOLI	dusA	tRNA-dihydrouridine synthase A	6	6	1.54127e+07	1.40986e+07	1.4851e+07	1.3214e+07	1.39539e+07	1.45205e+07
P32703	YJCE_ECOLI	yjcE	Uncharacterized Na(+)/H(+) exchanger YjcE	3	3	4.6894e+06	4.14934e+06	4.98363e+06	4.60379e+06	4.44532e+06	4.94703e+06
P33012	SBMC_ECOLI	sbmC	DNA gyrase inhibitor	1	1	488122	268377		356884	423332	427043
P33018	SFGH2_ECOLI	yeiG	S-formylglutathione hydrolase YeiG	1	1	4.11895e+06	2.38747e+06	4.2713e+06		3.72433e+06	
P33025	PSUG_ECOLI	psuG	Pseudouridine-5'-phosphate glycosidase	5	5	3.35758e+06	3.30686e+06	3.47563e+06	3.34132e+06	3.63649e+06	3.34039e+06
P33030	YEIR_ECOLI	yeiR	Uncharacterized protein YeiR	6	6	6.87743e+06	6.87927e+06	7.01781e+06	7.21857e+06	7.30987e+06	7.30653e+06
P33136	OPGG_ECOLI	mdoG	Glucans biosynthesis protein G	21	21	5.01012e+07	5.2987e+07	5.00291e+07	5.24106e+07	5.17461e+07	5.14054e+07
P33195	GCSP_ECOLI	gcvP	Glycine dehydrogenase [decarboxylating]	16	16	2.60716e+07	2.62179e+07	2.59644e+07	2.64559e+07	2.70781e+07	2.65189e+07
P33218	YEBE_ECOLI	yebE	Inner membrane protein YebE	4	4	6.34683e+06	7.24147e+06	7.31179e+06	7.1403e+06	7.03086e+06	7.29681e+06
P33221	PURT_ECOLI	purT	Phosphoribosylglycinamide formyltransferase 2	2	2	1.04817e+06	1.13961e+06	1.12803e+06	1.0739e+06	1.26224e+06	1.18743e+06
P33224	AIDB_ECOLI	aidB	Putative acyl-CoA dehydrogenase AidB	3	3	3.2545e+06	2.46197e+06	2.79223e+06	2.3783e+06	2.36246e+06	2.95529e+06
P33225	TORA_ECOLI	torA	Trimethylamine-N-oxide reductase 1	1	1	9.75547e+06	9.69533e+06	1.03733e+07	1.09455e+07	9.3084e+06	1.07236e+07
P33232	LLDD_ECOLI	lldD	L-lactate dehydrogenase [cytochrome]	3	3	2.50494e+06	2.70666e+06	2.74053e+06	2.49226e+06	2.45853e+06	2.97912e+06
P33234	ADIY_ECOLI	adiY	HTH-type transcriptional regulator AdiY	1	1	1.03221e+06	1.04724e+06	1.22287e+06	920118	1.35928e+06	867422
P33235	FLGK_ECOLI	flgK	Flagellar hook-associated protein 1	10	10	1.3944e+07	1.45248e+07	1.55971e+07	1.43751e+07	1.54974e+07	1.45347e+07
P33355	YEHS_ECOLI	yehS	Uncharacterized protein YehS	6	6	5.34246e+06	5.32701e+06	6.02594e+06	5.00956e+06	5.65797e+06	5.11742e+06
P33362	OSMF_ECOLI	osmF	Putative osmoprotectant uptake system substrate-binding protein OsmF	4	4	6.96924e+06	7.84921e+06	6.87324e+06	7.63464e+06	6.69506e+06	6.68034e+06
P33363	BGLX_ECOLI	bglX	Periplasmic beta-glucosidase	25	25	1.3435e+07	1.42153e+07	1.52709e+07	1.37588e+07	1.44604e+07	1.38136e+07
P33371	DUSC_ECOLI	dusC	tRNA-dihydrouridine synthase C	4	4	3.11965e+06	2.44586e+06	3.63802e+06	3.27084e+06	3.44071e+06	3.65613e+06
P33570	TKT2_ECOLI	tktB	Transketolase 2	11	11	1.18818e+07	1.20015e+07	1.16236e+07	1.193e+07	1.24071e+07	1.21407e+07
P33590	NIKA_ECOLI	nikA	Nickel-binding periplasmic protein	19	19	1.8158e+07	1.80083e+07	1.78961e+07	1.82362e+07	1.82812e+07	1.80353e+07
P33599	NUOCD_ECOLI	nuoC	NADH-quinone oxidoreductase subunit C/D	34	34	8.33285e+07	8.12479e+07	8.39525e+07	8.21955e+07	8.31338e+07	8.22419e+07
P33602	NUOG_ECOLI	nuoG	NADH-quinone oxidoreductase subunit G	30	30	7.11868e+07	7.25775e+07	7.15923e+07	7.23999e+07	7.15598e+07	7.2591e+07
P33643	RLUD_ECOLI	rluD	Ribosomal large subunit pseudouridine synthase D	5	5	1.68037e+07	1.84631e+07	1.72264e+07	1.80335e+07	1.78365e+07	1.73948e+07
P33644	YFIH_ECOLI	yfiH	Laccase domain protein YfiH	1	1	828104	845114	966553	792778	817707	825786
P33650	FEOB_ECOLI	feoB	Ferrous iron transport protein B	5	5	6.1311e+06	6.04205e+06	6.79767e+06	6.64207e+06	6.29914e+06	6.69654e+06
P33667	SELU_ECOLI	selU	tRNA 2-selenouridine synthase	2	2	2.3717e+06	1.98333e+06	2.20779e+06	2.15121e+06	2.20049e+06	2.01813e+06
P33898	G3P3_ECOLI	gapC	Putative glyceraldehyde-3-phosphate dehydrogenase C	9	9	7.23067e+06	7.91279e+06	7.53363e+06	7.88906e+06	7.73046e+06	7.50755e+06
P33913	YEJA_ECOLI	yejA	Uncharacterized protein YejA	5	5	1.43044e+06	1.33743e+06	1.24885e+06	1.35345e+06	1.69486e+06	1.38243e+06
P33916	YEJF_ECOLI	yejF	Uncharacterized ABC transporter ATP-binding protein YejF	2	2	597874	452607	753887	460879	698158	
P33920	NDPA_ECOLI	yejK	Nucleoid-associated protein YejK	16	16	1.38526e+07	1.33558e+07	1.40165e+07	1.36165e+07	1.41026e+07	1.34019e+07
P33927	CCMF_ECOLI	ccmF	Cytochrome c-type biogenesis protein CcmF	2	2	646314		595293	623338	753255	546227
P33934	NAPH_ECOLI	napH	Ferredoxin-type protein NapH	1	1	158666	136485	175093	181177	184054	
P33937	NAPA_ECOLI	napA	Periplasmic nitrate reductase	22	22	1.18511e+08	1.18566e+08	1.22409e+08	1.16588e+08	1.24348e+08	1.2168e+08
P34209	YDCF_ECOLI	ydcF	Protein YdcF	2	2	5.69015e+06	5.68127e+06	5.84849e+06	5.5966e+06	5.78395e+06	5.56605e+06
P35340	AHPF_ECOLI	ahpF	Alkyl hydroperoxide reductase subunit F	24	24	6.71514e+07	6.87182e+07	6.61663e+07	6.56443e+07	6.45655e+07	6.63729e+07
P36548	AMIA_ECOLI	amiA	N-acetylmuramoyl-L-alanine amidase AmiA	4	4	5.60401e+06	5.0843e+06	6.03558e+06	6.15329e+06	5.59073e+06	6.02339e+06
P36553	HEM6_ECOLI	hemF	Coproporphyrinogen-III oxidase, aerobic	1	1		1.57589e+06	1.42703e+06	1.17477e+06	1.41828e+06	
P36566	SMTA_ECOLI	smtA	Protein SmtA	2	2	1.66032e+06	1.82039e+06	1.415e+06	1.41767e+06	1.56081e+06	1.30066e+06
P36659	CBPA_ECOLI	cbpA	Curved DNA-binding protein	6	6	2.25922e+07	2.1233e+07	2.09754e+07	2.19773e+07	2.16307e+07	2.16106e+07
P36672	PTTBC_ECOLI	treB	PTS system trehalose-specific EIIBC component	4	4	8.58027e+06	9.26798e+06	7.52847e+06	8.74668e+06	9.21343e+06	8.35851e+06
P36673	TRER_ECOLI	treR	HTH-type transcriptional regulator TreR	1	1	1.86305e+06	1.77967e+06	1.96094e+06	1.57091e+06	1.76903e+06	1.8229e+06
P36680	ZAPD_ECOLI	zapD	Cell division protein ZapD	6	6	1.60519e+07	1.73273e+07	1.73117e+07	1.58966e+07	1.6297e+07	1.62914e+07
P36683	ACON2_ECOLI	acnB	Aconitate hydratase 2	34	34	5.88296e+07	5.93829e+07	5.90912e+07	5.83459e+07	5.9415e+07	5.76379e+07
P36767	RDGC_ECOLI	rdgC	Recombination-associated protein RdgC	7	7	2.28999e+07	2.15906e+07	2.24325e+07	2.17258e+07	2.24959e+07	2.23083e+07
P36771	LRHA_ECOLI	lrhA	Probable HTH-type transcriptional regulator LrhA	2	2		7.85615e+06	7.15755e+06	7.83796e+06	7.49741e+06	7.51956e+06
P36879	YADG_ECOLI	yadG	Uncharacterized ABC transporter ATP-binding protein YadG	8	8	8.05421e+06	7.58406e+06	7.90691e+06	7.29709e+06	7.05884e+06	7.42849e+06
P36928	YEGD_ECOLI	yegD	Uncharacterized chaperone protein YegD	8	8	4.27491e+06	4.00526e+06	4.18283e+06	4.41632e+06	4.05671e+06	4.07491e+06
P36929	RSMB_ECOLI	rsmB	Ribosomal RNA small subunit methyltransferase B	1	1	1.63094e+06	2.88241e+06	1.50192e+06	2.71194e+06	2.02277e+06	2.87613e+06
P36930	GATR_ECOLI	gatR	Galactitol utilization operon repressor	2	2	3.61739e+06	3.34033e+06	3.30743e+06	3.21408e+06	3.36976e+06	3.34176e+06
P36938	PGM_ECOLI	pgm	Phosphoglucomutase	21	21	6.26882e+07	6.2302e+07	6.42747e+07	6.35082e+07	6.30676e+07	6.27073e+07
P36979	RLMN_ECOLI	rlmN	Dual-specificity RNA methyltransferase RlmN	10	10	1.04873e+07	1.00107e+07	1.06527e+07	1.01736e+07	1.1097e+07	1.00446e+07
P36999	RLMA_ECOLI	rlmA	23S rRNA (guanine(745)-N(1))-methyltransferase	4	4	4.77716e+06	4.97665e+06	5.43477e+06	5.64081e+06	4.9984e+06	5.33051e+06
P37005	LAST_ECOLI	lasT	Uncharacterized tRNA/rRNA methyltransferase LasT	5	5	5.00085e+06	4.80299e+06	5.37295e+06	5.01397e+06	5.69265e+06	4.88124e+06
P37025	LIGT_ECOLI	ligT	2'-5'-RNA ligase	2	2	673925	724186	627093	685079	712990	678943
P37028	BTUF_ECOLI	btuF	Vitamin B12-binding protein	3	3	1.72191e+06	2.0101e+06	2.01905e+06	1.84148e+06	2.37341e+06	1.89781e+06
P37051	PURU_ECOLI	purU	Formyltetrahydrofolate deformylase	9	9	2.17873e+07	2.1314e+07	2.23529e+07	2.1982e+07	2.21888e+07	2.17444e+07
P37095	PEPB_ECOLI	pepB	Peptidase B	18	18	5.11748e+07	4.80923e+07	5.12762e+07	4.97688e+07	5.06328e+07	4.88889e+07
P37128	NUDK_ECOLI	nudK	GDP-mannose pyrophosphatase NudK	3	3	4.19788e+06	4.47693e+06	4.72194e+06	4.35677e+06	4.78311e+06	4.02887e+06
P37177	PT1P_ECOLI	ptsP	Phosphoenolpyruvate-protein phosphotransferase PtsP	7	7	2.91726e+06	2.98561e+06	3.23629e+06	2.87998e+06	3.0763e+06	2.85347e+06
P37182	HYBD_ECOLI	hybD	Hydrogenase 2 maturation protease	7	7	2.00227e+07	1.82817e+07	2.0867e+07	2.04609e+07	1.94077e+07	2.06793e+07
P37194	SLP_ECOLI	slp	Outer membrane protein slp	6	6	2.7212e+08	2.78265e+08	2.46442e+08	2.73902e+08	2.60559e+08	2.66039e+08
P37325	YBCH_ECOLI	ybcH	Uncharacterized protein YbcH	3	3	601122	655687	536942	696285	686487	662388
P37329	MODA_ECOLI	modA	Molybdate-binding periplasmic protein	12	12	3.30652e+07	3.3682e+07	3.36572e+07	3.39397e+07	3.45923e+07	3.33705e+07
P37330	MASZ_ECOLI	glcB	Malate synthase G	8	8	7.8623e+06	7.23887e+06	7.42987e+06	8.04469e+06	7.41265e+06	7.3202e+06
P37342	YJJI_ECOLI	yjjI	Uncharacterized protein YjjI	9	9	1.34726e+07	1.34943e+07	1.4285e+07	1.32226e+07	1.31324e+07	1.32226e+07
P37349	DHAM_ECOLI	dhaM	PTS-dependent dihydroxyacetone kinase, phosphotransferase subunit DhaM	8	8	1.43045e+07	1.4106e+07	1.52552e+07	1.38121e+07	1.46979e+07	1.44115e+07
P37353	MENE_ECOLI	menE	2-succinylbenzoate--CoA ligase	4	4	1.14786e+06	1.18486e+06	1.39324e+06	1.03058e+06	1.28392e+06	1.20559e+06
P37440	UCPA_ECOLI	ucpA	Oxidoreductase UcpA	8	8	2.00613e+07	1.97994e+07	2.07849e+07	1.91581e+07	2.06766e+07	1.95939e+07
P37595	IAAA_ECOLI	iaaA	Isoaspartyl peptidase	1	1		173737	221306		229214	
P37613	YHHK_ECOLI	yhhK	Uncharacterized protein YhhK	4	4	2.33952e+07	2.31055e+07	2.47371e+07	2.36581e+07	2.25971e+07	2.40574e+07
P37617	ATZN_ECOLI	zntA	Lead, cadmium, zinc and mercury-transporting ATPase	13	13	7.54403e+06	7.45902e+06	7.32866e+06	7.7607e+06	7.57144e+06	7.74034e+06
P37624	YHIH_ECOLI	yhiH	Uncharacterized ABC transporter ATP-binding protein YhiH	2	2			832156			
P37626	YHII_ECOLI	yhiI	Uncharacterized protein YhiI	6	6	4.03344e+06	3.73094e+06	4.15956e+06	3.97038e+06	3.93374e+06	3.77636e+06
P37631	YHIN_ECOLI	yhiN	Uncharacterized protein YhiN	5	5	5.66513e+06	5.25523e+06	5.11575e+06	5.35616e+06	5.45501e+06	5.64032e+06
P37634	RLMJ_ECOLI	rlmJ	Ribosomal RNA large subunit methyltransferase J	14	14	3.00579e+07	3.06273e+07	3.09171e+07	3.12106e+07	3.03901e+07	3.03788e+07
P37636	MDTE_ECOLI	mdtE	Multidrug resistance protein MdtE	13	13	2.09833e+07	2.23414e+07	2.19848e+07	2.2692e+07	2.23384e+07	2.20823e+07
P37637	MDTF_ECOLI	mdtF	Multidrug resistance protein MdtF	7	7	1.74748e+06	1.80611e+06	1.89489e+06	1.73385e+06	1.707e+06	1.96541e+06
P37646	YHJH_ECOLI	yhjH	Cyclic di-GMP phosphodiesterase YhjH	2	2		373669	465050			406070
P37647	KDGK_ECOLI	kdgK	2-dehydro-3-deoxygluconokinase	7	7	1.00392e+07	1.06355e+07	9.4871e+06	9.91269e+06	9.70528e+06	9.65371e+06
P37648	YHJJ_ECOLI	yhjJ	Protein YhjJ	15	15	2.02764e+07	2.01812e+07	1.97675e+07	1.92746e+07	2.0403e+07	1.91834e+07
P37650	BCSC_ECOLI	bcsC	Cellulose synthase operon protein C	15	15	6.60598e+06	6.27887e+06	6.365e+06	6.57367e+06	6.79246e+06	6.68434e+06
P37651	GUN_ECOLI	bcsZ	Endoglucanase	6	6	7.50198e+06	7.66531e+06	7.49845e+06	7.55947e+06	7.89581e+06	7.88972e+06
P37652	BCSB_ECOLI	bcsB	Cyclic di-GMP-binding protein	15	15	1.44503e+07	1.49431e+07	1.47716e+07	1.46903e+07	1.50988e+07	1.45985e+07
P37655	BCSQ_ECOLI	bcsQ	Putative cellulose biosynthesis protein BcsQ	5	5	9.27139e+06	1.22827e+07	1.25678e+07	1.11997e+07	1.25858e+07	1.19289e+07
P37657	BCSE_ECOLI	bcsE	Protein BcsE homolog	4	4	4.96754e+06	4.74568e+06	5.04906e+06	4.5457e+06	5.10995e+06	4.94445e+06
P37659	BCSG_ECOLI	bcsG	Protein BcsG homolog	3	3	2.1767e+06	2.18057e+06	2.39449e+06	2.42464e+06	2.08665e+06	1.98974e+06
P37665	YIAD_ECOLI	yiaD	Inner membrane lipoprotein YiaD	7	7	3.67713e+07	3.62095e+07	3.7167e+07	3.6683e+07	3.87069e+07	3.73227e+07
P37666	GHRB_ECOLI	ghrB	Glyoxylate/hydroxypyruvate reductase B	10	10	1.05761e+08	1.00799e+08	1.05108e+08	1.02603e+08	1.02956e+08	1.03245e+08
P37685	ALDB_ECOLI	aldB	Aldehyde dehydrogenase B	5	5	7.21409e+06	6.40709e+06	7.57935e+06	7.31624e+06	7.58724e+06	7.10097e+06
P37689	GPMI_ECOLI	gpmI	2,3-bisphosphoglycerate-independent phosphoglycerate mutase	22	22	2.26724e+08	2.22894e+08	2.26124e+08	2.25684e+08	2.18082e+08	2.23787e+08
P37690	ENVC_ECOLI	envC	Murein hydrolase activator EnvC	7	7	2.75487e+06	2.47701e+06	2.68006e+06	2.67142e+06	2.9476e+06	2.52895e+06
P37692	RFAF_ECOLI	rfaF	ADP-heptose--LPS heptosyltransferase 2	8	8	1.78371e+07	1.97778e+07	1.84386e+07	1.83827e+07	1.91782e+07	1.77516e+07
P37747	GLF_ECOLI	glf	UDP-galactopyranose mutase	2	2						6.38341e+06
P37765	RLUB_ECOLI	rluB	Ribosomal large subunit pseudouridine synthase B	12	12	2.95082e+07	2.94469e+07	3.0503e+07	2.9555e+07	2.9678e+07	2.88147e+07
P37773	MPL_ECOLI	mpl	UDP-N-acetylmuramate:L-alanyl-gamma-D-glutamyl-meso-diaminopimelate ligase	14	14	5.05731e+07	5.08094e+07	5.19055e+07	4.96377e+07	5.05128e+07	4.95027e+07
P37774	YECC_ECOLI	yecC	Uncharacterized amino-acid ABC transporter ATP-binding protein YecC	1	1	738050					689817
P37902	GLTI_ECOLI	gltI	Glutamate/aspartate periplasmic-binding protein	7	7	4.96394e+06	5.22374e+06	5.5333e+06	5.21429e+06	5.15744e+06	5.09781e+06
P37903	USPF_ECOLI	uspF	Universal stress protein F	5	5	5.28438e+07	5.06325e+07	5.14927e+07	5.11556e+07	5.16507e+07	4.947e+07
P37908	YFJD_ECOLI	yfjD	UPF0053 inner membrane protein YfjD	5	5	4.46217e+06	4.11333e+06	4.16952e+06	4.51144e+06	4.57642e+06	4.41529e+06
P38038	CYSJ_ECOLI	cysJ	Sulfite reductase [NADPH] flavoprotein alpha-component	16	16	2.59368e+07	2.61085e+07	2.62112e+07	2.67746e+07	2.52737e+07	2.74132e+07
P38051	MENF_ECOLI	menF	Menaquinone-specific isochorismate synthase	2	2	1.84355e+06			1.88491e+06	2.4584e+06	
P38134	ETK_ECOLI	etk	Tyrosine-protein kinase etk	25	25	2.00418e+07	1.98134e+07	2.03936e+07	2.02993e+07	1.98975e+07	2.03529e+07
P38489	NFNB_ECOLI	nfnB	Oxygen-insensitive NAD(P)H nitroreductase	14	14	8.14352e+07	8.06734e+07	8.13347e+07	7.90207e+07	8.08659e+07	7.94281e+07
P38506	XNI_ECOLI	ygdG	Protein Xni	3	3	1.91452e+06	2.25579e+06	2.50225e+06	2.32728e+06	2.51535e+06	2.07607e+06
P38521	YGGL_ECOLI	yggL	Uncharacterized protein YggL	3	3	2.92998e+06	3.32125e+06	3.76368e+06	2.89274e+06	3.49294e+06	3.21311e+06
P39099	DEGQ_ECOLI	degQ	Periplasmic pH-dependent serine endoprotease DegQ	14	14	3.17026e+07	3.11567e+07	3.18176e+07	3.20166e+07	3.04313e+07	3.02862e+07
P39160	UXUB_ECOLI	uxuB	D-mannonate oxidoreductase	2	2	3.27083e+06	3.68068e+06	3.69269e+06	3.45323e+06	3.78046e+06	3.43485e+06
P39172	ZNUA_ECOLI	znuA	High-affinity zinc uptake system protein ZnuA	5	5	5.68439e+06	6.02236e+06	5.7383e+06	6.1345e+06	6.22002e+06	5.43699e+06
P39173	YEAD_ECOLI	yeaD	Putative glucose-6-phosphate 1-epimerase	7	7	9.78425e+07	1.03575e+08	1.00325e+08	1.04661e+08	1.01314e+08	1.03954e+08
P39176	ERFK_ECOLI	erfK	Probable L,D-transpeptidase ErfK/SrfK	4	4	2.3266e+06	2.64948e+06	2.80699e+06	2.72891e+06	2.47261e+06	2.52345e+06
P39177	USPG_ECOLI	uspG	Universal stress protein G	5	5	1.606e+08	1.61277e+08	1.35681e+08	1.6022e+08	1.57878e+08	1.62739e+08
P39187	YTFJ_ECOLI	ytfJ	Uncharacterized protein YtfJ	2	2			668970	412930	407237	412883
P39199	PRMB_ECOLI	prmB	50S ribosomal protein L3 glutamine methyltransferase	8	8	4.81997e+07	4.81741e+07	5.34274e+07	4.66249e+07	4.93306e+07	4.87942e+07
P39265	ALSB_ECOLI	alsB	D-allose-binding periplasmic protein	1	1	1.37034e+06	1.20858e+06	1.43727e+06	1.40696e+06	1.48373e+06	1.26517e+06
P39280	EPMB_ECOLI	epmB	L-lysine 2,3-aminomutase	4	4	5.50181e+06	6.14288e+06	6.10291e+06	5.28946e+06	5.85129e+06	5.58686e+06
P39286	RSGA_ECOLI	rsgA	Putative ribosome biogenesis GTPase RsgA	6	6	1.17904e+07	1.22053e+07	1.24658e+07	1.14832e+07	1.23137e+07	1.16646e+07
P39298	YJFP_ECOLI	yjfP	Esterase YjfP	1	1		3.93633e+06	2.77728e+06	2.74127e+06	3.71107e+06	3.19743e+06
P39300	ULAG_ECOLI	ulaG	Probable L-ascorbate-6-phosphate lactonase UlaG	1	1	1.59769e+06	1.95452e+06		1.91333e+06		1.4928e+06
P39304	ULAD_ECOLI	ulaD	3-keto-L-gulonate-6-phosphate decarboxylase UlaD	1	1	710678		800232		726303	549421
P39310	YTFB_ECOLI	ytfB	Uncharacterized protein YtfB	5	5	2.71335e+06	2.50515e+06	2.44567e+06	2.44277e+06	2.57085e+06	2.35092e+06
P39315	QOR2_ECOLI	qorB	Quinone oxidoreductase 2	5	5	1.35329e+07	1.44866e+07	1.43814e+07	1.41698e+07	1.40254e+07	1.37792e+07
P39321	TAMB_ECOLI	tamB	Translocation and assembly module TamB	14	14	2.93526e+06	2.87354e+06	2.96883e+06	3.01607e+06	2.97894e+06	3.00839e+06
P39325	YTFQ_ECOLI	ytfQ	ABC transporter periplasmic-binding protein YtfQ	2	2	3.68001e+06	4.24618e+06	4.14185e+06	3.56045e+06	4.13498e+06	4.293e+06
P39337	YJGM_ECOLI	yjgM	Uncharacterized N-acetyltransferase YjgM	1	1	2.70484e+06	2.76392e+06	2.74856e+06	2.34213e+06	3.07715e+06	2.61819e+06
P39342	YJGR_ECOLI	yjgR	Uncharacterized protein YjgR	10	10	4.65412e+06	5.20381e+06	5.13169e+06	5.06524e+06	5.29456e+06	5.02514e+06
P39347	INTB_ECOLI	intB	Putative prophage P4 integrase	2	2	2.73338e+06	2.83024e+06	2.6338e+06	2.74966e+06	2.85966e+06	2.70592e+06
P39377	IADA_ECOLI	iadA	Isoaspartyl dipeptidase	10	10	1.91208e+07	1.87923e+07	1.90631e+07	1.89501e+07	1.95274e+07	1.87815e+07
P39384	YJIM_ECOLI	yjiM	Uncharacterized protein YjiM	2	2	2.98308e+06		2.98983e+06	3.11484e+06	3.28356e+06	2.77545e+06
P39391	YJIT_ECOLI	yjiT	Putative uncharacterized protein YjiT	5	5	1.61613e+06	1.55012e+06	1.60586e+06	1.69045e+06	1.60429e+06	1.66187e+06
P39393	YJIV_ECOLI	yjiV	Putative uncharacterized protein YjiV	10	10	2.68687e+06	3.09288e+06	2.80489e+06	2.84836e+06	2.79334e+06	2.91088e+06
P39396	YJIY_ECOLI	yjiY	Inner membrane protein YjiY	6	6	1.85355e+07	1.96698e+07	1.90069e+07	1.91359e+07	1.93511e+07	1.87676e+07
P39401	OPGB_ECOLI	mdoB	Phosphoglycerol transferase I	9	9	3.09593e+06	3.2816e+06	3.18154e+06	3.42457e+06	3.48943e+06	3.29876e+06
P39406	RSMC_ECOLI	rsmC	Ribosomal RNA small subunit methyltransferase C	7	7	4.58611e+07	4.37194e+07	4.70579e+07	4.40114e+07	4.44104e+07	4.37189e+07
P39407	YJJU_ECOLI	yjjU	Uncharacterized protein YjjU	5	5	1.48717e+06	1.53022e+06	1.79544e+06	1.58358e+06	1.5046e+06	1.53716e+06
P39408	YJJV_ECOLI	yjjV	Uncharacterized deoxyribonuclease YjjV	3	3	1.41171e+06	1.42154e+06	1.34359e+06	1.36597e+06	1.41797e+06	1.32391e+06
P39411	NCPP_ECOLI	yjjX	Non-canonical purine NTP phosphatase	3	3	1.06815e+07	1.23343e+07	1.21015e+07	1.19276e+07	1.18477e+07	1.19631e+07
P39451	ADHP_ECOLI	adhP	Alcohol dehydrogenase, propanol-preferring	4	4	8.49507e+06	8.53449e+06	8.45756e+06	7.69927e+06	8.06478e+06	7.80168e+06
P39829	GARD_ECOLI	garD	D-galactarate dehydratase	3	3	1.08002e+06	995714	999843	978732	1.08843e+06	895483
P39830	YBAL_ECOLI	ybaL	Inner membrane protein YbaL	3	3	2.48425e+06	2.62532e+06	2.615e+06	2.8783e+06	3.11789e+06	2.68108e+06
P39831	YDFG_ECOLI	ydfG	NADP-dependent 3-hydroxy acid dehydrogenase YdfG	7	7	6.65729e+07	6.37914e+07	6.27339e+07	6.55267e+07	6.50825e+07	6.47773e+07
P39838	RCSD_ECOLI	rcsD	Sensor-like histidine kinase RcsD	5	5	1.36833e+06	1.60095e+06	1.79776e+06	1.54528e+06	1.73412e+06	1.71735e+06
P40120	OPGD_ECOLI	mdoD	Glucans biosynthesis protein D	14	14	1.43237e+07	1.41898e+07	1.35922e+07	1.38211e+07	1.34064e+07	1.39383e+07
P40191	PDXK_ECOLI	pdxK	Pyridoxine kinase	6	6	9.08102e+06	8.53903e+06	9.00916e+06	8.73482e+06	8.81042e+06	8.72915e+06
P40710	NLPE_ECOLI	nlpE	Lipoprotein NlpE	2	2	1.15247e+07	1.15039e+07	1.01242e+07	1.13191e+07	1.10638e+07	1.17389e+07
P40719	QSEC_ECOLI	qseC	Sensor protein QseC	5	5	742865	1.00433e+06	823517	1.02514e+06	833760	979881
P40874	MTOX_ECOLI	solA	N-methyl-L-tryptophan oxidase	14	14	1.96317e+07	1.88386e+07	1.97882e+07	1.9264e+07	2.01449e+07	1.97684e+07
P41052	MLTB_ECOLI	mltB	Membrane-bound lytic murein transglycosylase B	6	6	4.2102e+06	4.77124e+06	4.19392e+06	4.59062e+06	4.59097e+06	4.27725e+06
P41159ups|LEP_HUMAN_UPS	Leptin	Leptin		7	7	5.30906e+07	1.78402e+06	5.37928e+07	1.63337e+06	5.97291e+07	1.66331e+06
P41407	AZOR_ECOLI	azoR	FMN-dependent NADH-azoreductase	6	6	1.33851e+07	1.22337e+07	1.32229e+07	1.29603e+07	1.35002e+07	1.33119e+07
P41409	RIHA_ECOLI	rihA	Pyrimidine-specific ribonucleoside hydrolase RihA	5	5	6.02511e+06	5.88739e+06	6.14673e+06	5.50563e+06	5.95179e+06	5.93619e+06
P42596	RLMG_ECOLI	rlmG	Ribosomal RNA large subunit methyltransferase G	7	7	9.311e+06	9.76254e+06	9.60461e+06	9.23487e+06	9.74951e+06	9.95874e+06
P42599	YGJR_ECOLI	ygjR	Uncharacterized oxidoreductase YgjR	2	2	1.55846e+06	1.63579e+06	1.35933e+06	1.20771e+06	1.43798e+06	1.38227e+06
P42604	UXAA_ECOLI	uxaA	Altronate dehydratase	2	2	5.56561e+06	5.40601e+06	5.76913e+06	5.94632e+06	6.21656e+06	5.92623e+06
P42616	YQJC_ECOLI	yqjC	Protein YqjC	1	1	4.99488e+06	5.65373e+06		5.25638e+06	6.07522e+06	4.87932e+06
P42620	YQJG_ECOLI	yqjG	Glutathionyl-hydroquinone reductase YqjG	7	7	3.38866e+06	3.86152e+06	3.4283e+06	4.29538e+06	4.1441e+06	4.05683e+06
P42632	TDCE_ECOLI	tdcE	PFL-like enzyme TdcE	17	17	1.26041e+07	1.3351e+07	1.32474e+07	1.37985e+07	1.33488e+07	1.36418e+07
P42641	OBG_ECOLI	obgE	GTPase ObgE/CgtA	7	7	2.95789e+07	3.12281e+07	3.08986e+07	2.99268e+07	2.85793e+07	3.13509e+07
P43329	HRPA_ECOLI	hrpA	ATP-dependent RNA helicase HrpA	21	21	4.45115e+06	4.74472e+06	4.67611e+06	4.58568e+06	4.59515e+06	4.56833e+06
P43337	NUDL_ECOLI	nudL	Uncharacterized Nudix hydrolase NudL	3	3	732316	761476	767153	562621	825555	608036
P43533	FLGN_ECOLI	flgN	Flagella synthesis protein FlgN	2	2	4.09988e+06	3.9844e+06	5.76754e+06	4.28312e+06	4.69045e+06	4.82242e+06
P43671	PQIB_ECOLI	pqiB	Paraquat-inducible protein B	10	10	4.30786e+06	4.94084e+06	4.48951e+06	4.63261e+06	5.12097e+06	4.76989e+06
P43672	UUP_ECOLI	uup	ABC transporter ATP-binding protein uup	12	12	7.39687e+06	7.51651e+06	8.00758e+06	7.25947e+06	7.30845e+06	7.78996e+06
P43674	YCAL_ECOLI	ycaL	Uncharacterized metalloprotease YcaL	1	1	2.80543e+06	2.55282e+06	3.27048e+06	3.59025e+06	3.2951e+06	
P45395	KDSD_ECOLI	kdsD	Arabinose 5-phosphate isomerase KdsD	6	6	1.05108e+07	9.43621e+06	1.06342e+07	1.00742e+07	9.87658e+06	1.02588e+07
P45464	LPOA_ECOLI	lpoA	Penicillin-binding protein activator LpoA	15	15	2.8667e+07	3.08068e+07	2.99548e+07	3.00778e+07	2.872e+07	3.01003e+07
P45469	YRAR_ECOLI	yraR	Uncharacterized protein YraR	2	2	3.93001e+06	4.32495e+06	4.3446e+06	4.67613e+06	4.45747e+06	4.38192e+06
P45470	YHBO_ECOLI	yhbO	Protein YhbO	4	4	3.26522e+06	2.95274e+06	4.06527e+06	2.83425e+06	3.34316e+06	3.54388e+06
P45475	YHBV_ECOLI	yhbV	Uncharacterized protein YhbV	4	4	3.61311e+06	4.00055e+06	3.68185e+06	4.08523e+06	3.48711e+06	3.89733e+06
P45523	FKBA_ECOLI	fkpA	FKBP-type peptidyl-prolyl cis-trans isomerase FkpA	17	17	2.25068e+08	2.15636e+08	2.30638e+08	2.29083e+08	2.22857e+08	2.32118e+08
P45527	YHBU_ECOLI	yhbU	Uncharacterized protease YhbU	4	4	5.24241e+06	5.41836e+06	5.18305e+06	4.67239e+06	5.78492e+06	4.12379e+06
P45530	TUSB_ECOLI	tusB	Protein TusB	3	3	4.03628e+06	4.31394e+06	5.04112e+06	4.62274e+06	4.46254e+06	4.87201e+06
P45531	TUSC_ECOLI	tusC	Protein TusC	3	3	2.54904e+06	2.45554e+06	1.81243e+06	2.52246e+06	2.03236e+06	2.09371e+06
P45532	TUSD_ECOLI	tusD	Sulfurtransferase TusD	1	1	284293	214215	314665	253824	193885	239256
P45568	DXR_ECOLI	dxr	1-deoxy-D-xylulose 5-phosphate reductoisomerase	1	1	5.05789e+06	5.46903e+06	6.75427e+06	4.9095e+06	4.97631e+06	4.70485e+06
P45577	PROQ_ECOLI	proQ	ProP effector	14	14	1.17247e+08	1.14813e+08	1.17978e+08	1.1476e+08	1.1787e+08	1.15479e+08
P45578	LUXS_ECOLI	luxS	S-ribosylhomocysteine lyase	7	7	2.18174e+08	2.13253e+08	2.12269e+08	2.07567e+08	2.12402e+08	2.09593e+08
P45748	RIMN_ECOLI	rimN	tRNA threonylcarbamoyladenosine biosynthesis protein RimN	5	5	1.82952e+07	1.87808e+07	1.91547e+07	1.93977e+07	1.9312e+07	1.97053e+07
P45795	YRDB_ECOLI	yrdB	Uncharacterized protein YrdB	1	1	3.36774e+06	3.84544e+06	3.76435e+06	3.60283e+06	3.88752e+06	3.66523e+06
P45799	NUDE_ECOLI	nudE	ADP compounds hydrolase NudE	5	5	7.07262e+06	7.47066e+06	7.08106e+06	7.20289e+06	7.67915e+06	6.87153e+06
P45807	YBAM_ECOLI	ybaM	Uncharacterized protein YbaM	1	1	1.69689e+06		1.61198e+06	1.63644e+06	1.43141e+06	1.49068e+06
P45955	YBGF_ECOLI	ybgF	Uncharacterized protein YbgF	10	10	1.27092e+07	1.26517e+07	1.2133e+07	1.2764e+07	1.2771e+07	1.24535e+07
P46118	HEXR_ECOLI	hexR	HTH-type transcriptional regulator HexR	2	2		837717	992760		804337	771041
P46122	YAJI_ECOLI	yajI	Uncharacterized lipoprotein YajI	1	1		7.7194e+06		7.16459e+06	6.45284e+06	
P46125	YEDI_ECOLI	yedI	Inner membrane protein YedI	1	1	1.43947e+06	1.37858e+06	1.35896e+06	776179	1.45539e+06	1.64694e+06
P46130	YBHC_ECOLI	ybhC	Putative acyl-CoA thioester hydrolase YbhC	7	7	3.82376e+07	3.75256e+07	3.7394e+07	3.7538e+07	3.85791e+07	3.55395e+07
P46142	YGGM_ECOLI	yggM	Uncharacterized protein YggM	1	1	8.37812e+07	7.66373e+07	7.91166e+07	7.56875e+07	8.0231e+07	7.61141e+07
P46474	YHDP_ECOLI	yhdP	Uncharacterized protein YhdP	3	3	5.8536e+06	5.63194e+06	5.10121e+06	5.59502e+06	7.11392e+06	6.03607e+06
P46837	YHGF_ECOLI	yhgF	Protein YhgF	29	29	4.02118e+07	4.03471e+07	3.97553e+07	3.99316e+07	3.81437e+07	3.9688e+07
P46852	YHHW_ECOLI	yhhW	Quercetin 2,3-dioxygenase	3	3	3.16973e+06	5.05096e+06	5.21279e+06	4.9729e+06	5.86712e+06	5.58723e+06
P46853	YHHX_ECOLI	yhhX	Uncharacterized oxidoreductase YhhX	12	12	3.69864e+07	3.63102e+07	3.56572e+07	3.6132e+07	3.56439e+07	3.62208e+07
P46854	YHHY_ECOLI	yhhY	Uncharacterized N-acetyltransferase YhhY	2	2	1.86338e+06	2.71727e+06	2.11122e+06	2.52274e+06	2.24255e+06	2.66496e+06
P46859	GNTK_ECOLI	gntK	Thermoresistant gluconokinase	2	2	3.04591e+06		3.50391e+06	3.31569e+06	2.97554e+06	
P46889	FTSK_ECOLI	ftsK	DNA translocase FtsK	8	8	1.40765e+07	1.29118e+07	1.38925e+07	1.41168e+07	1.40621e+07	1.3702e+07
P50456	MLC_ECOLI	mlc	Protein mlc	5	5	5.04417e+06	5.41293e+06	5.09217e+06	4.81455e+06	4.83019e+06	5.41536e+06
P51024	YAIL_ECOLI	yaiL	Uncharacterized protein YaiL	3	3	3.34299e+06	3.40291e+06	3.70908e+06	2.81497e+06	3.24347e+06	3.69682e+06
P51025	SFGH1_ECOLI	frmB	S-formylglutathione hydrolase FrmB	1	1	1.00418e+07	1.01471e+07	9.90339e+06	1.05605e+07	1.05273e+07	9.8391e+06
P52006	NUDI_ECOLI	nudI	Nucleoside triphosphatase NudI	3	3	5.03106e+06	4.25208e+06	5.23345e+06	4.89463e+06	5.47066e+06	4.73658e+06
P52007	YECM_ECOLI	yecM	Protein YecM	8	8	5.42276e+06	5.90373e+06	5.73414e+06	5.78089e+06	5.8779e+06	5.66839e+06
P52060	YGGU_ECOLI	yggU	UPF0235 protein YggU	2	2	4.17997e+06	3.92794e+06	4.04856e+06	4.42719e+06	4.04445e+06	4.4442e+06
P52061	RDGB_ECOLI	rdgB	dITP/XTP pyrophosphatase	4	4	2.10566e+07	2.42153e+07	2.36075e+07	2.56398e+07	2.33864e+07	2.3901e+07
P52062	YGGW_ECOLI	yggW	Oxygen-independent coproporphyrinogen-III oxidase-like protein YggW	1	1				2.08118e+06		1.58621e+06
P52076	QSEB_ECOLI	qseB	Transcriptional regulatory protein QseB	5	5	2.50947e+06	3.02185e+06	3.40595e+06	2.34472e+06	2.84068e+06	2.5475e+06
P52095	DCLZ_ECOLI	ldcC	Lysine decarboxylase, constitutive	1	1	981016	1.0155e+06	1.11666e+06	846360		1.17649e+06
P52096	YAER_ECOLI	yaeR	Uncharacterized protein YaeR	1	1	2.83105e+06		2.37255e+06	2.20561e+06	2.52678e+06	
P52097	TILS_ECOLI	tilS	tRNA(Ile)-lysidine synthase	1	1			228047		209395	200282
P52108	RSTA_ECOLI	rstA	Transcriptional regulatory protein RstA	7	7	1.72146e+07	1.67046e+07	1.82096e+07	1.70712e+07	1.78627e+07	1.72897e+07
P52119	RATB_ECOLI	ratB	UPF0125 protein RatB	4	4	1.98944e+07	2.02197e+07	2.00006e+07	1.9245e+07	2.02093e+07	2.00983e+07
P52612	FLII_ECOLI	fliI	Flagellum-specific ATP synthase	2	2		448075	489674	364287		437291
P52613	FLIJ_ECOLI	fliJ	Flagellar FliJ protein	1	1	509089	412087	563453	516663	674811	566768
P52614	FLIK_ECOLI	fliK	Flagellar hook-length control protein	2	2	2.3698e+06	2.43529e+06	2.12408e+06	2.22576e+06	1.83756e+06	2.25699e+06
P52627	FLIZ_ECOLI	fliZ	Regulator of sigma S factor FliZ	1	1	1.19449e+06	1.32073e+06	1.08638e+06	858490	973346	1.08658e+06
P52643	LDHD_ECOLI	ldhA	D-lactate dehydrogenase	12	12	3.54467e+07	3.61637e+07	3.56675e+07	3.42208e+07	3.58425e+07	3.59069e+07
P52644	HSLJ_ECOLI	hslJ	Heat shock protein HslJ	2	2	3.74869e+06	2.79151e+06	3.21438e+06	3.1039e+06	3.21747e+06	3.04964e+06
P52647	NIFJ_ECOLI	ydbK	Probable pyruvate-flavodoxin oxidoreductase	14	14	6.86978e+06	6.74649e+06	7.53824e+06	6.68362e+06	8.01293e+06	7.52693e+06
P52697	6PGL_ECOLI	pgl	6-phosphogluconolactonase	9	9	1.16298e+08	1.21316e+08	1.17369e+08	1.20527e+08	1.17147e+08	1.19789e+08
P55135	RLMD_ECOLI	rlmD	23S rRNA (uracil(1939)-C(5))-methyltransferase RlmD	2	2	7.30498e+06	6.52028e+06	6.99337e+06	8.47569e+06	8.0435e+06	
P55957ups|BID_HUMAN_UPS	BH3-interacting	BH3-interacting		8	8	3.89257e+07	2.74918e+06	3.80483e+07		3.76633e+07	3.3227e+06
P56258	WECF_ECOLI	wecF	4-alpha-L-fucosyltransferase	2	2	1.71395e+06	1.47132e+06	1.7732e+06	1.49071e+06		1.44662e+06
P56262	DLHH_ECOLI	ysgA	Putative carboxymethylenebutenolidase	3	3	8.81386e+06	6.92893e+06	9.97428e+06	8.60851e+06	8.26106e+06	9.67465e+06
P60061	ADIC_ECOLI	adiC	Arginine/agmatine antiporter	2	2	3.36912e+06	3.29497e+06	3.46308e+06	3.3027e+06	3.4212e+06	3.67302e+06
P60240	RAPA_ECOLI	rapA	RNA polymerase-associated protein RapA	24	24	2.17507e+07	2.20758e+07	2.2095e+07	2.15774e+07	2.27313e+07	2.15663e+07
P60293	MUKF_ECOLI	mukF	Chromosome partition protein MukF	17	17	8.09549e+06	8.49356e+06	8.30991e+06	8.46483e+06	8.65325e+06	8.26464e+06
P60340	TRUB_ECOLI	truB	tRNA pseudouridine synthase B	8	8	3.25158e+07	3.4047e+07	3.4477e+07	3.25706e+07	3.41192e+07	3.42074e+07
P60390	RSMH_ECOLI	rsmH	Ribosomal RNA small subunit methyltransferase H	8	8	2.68035e+07	2.54956e+07	2.64879e+07	2.56888e+07	2.53098e+07	2.60558e+07
P60422	RL2_ECOLI	rplB	50S ribosomal protein L2	15	15	7.0429e+08	7.15749e+08	6.9024e+08	7.03738e+08	6.79417e+08	7.06185e+08
P60438	RL3_ECOLI	rplC	50S ribosomal protein L3	10	10	1.26583e+09	1.26274e+09	1.0131e+09	1.3021e+09	1.21533e+09	1.1738e+09
P60472	UPPS_ECOLI	ispU	Ditrans,polycis-undecaprenyl-diphosphate synthase ((2E,6E)-farnesyl-diphosphate specific)	4	4	6.11181e+06	6.43978e+06	6.36483e+06	6.4238e+06	6.41502e+06	6.96712e+06
P60546	KGUA_ECOLI	gmk	Guanylate kinase	6	6	5.49237e+07	5.44798e+07	5.43245e+07	5.39601e+07	5.25397e+07	5.3317e+07
P60560	GUAC_ECOLI	guaC	GMP reductase	7	7	9.15052e+06	9.92369e+06	9.40691e+06	9.16375e+06	9.66224e+06	9.46724e+06
P60595	HIS5_ECOLI	hisH	Imidazole glycerol phosphate synthase subunit HisH	2	2	8.68026e+06	7.77837e+06	7.90844e+06	7.82533e+06	8.17518e+06	8.53272e+06
P60624	RL24_ECOLI	rplX	50S ribosomal protein L24	7	7	9.18602e+08	9.3618e+08	9.48123e+08	9.52001e+08	8.97036e+08	9.5988e+08
P60651	SPEB_ECOLI	speB	Agmatinase	6	6	1.10765e+08	1.07245e+08	1.10337e+08	1.0833e+08	1.09073e+08	1.09288e+08
P60664	HIS6_ECOLI	hisF	Imidazole glycerol phosphate synthase subunit HisF	11	11	8.72941e+06	9.1504e+06	8.80386e+06	9.48365e+06	9.70618e+06	8.92786e+06
P60716	LIPA_ECOLI	lipA	Lipoyl synthase	11	11	7.00555e+07	6.99286e+07	6.81744e+07	6.9495e+07	6.93034e+07	6.89753e+07
P60720	LIPB_ECOLI	lipB	Octanoyltransferase	2	2	1.63723e+06	1.57663e+06	1.70158e+06	1.638e+06	1.75885e+06	1.72654e+06
P60723	RL4_ECOLI	rplD	50S ribosomal protein L4	14	14	9.97648e+08	1.01358e+09	1.02669e+09	1.00729e+09	1.04273e+09	9.53321e+08
P60752	MSBA_ECOLI	msbA	Lipid A export ATP-binding/permease protein MsbA	9	9	1.38249e+07	1.45268e+07	1.4179e+07	1.4934e+07	1.42413e+07	1.44383e+07
P60757	HIS1_ECOLI	hisG	ATP phosphoribosyltransferase	5	5	1.18349e+07	1.217e+07	1.19105e+07	1.15552e+07	1.21739e+07	1.18295e+07
P60785	LEPA_ECOLI	lepA	Elongation factor 4	19	19	3.29996e+07	3.3038e+07	3.36124e+07	3.2613e+07	3.21889e+07	3.30925e+07
P60906	SYH_ECOLI	hisS	Histidine--tRNA ligase	22	22	9.23381e+07	9.05479e+07	8.99999e+07	8.95304e+07	9.08505e+07	9.04977e+07
P60955	LGT_ECOLI	lgt	Prolipoprotein diacylglyceryl transferase	3	3	1.34518e+06	1.55189e+06	1.60509e+06		1.64077e+06	1.78078e+06
P61175	RL22_ECOLI	rplV	50S ribosomal protein L22	11	11	9.30697e+08	9.89879e+08	8.93277e+08	9.62518e+08	9.0665e+08	9.57565e+08
P61316	LOLA_ECOLI	lolA	Outer-membrane lipoprotein carrier protein	11	11	4.45066e+07	4.56174e+07	4.49269e+07	4.38356e+07	4.592e+07	4.33372e+07
P61320	LOLB_ECOLI	lolB	Outer-membrane lipoprotein LolB	11	11	1.75295e+07	1.82018e+07	1.74336e+07	1.71367e+07	1.8268e+07	1.76251e+07
P61517	CAN_ECOLI	can	Carbonic anhydrase 2	9	9	7.01049e+07	7.05475e+07	7.26157e+07	6.87723e+07	7.12523e+07	7.10774e+07
P61626ups|LYSC_HUMAN_UPS	Lysozyme	Lysozyme		3	3	7.71978e+07		7.71393e+07		7.66513e+07	
P61714	RISB_ECOLI	ribE	6,7-dimethyl-8-ribityllumazine synthase	10	10	2.31619e+08	2.23626e+08	2.22606e+08	2.25767e+08	2.24557e+08	2.24654e+08
P61769ups|B2MG_HUMAN_UPS	Beta-2-microglobulin	Beta-2-microglobulin		2	2	1.3388e+07		1.43137e+07		1.46561e+07	
P61887	RMLA2_ECOLI	rmlA2	Glucose-1-phosphate thymidylyltransferase 2	3	3	3.4825e+06	3.74912e+06	3.70455e+06	3.48447e+06	3.28378e+06	3.65016e+06
P61889	MDH_ECOLI	mdh	Malate dehydrogenase	15	15	9.8515e+07	1.0081e+08	9.88753e+07	1.01246e+08	9.60826e+07	1.00108e+08
P61949	FLAV_ECOLI	fldA	Flavodoxin-1	6	6	1.56496e+08	1.50342e+08	1.53072e+08	1.54777e+08	1.50347e+08	1.53312e+08
P62399	RL5_ECOLI	rplE	50S ribosomal protein L5	19	19	1.39001e+09	1.43683e+09	1.41999e+09	1.38142e+09	1.37553e+09	1.40548e+09
P62517	OPGH_ECOLI	mdoH	Glucans biosynthesis glucosyltransferase H	3	3	1.48023e+06	1.44764e+06	1.5218e+06	1.55013e+06	1.75219e+06	1.30837e+06
P62556	SOPA_ECOLI	sopA	Protein SopA	7	7	2.12153e+07	2.21446e+07	2.21152e+07	2.24959e+07	2.19884e+07	2.28633e+07
P62558	SOPB_ECOLI	sopB	Protein SopB	11	11	2.29219e+07	2.37866e+07	2.32728e+07	2.30909e+07	2.33457e+07	2.34485e+07
P62601	TREF_ECOLI	treF	Cytoplasmic trehalase	2	2	270605	493534	407322	353445	502727	369067
P62615	ISPE_ECOLI	ispE	4-diphosphocytidyl-2-C-methyl-D-erythritol kinase	3	3	6.49909e+06	7.5197e+06	7.91278e+06	7.49259e+06	7.57406e+06	7.43269e+06
P62617	ISPF_ECOLI	ispF	2-C-methyl-D-erythritol 2,4-cyclodiphosphate synthase	4	4	1.06896e+07	9.37582e+06	1.04886e+07	8.59852e+06	1.11494e+07	9.8225e+06
P62620	ISPG_ECOLI	ispG	4-hydroxy-3-methylbut-2-en-1-yl diphosphate synthase	19	19	2.6578e+07	2.78848e+07	2.62988e+07	2.8331e+07	2.67008e+07	2.76148e+07
P62623	ISPH_ECOLI	ispH	4-hydroxy-3-methylbut-2-enyl diphosphate reductase	8	8	8.71434e+06	9.41955e+06	9.45964e+06	8.74862e+06	9.26e+06	9.53205e+06
P62672	APAG_ECOLI	apaG	Protein ApaG	2	2	4.91262e+06	4.99672e+06	5.55733e+06	5.20897e+06	5.3685e+06	5.12356e+06
P62707	GPMA_ECOLI	gpmA	2,3-bisphosphoglycerate-dependent phosphoglycerate mutase	18	18	2.23378e+08	2.1659e+08	2.16175e+08	2.14311e+08	2.20283e+08	2.1664e+08
P62768	YAEH_ECOLI	yaeH	UPF0325 protein YaeH	12	12	3.1308e+07	3.12906e+07	3.11443e+07	2.98434e+07	3.10583e+07	3.06734e+07
P62937ups|PPIA_HUMAN_UPS	Peptidyl-prolyl	Peptidyl-prolyl		7	7	7.23112e+07		7.20492e+07		7.39727e+07	
P62988ups|UBIQ_HUMAN_UPS	Ubiquitin	Ubiquitin		3	3	8.27558e+06	930088	8.37778e+06	858960	8.01126e+06	1.16372e+06
P63020	NFUA_ECOLI	nfuA	Fe/S biogenesis protein NfuA	6	6	7.02654e+07	7.19109e+07	6.94295e+07	7.44336e+07	7.02014e+07	7.18391e+07
P63165ups|SUMO1_HUMAN_UPS	Small	Small		15	15	5.47954e+07		5.77496e+07		5.78173e+07	
P63177	RLMB_ECOLI	rlmB	23S rRNA (guanosine-2'-O-)-methyltransferase RlmB	7	7	2.45097e+07	2.39947e+07	2.40326e+07	2.24856e+07	2.47553e+07	2.29842e+07
P63183	KUP_ECOLI	kup	Low affinity potassium transport system protein kup	2	2	1.02541e+06			817622	902538	946904
P63204	GADE_ECOLI	gadE	Transcriptional regulator GadE	1	1		549362		680250	915368	
P63224	GMHA_ECOLI	gmhA	Phosphoheptose isomerase	9	9	1.88821e+08	1.91437e+08	1.88831e+08	1.90811e+08	1.88443e+08	1.88434e+08
P63228	GMHB_ECOLI	gmhB	D,D-heptose 1,7-bisphosphate phosphatase	3	3	1.50067e+07	1.62832e+07	1.49301e+07	1.52532e+07	1.52135e+07	1.48535e+07
P63235	GADC_ECOLI	gadC	Probable glutamate/gamma-aminobutyrate antiporter	3	3	2.50113e+07	2.56255e+07	2.49111e+07	2.56714e+07	2.56294e+07	2.50689e+07
P63279ups|UBC9_HUMAN_UPS	SUMO-conjugating	SUMO-conjugating		5	5	4.77973e+07	1.63964e+06	4.43432e+07	2.10136e+06	4.41431e+07	
P63284	CLPB_ECOLI	clpB	Chaperone protein ClpB	53	53	6.55959e+07	6.27245e+07	6.42409e+07	6.53163e+07	6.23444e+07	6.46841e+07
P63386	MLAF_ECOLI	mlaF	Probable phospholipid import ATP-binding protein MlaF	2	2	2.61687e+06	2.50265e+06	2.24131e+06	2.72858e+06	2.41209e+06	2.51786e+06
P63389	YHES_ECOLI	yheS	Uncharacterized ABC transporter ATP-binding protein YheS	16	16	5.56028e+06	5.82335e+06	6.24773e+06	5.568e+06	5.90843e+06	5.82913e+06
P63417	YHBS_ECOLI	yhbS	Uncharacterized N-acetyltransferase YhbS	6	6	4.14918e+07	4.38802e+07	4.33266e+07	4.45201e+07	4.18408e+07	4.43268e+07
P63883	AMIC_ECOLI	amiC	N-acetylmuramoyl-L-alanine amidase AmiC	9	9	3.34158e+06	3.13278e+06	3.34118e+06	3.05202e+06	3.02701e+06	2.99741e+06
P64423	ZNTB_ECOLI	zntB	Zinc transport protein ZntB	1	1	1.98611e+06	1.72323e+06	2.16664e+06	2.30594e+06	1.91408e+06	1.99943e+06
P64429	YPFJ_ECOLI	ypfJ	Uncharacterized protein YpfJ	3	3	5.858e+06	6.05967e+06	5.41229e+06	6.27503e+06	5.8722e+06	5.86396e+06
P64448	YNBE_ECOLI	ynbE	Uncharacterized protein YnbE	2	2	1.20605e+06		1.14629e+06		1.09054e+06	1.11388e+06
P64451	YDCL_ECOLI	ydcL	Uncharacterized lipoprotein YdcL	2	2	1.61158e+07	1.61128e+07	1.73012e+07	1.61851e+07	1.64027e+07	1.57024e+07
P64455	YDCY_ECOLI	ydcY	Uncharacterized protein YdcY	1	1	5.37514e+07	5.68773e+07	5.45983e+07	5.5672e+07	5.19743e+07	5.28957e+07
P64463	YDFZ_ECOLI	ydfZ	Putative selenoprotein YdfZ	4	4	1.97707e+08	1.90793e+08	1.96977e+08	1.92138e+08	2.03933e+08	1.89236e+08
P64467	CNU_ECOLI	cnu	OriC-binding nucleoid-associated protein	4	4	2.90845e+07	3.03952e+07	3.12283e+07	2.98497e+07	3.14823e+07	2.85623e+07
P64476	YDIH_ECOLI	ydiH	Uncharacterized protein YdiH	2	2	5.1853e+06	5.44162e+06	5.65584e+06	5.58044e+06	5.69791e+06	5.98619e+06
P64483	YEAK_ECOLI	yeaK	Uncharacterized protein YeaK	4	4	1.3025e+07	1.0878e+07	1.27258e+07	1.17852e+07	1.33345e+07	1.15996e+07
P64493	YOAF_ECOLI	yoaF	Uncharacterized protein YoaF	1	1	1.75576e+06	1.5867e+06	1.69284e+06	1.1644e+06	1.90769e+06	1.60583e+06
P64499	YEBO_ECOLI	yebO	Uncharacterized protein YebO	3	3	2.19432e+07	1.9668e+07	2.176e+07	2.16518e+07	2.19151e+07	2.2334e+07
P64503	YEBV_ECOLI	yebV	Uncharacterized protein YebV	1	1	68329.5	94414.9		54832.7	90082.6	51410.5
P64506	YEBY_ECOLI	yebY	Uncharacterized protein YebY	1	1	2.74435e+06	2.73204e+06	2.79219e+06	2.52634e+06	2.76765e+06	2.64566e+06
P64519	YODD_ECOLI	yodD	Uncharacterized protein YodD	1	1	1.27035e+06	1.21765e+06	2.07983e+06	1.29944e+06	1.48235e+06	1.38551e+06
P64530	RCNR_ECOLI	rcnR	Transcriptional repressor RcnR	2	2	3.2434e+06	2.91454e+06	2.70079e+06	2.3245e+06	3.14095e+06	2.79532e+06
P64534	RCNB_ECOLI	rcnB	Nickel/cobalt homeostasis protein RcnB	4	4	3.05764e+07	3.12402e+07	3.08843e+07	2.97456e+07	3.04847e+07	3.06759e+07
P64540	YFCL_ECOLI	yfcL	Uncharacterized protein YfcL	3	3	3.10297e+07	3.50561e+07	3.63285e+07	3.48885e+07	3.96925e+07	3.50063e+07
P64545	YFGG_ECOLI	yfgG	Uncharacterized protein YfgG	1	1	4.22726e+06	3.97941e+06	3.75161e+06	3.75456e+06	4.04136e+06	3.87799e+06
P64548	YFIR_ECOLI	yfiR	Uncharacterized protein YfiR	1	1	1.15802e+06	1.10239e+06	1.22946e+06	1.23212e+06	1.00191e+06	1.01889e+06
P64554	QUEE_ECOLI	queE	7-carboxy-7-deazaguanine synthase	7	7	2.48133e+07	2.60165e+07	2.5256e+07	2.47824e+07	2.78779e+07	2.54773e+07
P64559	CPTB_ECOLI	cptB	Antitoxin CptB	2	2	4.50942e+06	3.72857e+06	4.59846e+06	3.64754e+06	4.55085e+06	3.56627e+06
P64564	YGGT_ECOLI	yggT	Uncharacterized protein YggT	2	2	7.65149e+06	7.37478e+06	7.25455e+06	6.83358e+06	7.46677e+06	8.28563e+06
P64581	YQJD_ECOLI	yqjD	Uncharacterized protein YqjD	4	4	2.6675e+08	2.02254e+08	2.73685e+08	2.54049e+08	2.53908e+08	2.62952e+08
P64585	YQJE_ECOLI	yqjE	Inner membrane protein YqjE	1	1	1.69215e+06	1.74118e+06	1.86347e+06	2.0505e+06	1.7424e+06	1.83502e+06
P64588	YQJI_ECOLI	yqjI	Transcriptional regulator YqjI	5	5	4.51777e+06	5.23919e+06	5.33981e+06	5.09008e+06	4.86606e+06	5.22431e+06
P64596	YRAP_ECOLI	yraP	Uncharacterized protein YraP	9	9	5.37677e+07	5.43648e+07	5.21591e+07	5.43657e+07	5.3986e+07	5.3947e+07
P64599	YHBT_ECOLI	yhbT	Uncharacterized protein YhbT	8	8	2.32871e+07	2.55734e+07	2.5197e+07	2.60735e+07	2.45571e+07	2.55808e+07
P64602	MLAB_ECOLI	mlaB	Probable phospholipid ABC transporter-binding protein MlaB	1	1	6.92938e+06	5.94142e+06	6.88419e+06	5.72716e+06	6.53043e+06	6.78314e+06
P64604	MLAD_ECOLI	mlaD	Probable phospholipid ABC transporter-binding protein MlaD	6	6	5.37172e+07	5.42574e+07	5.47535e+07	5.40567e+07	5.4507e+07	5.52967e+07
P64606	MLAE_ECOLI	mlaE	Probable phospholipid ABC transporter permease protein MlaE	2	2	499921	762790	770900			747358
P64612	YHCM_ECOLI	yhcM	Uncharacterized protein YhcM	4	4	5.34896e+06	5.55743e+06	4.98035e+06	5.44705e+06	4.97174e+06	5.0873e+06
P64624	YHEO_ECOLI	yheO	Uncharacterized protein YheO	5	5	1.30317e+07	1.31042e+07	1.45718e+07	1.22358e+07	1.26924e+07	1.25161e+07
P64636	YRFG_ECOLI	yrfG	GMP/IMP nucleotidase YrfG	3	3	7.21471e+06	7.93421e+06	1.08682e+07	1.01372e+07	9.60514e+06	1.02468e+07
P65294	YGDR_ECOLI	ygdR	Uncharacterized lipoprotein YgdR	1	1	4.03218e+06		4.84901e+06		4.20776e+06	
P65367	YQCA_ECOLI	yqcA	Uncharacterized protein YqcA	3	3	7.73805e+06	7.9849e+06	6.93493e+06	8.68982e+06	8.12197e+06	8.72394e+06
P65556	YFCD_ECOLI	yfcD	Uncharacterized Nudix hydrolase YfcD	7	7	6.74116e+06	6.78779e+06	6.42853e+06	6.44085e+06	7.17059e+06	6.581e+06
P65870	QUED_ECOLI	queD	6-carboxy-5,6,7,8-tetrahydropterin synthase	4	4	1.05397e+07	1.00942e+07	1.04511e+07	1.04237e+07	1.05803e+07	1.01761e+07
P66817	DIAA_ECOLI	diaA	DnaA initiator-associating protein DiaA	3	3	1.43999e+07	1.33759e+07	1.37588e+07	1.5224e+07	1.41286e+07	1.41849e+07
P66948	YFGC_ECOLI	yfgC	TPR repeat-containing protein YfgC	7	7	1.61519e+07	1.48181e+07	1.66872e+07	1.69506e+07	1.57282e+07	1.58649e+07
P67080	YGGS_ECOLI	yggS	UPF0001 protein YggS	7	7	8.24193e+06	8.18087e+06	9.45403e+06	8.82118e+06	8.3006e+06	8.58908e+06
P67087	RSMI_ECOLI	rsmI	Ribosomal RNA small subunit methyltransferase I	7	7	2.94096e+07	2.90514e+07	3.20055e+07	3.08992e+07	2.9116e+07	3.18913e+07
P67095	YFCE_ECOLI	yfcE	Phosphodiesterase YfcE	2	2	2.04168e+07	2.14719e+07	2.1282e+07	2.09834e+07	2.08849e+07	2.12195e+07
P67244	YQHA_ECOLI	yqhA	UPF0114 protein YqhA	2	2	991306	1.18454e+06	905202	1.26551e+06	1.03491e+06	1.09175e+06
P67338	YOAH_ECOLI	yoaH	UPF0181 protein YoaH	1	1		4.38369e+06	4.09388e+06	3.21297e+06	3.6597e+06	3.36524e+06
P67601	YOBD_ECOLI	yobD	UPF0266 membrane protein YobD	1	1	275640	469868	380717	346343	307292	486689
P67603	YQFB_ECOLI	yqfB	UPF0267 protein YqfB	5	5	1.64782e+07	1.65645e+07	1.67048e+07	1.66482e+07	1.65926e+07	1.67881e+07
P67660	YHAJ_ECOLI	yhaJ	Uncharacterized HTH-type transcriptional regulator YhaJ	6	6	4.01745e+06	3.82964e+06	4.06479e+06	4.10939e+06	4.16722e+06	3.86722e+06
P67826	CUTC_ECOLI	cutC	Copper homeostasis protein CutC	5	5	8.73548e+06	8.96431e+06	9.70691e+06	8.5394e+06	8.88479e+06	8.84638e+06
P67910	HLDD_ECOLI	hldD	ADP-L-glycero-D-manno-heptose-6-epimerase	23	23	1.62239e+08	1.62699e+08	1.64326e+08	1.61547e+08	1.61948e+08	1.62794e+08
P68066	GRCA_ECOLI	grcA	Autonomous glycyl radical cofactor	14	14	2.18138e+09	2.15618e+09	2.19434e+09	2.17343e+09	2.14013e+09	2.18101e+09
P68187	MALK_ECOLI	malK	Maltose/maltodextrin import ATP-binding protein MalK	7	7	1.02976e+07	1.02567e+07	1.13667e+07	1.10869e+07	1.12066e+07	1.13884e+07
P68191	SRA_ECOLI	sra	Stationary-phase-induced ribosome-associated protein	2	2	2.63743e+07	2.6992e+07	2.57068e+07	2.72319e+07	2.79938e+07	2.62451e+07
P68206	YJBJ_ECOLI	yjbJ	UPF0337 protein YjbJ	2	2	2.96049e+07	2.95022e+07	2.9923e+07	2.79808e+07	2.91805e+07	2.73491e+07
P68567	RSMJ_ECOLI	rsmJ	Ribosomal RNA small subunit methyltransferase J	3	3	1.16139e+06	933421	1.21598e+06	1.14478e+06	1.06782e+06	1.17378e+06
P68679	RS21_ECOLI	rpsU	30S ribosomal protein S21	6	6	5.7732e+08	5.74456e+08	5.88117e+08	5.74432e+08	5.59186e+08	5.7335e+08
P68688	GLRX1_ECOLI	grxA	Glutaredoxin-1	2	2	1.19356e+07	1.26e+07	1.10227e+07	1.08719e+07	1.16745e+07	1.17456e+07
P68699	ATPL_ECOLI	atpE	ATP synthase subunit c	1	1	1.52986e+07	1.61964e+07	1.49101e+07	1.36699e+07	1.45135e+07	1.29584e+07
P68767	AMPA_ECOLI	pepA	Cytosol aminopeptidase	12	12	3.46431e+07	3.35535e+07	3.47478e+07	3.36309e+07	3.31566e+07	3.39863e+07
P68871ups|HBB_HUMAN_UPS	Hemoglobin	Hemoglobin		9	9	5.8856e+07	6.32402e+06	5.84018e+07	6.04463e+06	5.93339e+07	6.29665e+06
P68919	RL25_ECOLI	rplY	50S ribosomal protein L25	8	8	9.76494e+08	1.03099e+09	8.81634e+08	9.95263e+08	9.45572e+08	1.02705e+09
P69222	IF1_ECOLI	infA	Translation initiation factor IF-1	4	4	1.90741e+08	2.07322e+08	1.87489e+08	2.08338e+08	1.90671e+08	1.99998e+08
P69228	BAER_ECOLI	baeR	Transcriptional regulatory protein BaeR	11	11	8.53792e+06	8.73151e+06	8.53497e+06	8.26747e+06	8.9905e+06	7.88986e+06
P69330	CITD_ECOLI	citD	Citrate lyase acyl carrier protein	4	4	4.78296e+07	5.05897e+07	5.24935e+07	4.83224e+07	5.24481e+07	4.97138e+07
P69346	YEFM_ECOLI	yefM	Antitoxin YefM	1	1	5.16489e+06	4.55364e+06	5.16179e+06	4.49517e+06	4.42071e+06	5.43642e+06
P69407	RCSB_ECOLI	rcsB	Capsular synthesis regulator component B	10	10	6.02216e+07	6.0913e+07	5.77057e+07	6.34417e+07	5.85479e+07	6.32843e+07
P69411	RCSF_ECOLI	rcsF	Protein RcsF	2	2	3.68264e+07	3.46167e+07	3.67892e+07	3.82023e+07	3.63354e+07	3.69456e+07
P69425	TATB_ECOLI	tatB	Sec-independent protein translocase protein TatB	4	4	1.64062e+07	1.72861e+07	1.77795e+07	1.82408e+07	1.81791e+07	1.79915e+07
P69428	TATA_ECOLI	tatA	Sec-independent protein translocase protein TatA	2	2	1.76171e+08	1.67547e+08	1.65986e+08	1.69938e+08	1.65238e+08	1.65688e+08
P69441	KAD_ECOLI	adk	Adenylate kinase	16	16	4.42134e+08	5.0719e+08	4.63442e+08	4.80732e+08	4.51675e+08	4.97332e+08
P69490	CCME_ECOLI	ccmE	Cytochrome c-type biogenesis protein CcmE	1	1	2.33153e+06	2.37581e+06			2.40118e+06	2.67689e+06
P69503	APT_ECOLI	apt	Adenine phosphoribosyltransferase	11	11	1.29053e+08	1.36763e+08	1.30606e+08	1.32823e+08	1.34011e+08	1.34041e+08
P69739	MBHS_ECOLI	hyaA	Hydrogenase-1 small chain	3	3	3.07811e+06	2.97622e+06	2.89267e+06	2.64893e+06	3.06539e+06	3.24607e+06
P69741	MBHT_ECOLI	hybO	Hydrogenase-2 small chain	2	2	1.98679e+07	2.10212e+07	2.08942e+07	2.1532e+07	2.19274e+07	2.06894e+07
P69776	LPP_ECOLI	lpp	Major outer membrane lipoprotein Lpp	3	3	4.76464e+08	4.55428e+08	4.72602e+08	4.52123e+08	4.54667e+08	4.50356e+08
P69783	PTGA_ECOLI	crr	Glucose-specific phosphotransferase enzyme IIA component	11	11	8.92463e+08	8.83156e+08	9.29073e+08	9.15314e+08	9.14117e+08	9.28882e+08
P69786	PTGCB_ECOLI	ptsG	PTS system glucose-specific EIICB component	13	13	4.334e+07	4.34476e+07	4.27061e+07	4.47978e+07	4.39941e+07	4.30117e+07
P69791	PTQA_ECOLI	chbA	N,N'-diacetylchitobiose-specific phosphotransferase enzyme IIA component	1	1	1.07154e+06	856715	1.08095e+06	926837	960753	1.01444e+06
P69795	PTQB_ECOLI	chbB	N,N'-diacetylchitobiose-specific phosphotransferase enzyme IIB component	2	2	2.17677e+06	2.02267e+06	2.1646e+06	1.77298e+06	1.83271e+06	2.39534e+06
P69797	PTNAB_ECOLI	manX	PTS system mannose-specific EIIAB component	17	17	9.82254e+07	9.87012e+07	9.51452e+07	9.72917e+07	9.91485e+07	9.9884e+07
P69801	PTNC_ECOLI	manY	Mannose permease IIC component	1	1		1.62969e+07	1.62087e+07	1.55337e+07	1.56755e+07	1.56219e+07
P69805	PTND_ECOLI	manZ	Mannose permease IID component	6	6	3.60881e+07	3.60749e+07	3.70367e+07	3.59217e+07	3.44166e+07	3.78208e+07
P69811	PTFAH_ECOLI	fruB	Multiphosphoryl transfer protein	23	23	1.21231e+08	1.24098e+08	1.19044e+08	1.25383e+08	1.1768e+08	1.22664e+08
P69829	PTSN_ECOLI	ptsN	Nitrogen regulatory protein	6	6	1.13082e+07	1.24508e+07	1.08445e+07	1.297e+07	1.21698e+07	1.1436e+07
P69853	DMSD_ECOLI	dmsD	Tat proofreading chaperone DmsD	4	4	4.21147e+06	4.29912e+06	4.37366e+06	3.63161e+06	4.63359e+06	4.14237e+06
P69874	POTA_ECOLI	potA	Spermidine/putrescine import ATP-binding protein PotA	6	6	3.44491e+07	3.59032e+07	3.33364e+07	3.69998e+07	3.42573e+07	3.55092e+07
P69902	FCTA_ECOLI	frc	Formyl-coenzyme A transferase	7	7	6.74319e+06	7.84064e+06	7.75253e+06	7.10034e+06	7.93671e+06	7.32482e+06
P69905ups|HBA_HUMAN_UPS	Hemoglobin	Hemoglobin		6	6	4.96989e+07		5.14664e+07	2.42828e+06	4.97016e+07	
P69908	DCEA_ECOLI	gadA	Glutamate decarboxylase alpha	20	3	2.74561e+08	2.65107e+08	2.64224e+08	2.6542e+08	2.68634e+08	2.60701e+08
P69910	DCEB_ECOLI	gadB	Glutamate decarboxylase beta	3	3	3.85162e+07	3.57621e+07	3.55429e+07	3.48765e+07	3.21707e+07	3.66199e+07
P69913	CSRA_ECOLI	csrA	Carbon storage regulator	3	3	1.42195e+08	1.51219e+08	1.44645e+08	1.59567e+08	1.60274e+08	1.50032e+08
P69924	RIR2_ECOLI	nrdB	Ribonucleoside-diphosphate reductase 1 subunit beta	17	17	2.18212e+07	2.11341e+07	2.09074e+07	2.02864e+07	2.1532e+07	2.02764e+07
P69931	HDA_ECOLI	hda	DnaA-homolog protein hda	8	8	6.74226e+06	7.20026e+06	6.48654e+06	6.8755e+06	7.53619e+06	6.55372e+06
P75691	YAHK_ECOLI	yahK	Uncharacterized zinc-type alcohol dehydrogenase-like protein YahK	5	5	4.20504e+06	4.19899e+06	4.07372e+06	4.25188e+06	4.09654e+06	4.60616e+06
P75694	YAHO_ECOLI	yahO	Uncharacterized protein YahO	2	2	2.49375e+06	3.23878e+06	3.94565e+06		4.12024e+06	2.9059e+06
P75713	YLBA_ECOLI	ylbA	Uncharacterized protein YlbA	2	2	1.52529e+06	2.07129e+06			1.81139e+06	2.10574e+06
P75726	CILA_ECOLI	citF	Citrate lyase alpha chain	15	15	3.50998e+07	3.50243e+07	3.51354e+07	3.48572e+07	3.45929e+07	3.33277e+07
P75728	UBIF_ECOLI	ubiF	2-octaprenyl-3-methyl-6-methoxy-1,4-benzoquinol hydroxylase	4	4	2.79446e+06	3.11313e+06	3.67532e+06	3.35191e+06	3.02003e+06	3.40797e+06
P75736	YBFF_ECOLI	ybfF	Esterase YbfF	6	6	9.46905e+06	9.13974e+06	9.53353e+06	8.66428e+06	9.38433e+06	9.15592e+06
P75745	YBGK_ECOLI	ybgK	Uncharacterized protein YbgK	7	7	5.9706e+06	6.31493e+06	6.11117e+06	5.83457e+06	6.24946e+06	6.25941e+06
P75746	YBGL_ECOLI	ybgL	UPF0271 protein YbgL	2	2	3.02471e+06	2.77652e+06	2.14009e+06	2.77322e+06	2.82629e+06	2.52009e+06
P75767	YBHK_ECOLI	ybhK	UPF0052 protein YbhK	5	5	1.63747e+06	1.56748e+06	1.55206e+06	1.56904e+06	1.54361e+06	1.76158e+06
P75777	YBHG_ECOLI	ybhG	UPF0194 membrane protein YbhG	6	6	1.3339e+07	1.51583e+07	1.48416e+07	1.40618e+07	1.47213e+07	1.41041e+07
P75780	FIU_ECOLI	fiu	Catecholate siderophore receptor Fiu	2	2	1.52424e+06	1.65018e+06	1.52204e+06	1.40799e+06	1.75141e+06	1.65604e+06
P75792	SUPH_ECOLI	ybiV	Sugar phosphatase YbiV	3	3	2.11757e+06	2.55722e+06	2.59261e+06	2.12453e+06	2.79609e+06	2.64227e+06
P75797	GSIB_ECOLI	gsiB	Glutathione-binding protein GsiB	5	5	3.47003e+06	3.64135e+06	3.44318e+06	3.84098e+06	3.88428e+06	3.8577e+06
P75809	YBJI_ECOLI	ybjI	Flavin mononucleotide phosphatase YbjI	3	3	5.72401e+06	4.8211e+06	5.69221e+06	5.50206e+06	5.79252e+06	4.90496e+06
P75818	YBJP_ECOLI	ybjP	Uncharacterized lipoprotein YbjP	5	5	3.71904e+07	3.7147e+07	3.58178e+07	3.5687e+07	3.67684e+07	3.46112e+07
P75820	AMID_ECOLI	amiD	N-acetylmuramoyl-L-alanine amidase AmiD	2	2		510366	617273	604287	438729	495841
P75821	YBJS_ECOLI	ybjS	Uncharacterized protein YbjS	2	2	3.44149e+06	2.7916e+06	3.49204e+06	3.15929e+06	3.304e+06	3.23101e+06
P75823	LTAE_ECOLI	ltaE	Low specificity L-threonine aldolase	10	10	1.99786e+07	1.96672e+07	2.18761e+07	1.98091e+07	1.95875e+07	2.0282e+07
P75828	YBJD_ECOLI	ybjD	Uncharacterized protein YbjD	3	3		3.61318e+06		2.86355e+06		2.71217e+06
P75829	YBJX_ECOLI	ybjX	Uncharacterized protein YbjX	8	8	1.2671e+07	1.29645e+07	1.29149e+07	1.32641e+07	1.27883e+07	1.33076e+07
P75838	YCAO_ECOLI	ycaO	Ribosomal protein S12 methylthiotransferase accessory factor YcaO	13	13	3.91767e+07	3.90024e+07	3.88333e+07	3.85225e+07	3.97398e+07	3.86625e+07
P75849	YCBL_ECOLI	ycbL	Uncharacterized protein YcbL	2	2	1.99795e+07	2.3867e+07	2.04263e+07	2.19e+07	2.04591e+07	2.20447e+07
P75863	YCBX_ECOLI	ycbX	Uncharacterized protein YcbX	9	9	6.70805e+06	6.81065e+06	6.57251e+06	6.95376e+06	7.04035e+06	6.74757e+06
P75864	RLMKL_ECOLI	rlmL	Ribosomal RNA large subunit methyltransferase K/L	15	15	7.44755e+06	8.20581e+06	7.61312e+06	7.63474e+06	8.09543e+06	7.82762e+06
P75867	LONH_ECOLI	ycbZ	Putative Lon protease homolog	7	7	8.04461e+06	7.75286e+06	8.14576e+06	8.00174e+06	7.15673e+06	8.22434e+06
P75874	YCCU_ECOLI	yccU	Uncharacterized protein YccU	4	4	2.51812e+07	2.58709e+07	2.61757e+07	2.55871e+07	2.6971e+07	2.50966e+07
P75876	RLMI_ECOLI	rlmI	Ribosomal RNA large subunit methyltransferase I	13	13	2.60529e+07	2.5011e+07	2.59426e+07	2.54198e+07	2.48628e+07	2.61467e+07
P75882	GFCD_ECOLI	gfcD	Uncharacterized lipoprotein GfcD	16	16	1.9248e+07	1.92742e+07	2.03491e+07	1.93627e+07	1.90091e+07	1.91842e+07
P75883	GFCC_ECOLI	gfcC	Uncharacterized protein GfcC	4	4	6.18107e+06	4.70248e+06	7.03699e+06	5.99096e+06	6.83713e+06	6.71425e+06
P75884	GFCB_ECOLI	gfcB	Uncharacterized lipoprotein GfcB	6	6	5.61396e+06	6.2028e+06	5.85903e+06	6.3088e+06	5.88859e+06	6.2076e+06
P75913	GHRA_ECOLI	ghrA	Glyoxylate/hydroxypyruvate reductase A	5	5	5.26589e+06	4.6984e+06	5.41068e+06	5.16205e+06	4.86381e+06	5.07468e+06
P75914	YCDX_ECOLI	ycdX	Probable phosphatase YcdX	8	8	2.59142e+07	2.68909e+07	2.74517e+07	2.73988e+07	2.77593e+07	2.69211e+07
P75915	YCDY_ECOLI	ycdY	Chaperone protein YcdY	6	6	3.59107e+07	3.66843e+07	3.75406e+07	3.79344e+07	3.58956e+07	3.7936e+07
P75931	YCEM_ECOLI	yceM	Putative oxidoreductase YceM	1	1	4.36584e+06	4.05751e+06	4.30734e+06	4.23944e+06	3.77825e+06	3.84554e+06
P75937	FLGE_ECOLI	flgE	Flagellar hook protein FlgE	7	7	1.75626e+07	1.68616e+07	1.61767e+07	1.78583e+07	1.63695e+07	1.60289e+07
P75938	FLGF_ECOLI	flgF	Flagellar basal-body rod protein FlgF	1	1	1.29034e+06	1.14696e+06	2.04825e+06	1.82985e+06	1.7879e+06	1.71413e+06
P75946	YCFL_ECOLI	ycfL	Uncharacterized protein YcfL	1	1	1.71995e+06			2.01766e+06		
P75949	NAGZ_ECOLI	nagZ	Beta-hexosaminidase	8	8	6.53327e+06	6.57423e+06	6.92501e+06	6.90382e+06	6.12217e+06	6.82704e+06
P75954	YCFS_ECOLI	ycfS	Probable L,D-transpeptidase YcfS	3	3	1.28125e+06	1.41619e+06	1.44345e+06	1.34249e+06	1.24545e+06	1.51313e+06
P75957	LOLD_ECOLI	lolD	Lipoprotein-releasing system ATP-binding protein LolD	3	3	1.99475e+07	2.04042e+07	2.32844e+07	2.03556e+07	2.14042e+07	2.09734e+07
P75959	NAGK_ECOLI	nagK	N-acetyl-D-glucosamine kinase	5	5	8.03315e+06	8.25776e+06	8.08832e+06	7.82512e+06	7.94314e+06	7.48208e+06
P75960	NPD_ECOLI	cobB	NAD-dependent protein deacylase	5	5	2.09343e+07	2.02555e+07	1.96206e+07	2.03542e+07	1.98029e+07	2.00573e+07
P75966	RLUE_ECOLI	rluE	Ribosomal large subunit pseudouridine synthase E	3	3	1.9236e+06	2.23859e+06	1.90902e+06	1.66049e+06	1.765e+06	1.92982e+06
P76002	PLIG_ECOLI	pliG	Inhibitor of g-type lysozyme	7	7	8.11795e+06	7.87403e+06	6.80356e+06	8.13203e+06	7.71437e+06	7.31337e+06
P76004	YCGM_ECOLI	ycgM	Uncharacterized protein YcgM	3	3	1.41284e+06	2.88082e+06	2.08496e+06	2.54229e+06	2.38116e+06	2.28333e+06
P76007	CVRA_ECOLI	cvrA	Cell volume regulation protein A	2	2	1.37756e+06	1.40012e+06	1.54939e+06	1.41977e+06	1.4706e+06	1.45247e+06
P76008	LDCA_ECOLI	ldcA	Murein tetrapeptide carboxypeptidase	6	6	7.48165e+06	7.28709e+06	7.61185e+06	7.465e+06	7.48628e+06	7.60721e+06
P76010	YCGR_ECOLI	ycgR	Flagellar brake protein YcgR	2	2			2.03214e+06			1.43043e+06
P76014	DHAL_ECOLI	dhaL	PTS-dependent dihydroxyacetone kinase, ADP-binding subunit DhaL	3	3	2.36807e+07	2.39594e+07	2.44736e+07	2.32963e+07	2.31486e+07	2.4206e+07
P76015	DHAK_ECOLI	dhaK	PTS-dependent dihydroxyacetone kinase, dihydroxyacetone-binding subunit DhaK	6	6	1.19255e+07	1.07951e+07	1.08258e+07	1.14774e+07	1.21247e+07	1.17646e+07
P76027	OPPD_ECOLI	oppD	Oligopeptide transport ATP-binding protein OppD	6	6	4.46955e+06	4.57364e+06	4.53139e+06	4.51217e+06	4.84773e+06	4.5146e+06
P76034	YCIT_ECOLI	yciT	Uncharacterized HTH-type transcriptional regulator YciT	6	6	8.05039e+06	8.00397e+06	8.33852e+06	8.33838e+06	8.75474e+06	8.01585e+06
P76046	YCJX_ECOLI	ycjX	Uncharacterized protein YcjX	2	2	815789	879813	871196	664562	883875	823202
P76049	YCJY_ECOLI	ycjY	Uncharacterized protein YcjY	3	3	5.22278e+06	5.89429e+06	5.69314e+06	5.94531e+06	5.32096e+06	5.86547e+06
P76053	SMRA_ECOLI	smrA	Probable DNA endonuclease SmrA	2	2	2.51187e+06	2.22288e+06	1.94692e+06	2.12619e+06	1.83648e+06	2.00796e+06
P76055	TTCA_ECOLI	ttcA	tRNA 2-thiocytidine biosynthesis protein TtcA	5	5	1.7696e+07	1.71826e+07	1.76734e+07	1.76421e+07	1.75507e+07	1.80948e+07
P76104	YDCP_ECOLI	ydcP	Uncharacterized protease YdcP	7	7	8.78314e+06	9.46501e+06	9.44255e+06	8.3339e+06	9.80328e+06	9.08222e+06
P76112	YNCA_ECOLI	yncA	N-acyltransferase YncA	2	2	6.11935e+06	5.78774e+06	6.50179e+06	5.57206e+06	6.12308e+06	5.67098e+06
P76115	YNCD_ECOLI	yncD	Probable TonB-dependent receptor YncD	2	2	508557		495158		533333	424892
P76116	YNCE_ECOLI	yncE	Uncharacterized protein YncE	10	10	1.89646e+07	1.81022e+07	1.90729e+07	2.00816e+07	1.87155e+07	1.94108e+07
P76149	SAD_ECOLI	sad	Succinate semialdehyde dehydrogenase [NAD(P)+] Sad	2	2	4.01598e+06	3.81353e+06	4.77522e+06	3.5484e+06	4.8531e+06	5.17868e+06
P76170	YNFB_ECOLI	ynfB	UPF0482 protein YnfB	2	2	5.46889e+06	5.53167e+06	5.97869e+06	5.78508e+06	5.64801e+06	5.75417e+06
P76177	YDGH_ECOLI	ydgH	Protein YdgH	22	22	8.67826e+07	8.84828e+07	8.79287e+07	8.71053e+07	8.33459e+07	8.54908e+07
P76187	YDHF_ECOLI	ydhF	Oxidoreductase YdhF	5	5	8.07927e+06	7.32076e+06	7.57003e+06	7.13716e+06	7.71968e+06	7.70034e+06
P76192	YDHV_ECOLI	ydhV	Uncharacterized oxidoreductase YdhV	10	10	7.61626e+06	6.72586e+06	7.11994e+06	7.35034e+06	7.42212e+06	6.98987e+06
P76193	YNHG_ECOLI	ynhG	Probable L,D-transpeptidase YnhG	6	6	1.17518e+07	1.25928e+07	1.08844e+07	1.12961e+07	1.12013e+07	1.0942e+07
P76204	YDIV_ECOLI	ydiV	Putative anti-FlhC(2)FlhD(4) factor YdiV	3	3	2.77435e+06	3.3196e+06	3.1997e+06	2.99701e+06	2.94753e+06	2.86319e+06
P76206	YDIY_ECOLI	ydiY	Uncharacterized protein YdiY	3	3	3.11287e+06	3.78821e+06	3.9714e+06	3.69237e+06	3.75789e+06	3.6921e+06
P76220	YDJY_ECOLI	ydjY	Uncharacterized protein YdjY	3	3	4.7907e+06	4.89265e+06	3.98017e+06	4.15625e+06	4.75069e+06	4.62278e+06
P76223	YNJB_ECOLI	ynjB	Protein YnjB	10	10	9.4977e+06	9.01986e+06	9.0221e+06	8.76648e+06	9.20842e+06	9.46258e+06
P76227	YNJH_ECOLI	ynjH	Uncharacterized protein YnjH	2	2	6.97993e+06	7.26626e+06	7.78886e+06	6.73142e+06	7.894e+06	7.32439e+06
P76243	YEAO_ECOLI	yeaO	Uncharacterized protein YeaO	4	4	1.0145e+07	1.01254e+07	1.01875e+07	1.01585e+07	1.07402e+07	1.04045e+07
P76245	YEAP_ECOLI	yeaP	Probable diguanylate cyclase YeaP	2	2	2.49574e+06	2.54492e+06	2.70257e+06	2.31806e+06	2.32017e+06	3.03758e+06
P76256	YEAZ_ECOLI	yeaZ	Uncharacterized protein YeaZ	4	4	9.25482e+06	9.89524e+06	9.32278e+06	9.64355e+06	9.73853e+06	9.2099e+06
P76268	KDGR_ECOLI	kdgR	Transcriptional regulator KdgR	16	16	2.85197e+07	2.75931e+07	3.06002e+07	2.84732e+07	2.9591e+07	2.84198e+07
P76270	MSRC_ECOLI	msrC	Free methionine-R-sulfoxide reductase	4	4	1.81348e+07	1.84855e+07	1.82441e+07	1.80091e+07	1.86578e+07	1.75476e+07
P76272	YEBT_ECOLI	yebT	Uncharacterized protein YebT	2	2	334146			383298	402865	
P76273	RSMF_ECOLI	rsmF	Ribosomal RNA small subunit methyltransferase F	5	5	4.16587e+06	4.25819e+06	4.54647e+06	4.30325e+06	4.3671e+06	5.0441e+06
P76290	CMOA_ECOLI	cmoA	tRNA (cmo5U34)-methyltransferase	7	7	1.0077e+07	1.06921e+07	1.01288e+07	9.59301e+06	9.95187e+06	9.78022e+06
P76291	CMOB_ECOLI	cmoB	tRNA (mo5U34)-methyltransferase	9	9	1.56884e+07	1.48698e+07	1.61032e+07	1.49683e+07	1.62527e+07	1.53155e+07
P76297	FLHE_ECOLI	flhE	Flagellar protein FlhE	1	1		2.23993e+06	1.93855e+06	2.33173e+06	1.9197e+06	2.23885e+06
P76308	YECR_ECOLI	yecR	Uncharacterized protein YecR	1	1						1.3237e+06
P76316	DCYD_ECOLI	dcyD	D-cysteine desulfhydrase	5	5	2.50609e+07	2.39135e+07	2.42981e+07	2.42119e+07	2.33133e+07	2.40792e+07
P76335	YEDS_ECOLI	yedS	Putative outer membrane protein YedS	3	3	644178	697644	661064		718609	797673
P76340	YEDW_ECOLI	yedW	Probable transcriptional regulatory protein YedW	1	1	1.93941e+06	1.42734e+06	1.53971e+06	1.60176e+06	1.47201e+06	
P76344	ZINT_ECOLI	zinT	Metal-binding protein ZinT	1	1	931360	930220	781548	661160	573551	668954
P76346	MTFA_ECOLI	mtfA	Protein MtfA	1	1	3.10646e+06	3.05715e+06	3.34935e+06	3.10466e+06	3.33115e+06	3.24227e+06
P76372	WZZB_ECOLI	wzzB	Chain length determinant protein	6	6	4.3499e+07	4.01777e+07	4.1014e+07	4.20117e+07	4.09543e+07	4.38519e+07
P76389	YEGH_ECOLI	yegH	UPF0053 protein YegH	2	2	1.15336e+06		1.44176e+06		852449	781929
P76402	YEGP_ECOLI	yegP	UPF0339 protein YegP	3	3	3.01559e+07	2.82345e+07	2.6993e+07	2.82068e+07	3.14989e+07	2.80363e+07
P76403	YEGQ_ECOLI	yegQ	Uncharacterized protease YegQ	10	10	1.40274e+07	1.34934e+07	1.38838e+07	1.38639e+07	1.43515e+07	1.28884e+07
P76406	YEGR_ECOLI	yegR	Uncharacterized protein YegR	3	3	1.02896e+06	1.20667e+06		967604	1.15865e+06	936868
P76440	PRET_ECOLI	preT	NAD-dependent dihydropyrimidine dehydrogenase sunbunit PreT	3	3	1.82375e+06	1.79214e+06	1.56774e+06	2.02023e+06	2.15213e+06	2.0768e+06
P76445	YEIU_ECOLI	yeiU	Inner membrane protein YeiU	2	2	1.00787e+07	9.77643e+06	8.65669e+06	8.93362e+06	1.03846e+07	1.01167e+07
P76471	YFAZ_ECOLI	yfaZ	Uncharacterized protein YfaZ	1	1	9.33535e+06	9.02421e+06	1.02654e+07	7.07638e+06	8.27494e+06	9.09187e+06
P76491	YFBR_ECOLI	yfbR	5'-nucleotidase YfbR	1	1	1.84027e+06	1.4601e+06	1.80734e+06	1.36948e+06	1.83147e+06	1.77428e+06
P76502	SIXA_ECOLI	sixA	Phosphohistidine phosphatase SixA	3	3	2.59958e+07	2.89463e+07	2.65527e+07	2.66171e+07	2.82025e+07	2.46943e+07
P76506	MLAA_ECOLI	mlaA	Probable phospholipid-binding lipoprotein MlaA	6	6	4.41497e+07	4.43111e+07	4.45429e+07	4.30753e+07	4.25394e+07	4.36056e+07
P76520	YFDX_ECOLI	yfdX	Protein YfdX	2	2	3.56729e+07	3.53009e+07	3.82688e+07	3.6416e+07	3.77798e+07	3.68326e+07
P76535	MURQ_ECOLI	murQ	N-acetylmuramic acid 6-phosphate etherase	3	3	7.25183e+06	6.62217e+06	6.68854e+06	7.15349e+06	7.10086e+06	6.87782e+06
P76536	YFEX_ECOLI	yfeX	Probable deferrochelatase/peroxidase YfeX	14	14	9.98753e+07	9.85759e+07	9.63201e+07	9.82402e+07	9.51362e+07	9.72715e+07
P76537	YFEY_ECOLI	yfeY	Uncharacterized protein YfeY	3	3	1.65893e+07	1.81167e+07	1.79904e+07	1.83662e+07	1.85452e+07	1.76382e+07
P76539	YPEA_ECOLI	ypeA	Acetyltransferase YpeA	4	4	1.17098e+07	1.10754e+07	1.28594e+07	1.02273e+07	1.1369e+07	1.13089e+07
P76558	MAO2_ECOLI	maeB	NADP-dependent malic enzyme	11	11	3.04256e+07	3.13554e+07	2.96503e+07	3.0965e+07	3.09295e+07	2.96246e+07
P76561	YPFH_ECOLI	ypfH	Esterase YpfH	1	1	1.68126e+06	1.61802e+06	1.16987e+06	1.79069e+06	1.80499e+06	1.64551e+06
P76569	YFGD_ECOLI	yfgD	Uncharacterized protein YfgD	5	5	7.12699e+06	6.43108e+06	7.59508e+06	7.19983e+06	7.51308e+06	7.77416e+06
P76576	YFGM_ECOLI	yfgM	UPF0070 protein YfgM	8	8	8.23002e+07	7.62347e+07	8.04359e+07	8.29e+07	7.65508e+07	8.098e+07
P76578	YFHM_ECOLI	yfhM	Uncharacterized lipoprotein YfhM	10	10	2.23272e+06	3.40437e+06	3.01371e+06	3.1595e+06	2.90013e+06	2.97084e+06
P76658	HLDE_ECOLI	hldE	Bifunctional protein HldE	22	22	4.15464e+07	4.03656e+07	4.1609e+07	4.20498e+07	4.19604e+07	4.14693e+07
P76938	EPMC_ECOLI	epmC	Elongation factor P hydroxylase	1	1	5.56376e+06	5.4389e+06	4.2377e+06	5.46978e+06	5.33968e+06	4.75516e+06
P77150	PDXY_ECOLI	pdxY	Pyridoxamine kinase	4	4	1.59626e+07	1.46563e+07	1.43914e+07	1.60746e+07	1.49208e+07	1.34918e+07
P77173	ZIPA_ECOLI	zipA	Cell division protein ZipA	6	6	1.10604e+07	9.8554e+06	1.02169e+07	9.81191e+06	1.01896e+07	9.80024e+06
P77182	MNMC_ECOLI	mnmC	tRNA 5-methylaminomethyl-2-thiouridine biosynthesis bifunctional protein MnmC	3	3	7.92126e+06	7.81912e+06	7.3928e+06	7.69041e+06	7.36946e+06	7.941e+06
P77202	DSBG_ECOLI	dsbG	Thiol:disulfide interchange protein DsbG	2	2	1.7143e+06	2.39971e+06	1.15555e+06	1.81511e+06	2.01256e+06	1.46205e+06
P77212	YKGC_ECOLI	ykgC	Probable pyridine nucleotide-disulfide oxidoreductase YkgC	3	3	320310	603073	609257	556833	656362	384912
P77247	YNIC_ECOLI	yniC	2-deoxyglucose-6-phosphate phosphatase	6	6	1.01174e+07	9.89549e+06	9.68992e+06	9.93804e+06	1.03399e+07	9.79284e+06
P77252	YKGE_ECOLI	ykgE	Uncharacterized protein YkgE	2	2	3.15881e+06	2.60992e+06	2.95914e+06	2.49042e+06	2.96846e+06	2.78e+06
P77258	NEMA_ECOLI	nemA	N-ethylmaleimide reductase	12	12	2.04425e+07	2.15912e+07	2.07859e+07	2.11323e+07	2.17145e+07	2.09339e+07
P77279	YBBL_ECOLI	ybbL	Uncharacterized ABC transporter ATP-binding protein YbbL	4	4	1.09175e+07	1.05314e+07	1.05112e+07	1.10573e+07	1.04047e+07	1.14497e+07
P77285	RNFG_ECOLI	rnfG	Electron transport complex protein RnfG	4	4	5.72517e+06	6.26493e+06	6.22664e+06	5.52604e+06	5.9871e+06	5.46484e+06
P77318	YDEN_ECOLI	ydeN	Uncharacterized sulfatase YdeN	1	1				673849	636160	737394
P77330	BORD_ECOLI	borD	Lipoprotein bor homolog from lambdoid prophage DLP12	3	3	4.64559e+08	4.54534e+08	4.41005e+08	4.4055e+08	4.32684e+08	4.38853e+08
P77338	KEFA_ECOLI	kefA	Potassium efflux system KefA	4	4	3.179e+06	2.6982e+06	3.47038e+06	3.38785e+06	3.28887e+06	3.51537e+06
P77348	MPPA_ECOLI	mppA	Periplasmic murein peptide-binding protein	14	14	2.03021e+07	2.02362e+07	2.03574e+07	2.02611e+07	1.99396e+07	1.92267e+07
P77376	YDGJ_ECOLI	ydgJ	Uncharacterized oxidoreductase YdgJ	9	9	7.43636e+06	8.2153e+06	7.30645e+06	7.77164e+06	7.93167e+06	8.0101e+06
P77395	YBBN_ECOLI	ybbN	Uncharacterized protein YbbN	8	8	1.6021e+07	1.65842e+07	1.68883e+07	1.7074e+07	1.61525e+07	1.71322e+07
P77398	ARNA_ECOLI	arnA	Bifunctional polymyxin resistance protein ArnA	6	6	2.0911e+06	1.7294e+06	2.46246e+06	2.03804e+06	2.08521e+06	1.97805e+06
P77433	YKGG_ECOLI	ykgG	Uncharacterized protein YkgG	5	5	5.451e+06	5.35183e+06	5.58895e+06	5.24262e+06	5.26808e+06	5.31105e+06
P77434	ALAC_ECOLI	alaC	Glutamate-pyruvate aminotransferase AlaC	6	6	9.75852e+06	9.72999e+06	9.51369e+06	1.02384e+07	9.53158e+06	9.9623e+06
P77444	SUFS_ECOLI	sufS	Cysteine desulfurase	4	4	3.17966e+07	2.98029e+07	2.97042e+07	2.87351e+07	3.23748e+07	2.97246e+07
P77454	GLSA1_ECOLI	glsA1	Glutaminase 1	1	1	1.76394e+07	1.59811e+07	1.54012e+07	1.52415e+07	1.75921e+07	1.57192e+07
P77460	YBCY_ECOLI	ybcY	Putative uncharacterized protein YbcY	1	1	375084	499805	522012	488304	439820	586501
P77475	YQAB_ECOLI	yqaB	Fructose-1-phosphate phosphatase YqaB	3	3	9.52392e+06	1.05084e+07	9.44696e+06	9.11119e+06	1.03853e+07	8.4027e+06
P77488	DXS_ECOLI	dxs	1-deoxy-D-xylulose-5-phosphate synthase	12	12	1.22183e+07	1.16916e+07	1.28356e+07	1.23747e+07	1.29591e+07	1.23999e+07
P77499	SUFC_ECOLI	sufC	Probable ATP-dependent transporter SufC	6	6	4.95187e+06	4.61401e+06	5.0464e+06	4.92979e+06	4.66359e+06	5.34413e+06
P77522	SUFB_ECOLI	sufB	FeS cluster assembly protein SufB	4	4	1.16264e+06	1.35581e+06	1.75361e+06	1.25567e+06	1.35169e+06	
P77529	YDJN_ECOLI	ydjN	Uncharacterized symporter YdjN	6	6	2.45848e+07	2.53118e+07	2.64527e+07	2.38373e+07	2.44034e+07	2.62134e+07
P77536	YKGF_ECOLI	ykgF	Uncharacterized electron transport protein YkgF	5	5	1.05237e+07	1.04138e+07	9.41284e+06	1.06978e+07	9.77433e+06	9.3354e+06
P77552	YDHQ_ECOLI	ydhQ	Uncharacterized protein YdhQ	6	6	1.56984e+07	1.56346e+07	1.50918e+07	1.54804e+07	1.52921e+07	1.52173e+07
P77561	YDEP_ECOLI	ydeP	Protein YdeP	5	5	1.03658e+06	742360	898601	931785	954528	851089
P77562	YAIW_ECOLI	yaiW	Uncharacterized protein YaiW	3	3	2.37913e+06	2.78492e+06	2.40502e+06	2.61683e+06	2.71457e+06	2.715e+06
P77570	ANMK_ECOLI	anmK	Anhydro-N-acetylmuramic acid kinase	4	4	6.45776e+06	6.36861e+06	5.37362e+06	5.93742e+06	6.22994e+06	5.6514e+06
P77611	RNFC_ECOLI	rnfC	Electron transport complex protein RnfC	11	11	6.39531e+06	7.1579e+06	6.42308e+06	6.88246e+06	7.0091e+06	7.0194e+06
P77625	YFBT_ECOLI	yfbT	Sugar phosphatase YfbT	9	9	2.8226e+07	2.87736e+07	2.85802e+07	2.96328e+07	2.79337e+07	2.97882e+07
P77689	SUFD_ECOLI	sufD	FeS cluster assembly protein SufD	1	1	1.81505e+06	1.44026e+06	1.48927e+06	1.12507e+06	1.39741e+06	1.53315e+06
P77690	ARNB_ECOLI	arnB	UDP-4-amino-4-deoxy-L-arabinose--oxoglutarate aminotransferase	3	3	3.01202e+06	3.55104e+06	3.28751e+06	4.04004e+06	3.11197e+06	3.21016e+06
P77717	YBAY_ECOLI	ybaY	Uncharacterized lipoprotein YbaY	5	5	2.65564e+07	2.97749e+07	2.10806e+07	3.06811e+07	2.73984e+07	2.57441e+07
P77718	THII_ECOLI	thiI	tRNA sulfurtransferase	12	12	1.36245e+07	1.31111e+07	1.40705e+07	1.32453e+07	1.37946e+07	1.37074e+07
P77721	YDJF_ECOLI	ydjF	Uncharacterized HTH-type transcriptional regulator YdjF	2	2	1.1439e+06		1.12383e+06	1.23286e+06	1.31901e+06	1.43413e+06
P77735	YAJO_ECOLI	yajO	Uncharacterized oxidoreductase YajO	5	5	1.1223e+07	1.07176e+07	1.13156e+07	9.9356e+06	1.07138e+07	1.02711e+07
P77737	OPPF_ECOLI	oppF	Oligopeptide transport ATP-binding protein OppF	4	4	4.80686e+06	4.5525e+06	5.08764e+06	4.81329e+06	4.53162e+06	4.70148e+06
P77739	YNIA_ECOLI	yniA	Uncharacterized protein YniA	6	6	4.9533e+06	4.91626e+06	5.17203e+06	5.12943e+06	5.18112e+06	5.16893e+06
P77748	YDIJ_ECOLI	ydiJ	Uncharacterized protein YdiJ	9	9	4.1275e+06	3.98686e+06	4.34723e+06	3.87889e+06	4.16904e+06	4.33252e+06
P77754	SPY_ECOLI	spy	Spheroplast protein Y	2	2		754526	647023		637178	633482
P77756	QUEC_ECOLI	queC	7-cyano-7-deazaguanine synthase	2	2	3.19485e+06	4.2608e+06	3.96705e+06	4.37525e+06	3.56118e+06	4.69958e+06
P77774	BAMB_ECOLI	bamB	Outer membrane protein assembly factor BamB	10	10	8.05544e+07	8.30538e+07	7.90382e+07	7.87146e+07	8.25845e+07	7.90159e+07
P77781	YDII_ECOLI	ydiI	Esterase YdiI	2	2	1.22086e+06	1.15992e+06		1.54072e+06	1.31959e+06	
P77804	YDGA_ECOLI	ydgA	Protein YdgA	22	22	7.91785e+07	8.01471e+07	7.77643e+07	7.94364e+07	7.74996e+07	8.08774e+07
P77808	CINAL_ECOLI	yfaY	NMN amidohydrolase-like protein YfaY	9	9	9.84644e+06	9.92218e+06	9.39842e+06	9.97148e+06	9.80381e+06	9.8561e+06
P78055	FSAA_ECOLI	fsaA	Fructose-6-phosphate aldolase 1	2	2	1.07847e+06	1.05395e+06	1.11187e+06	1.03039e+06	999017	916433
P78067	YNJE_ECOLI	ynjE	Thiosulfate sulfurtransferase YnjE	14	14	2.33611e+07	2.12955e+07	2.30814e+07	2.13546e+07	2.35089e+07	2.24978e+07
P99999ups|CYC_HUMAN_UPS	Cytochrome	Cytochrome		8	8	2.53142e+07	3.81867e+06	2.75214e+07	7.65922e+06	2.72012e+07	8.89663e+06
Q06830ups|PRDX1_HUMAN_UPS	Peroxiredoxin	Peroxiredoxin		9	9	2.88184e+07		2.99696e+07	815117	2.89687e+07	
Q15843ups|NEDD8_HUMAN_UPS	NEDD8	NEDD8		3	3	5.9382e+07	2.373e+06	5.78845e+07	2.86409e+06	5.64201e+07	2.43485e+06
Q2M7R5	YIBT_ECOLI	yibT	Uncharacterized protein YibT	2	2	7.28547e+06	8.18634e+06	8.24163e+06	8.0887e+06	7.99748e+06	6.57789e+06
Q46798	YGER_ECOLI	ygeR	Uncharacterized lipoprotein YgeR	2	2	3.5604e+06	2.84823e+06	2.43851e+06	3.19985e+06	3.1035e+06	3.82603e+06
Q46829	BGLA_ECOLI	bglA	6-phospho-beta-glucosidase BglA	15	15	5.27335e+07	4.88023e+07	4.88614e+07	4.93954e+07	5.084e+07	5.02069e+07
Q46835	YGHG_ECOLI	yghG	Uncharacterized lipoprotein YghG	3	3	2.88052e+06	3.24475e+06	3.1521e+06	3.41752e+06	3.13696e+06	3.32595e+06
Q46845	YGHU_ECOLI	yghU	Disulfide-bond oxidoreductase YghU	3	3	7.44167e+06	7.56392e+06	8.22491e+06	7.91145e+06	7.87584e+06	8.1237e+06
Q46851	GPR_ECOLI	gpr	L-glyceraldehyde 3-phosphate reductase	2	2	2.78819e+06	2.58474e+06	3.15707e+06	3.06025e+06	3.12419e+06	3.10821e+06
Q46856	YQHD_ECOLI	yqhD	Alcohol dehydrogenase YqhD	15	15	2.9088e+07	3.18746e+07	2.92735e+07	3.07147e+07	2.89976e+07	3.13815e+07
Q46857	DKGA_ECOLI	dkgA	2,5-diketo-D-gluconic acid reductase A	10	10	2.42066e+07	2.41883e+07	2.29083e+07	2.34498e+07	2.4247e+07	2.30154e+07
Q46861	YGIQ_ECOLI	ygiQ	UPF0313 protein YgiQ	2	2	1.51293e+06	1.42909e+06	2.26678e+06	2.19058e+06	1.54708e+06	1.84656e+06
Q46863	YGIS_ECOLI	ygiS	Putative binding protein YgiS	1	1	633453					
Q46868	YQIC_ECOLI	yqiC	Uncharacterized protein YqiC	7	7	4.34314e+07	4.36323e+07	4.12058e+07	4.37212e+07	4.33078e+07	4.49724e+07
Q46871	YQJH_ECOLI	yqjH	NADPH-dependent ferric-chelate reductase	4	4	1.71944e+07	1.76059e+07	1.80484e+07	1.7579e+07	1.78326e+07	1.75223e+07
Q46893	ISPD_ECOLI	ispD	2-C-methyl-D-erythritol 4-phosphate cytidylyltransferase	4	4	7.21204e+06	7.83529e+06	7.4781e+06	6.81171e+06	7.16266e+06	6.91409e+06
Q46919	YQCC_ECOLI	yqcC	Uncharacterized protein YqcC	1	1	1.43678e+06	1.29954e+06	1.60226e+06	1.11093e+06	1.5541e+06	1.23894e+06
Q46920	QUEF_ECOLI	queF	NADPH-dependent 7-cyano-7-deazaguanine reductase	12	12	1.95133e+07	2.04433e+07	2.07584e+07	2.08828e+07	2.11439e+07	2.04573e+07
Q46925	CSDA_ECOLI	csdA	Cysteine sulfinate desulfinase	3	3	1.86815e+06	1.9242e+06	2.10128e+06	2.30429e+06	1.90528e+06	2.03863e+06
Q46927	YGDL_ECOLI	ygdL	Uncharacterized protein YgdL	4	4	4.13891e+06	4.04126e+06	4.15344e+06	4.11028e+06	3.71514e+06	3.40059e+06
Q46948	YAJL_ECOLI	yajL	Chaperone protein YajL	4	4	1.78388e+07	1.77823e+07	1.73837e+07	1.81415e+07	1.88274e+07	1.76551e+07
Q47147	YAFJ_ECOLI	yafJ	Putative glutamine amidotransferase YafJ	4	4	4.68991e+06	4.57614e+06	4.58573e+06	4.6095e+06	4.54051e+06	5.14628e+06
Q47319	YFIP_ECOLI	yfiP	DTW domain-containing protein YfiP	1	1	1.13975e+06	971249	1.04624e+06	1.07408e+06	1.06404e+06	1.09012e+06
Q47622	SAPA_ECOLI	sapA	Peptide transport periplasmic protein SapA	9	9	3.25748e+06	3.69378e+06	3.28828e+06	3.48198e+06	3.36473e+06	3.41802e+06
Q47679	YAFV_ECOLI	yafV	UPF0012 hydrolase YafV	3	3	3.2325e+06	3.67502e+06	3.59124e+06	3.16867e+06	3.82677e+06	3.17551e+06
Q47710	YQJK_ECOLI	yqjK	Uncharacterized protein YqjK	2	2	1.08549e+06	1.04702e+06	1.13432e+06	1.02845e+06	1.22277e+06	978514
Q57154	REPB_ECOLI	repB	RepFIB replication protein A	6	6	5.4182e+06	4.88503e+06	5.67042e+06	5.25605e+06	4.92544e+06	5.29638e+06
Q57261	TRUD_ECOLI	truD	tRNA pseudouridine synthase D	12	12	1.82069e+07	1.84815e+07	1.8678e+07	1.82257e+07	1.90109e+07	1.85405e+07
Q59385	COPA_ECOLI	copA	Copper-exporting P-type ATPase A	7	7	4.92419e+06	5.15144e+06	5.12197e+06	5.45063e+06	5.09215e+06	5.5559e+06
Q93K97	ADPP_ECOLI	nudF	ADP-ribose pyrophosphatase	7	7	8.93876e+06	8.69624e+06	9.24136e+06	8.9628e+06	9.51045e+06	8.86541e+06
Q9JMR6	YUAY_ECOLI	yuaY	Uncharacterized protein YuaY	1	1	1.9574e+07	3.05328e+07	3.10783e+07	3.24818e+07	3.15382e+07	3.29861e+07
