protein	RD139_Wide_UPS1_0_1fmol_inj1	RD139_Wide_UPS1_0_1fmol_inj2	RD139_Wide_UPS1_0_1fmol_inj3	RD139_Wide_UPS1_0_25fmol_inj1	RD139_Wide_UPS1_0_25fmol_inj2	RD139_Wide_UPS1_0_25fmol_inj3	Protein.Group	Protein.Ids	Protein.Names	Genes	isna	pval	log2_FC	Bonf_pass	BH_thr	BH_pass	FC_pass	Organism	Human	Ecoli	Yeast	FDR_pass	Search Engine	Quantitation	Imputation	FC_thr
P0A7W1	313781813.5930472	303534256.0579273	305698097.96538496	391526196.82269686	387476042.2555194	381543571.9562568	P0A7W1	P0A7W1		rpsE	0	5.1179848062398144e-05	-0.3303787748094689	False	2.6867275658248254e-05	False	False	Ecoli	False	True	False	False	msfragger	directlfq	min	0.6609640474436812
P62620	52826159.894137226	52702368.97541493	52926810.49106492	51509601.369020365	51668700.54219031	51695868.99059738	P62620	P62620		ispG	0	0.00017703204938854247	0.03297971493070723	False	5.373455131649651e-05	False	False	Ecoli	False	True	False	False	msfragger	directlfq	min	0.6609640474436812
P0A7M2	282741002.22509646	280247130.835326	278360903.5158941	261861424.71364996	259020843.80888605	258191348.9222557	P0A7M2	P0A7M2		rpmB	0	0.00027626773189168735	0.11094477159216884	False	8.060182697474477e-05	False	False	Ecoli	False	True	False	False	msfragger	directlfq	min	0.6609640474436812
P08839	290289891.8533116	290051851.60727006	291871809.9266196	300208398.8917822	301105113.37901425	299189599.6864831	P08839	P08839		ptsI	0	0.000291215386158929	-0.04604985307098734	False	0.00010746910263299302	False	False	Ecoli	False	True	False	False	msfragger	directlfq	min	0.6609640474436812
P05055	251949169.24021956	249759919.7373868	251325723.93661425	262557640.80106115	263353220.45647943	265320183.21466348	P05055	P05055		pnp	0	0.00035059946272389793	-0.07138246984890949	False	0.00013433637829124128	False	False	Ecoli	False	True	False	False	msfragger	directlfq	min	0.6609640474436812
P0A6P1	887371200.157897	908780291.816304	901461847.5466152	996043163.7639638	1009002046.6330348	994867309.8621364	P0A6P1	P0A6P1		tsf	0	0.00035117890570170055	-0.15323685580249793	False	0.00016120365394948954	False	False	Ecoli	False	True	False	False	msfragger	directlfq	min	0.6609640474436812
P0A7L3	93834300.97760704	92603861.23435766	90388341.58008328	73240474.6751229	75297700.64538293	73991424.36556455	P0A7L3	P0A7L3		rplT	0	0.0003685417035197569	0.3149848270635983	False	0.0001880709296077378	False	False	Ecoli	False	True	False	False	msfragger	directlfq	min	0.6609640474436812
P0A717	152651197.60251963	154050478.43413582	154352054.79378596	168983147.7108882	166278894.18722704	166908374.44871193	P0A717	P0A717		prs	0	0.000382973968018667	-0.12324214869666612	False	0.00021493820526598603	False	False	Ecoli	False	True	False	False	msfragger	directlfq	min	0.6609640474436812
P0AFK9	35197798.69533648	35798253.94200239	34989923.51127499	31903932.27229	30987505.21428646	31684996.53989087	P0AFK9	P0AFK9		potD	0	0.0005366218333992328	0.164320731319166	False	0.0002418054809242343	False	False	Ecoli	False	True	False	False	msfragger	directlfq	min	0.6609640474436812
P0A8W5	7141107.447594057	7240734.467960802	7365687.888592365	6224052.508734852	6295610.034348358	6448261.876943958	P0A8W5	P0A8W5		yqgE	0	0.0005638902145250311	0.19728972222082153	False	0.00026867275658248256	False	False	Ecoli	False	True	False	False	msfragger	directlfq	min	0.6609640474436812
P18355	2561531.942224554	2599189.7499999967	2666120.291668477	3072426.504809557	2998927.293869207	3024847.5574180176	P18355	P18355			0	0.0006169084393702517	-0.21683387188939449	False	0.0002955400322407308	False	False	Ecoli	False	True	False	False	msfragger	directlfq	min	0.6609640474436812
P09158	15421817.900234316	15261783.816340238	15311856.02194284	14423859.950049922	14467757.914170872	14242538.564246256	P09158	P09158		speE	0	0.000644005405401361	0.09266065390851695	False	0.0003224073078989791	False	False	Ecoli	False	True	False	False	msfragger	directlfq	min	0.6609640474436812
P0ADP9	20663870.75211383	21267763.1967026	20859385.289177515	18425810.1745392	18908037.99398942	18973020.66517785	P0ADP9	P0ADP9		yihD	0	0.0009566367842739331	0.15724730430345404	False	0.0003492745835572273	False	False	Ecoli	False	True	False	False	msfragger	directlfq	min	0.6609640474436812
P0A850	1126483737.9855084	1134353038.299018	1115420407.692923	1198801011.1622608	1188034728.5935369	1185382328.692732	P0A850	P0A850		tig	0	0.0009764795191321407	-0.08139534893968613	False	0.0003761418592154756	False	False	Ecoli	False	True	False	False	msfragger	directlfq	min	0.6609640474436812
P0ABP8	243068752.8817304	245358770.5315323	239532816.13160563	268191292.9652509	265205726.55742368	266651395.65932775	P0ABP8	P0ABP8		deoD	0	0.0011221188014691962	-0.1362274555779612	False	0.0004030091348737238	False	False	Ecoli	False	True	False	False	msfragger	directlfq	min	0.6609640474436812
P0AEB2	73487030.20377052	74399453.89506991	74016474.98393954	77164317.33049223	77057913.61292224	76561866.12851003	P0AEB2	P0AEB2		dacA	0	0.0012977040909118388	-0.0566149077731182	False	0.00042987641053197207	False	False	Ecoli	False	True	False	False	msfragger	directlfq	min	0.6609640474436812
P61889	101398119.4685837	101401460.2167559	101511736.42598891	105468899.9741528	105390287.79747292	105974583.3082746	P61889	P61889		mdh	0	0.0013344100018772278	-0.058178136558787945	False	0.0004567436861902204	False	False	Ecoli	False	True	False	False	msfragger	directlfq	min	0.6609640474436812
P0A9K9	129991826.22138016	124388950.77677904	123655612.06796151	149364569.2451931	148709111.45439833	143985098.8641345	P0A9K9	P0A9K9		slyD	0	0.0013889015922760085	-0.22571310207300257	False	0.0004836109618484686	False	False	Ecoli	False	True	False	False	msfragger	directlfq	min	0.6609640474436812
P37617	11272835.513837198	10980913.540225113	11216673.642285202	10148562.372681752	10301847.750025207	10135045.23394823	P37617	P37617		zntA	0	0.0018892596183776264	0.130041015767308	False	0.0005104782375067168	False	False	Ecoli	False	True	False	False	msfragger	directlfq	min	0.6609640474436812
P0AB96	600144.2667231447	607284.8125000002	651346.5370726214	760324.2765334791	800028.7980719759	770347.627695804	P0AB96	P0AB96		arsC	0	0.0019323913810561973	-0.32641112761192603	False	0.0005373455131649651	False	False	Ecoli	False	True	False	False	msfragger	directlfq	min	0.6609640474436812
P76594	2296702.4998510582	2315333.749999999	2281089.543020813	1809495.5905061888	1870039.4245948244	1910389.65548576	P76594	P76594		yfiQ	0	0.002112555092530133	0.30232950179658435	False	0.0005642127888232134	False	False	Ecoli	False	True	False	False	msfragger	directlfq	min	0.6609640474436812
P0ABZ6	76803060.39822699	74017693.09832975	75395642.18598372	84161927.97969292	85932890.2295265	82697000.7101909	P0ABZ6	P0ABZ6		surA	0	0.0021678202899436108	-0.16024627787006085	False	0.0005910800644814616	False	False	Ecoli	False	True	False	False	msfragger	directlfq	min	0.6609640474436812
P0A7K2	389688164.9813477	400601003.46795136	399087932.3028736	363073321.5317332	370830134.06212574	361461376.4709536	P0A7K2	P0A7K2		rplL	0	0.0024136048033788146	0.11879473782409342	False	0.0006179473401397099	False	False	Ecoli	False	True	False	False	msfragger	directlfq	min	0.6609640474436812
P0ADC1	2639170.489467928	2565478.0744503727	2724909.325222678	3123013.405752685	2994402.3016928444	3153785.6305780243	P0ADC1	P0ADC1		lptE	0	0.0026673624296603806	-0.22551586060586729	False	0.0006448146157979582	False	False	Ecoli	False	True	False	False	msfragger	directlfq	min	0.6609640474436812
P0AG99	9132116.54736451	8896050.014724215	9234571.371144358	8053142.723192189	8268828.865409519	8273588.89008896	P0AG99	P0AG99		secG	0	0.002809975275455154	0.14853252463901068	False	0.0006716818914562063	False	False	Ecoli	False	True	False	False	msfragger	directlfq	min	0.6609640474436812
P0A912	109041046.36762445	107122234.69395064	111708581.6656337	120497766.26246798	124045283.25793146	126120997.6861787	P0A912	P0A912		pal	0	0.0029171718907617674	-0.17698008883331906	False	0.0006985491671144546	False	False	Ecoli	False	True	False	False	msfragger	directlfq	min	0.6609640474436812
P0AAF6	1188772.1299430972	1230937.6570791716	1190981.211954483	1413566.0474650443	1422989.7845337724	1353856.1125683398	P0AAF6	P0AAF6		artP	0	0.0031512729787704003	-0.21481711664781453	False	0.0007254164427727029	False	False	Ecoli	False	True	False	False	msfragger	directlfq	min	0.6609640474436812
P76187	4541816.772278262	4320027.066030472	4600901.569769178	3792060.349327101	3594308.2703521554	3857352.112305314	P76187	P76187		ydhF	0	0.003213801503197402	0.2598531173672732	False	0.0007522837184309512	False	False	Ecoli	False	True	False	False	msfragger	directlfq	min	0.6609640474436812
P0A746	3273951.415876594	3078351.572473231	3305665.498488939	3883253.013605232	3718280.3597114217	3865974.718573978	P0A746	P0A746		msrB	0	0.0032439067658370673	-0.24776026420333827	False	0.0007791509940891995	False	False	Ecoli	False	True	False	False	msfragger	directlfq	min	0.6609640474436812
P0A7F3	7938751.970930407	7795953.072800341	7834283.414142296	7179164.371084718	7374563.681701356	7364448.406778847	P0A7F3	P0A7F3		pyrI	0	0.0032494225429196043	0.10476206734769611	False	0.0008060182697474476	False	False	Ecoli	False	True	False	False	msfragger	directlfq	min	0.6609640474436812
P0AF70	11200273.823721047	12064758.373514466	11186730.692070402	14123194.96482425	14623458.625948297	13574473.956734331	P0AF70	P0AF70		yjeI	0	0.003360150441221911	-0.29680025798698967	False	0.0008328855454056959	False	False	Ecoli	False	True	False	False	msfragger	directlfq	min	0.6609640474436812
P0A796	121304525.90096007	120652271.609443	118125697.89968476	127421650.2789479	130878358.97993168	128365635.28651708	P0A796	P0A796		pfkA	0	0.0033650102368818916	-0.10275911796809425	False	0.0008597528210639441	False	False	Ecoli	False	True	False	False	msfragger	directlfq	min	0.6609640474436812
P17993	15216959.367879476	15049075.418403322	14966721.551073156	15807886.582222937	15616803.091799565	15636106.448888592	P17993	P17993		ubiG	0	0.0034839589772469623	-0.05715781489921013	False	0.0008866200967221924	False	False	Ecoli	False	True	False	False	msfragger	directlfq	min	0.6609640474436812
P0ABC3	50724089.32704476	50443528.33766668	49990892.58478553	51927350.07301181	52459770.55090223	52077133.39616178	P0ABC3	P0ABC3		hflC	0	0.003518008804918664	-0.04977089002576303	False	0.0009134873723804408	False	False	Ecoli	False	True	False	False	msfragger	directlfq	min	0.6609640474436812
P0A7U3	194508421.63110605	201726390.26935863	193367163.70380592	225573234.886732	219504739.6523381	215921286.5445107	P0A7U3	P0A7U3		rpsS	0	0.0035250048391222625	-0.16490730043670934	False	0.0009403546480386889	False	False	Ecoli	False	True	False	False	msfragger	directlfq	min	0.6609640474436812
P00363	250285226.36013067	252386541.8264139	253052742.66757143	259501093.5884317	259818190.7806786	260821801.78729087	P00363	P00363		frdA	0	0.0036751005775867776	-0.0458746392831203	False	0.0009672219236969372	False	False	Ecoli	False	True	False	False	msfragger	directlfq	min	0.6609640474436812
P0A9Q1	105240949.35019591	104163112.31795558	104552877.9868345	109069975.56435405	110940059.37506056	110844978.32998514	P0A9Q1	P0A9Q1		arcA	0	0.0037558419124765355	-0.07563243833585771	False	0.0009940891993551854	False	False	Ecoli	False	True	False	False	msfragger	directlfq	min	0.6609640474436812
P0CE47	6356664288.178	6473774545.890703	6400655365.904943	6804005430.678889	6757460755.269133	6929091043.198595	P0CE47	P0CE47		tufA	0	0.003939126790638244	-0.09151836749699829	False	0.0010209564750134337	False	False	Ecoli	False	True	False	False	msfragger	directlfq	min	0.6609640474436812
P67244	478232.57598349085	466766.4374999999	486072.36756878736	332910.3284422381	336038.5467062951	290552.54541879764	P67244	P67244		yqhA	0	0.003971195881065007	0.5767387872101624	False	0.001047823750671682	False	False	Ecoli	False	True	False	False	msfragger	directlfq	min	0.6609640474436812
P0AAS7	6035049.105655327	5965223.854140353	5753776.118200925	5071705.3410087805	5127270.766718703	5361414.249555589	P0AAS7	P0AAS7		ybcJ	0	0.003997956207046091	0.190269837360973	False	0.0010746910263299302	False	False	Ecoli	False	True	False	False	msfragger	directlfq	min	0.6609640474436812
P0A6R3	6607895.889863747	6736068.945958649	6768085.92737016	8101280.670271348	8198831.449060855	7777811.670583944	P0A6R3	P0A6R3		fis	0	0.004257034967979612	-0.2596507993571653	False	0.0011015583019881785	False	False	Ecoli	False	True	False	False	msfragger	directlfq	min	0.6609640474436812
P0ADG4	77786555.12954749	77376340.74151048	75934301.56892352	72813613.4462057	71892240.39688672	73358941.14451477	P0ADG4	P0ADG4		suhB	0	0.004415548245271752	0.08374288816249983	False	0.0011284255776464267	False	False	Ecoli	False	True	False	False	msfragger	directlfq	min	0.6609640474436812
P33355	9831827.461414527	9958446.189186526	9667343.260698924	9190170.4245784	8823998.183986217	8913602.40559738	P33355	P33355		yehS	0	0.004578623281223001	0.12954590907902738	False	0.0011552928533046748	False	False	Ecoli	False	True	False	False	msfragger	directlfq	min	0.6609640474436812
P76049	2343485.077626802	2482359.500000002	2402773.924003211	2147614.0190120107	2066679.17766291	2070379.198580927	P76049	P76049		ycjY	0	0.004652768097022308	0.2018824102598956	False	0.0011821601289629233	False	False	Ecoli	False	True	False	False	msfragger	directlfq	min	0.6609640474436812
P0AG67	1129147598.0330238	1116906823.8820312	1130043475.6611805	1084812145.448345	1091393614.718747	1091530390.2625206	P0AG67	P0AG67		rpsA	0	0.004710608223320325	0.047065239403358716	False	0.0012090274046211713	False	False	Ecoli	False	True	False	False	msfragger	directlfq	min	0.6609640474436812
P66899	376254.809177255	378800.9688000003	409504.8085696184	283985.19296911213	317004.94381653506	311435.1908887787	P66899	P66899		ygeX	0	0.004747099299795345	0.35200729850837886	False	0.0012358946802794198	False	False	Ecoli	False	True	False	False	msfragger	directlfq	min	0.6609640474436812
P0A6K1	821623.6402464893	756776.4375000001	692744.0663324288	427574.6484253619	492072.8342256091	335572.7119975257	P0A6K1	P0A6K1		dapF	0	0.005032626923777485	0.8554788049006136	False	0.001262761955937668	False	True	Ecoli	False	True	False	False	msfragger	directlfq	min	0.6609640474436812
P0ABK2	5499330.0449082535	5257149.790815079	5687563.6615852965	6566972.022280015	6396229.936887286	6285282.707837992	P0ABK2	P0ABK2		cydB	0	0.005305254993858647	-0.2271797812129241	False	0.0012896292315959163	False	False	Ecoli	False	True	False	False	msfragger	directlfq	min	0.6609640474436812
P0A9L3	63809290.519802965	65234966.810863286	65862655.183935285	61052217.88971176	61000972.695996165	59566785.16675562	P0A9L3	P0A9L3		fklB	0	0.005418058559050381	0.1018623693367152	False	0.0013164965072541646	False	False	Ecoli	False	True	False	False	msfragger	directlfq	min	0.6609640474436812
P0A932	35792532.93165214	36250628.109303065	34701129.97089372	39335101.36011745	38584797.25717656	39443978.84663065	P0A932	P0A932		gfcE	0	0.005481073470607925	-0.13682952814587726	False	0.0013433637829124126	False	False	Ecoli	False	True	False	False	msfragger	directlfq	min	0.6609640474436812
P69853	3291515.269806597	3387201.6808458134	3312505.839486613	2762481.108558742	2810155.4250739547	2585128.61303524	P69853	P69853		dmsD	0	0.005531524875851011	0.2924872810448176	False	0.001370231058570661	False	False	Ecoli	False	True	False	False	msfragger	directlfq	min	0.6609640474436812
P45578	54005147.76977367	57332359.849058695	53257564.42950612	70241230.02242935	70308227.53180201	70828959.0219198	P45578	P45578		luxS	0	0.005544921063921017	-0.3609069312256599	False	0.0013970983342289091	False	False	Ecoli	False	True	False	False	msfragger	directlfq	min	0.6609640474436812
P0A8R9	2150657.8390976023	2135684.6785264546	2186041.8027859684	2339248.7353447312	2336288.483325235	2344606.1528469804	P0A8R9	P0A8R9		hdfR	0	0.005592097711437128	-0.11720321944759486	False	0.0014239656098871576	False	False	Ecoli	False	True	False	False	msfragger	directlfq	min	0.6609640474436812
P0ADU2	23905546.17894156	22722007.102234915	23480027.096114103	25503149.894073628	26468353.20411423	25665594.74008688	P0ADU2	P0ADU2		ygiN	0	0.0056995893496926756	-0.14717574553054028	False	0.0014508328855454059	False	False	Ecoli	False	True	False	False	msfragger	directlfq	min	0.6609640474436812
P32157	10797831.411519442	10612134.577257188	10320384.385559397	11767506.956902346	11460811.564696291	11560964.46559539	P32157	P32157		yiiM	0	0.0057593440983486925	-0.13277949314660326	False	0.001477700161203654	False	False	Ecoli	False	True	False	False	msfragger	directlfq	min	0.6609640474436812
P0AGD3	172371565.37194732	172261296.97566915	175043508.45732033	158368947.24248743	152860728.7041088	151092964.96075904	P0AGD3	P0AGD3		sodB	0	0.006030757366407584	0.16871344641299735	False	0.0015045674368619024	False	False	Ecoli	False	True	False	False	msfragger	directlfq	min	0.6609640474436812
P0A903	73573857.34235576	73299205.36382776	71953453.48187116	77705953.96272138	75971847.52183335	76530185.92464134	P0A903	P0A903		bamC	0	0.006083029474707641	-0.07315032425684877	False	0.0015314347125201504	False	False	Ecoli	False	True	False	False	msfragger	directlfq	min	0.6609640474436812
P0AEK4	172930198.5849494	170013945.05740058	167100150.01481372	180852783.9543853	184322197.79368305	181260447.51796055	P0AEK4	P0AEK4		fabI	0	0.006092850166274323	-0.09942848661145831	False	0.001558301988178399	False	False	Ecoli	False	True	False	False	msfragger	directlfq	min	0.6609640474436812
P0A6G7	64244160.29857248	67469888.347087	65779246.46184371	70743562.55882223	73074993.9599616	73057041.5139461	P0A6G7	P0A6G7		clpP	0	0.006524674826972343	-0.13506406125633966	False	0.001585169263836647	False	False	Ecoli	False	True	False	False	msfragger	directlfq	min	0.6609640474436812
P69908	5711170.127635275	6167572.388075221	6270607.541281682	7528609.178688773	7358709.026351778	7596517.975057072	P69908	P69908		gadA	0	0.006715245993783992	-0.30897032335463676	False	0.0016120365394948952	False	False	Ecoli	False	True	False	False	msfragger	directlfq	min	0.6609640474436812
P65556	6635580.463456801	6657022.609698678	6981438.496331954	7548925.08887752	7355176.46978693	7685352.504538417	P65556	P65556		yfcD	0	0.006762619252232116	-0.15601569001465218	False	0.0016389038151531437	False	False	Ecoli	False	True	False	False	msfragger	directlfq	min	0.6609640474436812
P0A7T7	153976276.25405475	149604308.0084962	151164384.9450888	162747178.2089659	160682369.91298664	161306526.48612797	P0A7T7	P0A7T7		rpsR	0	0.0067818044060478115	-0.09214177590746682	False	0.0016657710908113917	False	False	Ecoli	False	True	False	False	msfragger	directlfq	min	0.6609640474436812
P68206	2902072.831692268	2979301.887111888	2859555.224262096	3677331.110597083	4000259.069968112	3734910.9566864087	P68206	P68206		yjbJ	0	0.006810156928293084	-0.3847563233821593	False	0.0016926383664696402	False	False	Ecoli	False	True	False	False	msfragger	directlfq	min	0.6609640474436812
P0A6P9	740607425.4959806	736672390.5624995	746490849.736711	791805996.1921182	772733556.0674738	785349191.7368917	P0A6P9	P0A6P9		eno	0	0.007017143050947808	-0.07958444097990322	False	0.0017195056421278883	False	False	Ecoli	False	True	False	False	msfragger	directlfq	min	0.6609640474436812
P0A8V2	512975211.0987153	512603215.3648792	510035515.8549437	522637086.3654621	528261501.7231084	523462588.4512442	P0A8V2	P0A8V2		rpoB	0	0.007110456068746858	-0.035950985595426366	False	0.0017463729177861365	False	False	Ecoli	False	True	False	False	msfragger	directlfq	min	0.6609640474436812
P0AEX9	38655188.81690298	36813893.38972019	35432762.859747656	31655915.06392083	29620822.907735936	30430478.88217744	P0AEX9	P0AEX9		malE	0	0.007294555158274491	0.2741761921481545	False	0.0017732401934443848	False	False	Ecoli	False	True	False	False	msfragger	directlfq	min	0.6609640474436812
P0A7Q1	15047376.522267384	12545730.53145757	12350212.01457318	25496001.8320041	21016708.03081049	21453260.519334547	P0A7Q1	P0A7Q1		rpmI	0	0.008673119317528389	-0.7668583720357602	False	0.001800107469102633	False	True	Ecoli	False	True	False	False	msfragger	directlfq	min	0.6609640474436812
P0A8T7	592191110.9136024	594364183.2810744	588326924.085128	606253379.3774998	605355389.9561259	613672725.8616287	P0A8T7	P0A8T7		rpoC	0	0.008835901685660372	-0.04039568368876463	False	0.0018269747447608815	False	False	Ecoli	False	True	False	False	msfragger	directlfq	min	0.6609640474436812
P0AFG0	57203366.41094072	57608096.48729733	59209949.64213532	62227086.039081454	63266561.29901953	65232555.932599925	P0AFG0	P0AFG0		nusG	0	0.008931885318883281	-0.13223823054784614	False	0.0018538420204191296	False	False	Ecoli	False	True	False	False	msfragger	directlfq	min	0.6609640474436812
P0AEU7	59891340.56220964	64020998.30708087	63935082.16741343	69266376.16929552	71297358.63926941	73462004.95899244	P0AEU7	P0AEU7		skp	0	0.0090339831422438	-0.18822300321431815	False	0.0018807092960773778	False	False	Ecoli	False	True	False	False	msfragger	directlfq	min	0.6609640474436812
P15639	25526878.33311438	25142446.39568385	25438889.081260663	23973856.851096805	24186664.5436541	24578581.53528902	P15639	P15639		purH	0	0.009084579613482966	0.06532102822185305	False	0.001907576571735626	False	False	Ecoli	False	True	False	False	msfragger	directlfq	min	0.6609640474436812
P0AB38	6685344.886727391	6792263.125010213	6778669.547729312	7206470.281254284	7484367.28304346	7342650.507905005	P0AB38	P0AB38		lpoB	0	0.00917859689050005	-0.12132882455480466	False	0.0019344438473938744	False	False	Ecoli	False	True	False	False	msfragger	directlfq	min	0.6609640474436812
P77775	1101730.4095037882	1134957.5202084885	1088498.879142667	1002254.1028305568	923686.5966895928	964012.7420781396	P77775	P77775		yfcH	0	0.009324462637283305	0.20238914296611446	False	0.0019613111230521226	False	False	Ecoli	False	True	False	False	msfragger	directlfq	min	0.6609640474436812
P11349	14335205.486532846	13945240.927553376	14062448.667779611	13423761.75765124	13464808.335224768	13078304.847144503	P11349	P11349		narH	0	0.009371167366910555	0.08331514208392646	False	0.001988178398710371	False	False	Ecoli	False	True	False	False	msfragger	directlfq	min	0.6609640474436812
P0AEK2	177258426.0255893	177435755.8619321	179669817.7577916	193014494.8895087	190025715.57246312	187126020.30483148	P0AEK2	P0AEK2		fabG	0	0.009553248729582017	-0.09355977927188647	False	0.002015045674368619	False	False	Ecoli	False	True	False	False	msfragger	directlfq	min	0.6609640474436812
P0A6Y1	19294203.36183818	17968242.212736126	19493294.888251413	14756480.561779352	16550008.43498882	15039231.49304589	P0A6Y1	P0A6Y1		ihfB	0	0.009638173508200445	0.29233019050847037	False	0.0020419129500268674	False	False	Ecoli	False	True	False	False	msfragger	directlfq	min	0.6609640474436812
P00963	55335791.04502441	56633050.93902764	56483935.24334434	51201625.50713752	53352532.71757037	52340579.53514536	P00963	P00963		asnA	0	0.009718128657916813	0.10254724869849745	False	0.0020687802256851157	False	False	Ecoli	False	True	False	False	msfragger	directlfq	min	0.6609640474436812
P42628	11084180.700921249	11545420.999999993	11145602.462765262	8926719.523114135	9766934.800715167	9738059.219788205	P42628	P42628		yhaO	0	0.010333387249203898	0.24846343930039433	False	0.002095647501343364	False	False	Ecoli	False	True	False	False	msfragger	directlfq	min	0.6609640474436812
P0ADK8	15716222.287943926	14937658.056951633	15248243.054230222	16447539.663303878	17093592.51907746	17388728.732669886	P0ADK8	P0ADK8		yibL	0	0.010436153995109228	-0.14995088415324212	False	0.002122514777001612	False	False	Ecoli	False	True	False	False	msfragger	directlfq	min	0.6609640474436812
P09373	2370262397.195949	2362721646.0368667	2369234748.49921	2635243427.011484	2560321198.9430723	2642846382.4760747	P09373	P09373		pflB	0	0.010841088858749216	-0.1422914180210041	False	0.0021493820526598604	False	False	Ecoli	False	True	False	False	msfragger	directlfq	min	0.6609640474436812
P0A7E9	19999782.69128351	19589926.64378832	20664131.10786523	21614138.60083847	21783979.97773246	22434914.963193767	P0A7E9	P0A7E9		pyrH	0	0.01088288938801536	-0.12775847932375928	False	0.0021762493283181083	False	False	Ecoli	False	True	False	False	msfragger	directlfq	min	0.6609640474436812
P76270	6506307.082732449	5876566.998736345	6139849.308164661	4804790.9568074765	4652297.098435331	4831432.318189017	P76270	P76270		msrC	0	0.010913507925300008	0.3744397051281022	False	0.002203116603976357	False	False	Ecoli	False	True	False	False	msfragger	directlfq	min	0.6609640474436812
P76204	1032569.5584568091	1016144.2500000012	1015655.0854215357	1052685.228089142	1062193.5340175268	1047970.0411762964	P76204	P76204		ydiV	0	0.010973891841376772	-0.04563460918748901	False	0.0022299838796346052	False	False	Ecoli	False	True	False	False	msfragger	directlfq	min	0.6609640474436812
P0AG59	59533843.66608313	59841051.14805597	60570843.76599304	58385783.05130529	57774103.05468969	58204390.696080536	P0AG59	P0AG59		rpsN	0	0.011300995787268833	0.045457441583182864	False	0.0022568511552928535	False	False	Ecoli	False	True	False	False	msfragger	directlfq	min	0.6609640474436812
P17109	7352851.021568006	7213375.027769467	7417647.21272876	6862787.914627696	6872456.654502657	7064991.7394262655	P17109	P17109		menD	0	0.011714332384440562	0.07984567338162137	False	0.0022837184309511017	False	False	Ecoli	False	True	False	False	msfragger	directlfq	min	0.6609640474436812
P0A7Z4	631604127.904712	640721337.6747848	636696088.7990682	650403436.4227681	650932971.5284107	655219715.068654	P0A7Z4	P0A7Z4		rpoA	0	0.011725424732751722	-0.03548310194162701	False	0.0023105857066093496	False	False	Ecoli	False	True	False	False	msfragger	directlfq	min	0.6609640474436812
P0AFB1	9089017.022313908	8752157.63640718	8859126.718311107	9648955.036209052	9682832.287626725	9335241.141467627	P0AFB1	P0AFB1		nlpI	0	0.011919224737796124	-0.10253634078006549	False	0.0023374529822675983	False	False	Ecoli	False	True	False	False	msfragger	directlfq	min	0.6609640474436812
P0A858	198150889.3408556	203890250.8330486	202397563.3374354	216487055.53085047	226920399.0108486	218703033.068834	P0A858	P0A858		tpiA	0	0.01208300683232109	-0.13147594000105783	False	0.0023643202579258465	False	False	Ecoli	False	True	False	False	msfragger	directlfq	min	0.6609640474436812
P0A6X7	76047098.24025688	74264791.0366642	75964813.65759313	67315578.74782152	66854938.50567162	70541562.29078487	P0A6X7	P0A6X7		ihfA	0	0.012172184508471653	0.14449182014256506	False	0.002391187533584095	False	False	Ecoli	False	True	False	False	msfragger	directlfq	min	0.6609640474436812
P63389	10690487.890121212	10572536.740600498	10275784.151745765	9607092.33538194	9409996.141864292	9927187.624544416	P63389	P63389		yheS	0	0.012348121871340814	0.12385009559346521	False	0.0024180548092423426	False	False	Ecoli	False	True	False	False	msfragger	directlfq	min	0.6609640474436812
P62399	758670232.4500066	724808506.0338042	735218615.1210654	827518530.3754855	787832122.9149688	826463942.303858	P62399	P62399		rplE	0	0.012376292271605036	-0.13824077527286205	False	0.002444922084900591	False	False	Ecoli	False	True	False	False	msfragger	directlfq	min	0.6609640474436812
P0ADE4	13916065.226436911	14128562.665539345	14009168.616137017	13737559.726617483	13663074.73911794	13528206.305569043	P0ADE4	P0ADE4		tamA	0	0.012451187855989872	0.03911824327333545	False	0.0024717893605588396	False	False	Ecoli	False	True	False	False	msfragger	directlfq	min	0.6609640474436812
P75792	257582.8743195477	271078.09380000003	234302.6647960001	169032.2988120718	206725.0151621108	165952.47552746747	P75792	P75792		ybiV	0	0.013190705575137192	0.4940941291500522	False	0.002498656636217088	False	False	Ecoli	False	True	False	False	msfragger	directlfq	min	0.6609640474436812
P52627	257025.0398357459	225806.90620000023	220433.47069880244	170929.96775223207	143847.08960121352	183296.15977608468	P52627	P52627		fliZ	0	0.013763508205606735	0.49771143901906967	False	0.002525523911875336	False	False	Ecoli	False	True	False	False	msfragger	directlfq	min	0.6609640474436812
P0A8U6	21119159.571619354	21837103.90885904	21445470.79482889	22472135.39088684	22875835.74469416	22591916.75426918	P0A8U6	P0A8U6		metJ	0	0.013801308700952555	-0.07715929835376556	False	0.002552391187533584	False	False	Ecoli	False	True	False	False	msfragger	directlfq	min	0.6609640474436812
P0AB55	3944107.120952804	3902861.750000004	3800428.050512864	4068384.90918204	4149472.598727065	4230668.623827156	P0AB55	P0AB55		yciI	0	0.013804798591082445	-0.09596737885942605	False	0.0025792584631918326	False	False	Ecoli	False	True	False	False	msfragger	directlfq	min	0.6609640474436812
P39831	42226262.72403948	41503321.154507205	42002073.49485327	43886347.66067016	42939871.45038126	43415852.17857599	P39831	P39831		ydfG	0	0.013916397276785732	-0.05084760384276295	False	0.002606125738850081	False	False	Ecoli	False	True	False	False	msfragger	directlfq	min	0.6609640474436812
P0A9Q5	90753195.39209785	91077066.61028633	88000753.98316084	96915206.3380658	97316816.18262409	97647124.738472	P0A9Q5	P0A9Q5		accD	0	0.013961557868136092	-0.11331495418028283	False	0.002632993014508329	False	False	Ecoli	False	True	False	False	msfragger	directlfq	min	0.6609640474436812
P69811	78932836.03981103	81292304.82634196	79291681.30681247	84521089.30894975	85957842.66926993	88517850.35312906	P69811	P69811		fruB	0	0.01398802529246508	-0.11280718912504144	False	0.0026598602901665774	False	False	Ecoli	False	True	False	False	msfragger	directlfq	min	0.6609640474436812
P69503	73291812.3420403	70415451.90922429	69207227.12471779	62984913.79103239	61944685.76382835	63213276.66136671	P69503	P69503		apt	0	0.014033218920852178	0.17844548109282066	False	0.0026867275658248252	False	False	Ecoli	False	True	False	False	msfragger	directlfq	min	0.6609640474436812
P09029	2022177.247511265	2162836.4703239715	2132590.1883972804	1773229.7299382477	1780722.884387924	1757952.2534698602	P09029	P09029		purK	0	0.0141581462261052	0.2501481781700589	False	0.002713594841483074	False	False	Ecoli	False	True	False	False	msfragger	directlfq	min	0.6609640474436812
P0A6M8	1110709730.8406172	1119955371.8404655	1161552138.2225344	1199035975.291855	1209887787.138792	1239737724.22509	P0A6M8	P0A6M8		fusA	0	0.014193818512079192	-0.10513874317063966	False	0.002740462117141322	False	False	Ecoli	False	True	False	False	msfragger	directlfq	min	0.6609640474436812
P0AFX0	1711552.3948224126	1925486.458969452	1714395.778108397	1354811.310026801	1281965.510654181	1374994.5813141784	P0AFX0	P0AFX0		hpf	0	0.014326315869550152	0.41568630534201323	False	0.0027673293927995704	False	False	Ecoli	False	True	False	False	msfragger	directlfq	min	0.6609640474436812
P0A8Q0	3101193.2362750378	2989035.2386494866	3160307.88086435	2889415.6540672123	2731089.6682755826	2759637.7660964117	P0A8Q0	P0A8Q0		frdC	0	0.014330457340221911	0.142562139302252	False	0.0027941966684578183	False	False	Ecoli	False	True	False	False	msfragger	directlfq	min	0.6609640474436812
P0A9X9	90477533.43881407	84379963.82225406	85243977.14599982	71310478.2546253	71435208.2210868	72119643.35480519	P0A9X9	P0A9X9		cspA	0	0.014356652948021905	0.27564186571093685	False	0.0028210639441160665	False	False	Ecoli	False	True	False	False	msfragger	directlfq	min	0.6609640474436812
P67080	8926053.409664445	9109626.29868872	9040042.113819003	9271540.590093736	9382905.748922748	9501556.804268207	P67080	P67080		yggS	0	0.01476989767820094	-0.0564427524931751	False	0.0028479312197743152	False	False	Ecoli	False	True	False	False	msfragger	directlfq	min	0.6609640474436812
P15082	1365816.0480366815	1356416.0118240009	1331199.299524553	1443082.4015956516	1429150.2248461822	1397451.6390399474	P15082	P15082		srlR	0	0.015254471087786988	-0.07498567666134437	False	0.0028747984954325635	False	False	Ecoli	False	True	False	False	msfragger	directlfq	min	0.6609640474436812
P64506	1435529.7937035216	1391158.249999999	1403448.9515041276	1617635.1188870107	1524124.0327426267	1558735.172289138	P64506	P64506		yebY	0	0.015394395833356035	-0.1521080981596268	False	0.0029016657710908117	False	False	Ecoli	False	True	False	False	msfragger	directlfq	min	0.6609640474436812
P0AFM2	6091951.766860185	5979599.042092656	6268320.40429703	6449752.363240735	6737989.233183499	6588689.383069065	P0AFM2	P0AFM2		proX	0	0.015491997857058957	-0.10879858071187525	False	0.0029285330467490596	False	False	Ecoli	False	True	False	False	msfragger	directlfq	min	0.6609640474436812
P0AE82	7639227.5789446365	7834454.690121884	7706780.904712662	7198269.192909537	7446891.698301976	7184381.9865197735	P0AE82	P0AE82		cpxA	0	0.015881048625453247	0.08662747358820701	False	0.002955400322407308	False	False	Ecoli	False	True	False	False	msfragger	directlfq	min	0.6609640474436812
P0AB77	73982896.69439164	70327968.36496744	71321057.36630689	79075350.98666556	77105430.27698466	76763050.19532783	P0AB77	P0AB77		kbl	0	0.015881065940639937	-0.11141135490014338	False	0.0029822675980655565	False	False	Ecoli	False	True	False	False	msfragger	directlfq	min	0.6609640474436812
P37665	23525495.20016819	23795020.198830757	23443970.64806649	24990508.914415546	24335065.15731288	24563578.03033286	P37665	P37665		yiaD	0	0.01627062153854317	-0.06233706413565144	False	0.003009134873723805	False	False	Ecoli	False	True	False	False	msfragger	directlfq	min	0.6609640474436812
P0A6I3	11706297.191485897	12038264.361298077	11485383.720137209	11160376.92668629	10779624.63136246	10675236.984967906	P0A6I3	P0A6I3		coaA	0	0.016406769333458682	0.11125605349870442	False	0.003036002149382053	False	False	Ecoli	False	True	False	False	msfragger	directlfq	min	0.6609640474436812
P0AE67	2877155.537014732	2656685.745371718	2506942.603371944	3649973.888586899	3406758.772452332	3164922.5422921567	P0AE67	P0AE67		cheY	0	0.016694876951744292	-0.3462207724400939	False	0.003062869425040301	False	False	Ecoli	False	True	False	False	msfragger	directlfq	min	0.6609640474436812
P39380	796193.9532539998	681026.1249999997	883643.4558114143	570305.598080199	418645.7317463526	458326.89620377007	P39380	P39380		kptA	0	0.016746908949481654	0.7059723578145689	False	0.003089736700698549	False	True	Ecoli	False	True	False	False	msfragger	directlfq	min	0.6609640474436812
P00954	42899842.93705098	43528111.89203492	43929651.79838547	41516945.30171685	42017123.95130667	42161346.25608381	P00954	P00954		trpS	0	0.0169260658296136	0.0525427381965009	False	0.003116603976356798	False	False	Ecoli	False	True	False	False	msfragger	directlfq	min	0.6609640474436812
P0A978	10997681.20928971	11639498.718781693	11623826.561980266	9733327.258441567	10319555.653071394	10496324.781018348	P0A978	P0A978		cspG	0	0.016988437623129685	0.1654325707014851	False	0.003143471252015046	False	False	Ecoli	False	True	False	False	msfragger	directlfq	min	0.6609640474436812
P0AG86	57599446.080730654	61617929.7028696	59921236.41259234	65916714.62980552	66714919.93278698	67355505.04478776	P0AG86	P0AG86		secB	0	0.017803373915624914	-0.15883089424999697	False	0.003170338527673294	False	False	Ecoli	False	True	False	False	msfragger	directlfq	min	0.6609640474436812
P0A6V1	22936862.538734447	23128657.8424294	23416572.532552317	22673264.613087434	22293471.681825858	22223898.702120416	P0A6V1	P0A6V1		glgC	0	0.017978010565870145	0.048381046248401054	False	0.003197205803331542	False	False	Ecoli	False	True	False	False	msfragger	directlfq	min	0.6609640474436812
P0A905	23430332.663836807	24337443.805230085	23737581.59276627	25889051.180792704	25021864.86923408	25070558.781129666	P0A905	P0A905		slyB	0	0.018381883506182115	-0.08759636515186121	False	0.0032240730789897904	False	False	Ecoli	False	True	False	False	msfragger	directlfq	min	0.6609640474436812
P65870	10320267.880028851	10477297.760380637	11087931.72913426	9296373.685919227	9627276.937824778	9248729.365389442	P65870	P65870		queD	0	0.018518698928696346	0.1786189383696279	False	0.003250940354648039	False	False	Ecoli	False	True	False	False	msfragger	directlfq	min	0.6609640474436812
P0ACG1	55195475.08051828	55382940.64858973	54893117.72345742	57979306.69272209	57909822.89149872	59521212.85843104	P0ACG1	P0ACG1		stpA	0	0.01855653670271306	-0.08415076626713518	False	0.0032778076303062874	False	False	Ecoli	False	True	False	False	msfragger	directlfq	min	0.6609640474436812
P30130	5657524.252073952	5717147.995075971	5564312.011365244	5145972.844431455	5403323.476996043	5245015.732282229	P30130	P30130		fimD	0	0.01861609569976245	0.10094226687194091	False	0.0033046749059645352	False	False	Ecoli	False	True	False	False	msfragger	directlfq	min	0.6609640474436812
P77454	6126681.818710434	5989145.770765967	6049575.583336405	5745391.762735605	5904143.977650262	5818022.63230417	P77454	P77454		glsA1	0	0.019316885955241638	0.05651542462161342	False	0.0033315421816227835	False	False	Ecoli	False	True	False	False	msfragger	directlfq	min	0.6609640474436812
P0A6T3	19339527.580356527	19408197.62725969	18620762.99065185	20113959.94437193	21153262.73672125	20619176.71550728	P0A6T3	P0A6T3		galK	0	0.019432276378696496	-0.10936388725782988	False	0.0033584094572810318	False	False	Ecoli	False	True	False	False	msfragger	directlfq	min	0.6609640474436812
P0AEI1	65519376.16237449	66068278.0387448	67899770.89297514	61952378.525078885	64083342.47820693	62415912.90168084	P0AEI1	P0AEI1		miaB	0	0.019479373166752998	0.08210350402251326	False	0.0033852767329392804	False	False	Ecoli	False	True	False	False	msfragger	directlfq	min	0.6609640474436812
P00579	42488162.308952376	42359109.10433225	42115553.56099737	43707640.38470148	44208887.53474216	44848578.471578985	P00579	P00579		rpoD	0	0.019547390236080955	-0.06446989011799614	False	0.0034121440085975287	False	False	Ecoli	False	True	False	False	msfragger	directlfq	min	0.6609640474436812
P0A6P5	27803332.436907683	28229540.9797542	27841671.05768254	28854171.00007944	28760958.438274648	28412071.375715032	P0A6P5	P0A6P5		der	0	0.0199707829333261	-0.03655986956374434	False	0.0034390112842557765	False	False	Ecoli	False	True	False	False	msfragger	directlfq	min	0.6609640474436812
P0A7R9	308416827.89329684	321590312.8067651	315113563.93803275	335438306.05247176	330596339.8572413	337276357.2018889	P0A7R9	P0A7R9		rpsK	0	0.01997354929548153	-0.08619837944255468	False	0.003465878559914025	False	False	Ecoli	False	True	False	False	msfragger	directlfq	min	0.6609640474436812
P30850	86559580.49447922	86086378.61853136	85214130.05757	82462204.95930563	84148563.2122275	82168346.48929302	P30850	P30850		rnb	0	0.02008540088531816	0.05172311991733469	False	0.003492745835572273	False	False	Ecoli	False	True	False	False	msfragger	directlfq	min	0.6609640474436812
P36683	103427460.68477036	106200250.40500548	104854882.83398265	99545933.62817274	101818778.11761494	101181057.2138591	P36683	P36683		acnB	0	0.020158272034332007	0.05582675957993335	False	0.0035196131112305218	False	False	Ecoli	False	True	False	False	msfragger	directlfq	min	0.6609640474436812
P41052	2358648.878829514	2537904.056589084	2435516.92285079	2111673.286413881	2160892.773664023	2125987.6237515155	P41052	P41052		mltB	0	0.02032238054760164	0.19647469352317135	False	0.0035464803868887696	False	False	Ecoli	False	True	False	False	msfragger	directlfq	min	0.6609640474436812
P24169	16406643.39904292	16590719.114531068	16443121.250013936	16096757.927770654	15788106.770522812	16075426.56632696	P24169	P24169		speF	0	0.020599602552448963	0.04385243942640201	False	0.003573347662547018	False	False	Ecoli	False	True	False	False	msfragger	directlfq	min	0.6609640474436812
P25526	2690031.319957603	2653738.6397279804	2688366.1613681726	2593866.218605287	2637279.6263396945	2599931.0071677845	P25526	P25526		gabD	0	0.021118395548575763	0.03657301264027804	False	0.003600214938205266	False	False	Ecoli	False	True	False	False	msfragger	directlfq	min	0.6609640474436812
P0ADG7	166878818.9409496	164739023.46001318	166442280.76844347	169762430.82690883	168114339.1320758	170199648.60903037	P0ADG7	P0ADG7		guaB	0	0.021486759649840103	-0.02872559837522626	False	0.0036270822138635144	False	False	Ecoli	False	True	False	False	msfragger	directlfq	min	0.6609640474436812
P0A8C4	10634695.412036533	11030226.819176847	11159333.145428885	10427069.191007502	10013085.005340252	10106341.1482194	P0A8C4	P0A8C4		ygfB	0	0.02151167698746039	0.1037554172364073	False	0.003653949489521763	False	False	Ecoli	False	True	False	False	msfragger	directlfq	min	0.6609640474436812
P06999	4583202.668506367	4733157.212016818	4764436.114934819	4423739.953027446	4142534.006064568	4332303.12753258	P06999	P06999		pfkB	0	0.021706289282851458	0.126516969899634	False	0.003680816765180011	False	False	Ecoli	False	True	False	False	msfragger	directlfq	min	0.6609640474436812
P10442	1114821.6220491335	1121649.2500000012	1191661.4719105614	1381474.9818183049	1314702.5239474017	1487012.8002435006	P10442	P10442		rnhB	0	0.021829113550914346	-0.28718082589537186	False	0.003707684040838259	False	False	Ecoli	False	True	False	False	msfragger	directlfq	min	0.6609640474436812
P0A7N9	145570123.11222455	148043674.11937487	150831424.38016567	154375132.83174747	156487437.30647314	156575046.2401078	P0A7N9	P0A7N9		rpmG	0	0.02204338558283542	-0.07276822144936657	False	0.0037345513164965074	False	False	Ecoli	False	True	False	False	msfragger	directlfq	min	0.6609640474436812
P0AFX4	589469.8247546079	452551.7187999996	522440.35925998574	336119.10526393645	283909.1519506854	333195.7783416432	P0AFX4	P0AFX4		rsd	0	0.02232788464475483	0.7147792923684217	False	0.0037614185921547557	False	True	Ecoli	False	True	False	False	msfragger	directlfq	min	0.6609640474436812
P0A862	173734292.73022807	174757119.86504114	172543024.05703652	176057231.26435304	176387945.90370542	177671381.09299397	P0A862	P0A862		tpx	0	0.022350456648267028	-0.02493087659966498	False	0.0037882858678130044	False	False	Ecoli	False	True	False	False	msfragger	directlfq	min	0.6609640474436812
P0AC81	1935739.0261304253	1871931.8591822	1815152.1821212296	2534441.4994002334	2230072.058740478	2308568.394594117	P0AC81	P0AC81		gloA	0	0.0225562108424125	-0.33104432676687284	False	0.003815153143471252	False	False	Ecoli	False	True	False	False	msfragger	directlfq	min	0.6609640474436812
P11880	8709750.013761492	8918473.382288193	9019540.364767233	9322483.127831854	9749110.496651832	9408604.659847105	P11880	P11880		murF	0	0.02261753470897634	-0.09594472132085502	False	0.0038420204191295004	False	False	Ecoli	False	True	False	False	msfragger	directlfq	min	0.6609640474436812
P0ACI0	14234189.338787531	14190317.4365674	14013725.566396222	12991557.493720973	13503055.28437792	13444833.816519087	P0ACI0	P0ACI0		rob	0	0.022779461923120168	0.08755022287795504	False	0.0038688876947877487	False	False	Ecoli	False	True	False	False	msfragger	directlfq	min	0.6609640474436812
P0A7J7	257381357.5682137	247784340.9750402	259420672.85416615	296270069.1331156	274591327.36448085	294193838.93291205	P0A7J7	P0A7J7		rplK	0	0.022999462910649675	-0.17811276988211405	False	0.003895754970445997	False	False	Ecoli	False	True	False	False	msfragger	directlfq	min	0.6609640474436812
P09424	13168934.021618135	13480624.859194024	13048208.24418106	12488015.068343377	12651303.30571479	12731101.611277483	P09424	P09424		mtlD	0	0.023707861937675528	0.06798644168530842	False	0.003922622246104245	False	False	Ecoli	False	True	False	False	msfragger	directlfq	min	0.6609640474436812
P28635	58004551.87134683	59351200.90527509	59847587.642235234	56556771.9062192	56751619.99044641	55868922.9270189	P28635	P28635		metQ	0	0.023836217413993093	0.06686967123004549	False	0.003949489521762494	False	False	Ecoli	False	True	False	False	msfragger	directlfq	min	0.6609640474436812
P76402	6562297.819129243	6653655.922622649	6718026.048671573	7887132.011843733	7493846.473327333	7329185.736889668	P76402	P76402		yegP	0	0.023992782715308907	-0.18810836759391117	False	0.003976356797420742	False	False	Ecoli	False	True	False	False	msfragger	directlfq	min	0.6609640474436812
P0A7N4	121613959.51830278	129379828.35145448	127829628.22732204	113052573.9869071	117811522.39324364	114947250.49928388	P0A7N4	P0A7N4		rpmF	0	0.024437670302780823	0.13154030247731657	False	0.00400322407307899	False	False	Ecoli	False	True	False	False	msfragger	directlfq	min	0.6609640474436812
P08189	1863088.56466721	1693414.283388981	1828729.3822551377	2077486.9203083748	2047013.8269030305	1970843.1640183711	P08189	P08189		fimF	0	0.024982031553064023	-0.17869906258162266	False	0.004030091348737238	False	False	Ecoli	False	True	False	False	msfragger	directlfq	min	0.6609640474436812
P33225	4205692.197099574	4544784.146445065	4501715.832163495	3876328.8191220975	3861721.506032813	4049257.067773734	P33225	P33225		torA	0	0.025624694235424954	0.16899683266737717	False	0.004056958624395487	False	False	Ecoli	False	True	False	False	msfragger	directlfq	min	0.6609640474436812
P77808	12112675.239299629	12241758.994291635	12606526.73940021	13183265.081400763	13190137.9148846	13235939.153985413	P77808	P77808		yfaY	0	0.025712949243194727	-0.09983847367034861	False	0.004083825900053735	False	False	Ecoli	False	True	False	False	msfragger	directlfq	min	0.6609640474436812
P0AED0	30273145.24902562	31273625.3145271	30941123.57965511	43102320.68784899	43061636.39870646	37665552.1387362	P0AED0	P0AED0		uspA	0	0.026029584470507544	-0.4210187104319975	False	0.004110693175711983	False	False	Ecoli	False	True	False	False	msfragger	directlfq	min	0.6609640474436812
P68679	275545204.7868699	276876223.4231122	273896549.8619948	247446299.4082772	259265115.99291852	258031623.01837164	P68679	P68679		rpsU	0	0.026807658485069937	0.11172198784167992	False	0.004137560451370231	False	False	Ecoli	False	True	False	False	msfragger	directlfq	min	0.6609640474436812
P0AE12	4632519.299231391	4450491.473255633	4356308.899632592	4110402.835611949	4057638.24851457	4022202.274576083	P0AE12	P0AE12		amn	0	0.026992938484394793	0.14073318022979156	False	0.004164427727028479	False	False	Ecoli	False	True	False	False	msfragger	directlfq	min	0.6609640474436812
P23869	88087678.76496682	86887883.54233542	89854686.68167186	91828961.4710294	96254534.42471102	93716138.88452886	P23869	P23869		ppiB	0	0.027125695013252026	-0.08960182526920828	False	0.004191295002686728	False	False	Ecoli	False	True	False	False	msfragger	directlfq	min	0.6609640474436812
P0AFR4	20589428.60173089	20852323.52804891	21243345.728989813	21713377.500983488	21566408.72716407	21947505.77221045	P0AFR4	P0AFR4		yciO	0	0.02719122028831478	-0.057353222720965505	False	0.0042181622783449765	False	False	Ecoli	False	True	False	False	msfragger	directlfq	min	0.6609640474436812
P61949	24695004.427703746	24787805.15289067	24937109.63688421	25659201.12111744	25303672.17596279	25235305.90055816	P61949	P61949		fldA	0	0.027382840064199946	-0.03406769962017081	False	0.004245029554003224	False	False	Ecoli	False	True	False	False	msfragger	directlfq	min	0.6609640474436812
P0A805	58150351.48572508	61209087.062011786	59229817.59647593	62438983.45795448	64906921.69853167	63221921.66334511	P0A805	P0A805		frr	0	0.027575129415047295	-0.09365928139200394	False	0.004271896829661472	False	False	Ecoli	False	True	False	False	msfragger	directlfq	min	0.6609640474436812
P0A6L7	2777014.2760848994	2786004.3213410857	2772934.174819724	3013945.194397264	3000389.7509268555	2906238.854520142	P0A6L7	P0A6L7		uxaB	0	0.027594533400206723	-0.09778940791136863	False	0.004298764105319721	False	False	Ecoli	False	True	False	False	msfragger	directlfq	min	0.6609640474436812
P76268	37983812.33763273	38709297.68466691	38956625.86855627	36589718.4516692	37486200.3770604	37411924.81231536	P76268	P76268		kdgR	0	0.027606929040313994	0.05287556047796156	False	0.00432563138097797	False	False	Ecoli	False	True	False	False	msfragger	directlfq	min	0.6609640474436812
P0A7F6	8716213.188771337	8991219.60325947	8965381.811147846	8458896.143136617	8503405.398937874	8120707.595303417	P0A7F6	P0A7F6		speD	0	0.027712370533883875	0.0886596363007011	False	0.0043524986566362165	False	False	Ecoli	False	True	False	False	msfragger	directlfq	min	0.6609640474436812
P0AE52	52362676.85678554	55475324.350920506	54366461.59393893	49535405.45358288	49132765.60936237	51458513.53286841	P0AE52	P0AE52		bcp	0	0.027819176302130467	0.11163307885864564	False	0.004379365932294465	False	False	Ecoli	False	True	False	False	msfragger	directlfq	min	0.6609640474436812
P39451	3742771.021624664	3729862.2618492274	3382328.204334541	3281604.1631776863	3020291.0754578817	2893424.3665902102	P39451	P39451		adhP	0	0.028167400597125324	0.23938298251885237	False	0.004406233207952714	False	False	Ecoli	False	True	False	False	msfragger	directlfq	min	0.6609640474436812
P0AGJ9	72934502.02139302	72238552.1555519	72994714.0802497	71380166.35515282	71870092.91852625	71728745.94938423	P0AGJ9	P0AGJ9		tyrS	0	0.028317050684822567	0.02124220245712229	False	0.004433100483610962	False	False	Ecoli	False	True	False	False	msfragger	directlfq	min	0.6609640474436812
P0AAZ7	18547108.137267865	17801567.72052596	18026216.286277708	17096378.001105234	15714612.489328424	16198265.430611065	P0AAZ7	P0AAZ7		ycaR	0	0.028724490524375163	0.14988639086122837	False	0.0044599677592692104	False	False	Ecoli	False	True	False	False	msfragger	directlfq	min	0.6609640474436812
P0A7X3	165220520.8987486	162022280.30199003	174469014.37898654	178437187.1545233	186085022.30374813	185355547.4631227	P0A7X3	P0A7X3		rpsI	0	0.02923515761802536	-0.13225201465503061	False	0.004486835034927458	False	False	Ecoli	False	True	False	False	msfragger	directlfq	min	0.6609640474436812
P23843	34037142.89842621	34450735.530913875	35473208.272789486	37926401.260181405	36145915.22393227	36731883.62842009	P23843	P23843		oppA	0	0.029670872523536396	-0.09196894936231313	False	0.004513702310585707	False	False	Ecoli	False	True	False	False	msfragger	directlfq	min	0.6609640474436812
P10384	48420922.97377687	48741079.7586432	49650847.28140733	47337729.60942894	45904819.6041691	47358321.25647969	P10384	P10384		fadL	0	0.029761911283321948	0.06237272147778727	False	0.004540569586243956	False	False	Ecoli	False	True	False	False	msfragger	directlfq	min	0.6609640474436812
P0ADA3	14725197.412420906	15154032.2333554	15444110.785870573	14449761.247537993	14263474.434330711	13824365.230852148	P0ADA3	P0ADA3		nlpD	0	0.029849436346107292	0.09151552620509493	False	0.0045674368619022035	False	False	Ecoli	False	True	False	False	msfragger	directlfq	min	0.6609640474436812
P0A8E7	91817856.4973846	92777264.35757232	92234113.8149572	95933189.8577369	99755698.2695281	98675617.1206917	P0A8E7	P0A8E7		yajQ	0	0.029986592200729772	-0.08860741289413507	False	0.004594304137560451	False	False	Ecoli	False	True	False	False	msfragger	directlfq	min	0.6609640474436812
P0AB26	6356386.491779411	6177896.169916224	6245929.83561572	6023009.364585464	6087325.419603367	5993940.49169585	P0AB26	P0AB26		yceB	0	0.030641959783477536	0.05288296102498379	False	0.004621171413218699	False	False	Ecoli	False	True	False	False	msfragger	directlfq	min	0.6609640474436812
P00393	45686399.99194193	46177305.85040138	44230980.51845307	42436780.99449753	42646739.566178925	43477222.09574004	P00393	P00393		ndh	0	0.03096589004919311	0.0821605716373218	False	0.004648038688876948	False	False	Ecoli	False	True	False	False	msfragger	directlfq	min	0.6609640474436812
P75957	9090216.37880964	8931630.40257029	8964943.284775624	8256551.025168733	8630576.497338029	8553963.303382706	P75957	P75957		lolD	0	0.031066122383925688	0.08509285646034742	False	0.0046749059645351965	False	False	Ecoli	False	True	False	False	msfragger	directlfq	min	0.6609640474436812
P0AG07	24379207.902013622	23633647.812126588	24383392.49847133	26013304.235596143	25211173.852914896	25039927.696232863	P0AG07	P0AG07		rpe	0	0.03127344783456688	-0.07509494324728548	False	0.004701773240193444	False	False	Ecoli	False	True	False	False	msfragger	directlfq	min	0.6609640474436812
P33593	579363.4720795968	620954.1874999994	592364.340138225	656031.3436008544	637815.769503742	657717.0322008944	P33593	P33593		nikD	0	0.03135714527179358	-0.12251128890639358	False	0.004728640515851693	False	False	Ecoli	False	True	False	False	msfragger	directlfq	min	0.6609640474436812
P77737	2988355.1828083266	3147274.076708506	3027071.2857445143	2679786.420386655	2796124.587437692	2895614.875656113	P77737	P77737		oppF	0	0.031391598691627345	0.13028226234354234	False	0.004755507791509941	False	False	Ecoli	False	True	False	False	msfragger	directlfq	min	0.6609640474436812
P20966	35805114.93268768	36429629.55658406	37275364.08708999	34465322.8320552	35288009.62635882	34398037.45370113	P20966	P20966		fruA	0	0.031399929342590976	0.07238223177903275	False	0.00478237506716819	False	False	Ecoli	False	True	False	False	msfragger	directlfq	min	0.6609640474436812
P0AF18	14544763.748233024	14541076.584558625	14162342.779354485	15316222.653208	14803205.913815308	15344106.667404871	P0AF18	P0AF18		nagA	0	0.0314461344395029	-0.07207034681752614	False	0.004809242342826438	False	False	Ecoli	False	True	False	False	msfragger	directlfq	min	0.6609640474436812
P30749	5281719.470290259	5411773.070599791	5258683.281418271	5490719.336767139	5519803.218384694	5568142.04388644	P30749	P30749		moaE	0	0.03148193775303589	-0.05557458725101261	False	0.004836109618484685	False	False	Ecoli	False	True	False	False	msfragger	directlfq	min	0.6609640474436812
P0A9D8	288325092.9694713	293126633.95795053	286251864.59693813	278528586.53097767	283972859.37794846	278355931.96902573	P0A9D8	P0A9D8		dapD	0	0.03159505005420877	0.045341182311962484	False	0.004862976894142934	False	False	Ecoli	False	True	False	False	msfragger	directlfq	min	0.6609640474436812
P76539	6430881.502494887	6305783.79706968	6503658.12037679	5904634.975602882	6206045.315963965	5950038.376347397	P76539	P76539		ypeA	0	0.031781383523126934	0.091277748927134	False	0.004889844169801182	False	False	Ecoli	False	True	False	False	msfragger	directlfq	min	0.6609640474436812
P0A7A7	20262241.91086756	20323160.46149628	19974117.940490816	19615020.964923795	19694353.06000636	19741946.25354983	P0A7A7	P0A7A7		plsB	0	0.032034102972087	0.03638446191606068	False	0.0049167114454594305	False	False	Ecoli	False	True	False	False	msfragger	directlfq	min	0.6609640474436812
P67660	4945871.302460151	4940953.655011771	4654231.379682913	4515702.624599083	4023787.6793928617	4217414.24943967	P67660	P67660		yhaJ	0	0.03218018146366966	0.1888537743939269	False	0.004943578721117679	False	False	Ecoli	False	True	False	False	msfragger	directlfq	min	0.6609640474436812
P31550	4313899.29023971	4267569.776543083	4222868.683569022	3994538.0399086433	4122998.7168831215	4131787.1787345978	P31550	P31550		thiB	0	0.032519954190090905	0.06393051140411288	False	0.004970445996775927	False	False	Ecoli	False	True	False	False	msfragger	directlfq	min	0.6609640474436812
P0AGE6	25307299.711207237	25753555.00938668	25936552.99293252	25080165.982363977	24676863.6597052	24920190.34624568	P0AGE6	P0AGE6		yieF	0	0.03278522698828119	0.044141653833808914	False	0.004997313272434176	False	False	Ecoli	False	True	False	False	msfragger	directlfq	min	0.6609640474436812
P64540	11405315.0282362	11484714.23404417	11145595.094175044	12393517.054722195	12238745.413955163	11766427.462732682	P64540	P64540		yfcL	0	0.033392181767942654	-0.09684095053625445	False	0.0050241805480924235	False	False	Ecoli	False	True	False	False	msfragger	directlfq	min	0.6609640474436812
P0ABB4	409989249.8009095	432619292.391622	426206211.809491	453915121.8536803	458602693.39445406	452546540.824759	P0ABB4	P0ABB4		atpD	0	0.033850532752496484	-0.10548751656171913	False	0.005051047823750672	False	False	Ecoli	False	True	False	False	msfragger	directlfq	min	0.6609640474436812
P0AA04	102039791.20895144	98291502.3340596	98870623.93198994	115072173.6777126	123094410.8868014	132226473.70021498	P0AA04	P0AA04		ptsH	0	0.0351132160405106	-0.3079376395719058	False	0.005077915099408921	False	False	Ecoli	False	True	False	False	msfragger	directlfq	min	0.6609640474436812
P64463	67266013.75561869	67269657.70903161	67945975.19393207	65704606.14250525	65543200.22299677	63945182.58226965	P64463	P64463		ydfZ	0	0.03531052441266734	0.052889910864989814	False	0.005104782375067168	False	False	Ecoli	False	True	False	False	msfragger	directlfq	min	0.6609640474436812
P64499	6760153.028823181	6417861.094070576	6536596.179052574	6977997.039429054	7058720.19509906	7069763.444919473	P64499	P64499		yebO	0	0.035333395779160344	-0.09842084897022996	False	0.0051316496507254165	False	False	Ecoli	False	True	False	False	msfragger	directlfq	min	0.6609640474436812
P0A955	86834664.09839287	93021995.52376336	91084359.87516925	96839942.33044893	95978280.43034956	100145614.37225384	P0A955	P0A955		eda	0	0.03551358468779692	-0.11274376333937745	False	0.005158516926383665	False	False	Ecoli	False	True	False	False	msfragger	directlfq	min	0.6609640474436812
P69783	356492834.66472006	362646320.13095975	341679371.2382844	370498225.84885895	381209961.5401149	383970207.25750935	P69783	P69783		crr	0	0.035609687097453595	-0.09837646941224927	False	0.005185384202041913	False	False	Ecoli	False	True	False	False	msfragger	directlfq	min	0.6609640474436812
P26608	7288761.768320416	7782817.8487078305	6990740.499095139	8461332.586213673	8471543.678681482	8571058.412238961	P26608	P26608		fliS	0	0.03566582370873492	-0.2091353237918989	False	0.005212251477700162	False	False	Ecoli	False	True	False	False	msfragger	directlfq	min	0.6609640474436812
P76561	904857.7005003724	974296.1512786308	1071610.8903112323	1265563.412396842	1161679.588880106	1125191.1680956748	P76561	P76561		ypfH	0	0.03613489000479157	-0.2677190124549939	False	0.00523911875335841	False	False	Ecoli	False	True	False	False	msfragger	directlfq	min	0.6609640474436812
P25798	3833751.721082056	3966690.129840339	3893354.598803213	4091026.374027338	4186861.8911552494	4353133.925098459	P25798	P25798		fliF	0	0.036627601107295626	-0.11122801267521909	False	0.005265986029016658	False	False	Ecoli	False	True	False	False	msfragger	directlfq	min	0.6609640474436812
P24192	2704338.8924812777	2502931.671905397	2469723.053499654	2329148.505038223	2314237.6877063964	2132999.270679432	P24192	P24192		hypD	0	0.037138435340401205	0.180025506429844	False	0.005292853304674907	False	False	Ecoli	False	True	False	False	msfragger	directlfq	min	0.6609640474436812
P0A8U0	1369061.7995992624	1231033.120471712	1410244.7219205352	1042576.3175775572	1199298.13188674	1109796.256430199	P0A8U0	P0A8U0		syd	0	0.037523550876795445	0.2588440115156274	False	0.005319720580333155	False	False	Ecoli	False	True	False	False	msfragger	directlfq	min	0.6609640474436812
P0A7W7	93861851.26491058	96567570.77159838	90817166.72533426	102569050.4619362	98264564.18433118	100153995.75518224	P0A7W7	P0A7W7		rpsH	0	0.03763700068523963	-0.09786850433647518	False	0.005346587855991403	False	False	Ecoli	False	True	False	False	msfragger	directlfq	min	0.6609640474436812
P0AB71	455693241.27739984	464720533.2563881	483305014.90936285	430937339.0857738	426653151.02475935	432859766.4362106	P0AB71	P0AB71		fbaA	0	0.037793222250575055	0.12137941540443867	False	0.0053734551316496505	False	False	Ecoli	False	True	False	False	msfragger	directlfq	min	0.6609640474436812
P0ABQ4	8742824.83175149	9002076.688887734	8476612.733821524	10559146.584159443	9597771.303406628	9718793.421494462	P0ABQ4	P0ABQ4		folA	0	0.037811438699786475	-0.1882220610300806	False	0.005400322407307899	False	False	Ecoli	False	True	False	False	msfragger	directlfq	min	0.6609640474436812
P06986	16280240.953548051	16704712.125688326	16479183.718605004	15442670.206287423	16095352.546204144	15680315.594980773	P06986	P06986		hisC	0	0.0378272927515345	0.06703562780515512	False	0.005427189682966148	False	False	Ecoli	False	True	False	False	msfragger	directlfq	min	0.6609640474436812
P0A9P0	233845197.10027465	235675369.9488053	238421551.82546028	243938542.86639413	251053692.650486	255488490.86361367	P0A9P0	P0A9P0		lpdA	0	0.03785448013158001	-0.0841836106269187	False	0.005454056958624396	False	False	Ecoli	False	True	False	False	msfragger	directlfq	min	0.6609640474436812
P60624	253534542.184155	258903095.52059627	267237770.3947272	240545013.25515705	243599782.3897432	248215633.6300432	P60624	P60624		rplX	0	0.0380693517655018	0.09031978902661969	False	0.005480924234282644	False	False	Ecoli	False	True	False	False	msfragger	directlfq	min	0.6609640474436812
P0AE45	2992251.332778776	3073139.6021448565	3022556.46590638	3249993.50484052	3228121.548983169	3430769.873664765	P0AE45	P0AE45		ytfL	0	0.03818792233721663	-0.12476823148785993	False	0.005507791509940892	False	False	Ecoli	False	True	False	False	msfragger	directlfq	min	0.6609640474436812
P0A799	1673879280.8680632	1668638206.9590209	1673687971.027463	1785005199.1160922	1724883916.579418	1760342591.6926005	P0A799	P0A799		pgk	0	0.03879742904018952	-0.07126995107261358	False	0.005534658785599141	False	False	Ecoli	False	True	False	False	msfragger	directlfq	min	0.6609640474436812
P0ABZ1	7689042.847936682	7373419.219017878	7225143.33185444	6955179.932323258	6983398.028575649	6740083.37786013	P0ABZ1	P0ABZ1		fliG	0	0.03892288808476173	0.10809882656619638	False	0.00556152606125739	False	False	Ecoli	False	True	False	False	msfragger	directlfq	min	0.6609640474436812
P12295	13384216.427922389	13862838.275256958	13430543.90932662	12840836.966892527	12841667.67063905	13197849.6401611	P12295	P12295		ung	0	0.039160781753415884	0.06519314788596603	False	0.0055883933369156365	False	False	Ecoli	False	True	False	False	msfragger	directlfq	min	0.6609640474436812
P08191	5969134.714627756	6231072.73381409	5760418.495841202	5098057.71496354	5645215.88589768	5296363.195956692	P08191	P08191		fimH	0	0.03935562692644764	0.16319615657215988	False	0.005615260612573885	False	False	Ecoli	False	True	False	False	msfragger	directlfq	min	0.6609640474436812
P0AED9	1200982.81459797	1138198.281701021	1192424.91041849	1068391.6250124578	923018.36899149	1022106.3619817168	P0AED9	P0AED9		dcm	0	0.03935899099099224	0.2288765068149909	False	0.005642127888232133	False	False	Ecoli	False	True	False	False	msfragger	directlfq	min	0.6609640474436812
P0A6F9	214540117.4904164	218100002.73315912	223582444.064892	229510006.49311632	242200770.87512317	247290977.08746004	P0A6F9	P0A6F9		groS	0	0.03966796968210643	-0.1318100890838	False	0.005668995163890382	False	False	Ecoli	False	True	False	False	msfragger	directlfq	min	0.6609640474436812
P12994	1253951.6698864214	1293321.826444063	1152218.4101830905	1467758.5536935616	1593178.6249135574	1373368.532370841	P12994	P12994		ybhB	0	0.039937119897286	-0.2613810937091783	False	0.0056958624395486305	False	False	Ecoli	False	True	False	False	msfragger	directlfq	min	0.6609640474436812
P0A9C5	198835767.2636944	197993964.8843932	197809458.61974943	196962928.717295	196658778.05573383	196883819.9711715	P0A9C5	P0A9C5		glnA	0	0.03998830345129583	0.010063987432056729	False	0.005722729715206878	False	False	Ecoli	False	True	False	False	msfragger	directlfq	min	0.6609640474436812
P0A763	43129131.82654785	44935252.949071325	43783161.89750334	46542916.69038059	45768198.305251375	45865596.82772341	P0A763	P0A763		ndk	0	0.03999738289359398	-0.06764375891869522	False	0.005749596990865127	False	False	Ecoli	False	True	False	False	msfragger	directlfq	min	0.6609640474436812
P0AA97	1629888.2564819583	1645774.4305046883	1699484.276694252	1747144.9171871385	1864274.8349610104	1772499.5092131167	P0AA97	P0AA97		yaeQ	0	0.040863060961775624	-0.1139176322135876	False	0.005776464266523375	False	False	Ecoli	False	True	False	False	msfragger	directlfq	min	0.6609640474436812
P0AGA2	12195707.066279808	12063826.100995583	12377947.841801956	11500504.43123284	11843239.65808983	11886936.812109886	P0AGA2	P0AGA2		secY	0	0.041106841953959604	0.056487957108537615	False	0.0058033315421816235	False	False	Ecoli	False	True	False	False	msfragger	directlfq	min	0.6609640474436812
P0A7B5	31783111.04248457	32361391.52792973	30472650.11873886	29203829.90882389	28968407.3505602	30068644.946748205	P0A7B5	P0A7B5		proB	0	0.041507188512129596	0.10065453189072567	False	0.005830198817839872	False	False	Ecoli	False	True	False	False	msfragger	directlfq	min	0.6609640474436812
P0A9M5	121767107.5243134	122043212.88387407	125020509.8944253	128026580.61399922	126112345.14247628	131024633.39057907	P0A9M5	P0A9M5		gpt	0	0.04169772864994985	-0.06251195963635671	False	0.005857066093498119	False	False	Ecoli	False	True	False	False	msfragger	directlfq	min	0.6609640474436812
P0A7E3	32276699.424869195	32777577.73297789	32537644.93912554	31382931.47578442	32060433.074014448	31225476.29697348	P0A7E3	P0A7E3		pyrE	0	0.042034033079490114	0.04387208016736439	False	0.005883933369156368	False	False	Ecoli	False	True	False	False	msfragger	directlfq	min	0.6609640474436812
P0A8I5	12268466.26305346	11226295.622196255	11454218.04330227	13326346.446673466	12342896.17499356	13165536.586166192	P0A8I5	P0A8I5		trmB	0	0.04205640857500001	-0.1520989160178935	False	0.005910800644814616	False	False	Ecoli	False	True	False	False	msfragger	directlfq	min	0.6609640474436812
P17117	10889717.541254552	10908456.08807616	11156415.87190924	10325417.282995826	10750036.91202044	10407637.463537462	P17117	P17117		nfsA	0	0.042142136323557754	0.06590217834358919	False	0.005937667920472864	False	False	Ecoli	False	True	False	False	msfragger	directlfq	min	0.6609640474436812
P33221	2078123.0442165437	1863949.025806832	1902730.675231887	1797298.77189046	1578872.0114479305	1657652.7099527728	P33221	P33221		purT	0	0.04218521995532812	0.21549970591463305	False	0.005964535196131113	False	False	Ecoli	False	True	False	False	msfragger	directlfq	min	0.6609640474436812
P0ACN7	2344873.307365694	2287884.244944985	2267333.7711636466	2055410.9698003868	2208457.317691818	2128902.313626782	P0ACN7	P0ACN7		cytR	0	0.042315063861910966	0.1101741313025031	False	0.005991402471789361	False	False	Ecoli	False	True	False	False	msfragger	directlfq	min	0.6609640474436812
P39285	1124400.8621282713	981354.9315303416	967919.9803430858	749839.6115858239	862792.6022805814	880818.7404095861	P39285	P39285		yjeP	0	0.042391458321045454	0.3018211649577465	False	0.00601826974744761	False	False	Ecoli	False	True	False	False	msfragger	directlfq	min	0.6609640474436812
P0ACJ8	89564881.82854515	86724354.20817244	89868004.93009879	90969139.79577126	94090356.42019926	93105147.33692512	P0ACJ8	P0ACJ8		crp	0	0.04267147793679172	-0.06366023988992665	False	0.006045137023105857	False	False	Ecoli	False	True	False	False	msfragger	directlfq	min	0.6609640474436812
P0ABV6	11718833.836344143	13229375.891051322	11893161.051390368	10873448.473017847	10229295.709142525	10183908.648111006	P0ABV6	P0ABV6		tolR	0	0.0427235804879447	0.23577942002088909	False	0.006072004298764106	False	False	Ecoli	False	True	False	False	msfragger	directlfq	min	0.6609640474436812
P13033	3354419.037252857	3428867.235904289	3751587.496066274	2938343.614241464	3026744.9235509112	3197253.7772026137	P13033	P13033		glpB	0	0.04278567455943467	0.20138465800513525	False	0.006098871574422354	False	False	Ecoli	False	True	False	False	msfragger	directlfq	min	0.6609640474436812
P22255	24269384.161306497	25171672.251682524	24660294.703782152	25404185.05290237	26246844.244576328	26694782.32457685	P22255	P22255		cysQ	0	0.04333884087254272	-0.08035630213051673	False	0.006125738850080602	False	False	Ecoli	False	True	False	False	msfragger	directlfq	min	0.6609640474436812
P09148	5952986.859175463	6103423.630755851	5918739.872945979	5722388.282987441	5784872.992546343	5819556.11005079	P09148	P09148		galT	0	0.04346693424152452	0.05299715635950651	False	0.0061526061257388505	False	False	Ecoli	False	True	False	False	msfragger	directlfq	min	0.6609640474436812
P0A825	140689016.1663351	134733031.99232456	139860386.5389687	144107992.32804647	144034167.7801561	147971872.21643823	P0A825	P0A825		glyA	0	0.04379654619586007	-0.07061256002641092	False	0.006179473401397098	False	False	Ecoli	False	True	False	False	msfragger	directlfq	min	0.6609640474436812
P09127	41238074.85813787	41862119.59727063	40718198.40872652	39337489.60898201	40313221.926100895	40214323.9649018	P09127	P09127		hemX	0	0.044029258900828414	0.046814751096975804	False	0.006206340677055347	False	False	Ecoli	False	True	False	False	msfragger	directlfq	min	0.6609640474436812
P38489	27426371.93542368	26672949.303680334	27220207.73235917	30242908.53363752	28463656.4783557	28889809.13407038	P38489	P38489		nfnB	0	0.04412500008952203	-0.10726929530266657	False	0.006233207952713596	False	False	Ecoli	False	True	False	False	msfragger	directlfq	min	0.6609640474436812
P63224	44501444.79609698	44137419.47099562	43562414.65902568	43004690.1076561	42667751.46423231	41518200.8131635	P63224	P63224		gmhA	0	0.044187496376355065	0.05574360047359251	False	0.0062600752283718435	False	False	Ecoli	False	True	False	False	msfragger	directlfq	min	0.6609640474436812
P67087	11659295.636849685	11539316.43378824	11404752.774413517	11261379.599782787	10907119.18638969	11209319.827178286	P67087	P67087		rsmI	0	0.0444667138906334	0.05202266158554173	False	0.006286942504030092	False	False	Ecoli	False	True	False	False	msfragger	directlfq	min	0.6609640474436812
P39315	6240730.988907427	6363711.431971751	5857727.854623881	6895745.058218682	6666205.102982405	6591626.570824583	P39315	P39315		qorB	0	0.04460667134272691	-0.12646374660264098	False	0.00631380977968834	False	False	Ecoli	False	True	False	False	msfragger	directlfq	min	0.6609640474436812
P33018	361308.3900515369	266965.06250000006	365870.717954208	180682.5060414936	208333.4204428224	197738.71824771684	P33018	P33018		yeiG	0	0.04492034315383385	0.7606977290612935	False	0.006340677055346588	False	True	Ecoli	False	True	False	False	msfragger	directlfq	min	0.6609640474436812
P06959	298087157.33821124	302386137.6030328	298465134.404599	308228394.69573903	320986352.02944136	313521235.18017966	P06959	P06959		aceF	0	0.045196225274067976	-0.06863148809621694	False	0.0063675443310048365	False	False	Ecoli	False	True	False	False	msfragger	directlfq	min	0.6609640474436812
P31802	6099216.870969289	5942826.739621358	5956485.659866563	5701488.686400875	5642617.22286687	5876545.3127762405	P31802	P31802		narP	0	0.04520539185219216	0.06373932195516921	False	0.006394411606663084	False	False	Ecoli	False	True	False	False	msfragger	directlfq	min	0.6609640474436812
P37636	21161218.27227743	21327673.353219666	20948807.085066907	20492988.78470851	19908880.011407543	20607546.19346854	P37636	P37636		mdtE	0	0.045278262811318803	0.056308539303164394	False	0.006421278882321333	False	False	Ecoli	False	True	False	False	msfragger	directlfq	min	0.6609640474436812
P0A8M0	229679290.16862792	231529274.9712633	225303432.94977787	220559458.37127748	221550947.85376197	223601856.8893673	P0A8M0	P0A8M0		asnS	0	0.04553749107680286	0.0443861899560815	False	0.006448146157979581	False	False	Ecoli	False	True	False	False	msfragger	directlfq	min	0.6609640474436812
P69924	20986007.94241553	19984741.206787683	21159550.285027597	19517181.73458544	19422980.06731412	18120614.95540576	P69924	P69924		nrdB	0	0.045895856579305776	0.12279762111974304	False	0.00647501343363783	False	False	Ecoli	False	True	False	False	msfragger	directlfq	min	0.6609640474436812
P37666	29444749.97546793	27785279.662075803	29238404.40643265	33129460.14891846	30327902.74429402	31865454.928521328	P37666	P37666		ghrB	0	0.04624588016685623	-0.14064803730477413	False	0.006501880709296078	False	False	Ecoli	False	True	False	False	msfragger	directlfq	min	0.6609640474436812
P46853	35504369.270120054	34449817.17987576	34845240.991704665	32858736.023974355	33693498.38350164	34111473.2060744	P46853	P46853		yhhX	0	0.04703581735882861	0.05808719410730124	False	0.006528747984954326	False	False	Ecoli	False	True	False	False	msfragger	directlfq	min	0.6609640474436812
P0AC13	34484403.27830738	34273142.01580452	33444694.317252245	35038676.26125991	35367689.108776234	35446513.659920074	P0AC13	P0AC13		folP	0	0.04704460544696697	-0.050633697733492605	False	0.006555615260612575	False	False	Ecoli	False	True	False	False	msfragger	directlfq	min	0.6609640474436812
P62517	1128185.2464268345	928657.6619226502	1070966.6850333365	1266200.5949899876	1302215.2790524955	1305293.670458689	P62517	P62517		mdoH	0	0.04716283228628552	-0.30856309225016804	False	0.006582482536270822	False	False	Ecoli	False	True	False	False	msfragger	directlfq	min	0.6609640474436812
P0A915	40875627.02625927	40511028.07661367	40474052.93317779	38249879.34922558	37091194.72505341	39129907.87181818	P0A915	P0A915		ompW	0	0.04734296490661877	0.09025110208918187	False	0.0066093498119290705	False	False	Ecoli	False	True	False	False	msfragger	directlfq	min	0.6609640474436812
P0A944	1025090.1333046018	1058583.0734535186	986036.83914481	892080.1399064555	977287.8410957848	896116.7923195135	P0A944	P0A944		rimI	0	0.04742785521822992	0.1505699914536273	False	0.006636217087587319	False	False	Ecoli	False	True	False	False	msfragger	directlfq	min	0.6609640474436812
P52697	75634235.02822383	75854724.31739433	75562925.54331309	77209295.92550178	77004545.93673457	78429733.44132732	P52697	P52697		pgl	0	0.0478223614793581	-0.03509933265059739	False	0.006663084363245567	False	False	Ecoli	False	True	False	False	msfragger	directlfq	min	0.6609640474436812
P75883	3418632.1107485783	4133870.4874238735	3902013.6944319336	2607529.5209492897	3099551.97994375	3282759.775248986	P75883	P75883		gfcC	0	0.048061574005437036	0.3495489880580367	False	0.006689951638903816	False	False	Ecoli	False	True	False	False	msfragger	directlfq	min	0.6609640474436812
P10903	3258131.957746936	3367699.9507352035	3408149.4844010435	3076675.5653042467	3171360.0260949945	3238209.299299606	P10903	P10903		narK	0	0.04813883331138006	0.08098515018582766	False	0.0067168189145620635	False	False	Ecoli	False	True	False	False	msfragger	directlfq	min	0.6609640474436812
P0A972	274942422.30466723	266946350.1993161	284656724.74454504	297264965.8751772	298708718.6533361	296963759.4306158	P0A972	P0A972		cspE	0	0.048181630717365434	-0.11146487382990142	False	0.006743686190220312	False	False	Ecoli	False	True	False	False	msfragger	directlfq	min	0.6609640474436812
P76170	4326655.863828096	4501665.553601381	4736443.728495481	3988026.7524494953	4039088.929738405	4089982.7895627953	P76170	P76170		ynfB	0	0.04840423253923112	0.16281979344111866	False	0.006770553465878561	False	False	Ecoli	False	True	False	False	msfragger	directlfq	min	0.6609640474436812
P37657	2964879.3829904622	2865984.234399351	2665990.158270124	2382045.0505188545	2420593.405661876	2657897.038960956	P37657	P37657		bcsE	0	0.04858719453012793	0.18764955085145132	False	0.006797420741536809	False	False	Ecoli	False	True	False	False	msfragger	directlfq	min	0.6609640474436812
P0A9M8	338143184.76239467	337511828.1074769	332864620.19302505	339689446.37485725	346322756.106375	344493947.8908106	P0A9M8	P0A9M8		pta	0	0.04870777098181122	-0.031113945872003657	False	0.006824288017195057	False	False	Ecoli	False	True	False	False	msfragger	directlfq	min	0.6609640474436812
P76658	52812831.85182446	53637590.04778008	53966461.59925679	54941347.24861116	54856663.07603839	54491975.627708666	P76658	P76658		hldE	0	0.04873825769617568	-0.03441855563724684	False	0.006851155292853304	False	False	Ecoli	False	True	False	False	msfragger	directlfq	min	0.6609640474436812
P60422	526497401.2420516	553204302.683329	531164157.4355408	553942251.9999965	571482300.990958	579209817.7985755	P60422	P60422		rplB	0	0.04881912776281687	-0.08162596274023157	False	0.006878022568511553	False	False	Ecoli	False	True	False	False	msfragger	directlfq	min	0.6609640474436812
P11447	10428329.605529005	9886645.256441634	10359862.09513676	10863000.514030453	10995695.584466064	10636384.282879716	P11447	P11447		argH	0	0.04911792028397094	-0.08316564101037667	False	0.006904889844169802	False	False	Ecoli	False	True	False	False	msfragger	directlfq	min	0.6609640474436812
P33195	40262695.30175491	39806627.073131	38584303.17563606	37252179.31077935	37833380.57498309	38169034.27168632	P33195	P33195		gcvP	0	0.049290635458994744	0.06718660964469404	False	0.00693175711982805	False	False	Ecoli	False	True	False	False	msfragger	directlfq	min	0.6609640474436812
P0AD33	47660999.86163195	50162373.97158693	50551623.42940435	52475121.41423052	52379131.963348456	55799165.86250316	P0AD33	P0AD33		yfcZ	0	0.04960688167777255	-0.11470368324298842	False	0.006958624395486298	False	False	Ecoli	False	True	False	False	msfragger	directlfq	min	0.6609640474436812
P24251	12678874.490088113	13493973.98310268	13412869.646034464	12049005.546600891	12648987.429550312	12114778.86453552	P24251	P24251		crl	0	0.05013158348176524	0.10477364092327805	False	0.006985491671144546	False	False	Ecoli	False	True	False	False	msfragger	directlfq	min	0.6609640474436812
P27245	433078.95096261584	405652.5938000001	391213.8071960931	373035.6516007247	376073.3539542229	339389.1487030363	P27245	P27245		marR	0	0.050236859108946076	0.17625525502466707	False	0.007012358946802795	False	False	Ecoli	False	True	False	False	msfragger	directlfq	min	0.6609640474436812
P67910	202197169.48146904	205992422.8640436	205511571.05057415	207978611.59789583	210095763.92507267	208337413.47937545	P67910	P67910		hldD	0	0.0503860553349927	-0.02957504584803516	False	0.0070392262224610435	False	False	Ecoli	False	True	False	False	msfragger	directlfq	min	0.6609640474436812
P0A6J1	5053693.224954695	4754096.07948879	4788065.139297912	4654919.933259429	4442610.411745711	4500103.296382476	P0A6J1	P0A6J1		cysC	0	0.051076810649045463	0.10220306383178372	False	0.007066093498119291	False	False	Ecoli	False	True	False	False	msfragger	directlfq	min	0.6609640474436812
P0A6E1	55924.14641241899	34510.746090000015	54369.24139359069	100963.63880373628	91927.03100557832	65127.24567499205	P0A6E1	P0A6E1		aroL	2	0.05114092612545088	-0.8333684533724884	False	0.007092960773777539	False	True	Ecoli	False	True	False	False	msfragger	directlfq	min	0.6609640474436812
P52647	10835198.52242869	10645901.16921408	10580034.088145802	10196386.729612716	9851530.127493843	10374505.578376612	P52647	P52647		ydbK	0	0.051430180192821015	0.07569040990084057	False	0.007119828049435787	False	False	Ecoli	False	True	False	False	msfragger	directlfq	min	0.6609640474436812
P76440	3149411.22763342	3050153.356184842	3024233.3279252467	2889703.7478638496	3002751.189442915	2888375.7804275434	P76440	P76440		preT	0	0.051605932991099744	0.07100347112214149	False	0.007146695325094036	False	False	Ecoli	False	True	False	False	msfragger	directlfq	min	0.6609640474436812
P07395	161643958.5448212	161797781.25148392	161841903.7806904	157750766.5693108	160056779.35688338	159089769.95172173	P07395	P07395		pheT	0	0.05166473360760205	0.025149572238287815	False	0.007173562600752284	False	False	Ecoli	False	True	False	False	msfragger	directlfq	min	0.6609640474436812
P31467	2021425.9191390865	2025937.0000000016	2060304.5720089984	1792889.2711556556	1861052.175399745	1944635.2090948275	P31467	P31467		yieH	0	0.0519049377595268	0.12556142946429455	False	0.007200429876410532	False	False	Ecoli	False	True	False	False	msfragger	directlfq	min	0.6609640474436812
P0A7M6	94653639.57212275	96257840.38004953	97205219.53611872	85901824.04291461	89415706.13846377	79642621.51058756	P0A7M6	P0A7M6		rpmC	0	0.05289493923880863	0.17638150017007279	False	0.007227297152068781	False	False	Ecoli	False	True	False	False	msfragger	directlfq	min	0.6609640474436812
P23830	9535513.66243872	9414197.081739632	9644684.141927296	9350188.62469764	9308359.96397302	9235034.654698716	P23830	P23830		pssA	0	0.05295026964765442	0.03579909896927946	False	0.007254164427727029	False	False	Ecoli	False	True	False	False	msfragger	directlfq	min	0.6609640474436812
P0AC38	557020753.5621217	557294540.3661914	549349834.5724354	573332557.296089	563514016.8093348	562661378.5232906	P0AC38	P0AC38		aspA	0	0.05396608194613682	-0.030752043547056577	False	0.007281031703385277	False	False	Ecoli	False	True	False	False	msfragger	directlfq	min	0.6609640474436812
P0A7Z0	54041931.61182743	54257888.0592956	53731080.5432758	57391287.40970442	58535578.55733377	55736451.335076846	P0A7Z0	P0A7Z0		rpiA	0	0.054027680892250525	-0.08331281357813632	False	0.007307898979043526	False	False	Ecoli	False	True	False	False	msfragger	directlfq	min	0.6609640474436812
P0A7E1	30876812.585082054	30461122.59399689	30245560.39905926	30100686.292110708	29668433.92531117	29247481.014101315	P0A7E1	P0A7E1		pyrD	0	0.05435434710630326	0.04101321326329379	False	0.007334766254701773	False	False	Ecoli	False	True	False	False	msfragger	directlfq	min	0.6609640474436812
P13029	282700888.5620651	275256634.65785	278559681.5877042	269923995.27419245	272951360.3292521	270670079.78894705	P13029	P13029		katG	0	0.054368367731547504	0.040172292071232504	False	0.007361633530360022	False	False	Ecoli	False	True	False	False	msfragger	directlfq	min	0.6609640474436812
P02413	283538472.24932724	296877762.54730976	304363567.5707092	311283347.0442718	312624062.7593882	323198112.79353267	P02413	P02413		rplO	0	0.05492963234023629	-0.09820672148638743	False	0.00738850080601827	False	False	Ecoli	False	True	False	False	msfragger	directlfq	min	0.6609640474436812
P0AEV4	2571241.88721854	2803089.874960163	2366907.0789985056	2181806.745177128	2216748.7435872466	2026809.0596290769	P0AEV4	P0AEV4		hycA	0	0.05538780421589412	0.26878615220185365	False	0.007415368081676518	False	False	Ecoli	False	True	False	False	msfragger	directlfq	min	0.6609640474436812
P08201	47597782.65818968	47559562.14906863	47284593.36213861	46319260.77087189	46679107.55749313	47093095.79360511	P08201	P08201		nirB	0	0.055399012987213406	0.02400491735788393	False	0.007442235357334767	False	False	Ecoli	False	True	False	False	msfragger	directlfq	min	0.6609640474436812
P0A9I1	32916172.198674027	33690230.5296502	32815988.97830827	35898600.05798134	34933285.18953261	34057865.85650567	P0A9I1	P0A9I1		citE	0	0.05561237807327573	-0.07723100313540697	False	0.007469102632993015	False	False	Ecoli	False	True	False	False	msfragger	directlfq	min	0.6609640474436812
P0A917	90654909.14691354	87842639.12526219	92924126.18834925	85144440.38986263	84264935.35108425	84799839.79667768	P0A917	P0A917		ompX	0	0.05591135701369297	0.09451960064889753	False	0.0074959699086512635	False	False	Ecoli	False	True	False	False	msfragger	directlfq	min	0.6609640474436812
P0AAD6	77478.5509925366	68524.09375000006	126168.21463446798	187405.32368850155	186440.93953879777	123149.16124913814	P0AAD6	P0AAD6		sdaC	0	0.05599583966500661	-0.8687199603441836	False	0.007522837184309511	False	True	Ecoli	False	True	False	False	msfragger	directlfq	min	0.6609640474436812
P77433	4209970.325527567	4126887.616507468	4426424.414945128	3789663.3860987886	3992972.002821763	4034835.431145341	P77433	P77433		ykgG	0	0.056027961438982185	0.11107809500699249	False	0.00754970445996776	False	False	Ecoli	False	True	False	False	msfragger	directlfq	min	0.6609640474436812
P0ADI7	13260453.156457957	12873449.659075242	12994351.593923336	14257702.949703095	13460589.279472277	13789695.89706638	P0ADI7	P0ADI7		yecD	0	0.056265865883786764	-0.0851782567164123	False	0.007576571735626009	False	False	Ecoli	False	True	False	False	msfragger	directlfq	min	0.6609640474436812
P02930	115060668.22073892	117525229.59615187	119915776.946321	122168250.92147183	120542949.45306984	124743923.38791215	P02930	P02930		tolC	0	0.05632264944097402	-0.05993795662512734	False	0.007603439011284256	False	False	Ecoli	False	True	False	False	msfragger	directlfq	min	0.6609640474436812
P77475	5104177.73163104	4865006.941815194	4874492.494679866	5185382.793355795	5165108.07251897	5291988.176346021	P77475	P77475		yqaB	0	0.05696197735868753	-0.07562064148528037	False	0.007630306286942504	False	False	Ecoli	False	True	False	False	msfragger	directlfq	min	0.6609640474436812
P09831	45770534.49132028	44145536.55918574	45454686.781540096	41828710.34215592	43139950.68703068	43966026.2728972	P09831	P09831		gltB	0	0.057311480517822276	0.07027568402627779	False	0.007657173562600752	False	False	Ecoli	False	True	False	False	msfragger	directlfq	min	0.6609640474436812
P0AC69	51642677.94994481	49240639.7657421	50178981.49697958	52881833.3971459	53286116.20499782	52888276.28575246	P0AC69	P0AC69		grxD	0	0.057763588906299575	-0.07439319353502714	False	0.007684040838259001	False	False	Ecoli	False	True	False	False	msfragger	directlfq	min	0.6609640474436812
P08200	85449700.26435523	85874870.59401153	87969828.88483894	89048262.10116215	89755058.82136568	88395180.1797458	P08200	P08200		icd	0	0.05785304228007657	-0.043320867669860395	False	0.00771090811391725	False	False	Ecoli	False	True	False	False	msfragger	directlfq	min	0.6609640474436812
P60472	3090568.973740597	3139539.163865332	3158196.09667534	2775065.2654076647	2770409.1511527807	3001283.43052753	P60472	P60472		ispU	0	0.058183195203589604	0.13548734663205375	False	0.007737775389575497	False	False	Ecoli	False	True	False	False	msfragger	directlfq	min	0.6609640474436812
P33363	33389794.015910804	33994715.18530296	32528629.522371057	32312273.4365888	31327488.15812292	32007592.62889397	P33363	P33363		bglX	0	0.05840675330114589	0.06294934539094088	False	0.007764642665233746	False	False	Ecoli	False	True	False	False	msfragger	directlfq	min	0.6609640474436812
P0A9P4	66290535.52817003	60392260.15039463	64674696.07536905	70142816.84281555	71077603.3642627	69305251.15518531	P0A9P4	P0A9P4		trxB	0	0.0584460344342192	-0.13772578086712306	False	0.007791509940891994	False	False	Ecoli	False	True	False	False	msfragger	directlfq	min	0.6609640474436812
P0A988	24689122.08348888	24658838.03707902	24583024.30519796	25742526.261127207	25271912.67654629	25105422.9715054	P0A988	P0A988		dnaN	0	0.058505752827488225	-0.04209382076042851	False	0.007818377216550243	False	False	Ecoli	False	True	False	False	msfragger	directlfq	min	0.6609640474436812
P37671	142414.55292901333	91032.81250000004	116032.40071551144	157954.48163813504	221125.97690924408	168445.3890126317	P37671	P37671		yiaJ	0	0.05884996004903706	-0.6477181427642484	False	0.00784524449220849	False	False	Ecoli	False	True	False	False	msfragger	directlfq	min	0.6609640474436812
P0ADZ4	278862256.01727927	283577845.1381227	278362535.7956037	291488023.3194978	283598572.17200744	289276065.328618	P0ADZ4	P0ADZ4		rpsO	0	0.05889768311280756	-0.03986955733435937	False	0.007872111767866738	False	False	Ecoli	False	True	False	False	msfragger	directlfq	min	0.6609640474436812
P32664	1802030.1215817295	1878117.1133368877	1762412.528626597	1339997.8818091324	1398847.065634332	1660308.779100838	P32664	P32664		nudC	0	0.058929007107310416	0.30705932792597584	False	0.007898979043524988	False	False	Ecoli	False	True	False	False	msfragger	directlfq	min	0.6609640474436812
P0A705	173288629.7416777	176751421.3591627	175657774.66587082	172002893.5019917	172997276.4093948	169790364.0144059	P0A705	P0A705		infB	0	0.05985072436779357	0.030248242851258312	False	0.007925846319183236	False	False	Ecoli	False	True	False	False	msfragger	directlfq	min	0.6609640474436812
P0AEH1	2643162.948050269	2872845.306855128	2659255.815962658	2419238.0290178573	2463602.2429524246	2481232.725009206	P0AEH1	P0AEH1		rseP	0	0.05990811020717719	0.15076140455741233	False	0.007952713594841484	False	False	Ecoli	False	True	False	False	msfragger	directlfq	min	0.6609640474436812
P46142	9168018.29828347	9205536.00000001	9025813.094204005	8722090.26621123	8952449.672721583	8955509.742877232	P46142	P46142		yggM	0	0.06009116253679576	0.04108746396666576	False	0.007979580870499731	False	False	Ecoli	False	True	False	False	msfragger	directlfq	min	0.6609640474436812
P0A6A8	193207373.39111528	194437236.93668395	193370350.1082869	178208189.90192023	180182897.5455369	188099347.3880925	P0A6A8	P0A6A8		acpP	0	0.060377223385906974	0.08837906699034676	False	0.00800644814615798	False	False	Ecoli	False	True	False	False	msfragger	directlfq	min	0.6609640474436812
P0ADK0	29037933.843743484	29940786.45778576	29473364.017450105	28308431.97104342	28667248.681737117	28904644.99424893	P0ADK0	P0ADK0		yiaF	0	0.06061433230533617	0.04256847781875419	False	0.008033315421816229	False	False	Ecoli	False	True	False	False	msfragger	directlfq	min	0.6609640474436812
P0AGG2	4448920.220569551	4559224.626900992	4571508.90029572	3285342.650820257	4004491.9832899175	3847295.024305946	P0AGG2	P0AGG2		tesB	0	0.06080797923029582	0.2860692356158027	False	0.008060182697474477	False	False	Ecoli	False	True	False	False	msfragger	directlfq	min	0.6609640474436812
P0ACM2	1067781.6312461435	1171665.4764424989	1095329.926644416	1243459.3175735767	1199405.7347690102	1204486.7253024515	P0ACM2	P0ACM2		ydfH	0	0.0609637137455694	-0.12925904561617738	False	0.008087049973132724	False	False	Ecoli	False	True	False	False	msfragger	directlfq	min	0.6609640474436812
P00448	15470237.9581326	15039567.979402088	16236313.721065829	14672128.927012634	14372398.916634398	14162262.761360783	P00448	P00448		sodA	0	0.06127732258298346	0.11358854182081832	False	0.008113917248790974	False	False	Ecoli	False	True	False	False	msfragger	directlfq	min	0.6609640474436812
P76192	8639158.781651199	9113090.401687644	8958696.070579708	8318150.434499808	8457562.942618435	8553843.11626977	P76192	P76192		ydhV	0	0.06174571053398207	0.07660921487157794	False	0.008140784524449222	False	False	Ecoli	False	True	False	False	msfragger	directlfq	min	0.6609640474436812
P0AF90	8600053.46311641	8589934.79690306	9795289.12230006	7474575.999689896	8213112.069995146	7384813.825588813	P0AF90	P0AF90		rraB	0	0.06186745055497222	0.2259980639598504	False	0.00816765180010747	False	False	Ecoli	False	True	False	False	msfragger	directlfq	min	0.6609640474436812
P0ACC3	20279813.95893493	21149561.596190065	21160810.372515664	22906711.11329255	21518817.619886976	22129480.773214854	P0ACC3	P0ACC3		erpA	0	0.061892460769216784	-0.0886107980525641	False	0.008194519075765717	False	False	Ecoli	False	True	False	False	msfragger	directlfq	min	0.6609640474436812
P25522	27408539.12920916	26947826.41726828	27145991.23610862	26247284.01607266	26900663.45200341	26275415.40453472	P25522	P25522		mnmE	0	0.06211253821288925	0.03727833053478969	False	0.008221386351423965	False	False	Ecoli	False	True	False	False	msfragger	directlfq	min	0.6609640474436812
P31142	35156242.34785006	36359291.20089546	35749859.31856402	37429305.483439736	36425778.79485565	36934425.32805747	P31142	P31142		sseA	0	0.06214959752323158	-0.04663658938029573	False	0.008248253627082215	False	False	Ecoli	False	True	False	False	msfragger	directlfq	min	0.6609640474436812
P30859	10583732.59300858	10439355.697214495	11124626.357481789	11399403.133588674	11222686.222735563	11581239.06989617	P30859	P30859		artI	0	0.06218938231067338	-0.08942054353126684	False	0.008275120902740463	False	False	Ecoli	False	True	False	False	msfragger	directlfq	min	0.6609640474436812
P0AFP4	2412919.623769911	2367655.1281413883	2508174.6238948805	2529419.24850188	2602553.9669668456	2562607.73847978	P0AFP4	P0AFP4		ybbO	0	0.0626262638122302	-0.07817146557708388	False	0.00830198817839871	False	False	Ecoli	False	True	False	False	msfragger	directlfq	min	0.6609640474436812
P0ABQ0	6034047.2045862125	5371764.598091914	5391774.415233534	5124341.877933513	4859251.93568096	4698866.686549096	P0ABQ0	P0ABQ0		coaBC	0	0.06268006238689042	0.19416017869122182	False	0.008328855454056958	False	False	Ecoli	False	True	False	False	msfragger	directlfq	min	0.6609640474436812
P0ACC1	2016067.7334518612	2031413.924209629	2298017.656444476	1580059.825805968	1743307.94686206	1946694.6579581036	P0ACC1	P0ACC1		prmC	0	0.06400967028669373	0.26791363866607226	False	0.008355722729715208	False	False	Ecoli	False	True	False	False	msfragger	directlfq	min	0.6609640474436812
P0A8N5	107769623.7000816	106725561.81734756	105191324.16836227	114090619.6260188	111377789.742043	108874323.1187706	P0A8N5	P0A8N5		lysU	0	0.06404320964228712	-0.06466989247433595	False	0.008382590005373456	False	False	Ecoli	False	True	False	False	msfragger	directlfq	min	0.6609640474436812
P0ACV8	616573.5584996806	554143.7500000006	530305.1961791011	488664.413140212	461082.23853635846	497769.3002657715	P0ACV8	P0ACV8		ymjA	0	0.0646141193600685	0.23282298099409354	False	0.008409457281031704	False	False	Ecoli	False	True	False	False	msfragger	directlfq	min	0.6609640474436812
P77488	13392793.848967465	12866057.868879007	12836017.851128245	13763276.26483556	13630725.724681633	13448001.903910805	P77488	P77488		dxs	0	0.0648424716795105	-0.06307435842866553	False	0.008436324556689953	False	False	Ecoli	False	True	False	False	msfragger	directlfq	min	0.6609640474436812
P60438	381328256.0142246	359470125.4809976	418381427.9860351	456496036.8567307	424248516.0756591	443613117.8581696	P60438	P60438		rplC	0	0.06489271720413108	-0.19218843361030977	False	0.0084631918323482	False	False	Ecoli	False	True	False	False	msfragger	directlfq	min	0.6609640474436812
P77774	50291120.39085183	48315134.24499528	49787571.21091734	47497488.4249988	48314544.91145311	46336022.51212579	P77774	P77774		bamB	0	0.0652177041228974	0.06203670017572049	False	0.008490059108006449	False	False	Ecoli	False	True	False	False	msfragger	directlfq	min	0.6609640474436812
P20099	738818.9091938849	700985.7168421303	649358.0324800113	527724.8150448143	538371.8801805793	649688.2776186914	P20099	P20099		bisC	0	0.0654218482032839	0.28405606103333053	False	0.008516926383664697	False	False	Ecoli	False	True	False	False	msfragger	directlfq	min	0.6609640474436812
P77398	1834657.9041779756	1812440.0314040151	1656212.2500656284	1459368.6605001702	1571570.121439944	1661102.377248561	P77398	P77398		arnA	0	0.0657230754014383	0.17667746390027536	False	0.008543793659322944	False	False	Ecoli	False	True	False	False	msfragger	directlfq	min	0.6609640474436812
P37637	1500345.7877081034	1618282.6730451449	1591585.1856116373	1270543.6702771352	1453508.4774766867	1433876.6360258623	P37637	P37637		mdtF	0	0.06579369525652387	0.17992745103601498	False	0.008570660934981194	False	False	Ecoli	False	True	False	False	msfragger	directlfq	min	0.6609640474436812
P0A6R0	58711727.19765675	58277347.15856238	57535037.77210654	56696423.38738093	57513880.61429883	57025628.57581162	P0A6R0	P0A6R0		fabH	0	0.06600110963468263	0.027440899682913633	False	0.008597528210639442	False	False	Ecoli	False	True	False	False	msfragger	directlfq	min	0.6609640474436812
P0A9J8	4658616.198396168	4953249.819382408	5318465.1290843785	4153810.4049497694	4524027.964239486	4453392.99765965	P0A9J8	P0A9J8		pheA	0	0.06743305936346865	0.18524395431891846	False	0.00862439548629769	False	False	Ecoli	False	True	False	False	msfragger	directlfq	min	0.6609640474436812
P69797	59373541.316343	61049751.54894407	57842190.40832812	63994035.957835816	60833591.27536009	63605433.9381024	P69797	P69797		manX	0	0.0675818854555147	-0.08002472493489804	False	0.00865126276195594	False	False	Ecoli	False	True	False	False	msfragger	directlfq	min	0.6609640474436812
P0A6J8	64302994.67568772	66263281.840995416	65490263.54080796	61717173.48643869	62865652.53849291	64300056.91476432	P0A6J8	P0A6J8		ddlA	0	0.06796298625891595	0.05377780124725424	False	0.008678130037614187	False	False	Ecoli	False	True	False	False	msfragger	directlfq	min	0.6609640474436812
P0A887	53388745.62085222	55751640.231511965	54160324.84125415	55489694.521412514	57634581.41351578	57466776.627761215	P0A887	P0A887		ubiE	0	0.06803547149312116	-0.06301091022084518	False	0.008704997313272433	False	False	Ecoli	False	True	False	False	msfragger	directlfq	min	0.6609640474436812
P04036	21098077.289015368	21461563.31227516	20309286.684242733	21759876.896282848	22353647.290829334	21965620.042677373	P04036	P04036		dapB	0	0.06831606363463935	-0.07184785595383326	False	0.008731864588930683	False	False	Ecoli	False	True	False	False	msfragger	directlfq	min	0.6609640474436812
P75882	60794085.70294496	61499998.78772144	62271877.41295524	58002599.43115012	59106548.92192982	60549031.3739091	P75882	P75882		gfcD	0	0.06849651538188671	0.05503239756820203	False	0.00875873186458893	False	False	Ecoli	False	True	False	False	msfragger	directlfq	min	0.6609640474436812
P0A8G0	824045.0084088675	758174.6858398794	774826.4520934315	864411.3035406055	920487.5417628624	827857.7367907007	P0A8G0	P0A8G0		uvrC	0	0.06876072979099596	-0.14859271798800638	False	0.00878559914024718	False	False	Ecoli	False	True	False	False	msfragger	directlfq	min	0.6609640474436812
P0AC59	30570993.77303641	31234078.30808112	30756952.94788157	31192986.07442699	31575554.862822976	31905329.343965463	P0AC59	P0AC59		grxB	0	0.06920509358546949	-0.03254587350317211	False	0.008812466415905428	False	False	Ecoli	False	True	False	False	msfragger	directlfq	min	0.6609640474436812
P0AGF2	3319490.994502412	3259002.69532142	3226879.9112594305	2884345.996212439	2149669.3890524223	2520880.3077192376	P0AGF2	P0AGF2		ygdK	0	0.06920815929785026	0.3761607636592322	False	0.008839333691563676	False	False	Ecoli	False	True	False	False	msfragger	directlfq	min	0.6609640474436812
P0ADT2	2068183.913994504	2005945.3116349184	1821386.4023718955	2536380.2785220635	2414413.0363715384	2114270.6955256164	P0ADT2	P0ADT2		ygiB	0	0.06923635230654435	-0.26108463327745857	False	0.008866200967221924	False	False	Ecoli	False	True	False	False	msfragger	directlfq	min	0.6609640474436812
P77213	374661.81622339104	331723.9374999997	336035.826905075	398427.20007848	381856.80513472186	394922.4239417639	P77213	P77213		ybdK	0	0.06927087985082753	-0.17297533694509465	False	0.008893068242880173	False	False	Ecoli	False	True	False	False	msfragger	directlfq	min	0.6609640474436812
P76008	5280476.179486363	5203207.484024518	5223778.871260541	5549422.341476811	5429332.123023403	5779912.619426209	P76008	P76008		ldcA	0	0.06998074574432428	-0.0934572685256417	False	0.008919935518538421	False	False	Ecoli	False	True	False	False	msfragger	directlfq	min	0.6609640474436812
P31979	81334040.08084463	81066438.3004185	82320354.66497417	83276768.24083576	85217451.99408305	82902074.337751	P31979	P31979		nuoF	0	0.07023383050826935	-0.03882646242585993	False	0.00894680279419667	False	False	Ecoli	False	True	False	False	msfragger	directlfq	min	0.6609640474436812
P45527	2060581.8438211132	2229830.796341631	2102667.9201422366	2006538.79181649	1989696.5186567216	1823069.1388123457	P45527	P45527		yhbU	0	0.07048788983610499	0.135664547881759	False	0.008973670069854917	False	False	Ecoli	False	True	False	False	msfragger	directlfq	min	0.6609640474436812
P0A6N8	40759403.34067864	42500336.7646085	41657271.61271645	40128053.41677821	39749444.66784203	39919523.44922292	P0A6N8	P0A6N8		yeiP	0	0.07075959631831875	0.06037792311993516	False	0.009000537345513164	False	False	Ecoli	False	True	False	False	msfragger	directlfq	min	0.6609640474436812
P21599	168689735.2623076	169393306.5183317	169309876.9783764	166387291.5300135	168292749.09760287	166195674.05947655	P21599	P21599		pykA	0	0.071085537105768	0.018650721901181885	False	0.009027404621171414	False	False	Ecoli	False	True	False	False	msfragger	directlfq	min	0.6609640474436812
P0C0K3	6844644.204748151	6808085.699298439	6579727.040478001	5939989.883612249	6357619.148914377	6460487.673348361	P0C0K3	P0C0K3		rdoA	0	0.07112990167854366	0.10915807342461914	False	0.009054271896829662	False	False	Ecoli	False	True	False	False	msfragger	directlfq	min	0.6609640474436812
P27303	11070669.814705936	10996375.600695098	11065520.549562322	10280678.699278375	10795132.116496816	10290805.812047465	P27303	P27303		emrA	0	0.07136052675005476	0.07902001712843357	False	0.009081139172487911	False	False	Ecoli	False	True	False	False	msfragger	directlfq	min	0.6609640474436812
P0A786	12351935.00918597	12867242.962316748	12790564.6907723	12178057.113929473	12164998.317301774	12059604.227889683	P0A786	P0A786		pyrB	0	0.07233323900644766	0.06232539696394041	False	0.009108006448146157	False	False	Ecoli	False	True	False	False	msfragger	directlfq	min	0.6609640474436812
P0AD49	20198142.17339086	21766542.32452729	22209015.272239994	19366257.52605449	19107539.179828085	19988681.31730036	P0AD49	P0AD49		raiA	0	0.07234412229652831	0.13447117919000598	False	0.009134873723804407	False	False	Ecoli	False	True	False	False	msfragger	directlfq	min	0.6609640474436812
P77781	530728.7150867895	507173.7056912272	410021.571563843	408715.3998602788	369939.3219619762	334034.03557932924	P77781	P77781		ydiI	0	0.07390123514645618	0.37993577447141563	False	0.009161740999462655	False	False	Ecoli	False	True	False	False	msfragger	directlfq	min	0.6609640474436812
P0AEW9	64707757.211607575	63280374.55523578	65909936.33562277	63376498.140899815	59515820.56595552	60319443.90112988	P0AEW9	P0AEW9		fruK	0	0.07412941292606388	0.08178629858719624	False	0.009188608275120903	False	False	Ecoli	False	True	False	False	msfragger	directlfq	min	0.6609640474436812
P0AD12	23148122.186958265	23160459.232124764	21855061.001017608	21631226.04464776	21778647.14866276	20546841.65319481	P0AD12	P0AD12		yeeZ	0	0.07425958257494068	0.09190659375135458	False	0.009215475550779152	False	False	Ecoli	False	True	False	False	msfragger	directlfq	min	0.6609640474436812
P0A7X6	19505768.98698468	20019461.392805465	19721274.310060818	20291639.650474854	21236716.754834555	20412054.1545052	P0A7X6	P0A7X6		rimM	0	0.07508476565780325	-0.06415090246120116	False	0.009242342826437398	False	False	Ecoli	False	True	False	False	msfragger	directlfq	min	0.6609640474436812
P0A8Y3	9588653.887032984	9103177.368313456	9417709.161013585	8947125.625662759	8809404.733302915	9073796.651032254	P0A8Y3	P0A8Y3		yihX	0	0.07578118896657506	0.06719522784537627	False	0.009269210102095648	False	False	Ecoli	False	True	False	False	msfragger	directlfq	min	0.6609640474436812
P13009	20187049.03356046	19808743.63439212	20336722.31512568	19804665.794252533	19498233.736392558	19628223.414564524	P13009	P13009		metH	0	0.07702051235497223	0.033905965575918476	False	0.009296077377753896	False	False	Ecoli	False	True	False	False	msfragger	directlfq	min	0.6609640474436812
P27248	36092589.54339539	36573798.33434019	36606681.43935708	36827861.4966588	37878980.932641305	37280521.37590431	P27248	P27248		gcvT	0	0.07725399256601247	-0.03539806547414679	False	0.009322944653412145	False	False	Ecoli	False	True	False	False	msfragger	directlfq	min	0.6609640474436812
P67603	19657688.884708915	18842356.82833876	20154950.566033702	20955081.657048386	20720820.623629767	20673467.1758731	P67603	P67603		yqfB	0	0.07781751022273715	-0.08812096665956315	False	0.009349811929070393	False	False	Ecoli	False	True	False	False	msfragger	directlfq	min	0.6609640474436812
P27238	1536397.7715198237	1679464.385666916	1608194.4874864249	1716214.490167112	1704968.5311325968	1771452.86559773	P27238	P27238		yfeD	0	0.07796993878123981	-0.1062202180331212	False	0.009376679204728641	False	False	Ecoli	False	True	False	False	msfragger	directlfq	min	0.6609640474436812
P23331	10686021.379930846	9866000.931666754	10779490.43162945	9295681.30405549	9929553.06113446	9528473.835810555	P23331	P23331		tdk	0	0.07814767421908439	0.1238664031994923	False	0.009403546480386889	False	False	Ecoli	False	True	False	False	msfragger	directlfq	min	0.6609640474436812
P0AGJ2	3820479.349375786	3864626.625157272	3879275.842257814	3816261.95986732	3738552.0335613424	3695695.499029357	P0AGJ2	P0AGJ2		trmH	0	0.07846729183484907	0.039697810575676666	False	0.009430413756045137	False	False	Ecoli	False	True	False	False	msfragger	directlfq	min	0.6609640474436812
P00561	14466899.94754392	14006143.672377288	14997556.685097758	13997558.01522776	13224490.491674785	13637372.411664272	P00561	P00561		thrA	0	0.07847573210038053	0.08937126100151575	False	0.009457281031703386	False	False	Ecoli	False	True	False	False	msfragger	directlfq	min	0.6609640474436812
P76220	1976385.7365143737	2086079.6352495225	1743135.6386419924	1665183.5684651623	1631042.983760806	1562305.2504165026	P76220	P76220		ydjY	0	0.07863379942087143	0.25692501385918604	False	0.009484148307361634	False	False	Ecoli	False	True	False	False	msfragger	directlfq	min	0.6609640474436812
P0C093	7745996.097645806	8032122.989199934	7654803.046140906	7505475.502377185	7534174.587271865	7372533.660642575	P0C093	P0C093		slmA	0	0.07876113890889558	0.06425364649914016	False	0.009511015583019882	False	False	Ecoli	False	True	False	False	msfragger	directlfq	min	0.6609640474436812
Q46829	60355700.94896462	57316197.86940398	57243815.78929795	54847362.359416135	54708068.07868434	56212066.28597171	Q46829	Q46829		bglA	0	0.07885543912845036	0.0774987537582649	False	0.00953788285867813	False	False	Ecoli	False	True	False	False	msfragger	directlfq	min	0.6609640474436812
P0AC62	35657968.331416994	32421924.740862127	35006606.34399255	37895989.25166492	36610794.03890179	37550866.76364888	P0AC62	P0AC62		grxC	0	0.07903956501872494	-0.12038573896015832	False	0.00956475013433638	False	False	Ecoli	False	True	False	False	msfragger	directlfq	min	0.6609640474436812
P0A9R7	11573732.49549081	11972925.226831565	11954978.712230662	11089913.167879976	11522664.587801604	11522362.585418051	P0A9R7	P0A9R7		ftsE	0	0.07961967736700741	0.05663629620551718	False	0.009591617409994627	False	False	Ecoli	False	True	False	False	msfragger	directlfq	min	0.6609640474436812
P0ACL0	6279871.578417775	6382307.909910379	6518650.55599914	6132275.090248438	6155557.13534047	6281527.970337317	P0ACL0	P0ACL0		glpR	0	0.0797661156751955	0.04674104555346417	False	0.009618484685652877	False	False	Ecoli	False	True	False	False	msfragger	directlfq	min	0.6609640474436812
P21165	70958979.18810338	72017404.73767053	71175463.22072263	71972124.91806291	72340369.3937403	72680334.2061536	P21165	P21165		pepQ	0	0.0798568507465703	-0.019013242144894926	False	0.009645351961311123	False	False	Ecoli	False	True	False	False	msfragger	directlfq	min	0.6609640474436812
P69905ups|HBA_HUMAN_UPS Hemoglobin subunit alpha (Chain 2-142) - Homo sapiens (Human)	1268841.5968726934	1296000.0000000012	1324628.999053084	1258505.994809362	1236252.9628010248	1249760.5374747096	P69905ups|HBA_HUMAN_UPS Hemoglobin subunit alpha (Chain 2-142) - Homo sapiens (Human)	P69905ups|HBA_HUMAN_UPS Hemoglobin subunit alpha (Chain 2-142) - Homo sapiens (Human)			0	0.07988692281294696	0.05479319951459799	False	0.00967221923696937	False	False	Human	True	False	False	False	msfragger	directlfq	min	0.6609640474436812
P17994	201902.3475017698	207484.57809999996	197546.68253186744	138846.87619860447	146951.89989737715	65127.24567499205	P17994	P17994		yfaA	1	0.08005263222343519	0.7903717800929899	False	0.00969908651262762	False	True	Ecoli	False	True	False	False	msfragger	directlfq	min	0.6609640474436812
P0AFT5	2062828.222053047	1991172.043069363	1343239.0960874695	1112648.2260023954	931792.2890481792	1344880.9162575682	P0AFT5	P0AFT5		yehT	0	0.08048647620025025	0.6712252071285703	False	0.009725953788285868	False	True	Ecoli	False	True	False	False	msfragger	directlfq	min	0.6609640474436812
P00550	3922738.290072141	4280820.054804748	4323509.80761073	4414991.610177576	4510822.771974407	4741089.795483994	P00550	P00550		mtlA	0	0.08066772152208804	-0.12563767679376875	False	0.009752821063944117	False	False	Ecoli	False	True	False	False	msfragger	directlfq	min	0.6609640474436812
P02942	36112480.77903266	35186011.951374575	35524636.44644948	38299990.8342585	36318095.68272803	37248738.40720359	P02942	P02942		tsr	0	0.08089409636089967	-0.06655820511143795	False	0.009779688339602364	False	False	Ecoli	False	True	False	False	msfragger	directlfq	min	0.6609640474436812
P76227	5622615.989176147	5292810.570690864	5377321.061594211	5079136.904770573	5278219.32336015	5066052.847809676	P76227	P76227		ynjH	0	0.08166145029513346	0.0791082384687644	False	0.009806555615260613	False	False	Ecoli	False	True	False	False	msfragger	directlfq	min	0.6609640474436812
P00957	167052790.16936985	171222933.84501627	173964860.59515366	173332259.39108267	181262467.0031972	179781939.96839532	P00957	P00957		alaS	0	0.08194802099409619	-0.061035452097010286	False	0.009833422890918861	False	False	Ecoli	False	True	False	False	msfragger	directlfq	min	0.6609640474436812
P06709	4576374.7994166	4386901.619767698	4063889.121623554	3873562.445232714	4087682.448861024	3765050.27198704	P06709	P06709		birA	0	0.08216426711061223	0.1517759387086085	False	0.00986029016657711	False	False	Ecoli	False	True	False	False	msfragger	directlfq	min	0.6609640474436812
P0A6Z1	32126125.389292847	34013086.63250559	33235425.222171705	30030265.37942929	31948299.315795857	31724663.434256084	P0A6Z1	P0A6Z1		hscA	0	0.08217896683232702	0.08477893849166007	False	0.009887157442235358	False	False	Ecoli	False	True	False	False	msfragger	directlfq	min	0.6609640474436812
P24182	142668317.6835021	145207841.55090314	141130995.43040827	146050451.20230484	151862715.75330865	146864615.1155148	P24182	P24182		accC	0	0.08295230669428529	-0.052083014967590796	False	0.009914024717893604	False	False	Ecoli	False	True	False	False	msfragger	directlfq	min	0.6609640474436812
P24232	2530491.5027167606	2542657.6591533334	2504191.562421224	2327290.884357956	2338412.534120629	2473884.879778558	P24232	P24232		hmp	0	0.08300426557410022	0.0858507377052241	False	0.009940891993551854	False	False	Ecoli	False	True	False	False	msfragger	directlfq	min	0.6609640474436812
P16676	1702753.8788474398	1667661.515242555	1583915.5325468553	1555297.7658929108	1528529.8776051544	1541456.9367395325	P16676	P16676		cysA	0	0.08336458965581046	0.09914810406259703	False	0.009967759269210102	False	False	Ecoli	False	True	False	False	msfragger	directlfq	min	0.6609640474436812
P0ADY3	68119221.88241048	67294718.1267739	71903797.21271662	71348009.43525273	76864304.01237956	79228251.72090477	P0ADY3	P0ADY3		rplN	0	0.0835208978462683	-0.13364603652888485	False	0.009994626544868351	False	False	Ecoli	False	True	False	False	msfragger	directlfq	min	0.6609640474436812
P0A6B7	112023414.03984173	110256507.56335174	112004340.43125716	112814999.6485929	113470062.20097493	113262270.44182608	P0A6B7	P0A6B7		iscS	0	0.08368363756231796	-0.022537262534175186	False	0.0100214938205266	False	False	Ecoli	False	True	False	False	msfragger	directlfq	min	0.6609640474436812
P0AAJ8	8652161.690127071	8743532.79761806	8866024.140634462	9005216.613187052	8903213.696320005	8885922.857874606	P0AAJ8	P0AAJ8		hybA	0	0.08394749215178508	-0.028967656236635646	False	0.010048361096184847	False	False	Ecoli	False	True	False	False	msfragger	directlfq	min	0.6609640474436812
P39286	14219346.952714529	15103189.71776946	14797746.63115807	13804887.483090036	13817832.255700829	12368971.307098106	P39286	P39286		rsgA	0	0.08425368781864008	0.14174176797945043	False	0.010075228371843095	False	False	Ecoli	False	True	False	False	msfragger	directlfq	min	0.6609640474436812
P0AAC0	18780381.0060234	18422144.530207165	18480755.33609993	17964669.72531925	17139243.25704931	18039789.86635147	P0AAC0	P0AAC0		uspE	0	0.08442802203613305	0.0673454648609297	False	0.010102095647501344	False	False	Ecoli	False	True	False	False	msfragger	directlfq	min	0.6609640474436812
P06983	38334010.0220198	38245309.960605785	38383223.33753688	38751108.84606393	39532736.44580253	39900559.39366271	P06983	P06983		hemC	0	0.08480003472311884	-0.03987578964309446	False	0.010128962923159592	False	False	Ecoli	False	True	False	False	msfragger	directlfq	min	0.6609640474436812
P0A8G9	14117524.479971062	14931661.92712526	14713061.190886687	13697461.166661074	14105473.934215954	13870687.281383652	P0A8G9	P0A8G9		xseB	0	0.08521932381426295	0.0705523274401364	False	0.010155830198817842	False	False	Ecoli	False	True	False	False	msfragger	directlfq	min	0.6609640474436812
P0AF08	14770744.58251782	14299097.200407438	14147848.477469742	15193007.75374994	15272338.361827688	14632795.835746678	P0AF08	P0AF08		mrp	0	0.08527345739150205	-0.06144602508441344	False	0.010182697474476088	False	False	Ecoli	False	True	False	False	msfragger	directlfq	min	0.6609640474436812
P29131	2741703.773509981	2790997.074953685	3151012.823398406	2620006.901166438	2467125.885166445	2469857.8787073013	P29131	P29131		ftsN	0	0.08549737716686681	0.20050031607626342	False	0.010209564750134336	False	False	Ecoli	False	True	False	False	msfragger	directlfq	min	0.6609640474436812
P21888	68354239.14373092	67660417.87902136	69418521.62273453	70401996.55593812	71058081.53813711	69151052.67357337	P21888	P21888		cysS	0	0.08554803110667143	-0.03591248054187163	False	0.010236432025792585	False	False	Ecoli	False	True	False	False	msfragger	directlfq	min	0.6609640474436812
P0ADC6	1136539.3516208678	1397942.6499990462	1347959.2043849807	1415288.215259545	1569111.5240609744	1585667.3200035628	P0ADC6	P0ADC6		lptG	0	0.0858572840566239	-0.23525125773087768	False	0.010263299301450833	False	False	Ecoli	False	True	False	False	msfragger	directlfq	min	0.6609640474436812
P0A8A4	6106043.668330483	6017456.7541372925	5922563.442226995	5772043.887269225	5937644.464909229	5673205.10646584	P0A8A4	P0A8A4		ppsR	0	0.08587197886291757	0.05401595151012264	False	0.010290166577109083	False	False	Ecoli	False	True	False	False	msfragger	directlfq	min	0.6609640474436812
P0ADF6	4176185.4940816737	4459949.442098346	4371436.436610069	4499878.747933726	4633067.806696158	4593179.567347952	P0ADF6	P0ADF6		edd	0	0.08591379639736488	-0.07757289257120678	False	0.01031703385276733	False	False	Ecoli	False	True	False	False	msfragger	directlfq	min	0.6609640474436812
P0AEN8	12315186.65785925	12795812.915701702	12945343.348449768	12191468.271151757	11992660.225460663	12202892.337755945	P0AEN8	P0AEN8		fucU	0	0.08607821024046489	0.0647129942378221	False	0.010343901128425578	False	False	Ecoli	False	True	False	False	msfragger	directlfq	min	0.6609640474436812
P03018	12163332.588036356	12964989.527835948	12550948.54118378	11462831.266321858	11797225.27871445	12233868.076881254	P03018	P03018		uvrD	0	0.08626096929313722	0.08619893514159545	False	0.010370768404083826	False	False	Ecoli	False	True	False	False	msfragger	directlfq	min	0.6609640474436812
P07012	51786591.3198698	51517722.555764936	53551957.83865719	53309528.42518248	54495589.980823785	54465910.312777855	P07012	P07012		prfB	0	0.08662024387285792	-0.048962234527522255	False	0.010397635679742076	False	False	Ecoli	False	True	False	False	msfragger	directlfq	min	0.6609640474436812
P0AFC7	12980164.433694609	12208480.356623806	12805111.650372753	15192905.999020968	13781084.202374533	13499467.229044124	P0AFC7	P0AFC7		nuoB	0	0.08715074193714828	-0.16079919369572696	False	0.010424502955400324	False	False	Ecoli	False	True	False	False	msfragger	directlfq	min	0.6609640474436812
P77376	7716130.039676697	8037547.316413425	7837019.163065775	7356629.255975791	7524703.7701828	7732290.77704603	P77376	P77376		ydgJ	0	0.0871777529726842	0.061025814431092104	False	0.010451370231058571	False	False	Ecoli	False	True	False	False	msfragger	directlfq	min	0.6609640474436812
P0ACF8	168988852.42641696	163961360.34942788	176522165.7746709	158489681.3869512	161962858.71208492	157353568.02607554	P0ACF8	P0ACF8		hns	0	0.08720667813704037	0.09257863477614564	False	0.01047823750671682	False	False	Ecoli	False	True	False	False	msfragger	directlfq	min	0.6609640474436812
P29680	13581895.45075304	13565598.811863748	13514669.394477462	14059596.400693946	13927705.253463335	13681894.29358085	P29680	P29680		hemE	0	0.08914948396565396	-0.035294278088579	False	0.010505104782375067	False	False	Ecoli	False	True	False	False	msfragger	directlfq	min	0.6609640474436812
P0A9S5	73501791.03940904	68809415.76809698	70876025.76863828	68630654.89758387	66337717.87872531	66841432.30377781	P0A9S5	P0A9S5		gldA	0	0.08930793283083543	0.07912476954797902	False	0.010531972058033317	False	False	Ecoli	False	True	False	False	msfragger	directlfq	min	0.6609640474436812
P0AFK0	36206932.49177593	37149950.33806065	38024609.31215443	38675928.41311563	38972925.72547904	38154343.39000846	P0AFK0	P0AFK0		pmbA	0	0.08960635034925273	-0.056165564009715174	False	0.010558839333691564	False	False	Ecoli	False	True	False	False	msfragger	directlfq	min	0.6609640474436812
P22524	19174127.922458712	18847001.96110716	18494009.32885032	16013222.019386487	18161031.219618503	16924331.320922196	P22524	P22524		mukE	0	0.08986096491823119	0.14535405803597015	False	0.010585706609349814	False	False	Ecoli	False	True	False	False	msfragger	directlfq	min	0.6609640474436812
P52614	697770.1231864862	718717.9999999997	697415.4374422204	674707.4610823308	655703.6321766884	693086.3222231773	P52614	P52614		fliK	0	0.09013269537881542	0.06305855404250475	False	0.01061257388500806	False	False	Ecoli	False	True	False	False	msfragger	directlfq	min	0.6609640474436812
P23256	713969.87021561	704023.1875000007	727132.976549632	777690.0629227494	761945.3339166336	851971.3743361515	P23256	P23256		malY	0	0.09034468123429908	-0.15691778660649963	False	0.01063944116066631	False	False	Ecoli	False	True	False	False	msfragger	directlfq	min	0.6609640474436812
P27302	197024873.61426267	200366142.97231448	203577422.3091932	202785054.5610702	211669845.9933049	212845269.71631303	P27302	P27302		tktA	0	0.09116822694883717	-0.06186672744233226	False	0.010666308436324557	False	False	Ecoli	False	True	False	False	msfragger	directlfq	min	0.6609640474436812
P76372	17089284.09852048	17927948.19483652	18345168.827247337	21050904.76236457	18748049.035161454	19307599.139833786	P76372	P76372		wzzB	0	0.09133421066151808	-0.14749450164474032	False	0.010693175711982805	False	False	Ecoli	False	True	False	False	msfragger	directlfq	min	0.6609640474436812
P37626	4808388.823301679	4865837.696144141	4778537.981541192	4722053.440579299	4709307.941069593	4544525.151909255	P37626	P37626		yhiI	0	0.09175411367083834	0.048405674888442926	False	0.010720042987641055	False	False	Ecoli	False	True	False	False	msfragger	directlfq	min	0.6609640474436812
P0ABU5	36589415.59238015	35429990.093901515	33106281.761770137	38660148.79418784	36859818.63738112	38068466.99169814	P0ABU5	P0ABU5		elbB	0	0.09198165667464518	-0.11170071235968267	False	0.010746910263299301	False	False	Ecoli	False	True	False	False	msfragger	directlfq	min	0.6609640474436812
P76445	2274679.9931092826	2491544.397927429	2323853.6998558496	2208916.550232096	2002305.6384339829	2229396.5727844583	P76445	P76445		yeiU	0	0.09198228482263374	0.138602220331721	False	0.01077377753895755	False	False	Ecoli	False	True	False	False	msfragger	directlfq	min	0.6609640474436812
P37908	1574843.712683192	1548680.193137757	1551144.735018522	1864538.3349375324	1728582.5757962067	1649587.1398008354	P37908	P37908		yfjD	0	0.09208351029986202	-0.16544810442233546	False	0.010800644814615798	False	False	Ecoli	False	True	False	False	msfragger	directlfq	min	0.6609640474436812
P0A7J0	33909287.11483256	30244309.4087726	31374433.45858408	34326597.73918486	34780944.0538984	35629661.6588136	P0A7J0	P0A7J0		ribB	0	0.09222334873474648	-0.132777971377443	False	0.010827512090274048	False	False	Ecoli	False	True	False	False	msfragger	directlfq	min	0.6609640474436812
P0ABS1	65132643.95627128	67398606.12370202	63824977.29398594	63016258.11484606	60915394.147332974	63546228.66833605	P0ABS1	P0ABS1		dksA	0	0.09236224042065541	0.06675296014854924	False	0.010854379365932296	False	False	Ecoli	False	True	False	False	msfragger	directlfq	min	0.6609640474436812
P36999	1814905.7699285285	1784039.3451894142	1821806.0418668385	1824433.4909452088	1892279.4021610196	1866823.4160350545	P36999	P36999		rlmA	0	0.09272193555248341	-0.04268635572587739	False	0.010881246641590544	False	False	Ecoli	False	True	False	False	msfragger	directlfq	min	0.6609640474436812
P0A877	4137819.6022329344	4194536.62402258	4311696.980431113	4431303.6372144	4285520.496908368	4369772.246812298	P0A877	P0A877		trpA	0	0.09281018536812305	-0.049630912363948614	False	0.010908113917248791	False	False	Ecoli	False	True	False	False	msfragger	directlfq	min	0.6609640474436812
P75829	11569920.568645416	10837466.38384808	11378210.96818879	10555988.096822934	10745990.165436637	10582714.420048404	P75829	P75829		ybjX	0	0.09292103262125538	0.08354441146339765	False	0.01093498119290704	False	False	Ecoli	False	True	False	False	msfragger	directlfq	min	0.6609640474436812
P0AFY8	56418364.34891339	55779278.1169331	57332929.85549592	58276638.233873256	58866928.10960537	57046232.56686356	P0AFY8	P0AFY8		seqA	0	0.09294363424562616	-0.03911467230660481	False	0.010961848468565289	False	False	Ecoli	False	True	False	False	msfragger	directlfq	min	0.6609640474436812
P26612	2227629.7760023843	2043689.960347064	2027409.7203108568	2508585.700761051	2231374.8513942007	2279743.7628804934	P26612	P26612		amyA	0	0.09306297349548846	-0.15634941656279575	False	0.010988715744223537	False	False	Ecoli	False	True	False	False	msfragger	directlfq	min	0.6609640474436812
P0AEZ9	33375789.444763742	33331252.81513274	33175982.149590008	34632545.51885383	33693411.99103022	33990912.61943698	P0AEZ9	P0AEZ9		moaB	0	0.09333552797603696	-0.03473262685384504	False	0.011015583019881784	False	False	Ecoli	False	True	False	False	msfragger	directlfq	min	0.6609640474436812
P37903	26046005.60244741	26138853.013400443	25119981.49627317	24401901.504429616	25392643.81207413	24585765.686962392	P37903	P37903		uspF	0	0.09412462593094217	0.05563796491463623	False	0.011042450295540032	False	False	Ecoli	False	True	False	False	msfragger	directlfq	min	0.6609640474436812
P0ACQ4	33360366.620102774	34367428.49690761	33709903.88656995	34950110.43471579	34418124.143618844	34479170.94928163	P0ACQ4	P0ACQ4		oxyR	0	0.0942471594227973	-0.03387124795185796	False	0.011069317571198282	False	False	Ecoli	False	True	False	False	msfragger	directlfq	min	0.6609640474436812
P0ADS2	20084009.8569576	19484765.381678697	20537032.333526798	21078276.038238894	20521523.90557209	20983851.52745756	P0ADS2	P0ADS2		zapA	0	0.09504772431005117	-0.05828144128159219	False	0.01109618484685653	False	False	Ecoli	False	True	False	False	msfragger	directlfq	min	0.6609640474436812
P75876	28786854.263827845	29808793.26923581	29221387.01804313	27674465.601720568	28122837.952613343	28918775.76242949	P75876	P75876		rlmI	0	0.09509346144929841	0.05186499509439868	False	0.01112305212251478	False	False	Ecoli	False	True	False	False	msfragger	directlfq	min	0.6609640474436812
P07000	577629.1868089782	522786.4999999994	572250.425643919	581651.571513093	649420.1871985198	613004.4850834998	P07000	P07000		pldB	0	0.0958266876908487	-0.14074881357908714	False	0.011149919398173025	False	False	Ecoli	False	True	False	False	msfragger	directlfq	min	0.6609640474436812
P0AFP6	30291658.529353727	29604581.515111588	29122695.67630372	30773943.2574884	30760257.940774865	30223426.415042385	P0AFP6	P0AFP6		ybgI	0	0.09657201114171299	-0.043715838525606884	False	0.011176786673831273	False	False	Ecoli	False	True	False	False	msfragger	directlfq	min	0.6609640474436812
P0AC02	49719316.80073032	53650248.128444046	50388919.15836636	55349636.75858212	54495401.19327661	54086372.08797535	P0AC02	P0AC02		bamD	0	0.09717086703789811	-0.09242629047911935	False	0.011203653949489523	False	False	Ecoli	False	True	False	False	msfragger	directlfq	min	0.6609640474436812
P09053	5750780.397759118	6058609.221136845	5687734.559818644	6276186.293729997	6010454.502633905	6141207.804569225	P09053	P09053		avtA	0	0.09736270002494446	-0.07476982956139609	False	0.01123052122514777	False	False	Ecoli	False	True	False	False	msfragger	directlfq	min	0.6609640474436812
P46887	171286.35843233787	156106.1249999998	198800.90753199309	381918.39786816674	233236.77986555253	280365.80975515017	P46887	P46887		yecH	0	0.09740908123246185	-0.7671341154635782	False	0.01125738850080602	False	True	Ecoli	False	True	False	False	msfragger	directlfq	min	0.6609640474436812
P0ACP5	3028814.266414583	2979957.1593897133	2599726.078001776	2691319.8291880027	2341524.061486958	2450740.628901333	P0ACP5	P0ACP5		gntR	0	0.09750661513163002	0.2020319928381034	False	0.011284255776464266	False	False	Ecoli	False	True	False	False	msfragger	directlfq	min	0.6609640474436812
P31475	4374517.22290458	4305669.532871434	4206583.456923998	4020670.888615615	4242362.226353273	4005520.9242560174	P31475	P31475		yieP	0	0.09757851008925567	0.07092550474609133	False	0.011311123052122516	False	False	Ecoli	False	True	False	False	msfragger	directlfq	min	0.6609640474436812
P31663	18909733.811745714	19663671.18764622	18362123.23099397	18293347.618619416	18000336.44091774	17614392.341457717	P31663	P31663		panC	0	0.097994847599044	0.07882775603494535	False	0.011337990327780764	False	False	Ecoli	False	True	False	False	msfragger	directlfq	min	0.6609640474436812
P39177	47670600.0942825	49668768.76280764	47000813.39572612	49083135.2903709	53586202.09950027	53047242.789792925	P39177	P39177		uspG	0	0.09816222606619873	-0.10944958441609871	False	0.011364857603439013	False	False	Ecoli	False	True	False	False	msfragger	directlfq	min	0.6609640474436812
P07862	23603835.52325797	22834968.85182997	23304021.93810112	23021043.481011804	22236015.1449644	22331535.822175857	P07862	P07862		ddlB	0	0.09831035137454533	0.04526501744940831	False	0.011391724879097261	False	False	Ecoli	False	True	False	False	msfragger	directlfq	min	0.6609640474436812
P24255	3285334.230970182	3715689.821123842	3133332.218444069	2801392.516110915	2937506.5930677173	2920563.860827302	P24255	P24255		rpoN	0	0.0986268231374143	0.22690499054258112	False	0.011418592154755507	False	False	Ecoli	False	True	False	False	msfragger	directlfq	min	0.6609640474436812
P0AB12	1642664.1825044318	960632.9999999992	1527901.4495308243	659019.5655134011	868380.2424980785	860608.0843135	P0AB12	P0AB12		yccF	0	0.09870685532267842	0.7907528233450084	False	0.011445459430413757	False	True	Ecoli	False	True	False	False	msfragger	directlfq	min	0.6609640474436812
P0AAH8	600923.0210481692	609370.25	598978.476115195	543569.6065327065	573508.2252757563	495381.5448978766	P0AAH8	P0AAH8		sapF	0	0.0994635508408473	0.16614629804405454	False	0.011472326706072004	False	False	Ecoli	False	True	False	False	msfragger	directlfq	min	0.6609640474436812
P04128	431857.03271285386	476222.75	444639.8063795578	419414.5625504341	422708.7343617659	404634.9720576565	P04128	P04128		fimA	0	0.10000888623462134	0.11768103648038206	False	0.011499193981730254	False	False	Ecoli	False	True	False	False	msfragger	directlfq	min	0.6609640474436812
P0AAI3	137074266.5961663	139386551.98318818	137222781.91975966	144028887.89550284	140910365.32421446	139449333.4130256	P0AAI3	P0AAI3		ftsH	0	0.10048829928726045	-0.03685809090936278	False	0.011526061257388502	False	False	Ecoli	False	True	False	False	msfragger	directlfq	min	0.6609640474436812
P69488	685355.9629355588	817247.9375000006	940745.105239453	604893.9385962143	646561.3234320394	578603.738286265	P69488	P69488		cutA	0	0.10051903616046522	0.4169697904013228	False	0.01155292853304675	False	False	Ecoli	False	True	False	False	msfragger	directlfq	min	0.6609640474436812
P0AES4	116768020.53411864	120730301.24305548	119869966.1056398	113581603.43814813	116115656.5931438	117296063.71249224	P0AES4	P0AES4		gyrA	0	0.10137283275562084	0.04250371312479792	False	0.011579795808704997	False	False	Ecoli	False	True	False	False	msfragger	directlfq	min	0.6609640474436812
P0A6E6	14397877.54750479	14364823.89947473	14433129.593785418	15874114.050317986	15238200.341777744	14793967.564255498	P0A6E6	P0A6E6		atpC	0	0.10165525153387532	-0.08779950967913114	False	0.011606663084363247	False	False	Ecoli	False	True	False	False	msfragger	directlfq	min	0.6609640474436812
P0ACL2	4694127.902912725	4508793.194367545	4893147.3263511285	4498298.153410019	4295543.730151886	4429939.804801744	P0ACL2	P0ACL2		exuR	0	0.10233634849162214	0.09215801990175781	False	0.011633530360021495	False	False	Ecoli	False	True	False	False	msfragger	directlfq	min	0.6609640474436812
P60061	2912878.680106541	3178373.699920168	3094153.197048101	3306998.057315843	3243719.593726844	3283671.055703429	P60061	P60061		adiC	0	0.1029008345319185	-0.09849195494404675	False	0.011660397635679744	False	False	Ecoli	False	True	False	False	msfragger	directlfq	min	0.6609640474436812
P0ACY1	26365903.60895896	26682351.24476918	26624556.301231347	28209611.87509677	27018988.72677825	27351446.633638345	P0ACY1	P0ACY1		ydjA	0	0.10296485100235404	-0.05170576423393943	False	0.01168726491133799	False	False	Ecoli	False	True	False	False	msfragger	directlfq	min	0.6609640474436812
P0A964	18567799.438079063	19196162.03065633	18156590.380872004	18929386.63015172	19975223.881108105	19827243.35137068	P0A964	P0A964		cheW	0	0.10345921763234188	-0.0707645790594831	False	0.011714132186996238	False	False	Ecoli	False	True	False	False	msfragger	directlfq	min	0.6609640474436812
P10346	9265604.821173267	9155707.244921908	9310640.785393776	9333475.551597124	9751534.993178902	9680328.699074447	P10346	P10346		glnQ	0	0.10355248023349926	-0.05278227189570958	False	0.011740999462654488	False	False	Ecoli	False	True	False	False	msfragger	directlfq	min	0.6609640474436812
P77756	1960569.3960157344	1645102.1250000007	1626786.7786020534	1594801.0176464673	1383747.2839141558	1403383.8395569895	P77756	P77756		queC	0	0.10355438983633213	0.2559217660512334	False	0.011767866738312736	False	False	Ecoli	False	True	False	False	msfragger	directlfq	min	0.6609640474436812
P52643	24058949.134032235	24468747.293258503	24836237.620145146	23810658.758211344	23753385.02390943	23986484.24292778	P52643	P52643		ldhA	0	0.10383134401390563	0.03610858996888856	False	0.011794734013970985	False	False	Ecoli	False	True	False	False	msfragger	directlfq	min	0.6609640474436812
P24554	2962407.2397160195	2785171.8584832563	2964417.76506973	2620049.942765436	2839185.4374109195	2528343.383851131	P24554	P24554		radA	0	0.1040849642029786	0.12524518233940493	False	0.011821601289629231	False	False	Ecoli	False	True	False	False	msfragger	directlfq	min	0.6609640474436812
P77717	4498309.600430728	4139496.627572449	4568443.252611967	4256338.425145044	3870943.673777024	3636067.998648736	P77717	P77717		ybaY	0	0.10480415947924397	0.16692182000299377	False	0.011848468565287481	False	False	Ecoli	False	True	False	False	msfragger	directlfq	min	0.6609640474436812
P45955	8779660.979355408	8857712.526648797	9335583.681559185	9243687.212289443	9583655.173333826	9497849.816344475	P45955	P45955		ybgF	0	0.1048748008157389	-0.0705720450448977	False	0.011875335840945729	False	False	Ecoli	False	True	False	False	msfragger	directlfq	min	0.6609640474436812
P0A9U3	37482629.00230999	39257669.50403087	37599254.7118111	38823574.03361663	40810350.25529772	39777084.201131865	P0A9U3	P0A9U3		ybiT	0	0.10548941175623333	-0.06261128659493628	False	0.011902203116603978	False	False	Ecoli	False	True	False	False	msfragger	directlfq	min	0.6609640474436812
P40874	22407899.9698007	24035167.275314186	23197712.77797337	22018505.913568	22413286.07649142	21579411.81983549	P40874	P40874		solA	0	0.106295398098729	0.0772214542804002	False	0.011929070392262226	False	False	Ecoli	False	True	False	False	msfragger	directlfq	min	0.6609640474436812
P0ABA6	105282159.20945622	104547480.56806552	105221140.83027557	98426121.92217933	103055959.3174191	102008456.04797776	P0ABA6	P0ABA6		atpG	0	0.10693653286419452	0.05393284971907164	False	0.011955937667920472	False	False	Ecoli	False	True	False	False	msfragger	directlfq	min	0.6609640474436812
P0AA91	4020353.4455289096	3716488.4191896087	3787756.776125724	3755465.931154167	3499464.0605627047	3458168.599692336	P0AA91	P0AA91		yeaY	0	0.10714809267235799	0.10534069102119628	False	0.011982804943578722	False	False	Ecoli	False	True	False	False	msfragger	directlfq	min	0.6609640474436812
P18392	491690.92719521263	445774.6249999997	528088.8762419244	404034.2454257261	442968.1922966611	435849.0935894409	P18392	P18392		rstB	0	0.1079545734978895	0.19209233631920805	False	0.01200967221923697	False	False	Ecoli	False	True	False	False	msfragger	directlfq	min	0.6609640474436812
P33599	122677534.53360164	122995876.99794064	124703590.08904898	122604978.51246738	120421072.76033194	121805041.70841949	P33599	P33599		nuoC	0	0.10804199789258336	0.02176582851281878	False	0.01203653949489522	False	False	Ecoli	False	True	False	False	msfragger	directlfq	min	0.6609640474436812
P0A6P7	32547129.75301317	32608989.86568635	32626314.09676757	33422905.18539784	33310663.245798755	32756025.76909703	P0A6P7	P0A6P7		engB	0	0.10808049984278725	-0.024970326263357955	False	0.012063406770553467	False	False	Ecoli	False	True	False	False	msfragger	directlfq	min	0.6609640474436812
P0A7R1	1191728119.7103462	1204939960.0957522	1179199668.3580449	1226927264.1809156	1279345326.4515352	1344378085.38103	P0A7R1	P0A7R1		rplI	0	0.10830024051931912	-0.10680887032506273	False	0.012090274046211715	False	False	Ecoli	False	True	False	False	msfragger	directlfq	min	0.6609640474436812
P0A6J5	1592404.1071023508	1514680.0371773727	1561927.8752851842	1575946.0909894602	1651212.241898585	1649763.9056125158	P0A6J5	P0A6J5		dadA	0	0.1087340787539759	-0.06285366653410372	False	0.012117141321869963	False	False	Ecoli	False	True	False	False	msfragger	directlfq	min	0.6609640474436812
P65367	4199736.216963581	4490096.906196763	4123995.9412305383	3975243.430693349	3849866.6698536826	4120300.8672182895	P65367	P65367		yqcA	0	0.10880204255832492	0.10124516142119575	False	0.012144008597528212	False	False	Ecoli	False	True	False	False	msfragger	directlfq	min	0.6609640474436812
P0AEG6	6284888.376463577	4886145.407492359	5335332.051084902	7776520.115474082	6570395.91278044	6140189.488892041	P0AEG6	P0AEG6		dsbC	0	0.10892942600512301	-0.31169364956126083	False	0.01217087587318646	False	False	Ecoli	False	True	False	False	msfragger	directlfq	min	0.6609640474436812
P0AG63	356668991.6093014	358364158.49920434	356472278.2143631	364825549.5182079	395689397.5530132	393511134.53895104	P0AG63	P0AG63		rpsQ	0	0.10910107290028716	-0.10703667120689958	False	0.012197743148844708	False	False	Ecoli	False	True	False	False	msfragger	directlfq	min	0.6609640474436812
P0A729	9984894.078659056	9277675.991023667	9446357.45417072	9353605.01024118	8871675.139536079	8698369.719992865	P0A729	P0A729		yceF	0	0.10963198385083428	0.09262543666369885	False	0.012224610424502956	False	False	Ecoli	False	True	False	False	msfragger	directlfq	min	0.6609640474436812
P62556	13709944.551554317	14582191.063522732	14416679.404201487	14646298.892710237	14979913.884292629	15114997.913737576	P62556	P62556		sopA	0	0.10998290530190113	-0.06707042591719109	False	0.012251477700161204	False	False	Ecoli	False	True	False	False	msfragger	directlfq	min	0.6609640474436812
P68699	3842668.9880409376	3280262.749999998	3080055.4485137225	3053228.182408139	2708522.5313543677	1977254.923448126	P68699	P68699		atpE	0	0.11044770455737057	0.3987714844549623	False	0.012278344975819453	False	False	Ecoli	False	True	False	False	msfragger	directlfq	min	0.6609640474436812
P0A7M9	93307959.07909654	100593157.74216732	101179633.05278732	105194639.84759496	103870764.08508718	106089457.37035058	P0A7M9	P0A7M9		rpmE	0	0.1104485094869877	-0.09495110963296055	False	0.012305212251477701	False	False	Ecoli	False	True	False	False	msfragger	directlfq	min	0.6609640474436812
P16456	24655383.657200243	25152266.214443844	25572578.157735743	23505375.40039738	24152833.068708982	24809380.45736725	P16456	P16456		selD	0	0.11047653369189404	0.05685026411422789	False	0.01233207952713595	False	False	Ecoli	False	True	False	False	msfragger	directlfq	min	0.6609640474436812
P0A948	381873.56204034	457009.8750000002	394250.86156008666	360233.1664223106	372258.5960819696	323206.8462588312	P0A948	P0A948		rimJ	0	0.11071460752910058	0.22413191112058034	False	0.012358946802794197	False	False	Ecoli	False	True	False	False	msfragger	directlfq	min	0.6609640474436812
P30958	19579147.602930494	20631257.320367943	19476282.310301	18893886.713858098	18229216.39101586	19444038.696221303	P30958	P30958		mfd	0	0.11097474568447073	0.07744490570016314	False	0.012385814078452446	False	False	Ecoli	False	True	False	False	msfragger	directlfq	min	0.6609640474436812
P25745	20493232.577294298	19961575.85501317	20308440.80079458	20542468.11110828	20592106.55201313	21121133.40523852	P25745	P25745		mnmA	0	0.1110352967556311	-0.03500710222190489	False	0.012412681354110694	False	False	Ecoli	False	True	False	False	msfragger	directlfq	min	0.6609640474436812
P0ABU7	6872199.390559208	6904847.727030893	6745591.991295176	7117749.591970821	7534079.310502869	7048170.5091242185	P0ABU7	P0ABU7		exbB	0	0.11153554349153603	-0.08047873729950995	False	0.012439548629768942	False	False	Ecoli	False	True	False	False	msfragger	directlfq	min	0.6609640474436812
P0A8A0	8669367.48177533	7622314.321716168	7899692.139776626	9227333.565282246	9074906.084211586	8390096.078120215	P0A8A0	P0A8A0		yebC	0	0.11153632846042232	-0.14193284566911465	False	0.012466415905427191	False	False	Ecoli	False	True	False	False	msfragger	directlfq	min	0.6609640474436812
P31455	9111379.819378508	9398060.921465691	9963461.76904062	8636428.188458653	8979124.502250891	8959443.516231572	P31455	P31455		yidR	0	0.11170385939028557	0.09952008216737139	False	0.012493283181085437	False	False	Ecoli	False	True	False	False	msfragger	directlfq	min	0.6609640474436812
P42632	26755580.6553204	27318854.29493565	27046658.412312277	28495071.49325741	27556345.402919658	27501670.524524845	P42632	P42632		tdcE	0	0.11177650813203834	-0.042616041831182026	False	0.012520150456743687	False	False	Ecoli	False	True	False	False	msfragger	directlfq	min	0.6609640474436812
P0A9L5	9955635.67968344	10858385.57976142	9993566.171539487	9476800.645262253	9370354.15132112	9658103.777879016	P0A9L5	P0A9L5		ppiC	0	0.11197074752435729	0.11205761971289695	False	0.012547017732401935	False	False	Ecoli	False	True	False	False	msfragger	directlfq	min	0.6609640474436812
P0AB24	18065996.680652387	17680550.960650746	17342756.00167021	17354489.502783164	16840934.345408227	17264917.100888744	P0AB24	P0AB24		efeO	0	0.11217814173905442	0.04496020253268022	False	0.012573885008060184	False	False	Ecoli	False	True	False	False	msfragger	directlfq	min	0.6609640474436812
P13001	1969858.687369156	1898647.8627651476	1599647.6503295682	1470592.5400613511	1697681.0776053658	1414572.2851964266	P13001	P13001		bioH	0	0.11226764783135368	0.2548101508864237	False	0.012600752283718432	False	False	Ecoli	False	True	False	False	msfragger	directlfq	min	0.6609640474436812
P0AEZ3	70637358.40892443	72315871.33954567	69247226.6368807	71883110.44836213	72937285.52777024	74554013.19992773	P0AEZ3	P0AEZ3		minD	0	0.1136845149370034	-0.04796748082483324	False	0.01262761955937668	False	False	Ecoli	False	True	False	False	msfragger	directlfq	min	0.6609640474436812
P0A9V1	25063158.172117397	24191563.92179537	23859238.07051895	23748292.482290074	23674290.612414632	22940494.50394773	P0A9V1	P0A9V1		lptB	0	0.11374578170235061	0.05532831044319469	False	0.012654486835034928	False	False	Ecoli	False	True	False	False	msfragger	directlfq	min	0.6609640474436812
P0AC92	9333110.73330842	7827253.0657998705	7977378.694625398	10026582.066779591	9248290.334529225	9437689.181209432	P0AC92	P0AC92		gnsA	0	0.1143576971629915	-0.19182695219061796	False	0.012681354110693176	False	False	Ecoli	False	True	False	False	msfragger	directlfq	min	0.6609640474436812
P37005	3779560.479341492	3833346.746076385	3504326.4274108484	3340673.680980838	3595100.896337304	3111259.478383996	P37005	P37005		lasT	0	0.11462486120758497	0.14602816886703515	False	0.012708221386351425	False	False	Ecoli	False	True	False	False	msfragger	directlfq	min	0.6609640474436812
P0A6H1	125133845.16808064	125122724.20695798	127261475.18395494	119745888.49832192	120201975.3631847	124989305.91802952	P0A6H1	P0A6H1		clpX	0	0.1146297819606723	0.048897503270198456	False	0.012735088662009673	False	False	Ecoli	False	True	False	False	msfragger	directlfq	min	0.6609640474436812
P0ABJ9	131992693.54643264	131277920.45792936	133699103.61194874	129356267.37620436	129345198.83150224	131755136.84230755	P0ABJ9	P0ABJ9		cydA	0	0.11468187815798637	0.023866746987164334	False	0.012761955937667921	False	False	Ecoli	False	True	False	False	msfragger	directlfq	min	0.6609640474436812
P64581	49042535.79137159	52109522.454672255	54688334.15756365	58576964.11648335	53426261.07474832	57481844.308131255	P64581	P64581		yqjD	0	0.11483574077715938	-0.12108897195846823	False	0.012788823213326169	False	False	Ecoli	False	True	False	False	msfragger	directlfq	min	0.6609640474436812
P60785	46108102.17839739	47924094.78220746	45920457.66579579	44691148.538854666	44299950.54276134	45980631.83911417	P60785	P60785		lepA	0	0.11521536047046503	0.05228157780282928	False	0.012815690488984418	False	False	Ecoli	False	True	False	False	msfragger	directlfq	min	0.6609640474436812
P75745	2320809.361956746	2283397.2274206057	2315283.66745642	2336437.158740621	2474586.6608247766	2493476.3671072903	P75745	P75745		ybgK	0	0.11526604135389049	-0.07811979772234987	False	0.012842557764642666	False	False	Ecoli	False	True	False	False	msfragger	directlfq	min	0.6609640474436812
P07648	2955455.878278805	2565068.0862110946	2791853.656906892	2640908.223777124	2461365.157607379	2254107.93594242	P07648	P07648		recC	0	0.11567549297299681	0.17626493199661322	False	0.012869425040300916	False	False	Ecoli	False	True	False	False	msfragger	directlfq	min	0.6609640474436812
P0A752	648562.3168678824	630334.8125000007	609310.5854742287	607942.839249458	490834.828210901	491867.9317660749	P0A752	P0A752		nadD	0	0.11575586094742558	0.24740504450590814	False	0.012896292315959162	False	False	Ecoli	False	True	False	False	msfragger	directlfq	min	0.6609640474436812
P0ABU2	135829205.4337328	143324878.9763859	138909707.8909442	142123766.77664578	147090430.28141084	145143604.8384793	P0ABU2	P0ABU2		ychF	0	0.11645858828616044	-0.05516085156285112	False	0.01292315959161741	False	False	Ecoli	False	True	False	False	msfragger	directlfq	min	0.6609640474436812
P15640	12633371.768495897	12775017.731303228	12555425.593004735	12895878.32021936	14075141.714227391	13721517.54772216	P15640	P15640		purD	0	0.1168442780784797	-0.10013926930890572	False	0.01295002686727566	False	False	Ecoli	False	True	False	False	msfragger	directlfq	min	0.6609640474436812
P37051	14085211.13182784	13442586.220596526	12453895.561289929	12278222.357431544	12022275.764326716	11989932.229136506	P37051	P37051		purU	0	0.11724839007652628	0.1397503951387622	False	0.012976894142933907	False	False	Ecoli	False	True	False	False	msfragger	directlfq	min	0.6609640474436812
P08506	33225884.0400177	34881242.20581179	34215856.01738705	35400660.38736644	35347045.805889584	35395875.5856173	P08506	P08506		dacC	0	0.11772129876371697	-0.052886919797976085	False	0.013003761418592157	False	False	Ecoli	False	True	False	False	msfragger	directlfq	min	0.6609640474436812
P0AF28	28030212.820507497	26436302.711764235	27393070.76030509	28562031.473786645	28887851.387280077	27853361.40668384	P0AF28	P0AF28		narL	0	0.11813454088794104	-0.05944923580323946	False	0.013030628694250403	False	False	Ecoli	False	True	False	False	msfragger	directlfq	min	0.6609640474436812
P52076	2370583.12407891	2673779.1876901025	2762880.0248995437	2879589.4668094143	2975330.0277829613	2842134.111842606	P52076	P52076		qseB	0	0.11835298480469718	-0.15571367495613586	False	0.013057495969908652	False	False	Ecoli	False	True	False	False	msfragger	directlfq	min	0.6609640474436812
P23827	28118230.052440338	26692647.221590757	27920237.13367136	26719521.742124368	25907623.11068573	26805945.144883405	P23827	P23827		eco	0	0.11865156594613345	0.05868988958363597	False	0.0130843632455669	False	False	Ecoli	False	True	False	False	msfragger	directlfq	min	0.6609640474436812
P0ADX7	140441.44430481564	117087.83589999996	119634.96644837696	158289.49859042675	132585.7389594977	172546.89479760503	P0ADX7	P0ADX7		yhhA	0	0.1189586379070922	-0.29713402482326556	False	0.01311123052122515	False	False	Ecoli	False	True	False	False	msfragger	directlfq	min	0.6609640474436812
P19318	292507.7171135721	313133.5938000002	356189.66883517354	404591.2597799827	342604.247174291	368856.2707962403	P19318	P19318		narY	0	0.11904194946220711	-0.21454866061246614	False	0.013138097796883397	False	False	Ecoli	False	True	False	False	msfragger	directlfq	min	0.6609640474436812
P36979	12660737.720311249	12071213.471729496	11379451.442047484	11273884.788832117	11462143.056326644	10613700.945792183	P36979	P36979		rlmN	0	0.11921542717101209	0.11477942926558032	False	0.013164965072541644	False	False	Ecoli	False	True	False	False	msfragger	directlfq	min	0.6609640474436812
P0A6K6	146054128.55235267	146873173.15905342	146564941.27775356	142881958.0459694	144939893.6816409	145572519.28274995	P0A6K6	P0A6K6		deoB	0	0.11983607469707178	0.020157286496830427	False	0.013191832348199893	False	False	Ecoli	False	True	False	False	msfragger	directlfq	min	0.6609640474436812
P24193	6122237.272027694	6703197.787568531	6565994.026204652	7196152.546382294	6675759.029820116	6894601.086148346	P24193	P24193		hypE	0	0.12013154079938689	-0.09883983421563386	False	0.013218699623858141	False	False	Ecoli	False	True	False	False	msfragger	directlfq	min	0.6609640474436812
P0AG55	617823185.9756652	632774011.4273628	623850809.5070894	629577366.6918133	649112715.6416144	659375539.7204168	P0AG55	P0AG55		rplF	0	0.12024887780265678	-0.04815161162825684	False	0.01324556689951639	False	False	Ecoli	False	True	False	False	msfragger	directlfq	min	0.6609640474436812
P0C0S1	17489070.51890421	16939804.092817675	17824961.858036555	16976770.491733473	16279364.146358816	15157666.3263173	P0C0S1	P0C0S1		mscS	0	0.12140385395083966	0.11011859902068642	False	0.013272434175174638	False	False	Ecoli	False	True	False	False	msfragger	directlfq	min	0.6609640474436812
P0ADW3	44038392.19790752	46511904.52741354	44920600.18290015	48108249.34511609	45828114.672927774	47324711.78752612	P0ADW3	P0ADW3		yhcB	0	0.1222071283071523	-0.060381036847009684	False	0.013299301450832886	False	False	Ecoli	False	True	False	False	msfragger	directlfq	min	0.6609640474436812
P0A8W8	59231475.99539449	60117475.90397699	57581418.44551546	59471919.26138373	62124860.674869694	62304675.99318159	P0A8W8	P0A8W8		yfbU	0	0.12311552701703132	-0.05575119156636555	False	0.013326168726491134	False	False	Ecoli	False	True	False	False	msfragger	directlfq	min	0.6609640474436812
P0AES0	14503606.25567896	14267840.822084269	14493242.458116038	13227708.477003949	14203185.903097024	13745624.496575557	P0AES0	P0AES0		gsp	0	0.12369126862250018	0.07136818246129764	False	0.013353036002149384	False	False	Ecoli	False	True	False	False	msfragger	directlfq	min	0.6609640474436812
P61320	12360070.75485391	12601406.69637581	11995272.8948171	11802145.8359074	12033969.909221612	11847050.543206489	P61320	P61320		lolB	0	0.12382805974382143	0.05059426816453955	False	0.013379903277807631	False	False	Ecoli	False	True	False	False	msfragger	directlfq	min	0.6609640474436812
P17315	6499294.368016646	6334402.224775645	6552281.54907284	6659358.598749356	6630898.681706153	6567241.831590344	P17315	P17315		cirA	0	0.12481679980599919	-0.03467040901948468	False	0.013406770553465881	False	False	Ecoli	False	True	False	False	msfragger	directlfq	min	0.6609640474436812
P17854	18745597.725598253	19530296.203825954	18939498.560967557	18005905.789314188	18230307.09524293	18897698.072704118	P17854	P17854		cysH	0	0.1249653038001687	0.053463379763039366	False	0.013433637829124127	False	False	Ecoli	False	True	False	False	msfragger	directlfq	min	0.6609640474436812
P07021	2671153.1541702603	2752624.766441362	2680246.3809207925	2731858.7954669786	2931566.270777489	2857823.864233173	P07021	P07021		yfiB	0	0.12518531773545666	-0.07242639650021661	False	0.013460505104782375	False	False	Ecoli	False	True	False	False	msfragger	directlfq	min	0.6609640474436812
P02919	10553182.658909082	10152238.352835178	10045344.310188027	9633318.467188964	9903871.971929757	10052868.907459842	P02919	P02919		mrcB	0	0.1251943210636986	0.05550972650597917	False	0.013487372380440624	False	False	Ecoli	False	True	False	False	msfragger	directlfq	min	0.6609640474436812
P02918	5842770.626986285	6191021.455212553	5800863.496951661	5580756.069663851	5717072.71335216	5636777.490131928	P02918	P02918		mrcA	0	0.12551796315011682	0.07470891011440296	False	0.013514239656098872	False	False	Ecoli	False	True	False	False	msfragger	directlfq	min	0.6609640474436812
P0A6F5	630230134.5426883	645654133.4473861	667285931.082722	673583905.0938497	673621569.4892936	677214415.0618861	P0A6F5	P0A6F5		groL	0	0.1262054378629982	-0.05909628407116442	False	0.013541106931757122	False	False	Ecoli	False	True	False	False	msfragger	directlfq	min	0.6609640474436812
P37182	9145432.489841975	9756878.53665558	9275959.612285877	8918258.02741997	8843150.114163648	9083322.135028288	P37182	P37182		hybD	0	0.12638826329427602	0.06994416361834226	False	0.013567974207415368	False	False	Ecoli	False	True	False	False	msfragger	directlfq	min	0.6609640474436812
P0AEM6	10027339.319809891	9752160.027257156	9630983.484146493	9620704.46578234	9080346.682428043	9509756.556172611	P0AEM6	P0AEM6		fliA	0	0.12672322903961925	0.060082496755614015	False	0.013594841483073617	False	False	Ecoli	False	True	False	False	msfragger	directlfq	min	0.6609640474436812
P13482	639111.8474664323	641352.7466966854	666364.3608297391	587397.8976047692	598422.5458176853	642276.7472159109	P13482	P13482		treA	0	0.12693118626113234	0.0907833637486682	False	0.013621708758731865	False	False	Ecoli	False	True	False	False	msfragger	directlfq	min	0.6609640474436812
P22259	73291477.08493339	72824136.48515931	70631017.92228213	71010107.89888398	70587442.55263484	69283437.4881029	P22259	P22259		pckA	0	0.12704675370732585	0.03958053813465721	False	0.013648576034390115	False	False	Ecoli	False	True	False	False	msfragger	directlfq	min	0.6609640474436812
P0ADS6	22162102.174863465	24063416.569162704	21948451.41148457	24539607.847931664	23944344.06747458	24558808.638308216	P0ADS6	P0ADS6		yggE	0	0.12753619734959307	-0.09952028931332059	False	0.013675443310048363	False	False	Ecoli	False	True	False	False	msfragger	directlfq	min	0.6609640474436812
P0A7S9	231121921.9428752	238583379.410576	234782413.16533896	207780189.90883204	221977149.60459688	229340597.84280184	P0A7S9	P0A7S9		rpsM	0	0.12796004329808727	0.09608169217704159	False	0.013702310585706609	False	False	Ecoli	False	True	False	False	msfragger	directlfq	min	0.6609640474436812
P69913	23264885.750474077	23555097.96396505	24555676.91164318	21654679.243358366	23146095.58110772	23006649.0238344	P69913	P69913		csrA	0	0.12820237076928334	0.07398895911133395	False	0.013729177861364858	False	False	Ecoli	False	True	False	False	msfragger	directlfq	min	0.6609640474436812
P06971	52072787.627376966	50631538.35974997	50577590.45098028	52125004.32311159	51811287.28692823	53631499.64613648	P06971	P06971		fhuA	0	0.1290383817542704	-0.03978515689919308	False	0.013756045137023106	False	False	Ecoli	False	True	False	False	msfragger	directlfq	min	0.6609640474436812
P06611	1102383.5957028551	1298287.1436535935	1248110.5476498958	997789.2925478054	1160911.5871565011	1052669.2730414888	P06611	P06611		btuD	0	0.12968922777005773	0.18422571210868424	False	0.013782912412681356	False	False	Ecoli	False	True	False	False	msfragger	directlfq	min	0.6609640474436812
P0AAN3	14428358.791881168	14300882.094980372	14803440.941795316	14621479.569736758	15301718.104098316	15063194.630932543	P0AAN3	P0AAN3		hypB	0	0.12974940199719037	-0.04738977423983748	False	0.013809779688339604	False	False	Ecoli	False	True	False	False	msfragger	directlfq	min	0.6609640474436812
P61316	25066358.612034943	24975411.919599146	24576920.73114193	25048417.785389323	25511888.340077017	25215798.869161703	P61316	P61316		lolA	0	0.13002491168716596	-0.022205928116680512	False	0.013836646963997851	False	False	Ecoli	False	True	False	False	msfragger	directlfq	min	0.6609640474436812
P37613	11854211.421450105	10872578.777032454	11062192.076670617	10923303.026479969	10494748.053807672	10231079.779050035	P37613	P37613		yhhK	0	0.13025845635306899	0.09438701589101557	False	0.0138635142396561	False	False	Ecoli	False	True	False	False	msfragger	directlfq	min	0.6609640474436812
P0A7J3	1196115380.4522874	1206321707.504758	1216437750.9634535	1215092406.301677	1263836727.6406395	1238754811.999488	P0A7J3	P0A7J3		rplJ	0	0.1304392902633164	-0.038862914579704345	False	0.013890381515314349	False	False	Ecoli	False	True	False	False	msfragger	directlfq	min	0.6609640474436812
P76569	2140886.508427741	2267582.356057484	1929816.8069828367	1832692.527274956	1844908.849861131	1973524.627945222	P76569	P76569		yfgD	0	0.13122703179610018	0.16555432676377926	False	0.013917248790972597	False	False	Ecoli	False	True	False	False	msfragger	directlfq	min	0.6609640474436812
P75797	1435078.6282646626	1467838.703825913	1547583.8138662544	1293398.741341133	1382796.9290862544	1449254.0949287082	P75797	P75797		gsiB	0	0.13202091307532787	0.10941638538646127	False	0.013944116066630844	False	False	Ecoli	False	True	False	False	msfragger	directlfq	min	0.6609640474436812
P0AF67	9489263.341076942	9342010.250533156	8833831.434037097	9766718.861488337	10111111.989285884	9401659.17978359	P0AF67	P0AF67		yjeE	0	0.13236135754607248	-0.08182302527318842	False	0.013970983342289092	False	False	Ecoli	False	True	False	False	msfragger	directlfq	min	0.6609640474436812
P23837	2765002.834556549	3147995.09900811	2973797.1990306345	2671764.800728409	2744687.6190051613	2674512.510479573	P23837	P23837		phoQ	0	0.13318204589712476	0.13535146105071416	False	0.01399785061794734	False	False	Ecoli	False	True	False	False	msfragger	directlfq	min	0.6609640474436812
P0A6L0	84195527.61831094	85793108.0300657	85198192.77142496	90438178.61336364	87686309.82894874	86036209.3629366	P0A6L0	P0A6L0		deoC	0	0.1332626330985298	-0.04986197069655783	False	0.01402471789360559	False	False	Ecoli	False	True	False	False	msfragger	directlfq	min	0.6609640474436812
P0ADA5	38149935.18863908	40237668.48328266	40336681.99693934	40316034.80322731	41301906.2068477	42436132.07552455	P0ADA5	P0ADA5		yajG	0	0.1333591382891914	-0.0633540283001836	False	0.014051585169263837	False	False	Ecoli	False	True	False	False	msfragger	directlfq	min	0.6609640474436812
P06721	1063296.8766853823	1120443.0727286784	1160057.903049752	866283.636204847	971599.0137834832	1079769.200508637	P06721	P06721		metC	0	0.13346539810827127	0.19667988909096853	False	0.014078452444922087	False	False	Ecoli	False	True	False	False	msfragger	directlfq	min	0.6609640474436812
P0A7D1	23289090.35654877	23923963.510587543	24253462.637739908	24116697.574764047	24521438.08624937	25126968.81668463	P0A7D1	P0A7D1		pth	0	0.13352282822551384	-0.04567102374961698	False	0.014105319720580333	False	False	Ecoli	False	True	False	False	msfragger	directlfq	min	0.6609640474436812
P39347	942081.72868625	872012.5625000005	769420.1585179373	1060843.8879058757	960666.81457964	927068.1529454328	P39347	P39347		intB	0	0.13452864410040122	-0.19068482460660433	False	0.014132186996238583	False	False	Ecoli	False	True	False	False	msfragger	directlfq	min	0.6609640474436812
P04079	149656595.00924584	146091967.59602603	145413520.56094965	140832875.38358474	144707655.3513001	145035008.16234183	P04079	P04079		guaA	0	0.13453483599105676	0.03504243807228239	False	0.01415905427189683	False	False	Ecoli	False	True	False	False	msfragger	directlfq	min	0.6609640474436812
Q46948	12509017.504108325	12360023.092107622	12143351.531071724	11777134.640248625	12093266.203912744	11094771.005662324	Q46948	Q46948		yajL	0	0.13479741005546006	0.08208978478392856	False	0.014185921547555078	False	False	Ecoli	False	True	False	False	msfragger	directlfq	min	0.6609640474436812
P31808	9920400.608376095	10653918.292525604	10702106.733606914	9481619.1960639	9947049.574502362	10066006.938076762	P31808	P31808		yciK	0	0.13537994095862682	0.08462109951910855	False	0.014212788823213328	False	False	Ecoli	False	True	False	False	msfragger	directlfq	min	0.6609640474436812
P0AGD1	782133.3866978852	869112.3750000005	844868.1522174616	713906.1811932253	792313.1061242645	787231.896427079	P0AGD1	P0AGD1		sodC	0	0.1357877085561957	0.12216357537186082	False	0.014239656098871574	False	False	Ecoli	False	True	False	False	msfragger	directlfq	min	0.6609640474436812
P21513	88724182.18657418	87952605.51556057	88981610.06289643	85882634.77984072	88120596.99576086	87214189.08044107	P21513	P21513		rne	0	0.13630559874712694	0.024321203872402875	False	0.014266523374529824	False	False	Ecoli	False	True	False	False	msfragger	directlfq	min	0.6609640474436812
P07014	11622686.181894887	11655654.488995668	11306976.08773379	11097399.741322603	11189068.70518312	11446540.283903465	P07014	P07014		sdhB	0	0.1363137295482492	0.035998668150034954	False	0.014293390650188071	False	False	Ecoli	False	True	False	False	msfragger	directlfq	min	0.6609640474436812
P0AC53	110714651.35166392	108218383.4497421	110396702.2958418	109272166.3666819	105052385.60616653	106414406.15270405	P0AC53	P0AC53		zwf	0	0.1363275683564945	0.03813318770776459	False	0.014320257925846321	False	False	Ecoli	False	True	False	False	msfragger	directlfq	min	0.6609640474436812
P31680	2712625.1875888915	2691355.25124443	2351502.651939411	2436294.314941998	2209030.2523885835	2309345.1751771336	P31680	P31680		djlA	0	0.13646667160778644	0.15723464294790812	False	0.014347125201504569	False	False	Ecoli	False	True	False	False	msfragger	directlfq	min	0.6609640474436812
P0ADE8	33448841.877779543	32962517.15057316	33303123.00921472	32099329.00289901	32335389.07960409	33138873.984835982	P0ADE8	P0ADE8		ygfZ	0	0.13758159156404715	0.03131230919630898	False	0.014373992477162815	False	False	Ecoli	False	True	False	False	msfragger	directlfq	min	0.6609640474436812
P0ADY7	231082741.27800468	214734927.12379256	236943576.6266621	252828746.8378316	236812819.7736402	239974342.9076512	P0ADY7	P0ADY7		rplP	0	0.13767285870476612	-0.09575601802440395	False	0.014400859752821064	False	False	Ecoli	False	True	False	False	msfragger	directlfq	min	0.6609640474436812
P0AAQ2	6956387.989709076	7292854.092147439	7123277.524990303	7170276.236992753	7546062.311401395	7605405.181396736	P0AAQ2	P0AAQ2		yajD	0	0.13912802766578233	-0.06269273463182852	False	0.014427727028479312	False	False	Ecoli	False	True	False	False	msfragger	directlfq	min	0.6609640474436812
P0ADP7	2375634.361179044	3077342.200275352	2646561.3339399397	2152573.350187782	2255172.292774857	2246663.037880563	P0ADP7	P0ADP7		yigP	0	0.13913784463178924	0.2835291278375199	False	0.014454594304137562	False	False	Ecoli	False	True	False	False	msfragger	directlfq	min	0.6609640474436812
P62768	33451403.64388876	34957433.16152868	33690006.37354897	33300372.821775068	32108620.03196934	33285470.44150744	P62768	P62768		yaeH	0	0.13920191903164636	0.048925462320801895	False	0.01448146157979581	False	False	Ecoli	False	True	False	False	msfragger	directlfq	min	0.6609640474436812
P27848	7125392.050496184	6908169.324994536	6843850.118690766	7026471.411819518	7360188.706707229	7201523.982713214	P27848	P27848		yigL	0	0.1403464303898269	-0.048299046519985636	False	0.014508328855454057	False	False	Ecoli	False	True	False	False	msfragger	directlfq	min	0.6609640474436812
P04805	119966893.14507762	117272604.6359758	118776142.91626088	118268360.53306744	113907140.76471196	113163226.8255096	P04805	P04805		gltX	0	0.14125250263386824	0.04392848918093257	False	0.014535196131112305	False	False	Ecoli	False	True	False	False	msfragger	directlfq	min	0.6609640474436812
P77718	19535213.03952669	19272602.94856748	18965602.16640163	18777655.37563509	18996140.98166013	18888588.74376024	P77718	P77718		thiI	0	0.1412769262289345	0.02801452336713612	False	0.014562063406770555	False	False	Ecoli	False	True	False	False	msfragger	directlfq	min	0.6609640474436812
P0A8I3	12696703.842288615	12874978.662077224	12426982.712436968	13016666.022902362	12929739.294870758	12958346.166096307	P0A8I3	P0A8I3		yaaA	0	0.141523356294162	-0.03399762230177754	False	0.014588930682428803	False	False	Ecoli	False	True	False	False	msfragger	directlfq	min	0.6609640474436812
P76502	6333835.845382873	7825824.721187338	7248289.540525794	8108632.803623162	7738061.027905149	8467612.29251402	P76502	P76502		sixA	0	0.14182467565796536	-0.1836587620896529	False	0.014615797958087052	False	False	Ecoli	False	True	False	False	msfragger	directlfq	min	0.6609640474436812
P0A9A6	97112646.92551924	96080621.48908064	99367509.29924852	101165175.82065624	98108547.17860122	100726420.32674114	P0A9A6	P0A9A6		ftsZ	0	0.14256076354659264	-0.0362268230624088	False	0.014642665233745298	False	False	Ecoli	False	True	False	False	msfragger	directlfq	min	0.6609640474436812
P0AE14	364432.7452862943	426182.8124999997	391411.6736245295	369752.0566870492	361346.919328514	311095.75185572216	P0AE14	P0AE14		ampE	0	0.14266772188289847	0.1816384107756223	False	0.014669532509403546	False	False	Ecoli	False	True	False	False	msfragger	directlfq	min	0.6609640474436812
P08244	26175363.79816277	27017441.214726545	26035409.521412183	25977642.344057918	25093307.164009698	25883847.49661948	P08244	P08244		pyrF	0	0.14287571158703957	0.04200303013983665	False	0.014696399785061796	False	False	Ecoli	False	True	False	False	msfragger	directlfq	min	0.6609640474436812
P0AFF2	1328241.7867081654	1546336.348718727	1505995.0419881034	1216927.7576791316	1391930.9771104965	1305411.0202933126	P0AFF2	P0AFF2		nupC	0	0.14298878359714998	0.16237646815125154	False	0.014723267060720044	False	False	Ecoli	False	True	False	False	msfragger	directlfq	min	0.6609640474436812
P16703	8950000.859779723	8741182.179289302	9290842.144431042	9088312.659759654	9796623.153487302	9549705.720287632	P16703	P16703		cysM	0	0.14309773713577897	-0.07565098043659571	False	0.014750134336378293	False	False	Ecoli	False	True	False	False	msfragger	directlfq	min	0.6609640474436812
P0A7Y0	42939235.76896427	43303302.15211696	42409741.96916538	43870464.96399322	43404077.236560926	45404156.91071701	P0A7Y0	P0A7Y0		rnc	0	0.14346046379785787	-0.04445974818338969	False	0.01477700161203654	False	False	Ecoli	False	True	False	False	msfragger	directlfq	min	0.6609640474436812
P77721	1541068.2448478786	1621393.7030377283	1536270.7972597936	1871852.3053273256	1815720.9551743928	1589893.7282094085	P77721	P77721		ydjF	0	0.14477480431450757	-0.16757393698119077	False	0.014803868887694789	False	False	Ecoli	False	True	False	False	msfragger	directlfq	min	0.6609640474436812
P0ACP7	14562554.56873997	14412183.799195254	14260488.229284896	14180514.055571835	14238422.034991007	13711365.710677238	P0ACP7	P0ACP7		purR	0	0.14489841575507328	0.037348999820524746	False	0.014830736163353037	False	False	Ecoli	False	True	False	False	msfragger	directlfq	min	0.6609640474436812
P0AGC3	13216109.239322243	13044423.921337895	12996877.623366855	12998448.963632584	12293549.109726757	12597642.025871515	P0AGC3	P0AGC3		slt	0	0.14513796708612603	0.05116158698777997	False	0.014857603439011286	False	False	Ecoli	False	True	False	False	msfragger	directlfq	min	0.6609640474436812
P60752	9540428.404235726	9918691.23116534	10408640.496100985	9507317.29144102	9367163.348755678	9295420.93717221	P60752	P60752		msbA	0	0.14641036948396563	0.08443452679137799	False	0.014884470714669534	False	False	Ecoli	False	True	False	False	msfragger	directlfq	min	0.6609640474436812
P0AF06	1538120.7623371903	1648491.672957543	1473639.4630868412	1670157.2341252302	1663205.6719174215	1678797.1304164648	P0AF06	P0AF06		motB	0	0.14734720464371462	-0.10502454182989465	False	0.01491133799032778	False	False	Ecoli	False	True	False	False	msfragger	directlfq	min	0.6609640474436812
P0AAT4	4374444.24296013	4343024.836774328	4345978.295403314	4321886.49177279	4125437.022470214	4034876.6537671126	P0AAT4	P0AAT4		mscM	0	0.14765119818687977	0.06566341432422296	False	0.01493820526598603	False	False	Ecoli	False	True	False	False	msfragger	directlfq	min	0.6609640474436812
P05793	28237634.995014567	28595690.23999008	28870170.212250344	29561029.0506916	28636286.419685684	29713509.569927137	P05793	P05793		ilvC	0	0.14793751398447127	-0.03668677850941562	False	0.014965072541644277	False	False	Ecoli	False	True	False	False	msfragger	directlfq	min	0.6609640474436812
P0ABI8	5894392.400643303	5611534.870014729	5646838.939700652	5549269.233478226	4979994.799972527	5464651.555507878	P0ABI8	P0ABI8		cyoB	0	0.14837839715276704	0.1009180783031916	False	0.014991939817302527	False	False	Ecoli	False	True	False	False	msfragger	directlfq	min	0.6609640474436812
P32099	5660667.355037283	5688045.093331581	5466431.722070391	6401329.332258367	5739564.931803318	5956713.635087134	P32099	P32099		lplA	0	0.14847496400605195	-0.10603786938365405	False	0.015018807092960775	False	False	Ecoli	False	True	False	False	msfragger	directlfq	min	0.6609640474436812
P0A9F1	4698834.85807239	3878810.221168676	3704174.15186628	3497606.967776894	3390296.279293569	3314953.3663439103	P0A9F1	P0A9F1		mntR	0	0.1486393080233404	0.2675511371667797	False	0.015045674368619023	False	False	Ecoli	False	True	False	False	msfragger	directlfq	min	0.6609640474436812
P0AGE0	98475740.32962345	103344947.05140206	101536440.11478794	104356143.72379304	105273641.18625672	102965683.55241334	P0AGE0	P0AGE0		ssb	0	0.14973671603487415	-0.043279656012625546	False	0.01507254164427727	False	False	Ecoli	False	True	False	False	msfragger	directlfq	min	0.6609640474436812
P69425	7473977.666008773	8050486.285130484	7841758.555409605	7005709.995544816	7535841.017425929	7527165.677582639	P69425	P69425		tatB	0	0.15001814744163078	0.08242178165149018	False	0.01509940891993552	False	False	Ecoli	False	True	False	False	msfragger	directlfq	min	0.6609640474436812
P0ABH0	14518766.162984552	15223450.257365633	14714348.84003968	15285370.200843398	15051653.741272714	15498882.01057868	P0ABH0	P0ABH0		ftsA	0	0.15005672899965614	-0.04408169959797697	False	0.015126276195593768	False	False	Ecoli	False	True	False	False	msfragger	directlfq	min	0.6609640474436812
P0AEQ6	6092711.813062738	6193245.660757793	5250160.978397328	4842568.498825247	5343453.476474338	5398773.8223049	P0AEQ6	P0AEQ6		glnP	0	0.15087024770751842	0.17019019656446363	False	0.015153143471252017	False	False	Ecoli	False	True	False	False	msfragger	directlfq	min	0.6609640474436812
P39385	323076.2862042867	343622.1249999999	347901.4275546502	187819.75575923792	294118.493305255	295339.95403666806	P39385	P39385		yjiN	0	0.15136164900166663	0.3844078713029175	False	0.015180010746910264	False	False	Ecoli	False	True	False	False	msfragger	directlfq	min	0.6609640474436812
P08178	5825809.756606289	5515443.75089002	5678639.598272892	5156015.298667128	5505180.664580846	5537460.763066071	P08178	P08178		purM	0	0.15145541248753816	0.07134779356208254	False	0.015206878022568511	False	False	Ecoli	False	True	False	False	msfragger	directlfq	min	0.6609640474436812
P38521	1502993.8687693186	987542.7763932742	1012275.2818632358	799455.5041730577	799961.6979969786	765257.4777655329	P38521	P38521		yggL	0	0.15164461561300985	0.566871810559489	False	0.015233745298226761	False	False	Ecoli	False	True	False	False	msfragger	directlfq	min	0.6609640474436812
P43533	1604983.9368280342	1426097.8750000002	1321321.4797109717	1387217.7142137145	1178216.9137971096	1225310.7237942454	P43533	P43533		flgN	0	0.15180795780590575	0.19933069732326392	False	0.015260612573885009	False	False	Ecoli	False	True	False	False	msfragger	directlfq	min	0.6609640474436812
P0A996	9453922.352161383	10176501.71477936	10170300.90192036	9312870.523309974	9495557.729392469	9400801.843457466	P0A996	P0A996		glpC	0	0.15203053187544333	0.07918013634622934	False	0.015287479849543258	False	False	Ecoli	False	True	False	False	msfragger	directlfq	min	0.6609640474436812
P23865	48275025.95563071	46190944.37064197	44910368.87490973	44918971.43818178	44541590.74340621	43578825.46094471	P23865	P23865		prc	0	0.1521317934281005	0.06713223399694257	False	0.015314347125201504	False	False	Ecoli	False	True	False	False	msfragger	directlfq	min	0.6609640474436812
P0A9C0	11258104.789261036	11577990.556651823	11949528.995346287	11096935.015357995	10808334.4347084	11442939.852014177	P0A9C0	P0A9C0		glpA	0	0.15256956588073667	0.06088191966410417	False	0.015341214400859754	False	False	Ecoli	False	True	False	False	msfragger	directlfq	min	0.6609640474436812
P04693	10018323.372239308	10002725.492305364	10383689.228905383	10266344.82732847	10563691.242725523	11051620.985798229	P04693	P04693		tyrB	0	0.15262437129442155	-0.06843045345830573	False	0.015368081676518002	False	False	Ecoli	False	True	False	False	msfragger	directlfq	min	0.6609640474436812
P13445	25556100.60670465	24689829.033733968	23830740.8241328	22932047.171793547	23915143.89087362	23951254.82435747	P13445	P13445		rpoS	0	0.1527425882006816	0.06530156329584637	False	0.01539494895217625	False	False	Ecoli	False	True	False	False	msfragger	directlfq	min	0.6609640474436812
P21338	6679375.595787592	7004727.311113029	6692917.300903339	6939983.386923386	7905917.55728652	7341924.465067337	P21338	P21338		rna	0	0.15276441321806608	-0.12282518105016156	False	0.0154218162278345	False	False	Ecoli	False	True	False	False	msfragger	directlfq	min	0.6609640474436812
P26647	2904050.781740151	2804322.796367269	2567517.386078868	2509133.9775715265	2586905.9229119974	2522056.32414436	P26647	P26647		plsC	0	0.15283919775140808	0.11948412686684964	False	0.015448683503492745	False	False	Ecoli	False	True	False	False	msfragger	directlfq	min	0.6609640474436812
P31551	1144345.8978211123	1262996.0000000016	1234935.5906526612	1091968.9111180452	1073648.1776308925	1197795.7831604632	P31551	P31551		caiD	0	0.15304851372116882	0.11491495272410675	False	0.015475550779150995	False	False	Ecoli	False	True	False	False	msfragger	directlfq	min	0.6609640474436812
P0ACK5	676116.213958806	676074.6419180933	701221.7771570075	590569.7957144262	642525.9965487566	461239.6259276648	P0ACK5	P0ACK5		deoR	0	0.1535636510473858	0.2773040606989944	False	0.015502418054809243	False	False	Ecoli	False	True	False	False	msfragger	directlfq	min	0.6609640474436812
P0A6L4	1222977.0931482743	1382421.1695775047	1170097.3598128865	1644239.796077661	1329305.232841235	1417794.894391473	P0A6L4	P0A6L4		nanA	0	0.15416521311771225	-0.21799516991947057	False	0.015529285330467492	False	False	Ecoli	False	True	False	False	msfragger	directlfq	min	0.6609640474436812
P0ADN2	30658690.10961491	34076358.7683763	33483668.08763898	29839126.04127181	29976369.45792991	31637075.64244665	P0ADN2	P0ADN2		yifE	0	0.1543189945271638	0.10297424551529635	False	0.01555615260612574	False	False	Ecoli	False	True	False	False	msfragger	directlfq	min	0.6609640474436812
P63417	24582733.293372028	22737526.2397846	21988600.18499955	24253950.488564767	25395895.226037923	24587076.0184355	P63417	P63417		yhbS	0	0.15461211945519845	-0.09909710655168615	False	0.015583019881783988	False	False	Ecoli	False	True	False	False	msfragger	directlfq	min	0.6609640474436812
P0A823	1670676.6067909985	1753417.046752741	1720126.9251900418	1617744.468624149	1368363.1592501288	1618064.202710008	P0A823	P0A823		sfsA	0	0.1547255674940397	0.16001082846871037	False	0.015609887157442236	False	False	Ecoli	False	True	False	False	msfragger	directlfq	min	0.6609640474436812
P52060	989713.7404198516	928294.08741751	911018.8995088805	1210503.9577763611	1027823.3432800182	1006523.0536427628	P52060	P52060		yggU	0	0.15474923462530424	-0.19784613914413926	False	0.015636754433100485	False	False	Ecoli	False	True	False	False	msfragger	directlfq	min	0.6609640474436812
P25552	8263287.868006438	7376805.906802412	7328544.352452924	7389587.425532863	6797637.282069324	6806027.624391598	P25552	P25552		gppA	0	0.15476132626509456	0.12973962775552617	False	0.01566362170875873	False	False	Ecoli	False	True	False	False	msfragger	directlfq	min	0.6609640474436812
P0A6A0	4960062.092322981	4638711.772778036	4393584.887225187	4591498.969772912	4110761.7957755616	4019604.3710684455	P0A6A0	P0A6A0		ubiB	0	0.15494210334212563	0.13732898650499986	False	0.01569048898441698	False	False	Ecoli	False	True	False	False	msfragger	directlfq	min	0.6609640474436812
P0AEG4	7314798.736745704	7562396.603417098	7541358.339136136	7402838.856119277	7051058.317795264	6728617.438737925	P0AEG4	P0AEG4		dsbA	0	0.15704159678425933	0.08181934216568891	False	0.015717356260075227	False	False	Ecoli	False	True	False	False	msfragger	directlfq	min	0.6609640474436812
P0AFB8	13180422.716437357	13377138.16123599	12912951.206898432	12487125.94753398	13114181.307236562	12620839.234547509	P0AFB8	P0AFB8		glnG	0	0.15713604185202423	0.0463664368274516	False	0.015744223535733477	False	False	Ecoli	False	True	False	False	msfragger	directlfq	min	0.6609640474436812
P00582	47211401.40848466	48399404.02276641	48237601.135317385	47090467.98086951	47552614.95023716	46838094.155856654	P00582	P00582		polA	0	0.1571927852489009	0.023939113133042245	False	0.015771090811391726	False	False	Ecoli	False	True	False	False	msfragger	directlfq	min	0.6609640474436812
P39321	8700472.769881694	8694109.230786927	8561363.906408994	7980919.03292462	7902175.529802181	8611149.48458123	P39321	P39321		tamB	0	0.15738430755051339	0.08362229733369893	False	0.015797958087049976	False	False	Ecoli	False	True	False	False	msfragger	directlfq	min	0.6609640474436812
P0A6N4	113663535.12730873	111060573.31504212	121057997.68702452	108860071.26808172	109530335.5691952	107819489.18715848	P0A6N4	P0A6N4		efp	0	0.1579312458900376	0.08406266407215393	False	0.015824825362708222	False	False	Ecoli	False	True	False	False	msfragger	directlfq	min	0.6609640474436812
P0ACF0	749344910.8759094	817570371.8806809	793705690.415311	764053633.5170633	734436004.2257985	736081946.3212928	P0ACF0	P0ACF0		hupA	0	0.1583784436011926	0.07916815574193962	False	0.01585169263836647	False	False	Ecoli	False	True	False	False	msfragger	directlfq	min	0.6609640474436812
P0ABD5	111392596.63216496	110637257.7214232	110153208.78535528	114450542.8921142	116937910.97210865	111305833.09522475	P0ABD5	P0ABD5		accA	0	0.1591716895853585	-0.04494362379116361	False	0.015878559914024717	False	False	Ecoli	False	True	False	False	msfragger	directlfq	min	0.6609640474436812
P15034	17023747.722492956	16586115.368263155	15909109.504222868	17303246.06772739	17394589.133649703	16861244.61424175	P15034	P15034		pepP	0	0.15926133888053917	-0.05824513363357196	False	0.015905427189682967	False	False	Ecoli	False	True	False	False	msfragger	directlfq	min	0.6609640474436812
P0ABJ1	2129555.0777001106	2163586.2499999995	2118886.661317233	2294712.981976609	2395579.153792805	2161058.750591073	P0ABJ1	P0ABJ1		cyoA	0	0.1593738290485635	-0.09560775047488314	False	0.015932294465341217	False	False	Ecoli	False	True	False	False	msfragger	directlfq	min	0.6609640474436812
P0A8W0	7099287.223814882	7524340.293361527	7167889.3203792265	7212654.68634942	6831672.189256213	6685091.725532402	P0A8W0	P0A8W0		nanR	0	0.16163060992763303	0.07208696763381466	False	0.015959161740999463	False	False	Ecoli	False	True	False	False	msfragger	directlfq	min	0.6609640474436812
P0AC51	6809843.734934934	6870431.07674867	7123128.620774522	6454079.139722405	6907154.098338163	6562171.766712104	P0AC51	P0AC51		zur	0	0.16194004590029537	0.062355340353604856	False	0.015986029016657712	False	False	Ecoli	False	True	False	False	msfragger	directlfq	min	0.6609640474436812
P0A7R5	642906250.9142315	702554599.0400275	686961010.6769929	684490901.9787761	735861506.9864997	747647352.9228723	P0A7R5	P0A7R5		rpsJ	0	0.16209406874127164	-0.09316471135049262	False	0.01601289629231596	False	False	Ecoli	False	True	False	False	msfragger	directlfq	min	0.6609640474436812
P69805	9344707.367676511	7956948.856529705	8316558.631077546	9312418.126966106	9819920.598429391	9077002.582239676	P69805	P69805		manZ	0	0.16248322228352552	-0.1390030307804506	False	0.016039763567974208	False	False	Ecoli	False	True	False	False	msfragger	directlfq	min	0.6609640474436812
P13458	1352250.2002993054	1443050.8260752014	1654197.1787630082	1146224.3655040776	1280718.6918967708	1414527.8921103762	P13458	P13458		sbcC	0	0.16333338818502613	0.21198380088810242	False	0.016066630843632457	False	False	Ecoli	False	True	False	False	msfragger	directlfq	min	0.6609640474436812
P0AFC3	3721037.236272993	3376832.8761093104	4258423.4324007565	3890927.1564803473	4828133.252691809	4585969.916386082	P0AFC3	P0AFC3		nuoA	0	0.1634712205450118	-0.22847975226723288	False	0.016093498119290707	False	False	Ecoli	False	True	False	False	msfragger	directlfq	min	0.6609640474436812
P0AB52	5139732.172066818	4852195.094194147	5166398.591832896	4900779.2482747175	4702197.049466057	4133193.617988301	P0AB52	P0AB52		ychN	0	0.16416497986849177	0.14213063507122817	False	0.016120365394948953	False	False	Ecoli	False	True	False	False	msfragger	directlfq	min	0.6609640474436812
P0ACU7	4400830.4269422	3869714.294848621	3966275.354882252	3724108.4724278864	3689052.986194242	3782008.039213386	P0ACU7	P0ACU7		yjdC	0	0.16423007044119436	0.12835232940146804	False	0.0161472326706072	False	False	Ecoli	False	True	False	False	msfragger	directlfq	min	0.6609640474436812
P21369	4541341.384061645	3755112.924016211	3966212.3207642487	3806670.832604643	3710175.3930489705	3122171.0479587917	P21369	P21369		pncA	0	0.16432484724264415	0.20490784515311158	False	0.01617409994626545	False	False	Ecoli	False	True	False	False	msfragger	directlfq	min	0.6609640474436812
P0ADT5	16121039.142053047	17124435.81323725	16146706.387680298	16612296.077592298	17485954.44186202	18075438.86665325	P0ADT5	P0ADT5		ygiC	0	0.16442610454183657	-0.07903977012392825	False	0.0162009672219237	False	False	Ecoli	False	True	False	False	msfragger	directlfq	min	0.6609640474436812
P0A855	61150893.76280867	61334718.2817434	60902056.63959003	63221790.03735874	64611205.02115008	61434294.48496774	P0A855	P0A855		tolB	0	0.1645044816886512	-0.04552846345283746	False	0.016227834497581948	False	False	Ecoli	False	True	False	False	msfragger	directlfq	min	0.6609640474436812
P0ACY3	10139657.274898993	9233737.505909672	10029703.82630148	8811679.094937757	9628938.946019672	9040072.674562505	P0ACY3	P0ACY3		yeaG	0	0.16456913361571288	0.09754993346380307	False	0.016254701773240194	False	False	Ecoli	False	True	False	False	msfragger	directlfq	min	0.6609640474436812
P21170	43413668.6583266	44349994.99675969	44244089.919765	44089054.3697382	45566895.41395429	45132538.11581191	P21170	P21170		speA	0	0.16461505197207607	-0.030074613317717082	False	0.016281569048898444	False	False	Ecoli	False	True	False	False	msfragger	directlfq	min	0.6609640474436812
P68191	3075211.12305854	2847495.697462447	3102866.1283208504	2848206.127429369	2922503.2641052874	2750247.2502246043	P68191	P68191		sra	0	0.16579441350852028	0.08300310816947534	False	0.01630843632455669	False	False	Ecoli	False	True	False	False	msfragger	directlfq	min	0.6609640474436812
P0A722	22053083.091888774	22267130.39236657	22960470.856279302	23173249.649758745	23158365.25568742	22653662.944289736	P0A722	P0A722		lpxA	0	0.16683268662306538	-0.036096129211860645	False	0.01633530360021494	False	False	Ecoli	False	True	False	False	msfragger	directlfq	min	0.6609640474436812
P75809	2445392.8308098484	2117310.7219632417	1941402.816546842	2072041.2525487929	1770686.66339873	1706938.2657964022	P75809	P75809		ybjI	0	0.16683816470373886	0.2289498572499061	False	0.01636217087587319	False	False	Ecoli	False	True	False	False	msfragger	directlfq	min	0.6609640474436812
P0AA16	33465418.11949228	37220155.06298497	37338756.90267815	38055284.14211587	38120445.402699344	39641790.674545445	P0AA16	P0AA16		ompR	0	0.1670852964812109	-0.1004972285256592	False	0.016389038151531435	False	False	Ecoli	False	True	False	False	msfragger	directlfq	min	0.6609640474436812
P08660	14319571.70812827	13177489.764023954	12590743.804353116	11848236.561120858	11839102.783958614	13083739.295499114	P08660	P08660		lysC	0	0.16942638377065244	0.1245919380243707	False	0.016415905427189684	False	False	Ecoli	False	True	False	False	msfragger	directlfq	min	0.6609640474436812
P00914	977371.2401394875	1026090.208837446	1001261.611051315	999848.0621900464	937549.7034793828	924795.3105535338	P00914	P00914		phrB	0	0.16976920836046713	0.07011103056802005	False	0.01644277270284793	False	False	Ecoli	False	True	False	False	msfragger	directlfq	min	0.6609640474436812
P37440	33478552.150715847	32346503.25548654	31330954.05351977	31761672.77756709	31204663.76896883	30326684.7178324	P37440	P37440		ucpA	0	0.17021757501388574	0.058534069546741514	False	0.01646963997850618	False	False	Ecoli	False	True	False	False	msfragger	directlfq	min	0.6609640474436812
P00350	218393279.47198707	218193349.6877876	223649910.58904645	214388124.26231745	214309499.6369148	219325800.5177707	P00350	P00350		gnd	0	0.1706753776433921	0.02693702059926545	False	0.01649650725416443	False	False	Ecoli	False	True	False	False	msfragger	directlfq	min	0.6609640474436812
P0A9X4	68348046.25662373	68686583.65304513	67768050.41051973	69779324.66539066	68696188.08644581	68649581.13488744	P0A9X4	P0A9X4		mreB	0	0.17173812413610362	-0.016267754912040626	False	0.016523374529822676	False	False	Ecoli	False	True	False	False	msfragger	directlfq	min	0.6609640474436812
P33898	8558333.736122392	8352770.679879316	8251132.755832506	8391707.089411613	9014389.891303226	8923016.250011472	P33898	P33898		gapC	0	0.17248502105041147	-0.0653987341909003	False	0.016550241805480925	False	False	Ecoli	False	True	False	False	msfragger	directlfq	min	0.6609640474436812
P0ABD3	80489070.68047874	80704815.33993514	78521033.70411374	83117213.37353797	80774484.44442032	80935511.21643677	P0ABD3	P0ABD3		bfr	0	0.17269492925300606	-0.030444197485789824	False	0.016577109081139175	False	False	Ecoli	False	True	False	False	msfragger	directlfq	min	0.6609640474436812
P07023	7062202.534550182	7086587.721966433	7373526.649838426	6691692.390281727	6602885.120476417	7167418.974846726	P07023	P07023		tyrA	0	0.1729867761298454	0.07288647800282887	False	0.01660397635679742	False	False	Ecoli	False	True	False	False	msfragger	directlfq	min	0.6609640474436812
P0C0R7	7699737.187919047	8130855.0505148545	7802758.272828234	7791644.526930228	7502502.841129605	7529789.873001733	P0C0R7	P0C0R7		rlmE	0	0.17344100941055382	0.05027649030680256	False	0.01663084363245567	False	False	Ecoli	False	True	False	False	msfragger	directlfq	min	0.6609640474436812
P45531	387728.2095376779	270175.96879999974	369353.4319406743	472368.6205232412	427556.8587097971	365827.6363282735	P45531	P45531		tusC	0	0.17371403487980783	-0.30119801681622677	False	0.016657710908113917	False	False	Ecoli	False	True	False	False	msfragger	directlfq	min	0.6609640474436812
P0A9K7	7072140.747524128	6660595.22665955	6591497.638498102	6594079.272464375	6542571.92665928	6262451.150765203	P0A9K7	P0A9K7		phoU	0	0.1745891417112458	0.06721105563428219	False	0.016684578183772166	False	False	Ecoli	False	True	False	False	msfragger	directlfq	min	0.6609640474436812
P0AGK4	27295664.48758952	28242063.8407964	27100109.2927152	27220220.935042627	26841033.669738125	25722383.195062205	P0AGK4	P0AGK4		yhbY	0	0.1752660017811493	0.05070959801165268	False	0.016711445459430416	False	False	Ecoli	False	True	False	False	msfragger	directlfq	min	0.6609640474436812
P27830	5036648.079643874	5481103.088923979	5143354.34955649	4679438.795478609	5152071.927783261	4884768.031642642	P27830	P27830		rffG	0	0.17540077327069079	0.08977314700096758	False	0.016738312735088662	False	False	Ecoli	False	True	False	False	msfragger	directlfq	min	0.6609640474436812
P76015	10006114.12108506	10492771.217793517	10602332.264513353	10428152.381766235	10920008.333029918	11046503.771694705	P76015	P76015		dhaK	0	0.1764821407127466	-0.058785153260796044	False	0.01676518001074691	False	False	Ecoli	False	True	False	False	msfragger	directlfq	min	0.6609640474436812
P0A715	90305200.28158589	91183269.5057232	89767893.18554866	97988256.7113762	92214072.70523904	92452128.76470938	P0A715	P0A715		kdsA	0	0.17675642371430184	-0.05938247230200818	False	0.016792047286405157	False	False	Ecoli	False	True	False	False	msfragger	directlfq	min	0.6609640474436812
P0ACI6	196853.0592448089	184021.8594	166160.57591042537	257495.2926839585	181806.11535993923	253146.92892831063	P0ACI6	P0ACI6		asnC	0	0.17767541150656807	-0.3400719910934438	False	0.016818914562063407	False	False	Ecoli	False	True	False	False	msfragger	directlfq	min	0.6609640474436812
P25397	9897123.123707118	10828781.425404394	10825411.417883934	12066349.930833276	10577637.44621345	11602771.62099208	P25397	P25397		tehB	0	0.1782999828666252	-0.11826728304634201	False	0.016845781837721657	False	False	Ecoli	False	True	False	False	msfragger	directlfq	min	0.6609640474436812
Q46919	676617.235149128	627548.6875000006	484427.42665311816	551169.159117572	483091.387555357	386440.63051027263	Q46919	Q46919		yqcC	0	0.1792903477178559	0.3322222790631903	False	0.016872649113379906	False	False	Ecoli	False	True	False	False	msfragger	directlfq	min	0.6609640474436812
Q57261	18225246.467753984	19185324.54086488	18173830.027933422	19374123.345891997	19276020.9759966	18867739.093456466	Q57261	Q57261		truD	0	0.1793689294480324	-0.04933051930292143	False	0.016899516389038152	False	False	Ecoli	False	True	False	False	msfragger	directlfq	min	0.6609640474436812
P0AG96	2198215.286708874	1885500.3469184472	2020794.057349848	1988331.595163348	1744014.3458604575	1797161.5489292056	P0AG96	P0AG96		secE	0	0.17963206541443605	0.14272443766206322	False	0.0169263836646964	False	False	Ecoli	False	True	False	False	msfragger	directlfq	min	0.6609640474436812
P39172	8541678.59432456	8534604.822247444	8640742.603359377	9163888.00987706	8575001.21939155	9223480.961059466	P39172	P39172		znuA	0	0.17973422829076202	-0.0682235100694644	False	0.016953250940354648	False	False	Ecoli	False	True	False	False	msfragger	directlfq	min	0.6609640474436812
P0AEN1	32188627.43444572	30732429.98425516	29937627.78860776	29421840.336547747	29767855.737003148	29711457.813595064	P0AEN1	P0AEN1		fre	0	0.1804359119097613	0.06283470927853861	False	0.016980118216012897	False	False	Ecoli	False	True	False	False	msfragger	directlfq	min	0.6609640474436812
P0ACX5	2660774.5950789237	2615284.5	2351554.314977251	2733644.3510606624	2773106.356195132	2694418.140696372	P0ACX5	P0ACX5		ydhZ	0	0.18044631267067168	-0.10459781487305908	False	0.017006985491671147	False	False	Ecoli	False	True	False	False	msfragger	directlfq	min	0.6609640474436812
P0A867	29309870.460392043	30218147.22250584	31616755.262127586	28256479.28927239	29561864.02591519	29344106.96985627	P0A867	P0A867		talA	0	0.18074158470235402	0.06445316798294413	False	0.017033852767329393	False	False	Ecoli	False	True	False	False	msfragger	directlfq	min	0.6609640474436812
P69786	34159559.876794286	34599204.701957166	33927837.15254704	34866459.53602906	34306108.08876583	34796947.24499668	P69786	P69786		ptsG	0	0.18183765647792494	-0.017912619576125634	False	0.017060720042987643	False	False	Ecoli	False	True	False	False	msfragger	directlfq	min	0.6609640474436812
P69910	173472246.66874456	168539069.802503	177066308.57476005	168328481.2734074	169412818.50606686	166831260.9879676	P69910	P69910		gadB	0	0.1821496622744413	0.040888548344179744	False	0.01708758731864589	False	False	Ecoli	False	True	False	False	msfragger	directlfq	min	0.6609640474436812
P30855	827795.0968893034	876891.8468694185	632292.4434915587	940107.8166737378	867530.6512232505	964294.4955713064	P30855	P30855		evgS	0	0.18250158793203602	-0.24624735846410983	False	0.01711445459430414	False	False	Ecoli	False	True	False	False	msfragger	directlfq	min	0.6609640474436812
P0A8G6	43582437.14733065	44228414.22312309	45146747.34615068	44934169.86525112	44960850.03312376	46736999.735316426	P0A8G6	P0A8G6		wrbA	0	0.18263020184792667	-0.039329386354025275	False	0.017141321869962388	False	False	Ecoli	False	True	False	False	msfragger	directlfq	min	0.6609640474436812
P15047	1928015.5622494696	2036419.6107413752	1717458.3029731698	1982188.8837749043	2377314.219522736	2065703.0436569091	P15047	P15047		entA	0	0.18354764200565857	-0.1773709584600973	False	0.017168189145620634	False	False	Ecoli	False	True	False	False	msfragger	directlfq	min	0.6609640474436812
P77279	3332381.47357245	3151865.550791463	3281973.754176941	3236844.455277383	3104728.884431975	3064679.416581838	P77279	P77279		ybbL	0	0.18410478741555253	0.05418029289441511	False	0.017195056421278884	False	False	Ecoli	False	True	False	False	msfragger	directlfq	min	0.6609640474436812
P29012	1832988.191659216	1802852.0368666048	1883195.5226545748	1678293.9416748711	1795512.411567438	1806033.3185948704	P29012	P29012		dadX	0	0.1842731547645242	0.06392210982152491	False	0.017221923696937133	False	False	Ecoli	False	True	False	False	msfragger	directlfq	min	0.6609640474436812
P0AAV4	2411431.788590616	2245092.333745459	2433142.5501280143	2168150.2000931515	2353296.5319213164	2093253.681867823	P0AAV4	P0AAV4		ybgJ	0	0.1843220231119296	0.10004198241323911	False	0.01724879097259538	False	False	Ecoli	False	True	False	False	msfragger	directlfq	min	0.6609640474436812
P0ADT8	15271970.87286171	15902640.338958455	15048316.661406416	16081047.22362609	16344067.873406326	15505929.375461916	P0ADT8	P0ADT8		ygiM	0	0.1849741062690964	-0.05235173175094895	False	0.017275658248253625	False	False	Ecoli	False	True	False	False	msfragger	directlfq	min	0.6609640474436812
P0AFZ3	24429424.60635601	24439642.2906796	23535260.83747019	24332214.80293072	24823679.60795936	25047964.01577913	P0AFZ3	P0AFZ3		sspB	0	0.18527520160519229	-0.03541827324072755	False	0.01730252552391188	False	False	Ecoli	False	True	False	False	msfragger	directlfq	min	0.6609640474436812
P75958	642449.2957587406	596311.9999999999	717288.4679804093	466813.0919214063	549272.572794881	65127.24567499205	P75958	P75958		lolE	1	0.18529208117656415	0.8552924304578419	False	0.017329392799570124	False	True	Ecoli	False	True	False	False	msfragger	directlfq	min	0.6609640474436812
P0A8K5	5460240.857415167	6193856.576925387	6140268.099738714	6290502.236645357	6625017.162845957	6243644.720633753	P0A8K5	P0A8K5		yaeP	0	0.18533585291984467	-0.10661412641774348	False	0.017356260075228374	False	False	Ecoli	False	True	False	False	msfragger	directlfq	min	0.6609640474436812
P0AC86	9982416.428325038	10469233.8533779	10665666.174137402	9817481.76213066	10223964.593421264	9885743.36271853	P0AC86	P0AC86		glgP	0	0.18604882971724793	0.056260837866815974	False	0.01738312735088662	False	False	Ecoli	False	True	False	False	msfragger	directlfq	min	0.6609640474436812
P35340	104509996.90893929	105638125.68807124	108379446.65070751	99511330.81932607	104399794.41359466	104661223.76484856	P35340	P35340		ahpF	0	0.1867524156822688	0.04580945767733425	False	0.017409994626544866	False	False	Ecoli	False	True	False	False	msfragger	directlfq	min	0.6609640474436812
P0AGL7	14164604.654536366	13928520.388547186	14392918.72162899	14180524.421420451	13231402.765093315	13399189.037201509	P0AGL7	P0AGL7		rsmE	0	0.18739645869228036	0.05802683810635141	False	0.01743686190220312	False	False	Ecoli	False	True	False	False	msfragger	directlfq	min	0.6609640474436812
P77285	1175892.0431585123	1314594.4295110188	1331655.088047202	1075213.466623878	1272889.3703762114	1077918.1371718347	P77285	P77285		rnfG	0	0.18778125499534576	0.15784722876557253	False	0.017463729177861365	False	False	Ecoli	False	True	False	False	msfragger	directlfq	min	0.6609640474436812
P14900	14947813.67616138	16352914.308221662	14933815.335551012	15626048.267292006	16808615.606832482	16698158.788695691	P14900	P14900		murD	0	0.18783310072990778	-0.08771598523251353	False	0.017490596453519615	False	False	Ecoli	False	True	False	False	msfragger	directlfq	min	0.6609640474436812
P77529	10218438.858715815	10354343.799589591	10049991.581601242	9751648.254361557	9405827.727202538	10181810.893352944	P77529	P77529		ydjN	0	0.18796442378700925	0.06177118321028199	False	0.01751746372917786	False	False	Ecoli	False	True	False	False	msfragger	directlfq	min	0.6609640474436812
P38506	1241275.4377810566	1243905.631124775	1114363.7653008169	1107961.3654628624	1111550.0902366834	1131177.9802215258	P38506	P38506		ygdG	0	0.18892623162143538	0.10335651374624481	False	0.01754433100483611	False	False	Ecoli	False	True	False	False	msfragger	directlfq	min	0.6609640474436812
P32662	3893640.661961383	4189931.864338134	3734276.1487812703	3602148.922322544	3626934.847442434	3825046.278962969	P32662	P32662		gph	0	0.18929717156186926	0.09638194008890559	False	0.01757119828049436	False	False	Ecoli	False	True	False	False	msfragger	directlfq	min	0.6609640474436812
P25516	16249578.085205631	16198932.25480382	16373212.453713838	14791795.499288386	15886012.739839138	15951237.06764642	P25516	P25516		acnA	0	0.18939920813156488	0.06629431310743655	False	0.017598065556152606	False	False	Ecoli	False	True	False	False	msfragger	directlfq	min	0.6609640474436812
P32703	645482.8600912177	581558.6378433825	773900.0878041369	527700.0562023273	607506.241315882	544301.4590532265	P32703	P32703		yjcE	0	0.18967789722505646	0.2526405922314884	False	0.017624932831810856	False	False	Ecoli	False	True	False	False	msfragger	directlfq	min	0.6609640474436812
P0A8Z7	393231.88436581416	395435.6562000001	412860.86578584585	414520.1912318546	407325.17816214537	414922.3312461014	P0A8Z7	P0A8Z7		yqiA	0	0.19021904487664845	-0.041703790672455804	False	0.017651800107469102	False	False	Ecoli	False	True	False	False	msfragger	directlfq	min	0.6609640474436812
P06149	22964389.898486447	24851253.421417616	24004856.998354807	22912924.472433	22733382.67577341	23015071.386186127	P06149	P06149		dld	0	0.19101607573480195	0.06489688019343601	False	0.01767866738312735	False	False	Ecoli	False	True	False	False	msfragger	directlfq	min	0.6609640474436812
P0AA93	262897.7859992227	302637.9999999997	365932.4144668356	164685.4944785069	254441.74775375225	287316.8535272948	P0AA93	P0AA93		ypdA	0	0.19117769313028116	0.39893111978380746	False	0.0177055346587856	False	False	Ecoli	False	True	False	False	msfragger	directlfq	min	0.6609640474436812
P0ABC7	57620277.12521616	56677822.04678048	59603237.83381087	55257622.67337868	56507677.15034579	57136954.67809629	P0ABC7	P0ABC7		hflK	0	0.19122395193207192	0.04208043924625009	False	0.017732401934443847	False	False	Ecoli	False	True	False	False	msfragger	directlfq	min	0.6609640474436812
P69222	37527721.18502666	35231451.03197182	34988188.80331955	39414283.79169261	37210931.13163422	36636438.67208988	P69222	P69222		infA	0	0.19172031445909138	-0.07200696328370436	False	0.017759269210102097	False	False	Ecoli	False	True	False	False	msfragger	directlfq	min	0.6609640474436812
P24183	52010963.46582458	49239988.04902378	50071842.77978395	49150700.27453369	48643431.75914116	48806552.53222784	P24183	P24183		fdnG	0	0.19193413013570806	0.04573748195682726	False	0.017786136485760346	False	False	Ecoli	False	True	False	False	msfragger	directlfq	min	0.6609640474436812
P10100	7885035.118510314	7416038.125660203	7188855.151862382	7805533.776912818	8160544.350719446	7716151.346365276	P10100	P10100		rlpA	0	0.1919506980072873	-0.07452583659649178	False	0.017813003761418592	False	False	Ecoli	False	True	False	False	msfragger	directlfq	min	0.6609640474436812
P0A7K6	272831977.20195216	280091494.3521978	276993673.5915171	270516604.64786714	272318013.95613706	274987724.3221187	P0A7K6	P0A7K6		rplS	0	0.19228841908837024	0.02117983419102436	False	0.017839871037076842	False	False	Ecoli	False	True	False	False	msfragger	directlfq	min	0.6609640474436812
P0A8K1	8781561.358924918	9715967.986748409	9901275.868607037	9742668.49383545	10054245.743161688	10788126.779243538	P0A8K1	P0A8K1		psd	0	0.19290752520299154	-0.10699597642253879	False	0.017866738312735088	False	False	Ecoli	False	True	False	False	msfragger	directlfq	min	0.6609640474436812
P0AAI9	26776507.195624694	26740394.459696665	27510246.144898355	26454147.82963228	26670816.24484268	25064587.872768626	P0AAI9	P0AAI9		fabD	0	0.1930825439739779	0.05142951704110133	False	0.01789360558839334	False	False	Ecoli	False	True	False	False	msfragger	directlfq	min	0.6609640474436812
P0ABA4	93811529.68058908	100958142.95848136	98489141.10058697	99953328.1905274	101466716.53224076	103643895.36509988	P0ABA4	P0ABA4		atpH	0	0.19378363884688238	-0.05693718868831748	False	0.017920472864051587	False	False	Ecoli	False	True	False	False	msfragger	directlfq	min	0.6609640474436812
P42641	24513400.742085025	23421457.61162931	23289964.23307719	23239857.668382805	23274369.20953916	22447709.320723496	P42641	P42641		obgE	0	0.19408033927080665	0.046579842369174194	False	0.017947340139709833	False	False	Ecoli	False	True	False	False	msfragger	directlfq	min	0.6609640474436812
P0A6W9	21883155.45449189	22270245.53855481	21819556.72149237	22671018.54081681	21997017.98187809	22475838.430053096	P0A6W9	P0A6W9		gshA	0	0.19408974969359108	-0.025381013488063993	False	0.017974207415368083	False	False	Ecoli	False	True	False	False	msfragger	directlfq	min	0.6609640474436812
P52119	10688132.787895592	11421253.68701555	11046559.449888986	10615588.29530815	10702208.73440045	10623577.899333883	P52119	P52119		ratB	0	0.1941055199595537	0.05384119958292256	False	0.01800107469102633	False	False	Ecoli	False	True	False	False	msfragger	directlfq	min	0.6609640474436812
P23367	1822043.1216521363	1815618.3821075188	2429270.424626904	1748969.177900442	1492868.4302444193	1683938.686076651	P23367	P23367		mutL	0	0.19419798942506653	0.3006160154250948	False	0.018027941966684582	False	False	Ecoli	False	True	False	False	msfragger	directlfq	min	0.6609640474436812
P0AA39	8586123.147607906	9166990.610432852	8127535.880109033	7763306.49750749	8386793.074593152	8016826.3409065055	P0AA39	P0AA39		rluC	0	0.19434154406970092	0.09883986057669432	False	0.018054809242342828	False	False	Ecoli	False	True	False	False	msfragger	directlfq	min	0.6609640474436812
P0A7G2	49656790.48867829	51380279.449466005	48735327.36331622	49966685.91167827	52611591.32609433	52867152.40524434	P0A7G2	P0A7G2		rbfA	0	0.19489770539324855	-0.05363643663142953	False	0.018081676518001074	False	False	Ecoli	False	True	False	False	msfragger	directlfq	min	0.6609640474436812
P0A9L8	2787888.2953681448	3141560.7367701693	3329295.965982669	3053207.15376307	3872892.6356709166	3994080.657919172	P0A9L8	P0A9L8		proC	0	0.19535934780867736	-0.23810813803963599	False	0.018108543793659324	False	False	Ecoli	False	True	False	False	msfragger	directlfq	min	0.6609640474436812
P0AD59	5994090.84341204	4785596.618292176	4424817.754638521	6370303.263753156	5567279.351793616	5919256.290425013	P0AD59	P0AD59		ivy	0	0.195770355535385	-0.2319778419338843	False	0.01813541106931757	False	False	Ecoli	False	True	False	False	msfragger	directlfq	min	0.6609640474436812
P26646	21676949.948547896	20566432.81423507	21636542.738295592	22282302.264345963	22607937.895244498	21387226.703559376	P26646	P26646		acuI	0	0.19578160960332472	-0.0531558333153853	False	0.018162278344975823	False	False	Ecoli	False	True	False	False	msfragger	directlfq	min	0.6609640474436812
P11875	69569921.17985903	69509098.23893906	72849580.4071394	67004558.73130944	68698962.05461322	69757397.7341173	P11875	P11875		argS	0	0.19582389510609716	0.044714293309690845	False	0.01818914562063407	False	False	Ecoli	False	True	False	False	msfragger	directlfq	min	0.6609640474436812
P76576	20747030.651737943	20708924.77419409	19821188.075125206	20364033.39275282	18884172.092603933	19546679.227930594	P76576	P76576		yfgM	0	0.19732041856278637	0.059658403252807954	False	0.018216012896292315	False	False	Ecoli	False	True	False	False	msfragger	directlfq	min	0.6609640474436812
P0A6T9	5400891.655792384	5028355.111759163	5484167.746916729	5030050.582937491	5095855.030583689	5001213.547378918	P0A6T9	P0A6T9		gcvH	0	0.19865509605774334	0.07310616156357505	False	0.018242880171950564	False	False	Ecoli	False	True	False	False	msfragger	directlfq	min	0.6609640474436812
P0A8J2	1610905.918591139	1401754.7650947906	1405588.1729567926	1883118.982035861	1572136.2857865794	1562594.344437264	P0A8J2	P0A8J2		dnaT	0	0.19874778904621446	-0.18359455264302652	False	0.018269747447608814	False	False	Ecoli	False	True	False	False	msfragger	directlfq	min	0.6609640474436812
P0ABV2	5702727.1954139685	5758507.983509337	5239475.449139696	5147974.259396859	5399063.693939819	5244984.34441257	P0ABV2	P0ABV2		exbD	0	0.19889036949365796	0.08071355984713284	False	0.018296614723267064	False	False	Ecoli	False	True	False	False	msfragger	directlfq	min	0.6609640474436812
P68066	1625859485.8766484	1665422492.1587632	1653085676.42855	1630213177.4204798	1638143431.0488963	1603112843.6908364	P68066	P68066		grcA	0	0.19912631794399943	0.021429004454051128	False	0.01832348199892531	False	False	Ecoli	False	True	False	False	msfragger	directlfq	min	0.6609640474436812
P06968	17642381.739602398	18353925.94303975	19243101.4536077	18802664.32041385	19257971.146178026	19775573.294812776	P06968	P06968		dut	0	0.20012699935391207	-0.06627509684410954	False	0.018350349274583556	False	False	Ecoli	False	True	False	False	msfragger	directlfq	min	0.6609640474436812
P0A935	14623950.968523225	14973224.061905568	14261960.213645538	13835851.561305154	13903341.42518382	14620644.0030074	P0A935	P0A935		mltA	0	0.20098873587888377	0.0501803296405863	False	0.018377216550241805	False	False	Ecoli	False	True	False	False	msfragger	directlfq	min	0.6609640474436812
P0A7G6	53399844.33796072	51300385.93047179	51512090.507078566	55981110.86329848	53273561.01393371	52691742.65308658	P0A7G6	P0A7G6		recA	0	0.20124151908547389	-0.05200828124546989	False	0.018404083825900055	False	False	Ecoli	False	True	False	False	msfragger	directlfq	min	0.6609640474436812
P04825	68257016.25315931	67008734.77483703	68266428.52208006	67306180.45442975	66783603.20804267	67159336.95513299	P04825	P04825		pepN	0	0.2023614292752313	0.016274431286401828	False	0.018430951101558304	False	False	Ecoli	False	True	False	False	msfragger	directlfq	min	0.6609640474436812
P0AFL3	16151444.003603872	15259500.562819095	15725529.770075032	15617782.599994592	14987676.88738182	15009441.065797465	P0AFL3	P0AFL3		ppiA	0	0.20256056955328702	0.04733868164816064	False	0.01845781837721655	False	False	Ecoli	False	True	False	False	msfragger	directlfq	min	0.6609640474436812
P24178	6764851.153828916	7010248.29916206	6194556.585623734	7125376.793844526	6924849.179062118	7237541.658743023	P24178	P24178		yffB	0	0.20293501332468078	-0.09221518397886565	False	0.018484685652874797	False	False	Ecoli	False	True	False	False	msfragger	directlfq	min	0.6609640474436812
P0ACA7	10461666.243462248	9914141.607472094	9795393.463981053	9935744.654786984	9510229.177893665	9573985.425756965	P0ACA7	P0ACA7		gstB	0	0.2030302279583048	0.05612664686753534	False	0.01851155292853305	False	False	Ecoli	False	True	False	False	msfragger	directlfq	min	0.6609640474436812
Q46851	1103873.2199186373	1209918.6250000014	1283964.9541485508	1068119.566412466	1063971.5195455414	1171052.2584295145	Q46851	Q46851		gpr	0	0.20360810579867675	0.12325808798793642	False	0.018538420204191296	False	False	Ecoli	False	True	False	False	msfragger	directlfq	min	0.6609640474436812
P0ADS9	7178343.595891194	7263921.899399934	7666855.866607334	6483876.1711625885	6894502.756043779	7348206.843456549	P0ADS9	P0ADS9		yggN	0	0.20419653270827098	0.09315920706139691	False	0.018565287479849545	False	False	Ecoli	False	True	False	False	msfragger	directlfq	min	0.6609640474436812
P0AC33	9672268.585706374	9754532.639144126	9655925.461600509	9677489.440991849	9493925.706443029	9272841.880326413	P0AC33	P0AC33		fumA	0	0.20518030485413605	0.03202513931671069	False	0.01859215475550779	False	False	Ecoli	False	True	False	False	msfragger	directlfq	min	0.6609640474436812
Q46835	1232424.611070616	1243933.2844434397	1368979.760906776	1177711.4625611843	1208427.9812125142	1221446.1562808033	Q46835	Q46835		yghG	0	0.20542248055752202	0.09207665869991669	False	0.018619022031166037	False	False	Ecoli	False	True	False	False	msfragger	directlfq	min	0.6609640474436812
P76149	55924.14641241899	649554.3124999997	54369.24139359069	674821.9074009912	613665.718626743	561895.2608881801	P76149	P76149		sad	2	0.20543093223203931	-1.2840416417402625	False	0.01864588930682429	False	True	Ecoli	False	True	False	False	msfragger	directlfq	min	0.6609640474436812
P0ADE6	1681344.047826584	1686319.293774702	1725783.83103829	1954239.6961288685	1859367.4769395816	1695285.697624947	P0ADE6	P0ADE6		ygaU	0	0.20545673628980823	-0.11312002529376101	False	0.018672756582482537	False	False	Ecoli	False	True	False	False	msfragger	directlfq	min	0.6609640474436812
P40710	6225377.6964225415	6267839.123531219	6197913.504243336	6320808.919686085	6306658.48985189	6615636.618908446	P40710	P40710		nlpE	0	0.20565190666972616	-0.04198771625581384	False	0.018699623858140786	False	False	Ecoli	False	True	False	False	msfragger	directlfq	min	0.6609640474436812
P31678	55924.14641241899	34510.746090000015	759940.3436753033	710503.0993011787	745963.5144730689	714945.5656168377	P31678	P31678		otsB	2	0.2056740902687491	-1.352462115808974	False	0.018726491133799032	False	True	Ecoli	False	True	False	False	msfragger	directlfq	min	0.6609640474436812
P0AAT2	623833.3525688285	702548.875	608813.8187339387	698144.1649891072	728095.0701505331	668761.8805358489	P0AAT2	P0AAT2		ybdF	0	0.2058033061686295	-0.11447128528097636	False	0.018753358409457282	False	False	Ecoli	False	True	False	False	msfragger	directlfq	min	0.6609640474436812
P77150	8021316.465921836	8564474.525204802	8422024.684385808	7954404.696048425	7637692.32406135	8287568.013158761	P77150	P77150		pdxY	0	0.20583673340030426	0.06659645019445987	False	0.01878022568511553	False	False	Ecoli	False	True	False	False	msfragger	directlfq	min	0.6609640474436812
P16869	141260.67456755068	50469.57812000002	54369.24139359069	168982.06599584236	131711.3386836685	108211.58628712525	P16869	P16869		fhuE	0	0.20659490789103058	-0.7325239800770968	False	0.018807092960773777	False	True	Ecoli	False	True	False	False	msfragger	directlfq	min	0.6609640474436812
P07003	9486276.11093644	9511696.288877146	9742329.148643838	9021115.771848029	9613947.326072069	9113021.99628666	P07003	P07003		poxB	0	0.20717226971815464	0.05068698492240504	False	0.018833960236432027	False	False	Ecoli	False	True	False	False	msfragger	directlfq	min	0.6609640474436812
P76558	21343328.49048333	21981669.704809777	21515229.56223324	21210218.97739177	21300171.40439665	19905991.109273773	P76558	P76558		maeB	0	0.20735835903711403	0.05496443716564191	False	0.018860827512090273	False	False	Ecoli	False	True	False	False	msfragger	directlfq	min	0.6609640474436812
P0ADV7	39243545.10950918	41938232.66965523	42166928.8081387	42531958.99395064	42503267.24785033	43363357.18309684	P0ADV7	P0ADV7		mlaC	0	0.20867110897338065	-0.05788669794315953	False	0.018887694787748523	False	False	Ecoli	False	True	False	False	msfragger	directlfq	min	0.6609640474436812
P23003	10381875.411108108	10375048.265113177	10827842.544892805	10331859.923319465	10384651.608981984	9988567.11465942	P23003	P23003		trmA	0	0.2086715745663554	0.04075159559887231	False	0.018914562063406772	False	False	Ecoli	False	True	False	False	msfragger	directlfq	min	0.6609640474436812
P0AFF6	151459765.12241182	148602056.44817224	153877758.99794728	155900438.25289616	153520611.89223915	152852002.92114186	P0AFF6	P0AFF6		nusA	0	0.20909764829012878	-0.026244979741862816	False	0.01894142933906502	False	False	Ecoli	False	True	False	False	msfragger	directlfq	min	0.6609640474436812
P23721	69831506.52379419	67218706.22083361	66569622.96472105	69337722.92559819	70975855.25170141	68809737.5854812	P23721	P23721		serC	0	0.20951917524187308	-0.03847581214874239	False	0.018968296614723268	False	False	Ecoli	False	True	False	False	msfragger	directlfq	min	0.6609640474436812
P77247	6311962.041343756	6582971.707482113	6002490.629478392	5912900.750755448	6036477.273928161	6045931.124280309	P77247	P77247		yniC	0	0.2098218988075748	0.07056872879641675	False	0.018995163890381517	False	False	Ecoli	False	True	False	False	msfragger	directlfq	min	0.6609640474436812
P0ADA7	2972916.120544447	2877772.6058201604	3185442.9120983714	3290540.329829003	3110697.5856841723	3132573.08879905	P0ADA7	P0ADA7		osmB	0	0.2099319747685196	-0.07734773801424971	False	0.019022031166039764	False	False	Ecoli	False	True	False	False	msfragger	directlfq	min	0.6609640474436812
P0A940	155339897.93027058	154221498.92779166	156739889.92765555	155120643.06556767	159750827.15987068	161133210.17343074	P0A940	P0A940		bamA	0	0.20997696767889654	-0.029713348268270167	False	0.019048898441698013	False	False	Ecoli	False	True	False	False	msfragger	directlfq	min	0.6609640474436812
P0A817	44475412.20293079	45225125.60291824	45716800.03137694	43970076.26556283	44833362.38536879	41793395.57593166	P0A817	P0A817		metK	0	0.21042767720295513	0.05229253756075153	False	0.01907576571735626	False	False	Ecoli	False	True	False	False	msfragger	directlfq	min	0.6609640474436812
P05100	1769443.1047536538	1695752.375	1840619.515054508	1746056.569456551	2043296.7261344905	2056446.367339845	P05100	P05100		tag	0	0.2105404432656847	-0.1398260164585797	False	0.019102632993014512	False	False	Ecoli	False	True	False	False	msfragger	directlfq	min	0.6609640474436812
P76104	4523776.694199169	4511406.11274859	4153236.805649271	4051477.077978593	4241491.894526011	4244022.115732437	P76104	P76104		ydcP	0	0.21098685087614463	0.07308055574006174	False	0.01912950026867276	False	False	Ecoli	False	True	False	False	msfragger	directlfq	min	0.6609640474436812
P0A8F8	3918999.8931735503	3785892.35764268	3524816.197541882	3695130.652539401	3312144.93461612	3507852.6488893298	P0A8F8	P0A8F8		uvrB	0	0.21114599711967477	0.09485402781203482	False	0.019156367544331004	False	False	Ecoli	False	True	False	False	msfragger	directlfq	min	0.6609640474436812
P09147	28341806.872769613	28676827.370366395	28457086.648614105	28502987.43626924	29257024.87796512	28873012.25650798	P09147	P09147		galE	0	0.21167849546822132	-0.01940240095579653	False	0.019183234819989254	False	False	Ecoli	False	True	False	False	msfragger	directlfq	min	0.6609640474436812
P29745	27718217.70024639	28563596.52887575	28331197.007039797	25025482.05934881	25947931.4783781	28347293.22830999	P29745	P29745		pepT	0	0.21182329155095256	0.09318199624958212	False	0.0192101020956475	False	False	Ecoli	False	True	False	False	msfragger	directlfq	min	0.6609640474436812
P64612	2329522.127942748	2049980.8381405012	2006531.9141321997	1964072.4405214333	1875287.3202073772	2010384.5754257543	P64612	P64612		yhcM	0	0.2123356832756529	0.12654685996306536	False	0.019236969371305753	False	False	Ecoli	False	True	False	False	msfragger	directlfq	min	0.6609640474436812
P64493	510959.4090010674	388198.5311999996	407825.4606756985	379453.1417375092	382606.6808837848	342911.8311181585	P64493	P64493		yoaF	0	0.21244040893846985	0.24223145845994717	False	0.019263836646964	False	False	Ecoli	False	True	False	False	msfragger	directlfq	min	0.6609640474436812
P0A881	3972307.7643203298	3945640.040047416	3978589.948994898	3959694.057500581	4363565.808369514	4209656.952567078	P0A881	P0A881		trpR	0	0.21251272726830442	-0.07518044850554512	False	0.019290703922622245	False	False	Ecoli	False	True	False	False	msfragger	directlfq	min	0.6609640474436812
P21507	23358242.92806227	24996057.756205183	24077582.27318008	23269365.66334238	23230206.25884564	23374195.587563857	P21507	P21507		srmB	0	0.21300547957028249	0.05187394969821921	False	0.019317571198280495	False	False	Ecoli	False	True	False	False	msfragger	directlfq	min	0.6609640474436812
P23836	68581411.85620202	66921977.30434525	66862473.89852851	65509644.53554425	66872388.83058537	66777286.551704586	P23836	P23836		phoP	0	0.213022956672756	0.023042949384720006	False	0.01934443847393874	False	False	Ecoli	False	True	False	False	msfragger	directlfq	min	0.6609640474436812
P0ABE2	5874518.595248846	6639150.310902735	7160307.190981114	7426393.1957293395	7023402.770967131	7203317.836908847	P0ABE2	P0ABE2		bolA	0	0.21316357141094153	-0.13828595037112223	False	0.019371305749596994	False	False	Ecoli	False	True	False	False	msfragger	directlfq	min	0.6609640474436812
P07762	15533250.562666245	15350414.70172478	14757583.56174717	14733694.970877863	15108601.12565616	14045618.204014264	P07762	P07762		glgB	0	0.21317105950195078	0.05651455671466317	False	0.01939817302525524	False	False	Ecoli	False	True	False	False	msfragger	directlfq	min	0.6609640474436812
P0AF96	3192420.332231332	2836507.2500000014	3001543.8053060197	2995783.865870449	2694358.8555066776	2712667.974212122	P0AF96	P0AF96		tabA	0	0.2141878968060954	0.10392931540825917	False	0.019425040300913486	False	False	Ecoli	False	True	False	False	msfragger	directlfq	min	0.6609640474436812
P77736	385283.9993556042	332322.5000000002	451853.027435424	464807.9036512477	450828.6888826615	437620.1651393577	P77736	P77736		yahD	0	0.21437381114203835	-0.2105936592848384	False	0.019451907576571736	False	False	Ecoli	False	True	False	False	msfragger	directlfq	min	0.6609640474436812
P13039	1426782.780574138	1545524.9999999993	1346532.1487440637	1256227.8473138113	1286887.4030574886	1428460.4517161264	P13039	P13039		fes	0	0.21462078425584222	0.120932343695123	False	0.019478774852229985	False	False	Ecoli	False	True	False	False	msfragger	directlfq	min	0.6609640474436812
P0AFD6	25288938.415149026	23947396.18597284	26567270.06653744	27245808.36261072	26074071.236540977	26467180.46218889	P0AFD6	P0AFD6		nuoI	0	0.21494415801844557	-0.0738883337102795	False	0.019505642127888235	False	False	Ecoli	False	True	False	False	msfragger	directlfq	min	0.6609640474436812
P0A8R0	51536034.02336511	54264501.50626903	52819991.60099066	52786643.168957226	55503289.34993753	57008464.40802676	P0A8R0	P0A8R0		rraA	0	0.21559535949658384	-0.05949325063397595	False	0.01953250940354648	False	False	Ecoli	False	True	False	False	msfragger	directlfq	min	0.6609640474436812
P37773	32782109.37941656	32233408.755837545	32001782.7630724	31806679.249092583	32066188.799407523	31928973.968974497	P37773	P37773		mpl	0	0.21585357816355738	0.018188647660318556	False	0.019559376679204727	False	False	Ecoli	False	True	False	False	msfragger	directlfq	min	0.6609640474436812
P0A7A9	215780070.2481669	213253248.1276077	209327508.37859264	202196402.74433905	203752646.95253915	213603714.64828548	P0A7A9	P0A7A9		ppa	0	0.21726056558184312	0.043144967734287054	False	0.01958624395486298	False	False	Ecoli	False	True	False	False	msfragger	directlfq	min	0.6609640474436812
P07913	14838772.668577062	15542203.947135927	15571733.777562512	15304772.154080875	14673785.052007988	14371093.843877677	P07913	P07913		tdh	0	0.21805742810737347	0.05122720417341872	False	0.019613111230521226	False	False	Ecoli	False	True	False	False	msfragger	directlfq	min	0.6609640474436812
P0ADV1	6396837.70817347	6704083.327384264	7138651.569850385	6033853.153632524	6542192.650654886	6473770.062461259	P0ADV1	P0ADV1		lptA	0	0.21850298535414803	0.08740177241326468	False	0.019639978506179476	False	False	Ecoli	False	True	False	False	msfragger	directlfq	min	0.6609640474436812
P08395	11145005.36131859	10757690.748121774	12104439.258728886	10828733.954176594	10642650.205033788	10447701.660957284	P08395	P08395		sppA	0	0.21911886690289933	0.09141815142912388	False	0.019666845781837722	False	False	Ecoli	False	True	False	False	msfragger	directlfq	min	0.6609640474436812
P0A784	13526093.87723717	13551993.399418006	13500510.39670108	13748626.964390002	13524360.217276704	13942769.036397118	P0A784	P0A784		orn	0	0.2196366823643817	-0.02247695648024623	False	0.019693713057495968	False	False	Ecoli	False	True	False	False	msfragger	directlfq	min	0.6609640474436812
P0ACB7	17099300.820176736	17607249.195208013	16888111.73349024	17287437.647534396	17690084.14572643	18490839.47511471	P0ACB7	P0ACB7		hemY	0	0.21996514266440995	-0.05146365613481524	False	0.01972058033315422	False	False	Ecoli	False	True	False	False	msfragger	directlfq	min	0.6609640474436812
P08997	903718.2138667392	1066568.6249999995	966021.9496574271	916153.8133750572	857988.724844256	916403.4172448902	P08997	P08997		aceB	0	0.21997485408795106	0.12610474432296503	False	0.019747447608812467	False	False	Ecoli	False	True	False	False	msfragger	directlfq	min	0.6609640474436812
P14375	321207.94136816746	324870.3438000002	394092.4017192506	347858.03214189387	422914.69517581374	502537.74009493337	P14375	P14375		zraR	0	0.22059034181509912	-0.2917639431246815	False	0.019774314884470717	False	False	Ecoli	False	True	False	False	msfragger	directlfq	min	0.6609640474436812
P24205	3764685.7956785695	3462933.304915381	4058678.983160868	3535498.073073928	3425979.5487011783	3427642.307513883	P24205	P24205		msbB	0	0.22070073112780197	0.11949891082752123	False	0.019801182160128963	False	False	Ecoli	False	True	False	False	msfragger	directlfq	min	0.6609640474436812
P75782	1762831.7212733822	1840041.527753781	1958172.0532084256	1825727.641493169	1677418.4030463656	1744075.015565193	P75782	P75782		rlmF	0	0.22070237850800964	0.08380251935209616	False	0.01982804943578721	False	False	Ecoli	False	True	False	False	msfragger	directlfq	min	0.6609640474436812
P0A951	6665105.726173988	8176574.979431496	7004912.970872363	7874273.771905006	9525683.64943359	7699149.506220117	P0A951	P0A951		speG	0	0.22074413340192364	-0.20022767926727303	False	0.019854916711445462	False	False	Ecoli	False	True	False	False	msfragger	directlfq	min	0.6609640474436812
P77330	61472142.33517975	61468981.690511584	64355141.98875514	62398211.40581603	65853335.13147967	69222527.78359425	P77330	P77330		borD	0	0.22247474269946244	-0.07634112141054775	False	0.019881783987103708	False	False	Ecoli	False	True	False	False	msfragger	directlfq	min	0.6609640474436812
P75915	30809195.03745629	31318519.33038405	30580219.924262024	32136634.62644238	30838671.218361463	33101205.41489903	P75915	P75915		ycdY	0	0.2229508796689128	-0.05149094932435762	False	0.019908651262761957	False	False	Ecoli	False	True	False	False	msfragger	directlfq	min	0.6609640474436812
P77348	11297101.562671209	10461375.72557744	10222031.246054431	9759602.090978066	10560307.928405702	9861313.811437633	P77348	P77348		mppA	0	0.22330378352944702	0.08354157236299407	False	0.019935518538420204	False	False	Ecoli	False	True	False	False	msfragger	directlfq	min	0.6609640474436812
P75818	16999045.222390413	17965403.88462978	17536204.369629417	17536188.36861716	18423257.90444458	18210006.90474004	P75818	P75818		ybjP	0	0.22391503375191293	-0.045144147223317485	False	0.019962385814078453	False	False	Ecoli	False	True	False	False	msfragger	directlfq	min	0.6609640474436812
P0AG24	8832418.595254082	9206115.952609891	8892643.163805075	9013835.412511092	8519243.143699309	8496735.29063683	P0AG24	P0AG24		spoT	0	0.2248395105217699	0.0491123265835532	False	0.019989253089736703	False	False	Ecoli	False	True	False	False	msfragger	directlfq	min	0.6609640474436812
P0A927	34856825.591423355	33300025.06634024	32144290.02057994	32127329.759995166	31896932.839391973	32220067.91315141	P0A927	P0A927		tsx	0	0.22613716037100895	0.05956455001107013	False	0.02001612036539495	False	False	Ecoli	False	True	False	False	msfragger	directlfq	min	0.6609640474436812
P75777	7686844.383577919	8099859.758149324	7924765.025807022	7657361.977746356	7595985.950356494	7835555.313146983	P75777	P75777		ybhG	0	0.22637382775404224	0.038385410787133	False	0.0200429876410532	False	False	Ecoli	False	True	False	False	msfragger	directlfq	min	0.6609640474436812
P0AB67	3965740.0583433984	3691120.920221117	3214135.167434935	4128701.594677216	3961050.632866832	3891993.409197326	P0AB67	P0AB67		pntB	0	0.22837021502344493	-0.14035396620364404	False	0.020069854916711448	False	False	Ecoli	False	True	False	False	msfragger	directlfq	min	0.6609640474436812
P0AA43	14991955.960685767	14955088.828013094	14527703.085499506	15296382.93417158	14818502.056486549	15282003.597425576	P0AA43	P0AA43		rsuA	0	0.22870737248608902	-0.02960699454537726	False	0.020096722192369694	False	False	Ecoli	False	True	False	False	msfragger	directlfq	min	0.6609640474436812
P39829	539380.5122758202	503578.3438000004	500381.0412157873	636130.5554019653	524059.8555642668	552769.4218253026	P39829	P39829		garD	0	0.22877779965968092	-0.15043549336690296	False	0.020123589468027944	False	False	Ecoli	False	True	False	False	msfragger	directlfq	min	0.6609640474436812
P55135	2429628.503376193	2164911.529531281	2316473.1822398137	2312175.1962649613	1951580.6067961575	2083880.6332326	P55135	P55135		rlmD	0	0.22929593904110207	0.12267773832745787	False	0.02015045674368619	False	False	Ecoli	False	True	False	False	msfragger	directlfq	min	0.6609640474436812
P10371	5219638.068214743	4259251.791835254	4292067.122682951	5499638.193575097	5038858.466041439	4858904.656859562	P10371	P10371		hisA	0	0.2293263477786996	-0.16105806190317032	False	0.02017732401934444	False	False	Ecoli	False	True	False	False	msfragger	directlfq	min	0.6609640474436812
P76578	4251662.009277529	5322856.985077009	4552516.503454246	5670334.63208541	5247246.645280436	4898530.922350741	P76578	P76578		yfhM	0	0.22959707142136093	-0.162936257096442	False	0.02020419129500269	False	False	Ecoli	False	True	False	False	msfragger	directlfq	min	0.6609640474436812
P0AFZ1	7747085.54479252	8133782.12256562	8136507.672248224	7834440.067430316	7727224.687126865	7804203.729784648	P0AFZ1	P0AFZ1		sseB	0	0.2311641637299197	0.03967583781267553	False	0.020231058570660935	False	False	Ecoli	False	True	False	False	msfragger	directlfq	min	0.6609640474436812
P30750	3379028.4680228448	3629731.9317715256	3457440.4601570065	3478208.766627659	3223563.504727494	3322671.4429449146	P30750	P30750		metN	0	0.23255105094386302	0.06221567198325727	False	0.020257925846319184	False	False	Ecoli	False	True	False	False	msfragger	directlfq	min	0.6609640474436812
P0AE22	3958637.230337644	3959485.640498579	3759512.323836895	3955090.689881881	4089297.586924371	3975535.952892496	P0AE22	P0AE22		aphA	0	0.23270240076770093	-0.041679654076770566	False	0.02028479312197743	False	False	Ecoli	False	True	False	False	msfragger	directlfq	min	0.6609640474436812
P23839	15274870.979019526	15279351.04657506	14742599.108878618	15355750.300830388	16864451.085604206	15482920.011538692	P23839	P23839		yicC	0	0.2332810385881486	-0.07467386281422098	False	0.020311660397635684	False	False	Ecoli	False	True	False	False	msfragger	directlfq	min	0.6609640474436812
P0A9Q9	59872649.78394066	60238729.05438206	62003723.2581738	64440256.5138168	61239223.33901791	61640889.69070667	P0A9Q9	P0A9Q9		asd	0	0.23346447882805915	-0.04065722492585268	False	0.02033852767329393	False	False	Ecoli	False	True	False	False	msfragger	directlfq	min	0.6609640474436812
P0A8L5	1271168.284164521	1335643.2499999998	1333338.318543434	1263150.2961662835	1278530.8480955276	1293645.4080842112	P0A8L5	P0A8L5		ycgN	0	0.23480907540536888	0.038901080873403764	False	0.020365394948952176	False	False	Ecoli	False	True	False	False	msfragger	directlfq	min	0.6609640474436812
P0ABU0	31411443.44347066	32853427.93948012	33189451.62865209	33811868.35751477	33049867.40831988	33294016.17314636	P0ABU0	P0ABU0		menB	0	0.23546695610757584	-0.039447188374749385	False	0.020392262224610425	False	False	Ecoli	False	True	False	False	msfragger	directlfq	min	0.6609640474436812
P31473	9252523.213180218	8486987.940539895	8402690.57097987	8641028.18813117	8207198.368224049	7667201.081622117	P31473	P31473		ravA	0	0.23729010444684462	0.09269072392046053	False	0.02041912950026867	False	False	Ecoli	False	True	False	False	msfragger	directlfq	min	0.6609640474436812
P0AGL2	2193337.924383512	2158798.018341408	1860365.0861788555	1952427.0365391497	1896760.3692728605	1843644.010365426	P0AGL2	P0AGL2		tdcF	0	0.23831364235938501	0.1260278082865626	False	0.020445996775926924	False	False	Ecoli	False	True	False	False	msfragger	directlfq	min	0.6609640474436812
P25888	14372374.169451153	13654437.475497223	14112491.352786211	14040729.805285556	14764116.66153028	14586227.935702669	P25888	P25888		rhlE	0	0.23975319898759423	-0.042231857486297736	False	0.02047286405158517	False	False	Ecoli	False	True	False	False	msfragger	directlfq	min	0.6609640474436812
P0A790	6125481.721643487	6443790.499999998	6608953.604121102	6305100.174360981	7017716.462567995	7129103.336172373	P0A790	P0A790		panD	0	0.24211055378510005	-0.09276702291690356	False	0.020499731327243417	False	False	Ecoli	False	True	False	False	msfragger	directlfq	min	0.6609640474436812
P41407	5782449.910785089	5936630.77238262	5841628.460364006	4516725.461205605	5994775.11512768	4847685.155290074	P41407	P41407		azoR	0	0.24214371883954727	0.1932493720325437	False	0.020526598602901666	False	False	Ecoli	False	True	False	False	msfragger	directlfq	min	0.6609640474436812
P24230	431218.4160809207	435170.06249999977	334967.4034983041	427018.04625538754	227946.7013078204	187487.31350877616	P24230	P24230		recG	0	0.2437036470718482	0.5119970906622181	False	0.020553465878559916	False	False	Ecoli	False	True	False	False	msfragger	directlfq	min	0.6609640474436812
P26616	49523694.05173444	49474511.87199567	50478570.385782525	48804433.7437154	49388586.267348565	49600547.29426611	P26616	P26616		maeA	0	0.2437869617328821	0.01633787754062735	False	0.020580333154218165	False	False	Ecoli	False	True	False	False	msfragger	directlfq	min	0.6609640474436812
P0A9T6	682877.7721396955	933154.8210489354	659236.1643656789	959069.261304381	1067170.3312972423	761829.627318006	P0A9T6	P0A9T6		ybaQ	0	0.243863387317967	-0.29322941141651293	False	0.02060720042987641	False	False	Ecoli	False	True	False	False	msfragger	directlfq	min	0.6609640474436812
P0AG27	62412942.66643919	63416463.31164772	61505639.4387088	62509382.1449444	64110642.16252505	63726513.84218365	P0AG27	P0AG27		yibN	0	0.24394736584621624	-0.02300751691409516	False	0.02063406770553466	False	False	Ecoli	False	True	False	False	msfragger	directlfq	min	0.6609640474436812
P0AD68	1810702.3287001755	1952195.5402073248	1908613.3553225123	1682009.20367937	1794990.2135583283	1889492.1218076127	P0AD68	P0AD68		ftsI	0	0.24471319906311817	0.07975400219469767	False	0.020660934981192907	False	False	Ecoli	False	True	False	False	msfragger	directlfq	min	0.6609640474436812
P33916	301323.2541039446	222719.15619999985	267361.15818860766	262175.6241006643	164986.29073083776	215498.05451840497	P33916	P33916		yejF	0	0.24476231509415294	0.3003579594009462	False	0.020687802256851157	False	False	Ecoli	False	True	False	False	msfragger	directlfq	min	0.6609640474436812
P0ACD8	38001422.19508797	37665102.451324254	36763799.771828815	36740963.39424837	37078084.42884166	36830231.76755438	P0ACD8	P0ACD8		hyaB	0	0.24536638604362837	0.023037149895770676	False	0.020714669532509406	False	False	Ecoli	False	True	False	False	msfragger	directlfq	min	0.6609640474436812
P0AD37	629033.2202242072	517879.3749999999	504954.36443107226	486406.1748657469	496280.2966829445	478220.6461533039	P0AD37	P0AD37		yfeC	0	0.24610134928455796	0.17723304101278076	False	0.020741536808167652	False	False	Ecoli	False	True	False	False	msfragger	directlfq	min	0.6609640474436812
P07821	1106004.203601806	957764.918039292	1030305.5265544188	1176022.995651608	1075663.8362921434	1068106.9116673593	P07821	P07821		fhuC	0	0.24695245020270323	-0.10158560683094349	False	0.020768404083825902	False	False	Ecoli	False	True	False	False	msfragger	directlfq	min	0.6609640474436812
P0A8B5	3536792.2265494345	2844514.586265575	3191775.2001469526	3995363.154135331	3463124.642677227	3295745.854431315	P0A8B5	P0A8B5		ybaB	0	0.24706984819889455	-0.1678493475701346	False	0.02079527135948415	False	False	Ecoli	False	True	False	False	msfragger	directlfq	min	0.6609640474436812
P60723	429960982.9103512	420688246.5158787	439259984.9711744	451217115.96115	437615521.4308869	432440503.975376	P60723	P60723		rplD	0	0.24888051766540403	-0.034659209493729526	False	0.020822138635142397	False	False	Ecoli	False	True	False	False	msfragger	directlfq	min	0.6609640474436812
P0ABD8	62883341.1910191	53317584.70329239	67179376.99723238	70431684.0928246	66780145.33536378	65679078.99262911	P0ABD8	P0ABD8		accB	0	0.24893044591769942	-0.1458655335410686	False	0.020849005910800647	False	False	Ecoli	False	True	False	False	msfragger	directlfq	min	0.6609640474436812
P0AB98	433043.1478048103	290431.20044591685	527737.9595445553	570396.7172081496	464919.8196921481	546030.2824422733	P0AB98	P0AB98		atpB	0	0.24894589953251167	-0.33782720359678686	False	0.020875873186458893	False	False	Ecoli	False	True	False	False	msfragger	directlfq	min	0.6609640474436812
P75780	692946.4236837456	681471.7500000001	571179.7801885483	638331.4120041938	549709.1409746472	561402.5655566478	P75780	P75780		fiu	0	0.24956300324084202	0.15331785916006269	False	0.020902740462117143	False	False	Ecoli	False	True	False	False	msfragger	directlfq	min	0.6609640474436812
P45475	3130992.908347464	2353072.298567624	2758656.60242274	3402886.859150829	2951336.209129605	2995443.303552419	P45475	P45475		yhbV	0	0.2502966443369524	-0.18179408067304106	False	0.020929607737775392	False	False	Ecoli	False	True	False	False	msfragger	directlfq	min	0.6609640474436812
P24228	4205344.270798715	4226455.769262659	4352347.092944268	4031640.055606364	4112571.989394243	4280883.5248339735	P24228	P24228		dacB	0	0.25167097232325814	0.041098968904240044	False	0.02095647501343364	False	False	Ecoli	False	True	False	False	msfragger	directlfq	min	0.6609640474436812
P0ABQ2	2616443.894024405	2591283.013368068	2735563.493185833	2664625.568782788	2757112.522882191	2739573.687994176	P0ABQ2	P0ABQ2		garR	0	0.25223738631624676	-0.03906430925138286	False	0.020983342289091888	False	False	Ecoli	False	True	False	False	msfragger	directlfq	min	0.6609640474436812
P06993	372691.772143814	439160.0000000004	292586.72183567093	420940.2175751479	30121.843538232297	65127.24567499205	P06993	P06993		malT	2	0.2527172125533735	1.097340917003709	False	0.021010209564750134	False	True	Ecoli	False	True	False	False	msfragger	directlfq	min	0.6609640474436812
P0A853	20461736.763809063	20784263.53808796	20798767.948796764	20045940.25771153	20403116.66923786	20692737.75069273	P0A853	P0A853		tnaA	0	0.25328566699725036	0.021150664450191006	False	0.021037076840408387	False	False	Ecoli	False	True	False	False	msfragger	directlfq	min	0.6609640474436812
P0AC19	12637721.080566363	12548374.840984715	11912534.689491363	11759681.243842462	11145937.73964374	12413690.449972846	P0AC19	P0AC19		folX	0	0.2538952046063799	0.07090879935245632	False	0.021063944116066633	False	False	Ecoli	False	True	False	False	msfragger	directlfq	min	0.6609640474436812
P0AAJ3	20934855.97454524	21414951.01569556	22203709.473311197	22168704.97110249	22606068.02570357	21647891.81576464	P0AAJ3	P0AAJ3		fdnH	0	0.2540385653169982	-0.04117991702993802	False	0.02109081139172488	False	False	Ecoli	False	True	False	False	msfragger	directlfq	min	0.6609640474436812
Q59385	16630865.69120201	16642791.68567259	17406180.40761179	16229592.974420842	16837821.961706866	16321800.107771846	Q59385	Q59385		copA	0	0.25415332925173684	0.037215866964768286	False	0.02111767866738313	False	False	Ecoli	False	True	False	False	msfragger	directlfq	min	0.6609640474436812
P15070	4857923.673802187	4862468.000000003	4658683.490037239	4306110.900148604	4522908.848774504	4831736.022717749	P15070	P15070		fliN	0	0.2541674038283168	0.07393358530254694	False	0.021144545943041375	False	False	Ecoli	False	True	False	False	msfragger	directlfq	min	0.6609640474436812
P27253	512669.5513799488	675343.8749999997	660634.6307844293	787925.4949310774	611675.7398649701	745332.8714587302	P27253	P27253		scpA	0	0.2544411790801714	-0.2144627351207057	False	0.021171413218699628	False	False	Ecoli	False	True	False	False	msfragger	directlfq	min	0.6609640474436812
P45469	938039.5000144228	942464.5000000006	894478.9980565372	992978.805562066	981464.0976710204	916574.0436700756	P45469	P45469		yraR	0	0.25455314949433355	-0.059098133498225486	False	0.021198280494357874	False	False	Ecoli	False	True	False	False	msfragger	directlfq	min	0.6609640474436812
P62707	147793470.90349603	146839508.33749905	150246367.72374043	148068052.22468343	145151671.50984856	146367113.9415361	P62707	P62707		gpmA	0	0.25476577866058975	0.017265935481040363	False	0.02122514777001612	False	False	Ecoli	False	True	False	False	msfragger	directlfq	min	0.6609640474436812
P36659	11243935.69228767	10568872.189994415	10978721.67786274	10520016.950242976	10300487.88661256	10911484.256490504	P36659	P36659		cbpA	0	0.2547862586706139	0.047385239548748626	False	0.02125201504567437	False	False	Ecoli	False	True	False	False	msfragger	directlfq	min	0.6609640474436812
P0ADI4	1679008.2545659554	1703956.255100917	1669582.0233182523	1735726.3021253562	1795976.6326573784	1678782.588924059	P0ADI4	P0ADI4		entB	0	0.2561821622961265	-0.04440710843362154	False	0.02127888232133262	False	False	Ecoli	False	True	False	False	msfragger	directlfq	min	0.6609640474436812
P36548	782086.6627966355	682685.9375000007	833553.2724257597	654968.7364792863	698110.379482931	735737.5791503418	P36548	P36548		amiA	0	0.2563881737544105	0.13789747416482148	False	0.02130574959699087	False	False	Ecoli	False	True	False	False	msfragger	directlfq	min	0.6609640474436812
P15005	1562986.8712094692	1343655.8750940694	1363549.541633072	1409782.4982798332	1234992.3323115858	1273320.5309049666	P15005	P15005		mcrB	0	0.2573024943048354	0.12414852485474702	False	0.021332616872649115	False	False	Ecoli	False	True	False	False	msfragger	directlfq	min	0.6609640474436812
P23305	3150515.9129558434	2984340.737266361	2855315.0531620854	2855503.3986834646	2841116.5067802486	2896181.922780034	P23305	P23305		yigA	0	0.2590140876574142	0.0652200468790312	False	0.02135948414830736	False	False	Ecoli	False	True	False	False	msfragger	directlfq	min	0.6609640474436812
P0A9R4	13962152.293139497	13060420.75387762	14511790.865004355	13622424.817237988	12859336.7605968	13062315.615347864	P0A9R4	P0A9R4		fdx	0	0.2593801234517949	0.07084383224744178	False	0.02138635142396561	False	False	Ecoli	False	True	False	False	msfragger	directlfq	min	0.6609640474436812
P0AAB4	4687758.140851342	4773299.543093165	4381359.6247900855	4180719.189136047	4480006.491130403	4540602.213725346	P0AAB4	P0AAB4		ubiD	0	0.26006041492168863	0.06841284901876869	False	0.02141321869962386	False	False	Ecoli	False	True	False	False	msfragger	directlfq	min	0.6609640474436812
P0A8Q6	1588475.7305554908	1634902.2499999988	1584805.0588773228	1547047.799795391	1545573.3817427242	1609984.5868446045	P0A8Q6	P0A8Q6		clpS	0	0.2619277778584047	0.03203142566110128	False	0.02144008597528211	False	False	Ecoli	False	True	False	False	msfragger	directlfq	min	0.6609640474436812
P37651	5754660.8488333495	6150848.651453885	6282962.490658458	6354617.058566814	6356607.351330451	6204283.648494582	P37651	P37651		bcsZ	0	0.2628301816921423	-0.056545179144554224	False	0.021466953250940356	False	False	Ecoli	False	True	False	False	msfragger	directlfq	min	0.6609640474436812
Q46927	2053532.9792236409	2511719.7550290413	2494637.5190450423	2330024.144938824	2726503.797986072	2848159.8863869454	Q46927	Q46927		ygdL	0	0.26372598356933075	-0.1630627321914323	False	0.021493820526598602	False	False	Ecoli	False	True	False	False	msfragger	directlfq	min	0.6609640474436812
P33362	2652383.1948298733	2520604.2676328924	2703003.3263122723	2365401.259435485	2629204.03589087	2510098.2802215265	P33362	P33362		osmF	0	0.26379819671923616	0.06966633526509163	False	0.021520687802256855	False	False	Ecoli	False	True	False	False	msfragger	directlfq	min	0.6609640474436812
P09546	12155574.046226311	11750739.454479083	12657380.035684353	11603396.83095282	11821869.062465595	11940168.398435345	P09546	P09546		putA	0	0.26393189498571684	0.048071835879292014	False	0.0215475550779151	False	False	Ecoli	False	True	False	False	msfragger	directlfq	min	0.6609640474436812
P60757	6594388.462545334	6783515.433716305	7081352.911304548	6891810.587767904	6322344.496993693	6290776.668908111	P60757	P60757		hisG	0	0.2640614122261893	0.06891478895064015	False	0.02157442235357335	False	False	Ecoli	False	True	False	False	msfragger	directlfq	min	0.6609640474436812
P0A9E5	21361691.33486571	22112199.34125972	21316854.122560333	22830268.61337352	21724526.98477633	21917711.23884348	P0A9E5	P0A9E5		fnr	0	0.264802270575551	-0.03697002006933343	False	0.021601289629231597	False	False	Ecoli	False	True	False	False	msfragger	directlfq	min	0.6609640474436812
P28905	5045069.383310736	5006675.943954388	5086410.502599422	5075158.409770596	5063908.092560699	5105993.007247408	P28905	P28905		holC	0	0.26487210065552114	-0.010152318858113773	False	0.021628156904889843	False	False	Ecoli	False	True	False	False	msfragger	directlfq	min	0.6609640474436812
P61517	32955813.77046379	32608850.904221226	32718181.46054467	35277205.139750525	32420455.811692998	34492009.538231574	P61517	P61517		can	0	0.2650830940191129	-0.05623783164184846	False	0.021655024180548096	False	False	Ecoli	False	True	False	False	msfragger	directlfq	min	0.6609640474436812
P09832	14747906.606168265	15147107.207587983	15277659.125778606	15919134.892823735	15320781.6254614	15096479.21595006	P09832	P09832		gltD	0	0.2664335567710269	-0.03669554598734071	False	0.021681891456206342	False	False	Ecoli	False	True	False	False	msfragger	directlfq	min	0.6609640474436812
P0AAN9	309661.9084859333	244537.54690000004	230726.46855828777	265484.1371418294	180890.68091543388	202440.9364794276	P0AAN9	P0AAN9		iraP	0	0.26661882417585725	0.274747657040431	False	0.02170875873186459	False	False	Ecoli	False	True	False	False	msfragger	directlfq	min	0.6609640474436812
Q47710	669645.3907039543	730048.1250000006	751427.814364149	600632.4142064721	689578.3699583955	703238.0718821672	Q47710	Q47710		yqjK	0	0.26800675705549326	0.10982230762858267	False	0.021735626007522837	False	False	Ecoli	False	True	False	False	msfragger	directlfq	min	0.6609640474436812
P0A8L1	233755911.55086452	233302732.36986983	234281982.99531505	222675192.2464903	228790359.05932596	234444852.865558	P0A8L1	P0A8L1		serS	0	0.26888982241175463	0.03209516293580119	False	0.021762493283181087	False	False	Ecoli	False	True	False	False	msfragger	directlfq	min	0.6609640474436812
P09155	9595148.15709033	9755078.17544144	9651916.930076957	9710113.279772196	9452970.919649268	9302775.516795022	P09155	P09155		rnd	0	0.269100562398996	0.026926847381235866	False	0.021789360558839337	False	False	Ecoli	False	True	False	False	msfragger	directlfq	min	0.6609640474436812
P76291	6649624.952244745	5772818.818412511	6229129.151138832	5976962.426641131	5551696.018635423	5962265.488096735	P76291	P76291		cmoB	0	0.27012492939676447	0.0926908011620023	False	0.021816227834497583	False	False	Ecoli	False	True	False	False	msfragger	directlfq	min	0.6609640474436812
P76251	2390665.3518643333	2083173.375	2438697.228218209	1956432.489874944	2009638.864899517	65127.24567499205	P76251	P76251		dmlA	1	0.2702784217299576	0.7780062189004721	False	0.021843095110155832	False	True	Ecoli	False	True	False	False	msfragger	directlfq	min	0.6609640474436812
P28248	11082480.8614707	11507556.068632578	11377040.380578276	11173481.271921538	10721008.12954544	11260554.773326715	P28248	P28248		dcd	0	0.2703543822434224	0.03490870999967026	False	0.02186996238581408	False	False	Ecoli	False	True	False	False	msfragger	directlfq	min	0.6609640474436812
P0A6D7	34718046.48469423	33400041.51567137	33890160.75637923	33965262.39333369	33346503.29258336	32474106.985345367	P0A6D7	P0A6D7		aroK	0	0.27065443329176103	0.03177833496146857	False	0.021896829661472328	False	False	Ecoli	False	True	False	False	msfragger	directlfq	min	0.6609640474436812
P0A9Q7	1145226829.3016071	1194555240.7232578	1222084517.345609	1139214361.086222	1143760878.4659593	1176504112.2378654	P0A9Q7	P0A9Q7		adhE	0	0.2706829148179453	0.04207855010082763	False	0.021923696937130577	False	False	Ecoli	False	True	False	False	msfragger	directlfq	min	0.6609640474436812
P37774	198886.2619775881	243185.0781000003	180910.8643848318	173785.83133693386	167943.79741936782	197666.240421794	P37774	P37774		yecC	0	0.2719558096836638	0.20784648002218162	False	0.021950564212788824	False	False	Ecoli	False	True	False	False	msfragger	directlfq	min	0.6609640474436812
P77499	9561827.676934104	10608008.332520192	10300466.16393517	9977460.07867802	11171351.302613758	11468244.898688944	P77499	P77499		sufC	0	0.27263394329008567	-0.09822277606630124	False	0.021977431488447073	False	False	Ecoli	False	True	False	False	msfragger	directlfq	min	0.6609640474436812
P75691	4556275.982373667	4484052.629507114	4394800.249546216	4212191.096110498	4536697.100235997	4167337.018879676	P75691	P75691		yahK	0	0.27340643432211764	0.05682565685429229	False	0.022004298764105323	False	False	Ecoli	False	True	False	False	msfragger	directlfq	min	0.6609640474436812
P0AEE8	412292.34984206624	376323.00000000006	383614.4704207977	389412.91985175584	360194.0840830858	285899.2708391389	P0AEE8	P0AEE8		dam	0	0.2744871236879324	0.17891914775469256	False	0.02203116603976357	False	False	Ecoli	False	True	False	False	msfragger	directlfq	min	0.6609640474436812
P32160	2715792.3648325903	2576410.7961823125	2634121.257437367	2491343.872349066	2673752.912377091	2393834.465238242	P32160	P32160		yiiQ	0	0.2753287116852895	0.06846974933117461	False	0.02205803331542182	False	False	Ecoli	False	True	False	False	msfragger	directlfq	min	0.6609640474436812
P07118	196837096.0596198	196147498.0515225	191576310.4292468	198919944.41038316	195841530.5557572	197244251.97524065	P07118	P07118		valS	0	0.27559996716153995	-0.018257787395109252	False	0.022084900591080064	False	False	Ecoli	False	True	False	False	msfragger	directlfq	min	0.6609640474436812
P33650	9107013.390659982	9468525.474505989	9379747.265668545	9736724.871287538	9390109.495946586	9416671.81837964	P33650	P33650		feoB	0	0.2763722966131566	-0.030041449905541605	False	0.022111767866738317	False	False	Ecoli	False	True	False	False	msfragger	directlfq	min	0.6609640474436812
P75937	8122539.223464695	8646180.153825482	8792872.105300447	9000816.68256824	8662499.801656606	8805132.208427433	P75937	P75937		flgE	0	0.27655660187741665	-0.050295979129211424	False	0.022138635142396564	False	False	Ecoli	False	True	False	False	msfragger	directlfq	min	0.6609640474436812
P0A9H7	18641258.38663812	18271838.42904769	18138191.976154447	18266815.055642232	17660250.249911338	18197626.59461025	P0A9H7	P0A9H7		cfa	0	0.2773317127813561	0.024489431301051284	False	0.02216550241805481	False	False	Ecoli	False	True	False	False	msfragger	directlfq	min	0.6609640474436812
P0AE85	1184697.2487399238	1265355.0182516272	1342199.4277963329	1061412.1369475082	1222257.4847919375	1235438.3719803574	P0AE85	P0AE85		cpxP	0	0.277852404898927	0.1078449323222209	False	0.02219236969371306	False	False	Ecoli	False	True	False	False	msfragger	directlfq	min	0.6609640474436812
P13036	624317.9772189881	544089.8125000005	462904.9763269976	545989.3377565496	457047.5879075183	358126.5433366269	P13036	P13036		fecA	0	0.27790720052003864	0.2611930737947361	False	0.022219236969371305	False	False	Ecoli	False	True	False	False	msfragger	directlfq	min	0.6609640474436812
P21499	50748636.2926513	52876337.884202816	51638569.94832336	50845423.44345364	51161330.23500194	50549580.13309089	P21499	P21499		rnr	0	0.27839498886497316	0.02537704597997881	False	0.02224610424502956	False	False	Ecoli	False	True	False	False	msfragger	directlfq	min	0.6609640474436812
P39391	3263477.265051908	3273394.732720193	3121084.3504315526	3187860.555956636	3162822.090352576	3080280.861319824	P39391	P39391		yjiT	0	0.2784953114891001	0.0343127725322522	False	0.022272971520687804	False	False	Ecoli	False	True	False	False	msfragger	directlfq	min	0.6609640474436812
P69874	10831516.03484046	11253867.51294477	11590389.629168306	10800893.406649198	10901202.914638592	11011340.93082458	P69874	P69874		potA	0	0.2788173364067162	0.04182771592709937	False	0.02229983879634605	False	False	Ecoli	False	True	False	False	msfragger	directlfq	min	0.6609640474436812
P0ABS5	3177690.264051657	3002471.114424645	2882228.1376799066	3683143.819511762	3254314.1765232654	3001286.646203399	P0ABS5	P0ABS5		dnaG	0	0.27897513537451296	-0.13317213567116812	False	0.0223267060720043	False	False	Ecoli	False	True	False	False	msfragger	directlfq	min	0.6609640474436812
P0A9U1	552285.613053093	508684.1875000002	464620.3285188036	568861.9259308482	537968.7373762629	530565.7897442715	P0A9U1	P0A9U1		ybhF	0	0.2790434514771681	-0.10203626104906022	False	0.022353573347662546	False	False	Ecoli	False	True	False	False	msfragger	directlfq	min	0.6609640474436812
P0A6D3	17866982.897792384	18092612.14048716	17959271.339678068	16891238.00701949	17967622.732577614	17657340.134835042	P0A6D3	P0A6D3		aroA	0	0.27940068193265755	0.03802761216685239	False	0.0223804406233208	False	False	Ecoli	False	True	False	False	msfragger	directlfq	min	0.6609640474436812
P08373	8292960.929790705	8023307.570324547	8007504.940444475	8184923.237418118	7609575.970503668	7760409.613076458	P08373	P08373		murB	0	0.27951349621946125	0.04633930950636869	False	0.022407307898979045	False	False	Ecoli	False	True	False	False	msfragger	directlfq	min	0.6609640474436812
P0A9T0	39704399.73211557	38778293.57154759	39618349.30314869	38438732.63168479	39214577.08319421	39025619.87397412	P0A9T0	P0A9T0		serA	0	0.27993661532857705	0.017477644893270222	False	0.02243417517463729	False	False	Ecoli	False	True	False	False	msfragger	directlfq	min	0.6609640474436812
P63386	2034356.316300623	2223759.069406004	1843314.620309416	2381356.6859062403	2171102.1471089683	2081222.1338548425	P63386	P63386		mlaF	0	0.280381825338228	-0.12066222034714628	False	0.02246104245029554	False	False	Ecoli	False	True	False	False	msfragger	directlfq	min	0.6609640474436812
P24215	7604852.472797722	8139154.426887942	7739621.580617129	7610072.165733076	7788692.02218437	7124273.598594711	P24215	P24215		uxuA	0	0.2807372730101697	0.06025391450008035	False	0.02248790972595379	False	False	Ecoli	False	True	False	False	msfragger	directlfq	min	0.6609640474436812
P02359	496864677.5454856	507300027.9537868	521029010.7832168	521289678.37249935	509171652.5318787	528529656.91957086	P02359	P02359		rpsG	0	0.2812914412789369	-0.03162009580286704	False	0.02251477700161204	False	False	Ecoli	False	True	False	False	msfragger	directlfq	min	0.6609640474436812
P0A937	5646169.470395389	5697494.0	6241056.794477198	6090473.191404683	6121294.628359547	6203808.099386833	P0A937	P0A937		bamE	0	0.2813310720094772	-0.06660413107156038	False	0.022541644277270286	False	False	Ecoli	False	True	False	False	msfragger	directlfq	min	0.6609640474436812
P02925	34904252.209377326	36157680.382468246	36610080.20201878	33755870.29692303	35831216.8985608	35108319.1025016	P02925	P02925		rbsB	0	0.2814045356779489	0.04044515584298966	False	0.022568511552928532	False	False	Ecoli	False	True	False	False	msfragger	directlfq	min	0.6609640474436812
P45795	1617204.4102092492	1365359.3749999988	1333697.1793924423	1790061.9081408563	1442868.002905432	1587498.6679462665	P45795	P45795		yrdB	0	0.2814976508253389	-0.1593793266209722	False	0.022595378828586785	False	False	Ecoli	False	True	False	False	msfragger	directlfq	min	0.6609640474436812
P0A7T3	173461292.1438635	185950334.3810764	180205573.71875852	167315386.02757356	173906167.02827603	179566188.4672035	P0A7T3	P0A7T3		rpsP	0	0.282255279532575	0.051240844515346884	False	0.02262224610424503	False	False	Ecoli	False	True	False	False	msfragger	directlfq	min	0.6609640474436812
P0AGE9	40811554.60366737	41933422.21873248	42737777.935256265	40022990.86826968	41674782.08971884	41033088.90930753	P0AGE9	P0AGE9		sucD	0	0.28258737991932353	0.0319910322238951	False	0.02264911337990328	False	False	Ecoli	False	True	False	False	msfragger	directlfq	min	0.6609640474436812
P63177	18581583.619901773	18159010.728964303	18267006.889107425	17970268.59972281	18402600.341931585	17823273.30173984	P63177	P63177		rlmB	0	0.2829967011939878	0.021440829358364253	False	0.022675980655561527	False	False	Ecoli	False	True	False	False	msfragger	directlfq	min	0.6609640474436812
P14407	118643703.65158644	116929765.23389132	120295666.30813052	117144953.8813682	113681611.88101658	118480986.09043594	P14407	P14407		fumB	0	0.28308208644242905	0.026848978804563522	False	0.022702847931219773	False	False	Ecoli	False	True	False	False	msfragger	directlfq	min	0.6609640474436812
P0A7H6	1034912.9522598378	1066130.624999999	924929.257690021	1098833.9148931156	1048268.2787443874	1063825.4479354578	P0A7H6	P0A7H6		recR	0	0.2844377986701337	-0.0855911181055636	False	0.022729715206878026	False	False	Ecoli	False	True	False	False	msfragger	directlfq	min	0.6609640474436812
P06616	16375244.515557315	15987002.656593408	16501065.317982428	15512212.623485638	15646097.383819234	16435750.96438156	P06616	P06616		era	0	0.28465361719485177	0.03797011062021577	False	0.022756582482536272	False	False	Ecoli	False	True	False	False	msfragger	directlfq	min	0.6609640474436812
P0A9J4	3710770.5143163046	3750115.067366109	3563312.546792617	3762469.512101068	3988417.6456975695	3683406.898256137	P0A9J4	P0A9J4		panE	0	0.28518132184560435	-0.052693575978737014	False	0.022783449758194522	False	False	Ecoli	False	True	False	False	msfragger	directlfq	min	0.6609640474436812
P0A7P5	28981862.171819925	30955100.26215425	30035732.580989618	27311349.00799596	29695988.97478349	29430105.47666533	P0A7P5	P0A7P5		rpmH	0	0.28537350008783036	0.05783083506087993	False	0.022810317033852768	False	False	Ecoli	False	True	False	False	msfragger	directlfq	min	0.6609640474436812
P10443	2953975.2482227976	2438245.3639395447	2671478.7344850525	2343983.532263116	2537251.690476404	2536960.4677979867	P10443	P10443		dnaE	0	0.2855015117361042	0.1203735229029073	False	0.022837184309511014	False	False	Ecoli	False	True	False	False	msfragger	directlfq	min	0.6609640474436812
P0AFI2	22631694.042040333	22716667.256333124	23325636.3413694	22077508.83428272	22834824.108257644	22606430.45626863	P0AFI2	P0AFI2		parC	0	0.2862295682671006	0.024475466558309938	False	0.022864051585169267	False	False	Ecoli	False	True	False	False	msfragger	directlfq	min	0.6609640474436812
P0AEA8	7228855.116928522	7713587.035571507	6824660.516248093	6780711.026844143	7095727.58345741	6783881.611507634	P0AEA8	P0AEA8		cysG	0	0.286617273469858	0.07528677375573672	False	0.022890918860827513	False	False	Ecoli	False	True	False	False	msfragger	directlfq	min	0.6609640474436812
P0AG44	515269198.3531123	517401417.9968422	537971445.8383425	519329810.34247565	544656269.1561219	568502863.5348477	P0AG44	P0AG44		rplQ	0	0.2870953674194147	-0.05571878186003874	False	0.022917786136485763	False	False	Ecoli	False	True	False	False	msfragger	directlfq	min	0.6609640474436812
P0AC84	2477162.552172214	2458889.524296099	2229319.4157623304	2333877.9097514125	2322882.539654923	2112610.3831476225	P0AC84	P0AC84		gloB	0	0.2871883781502647	0.08201975242502878	False	0.02294465341214401	False	False	Ecoli	False	True	False	False	msfragger	directlfq	min	0.6609640474436812
P77735	5268542.93499276	5742947.252219128	5472053.591300575	5431322.79874875	5878305.520274793	5972741.813848354	P77735	P77735		yajO	0	0.2879393321171215	-0.06827464540887689	False	0.02297152068780226	False	False	Ecoli	False	True	False	False	msfragger	directlfq	min	0.6609640474436812
P69411	21480734.24617474	21957311.14075152	21323142.24925924	21498065.000663266	20978596.986402635	21374436.24185192	P69411	P69411		rcsF	0	0.2886184609581739	0.02041800876814404	False	0.022998387963460508	False	False	Ecoli	False	True	False	False	msfragger	directlfq	min	0.6609640474436812
P0A7I4	36120421.53886913	36895275.91054226	36766388.97502276	39339091.87727123	36294774.15024613	37894742.12509461	P0A7I4	P0A7I4		prfC	0	0.2891562835412825	-0.048413225738074626	False	0.023025255239118754	False	False	Ecoli	False	True	False	False	msfragger	directlfq	min	0.6609640474436812
P76471	453354.5434239127	477964.84380000015	616070.9600247301	515551.4991904025	604750.2828577342	809241.9674319039	P76471	P76471		yfaZ	0	0.2893588753571271	-0.31842257583768957	False	0.023052122514777004	False	False	Ecoli	False	True	False	False	msfragger	directlfq	min	0.6609640474436812
P22106	10823150.55693784	11135777.966508076	10818398.53892102	11071138.970519004	11043991.728986437	11109225.88222928	P22106	P22106		asnB	0	0.29029618971205123	-0.019543050937116575	False	0.023078989790435253	False	False	Ecoli	False	True	False	False	msfragger	directlfq	min	0.6609640474436812
P0AF12	55801521.91036273	53927404.74784628	55212174.87353048	54390048.50405373	53951068.11619745	54249913.55314596	P0AF12	P0AF12		mtnN	0	0.29056708701537975	0.02070327854892932	False	0.0231058570660935	False	False	Ecoli	False	True	False	False	msfragger	directlfq	min	0.6609640474436812
P32173	1151178.577857189	1198756.482793579	1071750.8638236816	1141382.1826119209	976523.2475076548	1080136.9615127577	P32173	P32173		mobA	0	0.2909178081468363	0.09751827877840097	False	0.02313272434175175	False	False	Ecoli	False	True	False	False	msfragger	directlfq	min	0.6609640474436812
P0AG78	1608311.4504297024	1644866.6235665353	1488103.643049047	1642837.6339775184	1617439.1348367769	1682264.5122321143	P0AG78	P0AG78		sbp	0	0.29145232382430913	-0.05997589813496714	False	0.023159591617409995	False	False	Ecoli	False	True	False	False	msfragger	directlfq	min	0.6609640474436812
P0A9W9	16791467.659685783	17385954.107492995	15852362.733915849	18267756.01280661	16705618.338797033	17370092.927403558	P0A9W9	P0A9W9		yrdA	0	0.2918307944129495	-0.0652222549246897	False	0.023186458893068244	False	False	Ecoli	False	True	False	False	msfragger	directlfq	min	0.6609640474436812
P0AAN5	1185782.5278374264	1111194.6249999988	1376358.7071109454	1203154.9363128154	1426523.1522303969	1448526.8571618472	P0AAN5	P0AAN5		yaiA	0	0.29183688699123483	-0.1508434678307262	False	0.023213326168726494	False	False	Ecoli	False	True	False	False	msfragger	directlfq	min	0.6609640474436812
P0AGL5	1238553.7501576296	1203541.4675898843	1121857.27206112	1159841.7751419824	987115.0707412596	1162745.1531992787	P0AGL5	P0AGL5		ratA	0	0.2922063207657245	0.10677678012252766	False	0.02324019344438474	False	False	Ecoli	False	True	False	False	msfragger	directlfq	min	0.6609640474436812
P0AB46	6292336.720007757	6245082.722098104	6356048.035418268	6255681.855190593	6475682.934221259	6681753.122900394	P0AB46	P0AB46		ymgD	0	0.29241135533702384	-0.03914434503960675	False	0.02326706072004299	False	False	Ecoli	False	True	False	False	msfragger	directlfq	min	0.6609640474436812
P52108	9516814.619023075	10012713.08168204	9560232.671190314	9147439.847266307	9562504.44120556	9599402.763949135	P52108	P52108		rstA	0	0.2930107737659262	0.03923293797803874	False	0.023293927995701236	False	False	Ecoli	False	True	False	False	msfragger	directlfq	min	0.6609640474436812
P0A7S3	162113332.55259135	163281194.34581396	170106494.02638608	162565310.67890167	163883671.90553248	150529697.94245186	P0A7S3	P0A7S3		rpsL	0	0.29309381374979104	0.054963246266051674	False	0.02332079527135949	False	False	Ecoli	False	True	False	False	msfragger	directlfq	min	0.6609640474436812
P39337	505552.3737611842	459240.3750000004	371754.1471366487	619031.2609114939	493379.6087771212	454801.41598257626	P39337	P39337		yjgM	0	0.2940486668791696	-0.22969015349485997	False	0.023347662547017735	False	False	Ecoli	False	True	False	False	msfragger	directlfq	min	0.6609640474436812
P0AA31	7678128.874550987	7662489.195701933	8030005.212406537	7993150.630689185	7991081.732659928	7889900.0749853	P0AA31	P0AA31		yedF	0	0.2947949680871305	-0.0307520974537905	False	0.02337452982267598	False	False	Ecoli	False	True	False	False	msfragger	directlfq	min	0.6609640474436812
P33590	21243196.144051194	23052903.46101718	22649771.901346035	22739639.958895825	23265544.5332492	23239380.06724212	P33590	P33590		nikA	0	0.2953977560227866	-0.048705740868573474	False	0.02340139709833423	False	False	Ecoli	False	True	False	False	msfragger	directlfq	min	0.6609640474436812
P64588	2020033.6691506472	1857929.952070806	1767475.0312175213	2014197.8270147757	1397070.3392154532	1284297.2271181222	P64588	P64588		yqjI	0	0.29580723379573665	0.26578679988602344	False	0.023428264373992477	False	False	Ecoli	False	True	False	False	msfragger	directlfq	min	0.6609640474436812
P64599	13670215.20667783	13309806.087259129	13723133.033990556	13183491.219134556	13024851.136064174	13653497.875829376	P64599	P64599		yhbT	0	0.2959657192069929	0.0301322877239475	False	0.02345513164965073	False	False	Ecoli	False	True	False	False	msfragger	directlfq	min	0.6609640474436812
Q47157	296056.69622905046	376021.7500000002	339101.24716378684	323218.21527302306	314733.9448018254	268493.00817161	Q47157	Q47157		yafO	0	0.29597574131490734	0.15774773888958202	False	0.023481998925308976	False	False	Ecoli	False	True	False	False	msfragger	directlfq	min	0.6609640474436812
P24173	1056349.8668515028	1030233.7110973636	953719.9692756722	930144.4448478152	761392.9430473342	1025214.014075543	P24173	P24173		rfaC	0	0.2965574083595759	0.16233281421625073	False	0.023508866200967222	False	False	Ecoli	False	True	False	False	msfragger	directlfq	min	0.6609640474436812
P0A8G3	12452835.025912857	12687067.621088209	12554901.319169069	12776262.269737436	11810018.747251095	11546423.57009425	P0A8G3	P0A8G3		uxaC	0	0.29700515482264517	0.061060422449299594	False	0.02353573347662547	False	False	Ecoli	False	True	False	False	msfragger	directlfq	min	0.6609640474436812
P76014	7984494.654474727	6691001.634260645	6338082.693452501	6507289.675029083	6507838.105945939	5901419.454198536	P76014	P76014		dhaL	0	0.29706694991505533	0.15167311617149012	False	0.023562600752283717	False	False	Ecoli	False	True	False	False	msfragger	directlfq	min	0.6609640474436812
P0A6Z3	217814002.45308787	227133124.9140454	220693105.14162576	215607769.9082469	218363159.38681024	220044089.08124495	P0A6Z3	P0A6Z3		htpG	0	0.29711924487211366	0.025418870015803452	False	0.02358946802794197	False	False	Ecoli	False	True	False	False	msfragger	directlfq	min	0.6609640474436812
P76536	53198468.6609185	54253521.65532064	57118302.88056617	52525653.55396058	54174481.85318458	52956824.01092999	P76536	P76536		yfeX	0	0.2971812268018598	0.04372849535929379	False	0.023616335303600217	False	False	Ecoli	False	True	False	False	msfragger	directlfq	min	0.6609640474436812
P05020	21028889.69788689	20810324.834962305	20578756.186135825	20638103.13420828	21930238.019116294	21416806.76865474	P05020	P05020		pyrC	0	0.2973932287278065	-0.035775614761392946	False	0.023643202579258463	False	False	Ecoli	False	True	False	False	msfragger	directlfq	min	0.6609640474436812
P0ABF1	14849265.465206929	15169762.482098794	15685424.218797112	15154435.436583346	14740041.617084889	14771773.564355427	P0ABF1	P0ABF1		pcnB	0	0.2984592775544502	0.03314955129241521	False	0.023670069854916712	False	False	Ecoli	False	True	False	False	msfragger	directlfq	min	0.6609640474436812
P0A6W3	1430759.473541452	1569994.2500000005	1389106.4610549891	1456571.4224599805	1577349.0418057733	1618305.8685116132	P0A6W3	P0A6W3		mraY	0	0.29864483176491313	-0.08374629504665158	False	0.023696937130574962	False	False	Ecoli	False	True	False	False	msfragger	directlfq	min	0.6609640474436812
P33235	10874255.254320314	12392198.5716246	12214554.751534857	10370599.90226715	11436438.37315276	11498769.71820392	P33235	P33235		flgK	0	0.2997171767567209	0.09127323815058068	False	0.02372380440623321	False	False	Ecoli	False	True	False	False	msfragger	directlfq	min	0.6609640474436812
P19934	2553363.504948462	2800078.961431325	2744176.045682767	2738606.56544012	3013884.76850102	2760038.5286043715	P19934	P19934		tolA	0	0.299774912074441	-0.07209027658247547	False	0.023750671681891457	False	False	Ecoli	False	True	False	False	msfragger	directlfq	min	0.6609640474436812
P0A9C3	35940067.673698395	38503985.861494906	37638673.98761287	37202888.71024726	38962923.85810434	39658738.65940548	P0A9C3	P0A9C3		galM	0	0.30039296636650265	-0.04737712337636597	False	0.023777538957549704	False	False	Ecoli	False	True	False	False	msfragger	directlfq	min	0.6609640474436812
P23845	20754701.618810512	19527572.31535213	19141579.34269076	19745995.163387325	18946175.71751222	18569542.22602429	P23845	P23845		cysN	0	0.3005586224238872	0.053471325940696424	False	0.023804406233207957	False	False	Ecoli	False	True	False	False	msfragger	directlfq	min	0.6609640474436812
P0A9N4	19214369.30417567	18641828.069328457	19767997.996698957	19626441.54872037	19694082.38048837	19650927.949819557	P0A9N4	P0A9N4		pflA	0	0.30108304862182295	-0.033342013043050935	False	0.023831273508866203	False	False	Ecoli	False	True	False	False	msfragger	directlfq	min	0.6609640474436812
P07822	431419.5054291716	397850.06250000006	335859.5560114743	478246.3742633281	392455.6050615545	427866.05181142094	P07822	P07822		fhuD	0	0.30155455484078103	-0.15643174928594664	False	0.023858140784524452	False	False	Ecoli	False	True	False	False	msfragger	directlfq	min	0.6609640474436812
P0AD57	3530395.765806874	3503532.2245778814	3372165.027771855	3579658.112634461	3829188.9731129897	3454190.213319912	P0AD57	P0AD57		ispB	0	0.3027154981310298	-0.06199902778867685	False	0.0238850080601827	False	False	Ecoli	False	True	False	False	msfragger	directlfq	min	0.6609640474436812
P0A6Y5	14301644.360581242	14415677.825280922	14584850.537914837	13642945.612584049	14183754.068316575	14474010.801143656	P0A6Y5	P0A6Y5		hslO	0	0.3027465252666999	0.03375752020209033	False	0.023911875335840944	False	False	Ecoli	False	True	False	False	msfragger	directlfq	min	0.6609640474436812
P22634	4573177.9951944165	4378633.981946684	3893598.481872537	4428530.849882693	4640196.357564207	4605855.407792122	P22634	P22634		murI	0	0.30341258987102115	-0.09024380829683068	False	0.023938742611499197	False	False	Ecoli	False	True	False	False	msfragger	directlfq	min	0.6609640474436812
P0AB80	33622350.34426804	34586107.30151053	34583279.20073181	33681061.12996481	33953838.596396625	33843032.5373563	P0AB80	P0AB80		ilvE	0	0.30388667978440526	0.01855826663957962	False	0.023965609887157444	False	False	Ecoli	False	True	False	False	msfragger	directlfq	min	0.6609640474436812
P0A8I8	9012803.06474206	8764078.619146032	8444604.466805696	9449395.958843982	9058981.94995886	8690077.457858404	P0A8I8	P0A8I8		rlmH	0	0.3051802047664865	-0.05277526613970979	False	0.023992477162815693	False	False	Ecoli	False	True	False	False	msfragger	directlfq	min	0.6609640474436812
P0AEX5	3666358.016530752	3581868.724570754	3487593.5785493287	3762360.7673357306	3547057.1901368126	4172710.010502656	P0AEX5	P0AEX5		prkB	0	0.30651468844534113	-0.0969576084568586	False	0.02401934443847394	False	False	Ecoli	False	True	False	False	msfragger	directlfq	min	0.6609640474436812
P15067	2009071.55997899	1661633.1799667636	1662499.9486041924	1492991.6410250205	1637552.230534922	1717542.1095162877	P15067	P15067		glgX	0	0.30688277622785304	0.13758741444577233	False	0.024046211714132185	False	False	Ecoli	False	True	False	False	msfragger	directlfq	min	0.6609640474436812
Q46868	23452837.757955298	24309125.678466115	22378722.892095752	22978434.30931107	24976007.0594247	25778826.717580702	Q46868	Q46868		yqiC	0	0.30695816216795274	-0.07206415561990723	False	0.02407307898979044	False	False	Ecoli	False	True	False	False	msfragger	directlfq	min	0.6609640474436812
P39274	3897167.1492456095	4093540.6777512697	4157740.463863438	3905015.210163192	4537724.41458954	5058547.380108911	P39274	P39274		yjdJ	0	0.3075177113905302	-0.15232488656214813	False	0.024099946265448684	False	False	Ecoli	False	True	False	False	msfragger	directlfq	min	0.6609640474436812
P23908	3846230.4618275007	3695631.7222511377	3540749.1629689094	3738066.493375113	3226835.595484976	3495049.784493588	P23908	P23908		argE	0	0.3075586922059746	0.08342164363575018	False	0.024126813541106934	False	False	Ecoli	False	True	False	False	msfragger	directlfq	min	0.6609640474436812
P52061	18697497.172113158	18555496.09871555	17199917.944438178	17719737.20839872	17458985.415128835	17338651.940579753	P52061	P52061		rdgB	0	0.3076076311525292	0.05221438661801465	False	0.02415368081676518	False	False	Ecoli	False	True	False	False	msfragger	directlfq	min	0.6609640474436812
P30864	479927.91340529127	606503.9374999994	54369.24139359069	344054.6100526056	30121.843538232297	65127.24567499205	P30864	P30864		yafC	3	0.30890786419809313	1.376756715086515	False	0.02418054809242343	False	True	Ecoli	False	True	False	False	msfragger	directlfq	min	0.6609640474436812
P14081	7432789.948372687	7746520.668301124	7449914.614399997	7758539.191419575	7512914.3983703805	7869856.3180697	P14081	P14081		selB	0	0.30905026141250036	-0.03228333901011058	False	0.02420741536808168	False	False	Ecoli	False	True	False	False	msfragger	directlfq	min	0.6609640474436812
P0AG90	57430546.87994468	57550362.40242637	57207699.89996411	57767555.59772303	55746830.755014576	56197940.552014485	P0AG90	P0AG90		secD	0	0.30914473047857677	0.020898349515642383	False	0.024234282643739925	False	False	Ecoli	False	True	False	False	msfragger	directlfq	min	0.6609640474436812
P31460	1280177.5759372516	1455964.875	1489430.705473198	1311078.5122663898	1301475.5249786256	1350997.653344286	P31460	P31460		dgoR	0	0.309246600523643	0.09235325031002957	False	0.024261149919398175	False	False	Ecoli	False	True	False	False	msfragger	directlfq	min	0.6609640474436812
P0AAB6	62872620.072954886	64397800.690146126	61891566.55073949	69498262.65489914	62483700.00991349	65406743.80198194	P0AAB6	P0AAB6		galF	0	0.30953228105750263	-0.06141724503498901	False	0.024288017195056424	False	False	Ecoli	False	True	False	False	msfragger	directlfq	min	0.6609640474436812
P06612	36075996.85803628	37373362.71663784	35838014.527304605	35912563.78287296	35851238.77253977	35600508.71876871	P06612	P06612		topA	0	0.3100384450401601	0.02561222699034104	False	0.02431488447071467	False	False	Ecoli	False	True	False	False	msfragger	directlfq	min	0.6609640474436812
P14175	2643711.786582049	2712451.205778572	2884034.204676636	2848312.9297690946	2743945.387180387	3063401.208711009	P14175	P14175		proV	0	0.3103756941938931	-0.07096488809895862	False	0.02434175174637292	False	False	Ecoli	False	True	False	False	msfragger	directlfq	min	0.6609640474436812
P04995	23802290.828701586	22577809.208485533	23271365.66865076	23653775.92609242	23714890.55234676	23710552.09179556	P04995	P04995		sbcB	0	0.311404630597466	-0.029274108372239135	False	0.024368619022031166	False	False	Ecoli	False	True	False	False	msfragger	directlfq	min	0.6609640474436812
P0AG16	2841365.1431010985	2655809.6036999333	2441862.004774776	2623436.989410215	2521548.301451203	2122672.9159223987	P0AG16	P0AG16		purF	0	0.3119011309908764	0.12747340270878751	False	0.024395486297689416	False	False	Ecoli	False	True	False	False	msfragger	directlfq	min	0.6609640474436812
P36928	3349947.48182296	3031361.3814760763	3592320.0083169783	3374366.650092866	3500893.9127036403	3840276.31506626	P36928	P36928		yegD	0	0.3132789555789898	-0.10351370977835311	False	0.024422353573347665	False	False	Ecoli	False	True	False	False	msfragger	directlfq	min	0.6609640474436812
P0A7C2	17139402.24312562	17314445.845997263	16810935.78133981	15991341.391824445	16702082.108201789	17180384.67504651	P0A7C2	P0A7C2		lexA	0	0.31342423592216284	0.03968574679595062	False	0.02444922084900591	False	False	Ecoli	False	True	False	False	msfragger	directlfq	min	0.6609640474436812
P0C0L2	21813122.667690035	21165623.644043736	23549419.389170825	21002894.05378786	20977797.120389752	21705575.645014275	P0C0L2	P0C0L2		osmC	0	0.31394580158667784	0.06298295050695245	False	0.02447608812466416	False	False	Ecoli	False	True	False	False	msfragger	directlfq	min	0.6609640474436812
P0A8X0	28686113.691731147	29149382.730747946	27658890.32567901	29452466.52784075	29108435.96040637	28716030.797552686	P0A8X0	P0A8X0		yjgA	0	0.31442419489283435	-0.029770708532847676	False	0.024502955400322407	False	False	Ecoli	False	True	False	False	msfragger	directlfq	min	0.6609640474436812
P0A873	21527317.18920357	24840805.06597617	22952373.368759707	23641142.18571517	24250330.14918438	25310469.195055038	P0A873	P0A873		trmD	0	0.3164403178014398	-0.07859994407790531	False	0.02452982267598066	False	False	Ecoli	False	True	False	False	msfragger	directlfq	min	0.6609640474436812
P45799	5024147.936914464	5655768.894166285	5737366.725250778	5192286.948434815	5204230.698367207	5126592.065009031	P45799	P45799		nudE	0	0.3165571416039559	0.08079783650137132	False	0.024556689951638906	False	False	Ecoli	False	True	False	False	msfragger	directlfq	min	0.6609640474436812
P45523	205605765.34113905	207704812.33035773	209642617.85012704	206431251.9319294	207390149.1094505	201359012.98400867	P45523	P45523		fkpA	0	0.31662306191188494	0.018114201166616134	False	0.024583557227297152	False	False	Ecoli	False	True	False	False	msfragger	directlfq	min	0.6609640474436812
P17952	8767673.095379421	8977593.2256174	9834598.168799303	9719203.81645604	9222607.08444503	10036378.21349347	P17952	P17952		murC	0	0.3177088608115191	-0.0713520734102565	False	0.024610424502955402	False	False	Ecoli	False	True	False	False	msfragger	directlfq	min	0.6609640474436812
P41409	2273967.5066294256	2280557.2931970223	2230263.9890645253	2346661.9606794035	2239731.196963124	2332715.7841344154	P41409	P41409		rihA	0	0.3181040088651376	-0.028282351239818242	False	0.024637291778613648	False	False	Ecoli	False	True	False	False	msfragger	directlfq	min	0.6609640474436812
P0AEC3	5005983.070076355	4548934.475971799	4357853.762662024	4425237.347017176	4567585.811379322	4102325.172768592	P0AEC3	P0AEC3		arcB	0	0.3194128959913924	0.08737741994315358	False	0.0246641590542719	False	False	Ecoli	False	True	False	False	msfragger	directlfq	min	0.6609640474436812
P69741	5162913.961495545	5161832.505156339	5372026.3010801645	5621187.779432555	5202934.110080039	5367688.585706089	P69741	P69741		hybO	0	0.31974613928232815	-0.04479633480070567	False	0.024691026329930147	False	False	Ecoli	False	True	False	False	msfragger	directlfq	min	0.6609640474436812
P76316	5232726.813732219	5838467.730930865	5469120.3973443685	5731583.574424751	5976523.218943529	5569001.022515858	P76316	P76316		dcyD	0	0.3202536014204106	-0.06287502593379093	False	0.024717893605588393	False	False	Ecoli	False	True	False	False	msfragger	directlfq	min	0.6609640474436812
P0AF98	1034915.9404163142	963482.124999999	947010.9350982668	1027349.9839030984	1026839.8418139633	997258.8228243042	P0AF98	P0AF98		lptF	0	0.3208171908102431	-0.05102633104923439	False	0.024744760881246643	False	False	Ecoli	False	True	False	False	msfragger	directlfq	min	0.6609640474436812
P00490	48915454.30556577	50276624.165050976	49138420.22714462	49019753.77922874	50831622.47612979	51404876.18306333	P00490	P00490		malP	0	0.32090159134735297	-0.02817951457843006	False	0.024771628156904892	False	False	Ecoli	False	True	False	False	msfragger	directlfq	min	0.6609640474436812
P26602	2057461.8171944984	1871522.489232494	2050297.215123132	2207215.4922372787	2156143.184323204	1953208.67278381	P26602	P26602		ubiC	0	0.32104314256056465	-0.07916862012925577	False	0.024798495432563142	False	False	Ecoli	False	True	False	False	msfragger	directlfq	min	0.6609640474436812
P0A7D4	172736428.94947058	183650869.5303004	181129596.33845177	184207619.8033036	181227792.5657617	185020050.93182293	P0A7D4	P0A7D4		purA	0	0.32120558509460756	-0.034315740668409825	False	0.024825362708221388	False	False	Ecoli	False	True	False	False	msfragger	directlfq	min	0.6609640474436812
P0A998	55340373.000000365	56548045.43068394	63098513.81043563	53933437.13466152	56761039.53370372	54845416.4778343	P0A998	P0A998		ftnA	0	0.3213190274913987	0.0800682565164334	False	0.024852229983879634	False	False	Ecoli	False	True	False	False	msfragger	directlfq	min	0.6609640474436812
P0A7V8	599660210.1425053	620927985.7286986	624978553.2151512	599138763.0615233	599670320.3120213	614423839.479893	P0A7V8	P0A7V8		rpsD	0	0.32202782367472615	0.02549965527410263	False	0.024879097259537884	False	False	Ecoli	False	True	False	False	msfragger	directlfq	min	0.6609640474436812
P39099	32553101.185850203	31779909.07856468	33696533.92585005	33014838.68238775	34332887.640907794	33081530.421484627	P39099	P39099		degQ	0	0.32231808307034876	-0.03489109205177164	False	0.024905964535196133	False	False	Ecoli	False	True	False	False	msfragger	directlfq	min	0.6609640474436812
P68919	210150941.1238364	239050227.56514803	219749628.0654928	221179529.23929307	236440615.868248	256812208.58547324	P68919	P68919		rplY	0	0.3223221205123268	-0.09489731522323518	False	0.024932831810854383	False	False	Ecoli	False	True	False	False	msfragger	directlfq	min	0.6609640474436812
P00961	127602829.3959766	124330408.5064283	127815738.81252894	126030852.19499686	125652957.29900396	123128013.41682284	P00961	P00961		glyS	0	0.32237824619317484	0.018879615698268657	False	0.02495969908651263	False	False	Ecoli	False	True	False	False	msfragger	directlfq	min	0.6609640474436812
P18196	2748246.6756521086	2766398.240613877	2233942.1622008206	2710034.07945297	2932591.3376034177	2788963.105310944	P18196	P18196		minC	0	0.32266971164509906	-0.12187119728614475	False	0.024986566362170875	False	False	Ecoli	False	True	False	False	msfragger	directlfq	min	0.6609640474436812
P33913	1459482.9445673418	1460715.430483664	1573871.7015997584	1257996.5828022866	1454155.606300097	1492349.331948968	P33913	P33913		yejA	0	0.3231587111529807	0.09608785382314398	False	0.025013433637829128	False	False	Ecoli	False	True	False	False	msfragger	directlfq	min	0.6609640474436812
P0A832	13325607.762987878	13876193.788973024	12957505.314396726	12980065.392497431	13099736.803814149	13040806.734710632	P0A832	P0A832		smpB	0	0.32357406578008113	0.03780554245725787	False	0.025040300913487374	False	False	Ecoli	False	True	False	False	msfragger	directlfq	min	0.6609640474436812
P0ACB0	9580672.966781972	10121422.822903708	10173329.974265868	10088897.286068097	10518596.623038908	10079645.120576965	P0ACB0	P0ACB0		dnaB	0	0.3239783288521032	-0.038674875688883704	False	0.025067168189145624	False	False	Ecoli	False	True	False	False	msfragger	directlfq	min	0.6609640474436812
P03004	11840776.799878476	10738626.704033842	10450645.394465448	10642599.086241463	10145004.058638472	10594153.735834096	P03004	P03004		dnaA	0	0.32491497369580136	0.07385298281094299	False	0.02509403546480387	False	False	Ecoli	False	True	False	False	msfragger	directlfq	min	0.6609640474436812
P25524	6088346.822935173	5878477.485567314	6339896.227781286	6370122.66769788	6162388.217895948	6297882.247911516	P25524	P25524		codA	0	0.3249528586450301	-0.04068975021829759	False	0.025120902740462116	False	False	Ecoli	False	True	False	False	msfragger	directlfq	min	0.6609640474436812
P12008	7122102.012197956	7400952.980858255	8071952.4891975215	7508662.738458293	7086720.150442741	6818400.206905308	P12008	P12008		aroC	0	0.3250579332253591	0.07746434078394594	False	0.02514777001612037	False	False	Ecoli	False	True	False	False	msfragger	directlfq	min	0.6609640474436812
P37388	827365.4508262341	901688.0625	772905.4417481011	100963.63880373628	811021.9398840442	726620.2252934751	P37388	P37388		xylG	1	0.32681032624154943	0.6105892921124171	False	0.025174637291778615	False	False	Ecoli	False	True	False	False	msfragger	directlfq	min	0.6609640474436812
P0ACP1	15465085.076194204	15313054.020980006	15317045.760913968	15547111.056660436	14858404.599493396	14606466.525331885	P0ACP1	P0ACP1		cra	0	0.32695838040984176	0.03430695565818546	False	0.025201504567436864	False	False	Ecoli	False	True	False	False	msfragger	directlfq	min	0.6609640474436812
P30870	2395897.509769886	2701814.006380537	2790420.005814984	2620057.592083894	2820913.123159192	2977015.7383133	P30870	P30870		glnE	0	0.3273853570628825	-0.09379158151167451	False	0.02522837184309511	False	False	Ecoli	False	True	False	False	msfragger	directlfq	min	0.6609640474436812
P75914	19340929.11971336	20114087.35659381	19772060.460203998	20452808.92429461	19504928.88319686	21565884.4122858	P75914	P75914		ycdX	0	0.32851220420746063	-0.054883559016664946	False	0.02525523911875336	False	False	Ecoli	False	True	False	False	msfragger	directlfq	min	0.6609640474436812
P11557	21698639.7372998	22716271.655103955	22030586.554297525	21884555.590370987	22965863.50302876	23610821.51770916	P11557	P11557		damX	0	0.32871574346449445	-0.04311598401502106	False	0.02528210639441161	False	False	Ecoli	False	True	False	False	msfragger	directlfq	min	0.6609640474436812
P0A8V6	25675085.52372234	25208037.66538728	27431135.09539112	25051984.972840235	25483364.051256623	25188122.943154912	P0A8V6	P0A8V6		fadR	0	0.32934232098904404	0.04853443468227354	False	0.025308973670069856	False	False	Ecoli	False	True	False	False	msfragger	directlfq	min	0.6609640474436812
P0ACK2	2113914.8768020724	2152692.828172968	2228232.147098867	2066578.964038043	2148644.760871668	2137640.9779376187	P0ACK2	P0ACK2		agaR	0	0.32963329090092947	0.03188665819927815	False	0.025335840945728105	False	False	Ecoli	False	True	False	False	msfragger	directlfq	min	0.6609640474436812
P0AA53	3892046.518674472	3761746.036152184	3619426.6264009946	4482435.478564613	3686029.308324048	3992557.415892523	P0AA53	P0AA53		qmcA	0	0.3303906222631261	-0.10936495012998322	False	0.02536270822138635	False	False	Ecoli	False	True	False	False	msfragger	directlfq	min	0.6609640474436812
P0C0L9	1646166.3018933649	1674158.3749999993	1580483.729861158	1635253.511444447	1511498.3132276505	1599606.3190773695	P0C0L9	P0C0L9		iscX	0	0.33079751057432805	0.046198781412452226	False	0.0253895754970446	False	False	Ecoli	False	True	False	False	msfragger	directlfq	min	0.6609640474436812
P0AD01	1034090.2584520984	885657.9374999995	909211.8746692135	1034749.8097182418	929503.2347096722	1074257.5783147498	P0AD01	P0AD01		dcuR	0	0.33093552917360836	-0.10309252165804264	False	0.02541644277270285	False	False	Ecoli	False	True	False	False	msfragger	directlfq	min	0.6609640474436812
P0AEV9	258489.1006832996	342956.5624999997	379303.9044525414	331018.95243911364	391530.016175622	401084.8663421229	P0AEV9	P0AEV9		hycI	0	0.3317965000971177	-0.19621527338385944	False	0.025443310048361097	False	False	Ecoli	False	True	False	False	msfragger	directlfq	min	0.6609640474436812
P21829	7149740.299639461	7333060.360314351	6994387.193287718	7562780.098988324	7142702.421854297	7294686.689398849	P21829	P21829		ybhA	0	0.332044887046282	-0.034709515694754216	False	0.025470177324019346	False	False	Ecoli	False	True	False	False	msfragger	directlfq	min	0.6609640474436812
P25746	12671372.482852098	13888492.030913915	12960138.893253269	12697313.032578915	12757011.6533178	12672491.448683038	P25746	P25746		hflD	0	0.33322539232905873	0.0517770106932045	False	0.025497044599677596	False	False	Ecoli	False	True	False	False	msfragger	directlfq	min	0.6609640474436812
P61887	3377570.203592631	2871892.907066777	3072363.013630683	3132505.0009975936	2861682.601316613	2673977.153445053	P61887	P61887		rmlA2	0	0.33414002395123293	0.1048860282158961	False	0.025523911875335842	False	False	Ecoli	False	True	False	False	msfragger	directlfq	min	0.6609640474436812
P15770	10811775.509584896	10957468.999887668	11865562.298441809	10246423.050634958	10896691.378235592	11103884.43033994	P15770	P15770		aroE	0	0.33460149367518544	0.06079007255466355	False	0.02555077915099409	False	False	Ecoli	False	True	False	False	msfragger	directlfq	min	0.6609640474436812
P0AGG4	12957895.59205024	11801039.850200051	11561396.677150438	13647310.430400277	12755341.505827831	12017086.573530244	P0AGG4	P0AGG4		trxC	0	0.33525486623876766	-0.08107030490562556	False	0.025577646426652337	False	False	Ecoli	False	True	False	False	msfragger	directlfq	min	0.6609640474436812
P0AF93	228787206.8544008	232913376.11273643	225078077.49388763	236274352.3551685	241021965.3723525	226280259.2347736	P0AF93	P0AF93		ridA	0	0.3356968239717941	-0.03486224157926273	False	0.025604513702310587	False	False	Ecoli	False	True	False	False	msfragger	directlfq	min	0.6609640474436812
P0A6H8	1011998.6977286356	947031.3422191282	758263.9977981382	807041.0039664517	818168.2641614617	806902.2476749886	P0A6H8	P0A6H8		cls	0	0.3379059792171139	0.15996130776070847	False	0.025631380977968837	False	False	Ecoli	False	True	False	False	msfragger	directlfq	min	0.6609640474436812
P0AEB7	13948226.459192645	14128306.095565252	13234362.159649316	13312966.628789354	13249129.483871875	13700466.876845904	P0AEB7	P0AEB7		yoaB	0	0.33808771163890194	0.037083293867449955	False	0.025658248253627083	False	False	Ecoli	False	True	False	False	msfragger	directlfq	min	0.6609640474436812
P0ADU5	18460642.79255137	17704274.134118535	18096546.322773512	18240822.265253343	17193763.719019942	17588813.82848991	P0ADU5	P0ADU5		ygiW	0	0.3392149448711422	0.033298775303814684	False	0.025685115529285332	False	False	Ecoli	False	True	False	False	msfragger	directlfq	min	0.6609640474436812
P78055	1701859.2535601514	1539431.7728025622	1046034.0295019462	1657105.218424969	1701381.7336332125	1664565.1167237167	P78055	P78055		fsaA	0	0.33949811333114066	-0.22848642664315225	False	0.02571198280494358	False	False	Ecoli	False	True	False	False	msfragger	directlfq	min	0.6609640474436812
P37631	3245750.4747850266	3387758.9170126542	3115976.0990836965	3185670.430418999	3121009.503404192	3150652.096131543	P37631	P37631		yhiN	0	0.33997258139256953	0.04389283755257275	False	0.02573885008060183	False	False	Ecoli	False	True	False	False	msfragger	directlfq	min	0.6609640474436812
P0ABN5	4351071.999758471	4541248.631084355	4289478.114218476	3838303.81326786	4346005.913713476	4354044.195373185	P0ABN5	P0ABN5		dcuA	0	0.3403163604327966	0.07219929054520031	False	0.025765717356260077	False	False	Ecoli	False	True	False	False	msfragger	directlfq	min	0.6609640474436812
P0ACR9	38520007.48636594	40434449.45512085	42500145.0692465	41457532.08687048	41034834.146795474	43497001.6793515	P0ACR9	P0ACR9		mprA	0	0.3428796158295184	-0.05288483574797013	False	0.025792584631918324	False	False	Ecoli	False	True	False	False	msfragger	directlfq	min	0.6609640474436812
P37648	22117371.3641679	21772832.77489365	21633550.496760253	21357164.676837344	21851669.7937692	21658995.426641595	P37648	P37648		yhjJ	0	0.3429973900810108	0.014514853134558208	False	0.025819451907576573	False	False	Ecoli	False	True	False	False	msfragger	directlfq	min	0.6609640474436812
P0C0T5	539495.1488242329	682819.9999999994	534919.6619574581	589309.3934424727	733563.3465666956	642035.0802689228	P0C0T5	P0C0T5		mepA	0	0.34333079140134987	-0.16115464833556983	False	0.02584631918323482	False	False	Ecoli	False	True	False	False	msfragger	directlfq	min	0.6609640474436812
P37655	5167561.19684893	5451663.339776678	5217998.447085224	5339622.858862746	5301919.561242899	5714868.317424429	P37655	P37655		bcsQ	0	0.343980985856309	-0.04653681224724796	False	0.025873186458893072	False	False	Ecoli	False	True	False	False	msfragger	directlfq	min	0.6609640474436812
P76193	7631330.5648235455	7406184.900042194	7567526.193592724	7660998.682029158	7230091.002652891	6964323.93393144	P76193	P76193		ynhG	0	0.34422244284332104	0.04865389466848239	False	0.02590005373455132	False	False	Ecoli	False	True	False	False	msfragger	directlfq	min	0.6609640474436812
P0AE39	4408522.784424707	4580785.976586936	4412915.649696535	4701174.743923622	4461614.796585484	4533342.048301928	P0AE39	P0AE39		ypdB	0	0.34431341825104045	-0.031295998613512906	False	0.025926921010209564	False	False	Ecoli	False	True	False	False	msfragger	directlfq	min	0.6609640474436812
P23893	58821607.82091865	58538041.40561772	61105252.172438666	62200772.20473401	59423848.326763175	60521600.11267044	P23893	P23893		hemL	0	0.3444226598689192	-0.029456692826292766	False	0.025953788285867814	False	False	Ecoli	False	True	False	False	msfragger	directlfq	min	0.6609640474436812
P75713	502592.9104337407	666808.2499999993	534297.9397584425	504309.3834140002	474328.8856585061	538896.5404092877	P75713	P75713		ylbA	0	0.34448922379409525	0.16694094598365733	False	0.025980655561526064	False	False	Ecoli	False	True	False	False	msfragger	directlfq	min	0.6609640474436812
P13024	22230024.606346525	21891839.054793656	22086941.59210977	21899589.190770604	22594533.83767938	22553506.994950768	P13024	P13024		fdhE	0	0.3447334384552504	-0.018163240193680166	False	0.026007522837184313	False	False	Ecoli	False	True	False	False	msfragger	directlfq	min	0.6609640474436812
P0AEV1	222030.2978681334	255104.85940000025	203887.2114428993	214250.0550900126	206713.19464919943	204993.23115787952	P0AEV1	P0AEV1		hnr	0	0.3450447013957102	0.121639826986291	False	0.02603439011284256	False	False	Ecoli	False	True	False	False	msfragger	directlfq	min	0.6609640474436812
P0ACF4	103308248.61228284	109078674.94695912	101101613.29882044	111093453.70086756	111410671.5578572	102823088.40369648	P0ACF4	P0ACF4		hupB	0	0.34573745686617696	-0.05347881919658775	False	0.026061257388500805	False	False	Ecoli	False	True	False	False	msfragger	directlfq	min	0.6609640474436812
P0ADA1	3386205.553149071	3306470.558917024	3453434.954208421	3421267.9740590164	3273699.950071984	3185450.57689175	P0ADA1	P0ADA1		tesA	0	0.34611779025541833	0.03828280250878439	False	0.026088124664159055	False	False	Ecoli	False	True	False	False	msfragger	directlfq	min	0.6609640474436812
P28903	29069167.891199708	29253297.52005262	29774455.84114173	29256688.777262434	29737897.83405393	30284397.877532024	P28903	P28903		nrdD	0	0.34634984951348685	-0.019229015445170104	False	0.026114991939817304	False	False	Ecoli	False	True	False	False	msfragger	directlfq	min	0.6609640474436812
P60390	15681778.324732792	16357220.9734113	15773498.557740249	15649457.72618557	16782293.323455416	16858905.661913134	P60390	P60390		rsmH	0	0.346723297336432	-0.0439264245223191	False	0.026141859215475554	False	False	Ecoli	False	True	False	False	msfragger	directlfq	min	0.6609640474436812
P76034	7525052.110483002	7486180.679347522	7771069.24806039	7306032.187259284	7571497.959713307	7520783.486032958	P76034	P76034		yciT	0	0.3492949709408566	0.02452341555005951	False	0.0261687264911338	False	False	Ecoli	False	True	False	False	msfragger	directlfq	min	0.6609640474436812
P0AG80	557539.6750009091	593426.6875000007	695250.8149100702	437921.8320836615	616006.6065136646	575000.3541343646	P0AG80	P0AG80		ugpB	0	0.34950876119105945	0.1806487335364135	False	0.026195593766792046	False	False	Ecoli	False	True	False	False	msfragger	directlfq	min	0.6609640474436812
P76055	4994109.270542049	5034482.627202492	4926364.239487779	4759010.956281918	5023621.503495662	4891921.727270653	P76055	P76055		ttcA	0	0.349565477344617	0.027307004124192263	False	0.0262224610424503	False	False	Ecoli	False	True	False	False	msfragger	directlfq	min	0.6609640474436812
P13016	7165904.231978495	6412890.633667474	6856093.955581784	7040758.772884398	7122468.909061385	7064862.880312475	P13016	P13016		ampD	0	0.34965797434681695	-0.05494021442871482	False	0.026249328318108545	False	False	Ecoli	False	True	False	False	msfragger	directlfq	min	0.6609640474436812
P77690	892508.6881512012	825159.5000000007	946442.9933637348	841943.4598820115	1037864.1793783158	1019595.6352555816	P77690	P77690		arnB	0	0.3503634019599577	-0.12210171832850708	False	0.026276195593766795	False	False	Ecoli	False	True	False	False	msfragger	directlfq	min	0.6609640474436812
P39384	2288523.419574633	1971383.3362102709	1883701.52939731	1894228.1954562864	1918709.953445173	1886024.3207787408	P39384	P39384		yjiM	0	0.3511952787676676	0.10838694124966954	False	0.02630306286942504	False	False	Ecoli	False	True	False	False	msfragger	directlfq	min	0.6609640474436812
P0A7I7	21031545.58175644	21255087.60225401	21779747.481489163	19085315.89944714	21074060.049401574	21337171.6198355	P0A7I7	P0A7I7		ribA	0	0.3521778068743506	0.059062070431814745	False	0.026329930145083287	False	False	Ecoli	False	True	False	False	msfragger	directlfq	min	0.6609640474436812
P0A9H1	4443665.896464193	5198561.361945894	5395881.296971372	4751484.435656343	4508143.625514553	4732707.796736093	P0A9H1	P0A9H1		mug	0	0.35270025655513587	0.10398629713024536	False	0.02635679742074154	False	False	Ecoli	False	True	False	False	msfragger	directlfq	min	0.6609640474436812
P0A843	9862089.37685236	10208516.87924935	11019203.915280009	9859980.7623638	9160347.701040303	10463810.208403377	P0A843	P0A843		tatE	0	0.3530954515951816	0.07650275894603498	False	0.026383664696399786	False	False	Ecoli	False	True	False	False	msfragger	directlfq	min	0.6609640474436812
P0ABK5	223522509.6391035	235365264.13411275	232730191.9575129	235999733.5916441	232319921.17431483	236279809.91424373	P0ABK5	P0ABK5		cysK	0	0.3532287244230733	-0.026828033284214226	False	0.026410531972058036	False	False	Ecoli	False	True	False	False	msfragger	directlfq	min	0.6609640474436812
Q46856	29283229.32455072	29253500.3144565	30427113.867643222	29762156.980819702	29098276.96494554	28313186.210929293	Q46856	Q46856		yqhD	0	0.35440567616301866	0.029327494964483447	False	0.026437399247716282	False	False	Ecoli	False	True	False	False	msfragger	directlfq	min	0.6609640474436812
P18390	4545857.781430929	4613740.7110818	4867968.495591156	4625465.159901197	4920427.168169779	4914332.796003318	P18390	P18390		yjjA	0	0.35541772460207083	-0.04382521070870598	False	0.02646426652337453	False	False	Ecoli	False	True	False	False	msfragger	directlfq	min	0.6609640474436812
P0ADZ0	14729206.50879492	14833264.127927924	13562491.11046286	13593432.200207677	14631732.967984084	12748837.307413723	P0ADZ0	P0ADZ0		rplW	0	0.3555638528678096	0.07381435016741494	False	0.02649113379903278	False	False	Ecoli	False	True	False	False	msfragger	directlfq	min	0.6609640474436812
P52006	2633745.7432551626	2542818.25693604	2213561.3522961377	2465458.8855627044	2269527.845261766	2161856.12750804	P52006	P52006		nudI	0	0.3566285456517628	0.09966273985160719	False	0.026518001074691027	False	False	Ecoli	False	True	False	False	msfragger	directlfq	min	0.6609640474436812
P0AD70	2981205.382841845	3227980.3317084904	2953732.0474248794	2824897.43923984	2739717.789042391	3132534.9306578794	P0AD70	P0AD70		ampH	0	0.35774697376510833	0.07526432817521202	False	0.026544868350349277	False	False	Ecoli	False	True	False	False	msfragger	directlfq	min	0.6609640474436812
P60560	11007435.748843588	11484304.387737367	11835977.2913445	11375355.50290689	10240702.43485684	11315113.11449624	P60560	P60560		guaC	0	0.3585466206772852	0.059920114608505076	False	0.026571735626007523	False	False	Ecoli	False	True	False	False	msfragger	directlfq	min	0.6609640474436812
P0ABG4	1850268.47803349	1284104.5575884555	1557859.7830125878	1556142.822780969	1307824.5786230003	1214278.2111139123	P0ABG4	P0ABG4		ftsW	0	0.3586040983957086	0.20232593426657638	False	0.026598602901665772	False	False	Ecoli	False	True	False	False	msfragger	directlfq	min	0.6609640474436812
P0C037	12416606.505663889	11680779.241733309	12448579.124725075	11913544.308874754	12819043.699685847	13517232.652174324	P0C037	P0C037		yaiE	0	0.3588440742026373	-0.06574086001590952	False	0.026625470177324022	False	False	Ecoli	False	True	False	False	msfragger	directlfq	min	0.6609640474436812
P0A9F6	422412.9980749759	403742.375	468460.6881158988	435281.7045142978	379974.31670909096	401157.359515202	P0A9F6	P0A9F6		gcvA	0	0.3591369314972784	0.08989071593584652	False	0.026652337452982268	False	False	Ecoli	False	True	False	False	msfragger	directlfq	min	0.6609640474436812
P00935	2817770.514554978	3064085.389642252	2993919.14103729	3077698.3704989734	3145569.757408977	2945375.020795024	P00935	P00935		metB	0	0.3599125899920264	-0.04683514454962761	False	0.026679204728640517	False	False	Ecoli	False	True	False	False	msfragger	directlfq	min	0.6609640474436812
P0A780	33393866.703628875	36857559.7743426	33459344.661648776	32042300.295251425	33931773.947001114	33584216.65600536	P0A780	P0A780		nusB	0	0.3603868796780665	0.05895236748555877	False	0.026706072004298767	False	False	Ecoli	False	True	False	False	msfragger	directlfq	min	0.6609640474436812
P33232	2203314.379368253	2434915.272538657	2166919.959417612	2171871.4887851523	2486214.2767228056	2795219.584119934	P33232	P33232		lldD	0	0.3604127524931753	-0.13125348595479336	False	0.026732939279957013	False	False	Ecoli	False	True	False	False	msfragger	directlfq	min	0.6609640474436812
P0AGB6	14932534.092419123	14979451.121051904	15514662.958516704	14498762.820296412	15236627.774325084	14810661.414650096	P0AGB6	P0AGB6		rpoE	0	0.3605537135405561	0.028241283917109176	False	0.026759806555615263	False	False	Ecoli	False	True	False	False	msfragger	directlfq	min	0.6609640474436812
P13035	27760240.58588633	29310198.504534718	29904784.847634424	27608438.03603526	28654533.88157828	28400037.610149585	P13035	P13035		glpD	0	0.360654129284771	0.03887271515682074	False	0.02678667383127351	False	False	Ecoli	False	True	False	False	msfragger	directlfq	min	0.6609640474436812
P0AES6	97625070.42921212	98140711.43834548	101587886.36704768	96149782.77207495	97222814.75769584	99189476.95104104	P0AES6	P0AES6		gyrB	0	0.36099092381689935	0.02343711169715271	False	0.026813541106931762	False	False	Ecoli	False	True	False	False	msfragger	directlfq	min	0.6609640474436812
P0A9M2	23621458.410637803	24309942.2034844	21287194.236617114	24138228.841707464	24129147.248819526	24168451.969978537	P0A9M2	P0A9M2		hpt	0	0.3617678480575782	-0.06554380185457732	False	0.026840408382590008	False	False	Ecoli	False	True	False	False	msfragger	directlfq	min	0.6609640474436812
P0A6V8	40304394.72521799	39652130.49228028	39553172.6572036	40002244.80190493	39905428.014966376	40575714.6926034	P0A6V8	P0A6V8		glk	0	0.3619506860555985	-0.011706544901899867	False	0.026867275658248254	False	False	Ecoli	False	True	False	False	msfragger	directlfq	min	0.6609640474436812
P0ADC3	3113578.2216311786	3222739.118721856	3225565.398321055	2890775.5522632026	3096286.147028104	3227951.0820125844	P0ADC3	P0ADC3		lolC	0	0.3629482115734859	0.05330854653953471	False	0.026894142933906504	False	False	Ecoli	False	True	False	False	msfragger	directlfq	min	0.6609640474436812
P23871	7491606.214985541	7941544.916359156	7768451.528540952	7781614.39725658	7509378.774709324	7353009.312114978	P23871	P23871		hemH	0	0.3632100388943397	0.03509547648777903	False	0.02692101020956475	False	False	Ecoli	False	True	False	False	msfragger	directlfq	min	0.6609640474436812
P46122	609865.2151255028	620986.3749999993	547787.8231600514	696412.1261598278	566061.9198519193	658195.769983413	P46122	P46122		yajI	0	0.36386705829934796	-0.11083546523929406	False	0.026947877485223003	False	False	Ecoli	False	True	False	False	msfragger	directlfq	min	0.6609640474436812
P0A9D2	20341287.764097568	20048866.72183318	21077972.926753376	19438165.419528957	20730842.693179738	19780020.61161961	P0A9D2	P0A9D2		gstA	0	0.36545680697137506	0.03610215522625805	False	0.02697474476088125	False	False	Ecoli	False	True	False	False	msfragger	directlfq	min	0.6609640474436812
P0A6F1	41971069.9363568	46483409.56191645	45241674.28121518	44944901.05253568	45981670.992213786	47703351.9010066	P0A6F1	P0A6F1		carA	0	0.36551683505839955	-0.052280741813993975	False	0.027001612036539495	False	False	Ecoli	False	True	False	False	msfragger	directlfq	min	0.6609640474436812
P0AD10	8454693.911372917	8811806.261851996	7728110.0989865875	9473371.240420612	8167805.749824442	8869402.695335101	P0AD10	P0AD10		yecJ	0	0.3655988896949237	-0.08495118479207193	False	0.027028479312197744	False	False	Ecoli	False	True	False	False	msfragger	directlfq	min	0.6609640474436812
P10378	1336440.9097658584	1333670.4357690904	1114234.6439659286	1275232.995887202	1126588.0069226744	1099157.1900080347	P10378	P10378		entE	0	0.3657017253417172	0.11228591984609482	False	0.02705534658785599	False	False	Ecoli	False	True	False	False	msfragger	directlfq	min	0.6609640474436812
P0AEU0	14199044.122295989	13709135.759214666	14061252.30708593	14142416.288026946	14371096.31593482	14011655.031219222	P0AEU0	P0AEU0		hisJ	0	0.3663698843363671	-0.018977978141076348	False	0.027082213863514244	False	False	Ecoli	False	True	False	False	msfragger	directlfq	min	0.6609640474436812
P0AEI4	27444648.069059223	26379364.151356164	27955527.70029244	28812067.30535666	27877694.408608727	27136634.39677384	P0AEI4	P0AEI4		rimO	0	0.3669743350345445	-0.03566465949364445	False	0.02710908113917249	False	False	Ecoli	False	True	False	False	msfragger	directlfq	min	0.6609640474436812
P0AA86	2122799.641605157	2382894.05607901	2323183.38790271	2187046.4669575114	2517664.074511889	2569889.623108969	P0AA86	P0AA86		dsbE	0	0.3670954649817021	-0.09121958827380444	False	0.027135948414830736	False	False	Ecoli	False	True	False	False	msfragger	directlfq	min	0.6609640474436812
P0AE48	11189993.076012768	11708537.696511025	10973061.876680031	11269738.003752628	11886633.455664052	11577797.04190201	P0AE48	P0AE48		ytfP	0	0.36715928949116494	-0.03627973693249975	False	0.027162815690488985	False	False	Ecoli	False	True	False	False	msfragger	directlfq	min	0.6609640474436812
P0AFD4	2765627.375890183	2676640.500000003	2470340.866828291	2565610.7787194736	2508372.6529214587	2535432.434364285	P0AFD4	P0AFD4		nuoH	0	0.36717553724852264	0.056367711559028096	False	0.027189682966147235	False	False	Ecoli	False	True	False	False	msfragger	directlfq	min	0.6609640474436812
P76027	2047763.0312635284	1785907.395373948	1909396.673048268	1915611.4180518768	1649523.612121005	1844427.491413296	P76027	P76027		oppD	0	0.3685328037410179	0.08630949156088358	False	0.027216550241805484	False	False	Ecoli	False	True	False	False	msfragger	directlfq	min	0.6609640474436812
P0ABF6	35227639.15884683	35245051.896238655	35939684.25190417	36264061.978039615	36093731.60938687	35252436.33771748	P0ABF6	P0ABF6		cdd	0	0.36894158280501504	-0.01614929376589156	False	0.02724341751746373	False	False	Ecoli	False	True	False	False	msfragger	directlfq	min	0.6609640474436812
P27550	55924.14641241899	564099.8722180212	595107.4911221657	508154.0579365522	522859.319900427	812928.8641219684	P27550	P27550		acs	1	0.3699749690963705	-0.6016810062535453	False	0.027270284793121977	False	False	Ecoli	False	True	False	False	msfragger	directlfq	min	0.6609640474436812
P0A8N0	657501.7944393271	475086.03120000026	433506.926256056	465627.6372463979	461726.5199156501	401181.0013159166	P0A8N0	P0A8N0		matP	0	0.37002891119816606	0.2373350932838667	False	0.02729715206878023	False	False	Ecoli	False	True	False	False	msfragger	directlfq	min	0.6609640474436812
P0A8U2	154830.51281076012	125288.9219000001	95679.06917269331	139833.4921819611	128889.32961340842	172260.5959781396	P0A8U2	P0A8U2		yafD	0	0.3725583799189526	-0.2307650842201023	False	0.027324019344438476	False	False	Ecoli	False	True	False	False	msfragger	directlfq	min	0.6609640474436812
P0AEI6	10674376.476949064	11484249.631341096	11343671.822298694	11398313.508562207	11267888.031700816	11720199.530259214	P0AEI6	P0AEI6		nudJ	0	0.37375018070320803	-0.037578075497385906	False	0.027350886620096725	False	False	Ecoli	False	True	False	False	msfragger	directlfq	min	0.6609640474436812
P31658	14564229.139995895	14494787.489033071	13573565.553042691	13251550.79159412	13977317.310043572	14139820.513418486	P31658	P31658		hchA	0	0.37396825235584785	0.04341721455015275	False	0.02737775389575497	False	False	Ecoli	False	True	False	False	msfragger	directlfq	min	0.6609640474436812
P00946	44856676.4993955	43872301.71425569	42905737.91420659	43632431.36302219	42739914.672928326	43307531.75091054	P00946	P00946		manA	0	0.37529817718660236	0.021585386017859472	False	0.027404621171413217	False	False	Ecoli	False	True	False	False	msfragger	directlfq	min	0.6609640474436812
P23909	36390381.05806694	36373489.418766506	36478983.57864	36448839.86672016	36496736.09406446	37804545.36398363	P23909	P23909		mutS	0	0.37530876627304693	-0.019769367976938162	False	0.02743148844707147	False	False	Ecoli	False	True	False	False	msfragger	directlfq	min	0.6609640474436812
P00803	10700519.956291605	10646389.758031849	12255173.256680395	10708333.472808016	10514869.1162621	10590575.079030732	P00803	P00803		lepB	0	0.3756676670152679	0.07889897529242113	False	0.027458355722729717	False	False	Ecoli	False	True	False	False	msfragger	directlfq	min	0.6609640474436812
P25437	24101379.95024822	23103757.028903604	22214770.574033838	24504681.745100696	23384073.17875795	23511323.46794676	P25437	P25437		frmA	0	0.37595293918840933	-0.04057621429952803	False	0.027485222998387966	False	False	Ecoli	False	True	False	False	msfragger	directlfq	min	0.6609640474436812
P21367	8017248.367508516	8546148.641160363	8343230.161107257	7472318.041556504	8156591.494340599	8338837.459624654	P21367	P21367		ycaC	0	0.37623609884969866	0.055435366660496636	False	0.027512090274046212	False	False	Ecoli	False	True	False	False	msfragger	directlfq	min	0.6609640474436812
P0A6U5	16580134.200976312	16807965.642044835	15526391.067442974	17478352.3746329	16214333.847007314	16826225.97391604	P0A6U5	P0A6U5		rsmG	0	0.37645351328820453	-0.04656164777461202	False	0.02753895754970446	False	False	Ecoli	False	True	False	False	msfragger	directlfq	min	0.6609640474436812
P0A894	8548338.734772978	7967876.522524591	7713076.091462106	8094017.279514243	7456780.550040427	7754705.305319429	P0A894	P0A894		yhbJ	0	0.3785280310921385	0.056081550799122595	False	0.02756582482536271	False	False	Ecoli	False	True	False	False	msfragger	directlfq	min	0.6609640474436812
P69829	1630410.592409649	1586346.6185372886	1781304.9001176958	1696446.7041872975	1796979.1571540092	1710581.5130419496	P69829	P69829		ptsN	0	0.37905335691183983	-0.05825417649087373	False	0.027592692101020957	False	False	Ecoli	False	True	False	False	msfragger	directlfq	min	0.6609640474436812
P06722	498670.0721956262	564129.7500000001	442091.9151277472	495905.2509664206	423593.102295174	460456.99024869694	P06722	P06722		mutH	0	0.3790901044585814	0.1250381215424903	False	0.027619559376679207	False	False	Ecoli	False	True	False	False	msfragger	directlfq	min	0.6609640474436812
P0A884	27201837.020643584	26914724.91423368	27590974.483847834	28065834.764087334	25487576.37453244	24879238.4488162	P0A884	P0A884		thyA	0	0.38017361418134693	0.05901481575800361	False	0.027646426652337453	False	False	Ecoli	False	True	False	False	msfragger	directlfq	min	0.6609640474436812
P0A8S1	9851686.369210253	9953014.676832376	9513207.3607586	9658533.17985594	9603495.474745138	9611524.95460944	P0A8S1	P0A8S1		iciA	0	0.38121913484859177	0.02203350461689238	False	0.027673293927995703	False	False	Ecoli	False	True	False	False	msfragger	directlfq	min	0.6609640474436812
P39411	3841069.250823695	3742019.928953239	3521392.880558624	3726998.848854887	3828274.291302797	3871378.39218399	P39411	P39411		yjjX	0	0.38183340966577856	-0.04126059421683872	False	0.027700161203653952	False	False	Ecoli	False	True	False	False	msfragger	directlfq	min	0.6609640474436812
P0ACA3	85404192.92792898	79545986.27915195	78205872.34420234	84749270.28205016	82879103.52245815	82907424.95659065	P0ACA3	P0ACA3		sspA	0	0.3828337554208905	-0.04313426599513261	False	0.0277270284793122	False	False	Ecoli	False	True	False	False	msfragger	directlfq	min	0.6609640474436812
P60595	2806028.688874011	2919930.063447349	2692266.109568371	2877911.7262637746	2798703.438829845	3000095.5445835907	P60595	P60595		hisH	0	0.38381684538707667	-0.043632182570213916	False	0.027753895754970448	False	False	Ecoli	False	True	False	False	msfragger	directlfq	min	0.6609640474436812
P19926	13364658.291916791	13656774.815685151	13138948.220537417	13174512.017699178	13910728.2092434	13968773.64551019	P19926	P19926		agp	0	0.38405190642826037	-0.031750314015013686	False	0.027780763030628697	False	False	Ecoli	False	True	False	False	msfragger	directlfq	min	0.6609640474436812
P18843	61031881.04116287	62333662.84765276	60281656.811038844	60781806.8880105	60743495.40876342	60114472.99906553	P18843	P18843		nadE	0	0.384098501940308	0.015856748367757405	False	0.027807630306286944	False	False	Ecoli	False	True	False	False	msfragger	directlfq	min	0.6609640474436812
P37349	10035515.618228212	10808083.84339105	10219918.724698666	10441362.947907696	10654071.51876972	10748626.284510862	P37349	P37349		dhaM	0	0.3851930112912733	-0.035803084455863714	False	0.027834497581945193	False	False	Ecoli	False	True	False	False	msfragger	directlfq	min	0.6609640474436812
P0AC41	12518467.180987077	13457814.905124675	13144568.51413196	11594597.706255214	13105132.307326896	12805886.380094098	P0AC41	P0AC41		sdhA	0	0.38520634303303924	0.06083108640255634	False	0.02786136485760344	False	False	Ecoli	False	True	False	False	msfragger	directlfq	min	0.6609640474436812
P68398	962003.0002822396	1025144.5966984496	938081.8489528074	884726.7616148933	977064.1579882331	952667.6579382234	P68398	P68398		tadA	0	0.3854738650129893	0.05569237450578983	False	0.02788823213326169	False	False	Ecoli	False	True	False	False	msfragger	directlfq	min	0.6609640474436812
P08245	2059293.288850632	2081550.3886274607	2167881.0464308304	1996099.1763758063	2163529.0165702053	1802821.4330150157	P08245	P08245		yciH	0	0.3857100291125511	0.08144322884315187	False	0.02791509940891994	False	False	Ecoli	False	True	False	False	msfragger	directlfq	min	0.6609640474436812
P27431	7544799.996577745	7969455.029660238	7821169.066506178	7216103.743779957	7696768.227780433	7784286.335895128	P27431	P27431		ycfD	0	0.3863331411710663	0.040010003880978924	False	0.027941966684578184	False	False	Ecoli	False	True	False	False	msfragger	directlfq	min	0.6609640474436812
P10121	45177077.863505065	43236036.36306877	42755524.2057845	43978409.67013007	42470645.0966522	41922583.99649931	P10121	P10121		ftsY	0	0.38912586086858764	0.03109632016125636	False	0.027968833960236434	False	False	Ecoli	False	True	False	False	msfragger	directlfq	min	0.6609640474436812
P0A800	126216103.4779478	126448267.15745167	122476518.41008703	119376872.71370804	124199963.30477215	125126170.29932064	P0A800	P0A800		rpoZ	0	0.38930163909971277	0.02497334040932403	False	0.02799570123589468	False	False	Ecoli	False	True	False	False	msfragger	directlfq	min	0.6609640474436812
P0A7L0	504748660.4067336	557729309.0341314	593479579.3309807	523657225.88927263	531135604.3338328	516900515.8421829	P0A7L0	P0A7L0		rplA	0	0.38976219015730124	0.07534592911759205	False	0.028022568511552933	False	False	Ecoli	False	True	False	False	msfragger	directlfq	min	0.6609640474436812
P07017	16924053.653058708	18218778.554403115	17681584.103689604	16882961.971898507	17455035.489765093	17232633.81214287	P07017	P07017		tar	0	0.3898119906695373	0.03465521542917491	False	0.02804943578721118	False	False	Ecoli	False	True	False	False	msfragger	directlfq	min	0.6609640474436812
P00962	96244112.016851	92478579.693541	95074727.1544171	94270424.69290836	93112226.1761526	92714814.85456596	P00962	P00962		glnS	0	0.3899022209197142	0.018932537957518654	False	0.028076303062869425	False	False	Ecoli	False	True	False	False	msfragger	directlfq	min	0.6609640474436812
P21893	3342334.6729387515	3249380.448104772	3719581.584164433	3250449.4182517105	3428626.771370882	3136367.1179748005	P21893	P21893		recJ	0	0.39030231576537755	0.071100438778676	False	0.028103170338527675	False	False	Ecoli	False	True	False	False	msfragger	directlfq	min	0.6609640474436812
P0A6Q6	58513630.57223385	60425200.34749252	57334227.19106269	59818263.05051846	56860299.77854993	53323825.77517804	P0A6Q6	P0A6Q6		fabZ	0	0.39230656602330566	0.05225697044869941	False	0.02813003761418592	False	False	Ecoli	False	True	False	False	msfragger	directlfq	min	0.6609640474436812
P46474	2206365.8586936886	1864529.4032321635	1710784.6717347295	2324401.659442523	2023734.7914603504	1965832.916234474	P46474	P46474		yhdP	0	0.3928224609264142	-0.12705851599662996	False	0.028156904889844174	False	False	Ecoli	False	True	False	False	msfragger	directlfq	min	0.6609640474436812
P0AF63	7209683.627710991	7346985.561526864	8000478.62466272	7625358.565236439	7653750.831700765	8139669.572895935	P0AF63	P0AF63		nsrR	0	0.39289865855763373	-0.05408119616980733	False	0.02818377216550242	False	False	Ecoli	False	True	False	False	msfragger	directlfq	min	0.6609640474436812
P45568	770428.981522465	778015.9375	779168.771802237	787214.1524108283	756725.4745039333	672680.3855630908	P45568	P45568		dxr	0	0.3929566233398061	0.07049016186866643	False	0.028210639441160666	False	False	Ecoli	False	True	False	False	msfragger	directlfq	min	0.6609640474436812
P29208	10449650.073490957	10511548.017323418	10411473.407827573	10372911.223196078	10595792.334286535	11101405.625505377	P29208	P29208		menC	0	0.39361243965803716	-0.03172088024271138	False	0.028237506716818916	False	False	Ecoli	False	True	False	False	msfragger	directlfq	min	0.6609640474436812
P0ABX2	10006945.664967377	8566107.188554397	7763344.161698027	8154040.187463857	8678256.419400012	7218213.520842028	P0ABX2	P0ABX2		flgC	0	0.3939250392116888	0.13099049447246847	False	0.028264373992477165	False	False	Ecoli	False	True	False	False	msfragger	directlfq	min	0.6609640474436812
P04425	41649498.31445369	42816670.46409784	43747800.03992043	43635406.803483024	43423606.44854756	43113929.30012332	P04425	P04425		gshB	0	0.3956724186476096	-0.021876153305486395	False	0.028291241268135415	False	False	Ecoli	False	True	False	False	msfragger	directlfq	min	0.6609640474436812
P76116	22945536.293689106	23037178.45974545	23826580.257834643	23216772.03531215	22974643.064653	22676008.591786813	P76116	P76116		yncE	0	0.3965065564975636	0.01959743479765468	False	0.02831810854379366	False	False	Ecoli	False	True	False	False	msfragger	directlfq	min	0.6609640474436812
P0A9A2	1432822.2960746249	1274308.0168572816	1214406.561462741	1249375.497608406	1207854.0412958458	1254718.9559244353	P0A9A2	P0A9A2		ftnB	0	0.3966415837776088	0.07924247373414971	False	0.028344975819451907	False	False	Ecoli	False	True	False	False	msfragger	directlfq	min	0.6609640474436812
P31825	1314574.4979530638	1325879.4214670465	1254441.937732315	1314698.403039537	1267946.7593339218	1059911.317585351	P31825	P31825		yfiC	0	0.39695362616314234	0.09663341131727729	False	0.028371843095110157	False	False	Ecoli	False	True	False	False	msfragger	directlfq	min	0.6609640474436812
P39342	10309025.611643571	10548092.898989828	11084511.57030744	10139224.65499688	10930548.225177756	9412428.491639774	P39342	P39342		yjgR	0	0.39755380127249973	0.06747084432054842	False	0.028398710370768406	False	False	Ecoli	False	True	False	False	msfragger	directlfq	min	0.6609640474436812
P06710	5799655.615838891	5595808.249805571	5761339.090529623	5379009.111302312	5698041.373902354	5712596.44176652	P06710	P06710		dnaX	0	0.3976121936690774	0.031208850435055037	False	0.028425577646426656	False	False	Ecoli	False	True	False	False	msfragger	directlfq	min	0.6609640474436812
P27832	892033.1959529778	710054.1877767186	691801.3215306366	891081.5383070174	807584.9326041942	804290.8288367463	P27832	P27832		wecD	0	0.3982345347416369	-0.1258382825041054	False	0.028452444922084902	False	False	Ecoli	False	True	False	False	msfragger	directlfq	min	0.6609640474436812
P06846	5647039.874166497	5842137.4973154245	5769661.871559928	5353911.403401772	5731720.574358824	5751636.596078712	P06846	P06846		ebgR	0	0.3995065330667737	0.035677322017263646	False	0.028479312197743148	False	False	Ecoli	False	True	False	False	msfragger	directlfq	min	0.6609640474436812
P07658	5745038.777060394	5575509.431017139	6082060.363800384	5997114.508408293	5911754.95504965	5967616.167392167	P07658	P07658		fdhF	0	0.4001595266775158	-0.03875956678089276	False	0.0285061794734014	False	False	Ecoli	False	True	False	False	msfragger	directlfq	min	0.6609640474436812
P0AE70	4114702.6078362903	4338945.258204222	4531335.383956319	3996328.0964601785	4267574.374961448	4287560.786263163	P0AE70	P0AE70		mazF	0	0.4004803374663265	0.04898858871101192	False	0.028533046749059647	False	False	Ecoli	False	True	False	False	msfragger	directlfq	min	0.6609640474436812
P69902	7349066.708617495	7409054.341204951	7377240.6313032415	7188000.201761228	7495936.224548479	6955816.836089039	P69902	P69902		frc	0	0.4017450499903401	0.03266889699496954	False	0.028559914024717897	False	False	Ecoli	False	True	False	False	msfragger	directlfq	min	0.6609640474436812
P76406	897272.5819014579	833300.4325962687	801205.4620976407	816450.6334503286	846553.99850268	764221.4887932629	P76406	P76406		yegR	0	0.4018785578058391	0.060842662147623995	False	0.028586781300376143	False	False	Ecoli	False	True	False	False	msfragger	directlfq	min	0.6609640474436812
P0AGG0	5802628.781897724	6481904.974986031	6135651.774233618	6602633.338934205	6316564.072109997	6170258.350201924	P0AGG0	P0AGG0		thiL	0	0.4020170658539619	-0.05148837965319851	False	0.02861364857603439	False	False	Ecoli	False	True	False	False	msfragger	directlfq	min	0.6609640474436812
Q57154	2906326.276566316	3334911.726472042	2892609.273821844	3001339.608432932	3221992.087837015	3466213.511330734	Q57154	Q57154		repB	0	0.402262075075404	-0.08520628508011761	False	0.028640515851692642	False	False	Ecoli	False	True	False	False	msfragger	directlfq	min	0.6609640474436812
P33920	21603938.95701381	20501556.1736556	21412341.77747724	21409993.47980532	20482010.683475237	20245636.618137605	P33920	P33920		yejK	0	0.40263130948413234	0.03169431572467594	False	0.028667383127350888	False	False	Ecoli	False	True	False	False	msfragger	directlfq	min	0.6609640474436812
P0A7A5	2235801.015514008	2372902.6468381067	2559824.611203844	2464154.786599121	2418242.187363135	2599395.836429348	P0A7A5	P0A7A5		pcm	0	0.40272961530497714	-0.061707056114540026	False	0.028694250403009137	False	False	Ecoli	False	True	False	False	msfragger	directlfq	min	0.6609640474436812
P75992	136513.19000592522	244959.79689999984	205692.7995840476	124575.02395401988	148802.35958094144	203026.80006159557	P75992	P75992		ymgA	0	0.40496603894470273	0.3015818239182207	False	0.028721117678667384	False	False	Ecoli	False	True	False	False	msfragger	directlfq	min	0.6609640474436812
P15043	1122170.670633702	1160767.9824823944	1260666.052997758	1164113.4908299202	1103337.4463848956	1143668.1079081798	P15043	P15043		recQ	0	0.4050139290883922	0.05497257364323461	False	0.02874798495432563	False	False	Ecoli	False	True	False	False	msfragger	directlfq	min	0.6609640474436812
P0A8P3	50252692.60141102	49693913.474357046	51231963.20916452	50761597.7345989	48776989.84587102	49588956.08375397	P0A8P3	P0A8P3		yggX	0	0.40531464010763985	0.019706894891175133	False	0.028774852229983883	False	False	Ecoli	False	True	False	False	msfragger	directlfq	min	0.6609640474436812
P0A9I8	4860303.585462914	4358833.379324481	4589415.020398476	4766005.471052628	4093448.365919723	4243655.652178621	P0A9I8	P0A9I8		nirD	0	0.40562353074719004	0.07565282401851271	False	0.02880171950564213	False	False	Ecoli	False	True	False	False	msfragger	directlfq	min	0.6609640474436812
P22523	43497113.451586425	43555189.48751283	43543595.49749655	42303590.7695921	43687568.624120265	43309929.65965954	P22523	P22523		mukB	0	0.4057393975250648	0.014375161092245063	False	0.02882858678130038	False	False	Ecoli	False	True	False	False	msfragger	directlfq	min	0.6609640474436812
P0AAA1	13140730.595585488	12874313.38490881	12615596.855909249	13120846.233600857	12979810.57428286	13007009.82659628	P0AAA1	P0AAA1		yagU	0	0.4064196427587637	-0.017705849632110342	False	0.028855454056958624	False	False	Ecoli	False	True	False	False	msfragger	directlfq	min	0.6609640474436812
P64545	758493.2658708066	685327.7499999992	781828.9111723403	775571.4428165328	815256.576541805	737460.5678662095	P64545	P64545		yfgG	0	0.4075088004877399	-0.06504320010041259	False	0.028882321332616874	False	False	Ecoli	False	True	False	False	msfragger	directlfq	min	0.6609640474436812
P31120	54979796.02539435	56698105.63499946	57354747.83042948	57364736.02913661	56809898.3515901	57066188.1453914	P31120	P31120		glmM	0	0.4087614509219776	-0.018724733310159763	False	0.028909188608275124	False	False	Ecoli	False	True	False	False	msfragger	directlfq	min	0.6609640474436812
P25736	5655368.679068841	5330355.788338299	5820148.11870799	5424898.526137148	5268748.452713007	5619235.232030395	P25736	P25736		endA	0	0.408892418753079	0.04295374705354435	False	0.02893605588393337	False	False	Ecoli	False	True	False	False	msfragger	directlfq	min	0.6609640474436812
P38051	746630.6921401419	772817.0000000005	650206.556701454	634896.6909359639	588591.7449352952	765205.9617762383	P38051	P38051		menF	0	0.40941527279695294	0.1256435619051124	False	0.02896292315959162	False	False	Ecoli	False	True	False	False	msfragger	directlfq	min	0.6609640474436812
P0A6C1	7194818.530104311	7138755.76926576	7315846.243437824	5797406.094268173	7289290.271965471	7104440.568404342	P0A6C1	P0A6C1		nfo	0	0.40943478984670434	0.10060626194601525	False	0.02898979043524987	False	False	Ecoli	False	True	False	False	msfragger	directlfq	min	0.6609640474436812
P39310	3969559.846050956	3734875.386362168	3333928.4853172707	4060912.150094913	3788514.118951014	3784943.40064563	P39310	P39310		ytfB	0	0.40953530868038324	-0.07586672139992319	False	0.029016657710908115	False	False	Ecoli	False	True	False	False	msfragger	directlfq	min	0.6609640474436812
P0C058	1168532.0053404968	1212034.4610089625	990148.39895047	958941.7265627324	1052860.017594503	1126562.78720135	P0C058	P0C058		ibpB	0	0.41089802498837663	0.10304165656103369	False	0.029043524986566364	False	False	Ecoli	False	True	False	False	msfragger	directlfq	min	0.6609640474436812
P39838	1580187.668755534	1275388.3152399592	1429013.3017998063	1414228.9274625536	1336560.00419536	1249134.7174091623	P39838	P39838		rcsD	0	0.4113302005102641	0.09918445445680128	False	0.02907039226222461	False	False	Ecoli	False	True	False	False	msfragger	directlfq	min	0.6609640474436812
P0A6K3	50008491.89507282	50082809.15229752	48390479.76851752	49832009.21811395	50519558.26525304	49865838.89674616	P0A6K3	P0A6K3		def	0	0.41185603493945755	-0.01676607559079633	False	0.02909725953788286	False	False	Ecoli	False	True	False	False	msfragger	directlfq	min	0.6609640474436812
P0CB39	5603890.776833735	5559483.339680779	4943549.416010028	5870233.512812206	5625633.436192432	5339404.642317874	P0CB39	P0CB39		eptC	0	0.41235661676700835	-0.06380603374757902	False	0.02912412681354111	False	False	Ecoli	False	True	False	False	msfragger	directlfq	min	0.6609640474436812
P77552	13580265.049019914	13386963.178455714	13243166.314592237	13193969.988413004	13031955.963542048	13509580.151699018	P77552	P77552		ydhQ	0	0.412543615554282	0.017139771967492654	False	0.029150994089199356	False	False	Ecoli	False	True	False	False	msfragger	directlfq	min	0.6609640474436812
P0AB61	13405360.674380174	14476379.422170663	14457992.862701625	13708604.168077197	13775445.6549763	13768696.749359898	P0AB61	P0AB61		yciN	0	0.41371460404462185	0.03752199420639873	False	0.029177861364857605	False	False	Ecoli	False	True	False	False	msfragger	directlfq	min	0.6609640474436812
P08331	20271542.9499159	21385835.606234893	21986560.65912559	20057599.94850212	21598446.459475435	20006331.92336415	P08331	P08331		cpdB	0	0.41374262823606256	0.04563259786525726	False	0.02920472864051585	False	False	Ecoli	False	True	False	False	msfragger	directlfq	min	0.6609640474436812
P31069	1917189.894082288	1539050.82412897	1791472.1713094795	1860145.4913612253	1905578.125050307	1823847.664203097	P31069	P31069		kch	0	0.4141219836514001	-0.09104884275040975	False	0.029231595916174104	False	False	Ecoli	False	True	False	False	msfragger	directlfq	min	0.6609640474436812
P21514	689988.5562491807	615161.0625000001	634455.5651955591	691585.0911240292	669208.9225341709	650617.1283032096	P21514	P21514		yahA	0	0.414231893609657	-0.0524449907689191	False	0.02925846319183235	False	False	Ecoli	False	True	False	False	msfragger	directlfq	min	0.6609640474436812
P0A953	122706548.98700376	127471691.88169947	124236949.32267286	127148366.96962154	126173202.72442594	125451413.55359752	P0A953	P0A953		fabB	0	0.4142928865399046	-0.016694464431589968	False	0.029285330467490597	False	False	Ecoli	False	True	False	False	msfragger	directlfq	min	0.6609640474436812
P0A8V0	428600.4174347551	432345.25000000006	469908.56109629705	100963.63880373628	504638.34536416736	362653.8311515268	P0A8V0	P0A8V0		rbn	1	0.41430514937881013	0.4588923920762739	False	0.029312197743148846	False	False	Ecoli	False	True	False	False	msfragger	directlfq	min	0.6609640474436812
P46130	17583760.653311405	17215261.828081004	18035769.01064691	17476465.16261749	18092131.11184439	18138347.324473582	P46130	P46130		ybhC	0	0.4143144596126711	-0.023620370458956107	False	0.029339065018807092	False	False	Ecoli	False	True	False	False	msfragger	directlfq	min	0.6609640474436812
P0ACJ0	32183247.23843769	32940903.16295679	33200758.717364144	31802364.611061312	32186406.979966547	33034932.37972871	P0ACJ0	P0ACJ0		lrp	0	0.4144249285437919	0.019219690874460207	False	0.029365932294465345	False	False	Ecoli	False	True	False	False	msfragger	directlfq	min	0.6609640474436812
P0A7L8	192869655.65906253	206247597.9078278	222876593.3297999	213022851.0037519	210122607.33237413	227252981.48471823	P0A7L8	P0A7L8		rpmA	0	0.4145295377415779	-0.06442348817463596	False	0.02939279957012359	False	False	Ecoli	False	True	False	False	msfragger	directlfq	min	0.6609640474436812
P00887	5647001.263779451	5238128.679609448	5602997.138792162	4896189.040261551	5281983.939733247	5622443.474998063	P00887	P00887		aroH	0	0.4149772760339344	0.06144668390530046	False	0.029419666845781837	False	False	Ecoli	False	True	False	False	msfragger	directlfq	min	0.6609640474436812
P33030	3915685.726779496	4099168.4712216496	3481754.886178581	4143410.882563525	3950159.508918176	3968525.747641858	P33030	P33030		yeiR	0	0.41544742307731203	-0.06927223699858484	False	0.029446534121440087	False	False	Ecoli	False	True	False	False	msfragger	directlfq	min	0.6609640474436812
P0AAU7	2897961.449718429	3283424.444894205	3350087.2781394543	2848315.1632065037	3006523.7611041525	3199134.19500078	P0AAU7	P0AAU7		ybfE	0	0.41600272695098667	0.07414818921776511	False	0.029473401397098337	False	False	Ecoli	False	True	False	False	msfragger	directlfq	min	0.6609640474436812
P39396	11471267.078974685	12248088.937723186	11472770.346109848	10393620.789077006	11319705.455705492	11991014.4119997	P39396	P39396		yjiY	0	0.41603253270415264	0.06231828388570636	False	0.029500268672756586	False	False	Ecoli	False	True	False	False	msfragger	directlfq	min	0.6609640474436812
P75864	9205744.864145622	8804918.35794836	9263393.863896182	9206174.035104094	8597339.682207791	8847841.788770337	P75864	P75864		rlmL	0	0.41611276865405333	0.033320409503943646	False	0.029527135948414832	False	False	Ecoli	False	True	False	False	msfragger	directlfq	min	0.6609640474436812
P0CG19	15775447.602402233	15567750.415334366	16102080.557002522	15509227.891547244	16375845.981822006	16614655.786502596	P0CG19	P0CG19		rph	0	0.41634050658100635	-0.03171217828288145	False	0.02955400322407308	False	False	Ecoli	False	True	False	False	msfragger	directlfq	min	0.6609640474436812
P0A7E5	165814591.53163213	166141934.5555899	167444299.0864726	170255777.4872673	168284253.72718954	165299031.52863142	P0A7E5	P0A7E5		pyrG	0	0.4169682951746377	-0.012764773770074865	False	0.029580870499731328	False	False	Ecoli	False	True	False	False	msfragger	directlfq	min	0.6609640474436812
P60240	29746740.053316317	29939857.12183299	29419038.97426115	28950780.399997853	29257402.43818129	29956158.0202014	P60240	P60240		rapA	0	0.4173905930400035	0.015321430450305165	False	0.029607737775389577	False	False	Ecoli	False	True	False	False	msfragger	directlfq	min	0.6609640474436812
P0AFX9	6074289.683487358	6389788.33639444	6198717.652013289	6383194.587625442	6207217.234364846	6371121.243393732	P0AFX9	P0AFX9		rseB	0	0.4178098797122029	-0.02291049583741527	False	0.029634605051047827	False	False	Ecoli	False	True	False	False	msfragger	directlfq	min	0.6609640474436812
P0A8C1	1178602.6669539898	1448999.7499999998	1556657.397106286	1302551.532366817	1364844.2666502798	1158858.5254983178	P0A8C1	P0A8C1		ybjQ	0	0.4180413894937616	0.12903966559223676	False	0.029661472326706073	False	False	Ecoli	False	True	False	False	msfragger	directlfq	min	0.6609640474436812
P08192	23315882.6073748	25153243.219261076	24129225.77101556	22884127.039870247	23604870.71363433	24287793.61246408	P08192	P08192		folC	0	0.41839768054766846	0.036660431759491956	False	0.02968833960236432	False	False	Ecoli	False	True	False	False	msfragger	directlfq	min	0.6609640474436812
P76004	3694355.9801217015	4135500.127941688	3849958.541019026	4214438.432195276	3861354.580480785	4051566.4637599536	P76004	P76004		ycgM	0	0.4186003134615013	-0.05424808287872314	False	0.029715206878022572	False	False	Ecoli	False	True	False	False	msfragger	directlfq	min	0.6609640474436812
P07363	14241812.531914463	13061794.694567457	13869044.772872811	13666711.666080195	13322092.335418358	13093624.876649853	P07363	P07363		cheA	0	0.418808248845686	0.038716443763014	False	0.02974207415368082	False	False	Ecoli	False	True	False	False	msfragger	directlfq	min	0.6609640474436812
P00934	19164581.13307999	20025617.14961593	18841276.306099188	19686414.80170044	20123993.39578089	19366287.12971706	P00934	P00934		thrC	0	0.42020197951504396	-0.028193544227208944	False	0.029768941429339068	False	False	Ecoli	False	True	False	False	msfragger	directlfq	min	0.6609640474436812
P37052	2142625.9993388685	2343558.3895998807	2311895.811529103	2259386.732453933	2390418.6353049795	2349937.708475058	P37052	P37052		ychJ	0	0.4210708668837938	-0.042174587080170016	False	0.029795808704997314	False	False	Ecoli	False	True	False	False	msfragger	directlfq	min	0.6609640474436812
P0A8L7	2352488.1214359934	2627142.7499999995	2539612.9541982994	2454706.526067707	2681254.5713203675	2680072.9776328434	P0A8L7	P0A8L7		yciU	0	0.4219131825539282	-0.05584917267547465	False	0.02982267598065556	False	False	Ecoli	False	True	False	False	msfragger	directlfq	min	0.6609640474436812
P0ACB4	9201067.875215309	8394148.993069964	9458289.851246487	8837156.925536286	8848351.649258157	8371743.652890352	P0ACB4	P0ACB4		hemG	0	0.422803076083091	0.0541306528569467	False	0.029849543256313813	False	False	Ecoli	False	True	False	False	msfragger	directlfq	min	0.6609640474436812
P05194	2130225.568569971	2070081.8526220643	1922627.14910502	1993047.0390154992	2282486.548676818	2127330.090656624	P05194	P05194		aroD	0	0.42405480992256	-0.06449402772839506	False	0.02987641053197206	False	False	Ecoli	False	True	False	False	msfragger	directlfq	min	0.6609640474436812
P64554	13594268.198614605	14054171.19148208	15033017.6125365	15020446.714946425	14005245.448139751	15140282.538773246	P64554	P64554		queE	0	0.4253210400135485	-0.04932592497612469	False	0.02990327780763031	False	False	Ecoli	False	True	False	False	msfragger	directlfq	min	0.6609640474436812
P0A8T1	14910719.15307532	14874226.908386078	13644680.657488648	14118606.611227855	14024593.159378728	14047363.483267406	P0A8T1	P0A8T1		prmA	0	0.42554395817098767	0.04175920476639821	False	0.029930145083288555	False	False	Ecoli	False	True	False	False	msfragger	directlfq	min	0.6609640474436812
P36649	2217114.717862912	2387437.249999999	2331281.454568977	2161216.708995464	2258971.1735644927	2329671.1076015728	P36649	P36649		cueO	0	0.4257249620593422	0.03921188639096211	False	0.029957012358946804	False	False	Ecoli	False	True	False	False	msfragger	directlfq	min	0.6609640474436812
P38134	39322729.61567	41005128.51353581	39866909.760060266	39420781.88345863	39489924.99900652	39804151.58091071	P38134	P38134		etk	0	0.4260657009315828	0.0178735811613405	False	0.029983879634605054	False	False	Ecoli	False	True	False	False	msfragger	directlfq	min	0.6609640474436812
P0A879	2726128.433647912	2318532.760114972	2763067.1039321483	2625743.423790353	2495861.299373101	2156941.240932512	P0A879	P0A879		trpB	0	0.42662405275063997	0.101252577348323	False	0.0300107469102633	False	False	Ecoli	False	True	False	False	msfragger	directlfq	min	0.6609640474436812
P0A9Y6	240666065.83146435	239587223.0394229	251515016.34355763	250224257.45587665	249055133.16812348	244175492.24865085	P0A9Y6	P0A9Y6		cspC	0	0.4277391357955327	-0.022858263722201382	False	0.03003761418592155	False	False	Ecoli	False	True	False	False	msfragger	directlfq	min	0.6609640474436812
P69346	849113.7290412753	1004713.1250000006	981432.8982884004	902545.4169269608	1067272.524213649	1055255.881762182	P69346	P69346		yefM	0	0.428495541282406	-0.09348943613793946	False	0.030064481461579796	False	False	Ecoli	False	True	False	False	msfragger	directlfq	min	0.6609640474436812
P0A9T4	28317234.622654337	28322155.749261543	27772217.94215161	28049940.95842774	28291429.92315652	28910118.17687585	P0A9T4	P0A9T4		tas	0	0.4286565979404153	-0.014283620910114907	False	0.030091348737238045	False	False	Ecoli	False	True	False	False	msfragger	directlfq	min	0.6609640474436812
P07026	1770265.5269108084	1800683.625000002	1730574.5023985254	1781222.721220186	1823573.0355874717	1766815.419772355	P07026	P07026		sdiA	0	0.4291449071683988	-0.018947830392623828	False	0.030118216012896295	False	False	Ecoli	False	True	False	False	msfragger	directlfq	min	0.6609640474436812
P0A9Z1	25039441.025713872	23271917.4986168	25181931.93572537	24689438.81995781	23876214.218901698	22710430.450007096	P0A9Z1	P0A9Z1		glnB	0	0.4293161749656068	0.044194480541419154	False	0.03014508328855454	False	False	Ecoli	False	True	False	False	msfragger	directlfq	min	0.6609640474436812
Q46863	2847384.6320111635	2542099.451554564	2826761.035317635	2845344.206912752	2254883.60917034	2582406.139050846	Q46863	Q46863		ygiS	0	0.42970585078045315	0.09687820585388932	False	0.03017195056421279	False	False	Ecoli	False	True	False	False	msfragger	directlfq	min	0.6609640474436812
P0ADX1	13067246.188536622	14165820.041243602	12969507.05066975	13068294.39094098	12855626.6031502	13146321.966296108	P0ADX1	P0ADX1		yhfA	0	0.4302476586196704	0.04121762114811057	False	0.03019881783987104	False	False	Ecoli	False	True	False	False	msfragger	directlfq	min	0.6609640474436812
P0AD07	6570711.061435116	6823331.9864476975	6225732.501964933	6477544.482975557	6316792.609184262	6311213.51671002	P0AD07	P0AD07		yecF	0	0.4304381263317891	0.03831670144965004	False	0.030225685115529286	False	False	Ecoli	False	True	False	False	msfragger	directlfq	min	0.6609640474436812
P66948	5887646.400809938	7992720.14190259	6986374.276482226	5020123.359769109	6715318.442814674	6893069.461658073	P66948	P66948		yfgC	0	0.43062748633623144	0.1636929002924689	False	0.030252552391187536	False	False	Ecoli	False	True	False	False	msfragger	directlfq	min	0.6609640474436812
P39830	1537593.2519677829	1491145.9140382109	1485175.7419480167	1713059.7226064769	1554051.7511880812	1462202.567875086	P39830	P39830		ybaL	0	0.43195819673668806	-0.06725172210293946	False	0.030279419666845782	False	False	Ecoli	False	True	False	False	msfragger	directlfq	min	0.6609640474436812
P77202	236996.1740215938	182944.2031000001	163460.17924141372	196541.54797046035	187130.0755150714	98322.75504042218	P77202	P77202		dsbG	0	0.43203152693083574	0.27547044159036965	False	0.030306286942504035	False	False	Ecoli	False	True	False	False	msfragger	directlfq	min	0.6609640474436812
P64585	656184.0853464123	679611.5624999995	680353.3678229084	672628.5960131236	697257.1785304783	675380.4027100138	P64585	P64585		yqjE	0	0.4320901306682891	-0.0206863383029958	False	0.03033315421816228	False	False	Ecoli	False	True	False	False	msfragger	directlfq	min	0.6609640474436812
P33224	2417563.368792281	2702583.46232594	2686637.1858679946	2088304.5297370185	2263022.6448321464	2806595.239221953	P33224	P33224		aidB	0	0.43220194205369217	0.12518745036012158	False	0.030360021493820527	False	False	Ecoli	False	True	False	False	msfragger	directlfq	min	0.6609640474436812
P75884	6055796.23346795	6355372.520679038	5875965.500318442	6163013.994479963	6069877.69035986	6667128.985474713	P75884	P75884		gfcB	0	0.43234049016010706	-0.047558801747386026	False	0.030386888769478777	False	False	Ecoli	False	True	False	False	msfragger	directlfq	min	0.6609640474436812
P33643	10916304.56647273	11715814.134399991	11667465.65500852	11694957.398179026	11444512.652092667	11963729.61686231	P33643	P33643		rluD	0	0.4325879813097649	-0.03341144475562826	False	0.030413756045137023	False	False	Ecoli	False	True	False	False	msfragger	directlfq	min	0.6609640474436812
P0ADW8	1757349.8729417871	1893541.9842402863	1825076.7147554064	1814156.025826846	1707217.3398061637	1815363.5168155725	P0ADW8	P0ADW8		yheV	0	0.43267531303182033	0.037156282828710877	False	0.030440623320795276	False	False	Ecoli	False	True	False	False	msfragger	directlfq	min	0.6609640474436812
P76273	5114440.272031261	5576114.763456125	5268881.96303555	5362512.672876472	5167329.244843667	4964304.206317275	P76273	P76273		rsmF	0	0.4335998358483324	0.042686507677316375	False	0.030467490596453522	False	False	Ecoli	False	True	False	False	msfragger	directlfq	min	0.6609640474436812
P0A9S1	2027216.7350547248	2477117.5475835497	2238371.6168862544	2087437.6566002811	2248784.4296803605	2008045.4462591356	P0A9S1	P0A9S1		fucO	0	0.4338648740576978	0.08787406259316521	False	0.030494357872111768	False	False	Ecoli	False	True	False	False	msfragger	directlfq	min	0.6609640474436812
Q46871	8952983.859866012	9130445.7309055	9544594.9917301	8832370.815396765	9226883.9264701	9014534.596931191	Q46871	Q46871		yqjH	0	0.43440857383937515	0.029235586279842136	False	0.030521225147770017	False	False	Ecoli	False	True	False	False	msfragger	directlfq	min	0.6609640474436812
P0AEF4	2669261.335976484	2550148.545686462	2736667.56277964	2748565.494958103	2852866.9561793595	2596936.979881666	P0AEF4	P0AEF4		dpiA	0	0.4344582151770925	-0.04327968204359664	False	0.030548092423428264	False	False	Ecoli	False	True	False	False	msfragger	directlfq	min	0.6609640474436812
P16926	4002420.661188277	3982749.921901751	3699694.075861681	3840782.787516623	3748419.629457793	3809673.123125896	P16926	P16926		mreC	0	0.43520679255914474	0.03574950956482539	False	0.030574959699086517	False	False	Ecoli	False	True	False	False	msfragger	directlfq	min	0.6609640474436812
P13979	14781758.659029745	14869516.358118355	15027521.821845423	14641282.398142967	14979915.523451408	14731583.53209314	P13979	P13979		traT	0	0.4358730089894577	0.010565754104264377	False	0.030601826974744763	False	False	Ecoli	False	True	False	False	msfragger	directlfq	min	0.6609640474436812
P05637	3482275.478202686	3634896.761124518	3407937.6387695423	3450743.366748201	3580509.754824636	3873975.803334481	P05637	P05637		apaH	0	0.43661990296502995	-0.05118476110931839	False	0.03062869425040301	False	False	Ecoli	False	True	False	False	msfragger	directlfq	min	0.6609640474436812
P0AGC0	528350.072210852	34510.746090000015	54369.24139359069	649188.8486585383	30121.843538232297	603132.2553268143	P0AGC0	P0AGC0		uhpT	3	0.43774573462685534	-1.0550144162330095	False	0.03065556152606126	False	True	Ecoli	False	True	False	False	msfragger	directlfq	min	0.6609640474436812
P75694	2988617.466249681	2848646.4999999995	2382301.634733031	2733002.9444348635	30121.843538232297	2812427.6804440985	P75694	P75694		yahO	1	0.43800124933499146	0.5599473849869122	False	0.030682428801719508	False	False	Ecoli	False	True	False	False	msfragger	directlfq	min	0.6609640474436812
P09323	911357.85917091	816523.1585130229	907151.1257112538	702706.9403268371	945762.5200803514	772977.9924489532	P09323	P09323		nagE	0	0.4380389088125043	0.12195086489731863	False	0.030709296077377757	False	False	Ecoli	False	True	False	False	msfragger	directlfq	min	0.6609640474436812
P14294	522928.41118418536	572772.9588290567	474274.1800963152	534034.4747720613	491962.06498324464	444979.2264545894	P14294	P14294		topB	0	0.4384031218404869	0.0939686126813109	False	0.030736163353036004	False	False	Ecoli	False	True	False	False	msfragger	directlfq	min	0.6609640474436812
P0AB91	17091299.04641435	17419826.712766387	17562228.057675637	17392276.40886286	16791556.59468814	17289933.70443443	P0AB91	P0AB91		aroG	0	0.4412369867202205	0.016707968551946287	False	0.03076303062869425	False	False	Ecoli	False	True	False	False	msfragger	directlfq	min	0.6609640474436812
P0ACK8	234548.38152887792	229662.0938	228836.28636029776	244121.84411694415	225241.7193047631	240328.30371381465	P0ACK8	P0ACK8		fucR	0	0.44137702596431405	-0.03424007548721083	False	0.0307898979043525	False	False	Ecoli	False	True	False	False	msfragger	directlfq	min	0.6609640474436812
P07650	34930127.799190335	36209791.44044309	35353558.27025412	35022828.97258984	34351832.097575426	35721325.86300601	P07650	P07650		deoA	0	0.4416541041712513	0.019057489911182637	False	0.03081676518001075	False	False	Ecoli	False	True	False	False	msfragger	directlfq	min	0.6609640474436812
P0AEE3	2137220.0293411305	2362134.811178375	2235800.892992209	1927129.6572807643	2287905.743381155	2190410.1647907547	P0AEE3	P0AEE3		degS	0	0.4417250294870809	0.07241237623879429	False	0.030843632455669	False	False	Ecoli	False	True	False	False	msfragger	directlfq	min	0.6609640474436812
P76520	414778.3941061321	427950.0000000002	485315.1350690874	478905.0904985435	358547.086244224	376939.5055916789	P76520	P76520		yfdX	0	0.4417379573318881	0.12906862002957284	False	0.030870499731327244	False	False	Ecoli	False	True	False	False	msfragger	directlfq	min	0.6609640474436812
P0A9M0	124282855.39123046	122103551.8152847	122964606.42053968	124953694.12809248	125281071.23842612	122172133.0231239	P0A9M0	P0A9M0		lon	0	0.44174610093739347	-0.011887260422399022	False	0.03089736700698549	False	False	Ecoli	False	True	False	False	msfragger	directlfq	min	0.6609640474436812
P0AF36	24404875.36861582	22905231.70743562	24734076.910225224	23917824.90612026	23403564.13543912	23071620.87524612	P0AF36	P0AF36		zapB	0	0.4419802342370611	0.03344979341510026	False	0.030924234282643744	False	False	Ecoli	False	True	False	False	msfragger	directlfq	min	0.6609640474436812
P75849	8599598.104856301	8523253.75549145	8487480.62519763	7728608.041030494	8606006.74097309	8493659.706482425	P75849	P75849		ycbL	0	0.4444824549306191	0.04474198200604646	False	0.03095110155830199	False	False	Ecoli	False	True	False	False	msfragger	directlfq	min	0.6609640474436812
P0AFA7	872829.1411532132	730746.6699309662	891048.9864976655	749684.5745066218	764480.6621459568	831127.9837568329	P0AFA7	P0AFA7		nhaB	0	0.4449206142076197	0.08905453722945657	False	0.03097796883396024	False	False	Ecoli	False	True	False	False	msfragger	directlfq	min	0.6609640474436812
P0A968	1428673.067270756	1546201.1276312033	1572233.3161531538	1661202.7003135988	1539112.985946247	1509117.0970628294	P0A968	P0A968		cspD	0	0.4464647481005256	-0.05060419292519192	False	0.031004836109618485	False	False	Ecoli	False	True	False	False	msfragger	directlfq	min	0.6609640474436812
P60664	13833587.826885851	13951355.600053748	13596714.800677145	13108223.302414404	13878319.642024403	13715209.467905674	P60664	P60664		hisF	0	0.4469682509275622	0.023900546390882453	False	0.03103170338527673	False	False	Ecoli	False	True	False	False	msfragger	directlfq	min	0.6609640474436812
P0ACZ4	14196639.926408116	13425000.328699552	14295997.844849326	14693877.057202054	14273614.67693268	13871048.442355867	P0ACZ4	P0ACZ4		evgA	0	0.447015023139408	-0.03135188894843551	False	0.031058570660934984	False	False	Ecoli	False	True	False	False	msfragger	directlfq	min	0.6609640474436812
P0A6X1	55924.14641241899	213336.42190000025	285945.1227823272	272441.55399224884	201772.67517016656	274158.0822284317	P0A6X1	P0A6X1		hemA	1	0.44893765794196633	-0.43073382586764825	False	0.03108543793659323	False	False	Ecoli	False	True	False	False	msfragger	directlfq	min	0.6609640474436812
P45395	7842701.046598509	7663827.983597787	7863924.480488962	7647065.537379079	7915446.089577686	7306064.778627343	P45395	P45395		kdsD	0	0.44924590312894147	0.03131917115626572	False	0.03111230521225148	False	False	Ecoli	False	True	False	False	msfragger	directlfq	min	0.6609640474436812
P0A870	367932054.4689328	368232785.11642754	371855093.466798	371096644.0956232	368379076.5924679	349376890.8981879	P0A870	P0A870		talB	0	0.44948997760901194	0.025175153094157084	False	0.031139172487909726	False	False	Ecoli	False	True	False	False	msfragger	directlfq	min	0.6609640474436812
P77570	2578483.5805424782	2576396.150351217	2406910.4902941976	2512684.2630807445	2140601.5343410717	2538275.195420607	P77570	P77570		anmK	0	0.44967342593257364	0.07242287214625902	False	0.031166039763567976	False	False	Ecoli	False	True	False	False	msfragger	directlfq	min	0.6609640474436812
P76177	90576674.56008849	94770398.08966318	91035783.64914145	90760447.56695314	95631195.48074657	95117305.0441192	P76177	P76177		ydgH	0	0.44983998655429	-0.026512650949457723	False	0.031192907039226225	False	False	Ecoli	False	True	False	False	msfragger	directlfq	min	0.6609640474436812
P0AE06	85765989.554735	87228900.05754149	83905770.32870428	83689863.02177034	85039631.33006045	85353339.63128623	P0AE06	P0AE06		acrA	0	0.4508621301406634	0.01591168713916058	False	0.03121977431488447	False	False	Ecoli	False	True	False	False	msfragger	directlfq	min	0.6609640474436812
P0AFG3	59642267.89293136	59709473.46720004	59116257.06915879	60235624.55350832	59484923.02196119	59522867.18235212	P0AFG3	P0AFG3		sucA	0	0.4513348858233378	-0.006254712613556298	False	0.03124664159054272	False	False	Ecoli	False	True	False	False	msfragger	directlfq	min	0.6609640474436812
P27434	33934037.39721464	35570488.63633817	35654663.19560229	34976752.89544961	36709004.91264679	35389716.33183057	P27434	P27434		rodZ	0	0.4513717349740205	-0.026053141605864895	False	0.03127350886620097	False	False	Ecoli	False	True	False	False	msfragger	directlfq	min	0.6609640474436812
P05458	6860372.826967418	7759452.424471382	7090373.275644157	7404603.7500756	7747000.950687414	7336210.010290897	P05458	P05458		ptrA	0	0.4516668775523449	-0.05077055313905188	False	0.03130037614185922	False	False	Ecoli	False	True	False	False	msfragger	directlfq	min	0.6609640474436812
P32176	68586015.94905584	70698821.26853412	70722803.0589811	67802795.06576662	69804109.56299284	69938698.7018351	P32176	P32176		fdoG	0	0.4534426948445101	0.017013445405001347	False	0.03132724341751746	False	False	Ecoli	False	True	False	False	msfragger	directlfq	min	0.6609640474436812
P42597	2284259.2729871483	1798981.624999998	1729041.7054981757	1908481.1942956168	1561369.8076455437	1824766.1794910808	P42597	P42597		ygjP	0	0.45404647655492747	0.13457847476525592	False	0.031354110693175716	False	False	Ecoli	False	True	False	False	msfragger	directlfq	min	0.6609640474436812
P0AG84	1710333.004147897	1907514.293661361	1536970.4386045823	1832349.0319420472	1867060.5209796436	1753984.9137811046	P0AG84	P0AG84		yghA	0	0.4550687036852346	-0.08123309755170793	False	0.03138097796883396	False	False	Ecoli	False	True	False	False	msfragger	directlfq	min	0.6609640474436812
P0A725	3320180.048930896	3308631.250000002	2856334.595788265	3535540.349323979	3222391.8319563223	3197065.758060428	P0A725	P0A725		lpxC	0	0.4552887501767007	-0.0697510528504897	False	0.03140784524449221	False	False	Ecoli	False	True	False	False	msfragger	directlfq	min	0.6609640474436812
P64602	1825942.7599108669	1819328.2499999984	1886270.948043254	1767225.777935109	1917796.9615521785	1558753.0035191565	P64602	P64602		mlaB	0	0.455534428280694	0.07707571024293415	False	0.031434712520150454	False	False	Ecoli	False	True	False	False	msfragger	directlfq	min	0.6609640474436812
P43672	8393853.340479339	7917106.096238002	7510614.999766099	7505253.879595328	7817294.174924042	7781988.984578686	P43672	P43672		uup	0	0.4559533212283489	0.04409258666620936	False	0.03146157979580871	False	False	Ecoli	False	True	False	False	msfragger	directlfq	min	0.6609640474436812
P0A898	4669544.338472784	4962972.445270253	4871155.061836513	4685425.25554712	5260327.151148405	5040479.498375814	P0A898	P0A898		ybeY	0	0.4563652213140053	-0.047219493093083806	False	0.03148844707146695	False	False	Ecoli	False	True	False	False	msfragger	directlfq	min	0.6609640474436812
P0AEP3	177911726.58512974	169995106.28385276	167775454.73594505	175468413.21558455	174261459.29958832	174405238.87951025	P0AEP3	P0AEP3		galU	0	0.4568489566215542	-0.023456263780974932	False	0.031515314347125206	False	False	Ecoli	False	True	False	False	msfragger	directlfq	min	0.6609640474436812
P45771	2387779.879311644	2446039.75	2825906.973274893	1869243.4166045052	2538815.3408951648	2578745.352899169	P45771	P45771		yrdD	0	0.45948654707294	0.13266020730514433	False	0.03154218162278345	False	False	Ecoli	False	True	False	False	msfragger	directlfq	min	0.6609640474436812
P0A9W3	84024770.16659828	83890871.93071595	86216445.96406423	84878935.24269111	85326345.68829492	86044801.5720086	P0A9W3	P0A9W3		yjjK	0	0.46043111390827673	-0.011973919914331612	False	0.0315690488984417	False	False	Ecoli	False	True	False	False	msfragger	directlfq	min	0.6609640474436812
P76491	972438.5461431087	821154.0624999992	856325.0348025458	911508.2439148852	831352.3208044869	744693.3451710375	P76491	P76491		yfbR	0	0.46091018535063727	0.09121973111910384	False	0.03159591617409995	False	False	Ecoli	False	True	False	False	msfragger	directlfq	min	0.6609640474436812
P64534	6960697.191471904	6945486.115709888	6575640.445825038	6571223.622321402	6632311.811196621	6887870.851588618	P64534	P64534		rcnB	0	0.46161325117783086	0.027765634125661322	False	0.0316227834497582	False	False	Ecoli	False	True	False	False	msfragger	directlfq	min	0.6609640474436812
P05719	5186196.451951349	5558400.817468696	5468623.081208035	5487392.087400658	5350563.75198931	5802463.080498284	P05719	P05719		hsdS	0	0.46176297761508195	-0.037521078956646824	False	0.031649650725416444	False	False	Ecoli	False	True	False	False	msfragger	directlfq	min	0.6609640474436812
P77804	80645707.76326033	80003784.06775104	80845884.67337887	80504126.96456762	80403502.86104448	82284167.68166989	P77804	P77804		ydgA	0	0.4624332173437007	-0.010099001142364781	False	0.03167651800107469	False	False	Ecoli	False	True	False	False	msfragger	directlfq	min	0.6609640474436812
P37634	26298789.636561565	26195854.000813693	26630312.644601863	27174806.137944423	25898909.61274489	27242819.92523239	P37634	P37634		rlmJ	0	0.4635834559367101	-0.02156424488453257	False	0.03170338527673294	False	False	Ecoli	False	True	False	False	msfragger	directlfq	min	0.6609640474436812
P60546	26632563.75858449	26596034.55481858	27234291.537519183	26909047.296235308	27375413.41297224	26830239.59447916	P60546	P60546		gmk	0	0.4644192574724367	-0.01163984198488146	False	0.03173025255239119	False	False	Ecoli	False	True	False	False	msfragger	directlfq	min	0.6609640474436812
P21365	1110385.8395869925	1258440.625	1137361.1313777869	1053093.8738554555	1083591.5220552993	1209563.9030771996	P21365	P21365		yciC	0	0.4651099617623885	0.06735825685662883	False	0.031757119828049435	False	False	Ecoli	False	True	False	False	msfragger	directlfq	min	0.6609640474436812
P00452	92492260.9304392	92715551.04616296	93365604.64366624	92319570.52228424	92396059.82671194	93023513.18009116	P00452	P00452		nrdA	0	0.46529254841085854	0.004327073087654076	False	0.03178398710370769	False	False	Ecoli	False	True	False	False	msfragger	directlfq	min	0.6609640474436812
P0A7I0	24774688.118802022	24668300.731239315	23969823.87796246	24982414.60665838	24806141.61694707	24378888.25689024	P0A7I0	P0A7I0		prfA	0	0.4666577423634765	-0.014754181844590883	False	0.031810854379365934	False	False	Ecoli	False	True	False	False	msfragger	directlfq	min	0.6609640474436812
Q47147	4263020.393644724	4436903.689038955	4388593.980626573	4088514.1313696974	4311738.7662224425	4416161.375607898	Q47147	Q47147		yafJ	0	0.4676621487364523	0.030309071798357217	False	0.03183772165502418	False	False	Ecoli	False	True	False	False	msfragger	directlfq	min	0.6609640474436812
P0AF61	1784208.2942425304	2126901.154210591	2312544.6190892407	1613957.0057428062	2212391.996643265	1835981.1452048523	P0AF61	P0AF61		yjdK	0	0.4681899592376373	0.13636600310274188	False	0.03186458893068243	False	False	Ecoli	False	True	False	False	msfragger	directlfq	min	0.6609640474436812
P04335	14974437.116831956	15421491.153183809	15048169.561845824	14931239.37730007	15814144.93829156	15416914.24102309	P04335	P04335		frsA	0	0.46867317142059084	-0.02262212891391568	False	0.03189145620634068	False	False	Ecoli	False	True	False	False	msfragger	directlfq	min	0.6609640474436812
P0ADZ7	22566167.601470545	23572663.801732603	22430828.882743903	22517392.390846904	23697294.524308026	23606737.168416947	P0ADZ7	P0ADZ7		yajC	0	0.46971482385424357	-0.0260994078283963	False	0.031918323481998925	False	False	Ecoli	False	True	False	False	msfragger	directlfq	min	0.6609640474436812
P04994	1260135.7318463612	1515680.7520822803	1226095.015829778	1235368.8350078247	1529839.7459595448	1571078.9690892412	P04994	P04994		xseA	0	0.4706041520044363	-0.11577116544713638	False	0.03194519075765718	False	False	Ecoli	False	True	False	False	msfragger	directlfq	min	0.6609640474436812
P27859	3429582.117531386	3631264.566457094	3674604.122264435	3525458.662665877	3684517.588767137	3776680.515036508	P27859	P27859		tatD	0	0.4709537035357187	-0.03336966722294375	False	0.031972058033315424	False	False	Ecoli	False	True	False	False	msfragger	directlfq	min	0.6609640474436812
P64559	524382.9549267872	450488.2811999998	442303.1138477864	456742.259715428	476136.31473717	402688.3858168597	P64559	P64559		cptB	0	0.47117924575467574	0.08556494981818066	False	0.03199892530897367	False	False	Ecoli	False	True	False	False	msfragger	directlfq	min	0.6609640474436812
P31057	16644555.1606777	15189248.183846632	16273355.198090889	16536235.2507746	16416976.006959442	16310432.407551516	P31057	P31057		panB	0	0.4711894325025261	-0.03427174829205905	False	0.03202579258463192	False	False	Ecoli	False	True	False	False	msfragger	directlfq	min	0.6609640474436812
P0A9D4	6592374.336597283	7185679.595135826	7601302.91700603	7027934.16872583	7766039.945061957	7455367.48060183	P0A9D4	P0A9D4		cysE	0	0.47250179908813517	-0.05754419089687757	False	0.03205265986029017	False	False	Ecoli	False	True	False	False	msfragger	directlfq	min	0.6609640474436812
P0A7D7	38824241.96209524	40607799.84942716	38283903.41387783	39643237.229641765	38950637.4869541	41702454.54605712	P0A7D7	P0A7D7		purC	0	0.4731437019785274	-0.03128286659017387	False	0.032079527135948416	False	False	Ecoli	False	True	False	False	msfragger	directlfq	min	0.6609640474436812
P64467	6693978.233657568	6743350.480363566	6742686.033026212	6550881.432195996	6640658.352826478	6797709.782831322	P64467	P64467		cnu	0	0.4731569121187231	0.013702916980430493	False	0.03210639441160666	False	False	Ecoli	False	True	False	False	msfragger	directlfq	min	0.6609640474436812
P06715	21572317.18843629	22023486.11292172	21703679.21940111	20716627.52255241	21021364.87135167	22286831.24072421	P06715	P06715		gor	0	0.4736753688945311	0.028440185160038697	False	0.032133261687264915	False	False	Ecoli	False	True	False	False	msfragger	directlfq	min	0.6609640474436812
P0ACL9	12003018.193304537	10492335.278681263	10317971.60765398	11023381.50412198	10246962.501006665	10057373.22360532	P0ACL9	P0ACL9		pdhR	0	0.4750825972256238	0.06684214617509218	False	0.03216012896292316	False	False	Ecoli	False	True	False	False	msfragger	directlfq	min	0.6609640474436812
P05825	12120148.926580632	11633451.800569871	11292992.83091252	12518443.656395568	11984923.566824049	11463663.955832344	P05825	P05825		fepA	0	0.47528855371327006	-0.03740085556803922	False	0.032186996238581414	False	False	Ecoli	False	True	False	False	msfragger	directlfq	min	0.6609640474436812
P02932	609401.7139401281	595458.5184499078	695086.3461085869	645899.8904987026	652705.3162150974	684260.7289275996	P02932	P02932		phoE	0	0.47683754936660655	-0.061628283884589685	False	0.03221386351423966	False	False	Ecoli	False	True	False	False	msfragger	directlfq	min	0.6609640474436812
P42616	238998.1539963344	160224.09380000006	215760.0164184486	244398.75028835225	214433.3965260285	218288.1039805801	P42616	P42616		yqjC	0	0.47881154705859114	-0.13886726247848313	False	0.032240730789897906	False	False	Ecoli	False	True	False	False	msfragger	directlfq	min	0.6609640474436812
P0AG20	16679233.60716156	16089055.512285223	16454447.376189182	16307953.710827142	16365971.579731531	16086572.76124226	P0AG20	P0AG20		relA	0	0.4821022338331529	0.013612003335953958	False	0.03226759806555615	False	False	Ecoli	False	True	False	False	msfragger	directlfq	min	0.6609640474436812
P07604	13520079.320623372	13640487.838548094	12661638.279970417	12944656.124626694	12948190.735086486	13136200.503503656	P07604	P07604		tyrR	0	0.4831649733796167	0.029024873494244777	False	0.0322944653412144	False	False	Ecoli	False	True	False	False	msfragger	directlfq	min	0.6609640474436812
P64604	36359679.11300707	36841134.54688193	35672720.04315554	35455758.85080102	37515459.45178892	37897889.96156293	P64604	P64604		mlaD	0	0.48625592306707593	-0.026204150883848795	False	0.03232133261687265	False	False	Ecoli	False	True	False	False	msfragger	directlfq	min	0.6609640474436812
P10441	2088203.733091838	1969952.440492192	1968028.7017238988	2345632.592306556	2026467.544376575	1960744.1868622769	P10441	P10441		lpxB	0	0.4866599842995309	-0.07160868137931405	False	0.0323481998925309	False	False	Ecoli	False	True	False	False	msfragger	directlfq	min	0.6609640474436812
P51025	2669603.3906101803	2800452.4891182645	2715551.7242105133	2547429.024733508	3050537.850812856	2989685.144986492	P51025	P51025		frmB	0	0.4897310058963642	-0.0691742235563631	False	0.032375067168189144	False	False	Ecoli	False	True	False	False	msfragger	directlfq	min	0.6609640474436812
P31554	45619185.70692296	47531280.50708973	46949999.99619916	48333287.97486397	47760985.134546846	46037751.0898103	P31554	P31554		lptD	0	0.49167321978835804	-0.020769892608062803	False	0.0324019344438474	False	False	Ecoli	False	True	False	False	msfragger	directlfq	min	0.6609640474436812
Q46893	11295055.180278253	11019640.727781828	11255915.458365602	10870124.225085927	11310970.703692555	13082703.27696778	Q46893	Q46893		ispD	0	0.49234839587087703	-0.07098906262805706	False	0.03242880171950564	False	False	Ecoli	False	True	False	False	msfragger	directlfq	min	0.6609640474436812
P32144	179322.76763245513	34510.746090000015	298798.8058939553	234042.78506574396	283877.0369865466	189301.8102278953	P32144	P32144		yihW	1	0.49292109882697765	-0.4642379659123922	False	0.032455668995163896	False	False	Ecoli	False	True	False	False	msfragger	directlfq	min	0.6609640474436812
P27250	1037540.5999053244	1202535.9928913044	1281513.7987564069	665947.879547378	1136265.699820275	1257320.1987339668	P27250	P27250		yjgB	0	0.4931530254937829	0.20291528702703415	False	0.03248253627082214	False	False	Ecoli	False	True	False	False	msfragger	directlfq	min	0.6609640474436812
P75959	3715020.032786905	4107315.812394888	3848294.12575166	3993254.97201856	3917330.873421235	4051206.9569613873	P75959	P75959		nagK	0	0.4946312991409818	-0.035551194492954886	False	0.03250940354648039	False	False	Ecoli	False	True	False	False	msfragger	directlfq	min	0.6609640474436812
P32685	1032831.7851831752	979613.5058130804	949482.4773782308	982152.899991272	794123.0008124608	1012938.4427462053	P32685	P32685		yjbD	0	0.49608754401603117	0.08667765267003034	False	0.032536270822138634	False	False	Ecoli	False	True	False	False	msfragger	directlfq	min	0.6609640474436812
P0AE78	1580978.8199524852	1620084.5876510176	1450508.6780967007	1562473.133997474	1579632.2945933372	1641589.5558213233	P0AE78	P0AE78		corC	0	0.4962967962443247	-0.04040701968345921	False	0.03256313809779689	False	False	Ecoli	False	True	False	False	msfragger	directlfq	min	0.6609640474436812
P39280	1646543.6223385404	1898618.1459433408	1729142.043977887	1695635.122565808	1940483.2952456567	1871079.9514493	P39280	P39280		epmB	0	0.49683204380149876	-0.06233789908238643	False	0.03259000537345513	False	False	Ecoli	False	True	False	False	msfragger	directlfq	min	0.6609640474436812
P25894	1213110.2299111823	1272755.1997861858	1408715.5423069904	1264710.597538748	1433244.7185345655	1366932.6599601598	P25894	P25894		yggG	0	0.49685391571301596	-0.06174748035305011	False	0.03261687264911338	False	False	Ecoli	False	True	False	False	msfragger	directlfq	min	0.6609640474436812
P0A847	26044835.683597703	26255446.315703005	26541916.411297683	25996457.56982304	26110018.67118112	26338100.0649922	P0A847	P0A847		tgt	0	0.4970917381967308	0.007294302544144882	False	0.032643739924771625	False	False	Ecoli	False	True	False	False	msfragger	directlfq	min	0.6609640474436812
P09394	24704030.694642227	23791311.63930451	24244158.52682098	24520827.51861407	24488185.32337549	24382424.062319417	P09394	P09394		glpQ	0	0.4973105818319536	-0.012872717460701854	False	0.03267060720042988	False	False	Ecoli	False	True	False	False	msfragger	directlfq	min	0.6609640474436812
P0AFX7	1664062.6426739306	1674365.874999999	1693950.8362402108	1497735.4489936992	1621770.1844386514	1740402.9410497649	P0AFX7	P0AFX7		rseA	0	0.4987733876587443	0.05031150660619258	False	0.032697474476088124	False	False	Ecoli	False	True	False	False	msfragger	directlfq	min	0.6609640474436812
P40120	22899122.367613457	22609923.77445903	22643939.45086724	22210948.166238364	22176292.682211094	23051899.850984383	P40120	P40120		mdoD	0	0.4990688452280763	0.015190705107466989	False	0.03272434175174638	False	False	Ecoli	False	True	False	False	msfragger	directlfq	min	0.6609640474436812
P0ABZ4	11378991.74794246	10777713.830507245	10288206.91439779	10746941.6332632	10328744.226131087	10577916.34891254	P0ABZ4	P0ABZ4		kdsC	0	0.5004174582203084	0.03562258594925136	False	0.032751209027404624	False	False	Ecoli	False	True	False	False	msfragger	directlfq	min	0.6609640474436812
P36672	4082830.803836336	3736960.3628665255	3741786.232269638	3863841.3487422713	4162145.105853316	3870188.26575186	P36672	P36672		treB	0	0.5019028851587207	-0.0411594969085036	False	0.03277807630306287	False	False	Ecoli	False	True	False	False	msfragger	directlfq	min	0.6609640474436812
P00509	121330988.962643	123233691.5362217	124415679.24470982	120596443.07547206	121626380.5079619	123850400.45557228	P00509	P00509		aspC	0	0.5022402447260598	0.011411772488480675	False	0.03280494357872112	False	False	Ecoli	False	True	False	False	msfragger	directlfq	min	0.6609640474436812
P0ABN1	365027.048970284	392650.0937999997	511940.5546706199	438120.5122116836	396885.1146322988	299908.1307066124	P0ABN1	P0ABN1		dgkA	0	0.5022793535186884	0.16181147258800765	False	0.03283181085437937	False	False	Ecoli	False	True	False	False	msfragger	directlfq	min	0.6609640474436812
P23886	871409.5190177509	931952.7500000006	888589.5276794635	1021778.0640015032	914868.4053362188	868455.5471579925	P23886	P23886		cydC	0	0.5036819269427025	-0.059400663370475365	False	0.032858678130037615	False	False	Ecoli	False	True	False	False	msfragger	directlfq	min	0.6609640474436812
P0A8Z0	6071998.542227325	6331361.37569535	6609507.485108746	6357933.900824484	6485845.678970621	6553568.27105487	P0A8Z0	P0A8Z0		yciA	0	0.5043017791729678	-0.028883283203346884	False	0.03288554540569586	False	False	Ecoli	False	True	False	False	msfragger	directlfq	min	0.6609640474436812
P0AED7	18047516.17177357	17792875.986754436	18184993.259362124	18035455.79921744	17168810.31111297	18083029.211763192	P0AED7	P0AED7		dapE	0	0.5043252413475242	0.019845850558866236	False	0.032912412681354114	False	False	Ecoli	False	True	False	False	msfragger	directlfq	min	0.6609640474436812
P75728	2324426.3930470515	2630461.150642957	2569785.023175542	2153403.367708564	2629345.2515003025	2371721.730786632	P75728	P75728		ubiF	0	0.5045639549368077	0.07278383766637715	False	0.03293927995701236	False	False	Ecoli	False	True	False	False	msfragger	directlfq	min	0.6609640474436812
P00956	179042636.65507177	172226530.03815997	174979595.69164953	181844516.21051803	175801517.19670713	175019976.8769983	P00956	P00956		ileS	0	0.5057247926656241	-0.017486289360691173	False	0.032966147232670606	False	False	Ecoli	False	True	False	False	msfragger	directlfq	min	0.6609640474436812
P0AB83	1979617.733564386	2126121.021377227	1882169.1893805824	1878998.3990834483	1947674.2864578	1984403.079898885	P0AB83	P0AB83		nth	0	0.506292389385701	0.04324677735569559	False	0.03299301450832886	False	False	Ecoli	False	True	False	False	msfragger	directlfq	min	0.6609640474436812
P37765	21147500.604752198	21019656.41147224	20931030.976157103	20462104.078940377	21727098.569404613	22110344.312334336	P37765	P37765		rluB	0	0.5064065228006517	-0.027209997161207443	False	0.033019881783987105	False	False	Ecoli	False	True	False	False	msfragger	directlfq	min	0.6609640474436812
P77757	676620.2233056038	517980.8438000004	539235.6788331366	608090.7634940209	456736.1474413371	523955.2608801146	P77757	P77757		arnC	0	0.5065282454839773	0.1260467249522637	False	0.03304674905964535	False	False	Ecoli	False	True	False	False	msfragger	directlfq	min	0.6609640474436812
P0A9G6	23324790.085883	24861241.31764917	25391628.05794762	25523479.216334123	24608518.564366154	24981800.49084176	P0A9G6	P0A9G6		aceA	0	0.508170718768366	-0.029810168343974517	False	0.033073616335303604	False	False	Ecoli	False	True	False	False	msfragger	directlfq	min	0.6609640474436812
Q46845	1110576.383165489	1075503.3893057513	1110321.4237081113	937162.9843343432	1125904.6999942446	1093261.7916899333	Q46845	Q46845		yghU	0	0.5088180351822196	0.06264402965784872	False	0.03310048361096185	False	False	Ecoli	False	True	False	False	msfragger	directlfq	min	0.6609640474436812
P31806	2075444.393503001	1823677.8473332664	1990323.9069245604	1831690.8487144671	2062417.0458229657	1723213.0532138408	P31806	P31806		nnr	0	0.5094798020757998	0.06824973305944616	False	0.0331273508866201	False	False	Ecoli	False	True	False	False	msfragger	directlfq	min	0.6609640474436812
P02358	307078713.40777403	322188966.3008951	332876706.1040515	307623587.7425637	335494235.0924383	352514917.9018244	P02358	P02358		rpsF	0	0.509829835831434	-0.04936026249425567	False	0.03315421816227835	False	False	Ecoli	False	True	False	False	msfragger	directlfq	min	0.6609640474436812
P07330	3454970.013728685	3530504.4373581246	3587008.9497705013	3437907.897262372	3656880.71082064	3664564.50640761	P07330	P07330		cheB	0	0.5103015092865674	-0.025277045933995528	False	0.033181085437936596	False	False	Ecoli	False	True	False	False	msfragger	directlfq	min	0.6609640474436812
P0AFM6	10887376.41515998	10752098.040075544	10981084.599885542	11471646.367822954	11368777.762887152	10510678.088081157	P0AFM6	P0AFM6		pspA	0	0.5103427736629443	-0.03195293440360423	False	0.03320795271359484	False	False	Ecoli	False	True	False	False	msfragger	directlfq	min	0.6609640474436812
P30852	1860093.585314172	2128150.7500000014	1957464.4130626689	1886019.9154117063	1913999.927187521	1957561.252196811	P30852	P30852		smf	0	0.5112791975813843	0.046385967960710185	False	0.03323481998925309	False	False	Ecoli	False	True	False	False	msfragger	directlfq	min	0.6609640474436812
P0A8P6	727525.9869356767	34510.746090000015	54369.24139359069	776233.5132135339	30121.843538232297	723918.8127746832	P0A8P6	P0A8P6		xerC	3	0.5123195070522538	-0.906431509510449	False	0.03326168726491134	False	True	Ecoli	False	True	False	False	msfragger	directlfq	min	0.6609640474436812
P0A7B1	6106107.299760662	5949419.845360624	5817874.540454854	6070125.540284011	6123344.34200856	5908382.807036808	P0A7B1	P0A7B1		ppk	0	0.5124551206111814	-0.018323126062588516	False	0.03328855454056959	False	False	Ecoli	False	True	False	False	msfragger	directlfq	min	0.6609640474436812
P64429	2970913.8166105966	3147391.841708469	3174436.692345426	3224390.354231879	3268827.8883268265	3016478.424150035	P64429	P64429		ypfJ	0	0.5134144423966234	-0.03329491536262947	False	0.03331542181622783	False	False	Ecoli	False	True	False	False	msfragger	directlfq	min	0.6609640474436812
P75954	1605490.4224182733	1780826.2534563914	1763635.8156931554	1809200.0568191293	1618254.8840577437	1480493.4638920522	P75954	P75954		ycfS	0	0.514562186464104	0.06943904083730949	False	0.033342289091886086	False	False	Ecoli	False	True	False	False	msfragger	directlfq	min	0.6609640474436812
P0AAK1	1548168.3520362133	1469831.7500000005	1395652.4773545417	1605337.307151772	1517267.6315258977	1433374.49276145	P0AAK1	P0AAK1		hycB	0	0.5146944226557103	-0.045788161462430754	False	0.03336915636754433	False	False	Ecoli	False	True	False	False	msfragger	directlfq	min	0.6609640474436812
P11446	425426.6806238908	452052.7101967095	345993.95305324905	395805.5887690322	515049.1785161515	416619.43269567954	P11446	P11446		argC	0	0.5162412491109478	-0.11770115252281689	False	0.033396023643202585	False	False	Ecoli	False	True	False	False	msfragger	directlfq	min	0.6609640474436812
P77536	1378653.3591798465	1262840.9999999988	1407781.3907632988	1455115.8935452064	1297708.0202947652	1438886.5563694155	P77536	P77536		ykgF	0	0.5168277103777981	-0.0498751786483363	False	0.03342289091886083	False	False	Ecoli	False	True	False	False	msfragger	directlfq	min	0.6609640474436812
P06974	5484417.383216683	4943809.410696733	4665530.178503325	4711275.320208558	4741851.0355588775	5056365.760559953	P06974	P06974		fliM	0	0.5182330501512018	0.05695492954129744	False	0.03344975819451908	False	False	Ecoli	False	True	False	False	msfragger	directlfq	min	0.6609640474436812
P0AG93	2906383.7696718536	3367383.717255242	3375565.233120441	2682142.729566269	3415380.174722048	2988431.1613401296	P0AG93	P0AG93		secF	0	0.5183214010669104	0.08679116737698117	False	0.033476625470177324	False	False	Ecoli	False	True	False	False	msfragger	directlfq	min	0.6609640474436812
P24186	30836118.97356214	31105473.750163123	29698712.22209084	29726741.41478322	31080572.26695292	29407280.9754495	P24186	P24186		folD	0	0.518372283505596	0.022621412009765942	False	0.03350349274583557	False	False	Ecoli	False	True	False	False	msfragger	directlfq	min	0.6609640474436812
P16700	46763281.83590544	47778254.64974928	47226070.70019055	48984714.47223365	46603822.553443015	47837774.77846591	P16700	P16700		cysP	0	0.5183920307268037	-0.016781787763912915	False	0.03353036002149382	False	False	Ecoli	False	True	False	False	msfragger	directlfq	min	0.6609640474436812
P24203	6758394.3429134535	4731980.944688685	5441258.134029127	6436814.7055694135	5821780.496413685	6076517.121166627	P24203	P24203		yjiA	0	0.5185916697241924	-0.11488794516888175	False	0.03355722729715207	False	False	Ecoli	False	True	False	False	msfragger	directlfq	min	0.6609640474436812
P00888	8645096.33165515	8945782.691534176	9215441.356554229	8914964.62024094	8950706.47638878	8457141.595094936	P00888	P00888		aroF	0	0.5202027032794801	0.02625954393683233	False	0.033584094572810315	False	False	Ecoli	False	True	False	False	msfragger	directlfq	min	0.6609640474436812
P08337	1038688.012577724	1119183.1250000012	1031300.4601798787	956951.5482839008	1084425.01740364	1047590.5434118873	P08337	P08337		mutT	0	0.5211427819809124	0.04605721643935067	False	0.03361096184846857	False	False	Ecoli	False	True	False	False	msfragger	directlfq	min	0.6609640474436812
P0ABN9	8028270.253057804	7785739.056105223	7696795.920873986	7035163.298149048	8072124.24966308	7690669.649537533	P0ABN9	P0ABN9		dcuB	0	0.5214305550572315	0.044419393201490326	False	0.033637829124126814	False	False	Ecoli	False	True	False	False	msfragger	directlfq	min	0.6609640474436812
P0A6G3	5818153.835751409	6104577.320823279	5901189.813807961	6518875.0965864	5911956.171507701	5886345.174672002	P0A6G3	P0A6G3		pncC	0	0.5214835438414708	-0.03938239090177721	False	0.03366469639978507	False	False	Ecoli	False	True	False	False	msfragger	directlfq	min	0.6609640474436812
P0A901	1259233.858853159	1135416.499999999	1249015.740488884	1315117.5479402444	967596.293138735	1121857.001572271	P0A901	P0A901		blc	0	0.5215557342636941	0.09791780532035879	False	0.03369156367544331	False	False	Ecoli	False	True	False	False	msfragger	directlfq	min	0.6609640474436812
P23522	55924.14641241899	762067.9999999995	786410.8448259536	100963.63880373628	749879.1271668567	65127.24567499205	P23522	P23522		garL	3	0.5216420266199595	0.808664289852853	False	0.03371843095110156	False	True	Ecoli	False	True	False	False	msfragger	directlfq	min	0.6609640474436812
P37902	6053597.751643149	6788918.659880026	7044628.300867879	6421168.852211509	6514039.673913796	6258966.720685391	P37902	P37902		gltI	0	0.5216746852143943	0.05116758631306006	False	0.03374529822675981	False	False	Ecoli	False	True	False	False	msfragger	directlfq	min	0.6609640474436812
P45530	2290568.036723236	2159829.002551166	2244608.275287892	2000207.5230555933	2172562.569508769	2309005.347780851	P45530	P45530		tusB	0	0.522705055681802	0.04669616110004485	False	0.03377216550241806	False	False	Ecoli	False	True	False	False	msfragger	directlfq	min	0.6609640474436812
P10408	84289853.86360195	83125551.44474584	80989030.88734724	84245247.33565235	83135290.23148075	83301099.16086462	P10408	P10408		secA	0	0.5227849498540089	-0.013165379248507351	False	0.033799032778076304	False	False	Ecoli	False	True	False	False	msfragger	directlfq	min	0.6609640474436812
P00805	97580432.5151686	97749891.59101576	95927808.46594396	95822208.16489898	97125430.78563838	96820814.4160821	P00805	P00805		ansB	0	0.523343959262758	0.007397794054352457	False	0.03382590005373455	False	False	Ecoli	False	True	False	False	msfragger	directlfq	min	0.6609640474436812
P00864	165414343.27598727	163967016.58089256	164211157.85830083	164222536.81755725	164981598.58191842	162643422.0812337	P00864	P00864		ppc	0	0.5238655691336943	0.0051092870512656	False	0.0338527673293928	False	False	Ecoli	False	True	False	False	msfragger	directlfq	min	0.6609640474436812
P00960	20377443.489786897	22183582.524198685	21023766.860474654	19776422.91358119	20573997.06386688	21649381.483494274	P00960	P00960		glyQ	0	0.5238954903897434	0.03641817195414114	False	0.03387963460505105	False	False	Ecoli	False	True	False	False	msfragger	directlfq	min	0.6609640474436812
P00892	1299866.4031270551	1308671.7499999993	1146214.328515035	1407484.920847801	1192715.2976610314	1326210.7679294588	P00892	P00892		ilvG	0	0.5241280493777543	-0.06449338443757945	False	0.033906501880709296	False	False	Ecoli	False	True	False	False	msfragger	directlfq	min	0.6609640474436812
P43674	2375752.5859516724	2095781.473722844	1624317.0725418983	1973749.0076451332	2033662.3750274235	1510724.9377029028	P43674	P43674		ycaL	0	0.5244514869268758	0.14364657341093387	False	0.03393336915636755	False	False	Ecoli	False	True	False	False	msfragger	directlfq	min	0.6609640474436812
P33570	16310448.97003842	16068479.31050531	16391838.393449688	16342019.290104011	16488409.238707956	16205394.537863806	P33570	P33570		tktB	0	0.5257125765408711	-0.007819442031822178	False	0.033960236432025795	False	False	Ecoli	False	True	False	False	msfragger	directlfq	min	0.6609640474436812
P37330	6546999.4018236045	6573271.250446555	6348129.920629421	6544848.69608631	6421056.436612261	6289274.166037004	P37330	P37330		glcB	0	0.5260852731025687	0.01588780710526333	False	0.03398710370768404	False	False	Ecoli	False	True	False	False	msfragger	directlfq	min	0.6609640474436812
P30744	22115328.88366864	20750452.07698204	20136624.135160487	22136543.557282943	20954549.28362294	21356336.966833603	P30744	P30744		sdaB	0	0.5261153128416438	-0.03271592034609378	False	0.034013970983342294	False	False	Ecoli	False	True	False	False	msfragger	directlfq	min	0.6609640474436812
P40191	4393984.544286803	3981997.0611547343	3705817.214604621	4234399.585477174	3778852.365903551	3428468.274664707	P40191	P40191		pdxK	0	0.5265034941250532	0.07853129585581893	False	0.03404083825900054	False	False	Ecoli	False	True	False	False	msfragger	directlfq	min	0.6609640474436812
P39304	648551.9941455134	795430.2500000003	783957.217097677	695117.0123066665	721412.6297771172	703549.5650245023	P39304	P39304		ulaD	0	0.5268833586857201	0.07159186600510167	False	0.034067705534658786	False	False	Ecoli	False	True	False	False	msfragger	directlfq	min	0.6609640474436812
P77173	4320564.141007162	5037059.265183463	5711820.550743401	4367831.963068568	4611757.603527274	5113508.740698722	P77173	P77173		zipA	0	0.5269150716166116	0.09663736748781981	False	0.03409457281031703	False	False	Ecoli	False	True	False	False	msfragger	directlfq	min	0.6609640474436812
P16659	112052394.63639362	108431926.25313236	111684820.90430814	114393368.02790168	110826795.4063462	110477645.10375318	P16659	P16659		proS	0	0.5272412473333815	-0.015245064548361708	False	0.034121440085975285	False	False	Ecoli	False	True	False	False	msfragger	directlfq	min	0.6609640474436812
P0A9P6	68612208.17356564	70241407.87920092	67848867.79258081	67729527.90946938	68787314.55094618	68514489.95037323	P0A9P6	P0A9P6		deaD	0	0.5273023760638361	0.011711329172061564	False	0.03414830736163353	False	False	Ecoli	False	True	False	False	msfragger	directlfq	min	0.6609640474436812
P16384	10010630.719006931	9766332.846055849	9970170.270632911	10506412.73318057	9872344.017007546	9863013.487585418	P16384	P16384		miaA	0	0.5279596510237545	-0.02379192179697205	False	0.03417517463729178	False	False	Ecoli	False	True	False	False	msfragger	directlfq	min	0.6609640474436812
P0AFC0	575896.3277039499	493938.3750000006	462073.82604736753	524680.8915407191	524791.8354535139	561133.6214183572	P0AFC0	P0AFC0		nudB	0	0.5283965742853469	-0.0722737695060209	False	0.03420204191295003	False	False	Ecoli	False	True	False	False	msfragger	directlfq	min	0.6609640474436812
P24188	1083566.5234649396	923400.7499999997	912243.2350336664	920006.5012757586	985984.4368630568	878649.2309510277	P24188	P24188		yceA	0	0.5288601946519864	0.06808733471320609	False	0.03422890918860828	False	False	Ecoli	False	True	False	False	msfragger	directlfq	min	0.6609640474436812
P22525	5077844.454775554	5010619.844458663	5052019.095729745	5249227.36233162	4953043.15515234	5134941.759238339	P22525	P22525		ycbB	0	0.5292893088547443	-0.018625012012560133	False	0.03425577646426652	False	False	Ecoli	False	True	False	False	msfragger	directlfq	min	0.6609640474436812
P76245	1187540.8318846005	1194821.3669010885	1164230.5566362124	1210086.0671416223	992261.8419344772	1187715.2459207803	P76245	P76245		yeaP	0	0.5303263214043555	0.06512152923088808	False	0.034282643739924776	False	False	Ecoli	False	True	False	False	msfragger	directlfq	min	0.6609640474436812
P17169	249846666.7823653	258190784.86230853	251264394.1408559	253867873.1576233	250608380.77000797	248511755.94178236	P17169	P17169		glmS	0	0.530937964344431	0.012046622751490406	False	0.03430951101558302	False	False	Ecoli	False	True	False	False	msfragger	directlfq	min	0.6609640474436812
P75874	12079724.375766007	12470190.580692451	11721961.134213155	12058687.562513478	12229554.093724525	12514309.659198713	P75874	P75874		yccU	0	0.5312381726366178	-0.020954415972115486	False	0.03433637829124127	False	False	Ecoli	False	True	False	False	msfragger	directlfq	min	0.6609640474436812
P0ADV5	4174627.9371609096	4004704.0962467417	3694789.314841879	3975258.981425207	3844159.567898828	3720011.956772259	P0ADV5	P0ADV5		yhbW	0	0.5321694300109502	0.041248736134057225	False	0.03436324556689952	False	False	Ecoli	False	True	False	False	msfragger	directlfq	min	0.6609640474436812
P17846	49911495.98701195	50718087.48287626	51805075.94671456	50186254.210808985	51431129.49103526	48970689.95104881	P17846	P17846		cysI	0	0.5327584246159787	0.017583453720725416	False	0.03439011284255777	False	False	Ecoli	False	True	False	False	msfragger	directlfq	min	0.6609640474436812
P0AEY5	7001206.766476308	7343939.874179908	6520139.994228169	7152481.388460642	6843446.893112895	7493839.244068834	P0AEY5	P0AEY5		mdaB	0	0.5329852300233893	-0.04254513628298595	False	0.03441698011821601	False	False	Ecoli	False	True	False	False	msfragger	directlfq	min	0.6609640474436812
P76053	993334.8606143568	1093403.9444524923	1064183.4981624351	1044186.085908576	1171182.9364764094	1042772.5960717408	P76053	P76053		smrA	0	0.5332095013032662	-0.04827513322990874	False	0.034443847393874266	False	False	Ecoli	False	True	False	False	msfragger	directlfq	min	0.6609640474436812
P0ABU9	6501377.948308235	6407885.861474256	7298709.114581626	6484518.002533311	6662186.676839324	6424396.599752343	P0ABU9	P0ABU9		tolQ	0	0.5346655125983398	0.04619967156964102	False	0.03447071466953251	False	False	Ecoli	False	True	False	False	msfragger	directlfq	min	0.6609640474436812
P0AB58	343999.96905746707	356201.3124999997	291989.164304084	339817.4332453373	385883.24030762	322158.677368696	P0AB58	P0AB58		yciM	0	0.5348471218291222	-0.07875611370223488	False	0.03449758194519076	False	False	Ecoli	False	True	False	False	msfragger	directlfq	min	0.6609640474436812
P08956	11606012.296379495	12286239.392189892	11193426.397629043	12043416.664991366	11743858.859150378	12019512.748253986	P08956	P08956		hsdR	0	0.5349526496049706	-0.029350875366264868	False	0.034524449220849004	False	False	Ecoli	False	True	False	False	msfragger	directlfq	min	0.6609640474436812
P37659	1651562.912247307	1690710.4136031645	1332119.6381638576	1805405.39851624	1594142.3007655882	1557628.989235257	P37659	P37659		bcsG	0	0.5349724745194205	-0.08473965884065125	False	0.03455131649650725	False	False	Ecoli	False	True	False	False	msfragger	directlfq	min	0.6609640474436812
P28304	16618187.26443265	15588992.667526033	17619440.43209234	18292299.66971569	16595950.23171736	16595107.427577129	P28304	P28304		qorA	0	0.5350188099110966	-0.047189415213825775	False	0.034578183772165504	False	False	Ecoli	False	True	False	False	msfragger	directlfq	min	0.6609640474436812
P09030	19727984.8652764	20698930.97152808	21866880.21132437	19997578.228823524	20237252.44360586	20658823.70755582	P09030	P09030		xthA	0	0.5352776824834108	0.03279659452773317	False	0.03460505104782376	False	False	Ecoli	False	True	False	False	msfragger	directlfq	min	0.6609640474436812
P0A7Y8	4009520.2396879527	4247786.557918455	3913591.2739131153	4058899.952254552	4318748.07335505	4060349.49501406	P0A7Y8	P0A7Y8		rnpA	0	0.5366080135736034	-0.03131860850752956	False	0.034631918323482	False	False	Ecoli	False	True	False	False	msfragger	directlfq	min	0.6609640474436812
P0A8Z3	1839104.8926137777	5164955.046392291	2117866.9452415714	2175996.15456785	2818946.912852969	1728579.80979179	P0A8Z3	P0A8Z3		ybgC	0	0.5366758302799699	0.4401212565556987	False	0.03465878559914025	False	False	Ecoli	False	True	False	False	msfragger	directlfq	min	0.6609640474436812
P45464	30006035.356712088	29652073.14615391	30517667.44225234	28774041.25466406	29907384.395028524	30376944.11473109	P45464	P45464		lpoA	0	0.5380028599447005	0.017988729046662322	False	0.034685652874798495	False	False	Ecoli	False	True	False	False	msfragger	directlfq	min	0.6609640474436812
P09348	1675833.2720888488	2019404.6929322104	2167669.6777472585	2025377.2108014736	1952180.5567913984	2232032.115705029	P09348	P09348		motA	0	0.5382987454149898	-0.08288165736827906	False	0.03471252015045675	False	False	Ecoli	False	True	False	False	msfragger	directlfq	min	0.6609640474436812
P0AB43	3826108.420875412	3905174.203059097	4057115.146662516	3621835.601159687	3873901.867939272	4017310.981091498	P0AB43	P0AB43		ycgL	0	0.5393143910033946	0.03409776259898236	False	0.034739387426114994	False	False	Ecoli	False	True	False	False	msfragger	directlfq	min	0.6609640474436812
P0C0U4	140751.79662685515	151511.0311999999	89999.0268762324	113544.92712869767	30121.843538232297	153623.11762127763	P0C0U4	P0C0U4		rimK	1	0.5393580042462256	0.36269084939443635	False	0.03476625470177324	False	False	Ecoli	False	True	False	False	msfragger	directlfq	min	0.6609640474436812
P0A7U7	103186296.83020356	99708852.09063856	104290230.37276416	101216093.70286432	103043326.23408984	99451116.26813996	P0A7U7	P0A7U7		rpsT	0	0.541726361950139	0.016412592821627596	False	0.034793121977431486	False	False	Ecoli	False	True	False	False	msfragger	directlfq	min	0.6609640474436812
P0ACN2	506120.15750212607	514448.4374999998	489536.5065621813	486917.7911235154	521635.3768494005	462939.8353113856	P0ACN2	P0ACN2		ytfH	0	0.5423514333746349	0.037368280438300865	False	0.03481998925308973	False	False	Ecoli	False	True	False	False	msfragger	directlfq	min	0.6609640474436812
P67095	5720469.73941204	5369075.391946239	5541735.596167957	5486732.126318421	5318313.360858131	5573705.654346762	P67095	P67095		yfcE	0	0.5440290335944196	0.022073913184541535	False	0.03484685652874799	False	False	Ecoli	False	True	False	False	msfragger	directlfq	min	0.6609640474436812
P23917	3093449.469966122	2905663.6986569185	2763916.509584892	3045935.550626888	2712935.157874105	2712723.599994143	P23917	P23917		mak	0	0.544069539519504	0.04879624238898727	False	0.03487372380440624	False	False	Ecoli	False	True	False	False	msfragger	directlfq	min	0.6609640474436812
P08312	97142872.3049907	98469679.95098443	97981556.79103656	93762039.94357048	98915447.05044764	97534339.13143682	P08312	P08312		pheS	0	0.544076770496411	0.016716710465153158	False	0.034900591080064484	False	False	Ecoli	False	True	False	False	msfragger	directlfq	min	0.6609640474436812
P56262	2339142.200000633	1795163.621031068	2266304.8037379743	2066622.2638931775	1991115.5241713347	1971586.982203289	P56262	P56262		ysgA	0	0.5449190601396372	0.08621310385195265	False	0.03492745835572273	False	False	Ecoli	False	True	False	False	msfragger	directlfq	min	0.6609640474436812
P05852	5143471.01319504	5148833.943817987	5324341.799938972	5247884.698284941	5198285.605393375	5307426.374678468	P05852	P05852		gcp	0	0.5454077468584405	-0.012596537738289008	False	0.03495432563138098	False	False	Ecoli	False	True	False	False	msfragger	directlfq	min	0.6609640474436812
P22707	2132984.88688892	2310046.561714961	2243922.875909452	2108022.2121328204	2225891.0923115225	2224083.8392368117	P22707	P22707		finO	0	0.5454638907229341	0.02809398960212486	False	0.03498119290703923	False	False	Ecoli	False	True	False	False	msfragger	directlfq	min	0.6609640474436812
P24202	9809383.50954559	8752717.296015697	9471789.633569917	9387995.99053159	9756668.485939728	9578350.611656746	P24202	P24202		mrr	0	0.5455122410226386	-0.03503522835750969	False	0.035008060182697476	False	False	Ecoli	False	True	False	False	msfragger	directlfq	min	0.6609640474436812
P0A8J8	46731180.98458701	45842604.82534104	46606916.44415672	46200791.53678337	44550601.10541757	46882619.3762695	P0A8J8	P0A8J8		rhlB	0	0.5455162424925897	0.016122159981473053	False	0.03503492745835572	False	False	Ecoli	False	True	False	False	msfragger	directlfq	min	0.6609640474436812
P69330	20259984.3437447	19643690.63485753	18842262.5951538	20434769.618630715	19544394.671005268	19751606.98642617	P69330	P69330		citD	0	0.5455753523486053	-0.023985261547093024	False	0.03506179473401397	False	False	Ecoli	False	True	False	False	msfragger	directlfq	min	0.6609640474436812
P75867	9829006.876305774	9792800.923952306	9655256.430652693	9547089.639051143	9827999.968269875	10552246.937779106	P75867	P75867		ycbZ	0	0.5460681308193582	-0.03169299438902254	False	0.03508866200967222	False	False	Ecoli	False	True	False	False	msfragger	directlfq	min	0.6609640474436812
P0ABI4	4553326.078346069	4554436.752237371	4502924.695762034	4582051.700486919	4414899.508868601	4506904.516085229	P0ABI4	P0ABI4		corA	0	0.5463010094096342	0.011368549009790237	False	0.035115529285330474	False	False	Ecoli	False	True	False	False	msfragger	directlfq	min	0.6609640474436812
P0AE18	40671142.82702964	39740006.49487501	41921696.0957965	39799329.24797945	42901981.7335164	41842893.2426329	P0AE18	P0AE18		map	0	0.5465792705517551	-0.02584607776266618	False	0.03514239656098872	False	False	Ecoli	False	True	False	False	msfragger	directlfq	min	0.6609640474436812
P0C018	92184348.14491142	101687373.6097938	114540832.13310394	106597943.71258208	103384793.52618176	112939617.38971	P0C018	P0C018		rplR	0	0.546986533213316	-0.06632582530224428	False	0.035169263836646966	False	False	Ecoli	False	True	False	False	msfragger	directlfq	min	0.6609640474436812
P20083	4756419.898737303	4810557.197728016	4603063.547356934	4654229.890216377	4607657.20864777	4757167.603223786	P20083	P20083		parE	0	0.5488804464522442	0.015454823916907822	False	0.03519613111230521	False	False	Ecoli	False	True	False	False	msfragger	directlfq	min	0.6609640474436812
P36929	6332548.94635427	6221580.213010682	5863998.871653288	6307680.350307027	6267097.149715761	6152002.505457008	P36929	P36929		rsmB	0	0.5496097218673162	-0.023976418056583536	False	0.03522299838796346	False	False	Ecoli	False	True	False	False	msfragger	directlfq	min	0.6609640474436812
P0AB18	3937143.297841018	4466443.1853325805	4627103.080661581	4339562.477399916	4531664.557298245	4619173.999545005	P0AB18	P0AB18		tusE	0	0.5499384063448357	-0.050019805358640174	False	0.03524986566362171	False	False	Ecoli	False	True	False	False	msfragger	directlfq	min	0.6609640474436812
P0AD44	2830999.6893990748	2912870.659025567	2832044.849623104	2628491.1758463844	3108073.5927928085	3233997.600802971	P0AD44	P0AD44		yfhG	0	0.5509218330733877	-0.06490779137568953	False	0.03527673293927996	False	False	Ecoli	False	True	False	False	msfragger	directlfq	min	0.6609640474436812
P39407	798813.2974526302	943631.1634624696	861444.2273437	895833.0721804084	911518.7685985744	886224.545917536	P39407	P39407		yjjU	0	0.5515665000772499	-0.04885520181008017	False	0.035303600214938204	False	False	Ecoli	False	True	False	False	msfragger	directlfq	min	0.6609640474436812
P37692	11083264.56148611	10407203.1677829	10347785.370662613	11065205.373133192	10767259.88830414	10555858.356198326	P37692	P37692		rfaF	0	0.5524105766569984	-0.024712617514070938	False	0.03533046749059646	False	False	Ecoli	False	True	False	False	msfragger	directlfq	min	0.6609640474436812
P77182	2561990.592741327	2708226.488875057	2525485.7171638114	2662880.6374016847	2583581.421395795	2674867.6419365965	P77182	P77182		mnmC	0	0.5525299479723167	-0.023063535481416802	False	0.0353573347662547	False	False	Ecoli	False	True	False	False	msfragger	directlfq	min	0.6609640474436812
P0AEM4	5511364.885852333	5343380.046615173	5729819.049091943	5775308.600571897	5486979.038126284	5595675.792598355	P0AEM4	P0AEM4		flgM	0	0.5529923689337021	-0.023589175121231976	False	0.035384202041912956	False	False	Ecoli	False	True	False	False	msfragger	directlfq	min	0.6609640474436812
P0AG00	6317976.570869257	6694767.036544924	6446127.109491261	6463971.170714404	6855461.382968937	6470003.367895134	P0AG00	P0AG00		wzzE	0	0.5537048339389453	-0.024302503701189113	False	0.0354110693175712	False	False	Ecoli	False	True	False	False	msfragger	directlfq	min	0.6609640474436812
P29018	3622829.590977639	3889510.128223925	3912118.533632628	3495010.961865661	4263866.63541268	4200433.643467	P29018	P29018		cydD	0	0.5544999131791553	-0.06600855001649188	False	0.03543793659322945	False	False	Ecoli	False	True	False	False	msfragger	directlfq	min	0.6609640474436812
P0AB10	1200402.3550429335	1133990.875	1056092.4813687955	1449898.5363278715	30121.843538232297	1021863.0298700402	P0AB10	P0AB10		ymbA	1	0.5546679527810456	0.4384774045443876	False	0.035464803868887694	False	False	Ecoli	False	True	False	False	msfragger	directlfq	min	0.6609640474436812
P0AFW0	55924.14641241899	1846794.0000000007	2118534.605492057	100963.63880373628	2068284.351362431	65127.24567499205	P0AFW0	P0AFW0		rfaH	3	0.5549334475531836	0.8477735291157068	False	0.03549167114454594	False	True	Ecoli	False	True	False	False	msfragger	directlfq	min	0.6609640474436812
P25539	20234647.085413028	19763507.17052665	18994108.985333305	19845647.950831063	19307456.300083596	18980602.17475565	P25539	P25539		ribD	0	0.5555364559595247	0.02115086601462731	False	0.03551853842020419	False	False	Ecoli	False	True	False	False	msfragger	directlfq	min	0.6609640474436812
P0AA95	2071530.4467087423	2124606.847082231	2066358.7136821167	2099545.987462043	2109339.797775531	1927733.7696623115	P0AA95	P0AA95		yacC	0	0.5571316471809685	0.029293633441186004	False	0.03554540569586244	False	False	Ecoli	False	True	False	False	msfragger	directlfq	min	0.6609640474436812
P68688	1563872.0516733755	1876649.0269047944	2061098.4022339648	1628809.0193627065	1759084.8713644058	1802945.753754075	P68688	P68688		grxA	0	0.5584012555941581	0.08388843853209205	False	0.03557227297152069	False	False	Ecoli	False	True	False	False	msfragger	directlfq	min	0.6609640474436812
P0ACY9	867668.4829360934	871109.4375	872436.553693902	862414.197088345	859605.3312412043	877511.3525277964	P0ACY9	P0ACY9		yebG	0	0.560218310144577	0.006469665728667108	False	0.03559914024717894	False	False	Ecoli	False	True	False	False	msfragger	directlfq	min	0.6609640474436812
P60293	17226310.508069173	15613346.810291806	14660682.267037151	15259359.627016436	15170655.549812602	15510720.61086108	P60293	P60293		mukF	0	0.5603292124026029	0.04816386434161484	False	0.035626007522837184	False	False	Ecoli	False	True	False	False	msfragger	directlfq	min	0.6609640474436812
P69441	177797993.67735967	170047077.924864	182939883.5846349	182320755.509967	175257178.19554192	181686541.7831965	P69441	P69441		adk	0	0.5605108865159456	-0.02286551932645202	False	0.03565287479849544	False	False	Ecoli	False	True	False	False	msfragger	directlfq	min	0.6609640474436812
P16433	1069360.8954944827	992818.25	917083.4818371108	1100888.115354036	979173.421731606	1008010.2547030458	P16433	P16433		hycG	0	0.562014628514734	-0.051750987565772406	False	0.035679742074153684	False	False	Ecoli	False	True	False	False	msfragger	directlfq	min	0.6609640474436812
P52007	4900889.62342872	4432094.425904664	4583861.887627766	5327869.079493343	4584381.713871613	4561228.021939248	P52007	P52007		yecM	0	0.5628045785203122	-0.05657944562588415	False	0.03570660934981193	False	False	Ecoli	False	True	False	False	msfragger	directlfq	min	0.6609640474436812
P0ABB0	579476084.6432039	564430968.743628	559134652.3832052	574527562.3163652	568724873.0893732	572528395.0520296	P0ABB0	P0ABB0		atpA	0	0.5629422633244083	-0.010751512766135283	False	0.035733476625470176	False	False	Ecoli	False	True	False	False	msfragger	directlfq	min	0.6609640474436812
P0A809	1013365.680810702	866730.8260304254	998286.7486598588	924705.7953996296	1005412.6469265088	808714.1472280641	P0A809	P0A809		ruvA	0	0.5633558029081613	0.07169761472575646	False	0.03576034390112842	False	False	Ecoli	False	True	False	False	msfragger	directlfq	min	0.6609640474436812
P0AFG8	628298940.5351648	627318740.6210061	623211982.2154163	624518170.656839	621833047.9132569	628000947.8408986	P0AFG8	P0AFG8		aceE	0	0.5635967356926901	0.003442234359064754	False	0.03578721117678668	False	False	Ecoli	False	True	False	False	msfragger	directlfq	min	0.6609640474436812
P0AGM5	392914.2909256836	304366.18749999977	366624.09664391767	286029.21685069613	293797.946850688	398812.829409975	P0AGM5	P0AGM5		sirB1	0	0.5639450999420637	0.12051861053164777	False	0.03581407845244493	False	False	Ecoli	False	True	False	False	msfragger	directlfq	min	0.6609640474436812
P00968	51681642.94927114	51482200.217158005	50584095.27934019	50699310.0608741	52026123.16374041	52095482.42929167	P00968	P00968		carB	0	0.5644135769300733	-0.010033320704440034	False	0.035840945728103174	False	False	Ecoli	False	True	False	False	msfragger	directlfq	min	0.6609640474436812
P62617	7899395.263506484	7102699.590712972	7144087.728116976	7695134.430978372	6833370.315971956	6906083.0024336325	P62617	P62617		ispF	0	0.564896293376141	0.04711736752153981	False	0.03586781300376142	False	False	Ecoli	False	True	False	False	msfragger	directlfq	min	0.6609640474436812
P25772	1081611.842834747	1047746.003779866	1017976.9375909764	889902.211228908	1109443.443041465	1015637.8842110937	P25772	P25772		ligB	0	0.5650499873335069	0.0619805221093526	False	0.035894680279419666	False	False	Ecoli	False	True	False	False	msfragger	directlfq	min	0.6609640474436812
P15288	140000600.77904555	140900659.0528648	144656815.49717554	139598002.74390265	143805526.56085208	137891153.9205321	P15288	P15288		pepD	0	0.5654738522989682	0.014526318886633824	False	0.03592154755507792	False	False	Ecoli	False	True	False	False	msfragger	directlfq	min	0.6609640474436812
P31063	8728062.02599828	9710373.804979837	10310977.66102684	9594274.876675274	9654854.39650773	10556309.177884316	P31063	P31063		yedD	0	0.5658552933375045	-0.05204307176464198	False	0.035948414830736165	False	False	Ecoli	False	True	False	False	msfragger	directlfq	min	0.6609640474436812
P07639	20954922.16738857	21085506.86172062	21099191.3614531	21226155.828937467	20791565.94593718	20832709.70134754	P07639	P07639		aroB	0	0.5659732503185434	0.006622937908481139	False	0.03597528210639441	False	False	Ecoli	False	True	False	False	msfragger	directlfq	min	0.6609640474436812
P0AEE1	24117870.58400067	23121880.96823342	21711481.56539664	25338917.714459296	22991233.75210764	22674305.24231423	P0AEE1	P0AEE1		dcrB	0	0.566065548105781	-0.04233322753510688	False	0.03600214938205266	False	False	Ecoli	False	True	False	False	msfragger	directlfq	min	0.6609640474436812
P00562	22799985.90005469	22008606.88906419	22105324.403920483	23166323.32908327	22424266.744886283	22078603.96717264	P00562	P00562		metL	0	0.5709784171905417	-0.01619290254993687	False	0.036029016657710904	False	False	Ecoli	False	True	False	False	msfragger	directlfq	min	0.6609640474436812
P0ACT6	827774.4887001002	611114.1249999999	590777.7279983223	657142.2020512305	705349.804788945	477411.9998227383	P0ACT6	P0ACT6		uidR	0	0.5717688828597162	0.14161208273510886	False	0.036055883933369164	False	False	Ecoli	False	True	False	False	msfragger	directlfq	min	0.6609640474436812
P37646	55924.14641241899	531714.8124999997	575474.4792854642	406818.0490937524	513902.1049749869	582085.0092560337	P37646	P37646		yhjH	1	0.5726448586495527	-0.3696661684965834	False	0.03608275120902741	False	False	Ecoli	False	True	False	False	msfragger	directlfq	min	0.6609640474436812
P0AAN1	1066104.5519756337	1160559.875000001	1159603.2823584117	1071142.2173283552	1211764.6994126055	1206984.8923464112	P0AAN1	P0AAN1		hybE	0	0.5732408346575122	-0.043486278436537705	False	0.036109618484685656	False	False	Ecoli	False	True	False	False	msfragger	directlfq	min	0.6609640474436812
P0C0V0	63274928.75142365	66613976.24188994	66441087.78011214	64549752.855703086	67042068.81372752	67313444.5356476	P0C0V0	P0C0V0		degP	0	0.5734643336352997	-0.01880088734328377	False	0.0361364857603439	False	False	Ecoli	False	True	False	False	msfragger	directlfq	min	0.6609640474436812
P06987	3298608.314764756	3423399.4707859755	3517919.2323657563	3530492.243715233	3491098.3503712006	3366767.8200959885	P06987	P06987		hisB	0	0.5736018879317895	-0.02076226217537203	False	0.03616335303600215	False	False	Ecoli	False	True	False	False	msfragger	directlfq	min	0.6609640474436812
P31433	5817816.934495594	5215800.662815318	5241814.802126625	5934487.955525108	5286735.67381655	5552814.809342491	P31433	P31433		yicH	0	0.574147068164985	-0.04353419433241005	False	0.0361902203116604	False	False	Ecoli	False	True	False	False	msfragger	directlfq	min	0.6609640474436812
P27838	2661242.173039528	2732680.070267826	3387969.0050048474	2569855.606944113	2775563.892569028	2950757.55319395	P27838	P27838		cyaY	0	0.574162083955926	0.0820849850452979	False	0.03621708758731865	False	False	Ecoli	False	True	False	False	msfragger	directlfq	min	0.6609640474436812
P0AEC0	438697.56800040585	439150.49999999953	369553.69407081	414083.6466867149	429059.2530339243	452988.8100133039	P0AEC0	P0AEC0		yoaE	0	0.5742508348673732	-0.055286126840238606	False	0.03624395486297689	False	False	Ecoli	False	True	False	False	msfragger	directlfq	min	0.6609640474436812
P0A9H5	2504441.116538204	2717064.4613094907	2435039.733671638	2628548.3141214964	2554834.195313775	2646072.1331153777	P0A9H5	P0A9H5		btuR	0	0.5744497663185905	-0.03221823613172722	False	0.03627082213863514	False	False	Ecoli	False	True	False	False	msfragger	directlfq	min	0.6609640474436812
P0AFL6	7897453.426616269	8076839.806046635	8292622.689223197	7854980.121607062	8291940.634825707	8558327.244039794	P0AFL6	P0AFL6		ppx	0	0.5759671785460191	-0.02582676988987347	False	0.03629768941429339	False	False	Ecoli	False	True	False	False	msfragger	directlfq	min	0.6609640474436812
P64451	3101591.0865748376	3034130.1432547574	3316379.914895123	3220358.842115961	3050980.626953596	2978692.842187522	P64451	P64451		ydcL	0	0.5783596070526533	0.031176662225733946	False	0.036324556689951645	False	False	Ecoli	False	True	False	False	msfragger	directlfq	min	0.6609640474436812
P0AG82	16482484.511312883	16661016.361240506	16740828.834442474	15398147.406379426	16586463.850095902	16966857.334054448	P0AG82	P0AG82		pstS	0	0.5796038793101413	0.027234546520695	False	0.03635142396560989	False	False	Ecoli	False	True	False	False	msfragger	directlfq	min	0.6609640474436812
P00547	2416129.7651979537	2242911.215013062	2578440.601195002	2469254.3790606344	2410415.318496226	2555234.282402529	P00547	P00547		thrB	0	0.5813819009175194	-0.0388263387235556	False	0.03637829124126814	False	False	Ecoli	False	True	False	False	msfragger	directlfq	min	0.6609640474436812
P0AGD7	40247654.10124255	40294589.58834837	39151860.35723332	39986678.43938984	38980470.427718766	39848396.419870056	P0AGD7	P0AGD7		ffh	0	0.5819402843618566	0.010628484861510162	False	0.036405158516926384	False	False	Ecoli	False	True	False	False	msfragger	directlfq	min	0.6609640474436812
P0ABB8	528457.4080953642	726803.6874999993	674929.7638227677	606719.3732301387	658044.0604576839	540381.2055128939	P0ABB8	P0ABB8		mgtA	0	0.58329955000669	0.09662907056471201	False	0.03643202579258463	False	False	Ecoli	False	True	False	False	msfragger	directlfq	min	0.6609640474436812
P0ABH7	30899390.9034532	32657664.236617766	31985433.331407856	31800940.62228618	31928309.553801622	32944000.794905663	P0ABH7	P0ABH7		gltA	0	0.5835739568348777	-0.016974304750422366	False	0.03645889306824288	False	False	Ecoli	False	True	False	False	msfragger	directlfq	min	0.6609640474436812
P0ACC7	51962793.32551971	53805933.240158655	53907132.2515148	52811234.63108056	54259473.98460078	53997613.03827396	P0ACC7	P0ACC7		glmU	0	0.5840826491883221	-0.012526567728842926	False	0.03648576034390113	False	False	Ecoli	False	True	False	False	msfragger	directlfq	min	0.6609640474436812
P0A921	6102057.721978558	6216907.953500939	6595272.778836194	6144655.371510708	6162302.336245413	6311475.710224702	P0A921	P0A921		pldA	0	0.585142037407865	0.022741002648366607	False	0.036512627619559375	False	False	Ecoli	False	True	False	False	msfragger	directlfq	min	0.6609640474436812
P0A6L9	10226434.921497457	9795799.751206445	9307058.436263986	10140704.777943367	9781218.8456083	9937580.028694838	P0A6L9	P0A6L9		hscB	0	0.5855203631637778	-0.025847884224856097	False	0.03653949489521763	False	False	Ecoli	False	True	False	False	msfragger	directlfq	min	0.6609640474436812
P12281	22844907.496316545	22579662.20824034	23252965.65859758	22611382.290213767	22865936.361633334	22809155.67145728	P12281	P12281		moeA	0	0.5855572704317588	0.008238417629391752	False	0.036566362170875874	False	False	Ecoli	False	True	False	False	msfragger	directlfq	min	0.6609640474436812
P0AF50	7980459.770038963	7408760.881504797	7451767.94280629	7555026.128061863	7468534.389290399	7460788.437842146	P0AF50	P0AF50		yjbR	0	0.5857422743258335	0.022703983486031074	False	0.03659322944653413	False	False	Ecoli	False	True	False	False	msfragger	directlfq	min	0.6609640474436812
P0AF24	11264942.500294086	12474477.795141358	11757848.207344385	10876756.302101357	11839710.811605552	11919302.293887565	P0AF24	P0AF24		nagD	0	0.5859526041498129	0.03544529164436441	False	0.03662009672219237	False	False	Ecoli	False	True	False	False	msfragger	directlfq	min	0.6609640474436812
P0A9J6	4954432.537658489	4729170.548586744	4434413.864214296	4576527.922286359	4545893.883022413	4699516.144832982	P0A9J6	P0A9J6		rbsK	0	0.5861181189937598	0.03057755083656877	False	0.03664696399785062	False	False	Ecoli	False	True	False	False	msfragger	directlfq	min	0.6609640474436812
P66817	6269394.581553917	6081106.370346673	5575391.567509504	6061037.603576128	5859056.860723075	5549756.094111688	P66817	P66817		diaA	0	0.5863108005458249	0.03717768451057749	False	0.036673831273508865	False	False	Ecoli	False	True	False	False	msfragger	directlfq	min	0.6609640474436812
P0AFJ5	607115.703692435	528183.5000000005	526307.6611963637	654568.0792562307	623545.062925834	488342.6361042592	P0AFJ5	P0AFJ5		phoB	0	0.5864168540440975	-0.08827855127348452	False	0.03670069854916711	False	False	Ecoli	False	True	False	False	msfragger	directlfq	min	0.6609640474436812
P22186	2459560.2875565644	2456710.9999999986	2197520.5171979745	2329788.2107369457	2405700.5955138616	2185311.4369493257	P22186	P22186		mraZ	0	0.5869028068164549	0.039679888020392545	False	0.036727565824825364	False	False	Ecoli	False	True	False	False	msfragger	directlfq	min	0.6609640474436812
P0ABR1	2211544.6812743437	1903653.333025585	2394482.077512307	2095713.1338657276	2032517.7520122093	2105420.3906324394	P0ABR1	P0ABR1		dinI	0	0.5879180453851582	0.0625091962675629	False	0.03675443310048361	False	False	Ecoli	False	True	False	False	msfragger	directlfq	min	0.6609640474436812
P25714	13002117.098756572	12684769.401359668	12195797.378477463	12575969.807624413	12638692.47333041	13217299.310423816	P25714	P25714		yidC	0	0.588151170613094	-0.020768069139611392	False	0.036781300376141864	False	False	Ecoli	False	True	False	False	msfragger	directlfq	min	0.6609640474436812
Q46920	23938461.896483645	24457310.03849685	24159835.4112054	23284422.95926512	23759054.44268411	24696937.56530917	Q46920	Q46920		queF	0	0.5892795703399686	0.016301024737620583	False	0.03680816765180011	False	False	Ecoli	False	True	False	False	msfragger	directlfq	min	0.6609640474436812
P0ACE7	39088355.559072986	37896849.733644776	37914352.649233006	38563285.95712578	37476145.87369883	37972928.97599977	P0ACE7	P0ACE7		hinT	0	0.5904779534920144	0.011183002816051474	False	0.036835034927458356	False	False	Ecoli	False	True	False	False	msfragger	directlfq	min	0.6609640474436812
P04968	1730753.4253935437	1721825.4852156255	1901215.8010561173	1836508.0055397116	1760468.4191529602	1594689.4720647866	P04968	P04968		ilvA	0	0.590478427824555	0.044364277217767284	False	0.03686190220311661	False	False	Ecoli	False	True	False	False	msfragger	directlfq	min	0.6609640474436812
P0ABT5	194002.32395681375	268842.43750000023	192023.7807348852	228377.37531696344	234029.58574966152	240600.7525127308	P0ABT5	P0ABT5		dusB	0	0.5917256142966417	-0.10233518878231718	False	0.036888769478774855	False	False	Ecoli	False	True	False	False	msfragger	directlfq	min	0.6609640474436812
P0ACE0	80677432.81509118	84327436.46449466	82573769.21308452	81764909.03537214	82338652.31167296	81455674.63222004	P0ACE0	P0ACE0		hybC	0	0.5923125323280002	0.011815755501795547	False	0.0369156367544331	False	False	Ecoli	False	True	False	False	msfragger	directlfq	min	0.6609640474436812
P0A7F9	4490080.032629714	5013659.509310371	4812235.584086051	4751549.213122505	4999384.705964994	4868623.158200949	P0A7F9	P0A7F9		queA	0	0.5925348387419451	-0.030273661024004715	False	0.03694250403009135	False	False	Ecoli	False	True	False	False	msfragger	directlfq	min	0.6609640474436812
P68187	4641308.365972602	4902991.046976849	5317809.021722295	5419855.244680901	5210575.115792315	4727076.313093546	P68187	P68187		malK	0	0.5926536620397509	-0.04730520979133817	False	0.03696937130574959	False	False	Ecoli	False	True	False	False	msfragger	directlfq	min	0.6609640474436812
P23882	21657081.38742794	22135210.827179503	21101619.24605801	21480062.304708693	21642989.483146157	21180616.99881437	P23882	P23882		fmt	0	0.5937303726967901	0.013182075104345138	False	0.03699623858140785	False	False	Ecoli	False	True	False	False	msfragger	directlfq	min	0.6609640474436812
P76344	214706.4112110602	231208.31250000012	187659.65995117792	198822.73891382053	239462.04158294	136709.48879828097	P76344	P76344		zinT	0	0.5942200165636192	0.13996642888202077	False	0.0370231058570661	False	False	Ecoli	False	True	False	False	msfragger	directlfq	min	0.6609640474436812
P77234	55924.14641241899	544024.6250000003	634514.3106054396	454492.2641121129	486234.6324890737	638116.94416368	P77234	P77234		ybeQ	1	0.595203705002131	-0.35498479339713707	False	0.037049973132724345	False	False	Ecoli	False	True	False	False	msfragger	directlfq	min	0.6609640474436812
P16431	12914298.96252893	13844719.488076156	13565570.267511224	12720576.458724637	13156507.358327514	13746877.559107084	P16431	P16431		hycE	0	0.5956703796638886	0.025286699196592932	False	0.03707684040838259	False	False	Ecoli	False	True	False	False	msfragger	directlfq	min	0.6609640474436812
P39173	77064960.65242986	74426109.77566633	79563708.53767495	76071088.36734618	75684069.78364946	76519066.05709046	P39173	P39173		yeaD	0	0.5974650701670687	0.017466963913109736	False	0.03710370768404084	False	False	Ecoli	False	True	False	False	msfragger	directlfq	min	0.6609640474436812
P75736	9205970.085183648	9526946.543359762	9276851.36813468	9232532.401735948	9227561.043099722	9359844.465183672	P75736	P75736		ybfF	0	0.5976908739061794	0.009810833698486449	False	0.03713057495969909	False	False	Ecoli	False	True	False	False	msfragger	directlfq	min	0.6609640474436812
P28629	10011231.055905776	9873675.031258743	10489643.1313525	9718551.360942105	10259321.838313902	9978900.657472173	P28629	P28629		adiA	0	0.5986969847978889	0.01998073458289645	False	0.03715744223535734	False	False	Ecoli	False	True	False	False	msfragger	directlfq	min	0.6609640474436812
P77562	3401592.822341526	3409523.7306091096	3460522.0397273405	3364931.6519585475	3017275.607567199	3583006.410345425	P77562	P77562		yaiW	0	0.5992115192575391	0.04369370311863465	False	0.03718430951101558	False	False	Ecoli	False	True	False	False	msfragger	directlfq	min	0.6609640474436812
P0A8A8	21330035.98553513	20437890.221841704	19675758.072430644	20071628.99227877	20289568.230180018	20193961.300484728	P0A8A8	P0A8A8		rimP	0	0.5997713796898263	0.021014861111847763	False	0.03721117678667383	False	False	Ecoli	False	True	False	False	msfragger	directlfq	min	0.6609640474436812
P63284	201801775.06199983	206646967.20498776	208715322.4087452	204118542.49203143	205737148.2094965	203442590.8909702	P63284	P63284		clpB	0	0.6014119002443515	0.009065152542152167	False	0.037238044062332075	False	False	Ecoli	False	True	False	False	msfragger	directlfq	min	0.6609640474436812
P0A6L2	134449461.425507	132646475.25658368	138859117.68376487	131770430.69799876	134729013.228763	135687585.5197499	P0A6L2	P0A6L2		dapA	0	0.6020233614250043	0.013453451732051515	False	0.037264911337990335	False	False	Ecoli	False	True	False	False	msfragger	directlfq	min	0.6609640474436812
P0AEQ3	95914370.32505617	90911754.1073929	96243220.74936365	99500328.13609704	96108803.80604666	92110127.90651724	P0AEQ3	P0AEQ3		glnH	0	0.6037751521060928	-0.02350627597847459	False	0.03729177861364858	False	False	Ecoli	False	True	False	False	msfragger	directlfq	min	0.6609640474436812
P75949	4150980.7461252687	4021176.461514321	4055462.882144112	4655750.884143393	4092952.4434015728	3896921.439729125	P75949	P75949		nagZ	0	0.6042903659755398	-0.04849468254433824	False	0.03731864588930683	False	False	Ecoli	False	True	False	False	msfragger	directlfq	min	0.6609640474436812
P0A8J4	26941278.97506497	24706095.931365624	24750867.72999723	26604966.25360687	26790969.906768583	24682619.618250817	P0A8J4	P0A8J4		ybeD	0	0.6052417428149306	-0.031386914769812674	False	0.03734551316496507	False	False	Ecoli	False	True	False	False	msfragger	directlfq	min	0.6609640474436812
P0ADP0	5500951.840076498	5698802.416215909	5721336.098278669	5662219.85210959	5646070.945970556	5447979.822390895	P0ADP0	P0ADP0		yigB	0	0.6057363562877698	0.014121445662261483	False	0.03737238044062332	False	False	Ecoli	False	True	False	False	msfragger	directlfq	min	0.6609640474436812
P69791	435498.13527988	841839.7500000007	999704.2484196128	466971.60482813866	1076829.7996595032	1212445.0609263182	P69791	P69791		chbA	0	0.6067036011015088	-0.2755439136574542	False	0.03739924771628157	False	False	Ecoli	False	True	False	False	msfragger	directlfq	min	0.6609640474436812
P0A821	7934976.373076254	7655353.2120464835	7183417.3559710095	7526312.6733652735	7286545.074331166	7550886.274337251	P0A821	P0A821		selA	0	0.6076831346315315	0.026209939208141488	False	0.03742611499193982	False	False	Ecoli	False	True	False	False	msfragger	directlfq	min	0.6609640474436812
P36680	10693415.665333828	10281606.809443358	11533446.346168106	10914397.502865914	10330565.953487124	10564344.568352994	P36680	P36680		zapD	0	0.608249337778074	0.031366617322941645	False	0.037452982267598064	False	False	Ecoli	False	True	False	False	msfragger	directlfq	min	0.6609640474436812
P76206	2000041.4632160035	2067137.2928924956	1906509.5974591337	2129691.24701358	1889572.1701103933	2105774.922720296	P76206	P76206		ydiY	0	0.6087609038427485	-0.03609690030601526	False	0.03747984954325631	False	False	Ecoli	False	True	False	False	msfragger	directlfq	min	0.6609640474436812
P0AAT6	8859022.591464188	9122318.90747726	9462644.637404734	9307993.172427429	9893576.3082207	8838821.432213763	P0AAT6	P0AAT6		rsfS	0	0.6091785381722474	-0.03101641940235838	False	0.037506716818914564	False	False	Ecoli	False	True	False	False	msfragger	directlfq	min	0.6609640474436812
P0A6A3	454982583.6219127	440240096.1093499	480443005.7001001	453216967.7275721	451779829.635804	449505684.6678455	P0A6A3	P0A6A3		ackA	0	0.6095151573866177	0.022366871397855176	False	0.03753358409457282	False	False	Ecoli	False	True	False	False	msfragger	directlfq	min	0.6609640474436812
P33011	1899602.9902292732	1919532.3749999984	1821811.540186236	1832710.5031538664	1939215.5169551764	1772724.0745307533	P33011	P33011		yeeA	0	0.6097222971551006	0.024840938520538376	False	0.03756045137023106	False	False	Ecoli	False	True	False	False	msfragger	directlfq	min	0.6609640474436812
P42596	8209231.133692853	8038722.567457147	7779973.422003865	7924405.304128796	7692658.708961655	8120697.78309643	P42596	P42596		rlmG	0	0.6113024083001148	0.01752828179605187	False	0.03758731864588931	False	False	Ecoli	False	True	False	False	msfragger	directlfq	min	0.6609640474436812
P63235	7713149.609284879	8060240.438007979	8362068.484559566	7659355.875631313	7915384.942376527	8166684.196645885	P63235	P63235		gadC	0	0.6119001759096018	0.02374770431030984	False	0.037614185921547555	False	False	Ecoli	False	True	False	False	msfragger	directlfq	min	0.6609640474436812
P0A910	2751561264.960009	2824939398.95581	2890081744.935799	2736458945.7509065	2860401505.3899617	3028822032.029322	P0A910	P0A910		ompA	0	0.6128706718999423	-0.026858876723652485	False	0.0376410531972058	False	False	Ecoli	False	True	False	False	msfragger	directlfq	min	0.6609640474436812
P69795	837601.23450245	820409.0508807084	736470.1712098194	888478.1772234212	879888.0712717739	727812.73275561	P69795	P69795		chbB	0	0.6131657176861851	-0.06000872160768897	False	0.037667920472864054	False	False	Ecoli	False	True	False	False	msfragger	directlfq	min	0.6609640474436812
P09996	448416.6827612908	444446.6874999998	364299.9379105856	426143.3720360413	477257.8967795722	410090.55980687134	P09996	P09996		yidB	0	0.6132961636819049	-0.06323515426637467	False	0.0376947877485223	False	False	Ecoli	False	True	False	False	msfragger	directlfq	min	0.6609640474436812
P60651	47746399.366773054	47971825.29438304	47486197.37737097	50082278.47536216	47634822.77509344	47119639.84627086	P60651	P60651		speB	0	0.6134426620646815	-0.01635157832637979	False	0.037721655024180546	False	False	Ecoli	False	True	False	False	msfragger	directlfq	min	0.6609640474436812
P08957	96279073.68735416	97402504.823545	96458545.83842167	95584619.89388987	94298325.90150832	98196094.93245631	P08957	P08957		hsdM	0	0.6163020722278431	0.010285123333809413	False	0.0377485222998388	False	False	Ecoli	False	True	False	False	msfragger	directlfq	min	0.6609640474436812
P0ACS7	2200369.448196954	2505309.690470827	2257002.3693537666	2475746.0250960723	2260012.890202423	2413444.9134879373	P0ACS7	P0ACS7		rpiR	0	0.6165002553435935	-0.038139552957258634	False	0.037775389575497045	False	False	Ecoli	False	True	False	False	msfragger	directlfq	min	0.6609640474436812
P0A794	29207702.873841017	27762863.901644293	27430972.11499872	30209111.083996303	27951400.172614127	27798095.223716386	P0A794	P0A794		pdxJ	0	0.617526265793797	-0.026372790892156817	False	0.0378022568511553	False	False	Ecoli	False	True	False	False	msfragger	directlfq	min	0.6609640474436812
P0AFB5	1567144.144526962	1935653.4557919037	1825677.6284145615	1645824.1404162776	1975975.995971382	1949388.5636362864	P0AFB5	P0AFB5		glnL	0	0.6230495816106688	-0.06426242465137472	False	0.037829124126813544	False	False	Ecoli	False	True	False	False	msfragger	directlfq	min	0.6609640474436812
P25906	2641961.3290269654	2786191.620291403	2867506.973218021	2885909.824189669	2776028.8637403967	2758630.407342509	P25906	P25906		ydbC	0	0.6234106322062047	-0.021560986986016644	False	0.03785599140247179	False	False	Ecoli	False	True	False	False	msfragger	directlfq	min	0.6609640474436812
P0C0L7	10090390.536795586	10505182.385043466	10538352.558351131	9558003.122740488	10850693.72737271	10055277.5392677	P0C0L7	P0C0L7		proP	0	0.6240171774094408	0.03138331768251057	False	0.03788285867813004	False	False	Ecoli	False	True	False	False	msfragger	directlfq	min	0.6609640474436812
P0A731	7607931.452401298	7163452.256874008	8375292.864790038	7369750.968881424	7527325.740841783	7635098.647313326	P0A731	P0A731		mgsA	0	0.6243568612909711	0.038818460041166084	False	0.03790972595378828	False	False	Ecoli	False	True	False	False	msfragger	directlfq	min	0.6609640474436812
P06988	10690180.319646891	10443373.452049308	10477397.296645671	10160363.783470156	10573483.994313512	10611512.874244992	P06988	P06988		hisD	0	0.6257868498231998	0.012172512624762957	False	0.037936593229446536	False	False	Ecoli	False	True	False	False	msfragger	directlfq	min	0.6609640474436812
P0ABL5	2735660.007671912	2794120.2907911246	2412258.780268861	2991719.68083478	2701998.469754669	2531576.194013087	P0ABL5	P0ABL5		napC	0	0.6266810009545574	-0.05055784739460516	False	0.03796346050510479	False	False	Ecoli	False	True	False	False	msfragger	directlfq	min	0.6609640474436812
P0AFI0	4490640.213889153	4588362.627767799	4650256.701229793	4583849.496154876	4611201.37062646	4409925.23501941	P0AFI0	P0AFI0		oxc	0	0.6270663158238996	0.013119396647429416	False	0.037990327780763035	False	False	Ecoli	False	True	False	False	msfragger	directlfq	min	0.6609640474436812
P10908	1349007.655092322	1293184.1355522652	1346793.502473578	1348943.7433995763	1401671.958488054	1295545.97009136	P10908	P10908		ugpQ	0	0.6273387349227313	-0.020532162232706746	False	0.03801719505642128	False	False	Ecoli	False	True	False	False	msfragger	directlfq	min	0.6609640474436812
P0ACM5	497984.5619351567	440471.0938000001	379309.4247989832	478495.6199578736	445245.5109847865	453281.1192116207	P0ACM5	P0ACM5		yegW	0	0.6284167971978185	-0.06345866856993579	False	0.03804406233207953	False	False	Ecoli	False	True	False	False	msfragger	directlfq	min	0.6609640474436812
P67826	3867900.230095353	3847422.417182538	3719215.119966767	3729159.064214115	3936367.172307586	3892003.898289007	P67826	P67826		cutC	0	0.630524845280561	-0.015435077179788328	False	0.03807092960773778	False	False	Ecoli	False	True	False	False	msfragger	directlfq	min	0.6609640474436812
P31545	1044212.8867336968	1412446.1258365866	1166550.672491353	1318908.3892599042	1258134.337054712	1230666.6372796982	P31545	P31545		efeB	0	0.6311565169836048	-0.07165506330993122	False	0.038097796883396026	False	False	Ecoli	False	True	False	False	msfragger	directlfq	min	0.6609640474436812
P0AE91	14410388.957322756	14629980.002372593	13592380.050222425	14868344.995991131	13764149.803970858	13007575.363273894	P0AE91	P0AE91		creA	0	0.6312152757067537	0.033989585407566116	False	0.03812466415905427	False	False	Ecoli	False	True	False	False	msfragger	directlfq	min	0.6609640474436812
P39393	3637860.7506911447	3548059.362983009	3323220.289444393	3563964.6503343717	3473739.8277678983	3273880.9602662264	P39393	P39393		yjiV	0	0.6313894560115354	0.027378500030812634	False	0.03815153143471252	False	False	Ecoli	False	True	False	False	msfragger	directlfq	min	0.6609640474436812
P03007	856441.2320196456	898286.0625000005	794156.003540671	881591.2787602588	967763.4747946282	792686.7156379853	P03007	P03007		dnaQ	0	0.6317669750133208	-0.051787790811588	False	0.038178398710370764	False	False	Ecoli	False	True	False	False	msfragger	directlfq	min	0.6609640474436812
P0A8B2	2326388.7510880446	2631272.42763889	2240488.5206456967	2451788.6630120385	2229898.436842432	2301407.1774645504	P0A8B2	P0A8B2		yfcN	0	0.6319467603463915	0.04375965581129755	False	0.038205265986029024	False	False	Ecoli	False	True	False	False	msfragger	directlfq	min	0.6609640474436812
P0AFU8	35197425.783606544	38205230.49637898	36203390.75801302	35786619.20506542	37487854.59577163	38075793.77721623	P0AFU8	P0AFU8		ribC	0	0.6324272961403272	-0.02277763003727301	False	0.03823213326168727	False	False	Ecoli	False	True	False	False	msfragger	directlfq	min	0.6609640474436812
P0A6I9	5058886.253977109	4113316.6028981954	4496388.692403747	4828452.79151061	4709097.100685065	4597196.488680613	P0A6I9	P0A6I9		coaE	0	0.6324411991730743	-0.04838140600440388	False	0.03825900053734552	False	False	Ecoli	False	True	False	False	msfragger	directlfq	min	0.6609640474436812
P39265	1036035.0050162764	1014381.8749999998	826992.4656152047	1044273.7723959964	720006.6377961461	931884.3681736484	P39265	P39265		alsB	0	0.632892780889994	0.09386180544202553	False	0.03828586781300376	False	False	Ecoli	False	True	False	False	msfragger	directlfq	min	0.6609640474436812
P0ABH9	62902050.80966148	62951535.057564005	62096116.921051614	62070621.837625936	63479050.97975009	63203976.03755506	P0ABH9	P0ABH9		clpA	0	0.6331132866027669	-0.006157899893116824	False	0.03831273508866201	False	False	Ecoli	False	True	False	False	msfragger	directlfq	min	0.6609640474436812
P0A738	1889994.9701783792	1884470.7842249551	2051859.890362112	1946358.1889027364	1915920.131271656	1869158.0423180896	P0A738	P0A738		moaC	0	0.6352711301677307	0.023689598868942525	False	0.03833960236432026	False	False	Ecoli	False	True	False	False	msfragger	directlfq	min	0.6609640474436812
P0A8D3	3243395.6131353443	3268164.357954052	3144169.0837745555	3164950.062476877	3244089.6495971438	3176502.72176361	P0A8D3	P0A8D3		yaiI	0	0.636329207121752	0.010525119325961835	False	0.03836646963997851	False	False	Ecoli	False	True	False	False	msfragger	directlfq	min	0.6609640474436812
P76290	9894259.550483352	10297680.68274808	9447254.29378996	10419659.849867452	9542870.6206114	10232484.253660545	P76290	P76290		cmoA	0	0.6363590792024607	-0.02680413490657117	False	0.038393336915636754	False	False	Ecoli	False	True	False	False	msfragger	directlfq	min	0.6609640474436812
P0A8Y1	2224636.680240814	2229243.461579422	2028441.8239247173	2189595.0906204195	2107101.2133995965	2067809.0230658704	P0A8Y1	P0A8Y1		yjjG	0	0.6370769087315121	0.026462291723322928	False	0.038420204191295	False	False	Ecoli	False	True	False	False	msfragger	directlfq	min	0.6609640474436812
P23847	4119332.86814786	4432842.883562932	3912363.232406845	3981931.8792450046	4364527.416487174	4432798.353531155	P23847	P23847		dppA	0	0.6380580522957245	-0.035974508136316585	False	0.038447071466953246	False	False	Ecoli	False	True	False	False	msfragger	directlfq	min	0.6609640474436812
P0A6U8	18963043.80009484	18689456.654660057	18776110.12584612	18709061.42916125	18592425.599681087	18931306.97589858	P0A6U8	P0A6U8		glgA	0	0.638135292026418	0.005015096135846038	False	0.038473938742611506	False	False	Ecoli	False	True	False	False	msfragger	directlfq	min	0.6609640474436812
P42620	926672.6490939386	1303307.813737495	1274093.5209036658	915660.4066932886	1321402.1809651086	1004437.7351562916	P42620	P42620		yqjG	0	0.6388201476559697	0.11237151920175129	False	0.03850080601826975	False	False	Ecoli	False	True	False	False	msfragger	directlfq	min	0.6609640474436812
P33136	55735593.95718362	55987519.92194713	55121474.08639674	53582304.39255602	56615403.631505296	55181538.49634435	P33136	P33136		mdoG	0	0.6391607740240369	0.012726688008970527	False	0.038527673293928	False	False	Ecoli	False	True	False	False	msfragger	directlfq	min	0.6609640474436812
P37650	7408212.342273923	8040072.802393562	8016167.824094878	7671071.916178077	7817049.5995638	7634052.349916104	P37650	P37650		bcsC	0	0.6414420386207271	0.021199785594595528	False	0.038554540569586244	False	False	Ecoli	False	True	False	False	msfragger	directlfq	min	0.6609640474436812
P0A6T1	149844511.92727557	148102775.34084186	153272127.83087182	154844921.4395126	151062280.34073538	148821855.46958026	P0A6T1	P0A6T1		pgi	0	0.6414943997222757	-0.011178049990830528	False	0.03858140784524449	False	False	Ecoli	False	True	False	False	msfragger	directlfq	min	0.6609640474436812
P0ADQ2	16477664.302020894	16641733.21171575	17423500.12683953	16262660.6236024	17047001.95025082	18220180.00370101	P0ADQ2	P0ADQ2		yiiD	0	0.6425035872606968	-0.027899808274233773	False	0.038608275120902744	False	False	Ecoli	False	True	False	False	msfragger	directlfq	min	0.6609640474436812
P33234	515696.01058815006	502451.2500000001	628418.884098688	535715.0383834902	542645.4574849111	501932.830988279	P33234	P33234		adiY	0	0.6428964119518221	0.059268098271820134	False	0.03863514239656099	False	False	Ecoli	False	True	False	False	msfragger	directlfq	min	0.6609640474436812
P76007	4633130.1861407	5291408.062065735	5056562.8880662685	5423024.043593878	4756955.335102464	5212703.6023524245	P76007	P76007		cvrA	0	0.6443076171750086	-0.039101050522266145	False	0.038662009672219236	False	False	Ecoli	False	True	False	False	msfragger	directlfq	min	0.6609640474436812
P19930	1478432.9273753013	1287127.4308427316	1295748.901260937	1499711.2487390828	1195725.507122022	1182184.495321917	P19930	P19930		hyaD	0	0.6448552926492503	0.0667729951128644	False	0.03868887694787748	False	False	Ecoli	False	True	False	False	msfragger	directlfq	min	0.6609640474436812
P0A993	69183052.67414068	68282436.3189259	68717001.99370739	67951833.25874346	69677653.2708633	67419129.738412	P0A993	P0A993		fbp	0	0.6456455378708879	0.00795581633001144	False	0.038715744223535735	False	False	Ecoli	False	True	False	False	msfragger	directlfq	min	0.6609640474436812
P27278	1864661.754140193	1565726.2523886254	1636850.0709647564	1773694.3186707154	1791278.5105182852	1655390.042646383	P27278	P27278		nadR	0	0.6458117809243258	-0.04295047965697938	False	0.03874261149919399	False	False	Ecoli	False	True	False	False	msfragger	directlfq	min	0.6609640474436812
P00959	86047313.08368725	84788527.84570138	87050060.5224655	86654457.04721768	84554601.65144427	85348641.10233885	P00959	P00959		metG	0	0.6472209265484058	0.007449579265775381	False	0.038769478774852234	False	False	Ecoli	False	True	False	False	msfragger	directlfq	min	0.6609640474436812
P0A962	4899432.134289395	4789208.422475792	4702797.806066638	4492139.539079196	4811295.491999818	4884536.177515479	P0A962	P0A962		ansA	0	0.6474733829225249	0.020542482742741605	False	0.03879634605051048	False	False	Ecoli	False	True	False	False	msfragger	directlfq	min	0.6609640474436812
P75726	33017392.470302217	32825695.985916525	32816738.16225307	33862969.55612158	33221688.636479396	32301728.96060972	P75726	P75726		citF	0	0.6477522548098045	-0.010585508937762417	False	0.038823213326168726	False	False	Ecoli	False	True	False	False	msfragger	directlfq	min	0.6609640474436812
P0A812	3944868.025716082	4237252.81368239	4361228.148663085	4059243.870849263	4131439.248058156	4153410.056356168	P0A812	P0A812		ruvB	0	0.6478751837348706	0.023101732477537534	False	0.03885008060182697	False	False	Ecoli	False	True	False	False	msfragger	directlfq	min	0.6609640474436812
P32132	229639450.22063407	235470384.0504009	232780134.10749897	232462982.7801	228227871.18326443	233711213.461644	P32132	P32132		typA	0	0.6487383819847863	0.007228351245180957	False	0.038876947877485225	False	False	Ecoli	False	True	False	False	msfragger	directlfq	min	0.6609640474436812
P0AET2	22076940.722909525	18228443.8600996	19177826.583423156	21144666.350503743	19876540.928075857	20347320.481244195	P0AET2	P0AET2		hdeB	0	0.6487734272043882	-0.04501644087810173	False	0.03890381515314347	False	False	Ecoli	False	True	False	False	msfragger	directlfq	min	0.6609640474436812
P52644	224791.15071327693	190999.4530999998	184559.57240122173	204902.43799563573	208048.464768176	207057.93392580395	P52644	P52644		hslJ	0	0.6521890698932804	-0.04648452676447592	False	0.038930682428801724	False	False	Ecoli	False	True	False	False	msfragger	directlfq	min	0.6609640474436812
P00370	12959645.784519812	12624587.211171605	12647537.119872238	12898219.087690264	12479111.32232698	12616640.829236977	P00370	P00370		gdhA	0	0.6545154102141495	0.009001483395213141	False	0.03895754970445997	False	False	Ecoli	False	True	False	False	msfragger	directlfq	min	0.6609640474436812
P12758	114837390.05340268	121224298.88044453	118117809.54280403	114238888.75663908	120088195.71251686	125286693.8873061	P12758	P12758		udp	0	0.6548127920009377	-0.02196759304364463	False	0.03898441698011822	False	False	Ecoli	False	True	False	False	msfragger	directlfq	min	0.6609640474436812
P0AAX8	31051740.633248463	36215533.65235629	34962064.302562214	33840108.93169696	35698753.25470248	35172815.53552667	P0AAX8	P0AAX8		ybiS	0	0.6569082104864801	-0.03461305260067445	False	0.03901128425577647	False	False	Ecoli	False	True	False	False	msfragger	directlfq	min	0.6609640474436812
P0ACZ2	5700002.511926455	5381303.81707224	5445948.13632012	5477190.128827603	5713682.809853912	5512555.109344656	P0ACZ2	P0ACZ2		etp	0	0.6571674801581614	-0.015297136027974478	False	0.039038151531434716	False	False	Ecoli	False	True	False	False	msfragger	directlfq	min	0.6609640474436812
P0A7A2	6085548.27642837	7006822.275386566	7220463.782782001	7079391.08557815	7525012.88371939	6394082.282355712	P0A7A2	P0A7A2		gpmB	0	0.6582268768646093	-0.04789377104583786	False	0.03906501880709296	False	False	Ecoli	False	True	False	False	msfragger	directlfq	min	0.6609640474436812
P0AB14	10883991.757819964	10382225.315733124	10581364.40771418	10688343.8236253	10324261.505040424	10574747.911580153	P0AB14	P0AB14		yccJ	0	0.6592494869469381	0.011836761572975493	False	0.03909188608275121	False	False	Ecoli	False	True	False	False	msfragger	directlfq	min	0.6609640474436812
P0AFI5	3051745.5467206943	3224527.9508032543	3310614.622778485	3042474.6682834	3544154.7130129007	2556025.7114313864	P0AFI5	P0AFI5		pbpG	0	0.6602213098389655	0.06844940092373356	False	0.039118753358409454	False	False	Ecoli	False	True	False	False	msfragger	directlfq	min	0.6609640474436812
P30128	3386833.966560094	3318245.838461296	3388365.402004766	3076173.180068383	3437805.335270877	3402017.841859351	P30128	P30128		greB	0	0.6609400514697317	0.02558904868932567	False	0.03914562063406771	False	False	Ecoli	False	True	False	False	msfragger	directlfq	min	0.6609640474436812
P37685	3175672.478172336	2948703.0632238896	3221128.015149114	2773252.9534794698	3193054.3140273434	3152331.3703054404	P37685	P37685		aldB	0	0.6615623560230777	0.03545394759043524	False	0.03917248790972596	False	False	Ecoli	False	True	False	False	msfragger	directlfq	min	0.6609640474436812
P08390	16576519.29922811	17120377.844062135	15815147.379010484	17880624.004965033	16329981.46520764	16233624.611651937	P08390	P08390		usg	0	0.6621623896510789	-0.02690973588423476	False	0.039199355185384206	False	False	Ecoli	False	True	False	False	msfragger	directlfq	min	0.6609640474436812
P0AEL6	4352603.212546736	4477097.520160699	4823837.781009159	4233734.000233439	4714741.857889229	4424568.76462353	P0AEL6	P0AEL6		fepB	0	0.6622821221450708	0.02994693584329259	False	0.03922622246104245	False	False	Ecoli	False	True	False	False	msfragger	directlfq	min	0.6609640474436812
P21889	104769186.69917443	107670415.64336392	107562610.12099338	106301092.46992847	106846044.10933948	108502889.10527472	P21889	P21889		aspS	0	0.6626847850492358	-0.007409924089867913	False	0.0392530897367007	False	False	Ecoli	False	True	False	False	msfragger	directlfq	min	0.6609640474436812
P04951	15734070.589289472	15020028.62203546	14473658.601191	14893684.885690833	14721770.029229712	15049654.852308176	P04951	P04951		kdsB	0	0.6629540234376088	0.018060167997449517	False	0.03927995701235895	False	False	Ecoli	False	True	False	False	msfragger	directlfq	min	0.6609640474436812
P77567	326996.91733569803	341340.3437999997	219943.38743629507	320984.64160684537	315590.13319280307	309807.4147433274	P77567	P77567		nhoA	0	0.6637466851415418	-0.0914073610199957	False	0.0393068242880172	False	False	Ecoli	False	True	False	False	msfragger	directlfq	min	0.6609640474436812
P0AED5	8633903.018034149	8589835.927829906	8387007.567439076	7951485.97754465	8998614.91012685	8175513.395958726	P0AED5	P0AED5		uvrY	0	0.6657220852004654	0.027590437402542488	False	0.039333691563675444	False	False	Ecoli	False	True	False	False	msfragger	directlfq	min	0.6609640474436812
P46852	1323719.362190344	1351275.7500000012	1290587.3533687545	1205472.648629885	1466981.6874634698	1414408.827590922	P46852	P46852		yhhW	0	0.666150884210969	-0.04346115503080451	False	0.03936055883933369	False	False	Ecoli	False	True	False	False	msfragger	directlfq	min	0.6609640474436812
P0A6Y8	445110820.44736654	446872639.6838326	463263707.75038034	453089700.0902743	452267396.57345897	458827292.0448809	P0A6Y8	P0A6Y8		dnaK	0	0.666639973436222	-0.009482666004575544	False	0.039387426114991936	False	False	Ecoli	False	True	False	False	msfragger	directlfq	min	0.6609640474436812
P09372	65760913.01882755	74550389.2819304	79523334.04554676	79296080.6545882	73124710.49638446	73804769.97158535	P09372	P09372		grpE	0	0.6675118762141526	-0.0413432380067697	False	0.039414293390650196	False	False	Ecoli	False	True	False	False	msfragger	directlfq	min	0.6609640474436812
P30178	3288745.71460195	2840038.2890802687	2775280.6838261685	3077010.197183017	2669241.360200813	2878922.828414739	P30178	P30178		ybiC	0	0.668083608918467	0.045910447993178	False	0.03944116066630844	False	False	Ecoli	False	True	False	False	msfragger	directlfq	min	0.6609640474436812
P37025	307573.7304109457	221443.18749999977	240511.8845225368	100963.63880373628	299593.606359579	272265.35859969247	P37025	P37025		ligT	1	0.6687647070924803	0.19374915134529025	False	0.03946802794196669	False	False	Ecoli	False	True	False	False	msfragger	directlfq	min	0.6609640474436812
P0A9H9	9690092.364006195	9708282.168563478	10215303.926165093	9839350.78453787	9904660.829589892	9591924.310112989	P0A9H9	P0A9H9		cheZ	0	0.668859460257604	0.013594685778692824	False	0.039494895217624934	False	False	Ecoli	False	True	False	False	msfragger	directlfq	min	0.6609640474436812
P0AFD1	9234252.299596095	9550259.444782672	9108884.81244914	9522976.223261207	9135184.62404141	9484196.757470803	P0AFD1	P0AFD1		nuoE	0	0.6690441681374573	-0.012819573429059391	False	0.03952176249328318	False	False	Ecoli	False	True	False	False	msfragger	directlfq	min	0.6609640474436812
P0A7V0	486066462.25764656	485079539.5334532	488209764.0297365	489208167.3457068	476340597.8905309	487703562.9556483	P0A7V0	P0A7V0		rpsB	0	0.6695289045286168	0.006046410505143682	False	0.03954862976894143	False	False	Ecoli	False	True	False	False	msfragger	directlfq	min	0.6609640474436812
P0AG30	147447988.58524147	147754695.9785942	149401049.06407356	149470257.33808526	149367699.24491626	147119601.32716638	P0AG30	P0AG30		rho	0	0.6696080178268926	-0.004386350723707882	False	0.03957549704459968	False	False	Ecoli	False	True	False	False	msfragger	directlfq	min	0.6609640474436812
P69776	70059646.21438707	64964184.37952367	59782415.63055429	64773544.18276566	64560875.04899859	70397046.96795478	P69776	P69776		lpp	0	0.6698560798703099	-0.03602170009131792	False	0.039602364320257925	False	False	Ecoli	False	True	False	False	msfragger	directlfq	min	0.6609640474436812
P0AFI7	19493714.06399281	19199397.30319379	18802600.30299565	19584167.77539096	18859014.43568492	19467663.58153567	P0AFI7	P0AFI7		pdxH	0	0.6699605615523976	-0.010379211305097231	False	0.03962923159591617	False	False	Ecoli	False	True	False	False	msfragger	directlfq	min	0.6609640474436812
P17445	1651394.0334854033	1670129.636608791	1521693.095038252	1620440.7659654843	1580744.4651975925	1571272.9416348222	P17445	P17445		betB	0	0.6707154889610794	0.021233020787644295	False	0.03965609887157442	False	False	Ecoli	False	True	False	False	msfragger	directlfq	min	0.6609640474436812
P37028	1375429.6086033888	1132338.5621592426	1122483.5518977449	1209162.244177815	1294482.9454985084	1251138.3364355152	P37028	P37028		btuF	0	0.6716480607446187	-0.048660146124926196	False	0.03968296614723268	False	False	Ecoli	False	True	False	False	msfragger	directlfq	min	0.6609640474436812
P0A6S0	7890191.272283608	8636800.913788078	8658733.418556856	8598422.204232391	8319900.858286031	8654693.346109452	P0A6S0	P0A6S0		flgH	0	0.6724221728283752	-0.022016044660319454	False	0.039709833422890924	False	False	Ecoli	False	True	False	False	msfragger	directlfq	min	0.6609640474436812
P38038	18349853.369902283	19641332.012110632	18802066.263007924	18288156.396960925	18940888.223461	18958909.4177429	P38038	P38038		cysJ	0	0.6743942232628983	0.015458645631568384	False	0.03973670069854917	False	False	Ecoli	False	True	False	False	msfragger	directlfq	min	0.6609640474436812
P37690	3208446.335801638	3673988.385790306	3382701.216659557	3271363.431569809	3374371.274935881	3417176.196619462	P37690	P37690		envC	0	0.6758106469200384	0.02870503815885799	False	0.039763567974207416	False	False	Ecoli	False	True	False	False	msfragger	directlfq	min	0.6609640474436812
P61175	446273317.1694617	453320935.6993562	462004379.1895396	446208441.2499223	462551262.9702126	462423426.76425904	P61175	P61175		rplV	0	0.6759155530859136	-0.010119773158114761	False	0.03979043524986566	False	False	Ecoli	False	True	False	False	msfragger	directlfq	min	0.6609640474436812
P13656	372608.2395878034	502081.0938000001	382536.56853241264	431822.4456481055	347056.73694945604	411881.24570981046	P13656	P13656		chiA	0	0.6781044783157537	0.07836071716319971	False	0.039817302525523915	False	False	Ecoli	False	True	False	False	msfragger	directlfq	min	0.6609640474436812
P76002	5635735.606145053	6014745.970080283	6253955.1555401385	6169819.256195261	6012264.139652313	5988035.931858019	P76002	P76002		pliG	0	0.678269936390181	-0.02125076152425385	False	0.03984416980118216	False	False	Ecoli	False	True	False	False	msfragger	directlfq	min	0.6609640474436812
P0ADQ7	19400144.092142865	18719108.622680698	19833397.60258087	19161533.77393997	19606137.10341396	19681498.024166387	P0ADQ7	P0ADQ7		ygaM	0	0.679672087040439	-0.012307870244160093	False	0.03987103707684041	False	False	Ecoli	False	True	False	False	msfragger	directlfq	min	0.6609640474436812
P00926	1696306.7119356475	1875174.864468096	1800704.8253719204	1672289.3340854112	1906459.6296935847	1922964.5003861412	P00926	P00926		dsdA	0	0.680441167973489	-0.03437164068709938	False	0.03989790435249865	False	False	Ecoli	False	True	False	False	msfragger	directlfq	min	0.6609640474436812
P69407	20859017.77682929	21816394.216432743	21646999.33714469	20997310.008832756	21450679.611293398	21426709.62959365	P69407	P69407		rcsB	0	0.6821266001707826	0.010076898326966425	False	0.039924771628156906	False	False	Ecoli	False	True	False	False	msfragger	directlfq	min	0.6609640474436812
P02943	6000680.06998735	5607493.47641688	5349506.407518711	5658433.8149326965	5775778.4134261925	5795603.1264366815	P02943	P02943		lamB	0	0.6824330207469409	-0.02296843815768698	False	0.03995163890381516	False	False	Ecoli	False	True	False	False	msfragger	directlfq	min	0.6609640474436812
P0AGG8	23807202.13156753	25285718.08881548	24925084.23213858	24575806.99853786	25472101.802864715	24671561.068177167	P0AGG8	P0AGG8		tldD	0	0.6846057706082636	-0.013607978570215508	False	0.039978506179473405	False	False	Ecoli	False	True	False	False	msfragger	directlfq	min	0.6609640474436812
P0A908	8321251.206140362	6568973.552177874	7258029.727700731	7302290.179143411	6985030.323493104	7143557.829586992	P0A908	P0A908		mipA	0	0.6871567932458122	0.04750202455721522	False	0.04000537345513165	False	False	Ecoli	False	True	False	False	msfragger	directlfq	min	0.6609640474436812
P0A9B6	6670655.37833766	6774674.805985646	6903801.461424568	6707062.879836045	7030264.502232783	6768147.596604837	P0A9B6	P0A9B6		epd	0	0.6890716047113179	-0.011041929945726283	False	0.0400322407307899	False	False	Ecoli	False	True	False	False	msfragger	directlfq	min	0.6609640474436812
P0ACD4	38087700.64259499	38450940.60853419	40035988.38535081	35975274.684963405	39043284.53064562	39820943.97372504	P0ACD4	P0ACD4		nifU	0	0.690620938931169	0.021634851785301362	False	0.040059108006448144	False	False	Ecoli	False	True	False	False	msfragger	directlfq	min	0.6609640474436812
Q46798	1863206.1952390007	2168218.1460816623	2295455.1437395606	1926627.7259095549	2201125.7596776	2001601.664782406	Q46798	Q46798		ygeR	0	0.691266294123674	0.045758814915619	False	0.0400859752821064	False	False	Ecoli	False	True	False	False	msfragger	directlfq	min	0.6609640474436812
P0A6E9	16136789.349302648	16624451.845952967	16652875.28223077	16098320.909023158	16946691.447018713	16768139.153663296	P0A6E9	P0A6E9		bioD2	0	0.6913871614520504	-0.011603442826446124	False	0.04011284255776464	False	False	Ecoli	False	True	False	False	msfragger	directlfq	min	0.6609640474436812
P76208	539693.8612298331	305411.4375000001	361757.87953635136	456500.7176974255	379162.595191535	472510.7173791237	P76208	P76208		yniB	0	0.6915115327244938	-0.11629235216138765	False	0.040139709833422896	False	False	Ecoli	False	True	False	False	msfragger	directlfq	min	0.6609640474436812
P0A7V3	461990044.34781593	451124269.5087323	458979633.5159152	463717883.7911994	459151906.9564815	454584781.9828754	P0A7V3	P0A7V3		rpsC	0	0.6916442938591181	-0.005625474409745324	False	0.04016657710908114	False	False	Ecoli	False	True	False	False	msfragger	directlfq	min	0.6609640474436812
P0AGJ5	46188440.77300937	45699005.1094585	47869648.3766331	46429572.37508166	47092697.53511068	47166556.08696786	P0AGJ5	P0AGJ5		yfiF	0	0.6919292150960337	-0.009586231116791213	False	0.04019344438473939	False	False	Ecoli	False	True	False	False	msfragger	directlfq	min	0.6609640474436812
P18776	7569958.407475587	7730097.993776009	7293944.492448229	7657195.11852254	7414695.554118209	7313378.711541207	P18776	P18776		dmsB	0	0.6927773416811474	0.013390082743082687	False	0.04022031166039764	False	False	Ecoli	False	True	False	False	msfragger	directlfq	min	0.6609640474436812
P20605	2147446.6981570474	2147523.1625175467	2035016.774946796	2040158.001893191	2199296.941678779	2169062.0317653427	P20605	P20605		fic	0	0.6937993555808011	-0.0177880809889065	False	0.04024717893605589	False	False	Ecoli	False	True	False	False	msfragger	directlfq	min	0.6609640474436812
P77395	14359149.88829687	12962758.798222674	13373885.13662484	14330761.342483064	12822554.473637955	12688642.167283352	P77395	P77395		ybbN	0	0.6939590098307384	0.030591141615301624	False	0.04027404621171413	False	False	Ecoli	False	True	False	False	msfragger	directlfq	min	0.6609640474436812
P0AAR3	5375933.447991028	5844128.750074198	5664278.508656344	5398693.605021505	5686104.669633919	5594850.613239345	P0AAR3	P0AAR3		ybaK	0	0.696765625570279	0.017596926744802215	False	0.04030091348737238	False	False	Ecoli	False	True	False	False	msfragger	directlfq	min	0.6609640474436812
P0AGK8	4434878.089655385	3897877.100760151	3583578.2760810377	4301604.381326412	3566468.992413251	3622231.6745791454	P0AGK8	P0AGK8		iscR	0	0.7000982013153252	0.052523301996307906	False	0.040327780763030625	False	False	Ecoli	False	True	False	False	msfragger	directlfq	min	0.6609640474436812
P0A6B4	19326069.039855365	19602296.698297177	19535057.422673136	19298263.891264606	19842091.274660468	19548163.2187718	P0A6B4	P0A6B4		alr	0	0.7011196322921658	-0.005543982601550272	False	0.04035464803868888	False	False	Ecoli	False	True	False	False	msfragger	directlfq	min	0.6609640474436812
P0A6X3	1686387.0366031458	1602323.4560484402	1533805.12127128	1514795.3936766176	1401567.4228628683	1759998.103299599	P0A6X3	P0A6X3		hfq	0	0.702627347075139	0.0443996284683933	False	0.04038151531434713	False	False	Ecoli	False	True	False	False	msfragger	directlfq	min	0.6609640474436812
P0AE01	18084305.93532756	18873455.179019384	18897604.16019843	17454778.39719658	19096371.700168826	20475931.11604012	P0AE01	P0AE01		trmJ	0	0.7046416319095903	-0.029951326213352156	False	0.04040838259000538	False	False	Ecoli	False	True	False	False	msfragger	directlfq	min	0.6609640474436812
P75863	8101178.085228382	7875124.470537397	7461889.78213035	7849191.587709608	7948067.007320379	7885983.838260131	P75863	P75863		ycbX	0	0.7065787593484598	-0.015005304747368988	False	0.040435249865663624	False	False	Ecoli	False	True	False	False	msfragger	directlfq	min	0.6609640474436812
P0A840	8569993.355647583	8378162.998127328	8419497.21424981	8246861.120285907	8769986.300621353	8555542.81494163	P0A840	P0A840		surE	0	0.70723167252333	-0.011596934112043324	False	0.04046211714132187	False	False	Ecoli	False	True	False	False	msfragger	directlfq	min	0.6609640474436812
P75767	3040979.288566089	3372176.1207591	3246063.836693699	2984238.671267922	3627259.9116603592	3306244.878176313	P75767	P75767		ybhK	0	0.7080113831309818	-0.038105327292625495	False	0.04048898441698012	False	False	Ecoli	False	True	False	False	msfragger	directlfq	min	0.6609640474436812
Q2M7R5	2684222.9011782776	2848964.4578936314	2944058.9288110705	2808654.826611089	2839698.385995996	2933794.842802261	Q2M7R5	Q2M7R5		yibT	0	0.7081434479355773	-0.017743087982160753	False	0.04051585169263837	False	False	Ecoli	False	True	False	False	msfragger	directlfq	min	0.6609640474436812
P64636	5392427.733948459	5692730.391649817	5594854.404869538	5234649.36119178	5500990.564269464	5738467.808091844	P64636	P64636		yrfG	0	0.7116069834497046	0.017920044107527084	False	0.040542718968296615	False	False	Ecoli	False	True	False	False	msfragger	directlfq	min	0.6609640474436812
P0A8N7	12331145.3949608	12517734.846183168	11999257.969192088	12170346.715992711	12911663.182769548	12124300.891270636	P0A8N7	P0A8N7		epmA	0	0.7124408941937701	-0.013955618894684933	False	0.04056958624395486	False	False	Ecoli	False	True	False	False	msfragger	directlfq	min	0.6609640474436812
P0A707	108196381.65731436	108839855.95492747	115094422.99434584	110255004.04397424	109988970.97357762	109067089.70657788	P0A707	P0A707		infC	0	0.7124503132268416	0.012299924485715976	False	0.04059645351961311	False	False	Ecoli	False	True	False	False	msfragger	directlfq	min	0.6609640474436812
P0A8X2	2612002.777437306	2852610.593638625	2946566.610791225	2687238.959287544	2940021.7142215646	2939032.433091761	P0A8X2	P0A8X2		yceI	0	0.7124616158936626	-0.026362835223176576	False	0.04062332079527137	False	False	Ecoli	False	True	False	False	msfragger	directlfq	min	0.6609640474436812
P00861	745580.1095538408	740903.7804264082	914989.2249111476	762168.0396458275	856632.6649930706	694450.0510129781	P00861	P00861		lysA	0	0.712464623678682	0.05399799518599962	False	0.04065018807092961	False	False	Ecoli	False	True	False	False	msfragger	directlfq	min	0.6609640474436812
P0ADH5	3291280.884605697	3417025.4515466024	3589673.4388611917	3291355.8345257947	3469510.7745598364	3716790.4900902086	P0ADH5	P0ADH5		fimB	0	0.7134861924787074	-0.02495481118041957	False	0.04067705534658786	False	False	Ecoli	False	True	False	False	msfragger	directlfq	min	0.6609640474436812
P0AFG6	47605981.54177543	48609398.11677408	46306686.47622238	46669204.68352839	48720584.226951145	48202230.28737047	P0AFG6	P0AFG6		sucB	0	0.7144852947882531	-0.010790263415275905	False	0.040703922622246105	False	False	Ecoli	False	True	False	False	msfragger	directlfq	min	0.6609640474436812
P0AD61	431215982.3494492	434082460.1188769	447721007.1696811	440729121.16675913	445953661.1226567	433685136.2805191	P0AD61	P0AD61		pykF	0	0.7156183738149188	-0.008051703545159767	False	0.04073078989790435	False	False	Ecoli	False	True	False	False	msfragger	directlfq	min	0.6609640474436812
P0AEC8	355981.6276692625	408944.9062000004	532858.2952462184	381061.1600685599	410223.2233338892	438907.4261800615	P0AEC8	P0AEC8		dcuS	0	0.7158047809172543	0.07716793051533673	False	0.040757657173562604	False	False	Ecoli	False	True	False	False	msfragger	directlfq	min	0.6609640474436812
P03841	20646923.44172673	19583176.78485821	19321221.03948641	20115221.36596429	19787886.765682865	19046442.67717225	P03841	P03841		malM	0	0.7173924334244037	0.014652697523010065	False	0.04078452444922085	False	False	Ecoli	False	True	False	False	msfragger	directlfq	min	0.6609640474436812
P37590	2448523.7113785595	2559795.9751879037	2537524.089857535	2051864.273744962	2753577.312169374	2483476.521714953	P37590	P37590		pmrD	0	0.7175444311819743	0.049977540401486296	False	0.0408113917248791	False	False	Ecoli	False	True	False	False	msfragger	directlfq	min	0.6609640474436812
P0AFQ7	15610503.47049419	16617436.142086284	16241427.899481649	15764764.295958642	16903740.384479474	16314854.226306109	P0AFQ7	P0AFQ7		ycfH	0	0.7176477120472317	-0.015218449795801798	False	0.04083825900053734	False	False	Ecoli	False	True	False	False	msfragger	directlfq	min	0.6609640474436812
P28249	6025585.963881811	5457334.921071052	6071452.975745657	6070991.754070622	5449568.221772078	5727852.652183839	P28249	P28249		asmA	0	0.7221009825549497	0.025366941547967436	False	0.04086512627619559	False	False	Ecoli	False	True	False	False	msfragger	directlfq	min	0.6609640474436812
P0A6T5	16268129.396709371	16681232.76048181	15170353.07662252	15429377.397104757	15962948.900450507	16140713.187141769	P0A6T5	P0A6T5		folE	0	0.7224984907938694	0.017697447605074905	False	0.04089199355185385	False	False	Ecoli	False	True	False	False	msfragger	directlfq	min	0.6609640474436812
P18133	7269923.065791471	7071364.292229601	6918489.305377163	7200417.84028203	7166282.507823888	7027168.415171571	P18133	P18133		pncB	0	0.7227131245062376	-0.009070954798658966	False	0.040918860827512095	False	False	Ecoli	False	True	False	False	msfragger	directlfq	min	0.6609640474436812
P0A8A2	24779082.349874303	28009485.97012756	29214491.64951463	26168210.71855452	26180865.65962124	27952457.025284648	P0A8A2	P0A8A2		yeeN	0	0.7239312467939178	0.030250208258207272	False	0.04094572810317034	False	False	Ecoli	False	True	False	False	msfragger	directlfq	min	0.6609640474436812
P75823	20343039.08516445	19602332.315175563	19663385.55628524	19827153.48887997	19685358.161905795	20484619.93416782	P75823	P75823		ltaE	0	0.724301143562408	-0.009369239698652812	False	0.04097259537882859	False	False	Ecoli	False	True	False	False	msfragger	directlfq	min	0.6609640474436812
P22939	2258154.911315077	1958503.744131667	3101910.56963712	2803136.9440369806	2048259.9890509397	2972082.58998086	P22939	P22939		ispA	0	0.7249819193288232	-0.09624876426187481	False	0.04099946265448683	False	False	Ecoli	False	True	False	False	msfragger	directlfq	min	0.6609640474436812
P45470	1777606.794599465	1659015.1063866273	1702880.14449453	1749494.8824392655	1696947.2669499714	1737377.7103350894	P45470	P45470		yhbO	0	0.7256638436754851	-0.01238699794579043	False	0.041026329930145086	False	False	Ecoli	False	True	False	False	msfragger	directlfq	min	0.6609640474436812
P27306	2106159.854322948	2448643.068048024	2308074.2344546304	2204298.215622389	2282529.670837509	2254615.8519938914	P27306	P27306		sthA	0	0.7265342401404484	0.02575594105025574	False	0.04105319720580333	False	False	Ecoli	False	True	False	False	msfragger	directlfq	min	0.6609640474436812
P15877	568527.7298371996	618006.00074118	451339.489882348	429930.28768754186	533857.7261952414	596328.2746091913	P15877	P15877		gcd	0	0.7272426638790548	0.07017012032236307	False	0.04108006448146158	False	False	Ecoli	False	True	False	False	msfragger	directlfq	min	0.6609640474436812
P21420	33570712.94548949	35384429.715725675	36431324.486433655	34572705.517551	37950761.21127757	34463773.911003746	P21420	P21420		nmpC	0	0.7273283924126884	-0.021749130252987914	False	0.04110693175711983	False	False	Ecoli	False	True	False	False	msfragger	directlfq	min	0.6609640474436812
P0A6S7	23728796.984633867	24539377.220627826	24036740.091612622	23118682.906296093	24182474.15599304	24472055.555194218	P0A6S7	P0A6S7		gpsA	0	0.7321888882532681	0.010648206980574249	False	0.04113379903277808	False	False	Ecoli	False	True	False	False	msfragger	directlfq	min	0.6609640474436812
P09549	6090984.515580112	5630600.009456517	5961555.780996597	5885557.269534292	5845418.279618113	5790604.300872718	P09549	P09549		dedD	0	0.7347462625401637	0.013241639413728027	False	0.04116066630843633	False	False	Ecoli	False	True	False	False	msfragger	directlfq	min	0.6609640474436812
P0A9A9	47361208.4315216	47848554.40327845	47383897.829035446	48313496.27308908	48037797.39383398	46801037.63887713	P0A9A9	P0A9A9		fur	0	0.735003053232242	-0.005641320713379091	False	0.04118753358409458	False	False	Ecoli	False	True	False	False	msfragger	directlfq	min	0.6609640474436812
P30866	247856.71359435504	34510.746090000015	321871.3434361039	220949.11172838745	286183.3969782142	199673.7755284321	P30866	P30866		yafE	1	0.7354977680507377	-0.22619603268898225	False	0.04121440085975282	False	False	Ecoli	False	True	False	False	msfragger	directlfq	min	0.6609640474436812
P0ADR8	43264966.088843785	42033666.58254093	42114721.01190936	43244227.09213152	41855205.26031108	42938548.9700268	P0ADR8	P0ADR8		ygdH	0	0.7375463239785294	-0.007055347691978039	False	0.04124126813541107	False	False	Ecoli	False	True	False	False	msfragger	directlfq	min	0.6609640474436812
P43329	12297058.208507322	12437175.80717411	12497396.338613084	12845296.692285111	12643989.597758535	12028633.459674733	P43329	P43329		hrpA	0	0.7386272304315621	-0.011051044722478092	False	0.04126813541106932	False	False	Ecoli	False	True	False	False	msfragger	directlfq	min	0.6609640474436812
P0A7C6	27821284.378303025	30071257.0445632	28768885.301462658	27292647.155354515	30195492.466277905	30484055.576709345	P0A7C6	P0A7C6		pepE	0	0.7392937557038803	-0.021657624340882278	False	0.04129500268672757	False	False	Ecoli	False	True	False	False	msfragger	directlfq	min	0.6609640474436812
P33937	37870257.67326012	37322319.669667564	39285812.777826615	38479552.77564983	37853223.92793346	37423912.625684656	P33937	P33937		napA	0	0.7396572299418283	0.009123905279215049	False	0.041321869962385814	False	False	Ecoli	False	True	False	False	msfragger	directlfq	min	0.6609640474436812
P27249	182265.64332299435	266816.3438	331168.3600062729	246329.48507158115	218086.97639077017	265405.3154892684	P27249	P27249		glnD	0	0.74056662194452	0.09639289424617681	False	0.04134873723804407	False	False	Ecoli	False	True	False	False	msfragger	directlfq	min	0.6609640474436812
P29217	9079484.852566143	9367320.707861315	9333386.37504111	9261334.575288111	9027400.511860369	9350545.48286926	P29217	P29217		yceH	0	0.7407561622321142	0.007336503111452294	False	0.04137560451370231	False	False	Ecoli	False	True	False	False	msfragger	directlfq	min	0.6609640474436812
P33667	883462.2481604719	774048.0624999999	834174.682204743	866334.2846769885	835029.6278252025	736710.795387395	P33667	P33667		selU	0	0.7408531477165994	0.031379355630749395	False	0.041402471789360566	False	False	Ecoli	False	True	False	False	msfragger	directlfq	min	0.6609640474436812
P0A9W6	6518608.736205221	6401305.153226355	6230801.146050878	6601178.308437082	6408829.446025992	5888561.272810641	P0A9W6	P0A9W6		yrbA	0	0.7410168265529296	0.01912125968657111	False	0.04142933906501881	False	False	Ecoli	False	True	False	False	msfragger	directlfq	min	0.6609640474436812
P08190	2858421.247586762	2912945.836142887	3013948.6096560056	2779823.5531737376	2947955.8526241346	2975983.255623289	P08190	P08190		fimG	0	0.7411574480132788	0.013454912282310692	False	0.04145620634067706	False	False	Ecoli	False	True	False	False	msfragger	directlfq	min	0.6609640474436812
P0AA10	239126873.6022198	236210511.00257975	248252425.9579026	244043572.4309533	237676758.60519367	246674646.4766733	P0AA10	P0AA10		rplM	0	0.7415995742806925	-0.009548882184565179	False	0.041483073616335304	False	False	Ecoli	False	True	False	False	msfragger	directlfq	min	0.6609640474436812
P0AAI5	118181036.74152204	116513206.0134112	119924106.31023084	114897865.42938396	118946223.18923536	123794507.04781698	P0AAI5	P0AAI5		fabF	0	0.7426026588408914	-0.01223525005254426	False	0.04150994089199355	False	False	Ecoli	False	True	False	False	msfragger	directlfq	min	0.6609640474436812
P30745	1012344.9266125693	1492950.6894694977	1008980.717507122	1138518.9599818806	1105891.568598697	1483163.7398340704	P30745	P30745		moaA	0	0.7427455145982522	-0.0850094597404713	False	0.041536808167651804	False	False	Ecoli	False	True	False	False	msfragger	directlfq	min	0.6609640474436812
P0A734	56313756.71742552	57137219.34090345	55940429.85691432	56527616.34545675	58275144.54580337	55538168.36174411	P0A734	P0A734		minE	0	0.7434574014157769	-0.008064443891568997	False	0.04156367544331005	False	False	Ecoli	False	True	False	False	msfragger	directlfq	min	0.6609640474436812
P25519	15780547.784177318	15342938.913054092	15768447.599986574	15579820.16140788	15582022.057410644	15568780.06943052	P25519	P25519		hflX	0	0.7445819374994024	0.0049715426316618745	False	0.0415905427189683	False	False	Ecoli	False	True	False	False	msfragger	directlfq	min	0.6609640474436812
P0AAS0	1587061.4188980449	1140318.1241449912	1057138.7122753272	1335493.231258917	1111883.070235047	1144600.7222711744	P0AAS0	P0AAS0		ylaC	0	0.7457445868575501	0.07533154430849551	False	0.04161740999462655	False	False	Ecoli	False	True	False	False	msfragger	directlfq	min	0.6609640474436812
P19931	1887051.3954718143	1875290.04881528	2051340.818273444	2029915.906698885	1910418.6997491	1944053.9104828383	P19931	P19931		hyaE	0	0.7460941432782637	-0.017440278266269066	False	0.041644277270284795	False	False	Ecoli	False	True	False	False	msfragger	directlfq	min	0.6609640474436812
P0A959	8692605.384976858	8461612.706539754	8129001.547357514	8571536.471941859	8152603.729525176	8347380.89375793	P0A959	P0A959		alaA	0	0.7476406507194575	0.012130664721778931	False	0.04167114454594305	False	False	Ecoli	False	True	False	False	msfragger	directlfq	min	0.6609640474436812
P09152	30279175.142275896	30805802.81376573	31858884.46954041	30785261.256672308	30997416.233742125	30641404.738608096	P09152	P09152		narG	0	0.7478150360829461	0.008090786988010776	False	0.041698011821601294	False	False	Ecoli	False	True	False	False	msfragger	directlfq	min	0.6609640474436812
P42599	1104841.7962214656	1151568.55834106	1087532.8502028838	1128778.5711757585	897481.8198054654	1212641.8868428536	P42599	P42599		ygjR	0	0.7482938761044489	0.04604540348097171	False	0.04172487909725954	False	False	Ecoli	False	True	False	False	msfragger	directlfq	min	0.6609640474436812
P76938	1462414.10168561	1600822.8749999986	1717490.3858475534	1549551.7964804526	1580309.0188761572	1569878.461311197	P76938	P76938		epmC	0	0.7501818020104922	0.024649409493732666	False	0.041751746372917786	False	False	Ecoli	False	True	False	False	msfragger	directlfq	min	0.6609640474436812
P19624	1037601.047823264	1088766.3199955754	1056460.2118914302	1190758.8731089528	1098639.49669097	964060.8006530844	P19624	P19624		pdxA	0	0.7577532964136147	-0.0316654432827025	False	0.04177861364857603	False	False	Ecoli	False	True	False	False	msfragger	directlfq	min	0.6609640474436812
P76223	11133553.46395385	10908511.606420197	11147724.461115971	11222583.928827109	11005242.53192563	10822743.428354736	P76223	P76223		ynjB	0	0.757766668274839	0.006064332535537388	False	0.041805480924234285	False	False	Ecoli	False	True	False	False	msfragger	directlfq	min	0.6609640474436812
P0A8D6	4124759.301072142	4818798.396893085	4228449.005996813	4154116.393584609	4607813.883937769	4679737.87927484	P0A8D6	P0A8D6		ymdB	0	0.7584432358529543	-0.02923704128226256	False	0.04183234819989254	False	False	Ecoli	False	True	False	False	msfragger	directlfq	min	0.6609640474436812
P11289	423178.2377832158	449086.12500000006	341182.1609032603	321262.3879727454	452450.66687791975	502621.3932077146	P11289	P11289		yfiL	0	0.7598229458854941	-0.07289588884233561	False	0.041859215475550784	False	False	Ecoli	False	True	False	False	msfragger	directlfq	min	0.6609640474436812
P0AC30	10403803.016882231	11235408.176340492	10394440.643555196	10185526.768045122	11384390.146543285	10903207.693917591	P0AC30	P0AC30		ftsX	0	0.7598650235080264	-0.019657934651260853	False	0.04188608275120903	False	False	Ecoli	False	True	False	False	msfragger	directlfq	min	0.6609640474436812
P0AET8	1669975.5252118818	2436899.2500000023	2475527.6837744145	1820481.1689943385	2175774.6875041425	2289058.9440576187	P0AET8	P0AET8		hdhA	0	0.7609733330496466	0.06662923395677252	False	0.04191295002686728	False	False	Ecoli	False	True	False	False	msfragger	directlfq	min	0.6609640474436812
P46889	5741548.468790629	5963220.176221191	5562650.8627595175	5965766.087210394	5727045.142498041	5713142.279891823	P46889	P46889		ftsK	0	0.7629218819893326	-0.011528349481625748	False	0.04193981730252553	False	False	Ecoli	False	True	False	False	msfragger	directlfq	min	0.6609640474436812
P64476	1768556.573057582	1646211.1250000014	1458326.6080389651	1740135.0345023484	1503870.578364191	1515005.9867638035	P64476	P64476		ydiH	0	0.7648943051040289	0.03417617148741028	False	0.041966684578183776	False	False	Ecoli	False	True	False	False	msfragger	directlfq	min	0.6609640474436812
P04949	115650363.62208992	123360145.11387733	135788478.72153836	120553279.63839518	125279525.64418224	122868575.73743875	P04949	P04949		fliC	0	0.7650893713988303	0.023664235225230014	False	0.04199355185384202	False	False	Ecoli	False	True	False	False	msfragger	directlfq	min	0.6609640474436812
P23857	2929414.246276836	3076410.164239313	2818645.3051108667	3086483.932251946	3181861.9837979623	2713828.5655020773	P23857	P23857		pspE	0	0.7655597976091513	-0.02555516134378748	False	0.04202041912950027	False	False	Ecoli	False	True	False	False	msfragger	directlfq	min	0.6609640474436812
P0ACB2	29369154.15918854	29564451.789147656	28112868.601480298	29880518.49677575	28536874.35401335	27923750.644930847	P0ACB2	P0ACB2		hemB	0	0.7660203726261641	0.0117376689116606	False	0.042047286405158514	False	False	Ecoli	False	True	False	False	msfragger	directlfq	min	0.6609640474436812
P64423	545205.7195862826	644621.6249999999	660823.4354764693	608859.551091671	637216.5582766124	642195.9302610975	P64423	P64423		zntB	0	0.7664627849724802	-0.02903394323049726	False	0.042074153680816774	False	False	Ecoli	False	True	False	False	msfragger	directlfq	min	0.6609640474436812
P0A6H5	131544425.72465084	129906269.65026304	129074835.6375752	131719246.73640244	128680556.47796272	131265730.9436104	P0A6H5	P0A6H5		hslU	0	0.7669447712273042	-0.004205310242839284	False	0.04210102095647502	False	False	Ecoli	False	True	False	False	msfragger	directlfq	min	0.6609640474436812
P37689	111857991.41272658	114150332.03309172	112350555.2292948	108489634.94319926	116993492.47036506	115588794.85948944	P37689	P37689		gpmI	0	0.7678714376822139	-0.011521748329763198	False	0.042127888232133266	False	False	Ecoli	False	True	False	False	msfragger	directlfq	min	0.6609640474436812
P28904	12521744.885152873	11700863.885248184	12328568.710635122	12781818.81287499	11777840.379254067	11563145.657623226	P28904	P28904		treC	0	0.7691749115924515	0.017007963747690057	False	0.04215475550779151	False	False	Ecoli	False	True	False	False	msfragger	directlfq	min	0.6609640474436812
P39160	2521515.9516598647	2519120.3518123785	2791524.667107754	2745178.7652748674	2459506.1511872867	2509213.1020320714	P39160	P39160		uxuB	0	0.7704525638020184	0.021950343294540466	False	0.04218162278344976	False	False	Ecoli	False	True	False	False	msfragger	directlfq	min	0.6609640474436812
P0AE60	1112084.3338059522	1201371.3749999993	1124162.5793238836	886890.0482064933	1344677.4479890547	1362241.289150456	P0AE60	P0AE60		cedA	0	0.7715194121967569	-0.06410429248573613	False	0.04220849005910801	False	False	Ecoli	False	True	False	False	msfragger	directlfq	min	0.6609640474436812
P69490	760260.21712471	600326.3125000006	637207.016875346	718617.9456432489	640698.6476799004	579767.5027365263	P69490	P69490		ccmE	0	0.771629129259393	0.043032128649494794	False	0.04223535733476626	False	False	Ecoli	False	True	False	False	msfragger	directlfq	min	0.6609640474436812
P0A8Y5	24856876.171584964	23398886.61782079	24223735.71457532	24706064.238283925	23550127.032334004	23706022.39883377	P0A8Y5	P0A8Y5		yidA	0	0.7723542335096499	0.010333406393302578	False	0.042262224610424504	False	False	Ecoli	False	True	False	False	msfragger	directlfq	min	0.6609640474436812
P36767	19395298.58420513	20222777.672008216	18894804.95148774	19938591.643990725	19675218.31879006	19305054.163876645	P36767	P36767		rdgC	0	0.7738414611695751	-0.009975358463775492	False	0.04228909188608275	False	False	Ecoli	False	True	False	False	msfragger	directlfq	min	0.6609640474436812
P76297	603548.4560748688	581448.6249999998	583877.1560689209	585676.7848614794	609044.266130798	559062.0628991142	P76297	P76297		flhE	0	0.7751421667523335	0.012361135189292586	False	0.042315959161741	False	False	Ecoli	False	True	False	False	msfragger	directlfq	min	0.6609640474436812
Q93K97	10445377.214531632	9862855.49597212	10130352.05943082	10398941.61612326	10070188.268410722	10151098.585528834	Q93K97	Q93K97		nudF	0	0.7754017193923937	-0.008583764555842503	False	0.042342826437399256	False	False	Ecoli	False	True	False	False	msfragger	directlfq	min	0.6609640474436812
P46837	78754084.88563418	81876095.58601324	80233352.95420401	78930911.89989476	81502343.24020135	81576395.72703901	P46837	P46837		yhgF	0	0.7756290822351072	-0.006848593410047578	False	0.0423696937130575	False	False	Ecoli	False	True	False	False	msfragger	directlfq	min	0.6609640474436812
P02924	864741.1761927506	905669.3125000003	54369.24139359069	1172516.4204067437	30121.843538232297	1039770.2578214208	P02924	P02924		araF	2	0.7758216859459667	-0.29732680594036315	False	0.04239656098871575	False	False	Ecoli	False	True	False	False	msfragger	directlfq	min	0.6609640474436812
P0AE88	18506026.28263946	18203497.088564564	17960553.161241803	18622719.39134876	18197854.81746992	18060807.836423885	P0AE88	P0AE88		cpxR	0	0.7760025511718128	-0.005565417337811112	False	0.042423428264373994	False	False	Ecoli	False	True	False	False	msfragger	directlfq	min	0.6609640474436812
P0A6F3	30255128.884823896	31676299.255584247	31312208.91022657	30458709.81658209	30883709.24822942	31430480.84906213	P0A6F3	P0A6F3		glpK	0	0.7761944313988797	0.007301840939307272	False	0.04245029554003224	False	False	Ecoli	False	True	False	False	msfragger	directlfq	min	0.6609640474436812
P77252	2244801.444326484	2451895.569653966	2221163.657899583	2259668.317294698	2400215.7375088413	2167628.424438693	P77252	P77252		ykgE	0	0.777798063505462	0.018965911690556427	False	0.04247716281569049	False	False	Ecoli	False	True	False	False	msfragger	directlfq	min	0.6609640474436812
P0A8F4	20371530.43281732	19818316.807082277	19407835.76004393	19687962.522480164	19798522.52676288	19839880.697074156	P0A8F4	P0A8F4		udk	0	0.7781364264480861	0.0065828356764242564	False	0.04250403009134874	False	False	Ecoli	False	True	False	False	msfragger	directlfq	min	0.6609640474436812
P05706	483980.70243942254	594115.6874999999	567491.9085655708	629538.5742574501	474268.8496343127	594125.5165830653	P05706	P05706		srlB	0	0.7783265903456648	-0.04517604080525816	False	0.042530897367006985	False	False	Ecoli	False	True	False	False	msfragger	directlfq	min	0.6609640474436812
P17115	5007381.897675904	4844873.78656976	4719681.642070604	4704183.2713569375	5019139.403715584	4730894.445750921	P17115	P17115		gutQ	0	0.7795899970746188	0.011702224499759245	False	0.04255776464266524	False	False	Ecoli	False	True	False	False	msfragger	directlfq	min	0.6609640474436812
P0A6I6	1584474.828780681	1692280.1047943512	1752364.4872953556	1751070.5126088045	1582191.7619264363	1632921.810471063	P0A6I6	P0A6I6		coaD	0	0.7796715357810649	0.01816807199956208	False	0.042584631918323484	False	False	Ecoli	False	True	False	False	msfragger	directlfq	min	0.6609640474436812
P0A7B8	14780605.313355325	16465951.65495125	13684875.046189498	17282560.19413833	11773543.916099446	14237378.108779022	P0A7B8	P0A7B8		hslV	0	0.7801209957120443	0.053575197563139845	False	0.04261149919398174	False	False	Ecoli	False	True	False	False	msfragger	directlfq	min	0.6609640474436812
P0AGF6	2277960.6220097044	1895863.4876720973	1955758.9967431675	1922934.8146506804	2069124.7040422603	2020311.2731532096	P0AGF6	P0AGF6		tdcB	0	0.7806777726483015	0.027854969561709353	False	0.042638366469639984	False	False	Ecoli	False	True	False	False	msfragger	directlfq	min	0.6609640474436812
P62672	1601772.8183678747	1681852.4815476644	1490394.3917976453	1453877.870411044	1650831.9289955706	1597162.2285838271	P62672	P62672		apaG	0	0.7809871860650439	0.02196924387227048	False	0.04266523374529823	False	False	Ecoli	False	True	False	False	msfragger	directlfq	min	0.6609640474436812
P0AEM9	51116703.11806562	53128816.38372433	52732697.11975554	52327089.91295437	51181128.840953626	52773948.35295472	P0AEM9	P0AEM9		fliY	0	0.7810217788023648	0.00641120861616811	False	0.042692101020956476	False	False	Ecoli	False	True	False	False	msfragger	directlfq	min	0.6609640474436812
P39408	603393.9548025713	704058.0000000002	700910.3032569739	669911.2409556007	676320.577392522	693934.7198500985	P39408	P39408		yjjV	0	0.7812743721845197	-0.022667405102687676	False	0.04271896829661472	False	False	Ecoli	False	True	False	False	msfragger	directlfq	min	0.6609640474436812
P76243	5956560.067091596	6376323.741244469	6688434.331080323	6214122.588196551	6262694.843489361	6342422.460268928	P76243	P76243		yeaO	0	0.7824573975393937	0.015408866680845892	False	0.042745835572272975	False	False	Ecoli	False	True	False	False	msfragger	directlfq	min	0.6609640474436812
P0ACU5	11159733.15256778	11662091.056635143	10866731.153045611	11361337.177772883	10935053.080812745	11669957.852716943	P0ACU5	P0ACU5		fabR	0	0.7836191858969004	-0.011847551416255648	False	0.04277270284793122	False	False	Ecoli	False	True	False	False	msfragger	directlfq	min	0.6609640474436812
P64596	34291950.3988806	35215100.88564035	34361402.705041006	35075564.50787324	34734201.393119894	33578466.11244607	P64596	P64596		yraP	0	0.7844716918575905	0.0066855754250797405	False	0.042799570123589474	False	False	Ecoli	False	True	False	False	msfragger	directlfq	min	0.6609640474436812
P64548	517720.6224253924	456738.9374999995	343067.7080189708	406056.3946276297	431738.2673021155	431570.6435654304	P64548	P64548		yfiR	0	0.7848885540713366	0.053725504336007965	False	0.04282643739924772	False	False	Ecoli	False	True	False	False	msfragger	directlfq	min	0.6609640474436812
P77561	1679683.110704909	1658264.5140920486	1438713.0941102896	1633852.6601171987	1669576.0318729763	1549577.162133671	P77561	P77561		ydeP	0	0.7849283667789089	-0.022876193043857584	False	0.042853304674905966	False	False	Ecoli	False	True	False	False	msfragger	directlfq	min	0.6609640474436812
P36879	4385844.881472564	4891927.684020906	4986602.288585275	4773755.91685193	4511383.589973067	4793180.951761333	P36879	P36879		yadG	0	0.7851147462974164	0.018941290264780912	False	0.04288017195056422	False	False	Ecoli	False	True	False	False	msfragger	directlfq	min	0.6609640474436812
P69931	6119267.756847817	6532784.567977238	5625511.639771017	6393757.501676657	6138725.742065881	6002992.708051034	P69931	P69931		hda	0	0.7852171664079369	-0.02021536030699504	False	0.042907039226222465	False	False	Ecoli	False	True	False	False	msfragger	directlfq	min	0.6609640474436812
P50456	3063341.609521289	2661481.995945407	2712953.272036714	2948481.191687595	2894789.652657719	2722130.5936764563	P50456	P50456		mlc	0	0.7858149490110653	-0.021657924774239366	False	0.04293390650188071	False	False	Ecoli	False	True	False	False	msfragger	directlfq	min	0.6609640474436812
P0AEH5	15074203.340335105	14155904.766151724	14288981.40320922	14606318.233894931	14541200.917966235	14638167.859857036	P0AEH5	P0AEH5		elaB	0	0.7862722027744689	-0.008810974723287384	False	0.04296077377753896	False	False	Ecoli	False	True	False	False	msfragger	directlfq	min	0.6609640474436812
P37194	55350965.08255284	54087179.36365479	56166728.39400187	55250377.89571063	55511931.91208312	54210069.49993295	P37194	P37194		slp	0	0.7874896071873672	0.005520624242855835	False	0.042987641053197204	False	False	Ecoli	False	True	False	False	msfragger	directlfq	min	0.6609640474436812
P31060	171463.95000467086	164330.23440000013	224699.7693481431	174593.54970447716	179873.27140590854	188275.515362629	P31060	P31060		modF	0	0.7877110371873073	0.046431360134803985	False	0.043014508328855464	False	False	Ecoli	False	True	False	False	msfragger	directlfq	min	0.6609640474436812
P76537	5433852.494409732	5174191.978606017	5316248.251096159	5277239.964466604	4809031.386469896	5616403.798494666	P76537	P76537		yfeY	0	0.7877901408750416	0.020218935333837104	False	0.04304137560451371	False	False	Ecoli	False	True	False	False	msfragger	directlfq	min	0.6609640474436812
P75746	306622.87852248584	1037206.113078946	884928.3669367792	100963.63880373628	1151554.584983162	1369172.0904147057	P75746	P75746		ybgL	1	0.7891808215261447	-0.2342577169190181	False	0.043068242880171956	False	False	Ecoli	False	True	False	False	msfragger	directlfq	min	0.6609640474436812
P18775	24874192.8371886	27164310.90189993	26476895.704025906	24279548.517913617	26615365.293842267	26722335.087768435	P18775	P18775		dmsA	0	0.7894038330492792	0.016598343036048624	False	0.0430951101558302	False	False	Ecoli	False	True	False	False	msfragger	directlfq	min	0.6609640474436812
P09169	17295484.084559653	16618469.99403386	17634772.979059223	16542849.20874195	17639647.70104569	17788926.29560947	P09169	P09169		ompT	0	0.7903989841300814	-0.011781764685794194	False	0.04312197743148845	False	False	Ecoli	False	True	False	False	msfragger	directlfq	min	0.6609640474436812
P64564	528372.5512970634	583689.9999999993	757787.3868983012	582929.4391620016	594572.596861376	629212.7042490436	P64564	P64564		yggT	0	0.7916072741373386	0.0495537545548854	False	0.0431488447071467	False	False	Ecoli	False	True	False	False	msfragger	directlfq	min	0.6609640474436812
P0AGI8	2347410.9216242563	2329501.0466208933	2353396.5752595607	2751068.190813848	1955559.0512693448	2103069.298239056	P0AGI8	P0AGI8		trkA	0	0.7918778850600143	0.045997498111579896	False	0.04317571198280495	False	False	Ecoli	False	True	False	False	msfragger	directlfq	min	0.6609640474436812
P63228	5321206.694663582	5325807.303489149	4558209.290646328	5600001.379096907	5147190.22051546	4755378.614907205	P63228	P63228		gmhB	0	0.7928457065225145	-0.02794042126965084	False	0.04320257925846319	False	False	Ecoli	False	True	False	False	msfragger	directlfq	min	0.6609640474436812
P05523	403642.0443222425	321791.3750000004	247717.83192451345	397156.18018714106	293507.993053508	328521.8440315836	P05523	P05523		mutM	0	0.7935419067834368	-0.06668143252366322	False	0.04322944653412144	False	False	Ecoli	False	True	False	False	msfragger	directlfq	min	0.6609640474436812
P39325	2107842.6414353857	1881355.783744928	2083767.132685867	2040503.0739613064	1995908.0546020104	1971149.646222672	P39325	P39325		ytfQ	0	0.7943141150579993	0.015621848845638699	False	0.043256313809779685	False	False	Ecoli	False	True	False	False	msfragger	directlfq	min	0.6609640474436812
P39298	1783549.516502059	1608987.380965083	1530181.5755097028	1809547.7616965016	1535345.2425040086	1470430.452391346	P39298	P39298		yjfP	0	0.7950313203610937	0.03182252461425062	False	0.043283181085437945	False	False	Ecoli	False	True	False	False	msfragger	directlfq	min	0.6609640474436812
Q47319	815558.7012915383	632791.8124999995	624927.6291129128	768325.8812549807	608602.2975813929	630236.1553651505	Q47319	Q47319		yfiP	0	0.796902399109142	0.046754935284399085	False	0.04331004836109619	False	False	Ecoli	False	True	False	False	msfragger	directlfq	min	0.6609640474436812
P27829	9648342.73732412	10622107.139465744	10988332.804425612	10890887.519743765	10916156.306670966	9884794.620520534	P27829	P27829		wecC	0	0.7971716959383763	-0.019849756852367544	False	0.04333691563675444	False	False	Ecoli	False	True	False	False	msfragger	directlfq	min	0.6609640474436812
P0AG51	166660640.85254288	187139364.07827297	188216791.05684623	177933267.03222653	191901415.8831428	179089282.24890402	P0AG51	P0AG51		rpmD	0	0.7979704345600511	-0.01826876807397274	False	0.043363782912412684	False	False	Ecoli	False	True	False	False	msfragger	directlfq	min	0.6609640474436812
P15977	7840398.468521872	7003132.271856991	7079453.384639846	7528573.297279691	6842472.487304091	7277384.350073023	P15977	P15977		malQ	0	0.7986969944744671	0.018181779482895982	False	0.04339065018807093	False	False	Ecoli	False	True	False	False	msfragger	directlfq	min	0.6609640474436812
P30131	983456.8793021112	1175168.4328794538	972953.308604108	1031703.1017284268	1042373.288726212	999788.3482527796	P30131	P30131		hypF	0	0.7992068917178536	0.026836416843834098	False	0.04341751746372918	False	False	Ecoli	False	True	False	False	msfragger	directlfq	min	0.6609640474436812
P31119	11055079.622486798	11247579.433435312	10969909.31755788	10483641.153633716	11029918.99653116	12202867.577959828	P31119	P31119		aas	0	0.7992654956842741	-0.019118455216108218	False	0.04344438473938743	False	False	Ecoli	False	True	False	False	msfragger	directlfq	min	0.6609640474436812
P0A8I1	3948349.8481822666	3714270.363574084	4016061.041976488	3920082.0369454566	3833225.045497416	3845564.341386357	P0A8I1	P0A8I1		yqgF	0	0.8029574081106553	0.009892938367887806	False	0.043471252015045675	False	False	Ecoli	False	True	False	False	msfragger	directlfq	min	0.6609640474436812
P0A9I3	7252389.87084737	7290358.463957463	7667415.582745251	7175393.9954287065	8209834.8837688835	7135785.846241039	P0A9I3	P0A9I3		gcvR	0	0.803469533402759	-0.020051791703403897	False	0.04349811929070392	False	False	Ecoli	False	True	False	False	msfragger	directlfq	min	0.6609640474436812
P0AF26	2770499.206492368	2789710.61184089	2389729.501088698	2780782.738177272	2667293.9456914538	2616824.9326803475	P0AF26	P0AF26		narJ	0	0.8035898108272818	-0.020713085516965584	False	0.043524986566362174	False	False	Ecoli	False	True	False	False	msfragger	directlfq	min	0.6609640474436812
P0A8N3	281753716.08326155	287315507.58125144	284945448.7988329	275954697.10404414	285408781.4645176	289161630.5520797	P0A8N3	P0A8N3		lysS	0	0.8040648605362183	0.005907028767513165	False	0.04355185384202043	False	False	Ecoli	False	True	False	False	msfragger	directlfq	min	0.6609640474436812
P0ACE3	8016712.732446069	8300703.474811704	8310043.398289122	7826554.428197488	8379816.497902319	8265250.578733695	P0ACE3	P0ACE3		hha	0	0.8054665475717515	0.009158118847318928	False	0.04357872111767867	False	False	Ecoli	False	True	False	False	msfragger	directlfq	min	0.6609640474436812
P0ABX8	8348903.362355889	8622642.867282113	8570238.9414424	8536059.603695594	8526548.118892277	8403660.756296948	P0ABX8	P0ABX8		fliL	0	0.8065891268691788	0.004271781773172805	False	0.04360558839333692	False	False	Ecoli	False	True	False	False	msfragger	directlfq	min	0.6609640474436812
P06961	5649149.160028194	5989915.050379786	5985089.359547768	6070600.66914897	5711325.191784763	5963564.248708765	P06961	P06961		cca	0	0.8072174985099223	-0.009898449211125218	False	0.043632455668995165	False	False	Ecoli	False	True	False	False	msfragger	directlfq	min	0.6609640474436812
P07813	121717607.44445434	120173001.07307288	123079500.56395704	121721780.0257226	123294629.79565904	120817589.10043316	P07813	P07813		leuS	0	0.8081128646616575	-0.003410846095152014	False	0.04365932294465341	False	False	Ecoli	False	True	False	False	msfragger	directlfq	min	0.6609640474436812
P0AF20	3528885.1361853736	3785389.124468751	3508593.3464870797	3547636.270607393	3653396.4988113735	3701360.902423484	P0AF20	P0AF20		nagC	0	0.8082226864797855	-0.010562116620527523	False	0.043686190220311664	False	False	Ecoli	False	True	False	False	msfragger	directlfq	min	0.6609640474436812
P0AEV7	1130360.238914818	1603499.3749999995	1592642.5020479814	1253014.0932375672	1589146.436539083	1638301.1949852542	P0AEV7	P0AEV7		hycH	0	0.8084770271014362	-0.05044630566919007	False	0.04371305749596991	False	False	Ecoli	False	True	False	False	msfragger	directlfq	min	0.6609640474436812
P0AEY3	6893070.56050406	6558585.702342349	7213990.219425375	7105229.16521339	7039360.819074433	6698585.111947415	P0AEY3	P0AEY3		mazG	0	0.8092784516531859	-0.012340567758186547	False	0.04373992477162816	False	False	Ecoli	False	True	False	False	msfragger	directlfq	min	0.6609640474436812
P0AB28	36622500.22586492	38762808.164461695	37261320.57472348	36938690.44274662	37893451.604380846	37264969.92174059	P0AB28	P0AB28		yceD	0	0.8102059485036067	0.007055030959774134	False	0.04376679204728641	False	False	Ecoli	False	True	False	False	msfragger	directlfq	min	0.6609640474436812
P0AA25	98240065.49222204	94263097.79503477	96508142.47984016	98594552.47726417	95151983.9057274	96429610.33328044	P0AA25	P0AA25		trxA	0	0.8121573623579843	-0.005803000459917557	False	0.043793659322944656	False	False	Ecoli	False	True	False	False	msfragger	directlfq	min	0.6609640474436812
P0AFH8	46742620.75081053	49243802.0112789	51061489.362396136	47562142.6939579	49135500.07024398	49283822.79139521	P0AFH8	P0AFH8		osmY	0	0.8131896723626477	0.010501090241083748	False	0.04382052659860291	False	False	Ecoli	False	True	False	False	msfragger	directlfq	min	0.6609640474436812
P33021	55924.14641241899	1200300.875000001	686024.2441688905	100963.63880373628	860516.5574419237	674734.7277223151	P33021	P33021		nupX	2	0.8137594331737118	0.24736610110914517	False	0.043847393874261155	False	False	Ecoli	False	True	False	False	msfragger	directlfq	min	0.6609640474436812
P06282	10944101.147073235	10416336.606565775	9632168.323765935	9849056.281337366	10367619.804050645	10447560.006174758	P06282	P06282		cdh	0	0.8137746155808733	0.015367061061269992	False	0.0438742611499194	False	False	Ecoli	False	True	False	False	msfragger	directlfq	min	0.6609640474436812
P00894	853099.7939538993	848136.9375000008	744212.6836797128	784705.3369334015	833186.5506077991	797666.2403383739	P00894	P00894		ilvH	0	0.8138298986558501	0.017743052263026308	False	0.04390112842557765	False	False	Ecoli	False	True	False	False	msfragger	directlfq	min	0.6609640474436812
P0ADX9	2044779.101952922	2566011.930286827	2552751.281016653	2017784.3597013347	2427549.859288288	2542514.492693452	P0ADX9	P0ADX9		rsmD	0	0.8148369424029624	0.03582479090825647	False	0.04392799570123589	False	False	Ecoli	False	True	False	False	msfragger	directlfq	min	0.6609640474436812
P0A9C9	31595724.09403074	30811613.41602143	30161316.671012208	31430082.13536381	30867712.486657787	30633495.466304746	P0A9C9	P0A9C9		glpX	0	0.8155948599597469	-0.00564068839571257	False	0.043954862976894146	False	False	Ecoli	False	True	False	False	msfragger	directlfq	min	0.6609640474436812
P15038	285023.064269666	284173.21879999986	314295.1298540597	272723.6434596205	249010.5845161824	339479.01190444344	P15038	P15038		helD	0	0.8162951695930547	0.03684561362197493	False	0.04398173025255239	False	False	Ecoli	False	True	False	False	msfragger	directlfq	min	0.6609640474436812
P25535	7806695.750337505	7722675.461108313	7955918.06865791	7988509.23691898	7523629.811332909	8122321.807592214	P25535	P25535		visC	0	0.8167665730613006	-0.009134590523379848	False	0.044008597528210645	False	False	Ecoli	False	True	False	False	msfragger	directlfq	min	0.6609640474436812
P37095	72406460.53395683	71926244.97041811	73464399.29189615	73915006.31991614	73311407.65320544	71261026.23582174	P37095	P37095		pepB	0	0.8184113972920456	-0.004565572257801081	False	0.04403546480386889	False	False	Ecoli	False	True	False	False	msfragger	directlfq	min	0.6609640474436812
P64624	7677410.469997453	7739760.56695585	6995676.871272987	6906764.738738208	7535280.077461224	7719106.827115115	P64624	P64624		yheO	0	0.8185324084381584	0.01629312228343753	False	0.04406233207952714	False	False	Ecoli	False	True	False	False	msfragger	directlfq	min	0.6609640474436812
P69228	11637499.635369856	11532583.43394128	11287920.35181602	11405597.061274838	11035428.776876694	11827731.399908053	P69228	P69228		baeR	0	0.8191040825753515	0.007945237553958588	False	0.04408919935518539	False	False	Ecoli	False	True	False	False	msfragger	directlfq	min	0.6609640474436812
P67338	633524.3514937866	673233.3124999995	688941.5856645227	666453.6306236383	685760.3660733233	626190.4952217735	P67338	P67338		yoaH	0	0.8225986937647185	0.012556903574866041	False	0.04411606663084364	False	False	Ecoli	False	True	False	False	msfragger	directlfq	min	0.6609640474436812
P37128	1911378.327204372	2095473.409410392	1961274.1655498468	1839996.10388144	2069855.5100522025	1995526.6129141191	P37128	P37128		nudK	0	0.8227459514572848	0.015248506551613352	False	0.04414293390650188	False	False	Ecoli	False	True	False	False	msfragger	directlfq	min	0.6609640474436812
P21179	2026260.513641714	1744095.033647844	1689459.773970511	1784068.4185321648	1824302.4968263912	1771817.502955744	P21179	P21179		katE	0	0.8240217291220713	0.021195454731443113	False	0.04416980118216013	False	False	Ecoli	False	True	False	False	msfragger	directlfq	min	0.6609640474436812
P24171	17234068.402267117	17078092.241879012	16215006.372149808	16200258.696435004	17264565.17915878	16751092.02066421	P24171	P24171		dcp	0	0.8257372874328147	0.008914594692235867	False	0.044196668457818375	False	False	Ecoli	False	True	False	False	msfragger	directlfq	min	0.6609640474436812
P0AAJ5	11895067.85322566	12157923.5840185	12395817.912994958	11905489.728877457	12158749.291620295	12258350.8189535	P0AAJ5	P0AAJ5		fdoH	0	0.8265058683059846	0.005004615739411157	False	0.044223535733476635	False	False	Ecoli	False	True	False	False	msfragger	directlfq	min	0.6609640474436812
P0A6U3	38903264.23981404	37997379.84450255	39247735.2751807	38738787.57043175	38634601.310571074	38495275.252200656	P0A6U3	P0A6U3		mnmG	0	0.8274672539774387	0.003478571739966618	False	0.04425040300913488	False	False	Ecoli	False	True	False	False	msfragger	directlfq	min	0.6609640474436812
P60716	42378513.611060105	44273275.661794886	45208343.181137085	44091944.30451813	44183221.58819485	44203786.1888914	P60716	P60716		lipA	0	0.8274804473363001	-0.006754730503948865	False	0.04427727028479313	False	False	Ecoli	False	True	False	False	msfragger	directlfq	min	0.6609640474436812
P0AFM9	808675.5507635613	663574.1249999998	631769.2473153784	819659.0814020155	619332.2575495997	603344.3854770443	P0AFM9	P0AFM9		pspB	0	0.8280487353588122	0.042927640315337766	False	0.04430413756045137	False	False	Ecoli	False	True	False	False	msfragger	directlfq	min	0.6609640474436812
P28632	432972.3620085629	401562.7500000002	434158.26425212814	442289.8137415652	389419.30463598	423811.4146644119	P28632	P28632		holD	0	0.8282717154857437	0.015057811098253148	False	0.04433100483610962	False	False	Ecoli	False	True	False	False	msfragger	directlfq	min	0.6609640474436812
P43671	3080688.3048880426	3015450.89865244	2938939.107580753	3114988.360994398	2975796.024399531	2986436.989428944	P43671	P43671		pqiB	0	0.8282891255959566	-0.006713636565698899	False	0.04435787211176787	False	False	Ecoli	False	True	False	False	msfragger	directlfq	min	0.6609640474436812
P28631	89450.03963652231	34510.746090000015	54369.24139359069	100963.63880373628	30121.843538232297	65127.24567499205	P28631	P28631		holB	3	0.8305310936260474	-0.13786898631358016	False	0.04438473938742612	False	False	Ecoli	False	True	False	False	msfragger	directlfq	min	0.6609640474436812
P06129	62758539.80059729	62317453.69990065	62684938.15155045	62451331.228779815	62009517.17021639	63664106.788155295	P06129	P06129		btuB	0	0.8324601355035932	-0.002794332702724855	False	0.044411606663084364	False	False	Ecoli	False	True	False	False	msfragger	directlfq	min	0.6609640474436812
P0AFJ1	6684283.690720735	6369000.903245368	7229921.388952989	6621691.593718528	7201808.567792807	6671168.78149446	P0AFJ1	P0AFJ1		phnA	0	0.8335545291527001	-0.014962981721354055	False	0.04443847393874261	False	False	Ecoli	False	True	False	False	msfragger	directlfq	min	0.6609640474436812
Q47622	6309923.243589892	5314696.658249989	4937455.250368478	5635376.399969	5650640.533402744	5568761.182585863	Q47622	Q47622		sapA	0	0.8339699018815727	-0.02527418789915257	False	0.04446534121440086	False	False	Ecoli	False	True	False	False	msfragger	directlfq	min	0.6609640474436812
P0ADB7	11816800.677586636	11682669.569560172	12630798.27675223	10454949.87134433	13522932.986192226	12834083.859284371	P0ADB7	P0ADB7		ecnB	0	0.8341834566266357	-0.026966852163982563	False	0.04449220849005912	False	False	Ecoli	False	True	False	False	msfragger	directlfq	min	0.6609640474436812
P0C054	11324482.085036866	12347201.689230513	11491970.52397766	11461853.620367076	12033000.47007627	11914324.968574936	P0C054	P0C054		ibpA	0	0.8349146571596493	-0.010038389194464526	False	0.04451907576571736	False	False	Ecoli	False	True	False	False	msfragger	directlfq	min	0.6609640474436812
P36938	77153813.17993669	77156246.05323468	79091512.27675314	80285515.36363974	77309152.01897143	76676895.60899663	P36938	P36938		pgm	0	0.8352260473004876	-0.005367568720393051	False	0.04454594304137561	False	False	Ecoli	False	True	False	False	msfragger	directlfq	min	0.6609640474436812
P0AAC8	17414413.211501166	17334758.721986145	18073008.294600684	17227452.922159366	18214016.51696136	17627371.730122596	P0AAC8	P0AAC8		iscA	0	0.8353868998984503	-0.006721196103727422	False	0.044572810317033855	False	False	Ecoli	False	True	False	False	msfragger	directlfq	min	0.6609640474436812
P21645	7081735.0202889005	7049002.8477210095	6734301.125162926	6535357.842172704	7012830.833933257	7168052.809504567	P21645	P21645		lpxD	0	0.8353936473965222	0.010325335829318789	False	0.0445996775926921	False	False	Ecoli	False	True	False	False	msfragger	directlfq	min	0.6609640474436812
P0ABT2	314290576.06494147	319953697.7472701	314134038.66279453	303261328.5963806	321559887.02421504	319352301.2800958	P0ABT2	P0ABT2		dps	0	0.8355461341733218	0.006410654239749443	False	0.044626544868350354	False	False	Ecoli	False	True	False	False	msfragger	directlfq	min	0.6609640474436812
P60340	19467970.820404496	20123012.020350672	20347868.334185816	19075303.172572214	20282615.5331581	20262746.22464241	P60340	P60340		truB	0	0.8370184069991211	0.007678967192676836	False	0.0446534121440086	False	False	Ecoli	False	True	False	False	msfragger	directlfq	min	0.6609640474436812
P30843	2441346.378199193	2013705.883317902	2108667.1835680376	2272506.8423962267	2138211.094797904	2055766.8319008625	P30843	P30843		basR	0	0.8370866219412438	0.02153190947354667	False	0.044680279419666846	False	False	Ecoli	False	True	False	False	msfragger	directlfq	min	0.6609640474436812
P75820	730342.2511938235	660962.3125000003	484558.2497644828	560729.3895483871	712901.5897729943	542026.659121675	P75820	P75820		amiD	0	0.8371254518921725	0.04706213103218289	False	0.04470714669532509	False	False	Ecoli	False	True	False	False	msfragger	directlfq	min	0.6609640474436812
P77611	4573309.927359167	4563672.829341042	5232948.504265459	4787499.659134538	4473483.935941948	4935657.774807163	P77611	P77611		rnfC	0	0.8371798054707094	0.017503502180367652	False	0.044734013970983345	False	False	Ecoli	False	True	False	False	msfragger	directlfq	min	0.6609640474436812
P78067	9696694.182565412	10007692.665001124	10025320.384291718	9580024.377803652	9353783.45880525	10538396.768197678	P78067	P78067		ynjE	0	0.8388622133815017	0.012550273946204669	False	0.0447608812466416	False	False	Ecoli	False	True	False	False	msfragger	directlfq	min	0.6609640474436812
P30177	27186195.59211702	29321758.81545806	28364184.707006797	28127168.707829297	28748021.303706747	28434139.996254016	P30177	P30177		ybiB	0	0.8390515752378118	-0.007412493549861213	False	0.044787748522299844	False	False	Ecoli	False	True	False	False	msfragger	directlfq	min	0.6609640474436812
P0AD05	8420155.82460859	7403912.092093588	7878302.040953904	8033983.84808422	7831049.718315169	7625412.912607408	P0AD05	P0AD05		yecA	0	0.8395189579094494	0.012957184162029824	False	0.04481461579795809	False	False	Ecoli	False	True	False	False	msfragger	directlfq	min	0.6609640474436812
P76256	4636310.700503623	4707660.534060346	4584828.720927815	4591232.724586474	4793214.529362052	4593656.465663324	P76256	P76256		yeaZ	0	0.8420787110457101	-0.0050976898639836215	False	0.04484148307361634	False	False	Ecoli	False	True	False	False	msfragger	directlfq	min	0.6609640474436812
P08622	41473082.88452321	43109842.99821448	43839047.39638708	43901300.30592439	42811339.56320661	42254707.88691628	P08622	P08622		dnaJ	0	0.8424139964443742	-0.00611377525385105	False	0.04486835034927458	False	False	Ecoli	False	True	False	False	msfragger	directlfq	min	0.6609640474436812
P0AEE5	4544781.858248259	4388309.670907748	4273275.922360835	4727024.118322021	4154067.377660813	4444544.920684402	P0AEE5	P0AEE5		mglB	0	0.8427165673466195	-0.012970743141426334	False	0.044895217624932836	False	False	Ecoli	False	True	False	False	msfragger	directlfq	min	0.6609640474436812
P0AD24	4432563.6552756	4466019.693900839	4236512.496620461	4566480.418747366	4106719.693974983	4572157.024930375	P0AD24	P0AD24		yejL	0	0.8435111749978447	-0.012060016208626982	False	0.04492208490059108	False	False	Ecoli	False	True	False	False	msfragger	directlfq	min	0.6609640474436812
P56258	396795.8721763156	604595.7499999995	421377.318457112	472476.06062214775	503839.0332066374	490493.8509828975	P56258	P56258		wecF	0	0.8443708274789921	-0.043979583452344914	False	0.04494895217624933	False	False	Ecoli	False	True	False	False	msfragger	directlfq	min	0.6609640474436812
P32680	8163748.293177569	8066286.166670557	8244002.634915467	8383492.330383364	8028318.716071701	7972248.451585953	P32680	P32680		yjaG	0	0.8444353951852069	0.0053137714478198	False	0.04497581945190758	False	False	Ecoli	False	True	False	False	msfragger	directlfq	min	0.6609640474436812
P62623	9770065.242184592	11630009.772003392	10496504.252405647	10170039.777752046	10879202.351844251	10471331.863970678	P62623	P62623		ispH	0	0.8446366154463476	0.017107904456207506	False	0.04500268672756583	False	False	Ecoli	False	True	False	False	msfragger	directlfq	min	0.6609640474436812
P77258	17695924.336962584	18225484.96316285	18751909.96594598	18476058.097523965	17816205.18960191	18628146.793892365	P77258	P77258		nemA	0	0.8449073423540816	-0.0065054323731671615	False	0.04502955400322408	False	False	Ecoli	False	True	False	False	msfragger	directlfq	min	0.6609640474436812
P26648	3095395.706325867	3164575.676672092	2833046.0230778144	3232038.7262125723	2816282.1841764925	2947329.7016075645	P26648	P26648		ftsP	0	0.8484998179576053	0.015531486067828566	False	0.045056421278882326	False	False	Ecoli	False	True	False	False	msfragger	directlfq	min	0.6609640474436812
P0ACU0	699851.1025208745	766460.3124999995	747756.226246624	664837.559836926	783244.5066801324	741425.1266564975	P0ACU0	P0ACU0		ybiH	0	0.8500125940483728	0.01609310862947619	False	0.04508328855454057	False	False	Ecoli	False	True	False	False	msfragger	directlfq	min	0.6609640474436812
P75931	711950.012263667	835987.5000000005	714197.5983768675	777996.5000740433	776960.1424901108	734373.428566868	P75931	P75931		yceM	0	0.8505424614795628	-0.01724038302901117	False	0.04511015583019882	False	False	Ecoli	False	True	False	False	msfragger	directlfq	min	0.6609640474436812
P0CK95	38341446.96828816	37121167.62051407	37006878.96719188	36879199.84212007	37666972.45104591	38275780.6756753	P0CK95	P0CK95		yghJ	0	0.851423712272299	-0.004514080491945403	False	0.045137023105857065	False	False	Ecoli	False	True	False	False	msfragger	directlfq	min	0.6609640474436812
P76046	1015863.7877178182	1049354.0406273564	967492.4681487952	1047420.4605113908	931571.2814294338	1085445.087993107	P76046	P76046		ycjX	0	0.8519632978557896	-0.015014276227232948	False	0.04516389038151532	False	False	Ecoli	False	True	False	False	msfragger	directlfq	min	0.6609640474436812
P0A836	47572490.69970647	51105068.23449221	48835905.51447485	49602979.526636906	49296044.25397186	49269353.90698744	P0A836	P0A836		sucC	0	0.8526771450606881	-0.006390934392722776	False	0.04519075765717357	False	False	Ecoli	False	True	False	False	msfragger	directlfq	min	0.6609640474436812
P76909	340119.9836997131	310596.56249999965	326495.2529210136	374812.0106387247	350249.41829164064	272029.9248764379	P76909	P76909		ynjD	0	0.8534927904339017	-0.029054407626191003	False	0.04521762493283182	False	False	Ecoli	False	True	False	False	msfragger	directlfq	min	0.6609640474436812
P0AAH0	2613128.9780474924	2601504.562546348	2546507.4435302964	2290172.5398636265	2524475.132262667	2845441.7423830703	P0AAH0	P0AAH0		pstB	0	0.8542168873046326	0.018907529589732644	False	0.04524449220849006	False	False	Ecoli	False	True	False	False	msfragger	directlfq	min	0.6609640474436812
P27836	942027.4767450652	828972.876704612	866269.0356133198	905773.6023282008	866165.9499562023	886637.9047701576	P27836	P27836		wecG	0	0.8554284890692071	-0.011609553978845782	False	0.04527135948414831	False	False	Ecoli	False	True	False	False	msfragger	directlfq	min	0.6609640474436812
P75913	2959841.3231784776	2829846.5811574496	3219691.682595328	3323882.0879941187	2662196.7348468383	3158555.420111883	P75913	P75913		ghrA	0	0.856081810181245	-0.021497706669798194	False	0.04529822675980656	False	False	Ecoli	False	True	False	False	msfragger	directlfq	min	0.6609640474436812
P64455	9342512.798136998	7175452.139373772	5981618.67190343	7223917.334372112	7305279.394289534	7363982.920985353	P64455	P64455		ydcY	0	0.8562694391498276	0.03941680318771989	False	0.04532509403546481	False	False	Ecoli	False	True	False	False	msfragger	directlfq	min	0.6609640474436812
P30125	788659.5204397229	777604.1875000002	858269.1190110834	784672.3028436381	927927.3608879898	747791.736591389	P30125	P30125		leuB	0	0.8567229097601284	-0.021181051257484533	False	0.045351961311123054	False	False	Ecoli	False	True	False	False	msfragger	directlfq	min	0.6609640474436812
P06610	21399462.455553822	21470711.46885531	20923351.59627437	21192616.31213702	21214872.38590781	21280798.3656286	P06610	P06610		btuE	0	0.8579906073374266	0.0023819403168237707	False	0.0453788285867813	False	False	Ecoli	False	True	False	False	msfragger	directlfq	min	0.6609640474436812
P0AE08	220703247.20168665	217028715.68464768	231514949.9094674	221096593.14515716	222373220.6734573	223155656.35626575	P0AE08	P0AE08		ahpC	0	0.8599922116379725	0.005662138347793674	False	0.045405695862439546	False	False	Ecoli	False	True	False	False	msfragger	directlfq	min	0.6609640474436812
P07001	12926694.808860851	13159811.625641571	12381177.468172053	12148143.641354725	12932896.965491123	13168876.457962416	P07001	P07001		pntA	0	0.8604170104296677	0.008190349460872678	False	0.045432563138097806	False	False	Ecoli	False	True	False	False	msfragger	directlfq	min	0.6609640474436812
P0AF03	25973583.533342667	26631036.73016144	25455730.03990553	26376494.333568417	26518058.012865327	25435335.472505517	P0AF03	P0AF03		mog	0	0.8608405956570299	-0.004972955175271689	False	0.04545943041375605	False	False	Ecoli	False	True	False	False	msfragger	directlfq	min	0.6609640474436812
P30014	14059971.9956295	13625961.053872893	12891257.632693866	14094414.202926911	13281361.589615537	13437837.97554629	P30014	P30014		rnt	0	0.8618539023642218	-0.008381471966437588	False	0.0454862976894143	False	False	Ecoli	False	True	False	False	msfragger	directlfq	min	0.6609640474436812
P0AG40	7554882.565275382	7953999.556251238	7860850.239426406	7861020.903078907	7416974.155061163	7975285.709385344	P0AG40	P0AG40		ribF	0	0.8624038588369799	0.007206933848425187	False	0.045513164965072544	False	False	Ecoli	False	True	False	False	msfragger	directlfq	min	0.6609640474436812
P77739	2722231.0774815525	2495726.664220408	2777443.511529108	2946044.325108526	2461676.760338461	2487133.3991694585	P77739	P77739		yniA	0	0.8633906430150675	0.018257762852290773	False	0.04554003224073079	False	False	Ecoli	False	True	False	False	msfragger	directlfq	min	0.6609640474436812
P33218	4030193.785498768	3808144.012282972	3559438.8069461416	4265509.5767968325	3602959.2793430784	3668786.6191740776	P33218	P33218		yebE	0	0.863392307179611	-0.017547649812577983	False	0.045566899516389044	False	False	Ecoli	False	True	False	False	msfragger	directlfq	min	0.6609640474436812
P03817	10044330.426184598	9037072.510579586	8310510.069152828	8801184.231690424	9374570.272896912	9526089.714844331	P03817	P03817		mioC	0	0.8637878733897101	-0.01623200028933388	False	0.04559376679204729	False	False	Ecoli	False	True	False	False	msfragger	directlfq	min	0.6609640474436812
P0ADM8	717903.0311760929	426891.1249999996	389080.7446424212	685622.3428140759	371724.8499280856	397402.65585613885	P0ADM8	P0ADM8		yieE	0	0.8641732561151582	0.07640972892719265	False	0.045620634067705536	False	False	Ecoli	False	True	False	False	msfragger	directlfq	min	0.6609640474436812
P0A9F3	15922075.465042835	17751309.218953602	17048628.20966628	16188735.862323932	17007831.499683224	17184165.168309856	P0A9F3	P0A9F3		cysB	0	0.8643153656774294	0.009739900846103005	False	0.04564750134336378	False	False	Ecoli	False	True	False	False	msfragger	directlfq	min	0.6609640474436812
P05791	14613636.394326525	15456517.798595136	14674136.291130235	15298679.263995135	14235949.866266424	14982322.419670016	P05791	P05791		ilvD	0	0.8644505440695548	0.007348798975974101	False	0.04567436861902203	False	False	Ecoli	False	True	False	False	msfragger	directlfq	min	0.6609640474436812
P0A9G8	8704649.067120792	8424539.354564019	8131791.476654027	8387697.041831144	8498781.031672008	8470880.526198974	P0A9G8	P0A9G8		modE	0	0.865377481561141	-0.005493868295875638	False	0.04570123589468029	False	False	Ecoli	False	True	False	False	msfragger	directlfq	min	0.6609640474436812
P0AFR0	1307884.30607649	1403554.75	1320133.7947339104	1244075.1065908172	1416314.500284719	1405974.040921791	P0AFR0	P0AFR0		rssA	0	0.8661775556363014	-0.012396446701739882	False	0.045728103170338534	False	False	Ecoli	False	True	False	False	msfragger	directlfq	min	0.6609640474436812
P77338	4206933.892916407	4264471.5575384	4184774.656903466	3936327.0405846033	4387663.438548884	4422181.268226801	P77338	P77338		kefA	0	0.8665139236559845	-0.010221969732500889	False	0.04575497044599678	False	False	Ecoli	False	True	False	False	msfragger	directlfq	min	0.6609640474436812
P07004	26181213.05282416	26322829.59618141	25430740.210449733	26790570.877200384	25250083.06127784	26176227.68466499	P07004	P07004		proA	0	0.8685335791749216	-0.005212662081034634	False	0.045781837721655026	False	False	Ecoli	False	True	False	False	msfragger	directlfq	min	0.6609640474436812
P32162	2398556.546127146	2443019.5120590343	2559136.7009457937	2762243.8662311127	2281166.169221512	2439506.232892978	P32162	P32162		yiiS	0	0.868585569779421	-0.01593640916156827	False	0.04580870499731327	False	False	Ecoli	False	True	False	False	msfragger	directlfq	min	0.6609640474436812
P07649	5199585.4962959085	4755239.643398325	5039754.836426042	5004349.253500079	4974305.276183082	5089821.116749369	P07649	P07649		truA	0	0.8696691748744241	-0.0070923683306083765	False	0.045835572272971525	False	False	Ecoli	False	True	False	False	msfragger	directlfq	min	0.6609640474436812
P23538	29921033.732374832	30479658.196634	30862003.435813777	30621624.775110964	30308134.32807417	30488617.23447368	P23538	P23538		ppsA	0	0.8708785149391063	-0.0024589326058812627	False	0.04586243954862977	False	False	Ecoli	False	True	False	False	msfragger	directlfq	min	0.6609640474436812
P0AEF0	447626.3832862478	474393.7499999995	554973.3728224902	452633.73198326223	553310.3257637275	493597.2535445677	P0AEF0	P0AEF0		dnaC	0	0.8713883726548255	-0.02185778494626481	False	0.04588930682428802	False	False	Ecoli	False	True	False	False	msfragger	directlfq	min	0.6609640474436812
P0A9T8	1448639.8584566882	1732735.622267543	1627204.727634034	1636006.405775715	1537529.6440844492	1683827.5660071224	P0A9T8	P0A9T8		ybbA	0	0.8728884492519229	-0.01456250500507999	False	0.045916174099946264	False	False	Ecoli	False	True	False	False	msfragger	directlfq	min	0.6609640474436812
P15042	42604977.89341264	44292768.315943696	44008757.60462949	44550722.88039208	43303239.743439496	43389869.43749354	P15042	P15042		ligA	0	0.8732623123557658	-0.003712847107872701	False	0.04594304137560452	False	False	Ecoli	False	True	False	False	msfragger	directlfq	min	0.6609640474436812
P0A8W2	11760233.40682348	12382778.615170363	12123395.8068074	11971831.54375813	12196662.088815752	11997049.309533304	P0A8W2	P0A8W2		slyA	0	0.8750039268469428	0.004018043538698453	False	0.04596990865126277	False	False	Ecoli	False	True	False	False	msfragger	directlfq	min	0.6609640474436812
P62601	166727.4842428826	89878.79688	145641.01600043828	150860.99730857706	156120.46363059792	78401.61263235992	P62601	P62601		treF	0	0.8766726635954547	0.06178951853116004	False	0.045996775926921016	False	False	Ecoli	False	True	False	False	msfragger	directlfq	min	0.6609640474436812
P0AEN4	4590053.321270898	5714972.308146226	5364927.681281559	5008743.396342018	5420919.103131612	5424355.5847050585	P0AEN4	P0AEN4		ftsL	0	0.8767080140557733	-0.01684764590024675	False	0.04602364320257926	False	False	Ecoli	False	True	False	False	msfragger	directlfq	min	0.6609640474436812
P27833	7137486.70209869	6985166.325747075	6172000.9708718285	6861231.2528126985	6608672.050376232	6985832.258442821	P27833	P27833		rffA	0	0.8790356906448633	-0.011405671695848503	False	0.04605051047823751	False	False	Ecoli	False	True	False	False	msfragger	directlfq	min	0.6609640474436812
P0A759	6766784.583981209	7254244.12753353	7308272.443547272	7020187.17153761	7085610.689335095	7319819.865627471	P0A759	P0A759		nagB	0	0.8794231206914218	-0.006500102382036842	False	0.046077377753895754	False	False	Ecoli	False	True	False	False	msfragger	directlfq	min	0.6609640474436812
P22188	24238393.965691727	24324526.24159381	25561563.499155257	25007894.36556873	25473612.687456954	23938350.627367087	P22188	P22188		murE	0	0.8822777015197303	-0.005737480473381575	False	0.04610424502955401	False	False	Ecoli	False	True	False	False	msfragger	directlfq	min	0.6609640474436812
P0AES2	7981080.967269552	7975150.647950792	8098413.580971208	7680669.432617481	8093847.429433627	8199434.489049062	P0AES2	P0AES2		gudD	0	0.8827624158115717	0.0048478085163141645	False	0.04613111230521225	False	False	Ecoli	False	True	False	False	msfragger	directlfq	min	0.6609640474436812
P24216	4508152.728334724	4938139.151692178	4882865.6819654815	4566116.161188125	4966733.518824628	4881483.9523707	P24216	P24216		fliD	0	0.883601215067481	-0.008550349935950231	False	0.046157979580870506	False	False	Ecoli	False	True	False	False	msfragger	directlfq	min	0.6609640474436812
P27298	88125946.23849496	88099112.29491496	83881310.95007378	86817571.81459405	86203467.74807128	86382118.5639061	P27298	P27298		prlC	0	0.8838013211913203	0.0039056845082311034	False	0.04618484685652875	False	False	Ecoli	False	True	False	False	msfragger	directlfq	min	0.6609640474436812
P33025	5625315.560881002	5269721.982056429	5124159.667928429	5429793.107323913	5300074.292714742	5212427.651527836	P33025	P33025		psuG	0	0.8851412494961517	0.006942515514838922	False	0.046211714132187	False	False	Ecoli	False	True	False	False	msfragger	directlfq	min	0.6609640474436812
P0A749	47804606.66098816	47771080.57612665	43691338.53641336	47958344.98929062	45041229.987188816	45504465.837721854	P0A749	P0A749		murA	0	0.8852244729133443	0.007925644661397044	False	0.04623858140784525	False	False	Ecoli	False	True	False	False	msfragger	directlfq	min	0.6609640474436812
P0ADY1	96328606.63859972	98203714.47686324	97965605.16807868	96911471.49678624	96115409.7343082	98987967.52230512	P0ADY1	P0ADY1		ppiD	0	0.8852987490102568	0.002384665470261352	False	0.0462654486835035	False	False	Ecoli	False	True	False	False	msfragger	directlfq	min	0.6609640474436812
P39377	21103902.98397033	21245240.312240507	21639661.307071764	20741434.731454305	21474234.96478636	21625409.12863693	P39377	P39377		iadA	0	0.885598622949655	0.003334483879310476	False	0.046292315959161744	False	False	Ecoli	False	True	False	False	msfragger	directlfq	min	0.6609640474436812
P15286	489492.2212326366	524738.5000000006	476191.0563196156	515475.4447484769	480526.5854519092	502615.9515590186	P15286	P15286		flk	0	0.8857213583387243	-0.007912007703247454	False	0.04631918323481999	False	False	Ecoli	False	True	False	False	msfragger	directlfq	min	0.6609640474436812
P0A9J0	17587832.99292299	18603373.9650364	16787545.02156096	17481666.623436972	17989097.18547727	17769139.25142975	P0A9J0	P0A9J0		rng	0	0.8861077384531642	-0.007094085840903975	False	0.046346050510478236	False	False	Ecoli	False	True	False	False	msfragger	directlfq	min	0.6609640474436812
P0A9G2	2501171.504298497	2269736.8138583577	2434558.9037535563	2656218.4635983845	2236717.837515692	2378150.550783008	P0A9G2	P0A9G2		nhaR	0	0.8862665973362069	-0.013079046665943447	False	0.04637291778613649	False	False	Ecoli	False	True	False	False	msfragger	directlfq	min	0.6609640474436812
P77212	426967.7616823937	433302.1474533354	331999.15653052164	415173.1999745315	493466.909665208	312237.6572496052	P77212	P77212		ykgC	0	0.886313168170055	-0.03420891314819027	False	0.04639978506179474	False	False	Ecoli	False	True	False	False	msfragger	directlfq	min	0.6609640474436812
P75960	13328809.061742902	13087274.411801845	12996075.608050726	13462938.732392564	12871829.557327831	12981214.621189116	P75960	P75960		cobB	0	0.886430876924104	0.003524862901931503	False	0.04642665233745299	False	False	Ecoli	False	True	False	False	msfragger	directlfq	min	0.6609640474436812
P63020	13956227.041045235	13894317.826450069	14583922.458993278	14001384.155457417	14575740.539229017	13991126.655516896	P63020	P63020		nfuA	0	0.8865118955833076	-0.004541259619366505	False	0.046453519613111234	False	False	Ecoli	False	True	False	False	msfragger	directlfq	min	0.6609640474436812
P0A6M4	2666364.830491596	2651102.5247016847	2635823.7679784503	2778663.087442022	2598611.458849808	2604786.9887009477	P0A6M4	P0A6M4		dtd	0	0.8865188972209215	-0.005209420393531001	False	0.04648038688876948	False	False	Ecoli	False	True	False	False	msfragger	directlfq	min	0.6609640474436812
P37647	15828632.521211345	16672464.024657317	17698481.601640847	17293830.25342227	16371106.792315554	16814303.52521258	P37647	P37647		kdgK	0	0.8871617255160359	-0.00801496549681207	False	0.04650725416442773	False	False	Ecoli	False	True	False	False	msfragger	directlfq	min	0.6609640474436812
P64483	6223823.15371281	6772775.352990014	6061036.576004706	6481590.163351874	6304020.520140989	6162684.554054817	P64483	P64483		yeaK	0	0.8872047617569367	0.008301045981700169	False	0.04653412144008598	False	False	Ecoli	False	True	False	False	msfragger	directlfq	min	0.6609640474436812
P39401	6117895.241669093	6158592.94054389	5452979.173072138	5966198.429285303	6014475.395972025	5858712.56124014	P39401	P39401		mdoB	0	0.8886671731827277	-0.008916798230185666	False	0.046560988715744225	False	False	Ecoli	False	True	False	False	msfragger	directlfq	min	0.6609640474436812
P0A9K3	39260038.05425688	41110022.47334458	39472429.07320858	40102030.24254128	40165186.90266761	39285535.52495251	P0A9K3	P0A9K3		ybeZ	0	0.8915595803163816	0.0034921515827945784	False	0.04658785599140247	False	False	Ecoli	False	True	False	False	msfragger	directlfq	min	0.6609640474436812
P63883	3545311.802531422	3597087.525264143	3661063.3110854346	3557210.241966513	3678601.009926667	3544260.6101970365	P63883	P63883		amiC	0	0.8931985106755631	0.0031269920955988542	False	0.04661472326706072	False	False	Ecoli	False	True	False	False	msfragger	directlfq	min	0.6609640474436812
P69801	1352522.4741053917	1353930.1249999995	1229190.6228736497	1409481.5494209973	1294492.272526089	1201104.5216080418	P69801	P69801		manY	0	0.8966879601249931	0.01124794995537067	False	0.04664159054271898	False	False	Ecoli	False	True	False	False	msfragger	directlfq	min	0.6609640474436812
P32131	19748184.515133023	18759960.809299883	18598816.22005821	19464950.09854317	18772257.14501532	18687804.658638496	P32131	P32131		hemN	0	0.8968088059511365	0.0046039380265700605	False	0.046668457818377224	False	False	Ecoli	False	True	False	False	msfragger	directlfq	min	0.6609640474436812
P0ABA0	139946968.3839024	142893967.81371865	142515111.05908608	141546277.9757497	141499189.8422235	141903986.5573184	P0ABA0	P0ABA0		atpF	0	0.8975437565867495	0.0013797148842643833	False	0.04669532509403547	False	False	Ecoli	False	True	False	False	msfragger	directlfq	min	0.6609640474436812
P33219	869808.7520756362	727255.6728805895	721076.9164286918	762569.5528763775	781504.2191736979	795517.4129373698	P33219	P33219		yebF	0	0.8975632482598448	-0.013287925652726209	False	0.046722192369693716	False	False	Ecoli	False	True	False	False	msfragger	directlfq	min	0.6609640474436812
P77748	2700938.421669681	2668510.124717872	2754076.738343347	2710918.615081297	2914312.227394166	2437788.6165309483	P77748	P77748		ydiJ	0	0.8981414457507582	0.01078573131871697	False	0.04674905964535196	False	False	Ecoli	False	True	False	False	msfragger	directlfq	min	0.6609640474436812
P0AG18	2102625.082749213	1978276.3442519065	1570491.5128548131	2110304.4245137204	1725646.5768695783	1731783.229358789	P0AG18	P0AG18		purE	0	0.8986802369450893	0.021516155404715503	False	0.046775926921010215	False	False	Ecoli	False	True	False	False	msfragger	directlfq	min	0.6609640474436812
P77434	10424279.541530296	11253262.23106339	10652819.085715212	11102543.87733454	10528732.224870304	10573926.70206677	P77434	P77434		alaC	0	0.8993961525196599	0.005595833367414149	False	0.04680279419666846	False	False	Ecoli	False	True	False	False	msfragger	directlfq	min	0.6609640474436812
P24224	2182233.559852015	2121332.25	1915978.210175886	2236815.9525772976	2047676.7706173577	1979811.5529109	P24224	P24224		acpS	0	0.8998979324538094	-0.010345475955538204	False	0.04682966147232671	False	False	Ecoli	False	True	False	False	msfragger	directlfq	min	0.6609640474436812
P0ACR4	11650949.420192117	11152104.839460673	10906650.0112719	12046128.081115194	11107048.236091722	10736340.229193076	P0ACR4	P0ACR4		yeiE	0	0.9014684996802944	-0.007675085209896013	False	0.04685652874798495	False	False	Ecoli	False	True	False	False	msfragger	directlfq	min	0.6609640474436812
P0ACN4	16871746.176412776	15659047.985283304	15870763.35233621	17432236.31959471	15500463.15033477	15747867.915840756	P0ACN4	P0ACN4		allR	0	0.9036959314674674	-0.008292510428163207	False	0.0468833960236432	False	False	Ecoli	False	True	False	False	msfragger	directlfq	min	0.6609640474436812
P39406	35533514.58962007	37134564.01620989	34864970.11106052	36332458.29669903	34957004.70871021	36566190.35859201	P39406	P39406		rsmC	0	0.904777178445473	-0.004321679531846658	False	0.04691026329930146	False	False	Ecoli	False	True	False	False	msfragger	directlfq	min	0.6609640474436812
P61714	95477112.62355004	91470489.71524549	90652951.98467796	92010505.97487664	91714693.52652667	93272132.6679853	P61714	P61714		ribE	0	0.9077381160520466	0.003138367363573912	False	0.046937130574959705	False	False	Ecoli	False	True	False	False	msfragger	directlfq	min	0.6609640474436812
P0AAZ4	6117348.761483424	6101142.612235952	5653352.165314727	6114788.635134879	5964083.988669219	5856226.847172459	P0AAZ4	P0AAZ4		rarA	0	0.9090828004423568	-0.005097285977695822	False	0.04696399785061795	False	False	Ecoli	False	True	False	False	msfragger	directlfq	min	0.6609640474436812
P36771	4015818.8700485006	4306063.992445789	4054895.316024359	3803504.26601732	4167913.6632927135	4339012.868168082	P36771	P36771		lrhA	0	0.9106354629907087	0.0077545637620928635	False	0.0469908651262762	False	False	Ecoli	False	True	False	False	msfragger	directlfq	min	0.6609640474436812
P68767	55584233.91933179	56375546.62467336	52222922.923601165	55108129.83243023	53993170.37942475	54589313.92439296	P68767	P68767		pepA	0	0.9108511230992136	0.004330546787218237	False	0.047017732401934444	False	False	Ecoli	False	True	False	False	msfragger	directlfq	min	0.6609640474436812
P0AAP3	6578936.563642131	6697159.21943231	6412024.814594205	6462951.834606093	6525251.273929993	6663340.639416563	P0AAP3	P0AAP3		frmR	0	0.9109394878226085	0.0026827506426524064	False	0.0470445996775927	False	False	Ecoli	False	True	False	False	msfragger	directlfq	min	0.6609640474436812
P04846	5035849.604727315	4854674.3085086	5031141.901866986	4997538.856916691	4889924.398272867	5008971.9547630055	P04846	P04846		nlpA	0	0.9119661585872552	0.0024414752358350982	False	0.04707146695325094	False	False	Ecoli	False	True	False	False	msfragger	directlfq	min	0.6609640474436812
P22256	3424426.5634964174	2977369.953968766	3326262.1574217305	3394292.7897954653	3136083.02711666	3140473.5800250256	P22256	P22256		gabT	0	0.9120327867113197	0.008509322335263338	False	0.04709833422890919	False	False	Ecoli	False	True	False	False	msfragger	directlfq	min	0.6609640474436812
P03024	1783115.0072300525	2248746.7499999977	2118813.472591442	1839439.5662601213	2127041.062459643	2124783.880031812	P03024	P03024		galR	0	0.9127430242040675	0.014003046477611629	False	0.047125201504567435	False	False	Ecoli	False	True	False	False	msfragger	directlfq	min	0.6609640474436812
P37342	17711492.657825492	17677094.261158187	18675034.659985308	17602524.986265346	18173243.23501014	18430807.550751515	P37342	P37342		yjjI	0	0.9131820648421175	-0.0038097173606754043	False	0.04715206878022569	False	False	Ecoli	False	True	False	False	msfragger	directlfq	min	0.6609640474436812
P0A6W5	84617241.82477918	87598635.55262215	84011590.04755343	85061593.65313005	85748175.48187871	85005771.71689394	P0A6W5	P0A6W5		greA	0	0.9138550829079473	0.0023212290481461986	False	0.04717893605588394	False	False	Ecoli	False	True	False	False	msfragger	directlfq	min	0.6609640474436812
P0AFJ7	4164854.589763155	3795233.822184661	4201814.527886282	4270833.668546409	3866294.2810907294	3963259.06149257	P0AFJ7	P0AFJ7		pitA	0	0.9139076976293875	0.0073157905236630036	False	0.04720580333154219	False	False	Ecoli	False	True	False	False	msfragger	directlfq	min	0.6609640474436812
P76506	22789414.35793095	23207396.87054177	23872964.937767938	22170503.05111358	23380686.423733205	24589229.58741036	P76506	P76506		mlaA	0	0.9142458745601629	-0.005577531687897289	False	0.04723267060720043	False	False	Ecoli	False	True	False	False	msfragger	directlfq	min	0.6609640474436812
P75821	3723737.7244458655	3974592.751288052	3787380.631336987	3651598.0665452895	3799609.78992426	4085961.711551325	P75821	P75821		ybjS	0	0.91457747293019	-0.006449148661872771	False	0.04725953788285868	False	False	Ecoli	False	True	False	False	msfragger	directlfq	min	0.6609640474436812
P37652	19078201.84286468	20685090.92978524	19682055.286333703	19910084.15176472	19888294.57653109	19817410.74303816	P37652	P37652		bcsB	0	0.9146667094106624	-0.0041305694441261765	False	0.047286405158516925	False	False	Ecoli	False	True	False	False	msfragger	directlfq	min	0.6609640474436812
P33602	102887580.07761069	101975105.0240306	106027695.9545164	102895189.00480507	102747491.25513951	104764528.38565417	P33602	P33602		nuoG	0	0.914899627571705	0.002243918510836873	False	0.04731327243417518	False	False	Ecoli	False	True	False	False	msfragger	directlfq	min	0.6609640474436812
P0AEJ2	980680.3277920206	915043.1186746444	1031416.6914571682	1022048.9826579484	920926.86937517	999664.3006931192	P0AEJ2	P0AEJ2		entC	0	0.9152072121384526	-0.00761931294135171	False	0.047340139709833425	False	False	Ecoli	False	True	False	False	msfragger	directlfq	min	0.6609640474436812
P05459	43527796.036882766	44066991.7017945	43394915.34066489	42060513.79793527	43979557.60434316	44662927.036317125	P05459	P05459		pdxB	0	0.9152243745230724	0.003161169772766403	False	0.04736700698549168	False	False	Ecoli	False	True	False	False	msfragger	directlfq	min	0.6609640474436812
P32695	4846041.524031825	5176775.02366051	4882751.540049226	4776746.903180059	5202705.094685824	4980056.695543805	P32695	P32695		dusA	0	0.9168504160077418	-0.005211433373532758	False	0.047393874261149924	False	False	Ecoli	False	True	False	False	msfragger	directlfq	min	0.6609640474436812
P52613	690912.9412144176	786779.4594540754	740574.0882342964	643983.0134201399	789693.2803027676	766734.5479377329	P52613	P52613		fliJ	0	0.917094700271356	0.011659775999770016	False	0.04742074153680817	False	False	Ecoli	False	True	False	False	msfragger	directlfq	min	0.6609640474436812
P0AAT9	24168794.766938515	26281658.918446608	24724499.42563591	24489621.85302956	25275098.607187416	25652220.79876754	P0AAT9	P0AAT9		ybeL	0	0.9176028603166883	-0.004636576264259426	False	0.04744760881246642	False	False	Ecoli	False	True	False	False	msfragger	directlfq	min	0.6609640474436812
P0A8D0	4192086.648706494	3535633.9932382638	3788433.6793562593	3937052.940259659	3979700.5459180577	3521543.56779002	P0A8D0	P0A8D0		nrdR	0	0.9196412108302753	0.00978674875624218	False	0.04747447608812467	False	False	Ecoli	False	True	False	False	msfragger	directlfq	min	0.6609640474436812
P0AFU4	1074044.9580498831	997071.2711432958	1129531.7843436152	1113807.7235398523	991434.2550804178	1078875.029040178	P0AFU4	P0AFU4		glrR	0	0.9220811079475666	0.007470675400474584	False	0.047501343363782915	False	False	Ecoli	False	True	False	False	msfragger	directlfq	min	0.6609640474436812
P09126	7815789.491936744	8224439.405242002	7870693.126956096	7786496.89740327	7973870.580579699	8205496.827769644	P09126	P09126		hemD	0	0.9222785889638973	-0.003311207710328191	False	0.04752821063944116	False	False	Ecoli	False	True	False	False	msfragger	directlfq	min	0.6609640474436812
P24252	1942430.4574689835	2067625.601026266	1619747.1284119964	1856095.262870329	1704180.1489799714	2018945.3260351603	P24252	P24252		ybgA	0	0.9224782749634521	0.013020856090811926	False	0.04755507791509941	False	False	Ecoli	False	True	False	False	msfragger	directlfq	min	0.6609640474436812
P45748	15819650.25331919	15099974.479586177	16088192.12511825	15298000.866848323	15563388.412501004	16032650.994847586	P45748	P45748		rimN	0	0.9226748055434557	0.003496096852533813	False	0.04758194519075766	False	False	Ecoli	False	True	False	False	msfragger	directlfq	min	0.6609640474436812
P0AFW8	11895867.861492934	11768787.808874711	10956556.143528882	11339272.361908097	11417600.748962972	11766723.39571577	P0AFW8	P0AFW8		rof	0	0.9264313488188951	0.004073457335434602	False	0.04760881246641591	False	False	Ecoli	False	True	False	False	msfragger	directlfq	min	0.6609640474436812
P0A6W0	1551508.138783166	1705274.2848956822	1393030.0641884685	1871542.1543985675	1408431.205729063	1312252.9106580815	P0A6W0	P0A6W0		glsA2	0	0.927676630353468	0.017978809040397375	False	0.04763567974207416	False	False	Ecoli	False	True	False	False	msfragger	directlfq	min	0.6609640474436812
P04982	1871609.7455381972	1835830.5135053303	2001651.423529994	1995558.1828583244	1969176.5711271248	1714206.8976630252	P04982	P04982		rbsD	0	0.9280788839494027	0.007639141974983436	False	0.047662547017732405	False	False	Ecoli	False	True	False	False	msfragger	directlfq	min	0.6609640474436812
P62558	29236052.086577296	28515143.93645022	28295593.05375592	27886678.22640432	28891606.242881466	29133211.348667417	P62558	P62558		sopB	0	0.9293971687264929	0.00227016632521762	False	0.04768941429339065	False	False	Ecoli	False	True	False	False	msfragger	directlfq	min	0.6609640474436812
P29744	3702032.8120099553	4112730.6547742663	4930709.758321333	3972781.68456269	4500130.34720518	4158797.055451267	P29744	P29744		flgL	0	0.9297764792787959	0.01293508909075158	False	0.047716281569048904	False	False	Ecoli	False	True	False	False	msfragger	directlfq	min	0.6609640474436812
P0A6I0	41234375.672464296	43200178.64778426	39755283.46757364	42029878.45536576	40379494.9081376	41462472.395728216	P0A6I0	P0A6I0		cmk	0	0.930089875033256	0.0036988040024923843	False	0.04774314884470715	False	False	Ecoli	False	True	False	False	msfragger	directlfq	min	0.6609640474436812
P23894	7148320.987032004	7483610.236094617	7225787.483946623	6886621.004536654	8162850.607520819	6668676.608871819	P23894	P23894		htpX	0	0.9304942684012892	0.009241736354279518	False	0.0477700161203654	False	False	Ecoli	False	True	False	False	msfragger	directlfq	min	0.6609640474436812
P16095	10085599.787649244	11576715.46339691	11025596.700343674	10828071.476569315	10939026.991719585	10794574.72301886	P16095	P16095		sdaA	0	0.9319897755514206	0.0055823883010431745	False	0.04779688339602364	False	False	Ecoli	False	True	False	False	msfragger	directlfq	min	0.6609640474436812
P0AD27	1904686.5235200652	1881456.7500000005	1769470.4910071122	2105863.1142924107	1868145.503471764	1622708.583664375	P0AD27	P0AD27		yejM	0	0.932434351266857	-0.010634546853352576	False	0.04782375067168189	False	False	Ecoli	False	True	False	False	msfragger	directlfq	min	0.6609640474436812
P31697	24524333.33826776	25042382.63613914	23767595.480156776	24184297.666380625	24999014.92148043	24022514.15385652	P31697	P31697		fimC	0	0.9330516036064327	0.0025298775862346305	False	0.04785061794734015	False	False	Ecoli	False	True	False	False	msfragger	directlfq	min	0.6609640474436812
P45577	88671354.17284666	88186902.56968237	91760762.65503748	87923876.20052505	89866003.68587258	90464096.57373922	P45577	P45577		proQ	0	0.9333795360826678	0.0019619005640616545	False	0.047877485222998395	False	False	Ecoli	False	True	False	False	msfragger	directlfq	min	0.6609640474436812
Q47679	2051177.330197294	2123471.4818519275	1841319.7647515703	1964650.7950211936	2079932.066465554	1945918.0975233212	Q47679	Q47679		yafV	0	0.9341612772681824	0.006120377165837203	False	0.04790435249865664	False	False	Ecoli	False	True	False	False	msfragger	directlfq	min	0.6609640474436812
P31068	817967.0874979044	936887.3124999992	882844.6987784931	789903.7360070929	906536.2669391223	956987.4812298208	P31068	P31068		fliH	0	0.9353186488652292	-0.008577126287832004	False	0.04793121977431489	False	False	Ecoli	False	True	False	False	msfragger	directlfq	min	0.6609640474436812
P36566	994581.7611419584	928375.4158737364	885616.3487088308	1116319.404793138	921053.3148888513	797452.7236361259	P36566	P36566		smtA	0	0.9356592279903457	-0.013422331017587242	False	0.04795808704997313	False	False	Ecoli	False	True	False	False	msfragger	directlfq	min	0.6609640474436812
P0A8M6	28904651.01425846	30741470.196322307	31215506.425190598	29883775.69197167	29988109.56273596	30794717.33116592	P0A8M6	P0A8M6		yeeX	0	0.9379780255646033	0.003099923138624477	False	0.047984954325631386	False	False	Ecoli	False	True	False	False	msfragger	directlfq	min	0.6609640474436812
P39176	3938691.422060413	3874763.533291902	3825048.483967439	4012639.594586648	3787231.513650924	3857245.543258956	P39176	P39176		erfK	0	0.9388312204152816	-0.002305428618095442	False	0.04801182160128963	False	False	Ecoli	False	True	False	False	msfragger	directlfq	min	0.6609640474436812
P69428	25643341.810368784	24982419.99999997	25154101.23083666	25156683.0741094	25759419.399812505	24938826.18664109	P69428	P69428		tatA	0	0.9407258061572082	-0.0014283899416445895	False	0.04803868887694788	False	False	Ecoli	False	True	False	False	msfragger	directlfq	min	0.6609640474436812
P0AF48	1207211.684523444	1067070.2500000002	1268002.729147554	1230838.5180167507	1044020.4858669724	1289061.798177249	P0AF48	P0AF48		yjbQ	0	0.9432183885096816	-0.008785123414611882	False	0.048065556152606125	False	False	Ecoli	False	True	False	False	msfragger	directlfq	min	0.6609640474436812
P30871	14865053.030537942	14342771.818668494	14328289.693952383	14482956.000859374	14788122.279719392	14213245.961530397	P30871	P30871		ygiF	0	0.946649821765637	0.0017172429915376646	False	0.04809242342826437	False	False	Ecoli	False	True	False	False	msfragger	directlfq	min	0.6609640474436812
P0A698	24948354.656979557	25164284.39042049	24079440.02098603	25095144.251920287	24453798.659694094	24725443.125209004	P0A698	P0A698		uvrA	0	0.9468044551589327	-0.001599605234431993	False	0.04811929070392263	False	False	Ecoli	False	True	False	False	msfragger	directlfq	min	0.6609640474436812
P0AGB0	8979805.609668652	8957213.56263026	9564184.224495957	9224318.07960803	9278341.81903988	9043552.499195885	P0AGB0	P0AGB0		serB	0	0.948595761270457	-0.00235921254945761	False	0.04814615797958088	False	False	Ecoli	False	True	False	False	msfragger	directlfq	min	0.6609640474436812
P06996	650651384.5386205	641125828.8022914	653194396.662376	623706509.0389303	647280455.039398	670981794.3648759	P06996	P06996		ompC	0	0.9492512527446431	0.002229105417356662	False	0.04817302525523912	False	False	Ecoli	False	True	False	False	msfragger	directlfq	min	0.6609640474436812
P77444	290110.50248333573	308821.9062000004	291569.02357656125	240714.7518737206	321515.68882677064	334588.1514581495	P77444	P77444		sufS	0	0.9499286541698954	-0.010198255583115323	False	0.04819989253089737	False	False	Ecoli	False	True	False	False	msfragger	directlfq	min	0.6609640474436812
P39199	16862413.323922995	16824714.147817526	16457693.817907386	16361678.219494076	16443294.532752324	17413181.73286473	P39199	P39199		prmB	0	0.9509990806405824	-0.002108296519484366	False	0.048226759806555615	False	False	Ecoli	False	True	False	False	msfragger	directlfq	min	0.6609640474436812
P0AB03	1945873.7782959924	1940864.8750000007	1984258.1528457028	1889728.2297569548	1939714.4191887728	2032590.5180800264	P0AB03	P0AB03		ycbJ	0	0.9511059535850127	0.002204341120123225	False	0.04825362708221387	False	False	Ecoli	False	True	False	False	msfragger	directlfq	min	0.6609640474436812
P0ABX5	1591333.7663987265	1099935.0000000002	1219259.0377748893	1537231.4125072986	1217444.8541610462	1192059.5379502554	P0ABX5	P0ABX5		flgG	0	0.9513508810625321	-0.01329660682185376	False	0.048280494357872114	False	False	Ecoli	False	True	False	False	msfragger	directlfq	min	0.6609640474436812
P76403	10282945.135766787	10464339.638281384	10367707.680582024	10460522.094401604	10533705.090625469	10146096.394371718	P76403	P76403		yegQ	0	0.952618894196552	-0.0011740391802238968	False	0.04830736163353036	False	False	Ecoli	False	True	False	False	msfragger	directlfq	min	0.6609640474436812
P37329	20349588.16414043	21834148.702117853	21112616.857540496	20934553.413631715	21167410.124912977	21111671.52456906	P37329	P37329		modA	0	0.9548925825189423	0.0018866149576020304	False	0.04833422890918861	False	False	Ecoli	False	True	False	False	msfragger	directlfq	min	0.6609640474436812
P0A8M3	86172147.2635791	87476487.05679803	92094217.1117662	88890970.00451131	88531645.86855702	87975214.08825642	P0A8M3	P0A8M3		thrS	0	0.9550521894323949	0.0018743088315371457	False	0.04836109618484686	False	False	Ecoli	False	True	False	False	msfragger	directlfq	min	0.6609640474436812
P22333	66398052.89034318	67180987.92411952	66523630.53574655	66667421.6323043	67943904.06223889	65346220.1189756	P22333	P22333		add	0	0.9557765538354783	0.0010467019328143947	False	0.04838796346050511	False	False	Ecoli	False	True	False	False	msfragger	directlfq	min	0.6609640474436812
P0ADR6	8242766.727359135	8688462.970490796	7602075.270475839	7985109.266449756	8077148.026185261	8408921.40946019	P0ADR6	P0ADR6		rlmM	0	0.9558020345427867	0.003658004227572175	False	0.04841483073616336	False	False	Ecoli	False	True	False	False	msfragger	directlfq	min	0.6609640474436812
P0A8E1	34740470.45874251	33291824.660221204	32417906.050833862	34225658.37603992	33484646.528740592	32879408.426932126	P0A8E1	P0A8E1		ycfP	0	0.9560634053890185	-0.002002324134953084	False	0.048441698011821605	False	False	Ecoli	False	True	False	False	msfragger	directlfq	min	0.6609640474436812
P07024	16238649.98029894	15854770.047100265	15626764.27071564	16258752.067870293	15742147.415937202	15761616.73746595	P07024	P07024		ushA	0	0.956994710221956	-0.0012792277403417586	False	0.04846856528747985	False	False	Ecoli	False	True	False	False	msfragger	directlfq	min	0.6609640474436812
P16528	6891211.3619822655	6384658.043240635	6076279.814725637	6615029.84134716	6408249.676406261	6373214.798413822	P16528	P16528		iclR	0	0.9572894554826616	-0.0033021273776078688	False	0.0484954325631381	False	False	Ecoli	False	True	False	False	msfragger	directlfq	min	0.6609640474436812
P0A6E4	2432838.9446120034	2766983.458390933	2535784.937613824	2046435.0828739605	3049237.8555551544	2693373.594265295	P0A6E4	P0A6E4		argG	0	0.9584956907219737	-0.009932171439325047	False	0.04852229983879635	False	False	Ecoli	False	True	False	False	msfragger	directlfq	min	0.6609640474436812
P0A6Q3	39101144.085868485	36764545.19287808	35856037.09984253	38909580.63143012	37020934.70229586	35565484.337578125	P0A6Q3	P0A6Q3		fabA	0	0.9587738217859432	0.002917823041787777	False	0.048549167114454596	False	False	Ecoli	False	True	False	False	msfragger	directlfq	min	0.6609640474436812
P0AAG3	837122.1883516315	798557.8841852655	1053875.5058913373	800801.0390013475	965118.0663610672	908220.4854040795	P0AAG3	P0AAG3		gltL	0	0.959085308882355	0.008293025419713562	False	0.04857603439011285	False	False	Ecoli	False	True	False	False	msfragger	directlfq	min	0.6609640474436812
P0A720	9661445.9009351	8999736.064565565	8789304.468977857	9150633.617767058	9257749.867474362	9087704.001960492	P0A720	P0A720		tmk	0	0.9595308008697491	-0.0023946325687671517	False	0.048602901665771095	False	False	Ecoli	False	True	False	False	msfragger	directlfq	min	0.6609640474436812
P0A6D0	1702874.0414014887	1585158.8749999984	1789684.6060055	1830595.053305784	1611620.936559015	1620505.135529994	P0A6D0	P0A6D0		argR	0	0.9597585528752979	0.004267121793179518	False	0.04862976894142934	False	False	Ecoli	False	True	False	False	msfragger	directlfq	min	0.6609640474436812
P0A890	4266022.43451182	4205571.033620923	4029674.067198666	4146463.828824905	4343420.544875309	4029854.7960628793	P0A890	P0A890		tusA	0	0.960279142150774	-0.002130125342043699	False	0.048656636217087594	False	False	Ecoli	False	True	False	False	msfragger	directlfq	min	0.6609640474436812
P25553	203555.95254755756	272837.9062000002	203674.84959151837	198970.9801841965	225333.1234334653	260142.5508738816	P25553	P25553		aldA	0	0.9625477406860199	-0.009257591446838794	False	0.04868350349274584	False	False	Ecoli	False	True	False	False	msfragger	directlfq	min	0.6609640474436812
P0AEW6	13577637.06707653	14170182.488744289	14660320.200844953	13997829.759272745	14253634.59279398	14206967.817026136	P0AEW6	P0AEW6		gsk	0	0.9628212076168445	-0.0017098987469388743	False	0.048710370768404086	False	False	Ecoli	False	True	False	False	msfragger	directlfq	min	0.6609640474436812
P46854	1512679.4592681895	1601288.5319735515	1462050.5529256891	1545099.1183572526	1671354.807666199	1343772.8035117392	P46854	P46854		yhhY	0	0.9630296336595345	0.004987343194717315	False	0.04873723804406233	False	False	Ecoli	False	True	False	False	msfragger	directlfq	min	0.6609640474436812
P76535	3755878.784089078	3886612.953616268	4025488.019191967	3796943.862767097	3933127.307110751	3951606.7938267137	P76535	P76535		murQ	0	0.9631642220036368	-0.0016927303632052221	False	0.04876410531972058	False	False	Ecoli	False	True	False	False	msfragger	directlfq	min	0.6609640474436812
P0AG14	4432749.338471581	4377374.202311388	4296722.439168243	4380569.734490231	4410970.059921058	4308366.6684165215	P0AG14	P0AG14		sohB	0	0.9653541926369725	0.0007640479068098436	False	0.04879097259537883	False	False	Ecoli	False	True	False	False	msfragger	directlfq	min	0.6609640474436812
P05041	3359517.9989853683	3677185.110974449	3432896.2239300204	3801604.0627023214	3268518.583001076	3374923.701652544	P05041	P05041		pabB	0	0.9680056418010335	0.003387338109787238	False	0.048817839871037084	False	False	Ecoli	False	True	False	False	msfragger	directlfq	min	0.6609640474436812
P17443	13224629.992207414	13510932.315924777	13593189.475422302	12863769.334471883	13760160.219151191	13745699.61205949	P17443	P17443		murG	0	0.9688215667964996	-0.0014615807859082463	False	0.04884470714669533	False	False	Ecoli	False	True	False	False	msfragger	directlfq	min	0.6609640474436812
P0A744	13609297.74543769	13388246.95138145	12948933.251461737	13224042.823719664	13191209.042528529	13504457.497444011	P0A744	P0A744		msrA	0	0.969943637259095	0.0009670902539259846	False	0.04887157442235358	False	False	Ecoli	False	True	False	False	msfragger	directlfq	min	0.6609640474436812
P06992	5298221.482472283	5291808.873788657	5416730.998324086	5359639.731573264	5381904.179095348	5258566.792592268	P06992	P06992		rsmA	0	0.9701062433672094	0.00059955010941258	False	0.04889844169801182	False	False	Ecoli	False	True	False	False	msfragger	directlfq	min	0.6609640474436812
P77625	18934205.62088035	18973727.83292268	18098678.621211022	19566995.880021103	18384442.733571	18115738.21720247	P77625	P77625		yfbT	0	0.9717025229969705	-0.0015592670182006613	False	0.048925308973670076	False	False	Ecoli	False	True	False	False	msfragger	directlfq	min	0.6609640474436812
P37177	3462540.708895372	3805252.1384202074	3599998.579936576	3481950.712511596	3763143.3539189966	3637070.481088912	P37177	P37177		ptsP	0	0.9721256705624091	-0.0019067654550059922	False	0.04895217624932832	False	False	Ecoli	False	True	False	False	msfragger	directlfq	min	0.6609640474436812
P0A991	31720612.44678872	31679069.116333637	32213088.033853862	32505424.893520694	31448134.54099528	31699375.512447875	P0A991	P0A991		fbaB	0	0.9727807311053467	-0.0006059251681600395	False	0.04897904352498657	False	False	Ecoli	False	True	False	False	msfragger	directlfq	min	0.6609640474436812
P36673	825913.6821678177	879036.7499999999	882901.2915787882	872500.9439901614	834179.9313679406	878658.5769750351	P36673	P36673		treR	0	0.9728895234383459	0.0014012402291512696	False	0.049005910800644814	False	False	Ecoli	False	True	False	False	msfragger	directlfq	min	0.6609640474436812
P27828	7207669.741962793	7175781.274784336	7507241.21936287	6755239.519044927	7549341.62472001	7554326.268820705	P27828	P27828		wecB	0	0.9730660324370319	0.002096285027077412	False	0.04903277807630306	False	False	Ecoli	False	True	False	False	msfragger	directlfq	min	0.6609640474436812
P0A6Z6	2809718.824273277	3106254.789690544	3234599.822037484	2825877.78234591	3143263.096471358	3163946.548214492	P0A6Z6	P0A6Z6		nikR	0	0.9738183537216449	0.002759511490130666	False	0.04905964535196132	False	False	Ecoli	False	True	False	False	msfragger	directlfq	min	0.6609640474436812
P34209	1912693.3047484024	1878130.930588264	1981402.793154396	1973539.8959556448	1787371.7217870925	2018899.6479858265	P34209	P34209		ydcF	0	0.9760939984187685	-0.0018943398117047647	False	0.049086512627619566	False	False	Ecoli	False	True	False	False	msfragger	directlfq	min	0.6609640474436812
P0AAB8	6431619.940649448	6084402.609591014	5788216.16328842	6136116.742121749	6214530.004674551	5973246.857240102	P0AAB8	P0AAB8		uspD	0	0.976125315371085	-0.001548318955509147	False	0.04911337990327781	False	False	Ecoli	False	True	False	False	msfragger	directlfq	min	0.6609640474436812
P52062	830411.4244271928	939574.6232007276	1093623.957315026	864864.8400060799	975626.8089353318	1031470.215776693	P52062	P52062		yggW	0	0.9772247880309533	-0.004201567156655439	False	0.04914024717893606	False	False	Ecoli	False	True	False	False	msfragger	directlfq	min	0.6609640474436812
P40719	436311.7287928999	301970.31250000006	334753.9131795404	412681.02932948334	305841.89148434467	349941.4246804565	P40719	P40719		qseC	0	0.9776653681292555	0.006159651362921108	False	0.049167114454594305	False	False	Ecoli	False	True	False	False	msfragger	directlfq	min	0.6609640474436812
P76330	490713.66420252767	361816.4374999996	294317.41993952205	389917.5931934855	366428.4086778237	385285.9353433342	P76330	P76330		yedQ	0	0.9787573535832308	0.006575991571512044	False	0.04919398173025256	False	False	Ecoli	False	True	False	False	msfragger	directlfq	min	0.6609640474436812
P0ACA1	204767.19166937823	494864.5311999997	329205.943896783	216740.5306494929	413462.18120187335	407443.6982206966	P0ACA1	P0ACA1		yibF	0	0.979308022079411	-0.012299545299049076	False	0.049220849005910804	False	False	Ecoli	False	True	False	False	msfragger	directlfq	min	0.6609640474436812
P08179	4390199.778079416	4977455.952234956	5110484.775481626	4468423.685603099	5272917.329852469	4711287.759071647	P08179	P08179		purN	0	0.9803938712199026	0.0025443953715471312	False	0.04924771628156905	False	False	Ecoli	False	True	False	False	msfragger	directlfq	min	0.6609640474436812
P68871ups|HBB_HUMAN_UPS Hemoglobin subunit beta (Chain 2-147) - Homo sapiens (Human)	1787650.8184523843	2021195.9004502564	1716868.3803872904	1753758.021082416	1847694.2808490496	1932451.4631475268	P68871ups|HBB_HUMAN_UPS Hemoglobin subunit beta (Chain 2-147) - Homo sapiens (Human)	P68871ups|HBB_HUMAN_UPS Hemoglobin subunit beta (Chain 2-147) - Homo sapiens (Human)			0	0.9809019127230295	-0.0021363755530919206	False	0.049274583557227296	False	False	Human	True	False	False	False	msfragger	directlfq	min	0.6609640474436812
P75838	50281452.12113085	50822194.861052416	50628964.267379366	51537698.36983541	51242771.62344806	48884461.83133586	P75838	P75838		ycaO	0	0.9811898667951523	0.0006436490643012615	False	0.04930145083288555	False	False	Ecoli	False	True	False	False	msfragger	directlfq	min	0.6609640474436812
P0AB89	44190971.619721934	44784648.300484754	41796739.72379365	44004713.474656224	43435561.03086335	43259506.61057268	P0AB89	P0AB89		purB	0	0.9815881388445757	0.0008009165693359601	False	0.0493283181085438	False	False	Ecoli	False	True	False	False	msfragger	directlfq	min	0.6609640474436812
P0AGJ7	8914303.124514336	8858842.34097598	8815846.12324037	8457573.939762192	9018138.43836248	9099349.225417731	P0AGJ7	P0AGJ7		trmL	0	0.9838176774268842	0.0007560266685467707	False	0.04935518538420205	False	False	Ecoli	False	True	False	False	msfragger	directlfq	min	0.6609640474436812
P0AC75	3286813.526188414	3779826.593054509	3927044.4519537417	3548260.0322993817	4086297.622848626	3377688.340585056	P0AC75	P0AC75		waaA	0	0.9839111654288832	-0.0024337513380361057	False	0.049382052659860294	False	False	Ecoli	False	True	False	False	msfragger	directlfq	min	0.6609640474436812
P02931	76252679.74420285	80891028.43661685	79984570.41629547	77051946.14666182	81198714.90599754	78765157.73345713	P02931	P02931		ompF	0	0.9849155512499104	0.0006843709140952509	False	0.04940891993551854	False	False	Ecoli	False	True	False	False	msfragger	directlfq	min	0.6609640474436812
P25536	5693900.853919244	5913444.454743504	6271405.8049401	5749785.430670685	5998185.537384096	6142874.575081273	P25536	P25536		yhdE	0	0.9852782024606727	-0.0009756092215587089	False	0.049435787211176786	False	False	Ecoli	False	True	False	False	msfragger	directlfq	min	0.6609640474436812
P32684	3327189.683460176	3553544.448502813	3352687.4131678077	3372466.7794433893	3438724.814266033	3426313.5193470656	P32684	P32684		rluF	0	0.9868595452727331	-0.0005755814938954655	False	0.04946265448683504	False	False	Ecoli	False	True	False	False	msfragger	directlfq	min	0.6609640474436812
P0A8F0	124569835.35400388	124114356.15201227	120315142.73536628	125476103.9717358	122408612.75677212	121209816.46661028	P0A8F0	P0A8F0		upp	0	0.9871583044822501	-0.0003721560773591425	False	0.049489521762493285	False	False	Ecoli	False	True	False	False	msfragger	directlfq	min	0.6609640474436812
Q46925	3116358.7457586965	3050074.953362372	2642332.230560766	2968557.5454993118	2898182.9652828486	2934208.606465028	Q46925	Q46925		csdA	0	0.9876332114572013	0.001280801789882655	False	0.04951638903815153	False	False	Ecoli	False	True	False	False	msfragger	directlfq	min	0.6609640474436812
P06136	2571097.170728293	2969877.0013929456	2623059.937469816	2665747.0421927567	2783068.606764005	2721190.17784614	P06136	P06136		ftsQ	0	0.9889863802703709	-0.0010548972849982467	False	0.049543256313809785	False	False	Ecoli	False	True	False	False	msfragger	directlfq	min	0.6609640474436812
P15254	23983144.295264877	23700205.09654912	23998158.401081257	24381532.994059056	24028109.56254573	23257068.091791697	P15254	P15254		purL	0	0.9897465486668562	0.00029784488842106785	False	0.04957012358946803	False	False	Ecoli	False	True	False	False	msfragger	directlfq	min	0.6609640474436812
P00811	2781045.490075351	2936337.5842790245	2771277.0911881938	2892327.0870936764	2960974.8463814226	2639934.4221419804	P00811	P00811		ampC	0	0.9898985080397522	-0.000777539408303869	False	0.049596990865126284	False	False	Ecoli	False	True	False	False	msfragger	directlfq	min	0.6609640474436812
P0AEM0	3430576.034598011	3501978.6996271764	3758814.276546847	3703182.963724261	3522049.978714053	3470827.728549268	P0AEM0	P0AEM0		fkpB	0	0.9904562896764308	-0.0006329545098026906	False	0.04962385814078453	False	False	Ecoli	False	True	False	False	msfragger	directlfq	min	0.6609640474436812
P12282	8250700.137783837	9366538.177333524	8551038.124893403	7599700.358436638	8995885.944216814	9548816.914201183	P12282	P12282		moeB	0	0.9912134218355894	0.00131676615590188	False	0.049650725416442776	False	False	Ecoli	False	True	False	False	msfragger	directlfq	min	0.6609640474436812
P25534	1833726.1973127	2021149.125675796	1953520.4088329985	1767421.38045433	1967742.6143463468	2069695.5847686308	P25534	P25534		ubiH	0	0.9916294087278241	0.0008785804391505152	False	0.04967759269210102	False	False	Ecoli	False	True	False	False	msfragger	directlfq	min	0.6609640474436812
P31224	22669468.9000152	23804730.241714936	25070129.86571968	24241987.62438873	23565942.071314864	23711592.85612544	P31224	P31224		acrB	0	0.9917756767827044	0.0005003101828272128	False	0.04970445996775927	False	False	Ecoli	False	True	False	False	msfragger	directlfq	min	0.6609640474436812
P0AG71	3424248.5430659885	3760414.588373592	4243605.654690877	4068659.3012262094	3546893.0975913173	3803466.271232081	P0AG71	P0AG71		rmuC	0	0.9918749634983961	0.0011681997131826002	False	0.04973132724341752	False	False	Ecoli	False	True	False	False	msfragger	directlfq	min	0.6609640474436812
P21156	3978153.639959008	3781795.038393141	3548014.6889917864	3884537.2703699367	3760256.303939923	3666973.127225	P21156	P21156		cysD	0	0.9933204408493578	-0.00048515622521496006	False	0.04975819451907577	False	False	Ecoli	False	True	False	False	msfragger	directlfq	min	0.6609640474436812
P0ADB1	51946618.30119841	52327178.20510744	51678303.67093262	51205905.64986424	52178320.5892738	52578079.71718548	P0ADB1	P0ADB1		osmE	0	0.99445701146165	-9.440940585059157e-05	False	0.04978506179473402	False	False	Ecoli	False	True	False	False	msfragger	directlfq	min	0.6609640474436812
P0A8H8	5457073.142678614	5096552.271327066	5090266.893486282	5333276.724738539	5059695.38002405	5253097.785976172	P0A8H8	P0A8H8		yacG	0	0.9963016766025017	-0.0002008048802648433	False	0.049811929070392266	False	False	Ecoli	False	True	False	False	msfragger	directlfq	min	0.6609640474436812
P60906	88791008.61559036	89389899.16269608	89265419.71974236	88084891.38266371	90659113.42311393	88690249.02890576	P60906	P60906		hisS	0	0.996394164910338	6.513085292171749e-05	False	0.04983879634605051	False	False	Ecoli	False	True	False	False	msfragger	directlfq	min	0.6609640474436812
P0AC47	39569698.91874984	37639555.64285938	39202536.99184051	39521549.09728099	38324167.519191846	38572955.06292847	P0AC47	P0AC47		frdB	0	0.9975557154487643	-8.52631005076285e-05	False	0.049865663621708765	False	False	Ecoli	False	True	False	False	msfragger	directlfq	min	0.6609640474436812
P0AG48	127779817.53235248	133435015.24815582	133845658.1343586	129989494.46532612	134596591.50193918	130451445.95368455	P0AG48	P0AG48		rplU	0	0.9976633156238197	8.38448539796356e-05	False	0.04989253089736701	False	False	Ecoli	False	True	False	False	msfragger	directlfq	min	0.6609640474436812
P0A9B2	1242742557.2929194	1258052881.7154725	1297038185.0567362	1237495897.4660666	1270261136.5253134	1290234328.48659	P0A9B2	P0A9B2		gapA	0	0.9982323858730093	-5.9919344218785935e-05	False	0.04991939817302526	False	False	Ecoli	False	True	False	False	msfragger	directlfq	min	0.6609640474436812
P30011	6707104.069725701	6841775.494562472	6925386.711241659	6646108.877372332	6976531.773044938	6852146.207323128	P30011	P30011		nadC	0	0.9988831142142871	-3.668174554150519e-05	False	0.049946265448683504	False	False	Ecoli	False	True	False	False	msfragger	directlfq	min	0.6609640474436812
P62615	1912318.6079342212	1973664.338143532	1815511.8178843288	2045512.6898208335	1816439.1477964555	1839157.4525438435	P62615	P62615		ispE	0	0.9988943156323725	9.754283119787956e-05	False	0.04997313272434175	False	False	Ecoli	False	True	False	False	msfragger	directlfq	min	0.6609640474436812
Q46857	16961384.004593015	17819385.532452323	17534486.51023692	16604942.716436708	17695155.713203523	18015678.50545003	Q46857	Q46857		dkgA	0	0.999741087311222	-1.4364423939107204e-05	False	0.05	False	False	Ecoli	False	True	False	False	msfragger	directlfq	min	0.6609640474436812
