Protein.Group	Protein.Ids	Protein.Names	Genes	First.Protein.Description	/home/lerost/DIA_tools_manuscript/input_files/PXD026600/RD139_Wide_UPS1_10fmol_inj2.mzML	/home/lerost/DIA_tools_manuscript/input_files/PXD026600/RD139_Wide_UPS1_10fmol_inj3.mzML	/home/lerost/DIA_tools_manuscript/input_files/PXD026600/RD139_Wide_UPS1_2_5fmol_inj3.mzML	/home/lerost/DIA_tools_manuscript/input_files/PXD026600/RD139_Wide_UPS1_2_5fmol_inj1.mzML	/home/lerost/DIA_tools_manuscript/input_files/PXD026600/RD139_Wide_UPS1_2_5fmol_inj2.mzML	/home/lerost/DIA_tools_manuscript/input_files/PXD026600/RD139_Wide_UPS1_10fmol_inj1r.mzML
DECOY_sp|P08200|IDH_ECOLI Isocitrate dehydrogenase [NADP] OS=Escherichia coli (strain K12) GN=icd PE=1 SV=1	DECOY_sp|P08200|IDH_ECOLI Isocitrate dehydrogenase [NADP] OS=Escherichia coli (strain K12) GN=icd PE=1 SV=1				7.46422e+06	7.21199e+06	7.03968e+06	7.39847e+06	7.41422e+06	7.03142e+06
DECOY_sp|P0AA95|YACC_ECOLI Uncharacterized protein YacC OS=Escherichia coli (strain K12) GN=yacC PE=4 SV=1	DECOY_sp|P0AA95|YACC_ECOLI Uncharacterized protein YacC OS=Escherichia coli (strain K12) GN=yacC PE=4 SV=1				2.40279e+07	2.41074e+07	2.32034e+07	2.40774e+07	2.30881e+07	2.27829e+07
DECOY_sp|P0AAI3|FTSH_ECOLI ATP-dependent zinc metalloprotease FtsH OS=Escherichia coli (strain K12) GN=ftsH PE=1 SV=1	DECOY_sp|P0AAI3|FTSH_ECOLI ATP-dependent zinc metalloprotease FtsH OS=Escherichia coli (strain K12) GN=ftsH PE=1 SV=1				1.51401e+06	1.60276e+06	1.39301e+06	1.2442e+06	1.32771e+06	1.60105e+06
DECOY_sp|P0ABI8|CYOB_ECOLI Ubiquinol oxidase subunit 1 OS=Escherichia coli (strain K12) GN=cyoB PE=1 SV=1	DECOY_sp|P0ABI8|CYOB_ECOLI Ubiquinol oxidase subunit 1 OS=Escherichia coli (strain K12) GN=cyoB PE=1 SV=1				1.10043e+06	1.13254e+06	1.03027e+06	1.02893e+06	1.03506e+06	1.30554e+06
DECOY_sp|P11988|BGLB_ECOLI 6-phospho-beta-glucosidase BglB OS=Escherichia coli (strain K12) GN=bglB PE=1 SV=2	DECOY_sp|P11988|BGLB_ECOLI 6-phospho-beta-glucosidase BglB OS=Escherichia coli (strain K12) GN=bglB PE=1 SV=2				615226				544072	
DECOY_sp|P75750|YBGQ_ECOLI Uncharacterized outer membrane usher protein YbgQ OS=Escherichia coli (strain K12) GN=ybgQ PE=3 SV=2	DECOY_sp|P75750|YBGQ_ECOLI Uncharacterized outer membrane usher protein YbgQ OS=Escherichia coli (strain K12) GN=ybgQ PE=3 SV=2				985869	785272	907427	925807	820976	688099
DECOY_sp|P77348|MPPA_ECOLI Periplasmic murein peptide-binding protein OS=Escherichia coli (strain K12) GN=mppA PE=1 SV=2	DECOY_sp|P77348|MPPA_ECOLI Periplasmic murein peptide-binding protein OS=Escherichia coli (strain K12) GN=mppA PE=1 SV=2				1.8804e+06	2.00105e+06	1.79038e+06	1.81688e+06	1.9543e+06	2.03898e+06
DECOY_sp|P77366|PGMB_ECOLI Beta-phosphoglucomutase OS=Escherichia coli (strain K12) GN=ycjU PE=1 SV=1	DECOY_sp|P77366|PGMB_ECOLI Beta-phosphoglucomutase OS=Escherichia coli (strain K12) GN=ycjU PE=1 SV=1				2.96675e+06	3.0039e+06	2.75431e+06	2.82787e+06	2.91709e+06	
O00762ups|UBE2C_HUMAN_UPS Ubiquitin-conjugating enzyme E2 C (Chain 1-179, N-terminal His tag)- Homo sapiens (Human)	O00762ups|UBE2C_HUMAN_UPS Ubiquitin-conjugating enzyme E2 C (Chain 1-179, N-terminal His tag)- Homo sapiens (Human)				2.73707e+06	2.71483e+06	769145	716690	714658	2.42332e+06
O76070ups|SYUG_HUMAN_UPS Gamma-synuclein (Chain 1-127) - Homo sapiens (Human)	O76070ups|SYUG_HUMAN_UPS Gamma-synuclein (Chain 1-127) - Homo sapiens (Human)				4.48764e+06	4.38634e+06	1.33337e+06	1.49182e+06	1.32087e+06	4.17699e+06
P00167ups|CYB5_HUMAN_UPS Cytochrome b5 (Chain 1-134, N-terminal His tag) - Homo sapiens (Human)	P00167ups|CYB5_HUMAN_UPS Cytochrome b5 (Chain 1-134, N-terminal His tag) - Homo sapiens (Human)				4.0106e+06	4.12416e+06	1.6069e+06	1.60778e+06	1.58772e+06	3.86613e+06
P00350	P00350		gnd		3.52049e+07	3.51481e+07	3.49287e+07	3.50251e+07	3.43729e+07	3.51741e+07
P00363	P00363		frdA		4.88136e+07	4.86646e+07	4.83333e+07	4.88423e+07	4.80969e+07	4.63349e+07
P00370	P00370		gdhA		1.97636e+06	1.88092e+06	1.90724e+06	1.90412e+06	1.90364e+06	1.96682e+06
P00393	P00393		ndh		5.43228e+06	5.4331e+06	5.32708e+06	5.1146e+06	5.32168e+06	5.37472e+06
P00441ups|SODC_HUMAN_UPS Superoxide dismutase [Cu-Zn] (Chain 2-154) - Homo sapiens (Human)	P00441ups|SODC_HUMAN_UPS Superoxide dismutase [Cu-Zn] (Chain 2-154) - Homo sapiens (Human)				2.16146e+06	2.19189e+06	743884	675620	856115	1.86617e+06
P00448	P00448		sodA		3.70071e+06	3.72493e+06	3.71972e+06	3.60074e+06	3.60158e+06	3.58349e+06
P00452	P00452		nrdA		9.86058e+06	9.87748e+06	9.80376e+06	9.74177e+06	9.72458e+06	9.56859e+06
P00490	P00490		malP		5.50798e+06	5.55459e+06	5.58044e+06	5.48053e+06	5.52897e+06	5.6597e+06
P00509	P00509		aspC		1.91133e+07	1.9065e+07	1.90656e+07	1.88575e+07	1.88761e+07	1.84357e+07
P00547	P00547		thrB		1.56714e+06	1.63847e+06	1.67367e+06	1.64688e+06	1.60016e+06	1.47214e+06
P00550	P00550		mtlA		3.41536e+06	3.57268e+06	3.33294e+06	3.2787e+06	3.37817e+06	2.90307e+06
P00561	P00561		thrA		2.50533e+06	2.50111e+06	2.61523e+06	2.67689e+06	2.57011e+06	2.56344e+06
P00562	P00562		metL		2.89288e+06	3.02783e+06	2.89841e+06	3.02938e+06	2.84755e+06	3.20766e+06
P00579	P00579		rpoD		8.30153e+06	8.39892e+06	8.52845e+06	8.23883e+06	8.2181e+06	8.02657e+06
P00582	P00582		polA		3.34781e+06	3.27571e+06	3.31312e+06	3.27328e+06	3.37533e+06	3.24719e+06
P00709ups|LALBA_HUMAN_UPS Alpha-lactalbumin (Chain 20-142) - Homo sapiens (Human)	P00709ups|LALBA_HUMAN_UPS Alpha-lactalbumin (Chain 20-142) - Homo sapiens (Human)				1.4522e+06	1.42681e+06	690666	589651	728981	1.04556e+06
P00803	P00803		lepB		4.15104e+06	4.42148e+06	4.69154e+06	4.21091e+06	4.02172e+06	4.38477e+06
P00805	P00805		ansB		1.1976e+07	1.20814e+07	1.23755e+07	1.25293e+07	1.24879e+07	1.0711e+07
P00811	P00811		ampC		906368	936190	902322	995955	872659	810224
P00864	P00864		ppc		1.13441e+07	1.14424e+07	1.14416e+07	1.13243e+07	1.11793e+07	1.11715e+07
P00887	P00887		aroH		1.43378e+06	1.36991e+06	1.13594e+06	1.40009e+06	1.32556e+06	1.65041e+06
P00888	P00888		aroF		1.99191e+06	1.98578e+06	1.99701e+06	1.89941e+06	1.9487e+06	1.88364e+06
P00915ups|CAH1_HUMAN_UPS Carbonic anhydrase 1 (Chain 2-261) - Homo sapiens (Human)	P00915ups|CAH1_HUMAN_UPS Carbonic anhydrase 1 (Chain 2-261) - Homo sapiens (Human)				1.18443e+07	1.25383e+07	4.71939e+06	4.05643e+06	4.11082e+06	1.17389e+07
P00918ups|CAH2_HUMAN_UPS Carbonic anhydrase 2 (Chain 2-260) - Homo sapiens (Human)	P00918ups|CAH2_HUMAN_UPS Carbonic anhydrase 2 (Chain 2-260) - Homo sapiens (Human)				5.01115e+06	5.14424e+06	1.47575e+06	1.48972e+06	1.42e+06	5.10059e+06
P00926	P00926		dsdA		1.3584e+06	1.41076e+06	1.28473e+06	1.22967e+06	1.19939e+06	1.10515e+06
P00934	P00934		thrC		4.59117e+06	4.40524e+06	4.41095e+06	4.2612e+06	4.32769e+06	4.28702e+06
P00946	P00946		manA		1.07255e+07	1.10137e+07	1.13831e+07	1.12032e+07	1.11214e+07	1.13061e+07
P00954	P00954		trpS		1.43451e+07	1.36577e+07	1.38109e+07	1.34303e+07	1.36092e+07	1.38555e+07
P00956	P00956		ileS		2.642e+07	2.63156e+07	2.59421e+07	2.67219e+07	2.61894e+07	2.48783e+07
P00957	P00957		alaS		1.6144e+07	1.60222e+07	1.58948e+07	1.57076e+07	1.58171e+07	1.44749e+07
P00959	P00959		metG		1.82542e+07	1.81022e+07	1.77938e+07	1.77116e+07	1.78946e+07	1.73701e+07
P00960	P00960		glyQ		4.44102e+06	4.5369e+06	4.35709e+06	4.19712e+06	4.3433e+06	4.6715e+06
P00961	P00961		glyS		1.15908e+07	1.1784e+07	1.14193e+07	1.16056e+07	1.15323e+07	1.08878e+07
P00962	P00962		glnS		1.03851e+07	1.05156e+07	1.04781e+07	1.03213e+07	1.04546e+07	9.42909e+06
P00963	P00963		asnA		1.76966e+07	1.77076e+07	1.73308e+07	1.74498e+07	1.73137e+07	1.66758e+07
P00968	P00968		carB		4.29821e+06	4.24962e+06	4.34946e+06	4.34199e+06	4.35039e+06	4.59663e+06
P01008ups|ANT3_HUMAN_UPS Antithrombin-III (Chain 33-464) - Homo sapiens (Human)	P01008ups|ANT3_HUMAN_UPS Antithrombin-III (Chain 33-464) - Homo sapiens (Human)				5.53635e+06	5.24124e+06	1.56813e+06	1.61519e+06	1.52013e+06	5.05955e+06
P01031ups|CO5_HUMAN_UPS Complement C5 (C5a anaphylatoxin) (Chain 678-751) - Homo sapiens (Human)	P01031ups|CO5_HUMAN_UPS Complement C5 (C5a anaphylatoxin) (Chain 678-751) - Homo sapiens (Human)				5.64501e+06	5.23885e+06	1.61048e+06	1.51416e+06	1.43224e+06	5.41044e+06
P01112ups|RASH_HUMAN_UPS GTPase HRas (Chain 1-189) - Homo sapiens (Human)	P01112ups|RASH_HUMAN_UPS GTPase HRas (Chain 1-189) - Homo sapiens (Human)				8.43657e+06	8.77695e+06	2.84491e+06	3.21801e+06	3.07053e+06	8.18741e+06
P01127ups|PDGFB_HUMAN_UPS Platelet-derived growth factor B chain (Chain 82-190) - Homo sapiens (Human)	P01127ups|PDGFB_HUMAN_UPS Platelet-derived growth factor B chain (Chain 82-190) - Homo sapiens (Human)				1.82186e+07	1.81689e+07	4.9287e+06	5.03329e+06	4.99574e+06	1.75938e+07
P01133ups|EGF_HUMAN_UPS Pro-Epidermal growth factor (EGF) (Chain 971-1023) - Homo sapiens (Human)	P01133ups|EGF_HUMAN_UPS Pro-Epidermal growth factor (EGF) (Chain 971-1023) - Homo sapiens (Human)				4.87237e+06	4.7099e+06	1.98204e+06	1.86728e+06	1.98948e+06	5.2844e+06
P01344ups|IGF2_HUMAN_UPS Insulin-like growth factor II (Chain 25-91) - Homo sapiens (Human)	P01344ups|IGF2_HUMAN_UPS Insulin-like growth factor II (Chain 25-91) - Homo sapiens (Human)				7.74963e+06	7.85214e+06	2.02296e+06	2.00679e+06	2.11677e+06	8.5786e+06
P01375ups|TNFA_HUMAN_UPS Tumor necrosis factor, soluble form (Chain 77-233) - Homo sapiens (Human)	P01375ups|TNFA_HUMAN_UPS Tumor necrosis factor, soluble form (Chain 77-233) - Homo sapiens (Human)				1.47406e+06	1.55001e+06	347156	396543	414339	1.53882e+06
P01579ups|IFNG_HUMAN_UPS Interferon Gamma (Chain 23-166) - Homo sapiens (Human)	P01579ups|IFNG_HUMAN_UPS Interferon Gamma (Chain 23-166) - Homo sapiens (Human)				6.08741e+06	5.98342e+06	1.64689e+06	1.65784e+06	1.67198e+06	5.94111e+06
P02144ups|MYG_HUMAN_UPS Myoglobin (Chain 2-154) - Homo sapiens (Human)	P02144ups|MYG_HUMAN_UPS Myoglobin (Chain 2-154) - Homo sapiens (Human)				5.38206e+06	5.68191e+06	1.29224e+06	1.31958e+06	1.30692e+06	5.31843e+06
P02358	P02358		rpsF		1.186e+08	1.16106e+08	1.16394e+08	1.19319e+08	1.22834e+08	8.6769e+07
P02359	P02359		rpsG		1.17311e+08	1.1744e+08	1.15092e+08	1.14579e+08	1.13456e+08	1.09176e+08
P02413	P02413		rplO		1.22149e+08	1.18918e+08	1.23282e+08	1.24226e+08	1.21965e+08	1.04927e+08
P02753ups|RETBP_HUMAN_UPS Retinol-binding protein 4 (Chain 19-201) - Homo sapiens (Human)	P02753ups|RETBP_HUMAN_UPS Retinol-binding protein 4 (Chain 19-201) - Homo sapiens (Human)				873230	783350	643872	486908	488800	719917
P02768ups|ALBU_HUMAN_UPS Serum albumin (Chain 26-609) - Homo sapiens (Human)	P02768ups|ALBU_HUMAN_UPS Serum albumin (Chain 26-609) - Homo sapiens (Human)				1.10858e+07	1.09278e+07	3.07801e+06	3.20581e+06	3.18833e+06	1.09785e+07
P02787ups|TRFE_HUMAN_UPS Serotransferrin (Chain 20-698) - Homo sapiens (Human)	P02787ups|TRFE_HUMAN_UPS Serotransferrin (Chain 20-698) - Homo sapiens (Human)				9.02175e+06	8.83413e+06	2.80096e+06	2.72087e+06	2.80042e+06	8.54242e+06
P02788ups|TRFL_HUMAN_UPS Lactotransferrin (Chain 20-710) - Homo sapiens (Human)	P02788ups|TRFL_HUMAN_UPS Lactotransferrin (Chain 20-710) - Homo sapiens (Human)				5.78221e+06	5.91381e+06	1.86678e+06	1.80375e+06	1.79995e+06	5.9865e+06
P02918	P02918		mrcA		1.012e+06	1.00706e+06	910742	1.05967e+06	1.06378e+06	1.0178e+06
P02919	P02919		mrcB		1.72562e+06	1.58824e+06	1.68366e+06	1.70582e+06	1.72219e+06	1.65289e+06
P02925	P02925		rbsB		8.60304e+06	8.65047e+06	8.68935e+06	8.74556e+06	8.7817e+06	8.90496e+06
P02930	P02930		tolC		2.08486e+07	2.09555e+07	2.1763e+07	2.09801e+07	2.18204e+07	2.17393e+07
P02931	P02931		ompF		3.64767e+07	3.66589e+07	3.70215e+07	3.66241e+07	3.69991e+07	3.90343e+07
P02942	P02942		tsr		1.44658e+07	1.41509e+07	1.42439e+07	1.4289e+07	1.3997e+07	1.38159e+07
P02943	P02943		lamB		1.52898e+06	1.55951e+06	1.51006e+06	1.52688e+06	1.46755e+06	1.5023e+06
P03004	P03004		dnaA		2.1567e+06	2.23752e+06	2.41988e+06	2.49573e+06	2.2978e+06	2.36247e+06
P03018	P03018		uvrD		1.79044e+06	1.84512e+06	1.70793e+06	1.73676e+06	1.74102e+06	2.13953e+06
P03817	P03817		mioC		7.62029e+06	7.9816e+06	8.07886e+06	8.38452e+06	8.19137e+06	7.35715e+06
P03841	P03841		malM		9.64459e+06	9.81802e+06	1.00162e+07	1.01138e+07	1.06122e+07	9.6017e+06
P04036	P04036		dapB		4.5639e+06	4.57701e+06	4.72084e+06	4.80154e+06	4.66127e+06	4.14296e+06
P04040ups|CATA_HUMAN_UPS Catalase (Chain 2-527) - Homo sapiens (Human)	P04040ups|CATA_HUMAN_UPS Catalase (Chain 2-527) - Homo sapiens (Human)				1.36161e+06	1.41846e+06	568584	583916	478175	1.32253e+06
P04079	P04079		guaA		1.96445e+07	1.96775e+07	1.94538e+07	2.00072e+07	1.96673e+07	1.86853e+07
P04335	P04335		frsA		4.31905e+06	4.52037e+06	4.40502e+06	4.59184e+06	4.4653e+06	4.19118e+06
P04425	P04425		gshB		1.41241e+07	1.40694e+07	1.43099e+07	1.43447e+07	1.43403e+07	1.36599e+07
P04693	P04693		tyrB		3.82584e+06	3.92848e+06	3.99026e+06	3.86271e+06	3.98284e+06	4.31775e+06
P04805	P04805		gltX		2.4467e+07	2.50263e+07	2.45721e+07	2.46063e+07	2.47449e+07	2.49722e+07
P04825	P04825		pepN		1.58709e+07	1.59926e+07	1.57878e+07	1.57746e+07	1.54127e+07	1.44022e+07
P04846	P04846		nlpA		3.16313e+06	3.06183e+06	3.15012e+06	3.1257e+06	3.29447e+06	3.14079e+06
P04949	P04949		fliC		3.66003e+07	3.61457e+07	4.07799e+07	3.85121e+07	4.18019e+07	3.35222e+07
P04951	P04951		kdsB		5.63444e+06	5.43362e+06	5.54536e+06	5.54607e+06	5.65668e+06	5.87758e+06
P04982	P04982		rbsD		1.13248e+06	1.11045e+06	1.21918e+06	1.15641e+06	1.22016e+06	1.06847e+06
P04995	P04995		sbcB		1.20598e+07	1.23098e+07	1.21697e+07	1.21452e+07	1.24163e+07	1.22463e+07
P05020	P05020		pyrC		3.22241e+06	3.23096e+06	3.11517e+06	3.2437e+06	3.12419e+06	3.11384e+06
P05041	P05041		pabB		1.36752e+07	1.47485e+07	1.52431e+07	1.42919e+07	1.44794e+07	1.4486e+07
P05055	P05055		pnp		3.73861e+07	3.72439e+07	3.73351e+07	3.71812e+07	3.67977e+07	3.40805e+07
P05100	P05100		tag		1.56142e+06	1.6878e+06	1.53265e+06	1.40716e+06	1.56648e+06	1.65026e+06
P05194	P05194		aroD		1.1448e+06	1.21183e+06	1.20014e+06	1.12932e+06	1.0654e+06	1.17957e+06
P05413ups|FABPH_HUMAN_UPS Fatty acid-binding protein, heart (Chain 2-133) - Homo sapiens (Human)	P05413ups|FABPH_HUMAN_UPS Fatty acid-binding protein, heart (Chain 2-133) - Homo sapiens (Human)				6.13263e+06	6.2838e+06	2.05021e+06	2.31854e+06	1.92011e+06	5.49654e+06
P05458	P05458		ptrA		861082	809257	814629	840072	828784	905305
P05459	P05459		pdxB		6.08012e+06	6.05793e+06	6.20141e+06	6.15465e+06	6.10393e+06	5.83407e+06
P05637	P05637		apaH		1.51959e+06	1.55158e+06	1.63605e+06	1.72024e+06	1.71527e+06	1.40353e+06
P05719	P05719		hsdS		1.20294e+06	1.16423e+06	1.25778e+06	1.3e+06	1.16719e+06	1.20986e+06
P05791	P05791		ilvD		2.82089e+06	2.85952e+06	2.89681e+06	2.67688e+06	2.82143e+06	2.97504e+06
P05793	P05793		ilvC		7.82583e+06	7.45333e+06	7.3085e+06	7.44133e+06	7.39648e+06	7.08359e+06
P05825	P05825		fepA		1.91931e+06	1.96436e+06	2.07378e+06	2.05978e+06	2.02637e+06	1.86826e+06
P05852	P05852		gcp		2.70506e+06	2.75545e+06	2.68395e+06	2.74023e+06	2.7672e+06	2.9677e+06
P06129	P06129		btuB		1.54396e+07	1.53079e+07	1.53224e+07	1.48751e+07	1.47109e+07	1.44724e+07
P06149	P06149		dld		6.8543e+06	6.88163e+06	6.81451e+06	6.7426e+06	6.61478e+06	5.93262e+06
P06282	P06282		cdh		1.04565e+06	1.02711e+06	1.05286e+06	1.05883e+06	990136	1.03386e+06
P06396ups|GELS_HUMAN_UPS Gelsolin (Chain 28-782) - Homo sapiens (Human)	P06396ups|GELS_HUMAN_UPS Gelsolin (Chain 28-782) - Homo sapiens (Human)				1.82585e+06	1.91751e+06	642624	691045	681919	1.94746e+06
P06610	P06610		btuE		8.82011e+06	8.66463e+06	8.83651e+06	8.98022e+06	8.50347e+06	7.7858e+06
P06612	P06612		topA		5.83966e+06	5.61206e+06	5.77506e+06	5.6394e+06	5.69597e+06	5.88037e+06
P06616	P06616		era		3.82675e+06	3.83991e+06	3.89444e+06	3.69621e+06	3.83212e+06	3.4737e+06
P06709	P06709		birA		932368	983874	970559	1.00202e+06	991869	1.00004e+06
P06710	P06710		dnaX		1.11804e+06	1.13057e+06	1.08757e+06	1.10296e+06	1.20065e+06	1.05295e+06
P06715	P06715		gor		3.50598e+06	3.52539e+06	3.39804e+06	3.50174e+06	3.41638e+06	3.37902e+06
P06732ups|KCRM_HUMAN_UPS Creatine kinase M-type (Chain 1-381) - Homo sapiens (Human)	P06732ups|KCRM_HUMAN_UPS Creatine kinase M-type (Chain 1-381) - Homo sapiens (Human)				2.59652e+06	2.6533e+06	858891	784285	767845	2.82029e+06
P06846	P06846		ebgR		1.47386e+06	1.46809e+06	1.54254e+06	1.18449e+06	1.33229e+06	1.25743e+06
P06959	P06959		aceF		6.63447e+07	6.56998e+07	6.52939e+07	6.4943e+07	6.52285e+07	6.0745e+07
P06961	P06961		cca		1.14553e+06	1.05722e+06	1.07119e+06	1.14633e+06	1.1353e+06	1.24138e+06
P06968	P06968		dut		8.13873e+06	8.04955e+06	8.25199e+06	8.12048e+06	8.20219e+06	7.89024e+06
P06971	P06971		fhuA		1.351e+07	1.36529e+07	1.33679e+07	1.35481e+07	1.34234e+07	1.31005e+07
P06974	P06974		fliM		1.49272e+06	1.53137e+06	1.46089e+06	1.51093e+06	1.47151e+06	1.27428e+06
P06983	P06983		hemC		9.94119e+06	1.02314e+07	1.03986e+07	1.04055e+07	1.06868e+07	9.24493e+06
P06986	P06986		hisC		3.07804e+06	3.19352e+06	3.07182e+06	3.03085e+06	3.04313e+06	3.20429e+06
P06987	P06987		hisB		1.11583e+06	1.13648e+06	1.12489e+06	1.20991e+06	1.20495e+06	1.19392e+06
P06988	P06988		hisD		3.2926e+06	3.50003e+06	3.58615e+06	3.725e+06	3.89905e+06	3.00975e+06
P06992	P06992		rsmA		2.20802e+06	2.27433e+06	2.21635e+06	1.92369e+06	2.01528e+06	2.0109e+06
P06996	P06996		ompC		2.07401e+08	2.0501e+08	1.99788e+08	2.01747e+08	2.06152e+08	1.87274e+08
P06999	P06999		pfkB		1.60046e+06	1.66381e+06	1.66558e+06	1.68355e+06	1.72823e+06	1.67873e+06
P07000	P07000		pldB		504601	510670	552002	556518	524306	518229
P07001	P07001		pntA		3.34253e+06	3.34802e+06	3.22692e+06	3.00254e+06	3.26449e+06	3.27556e+06
P07003	P07003		poxB		2.926e+06	2.98083e+06	2.85573e+06	2.73735e+06	2.90852e+06	2.84486e+06
P07004	P07004		proA		2.45663e+07	2.43429e+07	2.42463e+07	2.47452e+07	2.40835e+07	2.3063e+07
P07012	P07012		prfB		8.61337e+06	8.44338e+06	8.46041e+06	8.67072e+06	8.53197e+06	8.05889e+06
P07014	P07014		sdhB		1.58348e+06	1.61587e+06	1.59165e+06	1.63962e+06	1.63354e+06	1.54887e+06
P07017	P07017		tar		3.41698e+06	3.54449e+06	3.50835e+06	3.39684e+06	3.42922e+06	3.18734e+06
P07021	P07021		yfiB		1.55228e+06	1.50638e+06	1.44133e+06	1.48143e+06	1.50683e+06	1.34603e+06
P07023	P07023		tyrA		2.44976e+06	2.44524e+06	2.57937e+06	2.437e+06	2.36793e+06	2.58639e+06
P07024	P07024		ushA		4.71389e+06	4.84271e+06	4.74982e+06	4.68472e+06	4.91047e+06	4.99492e+06
P07026	P07026		sdiA		1.65434e+06	1.73382e+06	1.71644e+06	1.62604e+06	1.73346e+06	2.03537e+06
P07118	P07118		valS		2.28548e+07	2.27844e+07	2.26263e+07	2.29808e+07	2.26924e+07	2.10715e+07
P07330	P07330		cheB		1.52367e+06	1.57228e+06	1.55589e+06	1.42483e+06	1.55804e+06	1.62008e+06
P07363	P07363		cheA		5.69544e+06	5.64074e+06	5.70487e+06	5.75554e+06	5.91534e+06	5.49021e+06
P07395	P07395		pheT		1.47803e+07	1.49705e+07	1.47587e+07	1.45563e+07	1.45985e+07	1.45039e+07
P07604	P07604		tyrR		1.92624e+06	1.86521e+06	2.00967e+06	2.11885e+06	2.01498e+06	1.99449e+06
P07639	P07639		aroB		3.18938e+06	3.18169e+06	3.26758e+06	3.14284e+06	3.27486e+06	2.74959e+06
P07649	P07649		truA		1.8916e+06	1.92516e+06	1.89243e+06	1.86297e+06	1.91205e+06	2.07964e+06
P07650	P07650		deoA		6.09436e+06	6.18135e+06	5.92561e+06	5.70241e+06	6.03797e+06	5.78701e+06
P07658	P07658		fdhF		933894	883063	870842	949405	947071	935547
P07762	P07762		glgB		3.59547e+06	3.80179e+06	3.79365e+06	3.87748e+06	3.81611e+06	3.84873e+06
P07813	P07813		leuS		1.43967e+07	1.43319e+07	1.42767e+07	1.48263e+07	1.43847e+07	1.35515e+07
P07821	P07821		fhuC		550521	541064	599827	528040	566013	519988
P07862	P07862		ddlB		5.60502e+06	5.71519e+06	5.75622e+06	5.51281e+06	5.61342e+06	5.32137e+06
P07913	P07913		tdh		4.37484e+06	4.14727e+06	4.09388e+06	4.03199e+06	4.07788e+06	4.07002e+06
P08178	P08178		purM		1.78935e+06	1.74373e+06	1.71233e+06	1.66551e+06	1.54993e+06	1.53229e+06
P08179	P08179		purN		967711	1.04891e+06	1.03757e+06	956187	1.02059e+06	830650
P08189	P08189		fimF		933993	849991	1.00685e+06	919027	963240	754811
P08190	P08190		fimG		2.03791e+06	1.99019e+06	1.79757e+06	2.01782e+06	1.92368e+06	1.46502e+06
P08191	P08191		fimH		2.89638e+06	2.97988e+06	2.89339e+06	2.93066e+06	2.90196e+06	3.04765e+06
P08192	P08192		folC		2.51905e+06	2.49399e+06	2.54302e+06	2.49648e+06	2.54463e+06	2.64251e+06
P08200	P08200		icd		2.48941e+07	2.40146e+07	2.40558e+07	2.46988e+07	2.34103e+07	2.11045e+07
P08201	P08201		nirB		5.68769e+06	5.66242e+06	5.6991e+06	5.51136e+06	5.58438e+06	5.99259e+06
P08244	P08244		pyrF		9.06266e+06	9.18862e+06	9.23206e+06	9.46562e+06	9.28474e+06	9.70517e+06
P08245	P08245		yciH		709421	663903	705088	724418	716280	648905
P08263ups|GSTA1_HUMAN_UPS Glutathione S-transferase A1 (Chain 2-222) - Homo sapiens (Human)	P08263ups|GSTA1_HUMAN_UPS Glutathione S-transferase A1 (Chain 2-222) - Homo sapiens (Human)				4.70979e+06	4.72723e+06	1.49021e+06	1.39967e+06	1.67073e+06	4.1209e+06
P08312	P08312		pheS		1.28829e+07	1.27154e+07	1.2787e+07	1.27484e+07	1.28141e+07	1.12767e+07
P08331	P08331		cpdB		2.39616e+06	2.4124e+06	2.54156e+06	2.36872e+06	2.51847e+06	2.5104e+06
P08337	P08337		mutT		1.11593e+06	1.11715e+06	855923	914783	920165	1.04191e+06
P08373	P08373		murB		1.81473e+06	1.77789e+06	1.78339e+06	1.86501e+06	1.70772e+06	1.90638e+06
P08390	P08390		usg		3.92098e+07	4.04358e+07	4.33052e+07	4.41577e+07	4.2223e+07	3.7419e+07
P08395	P08395		sppA		2.1593e+06	2.00244e+06	2.0777e+06	2.07365e+06	2.03696e+06	2.07983e+06
P08506	P08506		dacC		6.40003e+06	6.51672e+06	6.611e+06	6.62183e+06	6.55365e+06	6.35237e+06
P08622	P08622		dnaJ		5.90113e+06	5.89284e+06	5.86234e+06	5.84972e+06	5.89468e+06	5.85049e+06
P08660	P08660		lysC		2.46061e+06	2.48458e+06	2.42239e+06	2.35104e+06	2.37542e+06	2.8062e+06
P08758ups|ANXA5_HUMAN_UPS Annexin A5 (Chain 2-320) - Homo sapiens (Human)	P08758ups|ANXA5_HUMAN_UPS Annexin A5 (Chain 2-320) - Homo sapiens (Human)				3.15051e+06	3.16475e+06	891116	847334	722735	3.36571e+06
P08839	P08839		ptsI		3.33112e+07	3.29574e+07	3.21514e+07	3.30267e+07	3.29993e+07	3.13635e+07
P08956	P08956		hsdR		2.12777e+06	2.25037e+06	2.25855e+06	2.23969e+06	2.2203e+06	2.17611e+06
P08957	P08957		hsdM		9.44296e+06	9.43846e+06	9.45042e+06	9.67804e+06	9.60722e+06	9.09499e+06
P09029	P09029		purK		1.30787e+06	1.2825e+06	1.1134e+06	1.17511e+06	1.13969e+06	1.37359e+06
P09030	P09030		xthA		3.78273e+06	3.79148e+06	3.77233e+06	3.67094e+06	3.83588e+06	3.65401e+06
P09053	P09053		avtA		453980	447029	451138	517136	475863	449152
P09126	P09126		hemD		1.45934e+06	1.50494e+06	1.53734e+06	1.45456e+06	1.54045e+06	1.34536e+06
P09127	P09127		hemX		9.15031e+06	9.05717e+06	9.04526e+06	9.04696e+06	9.08274e+06	8.86924e+06
P09147	P09147		galE		8.73692e+06	8.62973e+06	8.84805e+06	9.06002e+06	8.87803e+06	8.48813e+06
P09148	P09148		galT		2.06446e+06	2.00355e+06	1.97738e+06	1.98308e+06	1.97182e+06	1.89562e+06
P09152	P09152		narG		2.23877e+06	2.26579e+06	2.23089e+06	2.2977e+06	2.23238e+06	2.25803e+06
P09155	P09155		rnd		2.45809e+06	2.45719e+06	2.41217e+06	2.49021e+06	2.40472e+06	2.50648e+06
P09158	P09158		speE		7.43501e+06	7.62694e+06	7.28715e+06	7.17372e+06	7.40566e+06	5.79391e+06
P09169	P09169		ompT		6.05245e+06	5.97488e+06	5.93551e+06	5.76152e+06	6.18853e+06	5.54076e+06
P09211ups|GSTP1_HUMAN_UPS Glutathione S-transferase P (Chain 2-210) - Homo sapiens (Human)	P09211ups|GSTP1_HUMAN_UPS Glutathione S-transferase P (Chain 2-210) - Homo sapiens (Human)				2.48299e+06	2.52652e+06	527548	863813	775113	2.69251e+06
P09323	P09323		nagE		750705	745304	585403	738175	604864	656337
P09372	P09372		grpE		1.60039e+07	1.64637e+07	1.62422e+07	1.71846e+07	1.64861e+07	1.39251e+07
P09373	P09373		pflB		2.76702e+08	2.75744e+08	2.79406e+08	2.76474e+08	2.75707e+08	2.46665e+08
P09394	P09394		glpQ		6.08462e+06	6.1362e+06	6.18963e+06	6.26186e+06	6.29519e+06	6.13949e+06
P09424	P09424		mtlD		2.3207e+06	2.43003e+06	2.28103e+06	2.26189e+06	2.35915e+06	1.96451e+06
P09546	P09546		putA		1.86224e+06	1.77685e+06	1.81685e+06	1.6997e+06	1.86425e+06	1.73353e+06
P09549	P09549		dedD		1.12215e+06	1.12978e+06	1.15218e+06	1.20848e+06	1.14664e+06	1.18986e+06
P09831	P09831		gltB		2.47266e+06	2.50629e+06	2.50637e+06	2.47691e+06	2.51131e+06	2.58773e+06
P09832	P09832		gltD		2.70642e+06	2.77263e+06	2.82883e+06	2.76462e+06	2.84146e+06	2.79025e+06
P0A698	P0A698		uvrA		2.31556e+06	2.35728e+06	2.22789e+06	2.3203e+06	2.31176e+06	2.3734e+06
P0A6A0	P0A6A0		ubiB		1.54221e+06	1.64084e+06	1.51159e+06	1.6027e+06	1.56496e+06	1.81789e+06
P0A6A3	P0A6A3		ackA		1.34695e+08	1.34541e+08	1.32343e+08	1.30164e+08	1.32962e+08	1.16791e+08
P0A6A8	P0A6A8		acpP		1.62191e+08	1.58632e+08	1.48565e+08	1.49668e+08	1.53828e+08	1.70502e+08
P0A6B4	P0A6B4		alr		2.50786e+06	2.60465e+06	2.57512e+06	2.57198e+06	2.4745e+06	2.42114e+06
P0A6B7	P0A6B7		iscS		1.79388e+07	1.78495e+07	1.7572e+07	1.75397e+07	1.76683e+07	1.65832e+07
P0A6C1	P0A6C1		nfo		2.28308e+06	2.14178e+06	2.22556e+06	2.26384e+06	2.36285e+06	2.39511e+06
P0A6D0	P0A6D0		argR		1.43625e+06	1.46644e+06	1.61757e+06	1.38766e+06	1.54237e+06	1.65389e+06
P0A6D3	P0A6D3		aroA		5.06087e+06	5.24289e+06	5.1429e+06	5.09057e+06	5.2031e+06	5.56132e+06
P0A6D7	P0A6D7		aroK		7.81457e+06	7.77447e+06	7.62579e+06	7.60678e+06	7.90657e+06	7.47289e+06
P0A6E1	P0A6E1		aroL		100591	90369.9	1.07246e+06	123815	94359.8	
P0A6E4	P0A6E4		argG		989552	1.03991e+06	1.10779e+06	995755	957275	883656
P0A6E6	P0A6E6		atpC		7.15291e+06	7.26686e+06	7.50891e+06	7.77595e+06	7.56065e+06	6.74401e+06
P0A6E9	P0A6E9		bioD2		5.50229e+06	5.53627e+06	5.86595e+06	5.55956e+06	5.73413e+06	5.74717e+06
P0A6F1	P0A6F1		carA		4.67608e+06	4.57924e+06	4.66426e+06	4.53226e+06	4.72457e+06	4.24381e+06
P0A6F3	P0A6F3		glpK		5.17852e+06	5.22863e+06	5.02162e+06	5.07468e+06	5.14882e+06	5.23066e+06
P0A6F5	P0A6F5		groL		1.02935e+08	1.02584e+08	1.04538e+08	1.05269e+08	1.06358e+08	8.78364e+07
P0A6F9	P0A6F9		groS		8.21292e+07	8.26751e+07	9.16829e+07	8.83845e+07	9.15422e+07	7.66124e+07
P0A6G3	P0A6G3		pncC		3.22693e+06	3.32349e+06	3.5057e+06	3.56356e+06	3.22607e+06	3.20059e+06
P0A6G7	P0A6G7		clpP		2.32823e+07	2.29048e+07	2.2438e+07	2.34316e+07	2.31884e+07	2.17992e+07
P0A6H1	P0A6H1		clpX		2.65571e+07	2.7123e+07	2.66051e+07	2.54193e+07	2.64656e+07	2.5683e+07
P0A6H5	P0A6H5		hslU		2.18597e+07	2.18873e+07	2.13492e+07	2.17861e+07	2.21116e+07	2.08901e+07
P0A6H8	P0A6H8		cls		624444	606247	482431	545428	518338	673647
P0A6I0	P0A6I0		cmk		1.07277e+07	1.11655e+07	1.07715e+07	1.11155e+07	1.11883e+07	1.03111e+07
P0A6I3	P0A6I3		coaA		3.48237e+06	3.40913e+06	3.13038e+06	3.42419e+06	3.25554e+06	3.34355e+06
P0A6I6	P0A6I6		coaD		614859	707977	666562	759381	763270	553786
P0A6I9	P0A6I9		coaE		697964	675292	678865	737338	757483	728694
P0A6J1	P0A6J1		cysC		1.27833e+06	1.24857e+06	1.20829e+06	1.2632e+06	1.23237e+06	1.28438e+06
P0A6J8	P0A6J8		ddlA		1.25387e+07	1.25217e+07	1.24873e+07	1.23004e+07	1.25889e+07	1.20365e+07
P0A6K1	P0A6K1		dapF		701310	663933	528697	618278	673472	771820
P0A6K3	P0A6K3		def		1.01942e+07	9.93762e+06	1.02714e+07	1.04433e+07	1.04414e+07	9.63931e+06
P0A6K6	P0A6K6		deoB		1.7738e+07	1.78052e+07	1.77761e+07	1.7925e+07	1.79902e+07	1.70599e+07
P0A6L0	P0A6L0		deoC		1.13859e+07	1.1333e+07	1.14629e+07	1.14233e+07	1.13668e+07	1.03898e+07
P0A6L2	P0A6L2		dapA		1.98965e+07	1.99108e+07	1.97825e+07	1.96861e+07	2.0184e+07	1.85023e+07
P0A6L7	P0A6L7		uxaB		1.28301e+06	1.34895e+06	1.31905e+06	1.4785e+06	1.38716e+06	1.31937e+06
P0A6L9	P0A6L9		hscB		4.87227e+06	4.77477e+06	4.98606e+06	5.02688e+06	4.58383e+06	3.82484e+06
P0A6M4	P0A6M4		dtd		2.17994e+06	2.24712e+06	2.25986e+06	2.21481e+06	2.42993e+06	1.73697e+06
P0A6M8	P0A6M8		fusA		6.78928e+07	6.75107e+07	6.92682e+07	6.91754e+07	6.96378e+07	6.07446e+07
P0A6N4	P0A6N4		efp		6.39563e+07	6.8619e+07	6.45394e+07	6.52539e+07	6.51091e+07	7.33781e+07
P0A6N8	P0A6N8		yeiP		1.51624e+07	1.51406e+07	1.548e+07	1.50264e+07	1.56312e+07	1.4446e+07
P0A6P1	P0A6P1		tsf		1.72037e+08	1.7088e+08	1.69791e+08	1.68302e+08	1.72188e+08	1.60421e+08
P0A6P5	P0A6P5		der		4.55797e+06	4.66423e+06	4.69699e+06	4.64536e+06	4.5661e+06	4.56278e+06
P0A6P7	P0A6P7		engB		8.27369e+06	8.32299e+06	8.43565e+06	8.61897e+06	8.63656e+06	7.6878e+06
P0A6P9	P0A6P9		eno		1.65316e+08	1.64203e+08	1.69295e+08	1.65258e+08	1.66946e+08	1.50116e+08
P0A6Q3	P0A6Q3		fabA		1.40399e+07	1.41175e+07	1.39655e+07	1.36798e+07	1.40375e+07	1.25872e+07
P0A6Q6	P0A6Q6		fabZ		2.71724e+07	2.74809e+07	2.52547e+07	2.618e+07	2.60463e+07	2.74893e+07
P0A6R0	P0A6R0		fabH		1.76085e+07	1.74476e+07	1.70016e+07	1.69863e+07	1.66875e+07	1.71247e+07
P0A6R3	P0A6R3		fis		4.87215e+06	4.89147e+06	4.55795e+06	4.72001e+06	4.74523e+06	4.41755e+06
P0A6S0	P0A6S0		flgH		2.22793e+06	2.27698e+06	2.29537e+06	2.33238e+06	2.47746e+06	2.29193e+06
P0A6S7	P0A6S7		gpsA		4.72597e+06	4.73077e+06	4.96592e+06	4.61925e+06	4.80464e+06	5.14548e+06
P0A6T1	P0A6T1		pgi		4.07836e+07	4.07391e+07	4.11791e+07	4.19309e+07	4.194e+07	3.54456e+07
P0A6T3	P0A6T3		galK		3.33424e+06	3.33835e+06	3.4262e+06	3.47926e+06	3.45831e+06	3.43429e+06
P0A6T5	P0A6T5		folE		3.49805e+06	3.60581e+06	3.51729e+06	3.5255e+06	3.45442e+06	3.57008e+06
P0A6T9	P0A6T9		gcvH		1.90239e+06	1.801e+06	1.83097e+06	2.0108e+06	1.92004e+06	2.05316e+06
P0A6U3	P0A6U3		mnmG		6.54169e+06	6.65275e+06	6.57364e+06	6.47477e+06	6.55086e+06	6.63086e+06
P0A6U5	P0A6U5		rsmG		6.98469e+06	7.32206e+06	6.97708e+06	7.67381e+06	7.56012e+06	6.56108e+06
P0A6U8	P0A6U8		glgA		3.05823e+06	2.95703e+06	2.93717e+06	2.90497e+06	2.94006e+06	2.92974e+06
P0A6V1	P0A6V1		glgC		7.30381e+06	7.17668e+06	7.25937e+06	7.16962e+06	7.40909e+06	7.4261e+06
P0A6V8	P0A6V8		glk		9.7497e+06	9.74371e+06	1.01672e+07	9.84848e+06	9.93908e+06	9.64142e+06
P0A6W5	P0A6W5		greA		2.29982e+07	2.3349e+07	2.27743e+07	2.30567e+07	2.39669e+07	2.42696e+07
P0A6W9	P0A6W9		gshA		4.68882e+06	4.68846e+06	4.81034e+06	4.70938e+06	4.92139e+06	4.43992e+06
P0A6X3	P0A6X3		hfq		979100	985884	1.09476e+06	1.03104e+06	1.0541e+06	847099
P0A6X7	P0A6X7		ihfA		5.19396e+07	5.30789e+07	4.6621e+07	4.7887e+07	4.71813e+07	4.75984e+07
P0A6Y1	P0A6Y1		ihfB		9.47247e+06	9.44509e+06	8.92573e+06	8.16315e+06	9.13976e+06	9.07994e+06
P0A6Y5	P0A6Y5		hslO		7.07296e+06	7.08123e+06	7.24793e+06	7.13529e+06	7.07798e+06	7.42441e+06
P0A6Y8	P0A6Y8		dnaK		3.92156e+07	3.91835e+07	3.96205e+07	3.85482e+07	3.92782e+07	3.45187e+07
P0A6Z1	P0A6Z1		hscA		3.53295e+06	3.56323e+06	3.5636e+06	3.47395e+06	3.54111e+06	3.58432e+06
P0A6Z3	P0A6Z3		htpG		2.60618e+07	2.54617e+07	2.63551e+07	2.59924e+07	2.60974e+07	2.47775e+07
P0A6Z6	P0A6Z6		nikR		1.88295e+06	1.82933e+06	1.96581e+06	1.98635e+06	2.00415e+06	1.86097e+06
P0A705	P0A705		infB		1.94667e+07	1.93563e+07	1.91571e+07	1.91218e+07	1.91618e+07	1.84431e+07
P0A707	P0A707		infC		5.68402e+07	5.57702e+07	5.81617e+07	5.66868e+07	5.71735e+07	5.17584e+07
P0A715	P0A715		kdsA		1.85393e+07	1.88075e+07	1.95593e+07	1.91842e+07	1.91905e+07	1.62875e+07
P0A717	P0A717		prs		2.9331e+07	2.97209e+07	3.01855e+07	2.88383e+07	2.9664e+07	2.67974e+07
P0A720	P0A720		tmk		2.63578e+06	2.79876e+06	2.79613e+06	2.75358e+06	2.80732e+06	2.69507e+06
P0A722	P0A722		lpxA		8.1477e+06	8.05084e+06	8.21413e+06	8.28405e+06	8.471e+06	8.02889e+06
P0A729	P0A729		yceF		2.37234e+06	2.27556e+06	2.25492e+06	2.4789e+06	2.30181e+06	2.39219e+06
P0A731	P0A731		mgsA		3.86182e+06	3.65641e+06	3.80599e+06	3.57614e+06	3.73573e+06	3.1849e+06
P0A734	P0A734		minE		2.60148e+07	2.64728e+07	2.56284e+07	2.5811e+07	2.60699e+07	2.58099e+07
P0A738	P0A738		moaC		1.11215e+06	1.07272e+06	1.03596e+06	1.02586e+06	1.03805e+06	1.08019e+06
P0A744	P0A744		msrA		6.28202e+06	5.97415e+06	5.11518e+06	6.21153e+06	6.0099e+06	6.7903e+06
P0A746	P0A746		msrB		1.80064e+06	1.68192e+06	1.85511e+06	1.89717e+06	1.98176e+06	1.5084e+06
P0A749	P0A749		murA		7.52799e+06	7.51868e+06	7.59565e+06	7.66957e+06	7.46531e+06	6.99688e+06
P0A752	P0A752		nadD		616702	614207	573391	577896	500312	281361
P0A759	P0A759		nagB		3.99121e+06	3.96161e+06	3.65168e+06	3.99462e+06	3.87148e+06	4.49572e+06
P0A763	P0A763		ndk		1.33561e+07	1.34545e+07	1.39432e+07	1.41431e+07	1.42325e+07	1.37352e+07
P0A780	P0A780		nusB		1.33508e+07	1.36701e+07	1.20733e+07	1.22136e+07	1.1962e+07	1.30517e+07
P0A784	P0A784		orn		3.2166e+06	3.19041e+06	2.99122e+06	3.11074e+06	3.02566e+06	3.09213e+06
P0A786	P0A786		pyrB		2.49165e+06	2.57184e+06	2.59135e+06	2.51158e+06	2.67132e+06	2.50334e+06
P0A790	P0A790		panD		9.60937e+06	9.31035e+06	9.68429e+06	9.91428e+06	9.86768e+06	1.02594e+07
P0A794	P0A794		pdxJ		6.69242e+06	6.73538e+06	6.31122e+06	6.2843e+06	6.28132e+06	6.01387e+06
P0A796	P0A796		pfkA		2.47184e+07	2.3979e+07	2.40669e+07	2.45054e+07	2.40306e+07	2.11117e+07
P0A799	P0A799		pgk		3.55004e+08	3.55152e+08	3.61815e+08	3.59606e+08	3.58703e+08	3.20368e+08
P0A7A2	P0A7A2		gpmB		3.09537e+06	3.0078e+06	2.65031e+06	2.86869e+06	2.66223e+06	2.97222e+06
P0A7A5	P0A7A5		pcm		647904	757947	720888	743926	689873	554323
P0A7A7	P0A7A7		plsB		2.82612e+06	2.79042e+06	2.85724e+06	2.79631e+06	2.84313e+06	2.88302e+06
P0A7A9	P0A7A9		ppa		9.42777e+07	9.4118e+07	9.29844e+07	9.02008e+07	9.18588e+07	9.18874e+07
P0A7B1	P0A7B1		ppk		1.54758e+06	1.57274e+06	1.51412e+06	1.37865e+06	1.42301e+06	1.74776e+06
P0A7B5	P0A7B5		proB		5.01802e+06	4.92049e+06	4.83235e+06	4.36097e+06	4.7747e+06	4.98792e+06
P0A7B8	P0A7B8		hslV		1.57133e+07	1.66644e+07	1.34092e+07	1.40174e+07	1.38639e+07	1.97207e+07
P0A7C2	P0A7C2		lexA		4.24493e+06	4.24092e+06	4.24598e+06	4.22576e+06	4.34765e+06	4.23654e+06
P0A7C6	P0A7C6		pepE		5.56435e+06	5.45978e+06	5.44036e+06	5.29707e+06	5.55138e+06	5.82819e+06
P0A7D1	P0A7D1		pth		5.33238e+06	5.36975e+06	5.43699e+06	5.26897e+06	5.34051e+06	4.86043e+06
P0A7D4	P0A7D4		purA		3.62411e+07	3.61069e+07	3.69705e+07	3.60265e+07	3.59314e+07	3.47677e+07
P0A7D7	P0A7D7		purC		7.32492e+06	7.46013e+06	7.26323e+06	7.17183e+06	7.1886e+06	6.84141e+06
P0A7E1	P0A7E1		pyrD		7.37908e+06	7.32662e+06	7.45908e+06	7.42318e+06	7.44455e+06	7.38437e+06
P0A7E3	P0A7E3		pyrE		5.26157e+06	5.28005e+06	5.47407e+06	5.31234e+06	5.39574e+06	4.94298e+06
P0A7E5	P0A7E5		pyrG		1.52789e+07	1.54792e+07	1.57686e+07	1.55637e+07	1.55808e+07	1.50958e+07
P0A7E9	P0A7E9		pyrH		7.35192e+06	7.29088e+06	7.08642e+06	7.45095e+06	7.32408e+06	7.00531e+06
P0A7F3	P0A7F3		pyrI		2.40519e+06	2.50256e+06	2.33502e+06	2.39476e+06	2.36076e+06	2.13565e+06
P0A7F6	P0A7F6		speD		2.0635e+06	2.06173e+06	1.91663e+06	2.0432e+06	1.9724e+06	1.85896e+06
P0A7F9	P0A7F9		queA		3.53695e+06	3.44789e+06	3.68078e+06	3.70829e+06	3.7265e+06	3.9957e+06
P0A7G2	P0A7G2		rbfA		2.14655e+07	2.02126e+07	2.07162e+07	2.05754e+07	1.89697e+07	1.75586e+07
P0A7G6	P0A7G6		recA		1.01293e+07	1.02302e+07	1.04076e+07	1.04168e+07	1.00707e+07	9.80187e+06
P0A7H6	P0A7H6		recR		675219	585329	600909	744878	685658	787228
P0A7I0	P0A7I0		prfA		3.53227e+06	3.60589e+06	3.68367e+06	3.71526e+06	3.64244e+06	3.41297e+06
P0A7I4	P0A7I4		prfC		5.3033e+06	5.24242e+06	5.34301e+06	5.40673e+06	5.3401e+06	5.43905e+06
P0A7I7	P0A7I7		ribA		9.50134e+06	9.53747e+06	9.358e+06	9.03475e+06	9.5862e+06	9.359e+06
P0A7J0	P0A7J0		ribB		1.41589e+07	1.41227e+07	1.38846e+07	1.44117e+07	1.42774e+07	1.19617e+07
P0A7J3	P0A7J3		rplJ		4.97953e+08	4.97124e+08	5.2321e+08	5.21086e+08	5.24732e+08	4.18101e+08
P0A7J7	P0A7J7		rplK		1.31548e+08	1.35002e+08	1.35018e+08	1.32835e+08	1.32047e+08	1.27046e+08
P0A7K2	P0A7K2		rplL		2.12367e+08	2.09264e+08	1.90671e+08	1.94345e+08	1.92904e+08	1.99934e+08
P0A7K6	P0A7K6		rplS		7.27925e+07	7.36017e+07	7.34176e+07	7.21548e+07	7.30671e+07	6.49875e+07
P0A7L0	P0A7L0		rplA		3.10113e+08	3.17055e+08	3.02922e+08	2.98965e+08	2.91604e+08	2.73752e+08
P0A7L3	P0A7L3		rplT		4.12987e+07	4.13037e+07	3.57314e+07	3.73949e+07	3.70003e+07	4.06094e+07
P0A7L8	P0A7L8		rpmA		1.26682e+08	1.30702e+08	1.26072e+08	1.22998e+08	1.24492e+08	1.32197e+08
P0A7M2	P0A7M2		rpmB		1.55224e+08	1.65375e+08	1.67928e+08	1.6424e+08	1.61896e+08	1.50114e+08
P0A7M6	P0A7M6		rpmC		2.39156e+07	2.44292e+07	2.18737e+07	2.14684e+07	2.16673e+07	2.80996e+07
P0A7M9	P0A7M9		rpmE		8.60905e+07	8.46799e+07	8.54155e+07	8.63285e+07	8.77554e+07	6.32756e+07
P0A7N4	P0A7N4		rpmF		3.66277e+07	3.55806e+07	3.62046e+07	3.88565e+07	3.83363e+07	3.14874e+07
P0A7N9	P0A7N9		rpmG		9.10771e+07	9.00238e+07	9.38914e+07	9.59432e+07	9.34365e+07	7.66722e+07
P0A7P5	P0A7P5		rpmH		2.88542e+07	2.95412e+07	2.64045e+07	2.43225e+07	2.45847e+07	2.88898e+07
P0A7Q1	P0A7Q1		rpmI		1.1685e+07	1.21065e+07	1.56455e+07	1.60353e+07	1.68566e+07	1.3251e+07
P0A7R1	P0A7R1		rplI		4.21761e+08	4.29095e+08	4.45519e+08	4.36047e+08	4.41241e+08	3.68775e+08
P0A7R5	P0A7R5		rpsJ		1.77289e+08	1.75477e+08	1.72842e+08	1.71388e+08	1.74921e+08	1.66844e+08
P0A7R9	P0A7R9		rpsK		1.01065e+08	1.00594e+08	1.04448e+08	1.04707e+08	1.04685e+08	8.32828e+07
P0A7S3	P0A7S3		rpsL		7.25963e+07	7.26808e+07	6.92566e+07	7.07284e+07	7.08332e+07	6.75164e+07
P0A7S9	P0A7S9		rpsM		3.51972e+07	3.54065e+07	3.31167e+07	3.37454e+07	3.35705e+07	3.35782e+07
P0A7T3	P0A7T3		rpsP		1.09957e+08	1.11362e+08	1.13267e+08	1.10372e+08	1.10082e+08	8.86958e+07
P0A7T7	P0A7T7		rpsR		2.70245e+07	2.75701e+07	3.00115e+07	2.98055e+07	2.96092e+07	2.73835e+07
P0A7U3	P0A7U3		rpsS		1.39933e+08	1.37257e+08	1.2752e+08	1.32054e+08	1.28892e+08	9.30619e+07
P0A7U7	P0A7U7		rpsT		2.62722e+07	2.6131e+07	2.59388e+07	2.67014e+07	2.61359e+07	2.06659e+07
P0A7V0	P0A7V0		rpsB		1.22689e+08	1.21786e+08	1.21944e+08	1.21383e+08	1.21089e+08	1.10659e+08
P0A7V3	P0A7V3		rpsC		9.25723e+07	9.2282e+07	9.38496e+07	9.20965e+07	9.30608e+07	7.74523e+07
P0A7V8	P0A7V8		rpsD		2.07441e+08	2.06972e+08	2.08634e+08	1.9818e+08	2.01907e+08	1.8981e+08
P0A7W1	P0A7W1		rpsE		7.1262e+07	7.13815e+07	7.40167e+07	7.30378e+07	7.44692e+07	6.38896e+07
P0A7W7	P0A7W7		rpsH		5.19163e+07	5.21052e+07	5.14138e+07	5.16544e+07	5.19153e+07	4.97144e+07
P0A7X3	P0A7X3		rpsI		7.89974e+07	7.99663e+07	7.92151e+07	7.75279e+07	7.72048e+07	7.121e+07
P0A7X6	P0A7X6		rimM		5.94953e+06	6.01405e+06	6.12277e+06	6.11287e+06	6.09941e+06	5.61082e+06
P0A7Y0	P0A7Y0		rnc		6.68984e+06	6.63147e+06	6.78576e+06	6.74759e+06	6.69527e+06	6.36089e+06
P0A7Y8	P0A7Y8		rnpA		1.05218e+06	1.14575e+06	1.16912e+06	1.02326e+06	1.1398e+06	1.13564e+06
P0A7Z0	P0A7Z0		rpiA		1.81827e+07	1.80931e+07	1.7773e+07	1.83361e+07	1.78869e+07	1.68488e+07
P0A7Z4	P0A7Z4		rpoA		1.39204e+08	1.40247e+08	1.38044e+08	1.39045e+08	1.39841e+08	1.28133e+08
P0A800	P0A800		rpoZ		3.26509e+07	3.21223e+07	3.36377e+07	3.25039e+07	3.33354e+07	2.66217e+07
P0A805	P0A805		frr		2.84296e+07	2.92838e+07	2.81989e+07	2.69172e+07	2.81102e+07	2.59721e+07
P0A809	P0A809		ruvA		587532	694258	643676	585222	504126	710278
P0A812	P0A812		ruvB		987426	975279	1.1246e+06	1.15449e+06	1.0686e+06	1.04583e+06
P0A817	P0A817		metK		2.47408e+07	2.48343e+07	2.37278e+07	2.38576e+07	2.39915e+07	2.29656e+07
P0A821	P0A821		selA		1.43254e+06	1.39851e+06	1.43308e+06	1.44105e+06	1.47605e+06	1.50318e+06
P0A825	P0A825		glyA		3.02374e+07	2.98511e+07	3.0545e+07	3.08035e+07	3.02378e+07	2.37784e+07
P0A832	P0A832		smpB		5.94792e+06	5.82724e+06	5.75867e+06	5.83772e+06	5.74613e+06	5.71941e+06
P0A836	P0A836		sucC		6.42621e+06	6.56399e+06	6.46975e+06	6.31342e+06	6.49574e+06	6.33008e+06
P0A840	P0A840		surE		1.61446e+06	1.61088e+06	1.63433e+06	1.61157e+06	1.69231e+06	1.58463e+06
P0A843	P0A843		tatE		7.84044e+06	9.16601e+06	8.5652e+06	9.16415e+06	8.58446e+06	9.81899e+06
P0A847	P0A847		tgt		3.22013e+06	3.17004e+06	3.13122e+06	3.06426e+06	3.12192e+06	2.83494e+06
P0A850	P0A850		tig		1.43137e+08	1.43792e+08	1.45962e+08	1.43613e+08	1.46445e+08	1.2512e+08
P0A853	P0A853		tnaA		3.42471e+06	3.5101e+06	3.63997e+06	3.5948e+06	3.60758e+06	3.48779e+06
P0A855	P0A855		tolB		1.78076e+07	1.75826e+07	1.84028e+07	1.88116e+07	1.86429e+07	1.72501e+07
P0A858	P0A858		tpiA		7.94103e+07	7.7476e+07	8.20169e+07	8.28475e+07	8.05148e+07	5.85297e+07
P0A862	P0A862		tpx		5.3634e+07	5.48277e+07	5.51033e+07	5.45323e+07	5.49245e+07	5.18624e+07
P0A867	P0A867		talA		4.9184e+06	4.89616e+06	4.74216e+06	4.71345e+06	4.5564e+06	5.00946e+06
P0A870	P0A870		talB		5.55271e+07	5.51958e+07	5.53427e+07	5.51163e+07	5.53354e+07	5.24685e+07
P0A873	P0A873		trmD		3.71103e+06	3.76981e+06	3.73886e+06	3.76919e+06	3.73373e+06	3.55154e+06
P0A877	P0A877		trpA		2.04949e+06	2.03444e+06	2.02382e+06	1.97679e+06	2.03298e+06	1.81134e+06
P0A879	P0A879		trpB		501251	456905	526848	419718	465443	444285
P0A881	P0A881		trpR		1.3609e+06	1.35558e+06	1.58913e+06	1.19261e+06	1.27047e+06	1.07711e+06
P0A884	P0A884		thyA		9.11076e+06	9.23767e+06	9.344e+06	9.17456e+06	9.04202e+06	8.085e+06
P0A887	P0A887		ubiE		9.28392e+06	9.27642e+06	9.5624e+06	9.37147e+06	9.68159e+06	9.46127e+06
P0A894	P0A894		yhbJ		1.54016e+06	1.61601e+06	1.59347e+06	1.60978e+06	1.53115e+06	1.57464e+06
P0A898	P0A898		ybeY		3.49844e+06	3.60066e+06	3.51946e+06	3.52498e+06	3.53642e+06	3.23221e+06
P0A8A0	P0A8A0		yebC		4.49397e+06	4.30884e+06	4.44478e+06	4.72524e+06	4.63872e+06	3.64281e+06
P0A8A2	P0A8A2		yeeN		8.92214e+06	9.18476e+06	8.98394e+06	8.24398e+06	8.92514e+06	7.53439e+06
P0A8A4	P0A8A4		ppsR		1.83234e+06	2.05295e+06	1.81649e+06	1.97732e+06	1.98646e+06	2.15629e+06
P0A8A8	P0A8A8		rimP		2.12828e+07	2.06277e+07	2.08486e+07	1.89851e+07	2.04867e+07	1.8566e+07
P0A8B2	P0A8B2		yfcN		1.35087e+06	1.30625e+06	1.46691e+06	1.43729e+06	1.49539e+06	1.6806e+06
P0A8B5	P0A8B5		ybaB		2.83431e+06	2.35164e+06	2.37215e+06	2.3648e+06	2.27654e+06	2.94292e+06
P0A8C4	P0A8C4		ygfB		3.03341e+06	2.8558e+06	2.98811e+06	3.05536e+06	3.04102e+06	3.01503e+06
P0A8D0	P0A8D0		nrdR		3.95626e+06	4.06212e+06	4.11108e+06	4.21445e+06	4.2275e+06	3.57809e+06
P0A8D3	P0A8D3		yaiI		1.80974e+06	1.73984e+06	1.84632e+06	1.94324e+06	1.83565e+06	1.92806e+06
P0A8D6	P0A8D6		ymdB		1.38048e+06	1.40935e+06	1.48936e+06	1.51961e+06	1.45953e+06	1.54266e+06
P0A8E1	P0A8E1		ycfP		1.46088e+07	1.43505e+07	1.38895e+07	1.44992e+07	1.40503e+07	1.40597e+07
P0A8E7	P0A8E7		yajQ		1.5427e+07	1.54235e+07	1.53106e+07	1.53717e+07	1.54816e+07	1.44962e+07
P0A8F0	P0A8F0		upp		2.96692e+07	2.97319e+07	2.87797e+07	2.87932e+07	3.00059e+07	2.83251e+07
P0A8F4	P0A8F4		udk		7.23018e+06	7.14332e+06	7.25258e+06	7.08276e+06	7.07275e+06	6.55731e+06
P0A8F8	P0A8F8		uvrB		1.59718e+06	1.8532e+06	1.97733e+06	1.83343e+06	1.78726e+06	1.95092e+06
P0A8G3	P0A8G3		uxaC		1.44313e+06	1.46081e+06	1.41202e+06	1.36205e+06	1.39787e+06	1.55926e+06
P0A8G6	P0A8G6		wrbA		9.07539e+06	8.94337e+06	9.21575e+06	9.00283e+06	9.10289e+06	9.09635e+06
P0A8G9	P0A8G9		xseB		8.73737e+06	8.85652e+06	9.42657e+06	8.73299e+06	8.76742e+06	7.89169e+06
P0A8H8	P0A8H8		yacG		2.13096e+06	2.09061e+06	2.20499e+06	2.19355e+06	2.1242e+06	1.94259e+06
P0A8I1	P0A8I1		yqgF		1.65097e+06	1.6116e+06	1.69153e+06	1.61541e+06	1.61106e+06	1.76324e+06
P0A8I3	P0A8I3		yaaA		4.0504e+06	4.02163e+06	4.03064e+06	4.16079e+06	3.9497e+06	4.21382e+06
P0A8I5	P0A8I5		trmB		6.77368e+06	6.62355e+06	6.69057e+06	6.9699e+06	6.74619e+06	6.05006e+06
P0A8I8	P0A8I8		rlmH		3.94908e+06	4.01809e+06	3.93994e+06	3.92796e+06	4.05922e+06	3.89744e+06
P0A8J2	P0A8J2		dnaT		1.08373e+06	1.09818e+06	974066	1.08912e+06	1.02548e+06	937691
P0A8J4	P0A8J4		ybeD		1.40377e+07	1.48563e+07	1.53941e+07	1.49881e+07	1.53138e+07	1.42768e+07
P0A8J8	P0A8J8		rhlB		5.52868e+06	5.64563e+06	5.66869e+06	5.60808e+06	5.54228e+06	5.19967e+06
P0A8K1	P0A8K1		psd		4.20237e+06	4.30504e+06	4.41114e+06	4.21572e+06	4.39174e+06	4.57754e+06
P0A8K5	P0A8K5		yaeP		1.28677e+06	1.19293e+06	1.22477e+06	1.28181e+06	1.20743e+06	1.33762e+06
P0A8L1	P0A8L1		serS		3.06064e+07	3.06868e+07	2.99531e+07	2.91535e+07	3.03379e+07	2.79442e+07
P0A8M0	P0A8M0		asnS		2.76852e+07	2.74205e+07	2.71494e+07	2.7415e+07	2.70837e+07	2.72929e+07
P0A8M3	P0A8M3		thrS		1.26079e+07	1.27019e+07	1.23302e+07	1.23698e+07	1.25066e+07	1.10595e+07
P0A8M6	P0A8M6		yeeX		1.06678e+07	1.06733e+07	1.11931e+07	9.71135e+06	1.00473e+07	9.45444e+06
P0A8N0	P0A8N0		matP		480353	558777	386837	465390	445618	374488
P0A8N3	P0A8N3		lysS		3.83582e+07	3.8279e+07	3.75831e+07	3.77026e+07	3.79863e+07	3.62225e+07
P0A8N5	P0A8N5		lysU		2.14088e+07	2.14598e+07	2.18004e+07	2.21861e+07	2.1828e+07	2.12014e+07
P0A8N7	P0A8N7		epmA		2.96866e+06	2.97569e+06	3.02108e+06	3.08923e+06	3.13427e+06	2.6869e+06
P0A8P3	P0A8P3		yggX		2.69937e+07	2.62005e+07	2.63715e+07	2.63874e+07	2.57688e+07	2.63218e+07
P0A8Q0	P0A8Q0		frdC		2.33764e+06	2.28446e+06	2.08051e+06	2.1817e+06	2.02514e+06	2.41292e+06
P0A8R0	P0A8R0		rraA		1.92604e+07	2.01198e+07	2.00669e+07	1.91237e+07	1.9942e+07	2.12622e+07
P0A8R9	P0A8R9		hdfR		1.00909e+06	966047	933605	1.00611e+06	985418	946030
P0A8S1	P0A8S1		iciA		2.61407e+06	2.73027e+06	2.85272e+06	2.77298e+06	2.65982e+06	2.85348e+06
P0A8T1	P0A8T1		prmA		8.18659e+06	8.47574e+06	8.54013e+06	8.50306e+06	8.4828e+06	8.23865e+06
P0A8T7	P0A8T7		rpoC		5.03196e+07	5.04341e+07	5.11537e+07	5.13622e+07	5.08405e+07	4.45913e+07
P0A8U0	P0A8U0		syd		2.03658e+06	1.97958e+06	2.16996e+06	1.91931e+06	1.9679e+06	1.77354e+06
P0A8U6	P0A8U6		metJ		8.14485e+06	8.1151e+06	8.11132e+06	8.32843e+06	8.28289e+06	7.88116e+06
P0A8V2	P0A8V2		rpoB		7.3905e+07	7.41258e+07	7.1992e+07	7.23955e+07	7.36664e+07	7.05248e+07
P0A8V6	P0A8V6		fadR		6.77021e+06	6.69545e+06	6.46983e+06	6.77606e+06	6.59229e+06	6.63714e+06
P0A8W0	P0A8W0		nanR		2.88184e+06	2.78983e+06	2.70819e+06	2.57204e+06	2.63438e+06	2.8968e+06
P0A8W2	P0A8W2		slyA		8.36008e+06	8.40329e+06	8.21196e+06	8.05421e+06	8.28793e+06	7.85622e+06
P0A8W5	P0A8W5		yqgE		2.17033e+06	2.27568e+06	2.20331e+06	2.20652e+06	2.29536e+06	2.16513e+06
P0A8W8	P0A8W8		yfbU		1.86709e+07	1.82006e+07	1.76774e+07	1.82638e+07	1.82383e+07	1.58647e+07
P0A8X0	P0A8X0		yjgA		7.75218e+06	7.65047e+06	7.88745e+06	7.83406e+06	7.83661e+06	7.60415e+06
P0A8X2	P0A8X2		yceI		1.19133e+06	1.2738e+06	1.19896e+06	1.06397e+06	998406	1.33879e+06
P0A8Y1	P0A8Y1		yjjG		984156	919662	996838	1.05608e+06	999848	1.01059e+06
P0A8Y3	P0A8Y3		yihX		2.85064e+06	2.85196e+06	2.87925e+06	2.91833e+06	2.82294e+06	2.71605e+06
P0A8Y5	P0A8Y5		yidA		4.36084e+06	4.45856e+06	4.33295e+06	4.42457e+06	4.41101e+06	4.17513e+06
P0A8Z0	P0A8Z0		yciA		2.15235e+06	2.09173e+06	2.0405e+06	1.99648e+06	2.08814e+06	1.93213e+06
P0A8Z3	P0A8Z3		ybgC		799632	394279	512061	543768	545259	1.2635e+06
P0A901	P0A901		blc		1.14026e+06	1.09934e+06	974983	1.11954e+06	1.06227e+06	1.11564e+06
P0A903	P0A903		bamC		2.00515e+07	1.99726e+07	2.03108e+07	2.04227e+07	2.02094e+07	1.96084e+07
P0A905	P0A905		slyB		3.19307e+07	3.04921e+07	3.29026e+07	3.32773e+07	3.28482e+07	2.81739e+07
P0A908	P0A908		mipA		2.43965e+06	2.29682e+06	2.03957e+06	2.36091e+06	2.12694e+06	2.49939e+06
P0A910	P0A910		ompA		6.2528e+08	6.3868e+08	6.50004e+08	6.40021e+08	6.55341e+08	4.69782e+08
P0A912	P0A912		pal		4.22647e+07	4.20237e+07	4.50226e+07	4.31451e+07	4.38679e+07	3.90939e+07
P0A915	P0A915		ompW		1.79613e+07	1.73001e+07	1.59266e+07	1.62961e+07	1.64997e+07	1.71724e+07
P0A917	P0A917		ompX		1.79812e+07	1.73094e+07	1.72188e+07	1.69045e+07	1.74681e+07	1.75696e+07
P0A921	P0A921		pldA		1.97897e+06	1.85013e+06	1.84381e+06	1.76722e+06	1.86037e+06	2.47085e+06
P0A927	P0A927		tsx		1.00026e+07	9.87239e+06	1.01017e+07	1.00305e+07	9.73043e+06	9.06249e+06
P0A932	P0A932		gfcE		1.60717e+07	1.54705e+07	1.58879e+07	1.58459e+07	1.53395e+07	1.35473e+07
P0A935	P0A935		mltA		5.68084e+06	5.54081e+06	5.4102e+06	5.4829e+06	5.40245e+06	5.52966e+06
P0A937	P0A937		bamE		7.78738e+06	7.48476e+06	8.0454e+06	8.40061e+06	8.40755e+06	5.93952e+06
P0A940	P0A940		bamA		1.46458e+07	1.43314e+07	1.46048e+07	1.46207e+07	1.4858e+07	1.38686e+07
P0A951	P0A951		speG		1.17146e+06	1.29273e+06	1.09385e+06	1.05221e+06	1.00534e+06	759838
P0A953	P0A953		fabB		3.56632e+07	3.64319e+07	3.50926e+07	3.51181e+07	3.49857e+07	3.42139e+07
P0A955	P0A955		eda		2.82005e+07	2.78383e+07	2.91532e+07	2.75287e+07	2.99087e+07	2.48689e+07
P0A959	P0A959		alaA		2.13257e+06	2.19834e+06	2.10936e+06	2.04386e+06	2.10326e+06	1.92216e+06
P0A962	P0A962		ansA		1.76011e+06	1.74766e+06	1.66935e+06	1.64452e+06	1.79998e+06	1.86696e+06
P0A964	P0A964		cheW		1.44154e+07	1.50254e+07	1.51023e+07	1.54856e+07	1.53732e+07	1.64763e+07
P0A968	P0A968		cspD		778031	811701	831969	763143	837061	678593
P0A972	P0A972		cspE		1.07966e+08	1.10243e+08	1.09095e+08	1.06806e+08	1.09066e+08	9.61348e+07
P0A978	P0A978		cspG		5.00537e+06	4.92345e+06	4.32338e+06	4.55988e+06	4.39802e+06	4.70862e+06
P0A988	P0A988		dnaN		4.33556e+06	4.32204e+06	4.0594e+06	4.0981e+06	4.27633e+06	3.97705e+06
P0A991	P0A991		fbaB		5.1441e+06	5.17197e+06	5.18867e+06	5.32335e+06	5.19683e+06	5.05981e+06
P0A993	P0A993		fbp		1.6998e+07	1.64473e+07	1.62595e+07	1.63842e+07	1.62958e+07	1.56735e+07
P0A996	P0A996		glpC		1.60627e+06	1.57856e+06	1.59729e+06	1.72115e+06	1.60565e+06	1.83592e+06
P0A998	P0A998		ftnA		4.3273e+07	4.59257e+07	4.65057e+07	4.43974e+07	4.54611e+07	4.67576e+07
P0A9A6	P0A9A6		ftsZ		1.36204e+07	1.36383e+07	1.37294e+07	1.3682e+07	1.37645e+07	1.27647e+07
P0A9A9	P0A9A9		fur		1.16895e+07	1.1391e+07	1.24163e+07	1.24413e+07	1.20108e+07	1.0561e+07
P0A9B2	P0A9B2		gapA		3.08784e+08	3.0165e+08	3.19584e+08	3.24746e+08	3.23648e+08	2.5439e+08
P0A9B6	P0A9B6		epd		1.83337e+06	1.84046e+06	1.74221e+06	1.76496e+06	1.85086e+06	1.64627e+06
P0A9C0	P0A9C0		glpA		2.21557e+06	2.03763e+06	2.12378e+06	2.11281e+06	2.05771e+06	1.83526e+06
P0A9C3	P0A9C3		galM		5.91299e+06	5.80971e+06	5.97214e+06	5.67108e+06	5.94061e+06	5.47114e+06
P0A9C5	P0A9C5		glnA		1.98642e+07	1.96459e+07	1.96464e+07	1.97796e+07	1.98707e+07	1.74376e+07
P0A9C9	P0A9C9		glpX		4.102e+06	4.22941e+06	4.21054e+06	4.25148e+06	4.16644e+06	4.06855e+06
P0A9D2	P0A9D2		gstA		6.74926e+06	6.8085e+06	6.68998e+06	6.53493e+06	6.33728e+06	6.45776e+06
P0A9D4	P0A9D4		cysE		4.03985e+06	4.14213e+06	3.78684e+06	3.70997e+06	3.58836e+06	3.65164e+06
P0A9D8	P0A9D8		dapD		3.76674e+07	3.78523e+07	3.75675e+07	3.68169e+07	3.7132e+07	3.79853e+07
P0A9E5	P0A9E5		fnr		7.5875e+06	7.74477e+06	8.1368e+06	7.87807e+06	7.91138e+06	7.17646e+06
P0A9F1	P0A9F1		mntR		1.3025e+06	1.36658e+06	1.40202e+06	1.4306e+06	1.49876e+06	1.41002e+06
P0A9F3	P0A9F3		cysB		3.89396e+06	3.62082e+06	3.83831e+06	3.72355e+06	3.82848e+06	3.63243e+06
P0A9G2	P0A9G2		nhaR		1.11563e+06	1.27228e+06	1.26736e+06	1.0775e+06	1.18828e+06	1.10085e+06
P0A9G6	P0A9G6		aceA		6.97355e+06	6.6121e+06	7.08824e+06	6.9207e+06	6.88103e+06	6.63501e+06
P0A9G8	P0A9G8		modE		3.26022e+06	3.40399e+06	3.4333e+06	3.59414e+06	3.52779e+06	3.39261e+06
P0A9H1	P0A9H1		mug		1.76095e+06	1.74994e+06	1.82552e+06	1.9164e+06	1.79417e+06	1.73827e+06
P0A9H5	P0A9H5		btuR		940996	892715	881032	785726	917508	787127
P0A9H7	P0A9H7		cfa		3.25972e+06	3.26003e+06	3.43037e+06	3.55172e+06	3.41213e+06	2.91271e+06
P0A9H9	P0A9H9		cheZ		2.2055e+06	2.24691e+06	2.29468e+06	2.29237e+06	2.17216e+06	2.29492e+06
P0A9I1	P0A9I1		citE		6.00145e+06	6.06982e+06	6.36682e+06	6.01907e+06	6.10775e+06	6.21645e+06
P0A9I3	P0A9I3		gcvR		2.38737e+06	2.43792e+06	2.32561e+06	2.26848e+06	2.18359e+06	1.55493e+06
P0A9I8	P0A9I8		nirD		2.70128e+06	2.6947e+06	2.7918e+06	2.64611e+06	2.5387e+06	2.05132e+06
P0A9J0	P0A9J0		rng		2.87987e+06	2.76483e+06	2.84757e+06	2.84428e+06	2.95588e+06	2.56058e+06
P0A9J4	P0A9J4		panE		744761	726508	683173	706907	687184	700105
P0A9J6	P0A9J6		rbsK		3.14367e+06	3.36602e+06	3.31499e+06	3.13974e+06	3.41241e+06	3.60982e+06
P0A9J8	P0A9J8		pheA		2.11195e+06	1.9682e+06	2.17246e+06	2.0983e+06	2.14605e+06	2.16862e+06
P0A9K3	P0A9K3		ybeZ		5.61175e+06	5.58094e+06	5.53625e+06	5.54325e+06	5.59086e+06	5.46566e+06
P0A9K7	P0A9K7		phoU		1.93718e+06	2.10606e+06	1.94414e+06	2.00112e+06	1.8281e+06	1.87244e+06
P0A9K9	P0A9K9		slyD		9.36228e+07	8.94764e+07	8.43632e+07	8.6275e+07	8.49113e+07	8.62465e+07
P0A9L3	P0A9L3		fklB		1.95884e+07	1.95427e+07	1.81983e+07	1.85866e+07	1.79907e+07	1.80722e+07
P0A9L5	P0A9L5		ppiC		2.74634e+06	2.80181e+06	2.51196e+06	2.50296e+06	2.64563e+06	2.22358e+06
P0A9M0	P0A9M0		lon		9.58258e+06	9.50796e+06	9.46952e+06	9.54058e+06	9.56587e+06	9.45058e+06
P0A9M2	P0A9M2		hpt		1.24198e+07	1.24547e+07	1.20849e+07	1.20163e+07	1.20451e+07	1.16648e+07
P0A9M5	P0A9M5		gpt		8.11761e+07	7.70573e+07	7.87595e+07	7.46691e+07	8.24027e+07	6.26372e+07
P0A9M8	P0A9M8		pta		3.91678e+07	3.85913e+07	3.86489e+07	3.90123e+07	3.88986e+07	3.58871e+07
P0A9N4	P0A9N4		pflA		5.27161e+06	5.09537e+06	5.15782e+06	5.06352e+06	5.16482e+06	4.88831e+06
P0A9P0	P0A9P0		lpdA		4.15225e+07	4.06436e+07	4.18905e+07	4.1911e+07	4.1915e+07	3.59078e+07
P0A9P4	P0A9P4		trxB		1.51371e+07	1.5106e+07	1.51498e+07	1.50621e+07	1.54887e+07	1.43308e+07
P0A9P6	P0A9P6		deaD		9.52331e+06	9.69788e+06	9.50539e+06	9.39255e+06	9.36543e+06	9.59274e+06
P0A9Q1	P0A9Q1		arcA		2.52828e+07	2.48826e+07	2.48637e+07	2.54039e+07	2.48118e+07	2.21289e+07
P0A9Q5	P0A9Q5		accD		9.43165e+06	9.36344e+06	9.57106e+06	9.75883e+06	9.59197e+06	8.56569e+06
P0A9Q7	P0A9Q7		adhE		1.6702e+08	1.67362e+08	1.69247e+08	1.68942e+08	1.67697e+08	1.45777e+08
P0A9Q9	P0A9Q9		asd		1.96129e+07	1.97514e+07	1.94018e+07	2.05133e+07	1.95881e+07	1.81893e+07
P0A9R4	P0A9R4		fdx		7.94453e+06	8.30664e+06	7.92379e+06	8.463e+06	7.99617e+06	8.05163e+06
P0A9R7	P0A9R7		ftsE		2.99732e+06	2.93607e+06	3.00293e+06	2.98861e+06	2.99075e+06	3.15918e+06
P0A9S1	P0A9S1		fucO		718103	775610	834708	801649	856346	788140
P0A9S5	P0A9S5		gldA		1.65572e+07	1.62053e+07	1.53279e+07	1.51798e+07	1.57628e+07	1.49334e+07
P0A9T0	P0A9T0		serA		6.00456e+06	5.99142e+06	5.80059e+06	5.77774e+06	5.82206e+06	6.20282e+06
P0A9T4	P0A9T4		tas		9.42908e+06	9.29403e+06	9.14483e+06	9.14752e+06	9.04713e+06	8.73334e+06
P0A9T8	P0A9T8		ybbA		800444	721850	745420	789210	815186	866332
P0A9U3	P0A9U3		ybiT		6.03155e+06	6.11606e+06	6.12658e+06	6.14552e+06	6.16444e+06	6.199e+06
P0A9V1	P0A9V1		lptB		6.0304e+06	6.30062e+06	6.15967e+06	6.07734e+06	6.37741e+06	5.95422e+06
P0A9W3	P0A9W3		yjjK		9.79315e+06	9.82635e+06	1.00216e+07	9.86906e+06	1.0059e+07	9.64832e+06
P0A9W6	P0A9W6		yrbA		7.02125e+06	6.66699e+06	7.20343e+06	7.0134e+06	6.49924e+06	6.83458e+06
P0A9W9	P0A9W9		yrdA		5.47982e+06	5.4693e+06	5.27573e+06	5.47336e+06	5.41798e+06	5.96116e+06
P0A9X4	P0A9X4		mreB		8.66605e+06	8.50991e+06	8.72851e+06	8.80719e+06	8.58957e+06	7.3247e+06
P0A9X9	P0A9X9		cspA		3.17154e+07	3.15324e+07	2.71716e+07	2.7858e+07	2.77487e+07	2.73581e+07
P0A9Y6	P0A9Y6		cspC		1.67029e+08	1.67098e+08	1.59795e+08	1.60097e+08	1.59806e+08	1.55475e+08
P0A9Z1	P0A9Z1		glnB		1.80243e+07	1.85431e+07	1.76417e+07	1.79039e+07	1.74529e+07	1.8501e+07
P0AA04	P0AA04		ptsH		3.9245e+07	3.91096e+07	4.69231e+07	4.48802e+07	4.56822e+07	3.70817e+07
P0AA10	P0AA10		rplM		7.31807e+07	7.24984e+07	7.69787e+07	7.63281e+07	7.62613e+07	6.38301e+07
P0AA16	P0AA16		ompR		8.69168e+06	8.79837e+06	9.09579e+06	8.74626e+06	8.9914e+06	8.69848e+06
P0AA25	P0AA25		trxA		3.02541e+07	3.03423e+07	3.06762e+07	3.03716e+07	3.05126e+07	3.00634e+07
P0AA31	P0AA31		yedF		3.79262e+06	3.64308e+06	3.90849e+06	3.5904e+06	3.79047e+06	3.64948e+06
P0AA39	P0AA39		rluC		1.02826e+06	1.04811e+06	1.00183e+06	989112	1.04644e+06	1.15623e+06
P0AA43	P0AA43		rsuA		4.54394e+06	4.70589e+06	4.72753e+06	4.91478e+06	4.76406e+06	4.44119e+06
P0AA57	P0AA57		yobA		1.43009e+06	1.36768e+06	1.39236e+06	1.36825e+06	1.34069e+06	1.04762e+06
P0AA91	P0AA91		yeaY		1.4627e+06	1.50116e+06	1.55062e+06	1.45582e+06	1.5261e+06	1.4621e+06
P0AA93	P0AA93		ypdA		355068	385307	361061	229189	313892	285129
P0AA95	P0AA95		yacC		1.13003e+06	1.06709e+06	1.02046e+06	1.06296e+06	1.00589e+06	1.1505e+06
P0AA97	P0AA97		yaeQ		688086	593728	538946	479010	640723	577760
P0AAA1	P0AAA1		yagU		6.3253e+06	6.21104e+06	6.39628e+06	6.52776e+06	6.44828e+06	5.46261e+06
P0AAB4	P0AAB4		ubiD		1.85444e+06	1.79451e+06	1.6637e+06	1.53075e+06	2.0225e+06	1.53577e+06
P0AAB6	P0AAB6		galF		1.15438e+07	1.16448e+07	1.14303e+07	1.16863e+07	1.12132e+07	1.0446e+07
P0AAB8	P0AAB8		uspD		2.45128e+06	2.37657e+06	2.38198e+06	2.51084e+06	2.33236e+06	2.1342e+06
P0AAC0	P0AAC0		uspE		5.04976e+06	5.05538e+06	4.95119e+06	5.07631e+06	4.87773e+06	5.09174e+06
P0AAC8	P0AAC8		iscA		6.29512e+06	6.40865e+06	6.52138e+06	6.27907e+06	6.59902e+06	4.72433e+06
P0AAF6	P0AAF6		artP		966685	955905	835354	922317	929095	1.05032e+06
P0AAH0	P0AAH0		pstB		1.01298e+06	924021	1.05481e+06	982903	995128	887717
P0AAH8	P0AAH8		sapF		1.8038e+06	1.5483e+06	1.82647e+06	1.80923e+06	1.88297e+06	1.88899e+06
P0AAI3	P0AAI3		ftsH		1.26723e+07	1.26157e+07	1.29693e+07	1.26869e+07	1.29648e+07	1.24387e+07
P0AAI5	P0AAI5		fabF		4.36558e+07	4.35508e+07	4.46991e+07	4.40726e+07	4.43649e+07	3.89109e+07
P0AAI9	P0AAI9		fabD		5.414e+06	5.31985e+06	5.24325e+06	5.42477e+06	5.1624e+06	5.14195e+06
P0AAJ3	P0AAJ3		fdnH		4.57616e+06	4.49142e+06	4.68701e+06	4.62229e+06	4.62048e+06	4.12592e+06
P0AAJ5	P0AAJ5		fdoH		2.98605e+06	3.09376e+06	2.97214e+06	2.97648e+06	2.90037e+06	2.78744e+06
P0AAJ8	P0AAJ8		hybA		1.84562e+06	1.88118e+06	1.87963e+06	1.88392e+06	1.88884e+06	1.97453e+06
P0AAK1	P0AAK1		hycB		1.48448e+06	1.41588e+06	1.59348e+06	1.78038e+06	1.56952e+06	1.62179e+06
P0AAM1	P0AAM1		hyaC		3.58575e+06	3.65779e+06		3.05216e+06		
P0AAN3	P0AAN3		hypB		2.88417e+06	2.8785e+06	2.98083e+06	2.9286e+06	2.93316e+06	2.93166e+06
P0AAN5	P0AAN5		yaiA		1.37978e+06	1.44425e+06	1.47581e+06	1.29866e+06	1.43665e+06	1.40744e+06
P0AAP3	P0AAP3		frmR		2.64954e+06	2.67369e+06	2.59894e+06	2.6155e+06	2.66695e+06	3.047e+06
P0AAQ2	P0AAQ2		yajD		4.88414e+06	4.93126e+06	5.24185e+06	5.04908e+06	5.06136e+06	4.74394e+06
P0AAR3	P0AAR3		ybaK		1.92222e+06	1.9859e+06	2.06102e+06	1.94186e+06	2.07461e+06	1.87363e+06
P0AAS7	P0AAS7		ybcJ		2.53379e+06	2.59281e+06	2.3212e+06	2.32223e+06	2.31795e+06	2.16678e+06
P0AAT4	P0AAT4		mscM		2.00118e+06	1.99351e+06	2.00587e+06	2.00151e+06	2.05788e+06	2.16539e+06
P0AAT6	P0AAT6		rsfS		3.53934e+06	3.38184e+06	3.23813e+06	3.23639e+06	3.37014e+06	3.08401e+06
P0AAT9	P0AAT9		ybeL		7.49344e+06	7.69862e+06	7.75179e+06	7.53047e+06	7.98401e+06	7.40538e+06
P0AAU7	P0AAU7		ybfE		1.26578e+06	1.35299e+06	1.40528e+06	1.2449e+06	1.29478e+06	1.0733e+06
P0AAX8	P0AAX8		ybiS		5.26286e+06	5.18049e+06	5.50066e+06	5.44108e+06	5.41311e+06	4.54926e+06
P0AAZ4	P0AAZ4		rarA		1.1861e+06	1.1e+06	1.16424e+06	1.16955e+06	1.27918e+06	1.14445e+06
P0AAZ7	P0AAZ7		ycaR		5.80831e+06	5.89396e+06	5.28533e+06	5.55927e+06	5.63966e+06	5.45433e+06
P0AB10	P0AB10		ymbA		1.01889e+06	1.00993e+06	1.02639e+06	1.02914e+06	980752	930192
P0AB14	P0AB14		yccJ		2.75779e+06	2.71536e+06	2.82098e+06	2.94013e+06	2.81357e+06	2.76114e+06
P0AB18	P0AB18		tusE		1.56849e+06	1.51482e+06	1.51028e+06	1.4075e+06	1.52236e+06	1.8111e+06
P0AB24	P0AB24		efeO		4.4083e+06	4.34026e+06	4.35304e+06	4.38004e+06	4.28108e+06	4.15978e+06
P0AB26	P0AB26		yceB		2.31954e+06	2.32962e+06	2.21e+06	2.12152e+06	2.22812e+06	2.46017e+06
P0AB28	P0AB28		yceD		8.31906e+06	8.27811e+06	8.71561e+06	8.38886e+06	8.54987e+06	8.13048e+06
P0AB38	P0AB38		lpoB		5.04601e+06	4.86482e+06	5.19335e+06	4.89856e+06	5.03725e+06	4.24999e+06
P0AB43	P0AB43		ycgL		961794	905918	841490	893408	856140	902373
P0AB46	P0AB46		ymgD		2.15783e+06	1.9963e+06	2.24942e+06	2.05318e+06	2.34035e+06	2.10832e+06
P0AB52	P0AB52		ychN		2.90405e+06	2.7408e+06	2.38809e+06	2.36472e+06	2.47285e+06	2.32514e+06
P0AB55	P0AB55		yciI		4.16487e+06	4.16182e+06	3.87358e+06	4.10453e+06	3.98005e+06	3.85209e+06
P0AB58	P0AB58		yciM		338527	323915	360060	320105	329411	337100
P0AB61	P0AB61		yciN		5.06752e+06	5.07092e+06	4.96991e+06	5.04864e+06	5.02219e+06	4.75228e+06
P0AB67	P0AB67		pntB		1.77253e+06	1.82432e+06	1.7208e+06	1.74711e+06	1.70634e+06	1.97034e+06
P0AB71	P0AB71		fbaA		1.55865e+08	1.5363e+08	1.55566e+08	1.56091e+08	1.60479e+08	1.29707e+08
P0AB77	P0AB77		kbl		1.65529e+07	1.64845e+07	1.64812e+07	1.7192e+07	1.67609e+07	1.52356e+07
P0AB80	P0AB80		ilvE		7.37996e+06	7.56468e+06	7.67676e+06	7.54625e+06	7.57134e+06	7.25077e+06
P0AB83	P0AB83		nth		1.08667e+06	1.08885e+06	1.06592e+06	941511	1.12318e+06	1.31022e+06
P0AB89	P0AB89		purB		8.58467e+06	8.46996e+06	8.5489e+06	8.49628e+06	8.43776e+06	8.67984e+06
P0AB91	P0AB91		aroG		3.32906e+06	3.39094e+06	3.36794e+06	3.3741e+06	3.22724e+06	3.13273e+06
P0AB98	P0AB98		atpB		449298	665519	602941	625988	483134	397480
P0ABA0	P0ABA0		atpF		2.64271e+07	2.61058e+07	2.65875e+07	2.69906e+07	2.68259e+07	2.36294e+07
P0ABA4	P0ABA4		atpH		1.87861e+07	1.90221e+07	1.92141e+07	1.98751e+07	1.94688e+07	1.78912e+07
P0ABA6	P0ABA6		atpG		3.5139e+07	3.48199e+07	3.36587e+07	3.28169e+07	3.28351e+07	3.17604e+07
P0ABB0	P0ABB0		atpA		6.11432e+07	6.15344e+07	6.07985e+07	6.03502e+07	6.09574e+07	5.73777e+07
P0ABB4	P0ABB4		atpD		6.04645e+07	6.05584e+07	6.04635e+07	6.03675e+07	6.02304e+07	5.35222e+07
P0ABB8	P0ABB8		mgtA		642039	566520	685044	593529	679782	494654
P0ABC3	P0ABC3		hflC		7.02625e+06	6.96288e+06	7.10844e+06	6.94884e+06	7.08853e+06	6.62003e+06
P0ABC7	P0ABC7		hflK		1.61401e+07	1.65005e+07	1.65184e+07	1.67953e+07	1.69136e+07	1.50952e+07
P0ABD3	P0ABD3		bfr		6.80905e+06	6.74783e+06	6.81811e+06	6.85744e+06	6.77695e+06	6.78133e+06
P0ABD5	P0ABD5		accA		1.40661e+07	1.39628e+07	1.45771e+07	1.43725e+07	1.45351e+07	1.25954e+07
P0ABD8	P0ABD8		accB		3.47505e+07	3.31825e+07	3.25737e+07	3.30624e+07	3.35472e+07	2.94469e+07
P0ABE2	P0ABE2		bolA		3.50004e+06	3.5824e+06	3.63388e+06	3.3821e+06	3.76519e+06	3.72276e+06
P0ABF1	P0ABF1		pcnB		3.31301e+06	3.4832e+06	3.36978e+06	3.16363e+06	3.33163e+06	3.71906e+06
P0ABF6	P0ABF6		cdd		6.64618e+06	6.62412e+06	6.72683e+06	6.54145e+06	6.61778e+06	6.16006e+06
P0ABH0	P0ABH0		ftsA		2.15754e+06	2.23584e+06	2.23537e+06	2.23881e+06	2.21968e+06	1.91727e+06
P0ABH7	P0ABH7		gltA		1.04318e+07	1.07231e+07	1.08118e+07	1.03207e+07	1.07446e+07	1.08209e+07
P0ABH9	P0ABH9		clpA		1.01486e+07	1.03208e+07	1.01873e+07	1.00727e+07	1.00259e+07	9.9795e+06
P0ABI4	P0ABI4		corA		1.7144e+06	1.74626e+06	1.80641e+06	1.78624e+06	1.81038e+06	1.78678e+06
P0ABI8	P0ABI8		cyoB		2.39137e+06	2.29141e+06	2.21456e+06	2.47517e+06	2.36328e+06	2.18372e+06
P0ABJ1	P0ABJ1		cyoA		2.33297e+06	2.35625e+06	2.31677e+06	2.20309e+06	2.34426e+06	2.31448e+06
P0ABJ9	P0ABJ9		cydA		4.15705e+07	4.17161e+07	4.17597e+07	4.17347e+07	4.11177e+07	4.59346e+07
P0ABK2	P0ABK2		cydB		6.4296e+06	6.48775e+06	6.12572e+06	6.93474e+06	5.84197e+06	4.4908e+06
P0ABK5	P0ABK5		cysK		3.85892e+07	3.85033e+07	3.91013e+07	3.89956e+07	3.92469e+07	3.60739e+07
P0ABM9	P0ABM9		ccmH		751515	922427	884631	739398	798041	828930
P0ABN1	P0ABN1		dgkA		356623	393785	380435	332958	303999	284141
P0ABN5	P0ABN5		dcuA		4.75055e+06	4.67121e+06	4.81747e+06	4.9117e+06	4.78714e+06	4.62023e+06
P0ABN9	P0ABN9		dcuB		7.17124e+06	6.96803e+06	7.23958e+06	6.74259e+06	6.88515e+06	7.25638e+06
P0ABP8	P0ABP8		deoD		4.88503e+07	4.79298e+07	4.92641e+07	4.98795e+07	4.90128e+07	4.70276e+07
P0ABQ0	P0ABQ0		coaBC		786973	785887	833405	826060	790862	731305
P0ABQ2	P0ABQ2		garR		1.65706e+06	1.87791e+06	1.76264e+06	1.76093e+06	1.78033e+06	1.67429e+06
P0ABQ4	P0ABQ4		folA		2.58815e+06	2.47262e+06	2.53611e+06	2.6576e+06	2.62584e+06	2.176e+06
P0ABS1	P0ABS1		dksA		3.35938e+07	3.27444e+07	3.31969e+07	3.29598e+07	3.27543e+07	3.27927e+07
P0ABT2	P0ABT2		dps		7.62444e+07	7.542e+07	7.72763e+07	7.51263e+07	7.41696e+07	6.78478e+07
P0ABU0	P0ABU0		menB		1.177e+07	1.16311e+07	1.1713e+07	1.1912e+07	1.22231e+07	1.15733e+07
P0ABU2	P0ABU2		ychF		1.87973e+07	1.8748e+07	1.91627e+07	1.88671e+07	1.93231e+07	1.83685e+07
P0ABU5	P0ABU5		elbB		1.93462e+07	2.00021e+07	1.98112e+07	1.95086e+07	2.02435e+07	1.71798e+07
P0ABU7	P0ABU7		exbB		2.41291e+06	2.45735e+06	2.3961e+06	2.31673e+06	2.48756e+06	1.64099e+06
P0ABU9	P0ABU9		tolQ		2.25556e+06	2.38272e+06	2.37308e+06	2.37771e+06	2.34618e+06	2.29347e+06
P0ABV2	P0ABV2		exbD		2.17403e+06	2.18813e+06	2.33265e+06	2.19529e+06	2.12143e+06	2.25648e+06
P0ABV6	P0ABV6		tolR		7.07367e+06	7.39744e+06	6.44805e+06	6.73559e+06	6.32465e+06	6.80157e+06
P0ABX5	P0ABX5		flgG		1.16577e+06	1.05227e+06	1.38578e+06	1.45633e+06	1.19089e+06	1.67018e+06
P0ABX8	P0ABX8		fliL		2.64228e+06	2.63263e+06	2.66156e+06	2.73885e+06	2.61641e+06	3.18558e+06
P0ABZ1	P0ABZ1		fliG		2.44485e+06	2.33664e+06	2.41443e+06	2.42764e+06	2.46378e+06	2.55244e+06
P0ABZ4	P0ABZ4		kdsC		4.62717e+06	4.80793e+06	4.69094e+06	4.52639e+06	4.53076e+06	5.26552e+06
P0ABZ6	P0ABZ6		surA		1.22812e+07	1.20335e+07	1.2324e+07	1.21986e+07	1.20577e+07	9.79244e+06
P0AC02	P0AC02		bamD		2.10349e+07	2.09551e+07	2.07467e+07	2.12166e+07	2.0847e+07	1.96915e+07
P0AC13	P0AC13		folP		6.6729e+06	6.72802e+06	6.72431e+06	6.85637e+06	6.75616e+06	6.6243e+06
P0AC19	P0AC19		folX		3.74227e+06	3.91847e+06	3.62398e+06	3.55742e+06	3.40731e+06	3.84392e+06
P0AC30	P0AC30		ftsX		4.53866e+06	4.71819e+06	4.17394e+06	4.6813e+06	4.61066e+06	3.78887e+06
P0AC33	P0AC33		fumA		7.31091e+06	7.47319e+06	7.48725e+06	7.86295e+06	7.44253e+06	7.41201e+06
P0AC38	P0AC38		aspA		1.32008e+08	1.30801e+08	1.31082e+08	1.28777e+08	1.3245e+08	1.20571e+08
P0AC41	P0AC41		sdhA		4.69197e+06	5.03046e+06	5.05098e+06	4.86075e+06	4.96008e+06	4.96135e+06
P0AC47	P0AC47		frdB		1.81587e+07	1.82599e+07	1.74939e+07	1.72684e+07	1.74898e+07	1.79059e+07
P0AC51	P0AC51		zur		1.4117e+06	1.43407e+06	1.29839e+06	1.37655e+06	1.26405e+06	1.11394e+06
P0AC53	P0AC53		zwf		1.21379e+07	1.22885e+07	1.21619e+07	1.25019e+07	1.21144e+07	1.24733e+07
P0AC59	P0AC59		grxB		7.50905e+06	7.60246e+06	7.55574e+06	7.60785e+06	7.38312e+06	7.57159e+06
P0AC62	P0AC62		grxC		1.98122e+07	2.00431e+07	2.0151e+07	2.01095e+07	2.00592e+07	1.96292e+07
P0AC69	P0AC69		grxD		2.61505e+07	2.54227e+07	2.67848e+07	2.59173e+07	2.58579e+07	2.31356e+07
P0AC75	P0AC75		waaA		3.55093e+06	3.54223e+06	3.46764e+06	3.10173e+06	3.56432e+06	3.68692e+06
P0AC81	P0AC81		gloA		1.80126e+06	2.07596e+06	1.78031e+06	1.77371e+06	1.88323e+06	1.35692e+06
P0AC84	P0AC84		gloB		732410	622419	756622	974557	1.18006e+06	1.03902e+06
P0AC86	P0AC86		glgP		1.68806e+06	1.73647e+06	1.78184e+06	1.69083e+06	1.74527e+06	1.76293e+06
P0AC92	P0AC92		gnsA		5.74959e+06	5.22817e+06	5.51292e+06	5.53853e+06	5.4503e+06	4.73747e+06
P0ACA1	P0ACA1		yibF		601591	640098	629441	452149	438407	581406
P0ACA3	P0ACA3		sspA		3.60679e+07	3.47872e+07	3.3484e+07	3.35044e+07	3.41443e+07	3.21729e+07
P0ACA7	P0ACA7		gstB		2.39953e+06	2.43315e+06	2.39137e+06	2.35648e+06	2.35651e+06	2.33338e+06
P0ACB0	P0ACB0		dnaB		2.46087e+06	2.29373e+06	2.54708e+06	2.2291e+06	2.30882e+06	2.35759e+06
P0ACB2	P0ACB2		hemB		1.23591e+07	1.22124e+07	1.24534e+07	1.26411e+07	1.19929e+07	1.16747e+07
P0ACB4	P0ACB4		hemG		2.48023e+06	2.65736e+06	2.62289e+06	2.22055e+06	2.36832e+06	2.49346e+06
P0ACB7	P0ACB7		hemY		5.44254e+06	5.26455e+06	5.54222e+06	5.49609e+06	5.65965e+06	5.81937e+06
P0ACC3	P0ACC3		erpA		6.97247e+06	6.994e+06	7.38371e+06	7.23027e+06	7.36304e+06	7.34426e+06
P0ACC7	P0ACC7		glmU		1.47632e+07	1.44419e+07	1.49042e+07	1.44973e+07	1.48307e+07	1.28795e+07
P0ACD4	P0ACD4		nifU		1.40328e+07	1.41522e+07	1.40593e+07	1.377e+07	1.3957e+07	1.45653e+07
P0ACD8	P0ACD8		hyaB		5.97479e+06	6.06847e+06	6.11506e+06	6.02448e+06	6.04327e+06	6.35104e+06
P0ACE0	P0ACE0		hybC		1.53873e+07	1.5209e+07	1.49987e+07	1.51961e+07	1.48415e+07	1.47924e+07
P0ACE3	P0ACE3		hha		3.88262e+06	3.57421e+06	3.85102e+06	3.5952e+06	3.67433e+06	3.22505e+06
P0ACE7	P0ACE7		hinT		1.18246e+07	1.2503e+07	1.24285e+07	1.20802e+07	1.2297e+07	1.16764e+07
P0ACF0	P0ACF0		hupA		4.40245e+08	4.50299e+08	4.59135e+08	4.64164e+08	4.57271e+08	4.15574e+08
P0ACF4	P0ACF4		hupB		3.49531e+07	3.45566e+07	3.87516e+07	3.77706e+07	3.90424e+07	3.72458e+07
P0ACF8	P0ACF8		hns		5.25471e+07	5.02732e+07	5.04656e+07	5.03657e+07	5.04641e+07	4.75845e+07
P0ACG1	P0ACG1		stpA		2.34247e+07	2.39683e+07	2.38171e+07	2.46293e+07	2.34115e+07	2.51636e+07
P0ACI0	P0ACI0		rob		3.66326e+06	3.84138e+06	3.8739e+06	3.65445e+06	3.78733e+06	4.26224e+06
P0ACJ0	P0ACJ0		lrp		9.3178e+06	9.79111e+06	9.54411e+06	9.50569e+06	9.59148e+06	1.00602e+07
P0ACJ8	P0ACJ8		crp		2.48944e+07	2.46433e+07	2.52104e+07	2.53477e+07	2.5149e+07	2.16537e+07
P0ACK2	P0ACK2		agaR		399766	603173	682189	598877	695532	645721
P0ACL0	P0ACL0		glpR		1.97234e+06	2.09231e+06	2.23696e+06	2.10027e+06	2.21966e+06	2.38631e+06
P0ACL2	P0ACL2		exuR		2.49473e+06	2.3357e+06	2.635e+06	2.35937e+06	2.39652e+06	2.36189e+06
P0ACL9	P0ACL9		pdhR		1.05661e+07	1.14213e+07	1.12219e+07	1.16469e+07	1.09911e+07	9.97446e+06
P0ACM2	P0ACM2		ydfH		1.50221e+06	1.49468e+06	1.63482e+06	1.53751e+06	1.51822e+06	1.39249e+06
P0ACN4	P0ACN4		allR		9.84914e+06	1.00676e+07	1.02618e+07	1.03156e+07	1.04036e+07	9.74818e+06
P0ACN7	P0ACN7		cytR		983211	1.0226e+06	912503	942045	871296	1.2156e+06
P0ACP1	P0ACP1		cra		3.57454e+07	3.69093e+07	3.64473e+07	3.55408e+07	3.58027e+07	3.66391e+07
P0ACP5	P0ACP5		gntR		996076	1.01646e+06	1.0605e+06	1.14817e+06	1.18352e+06	902044
P0ACP7	P0ACP7		purR		4.98195e+06	4.88247e+06	5.07448e+06	4.96883e+06	5.00596e+06	4.68485e+06
P0ACQ4	P0ACQ4		oxyR		4.85814e+06	4.79279e+06	4.8736e+06	4.93423e+06	4.84597e+06	4.50472e+06
P0ACR4	P0ACR4		yeiE		2.60854e+06	2.71645e+06	2.85236e+06	2.75616e+06	2.72278e+06	2.76084e+06
P0ACR9	P0ACR9		mprA		1.55728e+07	1.51618e+07	1.54636e+07	1.51443e+07	1.54745e+07	1.44667e+07
P0ACU5	P0ACU5		fabR		3.29534e+06	3.21998e+06	3.12817e+06	3.18122e+06	3.18155e+06	3.33129e+06
P0ACU7	P0ACU7		yjdC		895502	832765	992762	908124	943390	674783
P0ACV8	P0ACV8		ymjA		586567	667627	512592	504489	520179	581219
P0ACX5	P0ACX5		ydhZ		2.81738e+06	2.71592e+06	2.64763e+06	2.81358e+06	2.63171e+06	2.82386e+06
P0ACY1	P0ACY1		ydjA		1.10969e+07	1.10648e+07	1.10968e+07	1.10554e+07	1.09224e+07	1.07886e+07
P0ACY3	P0ACY3		yeaG		1.95646e+06	1.97095e+06	2.10715e+06	1.98138e+06	2.14984e+06	2.07906e+06
P0ACY9	P0ACY9		yebG		811924	757245	938808	854661	921084	810678
P0ACZ2	P0ACZ2		etp		2.31826e+06	2.20092e+06	2.504e+06	2.23195e+06	2.36176e+06	2.18947e+06
P0ACZ4	P0ACZ4		evgA		2.62176e+06	2.49195e+06	2.72323e+06	2.63486e+06	2.53045e+06	2.62014e+06
P0AD05	P0AD05		yecA		3.29688e+06	3.00585e+06	3.03909e+06	2.99505e+06	2.81324e+06	1.96784e+06
P0AD07	P0AD07		yecF		3.79746e+06	3.80795e+06	3.88975e+06	3.91261e+06	3.73563e+06	3.14405e+06
P0AD10	P0AD10		yecJ		2.98981e+06	3.27027e+06	3.80862e+06	3.50481e+06	3.5683e+06	2.91678e+06
P0AD12	P0AD12		yeeZ		1.14344e+07	1.09772e+07	1.10061e+07	1.10057e+07	1.11166e+07	1.28128e+07
P0AD24	P0AD24		yejL		3.49592e+06	3.55779e+06	3.67944e+06	3.77085e+06	3.69958e+06	5.1284e+06
P0AD33	P0AD33		yfcZ		4.42201e+07	5.00992e+07	5.72769e+07	5.64128e+07	5.68281e+07	4.13337e+07
P0AD37	P0AD37		yfeC		1.14884e+06	986039	1.03686e+06	1.13939e+06	1.07965e+06	1.61445e+06
P0AD44	P0AD44		yfhG		974892	863008	945667	985880	960192	876172
P0AD49	P0AD49		raiA		6.93919e+06	6.77096e+06	6.64496e+06	6.73774e+06	6.86521e+06	6.51956e+06
P0AD57	P0AD57		ispB		1.3441e+06	1.45992e+06	1.36645e+06	1.29819e+06	1.35196e+06	1.30409e+06
P0AD59	P0AD59		ivy		2.66009e+06	2.6342e+06	2.58794e+06	2.52969e+06	2.5446e+06	2.42487e+06
P0AD61	P0AD61		pykF		4.50727e+07	4.56469e+07	4.46488e+07	4.40615e+07	4.48122e+07	4.16139e+07
P0AD68	P0AD68		ftsI		517803	489531	507864	469850	498431	658077
P0ADA1	P0ADA1		tesA		2.37638e+06	2.53945e+06	2.6036e+06	2.36648e+06	2.6172e+06	2.26393e+06
P0ADA3	P0ADA3		nlpD		5.79205e+06	5.76918e+06	5.40217e+06	5.35525e+06	5.55633e+06	5.44071e+06
P0ADA5	P0ADA5		yajG		2.00105e+07	2.02557e+07	2.06715e+07	2.04206e+07	2.08559e+07	1.85596e+07
P0ADA7	P0ADA7		osmB		2.50875e+06	2.57013e+06	2.74272e+06	2.20727e+06	2.58402e+06	2.04124e+06
P0ADB1	P0ADB1		osmE		2.7666e+07	2.72043e+07	2.71247e+07	2.73783e+07	2.67856e+07	2.61796e+07
P0ADB7	P0ADB7		ecnB		8.58222e+06	8.4564e+06	8.77854e+06	9.50922e+06	9.0885e+06	7.18203e+06
P0ADC1	P0ADC1		lptE		6.11142e+06	6.27842e+06	6.41488e+06	6.23706e+06	6.14337e+06	5.28286e+06
P0ADC3	P0ADC3		lolC		2.05389e+06	2.07083e+06	1.90166e+06	1.89449e+06	1.75784e+06	2.07782e+06
P0ADE4	P0ADE4		tamA		3.77786e+06	3.80608e+06	3.8988e+06	3.99224e+06	3.77772e+06	3.66451e+06
P0ADE6	P0ADE6		ygaU		705210	698459	688344	648234	729074	675522
P0ADE8	P0ADE8		ygfZ		1.03598e+07	1.03064e+07	1.04422e+07	1.0475e+07	1.02735e+07	1.00141e+07
P0ADF6	P0ADF6		edd		707716	771444	772975	702218	672777	812162
P0ADG4	P0ADG4		suhB		1.50825e+07	1.50323e+07	1.45869e+07	1.50339e+07	1.45802e+07	1.45055e+07
P0ADG7	P0ADG7		guaB		3.5816e+07	3.5298e+07	3.59766e+07	3.56649e+07	3.58101e+07	3.33196e+07
P0ADH5	P0ADH5		fimB		944953	894069	951426	924295	929137	864431
P0ADI7	P0ADI7		yecD		9.08293e+06	9.25796e+06	9.43072e+06	8.4906e+06	9.20362e+06	8.87523e+06
P0ADK0	P0ADK0		yiaF		1.52684e+07	1.55569e+07	1.53501e+07	1.54536e+07	1.53447e+07	1.4013e+07
P0ADK8	P0ADK8		yibL		9.61444e+06	9.44543e+06	9.34817e+06	9.08288e+06	9.14019e+06	8.84131e+06
P0ADN2	P0ADN2		yifE		6.30646e+06	6.26572e+06	6.32273e+06	6.30364e+06	6.22145e+06	5.79739e+06
P0ADP0	P0ADP0		yigB		1.2276e+06	1.15931e+06	1.22469e+06	1.10959e+06	1.25564e+06	1.14687e+06
P0ADP7	P0ADP7		yigP		2.39337e+06	2.24971e+06	1.71986e+06	1.30749e+06	1.62379e+06	2.70565e+06
P0ADP9	P0ADP9		yihD		4.94374e+06	5.06332e+06	4.90674e+06	4.7132e+06	4.88396e+06	4.99347e+06
P0ADQ2	P0ADQ2		yiiD		1.04525e+06	1.03321e+06	949211	966992	891313	
P0ADQ7	P0ADQ7		ygaM		1.26721e+07	1.22565e+07	1.23375e+07	1.26262e+07	1.25796e+07	1.34484e+07
P0ADR6	P0ADR6		rlmM		3.50063e+06	3.55773e+06	3.71677e+06	3.7391e+06	3.52007e+06	3.1533e+06
P0ADR8	P0ADR8		ygdH		8.74954e+06	8.86776e+06	8.68405e+06	8.65998e+06	8.84108e+06	8.73604e+06
P0ADS2	P0ADS2		zapA		1.47563e+07	1.40915e+07	1.51091e+07	1.50347e+07	1.43062e+07	1.45104e+07
P0ADS6	P0ADS6		yggE		5.02378e+06	5.00342e+06	5.23467e+06	5.17757e+06	5.32766e+06	4.27e+06
P0ADS9	P0ADS9		yggN		2.56379e+06	2.54971e+06	2.60415e+06	2.64842e+06	2.59516e+06	2.65934e+06
P0ADT2	P0ADT2		ygiB		805645	792195	890309	884401	854307	687340
P0ADT5	P0ADT5		ygiC		3.25762e+06	3.15834e+06	3.14822e+06	3.2431e+06	3.09912e+06	3.07063e+06
P0ADT8	P0ADT8		ygiM		1.18654e+07	1.25117e+07	1.23873e+07	1.17573e+07	1.20542e+07	1.2159e+07
P0ADU2	P0ADU2		ygiN		9.61155e+06	9.74491e+06	9.5767e+06	9.68381e+06	9.4259e+06	7.3814e+06
P0ADU5	P0ADU5		ygiW		7.53254e+06	7.6395e+06	7.42215e+06	7.50768e+06	7.0934e+06	7.97438e+06
P0ADV1	P0ADV1		lptA		3.38044e+06	3.64662e+06	3.40184e+06	3.2608e+06	3.60842e+06	3.46035e+06
P0ADV5	P0ADV5		yhbW		960410	1.06989e+06	1.32896e+06	1.24942e+06	1.06642e+06	1.06669e+06
P0ADV7	P0ADV7		mlaC		9.89925e+06	1.01286e+07	1.06969e+07	1.03948e+07	1.04934e+07	1.01265e+07
P0ADW3	P0ADW3		yhcB		3.15242e+07	3.11148e+07	3.10001e+07	3.08376e+07	3.07665e+07	2.72575e+07
P0ADX1	P0ADX1		yhfA		2.37887e+06	2.52609e+06	2.30576e+06	2.32805e+06	2.4186e+06	1.8419e+06
P0ADX7	P0ADX7		yhhA		269708			251441	325002	363590
P0ADY1	P0ADY1		ppiD		2.27962e+07	2.26607e+07	2.27037e+07	2.2778e+07	2.32003e+07	2.10211e+07
P0ADY3	P0ADY3		rplN		4.87436e+07	4.74114e+07	4.96546e+07	4.90702e+07	4.91991e+07	4.01496e+07
P0ADY7	P0ADY7		rplP		4.41876e+07	4.52265e+07	4.67643e+07	4.6425e+07	4.65822e+07	3.99222e+07
P0ADZ0	P0ADZ0		rplW		7.40387e+06	7.70705e+06	8.15268e+06	8.51826e+06	8.42307e+06	8.34834e+06
P0ADZ4	P0ADZ4		rpsO		9.2592e+07	9.15787e+07	9.1967e+07	8.88375e+07	9.20406e+07	7.36408e+07
P0ADZ7	P0ADZ7		yajC		1.9685e+07	1.9046e+07	2.06852e+07	2.07418e+07	2.05363e+07	1.78659e+07
P0AE01	P0AE01		trmJ		4.10036e+06	4.13948e+06	4.34605e+06	4.2811e+06	4.24001e+06	4.18873e+06
P0AE06	P0AE06		acrA		2.11089e+07	2.09566e+07	2.12419e+07	2.12048e+07	2.10554e+07	1.62977e+07
P0AE08	P0AE08		ahpC		3.05261e+07	3.02713e+07	3.06066e+07	3.08688e+07	3.04716e+07	2.60824e+07
P0AE12	P0AE12		amn		1.10272e+06	1.16973e+06	1.10638e+06	1.11501e+06	1.18942e+06	1.29214e+06
P0AE18	P0AE18		map		1.00686e+07	9.78857e+06	9.39792e+06	9.725e+06	9.64204e+06	9.03754e+06
P0AE22	P0AE22		aphA		1.71533e+06	1.80229e+06	1.80634e+06	1.68743e+06	1.7777e+06	1.96927e+06
P0AE39	P0AE39		ypdB		1.72881e+06	1.71064e+06	1.75864e+06	1.90124e+06	1.64792e+06	1.86998e+06
P0AE45	P0AE45		ytfL		237883	280233	206542	299693	228024	246071
P0AE48	P0AE48		ytfP		4.81961e+06	4.99118e+06	4.88662e+06	4.94614e+06	5.07665e+06	5.63879e+06
P0AE52	P0AE52		bcp		2.0109e+07	1.96739e+07	1.84388e+07	1.9032e+07	1.94032e+07	1.75427e+07
P0AE60	P0AE60		cedA		1.22308e+06	1.2059e+06	1.24412e+06	1.19296e+06	1.2816e+06	1.20956e+06
P0AE67	P0AE67		cheY		1.54216e+06	1.507e+06	1.39791e+06	1.37656e+06	1.3545e+06	1.31053e+06
P0AE78	P0AE78		corC		954462	929584	903614	962004	897535	1.02531e+06
P0AE82	P0AE82		cpxA		1.53006e+06	1.43773e+06	1.5495e+06	1.52721e+06	1.58028e+06	1.59809e+06
P0AE85	P0AE85		cpxP		810552	749950	738393	790752	863072	729165
P0AE88	P0AE88		cpxR		4.76368e+06	4.83518e+06	4.73418e+06	4.89995e+06	4.76988e+06	4.17922e+06
P0AE91	P0AE91		creA		3.26844e+06	3.19685e+06	3.35946e+06	3.47067e+06	3.39567e+06	3.32146e+06
P0AEA8	P0AEA8		cysG		1.96462e+06	1.86586e+06	1.87127e+06	1.85508e+06	2.02571e+06	1.60003e+06
P0AEB2	P0AEB2		dacA		8.01608e+06	7.93697e+06	7.97457e+06	8.43108e+06	7.99623e+06	7.5823e+06
P0AEB7	P0AEB7		yoaB		1.12931e+07	1.11675e+07	1.04789e+07	1.00287e+07	9.95801e+06	9.67969e+06
P0AEC3	P0AEC3		arcB		189095	240646	307611	114307	229003	261817
P0AED0	P0AED0		uspA		9.05472e+06	8.74939e+06	8.22134e+06	8.41886e+06	8.35596e+06	7.33751e+06
P0AED5	P0AED5		uvrY		4.07106e+06	4.01161e+06	3.88307e+06	3.99704e+06	3.85858e+06	3.97652e+06
P0AED7	P0AED7		dapE		5.08573e+06	4.96587e+06	4.96937e+06	5.00636e+06	4.9709e+06	5.01108e+06
P0AED9	P0AED9		dcm		411422	359815	339124	358958	328219	319158
P0AEE1	P0AEE1		dcrB		8.24227e+06	8.09284e+06	7.89789e+06	8.1248e+06	7.61067e+06	7.38213e+06
P0AEE5	P0AEE5		mglB		1.80571e+06	1.88716e+06	2.21059e+06	2.08459e+06	2.06024e+06	1.95991e+06
P0AEE8	P0AEE8		dam		362977	351587	255415	293376	279812	475132
P0AEF4	P0AEF4		dpiA		2.05718e+06	1.91758e+06	2.16376e+06	1.93965e+06	2.04077e+06	1.86523e+06
P0AEG4	P0AEG4		dsbA		5.74074e+06	5.57203e+06	5.58269e+06	5.38594e+06	5.27365e+06	5.53588e+06
P0AEG6	P0AEG6		dsbC		2.49439e+06	2.62078e+06	2.59916e+06	2.71032e+06	2.72678e+06	2.22143e+06
P0AEH1	P0AEH1		rseP		1.28227e+06	1.28739e+06	1.24124e+06	1.25605e+06	1.26677e+06	1.45986e+06
P0AEH5	P0AEH5		elaB		5.5841e+06	5.56468e+06	6.17141e+06	5.93185e+06	5.99691e+06	5.12507e+06
P0AEI1	P0AEI1		miaB		1.13382e+07	1.11481e+07	1.08119e+07	1.07557e+07	1.09879e+07	1.10848e+07
P0AEI4	P0AEI4		rimO		4.57783e+06	4.50441e+06	4.90309e+06	4.53448e+06	4.51974e+06	4.35165e+06
P0AEI6	P0AEI6		nudJ		3.14565e+06	3.19597e+06	3.09608e+06	3.13655e+06	3.09907e+06	3.02668e+06
P0AEJ2	P0AEJ2		entC		1.22495e+06	1.19185e+06	1.11272e+06	1.11936e+06	1.19648e+06	1.27012e+06
P0AEK2	P0AEK2		fabG		6.9015e+07	6.96447e+07	6.95508e+07	6.92654e+07	7.04353e+07	6.40102e+07
P0AEK4	P0AEK4		fabI		3.31119e+07	3.29749e+07	3.32004e+07	3.3522e+07	3.38899e+07	2.88433e+07
P0AEL6	P0AEL6		fepB		2.25364e+06	2.2845e+06	2.33844e+06	2.22413e+06	2.3443e+06	1.97529e+06
P0AEM0	P0AEM0		fkpB		1.7552e+06	1.73831e+06	1.63817e+06	1.48362e+06	1.73536e+06	1.57533e+06
P0AEM4	P0AEM4		flgM		2.11246e+06	2.15334e+06	2.05164e+06	2.15246e+06	2.20855e+06	1.73284e+06
P0AEM6	P0AEM6		fliA		2.61468e+06	2.6421e+06	2.6305e+06	2.44494e+06	2.67158e+06	2.76517e+06
P0AEM9	P0AEM9		fliY		7.3472e+06	7.19975e+06	7.37685e+06	7.19301e+06	7.41162e+06	7.15922e+06
P0AEN1	P0AEN1		fre		9.38572e+06	9.44481e+06	9.0138e+06	8.68825e+06	9.02494e+06	9.95654e+06
P0AEN4	P0AEN4		ftsL		1.16528e+06	1.2085e+06	1.2091e+06	1.20602e+06	1.13972e+06	900849
P0AEN8	P0AEN8		fucU		5.24427e+06	5.4951e+06	5.30273e+06	4.97754e+06	5.29015e+06	5.35865e+06
P0AEP3	P0AEP3		galU		6.08791e+07	6.13982e+07	6.00546e+07	6.09624e+07	6.07417e+07	5.75468e+07
P0AEQ3	P0AEQ3		glnH		1.60883e+07	1.56244e+07	1.5923e+07	1.59134e+07	1.57835e+07	1.43043e+07
P0AEQ6	P0AEQ6		glnP		2.63954e+06	2.57184e+06	2.36551e+06	2.49314e+06	2.38597e+06	2.90808e+06
P0AES0	P0AES0		gsp		1.9177e+06	1.86713e+06	1.94446e+06	1.94698e+06	1.87132e+06	1.78608e+06
P0AES2	P0AES2		gudD		1.28344e+06	1.24649e+06	1.30844e+06	1.33894e+06	1.23394e+06	1.27034e+06
P0AES4	P0AES4		gyrA		1.41937e+07	1.43185e+07	1.41058e+07	1.40443e+07	1.39422e+07	1.40293e+07
P0AES6	P0AES6		gyrB		8.74536e+06	8.77766e+06	8.81242e+06	8.78626e+06	8.72398e+06	8.4834e+06
P0AES9	P0AES9		hdeA		7.79229e+06	7.92935e+06	7.38924e+06	6.99675e+06	7.85152e+06	6.12909e+06
P0AET2	P0AET2		hdeB		1.4727e+07	1.43486e+07	1.37647e+07	1.32017e+07	1.44369e+07	1.53104e+07
P0AET8	P0AET8		hdhA		1.28018e+06	1.32609e+06	1.36212e+06	1.25142e+06	1.38905e+06	1.33044e+06
P0AEU0	P0AEU0		hisJ		3.67134e+06	3.65457e+06	3.7147e+06	3.54236e+06	3.78357e+06	3.13364e+06
P0AEU7	P0AEU7		skp		2.4635e+07	2.40793e+07	2.50322e+07	2.4295e+07	2.46513e+07	2.30623e+07
P0AEV4	P0AEV4		hycA		596031	1.18033e+06	788112	487307	728928	1.41804e+06
P0AEW6	P0AEW6		gsk		2.53183e+06	2.58074e+06	2.60735e+06	2.63507e+06	2.58986e+06	2.49489e+06
P0AEW9	P0AEW9		fruK		1.77088e+07	1.69124e+07	1.69644e+07	1.6756e+07	1.67982e+07	1.58177e+07
P0AEX5	P0AEX5		prkB		1.38057e+06	1.35701e+06	1.36312e+06	1.35226e+06	1.44223e+06	1.45309e+06
P0AEX9	P0AEX9		malE		7.18392e+06	7.12121e+06	6.55542e+06	6.38586e+06	6.342e+06	7.23463e+06
P0AEY3	P0AEY3		mazG		1.55847e+06	1.60167e+06	1.59464e+06	1.46004e+06	1.62717e+06	1.38535e+06
P0AEY5	P0AEY5		mdaB		1.93742e+06	1.5405e+06	1.91665e+06	2.23e+06	1.88656e+06	2.18446e+06
P0AEZ3	P0AEZ3		minD		1.62124e+07	1.58376e+07	1.69057e+07	1.67384e+07	1.69926e+07	1.52739e+07
P0AEZ9	P0AEZ9		moaB		9.36869e+06	9.03189e+06	9.2589e+06	9.31296e+06	9.40484e+06	9.10924e+06
P0AF03	P0AF03		mog		1.23791e+07	1.27634e+07	1.29019e+07	1.31013e+07	1.29887e+07	1.33431e+07
P0AF08	P0AF08		mrp		4.37101e+06	4.62608e+06	4.36739e+06	4.39417e+06	4.45647e+06	4.40538e+06
P0AF12	P0AF12		mtnN		2.65297e+07	2.51806e+07	2.42762e+07	2.40294e+07	2.51374e+07	2.53632e+07
P0AF18	P0AF18		nagA		3.60974e+06	3.54966e+06	3.55136e+06	3.44321e+06	3.5782e+06	3.46368e+06
P0AF20	P0AF20		nagC		1.36358e+06	1.56387e+06	1.57535e+06	1.49893e+06	1.49293e+06	1.6905e+06
P0AF24	P0AF24		nagD		2.00322e+06	2.09607e+06	2.32207e+06	2.19331e+06	2.15124e+06	1.97615e+06
P0AF28	P0AF28		narL		7.14368e+06	7.10391e+06	7.02251e+06	7.09633e+06	7.06783e+06	6.3801e+06
P0AF36	P0AF36		zapB		6.4197e+06	6.48074e+06	6.9837e+06	7.12411e+06	7.10848e+06	6.24325e+06
P0AF48	P0AF48		yjbQ		1.32854e+06	1.30667e+06	1.44499e+06	1.45262e+06	1.21429e+06	1.17183e+06
P0AF50	P0AF50		yjbR		7.74344e+06	7.35812e+06	7.52529e+06	7.11002e+06	7.2429e+06	7.14378e+06
P0AF61	P0AF61		yjdK		1.64887e+06	1.46971e+06	1.32744e+06	1.474e+06	1.47689e+06	1.30226e+06
P0AF63	P0AF63		nsrR		1.28202e+06	1.14848e+06	1.34163e+06	1.27174e+06	1.3535e+06	1.15375e+06
P0AF67	P0AF67		yjeE		3.62034e+06	3.65597e+06	3.55625e+06	3.41777e+06	3.6769e+06	3.25151e+06
P0AF70	P0AF70		yjeI		9.10438e+06	8.57877e+06	8.84845e+06	9.17611e+06	9.1106e+06	6.62258e+06
P0AF90	P0AF90		rraB		6.24452e+06	6.24285e+06	5.43214e+06	5.43937e+06	6.12345e+06	5.94566e+06
P0AF93	P0AF93		ridA		9.64996e+07	9.87089e+07	9.15078e+07	9.43812e+07	9.78974e+07	9.33499e+07
P0AF96	P0AF96		tabA		2.77975e+06	2.76523e+06	2.9603e+06	2.97236e+06	3.13208e+06	2.71714e+06
P0AF98	P0AF98		lptF		890521	964197	879528	911620	996356	870364
P0AFA7	P0AFA7		nhaB		504858	556375	562008	553189	528328	568452
P0AFB1	P0AFB1		nlpI		1.45529e+06	1.72858e+06	1.50479e+06	1.55872e+06	1.53603e+06	1.68961e+06
P0AFB5	P0AFB5		glnL		694729	702545	628576	532039	642122	736667
P0AFB8	P0AFB8		glnG		9.96771e+06	9.71666e+06	9.53122e+06	1.0003e+07	9.69434e+06	9.47083e+06
P0AFC3	P0AFC3		nuoA		2.56969e+06	2.43029e+06	2.36935e+06	2.41226e+06	2.34734e+06	2.46799e+06
P0AFC7	P0AFC7		nuoB		6.98532e+06	6.65603e+06	6.87974e+06	7.14246e+06	6.65162e+06	6.39715e+06
P0AFD1	P0AFD1		nuoE		6.32247e+06	6.48673e+06	6.48354e+06	6.50062e+06	6.35476e+06	5.99327e+06
P0AFD4	P0AFD4		nuoH		2.44471e+06	2.50361e+06	2.47363e+06	2.55505e+06	2.47732e+06	2.78187e+06
P0AFD6	P0AFD6		nuoI		8.82765e+06	9.03883e+06	9.67382e+06	9.53951e+06	9.17287e+06	7.75063e+06
P0AFF2	P0AFF2		nupC		646128	548375	444997	518703	506901	495613
P0AFF6	P0AFF6		nusA		2.30694e+07	2.27382e+07	2.26465e+07	2.33913e+07	2.27626e+07	2.01729e+07
P0AFG0	P0AFG0		nusG		1.77181e+07	1.7531e+07	1.79315e+07	1.65982e+07	1.75813e+07	1.43604e+07
P0AFG3	P0AFG3		sucA		8.86312e+06	8.8681e+06	8.73443e+06	8.95444e+06	8.82955e+06	9.30667e+06
P0AFG6	P0AFG6		sucB		6.53089e+06	6.36815e+06	6.38638e+06	6.78385e+06	6.62414e+06	6.26808e+06
P0AFG8	P0AFG8		aceE		1.18603e+08	1.18227e+08	1.18734e+08	1.1743e+08	1.18004e+08	1.11924e+08
P0AFH8	P0AFH8		osmY		2.47565e+07	2.48834e+07	2.58455e+07	2.48163e+07	2.52722e+07	2.1702e+07
P0AFI0	P0AFI0		oxc		975480	1.0561e+06	949675	1.03039e+06	1.12817e+06	1.05133e+06
P0AFI2	P0AFI2		parC		4.54448e+06	4.71026e+06	4.60863e+06	4.54722e+06	4.83097e+06	4.81932e+06
P0AFI7	P0AFI7		pdxH		2.94112e+06	2.90626e+06	3.04392e+06	3.03503e+06	3.08772e+06	3.30315e+06
P0AFJ1	P0AFJ1		phnA		1.93127e+06	1.92829e+06	1.92478e+06	1.93687e+06	1.99976e+06	1.7531e+06
P0AFJ7	P0AFJ7		pitA		1.54647e+06	1.54254e+06	1.66462e+06	1.72972e+06	1.56298e+06	1.31331e+06
P0AFK0	P0AFK0		pmbA		4.29274e+06	4.40028e+06	4.40848e+06	4.56514e+06	4.41066e+06	4.52538e+06
P0AFK9	P0AFK9		potD		7.21188e+06	7.04061e+06	7.16921e+06	7.05555e+06	7.05686e+06	6.80229e+06
P0AFL3	P0AFL3		ppiA		6.18931e+06	6.40539e+06	6.38825e+06	6.18731e+06	6.37024e+06	6.27536e+06
P0AFL6	P0AFL6		ppx		1.49926e+06	1.5273e+06	1.54893e+06	1.55213e+06	1.5673e+06	1.62611e+06
P0AFM2	P0AFM2		proX		1.38921e+06	1.40468e+06	1.46728e+06	1.2432e+06	1.4632e+06	1.22717e+06
P0AFM6	P0AFM6		pspA		4.03643e+06	3.93656e+06	3.93875e+06	4.00714e+06	4.1405e+06	3.60299e+06
P0AFM9	P0AFM9		pspB		743218	879467	739299	784435	726697	635161
P0AFP4	P0AFP4		ybbO		960596	989015	1.03551e+06	1.10074e+06	969735	1.12006e+06
P0AFP6	P0AFP6		ybgI		7.10612e+06	6.87887e+06	7.12408e+06	7.35301e+06	7.02129e+06	7.00358e+06
P0AFQ7	P0AFQ7		ycfH		4.85084e+06	4.77628e+06	4.78122e+06	4.77051e+06	4.82262e+06	4.57046e+06
P0AFR4	P0AFR4		yciO		6.26492e+06	6.05221e+06	6.41789e+06	6.28787e+06	6.46243e+06	5.97545e+06
P0AFU8	P0AFU8		ribC		9.33605e+06	9.44738e+06	9.45631e+06	9.07403e+06	9.30928e+06	9.74175e+06
P0AFW0	P0AFW0		rfaH		436955	471699	398862	405145	433905	393898
P0AFW8	P0AFW8		rof		2.87747e+06	2.80891e+06	3.00059e+06	2.86693e+06	3.06979e+06	2.73295e+06
P0AFX0	P0AFX0		hpf		730724	700293	667457	581644	549980	734375
P0AFX4	P0AFX4		rsd		526655	584975	392804	390131	363608	612656
P0AFX7	P0AFX7		rseA		1.88165e+06	1.85854e+06	1.82677e+06	1.83336e+06	1.73618e+06	2.32263e+06
P0AFX9	P0AFX9		rseB		2.70164e+06	2.81048e+06	2.6205e+06	2.66641e+06	2.57595e+06	2.74585e+06
P0AFY8	P0AFY8		seqA		9.83475e+06	9.43366e+06	9.56321e+06	9.85144e+06	9.57002e+06	9.61127e+06
P0AFZ1	P0AFZ1		sseB		1.43202e+06	1.51348e+06	1.52474e+06	1.4939e+06	1.36096e+06	1.4516e+06
P0AFZ3	P0AFZ3		sspB		8.28193e+06	8.75206e+06	8.60396e+06	8.43684e+06	8.35925e+06	8.27316e+06
P0AG00	P0AG00		wzzE		2.99693e+06	2.87389e+06	2.93052e+06	2.9532e+06	3.04762e+06	2.89355e+06
P0AG07	P0AG07		rpe		1.18941e+07	1.20665e+07	1.20357e+07	1.23232e+07	1.17864e+07	1.17906e+07
P0AG14	P0AG14		sohB		2.28145e+06	2.23145e+06	2.27624e+06	2.34767e+06	2.15602e+06	1.82587e+06
P0AG16	P0AG16		purF		885218	909630	979216	814597	894663	930721
P0AG18	P0AG18		purE		880740	938521	906329	785494	946500	1.16272e+06
P0AG20	P0AG20		relA		1.50352e+06	1.54817e+06	1.55958e+06	1.56111e+06	1.51459e+06	1.55779e+06
P0AG24	P0AG24		spoT		1.04808e+06	1.1142e+06	1.06666e+06	1.05776e+06	1.05842e+06	1.11761e+06
P0AG27	P0AG27		yibN		1.54512e+07	1.57832e+07	1.6176e+07	1.60914e+07	1.60465e+07	1.6623e+07
P0AG30	P0AG30		rho		3.30472e+07	3.33764e+07	3.33005e+07	3.32273e+07	3.27616e+07	3.30345e+07
P0AG40	P0AG40		ribF		1.78742e+06	1.76052e+06	1.77175e+06	1.71102e+06	1.79624e+06	1.83579e+06
P0AG44	P0AG44		rplQ		2.64004e+08	2.61559e+08	2.54693e+08	2.57917e+08	2.54873e+08	2.51679e+08
P0AG48	P0AG48		rplU		9.9083e+07	1.00832e+08	1.03046e+08	1.04146e+08	1.03144e+08	8.64587e+07
P0AG51	P0AG51		rpmD		9.24363e+07	9.75156e+07	9.79885e+07	9.6914e+07	9.80579e+07	7.86818e+07
P0AG55	P0AG55		rplF		1.97967e+08	1.99053e+08	2.02339e+08	1.97563e+08	1.9748e+08	1.85689e+08
P0AG59	P0AG59		rpsN		2.51035e+07	2.50656e+07	2.59369e+07	2.66413e+07	2.59261e+07	2.20319e+07
P0AG63	P0AG63		rpsQ		1.32552e+08	1.30959e+08	1.43258e+08	1.45297e+08	1.42422e+08	1.05134e+08
P0AG67	P0AG67		rpsA		3.17093e+08	3.1767e+08	3.1495e+08	3.12122e+08	3.16385e+08	2.89822e+08
P0AG78	P0AG78		sbp		541386	538217	441529	550139	780195	499022
P0AG82	P0AG82		pstS		2.5364e+06	2.53994e+06	2.54218e+06	2.51949e+06	2.59784e+06	2.56851e+06
P0AG86	P0AG86		secB		2.59464e+07	2.47258e+07	2.59715e+07	2.54208e+07	2.55878e+07	2.11642e+07
P0AG90	P0AG90		secD		1.84795e+07	1.83931e+07	1.81614e+07	1.87149e+07	1.87486e+07	1.94211e+07
P0AG93	P0AG93		secF		1.98842e+06	1.87293e+06	1.85492e+06	1.89717e+06	1.85859e+06	1.9528e+06
P0AG96	P0AG96		secE		720673	714282	638461	692040	596645	753291
P0AG99	P0AG99		secG		6.51273e+06	6.52214e+06	6.08186e+06	5.96126e+06	6.05104e+06	6.53752e+06
P0AGA2	P0AGA2		secY		4.00727e+06	3.96029e+06	3.94318e+06	4.05975e+06	3.93164e+06	3.97818e+06
P0AGB0	P0AGB0		serB		2.42191e+06	2.39608e+06	2.50579e+06	2.37405e+06	2.35988e+06	2.41579e+06
P0AGB6	P0AGB6		rpoE		3.70201e+06	3.74104e+06	3.61079e+06	3.69069e+06	3.73545e+06	4.40651e+06
P0AGC3	P0AGC3		slt		3.63716e+06	3.69831e+06	3.71392e+06	3.79923e+06	3.79112e+06	3.9692e+06
P0AGD1	P0AGD1		sodC		831059	788038	849679	793993	865966	
P0AGD3	P0AGD3		sodB		8.50364e+07	8.46673e+07	7.82185e+07	7.55151e+07	7.61338e+07	8.16521e+07
P0AGD7	P0AGD7		ffh		4.75064e+06	4.87983e+06	4.8311e+06	4.83272e+06	4.85975e+06	5.04808e+06
P0AGE0	P0AGE0		ssb		3.23318e+07	3.22354e+07	3.21588e+07	3.25902e+07	3.28475e+07	3.05034e+07
P0AGE6	P0AGE6		yieF		5.61425e+06	5.53577e+06	5.68987e+06	5.48961e+06	5.68183e+06	4.9895e+06
P0AGE9	P0AGE9		sucD		1.13617e+07	1.12426e+07	1.1378e+07	1.12855e+07	1.11137e+07	1.05832e+07
P0AGF2	P0AGF2		ygdK		1.94129e+06	2.05696e+06	1.8814e+06	1.84961e+06	1.82398e+06	2.06026e+06
P0AGG0	P0AGG0		thiL		3.25906e+06	3.24914e+06	3.40131e+06	2.72179e+06	3.39723e+06	3.76949e+06
P0AGG2	P0AGG2		tesB		719727	676063	603284	683354	678045	818091
P0AGG4	P0AGG4		trxC		3.66952e+06	3.48343e+06	3.89391e+06	4.01392e+06	3.37938e+06	3.50864e+06
P0AGG8	P0AGG8		tldD		2.97389e+06	3.07994e+06	3.11509e+06	2.94336e+06	3.07666e+06	3.19189e+06
P0AGI8	P0AGI8		trkA		391843	425994	476150	402098	460043	494824
P0AGJ2	P0AGJ2		trmH		1.547e+06	1.56591e+06	1.61668e+06	1.51491e+06	1.49266e+06	1.48633e+06
P0AGJ5	P0AGJ5		yfiF		1.24717e+07	1.25969e+07	1.28977e+07	1.27996e+07	1.2778e+07	1.18115e+07
P0AGJ7	P0AGJ7		trmL		2.87941e+06	2.91703e+06	3.12537e+06	3.1355e+06	3.07928e+06	3.15039e+06
P0AGJ9	P0AGJ9		tyrS		1.1674e+07	1.17331e+07	1.19785e+07	1.1497e+07	1.17249e+07	1.00163e+07
P0AGK4	P0AGK4		yhbY		1.508e+07	1.54854e+07	1.46834e+07	1.46766e+07	1.49035e+07	1.4715e+07
P0AGK8	P0AGK8		iscR		2.00742e+06	2.09738e+06	2.15582e+06	2.11605e+06	1.95129e+06	1.98668e+06
P0AGL2	P0AGL2		tdcF		1.04917e+06	1.03032e+06	927780	996309	943447	1.19537e+06
P0AGL7	P0AGL7		rsmE		4.00671e+06	4.09302e+06	4.0092e+06	4.05837e+06	4.08203e+06	4.04302e+06
P0AGM5	P0AGM5		sirB1		442791	406034	459678	423685	371490	463801
P0C018	P0C018		rplR		3.47379e+07	3.73546e+07	3.79669e+07	3.60762e+07	3.70893e+07	3.25383e+07
P0C037	P0C037		yaiE		6.35626e+06	6.4985e+06	6.32255e+06	6.81328e+06	6.37226e+06	5.72987e+06
P0C054	P0C054		ibpA		4.84507e+06	4.89825e+06	4.8231e+06	4.71627e+06	4.6908e+06	4.73013e+06
P0C093	P0C093		slmA		3.40265e+06	3.50108e+06	3.03868e+06	3.2514e+06	3.24024e+06	3.595e+06
P0C0K3	P0C0K3		rdoA		970641	985596	1.05282e+06	1.00482e+06	1.02827e+06	1.02265e+06
P0C0L2	P0C0L2		osmC		5.36126e+06	5.35773e+06	5.21538e+06	5.22666e+06	5.36127e+06	4.88601e+06
P0C0L7	P0C0L7		proP		2.50942e+06	2.57212e+06	2.45548e+06	2.39031e+06	2.53717e+06	2.45424e+06
P0C0L9	P0C0L9		iscX		1.52191e+06	1.55588e+06	1.6471e+06	1.60765e+06	1.66917e+06	1.49757e+06
P0C0R7	P0C0R7		rlmE		2.96855e+06	2.89651e+06	2.96461e+06	2.84506e+06	2.94283e+06	3.13531e+06
P0C0S1	P0C0S1		mscS		9.04748e+06	9.06594e+06	8.21686e+06	8.09676e+06	8.60347e+06	9.82618e+06
P0C0V0	P0C0V0		degP		1.49753e+07	1.48635e+07	1.46565e+07	1.46837e+07	1.46477e+07	1.42658e+07
P0C960	P0C960		emtA		78528.8	83170.4				123549
P0CB39	P0CB39		eptC		1.71627e+06	1.80245e+06	1.68102e+06	1.65389e+06	1.7227e+06	1.71704e+06
P0CE47	P0CE47		tufA		1.50872e+09	1.50923e+09	1.60696e+09	1.58361e+09	1.58057e+09	1.29264e+09
P0CG19	P0CG19		rph		7.16933e+06	6.74889e+06	6.82168e+06	6.99695e+06	6.91848e+06	6.82558e+06
P0CK95	P0CK95		yghJ		4.7427e+06	4.71105e+06	4.84844e+06	4.90268e+06	4.81872e+06	4.73508e+06
P10100	P10100		rlpA		3.38635e+06	3.433e+06	3.46656e+06	3.57586e+06	3.62504e+06	3.75301e+06
P10121	P10121		ftsY		5.37922e+06	5.39416e+06	5.49567e+06	5.3872e+06	5.41239e+06	5.41052e+06
P10145ups|IL8_HUMAN_UPS Interleukin-8, IL-8 (Chain 28-99) - Homo sapiens (Human)	P10145ups|IL8_HUMAN_UPS Interleukin-8, IL-8 (Chain 28-99) - Homo sapiens (Human)				916882	998560	162797	225417	160363	832181
P10346	P10346		glnQ		3.15121e+06	3.01848e+06	3.24236e+06	3.26163e+06	3.10814e+06	3.11187e+06
P10371	P10371		hisA		2.98132e+06	2.84229e+06	2.86121e+06	3.03261e+06	2.9565e+06	2.63293e+06
P10384	P10384		fadL		1.03272e+07	1.02911e+07	1.00235e+07	1.03239e+07	1.05268e+07	9.036e+06
P10408	P10408		secA		7.2212e+06	7.34934e+06	7.31542e+06	7.31722e+06	7.3017e+06	6.97964e+06
P10441	P10441		lpxB		994031	1.04341e+06	1.09591e+06	1.02189e+06	1.07245e+06	1.0603e+06
P10443	P10443		dnaE		1.09571e+06	1.14701e+06	1.13928e+06	1.05403e+06	1.23001e+06	864212
P10636-8ups|TAU_HUMAN_UPS Microtubule-associated protein tau {Isoform Tau-F (Tau-4)} (Chain 2-441) - Homo sapiens (Human)	P10636-8ups|TAU_HUMAN_UPS Microtubule-associated protein tau {Isoform Tau-F (Tau-4)} (Chain 2-441) - Homo sapiens (Human)				2.65676e+06	2.60898e+06	695173	766993	678150	2.50825e+06
P10903	P10903		narK		2.50388e+06	2.43543e+06	2.83223e+06	2.48103e+06	2.60684e+06	1.87124e+06
P10908	P10908		ugpQ		360247	473310	416327	484630	427873	438112
P11349	P11349		narH		1.58918e+06	1.51892e+06	1.60391e+06	1.56244e+06	1.56033e+06	1.60736e+06
P11447	P11447		argH		2.00764e+06	2.03857e+06	2.04221e+06	2.09582e+06	2.15284e+06	1.90842e+06
P11557	P11557		damX		7.91174e+06	8.06854e+06	8.4705e+06	8.33898e+06	8.59163e+06	7.77964e+06
P11875	P11875		argS		1.2913e+07	1.29214e+07	1.24603e+07	1.26545e+07	1.24546e+07	1.35636e+07
P11880	P11880		murF		5.75334e+06	5.3574e+06	5.66149e+06	5.44028e+06	5.61334e+06	5.25495e+06
P12008	P12008		aroC		3.37312e+06	3.53879e+06	3.43357e+06	3.43413e+06	3.41177e+06	3.64581e+06
P12081ups|SYHC_HUMAN_UPS Histidyl-tRNA synthetase, cytoplasmic (Chain 1-509, C terminal His tag) - Homo sapiens (Human)	P12081ups|SYHC_HUMAN_UPS Histidyl-tRNA synthetase, cytoplasmic (Chain 1-509, C terminal His tag) - Homo sapiens (Human)				5.96547e+06	6.13814e+06	1.6278e+06	1.66789e+06	1.74552e+06	6.21586e+06
P12281	P12281		moeA		5.80067e+06	5.92548e+06	6.11587e+06	5.97264e+06	5.88125e+06	5.54149e+06
P12295	P12295		ung		2.08141e+06	2.07171e+06	2.03431e+06	2.00507e+06	1.99301e+06	1.76635e+06
P12758	P12758		udp		2.75081e+07	2.70233e+07	2.76739e+07	2.73826e+07	2.82775e+07	2.35885e+07
P12994	P12994		ybhB		623203	531609	576769	834023	650510	580314
P13001	P13001		bioH		1.30028e+06	1.11865e+06	1.10706e+06	1.29297e+06	1.22439e+06	1.38312e+06
P13009	P13009		metH		2.50115e+06	2.48898e+06	2.57502e+06	2.62051e+06	2.57488e+06	2.59985e+06
P13016	P13016		ampD		3.55761e+07	3.40433e+07	3.66934e+07	3.57978e+07	3.50943e+07	3.26101e+07
P13024	P13024		fdhE		3.7167e+06	3.64431e+06	3.89096e+06	3.85516e+06	3.82038e+06	3.49616e+06
P13029	P13029		katG		3.88298e+07	3.8147e+07	3.80152e+07	3.82317e+07	3.82316e+07	3.69329e+07
P13033	P13033		glpB		1.15159e+06	1.22319e+06	1.16564e+06	1.10069e+06	1.17562e+06	1.23634e+06
P13035	P13035		glpD		3.86353e+06	3.81734e+06	3.75763e+06	3.77279e+06	3.75928e+06	3.70616e+06
P13445	P13445		rpoS		5.25021e+06	5.247e+06	5.13688e+06	5.15744e+06	5.22768e+06	5.37064e+06
P13979	P13979		traT		3.6759e+06	3.60691e+06	3.62241e+06	3.6422e+06	3.77542e+06	3.69882e+06
P14081	P14081		selB		2.67239e+06	2.65889e+06	2.79544e+06	2.77947e+06	2.74326e+06	2.59272e+06
P14175	P14175		proV		1.01643e+06	1.02418e+06	1.03478e+06	958153	988586	1.04471e+06
P14407	P14407		fumB		2.47684e+07	2.508e+07	2.45521e+07	2.44054e+07	2.47928e+07	2.3854e+07
P14900	P14900		murD		2.93441e+06	2.97866e+06	2.92277e+06	2.90127e+06	2.94746e+06	2.68483e+06
P15005	P15005		mcrB		693689	647035	692112	645724	726809	761398
P15034	P15034		pepP		4.06974e+06	3.95372e+06	3.82898e+06	3.82676e+06	3.96326e+06	3.78292e+06
P15042	P15042		ligA		8.38241e+06	8.22369e+06	8.40083e+06	8.4054e+06	8.32172e+06	7.74195e+06
P15067	P15067		glgX		2.99307e+06	3.05238e+06	3.05595e+06	2.94436e+06	3.05683e+06	2.97298e+06
P15070	P15070		fliN		4.45948e+06	4.54914e+06	4.721e+06	4.92017e+06	4.32923e+06	4.62541e+06
P15254	P15254		purL		2.86465e+06	2.98737e+06	2.99772e+06	2.94484e+06	2.96568e+06	3.08001e+06
P15288	P15288		pepD		1.76586e+07	1.77565e+07	1.77095e+07	1.73467e+07	1.71187e+07	1.70451e+07
P15559ups|NQO1_HUMAN_UPS NAD(P)H dehydrogenase [quinone] 1 (Chain 2-274) - Homo sapiens (Human)	P15559ups|NQO1_HUMAN_UPS NAD(P)H dehydrogenase [quinone] 1 (Chain 2-274) - Homo sapiens (Human)				3.01887e+06	3.10194e+06	921455	801693	998659	3.3299e+06
P15639	P15639		purH		5.26032e+06	5.39155e+06	5.24507e+06	5.24814e+06	5.14186e+06	5.54738e+06
P15640	P15640		purD		2.73395e+06	2.82451e+06	2.93185e+06	2.94631e+06	2.87967e+06	2.76658e+06
P15770	P15770		aroE		3.38376e+06	3.38935e+06	3.73931e+06	3.61573e+06	3.51792e+06	3.57612e+06
P15977	P15977		malQ		3.40836e+06	3.56919e+06	3.74728e+06	3.06784e+06	3.58224e+06	3.5403e+06
P16083ups|NQO2_HUMAN_UPS Ribosyldihydronicotinamide dehydrogenase [quinone] (Chain 2-231) - Homo sapiens (Human)	P16083ups|NQO2_HUMAN_UPS Ribosyldihydronicotinamide dehydrogenase [quinone] (Chain 2-231) - Homo sapiens (Human)				4.07728e+06	4.08817e+06	1.22654e+06	1.16399e+06	1.27813e+06	3.88961e+06
P16095	P16095		sdaA		1.71702e+06	1.67798e+06	1.67575e+06	1.63248e+06	1.6551e+06	2.62122e+06
P16384	P16384		miaA		2.15552e+06	2.13385e+06	2.19288e+06	2.18809e+06	2.07189e+06	2.22413e+06
P16431	P16431		hycE		2.79798e+06	2.90429e+06	2.82535e+06	2.83829e+06	2.84968e+06	2.81071e+06
P16433	P16433		hycG		717839	747426	734221	791901	856301	784177
P16456	P16456		selD		6.31371e+06	6.44984e+06	6.39237e+06	6.52938e+06	6.40634e+06	6.12983e+06
P16528	P16528		iclR		1.70138e+06	1.77136e+06	1.79215e+06	1.74188e+06	1.66643e+06	1.80043e+06
P16659	P16659		proS		1.1304e+07	1.10218e+07	1.10668e+07	1.12061e+07	1.11115e+07	1.07946e+07
P16676	P16676		cysA		357170	364032	323957	365259	344535	348911
P16700	P16700		cysP		8.20076e+06	8.2766e+06	8.45786e+06	8.3001e+06	8.30362e+06	7.77057e+06
P16703	P16703		cysM		3.55589e+06	3.56517e+06	3.47383e+06	3.35103e+06	3.47971e+06	3.5918e+06
P16926	P16926		mreC		1.08669e+06	1.17232e+06	1.13788e+06	1.15587e+06	1.2209e+06	1.02295e+06
P17109	P17109		menD		1.6559e+06	1.67705e+06	1.69921e+06	1.85831e+06	1.65031e+06	1.68783e+06
P17115	P17115		gutQ		2.18733e+06	2.18454e+06	2.15905e+06	2.13263e+06	2.18052e+06	2.05992e+06
P17117	P17117		nfsA		4.41135e+06	4.21559e+06	4.44659e+06	4.43739e+06	4.45276e+06	3.97993e+06
P17169	P17169		glmS		4.16956e+07	4.14058e+07	4.18851e+07	4.18139e+07	4.24212e+07	3.74662e+07
P17315	P17315		cirA		2.13286e+06	2.13199e+06	2.13268e+06	2.33265e+06	2.23124e+06	2.03291e+06
P17443	P17443		murG		2.97723e+06	2.92369e+06	3.03038e+06	2.85906e+06	2.98884e+06	3.05048e+06
P17445	P17445		betB		644645	650242	741917	723001	675541	681153
P17846	P17846		cysI		5.56141e+06	5.42903e+06	5.48062e+06	5.59266e+06	5.62798e+06	5.0482e+06
P17854	P17854		cysH		2.08823e+07	2.14607e+07	2.13645e+07	2.11921e+07	2.0658e+07	2.07081e+07
P17952	P17952		murC		2.02063e+06	1.99678e+06	2.11313e+06	2.0277e+06	2.09764e+06	2.10899e+06
P17993	P17993		ubiG		2.34403e+06	2.34519e+06	2.46743e+06	2.42859e+06	2.43181e+06	2.07533e+06
P18133	P18133		pncB		1.63568e+06	1.58249e+06	1.5937e+06	1.56319e+06	1.48776e+06	1.68932e+06
P18196	P18196		minC		2.08663e+06	2.16594e+06	2.11267e+06	1.98998e+06	2.15862e+06	2.29263e+06
P18390	P18390		yjjA		1.38302e+06	1.40703e+06	1.50524e+06	1.49104e+06	1.48723e+06	1.37169e+06
P18775	P18775		dmsA		8.9066e+06	8.55906e+06	8.84552e+06	8.77742e+06	8.64724e+06	9.41821e+06
P18776	P18776		dmsB		2.15444e+06	2.07339e+06	2.30328e+06	2.20651e+06	2.24665e+06	2.21466e+06
P18843	P18843		nadE		1.06648e+07	1.06839e+07	1.07287e+07	1.0605e+07	1.09434e+07	1.12755e+07
P19624	P19624		pdxA		420819	446960	410229	375316	426443	421196
P19926	P19926		agp		3.18839e+06	3.08404e+06	3.11267e+06	3.12273e+06	3.1976e+06	3.3097e+06
P19931	P19931		hyaE		1.4082e+06	1.44796e+06	1.58605e+06	1.52736e+06	1.37407e+06	1.40709e+06
P19934	P19934		tolA		1.55265e+06	1.53935e+06	1.59596e+06	1.6162e+06	1.55751e+06	1.51179e+06
P20083	P20083		parE		1.80616e+06	1.77871e+06	1.72642e+06	1.74416e+06	1.7973e+06	1.72533e+06
P20966	P20966		fruA		1.07988e+07	1.08306e+07	1.10903e+07	1.13601e+07	1.1189e+07	9.76584e+06
P21156	P21156		cysD		2.58527e+06	2.59316e+06	2.64362e+06	2.55319e+06	2.59188e+06	2.4409e+06
P21165	P21165		pepQ		1.65581e+07	1.62851e+07	1.61487e+07	1.62211e+07	1.60905e+07	1.54645e+07
P21170	P21170		speA		7.16426e+06	7.41059e+06	7.72038e+06	7.45302e+06	7.62934e+06	6.93482e+06
P21179	P21179		katE		687275	672405	670984	736955	650545	746960
P21338	P21338		rna		2.75161e+06	2.6651e+06	2.84879e+06	2.68945e+06	2.80931e+06	2.79834e+06
P21367	P21367		ycaC		3.06579e+06	3.05213e+06	2.93787e+06	2.83651e+06	3.00472e+06	2.94441e+06
P21369	P21369		pncA		2.25959e+06	2.18377e+06	2.19755e+06	2.25949e+06	2.15538e+06	2.36607e+06
P21420	P21420		nmpC		2.69005e+07	2.60151e+07	2.65164e+07	2.56776e+07	2.68134e+07	2.49259e+07
P21499	P21499		rnr		4.2345e+06	4.2724e+06	4.29668e+06	4.21308e+06	4.22962e+06	4.16955e+06
P21507	P21507		srmB		5.28079e+06	5.31542e+06	5.21724e+06	5.24027e+06	5.21973e+06	4.64533e+06
P21513	P21513		rne		6.73511e+06	6.71231e+06	6.6348e+06	6.62509e+06	6.77413e+06	6.41083e+06
P21599	P21599		pykA		2.17306e+07	2.16383e+07	2.11006e+07	2.13335e+07	2.1214e+07	2.1232e+07
P21645	P21645		lpxD		4.40625e+06	4.35537e+06	4.6105e+06	4.14408e+06	4.75091e+06	4.2784e+06
P21829	P21829		ybhA		2.48067e+06	2.59328e+06	2.56985e+06	2.48842e+06	2.48974e+06	2.65745e+06
P21888	P21888		cysS		1.15326e+07	1.16685e+07	1.15174e+07	1.19386e+07	1.15102e+07	1.08103e+07
P21889	P21889		aspS		1.14057e+07	1.12738e+07	1.13013e+07	1.12302e+07	1.1142e+07	1.14308e+07
P21893	P21893		recJ		1.19571e+06	1.10904e+06	1.06565e+06	1.17613e+06	1.17003e+06	1.3539e+06
P22106	P22106		asnB		1.88856e+06	1.76849e+06	1.91998e+06	1.84842e+06	1.83172e+06	1.64345e+06
P22186	P22186		mraZ		2.04895e+06	2.18003e+06	2.11649e+06	2.40952e+06	2.30582e+06	2.43591e+06
P22188	P22188		murE		4.56997e+06	4.59176e+06	4.66942e+06	4.6625e+06	4.65031e+06	4.63375e+06
P22255	P22255		cysQ		7.16705e+06	7.15413e+06	7.33381e+06	7.27426e+06	7.16764e+06	6.0797e+06
P22256	P22256		gabT		1.00558e+06	1.06053e+06	1.21812e+06	1.10622e+06	1.13665e+06	1.22825e+06
P22259	P22259		pckA		8.20379e+06	8.25312e+06	8.13496e+06	8.14772e+06	8.05888e+06	8.43374e+06
P22333	P22333		add		1.37854e+07	1.35547e+07	1.29372e+07	1.30649e+07	1.31799e+07	1.34733e+07
P22523	P22523		mukB		4.04234e+06	4.10397e+06	4.00821e+06	3.93267e+06	4.05654e+06	4.23719e+06
P22524	P22524		mukE		5.55442e+06	5.46205e+06	5.64414e+06	5.35303e+06	5.40246e+06	5.36156e+06
P22525	P22525		ycbB		1.88411e+06	1.79863e+06	1.86329e+06	1.75816e+06	1.7826e+06	1.83572e+06
P22634	P22634		murI		935479	1.17148e+06	1.02775e+06	1.19804e+06	1.15647e+06	1.03487e+06
P22939	P22939		ispA		4.58829e+06	4.5471e+06	4.39388e+06	4.49189e+06	4.53374e+06	4.8972e+06
P23003	P23003		trmA		1.61638e+06	1.53465e+06	1.55561e+06	1.63214e+06	1.56865e+06	1.56239e+06
P23305	P23305		yigA		1.35919e+06	1.43481e+06	1.52484e+06	1.50334e+06	1.40924e+06	1.70333e+06
P23331	P23331		tdk		2.91941e+06	2.97893e+06	2.90362e+06	2.94548e+06	2.79187e+06	2.88736e+06
P23538	P23538		ppsA		4.8894e+06	4.88924e+06	5.01785e+06	4.85467e+06	5.00547e+06	5.14285e+06
P23721	P23721		serC		1.33925e+07	1.37149e+07	1.36855e+07	1.32854e+07	1.34568e+07	1.30181e+07
P23827	P23827		eco		1.04903e+07	1.05915e+07	1.06092e+07	1.07445e+07	1.05769e+07	1.11536e+07
P23830	P23830		pssA		1.46209e+06	1.3885e+06	1.29102e+06	1.28214e+06	1.4099e+06	1.43061e+06
P23836	P23836		phoP		2.1214e+07	2.13439e+07	2.14398e+07	2.20315e+07	2.17539e+07	2.11574e+07
P23839	P23839		yicC		6.34239e+06	6.08448e+06	6.0498e+06	5.8645e+06	6.19172e+06	6.84005e+06
P23843	P23843		oppA		5.24828e+06	5.12379e+06	5.33555e+06	5.18487e+06	5.24139e+06	4.75507e+06
P23845	P23845		cysN		3.30079e+06	3.14361e+06	3.43146e+06	3.35127e+06	3.44136e+06	3.21668e+06
P23857	P23857		pspE		993134	994460	962774	996025	1.02241e+06	672676
P23865	P23865		prc		7.0737e+06	7.0554e+06	7.03992e+06	7.03496e+06	7.10976e+06	7.07945e+06
P23869	P23869		ppiB		4.00789e+07	3.9662e+07	4.15504e+07	4.39824e+07	4.17757e+07	3.48408e+07
P23871	P23871		hemH		2.49361e+06	2.43526e+06	2.42131e+06	2.57484e+06	2.35713e+06	2.46883e+06
P23882	P23882		fmt		6.68076e+06	6.54591e+06	6.66498e+06	7.11691e+06	6.74127e+06	6.72238e+06
P23893	P23893		hemL		2.77264e+07	2.71398e+07	2.68986e+07	2.77548e+07	2.66823e+07	2.32611e+07
P23894	P23894		htpX		4.47333e+06	4.18232e+06	4.19313e+06	4.29318e+06	4.26288e+06	3.86199e+06
P23909	P23909		mutS		3.37976e+06	3.31489e+06	3.40382e+06	3.43692e+06	3.39624e+06	3.47075e+06
P23917	P23917		mak		1.03614e+06	1.07121e+06	439656	1.03782e+06	1.1482e+06	1.01101e+06
P24169	P24169		speF		3.13298e+06	3.0682e+06	3.12627e+06	2.98772e+06	3.10313e+06	3.39491e+06
P24171	P24171		dcp		1.95777e+06	1.92261e+06	1.84834e+06	1.80568e+06	1.78764e+06	1.88844e+06
P24178	P24178		yffB		4.33733e+06	4.29147e+06	4.41625e+06	4.86179e+06	4.42875e+06	4.54306e+06
P24182	P24182		accC		1.926e+07	1.93978e+07	1.96472e+07	1.98916e+07	1.95068e+07	1.74848e+07
P24183	P24183		fdnG		4.40342e+06	4.39304e+06	4.31433e+06	4.32903e+06	4.42149e+06	4.39171e+06
P24186	P24186		folD		5.91447e+06	5.97761e+06	6.17008e+06	6.02089e+06	6.20781e+06	5.72701e+06
P24193	P24193		hypE		2.8794e+06	2.79723e+06	2.88424e+06	2.74489e+06	2.82124e+06	2.90436e+06
P24202	P24202		mrr		1.74338e+06	1.84451e+06	1.6316e+06	1.87594e+06	1.66026e+06	1.85814e+06
P24203	P24203		yjiA		3.34319e+06	3.5522e+06	3.17868e+06	3.71515e+06	3.39519e+06	2.8705e+06
P24205	P24205		msbB		2.24904e+06	2.37139e+06	1.96082e+06	2.074e+06	2.11805e+06	2.60799e+06
P24215	P24215		uxuA		2.46588e+06	2.42924e+06	2.39972e+06	2.30865e+06	2.43133e+06	2.26248e+06
P24216	P24216		fliD		842766	889888	806049	825948	872523	873212
P24224	P24224		acpS		1.9698e+06	1.88246e+06	2.01625e+06	2.04388e+06	1.93594e+06	2.02812e+06
P24228	P24228		dacB		1.69828e+06	1.91045e+06	1.91898e+06	1.80453e+06	1.76294e+06	1.61336e+06
P24232	P24232		hmp		1.28498e+06	1.41872e+06	1.34574e+06	1.22011e+06	1.27905e+06	1.3459e+06
P24251	P24251		crl		6.32472e+06	6.4362e+06	6.34897e+06	6.08396e+06	6.16879e+06	6.78192e+06
P24255	P24255		rpoN		426226	397252	246630	499695	435989	
P24554	P24554		radA		1.1929e+06	1.36127e+06	1.43093e+06	1.2043e+06	1.29861e+06	1.21778e+06
P25397	P25397		tehB		2.61604e+06	2.53305e+06	2.41524e+06	2.66408e+06	2.48864e+06	1.85273e+06
P25437	P25437		frmA		7.70353e+06	7.74594e+06	7.66004e+06	7.83569e+06	7.91552e+06	6.39178e+06
P25516	P25516		acnA		3.30396e+06	3.41459e+06	3.20399e+06	3.40301e+06	3.21206e+06	3.49648e+06
P25519	P25519		hflX		2.61461e+06	2.54006e+06	2.66828e+06	2.75445e+06	2.78372e+06	2.50391e+06
P25522	P25522		mnmE		4.49608e+06	4.49873e+06	4.66414e+06	4.51491e+06	4.62321e+06	4.40425e+06
P25524	P25524		codA		2.32841e+06	2.14856e+06	2.43951e+06	2.30329e+06	2.36897e+06	2.42798e+06
P25535	P25535		visC		2.53864e+06	2.56657e+06	2.66022e+06	2.66646e+06	2.63456e+06	3.14265e+06
P25536	P25536		yhdE		2.49311e+06	2.54069e+06	2.49664e+06	2.47722e+06	2.55015e+06	2.42932e+06
P25539	P25539		ribD		3.9641e+06	3.93178e+06	3.90503e+06	4.06224e+06	3.96167e+06	3.73227e+06
P25552	P25552		gppA		2.80102e+06	2.6685e+06	2.71107e+06	2.52979e+06	2.66367e+06	2.74217e+06
P25714	P25714		yidC		7.54768e+06	6.8231e+06	7.21373e+06	7.79769e+06	7.38169e+06	6.23077e+06
P25736	P25736		endA		1.12386e+06	1.0889e+06	1.07215e+06	1.07684e+06	1.15214e+06	993856
P25745	P25745		mnmA		3.94629e+06	3.96832e+06	3.97814e+06	3.96943e+06	4.0888e+06	3.76495e+06
P25746	P25746		hflD		3.36929e+06	3.51501e+06	3.22805e+06	3.3171e+06	3.30389e+06	3.52274e+06
P25888	P25888		rhlE		6.60057e+06	6.61168e+06	6.72243e+06	6.33311e+06	6.63667e+06	6.56435e+06
P25894	P25894		yggG		908892	921897	956142	847888	915802	550822
P25906	P25906		ydbC		781027	691144	915285	751631	746599	961732
P26608	P26608		fliS		3.09341e+06	3.12997e+06	3.14241e+06	3.25787e+06	3.04107e+06	2.84687e+06
P26612	P26612		amyA		598685	676621	716334	737211	707917	700842
P26616	P26616		maeA		9.5898e+06	9.17891e+06	9.35645e+06	9.58094e+06	9.47974e+06	9.06883e+06
P26646	P26646		acuI		2.83184e+06	2.79192e+06	2.76667e+06	2.91472e+06	2.7583e+06	2.73226e+06
P26647	P26647		plsC		1.14862e+06	1.06363e+06	1.05647e+06	1.08241e+06	1.11426e+06	1.38761e+06
P26648	P26648		ftsP		904035	985447	853295	891682	900078	967214
P27248	P27248		gcvT		1.02928e+07	1.01931e+07	1.01816e+07	9.82649e+06	1.01841e+07	1.0061e+07
P27278	P27278		nadR		615119	580267	571402	649976	583247	634442
P27298	P27298		prlC		1.01188e+07	1.00144e+07	1.01552e+07	1.01709e+07	1.03788e+07	1.00571e+07
P27302	P27302		tktA		2.67857e+07	2.65934e+07	2.65926e+07	2.65426e+07	2.60856e+07	2.54836e+07
P27303	P27303		emrA		1.60653e+06	1.65279e+06	1.52886e+06	1.46597e+06	1.50854e+06	1.5744e+06
P27306	P27306		sthA		1.06871e+06	986969	1.05359e+06	978885	975672	836240
P27431	P27431		ycfD		2.96769e+06	3.01859e+06	3.22146e+06	2.82899e+06	3.23014e+06	3.21709e+06
P27434	P27434		rodZ		1.00645e+07	1.00186e+07	1.04115e+07	1.01615e+07	1.01284e+07	9.76349e+06
P27828	P27828		wecB		2.63923e+06	2.63212e+06	2.82578e+06	2.90473e+06	2.86559e+06	2.5595e+06
P27829	P27829		wecC		3.54957e+06	3.60377e+06	3.59061e+06	3.50039e+06	3.63031e+06	3.47162e+06
P27830	P27830		rffG		1.40391e+06	1.33311e+06	1.35693e+06	1.21833e+06	1.32689e+06	1.33866e+06
P27832	P27832		wecD		520437	553162	658389	686628	606971	625326
P27833	P27833		rffA		2.26091e+06	2.21045e+06	2.29486e+06	2.29825e+06	2.34383e+06	2.36939e+06
P27836	P27836		wecG		532584	594017	532160	534370	534356	629179
P27838	P27838		cyaY		2.19153e+06	2.17192e+06	1.95647e+06	1.95199e+06	1.85162e+06	2.24252e+06
P27848	P27848		yigL		5.69218e+06	5.36688e+06	5.2827e+06	5.26327e+06	5.10017e+06	4.48076e+06
P27859	P27859		tatD		980767	1.04694e+06	1.0732e+06	1.12907e+06	1.18382e+06	1.01797e+06
P28248	P28248		dcd		3.34625e+06	3.18228e+06	3.04684e+06	3.06193e+06	2.97221e+06	2.97806e+06
P28249	P28249		asmA		307922	314080	349928	344714	288963	372581
P28304	P28304		qorA		4.26092e+06	4.29074e+06	4.27279e+06	4.43299e+06	4.49898e+06	4.67639e+06
P28305	P28305		pabC		604029	735621	657264	620487	652235	618026
P28629	P28629		adiA		1.56028e+06	1.60031e+06	1.5275e+06	1.66137e+06	1.64739e+06	1.53157e+06
P28635	P28635		metQ		1.23454e+07	1.23968e+07	1.21401e+07	1.17301e+07	1.20468e+07	1.15946e+07
P28903	P28903		nrdD		5.17653e+06	5.30131e+06	5.25018e+06	5.32171e+06	5.22634e+06	5.1173e+06
P28904	P28904		treC		2.52764e+06	2.42099e+06	2.26369e+06	2.25443e+06	2.33595e+06	2.36937e+06
P29018	P29018		cydD		1.72431e+06	1.94484e+06	1.76814e+06	1.94097e+06	1.94244e+06	2.28315e+06
P29131	P29131		ftsN		1.1522e+06	1.20077e+06	1.17604e+06	1.23976e+06	1.40153e+06	1.15852e+06
P29208	P29208		menC		2.81719e+06	2.98054e+06	2.84295e+06	2.75507e+06	2.86536e+06	2.73369e+06
P29217	P29217		yceH		2.52941e+06	2.46126e+06	2.47873e+06	2.38989e+06	2.54698e+06	2.70529e+06
P29680	P29680		hemE		2.58928e+06	2.52552e+06	2.57283e+06	2.54612e+06	2.6287e+06	2.4431e+06
P29744	P29744		flgL		2.64733e+06	2.50419e+06	2.71634e+06	2.41856e+06	2.74491e+06	2.46591e+06
P29745	P29745		pepT		6.71998e+06	6.86564e+06	6.7476e+06	6.8689e+06	6.73349e+06	6.83934e+06
P30011	P30011		nadC		6.28445e+06	6.14013e+06	6.28755e+06	5.67805e+06	6.30261e+06	5.68199e+06
P30014	P30014		rnt		5.28811e+06	5.28591e+06	5.15513e+06	5.37722e+06	5.32396e+06	5.47478e+06
P30128	P30128		greB		2.12807e+06	2.08777e+06	2.04068e+06	1.99989e+06	2.11681e+06	2.18768e+06
P30130	P30130		fimD		1.49026e+06	1.52528e+06	1.37e+06	1.53275e+06	1.44366e+06	1.83774e+06
P30177	P30177		ybiB		4.91305e+06	4.91981e+06	4.8539e+06	4.73021e+06	4.97514e+06	5.00454e+06
P30178	P30178		ybiC		2.23642e+06	2.03226e+06	1.9949e+06	2.26181e+06	2.09887e+06	2.04627e+06
P30744	P30744		sdaB		6.09107e+06	6.21257e+06	6.19291e+06	6.17843e+06	5.98383e+06	6.06816e+06
P30749	P30749		moaE		3.4216e+06	3.42602e+06	3.55083e+06	3.22165e+06	3.37338e+06	2.99539e+06
P30843	P30843		basR		1.69475e+06	1.79671e+06	2.01323e+06	2.09198e+06	1.85506e+06	2.00466e+06
P30850	P30850		rnb		6.97949e+06	6.90342e+06	6.86269e+06	6.94592e+06	6.90137e+06	6.95427e+06
P30859	P30859		artI		7.59086e+06	7.85554e+06	8.3421e+06	7.96978e+06	8.05378e+06	6.88608e+06
P30870	P30870		glnE		1.24744e+06	1.205e+06	1.03421e+06	1.14592e+06	1.1994e+06	1.19308e+06
P30871	P30871		ygiF		3.50981e+06	3.53663e+06	3.44575e+06	3.31963e+06	3.34373e+06	3.27006e+06
P30958	P30958		mfd		6.08452e+06	6.4101e+06	6.06128e+06	5.51608e+06	5.89458e+06	6.23503e+06
P31057	P31057		panB		6.31738e+06	5.95692e+06	5.90267e+06	5.78934e+06	6.07526e+06	5.76755e+06
P31060	P31060		modF		296109	309773	246942	244824	274090	297901
P31063	P31063		yedD		5.62755e+06	5.77544e+06	5.8565e+06	5.59464e+06	5.64216e+06	4.17807e+06
P31069	P31069		kch		692284	855214	801860	816038	629268	656309
P31120	P31120		glmM		7.38643e+06	7.42366e+06	7.41893e+06	7.31373e+06	7.51852e+06	7.03907e+06
P31142	P31142		sseA		6.82805e+06	6.97797e+06	7.09845e+06	6.99248e+06	7.08115e+06	7.13523e+06
P31224	P31224		acrB		3.493e+06	3.57693e+06	3.46361e+06	3.47953e+06	3.36643e+06	3.60998e+06
P31433	P31433		yicH		988379	1.10907e+06	994862	1.03422e+06	1.07018e+06	1.1242e+06
P31455	P31455		yidR		1.36222e+06	1.33567e+06	1.44525e+06	1.34496e+06	1.42566e+06	1.42363e+06
P31460	P31460		dgoR		1.33638e+06	1.51661e+06	1.29168e+06	1.36847e+06	1.2461e+06	1.58286e+06
P31467	P31467		yieH		2.12139e+06	2.15067e+06	2.07988e+06	2.08132e+06	2.09891e+06	2.26125e+06
P31473	P31473		ravA		1.5348e+06	1.482e+06	1.57753e+06	1.43533e+06	1.58127e+06	1.53926e+06
P31475	P31475		yieP		1.29347e+06	1.27771e+06	1.10504e+06	1.09312e+06	1.15407e+06	1.23024e+06
P31550	P31550		thiB		1.72169e+06	1.76668e+06	1.69404e+06	1.68466e+06	1.64806e+06	1.62963e+06
P31554	P31554		lptD		6.02093e+06	6.06175e+06	6.04914e+06	6.1891e+06	6.21733e+06	6.01733e+06
P31658	P31658		hchA		9.29378e+06	8.85435e+06	8.31484e+06	9.44283e+06	8.99523e+06	8.97152e+06
P31663	P31663		panC		2.82839e+06	2.8996e+06	2.7942e+06	2.91207e+06	2.85058e+06	2.76444e+06
P31678	P31678		otsB		634442	664230	672635		623349	430805
P31680	P31680		djlA		1.00352e+06	1.23584e+06	1.29296e+06	1.13333e+06	1.09122e+06	1.13721e+06
P31697	P31697		fimC		4.63193e+06	4.42998e+06	4.52752e+06	4.67896e+06	4.64968e+06	4.53928e+06
P31802	P31802		narP		1.40813e+07	1.35599e+07	1.21996e+07	1.31448e+07	1.24709e+07	1.14438e+07
P31808	P31808		yciK		3.18518e+06	3.15016e+06	3.19367e+06	3.23164e+06	3.09148e+06	3.27672e+06
P31825	P31825		yfiC		620403	530753	548471	620583	632452	716628
P31979	P31979		nuoF		1.27822e+07	1.26487e+07	1.28146e+07	1.28953e+07	1.2518e+07	1.21932e+07
P32099	P32099		lplA		2.03884e+06	1.9256e+06	2.06003e+06	2.22574e+06	2.18939e+06	2.59744e+06
P32131	P32131		hemN		2.22849e+06	2.28117e+06	2.31256e+06	2.32786e+06	2.20626e+06	2.07638e+06
P32132	P32132		typA		3.87673e+07	3.843e+07	3.95343e+07	3.92517e+07	3.89095e+07	3.69322e+07
P32157	P32157		yiiM		3.23702e+06	3.30094e+06	3.4027e+06	3.4543e+06	3.23751e+06	3.4055e+06
P32162	P32162		yiiS		2.12753e+06	2.12085e+06	2.17544e+06	2.16012e+06	2.31672e+06	2.48948e+06
P32173	P32173		mobA		625366	735510	729126	743903	658142	581104
P32176	P32176		fdoG		6.98498e+06	6.90002e+06	6.66351e+06	6.65824e+06	6.75588e+06	6.6522e+06
P32177	P32177		fdhD		1.22907e+06	1.00265e+06	1.16579e+06	1.15188e+06	1.16316e+06	1.26026e+06
P32662	P32662		gph		1.10717e+06	1.10788e+06	1.07559e+06	920987	825206	1.05837e+06
P32664	P32664		nudC		1.07437e+06	1.1064e+06	1.02625e+06	1.11853e+06	1.00647e+06	1.28853e+06
P32680	P32680		yjaG		1.78222e+06	1.82091e+06	1.90219e+06	1.9076e+06	1.87167e+06	1.7629e+06
P32684	P32684		rluF		1.22588e+06	1.09126e+06	1.04855e+06	971449	1.16178e+06	825919
P32695	P32695		dusA		1.05002e+06	1.1057e+06	1.18842e+06	1.05485e+06	1.15322e+06	1.15173e+06
P33011	P33011		yeeA		1.85846e+06	1.89837e+06	1.78161e+06	1.87691e+06	1.79909e+06	1.21436e+06
P33018	P33018		yeiG		431949	361106	287364	211982	336438	463175
P33025	P33025		psuG		2.07954e+06	2.15735e+06	2.28333e+06	2.35748e+06	2.39677e+06	2.07261e+06
P33030	P33030		yeiR		1.49323e+06	1.53511e+06	1.58692e+06	1.44937e+06	1.61264e+06	1.56108e+06
P33136	P33136		mdoG		1.22989e+07	1.21742e+07	1.18082e+07	1.15477e+07	1.15906e+07	1.15471e+07
P33195	P33195		gcvP		5.49071e+06	5.4277e+06	5.37747e+06	5.27137e+06	5.34321e+06	5.43849e+06
P33218	P33218		yebE		4.25074e+06	4.00476e+06	4.35172e+06	4.52444e+06	4.3566e+06	4.36384e+06
P33219	P33219		yebF		432708	440919	384590	401825	396417	392241
P33225	P33225		torA		2.83895e+06	2.866e+06	2.89943e+06	2.72316e+06	2.98628e+06	3.10992e+06
P33235	P33235		flgK		1.79469e+06	1.74758e+06	1.72288e+06	1.5747e+06	1.67563e+06	1.73151e+06
P33355	P33355		yehS		1.87155e+06	1.89193e+06	1.86645e+06	1.89984e+06	1.9787e+06	2.0476e+06
P33362	P33362		osmF		2.13689e+06	1.71724e+06	2.04789e+06	1.64017e+06	1.56103e+06	1.90033e+06
P33363	P33363		bglX		3.84128e+06	3.88454e+06	3.80105e+06	3.7284e+06	3.88756e+06	4.21201e+06
P33570	P33570		tktB		2.31423e+06	2.31373e+06	2.37609e+06	2.40312e+06	2.36903e+06	2.39204e+06
P33590	P33590		nikA		3.47941e+06	3.53539e+06	3.52796e+06	3.39351e+06	3.52826e+06	3.43502e+06
P33599	P33599		nuoC		1.55698e+07	1.56448e+07	1.5622e+07	1.53791e+07	1.54308e+07	1.47907e+07
P33602	P33602		nuoG		1.60558e+07	1.58625e+07	1.5804e+07	1.55374e+07	1.56591e+07	1.48406e+07
P33643	P33643		rluD		2.55479e+06	2.55673e+06	2.6289e+06	2.68344e+06	2.70009e+06	2.96253e+06
P33650	P33650		feoB		2.14479e+06	1.97035e+06	2.10366e+06	2.12561e+06	2.08324e+06	2.10768e+06
P33667	P33667		selU		771203	841920	812663	818993	889242	816339
P33898	P33898		gapC		1.5059e+06	1.47866e+06	1.47675e+06	1.39444e+06	1.43584e+06	1.59117e+06
P33920	P33920		yejK		2.62558e+06	2.57788e+06	2.67589e+06	2.69103e+06	2.69793e+06	2.48584e+06
P33937	P33937		napA		4.22287e+06	4.21774e+06	4.30851e+06	4.46426e+06	4.21913e+06	4.14254e+06
P35340	P35340		ahpF		1.00501e+07	1.00209e+07	9.68742e+06	9.81229e+06	9.81004e+06	9.29093e+06
P36553	P36553		hemF		1.62719e+06	1.65241e+06	1.98328e+06	1.75925e+06	1.92806e+06	1.59346e+06
P36566	P36566		smtA		535798	523295	521879	509758	471088	569879
P36659	P36659		cbpA		3.60552e+06	3.45619e+06	3.30806e+06	3.63681e+06	3.57906e+06	3.49416e+06
P36672	P36672		treB		1.15673e+06	1.09146e+06	1.1188e+06	1.16804e+06	1.19738e+06	1.12141e+06
P36680	P36680		zapD		2.41522e+06	2.43884e+06	2.22217e+06	2.24718e+06	2.25324e+06	2.525e+06
P36683	P36683		acnB		1.06738e+07	1.08172e+07	1.04936e+07	1.07026e+07	1.0586e+07	1.06718e+07
P36767	P36767		rdgC		4.84031e+06	4.86766e+06	4.77055e+06	4.73217e+06	4.89204e+06	4.74046e+06
P36879	P36879		yadG		1.30394e+06	1.32442e+06	1.15458e+06	1.24572e+06	1.31483e+06	967742
P36928	P36928		yegD		1.1269e+06	1.09284e+06	1.13453e+06	1.08859e+06	1.16489e+06	1.12728e+06
P36929	P36929		rsmB		2.81745e+06	2.87986e+06	3.01987e+06	3.03279e+06	3.2273e+06	2.95937e+06
P36938	P36938		pgm		7.91468e+06	7.99904e+06	7.67238e+06	7.69892e+06	7.91605e+06	7.27819e+06
P36979	P36979		rlmN		3.44947e+06	3.4378e+06	3.4582e+06	3.66371e+06	3.39922e+06	3.36887e+06
P36999	P36999		rlmA		1.11947e+06	1.01776e+06	1.10279e+06	1.09973e+06	1.09873e+06	895014
P37005	P37005		lasT		1.84207e+06	1.62745e+06	1.66299e+06	1.62935e+06	1.57099e+06	1.563e+06
P37028	P37028		btuF		636320	617883	605410	616872	522964	566329
P37051	P37051		purU		5.84485e+06	5.82425e+06	5.75122e+06	5.77545e+06	5.52573e+06	5.99397e+06
P37095	P37095		pepB		1.11612e+07	1.11254e+07	1.12651e+07	1.12189e+07	1.11195e+07	1.00959e+07
P37128	P37128		nudK		2.67349e+06	2.57178e+06	2.4016e+06	2.64783e+06	2.4624e+06	2.26187e+06
P37182	P37182		hybD		4.0393e+06	4.04049e+06	3.72052e+06	3.69296e+06	3.88599e+06	3.60252e+06
P37194	P37194		slp		4.70877e+07	4.62976e+07	4.66999e+07	4.63589e+07	4.66348e+07	4.51073e+07
P37329	P37329		modA		3.75529e+06	3.7794e+06	3.97839e+06	3.88215e+06	3.95744e+06	3.65836e+06
P37330	P37330		glcB		1.81188e+06	1.76975e+06	1.8767e+06	1.80009e+06	1.83977e+06	1.5834e+06
P37342	P37342		yjjI		2.66068e+06	2.67101e+06	2.65141e+06	2.65332e+06	2.70944e+06	2.60395e+06
P37349	P37349		dhaM		2.39975e+06	2.47009e+06	2.5103e+06	2.4914e+06	2.54427e+06	2.63599e+06
P37440	P37440		ucpA		7.88228e+06	7.92386e+06	7.7417e+06	7.73047e+06	7.7294e+06	7.53783e+06
P37590	P37590		pmrD		1.82324e+06	2.53638e+06	2.5224e+06	2.21406e+06	1.87829e+06	1.88783e+06
P37613	P37613		yhhK		4.11567e+06	4.24524e+06	4.41383e+06	4.49786e+06	4.17875e+06	4.25185e+06
P37617	P37617		zntA		1.63451e+06	1.64379e+06	1.61984e+06	1.48968e+06	1.63854e+06	1.66252e+06
P37626	P37626		yhiI		711842	923389	859506	769289	806237	680386
P37631	P37631		yhiN		1.13585e+06	1.10883e+06	1.10695e+06	1.17268e+06	1.05444e+06	1.22885e+06
P37634	P37634		rlmJ		5.03337e+06	4.95155e+06	4.90763e+06	4.98864e+06	4.96655e+06	4.70681e+06
P37636	P37636		mdtE		4.13835e+06	4.14046e+06	4.12283e+06	4.19182e+06	4.26859e+06	4.0161e+06
P37647	P37647		kdgK		1.86347e+06	1.76979e+06	1.69696e+06	1.78207e+06	1.84163e+06	1.87808e+06
P37648	P37648		yhjJ		3.40208e+06	3.3029e+06	3.2926e+06	3.24213e+06	3.33333e+06	3.3127e+06
P37650	P37650		bcsC		1.17434e+06	1.32601e+06	1.38159e+06	1.17124e+06	1.21352e+06	1.22985e+06
P37651	P37651		bcsZ		2.0992e+06	2.05264e+06	2.14238e+06	2.20052e+06	2.13026e+06	2.10025e+06
P37652	P37652		bcsB		9.21424e+06	9.18474e+06	9.05291e+06	9.37165e+06	9.21754e+06	9.79225e+06
P37655	P37655		bcsQ		918487	976054	958154	1.02443e+06	1.12631e+06	873636
P37657	P37657		bcsE		1.21001e+06	1.21845e+06	1.08209e+06	991816	1.08463e+06	1.24839e+06
P37665	P37665		yiaD		5.75902e+06	5.87808e+06	6.1331e+06	5.84154e+06	5.9033e+06	5.6454e+06
P37666	P37666		ghrB		1.10456e+07	1.09415e+07	1.10438e+07	1.09926e+07	1.07029e+07	1.02116e+07
P37685	P37685		aldB		1.16094e+06	1.16454e+06	1.19631e+06	1.0832e+06	1.06947e+06	1.20162e+06
P37689	P37689		gpmI		2.33522e+07	2.28114e+07	2.24559e+07	2.25905e+07	2.30466e+07	2.06593e+07
P37692	P37692		rfaF		2.53034e+06	2.58753e+06	2.55037e+06	2.57182e+06	2.61538e+06	2.57356e+06
P37765	P37765		rluB		4.5682e+06	4.58908e+06	4.55685e+06	4.64484e+06	4.5694e+06	4.47514e+06
P37773	P37773		mpl		7.7371e+06	7.72844e+06	7.73481e+06	7.62344e+06	7.69024e+06	7.32018e+06
P37774	P37774		yecC		307531	318230	306354		267540	358321
P37902	P37902		gltI		1.82446e+06	1.83667e+06	1.88639e+06	1.79462e+06	1.93412e+06	1.8028e+06
P37903	P37903		uspF		8.64e+06	8.67214e+06	9.00514e+06	8.56137e+06	8.65588e+06	9.08683e+06
P37908	P37908		yfjD		1.01568e+06	1.09306e+06	1.02353e+06	1.09115e+06	957263	1.15944e+06
P38038	P38038		cysJ		3.3986e+06	3.38513e+06	3.28462e+06	3.41306e+06	3.39251e+06	3.17613e+06
P38134	P38134		etk		4.8361e+06	4.9262e+06	4.90182e+06	4.87993e+06	4.93267e+06	5.01337e+06
P38489	P38489		nfnB		5.4259e+06	5.48736e+06	5.38679e+06	5.53107e+06	5.44748e+06	4.87812e+06
P38506	P38506		ygdG		628942	659040	540041	506417	523770	704862
P38521	P38521		yggL		4.19573e+06	3.81887e+06	3.70707e+06	3.62116e+06	3.73689e+06	589592
P39099	P39099		degQ		5.04214e+06	4.94556e+06	5.25194e+06	5.00491e+06	5.22433e+06	4.86578e+06
P39160	P39160		uxuB		1.32191e+06	1.36205e+06	1.43612e+06	1.21593e+06	1.30727e+06	1.31878e+06
P39172	P39172		znuA		3.78604e+06	3.79859e+06	3.88128e+06	3.7176e+06	3.85816e+06	3.45664e+06
P39173	P39173		yeaD		2.32051e+07	2.32698e+07	2.36116e+07	2.30436e+07	2.29862e+07	2.06307e+07
P39177	P39177		uspG		2.5395e+07	2.56582e+07	2.60823e+07	2.58022e+07	2.5036e+07	2.03212e+07
P39199	P39199		prmB		6.81279e+06	7.08867e+06	7.41271e+06	6.7371e+06	6.8378e+06	6.49301e+06
P39274	P39274		yjdJ		3.87948e+06	3.65522e+06	3.80817e+06	4.22679e+06	3.79645e+06	2.54829e+06
P39280	P39280		epmB		1.1142e+06	1.20249e+06	1.14326e+06	1.22995e+06	1.18498e+06	1.50033e+06
P39286	P39286		rsgA		2.34167e+06	2.2068e+06	2.31456e+06	2.28764e+06	2.2343e+06	2.13276e+06
P39310	P39310		ytfB		1.60991e+06	1.6163e+06	1.66684e+06	1.66312e+06	1.67627e+06	1.93308e+06
P39315	P39315		qorB		2.99043e+06	2.98723e+06	2.92367e+06	2.93662e+06	3.05293e+06	3.02055e+06
P39321	P39321		tamB		916329	881776	852652	863347	885520	883161
P39325	P39325		ytfQ		1.44519e+06	1.57473e+06	1.7061e+06	1.5256e+06	1.49337e+06	1.66394e+06
P39342	P39342		yjgR		740094	849895	895017	844991	837898	789870
P39347	P39347		intB		741913	791824	846384	879878	811129	1.03659e+06
P39377	P39377		iadA		5.43131e+06	5.30531e+06	5.23309e+06	5.31084e+06	5.30888e+06	5.4678e+06
P39384	P39384		yjiM		1.44047e+06	1.50793e+06	1.6383e+06	1.57247e+06	1.44744e+06	1.53758e+06
P39391	P39391		yjiT		284495	317668	321970	332733	269717	394099
P39396	P39396		yjiY		6.20252e+06	5.88031e+06	5.95289e+06	5.88293e+06	6.16606e+06	6.55517e+06
P39401	P39401		mdoB		1.08225e+06	1.0933e+06	1.01418e+06	985140	1.03801e+06	1.0551e+06
P39406	P39406		rsmC		9.91912e+06	1.00081e+07	1.06187e+07	1.04887e+07	1.02524e+07	1.12714e+07
P39407	P39407		yjjU		445377	476846	430600	460549	465783	383652
P39411	P39411		yjjX		2.68376e+06	2.7275e+06	2.89797e+06	2.81387e+06	2.79396e+06	2.85629e+06
P39451	P39451		adhP		1.64384e+06	1.57553e+06	1.59456e+06	1.56138e+06	1.59083e+06	1.83673e+06
P39829	P39829		garD		448737	431039	373550	459605	488335	648881
P39831	P39831		ydfG		1.04789e+07	1.04108e+07	1.04971e+07	1.04961e+07	1.06113e+07	9.23671e+06
P39838	P39838		rcsD		473548	570287	582241	598970	549440	403834
P40120	P40120		mdoD		3.9067e+06	3.95802e+06	3.97485e+06	3.92511e+06	4.01572e+06	4.21059e+06
P40191	P40191		pdxK		2.03766e+06	2.05833e+06	2.02517e+06	1.97298e+06	1.92027e+06	2.38234e+06
P40710	P40710		nlpE		1.85213e+06	1.86817e+06	2.08169e+06	1.81023e+06	1.95832e+06	1.87693e+06
P40719	P40719		qseC		332149	309174	383681	325654	330625	382829
P40874	P40874		solA		2.8641e+06	2.82641e+06	2.97427e+06	2.89153e+06	2.78383e+06	2.85658e+06
P41052	P41052		mltB		1.12505e+06	1.20267e+06	1.02111e+06	1.03088e+06	1.05105e+06	1.07293e+06
P41159ups|LEP_HUMAN_UPS Leptin (Chain 22-167) - Homo sapiens (Human)	P41159ups|LEP_HUMAN_UPS Leptin (Chain 22-167) - Homo sapiens (Human)				3.36314e+06	3.26553e+06	968236	909560	871248	3.41531e+06
P41407	P41407		azoR		3.50098e+06	3.60617e+06	3.57452e+06	3.18717e+06	3.2041e+06	3.47755e+06
P41409	P41409		rihA		789398	847895	786424	848175	770740	974912
P42596	P42596		rlmG		2.30748e+06	2.26979e+06	2.17492e+06	2.18839e+06	2.20779e+06	2.15909e+06
P42616	P42616		yqjC		367493	364195	334367	444926	359588	
P42628	P42628		yhaO		1.11816e+07	1.10539e+07	1.0162e+07	9.5143e+06	1.04012e+07	1.1569e+07
P42632	P42632		tdcE		6.5325e+06	6.46963e+06	6.53698e+06	6.53163e+06	6.46157e+06	6.31286e+06
P42641	P42641		obgE		8.15236e+06	7.87702e+06	8.05788e+06	7.8457e+06	7.65486e+06	7.69291e+06
P43329	P43329		hrpA		2.35787e+06	2.33282e+06	2.45291e+06	2.45614e+06	2.33593e+06	2.42347e+06
P43533	P43533		flgN		1.3332e+06	1.41439e+06	1.44164e+06	1.34959e+06	1.38595e+06	1.34607e+06
P43671	P43671		pqiB		393249	297686	335542	371966	429984	358681
P43672	P43672		uup		2.21628e+06	2.34504e+06	2.14384e+06	2.22494e+06	2.18774e+06	2.11555e+06
P45395	P45395		kdsD		2.21338e+06	2.20608e+06	2.48165e+06	2.11978e+06	2.2326e+06	2.11005e+06
P45464	P45464		lpoA		4.64463e+06	4.77935e+06	4.85894e+06	4.89983e+06	4.76434e+06	4.87995e+06
P45469	P45469		yraR		893123	803060	935563	881089	848324	764980
P45470	P45470		yhbO		904317	915059	957872	948245	940610	783065
P45475	P45475		yhbV		1.27943e+06	1.38197e+06	1.17889e+06	1.21503e+06	1.28801e+06	1.24769e+06
P45523	P45523		fkpA		4.22163e+07	4.21131e+07	4.32408e+07	4.26267e+07	4.26211e+07	3.90529e+07
P45530	P45530		tusB		472451	428485	376346	435674	470119	390592
P45531	P45531		tusC		340057	326738	340965	325587	290063	398934
P45568	P45568		dxr		741519	676591	736831	719033	756356	752129
P45577	P45577		proQ		1.27429e+07	1.28706e+07	1.28042e+07	1.30157e+07	1.28451e+07	1.25989e+07
P45578	P45578		luxS		1.96452e+07	2.02677e+07	2.06567e+07	2.05724e+07	2.00957e+07	1.62067e+07
P45748	P45748		rimN		4.19691e+06	4.04427e+06	4.2999e+06	4.092e+06	4.19057e+06	4.7616e+06
P45771	P45771		yrdD		2.06313e+06	2.40504e+06	2.29356e+06	2.10182e+06	2.1169e+06	2.33398e+06
P45795	P45795		yrdB		488361	511659	551846	577538	592490	741857
P45799	P45799		nudE		2.03452e+06	1.86776e+06	2.06926e+06	2.20701e+06	2.0487e+06	2.06852e+06
P45955	P45955		ybgF		2.33609e+06	2.34003e+06	2.42416e+06	2.38227e+06	2.45553e+06	2.51589e+06
P46130	P46130		ybhC		8.98469e+06	8.64866e+06	8.5387e+06	8.61066e+06	8.95462e+06	8.59946e+06
P46142	P46142		yggM		9.35415e+06	9.13932e+06	8.75546e+06	8.68844e+06	8.92587e+06	
P46837	P46837		yhgF		7.81601e+06	7.7179e+06	7.84363e+06	7.64655e+06	7.79731e+06	7.53859e+06
P46853	P46853		yhhX		5.51e+06	5.6131e+06	5.45207e+06	5.38907e+06	5.40323e+06	5.26817e+06
P46854	P46854		yhhY		535155	666651	524729	684927	583098	450433
P46889	P46889		ftsK		747719	817951	722890	647054	702901	872956
P52006	P52006		nudI		1.24284e+06	1.26589e+06	1.1895e+06	1.18368e+06	1.24208e+06	1.3544e+06
P52007	P52007		yecM		1.9893e+06	1.97165e+06	2.02518e+06	1.9517e+06	2.0225e+06	1.86041e+06
P52061	P52061		rdgB		6.83907e+06	6.70421e+06	6.82772e+06	7.08512e+06	6.6387e+06	7.12605e+06
P52076	P52076		qseB		1.05537e+06	1.09749e+06	1.14071e+06	1.01737e+06	1.07342e+06	958251
P52108	P52108		rstA		4.54238e+06	4.71556e+06	4.65405e+06	4.4065e+06	4.67813e+06	4.79328e+06
P52119	P52119		ratB		4.11551e+06	4.18939e+06	4.02863e+06	3.89267e+06	4.02545e+06	4.40555e+06
P52613	P52613		fliJ			777726	803650	736023	734060	722938
P52614	P52614		fliK		1.46166e+06	1.39544e+06	1.54721e+06	1.51772e+06	1.47551e+06	1.4343e+06
P52643	P52643		ldhA		8.4255e+06	8.22211e+06	8.01293e+06	8.28183e+06	8.44332e+06	8.36782e+06
P52644	P52644		hslJ		1.79443e+06	1.7223e+06	1.47696e+06	1.46623e+06	1.47185e+06	1.45877e+06
P52647	P52647		ydbK		1.67387e+06	1.62622e+06	1.54457e+06	1.65339e+06	1.59009e+06	1.69158e+06
P52697	P52697		pgl		2.10714e+07	2.19477e+07	2.20433e+07	2.15332e+07	2.17055e+07	1.96714e+07
P55957ups|BID_HUMAN_UPS BH3-interacting domain death agonist (Chain 1-195) - Homo sapiens (Human)	P55957ups|BID_HUMAN_UPS BH3-interacting domain death agonist (Chain 1-195) - Homo sapiens (Human)				2.11272e+06	2.34924e+06	733570	588702	704940	2.37939e+06
P56262	P56262		ysgA		1.28143e+06	1.1227e+06	1.26309e+06	1.03775e+06	1.13054e+06	908342
P60061	P60061		adiC		1.26861e+06	1.13648e+06	1.15078e+06	1.1893e+06	1.19781e+06	1.1524e+06
P60240	P60240		rapA		4.35624e+06	4.27544e+06	4.23743e+06	4.26971e+06	4.36368e+06	4.04119e+06
P60293	P60293		mukF		2.79122e+06	2.77474e+06	2.83715e+06	2.94571e+06	2.7653e+06	2.92307e+06
P60340	P60340		truB		8.51534e+06	8.52028e+06	8.41572e+06	8.21842e+06	8.27649e+06	9.20031e+06
P60390	P60390		rsmH		5.32422e+06	5.2094e+06	5.21799e+06	5.17671e+06	5.27684e+06	5.26976e+06
P60422	P60422		rplB		9.73821e+07	9.60909e+07	9.76714e+07	9.92789e+07	9.98139e+07	8.59686e+07
P60438	P60438		rplC		2.91478e+08	2.90196e+08	3.12137e+08	3.17602e+08	3.19929e+08	2.45181e+08
P60546	P60546		gmk		4.83858e+06	4.97278e+06	5.13136e+06	5.10728e+06	5.06388e+06	4.84562e+06
P60560	P60560		guaC		7.25567e+06	7.16813e+06	7.63367e+06	8.07428e+06	7.74665e+06	7.2262e+06
P60595	P60595		hisH		1.5911e+06	1.74963e+06	1.43029e+06	1.40747e+06	1.50893e+06	1.71963e+06
P60624	P60624		rplX		1.45963e+08	1.46623e+08	1.47257e+08	1.47916e+08	1.47314e+08	1.37534e+08
P60651	P60651		speB		1.06701e+07	1.0967e+07	1.09287e+07	1.07552e+07	1.07153e+07	1.04413e+07
P60664	P60664		hisF		2.837e+06	2.85551e+06	2.79986e+06	2.92959e+06	2.96715e+06	3.02167e+06
P60716	P60716		lipA		7.82298e+06	7.84335e+06	7.65957e+06	7.76035e+06	7.8001e+06	7.35171e+06
P60723	P60723		rplD		1.5737e+08	1.60755e+08	1.65616e+08	1.63375e+08	1.65021e+08	1.52408e+08
P60752	P60752		msbA		3.33808e+06	3.47226e+06	3.32024e+06	3.27236e+06	3.35076e+06	3.53017e+06
P60757	P60757		hisG		2.7804e+06	2.86717e+06	2.75585e+06	2.6932e+06	2.7218e+06	2.9076e+06
P60785	P60785		lepA		1.19241e+07	1.16889e+07	1.14408e+07	1.14851e+07	1.14508e+07	1.14483e+07
P60906	P60906		hisS		9.39027e+06	9.43256e+06	9.30646e+06	9.37109e+06	9.28814e+06	8.62202e+06
P61175	P61175		rplV		1.89736e+08	1.89781e+08	1.82638e+08	1.8745e+08	1.86065e+08	1.70821e+08
P61316	P61316		lolA		3.41351e+06	3.34451e+06	3.18728e+06	3.30342e+06	3.28552e+06	3.1491e+06
P61320	P61320		lolB		3.04653e+06	3.08177e+06	2.96716e+06	3.20316e+06	2.99255e+06	2.9238e+06
P61517	P61517		can		1.13667e+07	1.13308e+07	1.13294e+07	1.14578e+07	1.10061e+07	1.13889e+07
P61626ups|LYSC_HUMAN_UPS Lysozyme C (Chain 19-148) - Homo sapiens (Human)	P61626ups|LYSC_HUMAN_UPS Lysozyme C (Chain 19-148) - Homo sapiens (Human)				5.21067e+06	4.85434e+06	2.39282e+06	2.33682e+06	2.37287e+06	5.12267e+06
P61714	P61714		ribE		4.48534e+07	4.51377e+07	4.59573e+07	4.56675e+07	4.58638e+07	4.41278e+07
P61769ups|B2MG_HUMAN_UPS Beta-2-microglobulin (Chain 21-119) - Homo sapiens (Human)	P61769ups|B2MG_HUMAN_UPS Beta-2-microglobulin (Chain 21-119) - Homo sapiens (Human)				1.57801e+06	1.6381e+06	498910	507560	466607	1.34009e+06
P61887	P61887		rmlA2		977541	910723	1.06728e+06	1.05858e+06	939614	987390
P61889	P61889		mdh		2.36456e+07	2.38829e+07	2.3934e+07	2.36096e+07	2.3765e+07	2.26101e+07
P61949	P61949		fldA		3.7774e+06	3.80503e+06	3.6774e+06	3.62727e+06	3.61354e+06	3.59061e+06
P62399	P62399		rplE		1.38382e+08	1.38375e+08	1.36718e+08	1.37656e+08	1.37684e+08	1.24505e+08
P62556	P62556		sopA		3.65178e+06	3.73351e+06	3.71438e+06	3.58687e+06	3.97947e+06	3.6833e+06
P62558	P62558		sopB		5.57853e+06	5.60753e+06	5.69883e+06	5.74344e+06	5.76457e+06	5.95005e+06
P62615	P62615		ispE		1.55273e+06	1.72183e+06	1.58211e+06	1.62716e+06	1.75128e+06	1.65389e+06
P62617	P62617		ispF		3.29603e+06	3.39666e+06	3.08336e+06	2.88749e+06	3.24099e+06	3.10838e+06
P62620	P62620		ispG		6.31826e+06	6.18696e+06	6.26107e+06	6.19822e+06	6.26763e+06	6.19128e+06
P62623	P62623		ispH		1.28828e+06	1.26591e+06	1.27454e+06	1.29408e+06	1.31567e+06	1.27337e+06
P62707	P62707		gpmA		4.16858e+07	4.16321e+07	4.2688e+07	4.31008e+07	4.18902e+07	4.03825e+07
P62768	P62768		yaeH		5.73449e+06	5.72596e+06	5.70007e+06	5.61095e+06	5.71484e+06	5.84185e+06
P62937ups|PPIA_HUMAN_UPS Peptidyl-prolyl cis-trans isomerase A (Chain 1-165, N terminal His tag)- Homo sapiens (Human)	P62937ups|PPIA_HUMAN_UPS Peptidyl-prolyl cis-trans isomerase A (Chain 1-165, N terminal His tag)- Homo sapiens (Human)				1.72617e+06	1.76093e+06	587708	648984	537547	1.80169e+06
P62988ups|UBIQ_HUMAN_UPS Ubiquitin (Chain 1-76, N-terminal His tag) - Homo sapiens (Human)	P62988ups|UBIQ_HUMAN_UPS Ubiquitin (Chain 1-76, N-terminal His tag) - Homo sapiens (Human)				981861	971909	281775	274615	368823	1.01316e+06
P63020	P63020		nfuA		9.82239e+06	9.99157e+06	9.51298e+06	9.73974e+06	9.62572e+06	8.84239e+06
P63165ups|SUMO1_HUMAN_UPS Small ubiquitin-related modifier 1 (Chain 1-97, N-terminal GST tag) - Homo sapiens (Human)	P63165ups|SUMO1_HUMAN_UPS Small ubiquitin-related modifier 1 (Chain 1-97, N-terminal GST tag) - Homo sapiens (Human)				5.64952e+06	5.66949e+06	2.69889e+06	3.22383e+06	3.15067e+06	5.36418e+06
P63177	P63177		rlmB		2.9906e+06	3.09682e+06	2.96345e+06	2.97644e+06	2.98911e+06	3.23854e+06
P63224	P63224		gmhA		2.11576e+07	2.12752e+07	1.94424e+07	2.0248e+07	2.09076e+07	1.97102e+07
P63228	P63228		gmhB		4.23588e+06	4.05202e+06	3.97487e+06	4.17385e+06	4.08947e+06	4.12402e+06
P63235	P63235		gadC		2.45996e+06	2.61661e+06	2.77792e+06	2.5349e+06	2.71801e+06	2.65598e+06
P63279ups|UBC9_HUMAN_UPS SUMO-conjugating enzyme UBC9 (Chain 1-158) - Homo sapiens (Human)	P63279ups|UBC9_HUMAN_UPS SUMO-conjugating enzyme UBC9 (Chain 1-158) - Homo sapiens (Human)				2.61813e+06	2.47522e+06	769353	806205	760820	2.49456e+06
P63284	P63284		clpB		1.82775e+07	1.85319e+07	1.83508e+07	1.80873e+07	1.82751e+07	1.77905e+07
P63386	P63386		mlaF		1.01689e+06	996951	1.15571e+06	1.11419e+06	1.03286e+06	1.07839e+06
P63389	P63389		yheS		2.44818e+06	2.4106e+06	2.3678e+06	2.45495e+06	2.54234e+06	2.44721e+06
P63417	P63417		yhbS		7.84788e+06	8.26042e+06	8.67011e+06	8.65665e+06	8.51711e+06	8.61212e+06
P63883	P63883		amiC		1.11109e+06	1.09394e+06	1.0675e+06	1.07245e+06	1.02369e+06	1.07938e+06
P64429	P64429		ypfJ		1.0882e+06	1.12073e+06	1.12083e+06	1.17775e+06	1.16271e+06	1.08293e+06
P64451	P64451		ydcL		1.65894e+06	1.66392e+06	1.62509e+06	1.74112e+06	1.66508e+06	1.66169e+06
P64455	P64455		ydcY		8.06241e+06	7.27743e+06	7.39155e+06	5.61991e+06	7.32715e+06	1.08258e+07
P64463	P64463		ydfZ		3.49845e+07	3.53251e+07	3.69696e+07	3.44398e+07	3.64758e+07	3.0852e+07
P64467	P64467		cnu		2.66091e+06	2.74407e+06	2.7696e+06	2.50813e+06	2.67434e+06	2.89252e+06
P64476	P64476		ydiH		1.52655e+06	1.65704e+06	1.73176e+06	1.65966e+06	1.4698e+06	1.70844e+06
P64483	P64483		yeaK		4.42842e+06	4.21659e+06	3.94912e+06	4.02922e+06	4.50126e+06	4.54253e+06
P64493	P64493		yoaF		556710	526925	531846	475980	483922	461900
P64499	P64499		yebO		3.62697e+06	3.61644e+06	3.81246e+06	3.67771e+06	3.68094e+06	3.53186e+06
P64506	P64506		yebY		1.59449e+06	1.57162e+06	1.61382e+06	1.70694e+06	1.59735e+06	1.52358e+06
P64519	P64519		yodD		447043	540729	432082	377978	478555	557203
P64534	P64534		rcnB		2.86315e+06	2.99593e+06	2.6719e+06	2.57424e+06	2.93699e+06	2.86505e+06
P64540	P64540		yfcL		8.43474e+06	7.72857e+06	7.4992e+06	7.95129e+06	7.72744e+06	7.18112e+06
P64545	P64545		yfgG		719165	698777	741666	732949	706155	750473
P64554	P64554		queE		3.60477e+06	3.55989e+06	3.65083e+06	3.70219e+06	3.69789e+06	3.50162e+06
P64559	P64559		cptB		555323	593508	471139	568349	495282	544145
P64581	P64581		yqjD		2.4737e+07	2.57327e+07	2.74695e+07	2.68045e+07	2.63747e+07	2.49671e+07
P64585	P64585		yqjE		707993	720035	667801	671585	688772	
P64588	P64588		yqjI		1.71753e+06	1.69523e+06	1.46047e+06	1.72721e+06	1.4927e+06	1.90794e+06
P64596	P64596		yraP		7.87824e+06	7.76339e+06	8.33244e+06	8.18249e+06	8.49431e+06	7.4872e+06
P64599	P64599		yhbT		4.55607e+06	4.62876e+06	4.53929e+06	4.5733e+06	4.63313e+06	4.41402e+06
P64602	P64602		mlaB		1.82397e+06	1.69048e+06	1.85539e+06	1.77945e+06	1.8234e+06	1.92327e+06
P64604	P64604		mlaD		1.32257e+07	1.31275e+07	1.3213e+07	1.31549e+07	1.3802e+07	1.32098e+07
P64612	P64612		yhcM		547192	576595	491847	572165	534747	607692
P64624	P64624		yheO		2.90955e+06	3.26342e+06	2.87092e+06	2.92655e+06	2.96752e+06	2.88088e+06
P64636	P64636		yrfG		2.60015e+06	2.78546e+06	2.77722e+06	2.62353e+06	2.82605e+06	2.76619e+06
P65367	P65367		yqcA		2.31154e+06	2.25604e+06	2.24141e+06	2.38823e+06	2.1705e+06	2.68977e+06
P65556	P65556		yfcD		2.46682e+06	2.16879e+06	2.41794e+06	2.58032e+06	2.37041e+06	2.13875e+06
P65870	P65870		queD		3.07594e+06	3.08956e+06	2.85993e+06	2.85268e+06	3.04591e+06	3.01042e+06
P66817	P66817		diaA		2.47762e+06	2.33709e+06	2.31033e+06	2.23516e+06	2.33632e+06	2.44054e+06
P66948	P66948		yfgC		1.45387e+06	1.44075e+06	1.45297e+06	1.29946e+06	1.30628e+06	1.43076e+06
P67080	P67080		yggS		4.05206e+06	4.00638e+06	4.04798e+06	3.77719e+06	3.94567e+06	4.02201e+06
P67087	P67087		rsmI		2.48927e+06	2.57158e+06	2.51926e+06	2.54059e+06	2.66064e+06	2.58863e+06
P67095	P67095		yfcE		744597	690453	692975	699297	738653	574262
P67244	P67244		yqhA		728430	807678	691028	749658	770868	612181
P67603	P67603		yqfB		3.32094e+06	3.37712e+06	3.23663e+06	3.50693e+06	3.23615e+06	2.97411e+06
P67660	P67660		yhaJ		2.51712e+06	2.67277e+06	2.5606e+06	2.58207e+06	2.62248e+06	2.43998e+06
P67826	P67826		cutC		688435	732389	849083	670631	806238	620284
P67910	P67910		hldD		3.79472e+07	3.80216e+07	3.96242e+07	3.89136e+07	3.85431e+07	3.69381e+07
P68066	P68066		grcA		2.93335e+08	2.98824e+08	3.02834e+08	2.90419e+08	2.9836e+08	2.74926e+08
P68187	P68187		malK		1.40438e+06	1.48997e+06	1.37419e+06	1.47291e+06	1.47404e+06	1.68655e+06
P68191	P68191		sra		2.16853e+06	2.1007e+06	2.26822e+06	2.2614e+06	2.28847e+06	1.7066e+06
P68206	P68206		yjbJ		3.07158e+06	2.5636e+06	3.13489e+06	3.33235e+06	2.995e+06	1.86506e+06
P68679	P68679		rpsU		7.87482e+07	7.84488e+07	7.23452e+07	7.39547e+07	7.24895e+07	7.58217e+07
P68688	P68688		grxA		1.65066e+06	1.48151e+06	1.58201e+06	1.52386e+06	1.52604e+06	491973
P68699	P68699		atpE		3.612e+06	3.53128e+06	3.80533e+06	3.66951e+06	3.42289e+06	4.28576e+06
P68767	P68767		pepA		8.06403e+06	8.47398e+06	8.29628e+06	8.20257e+06	8.27964e+06	8.36869e+06
P68871ups|HBB_HUMAN_UPS Hemoglobin subunit beta (Chain 2-147) - Homo sapiens (Human)	P68871ups|HBB_HUMAN_UPS Hemoglobin subunit beta (Chain 2-147) - Homo sapiens (Human)				5.08945e+06	5.00138e+06	2.53862e+06	2.38359e+06	3.05595e+06	5.46281e+06
P68919	P68919		rplY		6.36387e+07	6.48408e+07	6.30661e+07	6.38658e+07	6.16522e+07	5.73864e+07
P69222	P69222		infA		1.51674e+07	1.46935e+07	1.51001e+07	1.4995e+07	1.4797e+07	1.38855e+07
P69228	P69228		baeR		1.62851e+06	1.64437e+06	1.60175e+06	1.64532e+06	1.66572e+06	1.51582e+06
P69330	P69330		citD		7.28984e+06	7.445e+06	8.09067e+06	7.51784e+06	7.61164e+06	7.72734e+06
P69407	P69407		rcsB		7.41896e+06	7.29702e+06	7.20765e+06	6.46435e+06	7.34707e+06	5.76661e+06
P69411	P69411		rcsF		6.576e+06	6.63874e+06	6.59397e+06	6.75202e+06	6.63112e+06	6.12767e+06
P69425	P69425		tatB		3.09647e+06	3.14891e+06	2.91256e+06	2.81086e+06	2.91223e+06	3.19432e+06
P69428	P69428		tatA		2.43931e+07	2.5249e+07	2.50275e+07	2.56113e+07	2.44302e+07	2.22067e+07
P69441	P69441		adk		4.63677e+07	4.62214e+07	4.59931e+07	4.71726e+07	4.65542e+07	4.26563e+07
P69503	P69503		apt		2.70473e+07	2.72367e+07	2.51322e+07	2.53389e+07	2.64549e+07	3.01506e+07
P69739	P69739		hyaA		452261	410539	269829	427626	440807	325543
P69741	P69741		hybO		3.91357e+06	3.89661e+06	3.95644e+06	3.98898e+06	3.86506e+06	3.47879e+06
P69776	P69776		lpp		4.28473e+07	4.13888e+07	4.18378e+07	4.2482e+07	4.22641e+07	3.64318e+07
P69783	P69783		crr		2.21396e+08	2.2302e+08	2.2412e+08	2.20473e+08	2.23429e+08	1.97168e+08
P69786	P69786		ptsG		5.64549e+06	5.58626e+06	5.47959e+06	5.37942e+06	5.42088e+06	5.55076e+06
P69797	P69797		manX		1.35268e+07	1.33244e+07	1.36293e+07	1.39786e+07	1.36545e+07	1.31855e+07
P69801	P69801		manY		1.12794e+06	1.1449e+06	1.13565e+06	1.38368e+06	1.23502e+06	1.37476e+06
P69805	P69805		manZ		6.88217e+06	6.56985e+06	7.38147e+06	8.65489e+06	7.0225e+06	6.16607e+06
P69811	P69811		fruB		1.09366e+07	1.08606e+07	1.14513e+07	1.14517e+07	1.13817e+07	1.02738e+07
P69829	P69829		ptsN		739547	789814	826317	855118	815252	575377
P69853	P69853		dmsD		1.49937e+06	1.47523e+06	1.3021e+06	1.44887e+06	1.37844e+06	1.45597e+06
P69874	P69874		potA		4.33929e+06	4.3371e+06	4.39481e+06	4.36396e+06	4.33383e+06	4.66599e+06
P69902	P69902		frc		1.4055e+06	1.44967e+06	1.50975e+06	1.56226e+06	1.40243e+06	1.4596e+06
P69905ups|HBA_HUMAN_UPS Hemoglobin subunit alpha (Chain 2-142) - Homo sapiens (Human)	P69905ups|HBA_HUMAN_UPS Hemoglobin subunit alpha (Chain 2-142) - Homo sapiens (Human)				2.14494e+06	2.08136e+06	551565	502216	510601	1.97179e+06
P69908	P69908		gadA		3.1069e+06	3.44966e+06	4.06378e+06	3.72952e+06	3.72693e+06	3.24792e+06
P69910	P69910		gadB		4.53057e+07	4.28623e+07	4.41126e+07	4.5231e+07	4.41615e+07	3.96386e+07
P69913	P69913		csrA		1.82076e+07	1.75807e+07	1.64963e+07	1.57078e+07	1.6134e+07	1.70824e+07
P69924	P69924		nrdB		4.02093e+06	4.03588e+06	3.93767e+06	3.91902e+06	3.76473e+06	3.84324e+06
P69931	P69931		hda		519388	568330	603715	614707	653431	489276
P75691	P75691		yahK		1.2585e+06	1.19505e+06	1.20224e+06	1.23165e+06	1.25878e+06	1.14862e+06
P75726	P75726		citF		5.33739e+06	5.17682e+06	5.24641e+06	5.1163e+06	5.15612e+06	5.05231e+06
P75728	P75728		ubiF		645837	669032	606420	547838	567254	611686
P75736	P75736		ybfF		2.10333e+06	2.06429e+06	2.11544e+06	2.12765e+06	1.959e+06	1.89175e+06
P75746	P75746		ybgL		138344	274303	187213		69593.2	
P75777	P75777		ybhG		2.69032e+06	2.57704e+06	2.59264e+06	2.79361e+06	2.66776e+06	2.76505e+06
P75780	P75780		fiu		658520	665955	657764	685632	645588	730327
P75782	P75782		rlmF		1.01655e+06	926058	851830	816842	991676	1.02945e+06
P75809	P75809		ybjI		700697	771787	671763	621918	739347	1.00679e+06
P75818	P75818		ybjP		5.95379e+06	6.16023e+06	5.94348e+06	5.94661e+06	6.00926e+06	5.71186e+06
P75821	P75821		ybjS		1.49388e+06	1.52919e+06	1.47641e+06	1.53785e+06	1.52335e+06	1.60109e+06
P75823	P75823		ltaE		6.86133e+06	7.03097e+06	7.25568e+06	7.04005e+06	7.34086e+06	6.84209e+06
P75829	P75829		ybjX		2.25136e+06	2.24697e+06	2.21781e+06	2.35984e+06	2.24117e+06	2.08932e+06
P75838	P75838		ycaO		9.69588e+06	9.29492e+06	9.80702e+06	9.41348e+06	9.5842e+06	9.37446e+06
P75849	P75849		ycbL		2.06228e+06	2.01634e+06	1.91284e+06	1.72685e+06	1.95399e+06	1.92894e+06
P75863	P75863		ycbX		1.36721e+06	1.3905e+06	1.33828e+06	1.3493e+06	1.38569e+06	1.3811e+06
P75864	P75864		rlmL		1.59348e+06	1.57282e+06	1.5705e+06	1.69562e+06	1.66085e+06	1.78225e+06
P75867	P75867		ycbZ		1.75943e+06	1.78325e+06	1.84082e+06	1.73867e+06	1.80355e+06	1.47943e+06
P75874	P75874		yccU		3.02205e+06	2.97572e+06	2.99888e+06	2.90527e+06	3.06649e+06	2.64628e+06
P75876	P75876		rlmI		4.15708e+06	4.17284e+06	4.17303e+06	4.10445e+06	4.17408e+06	4.22125e+06
P75882	P75882		gfcD		5.00673e+06	5.15136e+06	5.18968e+06	4.96918e+06	5.09929e+06	5.07462e+06
P75883	P75883		gfcC		1.40794e+06	1.51659e+06	1.27271e+06	1.19314e+06	1.25606e+06	1.2684e+06
P75884	P75884		gfcB		1.76408e+06	1.71127e+06	1.70689e+06	1.74984e+06	1.66414e+06	1.85034e+06
P75913	P75913		ghrA		1.19108e+06	1.21737e+06	1.10273e+06	1.16144e+06	1.07416e+06	1.1171e+06
P75914	P75914		ycdX		1.45297e+07	1.50005e+07	1.51803e+07	1.53429e+07	1.43972e+07	1.68887e+07
P75915	P75915		ycdY		6.12343e+06	6.17266e+06	6.50498e+06	6.56764e+06	6.23646e+06	5.94926e+06
P75931	P75931		yceM		882849	822267	840171	875596	811755	865998
P75937	P75937		flgE		3.8931e+06	3.76086e+06	3.82401e+06	3.80384e+06	3.85997e+06	3.63896e+06
P75949	P75949		nagZ		3.29254e+06	3.44829e+06	3.59841e+06	3.5605e+06	3.61332e+06	2.76109e+06
P75957	P75957		lolD		4.46428e+06	4.57871e+06	4.59187e+06	4.73225e+06	4.66404e+06	4.16071e+06
P75959	P75959		nagK		2.18096e+06	2.22137e+06	2.12924e+06	2.21466e+06	2.17057e+06	2.2273e+06
P75960	P75960		cobB		3.44927e+06	3.64793e+06	3.51928e+06	3.55584e+06	3.49723e+06	3.16698e+06
P76002	P76002		pliG		1.33994e+06	1.33154e+06	1.1312e+06	1.27747e+06	1.31432e+06	1.26044e+06
P76004	P76004		ycgM		1.33193e+06	1.32927e+06	1.20023e+06	1.21343e+06	1.14939e+06	1.49046e+06
P76008	P76008		ldcA		1.6117e+06	1.58683e+06	1.63006e+06	1.63616e+06	1.51961e+06	1.5152e+06
P76014	P76014		dhaL		6.56504e+06	6.56678e+06	7.07597e+06	6.06594e+06	6.13858e+06	6.20872e+06
P76015	P76015		dhaK		2.40383e+06	2.50932e+06	2.46365e+06	2.24394e+06	2.49142e+06	2.64629e+06
P76027	P76027		oppD		941432	919225	952169	961868	1.01896e+06	886297
P76034	P76034		yciT		1.58718e+06	1.56687e+06	1.60699e+06	1.5919e+06	1.59903e+06	1.70154e+06
P76055	P76055		ttcA		1.84716e+06	1.8077e+06	1.96474e+06	1.95134e+06	1.95825e+06	1.97301e+06
P76112	P76112		yncA		1.3258e+06	1.37302e+06	1.36264e+06	1.30611e+06	1.24168e+06	1.18315e+06
P76116	P76116		yncE		4.05045e+06	4.0832e+06	4.05641e+06	4.15004e+06	4.19942e+06	3.90601e+06
P76170	P76170		ynfB		2.58681e+06	2.66885e+06	2.48919e+06	2.53605e+06	2.49602e+06	2.72139e+06
P76177	P76177		ydgH		1.93004e+07	1.91847e+07	1.97863e+07	2.01502e+07	1.98091e+07	1.91316e+07
P76187	P76187		ydhF		2.5874e+06	2.61387e+06	2.28889e+06	2.41952e+06	2.48472e+06	2.40055e+06
P76192	P76192		ydhV		1.625e+06	1.64411e+06	1.69201e+06	1.62996e+06	1.5901e+06	1.54831e+06
P76193	P76193		ynhG		1.53242e+06	1.55505e+06	1.67044e+06	1.59231e+06	1.57959e+06	1.27102e+06
P76220	P76220		ydjY		691578	641853	586718	720080	629038	713733
P76223	P76223		ynjB		1.98312e+06	2.02204e+06	1.95481e+06	1.80159e+06	1.98849e+06	2.17918e+06
P76227	P76227		ynjH		3.62744e+06	3.49385e+06	3.66993e+06	3.91396e+06	3.66749e+06	3.73829e+06
P76243	P76243		yeaO		2.00212e+06	1.9769e+06	1.91002e+06	1.99018e+06	1.93311e+06	2.05441e+06
P76245	P76245		yeaP		673559	759798	845076	699461	751374	716798
P76256	P76256		yeaZ		1.94304e+06	1.93907e+06	1.96843e+06	2.14623e+06	2.06183e+06	2.11051e+06
P76268	P76268		kdgR		6.86215e+06	6.93896e+06	6.61141e+06	6.5758e+06	6.75834e+06	6.69828e+06
P76270	P76270		msrC		4.15659e+06	4.19795e+06	3.8764e+06	3.72746e+06	3.67284e+06	4.10385e+06
P76273	P76273		rsmF		434659	377393	469162	364821	408462	403060
P76290	P76290		cmoA		2.00556e+06	2.07243e+06	2.1857e+06	2.13704e+06	2.01621e+06	2.12454e+06
P76291	P76291		cmoB		1.98492e+06	1.98981e+06	2.02401e+06	2.03541e+06	1.96506e+06	2.29347e+06
P76316	P76316		dcyD		1.21539e+06	1.24054e+06	1.15513e+06	1.18725e+06	1.25229e+06	1.00729e+06
P76342	P76342		yedY		754171	1.21477e+06	725018	724993	1.10685e+06	
P76346	P76346		mtfA		1.26233e+06	1.24785e+06	1.26768e+06	1.27208e+06	1.23832e+06	1.2442e+06
P76372	P76372		wzzB		1.01563e+07	1.07797e+07	1.07879e+07	9.74687e+06	1.03879e+07	9.88739e+06
P76402	P76402		yegP		3.84887e+06	3.94328e+06	3.91326e+06	3.92028e+06	3.90418e+06	3.97629e+06
P76403	P76403		yegQ		2.93287e+06	2.88922e+06	3.07375e+06	2.98536e+06	3.00804e+06	2.97578e+06
P76440	P76440		preT		1.01136e+06	1.07377e+06	1.08327e+06	1.02709e+06	904830	979779
P76445	P76445		yeiU		2.15368e+06	2.01873e+06	1.96975e+06	2.21055e+06	1.93552e+06	1.73305e+06
P76491	P76491		yfbR		728165	737797	817098	823985	825594	972251
P76502	P76502		sixA		7.72099e+06	6.95682e+06	6.46217e+06	7.5803e+06	6.94282e+06	6.71542e+06
P76506	P76506		mlaA		7.69678e+06	8.0016e+06	8.01173e+06	7.9054e+06	7.91194e+06	7.65668e+06
P76535	P76535		murQ		1.60374e+06	1.6432e+06	1.677e+06	1.87263e+06	1.66177e+06	1.75972e+06
P76536	P76536		yfeX		8.588e+06	8.63704e+06	8.62327e+06	8.73246e+06	8.74935e+06	8.71349e+06
P76537	P76537		yfeY		2.83494e+06	2.77232e+06	2.80412e+06	2.93057e+06	2.8304e+06	2.6578e+06
P76539	P76539		ypeA		3.16463e+06	3.15159e+06	3.3274e+06	3.14689e+06	3.21258e+06	3.27958e+06
P76558	P76558		maeB		2.79957e+06	2.79067e+06	2.78739e+06	2.71463e+06	2.82946e+06	2.70821e+06
P76576	P76576		yfgM		9.26353e+06	9.28477e+06	9.39145e+06	9.02997e+06	9.2622e+06	8.23807e+06
P76578	P76578		yfhM		1.0096e+06	1.09707e+06	1.19161e+06	1.04272e+06	961331	1.06012e+06
P76594	P76594		yfiQ		2.00558e+06	2.03923e+06	2.0357e+06	2.13228e+06	2.09706e+06	2.25136e+06
P76658	P76658		hldE		9.27618e+06	9.25233e+06	9.17877e+06	9.31056e+06	9.40396e+06	9.64471e+06
P76938	P76938		epmC		1.61104e+06	1.45477e+06	1.66924e+06	1.67444e+06	1.5632e+06	1.40821e+06
P77150	P77150		pdxY		3.50932e+06	3.52808e+06	3.37817e+06	3.54075e+06	3.4893e+06	2.946e+06
P77173	P77173		zipA		2.41443e+06	2.33425e+06	2.39553e+06	2.38882e+06	2.39478e+06	1.66235e+06
P77182	P77182		mnmC		1.37728e+06	1.22534e+06	1.17364e+06	1.3088e+06	1.10816e+06	1.13451e+06
P77247	P77247		yniC		1.39069e+06	1.44675e+06	1.42241e+06	1.43483e+06	1.56519e+06	1.59485e+06
P77252	P77252		ykgE		1.04088e+06	932667	985888	966248	835008	932555
P77258	P77258		nemA		4.40014e+06	4.63951e+06	4.62023e+06	4.31472e+06	4.61888e+06	4.67294e+06
P77279	P77279		ybbL		2.72859e+06	2.6712e+06	2.88346e+06	2.81162e+06	2.93951e+06	2.48197e+06
P77285	P77285		rnfG		1.98967e+06	2.20212e+06	2.05832e+06	1.97066e+06	1.85387e+06	2.16134e+06
P77330	P77330		borD		2.93897e+07	2.94749e+07	3.12791e+07	3.11449e+07	3.06843e+07	2.44422e+07
P77348	P77348		mppA		1.99623e+06	1.96516e+06	1.9589e+06	2.00143e+06	1.91913e+06	1.84657e+06
P77376	P77376		ydgJ		1.2958e+06	1.29791e+06	1.31561e+06	1.31225e+06	1.32358e+06	1.34955e+06
P77395	P77395		ybbN		2.62058e+06	2.63961e+06	2.57198e+06	2.71678e+06	2.66901e+06	2.59857e+06
P77398	P77398		arnA		350393	480858	364514	434865	412674	347116
P77433	P77433		ykgG		1.42626e+06	1.43734e+06	1.28759e+06	1.3662e+06	1.36599e+06	1.4145e+06
P77434	P77434		alaC		2.24184e+06	2.22102e+06	2.2477e+06	2.19668e+06	2.21954e+06	2.39708e+06
P77454	P77454		glsA1		1.15631e+06	1.24887e+06	1.22145e+06	1.2578e+06	1.18378e+06	987383
P77475	P77475		yqaB		1.91769e+06	2.12863e+06	2.7885e+06	2.38694e+06	2.37806e+06	1.42861e+06
P77488	P77488		dxs		1.96208e+06	1.99432e+06	2.1189e+06	1.99469e+06	2.11078e+06	1.95551e+06
P77499	P77499		sufC		1.46375e+06	1.49243e+06	1.49229e+06	1.50463e+06	1.52501e+06	1.58428e+06
P77522	P77522		sufB		682211	617304	749027	725145	763633	660327
P77529	P77529		ydjN		4.79035e+06	5.0363e+06	4.80703e+06	4.672e+06	4.50314e+06	4.88282e+06
P77536	P77536		ykgF		1.97938e+06	2.04276e+06	1.88489e+06	1.87083e+06	1.81021e+06	1.93992e+06
P77552	P77552		ydhQ		2.69618e+06	2.55136e+06	2.61102e+06	2.64762e+06	2.67336e+06	2.65192e+06
P77562	P77562		yaiW		1.26239e+06	1.29027e+06	1.2958e+06	1.20067e+06	1.27537e+06	1.31722e+06
P77570	P77570		anmK		1.35004e+06	1.43398e+06	1.44097e+06	1.54844e+06	1.44244e+06	1.44679e+06
P77611	P77611		rnfC		532968	513190	526964	521882	563203	487370
P77625	P77625		yfbT		8.82625e+06	8.44283e+06	8.34301e+06	8.44899e+06	8.24282e+06	8.19675e+06
P77690	P77690		arnB		644704	517830	621716	602135	555186	637507
P77717	P77717		ybaY		1.65473e+06	1.68864e+06	1.48885e+06	1.50231e+06	1.44153e+06	1.64197e+06
P77718	P77718		thiI		4.54827e+06	4.50992e+06	4.59116e+06	4.49387e+06	4.48629e+06	4.43109e+06
P77735	P77735		yajO		4.14372e+06	4.05667e+06	3.97014e+06	3.6544e+06	3.85331e+06	3.96172e+06
P77737	P77737		oppF		1.6945e+06	1.73783e+06	1.67108e+06	1.60831e+06	1.68724e+06	1.78977e+06
P77739	P77739		yniA		929684	842642	1.07838e+06	950422	999626	944580
P77748	P77748		ydiJ		1.05138e+06	979149	1.06953e+06	957469	1.11403e+06	1.05958e+06
P77756	P77756		queC		1.37783e+06	1.54627e+06	1.60461e+06	1.45491e+06	1.47796e+06	1.6285e+06
P77774	P77774		bamB		1.36229e+07	1.34457e+07	1.32783e+07	1.33603e+07	1.32816e+07	1.30942e+07
P77791	P77791		maa		398884	320213	477132	301920	443576	
P77804	P77804		ydgA		9.60607e+06	9.39819e+06	9.77524e+06	9.35058e+06	9.68035e+06	9.02848e+06
P77808	P77808		yfaY		2.21661e+06	2.18566e+06	2.26238e+06	2.2017e+06	2.27895e+06	2.14871e+06
P78067	P78067		ynjE		3.02766e+06	3.14153e+06	2.9098e+06	2.77655e+06	3.00273e+06	2.76016e+06
P99999ups|CYC_HUMAN_UPS Cytochrome c (Chain 2-105) - Homo sapiens (Human)	P99999ups|CYC_HUMAN_UPS Cytochrome c (Chain 2-105) - Homo sapiens (Human)				1.46111e+06	1.5902e+06	508621	479214	517785	1.84139e+06
Q06830ups|PRDX1_HUMAN_UPS Peroxiredoxin 1 (Chain 2-199) - Homo sapiens (Human)	Q06830ups|PRDX1_HUMAN_UPS Peroxiredoxin 1 (Chain 2-199) - Homo sapiens (Human)				2.65242e+06	2.66889e+06	872726	808913	829836	2.54816e+06
Q15843ups|NEDD8_HUMAN_UPS NEDD8 (Chain 1-81) - Homo sapiens (Human)	Q15843ups|NEDD8_HUMAN_UPS NEDD8 (Chain 1-81) - Homo sapiens (Human)				5.26657e+06	5.26085e+06	1.58915e+06	1.45788e+06	1.70585e+06	4.69248e+06
Q2M7R5	Q2M7R5		yibT		2.08866e+06	2.38129e+06	2.49587e+06	2.37683e+06	2.4853e+06	2.06321e+06
Q46829	Q46829		bglA		1.319e+07	1.32676e+07	1.25122e+07	1.25642e+07	1.20275e+07	1.31651e+07
Q46835	Q46835		yghG		802531	727183	747800	889820	882842	855659
Q46845	Q46845		yghU		460232	486812	393133	448636	406662	407136
Q46856	Q46856		yqhD		3.90464e+06	3.90078e+06	3.83301e+06	3.98234e+06	3.80421e+06	3.67616e+06
Q46857	Q46857		dkgA		5.21256e+06	5.2099e+06	5.51663e+06	5.1262e+06	5.17776e+06	4.86763e+06
Q46868	Q46868		yqiC		9.7443e+06	9.57765e+06	1.04036e+07	9.73837e+06	1.04329e+07	9.78458e+06
Q46871	Q46871		yqjH		3.10462e+06	3.2615e+06	3.19206e+06	3.02566e+06	3.22188e+06	3.15799e+06
Q46893	Q46893		ispD		1.9489e+06	1.79698e+06	1.81963e+06	1.7234e+06	1.88892e+06	1.94647e+06
Q46919	Q46919		yqcC		528300	526582	426602	558458	478372	661204
Q46920	Q46920		queF		4.53187e+06	4.57797e+06	4.71603e+06	4.41996e+06	4.59799e+06	4.28608e+06
Q46925	Q46925		csdA		803632	863732	912724	912939	891332	862075
Q46927	Q46927		ygdL		528616	545010	489830	468995	565536	405640
Q46948	Q46948		yajL		4.96491e+06	5.03868e+06	4.6952e+06	4.73072e+06	4.86431e+06	5.33582e+06
Q47147	Q47147		yafJ		904773	855897	938823	930063	966294	718961
Q47622	Q47622		sapA		622184	667471	634426	642238	649803	806761
Q47679	Q47679		yafV		908950	856932	835927	852545	966343	905590
Q57261	Q57261		truD		3.66551e+06	3.73951e+06	3.60434e+06	3.55628e+06	3.55665e+06	3.57346e+06
Q59385	Q59385		copA		5.51896e+06	5.4924e+06	5.96915e+06	5.3703e+06	5.8487e+06	5.08886e+06
Q93K97	Q93K97		nudF		2.80842e+06	2.82936e+06	2.88147e+06	2.96346e+06	2.86987e+06	2.96812e+06
