Protein.Group	Protein.Names	Genes	First.Protein.Description	N.Sequences	N.Proteotypic.Sequences	/home/lerost/DIA_tools_manuscript/input_files/PXD026600/RD139_Wide_UPS1_0_25fmol_inj2.mzML	/home/lerost/DIA_tools_manuscript/input_files/PXD026600/RD139_Wide_UPS1_5fmol_inj3.mzML	/home/lerost/DIA_tools_manuscript/input_files/PXD026600/RD139_Wide_UPS1_0_25fmol_inj3.mzML	/home/lerost/DIA_tools_manuscript/input_files/PXD026600/RD139_Wide_UPS1_5fmol_inj2.mzML	/home/lerost/DIA_tools_manuscript/input_files/PXD026600/RD139_Wide_UPS1_0_25fmol_inj1.mzML	/home/lerost/DIA_tools_manuscript/input_files/PXD026600/RD139_Wide_UPS1_5fmol_inj1.mzML
O00762ups|UBE2C_HUMAN_UPS	Ubiquitin-conjugating	Ubiquitin-conjugating		3	3		7.04792e+06		6.58366e+06		6.55465e+06
O76070ups|SYUG_HUMAN_UPS	Gamma-synuclein	Gamma-synuclein		4	4		2.2247e+07		2.30551e+07		2.41543e+07
P00167ups|CYB5_HUMAN_UPS	Cytochrome	Cytochrome		4	4		1.19197e+07		1.20472e+07		1.22314e+07
P00350	6PGD_ECOLI	gnd	6-phosphogluconate dehydrogenase, decarboxylating	27	27	2.98952e+08	3.06126e+08	2.91388e+08	3.0453e+08	2.80972e+08	2.99442e+08
P00363	FRDA_ECOLI	frdA	Fumarate reductase flavoprotein subunit	27	27	2.59654e+08	2.52778e+08	2.58412e+08	2.57727e+08	2.50588e+08	2.61355e+08
P00370	DHE4_ECOLI	gdhA	NADP-specific glutamate dehydrogenase	10	10	1.68247e+07	1.65285e+07	1.65952e+07	1.60623e+07	1.64813e+07	1.60876e+07
P00393	DHNA_ECOLI	ndh	NADH dehydrogenase	20	20	2.69838e+07	2.78185e+07	2.72992e+07	2.75468e+07	2.69409e+07	2.7687e+07
P00448	SODM_ECOLI	sodA	Superoxide dismutase [Mn]	7	7	4.15893e+07	4.349e+07	4.21163e+07	4.26815e+07	4.0934e+07	4.13892e+07
P00452	RIR1_ECOLI	nrdA	Ribonucleoside-diphosphate reductase 1 subunit alpha	29	29	4.33293e+07	4.35218e+07	4.27463e+07	4.16841e+07	4.33468e+07	4.27538e+07
P00490	PHSM_ECOLI	malP	Maltodextrin phosphorylase	32	32	4.04972e+07	4.1227e+07	3.90477e+07	4.0644e+07	4.02404e+07	4.04641e+07
P00509	AAT_ECOLI	aspC	Aspartate aminotransferase	28	28	9.58392e+07	1.01272e+08	9.81768e+07	1.0469e+08	9.81641e+07	1.03359e+08
P00547	KHSE_ECOLI	thrB	Homoserine kinase	3	3	3.84643e+06	4.24123e+06	4.61145e+06	3.89845e+06	3.99537e+06	3.80904e+06
P00550	PTM3C_ECOLI	mtlA	PTS system mannitol-specific EIICBA component	4	4	3.36628e+06	3.19682e+06	3.85e+06	3.59997e+06	3.75815e+06	3.27865e+06
P00561	AK1H_ECOLI	thrA	Bifunctional aspartokinase/homoserine dehydrogenase 1	12	12	1.50123e+07	1.58093e+07	1.69154e+07	1.56826e+07	1.55193e+07	1.63654e+07
P00562	AK2H_ECOLI	metL	Bifunctional aspartokinase/homoserine dehydrogenase 2	16	16	8.33325e+06	9.15204e+06	9.03558e+06	8.95375e+06	8.86436e+06	8.73714e+06
P00579	RPOD_ECOLI	rpoD	RNA polymerase sigma factor RpoD	19	18	8.37493e+07	8.57009e+07	8.19585e+07	8.79404e+07	8.23909e+07	8.75456e+07
P00582	DPO1_ECOLI	polA	DNA polymerase I	44	44	2.36938e+07	2.32292e+07	2.37854e+07	2.36717e+07	2.34173e+07	2.37511e+07
P00803	LEP_ECOLI	lepB	Signal peptidase I	6	6	1.42805e+07	1.44603e+07	1.43131e+07	1.44782e+07	1.40288e+07	1.35785e+07
P00805	ASPG2_ECOLI	ansB	L-asparaginase 2	20	20	1.45276e+08	1.46951e+08	1.42103e+08	1.46074e+08	1.40527e+08	1.45914e+08
P00811	AMPC_ECOLI	ampC	Beta-lactamase	5	5	5.14131e+06	4.43718e+06	4.24866e+06	4.33206e+06	4.63387e+06	4.61082e+06
P00861	DCDA_ECOLI	lysA	Diaminopimelate decarboxylase	2	2	1.73655e+06	1.86067e+06	1.53223e+06		1.72868e+06	1.5205e+06
P00864	CAPP_ECOLI	ppc	Phosphoenolpyruvate carboxylase	41	41	6.63272e+07	6.66512e+07	6.57357e+07	6.84042e+07	6.66053e+07	6.63622e+07
P00887	AROH_ECOLI	aroH	Phospho-2-dehydro-3-deoxyheptonate aldolase, Trp-sensitive	4	4	8.21554e+06	9.62766e+06	7.67178e+06	9.43716e+06	7.25615e+06	9.10411e+06
P00888	AROF_ECOLI	aroF	Phospho-2-dehydro-3-deoxyheptonate aldolase, Tyr-sensitive	8	7	1.08144e+07	1.00915e+07	1.01849e+07	1.11274e+07	1.0066e+07	1.09327e+07
P00892	ILVG_ECOLI	ilvG	Acetolactate synthase isozyme 2 large subunit	1	1	1.1486e+06		1.40979e+06		1.43127e+06	923431
P00894	ILVH_ECOLI	ilvH	Acetolactate synthase isozyme 3 small subunit	3	3	1.98335e+06	1.64474e+06	1.57345e+06	1.75234e+06	1.87107e+06	1.64909e+06
P00914	PHR_ECOLI	phrB	Deoxyribodipyrimidine photo-lyase	5	5	1.91714e+06	1.84005e+06	1.69973e+06	1.859e+06	1.82003e+06	1.84186e+06
P00915ups|CAH1_HUMAN_UPS	Carbonic	Carbonic		6	6		1.0407e+07		9.85986e+06		1.00149e+07
P00918ups|CAH2_HUMAN_UPS	Carbonic	Carbonic		7	7		1.94598e+07		1.95798e+07		2.03439e+07
P00926	SDHD_ECOLI	dsdA	D-serine dehydratase	4	4	2.02994e+06	1.63497e+06	1.80344e+06	1.92153e+06	1.89541e+06	1.87407e+06
P00934	THRC_ECOLI	thrC	Threonine synthase	15	15	1.99942e+07	2.0678e+07	1.95418e+07	2.03192e+07	1.98604e+07	1.95747e+07
P00935	METB_ECOLI	metB	Cystathionine gamma-synthase	2	2	2.56553e+06	2.3016e+06	2.43909e+06	3.13237e+06	2.83783e+06	2.45661e+06
P00936	CYAA_ECOLI	cyaA	Adenylate cyclase	2	2	2.02893e+06	1.74598e+06	2.33679e+06	1.77255e+06	1.96873e+06	2.24961e+06
P00946	MANA_ECOLI	manA	Mannose-6-phosphate isomerase	11	11	5.14933e+07	5.05691e+07	5.28765e+07	5.07412e+07	5.22266e+07	5.09481e+07
P00954	SYW_ECOLI	trpS	Tryptophan--tRNA ligase	12	12	1.09902e+08	1.10173e+08	1.12002e+08	1.14033e+08	1.09806e+08	1.14333e+08
P00956	SYI_ECOLI	ileS	Isoleucine--tRNA ligase	37	37	1.1498e+08	1.19705e+08	1.16787e+08	1.18551e+08	1.16203e+08	1.18737e+08
P00957	SYA_ECOLI	alaS	Alanine--tRNA ligase	42	42	1.29993e+08	1.34194e+08	1.31269e+08	1.34472e+08	1.34691e+08	1.33593e+08
P00959	SYM_ECOLI	metG	Methionine--tRNA ligase	33	33	6.21621e+07	6.41028e+07	6.19085e+07	6.23009e+07	6.14102e+07	6.4987e+07
P00960	SYGA_ECOLI	glyQ	Glycine--tRNA ligase alpha subunit	9	9	3.17306e+07	3.34751e+07	3.13157e+07	3.29593e+07	3.15302e+07	3.25318e+07
P00961	SYGB_ECOLI	glyS	Glycine--tRNA ligase beta subunit	38	38	7.62155e+07	7.86286e+07	7.5144e+07	7.83237e+07	7.53583e+07	7.65575e+07
P00962	SYQ_ECOLI	glnS	Glutamine--tRNA ligase	29	29	8.07226e+07	8.2588e+07	7.92238e+07	8.26403e+07	8.00349e+07	8.09025e+07
P00963	ASNA_ECOLI	asnA	Aspartate--ammonia ligase	10	10	1.2112e+08	1.24918e+08	1.20714e+08	1.21965e+08	1.14153e+08	1.18904e+08
P00968	CARB_ECOLI	carB	Carbamoyl-phosphate synthase large chain	31	31	1.98677e+07	1.91505e+07	1.99839e+07	1.95078e+07	1.97645e+07	1.98005e+07
P01008ups|ANT3_HUMAN_UPS	Antithrombin-III	Antithrombin-III		8	8		1.59949e+07		1.55011e+07		1.62042e+07
P01112ups|RASH_HUMAN_UPS	GTPase	GTPase		5	5		9.03932e+06		1.0091e+07		1.02102e+07
P01127ups|PDGFB_HUMAN_UPS	Platelet-derived	Platelet-derived		2	2		1.65515e+07		1.60849e+07		1.64706e+07
P01375ups|TNFA_HUMAN_UPS	Tumor	Tumor		4	4		8.50797e+06		8.22953e+06		8.66139e+06
P01579ups|IFNG_HUMAN_UPS	Interferon	Interferon		4	4		1.60815e+07		1.4488e+07		1.52555e+07
P02144ups|MYG_HUMAN_UPS	Myoglobin	Myoglobin		6	6		1.32326e+07		1.41982e+07		1.32665e+07
P02358	RS6_ECOLI	rpsF	30S ribosomal protein S6	11	11	1.03585e+09	9.94627e+08	9.72409e+08	1.0653e+09	9.33271e+08	1.0222e+09
P02359	RS7_ECOLI	rpsG	30S ribosomal protein S7	14	14	1.04524e+09	1.03496e+09	1.06958e+09	1.06099e+09	1.0414e+09	1.04237e+09
P02413	RL15_ECOLI	rplO	50S ribosomal protein L15	13	13	8.65772e+08	8.62481e+08	8.55949e+08	8.79891e+08	8.99293e+08	8.75744e+08
P02768ups|ALBU_HUMAN_UPS	Serum	Serum		11	11	921344	2.88084e+07		2.69296e+07		2.71146e+07
P02787ups|TRFE_HUMAN_UPS	Serotransferrin	Serotransferrin		10	10		9.35675e+06		1.01703e+07		1.0187e+07
P02788ups|TRFL_HUMAN_UPS	Lactotransferrin	Lactotransferrin		13	13		2.17181e+07		2.07332e+07		2.14818e+07
P02918	PBPA_ECOLI	mrcA	Penicillin-binding protein 1A	9	9	4.83795e+07	5.42333e+07	4.757e+07	4.48462e+07	4.89639e+07	4.76709e+07
P02919	PBPB_ECOLI	mrcB	Penicillin-binding protein 1B	16	16	1.36914e+07	1.36821e+07	1.54993e+07	1.45434e+07	1.56963e+07	1.28302e+07
P02925	RBSB_ECOLI	rbsB	D-ribose-binding periplasmic protein	12	12	4.23783e+07	4.51629e+07	4.17563e+07	4.34806e+07	4.13419e+07	4.34336e+07
P02930	TOLC_ECOLI	tolC	Outer membrane protein TolC	15	15	1.32081e+08	1.28676e+08	1.30817e+08	1.26618e+08	1.28627e+08	1.27974e+08
P02931	OMPF_ECOLI	ompF	Outer membrane protein F	20	18	2.06616e+08	2.11934e+08	1.98161e+08	2.08786e+08	1.91407e+08	2.03396e+08
P02932	PHOE_ECOLI	phoE	Outer membrane pore protein E	2	2	1.17161e+06	1.65605e+06	1.17142e+06	1.64997e+06	945780	1.53612e+06
P02942	MCP1_ECOLI	tsr	Methyl-accepting chemotaxis protein I	16	14	7.07198e+07	6.74145e+07	6.9601e+07	6.98298e+07	6.86028e+07	6.90813e+07
P02943	LAMB_ECOLI	lamB	Maltoporin	9	9	8.09125e+06	8.55745e+06	9.02441e+06	8.70428e+06	8.20378e+06	8.33346e+06
P03004	DNAA_ECOLI	dnaA	Chromosomal replication initiator protein DnaA	11	11	6.68078e+06	8.16086e+06	7.06284e+06	7.84806e+06	6.89446e+06	7.24416e+06
P03007	DPO3E_ECOLI	dnaQ	DNA polymerase III subunit epsilon	2	2	3.0049e+06		3.76978e+06		3.00764e+06	
P03018	UVRD_ECOLI	uvrD	DNA helicase II	10	10	7.58822e+06	8.6258e+06	8.41664e+06	9.23265e+06	8.58381e+06	9.26412e+06
P03023	LACI_ECOLI	lacI	Lactose operon repressor	3	3	2.66206e+06	1.60895e+06	2.73549e+06	1.90755e+06	2.82281e+06	1.66058e+06
P03024	GALR_ECOLI	galR	HTH-type transcriptional regulator GalR	2	2	7.60397e+06	6.83925e+06	6.93624e+06	5.5186e+06	6.57337e+06	6.92766e+06
P03817	MIOC_ECOLI	mioC	Protein MioC	1	1	4.09243e+07	4.41869e+07	4.29351e+07	4.14015e+07	4.04684e+07	4.02284e+07
P03841	MALM_ECOLI	malM	Maltose operon periplasmic protein	6	6	3.62785e+07	3.49502e+07	3.48481e+07	3.40319e+07	3.58522e+07	3.51899e+07
P04036	DAPB_ECOLI	dapB	4-hydroxy-tetrahydrodipicolinate reductase	9	9	3.4191e+07	3.53505e+07	3.38189e+07	3.43492e+07	3.41813e+07	3.53209e+07
P04040ups|CATA_HUMAN_UPS	Catalase	Catalase		3	3		2.35163e+06		2.23908e+06		2.44217e+06
P04079	GUAA_ECOLI	guaA	GMP synthase [glutamine-hydrolyzing]	25	25	8.33137e+07	8.77984e+07	8.41103e+07	8.61766e+07	8.26559e+07	8.51219e+07
P04335	FRSA_ECOLI	frsA	Esterase FrsA	15	15	2.14179e+07	2.13588e+07	2.14803e+07	2.10524e+07	2.12286e+07	2.128e+07
P04425	GSHB_ECOLI	gshB	Glutathione synthetase	14	14	3.63699e+07	3.69784e+07	3.66454e+07	3.68622e+07	3.79007e+07	3.61015e+07
P04693	TYRB_ECOLI	tyrB	Aromatic-amino-acid aminotransferase	5	5	2.83437e+07	2.56767e+07	2.82571e+07	2.7003e+07	2.74433e+07	2.82191e+07
P04805	SYE_ECOLI	gltX	Glutamate--tRNA ligase	22	22	1.47731e+08	1.57376e+08	1.50233e+08	1.55197e+08	1.50566e+08	1.55128e+08
P04825	AMPN_ECOLI	pepN	Aminopeptidase N	29	29	7.95853e+07	8.20767e+07	7.81325e+07	7.84397e+07	7.98539e+07	7.82417e+07
P04846	NLPA_ECOLI	nlpA	Lipoprotein 28	2	2	7.78254e+06	7.37512e+06	8.28547e+06	8.42899e+06	8.205e+06	8.40957e+06
P04949	FLIC_ECOLI	fliC	Flagellin	15	15	4.54196e+08	4.35845e+08	4.506e+08	4.31946e+08	4.12659e+08	4.3681e+08
P04951	KDSB_ECOLI	kdsB	3-deoxy-manno-octulosonate cytidylyltransferase	6	6	3.87149e+07	3.92837e+07	3.84252e+07	3.87956e+07	3.79453e+07	3.84819e+07
P04968	ILVA_ECOLI	ilvA	L-threonine dehydratase biosynthetic IlvA	4	4	1.29834e+06	1.36455e+06	1.23988e+06	1.10583e+06	1.30924e+06	1.31102e+06
P04982	RBSD_ECOLI	rbsD	D-ribose pyranase	1	1	5.45792e+06	5.59748e+06	4.99175e+06	5.43749e+06	5.53662e+06	4.72838e+06
P04994	EX7L_ECOLI	xseA	Exodeoxyribonuclease 7 large subunit	2	2	4.90916e+06	3.33209e+06	3.9928e+06	3.39944e+06	4.23978e+06	2.84997e+06
P04995	EX1_ECOLI	sbcB	Exodeoxyribonuclease I	8	8	8.922e+06	8.00231e+06	9.01649e+06	8.6082e+06	9.0194e+06	8.5612e+06
P05020	PYRC_ECOLI	pyrC	Dihydroorotase	11	11	2.19098e+07	2.14624e+07	2.12582e+07	2.1896e+07	2.0609e+07	2.14251e+07
P05041	PABB_ECOLI	pabB	Para-aminobenzoate synthase component 1	4	4	4.91754e+06	4.83353e+06	5.20823e+06	4.52762e+06	6.26502e+06	4.94016e+06
P05055	PNP_ECOLI	pnp	Polyribonucleotide nucleotidyltransferase	38	38	2.0172e+08	2.05738e+08	2.0284e+08	2.05229e+08	2.05172e+08	2.02775e+08
P05100	3MG1_ECOLI	tag	DNA-3-methyladenine glycosylase 1	2	2	5.7738e+06	6.85891e+06	5.95632e+06	7.24249e+06	5.73811e+06	6.05744e+06
P05194	AROD_ECOLI	aroD	3-dehydroquinate dehydratase	6	6	2.83605e+07	2.71756e+07	2.80937e+07	2.63018e+07	2.62677e+07	2.74205e+07
P05413ups|FABPH_HUMAN_UPS	Fatty	Fatty		5	5		1.71972e+07		1.73705e+07		1.80658e+07
P05458	PTRA_ECOLI	ptrA	Protease 3	11	11	8.311e+06	8.19997e+06	8.11415e+06	8.46294e+06	8.18199e+06	8.23049e+06
P05459	PDXB_ECOLI	pdxB	Erythronate-4-phosphate dehydrogenase	16	16	3.04352e+07	3.05754e+07	3.08401e+07	3.19873e+07	2.92442e+07	3.1245e+07
P05523	FPG_ECOLI	mutM	Formamidopyrimidine-DNA glycosylase	3	3	682534			872852	1.11736e+06	847221
P05637	APAH_ECOLI	apaH	Bis(5'-nucleosyl)-tetraphosphatase [symmetrical]	8	8	8.83298e+06	1.02125e+07	1.06325e+07	1.18654e+07	8.80825e+06	1.09894e+07
P05719	T1SK_ECOLI	hsdS	Type-1 restriction enzyme EcoKI specificity protein	3	3	1.09336e+07	1.18733e+07	1.20711e+07	1.18854e+07	1.243e+07	1.06654e+07
P05791	ILVD_ECOLI	ilvD	Dihydroxy-acid dehydratase	13	13	1.29455e+07	1.34404e+07	1.31564e+07	1.35443e+07	1.23175e+07	1.42697e+07
P05793	ILVC_ECOLI	ilvC	Ketol-acid reductoisomerase	15	15	4.78456e+07	4.64295e+07	4.78371e+07	4.81294e+07	4.91429e+07	4.76328e+07
P05825	FEPA_ECOLI	fepA	Ferrienterobactin receptor	17	17	1.01009e+07	9.62266e+06	1.04821e+07	1.00158e+07	1.00941e+07	9.91445e+06
P05852	GCP_ECOLI	gcp	Probable tRNA threonylcarbamoyladenosine biosynthesis protein Gcp	4	4	9.43935e+06	9.79179e+06	9.53864e+06	9.26082e+06	1.04664e+07	8.54997e+06
P06129	BTUB_ECOLI	btuB	Vitamin B12 transporter BtuB	25	25	5.24102e+07	5.29613e+07	5.4365e+07	5.41438e+07	5.18908e+07	5.36377e+07
P06136	FTSQ_ECOLI	ftsQ	Cell division protein FtsQ	3	3	2.44187e+07	2.18044e+07	2.07588e+07	1.95131e+07	2.36485e+07	2.4027e+07
P06149	DLD_ECOLI	dld	D-lactate dehydrogenase	21	21	2.36627e+07	2.50146e+07	2.33858e+07	2.51424e+07	2.3486e+07	2.37692e+07
P06282	CDH_ECOLI	cdh	CDP-diacylglycerol pyrophosphatase	3	3	6.60724e+06	7.5887e+06	7.0106e+06	7.32928e+06	6.59765e+06	6.82255e+06
P06396ups|GELS_HUMAN_UPS	Gelsolin	Gelsolin		12	12		6.39644e+06		6.38613e+06		6.37399e+06
P06610	BTUE_ECOLI	btuE	Vitamin B12 transport periplasmic protein BtuE	8	8	5.66235e+07	5.43649e+07	5.51528e+07	5.44418e+07	5.43194e+07	5.44283e+07
P06611	BTUD_ECOLI	btuD	Vitamin B12 import ATP-binding protein BtuD	2	2	1.8796e+06	1.67058e+06	1.9645e+06		1.57572e+06	
P06612	TOP1_ECOLI	topA	DNA topoisomerase 1	25	25	2.97336e+07	2.9226e+07	2.85774e+07	2.79848e+07	2.83812e+07	2.91731e+07
P06616	ERA_ECOLI	era	GTPase Era	8	8	1.16543e+07	1.20368e+07	1.18153e+07	1.14554e+07	1.11283e+07	1.12319e+07
P06709	BIRA_ECOLI	birA	Bifunctional protein BirA	5	5	5.87338e+06	6.15084e+06	6.03004e+06	5.74974e+06	6.19738e+06	5.46098e+06
P06710	DPO3X_ECOLI	dnaX	DNA polymerase III subunit tau	8	8	4.94726e+06	4.87728e+06	5.19985e+06	4.57188e+06	5.19853e+06	4.94398e+06
P06715	GSHR_ECOLI	gor	Glutathione reductase	13	13	2.58525e+07	2.65937e+07	2.53927e+07	2.47719e+07	2.55365e+07	2.57989e+07
P06721	METC_ECOLI	metC	Cystathionine beta-lyase MetC	3	3	3.4911e+06	4.18794e+06	3.77848e+06	4.83708e+06	3.60322e+06	5.4891e+06
P06722	MUTH_ECOLI	mutH	DNA mismatch repair protein MutH	4	4	2.4311e+06	2.63896e+06	2.6489e+06	2.82604e+06	2.87193e+06	2.91245e+06
P06732ups|KCRM_HUMAN_UPS	Creatine	Creatine		11	11		9.66382e+06		9.57083e+06		9.9892e+06
P06846	EBGR_ECOLI	ebgR	HTH-type transcriptional regulator EbgR	7	7	4.78359e+06	4.86628e+06	4.94974e+06	4.42748e+06	4.73178e+06	4.61664e+06
P06959	ODP2_ECOLI	aceF	Dihydrolipoyllysine-residue acetyltransferase component of pyruvate dehydrogenase complex	36	36	3.29722e+08	3.13231e+08	3.22233e+08	3.22956e+08	3.26005e+08	3.21016e+08
P06961	CCA_ECOLI	cca	Multifunctional CCA protein	10	10	9.11927e+06	8.28607e+06	9.60404e+06	9.27996e+06	1.01087e+07	8.37013e+06
P06968	DUT_ECOLI	dut	Deoxyuridine 5'-triphosphate nucleotidohydrolase	3	3	8.41897e+07	7.99246e+07	9.0001e+07	8.12327e+07	8.63829e+07	8.06375e+07
P06971	FHUA_ECOLI	fhuA	Ferrichrome-iron receptor	18	18	7.81864e+07	8.03609e+07	7.59888e+07	7.70611e+07	7.72013e+07	7.63452e+07
P06974	FLIM_ECOLI	fliM	Flagellar motor switch protein FliM	9	9	1.57763e+07	1.78897e+07	1.79235e+07	1.74933e+07	1.66388e+07	1.6727e+07
P06983	HEM3_ECOLI	hemC	Porphobilinogen deaminase	14	14	6.3812e+07	6.24044e+07	6.32251e+07	6.3428e+07	6.32682e+07	6.30382e+07
P06986	HIS8_ECOLI	hisC	Histidinol-phosphate aminotransferase	9	9	1.36471e+07	1.50805e+07	1.32343e+07	1.4652e+07	1.3507e+07	1.40495e+07
P06987	HIS7_ECOLI	hisB	Histidine biosynthesis bifunctional protein HisB	7	7	3.71701e+06	3.85259e+06	4.0813e+06	4.18614e+06	4.10045e+06	3.98216e+06
P06988	HISX_ECOLI	hisD	Histidinol dehydrogenase	5	5	2.98555e+06	3.62153e+06	3.13453e+06	3.60163e+06	3.10796e+06	3.9283e+06
P06992	RSMA_ECOLI	rsmA	Ribosomal RNA small subunit methyltransferase A	3	3	1.22581e+08	1.18928e+08	1.2331e+08	1.16674e+08	1.18198e+08	1.21954e+08
P06993	MALT_ECOLI	malT	HTH-type transcriptional regulator MalT	3	3	8.88058e+06	1.1684e+07	9.77803e+06	1.06604e+07	9.29126e+06	1.0867e+07
P06996	OMPC_ECOLI	ompC	Outer membrane protein C	20	17	1.3563e+09	1.36714e+09	1.36018e+09	1.37514e+09	1.31423e+09	1.3575e+09
P06999	K6PF2_ECOLI	pfkB	6-phosphofructokinase isozyme 2	4	4	4.94105e+06	4.67767e+06	4.8536e+06	4.89007e+06	4.81925e+06	5.01344e+06
P07000	PLDB_ECOLI	pldB	Lysophospholipase L2	1	1	2.40554e+06	2.27314e+06	2.24297e+06	2.4192e+06	2.20843e+06	2.30961e+06
P07001	PNTA_ECOLI	pntA	NAD(P) transhydrogenase subunit alpha	10	10	1.24341e+07	1.2426e+07	1.25231e+07	1.20948e+07	1.16827e+07	1.23269e+07
P07003	POXB_ECOLI	poxB	Pyruvate dehydrogenase [ubiquinone]	8	8	1.21491e+07	1.22463e+07	1.16743e+07	1.23664e+07	1.23885e+07	1.18358e+07
P07004	PROA_ECOLI	proA	Gamma-glutamyl phosphate reductase	13	13	3.25948e+07	3.23298e+07	3.3493e+07	3.18133e+07	3.27128e+07	3.2126e+07
P07012	RF2_ECOLI	prfB	Peptide chain release factor 2	19	19	6.93936e+07	6.83915e+07	6.87792e+07	6.80854e+07	6.9108e+07	6.70939e+07
P07014	DHSB_ECOLI	sdhB	Succinate dehydrogenase iron-sulfur subunit	10	10	2.20329e+07	2.21709e+07	2.19766e+07	2.246e+07	2.08086e+07	2.20663e+07
P07017	MCP2_ECOLI	tar	Methyl-accepting chemotaxis protein II	13	13	1.87671e+07	1.937e+07	1.91537e+07	1.89664e+07	1.78625e+07	1.94495e+07
P07021	YFIB_ECOLI	yfiB	Putative lipoprotein YfiB	4	4	3.52648e+06	4.51873e+06	3.74988e+06	3.9424e+06	3.72133e+06	3.90995e+06
P07023	TYRA_ECOLI	tyrA	T-protein	8	8	7.4775e+06	7.78626e+06	7.82718e+06	7.47303e+06	7.30435e+06	7.45537e+06
P07024	USHA_ECOLI	ushA	Protein UshA	14	14	2.66214e+07	2.63788e+07	2.63468e+07	2.59665e+07	2.62733e+07	2.56248e+07
P07026	SDIA_ECOLI	sdiA	Regulatory protein SdiA	2	2	4.97197e+06	5.12697e+06	5.34923e+06	4.92861e+06	4.79031e+06	4.8373e+06
P07118	SYV_ECOLI	valS	Valine--tRNA ligase	47	47	1.20398e+08	1.2637e+08	1.2071e+08	1.2587e+08	1.19479e+08	1.23787e+08
P07330	CHEB_ECOLI	cheB	Chemotaxis response regulator protein-glutamate methylesterase	5	5	4.04135e+06	3.52132e+06	3.78624e+06	3.91639e+06	3.67739e+06	3.40361e+06
P07363	CHEA_ECOLI	cheA	Chemotaxis protein CheA	14	14	1.19415e+07	1.17592e+07	1.1718e+07	1.18114e+07	1.2466e+07	1.03744e+07
P07364	CHER_ECOLI	cheR	Chemotaxis protein methyltransferase	2	2	189032		98617.2	133137	152801	131824
P07395	SYFB_ECOLI	pheT	Phenylalanine--tRNA ligase beta subunit	35	35	8.9476e+07	9.11531e+07	8.88279e+07	9.25825e+07	8.9217e+07	9.16242e+07
P07604	TYRR_ECOLI	tyrR	Transcriptional regulatory protein TyrR	10	10	7.80734e+06	8.15485e+06	8.11375e+06	8.84693e+06	8.21515e+06	8.09787e+06
P07639	AROB_ECOLI	aroB	3-dehydroquinate synthase	11	11	1.88203e+07	1.91449e+07	1.87752e+07	1.84063e+07	1.80284e+07	1.88643e+07
P07648	EX5C_ECOLI	recC	Exodeoxyribonuclease V gamma chain	5	5	1.28018e+06	1.37104e+06	1.35022e+06	1.35486e+06	1.42757e+06	1.09074e+06
P07649	TRUA_ECOLI	truA	tRNA pseudouridine synthase A	4	4	3.46044e+06	3.18367e+06	3.73243e+06	4.18466e+06	3.19139e+06	3.35474e+06
P07650	TYPH_ECOLI	deoA	Thymidine phosphorylase	22	22	2.9878e+07	2.92535e+07	3.02881e+07	2.90407e+07	3.04942e+07	2.91992e+07
P07658	FDHF_ECOLI	fdhF	Formate dehydrogenase H	13	13	4.02521e+06	3.79177e+06	4.1702e+06	4.08919e+06	3.9433e+06	3.75442e+06
P07762	GLGB_ECOLI	glgB	1,4-alpha-glucan branching enzyme GlgB	20	20	1.11178e+07	1.15355e+07	1.09599e+07	1.09375e+07	1.09708e+07	1.10063e+07
P07813	SYL_ECOLI	leuS	Leucine--tRNA ligase	31	31	9.55528e+07	9.85886e+07	9.46154e+07	9.63228e+07	9.54254e+07	9.73385e+07
P07821	FHUC_ECOLI	fhuC	Iron(3+)-hydroxamate import ATP-binding protein FhuC	2	2	3.46951e+06				5.57392e+06	
P07822	FHUD_ECOLI	fhuD	Iron(3+)-hydroxamate-binding protein FhuD	1	1	2.35353e+06	1.68283e+06	2.21972e+06	2.08884e+06	2.44565e+06	1.9367e+06
P07862	DDLB_ECOLI	ddlB	D-alanine--D-alanine ligase B	11	11	4.39221e+07	4.56135e+07	4.64046e+07	4.57591e+07	4.77567e+07	4.50695e+07
P07913	TDH_ECOLI	tdh	L-threonine 3-dehydrogenase	7	7	3.18151e+07	3.41022e+07	3.0861e+07	3.23795e+07	3.22847e+07	3.37684e+07
P08178	PUR5_ECOLI	purM	Phosphoribosylformylglycinamidine cyclo-ligase	4	4	6.27793e+06	6.39047e+06	6.04819e+06	6.25433e+06	5.52222e+06	5.94182e+06
P08179	PUR3_ECOLI	purN	Phosphoribosylglycinamide formyltransferase	5	5	4.84449e+06	5.79288e+06	4.85102e+06	4.9625e+06	4.1108e+06	5.66594e+06
P08189	FIMF_ECOLI	fimF	Protein FimF	1	1	2.78238e+06		2.1429e+06	3.15892e+06	2.90255e+06	3.08107e+06
P08190	FIMG_ECOLI	fimG	Protein FimG	3	3	4.94185e+06	4.96955e+06	5.71431e+06	3.74218e+06	5.62554e+06	4.75134e+06
P08191	FIMH_ECOLI	fimH	Protein FimH	3	3	8.02374e+06	8.97749e+06	8.04499e+06	8.3702e+06	8.66092e+06	8.12104e+06
P08192	FOLC_ECOLI	folC	Bifunctional protein FolC	11	11	2.03594e+07	2.02853e+07	2.11131e+07	1.96955e+07	2.02617e+07	1.98174e+07
P08200	IDH_ECOLI	icd	Isocitrate dehydrogenase [NADP]	21	21	1.05978e+08	1.02499e+08	1.06281e+08	1.03164e+08	1.08044e+08	1.01916e+08
P08201	NIRB_ECOLI	nirB	Nitrite reductase [NAD(P)H] large subunit	23	23	2.69146e+07	2.78238e+07	2.67517e+07	2.74853e+07	2.7102e+07	2.7329e+07
P08244	PYRF_ECOLI	pyrF	Orotidine 5'-phosphate decarboxylase	6	6	6.23326e+07	6.64112e+07	6.32e+07	6.27664e+07	6.50488e+07	6.52871e+07
P08245	YCIH_ECOLI	yciH	Uncharacterized protein YciH	2	2	1.01017e+07	9.13322e+06	1.03818e+07	1.03466e+07	1.09083e+07	9.595e+06
P08263ups|GSTA1_HUMAN_UPS	Glutathione	Glutathione		10	10		1.11601e+07		1.07882e+07		1.05563e+07
P08312	SYFA_ECOLI	pheS	Phenylalanine--tRNA ligase alpha subunit	17	17	6.66634e+07	6.80181e+07	6.68847e+07	6.84991e+07	6.61314e+07	6.8127e+07
P08331	CPDB_ECOLI	cpdB	2',3'-cyclic-nucleotide 2'-phosphodiesterase/3'-nucleotidase	19	19	1.35317e+07	1.30789e+07	1.27437e+07	1.35791e+07	1.30609e+07	1.3154e+07
P08337	MUTT_ECOLI	mutT	8-oxo-dGTP diphosphatase	1	1	3.26041e+06	2.85158e+06	3.21873e+06	2.88751e+06	2.90432e+06	3.03215e+06
P08368	CREB_ECOLI	creB	Transcriptional regulatory protein CreB	1	1				676985		
P08373	MURB_ECOLI	murB	UDP-N-acetylenolpyruvoylglucosamine reductase	4	4	7.09466e+06	8.01941e+06	7.70304e+06	7.71423e+06	6.88867e+06	7.75284e+06
P08390	USG_ECOLI	usg	USG-1 protein	10	10	2.35945e+07	2.24852e+07	2.37834e+07	2.22787e+07	2.38233e+07	2.26774e+07
P08395	SPPA_ECOLI	sppA	Protease 4	14	14	1.13739e+07	1.19638e+07	1.1062e+07	1.13028e+07	1.14033e+07	1.10316e+07
P08506	DACC_ECOLI	dacC	D-alanyl-D-alanine carboxypeptidase DacC	17	17	2.65032e+07	2.69306e+07	2.67758e+07	2.59601e+07	2.67449e+07	2.60254e+07
P08622	DNAJ_ECOLI	dnaJ	Chaperone protein DnaJ	15	15	3.46334e+07	3.31552e+07	3.40887e+07	3.33081e+07	3.55072e+07	3.32985e+07
P08660	AK3_ECOLI	lysC	Lysine-sensitive aspartokinase 3	12	12	1.545e+07	1.77173e+07	1.68662e+07	1.81229e+07	1.59649e+07	1.84014e+07
P08758ups|ANXA5_HUMAN_UPS	Annexin	Annexin		9	9		1.45169e+07		1.38512e+07		1.50914e+07
P08839	PT1_ECOLI	ptsI	Phosphoenolpyruvate-protein phosphotransferase	33	33	3.33148e+08	3.29962e+08	3.27728e+08	3.33769e+08	3.25427e+08	3.30174e+08
P08956	T1RK_ECOLI	hsdR	Type I restriction enzyme EcoKI R protein	19	19	7.18055e+06	7.74825e+06	7.65828e+06	7.3831e+06	7.12958e+06	7.71784e+06
P08957	T1MK_ECOLI	hsdM	Type I restriction enzyme EcoKI M protein	22	22	4.78892e+07	4.80379e+07	4.76988e+07	4.78489e+07	4.79112e+07	4.7515e+07
P08997	MASY_ECOLI	aceB	Malate synthase A	1	1	9.18591e+06	1.02638e+07	7.54971e+06	9.20678e+06	1.04722e+07	9.18318e+06
P09029	PURK_ECOLI	purK	N5-carboxyaminoimidazole ribonucleotide synthase	2	2	2.0353e+06	2.45052e+06	2.10491e+06	2.11449e+06	1.87065e+06	2.3761e+06
P09030	EX3_ECOLI	xthA	Exodeoxyribonuclease III	11	11	2.42392e+07	2.40233e+07	2.51528e+07	2.39092e+07	2.31898e+07	2.35673e+07
P09053	AVTA_ECOLI	avtA	Valine--pyruvate aminotransferase	5	5	1.46878e+07	1.44056e+07	1.45744e+07	1.35297e+07	1.49164e+07	1.4022e+07
P09126	HEM4_ECOLI	hemD	Uroporphyrinogen-III synthase	6	6	2.10728e+07	1.97048e+07	2.08697e+07	2.04147e+07	2.08887e+07	2.12586e+07
P09127	HEMX_ECOLI	hemX	Putative uroporphyrinogen-III C-methyltransferase	22	22	6.17008e+07	6.20962e+07	6.29135e+07	6.05662e+07	6.14801e+07	6.14564e+07
P09147	GALE_ECOLI	galE	UDP-glucose 4-epimerase	14	14	3.43949e+07	3.46088e+07	3.51036e+07	3.38384e+07	3.41148e+07	3.37874e+07
P09148	GAL7_ECOLI	galT	Galactose-1-phosphate uridylyltransferase	9	9	4.7887e+06	5.19254e+06	5.3128e+06	4.98622e+06	4.933e+06	4.63033e+06
P09152	NARG_ECOLI	narG	Respiratory nitrate reductase 1 alpha chain	21	15	1.42764e+07	1.45186e+07	1.41604e+07	1.42067e+07	1.39995e+07	1.41967e+07
P09155	RND_ECOLI	rnd	Ribonuclease D	11	11	8.59714e+06	8.97817e+06	8.62203e+06	9.36354e+06	9.31438e+06	9.08382e+06
P09158	SPEE_ECOLI	speE	Spermidine synthase	5	5	2.81387e+07	2.79942e+07	2.90578e+07	2.82097e+07	2.84668e+07	2.90727e+07
P09169	OMPT_ECOLI	ompT	Protease 7	13	12	2.32216e+07	2.20775e+07	2.35009e+07	2.14694e+07	2.38907e+07	2.13859e+07
P09211ups|GSTP1_HUMAN_UPS	Glutathione	Glutathione		3	3		8.2881e+06		7.76498e+06		6.75947e+06
P09323	PTW3C_ECOLI	nagE	PTS system N-acetylglucosamine-specific EIICBA component	3	3	5.74056e+06	5.55501e+06	4.42607e+06	5.59353e+06	3.94794e+06	4.71742e+06
P09348	MOTA_ECOLI	motA	Motility protein A	3	3	1.63163e+06	1.7447e+06	1.63509e+06	1.99252e+06	1.90514e+06	1.63476e+06
P09372	GRPE_ECOLI	grpE	Protein GrpE	8	8	1.95881e+08	1.88255e+08	1.90427e+08	1.8806e+08	2.0497e+08	1.86266e+08
P09373	PFLB_ECOLI	pflB	Formate acetyltransferase 1	67	62	2.19373e+09	2.12047e+09	2.16583e+09	2.15505e+09	2.159e+09	2.15388e+09
P09394	GLPQ_ECOLI	glpQ	Glycerophosphoryl diester phosphodiesterase	12	12	2.74195e+07	2.57446e+07	2.68543e+07	2.70448e+07	2.7425e+07	2.56149e+07
P09424	MTLD_ECOLI	mtlD	Mannitol-1-phosphate 5-dehydrogenase	8	8	1.70851e+07	1.86129e+07	1.86324e+07	2.01302e+07	1.80087e+07	1.87996e+07
P09546	PUTA_ECOLI	putA	Bifunctional protein PutA	11	11	2.13505e+07	1.83474e+07	2.24647e+07	1.87365e+07	2.34301e+07	1.74958e+07
P09549	DEDD_ECOLI	dedD	Protein DedD	6	6	1.14769e+07	1.13561e+07	1.0997e+07	1.11656e+07	1.14544e+07	1.04733e+07
P09831	GLTB_ECOLI	gltB	Glutamate synthase [NADPH] large chain	38	38	1.12594e+07	1.11259e+07	1.1551e+07	1.13862e+07	1.14213e+07	1.12789e+07
P09832	GLTD_ECOLI	gltD	Glutamate synthase [NADPH] small chain	6	6	2.91434e+07	2.68765e+07	2.67463e+07	2.68133e+07	3.01285e+07	2.61973e+07
P09996	YIDB_ECOLI	yidB	Uncharacterized protein YidB	1	1	2.13073e+06	2.06087e+06	1.83529e+06	1.59716e+06	2.41996e+06	
P0A698	UVRA_ECOLI	uvrA	UvrABC system protein A	23	23	1.40799e+07	1.36182e+07	1.34449e+07	1.30237e+07	1.35303e+07	1.37339e+07
P0A6A0	UBIB_ECOLI	ubiB	Probable ubiquinone biosynthesis protein UbiB	5	5	4.45232e+06	4.90861e+06	4.74172e+06	4.53443e+06	4.36613e+06	4.69869e+06
P0A6A3	ACKA_ECOLI	ackA	Acetate kinase	15	15	7.66867e+08	7.91093e+08	7.53791e+08	7.84638e+08	7.51399e+08	7.88818e+08
P0A6A8	ACP_ECOLI	acpP	Acyl carrier protein	3	3	1.13125e+09	1.16836e+09	1.08297e+09	1.19866e+09	1.11397e+09	1.2029e+09
P0A6B4	ALR1_ECOLI	alr	Alanine racemase, biosynthetic	11	11	1.11572e+07	1.1181e+07	1.07585e+07	1.11704e+07	1.13131e+07	1.13264e+07
P0A6B7	ISCS_ECOLI	iscS	Cysteine desulfurase	22	22	1.09323e+08	1.14266e+08	1.10534e+08	1.11752e+08	1.082e+08	1.13978e+08
P0A6C1	END4_ECOLI	nfo	Endonuclease 4	7	7	9.6913e+06	9.94172e+06	1.0922e+07	1.08805e+07	1.01686e+07	1.11325e+07
P0A6D0	ARGR_ECOLI	argR	Arginine repressor	1	1	7.82014e+06	1.1287e+07	1.07293e+07	1.03959e+07	1.09304e+07	1.17292e+07
P0A6D3	AROA_ECOLI	aroA	3-phosphoshikimate 1-carboxyvinyltransferase	9	9	2.51603e+07	2.73848e+07	2.48975e+07	2.61771e+07	2.40709e+07	2.63048e+07
P0A6D7	AROK_ECOLI	aroK	Shikimate kinase 1	12	12	7.9791e+07	8.34116e+07	7.921e+07	8.70634e+07	8.31777e+07	8.48566e+07
P0A6E4	ASSY_ECOLI	argG	Argininosuccinate synthase	11	11	1.14027e+07	1.56128e+07	1.70607e+07	1.44377e+07	1.51384e+07	1.6136e+07
P0A6E6	ATPE_ECOLI	atpC	ATP synthase epsilon chain	4	4	5.39741e+07	5.07707e+07	5.45615e+07	4.72003e+07	5.89912e+07	4.96943e+07
P0A6E9	BIOD2_ECOLI	bioD2	ATP-dependent dethiobiotin synthetase BioD 2	8	8	3.24128e+07	3.75678e+07	3.54248e+07	3.76466e+07	3.37957e+07	3.75034e+07
P0A6F1	CARA_ECOLI	carA	Carbamoyl-phosphate synthase small chain	11	11	4.24482e+07	4.57232e+07	4.44023e+07	4.36774e+07	4.60732e+07	4.58106e+07
P0A6F3	GLPK_ECOLI	glpK	Glycerol kinase	19	19	1.62716e+07	1.61317e+07	1.64339e+07	1.66046e+07	1.66931e+07	1.60981e+07
P0A6F5	CH60_ECOLI	groL	60 kDa chaperonin	37	37	6.25505e+08	6.46665e+08	6.18818e+08	6.53518e+08	6.28304e+08	6.44627e+08
P0A6F9	CH10_ECOLI	groS	10 kDa chaperonin	8	8	8.04537e+08	7.13317e+08	7.95609e+08	6.973e+08	7.84452e+08	6.87313e+08
P0A6G3	PNCC_ECOLI	pncC	Nicotinamide-nucleotide amidohydrolase PncC	3	3	1.62813e+07	1.77428e+07	1.79483e+07	1.78769e+07	1.62294e+07	1.71177e+07
P0A6G7	CLPP_ECOLI	clpP	ATP-dependent Clp protease proteolytic subunit	5	5	1.51806e+08	1.52671e+08	1.48016e+08	1.53544e+08	1.4994e+08	1.56655e+08
P0A6H1	CLPX_ECOLI	clpX	ATP-dependent Clp protease ATP-binding subunit ClpX	21	21	9.28644e+07	9.85354e+07	9.4482e+07	9.88257e+07	9.37434e+07	9.82405e+07
P0A6H5	HSLU_ECOLI	hslU	ATP-dependent protease ATPase subunit HslU	29	29	8.83457e+07	9.22918e+07	8.68411e+07	8.99852e+07	8.75083e+07	9.11196e+07
P0A6H8	CLS_ECOLI	cls	Cardiolipin synthase	2	2	1.4099e+06	1.6653e+06	1.31167e+06	1.38282e+06	1.3438e+06	1.43062e+06
P0A6I0	KCY_ECOLI	cmk	Cytidylate kinase	13	13	4.88207e+07	4.80737e+07	4.93026e+07	4.74711e+07	4.94036e+07	4.77015e+07
P0A6I3	COAA_ECOLI	coaA	Pantothenate kinase	10	10	1.36995e+07	1.67337e+07	1.43583e+07	1.58079e+07	1.45834e+07	1.55218e+07
P0A6I6	COAD_ECOLI	coaD	Phosphopantetheine adenylyltransferase	3	3	5.83631e+06	5.08773e+06	5.82178e+06	5.42285e+06	6.19088e+06	5.54345e+06
P0A6I9	COAE_ECOLI	coaE	Dephospho-CoA kinase	4	4	4.10325e+06	3.90143e+06	4.36303e+06	4.15861e+06	4.2984e+06	4.12457e+06
P0A6J1	CYSC_ECOLI	cysC	Adenylyl-sulfate kinase	3	3	5.32008e+06	5.51248e+06	5.40449e+06	5.62025e+06	5.45774e+06	5.20442e+06
P0A6J5	DADA_ECOLI	dadA	D-amino acid dehydrogenase small subunit	4	4	1.4316e+06	1.55814e+06	1.45052e+06	1.50646e+06	1.53213e+06	1.3597e+06
P0A6J8	DDLA_ECOLI	ddlA	D-alanine--D-alanine ligase A	16	16	7.29852e+07	7.07148e+07	7.27074e+07	7.36263e+07	7.43138e+07	7.30492e+07
P0A6K3	DEF_ECOLI	def	Peptide deformylase	5	5	1.03499e+08	9.65309e+07	9.9151e+07	9.70023e+07	1.05455e+08	9.9977e+07
P0A6K6	DEOB_ECOLI	deoB	Phosphopentomutase	21	21	1.19625e+08	1.25352e+08	1.25603e+08	1.26461e+08	1.24242e+08	1.23051e+08
P0A6L0	DEOC_ECOLI	deoC	Deoxyribose-phosphate aldolase	11	11	1.05851e+08	1.02741e+08	1.05482e+08	1.02738e+08	1.05348e+08	1.01362e+08
P0A6L2	DAPA_ECOLI	dapA	4-hydroxy-tetrahydrodipicolinate synthase	10	10	1.55803e+08	1.59301e+08	1.54655e+08	1.64977e+08	1.54493e+08	1.60853e+08
P0A6L4	NANA_ECOLI	nanA	N-acetylneuraminate lyase	1	1				3.65087e+06		
P0A6L7	UXAB_ECOLI	uxaB	Altronate oxidoreductase	6	6	8.43449e+06	8.9407e+06	8.20653e+06	8.93904e+06	8.71904e+06	9.14684e+06
P0A6L9	HSCB_ECOLI	hscB	Co-chaperone protein HscB	5	5	2.45957e+07	2.29003e+07	2.54734e+07	2.5059e+07	2.62201e+07	2.44073e+07
P0A6M4	DTD_ECOLI	dtd	D-tyrosyl-tRNA(Tyr) deacylase	2	2	1.26199e+07	1.28015e+07	1.26686e+07	1.33592e+07	1.37293e+07	1.31444e+07
P0A6M8	EFG_ECOLI	fusA	Elongation factor G	40	40	7.84816e+08	7.62252e+08	7.78262e+08	7.79781e+08	7.8092e+08	7.70957e+08
P0A6N4	EFP_ECOLI	efp	Elongation factor P	6	6	6.98131e+08	6.827e+08	7.10303e+08	7.21419e+08	6.34945e+08	6.91257e+08
P0A6N8	EFPL_ECOLI	yeiP	Elongation factor P-like protein	5	5	9.0558e+07	8.58368e+07	9.05443e+07	8.76434e+07	9.10631e+07	9.21258e+07
P0A6P1	EFTS_ECOLI	tsf	Elongation factor Ts	27	27	1.72027e+09	1.55293e+09	1.67074e+09	1.60142e+09	1.64598e+09	1.601e+09
P0A6P5	DER_ECOLI	der	GTPase Der	21	21	2.65914e+07	2.85085e+07	2.75102e+07	2.82214e+07	2.72221e+07	2.82997e+07
P0A6P7	ENGB_ECOLI	engB	Probable GTP-binding protein EngB	9	9	7.05901e+07	6.671e+07	7.01911e+07	6.48851e+07	7.1758e+07	6.59947e+07
P0A6P9	ENO_ECOLI	eno	Enolase	25	25	1.1419e+09	1.1577e+09	1.14275e+09	1.21998e+09	1.128e+09	1.18252e+09
P0A6Q3	FABA_ECOLI	fabA	3-hydroxydecanoyl-[acyl-carrier-protein] dehydratase	10	10	8.89305e+07	8.98697e+07	8.75472e+07	8.81396e+07	8.84707e+07	8.7592e+07
P0A6Q6	FABZ_ECOLI	fabZ	3-hydroxyacyl-[acyl-carrier-protein] dehydratase FabZ	7	7	9.94174e+07	1.07971e+08	1.00328e+08	1.10728e+08	1.02781e+08	1.12628e+08
P0A6R0	FABH_ECOLI	fabH	3-oxoacyl-[acyl-carrier-protein] synthase 3	7	7	7.02034e+07	8.72546e+07	7.86917e+07	8.60911e+07	7.49998e+07	8.60961e+07
P0A6R3	FIS_ECOLI	fis	DNA-binding protein fis	2	2	4.57337e+07	4.57192e+07	4.14016e+07	4.76437e+07	4.87381e+07	4.10185e+07
P0A6S0	FLGH_ECOLI	flgH	Flagellar L-ring protein	5	5	6.32442e+06	5.76631e+06	5.75098e+06	5.61291e+06	6.30678e+06	6.0843e+06
P0A6S7	GPDA_ECOLI	gpsA	Glycerol-3-phosphate dehydrogenase [NAD(P)+]	6	6	2.69062e+07	2.56083e+07	2.7931e+07	2.65147e+07	2.47055e+07	2.57146e+07
P0A6T1	G6PI_ECOLI	pgi	Glucose-6-phosphate isomerase	26	26	2.67502e+08	2.72916e+08	2.63069e+08	2.74888e+08	2.63295e+08	2.75237e+08
P0A6T3	GAL1_ECOLI	galK	Galactokinase	9	9	1.55427e+07	1.52188e+07	1.61473e+07	1.5409e+07	1.56753e+07	1.49434e+07
P0A6T5	GCH1_ECOLI	folE	GTP cyclohydrolase 1	6	6	2.19732e+07	2.4222e+07	2.2825e+07	2.29705e+07	2.30325e+07	2.34364e+07
P0A6T9	GCSH_ECOLI	gcvH	Glycine cleavage system H protein	3	3	1.36077e+07	1.49356e+07	1.47144e+07	1.48618e+07	1.33466e+07	1.40369e+07
P0A6U3	MNMG_ECOLI	mnmG	tRNA uridine 5-carboxymethylaminomethyl modification enzyme MnmG	18	18	2.27808e+07	2.31202e+07	2.35575e+07	2.32961e+07	2.36963e+07	2.3308e+07
P0A6U5	RSMG_ECOLI	rsmG	Ribosomal RNA small subunit methyltransferase G	5	5	2.03238e+07	2.07127e+07	2.06011e+07	1.96686e+07	2.02374e+07	1.97202e+07
P0A6U8	GLGA_ECOLI	glgA	Glycogen synthase	12	12	1.24279e+07	1.24387e+07	1.25715e+07	1.23099e+07	1.26218e+07	1.20702e+07
P0A6V1	GLGC_ECOLI	glgC	Glucose-1-phosphate adenylyltransferase	8	8	3.10963e+07	3.10028e+07	3.08418e+07	3.18328e+07	2.98222e+07	3.13793e+07
P0A6V8	GLK_ECOLI	glk	Glucokinase	9	9	5.21698e+07	4.83693e+07	5.06241e+07	4.89719e+07	5.08721e+07	5.03478e+07
P0A6W0	GLSA2_ECOLI	glsA2	Glutaminase 2	3	3	1.6587e+06	1.68003e+06	1.57266e+06	1.53781e+06	1.94299e+06	1.50436e+06
P0A6W3	MRAY_ECOLI	mraY	Phospho-N-acetylmuramoyl-pentapeptide-transferase	1	1	4.65609e+06	5.14875e+06	4.93531e+06	4.22124e+06	4.6654e+06	4.50082e+06
P0A6W5	GREA_ECOLI	greA	Transcription elongation factor GreA	12	12	1.13709e+08	1.1379e+08	1.14432e+08	1.11355e+08	1.16613e+08	1.10159e+08
P0A6W9	GSH1_ECOLI	gshA	Glutamate--cysteine ligase	11	11	2.61973e+07	2.69812e+07	2.85487e+07	2.68618e+07	2.83834e+07	2.6324e+07
P0A6X1	HEM1_ECOLI	hemA	Glutamyl-tRNA reductase	1	1		1.04736e+06	885978			
P0A6X3	HFQ_ECOLI	hfq	Protein hfq	2	2	4.04384e+06	2.79086e+06	3.77651e+06	3.30862e+06	4.00642e+06	2.98993e+06
P0A6X7	IHFA_ECOLI	ihfA	Integration host factor subunit alpha	9	9	1.99891e+08	2.39483e+08	2.11123e+08	2.38828e+08	2.10244e+08	2.39749e+08
P0A6Y1	IHFB_ECOLI	ihfB	Integration host factor subunit beta	4	4	5.74885e+07	5.88799e+07	5.7171e+07	6.40381e+07	5.5835e+07	6.40032e+07
P0A6Y5	HSLO_ECOLI	hslO	33 kDa chaperonin	5	5	4.06053e+07	4.50127e+07	4.22339e+07	4.17907e+07	4.19914e+07	4.39132e+07
P0A6Y8	DNAK_ECOLI	dnaK	Chaperone protein DnaK	43	43	4.05292e+08	3.89065e+08	4.0163e+08	3.87389e+08	3.95381e+08	4.00084e+08
P0A6Z1	HSCA_ECOLI	hscA	Chaperone protein HscA	17	17	2.72921e+07	2.69697e+07	2.7497e+07	2.77416e+07	2.69953e+07	2.73151e+07
P0A6Z3	HTPG_ECOLI	htpG	Chaperone protein HtpG	44	44	1.30617e+08	1.26863e+08	1.30404e+08	1.24141e+08	1.30556e+08	1.28924e+08
P0A6Z6	NIKR_ECOLI	nikR	Nickel-responsive regulator	4	4	6.59565e+06	6.98585e+06	7.3334e+06	8.29132e+06	6.70943e+06	7.93023e+06
P0A705	IF2_ECOLI	infB	Translation initiation factor IF-2	36	36	9.24418e+07	9.86352e+07	9.18848e+07	9.73848e+07	9.12988e+07	9.54418e+07
P0A707	IF3_ECOLI	infC	Translation initiation factor IF-3	6	6	2.90165e+08	3.04795e+08	2.91772e+08	3.03528e+08	2.97527e+08	3.0274e+08
P0A715	KDSA_ECOLI	kdsA	2-dehydro-3-deoxyphosphooctonate aldolase	17	17	1.98629e+08	1.85687e+08	1.93234e+08	1.8899e+08	1.83168e+08	1.86388e+08
P0A717	KPRS_ECOLI	prs	Ribose-phosphate pyrophosphokinase	13	13	2.2515e+08	2.39011e+08	2.28772e+08	2.30965e+08	2.31452e+08	2.26927e+08
P0A720	KTHY_ECOLI	tmk	Thymidylate kinase	9	9	1.01473e+07	9.40475e+06	1.03731e+07	9.06088e+06	9.74058e+06	9.34932e+06
P0A722	LPXA_ECOLI	lpxA	Acyl-[acyl-carrier-protein]--UDP-N-acetylglucosamine O-acyltransferase	7	7	5.67787e+07	5.42243e+07	5.56705e+07	5.59169e+07	5.76743e+07	5.54059e+07
P0A725	LPXC_ECOLI	lpxC	UDP-3-O-[3-hydroxymyristoyl] N-acetylglucosamine deacetylase	2	2	4.59066e+06	4.0219e+06		6.25705e+06	4.74274e+06	5.64812e+06
P0A729	YCEF_ECOLI	yceF	Maf-like protein YceF	5	5	6.9654e+06	8.3953e+06	6.99495e+06	8.31212e+06	6.84495e+06	8.20363e+06
P0A731	MGSA_ECOLI	mgsA	Methylglyoxal synthase	2	2	2.91514e+07	2.92704e+07	2.914e+07	2.66923e+07	2.94602e+07	2.60252e+07
P0A734	MINE_ECOLI	minE	Cell division topological specificity factor	10	10	1.11939e+08	1.14593e+08	1.10959e+08	1.20561e+08	1.16596e+08	1.15662e+08
P0A738	MOAC_ECOLI	moaC	Cyclic pyranopterin monophosphate synthase accessory protein	4	4	5.79479e+06	5.71079e+06	5.52004e+06	5.71868e+06	5.7156e+06	5.52256e+06
P0A744	MSRA_ECOLI	msrA	Peptide methionine sulfoxide reductase MsrA	3	3	3.83011e+07	3.89758e+07	3.8535e+07	3.48443e+07	3.77189e+07	3.72435e+07
P0A746	MSRB_ECOLI	msrB	Peptide methionine sulfoxide reductase MsrB	1	1	2.5684e+06		3.40883e+06		4.24677e+06	2.64221e+06
P0A749	MURA_ECOLI	murA	UDP-N-acetylglucosamine 1-carboxyvinyltransferase	13	13	4.17539e+07	4.49345e+07	4.36593e+07	4.38762e+07	4.58408e+07	4.2037e+07
P0A752	NADD_ECOLI	nadD	Nicotinate-nucleotide adenylyltransferase	1	1	2.56572e+06	3.12203e+06	2.42239e+06	2.32574e+06	2.91345e+06	2.05096e+06
P0A759	NAGB_ECOLI	nagB	Glucosamine-6-phosphate deaminase	4	4	3.61888e+07	4.28687e+07	3.60366e+07	3.83612e+07	3.69847e+07	3.90161e+07
P0A761	NANE_ECOLI	nanE	Putative N-acetylmannosamine-6-phosphate 2-epimerase	2	2						494221
P0A763	NDK_ECOLI	ndk	Nucleoside diphosphate kinase	6	6	5.83154e+07	5.30918e+07	5.86693e+07	5.61319e+07	5.80801e+07	5.28694e+07
P0A776	RPPH_ECOLI	rppH	RNA pyrophosphohydrolase	2	2	623778	873853	683172		589624	931185
P0A780	NUSB_ECOLI	nusB	N utilization substance protein B	8	8	1.21973e+08	1.40056e+08	1.17868e+08	1.33586e+08	1.17721e+08	1.35465e+08
P0A784	ORN_ECOLI	orn	Oligoribonuclease	7	7	2.47914e+07	2.51668e+07	2.4668e+07	2.45538e+07	2.58787e+07	2.47356e+07
P0A786	PYRB_ECOLI	pyrB	Aspartate carbamoyltransferase catalytic chain	10	10	7.89928e+06	1.00575e+07	7.65803e+06	9.49639e+06	8.03831e+06	9.55248e+06
P0A790	PAND_ECOLI	panD	Aspartate 1-decarboxylase	2	2	4.86315e+07	4.79072e+07	4.69266e+07	5.1477e+07	4.97185e+07	4.95336e+07
P0A794	PDXJ_ECOLI	pdxJ	Pyridoxine 5'-phosphate synthase	8	8	4.26787e+07	4.06713e+07	4.19169e+07	4.08015e+07	4.15964e+07	4.10383e+07
P0A796	K6PF1_ECOLI	pfkA	6-phosphofructokinase isozyme 1	14	14	1.92715e+08	1.89246e+08	1.9199e+08	1.91168e+08	1.96091e+08	1.80129e+08
P0A799	PGK_ECOLI	pgk	Phosphoglycerate kinase	27	27	1.84561e+09	1.68929e+09	1.80004e+09	1.72328e+09	1.69114e+09	1.66468e+09
P0A7A2	GPMB_ECOLI	gpmB	Probable phosphoglycerate mutase GpmB	5	5	1.24716e+07	1.31702e+07	1.14538e+07	1.27773e+07	1.30774e+07	1.21211e+07
P0A7A5	PIMT_ECOLI	pcm	Protein-L-isoaspartate O-methyltransferase	6	6	1.01765e+06	1.27181e+06	1.14064e+06	1.15243e+06	904641	1.13729e+06
P0A7A7	PLSB_ECOLI	plsB	Glycerol-3-phosphate acyltransferase	15	15	1.52974e+07	1.47941e+07	1.57587e+07	1.6075e+07	1.59434e+07	1.53653e+07
P0A7A9	IPYR_ECOLI	ppa	Inorganic pyrophosphatase	8	8	4.33683e+08	4.6691e+08	4.28454e+08	4.81913e+08	4.16519e+08	4.93546e+08
P0A7B1	PPK_ECOLI	ppk	Polyphosphate kinase	13	13	4.71866e+06	4.55001e+06	4.90953e+06	4.61038e+06	4.78196e+06	4.63714e+06
P0A7B5	PROB_ECOLI	proB	Glutamate 5-kinase	12	12	2.15978e+07	2.10186e+07	2.04105e+07	2.04051e+07	2.04249e+07	2.04008e+07
P0A7B8	HSLV_ECOLI	hslV	ATP-dependent protease subunit HslV	7	7	9.68042e+07	9.29652e+07	1.06311e+08	9.92406e+07	8.97579e+07	9.72307e+07
P0A7C2	LEXA_ECOLI	lexA	LexA repressor	8	8	2.712e+07	2.86735e+07	2.80377e+07	2.91146e+07	2.68829e+07	2.79584e+07
P0A7C6	PEPE_ECOLI	pepE	Peptidase E	10	10	4.25879e+07	4.25336e+07	4.54105e+07	4.42559e+07	4.14471e+07	4.44374e+07
P0A7D1	PTH_ECOLI	pth	Peptidyl-tRNA hydrolase	9	9	3.301e+07	3.29818e+07	3.31223e+07	3.23374e+07	3.21755e+07	3.20483e+07
P0A7D4	PURA_ECOLI	purA	Adenylosuccinate synthetase	26	26	1.84375e+08	1.85539e+08	1.82648e+08	1.83901e+08	1.81403e+08	1.86654e+08
P0A7D7	PUR7_ECOLI	purC	Phosphoribosylaminoimidazole-succinocarboxamide synthase	13	13	4.20324e+07	4.50441e+07	4.18232e+07	4.54833e+07	4.25607e+07	4.62401e+07
P0A7E1	PYRD_ECOLI	pyrD	Dihydroorotate dehydrogenase (quinone)	18	18	3.39061e+07	3.61155e+07	3.58147e+07	3.49167e+07	3.53089e+07	3.58644e+07
P0A7E3	PYRE_ECOLI	pyrE	Orotate phosphoribosyltransferase	11	11	3.44249e+07	3.53301e+07	3.29118e+07	3.53342e+07	3.34944e+07	3.55893e+07
P0A7E5	PYRG_ECOLI	pyrG	CTP synthase	19	19	9.41354e+07	9.28199e+07	9.60858e+07	9.60816e+07	9.23468e+07	9.52435e+07
P0A7E9	PYRH_ECOLI	pyrH	Uridylate kinase	8	8	2.48269e+07	2.71442e+07	2.42209e+07	2.70538e+07	2.37634e+07	2.67737e+07
P0A7F3	PYRI_ECOLI	pyrI	Aspartate carbamoyltransferase regulatory chain	7	7	1.34781e+07	1.6285e+07	1.48205e+07	1.46411e+07	1.3597e+07	1.43617e+07
P0A7F6	SPED_ECOLI	speD	S-adenosylmethionine decarboxylase proenzyme	5	5	1.63212e+07	1.68617e+07	1.56688e+07	1.79096e+07	1.41727e+07	1.86448e+07
P0A7F9	QUEA_ECOLI	queA	S-adenosylmethionine:tRNA ribosyltransferase-isomerase	6	6	1.59878e+07	1.72151e+07	1.61528e+07	1.68394e+07	1.64776e+07	1.63268e+07
P0A7G2	RBFA_ECOLI	rbfA	Ribosome-binding factor A	7	7	1.13386e+08	1.17034e+08	1.09898e+08	1.13911e+08	1.15126e+08	1.10774e+08
P0A7G6	RECA_ECOLI	recA	Protein RecA	12	12	8.11172e+07	7.81479e+07	7.84999e+07	7.90783e+07	8.04901e+07	7.98651e+07
P0A7I0	RF1_ECOLI	prfA	Peptide chain release factor 1	9	9	2.03706e+07	2.05394e+07	1.97846e+07	1.98708e+07	2.01285e+07	2.05083e+07
P0A7I4	RF3_ECOLI	prfC	Peptide chain release factor 3	18	18	3.63599e+07	3.84215e+07	3.6882e+07	3.91128e+07	3.751e+07	3.66805e+07
P0A7I7	RIBA_ECOLI	ribA	GTP cyclohydrolase-2	7	7	4.02442e+07	4.0369e+07	4.09987e+07	4.08685e+07	3.96015e+07	3.95164e+07
P0A7J0	RIBB_ECOLI	ribB	3,4-dihydroxy-2-butanone 4-phosphate synthase	5	5	8.0275e+07	8.21564e+07	7.85396e+07	7.67909e+07	7.9164e+07	8.23055e+07
P0A7J3	RL10_ECOLI	rplJ	50S ribosomal protein L10	11	11	2.30796e+09	2.19142e+09	2.27944e+09	2.23857e+09	2.22375e+09	2.18119e+09
P0A7J7	RL11_ECOLI	rplK	50S ribosomal protein L11	9	9	1.05652e+09	1.03644e+09	1.03457e+09	1.10494e+09	1.02143e+09	1.06701e+09
P0A7K2	RL7_ECOLI	rplL	50S ribosomal protein L7/L12	13	13	2.84923e+09	2.96989e+09	2.80248e+09	3.00753e+09	2.78592e+09	3.00006e+09
P0A7K6	RL19_ECOLI	rplS	50S ribosomal protein L19	11	11	7.03632e+08	7.07375e+08	6.98467e+08	7.25674e+08	7.14146e+08	7.3795e+08
P0A7L0	RL1_ECOLI	rplA	50S ribosomal protein L1	15	15	1.79098e+09	1.8751e+09	1.73627e+09	1.90505e+09	1.75441e+09	1.88094e+09
P0A7L3	RL20_ECOLI	rplT	50S ribosomal protein L20	7	7	6.91363e+08	7.89695e+08	6.591e+08	8.11595e+08	6.67982e+08	7.79982e+08
P0A7L8	RL27_ECOLI	rpmA	50S ribosomal protein L27	5	5	6.21743e+08	6.87707e+08	6.68201e+08	6.7173e+08	6.54337e+08	6.59607e+08
P0A7M2	RL28_ECOLI	rpmB	50S ribosomal protein L28	6	6	8.73611e+08	9.60823e+08	8.8403e+08	9.75198e+08	9.35707e+08	9.57785e+08
P0A7M6	RL29_ECOLI	rpmC	50S ribosomal protein L29	5	5	3.20486e+08	3.79254e+08	3.08422e+08	3.93867e+08	3.07574e+08	3.89152e+08
P0A7M9	RL31_ECOLI	rpmE	50S ribosomal protein L31	2	2	1.25363e+08	1.19186e+08	1.26178e+08	1.18101e+08	1.26616e+08	1.13993e+08
P0A7N4	RL32_ECOLI	rpmF	50S ribosomal protein L32	4	4	5.19312e+08	4.8432e+08	5.04764e+08	4.96461e+08	5.0696e+08	5.09046e+08
P0A7N9	RL33_ECOLI	rpmG	50S ribosomal protein L33	3	3	5.54695e+08	4.96523e+08	5.3744e+08	4.97592e+08	5.42756e+08	4.90221e+08
P0A7P5	RL34_ECOLI	rpmH	50S ribosomal protein L34	2	2	1.14439e+08	1.15303e+08	1.10354e+08	1.11677e+08	1.14442e+08	1.22039e+08
P0A7R1	RL9_ECOLI	rplI	50S ribosomal protein L9	18	18	1.75627e+09	1.65724e+09	1.76953e+09	1.70941e+09	1.74337e+09	1.70242e+09
P0A7R5	RS10_ECOLI	rpsJ	30S ribosomal protein S10	12	12	1.77247e+09	1.78475e+09	1.74731e+09	1.68269e+09	1.72736e+09	1.73004e+09
P0A7R9	RS11_ECOLI	rpsK	30S ribosomal protein S11	7	7	5.56918e+08	5.8311e+08	5.64745e+08	5.94176e+08	5.56692e+08	5.88122e+08
P0A7S3	RS12_ECOLI	rpsL	30S ribosomal protein S12	3	3	4.6788e+08	4.03079e+08	4.40358e+08	4.33296e+08	4.56794e+08	4.0639e+08
P0A7S9	RS13_ECOLI	rpsM	30S ribosomal protein S13	12	12	4.25797e+08	4.76777e+08	4.26639e+08	4.78118e+08	4.34132e+08	4.7294e+08
P0A7T3	RS16_ECOLI	rpsP	30S ribosomal protein S16	9	9	7.03161e+08	6.91436e+08	6.9957e+08	6.88882e+08	6.98096e+08	7.05171e+08
P0A7T7	RS18_ECOLI	rpsR	30S ribosomal protein S18	6	6	6.01633e+08	5.96232e+08	6.01919e+08	5.8324e+08	6.0349e+08	5.87112e+08
P0A7U3	RS19_ECOLI	rpsS	30S ribosomal protein S19	7	7	8.81156e+08	8.63018e+08	8.76812e+08	8.44799e+08	8.91636e+08	8.60098e+08
P0A7U7	RS20_ECOLI	rpsT	30S ribosomal protein S20	6	6	3.88747e+08	3.82106e+08	3.83847e+08	4.04807e+08	3.78991e+08	4.05717e+08
P0A7V0	RS2_ECOLI	rpsB	30S ribosomal protein S2	18	18	5.56031e+08	6.04142e+08	5.54293e+08	6.11036e+08	5.53173e+08	5.80215e+08
P0A7V3	RS3_ECOLI	rpsC	30S ribosomal protein S3	18	18	9.44349e+08	9.81312e+08	9.3246e+08	9.90888e+08	9.38595e+08	9.67583e+08
P0A7V8	RS4_ECOLI	rpsD	30S ribosomal protein S4	17	17	9.48718e+08	1.02314e+09	9.50006e+08	9.954e+08	8.98215e+08	1.01592e+09
P0A7W1	RS5_ECOLI	rpsE	30S ribosomal protein S5	14	14	1.17438e+09	1.05076e+09	1.17191e+09	1.11575e+09	1.10581e+09	1.10619e+09
P0A7W7	RS8_ECOLI	rpsH	30S ribosomal protein S8	6	6	2.99786e+08	3.0489e+08	2.97474e+08	3.22192e+08	3.03616e+08	2.89453e+08
P0A7X3	RS9_ECOLI	rpsI	30S ribosomal protein S9	8	8	5.96143e+08	6.09434e+08	6.00209e+08	6.06156e+08	6.24348e+08	6.15793e+08
P0A7X6	RIMM_ECOLI	rimM	Ribosome maturation factor RimM	11	11	3.87826e+07	3.94779e+07	3.9139e+07	4.03798e+07	3.90419e+07	3.86908e+07
P0A7Y0	RNC_ECOLI	rnc	Ribonuclease 3	10	10	5.47329e+07	4.92149e+07	5.44109e+07	5.04938e+07	5.69466e+07	5.19074e+07
P0A7Y8	RNPA_ECOLI	rnpA	Ribonuclease P protein component	4	4	6.87069e+06	6.34333e+06	6.77323e+06	6.47079e+06	6.38173e+06	6.60804e+06
P0A7Z0	RPIA_ECOLI	rpiA	Ribose-5-phosphate isomerase A	8	8	1.0149e+08	1.08369e+08	9.56729e+07	9.97494e+07	1.00442e+08	1.04915e+08
P0A7Z4	RPOA_ECOLI	rpoA	DNA-directed RNA polymerase subunit alpha	18	18	6.13211e+08	6.07878e+08	5.90029e+08	6.0705e+08	5.81321e+08	5.90348e+08
P0A800	RPOZ_ECOLI	rpoZ	DNA-directed RNA polymerase subunit omega	8	8	2.70954e+08	2.62354e+08	2.6922e+08	2.67166e+08	2.65395e+08	2.63777e+08
P0A805	RRF_ECOLI	frr	Ribosome-recycling factor	10	10	1.40359e+08	1.45475e+08	1.3385e+08	1.45728e+08	1.26942e+08	1.4869e+08
P0A809	RUVA_ECOLI	ruvA	Holliday junction ATP-dependent DNA helicase RuvA	2	2	2.91019e+06	2.39864e+06	2.72336e+06	2.74563e+06	2.60228e+06	2.36982e+06
P0A812	RUVB_ECOLI	ruvB	Holliday junction ATP-dependent DNA helicase RuvB	8	8	1.1499e+08	1.14812e+08	1.11927e+08	1.19424e+08	1.08562e+08	1.16544e+08
P0A817	METK_ECOLI	metK	S-adenosylmethionine synthase	18	18	1.0532e+08	1.07792e+08	9.86581e+07	1.09518e+08	1.02097e+08	1.08612e+08
P0A821	SELA_ECOLI	selA	L-seryl-tRNA(Sec) selenium transferase	12	12	1.56281e+07	1.69856e+07	1.65954e+07	1.57476e+07	1.6459e+07	1.68437e+07
P0A823	SFSA_ECOLI	sfsA	Sugar fermentation stimulation protein A	3	3	2.02282e+06	2.189e+06	1.82876e+06	1.80656e+06	1.90234e+06	1.93082e+06
P0A825	GLYA_ECOLI	glyA	Serine hydroxymethyltransferase	17	17	1.89683e+08	1.83149e+08	1.89762e+08	1.81733e+08	1.88353e+08	1.8036e+08
P0A832	SSRP_ECOLI	smpB	SsrA-binding protein	3	3	2.23797e+07	2.20652e+07	2.24984e+07	2.21681e+07	2.21815e+07	2.36926e+07
P0A836	SUCC_ECOLI	sucC	Succinyl-CoA ligase [ADP-forming] subunit beta	19	19	3.29587e+07	3.6057e+07	3.3607e+07	3.79456e+07	3.42368e+07	3.74133e+07
P0A840	SURE_ECOLI	surE	5'/3'-nucleotidase SurE	6	6	6.44708e+06	6.39708e+06	6.60988e+06	5.88697e+06	6.91961e+06	6.06633e+06
P0A843	TATE_ECOLI	tatE	Sec-independent protein translocase protein TatE	3	3	6.00618e+07	5.85929e+07	6.22111e+07	5.35607e+07	6.27585e+07	6.33536e+07
P0A847	TGT_ECOLI	tgt	Queuine tRNA-ribosyltransferase	14	14	1.56607e+07	1.57203e+07	1.54345e+07	1.55492e+07	1.49372e+07	1.63056e+07
P0A850	TIG_ECOLI	tig	Trigger factor	47	47	7.40623e+08	7.29077e+08	7.43647e+08	7.48407e+08	7.31e+08	7.34448e+08
P0A853	TNAA_ECOLI	tnaA	Tryptophanase	10	10	1.38051e+07	1.35088e+07	1.37283e+07	1.37029e+07	1.31553e+07	1.36511e+07
P0A855	TOLB_ECOLI	tolB	Protein TolB	17	17	7.5444e+07	7.34227e+07	7.49554e+07	7.07301e+07	7.64767e+07	7.17069e+07
P0A858	TPIS_ECOLI	tpiA	Triosephosphate isomerase	12	12	6.02346e+08	5.67147e+08	5.91152e+08	5.62594e+08	5.80428e+08	5.84873e+08
P0A862	TPX_ECOLI	tpx	Thiol peroxidase	7	7	3.33529e+08	3.13142e+08	3.28061e+08	3.15938e+08	3.24686e+08	3.27226e+08
P0A867	TALA_ECOLI	talA	Transaldolase A	14	14	2.22949e+07	2.32738e+07	2.26355e+07	2.30293e+07	2.15001e+07	2.28482e+07
P0A870	TALB_ECOLI	talB	Transaldolase B	22	22	3.53784e+08	3.42919e+08	3.41838e+08	3.35299e+08	3.41242e+08	3.36715e+08
P0A873	TRMD_ECOLI	trmD	tRNA (guanine-N(1)-)-methyltransferase	5	5	1.55006e+07	1.47108e+07	1.60606e+07	1.51973e+07	1.51082e+07	1.45347e+07
P0A877	TRPA_ECOLI	trpA	Tryptophan synthase alpha chain	6	6	5.9549e+06	6.75473e+06	5.79044e+06	6.73479e+06	6.41207e+06	6.1737e+06
P0A879	TRPB_ECOLI	trpB	Tryptophan synthase beta chain	3	3	2.8754e+06	2.745e+06	2.27918e+06	3.11563e+06	2.72116e+06	2.1279e+06
P0A881	TRPR_ECOLI	trpR	Trp operon repressor	2	2	6.3165e+06	7.00436e+06	6.42186e+06	6.39757e+06	5.7513e+06	7.00658e+06
P0A884	TYSY_ECOLI	thyA	Thymidylate synthase	8	8	3.21594e+07	3.2513e+07	3.22288e+07	3.20658e+07	3.46902e+07	3.15502e+07
P0A887	UBIE_ECOLI	ubiE	Ubiquinone/menaquinone biosynthesis methyltransferase ubiE	10	10	5.42837e+07	5.14708e+07	5.4911e+07	5.27452e+07	5.42837e+07	5.27183e+07
P0A890	TUSA_ECOLI	tusA	Sulfurtransferase TusA	3	3	4.48511e+07	4.35809e+07	4.41752e+07	4.14601e+07	4.57209e+07	4.80317e+07
P0A894	YHBJ_ECOLI	yhbJ	UPF0042 nucleotide-binding protein YhbJ	8	8	8.48596e+06	7.83226e+06	8.7262e+06	8.18713e+06	8.57058e+06	8.25014e+06
P0A898	YBEY_ECOLI	ybeY	Endoribonuclease YbeY	1	1	4.13772e+07	3.78061e+07	3.89415e+07	3.71609e+07	3.85249e+07	3.55714e+07
P0A8A0	YEBC_ECOLI	yebC	Probable transcriptional regulatory protein YebC	5	5	1.26709e+07	1.34679e+07	1.28737e+07	1.39587e+07	1.25809e+07	1.44381e+07
P0A8A2	YEEN_ECOLI	yeeN	Probable transcriptional regulatory protein YeeN	8	8	6.74478e+07	7.28005e+07	6.94593e+07	7.00107e+07	6.98534e+07	7.01706e+07
P0A8A4	PSRP_ECOLI	ppsR	Phosphoenolpyruvate synthase regulatory protein	4	4	7.56482e+06	7.70128e+06	7.67518e+06	7.98565e+06	7.58327e+06	7.12601e+06
P0A8A8	RIMP_ECOLI	rimP	Ribosome maturation factor RimP	4	4	2.79499e+07	2.71988e+07	2.82514e+07	2.93747e+07	2.90428e+07	2.65342e+07
P0A8B2	YFCN_ECOLI	yfcN	UPF0115 protein YfcN	4	4	5.54349e+06	5.6896e+06	6.27237e+06	5.80914e+06	5.76352e+06	5.89367e+06
P0A8B5	YBAB_ECOLI	ybaB	Nucleoid-associated protein YbaB	2	2	2.91827e+07	2.78261e+07	2.86133e+07	2.48485e+07	2.91394e+07	2.52204e+07
P0A8C1	YBJQ_ECOLI	ybjQ	UPF0145 protein YbjQ	2	2	2.64738e+07	3.73167e+07	2.88844e+07	3.05819e+07	2.62378e+07	3.1173e+07
P0A8C4	YGFB_ECOLI	ygfB	UPF0149 protein YgfB	2	2	2.66258e+07	2.62614e+07	2.53806e+07	2.49505e+07	2.59713e+07	2.57323e+07
P0A8D0	NRDR_ECOLI	nrdR	Transcriptional repressor NrdR	4	4	4.04607e+06	4.17867e+06	3.98586e+06	4.28562e+06	4.26328e+06	4.13201e+06
P0A8D3	YAII_ECOLI	yaiI	UPF0178 protein YaiI	3	3	6.6306e+06	6.23506e+06	6.53347e+06	6.6145e+06	6.22936e+06	6.65558e+06
P0A8D6	YMDB_ECOLI	ymdB	O-acetyl-ADP-ribose deacetylase	5	5	4.89217e+06	4.54075e+06	5.2746e+06	5.03215e+06	4.81842e+06	4.64217e+06
P0A8E1	YCFP_ECOLI	ycfP	UPF0227 protein YcfP	8	8	5.73519e+07	5.59992e+07	5.81226e+07	5.95672e+07	5.70643e+07	5.79015e+07
P0A8E5	YACL_ECOLI	yacL	UPF0231 protein YacL	1	1	2.20923e+06	1.92866e+06	2.10698e+06	1.82307e+06	2.3751e+06	1.9847e+06
P0A8E7	YAJQ_ECOLI	yajQ	UPF0234 protein YajQ	12	12	1.7116e+08	1.59511e+08	1.71328e+08	1.61315e+08	1.65216e+08	1.61701e+08
P0A8F0	UPP_ECOLI	upp	Uracil phosphoribosyltransferase	15	15	2.31501e+08	2.3109e+08	2.30989e+08	2.35886e+08	2.08391e+08	2.35932e+08
P0A8F4	URK_ECOLI	udk	Uridine kinase	7	7	2.42149e+07	2.71668e+07	2.37358e+07	2.5879e+07	2.51616e+07	2.60125e+07
P0A8F8	UVRB_ECOLI	uvrB	UvrABC system protein B	5	5	4.93958e+06	5.20741e+06	4.92769e+06	5.66736e+06	5.56109e+06	5.6694e+06
P0A8G0	UVRC_ECOLI	uvrC	UvrABC system protein C	2	2	2.18203e+06	2.21722e+06	2.03931e+06	1.7374e+06		
P0A8G3	UXAC_ECOLI	uxaC	Uronate isomerase	10	10	5.17374e+06	5.71363e+06	5.51421e+06	5.86648e+06	5.50167e+06	5.87469e+06
P0A8G6	WRBA_ECOLI	wrbA	Flavoprotein WrbA	11	11	9.44915e+07	8.94592e+07	9.27747e+07	8.73057e+07	9.11448e+07	8.88792e+07
P0A8G9	EX7S_ECOLI	xseB	Exodeoxyribonuclease 7 small subunit	3	3	3.30769e+07	3.2637e+07	3.36206e+07	3.49949e+07	3.35396e+07	3.30863e+07
P0A8I1	RUVX_ECOLI	yqgF	Putative Holliday junction resolvase	4	4	7.82622e+06	8.55908e+06	8.60368e+06	7.71182e+06	7.50285e+06	8.01473e+06
P0A8I3	YAAA_ECOLI	yaaA	UPF0246 protein YaaA	6	6	3.29792e+07	3.07507e+07	3.33962e+07	3.14229e+07	3.34865e+07	3.14436e+07
P0A8I5	TRMB_ECOLI	trmB	tRNA (guanine-N(7)-)-methyltransferase	4	4	4.31815e+07	4.40947e+07	4.59165e+07	4.42791e+07	4.5309e+07	4.05318e+07
P0A8I8	RLMH_ECOLI	rlmH	Ribosomal RNA large subunit methyltransferase H	6	6	1.28379e+07	1.26862e+07	1.21783e+07	1.21693e+07	1.23735e+07	1.17784e+07
P0A8J2	DNAT_ECOLI	dnaT	Primosomal protein 1	2	2	6.20918e+06	5.95441e+06	6.6544e+06	6.15377e+06	6.85238e+06	6.75235e+06
P0A8J4	YBED_ECOLI	ybeD	UPF0250 protein YbeD	3	3	6.32082e+07	5.5102e+07	5.86148e+07	5.49731e+07	6.24103e+07	5.52022e+07
P0A8J8	RHLB_ECOLI	rhlB	ATP-dependent RNA helicase RhlB	15	15	6.49528e+07	6.34445e+07	6.43314e+07	6.42448e+07	6.70626e+07	6.44092e+07
P0A8K1	PSD_ECOLI	psd	Phosphatidylserine decarboxylase proenzyme	7	7	2.46144e+07	2.57065e+07	2.68835e+07	2.63086e+07	2.52294e+07	2.63915e+07
P0A8K5	YAEP_ECOLI	yaeP	UPF0253 protein YaeP	2	2	9.87457e+06	1.06271e+07	1.00054e+07	1.07857e+07	9.76525e+06	1.08514e+07
P0A8L1	SYS_ECOLI	serS	Serine--tRNA ligase	21	21	1.75731e+08	1.84735e+08	1.75103e+08	1.83148e+08	1.74526e+08	1.79993e+08
P0A8M0	SYN_ECOLI	asnS	Asparagine--tRNA ligase	27	27	1.57299e+08	1.61401e+08	1.56214e+08	1.58263e+08	1.57228e+08	1.62017e+08
P0A8M3	SYT_ECOLI	thrS	Threonine--tRNA ligase	27	27	8.75841e+07	8.98134e+07	8.71885e+07	8.66327e+07	8.94271e+07	8.87326e+07
P0A8M6	YEEX_ECOLI	yeeX	UPF0265 protein YeeX	4	4	6.46085e+07	5.92095e+07	7.38534e+07	6.4197e+07	7.33741e+07	6.61198e+07
P0A8N0	MATP_ECOLI	matP	Macrodomain Ter protein	2	2	3.03681e+06	3.41716e+06	2.5684e+06	3.3178e+06	2.55986e+06	3.27825e+06
P0A8N3	SYK1_ECOLI	lysS	Lysine--tRNA ligase	35	23	2.40096e+08	2.45813e+08	2.41989e+08	2.43757e+08	2.43671e+08	2.43333e+08
P0A8N5	SYK2_ECOLI	lysU	Lysine--tRNA ligase, heat inducible	17	17	1.46769e+08	1.54441e+08	1.51899e+08	1.52155e+08	1.51922e+08	1.51808e+08
P0A8N7	EPMA_ECOLI	epmA	Elongation factor P--(R)-beta-lysine ligase	7	7	1.4345e+07	1.4131e+07	1.42477e+07	1.49399e+07	1.44702e+07	1.48387e+07
P0A8P3	FETP_ECOLI	yggX	Probable Fe(2+)-trafficking protein	9	9	5.52067e+07	5.76314e+07	5.56759e+07	5.76179e+07	5.59409e+07	5.65679e+07
P0A8P6	XERC_ECOLI	xerC	Tyrosine recombinase XerC	1	1	885983				831012	777309
P0A8Q0	FRDC_ECOLI	frdC	Fumarate reductase subunit C	2	2	1.62656e+07	1.67491e+07	1.63621e+07	1.58455e+07	1.70024e+07	1.57991e+07
P0A8Q6	CLPS_ECOLI	clpS	ATP-dependent Clp protease adapter protein ClpS	1	1		1.20762e+06				1.62051e+06
P0A8R0	RRAA_ECOLI	rraA	Regulator of ribonuclease activity A	6	6	9.14086e+07	8.59969e+07	9.22358e+07	8.39892e+07	8.87124e+07	8.12812e+07
P0A8R4	SLYX_ECOLI	slyX	Protein SlyX	1	1	1.94255e+06	1.7358e+06	1.96651e+06	1.51129e+06	1.89307e+06	1.28901e+06
P0A8R9	HDFR_ECOLI	hdfR	HTH-type transcriptional regulator HdfR	5	5	3.58392e+06	3.43148e+06	3.45914e+06	3.5641e+06	3.60152e+06	3.4162e+06
P0A8S1	ICIA_ECOLI	iciA	Chromosome initiation inhibitor	6	6	9.84026e+06	1.09e+07	1.07365e+07	1.04141e+07	1.09546e+07	1.03063e+07
P0A8T1	PRMA_ECOLI	prmA	Ribosomal protein L11 methyltransferase	4	4	4.31696e+07	4.55175e+07	4.31672e+07	4.41317e+07	4.33657e+07	3.66609e+07
P0A8T7	RPOC_ECOLI	rpoC	DNA-directed RNA polymerase subunit beta'	84	84	2.52129e+08	2.51098e+08	2.53881e+08	2.50085e+08	2.48889e+08	2.47257e+08
P0A8U0	SYDP_ECOLI	syd	Protein syd	4	4	2.11137e+06	2.61471e+06	2.16365e+06	2.55384e+06	2.1695e+06	1.93697e+06
P0A8U2	YAFD_ECOLI	yafD	UPF0294 protein YafD	1	1	233402		322357		233566	
P0A8U6	METJ_ECOLI	metJ	Met repressor	5	5	4.11917e+07	4.16806e+07	4.25578e+07	4.18904e+07	4.03795e+07	4.13025e+07
P0A8V0	RBN_ECOLI	rbn	Ribonuclease BN	2	2	610834	782283	669762	548264	691817	528572
P0A8V2	RPOB_ECOLI	rpoB	DNA-directed RNA polymerase subunit beta	73	73	2.50842e+08	2.51268e+08	2.50469e+08	2.56528e+08	2.45679e+08	2.55152e+08
P0A8V6	FADR_ECOLI	fadR	Fatty acid metabolism regulator protein	11	11	2.3266e+07	2.43597e+07	2.46505e+07	2.46593e+07	2.20982e+07	2.51197e+07
P0A8W0	NANR_ECOLI	nanR	Transcriptional regulator NanR	9	9	8.15246e+06	8.40175e+06	8.29594e+06	8.65023e+06	8.51431e+06	8.66286e+06
P0A8W2	SLYA_ECOLI	slyA	Transcriptional regulator SlyA	4	4	4.47072e+07	4.37857e+07	4.43077e+07	4.36536e+07	4.11173e+07	4.49063e+07
P0A8W5	YQGE_ECOLI	yqgE	UPF0301 protein YqgE	5	5	1.36722e+07	1.4133e+07	1.4688e+07	1.56639e+07	1.47328e+07	1.56015e+07
P0A8W8	YFBU_ECOLI	yfbU	UPF0304 protein YfbU	10	10	1.13976e+08	1.18301e+08	1.11328e+08	1.15626e+08	1.14947e+08	1.1444e+08
P0A8X0	YJGA_ECOLI	yjgA	UPF0307 protein YjgA	14	14	3.95341e+07	3.99895e+07	3.99189e+07	4.01124e+07	3.94107e+07	3.88653e+07
P0A8X2	YCEI_ECOLI	yceI	Protein YceI	5	5	6.15404e+06	4.82618e+06	6.1773e+06	6.15086e+06	5.70692e+06	4.93474e+06
P0A8Y1	YJJG_ECOLI	yjjG	Pyrimidine 5'-nucleotidase YjjG	2	2	6.88607e+06	5.93767e+06	6.61834e+06	5.99953e+06	7.38316e+06	6.46775e+06
P0A8Y3	YIHX_ECOLI	yihX	Alpha-D-glucose-1-phosphate phosphatase YihX	6	6	8.65781e+06	9.01264e+06	8.4713e+06	9.48813e+06	8.86843e+06	9.18638e+06
P0A8Y5	YIDA_ECOLI	yidA	Sugar phosphatase YidA	8	8	4.98245e+07	4.71287e+07	4.86614e+07	4.53125e+07	4.99528e+07	4.68787e+07
P0A8Z0	YCIA_ECOLI	yciA	Acyl-CoA thioester hydrolase YciA	3	3	1.74169e+07	1.58162e+07	1.60683e+07	1.58515e+07	1.59263e+07	1.57911e+07
P0A8Z3	YBGC_ECOLI	ybgC	Acyl-CoA thioester hydrolase YbgC	2	2	3.69443e+06	4.92105e+06	4.01552e+06	4.0443e+06	4.25381e+06	3.90972e+06
P0A901	BLC_ECOLI	blc	Outer membrane lipoprotein blc	3	3	2.95682e+06	2.63321e+06	2.8734e+06	2.6659e+06	3.06131e+06	
P0A903	BAMC_ECOLI	bamC	Outer membrane protein assembly factor BamC	14	14	1.43685e+08	1.45215e+08	1.43112e+08	1.4344e+08	1.45106e+08	1.4302e+08
P0A905	SLYB_ECOLI	slyB	Outer membrane lipoprotein SlyB	6	6	1.83008e+08	1.7353e+08	1.82436e+08	1.72728e+08	1.82288e+08	1.75487e+08
P0A908	MIPA_ECOLI	mipA	MltA-interacting protein	8	8	2.50376e+07	2.9079e+07	2.49249e+07	2.90781e+07	2.499e+07	2.73956e+07
P0A910	OMPA_ECOLI	ompA	Outer membrane protein A	14	14	2.75353e+09	2.8599e+09	2.79884e+09	2.90116e+09	2.73723e+09	2.99603e+09
P0A912	PAL_ECOLI	pal	Peptidoglycan-associated lipoprotein	7	7	4.58017e+08	4.22602e+08	4.48659e+08	4.22043e+08	4.60223e+08	4.10406e+08
P0A915	OMPW_ECOLI	ompW	Outer membrane protein W	6	6	9.44291e+07	1.11502e+08	9.71208e+07	1.14369e+08	9.54818e+07	1.07978e+08
P0A917	OMPX_ECOLI	ompX	Outer membrane protein X	9	9	1.61353e+08	1.50306e+08	1.56039e+08	1.49381e+08	1.55472e+08	1.50692e+08
P0A921	PA1_ECOLI	pldA	Phospholipase A1	6	6	8.4314e+06	9.13028e+06	8.78758e+06	9.57371e+06	8.70496e+06	9.77023e+06
P0A927	TSX_ECOLI	tsx	Nucleoside-specific channel-forming protein tsx	10	10	9.97013e+07	1.01557e+08	9.88148e+07	1.01838e+08	9.76745e+07	1.0108e+08
P0A932	GFCE_ECOLI	gfcE	Putative polysaccharide export protein GfcE	14	14	6.96622e+07	7.25941e+07	7.36734e+07	7.21847e+07	7.33229e+07	6.99834e+07
P0A935	MLTA_ECOLI	mltA	Membrane-bound lytic murein transglycosylase A	8	8	1.9586e+07	1.94953e+07	1.9812e+07	1.89778e+07	1.90894e+07	1.99358e+07
P0A937	BAME_ECOLI	bamE	Outer membrane protein assembly factor BamE	1	1	1.12714e+08	1.04922e+08	1.18079e+08	1.08089e+08	1.19665e+08	1.10676e+08
P0A940	BAMA_ECOLI	bamA	Outer membrane protein assembly factor BamA	39	39	8.45449e+07	8.40047e+07	8.5146e+07	8.2978e+07	8.35978e+07	8.46157e+07
P0A944	RIMI_ECOLI	rimI	Ribosomal-protein-alanine acetyltransferase	5	5	3.09004e+06	3.49193e+06	3.2113e+06	3.47729e+06	3.23408e+06	3.39902e+06
P0A948	RIMJ_ECOLI	rimJ	Ribosomal-protein-alanine acetyltransferase	1	1	1.23639e+06	1.2339e+06	894874	1.23159e+06	992472	1.46779e+06
P0A951	ATDA_ECOLI	speG	Spermidine N(1)-acetyltransferase	4	4	3.89743e+06	3.54318e+06	3.48818e+06	4.41685e+06	3.97185e+06	4.23756e+06
P0A953	FABB_ECOLI	fabB	3-oxoacyl-[acyl-carrier-protein] synthase 1	14	14	1.74814e+08	1.82725e+08	1.65587e+08	1.84252e+08	1.72265e+08	1.86435e+08
P0A955	ALKH_ECOLI	eda	KHG/KDPG aldolase	7	7	1.56689e+08	1.51132e+08	1.60928e+08	1.5383e+08	1.50199e+08	1.55693e+08
P0A959	ALAA_ECOLI	alaA	Glutamate-pyruvate aminotransferase AlaA	8	8	7.95967e+06	7.46012e+06	7.78177e+06	7.4381e+06	7.59532e+06	7.46307e+06
P0A962	ASPG1_ECOLI	ansA	L-asparaginase 1	3	3	5.37788e+06	5.97571e+06	5.89074e+06	4.9313e+06	5.9933e+06	6.25471e+06
P0A964	CHEW_ECOLI	cheW	Chemotaxis protein CheW	4	4	5.40428e+07	5.07029e+07	5.46225e+07	5.58101e+07	5.3628e+07	5.44741e+07
P0A968	CSPD_ECOLI	cspD	Cold shock-like protein CspD	1	1	1.1057e+07	1.12632e+07	1.02205e+07	1.10705e+07	1.0876e+07	1.0588e+07
P0A972	CSPE_ECOLI	cspE	Cold shock-like protein CspE	7	7	1.32059e+09	1.20821e+09	1.32496e+09	1.19303e+09	1.3201e+09	1.19052e+09
P0A978	CSPG_ECOLI	cspG	Cold shock-like protein CspG	4	4	1.50992e+07	1.49994e+07	1.52612e+07	1.54397e+07	1.43898e+07	1.50923e+07
P0A988	DPO3B_ECOLI	dnaN	DNA polymerase III subunit beta	11	11	2.49976e+07	2.37166e+07	2.49337e+07	2.34848e+07	2.52579e+07	2.52969e+07
P0A991	ALF1_ECOLI	fbaB	Fructose-bisphosphate aldolase class 1	12	12	3.72769e+07	3.63309e+07	3.82734e+07	3.74437e+07	3.79924e+07	3.61159e+07
P0A993	F16PA_ECOLI	fbp	Fructose-1,6-bisphosphatase class 1	14	14	1.01602e+08	1.069e+08	1.01745e+08	1.03843e+08	1.00693e+08	1.06022e+08
P0A996	GLPC_ECOLI	glpC	Anaerobic glycerol-3-phosphate dehydrogenase subunit C	11	11	2.27132e+07	2.26653e+07	2.37009e+07	2.31119e+07	2.35895e+07	2.32758e+07
P0A998	FTNA_ECOLI	ftnA	Ferritin-1	5	5	2.50605e+08	2.58433e+08	2.49237e+08	2.48893e+08	2.38098e+08	2.49682e+08
P0A9A2	FTNB_ECOLI	ftnB	Ferritin-like protein 2	4	4	2.11003e+06	2.34024e+06	2.63598e+06	2.42264e+06	2.14767e+06	2.65975e+06
P0A9A6	FTSZ_ECOLI	ftsZ	Cell division protein FtsZ	23	23	1.38232e+08	1.42394e+08	1.38248e+08	1.38575e+08	1.39494e+08	1.37462e+08
P0A9A9	FUR_ECOLI	fur	Ferric uptake regulation protein	7	7	1.19803e+08	1.25591e+08	1.13895e+08	1.22665e+08	1.19348e+08	1.22822e+08
P0A9B2	G3P1_ECOLI	gapA	Glyceraldehyde-3-phosphate dehydrogenase A	26	25	2.58409e+09	2.71961e+09	2.57503e+09	2.67518e+09	2.55499e+09	2.67553e+09
P0A9B6	E4PD_ECOLI	epd	D-erythrose-4-phosphate dehydrogenase	6	6	8.71558e+06	8.06792e+06	8.64745e+06	9.81649e+06	8.92111e+06	8.51324e+06
P0A9C0	GLPA_ECOLI	glpA	Anaerobic glycerol-3-phosphate dehydrogenase subunit A	16	16	5.91429e+06	6.09388e+06	6.16879e+06	6.24732e+06	5.62877e+06	5.88553e+06
P0A9C3	GALM_ECOLI	galM	Aldose 1-epimerase	13	13	3.31551e+07	3.16366e+07	3.33681e+07	3.09e+07	3.23308e+07	3.1791e+07
P0A9C5	GLNA_ECOLI	glnA	Glutamine synthetase	25	25	1.91084e+08	1.88264e+08	1.89131e+08	1.84955e+08	1.8802e+08	1.83656e+08
P0A9C9	GLPX_ECOLI	glpX	Fructose-1,6-bisphosphatase 1 class 2	12	12	1.92603e+07	1.89333e+07	1.95296e+07	1.88972e+07	1.90956e+07	1.87469e+07
P0A9D2	GSTA_ECOLI	gstA	Glutathione S-transferase GstA	7	7	2.21435e+07	2.48687e+07	2.21056e+07	2.5436e+07	2.15484e+07	2.48272e+07
P0A9D4	CYSE_ECOLI	cysE	Serine acetyltransferase	4	4	1.75118e+07	1.67832e+07	1.76506e+07	1.7861e+07	1.60986e+07	1.85166e+07
P0A9D8	DAPD_ECOLI	dapD	2,3,4,5-tetrahydropyridine-2,6-dicarboxylate N-succinyltransferase	19	19	1.55743e+08	1.62705e+08	1.53356e+08	1.60475e+08	1.49924e+08	1.60756e+08
P0A9E5	FNR_ECOLI	fnr	Fumarate and nitrate reduction regulatory protein	6	6	3.32261e+07	3.56599e+07	3.54254e+07	3.39174e+07	3.43842e+07	3.56878e+07
P0A9F1	MNTR_ECOLI	mntR	Transcriptional regulator MntR	5	5	7.53902e+06	6.74246e+06	7.61285e+06	6.54061e+06	7.23205e+06	7.4371e+06
P0A9F3	CYSB_ECOLI	cysB	HTH-type transcriptional regulator CysB	13	13	1.49759e+07	1.56346e+07	1.56362e+07	1.51079e+07	1.50243e+07	1.59771e+07
P0A9F6	GCVA_ECOLI	gcvA	Glycine cleavage system transcriptional activator	1	1	969067	875171	740863		921545	1.11043e+06
P0A9G2	NHAR_ECOLI	nhaR	Transcriptional activator protein NhaR	3	3	3.8659e+06	4.38644e+06	4.57138e+06	4.2219e+06	3.96291e+06	3.82752e+06
P0A9G6	ACEA_ECOLI	aceA	Isocitrate lyase	10	10	2.66879e+07	2.46804e+07	2.70905e+07	2.79333e+07	2.66072e+07	2.81117e+07
P0A9G8	MODE_ECOLI	modE	Transcriptional regulator ModE	8	8	1.11799e+07	1.06644e+07	1.12383e+07	1.09985e+07	1.08393e+07	1.13992e+07
P0A9H1	MUG_ECOLI	mug	G/U mismatch-specific DNA glycosylase	5	5	6.77987e+06	6.82251e+06	7.33716e+06	7.75625e+06	6.99875e+06	8.2835e+06
P0A9H3	LDCI_ECOLI	cadA	Lysine decarboxylase, inducible	2	2	3.66498e+06	4.62444e+06	3.05251e+06		3.33165e+06	3.96276e+06
P0A9H5	BTUR_ECOLI	btuR	Cob(I)yrinic acid a,c-diamide adenosyltransferase	4	4	4.89349e+06	4.33424e+06	5.31839e+06	4.77102e+06	4.91812e+06	4.35876e+06
P0A9H7	CFA_ECOLI	cfa	Cyclopropane-fatty-acyl-phospholipid synthase	11	11	1.68495e+07	1.66414e+07	1.69805e+07	1.60741e+07	1.69481e+07	1.67302e+07
P0A9H9	CHEZ_ECOLI	cheZ	Protein phosphatase CheZ	10	10	6.33078e+06	6.14926e+06	6.27726e+06	6.51502e+06	6.63266e+06	6.46239e+06
P0A9I1	CITE_ECOLI	citE	Citrate lyase subunit beta	14	14	3.71707e+07	3.64773e+07	3.8283e+07	3.48617e+07	3.71651e+07	3.58125e+07
P0A9I3	GCVR_ECOLI	gcvR	Glycine cleavage system transcriptional repressor	4	4	9.8699e+06	7.56194e+06	1.0204e+07	1.00881e+07	9.32333e+06	8.82132e+06
P0A9I8	NIRD_ECOLI	nirD	Nitrite reductase [NAD(P)H] small subunit	3	3	2.13157e+07	1.956e+07	2.14289e+07	1.97917e+07	2.28631e+07	1.96115e+07
P0A9J0	RNG_ECOLI	rng	Ribonuclease G	11	11	4.33424e+07	4.54114e+07	4.61985e+07	4.38673e+07	4.46108e+07	4.54597e+07
P0A9J4	PANE_ECOLI	panE	2-dehydropantoate 2-reductase	4	4	7.49493e+06	7.32881e+06	6.71626e+06	6.47091e+06	7.53543e+06	7.38606e+06
P0A9J6	RBSK_ECOLI	rbsK	Ribokinase	4	4	1.0815e+07	1.12565e+07	1.13813e+07	1.12204e+07	1.11669e+07	1.1771e+07
P0A9J8	PHEA_ECOLI	pheA	P-protein	5	5	8.40086e+06	9.17698e+06	8.00795e+06	9.57878e+06	7.88434e+06	8.58016e+06
P0A9K3	PHOL_ECOLI	ybeZ	PhoH-like protein	13	13	3.02476e+07	3.1144e+07	2.92908e+07	2.94295e+07	3.0269e+07	2.96647e+07
P0A9K7	PHOU_ECOLI	phoU	Phosphate-specific transport system accessory protein PhoU	4	4	1.01884e+07	1.02755e+07	9.28719e+06	1.06517e+07	1.05602e+07	1.12147e+07
P0A9K9	SLYD_ECOLI	slyD	FKBP-type peptidyl-prolyl cis-trans isomerase SlyD	5	5	5.53448e+08	5.00635e+08	5.43457e+08	5.43226e+08	5.73202e+08	5.15729e+08
P0A9L3	FKBB_ECOLI	fklB	FKBP-type 22 kDa peptidyl-prolyl cis-trans isomerase	9	9	1.5502e+08	1.527e+08	1.54282e+08	1.54338e+08	1.55453e+08	1.5699e+08
P0A9L5	PPIC_ECOLI	ppiC	Peptidyl-prolyl cis-trans isomerase C	5	5	1.94674e+07	2.25019e+07	1.90668e+07	2.2681e+07	1.7447e+07	2.16371e+07
P0A9L8	P5CR_ECOLI	proC	Pyrroline-5-carboxylate reductase	2	2	1.66998e+07	1.97072e+07	1.58383e+07	2.0806e+07	1.86582e+07	1.82962e+07
P0A9M0	LON_ECOLI	lon	Lon protease	34	34	4.76939e+07	4.64946e+07	4.66737e+07	4.71409e+07	4.74631e+07	4.67813e+07
P0A9M2	HPRT_ECOLI	hpt	Hypoxanthine phosphoribosyltransferase	9	9	3.19139e+07	3.31669e+07	3.13677e+07	3.42879e+07	3.34119e+07	3.31223e+07
P0A9M5	XGPT_ECOLI	gpt	Xanthine phosphoribosyltransferase	9	9	2.46497e+08	2.42206e+08	2.46102e+08	2.3889e+08	2.37858e+08	2.39219e+08
P0A9M8	PTA_ECOLI	pta	Phosphate acetyltransferase	32	32	2.21923e+08	2.25381e+08	2.16702e+08	2.2383e+08	2.18164e+08	2.20017e+08
P0A9N4	PFLA_ECOLI	pflA	Pyruvate formate-lyase 1-activating enzyme	5	5	2.23243e+07	2.36654e+07	2.2246e+07	2.17563e+07	2.14974e+07	2.32088e+07
P0A9N8	NRDG_ECOLI	nrdG	Anaerobic ribonucleoside-triphosphate reductase-activating protein	4	4	252054	441486	430389	484744		439622
P0A9P0	DLDH_ECOLI	lpdA	Dihydrolipoyl dehydrogenase	30	30	2.13299e+08	2.07071e+08	2.09035e+08	2.10715e+08	2.10114e+08	2.05654e+08
P0A9P4	TRXB_ECOLI	trxB	Thioredoxin reductase	14	14	8.06858e+07	7.5907e+07	7.903e+07	7.69448e+07	7.90835e+07	7.72767e+07
P0A9P6	DEAD_ECOLI	deaD	Cold-shock DEAD box protein A	29	29	3.85819e+07	3.86166e+07	3.76766e+07	3.92779e+07	3.7763e+07	3.89149e+07
P0A9Q1	ARCA_ECOLI	arcA	Aerobic respiration control protein ArcA	15	15	2.57753e+08	2.51118e+08	2.61352e+08	2.52238e+08	2.74812e+08	2.55131e+08
P0A9Q5	ACCD_ECOLI	accD	Acetyl-coenzyme A carboxylase carboxyl transferase subunit beta	16	16	1.19982e+08	1.26312e+08	1.17657e+08	1.26901e+08	1.22682e+08	1.21539e+08
P0A9Q7	ADHE_ECOLI	adhE	Aldehyde-alcohol dehydrogenase	53	53	9.1073e+08	9.08348e+08	8.95281e+08	9.06064e+08	8.86689e+08	9.14536e+08
P0A9Q9	DHAS_ECOLI	asd	Aspartate-semialdehyde dehydrogenase	11	11	9.99776e+07	1.00707e+08	1.00344e+08	9.78571e+07	9.50091e+07	9.96203e+07
P0A9R4	FER_ECOLI	fdx	2Fe-2S ferredoxin	3	3	7.43378e+07	6.98012e+07	7.27749e+07	7.18132e+07	7.99309e+07	7.16985e+07
P0A9R7	FTSE_ECOLI	ftsE	Cell division ATP-binding protein FtsE	7	7	1.09782e+07	1.20473e+07	1.11921e+07	1.23217e+07	1.00072e+07	1.22015e+07
P0A9S1	FUCO_ECOLI	fucO	Lactaldehyde reductase	3	3	1.29935e+06	2.1346e+06		1.84292e+06	1.69044e+06	1.65522e+06
P0A9S5	GLDA_ECOLI	gldA	Glycerol dehydrogenase	8	8	8.4195e+07	9.52531e+07	8.67199e+07	9.51824e+07	8.30109e+07	9.34212e+07
P0A9T0	SERA_ECOLI	serA	D-3-phosphoglycerate dehydrogenase	11	11	4.5364e+07	4.54268e+07	4.50494e+07	4.52629e+07	4.64177e+07	4.50405e+07
P0A9T4	TAS_ECOLI	tas	Protein tas	9	9	3.55371e+07	3.70374e+07	3.52199e+07	3.86532e+07	3.43451e+07	3.59119e+07
P0A9T6	YBAQ_ECOLI	ybaQ	Uncharacterized HTH-type transcriptional regulator YbaQ	4	4	5.47835e+06	5.34932e+06	4.57966e+06	5.03977e+06	4.69328e+06	4.98655e+06
P0A9T8	YBBA_ECOLI	ybbA	Uncharacterized ABC transporter ATP-binding protein YbbA	2	2	1.81358e+06	1.8726e+06	1.98009e+06	1.82628e+06	1.8982e+06	1.78913e+06
P0A9U1	YBHF_ECOLI	ybhF	Uncharacterized ABC transporter ATP-binding protein YbhF	3	3	1.02083e+06	809647	1.1391e+06	831513	1.09719e+06	686800
P0A9U3	YBIT_ECOLI	ybiT	Uncharacterized ABC transporter ATP-binding protein YbiT	22	22	3.24679e+07	3.23498e+07	3.32536e+07	3.25663e+07	3.32847e+07	3.29749e+07
P0A9V1	LPTB_ECOLI	lptB	Lipopolysaccharide export system ATP-binding protein LptB	10	10	2.7166e+07	2.62484e+07	2.61679e+07	2.68365e+07	2.60557e+07	2.75959e+07
P0A9W0	ULAR_ECOLI	ulaR	HTH-type transcriptional regulator UlaR	2	2	1.04182e+07		1.00732e+07		7.30679e+06	
P0A9W3	YJJK_ECOLI	yjjK	Uncharacterized ABC transporter ATP-binding protein YjjK	29	29	7.18983e+07	6.85994e+07	7.13398e+07	7.37572e+07	7.01533e+07	7.38214e+07
P0A9W6	YRBA_ECOLI	yrbA	Uncharacterized protein YrbA	3	3	5.96449e+07	5.5512e+07	6.00589e+07	6.04672e+07	5.85628e+07	5.60475e+07
P0A9W9	YRDA_ECOLI	yrdA	Protein YrdA	8	8	1.83451e+07	1.87414e+07	1.95406e+07	1.84153e+07	1.95427e+07	1.86069e+07
P0A9X4	MREB_ECOLI	mreB	Rod shape-determining protein MreB	15	15	7.24748e+07	7.3546e+07	7.35863e+07	7.46524e+07	7.20305e+07	7.40836e+07
P0A9X9	CSPA_ECOLI	cspA	Cold shock protein CspA	8	6	2.40858e+08	2.57307e+08	2.40142e+08	2.52187e+08	2.39362e+08	2.48746e+08
P0A9Y6	CSPC_ECOLI	cspC	Cold shock-like protein CspC	7	7	1.24255e+09	1.26847e+09	1.23847e+09	1.23709e+09	1.26989e+09	1.27308e+09
P0A9Z1	GLNB_ECOLI	glnB	Nitrogen regulatory protein P-II 1	6	6	8.278e+07	7.81099e+07	7.8257e+07	8.03807e+07	8.40789e+07	7.72798e+07
P0AA04	PTHP_ECOLI	ptsH	Phosphocarrier protein HPr	7	7	1.6696e+09	1.44467e+09	1.7272e+09	1.44651e+09	1.67403e+09	1.39736e+09
P0AA10	RL13_ECOLI	rplM	50S ribosomal protein L13	14	14	6.31137e+08	6.46123e+08	6.44374e+08	6.50515e+08	6.72506e+08	7.0463e+08
P0AA16	OMPR_ECOLI	ompR	Transcriptional regulatory protein OmpR	11	11	4.86801e+07	4.98194e+07	4.95628e+07	4.87626e+07	4.84695e+07	4.88086e+07
P0AA25	THIO_ECOLI	trxA	Thioredoxin-1	7	7	3.51778e+08	3.77938e+08	3.518e+08	3.76404e+08	3.62796e+08	3.71594e+08
P0AA31	YEDF_ECOLI	yedF	UPF0033 protein YedF	1	1	2.34163e+07	2.50331e+07	2.44674e+07	2.25908e+07	2.26201e+07	2.35221e+07
P0AA37	RLUA_ECOLI	rluA	Ribosomal large subunit pseudouridine synthase A	1	1	1.43994e+06	1.63733e+06	1.77515e+06	1.56264e+06	1.27372e+06	1.6331e+06
P0AA39	RLUC_ECOLI	rluC	Ribosomal large subunit pseudouridine synthase C	9	9	1.07926e+07	1.17658e+07	1.04933e+07	1.15686e+07	1.13398e+07	1.11721e+07
P0AA41	TRUC_ECOLI	truC	tRNA pseudouridine synthase C	2	2	1.52746e+06	1.71859e+06	1.5505e+06	1.49751e+06		1.78126e+06
P0AA43	RSUA_ECOLI	rsuA	Ribosomal small subunit pseudouridine synthase A	8	8	1.96611e+07	2.07023e+07	2.09588e+07	2.03386e+07	2.05802e+07	2.07874e+07
P0AA53	QMCA_ECOLI	qmcA	Protein QmcA	4	4	3.16808e+06	3.09256e+06	3.01318e+06	2.92314e+06	3.03066e+06	3.15409e+06
P0AA57	YOBA_ECOLI	yobA	Protein YobA	1	1	7.30015e+06	5.951e+06	6.17872e+06			
P0AA86	DSBE_ECOLI	dsbE	Thiol:disulfide interchange protein DsbE	1	1	2.77785e+06	2.27264e+06	2.34979e+06	2.23742e+06	2.09226e+06	2.26098e+06
P0AA91	YEAY_ECOLI	yeaY	Uncharacterized lipoprotein YeaY	4	4	4.67601e+06	5.00056e+06	4.66012e+06	5.106e+06	4.57634e+06	5.46326e+06
P0AA93	YPDA_ECOLI	ypdA	Sensor histidine kinase YpdA	2	2	941660	979568	833839	1.05201e+06	696995	1.09599e+06
P0AA95	YACC_ECOLI	yacC	Uncharacterized protein YacC	2	2	4.20501e+06	4.14108e+06	3.85434e+06	4.2029e+06	4.0493e+06	4.24745e+06
P0AA97	YAEQ_ECOLI	yaeQ	Uncharacterized protein YaeQ	2	2	5.1657e+06	3.85176e+06	4.72333e+06	4.63167e+06	4.25955e+06	4.65771e+06
P0AAA1	YAGU_ECOLI	yagU	Inner membrane protein YagU	2	2	5.11477e+07	5.05746e+07	4.8284e+07	4.5306e+07	5.14426e+07	4.88387e+07
P0AAB4	UBID_ECOLI	ubiD	3-octaprenyl-4-hydroxybenzoate carboxy-lyase	6	6	1.4176e+07	1.52277e+07	1.42802e+07	1.45916e+07	1.43916e+07	1.3874e+07
P0AAB6	GALF_ECOLI	galF	UTP--glucose-1-phosphate uridylyltransferase	11	11	1.38686e+08	1.41992e+08	1.38062e+08	1.38957e+08	1.42921e+08	1.33435e+08
P0AAB8	USPD_ECOLI	uspD	Universal stress protein D	1	1	1.79914e+07	1.89692e+07	1.90135e+07	1.91923e+07	1.87832e+07	1.88482e+07
P0AAC0	USPE_ECOLI	uspE	Universal stress protein E	10	10	4.39905e+07	4.86727e+07	4.6991e+07	4.96084e+07	4.39529e+07	5.0489e+07
P0AAC8	ISCA_ECOLI	iscA	Iron-binding protein IscA	6	6	4.13176e+07	4.14492e+07	4.19733e+07	3.87291e+07	4.04955e+07	4.20513e+07
P0AAD6	SDAC_ECOLI	sdaC	Serine transporter	2	2	4.60431e+06	4.34569e+06	3.09913e+06	3.97246e+06	3.93434e+06	3.28699e+06
P0AAF6	ARTP_ECOLI	artP	Arginine transport ATP-binding protein ArtP	2	2	7.45469e+06	8.01998e+06	7.18141e+06	7.21872e+06	7.62902e+06	6.10912e+06
P0AAH0	PSTB_ECOLI	pstB	Phosphate import ATP-binding protein PstB	3	3	3.69387e+06	3.77839e+06	3.5887e+06	3.60874e+06	3.96195e+06	2.81667e+06
P0AAH8	SAPF_ECOLI	sapF	Peptide transport system ATP-binding protein SapF	1	1	1.2512e+06	1.40327e+06	1.29968e+06	1.29285e+06	1.37284e+06	1.46721e+06
P0AAI3	FTSH_ECOLI	ftsH	ATP-dependent zinc metalloprotease FtsH	24	24	8.50949e+07	8.14276e+07	8.51167e+07	8.41264e+07	8.3524e+07	8.34407e+07
P0AAI5	FABF_ECOLI	fabF	3-oxoacyl-[acyl-carrier-protein] synthase 2	9	9	2.16901e+08	2.20675e+08	2.14117e+08	2.17655e+08	2.08061e+08	2.17387e+08
P0AAI9	FABD_ECOLI	fabD	Malonyl CoA-acyl carrier protein transacylase	9	9	7.09437e+07	7.17753e+07	7.01814e+07	7.07514e+07	7.0903e+07	6.97289e+07
P0AAJ3	FDNH_ECOLI	fdnH	Formate dehydrogenase, nitrate-inducible, iron-sulfur subunit	4	4	1.9602e+07	1.94155e+07	1.83533e+07	1.77713e+07	1.93866e+07	1.81026e+07
P0AAJ5	FDOH_ECOLI	fdoH	Formate dehydrogenase-O iron-sulfur subunit	4	4	1.71538e+07	1.60904e+07	1.69213e+07	1.74102e+07	1.75216e+07	1.65514e+07
P0AAJ8	HYBA_ECOLI	hybA	Hydrogenase-2 operon protein HybA	5	5	2.27697e+07	2.1337e+07	2.26814e+07	2.20289e+07	2.35544e+07	2.21767e+07
P0AAK1	HYCB_ECOLI	hycB	Formate hydrogenlyase subunit 2	2	2	5.06806e+06	4.82983e+06	4.31724e+06	4.48907e+06	4.84695e+06	4.43293e+06
P0AAL3	NAPG_ECOLI	napG	Ferredoxin-type protein NapG	2	2	454615		354504	332235		
P0AAN1	HYBE_ECOLI	hybE	Hydrogenase-2 operon protein HybE	1	1	3.17148e+06	3.32259e+06	3.03632e+06	3.16454e+06	2.58975e+06	3.16117e+06
P0AAN3	HYPB_ECOLI	hypB	Hydrogenase isoenzymes nickel incorporation protein HypB	6	6	1.39427e+07	1.35767e+07	1.37069e+07	1.40138e+07	1.39701e+07	1.35347e+07
P0AAN5	YAIA_ECOLI	yaiA	Uncharacterized protein YaiA	2	2	7.43891e+06	5.68317e+06	6.54159e+06	7.03797e+06	7.71002e+06	7.33547e+06
P0AAN9	IRAP_ECOLI	iraP	Anti-adapter protein IraP	3	3	1.03279e+06	1.06181e+06	944545	1.01037e+06	1.06115e+06	1.20003e+06
P0AAP3	FRMR_ECOLI	frmR	Transcriptional repressor FrmR	5	5	1.44223e+07	1.61038e+07	1.45225e+07	1.56196e+07	1.45531e+07	1.59296e+07
P0AAQ2	YAJD_ECOLI	yajD	Uncharacterized protein YajD	4	4	1.94421e+07	1.78116e+07	1.8829e+07	1.78669e+07	1.94923e+07	1.72193e+07
P0AAR3	YBAK_ECOLI	ybaK	Cys-tRNA(Pro)/Cys-tRNA(Cys) deacylase YbaK	7	7	1.34236e+07	1.665e+07	1.35328e+07	1.37986e+07	1.27589e+07	1.51645e+07
P0AAS0	YLAC_ECOLI	ylaC	Inner membrane protein YlaC	4	4	1.04368e+06	925681	1.07839e+06	895017	1.05175e+06	768536
P0AAS7	YBCJ_ECOLI	ybcJ	Uncharacterized protein YbcJ	3	3	1.84918e+07	1.91761e+07	1.80209e+07	2.00913e+07	1.80777e+07	1.93614e+07
P0AAT2	YBDF_ECOLI	ybdF	Uncharacterized protein YbdF	2	2	1.83322e+06	1.93193e+06	2.1652e+06	2.07947e+06	2.26192e+06	2.31713e+06
P0AAT4	MSCM_ECOLI	mscM	Miniconductance mechanosensitive channel	5	5	6.48374e+06	6.56501e+06	7.26465e+06	6.63527e+06	7.23133e+06	6.61666e+06
P0AAT6	IOJAP_ECOLI	rsfS	Ribosomal silencing factor RsfS	5	5	1.53921e+07	1.53655e+07	1.49884e+07	1.57278e+07	1.62728e+07	1.57701e+07
P0AAT9	YBEL_ECOLI	ybeL	Uncharacterized protein YbeL	6	6	2.95422e+07	2.70224e+07	2.88305e+07	2.75038e+07	2.75845e+07	2.54941e+07
P0AAU2	YBFA_ECOLI	ybfA	Uncharacterized protein YbfA	1	1		1.61467e+06		1.73223e+06		1.61075e+06
P0AAU7	YBFE_ECOLI	ybfE	Uncharacterized protein YbfE	3	3	6.02311e+06	7.90633e+06	7.11089e+06	7.11482e+06	6.00182e+06	6.89112e+06
P0AAV4	YBGJ_ECOLI	ybgJ	Uncharacterized protein YbgJ	2	2	2.65035e+06	2.25601e+06	2.382e+06	2.32026e+06	2.23458e+06	2.28579e+06
P0AAV6	YBGS_ECOLI	ybgS	Uncharacterized protein YbgS	1	1	91052.4	146551	111144	156132	43308.3	101200
P0AAX8	YBIS_ECOLI	ybiS	Probable L,D-transpeptidase YbiS	15	14	5.60546e+07	5.34229e+07	5.64216e+07	5.43887e+07	5.45558e+07	5.35675e+07
P0AAZ4	RARA_ECOLI	rarA	Replication-associated recombination protein A	9	9	4.34037e+06	4.53397e+06	4.34449e+06	4.26881e+06	4.1663e+06	4.62372e+06
P0AAZ7	YCAR_ECOLI	ycaR	UPF0434 protein YcaR	4	4	6.00574e+07	6.17017e+07	6.11323e+07	6.41922e+07	5.74971e+07	6.24727e+07
P0AB03	YCBJ_ECOLI	ycbJ	Uncharacterized protein YcbJ	2	2	5.04944e+06	3.69689e+06		4.09169e+06		
P0AB10	YMBA_ECOLI	ymbA	Uncharacterized lipoprotein YmbA	2	2	1.03037e+07	1.18267e+07	1.08082e+07	1.09507e+07	1.13978e+07	1.07585e+07
P0AB12	YCCF_ECOLI	yccF	Inner membrane protein YccF	2	2		2.09586e+06		2.19544e+06		1.92676e+06
P0AB14	YCCJ_ECOLI	yccJ	Uncharacterized protein YccJ	4	4	2.02427e+07	1.8548e+07	1.99685e+07	1.86649e+07	1.95808e+07	1.9454e+07
P0AB18	TUSE_ECOLI	tusE	Sulfurtransferase TusE	5	5	6.85102e+06	7.97275e+06	7.89923e+06	7.18862e+06	7.28843e+06	7.86681e+06
P0AB20	HSPQ_ECOLI	hspQ	Heat shock protein HspQ	1	1	5.55637e+06	6.40494e+06			5.88271e+06	6.51333e+06
P0AB24	EFEO_ECOLI	efeO	Iron uptake system component EfeO	14	14	3.74437e+07	3.81359e+07	3.93642e+07	3.72433e+07	3.61178e+07	3.6087e+07
P0AB26	YCEB_ECOLI	yceB	Uncharacterized lipoprotein YceB	5	5	2.91142e+07	3.48489e+07	3.20324e+07	3.39433e+07	2.84099e+07	3.35466e+07
P0AB28	YCED_ECOLI	yceD	Uncharacterized protein YceD	5	5	3.88497e+07	3.87074e+07	3.94386e+07	3.94144e+07	4.17061e+07	3.90067e+07
P0AB38	LPOB_ECOLI	lpoB	Penicillin-binding protein activator LpoB	3	3	2.45307e+07	2.25672e+07	2.37549e+07	2.08274e+07	2.39795e+07	2.14362e+07
P0AB43	YCGL_ECOLI	ycgL	Protein YcgL	8	8	6.29e+06	6.26941e+06	5.85598e+06	5.9788e+06	6.01625e+06	5.85643e+06
P0AB46	YMGD_ECOLI	ymgD	Uncharacterized protein YmgD	4	4	1.57371e+07	1.42473e+07	1.61996e+07	1.46923e+07	1.47195e+07	1.51494e+07
P0AB52	YCHN_ECOLI	ychN	Protein YchN	3	3	8.63255e+06	9.0707e+06	9.4542e+06	1.03476e+07	8.94574e+06	9.60487e+06
P0AB55	YCII_ECOLI	yciI	Protein YciI	3	3	4.09626e+07	3.56733e+07	3.96396e+07	3.81125e+07	4.22563e+07	3.78778e+07
P0AB58	YCIM_ECOLI	yciM	Uncharacterized protein YciM	2	2	1.14822e+06	1.60613e+06	1.66391e+06	2.01995e+06	1.81885e+06	1.6574e+06
P0AB61	YCIN_ECOLI	yciN	Protein YciN	6	6	3.32323e+07	2.74929e+07	3.2246e+07	2.72343e+07	3.12007e+07	2.82461e+07
P0AB67	PNTB_ECOLI	pntB	NAD(P) transhydrogenase subunit beta	6	6	8.07448e+06	8.89013e+06	9.52776e+06	8.39274e+06	9.13498e+06	9.42548e+06
P0AB71	ALF_ECOLI	fbaA	Fructose-bisphosphate aldolase class 2	16	16	9.40158e+08	9.67749e+08	9.75897e+08	9.87874e+08	9.58359e+08	9.99464e+08
P0AB77	KBL_ECOLI	kbl	2-amino-3-ketobutyrate coenzyme A ligase	17	17	1.08072e+08	1.09412e+08	1.10149e+08	1.08432e+08	1.10507e+08	1.09035e+08
P0AB80	ILVE_ECOLI	ilvE	Branched-chain-amino-acid aminotransferase	9	9	2.99052e+07	2.88667e+07	2.98117e+07	3.06997e+07	2.94657e+07	2.87158e+07
P0AB83	END3_ECOLI	nth	Endonuclease III	4	4	3.16974e+06	3.56633e+06	3.58306e+06	3.28117e+06	3.38681e+06	3.27442e+06
P0AB89	PUR8_ECOLI	purB	Adenylosuccinate lyase	19	19	3.10763e+07	3.36033e+07	3.2297e+07	3.23646e+07	3.21038e+07	3.28514e+07
P0AB91	AROG_ECOLI	aroG	Phospho-2-dehydro-3-deoxyheptonate aldolase, Phe-sensitive	5	5	1.12269e+07	1.17576e+07	1.17684e+07	1.25936e+07	1.1722e+07	1.22561e+07
P0AB98	ATP6_ECOLI	atpB	ATP synthase subunit a	2	2	1.05907e+06	1.91557e+06	891166	1.76011e+06	844257	799209
P0ABA0	ATPF_ECOLI	atpF	ATP synthase subunit b	15	15	2.22278e+08	2.2351e+08	2.18727e+08	2.24791e+08	2.188e+08	2.18963e+08
P0ABA4	ATPD_ECOLI	atpH	ATP synthase subunit delta	11	11	1.6735e+08	1.71197e+08	1.68994e+08	1.73572e+08	1.54831e+08	1.61501e+08
P0ABA6	ATPG_ECOLI	atpG	ATP synthase gamma chain	16	16	1.87724e+08	1.9621e+08	1.8832e+08	1.95158e+08	1.72444e+08	1.95527e+08
P0ABB0	ATPA_ECOLI	atpA	ATP synthase subunit alpha	31	31	4.46086e+08	4.47029e+08	4.40382e+08	4.52966e+08	4.42112e+08	4.52783e+08
P0ABB4	ATPB_ECOLI	atpD	ATP synthase subunit beta	30	30	4.71124e+08	4.44647e+08	4.5303e+08	4.52472e+08	4.55665e+08	4.48045e+08
P0ABB8	ATMA_ECOLI	mgtA	Magnesium-transporting ATPase, P-type 1	3	3	1.60009e+06	1.60252e+06	1.38431e+06	1.67304e+06	1.65418e+06	1.25891e+06
P0ABC3	HFLC_ECOLI	hflC	Modulator of FtsH protease HflC	20	20	9.12178e+07	8.94033e+07	9.04705e+07	8.94539e+07	9.22725e+07	8.75966e+07
P0ABC7	HFLK_ECOLI	hflK	Modulator of FtsH protease HflK	14	14	8.57992e+07	8.66357e+07	8.62757e+07	8.20682e+07	8.73364e+07	8.43088e+07
P0ABD3	BFR_ECOLI	bfr	Bacterioferritin	9	9	4.39836e+07	4.72136e+07	4.41935e+07	4.63481e+07	4.50905e+07	4.75081e+07
P0ABD5	ACCA_ECOLI	accA	Acetyl-coenzyme A carboxylase carboxyl transferase subunit alpha	24	24	9.09476e+07	9.12285e+07	9.16018e+07	9.38075e+07	9.33063e+07	9.30673e+07
P0ABD8	BCCP_ECOLI	accB	Biotin carboxyl carrier protein of acetyl-CoA carboxylase	5	5	3.02529e+08	2.83285e+08	2.98854e+08	2.61052e+08	2.8142e+08	2.70224e+08
P0ABE2	BOLA_ECOLI	bolA	Protein BolA	5	5	2.33086e+07	2.52472e+07	2.45014e+07	2.57761e+07	2.31589e+07	2.58319e+07
P0ABF1	PCNB_ECOLI	pcnB	Poly(A) polymerase	19	19	1.33764e+07	1.55122e+07	1.45824e+07	1.42048e+07	1.41452e+07	1.38654e+07
P0ABF6	CDD_ECOLI	cdd	Cytidine deaminase	7	7	5.34143e+07	5.35063e+07	5.30864e+07	5.39937e+07	5.2371e+07	5.53413e+07
P0ABG4	FTSW_ECOLI	ftsW	Lipid II flippase FtsW	1	1	585000	678663	566068	561738	598469	546104
P0ABH0	FTSA_ECOLI	ftsA	Cell division protein FtsA	11	11	1.20463e+07	1.1233e+07	1.18277e+07	1.12225e+07	1.13952e+07	1.12878e+07
P0ABH7	CISY_ECOLI	gltA	Citrate synthase	14	14	4.19009e+07	4.41404e+07	4.32942e+07	4.47418e+07	4.27671e+07	4.36689e+07
P0ABH9	CLPA_ECOLI	clpA	ATP-dependent Clp protease ATP-binding subunit ClpA	26	26	3.6377e+07	3.76797e+07	3.61055e+07	3.52855e+07	3.57612e+07	3.65713e+07
P0ABI4	CORA_ECOLI	corA	Magnesium transport protein CorA	3	3	1.33183e+07	1.29527e+07	1.31881e+07	1.21386e+07	1.33967e+07	1.28634e+07
P0ABI8	CYOB_ECOLI	cyoB	Ubiquinol oxidase subunit 1	2	2	9.58777e+06	8.60739e+06	1.03276e+07	1.05678e+07	1.08949e+07	1.08808e+07
P0ABJ1	CYOA_ECOLI	cyoA	Ubiquinol oxidase subunit 2	2	2	2.45073e+07	2.55697e+07	2.35479e+07	2.30233e+07	2.39957e+07	2.63093e+07
P0ABJ9	CYDA_ECOLI	cydA	Cytochrome d ubiquinol oxidase subunit 1	13	13	1.7612e+08	1.79726e+08	1.79581e+08	1.78975e+08	1.80698e+08	1.78461e+08
P0ABK2	CYDB_ECOLI	cydB	Cytochrome d ubiquinol oxidase subunit 2	2	2	2.40123e+07	2.79954e+07	2.40637e+07	2.768e+07	2.58572e+07	2.66074e+07
P0ABK5	CYSK_ECOLI	cysK	Cysteine synthase A	24	24	2.09497e+08	2.11073e+08	2.1025e+08	2.1299e+08	2.10407e+08	2.10596e+08
P0ABL5	NAPC_ECOLI	napC	Cytochrome c-type protein NapC	2	2	2.00489e+06		1.3665e+06	2.89916e+06		1.39678e+06
P0ABM9	CCMH_ECOLI	ccmH	Cytochrome c-type biogenesis protein CcmH	3	3	1.87264e+06		1.55639e+06	1.41649e+06	1.55463e+06	1.52945e+06
P0ABN1	KDGL_ECOLI	dgkA	Diacylglycerol kinase	1	1	2.07452e+06	1.71857e+06	1.15413e+06	1.99703e+06	1.77914e+06	1.81071e+06
P0ABN5	DCUA_ECOLI	dcuA	Anaerobic C4-dicarboxylate transporter DcuA	5	5	1.02809e+07	9.92112e+06	9.77407e+06	1.03602e+07	9.30692e+06	9.9503e+06
P0ABN9	DCUB_ECOLI	dcuB	Anaerobic C4-dicarboxylate transporter DcuB	3	3	2.52199e+07	2.88132e+07	2.74359e+07	2.91533e+07	2.70922e+07	2.75579e+07
P0ABP8	DEOD_ECOLI	deoD	Purine nucleoside phosphorylase DeoD-type	13	13	5.35182e+08	5.509e+08	5.25327e+08	5.43085e+08	5.48928e+08	5.28139e+08
P0ABQ0	COABC_ECOLI	coaBC	Coenzyme A biosynthesis bifunctional protein CoaBC	10	10	6.91527e+06	7.19145e+06	6.97734e+06	8.23917e+06	6.86343e+06	7.40277e+06
P0ABQ2	GARR_ECOLI	garR	2-hydroxy-3-oxopropionate reductase	3	3	6.0852e+06	5.56973e+06	5.4515e+06	4.67628e+06	5.56313e+06	4.88101e+06
P0ABQ4	DYR_ECOLI	folA	Dihydrofolate reductase	6	6	2.51578e+07	2.72828e+07	2.51366e+07	2.40913e+07	2.58956e+07	2.41677e+07
P0ABR1	DINI_ECOLI	dinI	DNA-damage-inducible protein I	1	1	6.09522e+07			4.58589e+07	4.12312e+07	
P0ABS1	DKSA_ECOLI	dksA	RNA polymerase-binding transcription factor DksA	4	4	3.78139e+08	3.86253e+08	3.68547e+08	3.79913e+08	3.60433e+08	3.82736e+08
P0ABS5	PRIM_ECOLI	dnaG	DNA primase	6	6	3.3013e+06	3.07645e+06	3.30062e+06	3.15e+06	3.47232e+06	2.62752e+06
P0ABT2	DPS_ECOLI	dps	DNA protection during starvation protein	19	19	4.44622e+08	4.62064e+08	4.41238e+08	4.56501e+08	4.43107e+08	4.65023e+08
P0ABU0	MENB_ECOLI	menB	1,4-Dihydroxy-2-naphthoyl-CoA synthase	8	8	3.00327e+07	3.051e+07	3.10937e+07	2.98077e+07	3.22014e+07	2.91331e+07
P0ABU2	YCHF_ECOLI	ychF	Ribosome-binding ATPase YchF	17	17	1.47797e+08	1.40965e+08	1.46593e+08	1.43339e+08	1.4763e+08	1.44503e+08
P0ABU5	ELBB_ECOLI	elbB	Enhancing lycopene biosynthesis protein 2	3	3	8.72785e+07	8.63861e+07	8.94935e+07	9.12402e+07	7.97911e+07	8.72651e+07
P0ABU7	EXBB_ECOLI	exbB	Biopolymer transport protein ExbB	6	6	5.82605e+07	5.35474e+07	5.82007e+07	5.74983e+07	5.52269e+07	5.74136e+07
P0ABU9	TOLQ_ECOLI	tolQ	Protein TolQ	6	6	1.19848e+07	1.13928e+07	1.14558e+07	1.19055e+07	1.20508e+07	1.04567e+07
P0ABV2	EXBD_ECOLI	exbD	Biopolymer transport protein ExbD	3	3	1.6632e+07	1.75924e+07	1.60161e+07	1.64878e+07	1.65339e+07	1.74876e+07
P0ABV6	TOLR_ECOLI	tolR	Protein TolR	4	4	2.66555e+07	2.8498e+07	2.45552e+07	2.85363e+07	2.58879e+07	2.83025e+07
P0ABX2	FLGC_ECOLI	flgC	Flagellar basal-body rod protein FlgC	3	3	1.81044e+06	1.83619e+06	1.7766e+06	2.00565e+06	1.89004e+06	1.87289e+06
P0ABX5	FLGG_ECOLI	flgG	Flagellar basal-body rod protein FlgG	3	3	4.94819e+06	5.4898e+06	4.67573e+06	5.16818e+06	4.92188e+06	5.07371e+06
P0ABX8	FLIL_ECOLI	fliL	Flagellar protein FliL	8	8	9.27662e+06	9.40198e+06	9.32383e+06	9.25047e+06	9.73405e+06	8.61127e+06
P0ABZ1	FLIG_ECOLI	fliG	Flagellar motor switch protein FliG	10	10	1.0198e+07	1.04342e+07	9.81762e+06	1.03687e+07	9.76357e+06	1.04345e+07
P0ABZ4	KDSC_ECOLI	kdsC	3-deoxy-D-manno-octulosonate 8-phosphate phosphatase KdsC	2	2	2.85466e+07	2.73323e+07	2.78421e+07	2.92472e+07	2.74743e+07	2.9831e+07
P0ABZ6	SURA_ECOLI	surA	Chaperone SurA	17	17	6.59622e+07	6.62163e+07	6.62985e+07	6.5527e+07	6.61459e+07	6.47217e+07
P0AC02	BAMD_ECOLI	bamD	Outer membrane protein assembly factor BamD	12	12	9.96727e+07	9.85283e+07	1.00501e+08	9.50593e+07	9.99284e+07	9.38931e+07
P0AC13	DHPS_ECOLI	folP	Dihydropteroate synthase	11	11	2.66213e+07	2.80458e+07	2.6806e+07	2.80215e+07	2.65603e+07	2.66323e+07
P0AC16	FOLB_ECOLI	folB	Dihydroneopterin aldolase	1	1					499326	
P0AC19	FOLX_ECOLI	folX	D-erythro-7,8-dihydroneopterin triphosphate epimerase	5	5	1.8407e+07	2.07518e+07	1.85719e+07	1.98047e+07	1.84262e+07	1.95525e+07
P0AC28	YGFA_ECOLI	ygfA	Uncharacterized protein YgfA	1	1	608207	795486	741587	922187	752199	883482
P0AC30	FTSX_ECOLI	ftsX	Cell division protein FtsX	8	8	1.04e+07	9.79443e+06	1.03832e+07	9.98131e+06	1.0296e+07	9.55263e+06
P0AC33	FUMA_ECOLI	fumA	Fumarate hydratase class I, aerobic	8	8	1.26879e+07	1.26125e+07	1.30543e+07	1.37122e+07	1.26722e+07	1.3389e+07
P0AC38	ASPA_ECOLI	aspA	Aspartate ammonia-lyase	22	22	6.75735e+08	6.4198e+08	6.61781e+08	6.32789e+08	6.68599e+08	6.48749e+08
P0AC41	DHSA_ECOLI	sdhA	Succinate dehydrogenase flavoprotein subunit	12	12	2.06945e+07	2.02801e+07	2.04789e+07	2.05184e+07	2.00776e+07	2.03967e+07
P0AC47	FRDB_ECOLI	frdB	Fumarate reductase iron-sulfur subunit	8	8	9.41685e+07	9.50622e+07	9.13362e+07	9.8011e+07	9.69186e+07	9.60912e+07
P0AC51	ZUR_ECOLI	zur	Zinc uptake regulation protein	3	3	8.53546e+06	9.27577e+06	9.63568e+06	8.67956e+06	9.07983e+06	8.72895e+06
P0AC53	G6PD_ECOLI	zwf	Glucose-6-phosphate 1-dehydrogenase	25	25	5.02531e+07	5.59539e+07	5.18457e+07	5.49527e+07	5.03981e+07	5.37833e+07
P0AC59	GLRX2_ECOLI	grxB	Glutaredoxin-2	10	10	5.47389e+07	5.39021e+07	5.32734e+07	5.2898e+07	5.39272e+07	5.13634e+07
P0AC62	GLRX3_ECOLI	grxC	Glutaredoxin-3	4	4	1.48276e+08	1.45557e+08	1.50498e+08	1.44804e+08	1.52591e+08	1.50704e+08
P0AC69	GLRX4_ECOLI	grxD	Glutaredoxin-4	4	4	1.77744e+08	1.7571e+08	1.75415e+08	1.90252e+08	1.69547e+08	1.82364e+08
P0AC75	KDTA_ECOLI	waaA	3-deoxy-D-manno-octulosonic acid transferase	5	5	3.33877e+06	2.94758e+06	2.92648e+06	3.15041e+06	3.22394e+06	2.87204e+06
P0AC81	LGUL_ECOLI	gloA	Lactoylglutathione lyase	1	1	2.06908e+07		1.94944e+07		2.92563e+07	
P0AC84	GLO2_ECOLI	gloB	Hydroxyacylglutathione hydrolase	4	4	2.29085e+06	2.74138e+06	2.12413e+06	2.70976e+06	2.28763e+06	2.56974e+06
P0AC86	PHSG_ECOLI	glgP	Glycogen phosphorylase	10	10	7.5658e+06	8.68228e+06	7.76365e+06	8.71047e+06	6.86362e+06	8.41757e+06
P0AC92	GNSA_ECOLI	gnsA	Protein GnsA	4	2	5.85206e+07	6.54515e+07	5.67802e+07	6.36055e+07	6.36822e+07	6.65429e+07
P0ACA1	YIBF_ECOLI	yibF	Uncharacterized GST-like protein YibF	4	4	5.67953e+06	4.94282e+06	4.80469e+06	5.31183e+06	5.06077e+06	5.69183e+06
P0ACA3	SSPA_ECOLI	sspA	Stringent starvation protein A	11	11	2.18863e+08	2.07688e+08	2.15658e+08	2.1017e+08	2.14206e+08	2.06607e+08
P0ACA7	GSTB_ECOLI	gstB	Glutathione S-transferase GstB	8	8	1.9667e+07	1.92979e+07	1.87437e+07	1.89792e+07	1.98425e+07	1.8315e+07
P0ACB0	DNAB_ECOLI	dnaB	Replicative DNA helicase	13	13	6.12825e+06	5.89066e+06	6.27996e+06	5.51498e+06	6.3312e+06	5.39774e+06
P0ACB2	HEM2_ECOLI	hemB	Delta-aminolevulinic acid dehydratase	12	12	6.54347e+07	6.9535e+07	6.96345e+07	7.155e+07	7.04088e+07	6.92972e+07
P0ACB4	HEMG_ECOLI	hemG	Protoporphyrinogen IX dehydrogenase [menaquinone]	6	6	6.94439e+06	7.06303e+06	6.88509e+06	7.12397e+06	6.75782e+06	7.37327e+06
P0ACB7	HEMY_ECOLI	hemY	Protein HemY	9	9	2.04523e+07	2.18079e+07	2.13911e+07	2.14006e+07	2.1399e+07	2.0715e+07
P0ACC1	PRMC_ECOLI	prmC	Release factor glutamine methyltransferase	1	1		5.48725e+06	4.7993e+06	4.10876e+06		3.40976e+06
P0ACC3	ERPA_ECOLI	erpA	Iron-sulfur cluster insertion protein ErpA	5	5	6.58742e+07	6.8144e+07	6.97226e+07	6.62209e+07	7.06333e+07	7.00679e+07
P0ACC7	GLMU_ECOLI	glmU	Bifunctional protein GlmU	14	14	8.06024e+07	8.21431e+07	7.98989e+07	8.13014e+07	7.62731e+07	7.91391e+07
P0ACD4	NIFU_ECOLI	nifU	NifU-like protein	5	5	9.86748e+07	1.10082e+08	1.04998e+08	9.94398e+07	9.95665e+07	1.08486e+08
P0ACD8	MBHL_ECOLI	hyaB	Hydrogenase-1 large chain	21	21	2.28224e+07	2.277e+07	2.33479e+07	2.2345e+07	2.36545e+07	2.28271e+07
P0ACE0	MBHM_ECOLI	hybC	Hydrogenase-2 large chain	18	18	7.35037e+07	7.70787e+07	7.36648e+07	7.28215e+07	7.34084e+07	7.39837e+07
P0ACE3	HHA_ECOLI	hha	Hemolysin expression-modulating protein Hha	3	3	2.82127e+07	2.44209e+07	2.94233e+07	2.50725e+07	2.67942e+07	2.59298e+07
P0ACE7	HINT_ECOLI	hinT	HIT-like protein HinT	5	5	9.53515e+07	9.16094e+07	9.63498e+07	9.41996e+07	9.73728e+07	9.19942e+07
P0ACF0	DBHA_ECOLI	hupA	DNA-binding protein HU-alpha	7	7	3.54812e+09	3.8563e+09	3.47357e+09	3.79606e+09	3.33811e+09	3.80814e+09
P0ACF4	DBHB_ECOLI	hupB	DNA-binding protein HU-beta	6	5	3.49014e+08	3.28469e+08	3.33265e+08	3.31167e+08	3.31295e+08	3.27834e+08
P0ACF8	HNS_ECOLI	hns	DNA-binding protein H-NS	8	8	1.17641e+09	9.77803e+08	1.05138e+09	9.55771e+08	1.17069e+09	9.72795e+08
P0ACG1	STPA_ECOLI	stpA	DNA-binding protein StpA	8	8	1.76169e+08	1.66962e+08	1.77912e+08	1.69455e+08	1.78581e+08	1.66497e+08
P0ACI0	ROB_ECOLI	rob	Right origin-binding protein	7	7	1.86503e+07	1.87339e+07	1.83132e+07	1.82642e+07	1.71458e+07	1.86441e+07
P0ACI6	ASNC_ECOLI	asnC	Regulatory protein AsnC	2	2	478185	406564	600094	771307	540667	622347
P0ACJ0	LRP_ECOLI	lrp	Leucine-responsive regulatory protein	11	11	4.05951e+07	4.48485e+07	4.13813e+07	4.49116e+07	4.14921e+07	4.50417e+07
P0ACJ8	CRP_ECOLI	crp	cAMP receptor protein	8	8	1.497e+08	1.64087e+08	1.58981e+08	1.71625e+08	1.55677e+08	1.66628e+08
P0ACK2	AGAR_ECOLI	agaR	Putative aga operon transcriptional repressor	4	4	2.82114e+06	3.4985e+06	3.42079e+06	3.49415e+06	2.87013e+06	3.26925e+06
P0ACK5	DEOR_ECOLI	deoR	Deoxyribose operon repressor	4	4	1.2927e+06		716772	1.30077e+06		1.06426e+06
P0ACL0	GLPR_ECOLI	glpR	Glycerol-3-phosphate regulon repressor	8	8	1.04883e+07	1.09068e+07	9.53418e+06	1.06367e+07	1.02561e+07	1.089e+07
P0ACL2	EXUR_ECOLI	exuR	Exu regulon transcriptional regulator	6	6	8.35979e+06	8.6046e+06	8.58717e+06	9.37845e+06	8.15321e+06	9.34011e+06
P0ACL9	PDHR_ECOLI	pdhR	Pyruvate dehydrogenase complex repressor	5	5	6.49842e+06	6.02998e+06	6.65434e+06	6.84576e+06	7.68731e+06	6.41244e+06
P0ACM2	YDFH_ECOLI	ydfH	Uncharacterized HTH-type transcriptional regulator YdfH	3	3	9.03504e+06	7.45371e+06	9.23814e+06	7.79006e+06	9.14609e+06	8.60082e+06
P0ACM5	YEGW_ECOLI	yegW	Uncharacterized HTH-type transcriptional regulator YegW	2	2	1.15706e+06	1.21444e+06	1.08205e+06	1.01722e+06	1.11382e+06	1.11498e+06
P0ACN4	ALLR_ECOLI	allR	HTH-type transcriptional repressor AllR	5	5	1.37791e+07	1.31301e+07	1.43221e+07	1.37759e+07	1.56544e+07	1.40444e+07
P0ACN7	CYTR_ECOLI	cytR	HTH-type transcriptional repressor CytR	4	4	2.96085e+06	3.49684e+06	3.75699e+06	3.21899e+06	3.55453e+06	3.69534e+06
P0ACP1	CRA_ECOLI	cra	Catabolite repressor/activator	11	11	1.43594e+07	1.47524e+07	1.39164e+07	1.48607e+07	1.33592e+07	1.37104e+07
P0ACP5	GNTR_ECOLI	gntR	HTH-type transcriptional regulator GntR	5	5	3.34658e+06	2.57769e+06	2.95547e+06	2.84142e+06	2.52603e+06	2.63121e+06
P0ACP7	PURR_ECOLI	purR	HTH-type transcriptional repressor PurR	15	15	1.79149e+07	1.98062e+07	1.98639e+07	2.08876e+07	1.85054e+07	2.00887e+07
P0ACQ4	OXYR_ECOLI	oxyR	Hydrogen peroxide-inducible genes activator	9	9	2.05069e+07	2.15285e+07	2.14736e+07	2.1003e+07	2.19435e+07	2.0947e+07
P0ACR4	YEIE_ECOLI	yeiE	Uncharacterized HTH-type transcriptional regulator YeiE	8	8	8.24519e+06	8.14445e+06	8.63006e+06	8.4018e+06	8.21115e+06	8.12148e+06
P0ACR9	MPRA_ECOLI	mprA	Transcriptional repressor MprA	4	4	6.7863e+07	6.81382e+07	7.05405e+07	6.62146e+07	7.1221e+07	6.63756e+07
P0ACS7	RPIR_ECOLI	rpiR	HTH-type transcriptional regulator RpiR	3	3	1.61789e+06	1.64678e+06	1.58134e+06	1.67762e+06	1.44728e+06	1.71074e+06
P0ACT6	UIDR_ECOLI	uidR	HTH-type transcriptional regulator UidR	1	1	1.30338e+06		902912	1.63252e+06		1.07827e+06
P0ACU5	FABR_ECOLI	fabR	HTH-type transcriptional repressor FabR	6	6	9.35493e+06	1.07718e+07	1.13089e+07	1.09143e+07	1.09363e+07	1.08391e+07
P0ACU7	YJDC_ECOLI	yjdC	HTH-type transcriptional regulator YjdC	4	4	8.54464e+06	8.84673e+06	9.01776e+06	9.52166e+06	1.09192e+07	9.70022e+06
P0ACV8	YMJA_ECOLI	ymjA	Uncharacterized protein YmjA	1	1	2.47631e+06	2.9217e+06	2.6502e+06	3.46772e+06	2.3282e+06	3.01739e+06
P0ACX5	YDHZ_ECOLI	ydhZ	Uncharacterized protein YdhZ	1	1	1.0974e+07	1.0121e+07	1.15638e+07	1.09357e+07	1.15579e+07	1.15978e+07
P0ACY1	YDJA_ECOLI	ydjA	Putative NAD(P)H nitroreductase YdjA	10	10	4.59197e+07	4.80497e+07	4.83597e+07	4.67706e+07	5.00651e+07	4.63218e+07
P0ACY3	YEAG_ECOLI	yeaG	Uncharacterized protein YeaG	11	11	4.58039e+06	5.09743e+06	4.58315e+06	4.61779e+06	4.9116e+06	4.88369e+06
P0ACY9	YEBG_ECOLI	yebG	Uncharacterized protein YebG	2	2	2.00628e+07	1.82626e+07	2.20659e+07	1.63147e+07	2.23455e+07	1.8895e+07
P0ACZ2	ETP_ECOLI	etp	Low molecular weight protein-tyrosine-phosphatase etp	5	5	6.2185e+06	6.61045e+06	6.46069e+06	6.04009e+06	6.4753e+06	6.35425e+06
P0ACZ4	EVGA_ECOLI	evgA	Positive transcription regulator EvgA	9	9	3.50212e+07	3.238e+07	3.47026e+07	3.42172e+07	3.55783e+07	3.34739e+07
P0AD01	DCUR_ECOLI	dcuR	Transcriptional regulatory protein DcuR	2	2	2.20118e+06	2.0796e+06	2.02347e+06	1.53347e+06	2.21273e+06	1.47586e+06
P0AD05	YECA_ECOLI	yecA	Uncharacterized protein YecA	4	4	2.98207e+07	3.47418e+07	3.53433e+07	3.45248e+07	3.51732e+07	3.45959e+07
P0AD07	YECF_ECOLI	yecF	Uncharacterized protein YecF	2	2	4.04082e+07	4.15982e+07	3.89327e+07	4.08078e+07	4.26989e+07	4.1998e+07
P0AD10	YECJ_ECOLI	yecJ	Uncharacterized protein YecJ	3	3	3.12279e+07	3.06341e+07	3.37052e+07	3.11668e+07	3.53981e+07	3.22401e+07
P0AD12	YEEZ_ECOLI	yeeZ	Protein YeeZ	10	10	3.03561e+07	3.99681e+07	3.2207e+07	3.69777e+07	3.20606e+07	3.74122e+07
P0AD24	YEJL_ECOLI	yejL	UPF0352 protein YejL	2	2	1.77094e+07	2.07219e+07	1.70485e+07	1.95829e+07	1.85421e+07	2.12101e+07
P0AD33	YFCZ_ECOLI	yfcZ	UPF0381 protein YfcZ	3	3	5.31917e+08	5.44036e+08	4.96475e+08	5.15723e+08	5.00653e+08	5.38011e+08
P0AD37	YFEC_ECOLI	yfeC	Uncharacterized protein YfeC	2	2	5.95382e+06	8.7439e+06	6.99578e+06	9.00857e+06	7.43761e+06	8.30365e+06
P0AD44	YFHG_ECOLI	yfhG	Uncharacterized protein YfhG	4	4	3.15776e+06	3.33317e+06	3.4201e+06	3.2452e+06	3.43291e+06	3.25538e+06
P0AD49	RAIA_ECOLI	raiA	Ribosome-associated inhibitor A	7	7	5.11928e+07	6.05938e+07	5.1675e+07	5.42059e+07	5.08792e+07	5.41197e+07
P0AD57	ISPB_ECOLI	ispB	Octaprenyl-diphosphate synthase	5	5	3.58259e+06	3.31417e+06	3.21489e+06	3.02254e+06	3.32383e+06	2.81753e+06
P0AD59	IVY_ECOLI	ivy	Inhibitor of vertebrate lysozyme	5	5	2.51483e+07	2.79812e+07	2.39015e+07	2.93751e+07	2.60123e+07	2.60626e+07
P0AD61	KPYK1_ECOLI	pykF	Pyruvate kinase I	30	30	4.2782e+08	4.07669e+08	4.20386e+08	4.17653e+08	4.21628e+08	4.16972e+08
P0AD68	FTSI_ECOLI	ftsI	Peptidoglycan synthase FtsI	7	7	2.70176e+06	3.25338e+06	2.85889e+06	2.98917e+06	3.03031e+06	3.31955e+06
P0AD70	AMPH_ECOLI	ampH	D-alanyl-D-alanine-carboxypeptidase/endopeptidase AmpH	3	3	2.53696e+06	2.10049e+06	2.7194e+06	2.22754e+06	2.69275e+06	2.25832e+06
P0ADA1	TESA_ECOLI	tesA	Acyl-CoA thioesterase I	5	5	4.90867e+06	4.90027e+06	4.85915e+06	4.10266e+06	4.84021e+06	4.39489e+06
P0ADA3	NLPD_ECOLI	nlpD	Murein hydrolase activator NlpD	8	8	2.18068e+07	2.34722e+07	2.11492e+07	2.32797e+07	2.0824e+07	2.35467e+07
P0ADA5	YAJG_ECOLI	yajG	Uncharacterized lipoprotein YajG	7	7	1.09117e+08	1.12162e+08	1.07436e+08	1.09304e+08	1.08216e+08	1.09447e+08
P0ADB1	OSME_ECOLI	osmE	Osmotically-inducible lipoprotein E	3	3	7.00315e+07	7.09535e+07	6.7986e+07	7.48608e+07	7.33118e+07	7.28173e+07
P0ADB7	ECNB_ECOLI	ecnB	Entericidin B	1	1	1.55829e+08	1.59052e+08	1.48325e+08	1.41076e+08	1.44405e+08	1.39154e+08
P0ADC1	LPTE_ECOLI	lptE	LPS-assembly lipoprotein LptE	4	4	3.80827e+06	4.64658e+06	4.32746e+06	4.41093e+06	4.34468e+06	4.99684e+06
P0ADC3	LOLC_ECOLI	lolC	Lipoprotein-releasing system transmembrane protein LolC	4	4	4.65506e+06	4.69973e+06	4.219e+06	5.12062e+06	3.72575e+06	4.84144e+06
P0ADC6	LPTG_ECOLI	lptG	Lipopolysaccharide export system permease protein LptG	3	3		2.90716e+06	2.81744e+06	2.63801e+06	2.63239e+06	2.89926e+06
P0ADE4	TAMA_ECOLI	tamA	Translocation and assembly module TamA	13	13	1.12222e+07	1.20689e+07	1.10539e+07	1.11759e+07	1.1807e+07	1.04449e+07
P0ADE6	YGAU_ECOLI	ygaU	Uncharacterized protein YgaU	5	5	3.90706e+06	3.75968e+06	3.84104e+06	4.15829e+06	3.8707e+06	3.79251e+06
P0ADE8	YGFZ_ECOLI	ygfZ	tRNA-modifying protein YgfZ	14	14	4.10388e+07	4.46752e+07	4.15579e+07	4.25911e+07	4.0403e+07	4.29636e+07
P0ADF6	EDD_ECOLI	edd	Phosphogluconate dehydratase	7	7	4.78024e+06	5.65655e+06	5.83532e+06	5.66891e+06	5.61996e+06	5.27801e+06
P0ADG4	SUHB_ECOLI	suhB	Inositol-1-monophosphatase	16	16	8.48735e+07	9.2518e+07	8.72713e+07	9.1514e+07	8.90644e+07	8.92998e+07
P0ADG7	IMDH_ECOLI	guaB	Inosine-5'-monophosphate dehydrogenase	19	19	2.55806e+08	2.49648e+08	2.54623e+08	2.41619e+08	2.56007e+08	2.49107e+08
P0ADH5	FIMB_ECOLI	fimB	Type 1 fimbriae regulatory protein FimB	5	4	6.28915e+06	5.6566e+06	6.06973e+06	5.30135e+06	5.58539e+06	5.62642e+06
P0ADI4	ENTB_ECOLI	entB	Isochorismatase	3	3	3.69025e+06	4.64511e+06	3.7738e+06	4.57174e+06	3.88859e+06	4.69174e+06
P0ADI7	YECD_ECOLI	yecD	Isochorismatase family protein YecD	5	5	3.31663e+07	3.11094e+07	3.3544e+07	3.27169e+07	3.41413e+07	3.00271e+07
P0ADK0	YIAF_ECOLI	yiaF	Uncharacterized protein YiaF	10	10	8.85754e+07	9.17894e+07	8.94406e+07	9.19314e+07	8.95006e+07	9.05588e+07
P0ADK8	YIBL_ECOLI	yibL	Uncharacterized protein YibL	4	4	5.45005e+07	5.8681e+07	5.25848e+07	5.86097e+07	5.07259e+07	5.74564e+07
P0ADL3	YICN_ECOLI	yicN	Uncharacterized protein YicN	2	2		616978	601071	763950	606954	667090
P0ADN2	YIFE_ECOLI	yifE	UPF0438 protein YifE	6	6	4.02458e+07	3.98567e+07	4.16017e+07	3.98883e+07	4.06908e+07	3.96501e+07
P0ADN6	YIFL_ECOLI	yifL	Uncharacterized lipoprotein YifL	1	1			409074	367393	441746	453850
P0ADP0	YIGB_ECOLI	yigB	Flavin mononucleotide phosphatase YigB	7	7	1.23573e+07	1.18687e+07	1.27318e+07	1.15226e+07	1.18494e+07	1.19253e+07
P0ADP7	YIGP_ECOLI	yigP	Uncharacterized protein YigP	3	3	3.61699e+06	5.17769e+06	3.83716e+06	5.46596e+06	3.8659e+06	3.61699e+06
P0ADP9	YIHD_ECOLI	yihD	Protein YihD	8	8	3.51336e+07	4.00643e+07	3.8101e+07	4.08241e+07	3.33811e+07	4.07232e+07
P0ADQ2	YIID_ECOLI	yiiD	Uncharacterized protein YiiD	4	4	3.65275e+06	4.14271e+06	3.74231e+06	4.18804e+06	3.76851e+06	3.51476e+06
P0ADQ7	YGAM_ECOLI	ygaM	Uncharacterized protein YgaM	2	2	2.37056e+07	2.40222e+07	2.55666e+07	2.19437e+07	2.45461e+07	2.34004e+07
P0ADR6	RLMM_ECOLI	rlmM	Ribosomal RNA large subunit methyltransferase M	7	7	1.2227e+07	1.18614e+07	1.09461e+07	1.2324e+07	1.22944e+07	1.15618e+07
P0ADR8	YGDH_ECOLI	ygdH	LOG family protein YgdH	19	19	3.96449e+07	3.92525e+07	3.99946e+07	3.96711e+07	4.02417e+07	3.98597e+07
P0ADS2	ZAPA_ECOLI	zapA	Cell division protein ZapA	3	3	4.22296e+07	4.04058e+07	4.23851e+07	3.91194e+07	4.22015e+07	3.82783e+07
P0ADS6	YGGE_ECOLI	yggE	Uncharacterized protein YggE	11	11	2.66054e+07	2.50488e+07	2.63367e+07	2.5238e+07	2.66812e+07	2.55709e+07
P0ADS9	YGGN_ECOLI	yggN	Uncharacterized protein YggN	7	7	1.04964e+07	1.00643e+07	1.14785e+07	9.50451e+06	1.06137e+07	1.04283e+07
P0ADT2	YGIB_ECOLI	ygiB	UPF0441 protein YgiB	3	3	1.11388e+06	1.00342e+06	1.03042e+06	1.08585e+06	1.14206e+06	
P0ADT5	YGIC_ECOLI	ygiC	Uncharacterized protein YgiC	12	12	1.69538e+07	1.74736e+07	1.69707e+07	1.7999e+07	1.69137e+07	1.78343e+07
P0ADT8	YGIM_ECOLI	ygiM	Uncharacterized protein YgiM	10	10	1.75295e+07	1.79199e+07	1.71457e+07	1.73798e+07	1.71541e+07	1.69598e+07
P0ADU2	YGIN_ECOLI	ygiN	Probable quinol monooxygenase YgiN	5	5	8.30162e+07	8.2307e+07	7.87233e+07	7.92549e+07	8.15242e+07	8.42484e+07
P0ADU5	YGIW_ECOLI	ygiW	Protein YgiW	5	5	4.33513e+07	4.38486e+07	4.41757e+07	4.3751e+07	4.46532e+07	4.39281e+07
P0ADU7	YQIB_ECOLI	yqiB	Uncharacterized protein YqiB	2	2	465495		431450		380737	406212
P0ADV1	LPTA_ECOLI	lptA	Lipopolysaccharide export system protein LptA	3	3	1.29458e+07	1.17675e+07	1.28937e+07	1.18597e+07	1.15357e+07	1.24576e+07
P0ADV5	YHBW_ECOLI	yhbW	Uncharacterized protein YhbW	4	4	3.7303e+06	4.20768e+06	3.70571e+06	3.82437e+06	3.68566e+06	3.81194e+06
P0ADV7	MLAC_ECOLI	mlaC	Probable phospholipid-binding protein MlaC	7	7	7.18908e+07	7.39865e+07	7.17832e+07	7.59921e+07	7.20686e+07	7.39498e+07
P0ADW3	YHCB_ECOLI	yhcB	Putative cytochrome d ubiquinol oxidase subunit 3	7	7	1.25849e+08	1.21985e+08	1.25373e+08	1.22156e+08	1.24241e+08	1.22839e+08
P0ADX1	YHFA_ECOLI	yhfA	Protein YhfA	2	2	5.73446e+07	5.75961e+07	6.5226e+07	6.27353e+07	6.39034e+07	6.59449e+07
P0ADX9	RSMD_ECOLI	rsmD	Ribosomal RNA small subunit methyltransferase D	5	5	5.42697e+06	5.2225e+06	4.94995e+06	5.37051e+06	4.91096e+06	4.78917e+06
P0ADY1	PPID_ECOLI	ppiD	Peptidyl-prolyl cis-trans isomerase D	26	26	9.58767e+07	9.65684e+07	9.61423e+07	9.48436e+07	9.72698e+07	9.54993e+07
P0ADY3	RL14_ECOLI	rplN	50S ribosomal protein L14	9	9	4.22843e+08	4.48119e+08	4.54072e+08	4.68095e+08	4.5404e+08	4.55845e+08
P0ADY7	RL16_ECOLI	rplP	50S ribosomal protein L16	7	7	5.28793e+08	4.72728e+08	5.25708e+08	4.7802e+08	5.35729e+08	4.64424e+08
P0ADZ0	RL23_ECOLI	rplW	50S ribosomal protein L23	6	6	2.1092e+08	2.26044e+08	2.17388e+08	2.19431e+08	2.21849e+08	2.20214e+08
P0ADZ4	RS15_ECOLI	rpsO	30S ribosomal protein S15	5	5	1.00457e+09	9.46851e+08	9.69063e+08	9.81818e+08	9.34371e+08	1.01203e+09
P0ADZ7	YAJC_ECOLI	yajC	UPF0092 membrane protein YajC	6	6	2.36339e+08	2.41257e+08	2.32785e+08	2.31367e+08	2.16401e+08	2.27836e+08
P0AE01	TRMJ_ECOLI	trmJ	tRNA (cytidine/uridine-2'-O-)-methyltransferase TrmJ	7	7	3.75129e+07	4.26117e+07	3.83376e+07	4.2145e+07	3.83908e+07	3.96776e+07
P0AE06	ACRA_ECOLI	acrA	Acriflavine resistance protein A	14	13	1.0814e+08	1.08974e+08	1.10519e+08	1.08149e+08	1.09242e+08	1.09444e+08
P0AE08	AHPC_ECOLI	ahpC	Alkyl hydroperoxide reductase subunit C	13	13	4.89655e+08	5.03409e+08	4.79953e+08	4.76815e+08	4.81423e+08	4.8737e+08
P0AE12	AMN_ECOLI	amn	AMP nucleosidase	10	10	4.05469e+06	3.75068e+06	4.34558e+06	4.46448e+06	4.1537e+06	4.70511e+06
P0AE18	AMPM_ECOLI	map	Methionine aminopeptidase	12	12	6.04321e+07	5.96902e+07	6.16615e+07	5.83169e+07	6.0672e+07	6.15952e+07
P0AE22	APHA_ECOLI	aphA	Class B acid phosphatase	3	3	5.21817e+06	5.53443e+06	5.47912e+06	5.49856e+06	5.54797e+06	5.55032e+06
P0AE39	YPDB_ECOLI	ypdB	Transcriptional regulatory protein YpdB	4	4	6.44164e+06	6.57837e+06	6.71453e+06	6.43751e+06	7.43104e+06	6.42858e+06
P0AE45	YTFL_ECOLI	ytfL	UPF0053 inner membrane protein YtfL	8	8	1.36948e+06	1.31401e+06	1.29295e+06	1.2227e+06	1.20375e+06	1.21748e+06
P0AE48	YTFP_ECOLI	ytfP	Gamma-glutamylcyclotransferase family protein YtfP	3	3	2.5985e+07	2.63898e+07	2.53077e+07	2.56464e+07	2.5424e+07	2.63244e+07
P0AE52	BCP_ECOLI	bcp	Putative peroxiredoxin bcp	6	6	1.77427e+08	1.71322e+08	1.77945e+08	1.74783e+08	1.7589e+08	1.77997e+08
P0AE60	CEDA_ECOLI	cedA	Cell division activator CedA	2	2	7.86049e+06	6.97755e+06	6.7523e+06	6.26528e+06	5.17692e+06	4.95513e+06
P0AE67	CHEY_ECOLI	cheY	Chemotaxis protein CheY	2	2	7.47712e+06	6.30163e+06	7.56202e+06	6.88132e+06	6.72668e+06	6.8373e+06
P0AE70	MAZF_ECOLI	mazF	mRNA interferase MazF	4	4	4.02929e+06	3.6284e+06	3.04811e+06	2.77802e+06	2.8572e+06	2.78886e+06
P0AE74	CITT_ECOLI	citT	Citrate carrier	2	2	7.26417e+06	8.6354e+06	8.20171e+06	9.59132e+06	8.76649e+06	8.77573e+06
P0AE78	CORC_ECOLI	corC	Magnesium and cobalt efflux protein CorC	4	4	2.12986e+06	2.39549e+06	2.07452e+06	2.28765e+06	2.03873e+06	2.31393e+06
P0AE82	CPXA_ECOLI	cpxA	Sensor protein CpxA	8	8	5.81263e+06	5.96138e+06	5.85329e+06	6.26119e+06	6.41629e+06	6.24976e+06
P0AE85	CPXP_ECOLI	cpxP	Periplasmic protein CpxP	2	2	7.91432e+06	8.1525e+06	6.26472e+06	8.15274e+06	6.5625e+06	7.10403e+06
P0AE88	CPXR_ECOLI	cpxR	Transcriptional regulatory protein CpxR	9	9	1.99817e+07	1.99241e+07	2.03553e+07	2.04492e+07	1.9411e+07	2.06023e+07
P0AE91	CREA_ECOLI	creA	Protein CreA	6	6	2.12989e+07	2.12724e+07	1.92825e+07	2.07279e+07	2.06287e+07	2.08044e+07
P0AEA8	CYSG_ECOLI	cysG	Siroheme synthase	6	6	4.05271e+06	4.27272e+06	4.19915e+06	4.56195e+06	4.54989e+06	4.28984e+06
P0AEB2	DACA_ECOLI	dacA	D-alanyl-D-alanine carboxypeptidase DacA	23	22	6.75045e+07	6.55529e+07	6.66515e+07	6.52914e+07	6.84507e+07	6.45277e+07
P0AEB7	YOAB_ECOLI	yoaB	RutC family protein YoaB	2	2	5.15364e+07	6.4621e+07	5.57225e+07	5.6548e+07	5.4616e+07	6.1932e+07
P0AEC0	YOAE_ECOLI	yoaE	UPF0053 inner membrane protein YoaE	2	2	1.13092e+06	928428	957531	927836	867426	1.04999e+06
P0AEC3	ARCB_ECOLI	arcB	Aerobic respiration control sensor protein ArcB	6	6	2.58758e+06	2.65326e+06	2.22714e+06	2.55078e+06	2.13694e+06	2.42905e+06
P0AEC8	DCUS_ECOLI	dcuS	Sensor histidine kinase DcuS	1	1	236752		256086		281685	
P0AED0	USPA_ECOLI	uspA	Universal stress protein A	4	4	1.5797e+08	1.42167e+08	1.50854e+08	1.37407e+08	1.61804e+08	1.42925e+08
P0AED5	UVRY_ECOLI	uvrY	Response regulator UvrY	4	4	1.56795e+07	1.53752e+07	1.53654e+07	1.56929e+07	1.52464e+07	1.53036e+07
P0AED7	DAPE_ECOLI	dapE	Succinyl-diaminopimelate desuccinylase	9	9	2.00203e+07	2.14528e+07	2.01092e+07	1.98668e+07	1.9586e+07	1.8743e+07
P0AED9	DCM_ECOLI	dcm	DNA-cytosine methyltransferase	6	6	1.38261e+06	1.6203e+06	1.39412e+06	1.83274e+06	1.67438e+06	1.35745e+06
P0AEE1	DCRB_ECOLI	dcrB	Protein DcrB	6	6	7.26651e+07	7.64135e+07	7.22259e+07	7.63045e+07	7.45361e+07	7.3909e+07
P0AEE3	DEGS_ECOLI	degS	Serine endoprotease DegS	2	2	9.77695e+06	8.19739e+06	8.76587e+06	9.62803e+06	8.19856e+06	9.06747e+06
P0AEE5	DGAL_ECOLI	mglB	D-galactose-binding periplasmic protein	4	4	8.62538e+06	7.54063e+06	9.22507e+06	8.16909e+06	9.26782e+06	8.20762e+06
P0AEE8	DMA_ECOLI	dam	DNA adenine methylase	2	2	570320	773250	578289	647526	738982	641313
P0AEF0	DNAC_ECOLI	dnaC	DNA replication protein DnaC	2	2	1.09062e+06		993641		821905	
P0AEF4	DPIA_ECOLI	dpiA	Transcriptional regulatory protein DpiA	3	3	4.55524e+06	4.29206e+06	4.73477e+06	3.77324e+06	4.70039e+06	4.25519e+06
P0AEG4	DSBA_ECOLI	dsbA	Thiol:disulfide interchange protein DsbA	5	5	2.03302e+07	2.14469e+07	2.08754e+07	2.24901e+07	2.13012e+07	1.99561e+07
P0AEG6	DSBC_ECOLI	dsbC	Thiol:disulfide interchange protein DsbC	3	3	1.26675e+08	1.29618e+08	1.19577e+08	1.24625e+08	1.22908e+08	1.30034e+08
P0AEH1	RSEP_ECOLI	rseP	Regulator of sigma E protease	5	5	5.19497e+06	6.12996e+06	4.64484e+06	5.12424e+06	5.01407e+06	5.62236e+06
P0AEH3	ELAA_ECOLI	elaA	Protein ElaA	1	1				2.83277e+06		
P0AEH5	ELAB_ECOLI	elaB	Protein ElaB	4	4	4.93233e+07	4.49648e+07	4.98655e+07	4.43926e+07	5.05677e+07	4.50462e+07
P0AEI1	MIAB_ECOLI	miaB	(Dimethylallyl)adenosine tRNA methylthiotransferase MiaB	21	21	4.99419e+07	5.1345e+07	5.0921e+07	5.01168e+07	4.90565e+07	4.98279e+07
P0AEI4	RIMO_ECOLI	rimO	Ribosomal protein S12 methylthiotransferase RimO	10	10	2.50117e+07	2.5722e+07	2.56562e+07	2.48189e+07	2.68943e+07	2.46234e+07
P0AEI6	NUDJ_ECOLI	nudJ	Phosphatase NudJ	5	5	2.80092e+07	2.93603e+07	2.94928e+07	2.74842e+07	2.67565e+07	2.80228e+07
P0AEJ2	ENTC_ECOLI	entC	Isochorismate synthase EntC	2	2	7.60607e+06		4.26769e+06	4.82439e+06	7.04924e+06	
P0AEK0	EXOX_ECOLI	exoX	Exodeoxyribonuclease 10	2	2		2.39819e+06		3.03948e+06		2.25966e+06
P0AEK2	FABG_ECOLI	fabG	3-oxoacyl-[acyl-carrier-protein] reductase FabG	11	11	4.54861e+08	4.19641e+08	4.36709e+08	4.39051e+08	4.37228e+08	4.29602e+08
P0AEK4	FABI_ECOLI	fabI	Enoyl-[acyl-carrier-protein] reductase [NADH] FabI	15	15	3.16621e+08	3.17363e+08	3.13126e+08	3.25474e+08	3.18552e+08	3.21933e+08
P0AEL0	FDOI_ECOLI	fdoI	Formate dehydrogenase, cytochrome b556(fdo) subunit	2	2	1.35485e+06	1.50659e+06	929728	1.53771e+06		1.70428e+06
P0AEL6	FEPB_ECOLI	fepB	Ferrienterobactin-binding periplasmic protein	4	4	1.3548e+07	1.3246e+07	1.44517e+07	1.03512e+07	1.37553e+07	1.32499e+07
P0AEM0	FKBX_ECOLI	fkpB	FKBP-type 16 kDa peptidyl-prolyl cis-trans isomerase	4	4	3.18254e+07	3.25638e+07	2.96214e+07	3.1204e+07	2.90712e+07	3.03617e+07
P0AEM4	FLGM_ECOLI	flgM	Negative regulator of flagellin synthesis	3	3	7.48322e+06	7.66959e+06	7.20247e+06	7.2446e+06	7.19466e+06	6.97519e+06
P0AEM6	FLIA_ECOLI	fliA	RNA polymerase sigma factor for flagellar operon	8	8	1.20705e+07	1.31212e+07	1.27271e+07	1.29034e+07	1.24145e+07	1.38945e+07
P0AEM9	FLIY_ECOLI	fliY	Cystine-binding periplasmic protein	19	19	5.314e+07	5.47774e+07	5.36591e+07	5.3355e+07	5.41773e+07	5.3114e+07
P0AEN1	FRE_ECOLI	fre	NAD(P)H-flavin reductase	5	5	2.79677e+07	3.10223e+07	2.75254e+07	3.04469e+07	2.6779e+07	3.27293e+07
P0AEN4	FTSL_ECOLI	ftsL	Cell division protein FtsL	4	4	5.29619e+06	5.52388e+06	5.37941e+06	5.85708e+06	5.37089e+06	5.4783e+06
P0AEN8	FUCM_ECOLI	fucU	L-fucose mutarotase	3	3	2.1808e+07	2.15768e+07	2.22763e+07	2.3921e+07	2.20072e+07	2.36285e+07
P0AEP3	GALU_ECOLI	galU	UTP--glucose-1-phosphate uridylyltransferase	12	12	2.75561e+08	2.77647e+08	2.76836e+08	2.78572e+08	2.79916e+08	2.72847e+08
P0AEQ3	GLNH_ECOLI	glnH	Glutamine-binding periplasmic protein	16	16	1.61225e+08	1.60715e+08	1.61192e+08	1.60958e+08	1.61605e+08	1.58543e+08
P0AEQ6	GLNP_ECOLI	glnP	Glutamine transport system permease protein GlnP	4	4	2.41642e+06	3.25365e+06	2.50893e+06	3.38089e+06	2.44378e+06	3.21397e+06
P0AES0	GSP_ECOLI	gsp	Bifunctional glutathionylspermidine synthetase/amidase	10	10	1.45885e+07	1.40672e+07	1.4349e+07	1.43039e+07	1.40347e+07	1.37892e+07
P0AES2	GUDD_ECOLI	gudD	Glucarate dehydratase	7	7	5.61044e+06	6.86224e+06	6.12382e+06	6.20021e+06	5.38198e+06	6.1321e+06
P0AES4	GYRA_ECOLI	gyrA	DNA gyrase subunit A	33	33	5.41621e+07	5.5776e+07	5.46839e+07	5.54492e+07	5.41799e+07	5.46974e+07
P0AES6	GYRB_ECOLI	gyrB	DNA gyrase subunit B	37	37	3.81402e+07	3.86194e+07	3.75825e+07	3.73516e+07	3.90805e+07	3.74847e+07
P0AET2	HDEB_ECOLI	hdeB	Acid stress chaperone HdeB	2	2	1.85757e+08	2.00587e+08	1.82815e+08	1.88082e+08	1.94076e+08	1.99254e+08
P0AET8	HDHA_ECOLI	hdhA	7-alpha-hydroxysteroid dehydrogenase	2	2	7.07636e+06		6.73897e+06	6.35618e+06	7.09227e+06	
P0AEU0	HISJ_ECOLI	hisJ	Histidine-binding periplasmic protein	12	12	2.06197e+07	2.06022e+07	2.05552e+07	2.02138e+07	2.09695e+07	2.03516e+07
P0AEU7	SKP_ECOLI	skp	Chaperone protein skp	6	6	4.48826e+08	4.18978e+08	4.41013e+08	4.22176e+08	4.27816e+08	4.21005e+08
P0AEV4	HYCA_ECOLI	hycA	Formate hydrogenlyase regulatory protein HycA	3	3	5.38255e+06	5.32429e+06	5.46362e+06	5.72532e+06	4.96008e+06	5.4058e+06
P0AEV7	HYCH_ECOLI	hycH	Formate hydrogenlyase maturation protein HycH	1	1	3.17761e+06	3.32594e+06	3.00112e+06	2.93848e+06	2.75514e+06	3.09871e+06
P0AEV9	HYCI_ECOLI	hycI	Hydrogenase 3 maturation protease	2	2	1.10159e+06	971399	1.13749e+06	1.09801e+06	1.07013e+06	930695
P0AEW6	INGK_ECOLI	gsk	Inosine-guanosine kinase	13	13	1.1258e+07	1.14101e+07	1.09442e+07	1.13023e+07	1.11107e+07	1.16641e+07
P0AEW9	K1PF_ECOLI	fruK	1-phosphofructokinase	12	12	8.2268e+07	8.33604e+07	8.48551e+07	8.73964e+07	7.96362e+07	8.53626e+07
P0AEX5	KPPR_ECOLI	prkB	Probable phosphoribulokinase	4	4	5.6295e+06	5.66661e+06	6.39734e+06	5.77197e+06	5.63637e+06	5.44469e+06
P0AEX9	MALE_ECOLI	malE	Maltose-binding periplasmic protein	19	19	3.38338e+07	4.02722e+07	3.3823e+07	4.05759e+07	3.34458e+07	4.10036e+07
P0AEY3	MAZG_ECOLI	mazG	Nucleoside triphosphate pyrophosphohydrolase	5	5	1.27372e+07	1.28836e+07	1.29263e+07	1.30189e+07	1.3987e+07	1.25603e+07
P0AEY5	MDAB_ECOLI	mdaB	Modulator of drug activity B	6	6	1.06103e+07	1.09977e+07	1.01899e+07	1.0469e+07	1.03859e+07	1.1761e+07
P0AEZ3	MIND_ECOLI	minD	Septum site-determining protein MinD	19	19	7.00025e+07	6.96556e+07	6.94295e+07	6.92985e+07	7.0672e+07	6.90855e+07
P0AEZ9	MOAB_ECOLI	moaB	Molybdenum cofactor biosynthesis protein B	7	7	4.38639e+07	4.87615e+07	4.41932e+07	4.76264e+07	4.52662e+07	4.63287e+07
P0AF03	MOG_ECOLI	mog	Molybdopterin adenylyltransferase	5	5	4.51622e+07	5.00352e+07	4.64395e+07	5.16494e+07	4.86302e+07	5.09175e+07
P0AF06	MOTB_ECOLI	motB	Motility protein B	3	3	1.28788e+06	1.12913e+06	1.17534e+06	1.06206e+06	1.2094e+06	1.19455e+06
P0AF08	MRP_ECOLI	mrp	Protein mrp	7	7	4.07742e+07	4.10887e+07	4.00382e+07	4.28719e+07	3.97523e+07	4.188e+07
P0AF10	MTLR_ECOLI	mtlR	Mannitol operon repressor	1	1					418682	
P0AF12	MTNN_ECOLI	mtnN	5'-methylthioadenosine/S-adenosylhomocysteine nucleosidase	5	5	8.81385e+07	9.27744e+07	8.94652e+07	9.39902e+07	8.27956e+07	9.01612e+07
P0AF18	NAGA_ECOLI	nagA	N-acetylglucosamine-6-phosphate deacetylase	6	6	1.52958e+07	1.54805e+07	1.58371e+07	1.55271e+07	1.49317e+07	1.59021e+07
P0AF20	NAGC_ECOLI	nagC	N-acetylglucosamine repressor	8	8	6.0483e+06	5.89329e+06	5.8302e+06	6.26641e+06	6.08634e+06	5.75175e+06
P0AF24	NAGD_ECOLI	nagD	Ribonucleotide monophosphatase NagD	9	9	1.02939e+07	1.01989e+07	1.00348e+07	9.76814e+06	9.59542e+06	1.03741e+07
P0AF26	NARJ_ECOLI	narJ	Nitrate reductase molybdenum cofactor assembly chaperone NarJ	1	1	4.47518e+06		4.3429e+06		4.81541e+06	
P0AF28	NARL_ECOLI	narL	Nitrate/nitrite response regulator protein NarL	10	10	3.88053e+07	3.84651e+07	3.84307e+07	3.83107e+07	3.8826e+07	3.7551e+07
P0AF36	ZAPB_ECOLI	zapB	Cell division protein ZapB	8	8	9.01156e+07	9.49596e+07	8.43284e+07	8.8016e+07	8.73021e+07	8.90814e+07
P0AF48	YJBQ_ECOLI	yjbQ	UPF0047 protein YjbQ	1	1	4.15476e+06	4.7685e+06	3.92935e+06	4.65444e+06	4.09726e+06	4.03892e+06
P0AF50	YJBR_ECOLI	yjbR	Uncharacterized protein YjbR	4	4	2.99813e+07	2.78197e+07	3.03437e+07	2.80154e+07	3.054e+07	2.91873e+07
P0AF52	YJCD_ECOLI	yjcD	Putative permease YjcD	1	1		1.00277e+06	1.44396e+06	1.40972e+06	1.19235e+06	
P0AF61	YJDK_ECOLI	yjdK	Uncharacterized protein YjdK	2	2	3.60214e+06	3.44756e+06	3.61393e+06	3.83075e+06	3.63729e+06	3.12855e+06
P0AF63	NSRR_ECOLI	nsrR	HTH-type transcriptional repressor NsrR	7	7	1.11421e+07	1.17758e+07	1.1505e+07	1.12907e+07	1.13589e+07	1.14172e+07
P0AF67	YJEE_ECOLI	yjeE	UPF0079 ATP-binding protein YjeE	4	4	1.6855e+07	1.75558e+07	1.75306e+07	1.63753e+07	1.6926e+07	1.6118e+07
P0AF70	YJEI_ECOLI	yjeI	Uncharacterized protein YjeI	1	1	1.05608e+06	1.13767e+06	895730	1.15129e+06	1.01595e+06	1.24036e+06
P0AF90	RRAB_ECOLI	rraB	Regulator of ribonuclease activity B	1	1	6.69745e+07	7.04728e+07	6.02052e+07	6.57224e+07	6.38681e+07	6.63719e+07
P0AF93	RIDA_ECOLI	ridA	Enamine/imine deaminase	5	5	5.00425e+08	4.91046e+08	4.9945e+08	4.96027e+08	4.82083e+08	4.77853e+08
P0AF98	LPTF_ECOLI	lptF	Lipopolysaccharide export system permease protein LptF	4	4	4.13924e+06	3.8583e+06	4.29087e+06	3.85364e+06	4.26832e+06	3.54586e+06
P0AFA7	NHAB_ECOLI	nhaB	Na(+)/H(+) antiporter NhaB	2	2	4.113e+06	4.29038e+06	4.25377e+06	4.23636e+06	3.24172e+06	4.2386e+06
P0AFB1	NLPI_ECOLI	nlpI	Lipoprotein NlpI	8	8	7.63239e+06	7.49741e+06	7.4503e+06	7.46698e+06	7.79956e+06	6.94218e+06
P0AFB5	NTRB_ECOLI	glnL	Nitrogen regulation protein NR(II)	2	2	1.38434e+06	1.22006e+06	1.51891e+06	1.36074e+06	1.398e+06	1.45054e+06
P0AFB8	NTRC_ECOLI	glnG	Nitrogen regulation protein NR(I)	13	13	8.5744e+06	8.20285e+06	8.38543e+06	7.88146e+06	8.71771e+06	8.42713e+06
P0AFC0	NUDB_ECOLI	nudB	Dihydroneopterin triphosphate pyrophosphatase	1	1	2.52859e+06	2.11126e+06	2.56811e+06	2.53556e+06	2.15775e+06	2.28838e+06
P0AFC3	NUOA_ECOLI	nuoA	NADH-quinone oxidoreductase subunit A	3	3	1.06366e+07	1.0849e+07	1.02957e+07	1.01106e+07	1.04492e+07	1.01094e+07
P0AFC7	NUOB_ECOLI	nuoB	NADH-quinone oxidoreductase subunit B	9	9	6.52411e+07	7.00862e+07	6.54269e+07	6.85103e+07	6.67746e+07	6.85418e+07
P0AFD1	NUOE_ECOLI	nuoE	NADH-quinone oxidoreductase subunit E	3	3	2.30567e+07	2.04452e+07	2.21384e+07	2.10907e+07	2.2124e+07	2.03007e+07
P0AFD4	NUOH_ECOLI	nuoH	NADH-quinone oxidoreductase subunit H	2	2	1.01605e+07	1.05533e+07	9.23876e+06	9.75063e+06	1.0005e+07	9.5449e+06
P0AFD6	NUOI_ECOLI	nuoI	NADH-quinone oxidoreductase subunit I	7	7	2.85266e+07	2.75748e+07	2.78674e+07	2.87858e+07	2.74289e+07	2.79569e+07
P0AFF2	NUPC_ECOLI	nupC	Nucleoside permease NupC	3	3	2.96635e+06	4.60814e+06	3.45342e+06	4.25603e+06	2.50821e+06	3.39304e+06
P0AFF6	NUSA_ECOLI	nusA	Transcription elongation protein NusA	30	30	1.54029e+08	1.53322e+08	1.5572e+08	1.51129e+08	1.53701e+08	1.51714e+08
P0AFG0	NUSG_ECOLI	nusG	Transcription antitermination protein NusG	10	10	1.745e+08	1.64847e+08	1.77492e+08	1.57514e+08	1.6911e+08	1.59439e+08
P0AFG3	ODO1_ECOLI	sucA	2-oxoglutarate dehydrogenase E1 component	27	27	3.15877e+07	3.18486e+07	3.13061e+07	3.05594e+07	3.18237e+07	3.0253e+07
P0AFG6	ODO2_ECOLI	sucB	Dihydrolipoyllysine-residue succinyltransferase component of 2-oxoglutarate dehydrogenase complex	19	19	7.58133e+07	8.16413e+07	7.50831e+07	7.77634e+07	7.67384e+07	7.71994e+07
P0AFG8	ODP1_ECOLI	aceE	Pyruvate dehydrogenase E1 component	52	52	4.44898e+08	4.51159e+08	4.51594e+08	4.41229e+08	4.36583e+08	4.42734e+08
P0AFH0	OGT_ECOLI	ogt	Methylated-DNA--protein-cysteine methyltransferase	1	1	204532		249989	208949	188028	195617
P0AFH8	OSMY_ECOLI	osmY	Osmotically-inducible protein Y	12	12	1.21422e+08	1.22174e+08	1.19401e+08	1.19026e+08	1.19676e+08	1.15366e+08
P0AFI0	OXC_ECOLI	oxc	Probable oxalyl-CoA decarboxylase	9	9	4.6842e+06	4.29182e+06	4.25924e+06	4.09598e+06	4.30657e+06	4.12872e+06
P0AFI2	PARC_ECOLI	parC	DNA topoisomerase 4 subunit A	13	13	2.25136e+07	2.24024e+07	2.25803e+07	2.34961e+07	2.27916e+07	2.25382e+07
P0AFI5	PBP7_ECOLI	pbpG	D-alanyl-D-alanine endopeptidase	3	3	6.35967e+06	4.76893e+06	5.24846e+06	5.40343e+06	4.66054e+06	5.4941e+06
P0AFI7	PDXH_ECOLI	pdxH	Pyridoxine/pyridoxamine 5'-phosphate oxidase	11	11	2.44059e+07	2.55669e+07	2.54087e+07	2.61048e+07	2.53676e+07	2.5766e+07
P0AFJ1	PHNA_ECOLI	phnA	Protein PhnA	4	4	1.66792e+07	1.76782e+07	1.58169e+07	1.74772e+07	1.61409e+07	1.64807e+07
P0AFJ5	PHOB_ECOLI	phoB	Phosphate regulon transcriptional regulatory protein PhoB	3	3		1.44601e+06	990136	1.74937e+06	1.68986e+06	1.44309e+06
P0AFJ7	PITA_ECOLI	pitA	Low-affinity inorganic phosphate transporter 1	4	4	6.22516e+06	5.73021e+06	5.95012e+06	5.89101e+06	6.0293e+06	5.95353e+06
P0AFK0	PMBA_ECOLI	pmbA	Protein PmbA	18	18	3.45775e+07	3.42047e+07	3.58822e+07	3.46812e+07	3.56833e+07	3.44182e+07
P0AFK9	POTD_ECOLI	potD	Spermidine/putrescine-binding periplasmic protein	17	17	3.06431e+07	3.39283e+07	3.10374e+07	3.34121e+07	3.19628e+07	3.40737e+07
P0AFL3	PPIA_ECOLI	ppiA	Peptidyl-prolyl cis-trans isomerase A	5	5	5.07424e+07	4.71494e+07	5.0132e+07	4.59605e+07	4.76536e+07	4.66753e+07
P0AFL6	PPX_ECOLI	ppx	Exopolyphosphatase	9	9	2.7309e+06	2.91981e+06	2.6539e+06	2.85523e+06	2.70133e+06	2.56494e+06
P0AFM2	PROX_ECOLI	proX	Glycine betaine-binding periplasmic protein	6	6	1.60051e+07	1.24807e+07	1.62617e+07	1.36397e+07	1.54927e+07	1.43458e+07
P0AFM6	PSPA_ECOLI	pspA	Phage shock protein A	6	6	2.15447e+07	2.08937e+07	2.09386e+07	2.07872e+07	2.13177e+07	2.11645e+07
P0AFM9	PSPB_ECOLI	pspB	Phage shock protein B	2	2	1.53019e+06	1.6147e+06	1.58872e+06	1.51146e+06	1.90492e+06	
P0AFN2	PSPC_ECOLI	pspC	Phage shock protein C	1	1	1.3935e+06	1.15597e+06		1.51472e+06		
P0AFP4	YBBO_ECOLI	ybbO	Uncharacterized oxidoreductase YbbO	4	4	4.30306e+06	3.75221e+06	4.15002e+06	3.70849e+06	4.33303e+06	3.70044e+06
P0AFP6	YBGI_ECOLI	ybgI	UPF0135 protein YbgI	6	6	4.89998e+07	5.04405e+07	4.89535e+07	5.0136e+07	4.96268e+07	4.85091e+07
P0AFQ7	YCFH_ECOLI	ycfH	Uncharacterized deoxyribonuclease YcfH	7	7	2.39065e+07	2.29091e+07	2.27627e+07	2.31671e+07	2.43785e+07	2.32477e+07
P0AFR2	DAUA_ECOLI	dauA	C4-dicarboxylic acid transporter DauA	2	2	3.18571e+06	3.91478e+06	2.8803e+06	3.93261e+06	3.05266e+06	3.21641e+06
P0AFR4	YCIO_ECOLI	yciO	Uncharacterized protein YciO	7	7	3.33489e+07	3.08245e+07	3.38893e+07	3.13253e+07	3.20907e+07	3.05738e+07
P0AFT2	YECS_ECOLI	yecS	Inner membrane amino-acid ABC transporter permease protein YecS	2	2	1.08412e+06	1.36815e+06	1.20464e+06	1.54471e+06	1.51901e+06	1.56822e+06
P0AFT5	YEHT_ECOLI	yehT	Transcriptional regulatory protein YehT	2	2	557439		535687		511491	
P0AFU4	GLRR_ECOLI	glrR	Transcriptional regulatory protein GlrR	2	2	1.30411e+06	1.4053e+06	1.43587e+06	1.39554e+06	1.37293e+06	1.71554e+06
P0AFU8	RISA_ECOLI	ribC	Riboflavin synthase	7	7	6.29161e+07	6.04853e+07	6.1757e+07	6.17124e+07	5.91631e+07	6.25114e+07
P0AFW0	RFAH_ECOLI	rfaH	Transcriptional activator RfaH	2	2	7.13803e+06	7.29329e+06	7.7669e+06	5.9793e+06	8.59956e+06	7.06682e+06
P0AFW4	RNK_ECOLI	rnk	Regulator of nucleoside diphosphate kinase	1	1		492621	535631	563330	529884	
P0AFW8	ROF_ECOLI	rof	Protein rof	3	3	3.52773e+07	3.15888e+07	3.40748e+07	3.20689e+07	3.5253e+07	3.26421e+07
P0AFX0	HPF_ECOLI	hpf	Ribosome hibernation promoting factor	2	2	6.01918e+06	9.07429e+06	6.57139e+06	9.50308e+06	6.56689e+06	8.32887e+06
P0AFX7	RSEA_ECOLI	rseA	Sigma-E factor negative regulatory protein	1	1	4.0312e+06	3.1172e+06	4.35225e+06	3.30069e+06	4.51172e+06	4.17939e+06
P0AFX9	RSEB_ECOLI	rseB	Sigma-E factor regulatory protein RseB	7	7	1.11135e+07	1.15294e+07	1.19997e+07	1.18448e+07	1.15753e+07	1.17047e+07
P0AFY8	SEQA_ECOLI	seqA	Negative modulator of initiation of replication	11	11	8.63975e+07	8.07873e+07	8.38822e+07	8.33076e+07	8.33808e+07	8.286e+07
P0AFZ1	SSEB_ECOLI	sseB	Protein SseB	5	5	1.79843e+07	2.07017e+07	1.84305e+07	1.97342e+07	1.84197e+07	2.06256e+07
P0AFZ3	SSPB_ECOLI	sspB	Stringent starvation protein B	4	4	4.86579e+07	4.8357e+07	4.63358e+07	4.69644e+07	4.6845e+07	4.72908e+07
P0AG00	WZZE_ECOLI	wzzE	Lipopolysaccharide biosynthesis protein WzzE	5	5	1.50035e+07	1.58774e+07	1.48207e+07	1.45582e+07	1.52004e+07	1.54693e+07
P0AG03	UBIX_ECOLI	ubiX	3-octaprenyl-4-hydroxybenzoate carboxy-lyase	2	2			1.01696e+06	1.74223e+06		1.60444e+06
P0AG07	RPE_ECOLI	rpe	Ribulose-phosphate 3-epimerase	8	8	6.83487e+07	7.46353e+07	7.17257e+07	7.41303e+07	7.0861e+07	7.21034e+07
P0AG14	SOHB_ECOLI	sohB	Probable protease SohB	4	4	1.75343e+07	1.66012e+07	1.78314e+07	1.65822e+07	1.79017e+07	1.63957e+07
P0AG16	PUR1_ECOLI	purF	Amidophosphoribosyltransferase	9	9	3.74828e+06	3.80993e+06	3.67026e+06	3.70901e+06	3.77936e+06	4.17817e+06
P0AG18	PURE_ECOLI	purE	N5-carboxyaminoimidazole ribonucleotide mutase	3	3	8.64433e+06	9.17887e+06	8.94229e+06	9.0819e+06	8.74113e+06	8.96996e+06
P0AG20	RELA_ECOLI	relA	GTP pyrophosphokinase	14	14	4.90024e+07	4.75506e+07	5.11693e+07	4.74181e+07	4.94747e+07	4.77776e+07
P0AG24	SPOT_ECOLI	spoT	Bifunctional (p)ppGpp synthase/hydrolase SpoT	9	9	7.11043e+06	7.38136e+06	7.20379e+06	7.12551e+06	6.99798e+06	7.03917e+06
P0AG27	YIBN_ECOLI	yibN	Uncharacterized protein YibN	5	5	1.18276e+08	1.2055e+08	1.19665e+08	1.18681e+08	1.15601e+08	1.15359e+08
P0AG30	RHO_ECOLI	rho	Transcription termination factor Rho	27	27	1.37346e+08	1.30996e+08	1.35104e+08	1.33981e+08	1.36794e+08	1.33969e+08
P0AG40	RIBF_ECOLI	ribF	Riboflavin biosynthesis protein RibF	6	6	9.19367e+06	9.83145e+06	9.30728e+06	1.04666e+07	9.66473e+06	1.00211e+07
P0AG44	RL17_ECOLI	rplQ	50S ribosomal protein L17	6	6	1.34471e+09	1.46767e+09	1.32541e+09	1.4461e+09	1.32428e+09	1.44773e+09
P0AG48	RL21_ECOLI	rplU	50S ribosomal protein L21	8	8	6.0351e+08	6.68123e+08	6.17615e+08	6.82785e+08	6.25143e+08	6.46635e+08
P0AG51	RL30_ECOLI	rpmD	50S ribosomal protein L30	7	7	4.3009e+08	4.57405e+08	4.09807e+08	4.41609e+08	4.15044e+08	4.35057e+08
P0AG55	RL6_ECOLI	rplF	50S ribosomal protein L6	11	11	1.4133e+09	1.43879e+09	1.4201e+09	1.44435e+09	1.40792e+09	1.44163e+09
P0AG59	RS14_ECOLI	rpsN	30S ribosomal protein S14	9	9	7.83811e+08	8.1711e+08	8.01927e+08	8.27027e+08	7.86288e+08	8.35729e+08
P0AG63	RS17_ECOLI	rpsQ	30S ribosomal protein S17	3	3	1.25355e+09	1.17448e+09	1.28904e+09	1.21571e+09	1.2674e+09	1.25978e+09
P0AG67	RS1_ECOLI	rpsA	30S ribosomal protein S1	41	41	1.61389e+09	1.65394e+09	1.59506e+09	1.65038e+09	1.61717e+09	1.65483e+09
P0AG71	RMUC_ECOLI	rmuC	DNA recombination protein RmuC	3	3	1.66421e+06		1.6547e+06	1.66324e+06	1.8048e+06	
P0AG76	SBCD_ECOLI	sbcD	Nuclease SbcCD subunit D	2	2	1.7495e+06	1.41009e+06			1.9686e+06	
P0AG78	SUBI_ECOLI	sbp	Sulfate-binding protein	3	3	2.29448e+06	2.47403e+06	2.02938e+06	2.03363e+06	2.33959e+06	2.40188e+06
P0AG80	UGPB_ECOLI	ugpB	sn-glycerol-3-phosphate-binding periplasmic protein UgpB	2	2	3.01957e+06		2.37411e+06	2.71151e+06		
P0AG82	PSTS_ECOLI	pstS	Phosphate-binding protein PstS	16	16	1.52612e+07	1.57427e+07	1.58811e+07	1.4667e+07	1.56467e+07	1.54966e+07
P0AG84	YGHA_ECOLI	yghA	Uncharacterized oxidoreductase YghA	6	6	3.77911e+06	2.71395e+06	3.41076e+06	2.55995e+06	3.99681e+06	2.58053e+06
P0AG86	SECB_ECOLI	secB	Protein-export protein SecB	5	5	3.9646e+08	3.64451e+08	3.78336e+08	3.73901e+08	4.32955e+08	3.84734e+08
P0AG90	SECD_ECOLI	secD	Protein translocase subunit SecD	27	27	2.71108e+07	2.70985e+07	2.74757e+07	2.72429e+07	2.77137e+07	2.76192e+07
P0AG93	SECF_ECOLI	secF	Protein translocase subunit SecF	4	4	7.02905e+06	7.28923e+06	5.70429e+06	6.55868e+06	6.42557e+06	7.29062e+06
P0AG96	SECE_ECOLI	secE	Preprotein translocase subunit SecE	3	3	4.52935e+06	5.22228e+06	4.81912e+06	5.61229e+06	4.83274e+06	5.11038e+06
P0AG99	SECG_ECOLI	secG	Protein-export membrane protein SecG	3	3	4.28508e+07	4.79294e+07	4.27828e+07	4.63129e+07	4.05997e+07	4.59435e+07
P0AGA2	SECY_ECOLI	secY	Protein translocase subunit SecY	5	5	3.03314e+07	2.85646e+07	2.99787e+07	2.82053e+07	2.95804e+07	2.9942e+07
P0AGB0	SERB_ECOLI	serB	Phosphoserine phosphatase	6	6	9.79731e+06	9.32576e+06	9.59333e+06	9.65727e+06	9.90049e+06	9.64197e+06
P0AGB6	RPOE_ECOLI	rpoE	RNA polymerase sigma-E factor	8	8	1.26428e+07	1.31156e+07	1.24706e+07	1.22764e+07	1.2725e+07	1.28357e+07
P0AGC3	SLT_ECOLI	slt	Soluble lytic murein transglycosylase	12	12	6.03114e+06	5.26665e+06	6.05846e+06	5.63317e+06	5.82257e+06	5.41851e+06
P0AGC7	SMP_ECOLI	smp	Protein smp	1	1	883193	830950		845380	871097	726930
P0AGD1	SODC_ECOLI	sodC	Superoxide dismutase [Cu-Zn]	1	1	3.45736e+06	4.20029e+06	3.9979e+06	3.82499e+06	3.68561e+06	4.2415e+06
P0AGD3	SODF_ECOLI	sodB	Superoxide dismutase [Fe]	9	9	3.31184e+08	3.47553e+08	3.2474e+08	3.4772e+08	3.21239e+08	3.51043e+08
P0AGD7	SRP54_ECOLI	ffh	Signal recognition particle protein	16	16	3.94508e+07	3.89214e+07	4.01251e+07	4.11399e+07	4.04009e+07	4.11759e+07
P0AGE0	SSB_ECOLI	ssb	Single-stranded DNA-binding protein	9	9	2.02755e+08	2.10041e+08	2.10247e+08	2.06182e+08	2.10945e+08	2.08525e+08
P0AGE6	YIEF_ECOLI	yieF	Uncharacterized protein YieF	8	8	3.50313e+07	3.95931e+07	3.56266e+07	3.9194e+07	3.44917e+07	3.84955e+07
P0AGE9	SUCD_ECOLI	sucD	Succinyl-CoA ligase [ADP-forming] subunit alpha	11	11	4.20998e+07	4.39761e+07	4.33688e+07	4.28736e+07	4.20615e+07	4.46033e+07
P0AGF2	YGDK_ECOLI	ygdK	Uncharacterized SufE-like protein YgdK	3	3	3.24728e+06	3.67968e+06	3.24673e+06	3.67937e+06	3.34975e+06	3.84821e+06
P0AGG0	THIL_ECOLI	thiL	Thiamine-monophosphate kinase	4	4	9.92374e+06	8.33356e+06	9.25678e+06	8.86188e+06	1.04977e+07	8.90872e+06
P0AGG2	TESB_ECOLI	tesB	Acyl-CoA thioesterase 2	4	4	9.36891e+06	1.03687e+07	1.01149e+07	1.19709e+07	8.26298e+06	1.10663e+07
P0AGG4	THIO2_ECOLI	trxC	Thioredoxin-2	3	3	1.02192e+07	1.03018e+07	9.97404e+06	1.06471e+07	1.11619e+07	1.01054e+07
P0AGG8	TLDD_ECOLI	tldD	Protein TldD	15	15	2.38149e+07	2.38891e+07	2.38919e+07	2.38829e+07	2.35503e+07	2.30508e+07
P0AGI8	TRKA_ECOLI	trkA	Trk system potassium uptake protein TrkA	6	6	1.93996e+06	2.59673e+06	1.98767e+06	2.05349e+06	2.91811e+06	2.32494e+06
P0AGJ2	TRMH_ECOLI	trmH	tRNA (guanosine(18)-2'-O)-methyltransferase	5	5	1.06158e+07	1.01837e+07	1.0842e+07	1.07932e+07	1.04732e+07	1.00147e+07
P0AGJ5	YFIF_ECOLI	yfiF	Uncharacterized tRNA/rRNA methyltransferase YfiF	12	12	5.5632e+07	5.6717e+07	5.60085e+07	5.73503e+07	5.44426e+07	5.59313e+07
P0AGJ7	TRML_ECOLI	trmL	tRNA (cytidine(34)-2'-O)-methyltransferase	5	5	1.14009e+07	1.01957e+07	1.09491e+07	1.08721e+07	1.11232e+07	1.04576e+07
P0AGJ9	SYY_ECOLI	tyrS	Tyrosine--tRNA ligase	18	18	1.05622e+08	1.06595e+08	1.07375e+08	1.06651e+08	1.07886e+08	1.06914e+08
P0AGK4	YHBY_ECOLI	yhbY	RNA-binding protein YhbY	2	2	7.46087e+07	6.94228e+07	7.28453e+07	7.50738e+07	7.65227e+07	7.5943e+07
P0AGK8	ISCR_ECOLI	iscR	HTH-type transcriptional regulator IscR	4	4	1.24854e+07	1.14745e+07	1.27572e+07	1.18356e+07	1.39734e+07	1.18747e+07
P0AGL2	TDCF_ECOLI	tdcF	Putative reactive intermediate deaminase TdcF	4	4	2.02027e+08	2.21216e+08	2.01314e+08	2.15746e+08	1.92818e+08	2.27914e+08
P0AGL5	RATA_ECOLI	ratA	Ribosome association toxin RatA	2	2	632063			730831	670786	592603
P0AGL7	RSME_ECOLI	rsmE	Ribosomal RNA small subunit methyltransferase E	5	5	1.75394e+07	1.74995e+07	1.74774e+07	1.86261e+07	1.75955e+07	1.76698e+07
P0C018	RL18_ECOLI	rplR	50S ribosomal protein L18	5	5	3.41436e+08	3.27594e+08	3.56805e+08	3.39469e+08	3.73702e+08	3.31605e+08
P0C037	YAIE_ECOLI	yaiE	UPF0345 protein YaiE	2	2	4.44324e+07	4.62212e+07	4.73538e+07	4.72223e+07	4.38072e+07	4.38582e+07
P0C054	IBPA_ECOLI	ibpA	Small heat shock protein IbpA	7	7	1.88094e+07	2.06057e+07	1.97232e+07	2.0632e+07	2.00863e+07	1.91221e+07
P0C058	IBPB_ECOLI	ibpB	Small heat shock protein IbpB	2	2	4.26722e+06		4.45254e+06		3.67043e+06	
P0C093	SLMA_ECOLI	slmA	Nucleoid occlusion factor SlmA	5	5	1.69491e+07	1.83683e+07	1.68936e+07	1.84783e+07	1.57013e+07	1.76743e+07
P0C0K3	RDOA_ECOLI	rdoA	Protein RdoA	9	9	4.47836e+06	4.44849e+06	4.27526e+06	4.80875e+06	3.77479e+06	4.35265e+06
P0C0L2	OSMC_ECOLI	osmC	Peroxiredoxin OsmC	6	6	2.21556e+07	2.15047e+07	2.19603e+07	2.18645e+07	2.18664e+07	2.26046e+07
P0C0L7	PROP_ECOLI	proP	Proline/betaine transporter	8	8	8.53329e+06	8.31743e+06	8.17482e+06	8.03942e+06	8.11433e+06	8.26115e+06
P0C0L9	ISCX_ECOLI	iscX	Protein IscX	1	1	1.91441e+07	2.16829e+07	1.98986e+07	2.0136e+07	1.79063e+07	2.09162e+07
P0C0R7	RLME_ECOLI	rlmE	Ribosomal RNA large subunit methyltransferase E	4	4	2.18394e+07	2.15114e+07	2.13109e+07	2.14441e+07	2.22793e+07	2.14983e+07
P0C0S1	MSCS_ECOLI	mscS	Small-conductance mechanosensitive channel	6	6	4.07073e+07	4.83023e+07	4.13121e+07	4.40406e+07	4.17455e+07	4.28015e+07
P0C0T5	MEPA_ECOLI	mepA	Penicillin-insensitive murein endopeptidase	2	2	3.95776e+06	2.94749e+06	3.8915e+06	3.41505e+06	2.89027e+06	
P0C0U4	RIMK_ECOLI	rimK	Ribosomal protein S6 modification protein	1	1	72543.9		89123.1		84081.8	
P0C0V0	DEGP_ECOLI	degP	Periplasmic serine endoprotease DegP	14	14	8.50635e+07	7.36535e+07	7.86501e+07	7.57041e+07	7.84269e+07	7.72804e+07
P0C960	EMTA_ECOLI	emtA	Endo-type membrane-bound lytic murein transglycosylase A	1	1	319779	482473	417642	578390		595007
P0CB39	EPTC_ECOLI	eptC	Phosphoethanolamine transferase EptC	8	8	8.93442e+06	7.89366e+06	1.01269e+07	8.35271e+06	1.1134e+07	9.34282e+06
P0CE47;P0CE48	EFTU1_ECOLI;EFTU2_ECOLI	tufA;tufB	Elongation factor Tu 1	31	0	7.18191e+09	7.02623e+09	7.04341e+09	8.00392e+09	7.20212e+09	7.20081e+09
P0CG19	RNPH_ECOLI	rph	Inactive ribonuclease PH	3	3	2.16984e+07	2.30049e+07	2.34566e+07	2.2916e+07	2.35647e+07	2.15304e+07
P0CK95	ACFD_ECOLI	yghJ	Putative lipoprotein AcfD homolog	27	27	1.94846e+07	1.96255e+07	1.98529e+07	1.94676e+07	1.96384e+07	1.94508e+07
P10100	RLPA_ECOLI	rlpA	Rare lipoprotein A	3	3	2.63027e+07	2.42495e+07	2.63386e+07	2.3584e+07	2.61466e+07	2.3654e+07
P10121	FTSY_ECOLI	ftsY	Signal recognition particle receptor FtsY	21	21	9.61568e+07	9.76307e+07	9.82749e+07	9.82556e+07	9.68307e+07	9.67495e+07
P10145ups|IL8_HUMAN_UPS	Interleukin-8,	Interleukin-8,		1	1		1.30074e+06		1.29253e+06		916352
P10346	GLNQ_ECOLI	glnQ	Glutamine transport ATP-binding protein GlnQ	4	4	3.99986e+07	3.82946e+07	4.11086e+07	3.8462e+07	4.20525e+07	3.8175e+07
P10371	HIS4_ECOLI	hisA	1-(5-phosphoribosyl)-5-[(5-phosphoribosylamino)methylideneamino] imidazole-4-carboxamide isomerase	4	4	9.07559e+06	9.8939e+06	8.61367e+06	9.64561e+06	8.45412e+06	8.90698e+06
P10378	ENTE_ECOLI	entE	Enterobactin synthase component E	4	4	1.67198e+06		1.52714e+06	1.70964e+06	1.61763e+06	1.7923e+06
P10384	FADL_ECOLI	fadL	Long-chain fatty acid transport protein	15	15	9.316e+07	9.19693e+07	9.02983e+07	9.01184e+07	9.42184e+07	9.07979e+07
P10408	SECA_ECOLI	secA	Protein translocase subunit SecA	38	38	4.76285e+07	4.74282e+07	4.82161e+07	4.89125e+07	4.65447e+07	4.84559e+07
P10441	LPXB_ECOLI	lpxB	Lipid-A-disaccharide synthase	5	5	3.74319e+06	3.47681e+06	4.24136e+06	3.60964e+06	4.1356e+06	3.47877e+06
P10442	RNH2_ECOLI	rnhB	Ribonuclease HII	2	2	2.01396e+06	2.15724e+06	2.03211e+06	1.9011e+06	2.03235e+06	2.22371e+06
P10443	DPO3A_ECOLI	dnaE	DNA polymerase III subunit alpha	7	7	1.11447e+06	1.29688e+06	1.32254e+06	1.26479e+06	1.11542e+06	1.21411e+06
P10636-8ups|TAU_HUMAN_UPS	Microtubule-associated	Microtubule-associated		5	5		9.50697e+06		8.896e+06		8.88487e+06
P10908	UGPQ_ECOLI	ugpQ	Glycerophosphoryl diester phosphodiesterase	2	2	3.14682e+06	2.60088e+06	3.1505e+06	2.45359e+06	2.72898e+06	2.31502e+06
P11349	NARH_ECOLI	narH	Respiratory nitrate reductase 1 beta chain	13	10	1.6244e+07	1.69143e+07	1.67409e+07	1.6768e+07	1.70569e+07	1.59025e+07
P11447	ARLY_ECOLI	argH	Argininosuccinate lyase	8	8	7.5129e+06	7.72401e+06	7.49645e+06	7.99842e+06	7.82708e+06	7.12806e+06
P11454	ENTF_ECOLI	entF	Enterobactin synthase component F	2	2		1.81856e+06		1.21303e+06	1.65368e+06	
P11557	DAMX_ECOLI	damX	Protein DamX	9	9	2.74639e+07	2.58166e+07	2.67217e+07	2.68054e+07	2.60394e+07	2.67327e+07
P11875	SYR_ECOLI	argS	Arginine--tRNA ligase	30	30	6.20505e+07	6.2207e+07	6.13626e+07	6.40317e+07	5.96362e+07	6.09083e+07
P11880	MURF_ECOLI	murF	UDP-N-acetylmuramoyl-tripeptide--D-alanyl-D-alanine ligase	4	4	2.68157e+07	2.62986e+07	2.44003e+07	2.76648e+07	2.57763e+07	2.4698e+07
P11988	BGLB_ECOLI	bglB	6-phospho-beta-glucosidase BglB	1	1	1.02624e+06	1.11766e+06	1.05144e+06	1.12176e+06	1.18537e+06	1.1344e+06
P12008	AROC_ECOLI	aroC	Chorismate synthase	3	3	1.41038e+07	1.40322e+07	1.48739e+07	1.36538e+07	1.45103e+07	1.36106e+07
P12081ups|SYHC_HUMAN_UPS	Histidyl-tRNA	Histidyl-tRNA		15	15		1.84436e+07		1.75251e+07		1.7842e+07
P12281	MOEA_ECOLI	moeA	Molybdopterin molybdenumtransferase	8	8	3.22266e+07	3.14575e+07	3.1814e+07	3.03129e+07	3.10101e+07	3.14607e+07
P12282	MOEB_ECOLI	moeB	Molybdopterin-synthase adenylyltransferase	2	2	5.55226e+06	7.96257e+06	7.80131e+06		7.88576e+06	
P12295	UNG_ECOLI	ung	Uracil-DNA glycosylase	9	9	8.59828e+06	1.02586e+07	8.78992e+06	1.05389e+07	8.90117e+06	1.05827e+07
P12758	UDP_ECOLI	udp	Uridine phosphorylase	13	13	2.5213e+08	2.61457e+08	2.47832e+08	2.53597e+08	2.4377e+08	2.56485e+08
P12994	YBHB_ECOLI	ybhB	UPF0098 protein YbhB	2	2	2.11156e+06	1.47774e+06	2.24211e+06	2.16034e+06	2.13029e+06	1.89316e+06
P13001	BIOH_ECOLI	bioH	Pimelyl-[acyl-carrier protein] methyl ester esterase	3	3	1.68728e+06	3.4427e+06	1.61435e+06	4.26781e+06	1.31215e+06	4.30131e+06
P13009	METH_ECOLI	metH	Methionine synthase	25	25	1.02535e+07	1.06504e+07	1.029e+07	1.02876e+07	9.96666e+06	1.04217e+07
P13016	AMPD_ECOLI	ampD	1,6-anhydro-N-acetylmuramyl-L-alanine amidase AmpD	5	5	9.04565e+06	7.87556e+06	9.53399e+06	8.35745e+06	9.38865e+06	8.85192e+06
P13024	FDHE_ECOLI	fdhE	Protein FdhE	9	9	1.92946e+07	1.82754e+07	1.98845e+07	1.9024e+07	1.87999e+07	1.83799e+07
P13029	KATG_ECOLI	katG	Catalase-peroxidase	42	42	1.92822e+08	1.90952e+08	1.96838e+08	1.91993e+08	1.95473e+08	1.91132e+08
P13033	GLPB_ECOLI	glpB	Anaerobic glycerol-3-phosphate dehydrogenase subunit B	5	5	2.43017e+06	1.83496e+06	2.27467e+06	2.09096e+06	2.07105e+06	1.91513e+06
P13035	GLPD_ECOLI	glpD	Aerobic glycerol-3-phosphate dehydrogenase	18	18	1.8551e+07	1.6965e+07	1.89086e+07	1.76695e+07	1.88689e+07	1.71755e+07
P13445	RPOS_ECOLI	rpoS	RNA polymerase sigma factor RpoS	15	15	2.52002e+07	2.66228e+07	2.32747e+07	2.71343e+07	2.50734e+07	2.72005e+07
P13482	TREA_ECOLI	treA	Periplasmic trehalase	1	1	2.1774e+06		2.65391e+06		1.68084e+06	
P13656	CHIA_ECOLI	chiA	Probable bifunctional chitinase/lysozyme	1	1	683862	762254	714597	705746	777705	364612
P13979	TRAT1_ECOLI	traT	TraT complement resistance protein	7	7	1.85139e+07	1.92399e+07	1.78323e+07	1.83735e+07	1.81979e+07	1.75457e+07
P14081	SELB_ECOLI	selB	Selenocysteine-specific elongation factor	9	9	7.91175e+06	8.55906e+06	8.13961e+06	8.60825e+06	7.64231e+06	8.2434e+06
P14175	PROV_ECOLI	proV	Glycine betaine/L-proline transport ATP-binding protein ProV	6	6	1.63368e+07	1.39958e+07	1.63355e+07	1.63954e+07	1.60988e+07	1.62988e+07
P14294	TOP3_ECOLI	topB	DNA topoisomerase 3	6	6	1.13242e+06	1.10718e+06	1.01401e+06	1.05478e+06	1.03275e+06	829819
P14407	FUMB_ECOLI	fumB	Fumarate hydratase class I, anaerobic	23	15	1.22625e+08	1.19772e+08	1.21966e+08	1.18939e+08	1.23029e+08	1.20194e+08
P14900	MURD_ECOLI	murD	UDP-N-acetylmuramoylalanine--D-glutamate ligase	8	8	2.18893e+07	2.07504e+07	2.20688e+07	2.13184e+07	2.06152e+07	2.05246e+07
P15005	MCRB_ECOLI	mcrB	5-methylcytosine-specific restriction enzyme B	3	3	1.42862e+06	1.47613e+06	1.35884e+06	1.25679e+06	1.60678e+06	1.36597e+06
P15034	AMPP_ECOLI	pepP	Xaa-Pro aminopeptidase	13	13	6.1467e+07	5.77609e+07	5.987e+07	5.56189e+07	5.91455e+07	5.60218e+07
P15038	HELD_ECOLI	helD	Helicase IV	3	3	1.08621e+06	1.32986e+06	1.40908e+06	1.20283e+06	1.29237e+06	947120
P15042	DNLJ_ECOLI	ligA	DNA ligase	20	20	2.24807e+07	2.32672e+07	2.26824e+07	2.28698e+07	2.22847e+07	2.32887e+07
P15043	RECQ_ECOLI	recQ	ATP-dependent DNA helicase RecQ	1	1	282266	204102	273350	292560		
P15047	ENTA_ECOLI	entA	2,3-dihydro-2,3-dihydroxybenzoate dehydrogenase	3	3	2.09632e+06	2.25936e+06	1.92206e+06	2.14672e+06	1.66845e+06	2.16176e+06
P15067	GLGX_ECOLI	glgX	Glycogen debranching enzyme	4	4	2.90525e+06	3.19185e+06	2.39756e+06	3.25407e+06	2.8692e+06	3.00741e+06
P15070	FLIN_ECOLI	fliN	Flagellar motor switch protein FliN	1	1		2.10058e+07	2.17872e+07	2.18963e+07	1.80943e+07	2.20225e+07
P15082	SRLR_ECOLI	srlR	Glucitol operon repressor	2	2	1.15315e+06	1.09987e+06	1.23408e+06	952411	1.28988e+06	922277
P15254	PUR4_ECOLI	purL	Phosphoribosylformylglycinamidine synthase	18	18	1.79475e+07	1.89339e+07	1.77823e+07	1.81895e+07	1.76039e+07	1.74479e+07
P15286	FLK_ECOLI	flk	Flagellar regulator flk	2	2	931903	863690	885488	885733		997636
P15288	PEPD_ECOLI	pepD	Cytosol non-specific dipeptidase	20	20	1.51031e+08	1.45706e+08	1.50332e+08	1.44578e+08	1.46465e+08	1.45163e+08
P15559ups|NQO1_HUMAN_UPS	NAD(P)H	NAD(P)H		5	5		1.30806e+07		1.39097e+07		1.35845e+07
P15639	PUR9_ECOLI	purH	Bifunctional purine biosynthesis protein PurH	15	15	2.97899e+07	3.39376e+07	3.19113e+07	3.33838e+07	3.07451e+07	3.30859e+07
P15640	PUR2_ECOLI	purD	Phosphoribosylamine--glycine ligase	8	8	1.91946e+07	1.92212e+07	1.97068e+07	1.91444e+07	1.97353e+07	1.93105e+07
P15723	DGTP_ECOLI	dgt	Deoxyguanosinetriphosphate triphosphohydrolase	1	1		5.89894e+06		5.04215e+06		7.82114e+06
P15770	AROE_ECOLI	aroE	Shikimate dehydrogenase	3	3	1.21577e+07	1.11212e+07	1.26961e+07	1.22467e+07	1.27401e+07	1.27513e+07
P15977	MALQ_ECOLI	malQ	4-alpha-glucanotransferase	6	6	8.52757e+06	8.94777e+06	9.23865e+06	8.95282e+06	9.03849e+06	8.33286e+06
P16083ups|NQO2_HUMAN_UPS	Ribosyldihydronicotinamide	Ribosyldihydronicotinamide		3	3		4.96601e+06		5.16475e+06		5.54647e+06
P16095	SDHL_ECOLI	sdaA	L-serine dehydratase 1	9	9	2.89701e+07	2.86374e+07	2.95509e+07	2.78811e+07	3.07864e+07	2.75315e+07
P16384	MIAA_ECOLI	miaA	tRNA dimethylallyltransferase	12	12	7.91861e+06	7.27771e+06	7.85305e+06	7.35561e+06	7.64713e+06	6.8855e+06
P16431	HYCE_ECOLI	hycE	Formate hydrogenlyase subunit 5	14	13	4.4253e+07	4.9251e+07	4.72204e+07	4.96799e+07	5.02352e+07	5.00489e+07
P16432	HYCF_ECOLI	hycF	Formate hydrogenlyase subunit 6	3	3		1.45642e+06	1.11658e+06	1.55224e+06		
P16433	HYCG_ECOLI	hycG	Formate hydrogenlyase subunit 7	1	0	6.15616e+06	6.92445e+06	6.88712e+06	6.37352e+06	7.81253e+06	5.99553e+06
P16456	SELD_ECOLI	selD	Selenide, water dikinase	8	8	3.48926e+07	3.67179e+07	3.50726e+07	3.67761e+07	3.43455e+07	3.6193e+07
P16525	TUS_ECOLI	tus	DNA replication terminus site-binding protein	2	2		625480	606201	767342	578159	
P16528	ICLR_ECOLI	iclR	Acetate operon repressor	4	4	8.14432e+06	7.98317e+06	8.13297e+06	7.51979e+06	8.53974e+06	7.20095e+06
P16659	SYP_ECOLI	proS	Proline--tRNA ligase	28	28	9.04776e+07	9.22246e+07	8.9327e+07	9.15751e+07	9.05278e+07	9.11521e+07
P16676	CYSA_ECOLI	cysA	Sulfate/thiosulfate import ATP-binding protein CysA	5	5	1.76066e+06	1.61973e+06	1.84132e+06	1.62018e+06	1.90964e+06	1.77839e+06
P16694	YJDA_ECOLI	yjdA	Uncharacterized protein YjdA	1	1	2.44963e+06				2.52126e+06	
P16700	CYSP_ECOLI	cysP	Thiosulfate-binding protein	20	20	3.52532e+07	3.54956e+07	3.62628e+07	3.66563e+07	3.41477e+07	3.66195e+07
P16703	CYSM_ECOLI	cysM	Cysteine synthase B	7	7	1.1414e+07	1.13522e+07	1.02393e+07	1.15757e+07	1.01879e+07	1.10086e+07
P16926	MREC_ECOLI	mreC	Cell shape-determining protein MreC	6	6	4.08771e+06	4.52994e+06	3.14676e+06	3.12326e+06	3.35847e+06	4.18565e+06
P17109	MEND_ECOLI	menD	2-succinyl-5-enolpyruvyl-6-hydroxy-3-cyclohexene-1-carboxylate synthase	7	7	5.0747e+06	5.14011e+06	5.5351e+06	4.94557e+06	4.9955e+06	4.40461e+06
P17115	GUTQ_ECOLI	gutQ	Arabinose 5-phosphate isomerase GutQ	6	6	9.88879e+06	9.31535e+06	9.79616e+06	8.80425e+06	8.91111e+06	9.38149e+06
P17117	NFSA_ECOLI	nfsA	Oxygen-insensitive NADPH nitroreductase	3	3	1.60457e+07	1.94274e+07	1.95957e+07	2.10652e+07	1.84174e+07	2.22187e+07
P17169	GLMS_ECOLI	glmS	Glutamine--fructose-6-phosphate aminotransferase [isomerizing]	34	34	2.42064e+08	2.48105e+08	2.43099e+08	2.47339e+08	2.46418e+08	2.4288e+08
P17315	CIRA_ECOLI	cirA	Colicin I receptor	12	12	7.88828e+06	7.08144e+06	7.24829e+06	8.13835e+06	7.64651e+06	7.53862e+06
P17443	MURG_ECOLI	murG	UDP-N-acetylglucosamine--N-acetylmuramyl-(pentapeptide) pyrophosphoryl-undecaprenol N-acetylglucosamine transferase	11	11	7.16379e+06	7.87475e+06	7.53593e+06	7.44924e+06	6.77602e+06	7.36879e+06
P17445	BETB_ECOLI	betB	Betaine aldehyde dehydrogenase	7	7	1.82477e+06	1.2263e+06	1.70544e+06	1.7578e+06	1.68032e+06	1.57149e+06
P17846	CYSI_ECOLI	cysI	Sulfite reductase [NADPH] hemoprotein beta-component	32	32	2.74694e+07	2.67813e+07	2.64806e+07	2.78871e+07	2.70296e+07	2.73004e+07
P17854	CYSH_ECOLI	cysH	Phosphoadenosine phosphosulfate reductase	12	12	2.36454e+07	2.67906e+07	2.59883e+07	2.42164e+07	2.45998e+07	2.55845e+07
P17952	MURC_ECOLI	murC	UDP-N-acetylmuramate--L-alanine ligase	8	8	1.40965e+07	1.4321e+07	1.45159e+07	1.33533e+07	1.46623e+07	1.37424e+07
P17993	UBIG_ECOLI	ubiG	3-demethylubiquinone-9 3-methyltransferase	7	7	1.93149e+07	2.03047e+07	1.89547e+07	1.95009e+07	1.94791e+07	2.00308e+07
P18133	PNCB_ECOLI	pncB	Nicotinate phosphoribosyltransferase	10	10	5.04251e+06	5.47031e+06	5.41313e+06	5.38863e+06	5.18348e+06	5.47906e+06
P18196	MINC_ECOLI	minC	Septum site-determining protein MinC	6	6	1.00845e+07	1.02253e+07	1.00429e+07	1.04446e+07	9.8636e+06	9.99929e+06
P18390	YJJA_ECOLI	yjjA	Uncharacterized protein YjjA	4	4	1.47961e+07	1.37997e+07	1.40348e+07	1.23763e+07	1.40128e+07	1.30855e+07
P18392	RSTB_ECOLI	rstB	Sensor protein RstB	2	2	767584	665198	725117	913299	630419	667194
P18393	YBDZ_ECOLI	ybdZ	Uncharacterized protein YbdZ	1	1		1.73201e+06		2.08464e+06	2.45215e+06	
P18775	DMSA_ECOLI	dmsA	Dimethyl sulfoxide reductase DmsA	15	15	1.58012e+07	1.53602e+07	1.61123e+07	1.55033e+07	1.62445e+07	1.52852e+07
P18776	DMSB_ECOLI	dmsB	Anaerobic dimethyl sulfoxide reductase chain B	5	4	9.40218e+06	9.33061e+06	1.02659e+07	9.21416e+06	9.39491e+06	9.32369e+06
P18843	NADE_ECOLI	nadE	NH(3)-dependent NAD(+) synthetase	14	14	9.29213e+07	9.31497e+07	9.35991e+07	9.21243e+07	9.23339e+07	9.19502e+07
P19624	PDXA_ECOLI	pdxA	4-hydroxythreonine-4-phosphate dehydrogenase	4	4	2.0544e+06	2.23143e+06	2.60925e+06	2.05273e+06	2.56558e+06	2.29632e+06
P19926	AGP_ECOLI	agp	Glucose-1-phosphatase	6	6	1.61128e+07	1.46548e+07	1.6263e+07	1.43535e+07	1.59606e+07	1.45119e+07
P19930	HYAD_ECOLI	hyaD	Hydrogenase 1 maturation protease	2	2		5.46656e+06		7.09063e+06	5.54745e+06	6.53156e+06
P19931	HYAE_ECOLI	hyaE	Hydrogenase-1 operon protein HyaE	2	2	3.29795e+06	4.01093e+06	4.4454e+06	4.11777e+06	4.12546e+06	4.15039e+06
P19934	TOLA_ECOLI	tolA	Protein TolA	4	4	8.08372e+06	8.432e+06	7.8459e+06	7.74942e+06	7.32199e+06	8.80034e+06
P20083	PARE_ECOLI	parE	DNA topoisomerase 4 subunit B	7	7	7.44656e+06	8.14353e+06	7.57331e+06	8.14522e+06	8.25013e+06	8.19742e+06
P20099	BISC_ECOLI	bisC	Biotin sulfoxide reductase	3	3	1.14563e+06	1.81647e+06	1.21073e+06	1.82499e+06	767595	1.77114e+06
P20605	FIC_ECOLI	fic	Probable adenosine monophosphate-protein transferase fic	1	1	1.90344e+06	1.65135e+06	1.34196e+06	1.65658e+06	1.77505e+06	1.63614e+06
P20966	PTFBC_ECOLI	fruA	PTS system fructose-specific EIIBC component	10	10	7.37159e+07	7.36769e+07	7.3451e+07	7.43054e+07	7.20726e+07	7.30176e+07
P21156	CYSD_ECOLI	cysD	Sulfate adenylyltransferase subunit 2	5	5	1.16011e+07	1.13317e+07	1.17478e+07	1.35175e+07	1.18933e+07	1.20537e+07
P21165	PEPQ_ECOLI	pepQ	Xaa-Pro dipeptidase	16	16	1.18883e+08	1.12184e+08	1.14832e+08	1.10017e+08	1.15332e+08	1.13052e+08
P21170	SPEA_ECOLI	speA	Biosynthetic arginine decarboxylase	17	17	3.47023e+07	3.84043e+07	3.61046e+07	3.79589e+07	3.50794e+07	3.74976e+07
P21179	CATE_ECOLI	katE	Catalase HPII	7	7	2.10512e+06	1.93302e+06	2.15654e+06	2.15416e+06	2.09601e+06	2.03216e+06
P21338	RNI_ECOLI	rna	Ribonuclease I	6	6	3.86912e+06	2.69731e+06	3.55674e+06	3.20782e+06	3.61111e+06	3.50652e+06
P21365	YCIC_ECOLI	yciC	UPF0259 membrane protein YciC	1	1	5.62182e+06	4.45114e+06	5.31826e+06	3.87381e+06	5.65772e+06	4.46816e+06
P21367	YCAC_ECOLI	ycaC	Uncharacterized protein YcaC	6	6	1.04671e+07	1.14098e+07	1.15396e+07	1.11991e+07	1.02556e+07	1.17921e+07
P21369	PNCA_ECOLI	pncA	Pyrazinamidase/nicotinamidase	1	1	5.41171e+06	5.36804e+06	4.55068e+06	7.33101e+06	5.42412e+06	6.89651e+06
P21420	NMPC_ECOLI	nmpC	Putative outer membrane porin protein NmpC	8	8	1.99536e+08	1.77128e+08	1.88627e+08	1.80316e+08	1.66016e+08	1.80648e+08
P21499	RNR_ECOLI	rnr	Ribonuclease R	31	31	1.95422e+07	2.04376e+07	1.92405e+07	2.02431e+07	2.012e+07	1.98625e+07
P21507	SRMB_ECOLI	srmB	ATP-dependent RNA helicase SrmB	18	18	2.77124e+07	2.8824e+07	2.6973e+07	2.73589e+07	2.69998e+07	2.90827e+07
P21513	RNE_ECOLI	rne	Ribonuclease E	34	34	6.5082e+07	6.248e+07	6.50408e+07	6.23197e+07	6.2264e+07	6.29186e+07
P21599	KPYK2_ECOLI	pykA	Pyruvate kinase II	22	22	1.16264e+08	1.16511e+08	1.17199e+08	1.14415e+08	1.1659e+08	1.1682e+08
P21645	LPXD_ECOLI	lpxD	UDP-3-O-(3-hydroxymyristoyl)glucosamine N-acyltransferase	3	3	2.84761e+07	3.04551e+07	2.81336e+07	2.9809e+07	2.74618e+07	2.9451e+07
P21829	YBHA_ECOLI	ybhA	Pyridoxal phosphate phosphatase YbhA	5	5	1.2391e+07	1.25218e+07	1.26308e+07	1.24141e+07	1.23956e+07	1.28865e+07
P21888	SYC_ECOLI	cysS	Cysteine--tRNA ligase	21	21	6.13816e+07	6.33285e+07	6.08797e+07	6.54923e+07	6.41031e+07	6.44614e+07
P21889	SYD_ECOLI	aspS	Aspartate--tRNA ligase	32	32	7.03762e+07	7.03344e+07	7.10987e+07	7.10408e+07	7.1196e+07	6.92267e+07
P21893	RECJ_ECOLI	recJ	Single-stranded-DNA-specific exonuclease RecJ	5	5	2.77579e+06	2.88962e+06	2.51471e+06	2.42142e+06	2.29572e+06	2.5828e+06
P22106	ASNB_ECOLI	asnB	Asparagine synthetase B [glutamine-hydrolyzing]	9	9	6.04008e+06	6.8894e+06	6.76074e+06	6.8679e+06	7.23032e+06	6.73098e+06
P22186	MRAZ_ECOLI	mraZ	Protein MraZ	3	3	6.94561e+06	7.26663e+06	6.6694e+06	7.44244e+06	7.24812e+06	7.2902e+06
P22188	MURE_ECOLI	murE	UDP-N-acetylmuramoyl-L-alanyl-D-glutamate--2,6-diaminopimelate ligase	12	12	2.44101e+07	2.52682e+07	2.39077e+07	2.60659e+07	2.43018e+07	2.49931e+07
P22255	CYSQ_ECOLI	cysQ	3'(2'),5'-bisphosphate nucleotidase CysQ	6	6	2.73237e+07	2.92979e+07	2.96125e+07	2.85695e+07	2.84413e+07	2.77848e+07
P22256	GABT_ECOLI	gabT	4-aminobutyrate aminotransferase GabT	5	5	5.60931e+07	6.00559e+07	5.31765e+07	5.95529e+07	5.02753e+07	5.20101e+07
P22259	PCKA_ECOLI	pckA	Phosphoenolpyruvate carboxykinase [ATP]	18	18	6.33072e+07	6.25267e+07	6.27987e+07	6.30759e+07	6.17704e+07	6.39582e+07
P22333	ADD_ECOLI	add	Adenosine deaminase	12	12	7.28676e+07	7.23e+07	7.36922e+07	7.09721e+07	7.21257e+07	7.23198e+07
P22523	MUKB_ECOLI	mukB	Chromosome partition protein MukB	38	38	3.00331e+07	3.00478e+07	3.07954e+07	2.96964e+07	2.94036e+07	2.9776e+07
P22524	MUKE_ECOLI	mukE	Chromosome partition protein MukE	6	6	2.40098e+07	2.48966e+07	2.27913e+07	2.49901e+07	2.25381e+07	2.52462e+07
P22525	YCBB_ECOLI	ycbB	Probable L,D-transpeptidase YcbB	11	11	2.50868e+07	2.57465e+07	2.39671e+07	2.50228e+07	2.5101e+07	2.54444e+07
P22564	RIHC_ECOLI	rihC	Non-specific ribonucleoside hydrolase RihC	1	1	489699	822572	429006	843887	373789	856982
P22634	MURI_ECOLI	murI	Glutamate racemase	4	4	5.01497e+06	4.77944e+06	5.55948e+06	4.98139e+06	5.24607e+06	4.21096e+06
P22707	FINO_ECOLI	finO	Fertility inhibition protein	2	2	1.76317e+06	2.46062e+06	1.77446e+06	1.71597e+06		1.83246e+06
P22939	ISPA_ECOLI	ispA	Farnesyl diphosphate synthase	4	4	1.10578e+07	1.22775e+07	1.13934e+07	1.18721e+07	1.06996e+07	1.19314e+07
P23003	TRMA_ECOLI	trmA	tRNA (uracil(54)-C(5))-methyltransferase	3	3	1.04412e+07	1.02336e+07	1.03507e+07	1.05854e+07	9.99908e+06	9.70352e+06
P23256	MALY_ECOLI	malY	Protein MalY	1	1	1.79193e+06		1.75773e+06		2.04186e+06	
P23305	YIGA_ECOLI	yigA	Uncharacterized protein YigA	6	6	4.89267e+06	5.44731e+06	5.00266e+06	5.0952e+06	5.09178e+06	4.7787e+06
P23331	KITH_ECOLI	tdk	Thymidine kinase	6	6	1.73011e+07	1.80991e+07	1.67171e+07	1.60359e+07	1.6458e+07	1.78117e+07
P23367	MUTL_ECOLI	mutL	DNA mismatch repair protein MutL	3	3	1.16626e+06	1.69054e+06	1.18928e+06	1.71632e+06	1.22472e+06	1.53851e+06
P23538	PPSA_ECOLI	ppsA	Phosphoenolpyruvate synthase	16	16	2.57782e+07	2.77713e+07	2.57382e+07	2.66374e+07	2.60953e+07	2.63766e+07
P23721	SERC_ECOLI	serC	Phosphoserine aminotransferase	18	18	5.08777e+07	5.2788e+07	5.18547e+07	5.22575e+07	5.25556e+07	5.28112e+07
P23827	ECOT_ECOLI	eco	Ecotin	6	6	5.00082e+07	4.86818e+07	5.16855e+07	4.94765e+07	5.17636e+07	4.77759e+07
P23830	PSS_ECOLI	pssA	CDP-diacylglycerol--serine O-phosphatidyltransferase	11	11	7.53728e+06	7.74614e+06	6.54106e+06	7.65144e+06	7.7258e+06	7.08412e+06
P23836	PHOP_ECOLI	phoP	Transcriptional regulatory protein PhoP	13	13	6.37081e+07	6.38371e+07	6.42613e+07	6.23207e+07	6.21765e+07	6.20955e+07
P23837	PHOQ_ECOLI	phoQ	Sensor protein PhoQ	5	5	2.03266e+06	2.31411e+06	2.32059e+06	2.30529e+06	2.03791e+06	2.25429e+06
P23839	YICC_ECOLI	yicC	UPF0701 protein YicC	11	11	2.99867e+07	2.85519e+07	3.08678e+07	2.96978e+07	3.05853e+07	2.91173e+07
P23843	OPPA_ECOLI	oppA	Periplasmic oligopeptide-binding protein	19	19	2.82045e+07	2.66919e+07	2.77494e+07	2.56689e+07	2.76407e+07	2.56027e+07
P23845	CYSN_ECOLI	cysN	Sulfate adenylyltransferase subunit 1	13	13	1.48734e+07	1.47229e+07	1.40884e+07	1.44573e+07	1.50141e+07	1.37055e+07
P23847	DPPA_ECOLI	dppA	Periplasmic dipeptide transport protein	3	3	1.67404e+06	1.66801e+06	1.91065e+06	1.81906e+06	2.10467e+06	1.4971e+06
P23857	PSPE_ECOLI	pspE	Thiosulfate sulfurtransferase PspE	2	2	2.23446e+07	2.08933e+07	1.97887e+07	2.04849e+07	1.94649e+07	2.03881e+07
P23865	PRC_ECOLI	prc	Tail-specific protease	25	25	2.56571e+07	2.6686e+07	2.54828e+07	2.70553e+07	2.53852e+07	2.68519e+07
P23869	PPIB_ECOLI	ppiB	Peptidyl-prolyl cis-trans isomerase B	6	6	2.43834e+08	2.36319e+08	2.4284e+08	2.39735e+08	2.45809e+08	2.44209e+08
P23871	HEMH_ECOLI	hemH	Ferrochelatase	5	5	8.77636e+06	9.97098e+06	9.48697e+06	1.01123e+07	9.30887e+06	9.44958e+06
P23882	FMT_ECOLI	fmt	Methionyl-tRNA formyltransferase	8	8	4.55186e+07	4.67791e+07	4.33537e+07	4.63567e+07	4.22148e+07	4.43814e+07
P23886	CYDC_ECOLI	cydC	ATP-binding/permease protein CydC	2	2	1.20231e+06	2.15448e+06	1.58377e+06	1.96365e+06	1.77831e+06	
P23890	CADC_ECOLI	cadC	Transcriptional activator CadC	3	3	882528	1.05286e+06	916698	943166	968707	968107
P23893	GSA_ECOLI	hemL	Glutamate-1-semialdehyde 2,1-aminomutase	13	13	1.34319e+08	1.41321e+08	1.3896e+08	1.3841e+08	1.3557e+08	1.40894e+08
P23894	HTPX_ECOLI	htpX	Protease HtpX	3	3	1.61874e+07	1.53782e+07	1.46549e+07	1.65949e+07	1.49366e+07	1.56306e+07
P23898	NLPC_ECOLI	nlpC	Probable endopeptidase NlpC	2	2					1.08641e+06	1.08483e+06
P23908	ARGE_ECOLI	argE	Acetylornithine deacetylase	3	3	3.60636e+06	4.14974e+06	3.55332e+06	3.62041e+06	3.46222e+06	3.86021e+06
P23909	MUTS_ECOLI	mutS	DNA mismatch repair protein MutS	24	24	2.04259e+07	2.05013e+07	2.05548e+07	2.03223e+07	1.99448e+07	1.98542e+07
P23917	MAK_ECOLI	mak	Fructokinase	4	4	3.72276e+06	3.07402e+06	3.34077e+06	3.34053e+06	3.90737e+06	3.07111e+06
P24169	DCOS_ECOLI	speF	Ornithine decarboxylase, inducible	11	11	1.68307e+07	1.77573e+07	1.67269e+07	1.72978e+07	1.66075e+07	1.76771e+07
P24171	DCP_ECOLI	dcp	Peptidyl-dipeptidase dcp	13	13	8.59606e+06	9.02e+06	8.15664e+06	8.76336e+06	8.39598e+06	8.51234e+06
P24173	RFAC_ECOLI	rfaC	Lipopolysaccharide heptosyltransferase 1	5	4	1.21192e+06	1.45693e+06	1.55661e+06	1.65581e+06		1.65899e+06
P24178	YFFB_ECOLI	yffB	Protein YffB	4	4	2.58659e+07	2.50871e+07	2.55802e+07	2.43264e+07	2.5691e+07	2.37012e+07
P24182	ACCC_ECOLI	accC	Biotin carboxylase	22	22	1.09012e+08	1.12055e+08	1.06278e+08	1.10376e+08	1.07303e+08	1.10863e+08
P24183	FDNG_ECOLI	fdnG	Formate dehydrogenase, nitrate-inducible, major subunit	29	29	2.52892e+07	2.52519e+07	2.55148e+07	2.48136e+07	2.46973e+07	2.56893e+07
P24186	FOLD_ECOLI	folD	Bifunctional protein FolD	9	9	2.47429e+07	2.53567e+07	2.39977e+07	2.52575e+07	2.49787e+07	2.44927e+07
P24188	YCEA_ECOLI	yceA	UPF0176 protein YceA	2	2	1.0316e+07	1.25971e+07	1.10438e+07	1.05633e+07	1.30314e+07	1.02803e+07
P24192	HYPD_ECOLI	hypD	Hydrogenase isoenzymes formation protein HypD	2	2	527257	499914	481102	453239	508906	465039
P24193	HYPE_ECOLI	hypE	Hydrogenase isoenzymes formation protein HypE	3	3	1.32699e+07	1.46244e+07	1.31493e+07	1.46573e+07	1.38355e+07	1.40602e+07
P24202	MRR_ECOLI	mrr	Mrr restriction system protein	9	9	5.99251e+06	6.13059e+06	6.00958e+06	5.98067e+06	6.00261e+06	6.17304e+06
P24203	YJIA_ECOLI	yjiA	Uncharacterized GTP-binding protein YjiA	9	9	6.44472e+06	6.25452e+06	7.15425e+06	6.76705e+06	7.3993e+06	6.49122e+06
P24205	MSBB_ECOLI	msbB	Lipid A biosynthesis (KDO)2-(lauroyl)-lipid IVA acyltransferase	4	4	8.14739e+06	8.95173e+06	8.37478e+06	9.37782e+06	8.64381e+06	8.99453e+06
P24215	UXUA_ECOLI	uxuA	Mannonate dehydratase	7	7	5.00637e+06	5.52532e+06	5.26956e+06	4.23091e+06	4.77861e+06	3.95173e+06
P24216	FLID_ECOLI	fliD	Flagellar hook-associated protein 2	8	8	6.41855e+06	6.42798e+06	6.05845e+06	5.70019e+06	6.17807e+06	6.00476e+06
P24224	ACPS_ECOLI	acpS	Holo-[acyl-carrier-protein] synthase	1	1	7.11678e+06	6.82097e+06	6.70019e+06	7.9516e+06	7.39904e+06	7.18561e+06
P24228	DACB_ECOLI	dacB	D-alanyl-D-alanine carboxypeptidase DacB	7	7	3.82953e+06	3.95939e+06	4.19194e+06	4.37892e+06	3.92085e+06	4.39999e+06
P24230	RECG_ECOLI	recG	ATP-dependent DNA helicase RecG	2	2		1.18892e+06			879583	1.10762e+06
P24232	HMP_ECOLI	hmp	Flavohemoprotein	4	4	6.1669e+06	6.6442e+06	5.70133e+06	7.32328e+06	6.32958e+06	6.20047e+06
P24251	CRL_ECOLI	crl	Sigma factor-binding protein Crl	3	3	2.55991e+07	2.60316e+07	2.53389e+07	2.67438e+07	2.42861e+07	2.748e+07
P24252	YBGA_ECOLI	ybgA	Uncharacterized protein YbgA	2	2	4.61001e+06	5.33253e+06	5.00659e+06	5.15983e+06	4.60882e+06	5.52238e+06
P24255	RP54_ECOLI	rpoN	RNA polymerase sigma-54 factor	6	6	2.71446e+06	2.34966e+06	2.47612e+06	2.30385e+06	2.51985e+06	2.36241e+06
P24554	RADA_ECOLI	radA	DNA repair protein RadA	5	5	2.36134e+06	2.38216e+06	2.08308e+06	2.35997e+06	2.21976e+06	2.26813e+06
P25397	TEHB_ECOLI	tehB	Tellurite methyltransferase	9	9	8.27031e+06	9.48582e+06	9.60469e+06	9.05789e+06	8.98016e+06	9.25796e+06
P25437	FRMA_ECOLI	frmA	S-(hydroxymethyl)glutathione dehydrogenase	4	4	4.70826e+07	4.5651e+07	4.85586e+07	4.34826e+07	4.82718e+07	4.11822e+07
P25516	ACON1_ECOLI	acnA	Aconitate hydratase 1	14	14	1.06413e+07	9.52662e+06	1.06241e+07	1.07762e+07	1.07071e+07	1.00757e+07
P25519	HFLX_ECOLI	hflX	GTPase HflX	17	17	1.63296e+07	1.52325e+07	1.55522e+07	1.49586e+07	1.53321e+07	1.50451e+07
P25522	MNME_ECOLI	mnmE	tRNA modification GTPase MnmE	16	16	1.67395e+07	1.64975e+07	1.70249e+07	1.70159e+07	1.61662e+07	1.7066e+07
P25524	CODA_ECOLI	codA	Cytosine deaminase	7	7	1.14961e+07	1.23778e+07	1.18473e+07	1.16778e+07	1.23547e+07	1.22772e+07
P25526	GABD_ECOLI	gabD	Succinate-semialdehyde dehydrogenase [NADP(+)] GabD	4	4	4.29972e+06	4.09868e+06	4.06974e+06	4.54543e+06	4.34921e+06	3.71315e+06
P25534	UBIH_ECOLI	ubiH	2-octaprenyl-6-methoxyphenol hydroxylase	1	1		652315				723719
P25535	VISC_ECOLI	visC	Protein VisC	5	5	1.60286e+07	1.73918e+07	1.70998e+07	1.50079e+07	1.63097e+07	1.61759e+07
P25536	YHDE_ECOLI	yhdE	Maf-like protein YhdE	2	2	1.51427e+07	1.34697e+07	1.45479e+07	1.21081e+07	1.47112e+07	1.1331e+07
P25539	RIBD_ECOLI	ribD	Riboflavin biosynthesis protein RibD	10	10	1.36905e+07	1.41135e+07	1.38491e+07	1.36663e+07	1.4467e+07	1.37803e+07
P25552	GPPA_ECOLI	gppA	Guanosine-5'-triphosphate,3'-diphosphate pyrophosphatase	9	9	3.24354e+06	3.57344e+06	3.30979e+06	3.27841e+06	3.30858e+06	3.31922e+06
P25553	ALDA_ECOLI	aldA	Lactaldehyde dehydrogenase	1	1	488578	474862	557531	533639	371744	458447
P25714	YIDC_ECOLI	yidC	Membrane protein insertase YidC	4	4	3.41971e+07	3.16145e+07	3.24171e+07	3.06306e+07	3.23141e+07	3.26153e+07
P25736	END1_ECOLI	endA	Endonuclease-1	2	2	2.45667e+07	2.65569e+07	2.72709e+07	3.0567e+07	2.44192e+07	2.97518e+07
P25740	RFAG_ECOLI	rfaG	Lipopolysaccharide core biosynthesis protein RfaG	4	4	3.88697e+06	3.23746e+06	3.89447e+06	3.39054e+06	3.09426e+06	3.33037e+06
P25741	RFAP_ECOLI	rfaP	Lipopolysaccharide core heptose(I) kinase RfaP	1	1		421545		725494		641226
P25745	MNMA_ECOLI	mnmA	tRNA-specific 2-thiouridylase MnmA	7	7	2.71658e+07	2.69915e+07	2.78103e+07	2.64144e+07	2.64686e+07	2.64073e+07
P25746	HFLD_ECOLI	hflD	High frequency lysogenization protein HflD	9	9	1.08692e+07	1.14502e+07	1.10047e+07	1.21248e+07	1.08697e+07	1.12708e+07
P25798	FLIF_ECOLI	fliF	Flagellar M-ring protein	6	6	6.16305e+06	5.98984e+06	6.50593e+06	6.0999e+06	6.30312e+06	6.14693e+06
P25888	RHLE_ECOLI	rhlE	ATP-dependent RNA helicase RhlE	12	12	8.99883e+06	9.60324e+06	9.82858e+06	9.54731e+06	8.47934e+06	9.2249e+06
P25894	YGGG_ECOLI	yggG	Uncharacterized metalloprotease YggG	2	2	4.70292e+06	3.96733e+06	3.73886e+06	3.58124e+06	4.48047e+06	3.49074e+06
P25906	YDBC_ECOLI	ydbC	Putative oxidoreductase YdbC	5	5	3.97962e+06	4.10483e+06	4.04428e+06	4.26903e+06	4.07302e+06	4.29475e+06
P26602	UBIC_ECOLI	ubiC	Chorismate--pyruvate lyase	6	6	2.48313e+06		2.25605e+06	2.03939e+06	2.50068e+06	1.96125e+06
P26608	FLIS_ECOLI	fliS	Flagellar protein FliS	6	6	1.416e+07	1.46433e+07	1.26798e+07	1.48855e+07	1.3969e+07	1.47415e+07
P26612	AMY2_ECOLI	amyA	Cytoplasmic alpha-amylase	4	4	2.04671e+06	2.80349e+06	2.78465e+06	2.72433e+06	2.46482e+06	2.92035e+06
P26616	MAO1_ECOLI	maeA	NAD-dependent malic enzyme	22	22	4.75561e+07	4.58882e+07	4.63188e+07	4.50774e+07	4.29422e+07	4.57887e+07
P26646	ACUI_ECOLI	acuI	Probable acrylyl-CoA reductase AcuI	9	9	4.6035e+07	4.67123e+07	4.50289e+07	4.68436e+07	4.55945e+07	4.63689e+07
P26647	PLSC_ECOLI	plsC	1-acyl-sn-glycerol-3-phosphate acyltransferase	2	2	7.0372e+06	7.46297e+06	6.66372e+06	7.32416e+06	6.37553e+06	7.48631e+06
P26648	FTSP_ECOLI	ftsP	Cell division protein FtsP	5	5	3.4034e+06	3.29444e+06	3.40546e+06	3.40742e+06	4.06944e+06	3.17316e+06
P27238	YFED_ECOLI	yfeD	Uncharacterized protein YfeD	2	2	3.35315e+06	3.89004e+06	4.19198e+06	4.08082e+06	3.92174e+06	4.00224e+06
P27247	PLSX_ECOLI	plsX	Phosphate acyltransferase	2	2	338109	357471		253396	353970	
P27248	GCST_ECOLI	gcvT	Aminomethyltransferase	6	6	4.87774e+07	4.29279e+07	4.63263e+07	4.70845e+07	4.86611e+07	4.60685e+07
P27249	GLND_ECOLI	glnD	[Protein-PII] uridylyltransferase	1	1	486534	523409	412530	384856	540589	408395
P27250	YJGB_ECOLI	yjgB	Uncharacterized zinc-type alcohol dehydrogenase-like protein YjgB	4	4	6.11775e+06	3.64341e+06	4.73071e+06	3.30079e+06	4.18354e+06	4.14264e+06
P27278	NADR_ECOLI	nadR	Trifunctional NAD biosynthesis/regulator protein NadR	7	7	1.96313e+06	2.15471e+06	1.92248e+06	2.11905e+06	2.0247e+06	2.15487e+06
P27298	OPDA_ECOLI	prlC	Oligopeptidase A	32	32	4.92981e+07	4.80175e+07	4.90472e+07	4.82001e+07	4.95903e+07	4.80378e+07
P27302	TKT1_ECOLI	tktA	Transketolase 1	22	20	1.96966e+08	1.97143e+08	1.93199e+08	2.02082e+08	1.96291e+08	2.0171e+08
P27303	EMRA_ECOLI	emrA	Multidrug resistance protein A	12	12	9.18098e+06	1.03749e+07	9.47336e+06	1.03963e+07	9.4279e+06	1.0158e+07
P27306	STHA_ECOLI	sthA	Soluble pyridine nucleotide transhydrogenase	5	5	4.3069e+06	4.31004e+06	4.92414e+06	4.44809e+06	4.28498e+06	4.59071e+06
P27431	YCFD_ECOLI	ycfD	50S ribosomal protein L16 arginine hydroxylase	3	3	2.70845e+07	2.59785e+07	2.97079e+07	2.65967e+07	2.531e+07	2.70523e+07
P27434	RODZ_ECOLI	rodZ	Cytoskeleton protein RodZ	9	9	4.49827e+07	4.57826e+07	4.50922e+07	4.41108e+07	4.49088e+07	4.538e+07
P27550	ACSA_ECOLI	acs	Acetyl-coenzyme A synthetase	5	5		1.03629e+06	1.36946e+06	1.20073e+06	1.29008e+06	1.5013e+06
P27828	WECB_ECOLI	wecB	UDP-N-acetylglucosamine 2-epimerase	7	7	1.08009e+07	1.02912e+07	1.02188e+07	1.07225e+07	1.00347e+07	1.01662e+07
P27829	WECC_ECOLI	wecC	UDP-N-acetyl-D-mannosamine dehydrogenase	7	7	2.06346e+07	2.11353e+07	1.9565e+07	2.17195e+07	2.20041e+07	2.06947e+07
P27830	RMLB2_ECOLI	rffG	dTDP-glucose 4,6-dehydratase 2	4	4	1.43273e+07	1.68015e+07	1.47985e+07	1.72997e+07	1.35912e+07	1.4953e+07
P27832	WECD_ECOLI	wecD	dTDP-fucosamine acetyltransferase	1	1	1.22064e+06	1.22869e+06	1.16696e+06	1.38632e+06	1.28559e+06	1.10405e+06
P27833	RFFA_ECOLI	rffA	Lipopolysaccharide biosynthesis protein RffA	7	7	1.76637e+07	1.79614e+07	1.70973e+07	1.76766e+07	1.79452e+07	1.71891e+07
P27836	WECG_ECOLI	wecG	Probable UDP-N-acetyl-D-mannosaminuronic acid transferase	4	4	1.88823e+06	2.30668e+06	2.03208e+06	2.52702e+06	1.94541e+06	2.08104e+06
P27838	CYAY_ECOLI	cyaY	Protein CyaY	3	3	1.62123e+07	2.42818e+07	1.60725e+07	2.24638e+07	1.48212e+07	2.30128e+07
P27848	YIGL_ECOLI	yigL	Pyridoxal phosphate phosphatase YigL	5	5	2.1653e+07	1.87821e+07	2.14749e+07	1.90294e+07	2.05371e+07	1.96812e+07
P27859	TATD_ECOLI	tatD	Tat-linked quality control protein TatD	3	3	5.2674e+06	5.42812e+06	5.84492e+06	5.27644e+06	5.09051e+06	5.41716e+06
P28248	DCD_ECOLI	dcd	Deoxycytidine triphosphate deaminase	5	5	4.87246e+07	5.06347e+07	4.79118e+07	4.93188e+07	5.23188e+07	4.98382e+07
P28249	ASMA_ECOLI	asmA	Protein AsmA	10	10	2.77939e+07	2.82376e+07	2.59143e+07	2.50807e+07	2.5688e+07	2.57412e+07
P28304	QOR1_ECOLI	qorA	Quinone oxidoreductase 1	11	11	2.59344e+07	2.51095e+07	2.68307e+07	2.42772e+07	2.62548e+07	2.43303e+07
P28306	YCEG_ECOLI	yceG	UPF0755 protein YceG	4	4	2.11736e+06	2.57658e+06	2.40674e+06	2.4668e+06	2.66501e+06	2.40673e+06
P28629	ADIA_ECOLI	adiA	Biodegradative arginine decarboxylase	11	11	1.04329e+07	1.15224e+07	1.09191e+07	1.04239e+07	1.05231e+07	1.07226e+07
P28630	HOLA_ECOLI	holA	DNA polymerase III subunit delta	3	3	293280		312095	386640	404966	263837
P28631	HOLB_ECOLI	holB	DNA polymerase III subunit delta'	2	2	1.27602e+06	1.16429e+06		1.36842e+06	894803	1.25257e+06
P28634	TSAA_ECOLI	tsaA	Probable tRNA (adenine(37)-N6)-methyltransferase	1	1		510467		738533	435373	
P28635	METQ_ECOLI	metQ	D-methionine-binding lipoprotein MetQ	13	13	7.48858e+07	7.61816e+07	7.69528e+07	7.43322e+07	7.6677e+07	7.29491e+07
P28903	NRDD_ECOLI	nrdD	Anaerobic ribonucleoside-triphosphate reductase	18	18	2.65197e+07	2.57857e+07	2.67022e+07	2.61948e+07	2.70622e+07	2.54641e+07
P28904	TREC_ECOLI	treC	Trehalose-6-phosphate hydrolase	12	12	2.21494e+07	2.25187e+07	2.14865e+07	2.1238e+07	2.26387e+07	2.17393e+07
P28905	HOLC_ECOLI	holC	DNA polymerase III subunit chi	5	5	2.84739e+06	2.70385e+06	2.78617e+06	2.67207e+06	2.9458e+06	2.68017e+06
P29012	ALR2_ECOLI	dadX	Alanine racemase, catabolic	2	2	4.63281e+06	4.27148e+06	3.91034e+06	4.2488e+06	5.22815e+06	4.72946e+06
P29018	CYDD_ECOLI	cydD	ATP-binding/permease protein CydD	4	4	1.55233e+06	1.73049e+06	1.45614e+06	1.2578e+06	1.30038e+06	1.34085e+06
P29131	FTSN_ECOLI	ftsN	Cell division protein FtsN	5	5	4.67986e+06	4.92068e+06	4.6643e+06	4.64486e+06	4.67853e+06	4.26767e+06
P29208	MENC_ECOLI	menC	o-succinylbenzoate synthase	6	6	1.20011e+07	1.1616e+07	1.18677e+07	1.26352e+07	1.04393e+07	1.29168e+07
P29217	YCEH_ECOLI	yceH	UPF0502 protein YceH	5	5	1.56836e+07	1.6768e+07	1.59054e+07	1.66042e+07	1.55112e+07	1.63675e+07
P29680	DCUP_ECOLI	hemE	Uroporphyrinogen decarboxylase	5	5	2.39538e+07	2.313e+07	2.27327e+07	2.14506e+07	2.17001e+07	2.21686e+07
P29744	FLGL_ECOLI	flgL	Flagellar hook-associated protein 3	3	3	1.43817e+07	1.25886e+07	1.23138e+07	1.26023e+07	1.26146e+07	1.25651e+07
P29745	PEPT_ECOLI	pepT	Peptidase T	14	14	3.34369e+07	3.33542e+07	3.39308e+07	3.38192e+07	3.26903e+07	3.39264e+07
P30011	NADC_ECOLI	nadC	Nicotinate-nucleotide pyrophosphorylase [carboxylating]	12	12	2.88445e+07	3.03789e+07	2.86403e+07	2.81865e+07	2.88723e+07	2.93025e+07
P30014	RNT_ECOLI	rnt	Ribonuclease T	4	4	1.51776e+07	1.52777e+07	1.43921e+07	1.57342e+07	1.49224e+07	1.48938e+07
P30128	GREB_ECOLI	greB	Transcription elongation factor GreB	7	7	5.08631e+06	5.6124e+06	5.34462e+06	5.21959e+06	5.17015e+06	5.55776e+06
P30130	FIMD_ECOLI	fimD	Outer membrane usher protein FimD	12	12	4.4565e+06	4.04295e+06	4.09781e+06	4.0067e+06	4.4021e+06	4.03415e+06
P30177	YBIB_ECOLI	ybiB	Uncharacterized protein YbiB	8	8	3.61444e+07	3.84553e+07	3.84614e+07	3.7877e+07	3.778e+07	3.88775e+07
P30178	YBIC_ECOLI	ybiC	Uncharacterized oxidoreductase YbiC	3	3	3.80826e+06	4.84437e+06	5.30485e+06	5.09448e+06	4.64868e+06	3.64412e+06
P30744	SDHM_ECOLI	sdaB	L-serine dehydratase 2	7	7	3.32321e+07	3.61076e+07	3.50537e+07	3.701e+07	3.59226e+07	3.54516e+07
P30749	MOAE_ECOLI	moaE	Molybdopterin synthase catalytic subunit	5	5	9.54785e+06	1.13095e+07	1.11588e+07	9.98477e+06	1.00612e+07	1.01845e+07
P30750	METN_ECOLI	metN	Methionine import ATP-binding protein MetN	2	2	4.37951e+06	4.19066e+06	4.54401e+06	4.94865e+06	4.90387e+06	4.39104e+06
P30843	BASR_ECOLI	basR	Transcriptional regulatory protein BasR	3	3	5.73659e+06	5.79562e+06	5.74718e+06	5.74371e+06	5.8339e+06	5.32926e+06
P30847	BAES_ECOLI	baeS	Signal transduction histidine-protein kinase BaeS	1	1	527628		407947	568800	509556	523672
P30850	RNB_ECOLI	rnb	Exoribonuclease 2	26	26	4.33572e+07	4.72514e+07	4.38828e+07	4.54799e+07	4.39022e+07	4.47605e+07
P30855	EVGS_ECOLI	evgS	Sensor protein EvgS	3	3	1.81383e+06	1.06786e+06	1.50095e+06	1.4074e+06	1.68006e+06	1.20579e+06
P30859	ARTI_ECOLI	artI	Putative ABC transporter arginine-binding protein 2	7	7	1.62715e+07	1.5115e+07	1.68803e+07	1.49159e+07	1.5989e+07	1.55308e+07
P30864	YAFC_ECOLI	yafC	Uncharacterized HTH-type transcriptional regulator YafC	2	2		1.42127e+06		1.61942e+06	1.08126e+06	1.43479e+06
P30870	GLNE_ECOLI	glnE	Glutamate-ammonia-ligase adenylyltransferase	7	7	1.69246e+06	1.75192e+06	1.6912e+06	1.70532e+06	1.62865e+06	1.94081e+06
P30871	YGIF_ECOLI	ygiF	Uncharacterized protein YgiF	11	11	1.45931e+07	1.41724e+07	1.47053e+07	1.51986e+07	1.49898e+07	1.4641e+07
P30958	MFD_ECOLI	mfd	Transcription-repair-coupling factor	19	19	6.02919e+06	5.89271e+06	6.5734e+06	6.0051e+06	6.00868e+06	6.34807e+06
P31057	PANB_ECOLI	panB	3-methyl-2-oxobutanoate hydroxymethyltransferase	3	3	3.80206e+07	3.5747e+07	3.84876e+07	3.53528e+07	3.75271e+07	3.58935e+07
P31060	MODF_ECOLI	modF	Putative molybdenum transport ATP-binding protein ModF	3	3	1.65671e+06	1.84456e+06	1.84616e+06	2.16338e+06	1.70303e+06	1.78376e+06
P31063	YEDD_ECOLI	yedD	Uncharacterized lipoprotein YedD	3	3	5.16036e+07	6.38232e+07	6.32298e+07	6.61915e+07	6.14093e+07	6.10465e+07
P31068	FLIH_ECOLI	fliH	Flagellar assembly protein FliH	2	2	8.82776e+06	8.43857e+06	9.26625e+06	8.71284e+06	7.45408e+06	7.96133e+06
P31069	KCH_ECOLI	kch	Voltage-gated potassium channel Kch	6	6	6.83611e+06	6.52174e+06	6.23553e+06	6.64822e+06	6.54956e+06	6.69501e+06
P31119	AAS_ECOLI	aas	Bifunctional protein aas	10	10	5.18844e+06	3.604e+06	4.61415e+06	4.44432e+06	4.60675e+06	4.53146e+06
P31120	GLMM_ECOLI	glmM	Phosphoglucosamine mutase	17	17	4.33528e+07	4.58347e+07	4.50445e+07	4.53497e+07	4.60436e+07	4.61155e+07
P31133	POTF_ECOLI	potF	Putrescine-binding periplasmic protein	1	1	1.84587e+06	2.9705e+06		1.80921e+06		3.71332e+06
P31142	THTM_ECOLI	sseA	3-mercaptopyruvate sulfurtransferase	13	13	2.41844e+07	2.36803e+07	2.44118e+07	2.42453e+07	2.4242e+07	2.43017e+07
P31224	ACRB_ECOLI	acrB	Acriflavine resistance protein B	21	21	1.56144e+07	1.7435e+07	1.58648e+07	1.71323e+07	1.52424e+07	1.71411e+07
P31433	YICH_ECOLI	yicH	Uncharacterized protein YicH	6	6	4.0202e+06	4.17705e+06	4.02662e+06	4.16534e+06	4.29467e+06	3.83496e+06
P31441	ADEC_ECOLI	ade	Adenine deaminase	4	4		1.98058e+07	1.93525e+07	2.46069e+07	1.58613e+07	2.24908e+07
P31455	YIDR_ECOLI	yidR	Uncharacterized protein YidR	5	5	1.4942e+07	1.54602e+07	1.47874e+07	1.37175e+07	1.42496e+07	1.44264e+07
P31460	DGOR_ECOLI	dgoR	Galactonate operon transcriptional repressor	4	4	4.50695e+06	4.77141e+06	4.3077e+06	4.11464e+06	4.47809e+06	4.71452e+06
P31467	YIEH_ECOLI	yieH	6-phosphogluconate phosphatase	2	2	4.99131e+06	6.54036e+06	5.79578e+06	6.2411e+06	5.65358e+06	5.9765e+06
P31473	RAVA_ECOLI	ravA	ATPase RavA	5	5	5.0915e+06	5.24982e+06	4.89752e+06	5.75463e+06	5.23441e+06	5.94522e+06
P31475	YIEP_ECOLI	yieP	Uncharacterized HTH-type transcriptional regulator YieP	4	4	1.25119e+07	1.26734e+07	1.16938e+07	1.25792e+07	1.24812e+07	1.20005e+07
P31545	EFEB_ECOLI	efeB	Deferrochelatase/peroxidase EfeB	5	5	1.50983e+06	1.55527e+06	1.64842e+06	1.71666e+06	1.5031e+06	1.44791e+06
P31550	THIB_ECOLI	thiB	Thiamine-binding periplasmic protein	6	6	1.40878e+07	1.45803e+07	1.55724e+07	1.2273e+07	1.44828e+07	1.39752e+07
P31554	LPTD_ECOLI	lptD	LPS-assembly protein LptD	29	29	2.88423e+07	2.93991e+07	2.92354e+07	2.89113e+07	2.87042e+07	2.90308e+07
P31658	HCHA_ECOLI	hchA	Molecular chaperone Hsp31 and glyoxalase 3	5	5	6.06543e+07	6.13521e+07	6.1895e+07	5.93985e+07	5.85244e+07	6.18826e+07
P31663	PANC_ECOLI	panC	Pantothenate synthetase	13	13	1.95589e+07	1.89894e+07	1.82884e+07	1.82653e+07	2.00273e+07	1.7099e+07
P31677	OTSA_ECOLI	otsA	Alpha,alpha-trehalose-phosphate synthase [UDP-forming]	3	3	1.52088e+06	2.04195e+06	1.16344e+06	2.05772e+06	1.48658e+06	2.05694e+06
P31678	OTSB_ECOLI	otsB	Trehalose-6-phosphate phosphatase	1	1	1.36627e+06	1.83625e+06	1.34573e+06	1.45929e+06	1.2781e+06	1.44156e+06
P31680	DJLA_ECOLI	djlA	DnaJ-like protein DjlA	2	2	3.4291e+06	3.98702e+06	3.98917e+06	3.5776e+06	3.57157e+06	4.09736e+06
P31697	FIMC_ECOLI	fimC	Chaperone protein FimC	11	10	2.1493e+07	2.12317e+07	2.08204e+07	2.10382e+07	2.08824e+07	2.13317e+07
P31802	NARP_ECOLI	narP	Nitrate/nitrite response regulator protein NarP	5	5	1.1779e+07	1.324e+07	1.17723e+07	1.21615e+07	1.02467e+07	1.24234e+07
P31806	NNR_ECOLI	nnr	Bifunctional NAD(P)H-hydrate repair enzyme Nnr	3	3	657019	575448	622133	676768	591041	605457
P31808	YCIK_ECOLI	yciK	Uncharacterized oxidoreductase YciK	7	7	1.15388e+07	1.20915e+07	1.20466e+07	1.2471e+07	1.17443e+07	1.27087e+07
P31979	NUOF_ECOLI	nuoF	NADH-quinone oxidoreductase subunit F	18	18	1.07494e+08	1.09849e+08	1.10001e+08	1.09347e+08	1.07467e+08	1.07881e+08
P32099	LPLA_ECOLI	lplA	Lipoate-protein ligase A	2	2	8.07247e+06	7.19133e+06	7.71832e+06	7.8115e+06	7.96861e+06	6.31767e+06
P32131	HEMN_ECOLI	hemN	Oxygen-independent coproporphyrinogen-III oxidase	15	15	1.16963e+07	1.10179e+07	1.25359e+07	1.14333e+07	1.19199e+07	1.1171e+07
P32132	TYPA_ECOLI	typA	GTP-binding protein TypA/BipA	28	28	1.66053e+08	1.61138e+08	1.60966e+08	1.65201e+08	1.64342e+08	1.67978e+08
P32144	YIHW_ECOLI	yihW	Uncharacterized HTH-type transcriptional regulator YihW	4	4	1.13841e+06		1.42329e+06	1.14796e+06	1.67579e+06	1.25395e+06
P32157	YIIM_ECOLI	yiiM	Protein YiiM	5	5	1.61201e+07	1.44928e+07	1.60656e+07	1.47532e+07	1.52729e+07	1.45583e+07
P32160	YIIQ_ECOLI	yiiQ	Uncharacterized protein YiiQ	5	5	1.67583e+07	1.32115e+07	1.54028e+07	1.51099e+07	1.59005e+07	1.0666e+07
P32162	YIIS_ECOLI	yiiS	UPF0381 protein YiiS	2	2	787732		643552		690735	
P32173	MOBA_ECOLI	mobA	Molybdenum cofactor guanylyltransferase	2	2	3.27353e+06	2.89766e+06	3.71475e+06	3.56538e+06	3.47028e+06	3.27043e+06
P32176	FDOG_ECOLI	fdoG	Formate dehydrogenase-O major subunit	33	33	2.77363e+07	2.67798e+07	2.79303e+07	2.70453e+07	2.8249e+07	2.75503e+07
P32177	FDHD_ECOLI	fdhD	Protein FdhD	2	2	817446	708668	832167	522806	665168	567477
P32662	GPH_ECOLI	gph	Phosphoglycolate phosphatase	5	5	6.77925e+06	8.27894e+06	7.42076e+06	7.35723e+06	5.79332e+06	8.72759e+06
P32664	NUDC_ECOLI	nudC	NADH pyrophosphatase	7	7	3.30176e+06	2.73134e+06	3.34342e+06	3.07504e+06	3.20405e+06	3.31408e+06
P32680	YJAG_ECOLI	yjaG	Uncharacterized protein YjaG	7	7	2.20366e+07	2.21773e+07	2.31695e+07	2.25613e+07	2.50662e+07	2.25086e+07
P32681	YJAH_ECOLI	yjaH	Uncharacterized protein YjaH	2	2				1.07809e+07		1.00351e+07
P32684	RLUF_ECOLI	rluF	Ribosomal large subunit pseudouridine synthase F	3	3	3.96775e+06	4.2442e+06	4.3827e+06	4.20841e+06	3.88684e+06	4.47745e+06
P32685	YJBD_ECOLI	yjbD	Uncharacterized protein YjbD	2	2	2.59692e+06	3.11683e+06	3.77159e+06	2.90223e+06	3.61266e+06	3.57206e+06
P32695	DUSA_ECOLI	dusA	tRNA-dihydrouridine synthase A	6	6	1.40877e+07	1.42265e+07	1.48716e+07	1.37422e+07	1.44367e+07	1.3656e+07
P32703	YJCE_ECOLI	yjcE	Uncharacterized Na(+)/H(+) exchanger YjcE	3	3	5.97856e+06	5.1869e+06	6.41214e+06	5.85573e+06	5.2197e+06	5.58266e+06
P33018	SFGH2_ECOLI	yeiG	S-formylglutathione hydrolase YeiG	1	1		1.8357e+06		1.70677e+06		2.25125e+06
P33025	PSUG_ECOLI	psuG	Pseudouridine-5'-phosphate glycosidase	5	5	3.92391e+06	4.13648e+06	3.67349e+06	3.75655e+06	3.84814e+06	3.96721e+06
P33030	YEIR_ECOLI	yeiR	Uncharacterized protein YeiR	6	6	6.93269e+06	6.94542e+06	7.14082e+06	6.90157e+06	7.12042e+06	6.65206e+06
P33136	OPGG_ECOLI	mdoG	Glucans biosynthesis protein G	20	20	5.68257e+07	5.82777e+07	5.65132e+07	5.6043e+07	5.56299e+07	5.76256e+07
P33195	GCSP_ECOLI	gcvP	Glycine dehydrogenase [decarboxylating]	14	14	2.45412e+07	2.38487e+07	2.44487e+07	2.39891e+07	2.47497e+07	2.44107e+07
P33218	YEBE_ECOLI	yebE	Inner membrane protein YebE	3	3	5.71669e+06	5.49922e+06	6.095e+06	6.28998e+06	6.08451e+06	5.71541e+06
P33221	PURT_ECOLI	purT	Phosphoribosylglycinamide formyltransferase 2	3	3	1.04665e+06	1.3007e+06	1.38189e+06	1.19647e+06	1.33293e+06	1.06904e+06
P33224	AIDB_ECOLI	aidB	Putative acyl-CoA dehydrogenase AidB	3	3	4.52261e+06	3.64239e+06	4.33735e+06	2.55826e+06	4.17968e+06	2.59594e+06
P33232	LLDD_ECOLI	lldD	L-lactate dehydrogenase [cytochrome]	3	3	799600	899623	704096	1.11043e+06	813116	
P33234	ADIY_ECOLI	adiY	HTH-type transcriptional regulator AdiY	1	1	882566	1.01618e+06	863195	945887	628977	1.01932e+06
P33235	FLGK_ECOLI	flgK	Flagellar hook-associated protein 1	10	10	2.31948e+07	2.56823e+07	2.41687e+07	2.54388e+07	2.29603e+07	2.59196e+07
P33355	YEHS_ECOLI	yehS	Uncharacterized protein YehS	7	7	4.62875e+06	5.4869e+06	4.32261e+06	5.82504e+06	5.0811e+06	5.51604e+06
P33362	OSMF_ECOLI	osmF	Putative osmoprotectant uptake system substrate-binding protein OsmF	3	3	6.78131e+06	6.28799e+06	6.5472e+06	6.82972e+06	7.17814e+06	6.62378e+06
P33363	BGLX_ECOLI	bglX	Periplasmic beta-glucosidase	21	21	1.47179e+07	1.62624e+07	1.53572e+07	1.62089e+07	1.48861e+07	1.58179e+07
P33371	DUSC_ECOLI	dusC	tRNA-dihydrouridine synthase C	4	4	1.97321e+06	1.44465e+06	2.03484e+06	1.73924e+06	1.94667e+06	2.17129e+06
P33570	TKT2_ECOLI	tktB	Transketolase 2	11	11	1.18118e+07	1.21032e+07	1.16498e+07	1.19005e+07	1.1869e+07	1.19857e+07
P33590	NIKA_ECOLI	nikA	Nickel-binding periplasmic protein	19	19	1.76033e+07	1.76772e+07	1.78024e+07	1.77449e+07	1.71992e+07	1.74343e+07
P33599	NUOCD_ECOLI	nuoC	NADH-quinone oxidoreductase subunit C/D	35	35	8.22139e+07	8.41575e+07	8.2711e+07	8.28673e+07	8.08325e+07	8.30441e+07
P33602	NUOG_ECOLI	nuoG	NADH-quinone oxidoreductase subunit G	31	31	6.69144e+07	6.71825e+07	6.70121e+07	6.7945e+07	6.5243e+07	6.83188e+07
P33643	RLUD_ECOLI	rluD	Ribosomal large subunit pseudouridine synthase D	6	6	5.09783e+07	4.50677e+07	4.95107e+07	4.51447e+07	5.32547e+07	4.43912e+07
P33644	YFIH_ECOLI	yfiH	Laccase domain protein YfiH	1	1		964070	966956	1.01537e+06	958249	980109
P33650	FEOB_ECOLI	feoB	Ferrous iron transport protein B	6	6	7.41746e+06	8.10146e+06	7.20485e+06	7.76492e+06	7.37359e+06	8.08436e+06
P33667	SELU_ECOLI	selU	tRNA 2-selenouridine synthase	1	1	2.16592e+06	2.73494e+06	2.45313e+06	2.85868e+06	2.67412e+06	2.33781e+06
P33898	G3P3_ECOLI	gapC	Putative glyceraldehyde-3-phosphate dehydrogenase C	9	9	8.04526e+06	8.03445e+06	8.22184e+06	7.70955e+06	8.80812e+06	7.50475e+06
P33913	YEJA_ECOLI	yejA	Uncharacterized protein YejA	7	7	795628	847329	859657	876869	866099	823108
P33916	YEJF_ECOLI	yejF	Uncharacterized ABC transporter ATP-binding protein YejF	1	1		790175	635751	973927		902167
P33920	NDPA_ECOLI	yejK	Nucleoid-associated protein YejK	17	17	1.41317e+07	1.42041e+07	1.40027e+07	1.41414e+07	1.43921e+07	1.38176e+07
P33927	CCMF_ECOLI	ccmF	Cytochrome c-type biogenesis protein CcmF	2	2	696325	584997	725538			475830
P33934	NAPH_ECOLI	napH	Ferredoxin-type protein NapH	1	1	141207		189103	174980	171626	
P33937	NAPA_ECOLI	napA	Periplasmic nitrate reductase	22	22	1.17917e+08	1.20218e+08	1.20653e+08	1.2025e+08	1.11745e+08	1.15633e+08
P34209	YDCF_ECOLI	ydcF	Protein YdcF	2	2	6.19797e+06	5.6381e+06	6.45983e+06	5.92839e+06	6.09695e+06	5.8908e+06
P35340	AHPF_ECOLI	ahpF	Alkyl hydroperoxide reductase subunit F	21	21	6.62042e+07	6.73263e+07	6.67554e+07	6.65163e+07	6.61413e+07	6.53419e+07
P36548	AMIA_ECOLI	amiA	N-acetylmuramoyl-L-alanine amidase AmiA	3	3	2.40998e+06	2.61736e+06	2.44134e+06	2.77564e+06		2.3343e+06
P36566	SMTA_ECOLI	smtA	Protein SmtA	1	1	2.10899e+06	1.88777e+06	1.79789e+06	1.77913e+06	2.20306e+06	2.14928e+06
P36659	CBPA_ECOLI	cbpA	Curved DNA-binding protein	5	5	2.0054e+07	1.81708e+07	1.88905e+07	1.90731e+07	2.21427e+07	1.65751e+07
P36672	PTTBC_ECOLI	treB	PTS system trehalose-specific EIIBC component	3	3	8.48207e+06	8.14257e+06	8.46091e+06	7.83323e+06	8.58438e+06	8.82871e+06
P36680	ZAPD_ECOLI	zapD	Cell division protein ZapD	6	6	1.42895e+07	1.35712e+07	1.46039e+07	1.38516e+07	1.43889e+07	1.49503e+07
P36683	ACON2_ECOLI	acnB	Aconitate hydratase 2	29	29	4.87685e+07	5.11201e+07	4.86686e+07	4.99818e+07	4.77507e+07	5.01745e+07
P36767	RDGC_ECOLI	rdgC	Recombination-associated protein RdgC	7	7	2.00344e+07	2.11001e+07	1.99829e+07	2.02341e+07	2.06107e+07	2.12898e+07
P36771	LRHA_ECOLI	lrhA	Probable HTH-type transcriptional regulator LrhA	2	2	8.31134e+06	8.99956e+06	7.57444e+06	8.68932e+06	8.69207e+06	8.62269e+06
P36879	YADG_ECOLI	yadG	Uncharacterized ABC transporter ATP-binding protein YadG	7	7	6.30537e+06	6.67381e+06	5.76465e+06	6.1896e+06	6.39474e+06	6.49501e+06
P36928	YEGD_ECOLI	yegD	Uncharacterized chaperone protein YegD	9	9	3.08652e+06	3.43443e+06	3.45438e+06	3.21224e+06	3.26075e+06	3.14151e+06
P36929	RSMB_ECOLI	rsmB	Ribosomal RNA small subunit methyltransferase B	3	3	2.85041e+06	2.34842e+06	2.88808e+06	2.13903e+06	2.57713e+06	2.41078e+06
P36930	GATR_ECOLI	gatR	Galactitol utilization operon repressor	2	2	2.83083e+06	2.38631e+06	2.91224e+06	2.34588e+06	2.23938e+06	2.51299e+06
P36938	PGM_ECOLI	pgm	Phosphoglucomutase	20	20	6.078e+07	6.56013e+07	6.47852e+07	6.69851e+07	6.19561e+07	6.85784e+07
P36979	RLMN_ECOLI	rlmN	Dual-specificity RNA methyltransferase RlmN	10	10	9.59128e+06	1.05998e+07	9.76953e+06	1.1005e+07	9.47239e+06	1.01939e+07
P36999	RLMA_ECOLI	rlmA	23S rRNA (guanine(745)-N(1))-methyltransferase	3	3	5.60054e+06	5.95397e+06	5.88933e+06	3.63145e+06	6.2372e+06	5.42014e+06
P37005	LAST_ECOLI	lasT	Uncharacterized tRNA/rRNA methyltransferase LasT	5	5	4.3852e+06	5.00897e+06	4.73263e+06	4.62921e+06	4.4761e+06	4.67328e+06
P37024	HRPB_ECOLI	hrpB	ATP-dependent RNA helicase HrpB	1	1		1.90107e+06	1.40162e+06	2.67015e+06	1.58295e+06	2.17743e+06
P37025	LIGT_ECOLI	ligT	2'-5'-RNA ligase	1	1	477419	546574	501756	501455	580599	457773
P37028	BTUF_ECOLI	btuF	Vitamin B12-binding protein	3	3	1.65777e+06	2.25303e+06	2.17133e+06	2.39056e+06	2.13526e+06	1.8121e+06
P37051	PURU_ECOLI	purU	Formyltetrahydrofolate deformylase	9	9	2.23819e+07	2.47493e+07	2.34513e+07	2.47458e+07	2.20904e+07	2.53244e+07
P37095	PEPB_ECOLI	pepB	Peptidase B	18	18	4.75441e+07	4.94954e+07	4.76916e+07	4.87242e+07	4.76439e+07	4.85319e+07
P37128	NUDK_ECOLI	nudK	GDP-mannose pyrophosphatase NudK	2	2	4.36512e+06	4.47627e+06	4.11101e+06	3.55737e+06	3.87927e+06	3.6824e+06
P37177	PT1P_ECOLI	ptsP	Phosphoenolpyruvate-protein phosphotransferase PtsP	6	6	2.08845e+06	2.17318e+06	1.91288e+06	2.17889e+06	2.21977e+06	1.86999e+06
P37182	HYBD_ECOLI	hybD	Hydrogenase 2 maturation protease	8	8	1.88043e+07	1.86732e+07	1.84283e+07	1.87714e+07	1.77256e+07	1.78037e+07
P37194	SLP_ECOLI	slp	Outer membrane protein slp	6	6	2.69002e+08	2.46833e+08	2.59355e+08	2.67136e+08	2.61686e+08	2.64565e+08
P37325	YBCH_ECOLI	ybcH	Uncharacterized protein YbcH	2	2			672612		575409	
P37329	MODA_ECOLI	modA	Molybdate-binding periplasmic protein	13	13	4.13911e+07	4.19855e+07	4.08992e+07	4.19629e+07	4.06303e+07	4.05373e+07
P37330	MASZ_ECOLI	glcB	Malate synthase G	6	6	6.40556e+06	6.40859e+06	6.35949e+06	6.69983e+06	6.59058e+06	6.4666e+06
P37342	YJJI_ECOLI	yjjI	Uncharacterized protein YjjI	9	9	1.1424e+07	1.20347e+07	1.23209e+07	1.17948e+07	1.22169e+07	1.19809e+07
P37344	PSPF_ECOLI	pspF	Psp operon transcriptional activator	2	2		4.52402e+06		4.8471e+06		
P37349	DHAM_ECOLI	dhaM	PTS-dependent dihydroxyacetone kinase, phosphotransferase subunit DhaM	9	9	1.52213e+07	1.27835e+07	1.47024e+07	1.33954e+07	1.53077e+07	1.37759e+07
P37353	MENE_ECOLI	menE	2-succinylbenzoate--CoA ligase	5	5	4.03186e+06	4.11409e+06	4.32815e+06	5.05761e+06	4.51825e+06	5.03196e+06
P37440	UCPA_ECOLI	ucpA	Oxidoreductase UcpA	7	7	2.35567e+07	2.58108e+07	2.34464e+07	2.50076e+07	2.31496e+07	2.46543e+07
P37613	YHHK_ECOLI	yhhK	Uncharacterized protein YhhK	5	5	2.54993e+07	2.57714e+07	2.67981e+07	2.63494e+07	2.48865e+07	2.61382e+07
P37617	ATZN_ECOLI	zntA	Lead, cadmium, zinc and mercury-transporting ATPase	13	13	8.59959e+06	9.00628e+06	8.28281e+06	8.87617e+06	7.9568e+06	8.88519e+06
P37624	YHIH_ECOLI	yhiH	Uncharacterized ABC transporter ATP-binding protein YhiH	2	2	224473		123046	173671	123232	
P37626	YHII_ECOLI	yhiI	Uncharacterized protein YhiI	7	7	4.04526e+06	4.04897e+06	4.06422e+06	3.68878e+06	3.98339e+06	3.57421e+06
P37631	YHIN_ECOLI	yhiN	Uncharacterized protein YhiN	4	4	5.48844e+06	5.75764e+06	5.65432e+06	5.65796e+06	5.11988e+06	5.50308e+06
P37634	RLMJ_ECOLI	rlmJ	Ribosomal RNA large subunit methyltransferase J	13	13	3.02591e+07	3.07668e+07	3.07641e+07	3.14601e+07	3.06853e+07	3.10299e+07
P37636	MDTE_ECOLI	mdtE	Multidrug resistance protein MdtE	13	13	2.28584e+07	2.17681e+07	2.13915e+07	2.13943e+07	2.13193e+07	2.13319e+07
P37637	MDTF_ECOLI	mdtF	Multidrug resistance protein MdtF	6	6	1.75281e+06	1.85968e+06	1.58615e+06	1.8588e+06	1.38601e+06	1.71845e+06
P37646	YHJH_ECOLI	yhjH	Cyclic di-GMP phosphodiesterase YhjH	3	3				116869	109591	135566
P37647	KDGK_ECOLI	kdgK	2-dehydro-3-deoxygluconokinase	7	7	1.15316e+07	1.22043e+07	1.08348e+07	1.0926e+07	1.2191e+07	1.13862e+07
P37648	YHJJ_ECOLI	yhjJ	Protein YhjJ	13	13	2.24269e+07	2.20518e+07	2.16785e+07	2.15233e+07	2.27843e+07	2.15009e+07
P37650	BCSC_ECOLI	bcsC	Cellulose synthase operon protein C	17	17	3.94122e+06	3.93845e+06	3.74661e+06	3.81709e+06	3.72717e+06	3.73575e+06
P37651	GUN_ECOLI	bcsZ	Endoglucanase	5	5	7.833e+06	7.77115e+06	7.75474e+06	7.58574e+06	7.51741e+06	7.54321e+06
P37652	BCSB_ECOLI	bcsB	Cyclic di-GMP-binding protein	15	15	1.33269e+07	1.42913e+07	1.35044e+07	1.39895e+07	1.30481e+07	1.38696e+07
P37655	BCSQ_ECOLI	bcsQ	Putative cellulose biosynthesis protein BcsQ	6	6	1.01445e+07	9.72994e+06	1.1118e+07	1.03535e+07	1.1083e+07	9.97982e+06
P37657	BCSE_ECOLI	bcsE	Protein BcsE homolog	4	4	4.31574e+06	5.32378e+06	4.8317e+06	5.1682e+06	4.39286e+06	4.80684e+06
P37659	BCSG_ECOLI	bcsG	Protein BcsG homolog	3	3	1.42451e+06	1.45995e+06	1.17509e+06	1.31778e+06	1.06176e+06	1.36385e+06
P37665	YIAD_ECOLI	yiaD	Inner membrane lipoprotein YiaD	7	7	3.57349e+07	3.52126e+07	3.55074e+07	3.4924e+07	3.56792e+07	3.46385e+07
P37666	GHRB_ECOLI	ghrB	Glyoxylate/hydroxypyruvate reductase B	11	11	9.25391e+07	1.00052e+08	9.3808e+07	9.92813e+07	9.24958e+07	9.8856e+07
P37685	ALDB_ECOLI	aldB	Aldehyde dehydrogenase B	6	6	5.64277e+06	5.64161e+06	5.52502e+06	5.18464e+06	4.7433e+06	5.71702e+06
P37689	GPMI_ECOLI	gpmI	2,3-bisphosphoglycerate-independent phosphoglycerate mutase	22	22	2.16562e+08	2.33426e+08	2.16507e+08	2.3444e+08	2.02959e+08	2.21908e+08
P37690	ENVC_ECOLI	envC	Murein hydrolase activator EnvC	6	6	1.9569e+06	2.27108e+06	1.95012e+06	2.31704e+06	1.82681e+06	2.31345e+06
P37692	RFAF_ECOLI	rfaF	ADP-heptose--LPS heptosyltransferase 2	7	7	1.99936e+07	1.75639e+07	1.89275e+07	1.84508e+07	1.87559e+07	1.81828e+07
P37747	GLF_ECOLI	glf	UDP-galactopyranose mutase	2	2	6.51506e+06	5.91114e+06		6.01432e+06	6.33671e+06	6.03839e+06
P37765	RLUB_ECOLI	rluB	Ribosomal large subunit pseudouridine synthase B	12	12	2.94846e+07	2.81551e+07	2.87797e+07	2.76778e+07	2.85751e+07	2.71302e+07
P37773	MPL_ECOLI	mpl	UDP-N-acetylmuramate:L-alanyl-gamma-D-glutamyl-meso-diaminopimelate ligase	14	14	4.83903e+07	4.78852e+07	4.89189e+07	4.94717e+07	5.09702e+07	4.5055e+07
P37902	GLTI_ECOLI	gltI	Glutamate/aspartate periplasmic-binding protein	9	9	4.25238e+06	4.45208e+06	4.10922e+06	4.49542e+06	4.06064e+06	4.02426e+06
P37903	USPF_ECOLI	uspF	Universal stress protein F	5	5	5.39904e+07	5.1641e+07	5.23899e+07	5.39144e+07	5.3587e+07	5.291e+07
P37908	YFJD_ECOLI	yfjD	UPF0053 inner membrane protein YfjD	5	5	3.7096e+06	4.15028e+06	4.18051e+06	3.53986e+06	3.94003e+06	3.20744e+06
P38038	CYSJ_ECOLI	cysJ	Sulfite reductase [NADPH] flavoprotein alpha-component	16	16	2.72443e+07	2.69579e+07	2.76117e+07	2.83281e+07	2.68276e+07	2.89844e+07
P38051	MENF_ECOLI	menF	Menaquinone-specific isochorismate synthase	2	2	1.98818e+06					
P38134	ETK_ECOLI	etk	Tyrosine-protein kinase etk	25	25	2.2202e+07	2.23208e+07	2.22383e+07	2.26986e+07	2.13977e+07	2.2239e+07
P38489	NFNB_ECOLI	nfnB	Oxygen-insensitive NAD(P)H nitroreductase	13	13	7.6509e+07	7.85824e+07	7.43363e+07	7.90054e+07	7.5634e+07	7.71772e+07
P38506	XNI_ECOLI	ygdG	Protein Xni	2	2	1.72142e+06	2.72822e+06	1.88178e+06	2.96792e+06	1.99711e+06	2.59891e+06
P38521	YGGL_ECOLI	yggL	Uncharacterized protein YggL	2	2	5.02688e+06	3.3433e+06	3.71325e+06	3.93889e+06	4.5182e+06	3.58462e+06
P39099	DEGQ_ECOLI	degQ	Periplasmic pH-dependent serine endoprotease DegQ	15	15	3.25838e+07	3.31483e+07	3.39836e+07	3.33353e+07	3.30748e+07	3.33988e+07
P39160	UXUB_ECOLI	uxuB	D-mannonate oxidoreductase	3	3	3.79652e+06	3.70135e+06	3.40502e+06	3.59025e+06	3.90284e+06	3.20582e+06
P39172	ZNUA_ECOLI	znuA	High-affinity zinc uptake system protein ZnuA	4	4	6.78159e+06	7.79561e+06	6.35453e+06	8.21351e+06	6.2705e+06	6.5256e+06
P39173	YEAD_ECOLI	yeaD	Putative glucose-6-phosphate 1-epimerase	7	7	1.28967e+08	1.2006e+08	1.27653e+08	1.19238e+08	1.30441e+08	1.22767e+08
P39176	ERFK_ECOLI	erfK	Probable L,D-transpeptidase ErfK/SrfK	4	4	998176	2.03276e+06	2.1921e+06	1.74385e+06	1.39516e+06	2.14728e+06
P39177	USPG_ECOLI	uspG	Universal stress protein G	5	5	1.52317e+08	1.37213e+08	1.52966e+08	1.49356e+08	1.4905e+08	1.53204e+08
P39187	YTFJ_ECOLI	ytfJ	Uncharacterized protein YtfJ	1	1	5.60208e+06					
P39199	PRMB_ECOLI	prmB	50S ribosomal protein L3 glutamine methyltransferase	8	8	4.33126e+07	4.52171e+07	4.54738e+07	4.83174e+07	4.34693e+07	4.66533e+07
P39265	ALSB_ECOLI	alsB	D-allose-binding periplasmic protein	2	2	853102	1.09232e+06	1.057e+06	1.00491e+06	931798	980681
P39280	EPMB_ECOLI	epmB	L-lysine 2,3-aminomutase	4	4	6.00888e+06	6.72383e+06	5.58898e+06	5.73966e+06	5.01758e+06	5.95557e+06
P39285	YJEP_ECOLI	yjeP	Uncharacterized MscS family protein YjeP	1	1		520730	586392		411213	682892
P39286	RSGA_ECOLI	rsgA	Putative ribosome biogenesis GTPase RsgA	6	6	9.98872e+06	1.02573e+07	9.02728e+06	1.12926e+07	1.01684e+07	1.10322e+07
P39298	YJFP_ECOLI	yjfP	Esterase YjfP	1	1	3.18068e+06	3.31944e+06	3.17314e+06	3.86436e+06	3.25979e+06	2.98463e+06
P39300	ULAG_ECOLI	ulaG	Probable L-ascorbate-6-phosphate lactonase UlaG	1	1	1.7088e+06	984202	1.86953e+06	1.19971e+06	1.7786e+06	1.63485e+06
P39310	YTFB_ECOLI	ytfB	Uncharacterized protein YtfB	5	5	1.99799e+06	2.10136e+06	2.21397e+06	2.1317e+06	2.45182e+06	2.14429e+06
P39315	QOR2_ECOLI	qorB	Quinone oxidoreductase 2	4	4	1.41666e+07	1.42083e+07	1.45368e+07	1.48436e+07	1.46559e+07	1.51909e+07
P39321	TAMB_ECOLI	tamB	Translocation and assembly module TamB	17	17	3.22252e+06	3.26027e+06	3.4265e+06	3.31274e+06	3.39971e+06	3.57944e+06
P39325	YTFQ_ECOLI	ytfQ	ABC transporter periplasmic-binding protein YtfQ	2	2	4.56788e+06	4.71697e+06	4.30185e+06	4.89216e+06	4.70232e+06	4.05578e+06
P39337	YJGM_ECOLI	yjgM	Uncharacterized N-acetyltransferase YjgM	1	1	1.93836e+06	2.0637e+06	1.76362e+06	1.39279e+06	2.27084e+06	1.5737e+06
P39342	YJGR_ECOLI	yjgR	Uncharacterized protein YjgR	7	7	5.14851e+06	4.17312e+06	4.87806e+06	4.05819e+06	4.85005e+06	4.01379e+06
P39347	INTB_ECOLI	intB	Putative prophage P4 integrase	2	2	3.4061e+06	3.3379e+06	3.88678e+06	3.22723e+06	3.27645e+06	2.86687e+06
P39377	IADA_ECOLI	iadA	Isoaspartyl dipeptidase	10	10	1.82769e+07	1.74275e+07	1.82021e+07	1.75959e+07	1.80124e+07	1.68102e+07
P39384	YJIM_ECOLI	yjiM	Uncharacterized protein YjiM	2	2		3.67604e+06	4.27565e+06	4.0114e+06	3.00545e+06	3.83913e+06
P39391	YJIT_ECOLI	yjiT	Putative uncharacterized protein YjiT	5	5	1.14033e+06	981683	1.1697e+06	925038	1.15795e+06	1.05115e+06
P39393	YJIV_ECOLI	yjiV	Putative uncharacterized protein YjiV	10	10	2.61439e+06	2.33743e+06	2.54702e+06	2.33792e+06	2.37783e+06	2.32075e+06
P39396	YJIY_ECOLI	yjiY	Inner membrane protein YjiY	5	5	1.98273e+07	1.79616e+07	1.75521e+07	2.01688e+07	2.03346e+07	2.02069e+07
P39401	OPGB_ECOLI	mdoB	Phosphoglycerol transferase I	10	10	3.56366e+06	3.24761e+06	3.62347e+06	3.34886e+06	3.20004e+06	3.47368e+06
P39406	RSMC_ECOLI	rsmC	Ribosomal RNA small subunit methyltransferase C	7	7	4.11331e+07	4.24093e+07	4.2387e+07	4.25374e+07	4.12793e+07	4.41234e+07
P39407	YJJU_ECOLI	yjjU	Uncharacterized protein YjjU	4	4	1.45485e+06	1.39711e+06	1.48458e+06	1.49051e+06	1.33683e+06	1.48365e+06
P39408	YJJV_ECOLI	yjjV	Uncharacterized deoxyribonuclease YjjV	2	2	780829	796412	840330	820382	689954	713320
P39411	NCPP_ECOLI	yjjX	Non-canonical purine NTP phosphatase	2	2	1.2085e+07	1.1461e+07	1.1693e+07	1.23554e+07	1.25365e+07	1.11784e+07
P39451	ADHP_ECOLI	adhP	Alcohol dehydrogenase, propanol-preferring	4	4	9.02391e+06	9.37856e+06	8.6605e+06	9.35365e+06	8.12083e+06	8.70379e+06
P39829	GARD_ECOLI	garD	D-galactarate dehydratase	1	1	721372	625006	909242	666898	867920	
P39830	YBAL_ECOLI	ybaL	Inner membrane protein YbaL	2	2	2.41164e+06	2.94847e+06	2.54585e+06	2.65674e+06	2.91067e+06	2.84052e+06
P39831	YDFG_ECOLI	ydfG	NADP-dependent 3-hydroxy acid dehydrogenase YdfG	7	7	6.09645e+07	5.95428e+07	6.05545e+07	5.80967e+07	6.10451e+07	6.10139e+07
P39838	RCSD_ECOLI	rcsD	Sensor-like histidine kinase RcsD	5	5	1.81116e+06	2.07967e+06	2.34374e+06	2.03296e+06	2.15951e+06	2.28604e+06
P40120	OPGD_ECOLI	mdoD	Glucans biosynthesis protein D	14	14	1.60687e+07	1.49859e+07	1.54855e+07	1.46768e+07	1.59366e+07	1.48985e+07
P40191	PDXK_ECOLI	pdxK	Pyridoxine kinase	5	5	8.19154e+06	7.998e+06	8.53482e+06	7.79214e+06	7.85186e+06	8.4277e+06
P40710	NLPE_ECOLI	nlpE	Lipoprotein NlpE	2	2	1.02059e+07	8.50231e+06	1.0193e+07	8.47191e+06	1.0457e+07	9.61888e+06
P40719	QSEC_ECOLI	qseC	Sensor protein QseC	4	4	513794	592800	754895	607532	686445	709452
P40874	MTOX_ECOLI	solA	N-methyl-L-tryptophan oxidase	14	14	1.84543e+07	1.90474e+07	1.79612e+07	1.90027e+07	1.75136e+07	1.82374e+07
P41052	MLTB_ECOLI	mltB	Membrane-bound lytic murein transglycosylase B	3	3	3.23653e+06	3.34518e+06	3.69594e+06	3.78954e+06	3.31179e+06	3.72467e+06
P41159ups|LEP_HUMAN_UPS	Leptin	Leptin		2	2		1.07443e+07		1.06131e+07		1.0506e+07
P41407	AZOR_ECOLI	azoR	FMN-dependent NADH-azoreductase	7	7	1.34043e+07	1.38932e+07	1.41594e+07	1.46046e+07	1.42186e+07	1.29778e+07
P41409	RIHA_ECOLI	rihA	Pyrimidine-specific ribonucleoside hydrolase RihA	5	5	5.47015e+06	6.22882e+06	5.49251e+06	6.53588e+06	5.07656e+06	6.71834e+06
P42596	RLMG_ECOLI	rlmG	Ribosomal RNA large subunit methyltransferase G	7	7	1.02438e+07	9.16305e+06	9.40612e+06	9.34146e+06	9.88291e+06	9.26033e+06
P42599	YGJR_ECOLI	ygjR	Uncharacterized oxidoreductase YgjR	2	2		587580	578873	520061		568096
P42604	UXAA_ECOLI	uxaA	Altronate dehydratase	1	1	5.25702e+06	5.1494e+06	4.55979e+06	4.40611e+06	4.94397e+06	4.76484e+06
P42620	YQJG_ECOLI	yqjG	Glutathionyl-hydroquinone reductase YqjG	7	7	3.40956e+06	3.61695e+06	3.99713e+06	3.69788e+06	3.53252e+06	3.75646e+06
P42632	TDCE_ECOLI	tdcE	PFL-like enzyme TdcE	18	18	1.70402e+07	1.68248e+07	1.7299e+07	1.76997e+07	1.71002e+07	1.70736e+07
P42641	OBG_ECOLI	obgE	GTPase ObgE/CgtA	7	7	3.24437e+07	2.99365e+07	3.09871e+07	3.07301e+07	2.94085e+07	3.09751e+07
P43329	HRPA_ECOLI	hrpA	ATP-dependent RNA helicase HrpA	19	19	4.41163e+06	4.40202e+06	4.35949e+06	4.43631e+06	4.32017e+06	4.37563e+06
P43337	NUDL_ECOLI	nudL	Uncharacterized Nudix hydrolase NudL	2	2	432723	549160	446838	661458	484882	602655
P43533	FLGN_ECOLI	flgN	Flagella synthesis protein FlgN	3	3	5.04776e+06	4.86803e+06	5.17088e+06	5.68448e+06	4.62663e+06	5.87171e+06
P43671	PQIB_ECOLI	pqiB	Paraquat-inducible protein B	10	10	8.10291e+06	6.93443e+06	7.92855e+06	6.94854e+06	8.01534e+06	7.74149e+06
P43672	UUP_ECOLI	uup	ABC transporter ATP-binding protein uup	11	11	5.48766e+06	5.75617e+06	5.29067e+06	5.61929e+06	5.4504e+06	5.60049e+06
P43674	YCAL_ECOLI	ycaL	Uncharacterized metalloprotease YcaL	2	2	4.94369e+06	3.93684e+06	5.02211e+06	4.19217e+06	4.99188e+06	
P45395	KDSD_ECOLI	kdsD	Arabinose 5-phosphate isomerase KdsD	6	6	8.75653e+06	8.28626e+06	7.91535e+06	8.88332e+06	7.93448e+06	8.74783e+06
P45464	LPOA_ECOLI	lpoA	Penicillin-binding protein activator LpoA	16	16	2.85794e+07	2.88844e+07	2.95906e+07	2.92071e+07	2.98753e+07	2.88444e+07
P45469	YRAR_ECOLI	yraR	Uncharacterized protein YraR	2	2	4.24658e+06	3.63149e+06	3.52521e+06	4.49625e+06	3.45869e+06	3.64225e+06
P45470	YHBO_ECOLI	yhbO	Protein YhbO	2	2	3.35613e+06	3.49424e+06	2.83081e+06	3.45135e+06	3.53596e+06	3.64894e+06
P45475	YHBV_ECOLI	yhbV	Uncharacterized protein YhbV	4	4	4.05121e+06	4.54845e+06	4.06339e+06	5.30072e+06	4.50584e+06	4.63058e+06
P45523	FKBA_ECOLI	fkpA	FKBP-type peptidyl-prolyl cis-trans isomerase FkpA	17	17	2.64519e+08	2.49507e+08	2.69242e+08	2.55382e+08	2.54002e+08	2.56761e+08
P45527	YHBU_ECOLI	yhbU	Uncharacterized protease YhbU	2	2	5.42398e+06		3.83351e+06		5.76578e+06	
P45530	TUSB_ECOLI	tusB	Protein TusB	3	3	4.49648e+06	4.4891e+06	4.89094e+06	4.50321e+06	4.66011e+06	4.72248e+06
P45531	TUSC_ECOLI	tusC	Protein TusC	3	3	8.84533e+06	9.06835e+06	8.93724e+06	7.81992e+06	9.38406e+06	8.08591e+06
P45532	TUSD_ECOLI	tusD	Sulfurtransferase TusD	1	1	165298	277369	172123	222666	229601	241684
P45568	DXR_ECOLI	dxr	1-deoxy-D-xylulose 5-phosphate reductoisomerase	2	2	7.58387e+06	9.95519e+06	1.05664e+07	8.37061e+06	8.60769e+06	8.05632e+06
P45577	PROQ_ECOLI	proQ	ProP effector	11	11	1.16077e+08	1.19985e+08	1.15597e+08	1.17255e+08	1.15642e+08	1.16816e+08
P45578	LUXS_ECOLI	luxS	S-ribosylhomocysteine lyase	8	8	1.91047e+08	1.83346e+08	1.84034e+08	1.90263e+08	1.93071e+08	1.91974e+08
P45748	RIMN_ECOLI	rimN	tRNA threonylcarbamoyladenosine biosynthesis protein RimN	6	6	1.75396e+07	1.60435e+07	1.78534e+07	1.61341e+07	1.59802e+07	1.6122e+07
P45795	YRDB_ECOLI	yrdB	Uncharacterized protein YrdB	1	1	3.10209e+06	2.27272e+06	4.1557e+06	2.86676e+06	3.94763e+06	2.04667e+06
P45799	NUDE_ECOLI	nudE	ADP compounds hydrolase NudE	6	6	6.24012e+06	6.0179e+06	6.02858e+06	6.02528e+06	6.5565e+06	5.74263e+06
P45807	YBAM_ECOLI	ybaM	Uncharacterized protein YbaM	1	1	1.62221e+06	1.50091e+06	1.75112e+06	1.69866e+06	1.31459e+06	1.60544e+06
P45955	YBGF_ECOLI	ybgF	Uncharacterized protein YbgF	9	9	1.37721e+07	1.13514e+07	1.33117e+07	1.17753e+07	1.41364e+07	1.25244e+07
P46122	YAJI_ECOLI	yajI	Uncharacterized lipoprotein YajI	1	1	5.54953e+06	6.14112e+06	6.31718e+06	5.08796e+06	6.84284e+06	4.25981e+06
P46130	YBHC_ECOLI	ybhC	Putative acyl-CoA thioester hydrolase YbhC	7	7	4.0442e+07	4.25968e+07	4.09407e+07	4.02481e+07	3.96626e+07	4.07181e+07
P46142	YGGM_ECOLI	yggM	Uncharacterized protein YggM	1	1	8.53484e+07	7.98522e+07	8.37641e+07	8.78092e+07	7.75509e+07	8.74835e+07
P46474	YHDP_ECOLI	yhdP	Uncharacterized protein YhdP	4	4	9.83826e+06	1.44413e+07	1.38762e+07	1.60473e+07	1.29673e+07	1.10466e+07
P46837	YHGF_ECOLI	yhgF	Protein YhgF	31	31	4.1151e+07	4.06287e+07	4.18027e+07	4.07951e+07	4.1523e+07	4.09883e+07
P46852	YHHW_ECOLI	yhhW	Quercetin 2,3-dioxygenase	3	3	5.71462e+06	6.19469e+06	5.39365e+06	5.29986e+06	6.39298e+06	6.27323e+06
P46853	YHHX_ECOLI	yhhX	Uncharacterized oxidoreductase YhhX	12	12	3.45069e+07	3.51936e+07	3.5309e+07	3.34268e+07	3.37903e+07	3.56159e+07
P46854	YHHY_ECOLI	yhhY	Uncharacterized N-acetyltransferase YhhY	2	2	3.21726e+06	2.88139e+06	3.55634e+06	4.0988e+06	3.58403e+06	4.52509e+06
P46889	FTSK_ECOLI	ftsK	DNA translocase FtsK	10	10	1.61438e+07	1.3359e+07	1.57414e+07	1.62338e+07	1.5265e+07	1.55662e+07
P50456	MLC_ECOLI	mlc	Protein mlc	4	4	4.70577e+06	4.28412e+06	4.59225e+06	4.18987e+06	4.5004e+06	4.20376e+06
P51024	YAIL_ECOLI	yaiL	Uncharacterized protein YaiL	2	2	1.9401e+06	1.85416e+06		2.42661e+06	2.08803e+06	2.95594e+06
P51025	SFGH1_ECOLI	frmB	S-formylglutathione hydrolase FrmB	1	1	1.45597e+07	1.12618e+07	1.33814e+07	1.22614e+07	1.20411e+07	1.18207e+07
P52006	NUDI_ECOLI	nudI	Nucleoside triphosphatase NudI	3	3	2.64778e+06	3.98767e+06	2.82214e+06	3.73652e+06	2.26542e+06	3.34413e+06
P52007	YECM_ECOLI	yecM	Protein YecM	8	8	6.90989e+06	7.00124e+06	6.69598e+06	6.49164e+06	6.73719e+06	6.49498e+06
P52060	YGGU_ECOLI	yggU	UPF0235 protein YggU	2	2	2.93622e+06	2.62918e+06	2.76996e+06	2.33382e+06	3.13147e+06	2.77532e+06
P52061	RDGB_ECOLI	rdgB	dITP/XTP pyrophosphatase	4	4	2.63254e+07	2.34445e+07	2.59914e+07	2.51959e+07	2.3929e+07	2.56559e+07
P52076	QSEB_ECOLI	qseB	Transcriptional regulatory protein QseB	5	5	2.58488e+06	2.16872e+06	1.82814e+06	1.86273e+06	2.08959e+06	2.18862e+06
P52108	RSTA_ECOLI	rstA	Transcriptional regulatory protein RstA	7	7	1.5715e+07	1.56982e+07	1.68111e+07	1.66929e+07	1.6038e+07	1.60011e+07
P52119	RATB_ECOLI	ratB	UPF0125 protein RatB	4	4	1.84992e+07	2.08438e+07	1.92497e+07	1.89213e+07	2.01199e+07	2.0514e+07
P52612	FLII_ECOLI	fliI	Flagellum-specific ATP synthase	4	4	615835	744201	491059	805832	500979	830424
P52613	FLIJ_ECOLI	fliJ	Flagellar FliJ protein	1	1	564038		835564			
P52614	FLIK_ECOLI	fliK	Flagellar hook-length control protein	2	2	2.30466e+06	1.57338e+06	1.19542e+06	1.38441e+06	2.649e+06	1.06429e+06
P52627	FLIZ_ECOLI	fliZ	Regulator of sigma S factor FliZ	1	1	624777	742553	599029		725466	982712
P52643	LDHD_ECOLI	ldhA	D-lactate dehydrogenase	13	13	3.47017e+07	3.41321e+07	3.37679e+07	3.42114e+07	3.33782e+07	3.40636e+07
P52644	HSLJ_ECOLI	hslJ	Heat shock protein HslJ	2	2	2.10993e+06	2.25142e+06	2.19772e+06	2.15723e+06	1.87542e+06	2.117e+06
P52647	NIFJ_ECOLI	ydbK	Probable pyruvate-flavodoxin oxidoreductase	13	13	6.36867e+06	7.4575e+06	6.76811e+06	6.67463e+06	6.72656e+06	7.23348e+06
P52697	6PGL_ECOLI	pgl	6-phosphogluconolactonase	8	8	1.16558e+08	1.20336e+08	1.19822e+08	1.16914e+08	1.18991e+08	1.16303e+08
P55135	RLMD_ECOLI	rlmD	23S rRNA (uracil(1939)-C(5))-methyltransferase RlmD	3	3	7.28663e+06	9.42211e+06		9.8536e+06	9.00765e+06	9.45623e+06
P55957ups|BID_HUMAN_UPS	BH3-interacting	BH3-interacting		4	4		9.16812e+06		8.99583e+06		9.25013e+06
P56258	WECF_ECOLI	wecF	4-alpha-L-fucosyltransferase	2	2	2.12404e+06			2.11153e+06		2.00473e+06
P56262	DLHH_ECOLI	ysgA	Putative carboxymethylenebutenolidase	4	4	6.85695e+06	8.23362e+06	8.4311e+06	7.43329e+06	6.27532e+06	8.44824e+06
P60061	ADIC_ECOLI	adiC	Arginine/agmatine antiporter	2	2	3.7862e+06	3.10046e+06	3.58135e+06	3.20142e+06	3.39348e+06	2.76124e+06
P60240	RAPA_ECOLI	rapA	RNA polymerase-associated protein RapA	22	22	1.95273e+07	2.01811e+07	2.04386e+07	1.99557e+07	1.94031e+07	2.04664e+07
P60293	MUKF_ECOLI	mukF	Chromosome partition protein MukF	18	18	8.90739e+06	8.48343e+06	8.23068e+06	9.25053e+06	8.376e+06	8.79156e+06
P60340	TRUB_ECOLI	truB	tRNA pseudouridine synthase B	8	8	3.32371e+07	3.46667e+07	3.4745e+07	3.46604e+07	3.47886e+07	3.53895e+07
P60390	RSMH_ECOLI	rsmH	Ribosomal RNA small subunit methyltransferase H	9	9	2.62263e+07	2.57478e+07	2.63168e+07	2.66897e+07	2.56434e+07	2.61493e+07
P60422	RL2_ECOLI	rplB	50S ribosomal protein L2	15	15	7.25581e+08	7.26558e+08	7.09768e+08	7.30457e+08	7.20102e+08	7.32912e+08
P60438	RL3_ECOLI	rplC	50S ribosomal protein L3	12	12	1.25061e+09	1.25357e+09	1.2878e+09	1.30673e+09	1.17127e+09	1.27241e+09
P60472	UPPS_ECOLI	ispU	Ditrans,polycis-undecaprenyl-diphosphate synthase ((2E,6E)-farnesyl-diphosphate specific)	3	3	6.00571e+06	6.13497e+06	5.69688e+06	5.64156e+06	5.58148e+06	5.7373e+06
P60546	KGUA_ECOLI	gmk	Guanylate kinase	6	6	5.33431e+07	5.39654e+07	5.49365e+07	5.10484e+07	5.46259e+07	5.10107e+07
P60560	GUAC_ECOLI	guaC	GMP reductase	6	6	1.01265e+07	1.16019e+07	1.03144e+07	1.1389e+07	1.19509e+07	1.11717e+07
P60595	HIS5_ECOLI	hisH	Imidazole glycerol phosphate synthase subunit HisH	2	2	6.7482e+06	6.43168e+06	6.11739e+06	6.3134e+06	6.17837e+06	6.68393e+06
P60624	RL24_ECOLI	rplX	50S ribosomal protein L24	7	7	8.98138e+08	9.91486e+08	9.06809e+08	9.89873e+08	9.14265e+08	1.01022e+09
P60651	SPEB_ECOLI	speB	Agmatinase	6	6	1.10358e+08	1.00969e+08	1.09345e+08	1.05337e+08	1.06657e+08	1.06758e+08
P60664	HIS6_ECOLI	hisF	Imidazole glycerol phosphate synthase subunit HisF	10	10	3.31823e+07	3.60294e+07	3.48142e+07	3.44645e+07	3.44455e+07	3.18553e+07
P60716	LIPA_ECOLI	lipA	Lipoyl synthase	11	11	8.0153e+07	7.76532e+07	8.12709e+07	7.73989e+07	7.90558e+07	7.713e+07
P60720	LIPB_ECOLI	lipB	Octanoyltransferase	2	2	1.58377e+06	1.39145e+06	1.60755e+06	1.57755e+06	1.3782e+06	1.16343e+06
P60723	RL4_ECOLI	rplD	50S ribosomal protein L4	15	15	1.03346e+09	1.01103e+09	1.00166e+09	1.07752e+09	1.02102e+09	1.04695e+09
P60752	MSBA_ECOLI	msbA	Lipid A export ATP-binding/permease protein MsbA	9	9	1.34062e+07	1.34533e+07	1.32573e+07	1.31973e+07	1.35928e+07	1.34954e+07
P60757	HIS1_ECOLI	hisG	ATP phosphoribosyltransferase	4	4	1.14402e+07	1.1319e+07	1.10563e+07	1.13618e+07	1.15062e+07	1.14606e+07
P60785	LEPA_ECOLI	lepA	Elongation factor 4	17	17	3.05867e+07	3.22544e+07	3.19186e+07	3.21851e+07	2.99242e+07	3.18278e+07
P60906	SYH_ECOLI	hisS	Histidine--tRNA ligase	21	21	9.37719e+07	9.93075e+07	9.31295e+07	9.77964e+07	9.46839e+07	9.66677e+07
P60955	LGT_ECOLI	lgt	Prolipoprotein diacylglyceryl transferase	3	3		3.25137e+06		3.41134e+06	1.81205e+06	1.41982e+06
P61175	RL22_ECOLI	rplV	50S ribosomal protein L22	12	12	9.95832e+08	8.97721e+08	9.4626e+08	9.17287e+08	9.76622e+08	9.34251e+08
P61316	LOLA_ECOLI	lolA	Outer-membrane lipoprotein carrier protein	11	11	4.452e+07	4.12684e+07	4.23578e+07	4.36869e+07	4.48658e+07	4.35572e+07
P61320	LOLB_ECOLI	lolB	Outer-membrane lipoprotein LolB	11	11	1.65905e+07	1.6515e+07	1.71915e+07	1.81102e+07	1.67454e+07	1.66234e+07
P61517	CAN_ECOLI	can	Carbonic anhydrase 2	9	9	6.8426e+07	6.9657e+07	7.03696e+07	6.67247e+07	6.90129e+07	6.64463e+07
P61626ups|LYSC_HUMAN_UPS	Lysozyme	Lysozyme		1	1		1.67697e+07		1.57321e+07		1.50313e+07
P61714	RISB_ECOLI	ribE	6,7-dimethyl-8-ribityllumazine synthase	10	10	2.35437e+08	2.22426e+08	2.38156e+08	2.23915e+08	2.35768e+08	2.26045e+08
P61887	RMLA2_ECOLI	rmlA2	Glucose-1-phosphate thymidylyltransferase 2	4	3	4.21486e+06	4.15856e+06	3.94936e+06	4.30588e+06	4.23471e+06	3.91933e+06
P61889	MDH_ECOLI	mdh	Malate dehydrogenase	15	15	1.02734e+08	9.53076e+07	9.76473e+07	9.61453e+07	9.59016e+07	9.56295e+07
P61949	FLAV_ECOLI	fldA	Flavodoxin-1	6	6	1.61713e+08	1.57035e+08	1.63624e+08	1.56449e+08	1.67844e+08	1.55371e+08
P62399	RL5_ECOLI	rplE	50S ribosomal protein L5	19	19	1.39095e+09	1.43511e+09	1.38127e+09	1.42318e+09	1.43585e+09	1.40849e+09
P62517	OPGH_ECOLI	mdoH	Glucans biosynthesis glucosyltransferase H	2	2	1.51545e+06				1.94399e+06	
P62556	SOPA_ECOLI	sopA	Protein SopA	7	7	1.1401e+08	1.08062e+08	1.13772e+08	1.08968e+08	1.08086e+08	1.10876e+08
P62558	SOPB_ECOLI	sopB	Protein SopB	10	10	2.46725e+07	2.47871e+07	2.47318e+07	2.44683e+07	2.60523e+07	2.47678e+07
P62601	TREF_ECOLI	treF	Cytoplasmic trehalase	1	1	214365					
P62615	ISPE_ECOLI	ispE	4-diphosphocytidyl-2-C-methyl-D-erythritol kinase	3	3	7.10473e+06	6.89295e+06	7.32353e+06	7.52225e+06	6.61232e+06	6.72323e+06
P62617	ISPF_ECOLI	ispF	2-C-methyl-D-erythritol 2,4-cyclodiphosphate synthase	2	2	8.76499e+06	1.08156e+07	8.64904e+06	1.09541e+07	9.46728e+06	1.02811e+07
P62620	ISPG_ECOLI	ispG	4-hydroxy-3-methylbut-2-en-1-yl diphosphate synthase	20	20	3.01836e+07	2.99699e+07	3.06121e+07	3.09101e+07	3.10799e+07	3.06723e+07
P62623	ISPH_ECOLI	ispH	4-hydroxy-3-methylbut-2-enyl diphosphate reductase	9	9	8.15012e+06	9.1612e+06	8.26383e+06	8.82112e+06	8.63036e+06	8.92176e+06
P62672	APAG_ECOLI	apaG	Protein ApaG	2	2	5.49134e+06	6.32153e+06	6.27944e+06	6.35534e+06	5.31802e+06	6.23274e+06
P62707	GPMA_ECOLI	gpmA	2,3-bisphosphoglycerate-dependent phosphoglycerate mutase	19	19	2.05042e+08	2.09471e+08	2.08976e+08	2.08315e+08	2.04344e+08	2.0636e+08
P62768	YAEH_ECOLI	yaeH	UPF0325 protein YaeH	12	12	2.82382e+07	2.86945e+07	2.7669e+07	2.83279e+07	2.79962e+07	2.74463e+07
P62937ups|PPIA_HUMAN_UPS	Peptidyl-prolyl	Peptidyl-prolyl		3	3		1.67001e+07		1.75583e+07		1.5881e+07
P62988ups|UBIQ_HUMAN_UPS	Ubiquitin	Ubiquitin		2	2	513070	1.33131e+06		1.47356e+06	370023	1.34816e+06
P63020	NFUA_ECOLI	nfuA	Fe/S biogenesis protein NfuA	6	6	7.41946e+07	7.1262e+07	7.03437e+07	6.87768e+07	6.91612e+07	6.76449e+07
P63165ups|SUMO1_HUMAN_UPS	Small	Small		3	3		1.52083e+07		1.47975e+07		1.26865e+07
P63177	RLMB_ECOLI	rlmB	23S rRNA (guanosine-2'-O-)-methyltransferase RlmB	7	7	2.05365e+07	2.10846e+07	1.99849e+07	2.18418e+07	2.03806e+07	2.12274e+07
P63183	KUP_ECOLI	kup	Low affinity potassium transport system protein kup	2	2	416870	425090		485648		416626
P63224	GMHA_ECOLI	gmhA	Phosphoheptose isomerase	10	10	1.97535e+08	1.93522e+08	1.98833e+08	1.90136e+08	1.94915e+08	1.97007e+08
P63228	GMHB_ECOLI	gmhB	D,D-heptose 1,7-bisphosphate phosphatase	3	3	1.36515e+07	1.43186e+07	1.2642e+07	1.39857e+07	1.42976e+07	1.40675e+07
P63235	GADC_ECOLI	gadC	Probable glutamate/gamma-aminobutyrate antiporter	3	3	2.63067e+07	2.67196e+07	2.66414e+07	2.6826e+07	2.6802e+07	2.65438e+07
P63284	CLPB_ECOLI	clpB	Chaperone protein ClpB	53	53	6.71683e+07	7.00449e+07	6.73925e+07	6.97119e+07	6.64819e+07	6.88039e+07
P63386	MLAF_ECOLI	mlaF	Probable phospholipid import ATP-binding protein MlaF	3	3	3.48145e+06	3.60951e+06	3.24545e+06	3.74027e+06	3.02163e+06	3.55051e+06
P63389	YHES_ECOLI	yheS	Uncharacterized ABC transporter ATP-binding protein YheS	15	15	6.1336e+06	6.99423e+06	6.37011e+06	7.60032e+06	6.11324e+06	6.79048e+06
P63417	YHBS_ECOLI	yhbS	Uncharacterized N-acetyltransferase YhbS	6	6	4.21648e+07	4.06479e+07	4.36131e+07	4.10241e+07	4.23237e+07	3.98572e+07
P63883	AMIC_ECOLI	amiC	N-acetylmuramoyl-L-alanine amidase AmiC	8	8	4.75755e+06	5.18539e+06	4.78136e+06	4.76842e+06	4.79955e+06	4.76296e+06
P64423	ZNTB_ECOLI	zntB	Zinc transport protein ZntB	1	1	2.21163e+06	1.84094e+06	2.02216e+06	1.71624e+06	1.89839e+06	1.37669e+06
P64429	YPFJ_ECOLI	ypfJ	Uncharacterized protein YpfJ	3	3	6.77534e+06	7.43759e+06	6.70653e+06	6.60908e+06	7.07063e+06	7.11272e+06
P64451	YDCL_ECOLI	ydcL	Uncharacterized lipoprotein YdcL	2	2	1.57737e+07	1.57993e+07	1.62587e+07	1.68589e+07	1.68029e+07	1.57243e+07
P64455	YDCY_ECOLI	ydcY	Uncharacterized protein YdcY	1	1	5.04071e+07	4.96279e+07	4.98197e+07	5.1134e+07	4.96191e+07	5.22375e+07
P64463	YDFZ_ECOLI	ydfZ	Putative selenoprotein YdfZ	3	3	1.89834e+08	2.08041e+08	1.94158e+08	2.04395e+08	1.91736e+08	2.00755e+08
P64467	CNU_ECOLI	cnu	OriC-binding nucleoid-associated protein	4	4	3.15376e+07	3.32714e+07	3.17209e+07	3.09731e+07	3.04213e+07	3.09993e+07
P64476	YDIH_ECOLI	ydiH	Uncharacterized protein YdiH	2	2	6.27789e+06	6.53258e+06	6.32706e+06	6.97854e+06	6.71797e+06	6.66173e+06
P64483	YEAK_ECOLI	yeaK	Uncharacterized protein YeaK	3	3	8.43729e+06	1.04778e+07	9.1391e+06	1.06235e+07	9.08774e+06	1.01708e+07
P64493	YOAF_ECOLI	yoaF	Uncharacterized protein YoaF	1	1	640690	772586	648345	983929	543076	594054
P64499	YEBO_ECOLI	yebO	Uncharacterized protein YebO	3	3	1.97636e+07	1.79466e+07	1.97415e+07	1.72396e+07	1.7683e+07	1.82279e+07
P64506	YEBY_ECOLI	yebY	Uncharacterized protein YebY	1	1	2.89212e+06	3.02714e+06	2.71264e+06	2.37174e+06	2.77646e+06	2.73517e+06
P64519	YODD_ECOLI	yodD	Uncharacterized protein YodD	2	2	1.34307e+06	1.9721e+06	615445	2.2251e+06		1.8389e+06
P64530	RCNR_ECOLI	rcnR	Transcriptional repressor RcnR	2	2	1.79712e+06	1.85923e+06		1.57478e+06	1.591e+06	2.1991e+06
P64534	RCNB_ECOLI	rcnB	Nickel/cobalt homeostasis protein RcnB	3	3	2.78899e+07	2.62727e+07	2.69968e+07	2.77333e+07	2.80073e+07	2.65032e+07
P64540	YFCL_ECOLI	yfcL	Uncharacterized protein YfcL	3	3	2.8997e+07	3.66181e+07	3.4191e+07	3.53196e+07	4.00791e+07	3.72611e+07
P64545	YFGG_ECOLI	yfgG	Uncharacterized protein YfgG	1	1	3.04419e+06	3.78423e+06	2.44085e+06	2.89938e+06	3.3919e+06	2.45702e+06
P64548	YFIR_ECOLI	yfiR	Uncharacterized protein YfiR	1	1	547321	724796	594067	587738	522598	629492
P64554	QUEE_ECOLI	queE	7-carboxy-7-deazaguanine synthase	7	7	3.20052e+07	3.43147e+07	3.4201e+07	3.35988e+07	3.53552e+07	3.33056e+07
P64559	CPTB_ECOLI	cptB	Antitoxin CptB	2	2	3.10315e+06	2.69089e+06	2.72111e+06	2.78316e+06	2.41534e+06	3.18988e+06
P64564	YGGT_ECOLI	yggT	Uncharacterized protein YggT	2	2	5.00118e+06	6.40291e+06	6.39171e+06	6.34134e+06	5.58356e+06	5.599e+06
P64581	YQJD_ECOLI	yqjD	Uncharacterized protein YqjD	4	4	2.34318e+08	2.32094e+08	2.41198e+08	2.50307e+08	2.26616e+08	2.46324e+08
P64585	YQJE_ECOLI	yqjE	Inner membrane protein YqjE	1	1	1.89523e+06	2.19143e+06	1.99727e+06	2.31905e+06	1.84537e+06	1.99458e+06
P64588	YQJI_ECOLI	yqjI	Transcriptional regulator YqjI	5	5	4.20049e+06	4.82997e+06	3.92862e+06	4.7563e+06	4.58396e+06	4.69701e+06
P64596	YRAP_ECOLI	yraP	Uncharacterized protein YraP	9	9	5.23015e+07	5.10675e+07	4.93729e+07	5.10561e+07	5.28049e+07	5.16324e+07
P64599	YHBT_ECOLI	yhbT	Uncharacterized protein YhbT	8	8	2.28533e+07	2.46071e+07	2.34612e+07	2.43389e+07	2.27812e+07	2.4405e+07
P64602	MLAB_ECOLI	mlaB	Probable phospholipid ABC transporter-binding protein MlaB	1	1	5.96699e+06	6.30359e+06	6.43518e+06	5.75492e+06	5.49994e+06	5.9038e+06
P64604	MLAD_ECOLI	mlaD	Probable phospholipid ABC transporter-binding protein MlaD	6	6	5.78354e+07	5.72297e+07	5.83939e+07	5.51582e+07	5.56608e+07	5.72976e+07
P64612	YHCM_ECOLI	yhcM	Uncharacterized protein YhcM	4	4	5.92697e+06	6.59447e+06	5.8649e+06	6.93543e+06	6.53218e+06	6.33693e+06
P64624	YHEO_ECOLI	yheO	Uncharacterized protein YheO	4	4	1.11473e+07	1.10485e+07	1.03211e+07	1.0986e+07	1.08615e+07	1.10596e+07
P64636	YRFG_ECOLI	yrfG	GMP/IMP nucleotidase YrfG	3	3	1.00812e+07	1.03818e+07	1.10539e+07	1.02334e+07	9.38341e+06	1.04786e+07
P65367	YQCA_ECOLI	yqcA	Uncharacterized protein YqcA	2	2	7.13825e+06	8.51281e+06	6.98741e+06	7.85701e+06	7.55648e+06	8.08869e+06
P65556	YFCD_ECOLI	yfcD	Uncharacterized Nudix hydrolase YfcD	6	6	7.13708e+06	7.4894e+06	7.23561e+06	7.35179e+06	6.84737e+06	7.10623e+06
P65870	QUED_ECOLI	queD	6-carboxy-5,6,7,8-tetrahydropterin synthase	4	4	8.83057e+06	9.19585e+06	8.60503e+06	9.40129e+06	8.10852e+06	9.64217e+06
P66817	DIAA_ECOLI	diaA	DnaA initiator-associating protein DiaA	3	3	1.40221e+07	1.38531e+07	1.33006e+07	1.41782e+07	1.42429e+07	1.43121e+07
P66948	YFGC_ECOLI	yfgC	TPR repeat-containing protein YfgC	7	7	1.05698e+07	1.18619e+07	1.06687e+07	1.03642e+07	1.05884e+07	1.12421e+07
P67080	YGGS_ECOLI	yggS	UPF0001 protein YggS	8	8	1.07384e+07	1.04979e+07	1.04644e+07	1.03928e+07	9.51793e+06	1.03978e+07
P67087	RSMI_ECOLI	rsmI	Ribosomal RNA small subunit methyltransferase I	7	7	3.29172e+07	3.02322e+07	3.30334e+07	3.30301e+07	3.33785e+07	3.24275e+07
P67095	YFCE_ECOLI	yfcE	Phosphodiesterase YfcE	2	2	2.07055e+07	2.05412e+07	2.09575e+07	1.96402e+07	2.01448e+07	2.04165e+07
P67244	YQHA_ECOLI	yqhA	UPF0114 protein YqhA	1	1	1.44508e+06	1.24158e+06	1.17136e+06	1.76711e+06	1.27216e+06	1.87976e+06
P67338	YOAH_ECOLI	yoaH	UPF0181 protein YoaH	1	1	3.52105e+06	2.63774e+06	2.9011e+06	2.95208e+06		2.88692e+06
P67601	YOBD_ECOLI	yobD	UPF0266 membrane protein YobD	1	1	529576	631859	373213	540888	571692	527484
P67603	YQFB_ECOLI	yqfB	UPF0267 protein YqfB	5	5	7.39539e+06	6.53197e+06	7.35455e+06	6.2032e+06	7.36495e+06	6.53025e+06
P67660	YHAJ_ECOLI	yhaJ	Uncharacterized HTH-type transcriptional regulator YhaJ	6	6	4.86269e+06	5.72901e+06	5.52676e+06	6.17706e+06	5.64379e+06	5.82674e+06
P67826	CUTC_ECOLI	cutC	Copper homeostasis protein CutC	6	6	9.05746e+06	9.70134e+06	9.00771e+06	9.55581e+06	7.57957e+06	7.6449e+06
P67910	HLDD_ECOLI	hldD	ADP-L-glycero-D-manno-heptose-6-epimerase	23	23	1.5952e+08	1.57972e+08	1.59642e+08	1.57688e+08	1.60358e+08	1.56433e+08
P68066	GRCA_ECOLI	grcA	Autonomous glycyl radical cofactor	14	14	2.27697e+09	2.1854e+09	2.16012e+09	2.21553e+09	1.96409e+09	2.20599e+09
P68187	MALK_ECOLI	malK	Maltose/maltodextrin import ATP-binding protein MalK	7	7	1.03833e+07	1.14343e+07	1.03605e+07	1.11431e+07	1.06213e+07	1.15301e+07
P68191	SRA_ECOLI	sra	Stationary-phase-induced ribosome-associated protein	2	2	3.40491e+07	3.0399e+07	3.23274e+07	2.97359e+07	3.30046e+07	3.04147e+07
P68206	YJBJ_ECOLI	yjbJ	UPF0337 protein YjbJ	2	2	2.51273e+07	2.30454e+07	2.3686e+07	2.36712e+07	2.3304e+07	2.37719e+07
P68567	RSMJ_ECOLI	rsmJ	Ribosomal RNA small subunit methyltransferase J	3	3	888352	722031	926956	983805	848514	
P68679	RS21_ECOLI	rpsU	30S ribosomal protein S21	6	6	5.74425e+08	5.76693e+08	5.62108e+08	6.05176e+08	5.6129e+08	6.06863e+08
P68688	GLRX1_ECOLI	grxA	Glutaredoxin-1	2	2	1.27844e+07	1.18409e+07	1.25477e+07	1.2017e+07	1.09548e+07	1.17122e+07
P68699	ATPL_ECOLI	atpE	ATP synthase subunit c	1	1	1.22202e+07	1.93302e+07	1.11228e+07	1.68871e+07	1.35991e+07	1.83029e+07
P68767	AMPA_ECOLI	pepA	Cytosol aminopeptidase	11	11	2.89876e+07	2.99204e+07	2.96821e+07	3.05375e+07	2.72984e+07	3.00364e+07
P68871ups|HBB_HUMAN_UPS	Hemoglobin	Hemoglobin		4	4	4.42383e+06	1.49894e+07	3.27365e+06	1.48068e+07	4.29402e+06	1.39771e+07
P68919	RL25_ECOLI	rplY	50S ribosomal protein L25	9	9	9.97257e+08	9.47257e+08	1.02419e+09	9.86051e+08	1.02009e+09	1.00253e+09
P69222	IF1_ECOLI	infA	Translation initiation factor IF-1	4	4	2.06658e+08	1.97458e+08	2.00133e+08	1.95885e+08	2.08301e+08	1.99633e+08
P69228	BAER_ECOLI	baeR	Transcriptional regulatory protein BaeR	12	12	7.18619e+06	6.72608e+06	7.18164e+06	7.37614e+06	7.48978e+06	7.46685e+06
P69330	CITD_ECOLI	citD	Citrate lyase acyl carrier protein	5	5	4.81981e+07	5.32006e+07	5.22418e+07	4.86699e+07	5.12598e+07	5.13293e+07
P69346	YEFM_ECOLI	yefM	Antitoxin YefM	1	1	6.19765e+06	6.39405e+06	7.33011e+06	6.28356e+06	6.41691e+06	6.36021e+06
P69407	RCSB_ECOLI	rcsB	Capsular synthesis regulator component B	9	9	6.85537e+07	6.56344e+07	6.66201e+07	6.4468e+07	6.51759e+07	6.68925e+07
P69411	RCSF_ECOLI	rcsF	Protein RcsF	2	2	3.93093e+07	4.16986e+07	3.93315e+07	3.88671e+07	4.00763e+07	3.89508e+07
P69425	TATB_ECOLI	tatB	Sec-independent protein translocase protein TatB	4	4	1.66983e+07	1.89497e+07	1.68584e+07	1.706e+07	1.6115e+07	1.80469e+07
P69428	TATA_ECOLI	tatA	Sec-independent protein translocase protein TatA	2	2	1.76654e+08	1.81729e+08	1.67117e+08	1.72699e+08	1.72344e+08	1.78089e+08
P69441	KAD_ECOLI	adk	Adenylate kinase	16	16	4.07689e+08	4.16582e+08	4.07798e+08	4.27865e+08	4.12435e+08	4.21455e+08
P69503	APT_ECOLI	apt	Adenine phosphoribosyltransferase	11	11	1.19297e+08	1.42459e+08	1.23432e+08	1.39775e+08	1.18848e+08	1.35603e+08
P69739	MBHS_ECOLI	hyaA	Hydrogenase-1 small chain	2	2	2.09181e+06	1.35758e+06		1.76869e+06	1.95149e+06	1.77283e+06
P69741	MBHT_ECOLI	hybO	Hydrogenase-2 small chain	3	3	1.92122e+07	1.82648e+07	2.00926e+07	1.99639e+07	2.04337e+07	1.91872e+07
P69776	LPP_ECOLI	lpp	Major outer membrane lipoprotein Lpp	3	3	4.21339e+08	4.95237e+08	4.3698e+08	4.63829e+08	4.36753e+08	4.38673e+08
P69783	PTGA_ECOLI	crr	Glucose-specific phosphotransferase enzyme IIA component	11	11	9.96986e+08	9.30318e+08	9.37456e+08	9.80599e+08	9.58527e+08	9.83526e+08
P69786	PTGCB_ECOLI	ptsG	PTS system glucose-specific EIICB component	12	12	4.53691e+07	4.70352e+07	4.34189e+07	4.77802e+07	4.36604e+07	4.51058e+07
P69791	PTQA_ECOLI	chbA	N,N'-diacetylchitobiose-specific phosphotransferase enzyme IIA component	1	1	1.66359e+06	1.18439e+06	1.43693e+06		1.69032e+06	
P69797	PTNAB_ECOLI	manX	PTS system mannose-specific EIIAB component	18	18	9.28804e+07	9.43715e+07	9.11406e+07	9.2582e+07	9.45359e+07	9.05484e+07
P69801	PTNC_ECOLI	manY	Mannose permease IIC component	1	1	1.69807e+07	1.85202e+07	1.51769e+07	1.84315e+07	1.65331e+07	1.73986e+07
P69805	PTND_ECOLI	manZ	Mannose permease IID component	6	6	3.63948e+07	3.75031e+07	3.96298e+07	3.61782e+07	3.29676e+07	3.71899e+07
P69811	PTFAH_ECOLI	fruB	Multiphosphoryl transfer protein	22	22	1.24884e+08	1.19733e+08	1.23885e+08	1.17521e+08	1.2489e+08	1.19142e+08
P69829	PTSN_ECOLI	ptsN	Nitrogen regulatory protein	7	7	1.09477e+07	1.18409e+07	1.12345e+07	1.21905e+07	1.14047e+07	1.18685e+07
P69853	DMSD_ECOLI	dmsD	Tat proofreading chaperone DmsD	4	4	3.42356e+06	4.24012e+06	3.79984e+06	4.16607e+06	3.62016e+06	4.35982e+06
P69874	POTA_ECOLI	potA	Spermidine/putrescine import ATP-binding protein PotA	7	7	2.92424e+07	2.9352e+07	2.8605e+07	2.82255e+07	3.08599e+07	2.89006e+07
P69902	FCTA_ECOLI	frc	Formyl-coenzyme A transferase	8	8	7.87502e+06	9.07552e+06	7.91399e+06	8.28734e+06	8.47506e+06	8.2287e+06
P69905ups|HBA_HUMAN_UPS	Hemoglobin	Hemoglobin		5	5		4.61845e+06	2.62477e+06	4.0326e+06		4.77582e+06
P69908	DCEA_ECOLI	gadA	Glutamate decarboxylase alpha	19	3	2.50794e+08	2.5398e+08	2.50251e+08	2.51193e+08	2.50653e+08	2.50606e+08
P69910	DCEB_ECOLI	gadB	Glutamate decarboxylase beta	3	3	3.86301e+07	3.5684e+07	3.88534e+07	3.62957e+07	4.11701e+07	3.57109e+07
P69913	CSRA_ECOLI	csrA	Carbon storage regulator	3	3	1.72476e+08	1.61743e+08	1.55143e+08	1.52551e+08	1.52454e+08	1.53512e+08
P69924	RIR2_ECOLI	nrdB	Ribonucleoside-diphosphate reductase 1 subunit beta	15	15	2.25967e+07	2.47752e+07	2.26965e+07	2.40925e+07	2.28204e+07	2.5509e+07
P69931	HDA_ECOLI	hda	DnaA-homolog protein hda	8	8	5.18097e+06	5.42683e+06	4.97172e+06	5.61303e+06	5.39731e+06	5.26875e+06
P75691	YAHK_ECOLI	yahK	Uncharacterized zinc-type alcohol dehydrogenase-like protein YahK	6	6	3.90115e+06	3.61037e+06	3.24264e+06	2.9976e+06	3.52202e+06	3.31463e+06
P75713	YLBA_ECOLI	ylbA	Uncharacterized protein YlbA	1	1			991206	1.1874e+06	690108	
P75726	CILA_ECOLI	citF	Citrate lyase alpha chain	14	14	3.43154e+07	3.4364e+07	3.33054e+07	3.44163e+07	3.3273e+07	3.4297e+07
P75728	UBIF_ECOLI	ubiF	2-octaprenyl-3-methyl-6-methoxy-1,4-benzoquinol hydroxylase	4	4	2.66306e+06	2.85905e+06	3.41459e+06	3.5429e+06	2.87664e+06	3.32678e+06
P75736	YBFF_ECOLI	ybfF	Esterase YbfF	6	6	9.96445e+06	1.14715e+07	1.08343e+07	1.15128e+07	1.08872e+07	1.18089e+07
P75745	YBGK_ECOLI	ybgK	Uncharacterized protein YbgK	5	5	3.98104e+06	3.24622e+06	3.71572e+06	4.24127e+06	4.12259e+06	3.99353e+06
P75746	YBGL_ECOLI	ybgL	UPF0271 protein YbgL	2	2	2.86405e+06		2.06943e+06	1.6748e+06	2.57872e+06	2.32382e+06
P75767	YBHK_ECOLI	ybhK	UPF0052 protein YbhK	5	5	1.75548e+06	1.49358e+06	1.78198e+06	1.76434e+06	2.00038e+06	1.91117e+06
P75777	YBHG_ECOLI	ybhG	UPF0194 membrane protein YbhG	6	6	1.218e+07	1.24141e+07	1.32668e+07	1.25051e+07	1.26153e+07	1.32049e+07
P75780	FIU_ECOLI	fiu	Catecholate siderophore receptor Fiu	1	1	1.74293e+06	1.81675e+06	1.62679e+06	459835	1.61517e+06	1.57824e+06
P75782	RLMF_ECOLI	rlmF	Ribosomal RNA large subunit methyltransferase F	3	3		1.39209e+06			1.77548e+06	1.3285e+06
P75792	SUPH_ECOLI	ybiV	Sugar phosphatase YbiV	2	2	2.39314e+06	2.73141e+06	2.15073e+06	2.17693e+06	2.23358e+06	2.6621e+06
P75797	GSIB_ECOLI	gsiB	Glutathione-binding protein GsiB	4	4	3.13085e+06	3.1736e+06	2.87191e+06	3.35282e+06	3.15623e+06	3.04658e+06
P75809	YBJI_ECOLI	ybjI	Flavin mononucleotide phosphatase YbjI	3	3	3.70646e+06	4.77519e+06	3.8503e+06	4.62266e+06	3.49696e+06	4.25794e+06
P75818	YBJP_ECOLI	ybjP	Uncharacterized lipoprotein YbjP	5	5	3.86589e+07	3.82885e+07	3.64939e+07	3.67142e+07	3.62112e+07	3.80518e+07
P75820	AMID_ECOLI	amiD	N-acetylmuramoyl-L-alanine amidase AmiD	2	2	533878	494276	558201		522153	369207
P75821	YBJS_ECOLI	ybjS	Uncharacterized protein YbjS	2	2	2.80882e+06	3.69433e+06	2.88496e+06	3.32737e+06	2.85199e+06	3.00675e+06
P75823	LTAE_ECOLI	ltaE	Low specificity L-threonine aldolase	10	10	1.82152e+07	1.998e+07	1.9063e+07	2.03321e+07	1.80365e+07	2.05337e+07
P75828	YBJD_ECOLI	ybjD	Uncharacterized protein YbjD	3	3	1.00305e+07	1.25425e+07		9.10802e+06	8.94966e+06	1.01191e+07
P75829	YBJX_ECOLI	ybjX	Uncharacterized protein YbjX	7	7	1.17103e+07	1.38327e+07	1.28074e+07	1.40711e+07	1.30138e+07	1.40384e+07
P75838	YCAO_ECOLI	ycaO	Ribosomal protein S12 methylthiotransferase accessory factor YcaO	12	12	4.10971e+07	4.02923e+07	4.01205e+07	3.94657e+07	4.08094e+07	4.0771e+07
P75849	YCBL_ECOLI	ycbL	Uncharacterized protein YcbL	3	3	2.53493e+07	2.47614e+07	2.42744e+07	2.45522e+07	2.40032e+07	2.42109e+07
P75857	ELFC_ECOLI	elfC	Probable outer membrane usher protein ElfC	1	1			4.9486e+07			3.11106e+07
P75863	YCBX_ECOLI	ycbX	Uncharacterized protein YcbX	8	8	6.80368e+06	7.33794e+06	8.04624e+06	6.23715e+06	7.049e+06	6.61047e+06
P75864	RLMKL_ECOLI	rlmL	Ribosomal RNA large subunit methyltransferase K/L	14	14	7.18055e+06	7.6296e+06	7.46632e+06	7.40557e+06	7.41044e+06	7.43564e+06
P75867	LONH_ECOLI	ycbZ	Putative Lon protease homolog	7	7	6.23926e+06	6.33535e+06	6.69446e+06	6.52185e+06	5.59175e+06	6.55353e+06
P75874	YCCU_ECOLI	yccU	Uncharacterized protein YccU	4	4	2.48606e+07	2.55213e+07	2.61473e+07	2.55668e+07	2.4341e+07	2.46825e+07
P75876	RLMI_ECOLI	rlmI	Ribosomal RNA large subunit methyltransferase I	12	12	2.57946e+07	2.69354e+07	2.60991e+07	2.67631e+07	2.56754e+07	2.61336e+07
P75882	GFCD_ECOLI	gfcD	Uncharacterized lipoprotein GfcD	17	17	2.34661e+07	2.44088e+07	2.30467e+07	2.41695e+07	2.27937e+07	2.3343e+07
P75883	GFCC_ECOLI	gfcC	Uncharacterized protein GfcC	4	4	4.53755e+06	5.31314e+06	4.66841e+06	5.02512e+06	4.87499e+06	5.04478e+06
P75884	GFCB_ECOLI	gfcB	Uncharacterized lipoprotein GfcB	6	6	7.40449e+06	7.23435e+06	7.84327e+06	7.3522e+06	7.29316e+06	7.22529e+06
P75913	GHRA_ECOLI	ghrA	Glyoxylate/hydroxypyruvate reductase A	4	4	5.14008e+06	5.41685e+06	5.24173e+06	5.03521e+06	5.02038e+06	4.91201e+06
P75914	YCDX_ECOLI	ycdX	Probable phosphatase YcdX	7	7	2.38383e+07	2.6391e+07	2.46408e+07	2.49336e+07	2.5185e+07	2.5693e+07
P75915	YCDY_ECOLI	ycdY	Chaperone protein YcdY	5	5	3.67813e+07	3.64333e+07	3.81391e+07	3.86954e+07	3.46712e+07	3.79266e+07
P75937	FLGE_ECOLI	flgE	Flagellar hook protein FlgE	7	7	1.7376e+07	1.73639e+07	1.7591e+07	1.62783e+07	1.91178e+07	1.63136e+07
P75938	FLGF_ECOLI	flgF	Flagellar basal-body rod protein FlgF	1	1	2.7404e+06	2.18526e+06	2.4738e+06	2.50212e+06	1.78725e+06	
P75946	YCFL_ECOLI	ycfL	Uncharacterized protein YcfL	2	2		1.29632e+06		1.04204e+06		835458
P75949	NAGZ_ECOLI	nagZ	Beta-hexosaminidase	8	8	6.57923e+06	5.8842e+06	5.94801e+06	5.90191e+06	5.67558e+06	5.69627e+06
P75954	YCFS_ECOLI	ycfS	Probable L,D-transpeptidase YcfS	2	2	1.62332e+06	1.37754e+06	1.46939e+06	1.27168e+06	1.64331e+06	1.37336e+06
P75957	LOLD_ECOLI	lolD	Lipoprotein-releasing system ATP-binding protein LolD	3	3	1.43231e+07	1.98283e+07	1.89278e+07	1.87713e+07	1.68238e+07	2.00205e+07
P75959	NAGK_ECOLI	nagK	N-acetyl-D-glucosamine kinase	5	5	9.4395e+06	9.67187e+06	9.90865e+06	9.56922e+06	9.99846e+06	9.92058e+06
P75960	NPD_ECOLI	cobB	NAD-dependent protein deacylase	5	5	1.64484e+07	1.79678e+07	1.69789e+07	1.74882e+07	1.74501e+07	1.6865e+07
P75966	RLUE_ECOLI	rluE	Ribosomal large subunit pseudouridine synthase E	3	3	923782		919613	961329	930383	870983
P76002	PLIG_ECOLI	pliG	Inhibitor of g-type lysozyme	7	7	6.83284e+06	5.82746e+06	6.44933e+06	5.20892e+06	6.91699e+06	6.06221e+06
P76004	YCGM_ECOLI	ycgM	Uncharacterized protein YcgM	3	3	2.80842e+06	1.97772e+06	1.89478e+06	2.44892e+06	2.65559e+06	2.35479e+06
P76007	CVRA_ECOLI	cvrA	Cell volume regulation protein A	2	2	2.35449e+06	1.82101e+06	1.9894e+06	2.3579e+06	2.05002e+06	1.79234e+06
P76008	LDCA_ECOLI	ldcA	Murein tetrapeptide carboxypeptidase	6	6	8.13951e+06	7.24614e+06	8.26199e+06	7.85296e+06	7.96793e+06	7.58265e+06
P76010	YCGR_ECOLI	ycgR	Flagellar brake protein YcgR	2	2		1.89104e+06	1.83855e+06	1.69517e+06		1.77714e+06
P76014	DHAL_ECOLI	dhaL	PTS-dependent dihydroxyacetone kinase, ADP-binding subunit DhaL	4	4	2.06948e+07	2.26129e+07	2.25826e+07	2.1471e+07	2.2781e+07	2.21778e+07
P76015	DHAK_ECOLI	dhaK	PTS-dependent dihydroxyacetone kinase, dihydroxyacetone-binding subunit DhaK	7	7	1.25026e+07	1.15934e+07	1.21459e+07	1.11102e+07	1.20555e+07	1.20636e+07
P76027	OPPD_ECOLI	oppD	Oligopeptide transport ATP-binding protein OppD	7	7	5.37899e+06	5.49577e+06	5.82596e+06	5.6232e+06	6.12964e+06	5.34973e+06
P76034	YCIT_ECOLI	yciT	Uncharacterized HTH-type transcriptional regulator YciT	6	6	7.74931e+06	8.47712e+06	7.97431e+06	8.27549e+06	8.05933e+06	8.48833e+06
P76046	YCJX_ECOLI	ycjX	Uncharacterized protein YcjX	2	2	1.44228e+06	1.96711e+06	1.82999e+06	2.07398e+06	1.47547e+06	1.84856e+06
P76049	YCJY_ECOLI	ycjY	Uncharacterized protein YcjY	3	3	5.66058e+06	6.0126e+06	5.65414e+06	4.49695e+06	4.95537e+06	4.3716e+06
P76053	SMRA_ECOLI	smrA	Probable DNA endonuclease SmrA	2	2	2.2366e+06	2.39524e+06		1.78705e+06	2.54069e+06	2.32325e+06
P76055	TTCA_ECOLI	ttcA	tRNA 2-thiocytidine biosynthesis protein TtcA	3	3	1.64697e+07	1.55215e+07	1.53863e+07	1.47804e+07	1.43834e+07	1.56144e+07
P76104	YDCP_ECOLI	ydcP	Uncharacterized protease YdcP	8	8	1.02738e+07	9.32946e+06	9.19425e+06	8.50095e+06	1.04531e+07	8.07728e+06
P76112	YNCA_ECOLI	yncA	N-acyltransferase YncA	1	1	5.35095e+06	6.11204e+06	5.46184e+06	6.32827e+06	5.52414e+06	5.52232e+06
P76116	YNCE_ECOLI	yncE	Uncharacterized protein YncE	10	10	1.96875e+07	1.98326e+07	1.97434e+07	1.95844e+07	1.9274e+07	1.94063e+07
P76149	SAD_ECOLI	sad	Succinate semialdehyde dehydrogenase [NAD(P)+] Sad	2	2	4.52252e+06	4.22026e+06	3.91578e+06		4.24929e+06	
P76170	YNFB_ECOLI	ynfB	UPF0482 protein YnfB	2	2	6.02845e+06	7.29223e+06	5.97469e+06	6.5021e+06	5.83188e+06	6.20284e+06
P76177	YDGH_ECOLI	ydgH	Protein YdgH	21	21	1.00484e+08	9.90417e+07	9.90095e+07	9.41629e+07	9.7829e+07	9.30704e+07
P76187	YDHF_ECOLI	ydhF	Oxidoreductase YdhF	5	5	6.37974e+06	6.8779e+06	6.42152e+06	6.92877e+06	6.90524e+06	6.51688e+06
P76192	YDHV_ECOLI	ydhV	Uncharacterized oxidoreductase YdhV	8	8	8.61591e+06	8.96471e+06	9.13854e+06	8.88598e+06	9.23595e+06	8.80418e+06
P76193	YNHG_ECOLI	ynhG	Probable L,D-transpeptidase YnhG	6	6	7.72179e+06	8.90962e+06	8.19757e+06	7.77535e+06	8.73984e+06	7.92982e+06
P76204	YDIV_ECOLI	ydiV	Putative anti-FlhC(2)FlhD(4) factor YdiV	2	2	2.81841e+06	2.76741e+06	2.70634e+06	2.84487e+06	2.66666e+06	2.76248e+06
P76206	YDIY_ECOLI	ydiY	Uncharacterized protein YdiY	3	3	3.68207e+06	4.0277e+06	3.16606e+06	3.27795e+06	3.18953e+06	4.05781e+06
P76220	YDJY_ECOLI	ydjY	Uncharacterized protein YdjY	3	3	4.36651e+06	4.43075e+06	4.3464e+06	4.2911e+06	3.37786e+06	4.78726e+06
P76223	YNJB_ECOLI	ynjB	Protein YnjB	9	9	8.62064e+06	8.56364e+06	8.03878e+06	8.64288e+06	8.40546e+06	8.16096e+06
P76227	YNJH_ECOLI	ynjH	Uncharacterized protein YnjH	2	2	6.9738e+06	8.7873e+06	8.51814e+06	7.58032e+06	7.19886e+06	8.40469e+06
P76243	YEAO_ECOLI	yeaO	Uncharacterized protein YeaO	5	5	9.25195e+06	9.71388e+06	9.51115e+06	9.14846e+06	9.62068e+06	8.45633e+06
P76245	YEAP_ECOLI	yeaP	Probable diguanylate cyclase YeaP	3	3	3.32941e+06	3.41688e+06	3.29088e+06	3.09975e+06	3.62609e+06	3.9433e+06
P76256	YEAZ_ECOLI	yeaZ	Uncharacterized protein YeaZ	4	4	8.01813e+06	7.39766e+06	8.05799e+06	7.49089e+06	7.72845e+06	7.3855e+06
P76268	KDGR_ECOLI	kdgR	Transcriptional regulator KdgR	16	16	3.22818e+07	3.45584e+07	3.25455e+07	3.53616e+07	3.09054e+07	3.43059e+07
P76270	MSRC_ECOLI	msrC	Free methionine-R-sulfoxide reductase	5	5	1.80253e+07	2.14646e+07	1.80005e+07	2.20936e+07	1.77512e+07	2.20947e+07
P76273	RSMF_ECOLI	rsmF	Ribosomal RNA small subunit methyltransferase F	4	4	1.50633e+06	1.29919e+06	1.38348e+06	1.8772e+06	1.3941e+06	1.43458e+06
P76290	CMOA_ECOLI	cmoA	tRNA (cmo5U34)-methyltransferase	7	7	9.12233e+06	1.02089e+07	8.74298e+06	9.96995e+06	1.04724e+07	1.03115e+07
P76291	CMOB_ECOLI	cmoB	tRNA (mo5U34)-methyltransferase	11	11	1.2237e+07	1.30137e+07	1.25147e+07	1.24059e+07	1.28183e+07	1.2089e+07
P76297	FLHE_ECOLI	flhE	Flagellar protein FlhE	2	2			1.03144e+06		1.07089e+06	974431
P76316	DCYD_ECOLI	dcyD	D-cysteine desulfhydrase	5	5	1.72209e+07	1.76009e+07	1.63024e+07	1.76663e+07	1.67409e+07	1.73222e+07
P76335	YEDS_ECOLI	yedS	Putative outer membrane protein YedS	3	3	450862	491873		713360	528855	470127
P76339	YEDV_ECOLI	yedV	Probable sensor-like histidine kinase YedV	2	2		1.2271e+06		958055		842939
P76346	MTFA_ECOLI	mtfA	Protein MtfA	1	1	3.51351e+06	2.8761e+06	3.59116e+06	3.24071e+06	2.62091e+06	3.01022e+06
P76372	WZZB_ECOLI	wzzB	Chain length determinant protein	6	6	4.74241e+07	4.29589e+07	4.94043e+07	4.01091e+07	4.513e+07	3.9709e+07
P76389	YEGH_ECOLI	yegH	UPF0053 protein YegH	2	2		679323	873377	757458		858647
P76397	MDTA_ECOLI	mdtA	Multidrug resistance protein MdtA	2	2		525801	482649	452887		
P76402	YEGP_ECOLI	yegP	UPF0339 protein YegP	4	4	2.89249e+07	2.63345e+07	2.8019e+07	2.65278e+07	2.79058e+07	2.52005e+07
P76403	YEGQ_ECOLI	yegQ	Uncharacterized protease YegQ	10	10	1.33802e+07	1.2492e+07	1.2896e+07	1.26608e+07	1.26199e+07	1.28575e+07
P76406	YEGR_ECOLI	yegR	Uncharacterized protein YegR	2	2	2.53245e+06	2.6297e+06	2.51171e+06	3.02322e+06	2.47228e+06	2.70958e+06
P76440	PRET_ECOLI	preT	NAD-dependent dihydropyrimidine dehydrogenase sunbunit PreT	2	2	1.76189e+06	876160	1.47987e+06	1.49275e+06	1.64678e+06	1.64905e+06
P76445	YEIU_ECOLI	yeiU	Inner membrane protein YeiU	2	2	8.49353e+06	1.08482e+07	9.91317e+06	8.82886e+06	6.53628e+06	9.8897e+06
P76471	YFAZ_ECOLI	yfaZ	Uncharacterized protein YfaZ	1	1	7.75934e+06		1.03038e+07	9.37014e+06	9.24431e+06	9.00004e+06
P76491	YFBR_ECOLI	yfbR	5'-nucleotidase YfbR	1	1	2.13509e+06	1.35754e+06	1.51557e+06	1.98483e+06	2.08472e+06	
P76502	SIXA_ECOLI	sixA	Phosphohistidine phosphatase SixA	2	2	2.87427e+07	2.56205e+07	2.76874e+07	2.68924e+07	2.95924e+07	2.67535e+07
P76506	MLAA_ECOLI	mlaA	Probable phospholipid-binding lipoprotein MlaA	6	6	3.09272e+07	3.1967e+07	3.4156e+07	3.02907e+07	3.0813e+07	3.29551e+07
P76520	YFDX_ECOLI	yfdX	Protein YfdX	2	2	2.75743e+07	2.89859e+07	2.52812e+07	2.75668e+07	3.11539e+07	3.27727e+07
P76535	MURQ_ECOLI	murQ	N-acetylmuramic acid 6-phosphate etherase	3	3	7.14393e+06	5.78208e+06	7.14333e+06	5.57608e+06	7.14957e+06	6.21297e+06
P76536	YFEX_ECOLI	yfeX	Probable deferrochelatase/peroxidase YfeX	14	14	8.19608e+07	7.8061e+07	8.07971e+07	7.73743e+07	8.13935e+07	7.88924e+07
P76537	YFEY_ECOLI	yfeY	Uncharacterized protein YfeY	3	3	1.65717e+07	1.90878e+07	1.78381e+07	1.83777e+07	1.79666e+07	1.71526e+07
P76539	YPEA_ECOLI	ypeA	Acetyltransferase YpeA	4	4	7.80862e+06	8.81507e+06	8.16887e+06	9.19021e+06	8.65092e+06	9.30862e+06
P76558	MAO2_ECOLI	maeB	NADP-dependent malic enzyme	13	13	2.88108e+07	2.88141e+07	2.80443e+07	2.88194e+07	2.87314e+07	2.8545e+07
P76561	YPFH_ECOLI	ypfH	Esterase YpfH	2	2	1.0462e+06	1.00623e+06	1.24967e+06	1.04701e+06	1.1125e+06	1.28681e+06
P76569	YFGD_ECOLI	yfgD	Uncharacterized protein YfgD	5	5	2.67307e+06	3.30863e+06	2.91176e+06	3.48243e+06	2.42888e+06	3.2059e+06
P76576	YFGM_ECOLI	yfgM	UPF0070 protein YfgM	7	7	7.49006e+07	7.68121e+07	7.79076e+07	7.79736e+07	7.57831e+07	7.54064e+07
P76578	YFHM_ECOLI	yfhM	Uncharacterized lipoprotein YfhM	10	10	3.5096e+06	3.07017e+06	3.49344e+06	3.7823e+06	4.10836e+06	3.57884e+06
P76658	HLDE_ECOLI	hldE	Bifunctional protein HldE	22	22	3.78359e+07	3.78012e+07	3.60453e+07	3.81023e+07	3.59261e+07	3.74887e+07
P76909	YNJD_ECOLI	ynjD	Uncharacterized ABC transporter ATP-binding protein YnjD	1	1					285218	
P76938	EPMC_ECOLI	epmC	Elongation factor P hydroxylase	1	1	5.6931e+06	5.77462e+06	5.90881e+06	5.73806e+06	5.69698e+06	6.21192e+06
P77150	PDXY_ECOLI	pdxY	Pyridoxamine kinase	2	2	1.34872e+07	1.10951e+07	1.29381e+07	1.37485e+07	1.29867e+07	1.36894e+07
P77173	ZIPA_ECOLI	zipA	Cell division protein ZipA	6	6	9.29613e+06	8.48568e+06	9.53892e+06	8.10853e+06	9.38799e+06	8.51105e+06
P77182	MNMC_ECOLI	mnmC	tRNA 5-methylaminomethyl-2-thiouridine biosynthesis bifunctional protein MnmC	3	3	4.53686e+06	5.12558e+06	4.45018e+06	5.36936e+06	4.7284e+06	5.06488e+06
P77202	DSBG_ECOLI	dsbG	Thiol:disulfide interchange protein DsbG	3	3	1.24683e+06		1.25239e+06	1.4093e+06	1.32185e+06	902463
P77212	YKGC_ECOLI	ykgC	Probable pyridine nucleotide-disulfide oxidoreductase YkgC	1	1	924616		765451		627536	
P77213	CAAL_ECOLI	ybdK	Carboxylate-amine ligase YbdK	1	1	2.21761e+06	2.16466e+06	1.77991e+06	2.43029e+06	2.10843e+06	1.9769e+06
P77247	YNIC_ECOLI	yniC	2-deoxyglucose-6-phosphate phosphatase	6	6	9.25505e+06	9.51091e+06	9.45601e+06	9.47564e+06	8.93351e+06	1.01735e+07
P77252	YKGE_ECOLI	ykgE	Uncharacterized protein YkgE	2	2	2.56509e+06	2.00012e+06	2.58256e+06	2.27258e+06	1.7358e+06	2.44511e+06
P77258	NEMA_ECOLI	nemA	N-ethylmaleimide reductase	11	11	2.05361e+07	2.13385e+07	2.01905e+07	2.11501e+07	1.95246e+07	2.08029e+07
P77279	YBBL_ECOLI	ybbL	Uncharacterized ABC transporter ATP-binding protein YbbL	4	4	1.11237e+07	1.07081e+07	1.11487e+07	1.03166e+07	1.05773e+07	1.09803e+07
P77285	RNFG_ECOLI	rnfG	Electron transport complex protein RnfG	3	3	5.96471e+06	5.59511e+06	6.30156e+06	6.79589e+06	6.45496e+06	6.09749e+06
P77330	BORD_ECOLI	borD	Lipoprotein bor homolog from lambdoid prophage DLP12	3	3	4.40673e+08	3.7151e+08	4.20573e+08	4.25901e+08	4.28311e+08	4.39097e+08
P77338	KEFA_ECOLI	kefA	Potassium efflux system KefA	3	3	2.71281e+06	2.89318e+06	2.6354e+06	2.62126e+06	2.11607e+06	2.87219e+06
P77348	MPPA_ECOLI	mppA	Periplasmic murein peptide-binding protein	14	14	1.07358e+07	1.23369e+07	1.10745e+07	1.10257e+07	1.03817e+07	1.0744e+07
P77376	YDGJ_ECOLI	ydgJ	Uncharacterized oxidoreductase YdgJ	10	10	1.75081e+07	1.77159e+07	1.73124e+07	1.81647e+07	1.63194e+07	1.70881e+07
P77395	YBBN_ECOLI	ybbN	Uncharacterized protein YbbN	9	9	1.41156e+07	1.2853e+07	1.42441e+07	1.26251e+07	1.36979e+07	1.26238e+07
P77398	ARNA_ECOLI	arnA	Bifunctional polymyxin resistance protein ArnA	7	7	2.0672e+06	2.56906e+06	2.23684e+06	2.81739e+06	1.96229e+06	2.72665e+06
P77433	YKGG_ECOLI	ykgG	Uncharacterized protein YkgG	6	6	4.82661e+06	5.26417e+06	5.10918e+06	5.29959e+06	4.44681e+06	5.29056e+06
P77434	ALAC_ECOLI	alaC	Glutamate-pyruvate aminotransferase AlaC	6	6	9.97444e+06	9.9133e+06	9.73066e+06	9.71307e+06	1.0209e+07	9.74051e+06
P77444	SUFS_ECOLI	sufS	Cysteine desulfurase	3	3	2.85354e+07	2.47627e+07	3.54595e+07	2.70434e+07	3.09373e+07	2.79385e+07
P77454	GLSA1_ECOLI	glsA1	Glutaminase 1	1	1	1.23601e+07	1.23454e+07	1.09808e+07	1.35234e+07	1.11927e+07	1.28221e+07
P77475	YQAB_ECOLI	yqaB	Fructose-1-phosphate phosphatase YqaB	2	2	1.06401e+07	1.06868e+07	9.95681e+06	1.16404e+07	1.07474e+07	1.14675e+07
P77488	DXS_ECOLI	dxs	1-deoxy-D-xylulose-5-phosphate synthase	12	12	2.10226e+07	2.38002e+07	2.1274e+07	2.28954e+07	2.13925e+07	2.19876e+07
P77499	SUFC_ECOLI	sufC	Probable ATP-dependent transporter SufC	6	6	8.85749e+06	7.78397e+06	8.13499e+06	8.31163e+06	8.18001e+06	8.01436e+06
P77522	SUFB_ECOLI	sufB	FeS cluster assembly protein SufB	4	4	1.47353e+06	1.85311e+06	1.64138e+06	1.7634e+06		1.97107e+06
P77529	YDJN_ECOLI	ydjN	Uncharacterized symporter YdjN	6	6	2.28341e+07	2.50741e+07	2.40346e+07	2.32753e+07	2.35843e+07	2.47318e+07
P77536	YKGF_ECOLI	ykgF	Uncharacterized electron transport protein YkgF	5	5	1.03421e+07	8.21088e+06	1.03434e+07	1.00356e+07	1.11442e+07	1.06566e+07
P77552	YDHQ_ECOLI	ydhQ	Uncharacterized protein YdhQ	5	5	1.46753e+07	1.49623e+07	1.55899e+07	1.39798e+07	1.47098e+07	1.4985e+07
P77561	YDEP_ECOLI	ydeP	Protein YdeP	4	4	1.50995e+06	1.10788e+06	1.4777e+06	1.35349e+06	1.53887e+06	1.16554e+06
P77562	YAIW_ECOLI	yaiW	Uncharacterized protein YaiW	3	3	2.57532e+06	2.67612e+06	2.66422e+06	2.47915e+06	2.36835e+06	2.56683e+06
P77570	ANMK_ECOLI	anmK	Anhydro-N-acetylmuramic acid kinase	4	4	4.22725e+06	4.61682e+06	3.69977e+06	5.10556e+06	4.77479e+06	4.56454e+06
P77611	RNFC_ECOLI	rnfC	Electron transport complex protein RnfC	11	11	7.12309e+06	7.0971e+06	6.87556e+06	6.8066e+06	7.10466e+06	6.7086e+06
P77625	YFBT_ECOLI	yfbT	Sugar phosphatase YfbT	9	9	2.93286e+07	2.78383e+07	2.86983e+07	2.88176e+07	2.962e+07	2.80751e+07
P77690	ARNB_ECOLI	arnB	UDP-4-amino-4-deoxy-L-arabinose--oxoglutarate aminotransferase	2	2	3.27974e+06	4.44776e+06	3.53019e+06	4.30617e+06	3.35452e+06	3.92391e+06
P77717	YBAY_ECOLI	ybaY	Uncharacterized lipoprotein YbaY	4	4	3.02878e+07	3.04126e+07	2.73955e+07	3.06067e+07	2.91505e+07	3.29436e+07
P77718	THII_ECOLI	thiI	tRNA sulfurtransferase	12	12	1.24463e+07	1.22908e+07	1.19156e+07	1.25494e+07	1.18987e+07	1.22764e+07
P77721	YDJF_ECOLI	ydjF	Uncharacterized HTH-type transcriptional regulator YdjF	2	2	1.30903e+06		1.51727e+06	1.48809e+06	986292	925292
P77735	YAJO_ECOLI	yajO	Uncharacterized oxidoreductase YajO	5	5	1.09485e+07	1.14973e+07	1.13449e+07	1.10981e+07	1.10798e+07	1.19601e+07
P77737	OPPF_ECOLI	oppF	Oligopeptide transport ATP-binding protein OppF	5	5	4.14893e+06	5.30943e+06	4.18624e+06	4.62698e+06	3.54589e+06	4.86267e+06
P77739	YNIA_ECOLI	yniA	Uncharacterized protein YniA	5	5	4.62228e+06	3.86011e+06	4.23024e+06	4.46246e+06	4.83858e+06	4.48595e+06
P77748	YDIJ_ECOLI	ydiJ	Uncharacterized protein YdiJ	7	7	3.79409e+06	3.15681e+06	3.89173e+06	3.3366e+06	3.72882e+06	3.3035e+06
P77754	SPY_ECOLI	spy	Spheroplast protein Y	1	1		1.00855e+06		914550	672652	
P77756	QUEC_ECOLI	queC	7-cyano-7-deazaguanine synthase	2	2	4.58354e+06	5.42334e+06	4.40903e+06	6.48213e+06	5.09799e+06	6.26478e+06
P77757	ARNC_ECOLI	arnC	Undecaprenyl-phosphate 4-deoxy-4-formamido-L-arabinose transferase	1	1						1.85493e+06
P77774	BAMB_ECOLI	bamB	Outer membrane protein assembly factor BamB	12	12	7.226e+07	7.5953e+07	7.0985e+07	7.16742e+07	7.07906e+07	7.5204e+07
P77775	YFCH_ECOLI	yfcH	Epimerase family protein YfcH	2	2				630389	613611	
P77781	YDII_ECOLI	ydiI	Esterase YdiI	2	2		1.75198e+06			2.85804e+06	2.19465e+06
P77804	YDGA_ECOLI	ydgA	Protein YdgA	23	23	8.47438e+07	8.4318e+07	8.62177e+07	8.33796e+07	8.33931e+07	8.5916e+07
P77808	CINAL_ECOLI	yfaY	NMN amidohydrolase-like protein YfaY	8	8	9.47042e+06	8.80265e+06	9.26031e+06	8.91754e+06	9.84129e+06	8.88862e+06
P78055	FSAA_ECOLI	fsaA	Fructose-6-phosphate aldolase 1	3	3	958391		839740	839619		
P78067	YNJE_ECOLI	ynjE	Thiosulfate sulfurtransferase YnjE	12	12	2.13905e+07	2.26355e+07	2.21085e+07	2.28418e+07	2.11393e+07	2.20238e+07
P99999ups|CYC_HUMAN_UPS	Cytochrome	Cytochrome		4	4		4.38552e+06	3.61178e+06	3.74331e+06	1.39709e+06	3.59486e+06
Q06830ups|PRDX1_HUMAN_UPS	Peroxiredoxin	Peroxiredoxin		7	7		5.73787e+06		5.30819e+06		5.52575e+06
Q15843ups|NEDD8_HUMAN_UPS	NEDD8	NEDD8		2	2		6.61537e+06		7.44092e+06		7.25721e+06
Q2M7R5	YIBT_ECOLI	yibT	Uncharacterized protein YibT	3	3	6.01491e+06	7.59894e+06	6.65061e+06	6.40139e+06	5.58904e+06	6.834e+06
Q46798	YGER_ECOLI	ygeR	Uncharacterized lipoprotein YgeR	4	4	3.70203e+06	3.55345e+06	3.50112e+06	3.85283e+06	4.34976e+06	3.73194e+06
Q46829	BGLA_ECOLI	bglA	6-phospho-beta-glucosidase BglA	15	15	5.18497e+07	5.47934e+07	5.19385e+07	5.42502e+07	5.19136e+07	5.27551e+07
Q46835	YGHG_ECOLI	yghG	Uncharacterized lipoprotein YghG	2	2	3.44767e+06	3.86726e+06	3.83e+06	3.36256e+06	3.71252e+06	3.00269e+06
Q46845	YGHU_ECOLI	yghU	Disulfide-bond oxidoreductase YghU	3	3	8.59105e+06	9.85348e+06	9.34058e+06	8.59446e+06	1.00118e+07	9.0371e+06
Q46851	GPR_ECOLI	gpr	L-glyceraldehyde 3-phosphate reductase	3	3	1.84109e+06	1.89117e+06	2.34122e+06	1.88557e+06	1.99756e+06	2.08199e+06
Q46856	YQHD_ECOLI	yqhD	Alcohol dehydrogenase YqhD	15	15	2.66458e+07	2.72953e+07	2.73287e+07	2.81055e+07	2.75852e+07	2.66843e+07
Q46857	DKGA_ECOLI	dkgA	2,5-diketo-D-gluconic acid reductase A	10	10	1.98036e+07	2.08819e+07	2.08403e+07	1.99949e+07	2.03987e+07	1.94377e+07
Q46861	YGIQ_ECOLI	ygiQ	UPF0313 protein YgiQ	3	3	1.0893e+06	1.17198e+06	1.05495e+06	1.39482e+06	1.29033e+06	987154
Q46863	YGIS_ECOLI	ygiS	Putative binding protein YgiS	1	1				439346		
Q46868	YQIC_ECOLI	yqiC	Uncharacterized protein YqiC	8	8	4.52207e+07	4.15751e+07	4.65803e+07	4.51062e+07	4.50038e+07	4.43307e+07
Q46871	YQJH_ECOLI	yqjH	NADPH-dependent ferric-chelate reductase	4	4	1.67947e+07	1.69046e+07	1.70662e+07	1.73951e+07	1.70212e+07	1.70311e+07
Q46893	ISPD_ECOLI	ispD	2-C-methyl-D-erythritol 4-phosphate cytidylyltransferase	5	5	8.53071e+06	8.45036e+06	9.7446e+06	8.99267e+06	7.78816e+06	9.08902e+06
Q46919	YQCC_ECOLI	yqcC	Uncharacterized protein YqcC	1	1	1.02776e+06	1.02405e+06	997829	1.19122e+06	910856	1.10771e+06
Q46920	QUEF_ECOLI	queF	NADPH-dependent 7-cyano-7-deazaguanine reductase	12	12	1.98183e+07	2.28761e+07	2.29169e+07	2.05929e+07	2.28812e+07	2.24685e+07
Q46925	CSDA_ECOLI	csdA	Cysteine sulfinate desulfinase	3	3	2.85291e+06	2.7176e+06	3.58904e+06	3.01322e+06	3.60003e+06	2.89894e+06
Q46927	YGDL_ECOLI	ygdL	Uncharacterized protein YgdL	4	4	3.60912e+06	3.99413e+06	3.82788e+06	3.19934e+06	4.92788e+06	3.59863e+06
Q46948	YAJL_ECOLI	yajL	Chaperone protein YajL	4	4	1.76214e+07	1.66016e+07	1.65678e+07	1.68737e+07	1.73908e+07	1.70586e+07
Q47083	CBL_ECOLI	cbl	HTH-type transcriptional regulator cbl	2	2		2.38733e+06	1.23013e+06	1.89635e+06		1.72339e+06
Q47147	YAFJ_ECOLI	yafJ	Putative glutamine amidotransferase YafJ	4	4	5.66966e+06	5.36079e+06	5.3677e+06	5.86265e+06	6.02318e+06	5.44561e+06
Q47319	YFIP_ECOLI	yfiP	DTW domain-containing protein YfiP	2	2	1.23732e+06	1.26467e+06	1.31484e+06	1.58615e+06	1.50068e+06	1.16883e+06
Q47622	SAPA_ECOLI	sapA	Peptide transport periplasmic protein SapA	6	6	3.98404e+06	3.70635e+06	3.55825e+06	4.02384e+06	4.00434e+06	3.29136e+06
Q47679	YAFV_ECOLI	yafV	UPF0012 hydrolase YafV	2	2	3.02634e+06	3.35552e+06	3.1624e+06	3.40991e+06	3.67628e+06	3.34576e+06
Q47710	YQJK_ECOLI	yqjK	Uncharacterized protein YqjK	2	2	852044	597340	797214	603752	735948	682580
Q57154	REPB_ECOLI	repB	RepFIB replication protein A	6	6	5.33942e+06	5.03292e+06	5.48599e+06	4.2002e+06	5.25398e+06	5.03621e+06
Q57261	TRUD_ECOLI	truD	tRNA pseudouridine synthase D	13	13	1.82978e+07	1.94521e+07	1.89813e+07	1.94546e+07	1.84261e+07	1.8848e+07
Q59385	COPA_ECOLI	copA	Copper-exporting P-type ATPase A	6	6	5.41973e+06	5.10403e+06	4.79548e+06	4.44382e+06	5.28532e+06	4.63717e+06
Q93K97	ADPP_ECOLI	nudF	ADP-ribose pyrophosphatase	6	6	9.5037e+06	9.60189e+06	9.39164e+06	9.83458e+06	9.74863e+06	9.43333e+06
