Protein.Group	Protein.Ids	Protein.Names	Genes	First.Protein.Description	/home/lerost/DIA_tools_manuscript/input_files/PXD026600/RD139_Wide_UPS1_10fmol_inj2.mzML	/home/lerost/DIA_tools_manuscript/input_files/PXD026600/RD139_Wide_UPS1_10fmol_inj3.mzML	/home/lerost/DIA_tools_manuscript/input_files/PXD026600/RD139_Wide_UPS1_0_25fmol_inj2.mzML	/home/lerost/DIA_tools_manuscript/input_files/PXD026600/RD139_Wide_UPS1_0_25fmol_inj3.mzML	/home/lerost/DIA_tools_manuscript/input_files/PXD026600/RD139_Wide_UPS1_0_25fmol_inj1.mzML	/home/lerost/DIA_tools_manuscript/input_files/PXD026600/RD139_Wide_UPS1_10fmol_inj1r.mzML	isna	pval	log2_FC	Bonf_pass	BH_thr	BH_pass	FC_pass	Organism	Human	Ecoli	Yeast	FDR_pass	Search Engine	Quantitation	Imputation	FC_thr
P16083ups|NQO2_HUMAN_UPS Ribosyldihydronicotinamide dehydrogenase [quinone] (Chain 2-231) - Homo sapiens (Human)	P16083ups|NQO2_HUMAN_UPS Ribosyldihydronicotinamide dehydrogenase [quinone] (Chain 2-231) - Homo sapiens (Human)				4009540.0	3995610.0	43805.4	74376.6	106850.0	4042820.0	3	1.892217439943219e-08	-5.742516102377014	True	2.9744199881023203e-05	True	True	Human	True	False	False	True	umpire	manual	min	1.660964047443681
P10636-8ups|TAU_HUMAN_UPS Microtubule-associated protein tau {Isoform Tau-F (Tau-4)} (Chain 2-441) - Homo sapiens (Human)	P10636-8ups|TAU_HUMAN_UPS Microtubule-associated protein tau {Isoform Tau-F (Tau-4)} (Chain 2-441) - Homo sapiens (Human)				2570860.0	2532100.0	43805.4	74376.6	106850.0	2532800.0	3	1.7695645390512606e-07	-5.084569682765647	True	5.9488399762046407e-05	True	True	Human	True	False	False	True	umpire	manual	min	1.660964047443681
Q06830ups|PRDX1_HUMAN_UPS Peroxiredoxin 1 (Chain 2-199) - Homo sapiens (Human)	Q06830ups|PRDX1_HUMAN_UPS Peroxiredoxin 1 (Chain 2-199) - Homo sapiens (Human)				2243780.0	2244370.0	43805.4	74376.6	106850.0	2278990.0	3	4.922664291765995e-07	-4.910344160371108	True	8.923259964306962e-05	True	True	Human	True	False	False	True	umpire	manual	min	1.660964047443681
P01375ups|TNFA_HUMAN_UPS Tumor necrosis factor, soluble form (Chain 77-233) - Homo sapiens (Human)	P01375ups|TNFA_HUMAN_UPS Tumor necrosis factor, soluble form (Chain 77-233) - Homo sapiens (Human)				1580210.0	1547400.0	43805.4	74376.6	106850.0	1597250.0	3	6.084059833782586e-07	-4.3920695069204605	True	0.00011897679952409281	True	True	Human	True	False	False	True	umpire	manual	min	1.660964047443681
P0A7T7	P0A7T7		rpsR		61484800.0	62412600.0	84932300.0	84562000.0	84703800.0	62167600.0	0	2.0576445108042323e-05	0.45014654609824306	True	0.000148720999405116	True	False	Ecoli	False	True	False	True	umpire	manual	min	1.660964047443681
P41159ups|LEP_HUMAN_UPS Leptin (Chain 22-167) - Homo sapiens (Human)	P41159ups|LEP_HUMAN_UPS Leptin (Chain 22-167) - Homo sapiens (Human)				3497480.0	3437330.0	43805.4	74376.6	106850.0	3343970.0	3	2.1607537361996583e-05	-5.513395059217375	True	0.00017846519928613923	True	True	Human	True	False	False	True	umpire	manual	min	1.660964047443681
P63279ups|UBC9_HUMAN_UPS SUMO-conjugating enzyme UBC9 (Chain 1-158) - Homo sapiens (Human)	P63279ups|UBC9_HUMAN_UPS SUMO-conjugating enzyme UBC9 (Chain 1-158) - Homo sapiens (Human)				2669870.0	2556460.0	43805.4	74376.6	106850.0	2521740.0	3	4.6964516833032636e-05	-5.105634912779633	False	0.00020820939916716243	True	True	Human	True	False	False	True	umpire	manual	min	1.660964047443681
P0AG99	P0AG99		secG		6498850.0	6444920.0	5629520.0	5555180.0	5624110.0	6566690.0	0	7.743267423272882e-05	-0.21503020205630732	False	0.00023795359904818563	True	False	Ecoli	False	True	False	True	umpire	manual	min	1.660964047443681
P01112ups|RASH_HUMAN_UPS GTPase HRas (Chain 1-189) - Homo sapiens (Human)	P01112ups|RASH_HUMAN_UPS GTPase HRas (Chain 1-189) - Homo sapiens (Human)				4636160.0	4978200.0	43805.4	74376.6	655736.0	4408130.0	2	8.704129133369821e-05	-4.179418029339014	False	0.0002676977989292088	True	True	Human	True	False	False	True	umpire	manual	min	1.660964047443681
P0AEX9	P0AEX9		malE		7394260.0	7359890.0	6033740.0	6222980.0	6188220.0	7539560.0	0	9.063080815771194e-05	-0.2734116261083848	False	0.000297441998810232	True	False	Ecoli	False	True	False	True	umpire	manual	min	1.660964047443681
P61626ups|LYSC_HUMAN_UPS Lysozyme C (Chain 19-148) - Homo sapiens (Human)	P61626ups|LYSC_HUMAN_UPS Lysozyme C (Chain 19-148) - Homo sapiens (Human)				3599190.0	3379710.0	1021870.0	994084.0	708069.0	3453660.0	0	9.102929092769593e-05	-1.9372824281319816	False	0.0003271861986912552	True	True	Human	True	False	False	True	umpire	manual	min	1.660964047443681
P04040ups|CATA_HUMAN_UPS Catalase (Chain 2-527) - Homo sapiens (Human)	P04040ups|CATA_HUMAN_UPS Catalase (Chain 2-527) - Homo sapiens (Human)				2964250.0	3037150.0	43805.4	74376.6	106850.0	2847700.0	3	0.00010369295279629058	-5.297328657724911	False	0.00035693039857227847	True	True	Human	True	False	False	True	umpire	manual	min	1.660964047443681
P01008ups|ANT3_HUMAN_UPS Antithrombin-III (Chain 33-464) - Homo sapiens (Human)	P01008ups|ANT3_HUMAN_UPS Antithrombin-III (Chain 33-464) - Homo sapiens (Human)				5670040.0	5660820.0	43805.4	74376.6	567065.0	6405410.0	2	0.00010781768545993752	-4.693934720498405	False	0.0003866745984533016	True	True	Human	True	False	False	True	umpire	manual	min	1.660964047443681
O00762ups|UBE2C_HUMAN_UPS Ubiquitin-conjugating enzyme E2 C (Chain 1-179, N-terminal His tag)- Homo sapiens (Human)	O00762ups|UBE2C_HUMAN_UPS Ubiquitin-conjugating enzyme E2 C (Chain 1-179, N-terminal His tag)- Homo sapiens (Human)				2783850.0	2768380.0	43805.4	74376.6	106850.0	2606830.0	3	0.00014314308753029194	-5.180200874552347	False	0.00041641879833432486	True	True	Human	True	False	False	True	umpire	manual	min	1.660964047443681
P01344ups|IGF2_HUMAN_UPS Insulin-like growth factor II (Chain 25-91) - Homo sapiens (Human)	P01344ups|IGF2_HUMAN_UPS Insulin-like growth factor II (Chain 25-91) - Homo sapiens (Human)				7504840.0	7467270.0	133423.0	149970.0	132643.0	7761740.0	0	0.00014685533253233507	-5.771989844880198	False	0.000446162998215348	True	True	Human	True	False	False	True	umpire	manual	min	1.660964047443681
P0A6T3	P0A6T3		galK		2833750.0	2869590.0	3082860.0	3060310.0	3044460.0	2844170.0	0	0.00015970477233829595	0.10418855282223027	False	0.00047590719809637125	True	False	Ecoli	False	True	False	True	umpire	manual	min	1.660964047443681
P01031ups|CO5_HUMAN_UPS Complement C5 (C5a anaphylatoxin) (Chain 678-751) - Homo sapiens (Human)	P01031ups|CO5_HUMAN_UPS Complement C5 (C5a anaphylatoxin) (Chain 678-751) - Homo sapiens (Human)				5790860.0	5649750.0	147680.0	74376.6	106850.0	5432930.0	2	0.00021565734712855709	-5.680940908415651	False	0.0005056513979773945	True	True	Human	True	False	False	True	umpire	manual	min	1.660964047443681
P15559ups|NQO1_HUMAN_UPS NAD(P)H dehydrogenase [quinone] 1 (Chain 2-274) - Homo sapiens (Human)	P15559ups|NQO1_HUMAN_UPS NAD(P)H dehydrogenase [quinone] 1 (Chain 2-274) - Homo sapiens (Human)				3188170.0	3269070.0	43805.4	74376.6	106850.0	3450010.0	3	0.0003117889210631904	-5.460282582359648	False	0.0005353955978584176	True	True	Human	True	False	False	True	umpire	manual	min	1.660964047443681
P55957ups|BID_HUMAN_UPS BH3-interacting domain death agonist (Chain 1-195) - Homo sapiens (Human)	P55957ups|BID_HUMAN_UPS BH3-interacting domain death agonist (Chain 1-195) - Homo sapiens (Human)				2310050.0	2449560.0	43805.4	74376.6	106850.0	2532200.0	3	0.00033350605515077974	-5.018074894834738	False	0.0005651397977394409	True	True	Human	True	False	False	True	umpire	manual	min	1.660964047443681
P68871ups|HBB_HUMAN_UPS Hemoglobin subunit beta (Chain 2-147) - Homo sapiens (Human)	P68871ups|HBB_HUMAN_UPS Hemoglobin subunit beta (Chain 2-147) - Homo sapiens (Human)				4451180.0	4548570.0	1674950.0	1722020.0	1105300.0	5098200.0	0	0.00034771121034194574	-1.6467609112822943	False	0.000594883997620464	True	False	Human	True	False	False	True	umpire	manual	min	1.660964047443681
P0A7P5	P0A7P5		rpmH		29689500.0	30065000.0	25651300.0	25118600.0	25078800.0	30681700.0	0	0.0003848929063971222	-0.2537759195974216	False	0.0006246281975014873	True	False	Ecoli	False	True	False	True	umpire	manual	min	1.660964047443681
P00918ups|CAH2_HUMAN_UPS Carbonic anhydrase 2 (Chain 2-260) - Homo sapiens (Human)	P00918ups|CAH2_HUMAN_UPS Carbonic anhydrase 2 (Chain 2-260) - Homo sapiens (Human)				5221120.0	5567980.0	43805.4	74376.6	106850.0	5639740.0	3	0.0004578435727603869	-6.189956638361392	False	0.0006543723973825104	True	True	Human	True	False	False	True	umpire	manual	min	1.660964047443681
P69908	P69908		gadA		3428150.0	3326970.0	4402620.0	4690170.0	4523710.0	3144930.0	0	0.0004583520306680432	0.45984820247062447	False	0.0006841165972635337	True	False	Ecoli	False	True	False	True	umpire	manual	min	1.660964047443681
P0C0S1	P0C0S1		mscS		9834760.0	9838770.0	8637140.0	8746860.0	8434100.0	10092100.0	0	0.0004744252031891691	-0.20526459578390155	False	0.0007138607971445569	True	False	Ecoli	False	True	False	True	umpire	manual	min	1.660964047443681
P0A7L3	P0A7L3		rplT		44901100.0	45581600.0	37033600.0	36805600.0	35114800.0	43807700.0	0	0.0005062477542204708	-0.30163701198694093	False	0.00074360499702558	True	False	Ecoli	False	True	False	True	umpire	manual	min	1.660964047443681
P08758ups|ANXA5_HUMAN_UPS Annexin A5 (Chain 2-320) - Homo sapiens (Human)	P08758ups|ANXA5_HUMAN_UPS Annexin A5 (Chain 2-320) - Homo sapiens (Human)				4446110.0	4632360.0	43805.4	74376.6	106850.0	4858100.0	3	0.0005262571927976303	-5.952601555519008	False	0.0007733491969066032	True	True	Human	True	False	False	True	umpire	manual	min	1.660964047443681
Q15843ups|NEDD8_HUMAN_UPS NEDD8 (Chain 1-81) - Homo sapiens (Human)	Q15843ups|NEDD8_HUMAN_UPS NEDD8 (Chain 1-81) - Homo sapiens (Human)				5957440.0	5994340.0	43805.4	74376.6	106850.0	5505340.0	3	0.000648009414489894	-6.277541588649891	False	0.0008030933967876265	True	True	Human	True	False	False	True	umpire	manual	min	1.660964047443681
P09053	P09053		avtA		890564.0	884644.0	975366.0	969320.0	991687.0	876858.0	0	0.0007916051923462623	0.14691856252752525	False	0.0008328375966686497	True	False	Ecoli	False	True	False	True	umpire	manual	min	1.660964047443681
P01579ups|IFNG_HUMAN_UPS Interferon Gamma (Chain 23-166) - Homo sapiens (Human)	P01579ups|IFNG_HUMAN_UPS Interferon Gamma (Chain 23-166) - Homo sapiens (Human)				5981550.0	5856840.0	43805.4	74376.6	106850.0	6448220.0	3	0.0008024797074371849	-6.344513670466269	False	0.000862581796549673	True	True	Human	True	False	False	True	umpire	manual	min	1.660964047443681
P63165ups|SUMO1_HUMAN_UPS Small ubiquitin-related modifier 1 (Chain 1-97, N-terminal GST tag) - Homo sapiens (Human)	P63165ups|SUMO1_HUMAN_UPS Small ubiquitin-related modifier 1 (Chain 1-97, N-terminal GST tag) - Homo sapiens (Human)				5579020.0	5645340.0	2349080.0	2489570.0	2531580.0	5169270.0	0	0.0008406782793399742	-1.1533537953440403	False	0.000892325996430696	True	False	Human	True	False	False	True	umpire	manual	min	1.660964047443681
P65870	P65870		queD		3162070.0	3280610.0	2835130.0	2749500.0	2854900.0	3228460.0	0	0.0009728048683287294	-0.19652330250521682	False	0.0009220701963117193	False	False	Ecoli	False	True	False	False	umpire	manual	min	1.660964047443681
P99999ups|CYC_HUMAN_UPS Cytochrome c (Chain 2-105) - Homo sapiens (Human)	P99999ups|CYC_HUMAN_UPS Cytochrome c (Chain 2-105) - Homo sapiens (Human)				1577650.0	1610250.0	43805.4	74376.6	106850.0	1797830.0	3	0.0010142809937347963	-4.469602681173641	False	0.0009518143961927425	False	True	Human	True	False	False	False	umpire	manual	min	1.660964047443681
P77717	P77717		ybaY		1667570.0	1658470.0	1412670.0	1359440.0	1440090.0	1731230.0	0	0.0010305743974314168	-0.2637848650532874	False	0.0009815585960737656	False	False	Ecoli	False	True	False	False	umpire	manual	min	1.660964047443681
P02787ups|TRFE_HUMAN_UPS Serotransferrin (Chain 20-698) - Homo sapiens (Human)	P02787ups|TRFE_HUMAN_UPS Serotransferrin (Chain 20-698) - Homo sapiens (Human)				6875160.0	6792460.0	1426210.0	2468620.0	1991410.0	6426700.0	0	0.001056693117583312	-1.7713694851554422	False	0.001011302795954789	False	True	Human	True	False	False	False	umpire	manual	min	1.660964047443681
P02768ups|ALBU_HUMAN_UPS Serum albumin (Chain 26-609) - Homo sapiens (Human)	P02768ups|ALBU_HUMAN_UPS Serum albumin (Chain 26-609) - Homo sapiens (Human)				9386050.0	9385590.0	1488600.0	2419230.0	1947990.0	9462360.0	0	0.00118667051160462	-2.2694904215141407	False	0.001041046995835812	False	True	Human	True	False	False	False	umpire	manual	min	1.660964047443681
P0A8B5	P0A8B5		ybaB		2435510.0	2232960.0	1464860.0	1338230.0	1132440.0	2489670.0	0	0.001202389639171365	-0.8630268231262699	False	0.0010707911957168353	False	False	Ecoli	False	True	False	False	umpire	manual	min	1.660964047443681
P62988ups|UBIQ_HUMAN_UPS Ubiquitin (Chain 1-76, N-terminal His tag) - Homo sapiens (Human)	P62988ups|UBIQ_HUMAN_UPS Ubiquitin (Chain 1-76, N-terminal His tag) - Homo sapiens (Human)				1017200.0	998302.0	174123.0	177991.0	174838.0	1098930.0	0	0.0012610408909295037	-2.563225615173445	False	0.0011005353955978584	False	True	Human	True	False	False	False	umpire	manual	min	1.660964047443681
P00709ups|LALBA_HUMAN_UPS Alpha-lactalbumin (Chain 20-142) - Homo sapiens (Human)	P00709ups|LALBA_HUMAN_UPS Alpha-lactalbumin (Chain 20-142) - Homo sapiens (Human)				1170240.0	1120070.0	276835.0	231652.0	421905.0	1075890.0	0	0.0013090111049011775	-1.8552102988257708	False	0.0011302795954788818	False	True	Human	True	False	False	False	umpire	manual	min	1.660964047443681
P01133ups|EGF_HUMAN_UPS Pro-Epidermal growth factor (EGF) (Chain 971-1023) - Homo sapiens (Human)	P01133ups|EGF_HUMAN_UPS Pro-Epidermal growth factor (EGF) (Chain 971-1023) - Homo sapiens (Human)				3179680.0	3084610.0	43805.4	74376.6	106850.0	3505490.0	3	0.0013271177520622474	-5.440124000087728	False	0.001160023795359905	False	True	Human	True	False	False	False	umpire	manual	min	1.660964047443681
P02788ups|TRFL_HUMAN_UPS Lactotransferrin (Chain 20-710) - Homo sapiens (Human)	P02788ups|TRFL_HUMAN_UPS Lactotransferrin (Chain 20-710) - Homo sapiens (Human)				3999940.0	4088210.0	43805.4	563737.0	626262.0	4162690.0	1	0.001490270084643573	-3.3116950720463096	False	0.001189767995240928	False	True	Human	True	False	False	False	umpire	manual	min	1.660964047443681
P52644	P52644		hslJ		7274410.0	6972170.0	6189940.0	6027800.0	6053090.0	7116390.0	0	0.001501335505852404	-0.2255700589007901	False	0.0012195121951219514	False	False	Ecoli	False	True	False	False	umpire	manual	min	1.660964047443681
O76070ups|SYUG_HUMAN_UPS Gamma-synuclein (Chain 1-127) - Homo sapiens (Human)	O76070ups|SYUG_HUMAN_UPS Gamma-synuclein (Chain 1-127) - Homo sapiens (Human)				3485780.0	3655450.0	43805.4	74376.6	642565.0	3441900.0	2	0.0015747900507274127	-3.7982058232574474	False	0.0012492563950029746	False	True	Human	True	False	False	False	umpire	manual	min	1.660964047443681
P23871	P23871		hemH		2480800.0	2531740.0	2322130.0	2353830.0	2363860.0	2494580.0	0	0.0016085417695612966	-0.09272100310718547	False	0.0012790005948839975	False	False	Ecoli	False	True	False	False	umpire	manual	min	1.660964047443681
P06732ups|KCRM_HUMAN_UPS Creatine kinase M-type (Chain 1-381) - Homo sapiens (Human)	P06732ups|KCRM_HUMAN_UPS Creatine kinase M-type (Chain 1-381) - Homo sapiens (Human)				3411920.0	3404300.0	483749.0	74376.6	106850.0	3418860.0	2	0.0016760733477861089	-3.944077163986389	False	0.0013087447947650209	False	True	Human	True	False	False	False	umpire	manual	min	1.660964047443681
P31467	P31467		yieH		2198380.0	2215700.0	1871530.0	1948000.0	1866030.0	2309140.0	0	0.001746228181125116	-0.24184990424992645	False	0.001338488994646044	False	False	Ecoli	False	True	False	False	umpire	manual	min	1.660964047443681
P0A7Q1	P0A7Q1		rpmI		10128200.0	11750100.0	17638200.0	16988300.0	18143100.0	11998800.0	0	0.0020637050457382377	0.6393966676284566	False	0.0013682331945270674	False	False	Ecoli	False	True	False	False	umpire	manual	min	1.660964047443681
P00441ups|SODC_HUMAN_UPS Superoxide dismutase [Cu-Zn] (Chain 2-154) - Homo sapiens (Human)	P00441ups|SODC_HUMAN_UPS Superoxide dismutase [Cu-Zn] (Chain 2-154) - Homo sapiens (Human)				2164440.0	2177310.0	43805.4	74376.6	625519.0	1731140.0	2	0.0022152553535381455	-3.029588620329625	False	0.0013979773944080905	False	True	Human	True	False	False	False	umpire	manual	min	1.660964047443681
P52614	P52614		fliK		1477740.0	1414970.0	1775150.0	1726540.0	1676340.0	1474050.0	0	0.002264815260883315	0.2458400819884847	False	0.0014277215942891139	False	False	Ecoli	False	True	False	False	umpire	manual	min	1.660964047443681
P0A6K1	P0A6K1		dapF		711080.0	666174.0	405695.0	371788.0	409411.0	758773.0	0	0.002402709312921257	-0.8477387877579516	False	0.001457465794170137	False	False	Ecoli	False	True	False	False	umpire	manual	min	1.660964047443681
P62937ups|PPIA_HUMAN_UPS Peptidyl-prolyl cis-trans isomerase A (Chain 1-165, N terminal His tag)- Homo sapiens (Human)	P62937ups|PPIA_HUMAN_UPS Peptidyl-prolyl cis-trans isomerase A (Chain 1-165, N terminal His tag)- Homo sapiens (Human)				1729840.0	1831540.0	43805.4	383904.0	397927.0	1678240.0	1	0.0025109932851293455	-2.66588370338035	False	0.00148720999405116	False	True	Human	True	False	False	False	umpire	manual	min	1.660964047443681
P61769ups|B2MG_HUMAN_UPS Beta-2-microglobulin (Chain 21-119) - Homo sapiens (Human)	P61769ups|B2MG_HUMAN_UPS Beta-2-microglobulin (Chain 21-119) - Homo sapiens (Human)				1624650.0	1635780.0	43805.4	74376.6	106850.0	1356670.0	3	0.0028820030117269538	-4.358784904244606	False	0.0015169541939321833	False	True	Human	True	False	False	False	umpire	manual	min	1.660964047443681
P08263ups|GSTA1_HUMAN_UPS Glutathione S-transferase A1 (Chain 2-222) - Homo sapiens (Human)	P08263ups|GSTA1_HUMAN_UPS Glutathione S-transferase A1 (Chain 2-222) - Homo sapiens (Human)				4617300.0	4682210.0	43805.4	74376.6	106850.0	3932870.0	3	0.002905641799616545	-5.877798590343556	False	0.0015466983938132064	False	True	Human	True	False	False	False	umpire	manual	min	1.660964047443681
P36683	P36683		acnB		10840400.0	10972500.0	10608000.0	10527200.0	10478700.0	10869500.0	0	0.0029733728513099055	-0.04795490820038573	False	0.0015764425936942298	False	False	Ecoli	False	True	False	False	umpire	manual	min	1.660964047443681
P77433	P77433		ykgG		1409660.0	1490630.0	1207430.0	1255280.0	1281420.0	1464810.0	0	0.0031246749345434617	-0.22138417727944	False	0.001606186793575253	False	False	Ecoli	False	True	False	False	umpire	manual	min	1.660964047443681
P10145ups|IL8_HUMAN_UPS Interleukin-8, IL-8 (Chain 28-99) - Homo sapiens (Human)	P10145ups|IL8_HUMAN_UPS Interleukin-8, IL-8 (Chain 28-99) - Homo sapiens (Human)				970544.0	1028060.0	43805.4	74376.6	106850.0	813925.0	3	0.003231000358648641	-3.6436658967816227	False	0.001635930993456276	False	True	Human	True	False	False	False	umpire	manual	min	1.660964047443681
P69853	P69853		dmsD		1340410.0	1301460.0	1113260.0	1180820.0	1156180.0	1332190.0	0	0.0034767548433684756	-0.20390857179402505	False	0.0016656751933372994	False	False	Ecoli	False	True	False	False	umpire	manual	min	1.660964047443681
P75864	P75864		rlmL		1858760.0	1815210.0	1679690.0	1653170.0	1610340.0	1791220.0	0	0.0035391940648753202	-0.14482637421332437	False	0.0016954193932183226	False	False	Ecoli	False	True	False	False	umpire	manual	min	1.660964047443681
P0A9M0	P0A9M0		lon		9549670.0	9502630.0	9909090.0	9794900.0	9819480.0	9398030.0	0	0.003945756991145818	0.05341690983666302	False	0.001725163593099346	False	False	Ecoli	False	True	False	False	umpire	manual	min	1.660964047443681
P0AAV4	P0AAV4		ybgJ		332822.0	393853.0	554256.0	523631.0	488068.0	371154.0	0	0.00401583155129501	0.5123894004482512	False	0.0017549077929803689	False	False	Ecoli	False	True	False	False	umpire	manual	min	1.660964047443681
Q46829	Q46829		bglA		14273700.0	14249600.0	12751100.0	13075100.0	12632700.0	14121800.0	0	0.004505937424219456	-0.14906248340803965	False	0.001784651992861392	False	False	Ecoli	False	True	False	False	umpire	manual	min	1.660964047443681
P69425	P69425		tatB		3073580.0	2989280.0	2732360.0	2737420.0	2593100.0	3090710.0	0	0.004870208537050008	-0.1830392705789259	False	0.0018143961927424154	False	False	Ecoli	False	True	False	False	umpire	manual	min	1.660964047443681
P0ABU2	P0ABU2		ychF		16187300.0	16272300.0	16765400.0	16657200.0	16555700.0	16136400.0	0	0.005089503186202558	0.04046426071838721	False	0.0018441403926234385	False	False	Ecoli	False	True	False	False	umpire	manual	min	1.660964047443681
P0A784	P0A784		orn		3181930.0	3107790.0	2889470.0	2976070.0	2926460.0	3101250.0	0	0.005204594870231285	-0.09508279628987486	False	0.0018738845925044619	False	False	Ecoli	False	True	False	False	umpire	manual	min	1.660964047443681
P00167ups|CYB5_HUMAN_UPS Cytochrome b5 (Chain 1-134, N-terminal His tag) - Homo sapiens (Human)	P00167ups|CYB5_HUMAN_UPS Cytochrome b5 (Chain 1-134, N-terminal His tag) - Homo sapiens (Human)				3520330.0	3600080.0	850105.0	74376.6	106850.0	3489280.0	2	0.0055855319643597625	-3.3628023268995255	False	0.001903628792385485	False	True	Human	True	False	False	False	umpire	manual	min	1.660964047443681
P42628	P42628		yhaO		11544200.0	11328700.0	9482210.0	9619930.0	9446090.0	11994100.0	0	0.005663318911079675	-0.28846093740459783	False	0.001933372992266508	False	False	Ecoli	False	True	False	False	umpire	manual	min	1.660964047443681
P02144ups|MYG_HUMAN_UPS Myoglobin (Chain 2-154) - Homo sapiens (Human)	P02144ups|MYG_HUMAN_UPS Myoglobin (Chain 2-154) - Homo sapiens (Human)				4520890.0	4724410.0	43805.4	74376.6	106850.0	3665020.0	3	0.00571885688507939	-5.842250779892037	False	0.0019631171921475313	False	True	Human	True	False	False	False	umpire	manual	min	1.660964047443681
P69797	P69797		manX		9611220.0	9547300.0	10026300.0	10109600.0	10321700.0	9417230.0	0	0.006308919847857999	0.09201090076927573	False	0.0019928613920285544	False	False	Ecoli	False	True	False	False	umpire	manual	min	1.660964047443681
P0ACM2	P0ACM2		ydfH		1507340.0	1510200.0	1587920.0	1587140.0	1605820.0	1471510.0	0	0.006572244054978354	0.09086602913189115	False	0.002022605591909578	False	False	Ecoli	False	True	False	False	umpire	manual	min	1.660964047443681
P0AC19	P0AC19		folX		3993220.0	3929130.0	3489190.0	3640470.0	3490380.0	3925770.0	0	0.006768917315960029	-0.15786895769014211	False	0.002052349791790601	False	False	Ecoli	False	True	False	False	umpire	manual	min	1.660964047443681
P25519	P25519		hflX		2710710.0	2733640.0	2942080.0	2937120.0	2870210.0	2704520.0	0	0.006820766788712031	0.10258571943416574	False	0.002082093991671624	False	False	Ecoli	False	True	False	False	umpire	manual	min	1.660964047443681
P36929	P36929		rsmB		3024520.0	3073360.0	3248550.0	3205200.0	3299950.0	3096260.0	0	0.0068224243499398676	0.0852349649091834	False	0.0021118381915526474	False	False	Ecoli	False	True	False	False	umpire	manual	min	1.660964047443681
P07639	P07639		aroB		3244880.0	3164390.0	3348200.0	3390230.0	3406640.0	3229640.0	0	0.006877261075331927	0.07383690354660842	False	0.0021415823914336706	False	False	Ecoli	False	True	False	False	umpire	manual	min	1.660964047443681
P09155	P09155		rnd		2226550.0	2183910.0	2317170.0	2381300.0	2329130.0	2203480.0	0	0.006894105649365767	0.08752211991609637	False	0.0021713265913146937	False	False	Ecoli	False	True	False	False	umpire	manual	min	1.660964047443681
P0AFX0	P0AFX0		hpf		871458.0	809108.0	602187.0	665597.0	692747.0	832723.0	0	0.006916567700027828	-0.35833212048878543	False	0.002201070791195717	False	False	Ecoli	False	True	False	False	umpire	manual	min	1.660964047443681
P0AFQ7	P0AFQ7		ycfH		4970520.0	4973560.0	5055700.0	5121470.0	5102610.0	4913440.0	0	0.007030927464161351	0.04043044844684429	False	0.00223081499107674	False	False	Ecoli	False	True	False	False	umpire	manual	min	1.660964047443681
P05719	P05719		hsdS		1359760.0	1361840.0	1473950.0	1435830.0	1472020.0	1396860.0	0	0.007095557456782605	0.08941865960386161	False	0.0022605591909577636	False	False	Ecoli	False	True	False	False	umpire	manual	min	1.660964047443681
P04805	P04805		gltX		25312400.0	25446500.0	24425500.0	24365000.0	24792800.0	25599000.0	0	0.007223807965522138	-0.053399047695999395	False	0.0022903033908387863	False	False	Ecoli	False	True	False	False	umpire	manual	min	1.660964047443681
P38506	P38506		ygdG		1545900.0	1611790.0	1417370.0	1438360.0	1448130.0	1581090.0	0	0.0073015818305657045	-0.1388845354382534	False	0.00232004759071981	False	False	Ecoli	False	True	False	False	umpire	manual	min	1.660964047443681
P0ADZ7	P0ADZ7		yajC		20572200.0	21638900.0	23686300.0	25016800.0	23479000.0	20080000.0	0	0.007808694067251737	0.21261506706080785	False	0.002349791790600833	False	False	Ecoli	False	True	False	False	umpire	manual	min	1.660964047443681
P33018	P33018		yeiG		436129.0	400799.0	218459.0	229102.0	175437.0	513922.0	0	0.008041015225481955	-1.1165680480643205	False	0.002379535990481856	False	False	Ecoli	False	True	False	False	umpire	manual	min	1.660964047443681
P05413ups|FABPH_HUMAN_UPS Fatty acid-binding protein, heart (Chain 2-133) - Homo sapiens (Human)	P05413ups|FABPH_HUMAN_UPS Fatty acid-binding protein, heart (Chain 2-133) - Homo sapiens (Human)				3759690.0	3683390.0	1196350.0	789273.0	1207130.0	2790610.0	0	0.008181194065393216	-1.6804535853038731	False	0.0024092801903628793	False	True	Human	True	False	False	False	umpire	manual	min	1.660964047443681
P0ACF4	P0ACF4		hupB		32060200.0	31501400.0	35958500.0	34477200.0	35174100.0	31949700.0	0	0.008219679444935294	0.14500038046916214	False	0.002439024390243903	False	False	Ecoli	False	True	False	False	umpire	manual	min	1.660964047443681
P77718	P77718		thiI		4665030.0	4596000.0	4412580.0	4373910.0	4453830.0	4561550.0	0	0.008503797312689333	-0.06208893101518911	False	0.002468768590124926	False	False	Ecoli	False	True	False	False	umpire	manual	min	1.660964047443681
P33235	P33235		flgK		1549720.0	1561660.0	1449770.0	1422820.0	1445020.0	1511550.0	0	0.008793048736407466	-0.09857458373013085	False	0.002498512790005949	False	False	Ecoli	False	True	False	False	umpire	manual	min	1.660964047443681
P28904	P28904		treC		2511470.0	2465710.0	2254400.0	2149100.0	2254440.0	2470650.0	0	0.008952070811986441	-0.16174427386008602	False	0.002528256989886972	False	False	Ecoli	False	True	False	False	umpire	manual	min	1.660964047443681
P39321	P39321		tamB		813082.0	783578.0	728679.0	733958.0	696184.0	782838.0	0	0.009532785898976624	-0.14041361554098997	False	0.002558001189767995	False	False	Ecoli	False	True	False	False	umpire	manual	min	1.660964047443681
P06988	P06988		hisD		1633540.0	1619680.0	1736110.0	1793870.0	1831460.0	1537640.0	0	0.009709957539028804	0.16233588313717778	False	0.0025877453896490186	False	False	Ecoli	False	True	False	False	umpire	manual	min	1.660964047443681
P0AA04	P0AA04		ptsH		47039000.0	49244500.0	58112100.0	58875700.0	55611200.0	43334600.0	0	0.009934075812878009	0.30593812216675303	False	0.0026174895895300417	False	False	Ecoli	False	True	False	False	umpire	manual	min	1.660964047443681
P0A991	P0A991		fbaB		8341590.0	8462050.0	8665360.0	8776460.0	8689240.0	8269120.0	0	0.010022736610568168	0.059644832171768164	False	0.002647233789411065	False	False	Ecoli	False	True	False	False	umpire	manual	min	1.660964047443681
P0ACN4	P0ACN4		allR		8988500.0	9013100.0	9378550.0	9730840.0	9713380.0	8708970.0	0	0.01005721179520602	0.10979822854500855	False	0.002676977989292088	False	False	Ecoli	False	True	False	False	umpire	manual	min	1.660964047443681
P0A9I1	P0A9I1		citE		6170850.0	6326740.0	6595030.0	6516200.0	6535990.0	6269960.0	0	0.01057693627651896	0.06608486497928961	False	0.002706722189173111	False	False	Ecoli	False	True	False	False	umpire	manual	min	1.660964047443681
P0AFL6	P0AFL6		ppx		1607180.0	1565230.0	1506350.0	1528080.0	1480980.0	1606020.0	0	0.01062747843184466	-0.08167969385685964	False	0.0027364663890541347	False	False	Ecoli	False	True	False	False	umpire	manual	min	1.660964047443681
P22333	P22333		add		19055200.0	19056900.0	18279300.0	18093400.0	17893300.0	18980600.0	0	0.010716632312321164	-0.07325772103835913	False	0.002766210588935158	False	False	Ecoli	False	True	False	False	umpire	manual	min	1.660964047443681
P32131	P32131		hemN		2224970.0	2221090.0	2377260.0	2337000.0	2307240.0	2153600.0	0	0.010718696040048077	0.08938756386793943	False	0.002795954788816181	False	False	Ecoli	False	True	False	False	umpire	manual	min	1.660964047443681
P0A8P3	P0A8P3		yggX		27651200.0	26993700.0	25844400.0	26324000.0	26257400.0	27210000.0	0	0.01099934445497604	-0.06174044125085646	False	0.002825698988697204	False	False	Ecoli	False	True	False	False	umpire	manual	min	1.660964047443681
P0ADT2	P0ADT2		ygiB		654246.0	569683.0	830763.0	752722.0	739417.0	582049.0	0	0.011500729122528398	0.3631479717826984	False	0.0028554431885782277	False	False	Ecoli	False	True	False	False	umpire	manual	min	1.660964047443681
P39411	P39411		yjjX		2698410.0	2771600.0	2998490.0	3013650.0	3137970.0	2852960.0	0	0.011785835710738274	0.13669065018576923	False	0.002885187388459251	False	False	Ecoli	False	True	False	False	umpire	manual	min	1.660964047443681
P31697	P31697		fimC		4209740.0	4288160.0	4447060.0	4365030.0	4478340.0	4204630.0	0	0.011797311658372776	0.06527191107762102	False	0.002914931588340274	False	False	Ecoli	False	True	False	False	umpire	manual	min	1.660964047443681
Q46925	Q46925		csdA		3513660.0	3723610.0	3940210.0	4047710.0	3929380.0	3615190.0	0	0.011991854839591358	0.13503530871908573	False	0.002944675788221297	False	False	Ecoli	False	True	False	False	umpire	manual	min	1.660964047443681
P0AEG4	P0AEG4		dsbA		5577060.0	5256570.0	4973540.0	4897230.0	4732790.0	5378420.0	0	0.012050952994052786	-0.1507464232985096	False	0.00297441998810232	False	False	Ecoli	False	True	False	False	umpire	manual	min	1.660964047443681
P0A6F3	P0A6F3		glpK		4709530.0	4720270.0	4530380.0	4595380.0	4499280.0	4824920.0	0	0.01233475674194147	-0.06517923593026262	False	0.003004164187983344	False	False	Ecoli	False	True	False	False	umpire	manual	min	1.660964047443681
P0ACA7	P0ACA7		gstB		2413900.0	2403760.0	2310060.0	2307200.0	2233640.0	2479480.0	0	0.01257823917347074	-0.09103760619836065	False	0.0030339083878643666	False	False	Ecoli	False	True	False	False	umpire	manual	min	1.660964047443681
P06396ups|GELS_HUMAN_UPS Gelsolin (Chain 28-782) - Homo sapiens (Human)	P06396ups|GELS_HUMAN_UPS Gelsolin (Chain 28-782) - Homo sapiens (Human)				1839630.0	1915820.0	43805.4	718615.0	106850.0	2019820.0	2	0.013028517679944411	-2.732011471061814	False	0.0030636525877453897	False	True	Human	True	False	False	False	umpire	manual	min	1.660964047443681
P0AG30	P0AG30		rho		22697600.0	22881400.0	23408200.0	23092700.0	23405100.0	22566200.0	0	0.01395424157189428	0.03680424646882641	False	0.003093396787626413	False	False	Ecoli	False	True	False	False	umpire	manual	min	1.660964047443681
P03841	P03841		malM		9603900.0	9996040.0	10565500.0	10467100.0	10622500.0	9865990.0	0	0.014349606085093924	0.10339015204364668	False	0.003123140987507436	False	False	Ecoli	False	True	False	False	umpire	manual	min	1.660964047443681
P76256	P76256		yeaZ		2024640.0	1916810.0	2228880.0	2131200.0	2204270.0	2026990.0	0	0.01439988951853263	0.13729826636492867	False	0.0031528851873884596	False	False	Ecoli	False	True	False	False	umpire	manual	min	1.660964047443681
P0AFK9	P0AFK9		potD		5100120.0	5048590.0	4760940.0	4896080.0	4766050.0	4995490.0	0	0.01445452893004333	-0.07038708919228182	False	0.0031826293872694827	False	False	Ecoli	False	True	False	False	umpire	manual	min	1.660964047443681
P0A6F9	P0A6F9		groS		92715400.0	92286900.0	106910000.0	103760000.0	102549000.0	84997800.0	0	0.014475139964893923	0.21421178818100356	False	0.003212373587150506	False	False	Ecoli	False	True	False	False	umpire	manual	min	1.660964047443681
Q46845	Q46845		yghU		235917.0	291104.0	370447.0	342894.0	330561.0	256094.0	0	0.014701709586445205	0.4146901930081978	False	0.003242117787031529	False	False	Ecoli	False	True	False	False	umpire	manual	min	1.660964047443681
P31554	P31554		lptD		7050210.0	6945180.0	7171270.0	7318240.0	7374890.0	6891770.0	0	0.014994555253021834	0.0659674143440944	False	0.003271861986912552	False	False	Ecoli	False	True	False	False	umpire	manual	min	1.660964047443681
P0AF63	P0AF63		nsrR		1366530.0	1306030.0	1417070.0	1497520.0	1500790.0	1303330.0	0	0.015102067112460973	0.15125976284997947	False	0.0033016061867935757	False	False	Ecoli	False	True	False	False	umpire	manual	min	1.660964047443681
P0A763	P0A763		ndk		12935700.0	13128100.0	14086200.0	14163700.0	14682200.0	13584600.0	0	0.015143012305208179	0.11479409559172554	False	0.003331350386674599	False	False	Ecoli	False	True	False	False	umpire	manual	min	1.660964047443681
P00393	P00393		ndh		5771150.0	5769380.0	5622650.0	5631840.0	5544050.0	5704560.0	0	0.015337648906260009	-0.03784980757932434	False	0.003361094586555622	False	False	Ecoli	False	True	False	False	umpire	manual	min	1.660964047443681
P07822	P07822		fhuD		348390.0	366659.0	422402.0	443420.0	475143.0	297611.0	0	0.015557266612822598	0.4051217110936364	False	0.003390838786436645	False	False	Ecoli	False	True	False	False	umpire	manual	min	1.660964047443681
P0A9Z1	P0A9Z1		glnB		24422600.0	24423900.0	22866300.0	22614800.0	22837300.0	23739400.0	0	0.016304659358191524	-0.08741514037651411	False	0.003420582986317668	False	False	Ecoli	False	True	False	False	umpire	manual	min	1.660964047443681
P24183	P24183		fdnG		5801610.0	5805520.0	5666610.0	5743710.0	5694830.0	5849510.0	0	0.016556209457091187	-0.02934514464410759	False	0.003450327186198692	False	False	Ecoli	False	True	False	False	umpire	manual	min	1.660964047443681
P0A908	P0A908		mipA		2416180.0	2307920.0	1956300.0	1979260.0	1939810.0	2536540.0	0	0.017486017527818802	-0.30541701443516034	False	0.0034800713860797146	False	False	Ecoli	False	True	False	False	umpire	manual	min	1.660964047443681
P76187	P76187		ydhF		2675840.0	2832330.0	2382080.0	2344340.0	2097740.0	2750330.0	0	0.01785608172959924	-0.27522829459038517	False	0.0035098155859607377	False	False	Ecoli	False	True	False	False	umpire	manual	min	1.660964047443681
P27303	P27303		emrA		3870710.0	3697220.0	3559190.0	3525980.0	3461990.0	3854200.0	0	0.018420913630303317	-0.11497712836099601	False	0.003539559785841761	False	False	Ecoli	False	True	False	False	umpire	manual	min	1.660964047443681
P60560	P60560		guaC		4334730.0	4421290.0	4636110.0	4809200.0	4747470.0	4133710.0	0	0.0185140600859157	0.1389351598584279	False	0.003569303985722784	False	False	Ecoli	False	True	False	False	umpire	manual	min	1.660964047443681
P32160	P32160		yiiQ		2538850.0	2483710.0	2717330.0	2601120.0	2657800.0	2442670.0	0	0.018591691036068874	0.09552391915040158	False	0.0035990481856038076	False	False	Ecoli	False	True	False	False	umpire	manual	min	1.660964047443681
P10346	P10346		glnQ		3212300.0	3239000.0	3623060.0	3741820.0	3509520.0	3306630.0	0	0.01890652463365637	0.15628876277707796	False	0.0036287923854848307	False	False	Ecoli	False	True	False	False	umpire	manual	min	1.660964047443681
P0AAR3	P0AAR3		ybaK		1896740.0	1986620.0	2241770.0	2079530.0	2140170.0	1881260.0	0	0.019723947516309903	0.16463690936630163	False	0.003658536585365854	False	False	Ecoli	False	True	False	False	umpire	manual	min	1.660964047443681
P64596	P64596		yraP		11624500.0	11424700.0	12341400.0	12330600.0	12363100.0	11134700.0	0	0.02125743592852031	0.11557623094296468	False	0.003688280785246877	False	False	Ecoli	False	True	False	False	umpire	manual	min	1.660964047443681
P0AEQ6	P0AEQ6		glnP		4680320.0	4592990.0	3950680.0	3957320.0	3900370.0	5014030.0	0	0.02153083571032544	-0.2749275099821693	False	0.0037180249851279	False	False	Ecoli	False	True	False	False	umpire	manual	min	1.660964047443681
P27298	P27298		prlC		10459000.0	10410900.0	10650600.0	10576300.0	10526600.0	10345600.0	0	0.021564220870696246	0.024653045756153208	False	0.0037477691850089237	False	False	Ecoli	False	True	False	False	umpire	manual	min	1.660964047443681
P37329	P37329		modA		3860450.0	3914860.0	3990480.0	4028210.0	4090240.0	3917900.0	0	0.02184826786626728	0.05040035716985781	False	0.003777513384889947	False	False	Ecoli	False	True	False	False	umpire	manual	min	1.660964047443681
P26646	P26646		acuI		6486680.0	6579550.0	6034370.0	6013750.0	6240950.0	6334460.0	0	0.02198469743181565	-0.08512624800271593	False	0.00380725758477097	False	False	Ecoli	False	True	False	False	umpire	manual	min	1.660964047443681
P0AFW8	P0AFW8		rof		2808660.0	2776750.0	3019100.0	3126940.0	2927470.0	2671230.0	0	0.02215607505341423	0.13610594816541574	False	0.003837001784651993	False	False	Ecoli	False	True	False	False	umpire	manual	min	1.660964047443681
P75937	P75937		flgE		3763040.0	3888780.0	3986810.0	4080030.0	4161550.0	3860500.0	0	0.02226826077244655	0.08705587059437485	False	0.003866745984533016	False	False	Ecoli	False	True	False	False	umpire	manual	min	1.660964047443681
P75883	P75883		gfcC		1446870.0	1557070.0	1095240.0	1139470.0	922858.0	1286440.0	0	0.022342682072351506	-0.4422916296393049	False	0.00389649018441404	False	False	Ecoli	False	True	False	False	umpire	manual	min	1.660964047443681
P23869	P23869		ppiB		38155600.0	36355400.0	42262500.0	41046300.0	43392000.0	33780600.0	0	0.02283317150287354	0.2265042939888005	False	0.003926234384295063	False	False	Ecoli	False	True	False	False	umpire	manual	min	1.660964047443681
P0AEI1	P0AEI1		miaB		11465800.0	11536800.0	11180900.0	11176100.0	11065600.0	11321000.0	0	0.02295674978690024	-0.0383769091219367	False	0.003955978584176086	False	False	Ecoli	False	True	False	False	umpire	manual	min	1.660964047443681
P0AAI3	P0AAI3		ftsH		13661500.0	13650800.0	14205200.0	13965300.0	14007200.0	13756800.0	0	0.023179138834199055	0.038427093373319295	False	0.003985722784057109	False	False	Ecoli	False	True	False	False	umpire	manual	min	1.660964047443681
P0ADU5	P0ADU5		ygiW		7710750.0	7939980.0	7329610.0	7441380.0	7479940.0	8036750.0	0	0.02330407646280045	-0.09025908894704764	False	0.004015466983938132	False	False	Ecoli	False	True	False	False	umpire	manual	min	1.660964047443681
P0A6A8	P0A6A8		acpP		163187000.0	161285000.0	151363000.0	150577000.0	148141000.0	170480000.0	0	0.02356063210518526	-0.13710395752713836	False	0.004045211183819156	False	False	Ecoli	False	True	False	False	umpire	manual	min	1.660964047443681
P0ABV6	P0ABV6		tolR		7146220.0	7273570.0	5900100.0	5866120.0	6699080.0	7835490.0	0	0.023818345106245455	-0.26933095010787106	False	0.004074955383700179	False	False	Ecoli	False	True	False	False	umpire	manual	min	1.660964047443681
P0ACY9	P0ACY9		yebG		840870.0	777396.0	880461.0	886396.0	920119.0	814512.0	0	0.023977982592490846	0.14337876027524227	False	0.004104699583581202	False	False	Ecoli	False	True	False	False	umpire	manual	min	1.660964047443681
P64451	P64451		ydcL		1639180.0	1702570.0	1596920.0	1513870.0	1556600.0	1741530.0	0	0.024092999945517803	-0.12314367855056278	False	0.004134443783462225	False	False	Ecoli	False	True	False	False	umpire	manual	min	1.660964047443681
P39099	P39099		degQ		5433190.0	5363290.0	5735100.0	5595360.0	5729240.0	5171970.0	0	0.02409864584258217	0.09536799432211432	False	0.004164187983343248	False	False	Ecoli	False	True	False	False	umpire	manual	min	1.660964047443681
P0A9E5	P0A9E5		fnr		7280320.0	7546850.0	7716580.0	7984980.0	7825290.0	7172440.0	0	0.024350080443232492	0.0968302231883487	False	0.004193932183224272	False	False	Ecoli	False	True	False	False	umpire	manual	min	1.660964047443681
P31060	P31060		modF		235583.0	249341.0	189529.0	204531.0	167555.0	242130.0	0	0.024757002206482494	-0.3724810518078735	False	0.004223676383105295	False	False	Ecoli	False	True	False	False	umpire	manual	min	1.660964047443681
P0C0L9	P0C0L9		iscX		1516980.0	1562160.0	1633320.0	1614270.0	1698700.0	1515900.0	0	0.02507994676399469	0.10626940684635477	False	0.004253420582986318	False	False	Ecoli	False	True	False	False	umpire	manual	min	1.660964047443681
P39160	P39160		uxuB		1331160.0	1377190.0	1424190.0	1449080.0	1507440.0	1281030.0	0	0.025191481790576363	0.13500016154717517	False	0.004283164782867341	False	False	Ecoli	False	True	False	False	umpire	manual	min	1.660964047443681
P30011	P30011		nadC		2070960.0	2025220.0	2123790.0	2109710.0	2118270.0	2041760.0	0	0.02524117212845444	0.049404129747588475	False	0.004312908982748364	False	False	Ecoli	False	True	False	False	umpire	manual	min	1.660964047443681
P37051	P37051		purU		6103890.0	6143700.0	5655300.0	5639410.0	5649460.0	6400340.0	0	0.025483049116577883	-0.13822652504550395	False	0.0043426531826293874	False	False	Ecoli	False	True	False	False	umpire	manual	min	1.660964047443681
P0A6K3	P0A6K3		def		8890670.0	8675540.0	9455070.0	9231080.0	9413810.0	8371040.0	0	0.025825039176568098	0.11554255100077876	False	0.004372397382510411	False	False	Ecoli	False	True	False	False	umpire	manual	min	1.660964047443681
P77488	P77488		dxs		2176900.0	2181860.0	2301400.0	2350910.0	2242010.0	2116640.0	0	0.026719643373769482	0.09043894891389227	False	0.004402141582391434	False	False	Ecoli	False	True	False	False	umpire	manual	min	1.660964047443681
P08373	P08373		murB		1864190.0	1805100.0	1663410.0	1756150.0	1705840.0	1928490.0	0	0.027326754547911246	-0.12719018742969437	False	0.004431885782272457	False	False	Ecoli	False	True	False	False	umpire	manual	min	1.660964047443681
P0A877	P0A877		trpA		1673240.0	1729260.0	1804310.0	1832280.0	1754690.0	1688870.0	0	0.027401754008113677	0.08257392598418452	False	0.00446162998215348	False	False	Ecoli	False	True	False	False	umpire	manual	min	1.660964047443681
Q46868	Q46868		yqiC		9490010.0	9623880.0	11119000.0	11433100.0	10343700.0	9173420.0	0	0.027995514608049107	0.21774840912767687	False	0.004491374182034504	False	False	Ecoli	False	True	False	False	umpire	manual	min	1.660964047443681
P0A840	P0A840		surE		1676450.0	1653310.0	1713340.0	1706060.0	1747050.0	1667540.0	0	0.02820993976621616	0.04802447913792436	False	0.004521118381915527	False	False	Ecoli	False	True	False	False	umpire	manual	min	1.660964047443681
P45464	P45464		lpoA		4954650.0	5079580.0	5142530.0	5266950.0	5170120.0	5019300.0	0	0.028401679479469828	0.04955635967143707	False	0.00455086258179655	False	False	Ecoli	False	True	False	False	umpire	manual	min	1.660964047443681
P04949	P04949		fliC		37597900.0	36938800.0	42412700.0	42285800.0	41355700.0	33857400.0	0	0.028490609312408786	0.21775795666939757	False	0.004580606781677573	False	False	Ecoli	False	True	False	False	umpire	manual	min	1.660964047443681
P0A912	P0A912		pal		36443400.0	35762400.0	38568100.0	38976800.0	39525600.0	33918100.0	0	0.02856658006707963	0.14162798427575224	False	0.004610350981558596	False	False	Ecoli	False	True	False	False	umpire	manual	min	1.660964047443681
P0A8T1	P0A8T1		prmA		6478320.0	6582650.0	6249530.0	6428390.0	6267170.0	6647580.0	0	0.0286623686298804	-0.05699764465036559	False	0.00464009518143962	False	False	Ecoli	False	True	False	False	umpire	manual	min	1.660964047443681
P07023	P07023		tyrA		2493830.0	2462990.0	2339420.0	2416550.0	2317860.0	2578110.0	0	0.028884292049874524	-0.09110256089468703	False	0.004669839381320643	False	False	Ecoli	False	True	False	False	umpire	manual	min	1.660964047443681
P21369	P21369		pncA		2272720.0	2249750.0	2062200.0	2054680.0	2102560.0	2401340.0	0	0.02897867145756258	-0.15478144991011258	False	0.004699583581201666	False	False	Ecoli	False	True	False	False	umpire	manual	min	1.660964047443681
P0AFC3	P0AFC3		nuoA		2212490.0	2168340.0	2065400.0	1999480.0	2119310.0	2250340.0	0	0.029202915953695507	-0.10067879652514859	False	0.004729327781082689	False	False	Ecoli	False	True	False	False	umpire	manual	min	1.660964047443681
P0AEE5	P0AEE5		mglB		1902830.0	1941250.0	2276180.0	2297180.0	2304270.0	2091130.0	0	0.029625541686402707	0.21261242811566122	False	0.004759071980963712	False	False	Ecoli	False	True	False	False	umpire	manual	min	1.660964047443681
P61517	P61517		can		8055460.0	8166990.0	7766380.0	7908990.0	7919560.0	8025510.0	0	0.030138751113056843	-0.03938648595207312	False	0.0047888161808447354	False	False	Ecoli	False	True	False	False	umpire	manual	min	1.660964047443681
P0A8G6	P0A8G6		wrbA		9211280.0	9154040.0	9699320.0	9687570.0	9448250.0	9182510.0	0	0.030324938411758387	0.06588934779027122	False	0.004818560380725759	False	False	Ecoli	False	True	False	False	umpire	manual	min	1.660964047443681
P0A915	P0A915		ompW		17701000.0	17350800.0	15325000.0	15232700.0	15292100.0	16503200.0	0	0.032592686504674104	-0.1691969117329012	False	0.004848304580606782	False	False	Ecoli	False	True	False	False	umpire	manual	min	1.660964047443681
P0AEB2	P0AEB2		dacA		7858850.0	7780930.0	8133380.0	7930430.0	8139690.0	7622410.0	0	0.032636078162304884	0.05722876209535411	False	0.004878048780487806	False	False	Ecoli	False	True	False	False	umpire	manual	min	1.660964047443681
P77808	P77808		yfaY		2145870.0	2154130.0	2181470.0	2180350.0	2171870.0	2164770.0	0	0.03265223765229233	0.015298962184198456	False	0.004907792980368828	False	False	Ecoli	False	True	False	False	umpire	manual	min	1.660964047443681
P76558	P76558		maeB		2843550.0	2815940.0	2905800.0	2917040.0	3010180.0	2741530.0	0	0.033151711804235005	0.07234227643754688	False	0.004937537180249852	False	False	Ecoli	False	True	False	False	umpire	manual	min	1.660964047443681
P76170	P76170		ynfB		2630640.0	2589000.0	2304350.0	2298340.0	2268690.0	2837380.0	0	0.03350296593619453	-0.22964646780003323	False	0.004967281380130874	False	False	Ecoli	False	True	False	False	umpire	manual	min	1.660964047443681
P00968	P00968		carB		4353580.0	4353750.0	4407340.0	4504800.0	4483550.0	4310830.0	0	0.03360684084992254	0.04124334409871654	False	0.004997025580011898	False	False	Ecoli	False	True	False	False	umpire	manual	min	1.660964047443681
P0AET2	P0AET2		hdeB		15219000.0	14700000.0	12694400.0	13560200.0	12757800.0	16679900.0	0	0.03378017520148171	-0.25636314533749854	False	0.0050267697798929215	False	False	Ecoli	False	True	False	False	umpire	manual	min	1.660964047443681
P0A7E5	P0A7E5		pyrG		15687500.0	15892100.0	16265200.0	16423600.0	16482700.0	15308100.0	0	0.034074572202179826	0.06861285419694305	False	0.005056513979773944	False	False	Ecoli	False	True	False	False	umpire	manual	min	1.660964047443681
P0ACZ2	P0ACZ2		etp		2321400.0	2199480.0	2472120.0	2454910.0	2422060.0	2163930.0	0	0.034097865410985244	0.13667906381630657	False	0.005086258179654968	False	False	Ecoli	False	True	False	False	umpire	manual	min	1.660964047443681
P0AD10	P0AD10		yecJ		2806550.0	3181960.0	3281900.0	3813480.0	3829340.0	2692440.0	0	0.03428405025431064	0.33167146620852106	False	0.00511600237953599	False	False	Ecoli	False	True	False	False	umpire	manual	min	1.660964047443681
P06710	P06710		dnaX		1351290.0	1339350.0	1405240.0	1410190.0	1484250.0	1271040.0	0	0.034476880833912184	0.11811693951386568	False	0.005145746579417014	False	False	Ecoli	False	True	False	False	umpire	manual	min	1.660964047443681
P11557	P11557		damX		7942890.0	8123740.0	8708900.0	8953940.0	8676220.0	7392300.0	0	0.03477801229831457	0.1670666477788509	False	0.005175490779298037	False	False	Ecoli	False	True	False	False	umpire	manual	min	1.660964047443681
P0A6Y1	P0A6Y1		ihfB		13896400.0	13485200.0	11815800.0	10415600.0	9705030.0	13716100.0	0	0.034854576082150854	-0.36385460616711296	False	0.00520523497917906	False	False	Ecoli	False	True	False	False	umpire	manual	min	1.660964047443681
P0AFR4	P0AFR4		yciO		6449550.0	6287280.0	6489800.0	6684380.0	6713530.0	6299930.0	0	0.03546621658664864	0.0630892073364138	False	0.0052349791790600834	False	False	Ecoli	False	True	False	False	umpire	manual	min	1.660964047443681
P52006	P52006		nudI		1112480.0	1157650.0	983677.0	994656.0	1013220.0	1236310.0	0	0.03566400498873161	-0.2291124189313741	False	0.005264723378941107	False	False	Ecoli	False	True	False	False	umpire	manual	min	1.660964047443681
P23917	P23917		mak		1427230.0	1431120.0	1639360.0	1542940.0	1721860.0	1370470.0	0	0.03583735740359099	0.21375089498107908	False	0.00529446757882213	False	False	Ecoli	False	True	False	False	umpire	manual	min	1.660964047443681
P31224	P31224		acrB		2079750.0	2109040.0	1969850.0	1968840.0	1860670.0	2109930.0	0	0.0364828854535522	-0.11916498231801476	False	0.005324211778703154	False	False	Ecoli	False	True	False	False	umpire	manual	min	1.660964047443681
P16433	P16433		hycG		918536.0	887526.0	1000650.0	1032220.0	1105550.0	917038.0	0	0.03649456269842947	0.2047884710915938	False	0.005353955978584176	False	False	Ecoli	False	True	False	False	umpire	manual	min	1.660964047443681
P0ADS6	P0ADS6		yggE		4835480.0	4807730.0	5058250.0	5091370.0	5263110.0	4836410.0	0	0.036747986076132555	0.09009868259367938	False	0.0053837001784652	False	False	Ecoli	False	True	False	False	umpire	manual	min	1.660964047443681
P64534	P64534		rcnB		2901770.0	2963660.0	2678840.0	2765160.0	2851230.0	3022430.0	0	0.03677661470500531	-0.09955410880795598	False	0.005413444378346222	False	False	Ecoli	False	True	False	False	umpire	manual	min	1.660964047443681
P0AD33	P0AD33		yfcZ		43855700.0	47312500.0	69930900.0	68787700.0	69220700.0	28195900.0	0	0.037089837141848964	0.800793453431663	False	0.005443188578227246	False	False	Ecoli	False	True	False	False	umpire	manual	min	1.660964047443681
P0A903	P0A903		bamC		20722600.0	20779700.0	21544500.0	21407800.0	21613300.0	20097400.0	0	0.03757760899461028	0.0678423892315125	False	0.0054729327781082695	False	False	Ecoli	False	True	False	False	umpire	manual	min	1.660964047443681
P10408	P10408		secA		7168620.0	7307350.0	7433040.0	7473680.0	7403230.0	7123890.0	0	0.037593914164999326	0.046665318728843844	False	0.005502676977989292	False	False	Ecoli	False	True	False	False	umpire	manual	min	1.660964047443681
P0A867	P0A867		talA		4814000.0	4794300.0	4505990.0	4635030.0	4419420.0	4838190.0	0	0.03761142223690032	-0.09131501921848928	False	0.005532421177870316	False	False	Ecoli	False	True	False	False	umpire	manual	min	1.660964047443681
P0AB67	P0AB67		pntB		1877300.0	1855120.0	1804210.0	1717500.0	1722010.0	1985310.0	0	0.037859801455689644	-0.12485184356866728	False	0.005562165377751338	False	False	Ecoli	False	True	False	False	umpire	manual	min	1.660964047443681
P09029	P09029		purK		1324120.0	1311070.0	1073880.0	1047660.0	1062190.0	1515040.0	0	0.03787710503452282	-0.3824732992319774	False	0.005591909577632362	False	False	Ecoli	False	True	False	False	umpire	manual	min	1.660964047443681
P15639	P15639		purH		5611640.0	5781690.0	5493440.0	5561390.0	5465690.0	5759810.0	0	0.03890708642182177	-0.054213598050824735	False	0.005621653777513385	False	False	Ecoli	False	True	False	False	umpire	manual	min	1.660964047443681
P62707	P62707		gpmA		41913000.0	41457300.0	43283400.0	42925600.0	43524600.0	40309300.0	0	0.03896567531921307	0.06894461638039281	False	0.005651397977394408	False	False	Ecoli	False	True	False	False	umpire	manual	min	1.660964047443681
P0AGD3	P0AGD3		sodB		92889200.0	91248800.0	80197600.0	80130400.0	75600900.0	83981600.0	0	0.039056639044034114	-0.18452453498854246	False	0.0056811421772754314	False	False	Ecoli	False	True	False	False	umpire	manual	min	1.660964047443681
P0ACP7	P0ACP7		purR		6247580.0	6092750.0	6631960.0	6427870.0	6351400.0	6095720.0	0	0.039205221022223236	0.07436195237656124	False	0.0057108863771564555	False	False	Ecoli	False	True	False	False	umpire	manual	min	1.660964047443681
P0AFU8	P0AFU8		ribC		9950160.0	9944380.0	9591350.0	9662740.0	9280090.0	10090400.0	0	0.03947891636387261	-0.07154698175552998	False	0.005740630577037478	False	False	Ecoli	False	True	False	False	umpire	manual	min	1.660964047443681
P03004	P03004		dnaA		2341400.0	2368340.0	2331710.0	2320410.0	2320380.0	2355740.0	0	0.03949087913981102	-0.019111545473566922	False	0.005770374776918502	False	False	Ecoli	False	True	False	False	umpire	manual	min	1.660964047443681
P32662	P32662		gph		979415.0	1000650.0	613090.0	816155.0	671118.0	840295.0	0	0.03951779707244964	-0.4252406382212054	False	0.005800118976799524	False	False	Ecoli	False	True	False	False	umpire	manual	min	1.660964047443681
P77285	P77285		rnfG		2179250.0	2162680.0	2124250.0	2007540.0	2005630.0	2249670.0	0	0.03965015263194094	-0.10299638337170464	False	0.005829863176680548	False	False	Ecoli	False	True	False	False	umpire	manual	min	1.660964047443681
P37349	P37349		dhaM		74079300.0	76722100.0	78224600.0	80101900.0	79080500.0	76630000.0	0	0.040238793978599634	0.06193102213586155	False	0.005859607376561571	False	False	Ecoli	False	True	False	False	umpire	manual	min	1.660964047443681
P0ACG1	P0ACG1		stpA		13989100.0	14147700.0	14611600.0	14904000.0	14455700.0	14318400.0	0	0.04048331277443376	0.050620917233874685	False	0.005889351576442594	False	False	Ecoli	False	True	False	False	umpire	manual	min	1.660964047443681
P0A7S9	P0A7S9		rpsM		33970400.0	34430000.0	31098000.0	31939600.0	30705000.0	32404200.0	0	0.04057921837139635	-0.10478476022394105	False	0.0059190957763236175	False	False	Ecoli	False	True	False	False	umpire	manual	min	1.660964047443681
P69222	P69222		infA		15460100.0	15366700.0	16531100.0	16504400.0	16540700.0	14540300.0	0	0.04059459287786313	0.12800125226832404	False	0.00594883997620464	False	False	Ecoli	False	True	False	False	umpire	manual	min	1.660964047443681
P0A6Q6	P0A6Q6		fabZ		27632900.0	27879200.0	26362100.0	26128700.0	26791800.0	29062300.0	0	0.0407841074481139	-0.09321676192063005	False	0.005978584176085664	False	False	Ecoli	False	True	False	False	umpire	manual	min	1.660964047443681
P75838	P75838		ycaO		9691690.0	9944570.0	10163500.0	10033600.0	10176300.0	9645670.0	0	0.040971539574388906	0.052797766738831534	False	0.006008328375966688	False	False	Ecoli	False	True	False	False	umpire	manual	min	1.660964047443681
P76245	P76245		yeaP		712103.0	799659.0	835354.0	911557.0	833044.0	748763.0	0	0.042316852737726805	0.1906880290888545	False	0.00603807257584771	False	False	Ecoli	False	True	False	False	umpire	manual	min	1.660964047443681
P0AGE0	P0AGE0		ssb		29783200.0	29096200.0	30642200.0	30405500.0	30644200.0	28696500.0	0	0.04260341112395115	0.06626038336013049	False	0.006067816775728733	False	False	Ecoli	False	True	False	False	umpire	manual	min	1.660964047443681
P0A6I6	P0A6I6		coaD		630609.0	727515.0	832113.0	846751.0	853694.0	577371.0	0	0.042948654590527394	0.3878927289458353	False	0.006097560975609756	False	False	Ecoli	False	True	False	False	umpire	manual	min	1.660964047443681
P00350	P00350		gnd		36751900.0	36848100.0	35824500.0	36391500.0	35793900.0	36918100.0	0	0.04310350239738578	-0.033119111644632604	False	0.0061273051754907795	False	False	Ecoli	False	True	False	False	umpire	manual	min	1.660964047443681
P24205	P24205		msbB		2304310.0	2470090.0	2126960.0	2004350.0	1979620.0	2698300.0	0	0.0431586948591724	-0.2902376496231298	False	0.0061570493753718035	False	False	Ecoli	False	True	False	False	umpire	manual	min	1.660964047443681
P0AF90	P0AF90		rraB		7728760.0	7784920.0	7335050.0	6969060.0	6808220.0	7731050.0	0	0.04319162193265959	-0.13881786202539576	False	0.006186793575252826	False	False	Ecoli	False	True	False	False	umpire	manual	min	1.660964047443681
P0AFL3	P0AFL3		ppiA		6513970.0	6570720.0	6876460.0	6802330.0	6759640.0	6278270.0	0	0.04326121489026069	0.07798486526645135	False	0.00621653777513385	False	False	Ecoli	False	True	False	False	umpire	manual	min	1.660964047443681
P32664	P32664		nudC		1335600.0	1283760.0	1021640.0	1218420.0	966781.0	1535680.0	0	0.043347792093782964	-0.3737095411268816	False	0.006246281975014872	False	False	Ecoli	False	True	False	False	umpire	manual	min	1.660964047443681
P33599	P33599		nuoC		16093300.0	16025100.0	15567700.0	15628200.0	15532200.0	15784000.0	0	0.043419695877194416	-0.0358075621768219	False	0.006276026174895896	False	False	Ecoli	False	True	False	False	umpire	manual	min	1.660964047443681
P0A7K2	P0A7K2		rplL		221785000.0	216876000.0	201504000.0	199875000.0	195853000.0	207647000.0	0	0.04355132254810865	-0.11393038151343392	False	0.006305770374776919	False	False	Ecoli	False	True	False	False	umpire	manual	min	1.660964047443681
P18775	P18775		dmsA		8849190.0	8895320.0	8730190.0	8688460.0	8675310.0	8770510.0	0	0.04397489438237385	-0.0230939335899278	False	0.006335514574657942	False	False	Ecoli	False	True	False	False	umpire	manual	min	1.660964047443681
P76015	P76015		dhaK		2466500.0	2600380.0	2686870.0	2710470.0	2636670.0	2533720.0	0	0.043996971091074484	0.08000694608174254	False	0.0063652587745389655	False	False	Ecoli	False	True	False	False	umpire	manual	min	1.660964047443681
P77536	P77536		ykgF		2015410.0	2111920.0	1789540.0	1927720.0	1893950.0	1980530.0	0	0.04458575356886515	-0.12235508728947789	False	0.006395002974419988	False	False	Ecoli	False	True	False	False	umpire	manual	min	1.660964047443681
P0AE45	P0AE45		ytfL		233357.0	291431.0	327464.0	348022.0	296910.0	242310.0	0	0.044878697242541905	0.34213305891046064	False	0.006424747174301012	False	False	Ecoli	False	True	False	False	umpire	manual	min	1.660964047443681
P0A8E5	P0A8E5		yacL		637637.0	613242.0	595653.0	559753.0	580754.0	671526.0	0	0.0453369563846549	-0.14701239696334417	False	0.006454491374182036	False	False	Ecoli	False	True	False	False	umpire	manual	min	1.660964047443681
P00960	P00960		glyQ		3971690.0	4007720.0	3867920.0	3896010.0	3750000.0	4150830.0	0	0.04590585368596083	-0.07522774844685717	False	0.006484235574063058	False	False	Ecoli	False	True	False	False	umpire	manual	min	1.660964047443681
P75882	P75882		gfcD		41107300.0	40989400.0	39232800.0	39447300.0	37878800.0	40801800.0	0	0.04601942809013453	-0.07640813999600703	False	0.006513979773944081	False	False	Ecoli	False	True	False	False	umpire	manual	min	1.660964047443681
P02943	P02943		lamB		1531580.0	1543300.0	1399640.0	1457490.0	1351400.0	1519160.0	0	0.04647781407013518	-0.12644701676878498	False	0.006543723973825104	False	False	Ecoli	False	True	False	False	umpire	manual	min	1.660964047443681
P0A6C1	P0A6C1		nfo		2350530.0	2237490.0	2431040.0	2487550.0	2359590.0	2251650.0	0	0.04659804437632973	0.08965101184804454	False	0.0065734681737061275	False	False	Ecoli	False	True	False	False	umpire	manual	min	1.660964047443681
P01127ups|PDGFB_HUMAN_UPS Platelet-derived growth factor B chain (Chain 82-190) - Homo sapiens (Human)	P01127ups|PDGFB_HUMAN_UPS Platelet-derived growth factor B chain (Chain 82-190) - Homo sapiens (Human)				4290760.0	4218550.0	43805.4	2470010.0	486596.0	4363150.0	1	0.047337913498808025	-2.1010555532489263	False	0.0066032123735871515	False	True	Human	True	False	False	False	umpire	manual	min	1.660964047443681
P07913	P07913		tdh		4303580.0	4278200.0	3889290.0	4055730.0	4037070.0	4103640.0	0	0.04761373330910872	-0.08229171116158553	False	0.006632956573468174	False	False	Ecoli	False	True	False	False	umpire	manual	min	1.660964047443681
P0AAQ2	P0AAQ2		yajD		4930140.0	5093230.0	5313650.0	5162570.0	5269160.0	4801630.0	0	0.047892569879057115	0.08689647121586071	False	0.006662700773349198	False	False	Ecoli	False	True	False	False	umpire	manual	min	1.660964047443681
P0A8J4	P0A8J4		ybeD		14556000.0	14713500.0	16037700.0	16134800.0	15373000.0	15366100.0	0	0.048186262853773074	0.09111398293676533	False	0.00669244497323022	False	False	Ecoli	False	True	False	False	umpire	manual	min	1.660964047443681
P28248	P28248		dcd		3392290.0	3393640.0	3094400.0	3026900.0	3154090.0	3196390.0	0	0.048592003847128265	-0.10596720894270474	False	0.006722189173111244	False	False	Ecoli	False	True	False	False	umpire	manual	min	1.660964047443681
P76273	P76273		rsmF		4338250.0	4024210.0	4550380.0	4579660.0	4550780.0	4117630.0	0	0.04869498716096709	0.1325263667530226	False	0.006751933372992267	False	False	Ecoli	False	True	False	False	umpire	manual	min	1.660964047443681
P45531	P45531		tusC		352328.0	324538.0	451127.0	400518.0	466538.0	397232.0	0	0.04915977026495839	0.2954250400585167	False	0.00678167757287329	False	False	Ecoli	False	True	False	False	umpire	manual	min	1.660964047443681
P0AEH5	P0AEH5		elaB		5373050.0	5851360.0	6190660.0	6240310.0	6055730.0	5325660.0	0	0.050008064625200986	0.15965039792624944	False	0.0068114217727543135	False	False	Ecoli	False	True	False	False	umpire	manual	min	1.660964047443681
P63224	P63224		gmhA		23214800.0	23520600.0	20917300.0	20806800.0	19715500.0	21473600.0	0	0.05004971669162298	-0.15079328818190926	False	0.006841165972635336	False	False	Ecoli	False	True	False	False	umpire	manual	min	1.660964047443681
P69924	P69924		nrdB		2987760.0	2941570.0	2763760.0	2713580.0	2694730.0	2815130.0	0	0.05080169832478007	-0.09766773369093679	False	0.00687091017251636	False	False	Ecoli	False	True	False	False	umpire	manual	min	1.660964047443681
P60472	P60472		ispU		839597.0	771800.0	759508.0	748453.0	709024.0	823618.0	0	0.051082960974649386	-0.13533165047667234	False	0.006900654372397384	False	False	Ecoli	False	True	False	False	umpire	manual	min	1.660964047443681
P0A720	P0A720		tmk		2540760.0	2589320.0	2661150.0	2610730.0	2605130.0	2519230.0	0	0.05123986965047117	0.04231849074742762	False	0.006930398572278406	False	False	Ecoli	False	True	False	False	umpire	manual	min	1.660964047443681
P67910	P67910		hldD		18677900.0	18823100.0	19765800.0	19523200.0	19506500.0	17870800.0	0	0.052148298227528304	0.0865543194305685	False	0.006960142772159429	False	False	Ecoli	False	True	False	False	umpire	manual	min	1.660964047443681
P08244	P08244		pyrF		9397600.0	9530080.0	9731400.0	9769790.0	10090000.0	9406090.0	0	0.05221495348782849	0.06264514037195015	False	0.006989886972040452	False	False	Ecoli	False	True	False	False	umpire	manual	min	1.660964047443681
P10441	P10441		lpxB		1116140.0	1204180.0	1282060.0	1395380.0	1496750.0	1182680.0	0	0.05239852131979487	0.25290528217549707	False	0.0070196311719214755	False	False	Ecoli	False	True	False	False	umpire	manual	min	1.660964047443681
P27848	P27848		yigL		4463840.0	4456310.0	5410890.0	4749130.0	5266170.0	4254090.0	0	0.05242564784517324	0.22766204779482635	False	0.0070493753718024995	False	False	Ecoli	False	True	False	False	umpire	manual	min	1.660964047443681
P0AGG0	P0AGG0		thiL		3004780.0	3159110.0	3313060.0	3533560.0	3695850.0	3227240.0	0	0.05311814987260362	0.16684224863813552	False	0.007079119571683522	False	False	Ecoli	False	True	False	False	umpire	manual	min	1.660964047443681
P0A7R5	P0A7R5		rpsJ		183470000.0	183843000.0	200504000.0	196754000.0	199289000.0	168143000.0	0	0.05328031941043662	0.15586777831723284	False	0.007108863771564546	False	False	Ecoli	False	True	False	False	umpire	manual	min	1.660964047443681
P0A8J2	P0A8J2		dnaT		1161800.0	1254620.0	1323040.0	1269590.0	1309530.0	1159930.0	0	0.05400905945733976	0.1257850009007203	False	0.007138607971445568	False	False	Ecoli	False	True	False	False	umpire	manual	min	1.660964047443681
P0AB28	P0AB28		yceD		8378790.0	8482910.0	8686700.0	8500450.0	8632200.0	8389060.0	0	0.054319003784936905	0.03212587047072069	False	0.007168352171326592	False	False	Ecoli	False	True	False	False	umpire	manual	min	1.660964047443681
P27838	P27838		cyaY		2453530.0	2437060.0	2104530.0	2313000.0	2161820.0	2449640.0	0	0.05432934825021922	-0.15788020797218155	False	0.007198096371207615	False	False	Ecoli	False	True	False	False	umpire	manual	min	1.660964047443681
P0AEY5	P0AEY5		mdaB		1871360.0	1823740.0	2027270.0	2223660.0	2277650.0	2030500.0	0	0.055240597911296326	0.18934234747373035	False	0.007227840571088638	False	False	Ecoli	False	True	False	False	umpire	manual	min	1.660964047443681
P36680	P36680		zapD		2750570.0	2693590.0	2516440.0	2607120.0	2332820.0	2841690.0	0	0.05531636592815702	-0.15217431719520436	False	0.0072575847709696615	False	False	Ecoli	False	True	False	False	umpire	manual	min	1.660964047443681
P37005	P37005		lasT		1251080.0	1223170.0	1148670.0	1144940.0	1218770.0	1290870.0	0	0.05549181822756297	-0.10024690978698453	False	0.007287328970850684	False	False	Ecoli	False	True	False	False	umpire	manual	min	1.660964047443681
P37657	P37657		bcsE		1152180.0	1238170.0	1104280.0	1060780.0	907526.0	1292350.0	0	0.05551634481849882	-0.26131048583551986	False	0.007317073170731708	False	False	Ecoli	False	True	False	False	umpire	manual	min	1.660964047443681
P00963	P00963		asnA		19072400.0	19297300.0	16963800.0	17609500.0	16885700.0	17820300.0	0	0.05602616616837467	-0.12688997877371114	False	0.007346817370612732	False	False	Ecoli	False	True	False	False	umpire	manual	min	1.660964047443681
P68919	P68919		rplY		86253200.0	88160900.0	90816500.0	91991100.0	91369900.0	83169800.0	0	0.05604594773800532	0.0900677609929233	False	0.007376561570493754	False	False	Ecoli	False	True	False	False	umpire	manual	min	1.660964047443681
P76594	P76594		yfiQ		2061240.0	2066790.0	1900150.0	1915540.0	1770080.0	2316590.0	0	0.056119459091449726	-0.20633912380934308	False	0.007406305770374777	False	False	Ecoli	False	True	False	False	umpire	manual	min	1.660964047443681
P28304	P28304		qorA		4633220.0	4502050.0	4790520.0	4916810.0	5005420.0	4770200.0	0	0.056321946851956364	0.08141442174532604	False	0.0074360499702558	False	False	Ecoli	False	True	False	False	umpire	manual	min	1.660964047443681
P0AC02	P0AC02		bamD		20835100.0	20727800.0	21891200.0	21897300.0	21574700.0	19669500.0	0	0.05640499838007421	0.0941833849988851	False	0.0074657941701368235	False	False	Ecoli	False	True	False	False	umpire	manual	min	1.660964047443681
P31068	P31068		fliH		1078280.0	1112290.0	1045410.0	969686.0	1051040.0	1163610.0	0	0.0565863391727548	-0.1295384224408764	False	0.0074955383700178475	False	False	Ecoli	False	True	False	False	umpire	manual	min	1.660964047443681
P0AEZ3	P0AEZ3		minD		11896100.0	11755000.0	12529800.0	12505400.0	12508100.0	11152000.0	0	0.05695764523273679	0.109339650194051	False	0.00752528256989887	False	False	Ecoli	False	True	False	False	umpire	manual	min	1.660964047443681
P0A862	P0A862		tpx		40065800.0	40356000.0	42603500.0	42438600.0	42806600.0	37755900.0	0	0.0571617130115534	0.11347966468805062	False	0.007555026769779894	False	False	Ecoli	False	True	False	False	umpire	manual	min	1.660964047443681
P24251	P24251		crl		6425680.0	6523410.0	6289230.0	6137390.0	5813980.0	6697040.0	0	0.05817561394379245	-0.10709196487229475	False	0.007584770969660916	False	False	Ecoli	False	True	False	False	umpire	manual	min	1.660964047443681
P63386	P63386		mlaF		916838.0	906848.0	1039240.0	991804.0	978341.0	971405.0	0	0.059237503766349967	0.106573433180067	False	0.00761451516954194	False	False	Ecoli	False	True	False	False	umpire	manual	min	1.660964047443681
P0ADA3	P0ADA3		nlpD		5948120.0	5667770.0	5522460.0	5464010.0	5440570.0	5729170.0	0	0.05983975640224404	-0.07845228773826458	False	0.007644259369422963	False	False	Ecoli	False	True	False	False	umpire	manual	min	1.660964047443681
P76539	P76539		ypeA		3081840.0	3135730.0	2940620.0	2967840.0	2956970.0	3018800.0	0	0.060454719341357765	-0.059135359363453745	False	0.007674003569303986	False	False	Ecoli	False	True	False	False	umpire	manual	min	1.660964047443681
P77202	P77202		dsbG		371597.0	381626.0	297709.0	243526.0	316627.0	325547.0	0	0.060815972271257464	-0.3305698143738827	False	0.0077037477691850095	False	False	Ecoli	False	True	False	False	umpire	manual	min	1.660964047443681
P52108	P52108		rstA		4706030.0	4831780.0	4611090.0	4686050.0	4558170.0	4916120.0	0	0.061168022128136455	-0.061022822319208886	False	0.007733491969066032	False	False	Ecoli	False	True	False	False	umpire	manual	min	1.660964047443681
P0A9J6	P0A9J6		rbsK		3554440.0	3562220.0	3263270.0	3369610.0	3418300.0	3829650.0	0	0.061352233539626426	-0.12307973690599179	False	0.007763236168947056	False	False	Ecoli	False	True	False	False	umpire	manual	min	1.660964047443681
P12081ups|SYHC_HUMAN_UPS Histidyl-tRNA synthetase, cytoplasmic (Chain 1-509, C terminal His tag) - Homo sapiens (Human)	P12081ups|SYHC_HUMAN_UPS Histidyl-tRNA synthetase, cytoplasmic (Chain 1-509, C terminal His tag) - Homo sapiens (Human)				6751960.0	6889070.0	3832630.0	5403210.0	5395660.0	6920220.0	0	0.06192446279932528	-0.49085029431006966	False	0.00779298036882808	False	False	Human	True	False	False	False	umpire	manual	min	1.660964047443681
P77735	P77735		yajO		4126340.0	4081500.0	4026640.0	4029220.0	4087060.0	4143050.0	0	0.06217958612102143	-0.024499618318956282	False	0.007822724568709102	False	False	Ecoli	False	True	False	False	umpire	manual	min	1.660964047443681
P0AG14	P0AG14		sohB		2369450.0	2237540.0	2102450.0	2218270.0	2143760.0	2265010.0	0	0.06277318151772585	-0.0881957115442334	False	0.007852468768590125	False	False	Ecoli	False	True	False	False	umpire	manual	min	1.660964047443681
P07330	P07330		cheB		1537350.0	1592620.0	1654660.0	1651040.0	1639790.0	1600680.0	0	0.06294543348805211	0.06407504440586684	False	0.007882212968471148	False	False	Ecoli	False	True	False	False	umpire	manual	min	1.660964047443681
P0AAC0	P0AAC0		uspE		5307090.0	5247640.0	5074540.0	5160270.0	5070090.0	5492350.0	0	0.06294657175858909	-0.06831718331236587	False	0.007911957168352171	False	False	Ecoli	False	True	False	False	umpire	manual	min	1.660964047443681
P27836	P27836		wecG		544564.0	603189.0	491968.0	488034.0	492925.0	640595.0	0	0.06354758822132867	-0.27994157171669753	False	0.007941701368233195	False	False	Ecoli	False	True	False	False	umpire	manual	min	1.660964047443681
P00579	P00579		rpoD		8492490.0	8594450.0	8827620.0	9042050.0	8908980.0	8066360.0	0	0.06381895440759099	0.09033554392548286	False	0.007971445568114218	False	False	Ecoli	False	True	False	False	umpire	manual	min	1.660964047443681
P0AFG6	P0AFG6		sucB		6630570.0	6335950.0	6772890.0	6770490.0	6816920.0	6358720.0	0	0.06429853621947769	0.07527248796299248	False	0.008001189767995241	False	False	Ecoli	False	True	False	False	umpire	manual	min	1.660964047443681
P37617	P37617		zntA		1651590.0	1808620.0	1635840.0	1613040.0	1494220.0	1811340.0	0	0.06432317850087395	-0.15239693609572935	False	0.008030933967876264	False	False	Ecoli	False	True	False	False	umpire	manual	min	1.660964047443681
P0A722	P0A722		lpxA		8490580.0	8139530.0	8699670.0	8565880.0	8887470.0	7916750.0	0	0.06454232312545927	0.09143906138843698	False	0.008060678167757287	False	False	Ecoli	False	True	False	False	umpire	manual	min	1.660964047443681
P75876	P75876		rlmI		4192390.0	4287240.0	4315620.0	4466800.0	4331160.0	4167720.0	0	0.06582179606680233	0.052226465662805525	False	0.008090422367638312	False	False	Ecoli	False	True	False	False	umpire	manual	min	1.660964047443681
P64519	P64519		yodD		455153.0	570764.0	424667.0	435193.0	372736.0	560579.0	0	0.0658238728914242	-0.3641438694057106	False	0.008120166567519333	False	False	Ecoli	False	True	False	False	umpire	manual	min	1.660964047443681
P0A6H8	P0A6H8		cls		690148.0	629702.0	604218.0	481256.0	572066.0	689069.0	0	0.06596050339581286	-0.27737570941500456	False	0.008149910767400358	False	False	Ecoli	False	True	False	False	umpire	manual	min	1.660964047443681
P07762	P07762		glgB		3813320.0	3924400.0	3813540.0	3744190.0	3673840.0	3982540.0	0	0.06607899428160581	-0.06144496626804899	False	0.00817965496728138	False	False	Ecoli	False	True	False	False	umpire	manual	min	1.660964047443681
P05194	P05194		aroD		1297420.0	1301040.0	1258820.0	1187600.0	1183560.0	1300790.0	0	0.06648309960011094	-0.10323505647427411	False	0.008209399167162405	False	False	Ecoli	False	True	False	False	umpire	manual	min	1.660964047443681
P76008	P76008		ldcA		1384570.0	1407570.0	1476880.0	1484930.0	1466300.0	1305260.0	0	0.06671718973254367	0.11198232123984914	False	0.008239143367043428	False	False	Ecoli	False	True	False	False	umpire	manual	min	1.660964047443681
P36767	P36767		rdgC		4853540.0	4863370.0	4652880.0	4760920.0	4800420.0	5016140.0	0	0.067356552586164	-0.051721190656028	False	0.00826888756692445	False	False	Ecoli	False	True	False	False	umpire	manual	min	1.660964047443681
P0A935	P0A935		mltA		5948290.0	5780940.0	5700160.0	5518950.0	5728840.0	5847100.0	0	0.06771584689267858	-0.05252308452064601	False	0.008298631766805474	False	False	Ecoli	False	True	False	False	umpire	manual	min	1.660964047443681
P43671	P43671		pqiB		986670.0	1021830.0	1042270.0	1113630.0	1080520.0	1033230.0	0	0.0680215794936799	0.08950674528705395	False	0.008328375966686495	False	False	Ecoli	False	True	False	False	umpire	manual	min	1.660964047443681
P02930	P02930		tolC		21579700.0	21411200.0	22130100.0	22372900.0	21787600.0	20665800.0	0	0.06825188084852324	0.05849194206775643	False	0.00835812016656752	False	False	Ecoli	False	True	False	False	umpire	manual	min	1.660964047443681
P0AGB0	P0AGB0		serB		2459010.0	2429940.0	2340040.0	2395630.0	2402550.0	2438940.0	0	0.06845453969264675	-0.03783348115141256	False	0.008387864366448543	False	False	Ecoli	False	True	False	False	umpire	manual	min	1.660964047443681
P0AD12	P0AD12		yeeZ		11331300.0	11140400.0	10213200.0	10846500.0	9426430.0	12600100.0	0	0.06862596171366617	-0.20215845436801289	False	0.008417608566329567	False	False	Ecoli	False	True	False	False	umpire	manual	min	1.660964047443681
P29131	P29131		ftsN		1347950.0	1471010.0	1459540.0	1581160.0	1578540.0	1286320.0	0	0.06942620830249636	0.17017488150648344	False	0.00844735276621059	False	False	Ecoli	False	True	False	False	umpire	manual	min	1.660964047443681
P30859	P30859		artI		11417300.0	11477600.0	12529300.0	12363500.0	11664900.0	10432000.0	0	0.07014172916407299	0.13348818003518312	False	0.008477096966091613	False	False	Ecoli	False	True	False	False	umpire	manual	min	1.660964047443681
P05020	P05020		pyrC		3224040.0	3211830.0	3347450.0	3305020.0	3335900.0	3075930.0	0	0.07020079249942927	0.07053088357100198	False	0.008506841165972636	False	False	Ecoli	False	True	False	False	umpire	manual	min	1.660964047443681
P32680	P32680		yjaG		1659390.0	1702510.0	1745290.0	1727130.0	1810600.0	1576750.0	0	0.07022252705732232	0.09724614236816014	False	0.00853658536585366	False	False	Ecoli	False	True	False	False	umpire	manual	min	1.660964047443681
P0A972	P0A972		cspE		210377000.0	209639000.0	234763000.0	232866000.0	231572000.0	182689000.0	0	0.07022881849005884	0.21425521484537707	False	0.008566329565734682	False	False	Ecoli	False	True	False	False	umpire	manual	min	1.660964047443681
P07000	P07000		pldB		518073.0	517908.0	661767.0	614658.0	568776.0	533496.0	0	0.07085188226841335	0.23349409237058924	False	0.008596073765615705	False	False	Ecoli	False	True	False	False	umpire	manual	min	1.660964047443681
Q59385	Q59385		copA		5604740.0	5373700.0	5701140.0	5883780.0	5659460.0	5210930.0	0	0.07089312110082426	0.09107941435800233	False	0.008625817965496729	False	False	Ecoli	False	True	False	False	umpire	manual	min	1.660964047443681
P0A9G8	P0A9G8		modE		3362480.0	3597590.0	3744990.0	3722110.0	3626700.0	3501620.0	0	0.07098106278956585	0.08463769584501742	False	0.008655562165377752	False	False	Ecoli	False	True	False	False	umpire	manual	min	1.660964047443681
P0AC69	P0AC69		grxD		26517600.0	26075500.0	27591400.0	27471400.0	26467000.0	25609400.0	0	0.07184393738380661	0.06011274719991783	False	0.008685306365258775	False	False	Ecoli	False	True	False	False	umpire	manual	min	1.660964047443681
P14175	P14175		proV		689660.0	703756.0	726310.0	790742.0	761689.0	697320.0	0	0.07198336410949863	0.1242260558633834	False	0.008715050565139798	False	False	Ecoli	False	True	False	False	umpire	manual	min	1.660964047443681
P13016	P13016		ampD		1637660.0	1664440.0	1897330.0	1756750.0	1748570.0	1621140.0	0	0.07203756051755614	0.13405915250572298	False	0.008744794765020821	False	False	Ecoli	False	True	False	False	umpire	manual	min	1.660964047443681
P37903	P37903		uspF		8925340.0	9089220.0	8705440.0	8865230.0	8375310.0	9260550.0	0	0.07211088652574955	-0.07207398629407775	False	0.008774538964901844	False	False	Ecoli	False	True	False	False	umpire	manual	min	1.660964047443681
P09152	P09152		narG		2284210.0	2309650.0	2237020.0	2251800.0	2205260.0	2386600.0	0	0.0726278896023167	-0.060436318054613664	False	0.008804283164782867	False	False	Ecoli	False	True	False	False	umpire	manual	min	1.660964047443681
P40874	P40874		solA		3017810.0	2962930.0	2958830.0	2867110.0	2808650.0	3053240.0	0	0.07269425920994987	-0.06523404458565736	False	0.00883402736466389	False	False	Ecoli	False	True	False	False	umpire	manual	min	1.660964047443681
P0A7B5	P0A7B5		proB		4931940.0	5090020.0	4817240.0	4830020.0	4573180.0	4959700.0	0	0.07324118426297069	-0.07523138173277845	False	0.008863771564544914	False	False	Ecoli	False	True	False	False	umpire	manual	min	1.660964047443681
P37052	P37052		ychJ		884631.0	817378.0	947984.0	911416.0	911980.0	778293.0	0	0.07387682327449764	0.16008874773318724	False	0.008893515764425937	False	False	Ecoli	False	True	False	False	umpire	manual	min	1.660964047443681
P0A8N7	P0A8N7		epmA		2971110.0	2946100.0	3100550.0	3081210.0	3068090.0	2801750.0	0	0.07432242780386952	0.08527391019004629	False	0.00892325996430696	False	False	Ecoli	False	True	False	False	umpire	manual	min	1.660964047443681
P64588	P64588		yqjI		1789110.0	1690480.0	1365320.0	1293000.0	1678600.0	1928340.0	0	0.07437275960268798	-0.3184056464586425	False	0.008953004164187983	False	False	Ecoli	False	True	False	False	umpire	manual	min	1.660964047443681
P0A7F6	P0A7F6		speD		2143380.0	2188710.0	1986960.0	1898530.0	1900410.0	1992790.0	0	0.07472441861217427	-0.12849671944446517	False	0.008982748364069008	False	False	Ecoli	False	True	False	False	umpire	manual	min	1.660964047443681
P08189	P08189		fimF		1253290.0	1125920.0	1370600.0	1311600.0	1353650.0	1029560.0	0	0.0752174622546313	0.24362129517723166	False	0.00901249256395003	False	False	Ecoli	False	True	False	False	umpire	manual	min	1.660964047443681
P0ABH0	P0ABH0		ftsA		3148230.0	3182070.0	3264570.0	3242920.0	3260480.0	3053590.0	0	0.07553466042772325	0.05787266755651603	False	0.009042236763831054	False	False	Ecoli	False	True	False	False	umpire	manual	min	1.660964047443681
P68679	P68679		rpsU		81849000.0	81760400.0	78264600.0	76510000.0	76932200.0	78405800.0	0	0.07559849571498621	-0.0627972759891072	False	0.009071980963712076	False	False	Ecoli	False	True	False	False	umpire	manual	min	1.660964047443681
P0AA16	P0AA16		ompR		9089920.0	8860020.0	9270680.0	9260240.0	9177330.0	8719760.0	0	0.07586308625237938	0.055113999334162944	False	0.0091017251635931	False	False	Ecoli	False	True	False	False	umpire	manual	min	1.660964047443681
P0A8Z3	P0A8Z3		ybgC		1467120.0	1422780.0	1395080.0	1172610.0	1293680.0	1548440.0	0	0.07594135976153706	-0.2009073884755348	False	0.009131469363474124	False	False	Ecoli	False	True	False	False	umpire	manual	min	1.660964047443681
P0A9C9	P0A9C9		glpX		4167890.0	4289790.0	4337640.0	4286970.0	4373880.0	4152380.0	0	0.07656799248444227	0.04376889876478556	False	0.009161213563355145	False	False	Ecoli	False	True	False	False	umpire	manual	min	1.660964047443681
P0AFG3	P0AFG3		sucA		9175930.0	9159210.0	8967400.0	9085990.0	9113920.0	9321990.0	0	0.07691234891823646	-0.02577973211501002	False	0.00919095776323617	False	False	Ecoli	False	True	False	False	umpire	manual	min	1.660964047443681
P09211ups|GSTP1_HUMAN_UPS Glutathione S-transferase P (Chain 2-210) - Homo sapiens (Human)	P09211ups|GSTP1_HUMAN_UPS Glutathione S-transferase P (Chain 2-210) - Homo sapiens (Human)				1979570.0	1994070.0	43805.4	1435510.0	106850.0	2154350.0	2	0.07715462654241119	-1.9498707247146236	False	0.009220701963117191	False	True	Human	True	False	False	False	umpire	manual	min	1.660964047443681
P25437	P25437		frmA		7838450.0	7919980.0	8283670.0	8258610.0	8654010.0	7096350.0	0	0.0779788422561253	0.14071538968557504	False	0.009250446162998216	False	False	Ecoli	False	True	False	False	umpire	manual	min	1.660964047443681
P21170	P21170		speA		6969340.0	7124840.0	7400420.0	7466990.0	7096300.0	6738990.0	0	0.07800811812464734	0.07623938947493508	False	0.00928019036287924	False	False	Ecoli	False	True	False	False	umpire	manual	min	1.660964047443681
P06986	P06986		hisC		4543160.0	4685630.0	4559140.0	4473050.0	4373960.0	4739720.0	0	0.078043258459555	-0.059283157628922833	False	0.009309934562760263	False	False	Ecoli	False	True	False	False	umpire	manual	min	1.660964047443681
P21599	P21599		pykA		27093700.0	26850200.0	26610900.0	26236000.0	26148500.0	26550900.0	0	0.07810618333282597	-0.027126941677803214	False	0.009339678762641286	False	False	Ecoli	False	True	False	False	umpire	manual	min	1.660964047443681
P0A812	P0A812		ruvB		954790.0	870479.0	858144.0	831628.0	803502.0	892067.0	0	0.07841603871110302	-0.12415152910655851	False	0.009369422962522309	False	False	Ecoli	False	True	False	False	umpire	manual	min	1.660964047443681
P0AEV4	P0AEV4		hycA		1072470.0	914305.0	850225.0	916865.0	810537.0	1095910.0	0	0.07850178274803564	-0.25814396602676437	False	0.009399167162403332	False	False	Ecoli	False	True	False	False	umpire	manual	min	1.660964047443681
P0ACV8	P0ACV8		ymjA		636055.0	686565.0	478947.0	497463.0	475645.0	542109.0	0	0.07951189729466136	-0.3608698798303474	False	0.009428911362284355	False	False	Ecoli	False	True	False	False	umpire	manual	min	1.660964047443681
P61949	P61949		fldA		4321850.0	4447850.0	4516650.0	4659110.0	4459450.0	4192900.0	0	0.07963293242697132	0.0729818010528652	False	0.009458655562165378	False	False	Ecoli	False	True	False	False	umpire	manual	min	1.660964047443681
P0ABV2	P0ABV2		exbD		2266740.0	2263030.0	2208850.0	2146150.0	1999840.0	2369090.0	0	0.0798079908885086	-0.1185021818845906	False	0.009488399762046401	False	False	Ecoli	False	True	False	False	umpire	manual	min	1.660964047443681
P0AFJ7	P0AFJ7		pitA		1527560.0	1519260.0	1561370.0	1618560.0	1734260.0	1384580.0	0	0.08001497165207724	0.1491910810163026	False	0.009518143961927425	False	False	Ecoli	False	True	False	False	umpire	manual	min	1.660964047443681
P0A6Y5	P0A6Y5		hslO		6034510.0	6071480.0	5776030.0	6008970.0	5656110.0	6367790.0	0	0.08041178017622229	-0.08298723249547929	False	0.009547888161808448	False	False	Ecoli	False	True	False	False	umpire	manual	min	1.660964047443681
P0A6R0	P0A6R0		fabH		18346600.0	18399800.0	17761000.0	17513100.0	17143700.0	17703800.0	0	0.08046992098730218	-0.054880543747949546	False	0.009577632361689471	False	False	Ecoli	False	True	False	False	umpire	manual	min	1.660964047443681
P24186	P24186		folD		5986390.0	6024670.0	6378750.0	6217060.0	6062220.0	5717250.0	0	0.08055449552532779	0.07374165398967898	False	0.009607376561570496	False	False	Ecoli	False	True	False	False	umpire	manual	min	1.660964047443681
P0A7M6	P0A7M6		rpmC		24034900.0	25177000.0	19585100.0	20007800.0	17343300.0	32662200.0	0	0.08080471327121808	-0.5240609339683233	False	0.009637120761451517	False	False	Ecoli	False	True	False	False	umpire	manual	min	1.660964047443681
P0A8Q0	P0A8Q0		frdC		2362810.0	2230540.0	2067970.0	2200240.0	2184090.0	2474910.0	0	0.08112547758501981	-0.13154159096084467	False	0.00966686496133254	False	False	Ecoli	False	True	False	False	umpire	manual	min	1.660964047443681
P24182	P24182		accC		16119000.0	16044100.0	17078000.0	16616700.0	16835100.0	14951000.0	0	0.08131080275993494	0.10097558488977741	False	0.009696609161213563	False	False	Ecoli	False	True	False	False	umpire	manual	min	1.660964047443681
P0A7F3	P0A7F3		pyrI		1998130.0	1982000.0	1828040.0	1813030.0	1787550.0	1858170.0	0	0.08201155629422087	-0.10496284571893168	False	0.009726353361094587	False	False	Ecoli	False	True	False	False	umpire	manual	min	1.660964047443681
P0A9D8	P0A9D8		dapD		38477900.0	38608500.0	38316600.0	37814300.0	37811400.0	38318000.0	0	0.08229748360408073	-0.018394797011291295	False	0.009756097560975611	False	False	Ecoli	False	True	False	False	umpire	manual	min	1.660964047443681
P69905ups|HBA_HUMAN_UPS Hemoglobin subunit alpha (Chain 2-142) - Homo sapiens (Human)	P69905ups|HBA_HUMAN_UPS Hemoglobin subunit alpha (Chain 2-142) - Homo sapiens (Human)				1944100.0	1942400.0	43805.4	1382560.0	106850.0	1911310.0	2	0.0825395143968009	-1.9189476615079766	False	0.009785841760856633	False	True	Human	True	False	False	False	umpire	manual	min	1.660964047443681
P69913	P69913		csrA		18523000.0	18756100.0	17372400.0	17402300.0	15940600.0	17656400.0	0	0.08255021535971921	-0.1153176869194683	False	0.009815585960737656	False	False	Ecoli	False	True	False	False	umpire	manual	min	1.660964047443681
P0A780	P0A780		nusB		13887900.0	14432500.0	12968500.0	12814200.0	13021500.0	13370300.0	0	0.08288295901697008	-0.10351278367383719	False	0.00984533016061868	False	False	Ecoli	False	True	False	False	umpire	manual	min	1.660964047443681
Q46948	Q46948		yajL		4989980.0	5134840.0	4986780.0	4707350.0	4621380.0	5482730.0	0	0.08330766129838109	-0.12466501932052612	False	0.009875074360499704	False	False	Ecoli	False	True	False	False	umpire	manual	min	1.660964047443681
P66948	P66948		yfgC		6393280.0	6373490.0	6298900.0	6193590.0	6017580.0	6714230.0	0	0.08373990917523072	-0.07375738474462444	False	0.009904818560380727	False	False	Ecoli	False	True	False	False	umpire	manual	min	1.660964047443681
P77625	P77625		yfbT		8919670.0	8635750.0	8693350.0	8400120.0	8359090.0	8837120.0	0	0.08396812857838866	-0.05231943251161441	False	0.009934562760261749	False	False	Ecoli	False	True	False	False	umpire	manual	min	1.660964047443681
P09323	P09323		nagE		3181420.0	3064770.0	3008960.0	2719210.0	2933250.0	3171080.0	0	0.08435599936630883	-0.1207053257895881	False	0.009964306960142772	False	False	Ecoli	False	True	False	False	umpire	manual	min	1.660964047443681
P0A6J8	P0A6J8		ddlA		11228100.0	11140200.0	11474100.0	11588900.0	11318900.0	11333500.0	0	0.08468157976737471	0.028823625460714	False	0.009994051160023797	False	False	Ecoli	False	True	False	False	umpire	manual	min	1.660964047443681
P0ABF1	P0ABF1		pcnB		2430930.0	2517120.0	2318060.0	2425530.0	2321620.0	2644010.0	0	0.08573280019763903	-0.10375895143639983	False	0.01002379535990482	False	False	Ecoli	False	True	False	False	umpire	manual	min	1.660964047443681
P27434	P27434		rodZ		10503800.0	10223100.0	10762500.0	10649600.0	10530900.0	10022100.0	0	0.08622991088210621	0.05496032034385992	False	0.010053539559785843	False	False	Ecoli	False	True	False	False	umpire	manual	min	1.660964047443681
P62623	P62623		ispH		1272710.0	1285550.0	1346030.0	1371540.0	1332200.0	1333730.0	0	0.0865556077271915	0.05733197154878873	False	0.010083283759666864	False	False	Ecoli	False	True	False	False	umpire	manual	min	1.660964047443681
P0A9R4	P0A9R4		fdx		8329230.0	8489750.0	8558350.0	8741680.0	9074170.0	8263050.0	0	0.08696800977148382	0.07247321710818676	False	0.010113027959547887	False	False	Ecoli	False	True	False	False	umpire	manual	min	1.660964047443681
P0A6H1	P0A6H1		clpX		16813800.0	17024800.0	15973200.0	16298200.0	15803300.0	16235400.0	0	0.08699912881265309	-0.05878385030559694	False	0.010142772159428912	False	False	Ecoli	False	True	False	False	umpire	manual	min	1.660964047443681
P0AC86	P0AC86		glgP		1745490.0	1795850.0	1720020.0	1695130.0	1752330.0	1776190.0	0	0.08747337229688593	-0.041295367571655084	False	0.010172516359309935	False	False	Ecoli	False	True	False	False	umpire	manual	min	1.660964047443681
P52076	P52076		qseB		826278.0	913734.0	938934.0	1013420.0	931906.0	893660.0	0	0.08777422915718751	0.13112553919804873	False	0.010202260559190959	False	False	Ecoli	False	True	False	False	umpire	manual	min	1.660964047443681
P39401	P39401		mdoB		1376870.0	1456480.0	1284240.0	1395740.0	1246230.0	1472470.0	0	0.08823166131567133	-0.13315067065088831	False	0.01023200475907198	False	False	Ecoli	False	True	False	False	umpire	manual	min	1.660964047443681
P0AE88	P0AE88		cpxR		4698210.0	4764120.0	4790720.0	4840480.0	4884030.0	4569040.0	0	0.0887172483842744	0.048911554045510605	False	0.010261748958953005	False	False	Ecoli	False	True	False	False	umpire	manual	min	1.660964047443681
P0A8L1	P0A8L1		serS		34981700.0	34962100.0	33044800.0	33476500.0	32852200.0	33536900.0	0	0.08879755292319277	-0.0584286346421705	False	0.010291493158834028	False	False	Ecoli	False	True	False	False	umpire	manual	min	1.660964047443681
P39172	P39172		znuA		4190300.0	4600730.0	4598840.0	4674910.0	5065120.0	4245510.0	0	0.0890461539246352	0.13737031659676593	False	0.010321237358715051	False	False	Ecoli	False	True	False	False	umpire	manual	min	1.660964047443681
P41052	P41052		mltB		1133260.0	1136020.0	989875.0	1022430.0	984989.0	1030240.0	0	0.08913455521675787	-0.13859556010675142	False	0.010350981558596074	False	False	Ecoli	False	True	False	False	umpire	manual	min	1.660964047443681
P0A8W0	P0A8W0		nanR		2751980.0	2886320.0	2600090.0	2403150.0	2557990.0	3278670.0	0	0.08922925679149314	-0.23793262389591519	False	0.010380725758477096	False	False	Ecoli	False	True	False	False	umpire	manual	min	1.660964047443681
P29208	P29208		menC		2508870.0	2656730.0	2681450.0	2762600.0	2660190.0	2478040.0	0	0.08952782672643714	0.08441706703319297	False	0.01041046995835812	False	False	Ecoli	False	True	False	False	umpire	manual	min	1.660964047443681
P0A9H7	P0A9H7		cfa		3330780.0	3355490.0	3551860.0	3538740.0	3624120.0	2997540.0	0	0.08992417785540063	0.1459474710977775	False	0.010440214158239144	False	False	Ecoli	False	True	False	False	umpire	manual	min	1.660964047443681
P36879	P36879		yadG		1231550.0	1319670.0	1140130.0	1132410.0	1096270.0	1176960.0	0	0.09055144592446833	-0.14623245320054176	False	0.010469958358120167	False	False	Ecoli	False	True	False	False	umpire	manual	min	1.660964047443681
P36979	P36979		rlmN		3547810.0	3574050.0	3347320.0	3478030.0	3466690.0	3538880.0	0	0.0909104194183155	-0.050778614955441025	False	0.010499702558001192	False	False	Ecoli	False	True	False	False	umpire	manual	min	1.660964047443681
P08395	P08395		sppA		2298370.0	2209190.0	2156390.0	2188820.0	2043220.0	2246430.0	0	0.09129217783713675	-0.08027862064263167	False	0.010529446757882213	False	False	Ecoli	False	True	False	False	umpire	manual	min	1.660964047443681
P0A6T5	P0A6T5		folE		3397330.0	3593890.0	3334730.0	3415890.0	3297880.0	3570990.0	0	0.09133051378570799	-0.07193157304701912	False	0.010559190957763236	False	False	Ecoli	False	True	False	False	umpire	manual	min	1.660964047443681
P0ABU9	P0ABU9		tolQ		2318330.0	2353380.0	2477100.0	2497830.0	2358470.0	2294710.0	0	0.09134883828585934	0.07406477876638505	False	0.01058893515764426	False	False	Ecoli	False	True	False	False	umpire	manual	min	1.660964047443681
P0A988	P0A988		dnaN		4372620.0	4343380.0	4168430.0	4249140.0	4306820.0	4364660.0	0	0.09158407773923953	-0.03983883955700228	False	0.010618679357525283	False	False	Ecoli	False	True	False	False	umpire	manual	min	1.660964047443681
P37651	P37651		bcsZ		2481660.0	2359270.0	2315680.0	2360230.0	2303630.0	2434190.0	0	0.09182468599482402	-0.05983908887800373	False	0.010648423557406307	False	False	Ecoli	False	True	False	False	umpire	manual	min	1.660964047443681
P0ABP8	P0ABP8		deoD		52097900.0	52387100.0	53903500.0	53303500.0	53881500.0	49982600.0	0	0.09218175051743223	0.0605492440431906	False	0.010678167757287329	False	False	Ecoli	False	True	False	False	umpire	manual	min	1.660964047443681
P0A9K7	P0A9K7		phoU		1676770.0	1731240.0	1592980.0	1582230.0	1598520.0	1629230.0	0	0.0929127751464406	-0.07751649948830491	False	0.010707911957168352	False	False	Ecoli	False	True	False	False	umpire	manual	min	1.660964047443681
P31808	P31808		yciK		3197440.0	3221410.0	3112260.0	3125070.0	3117180.0	3342180.0	0	0.093079701579719	-0.06137130596468915	False	0.010737656157049375	False	False	Ecoli	False	True	False	False	umpire	manual	min	1.660964047443681
P0A8E1	P0A8E1		ycfP		12399100.0	11695000.0	11376400.0	11546600.0	11589500.0	12301700.0	0	0.09405223718764244	-0.07665299319373892	False	0.0107674003569304	False	False	Ecoli	False	True	False	False	umpire	manual	min	1.660964047443681
P24224	P24224		acpS		1999330.0	1926960.0	2071750.0	2003720.0	2155030.0	1945930.0	0	0.09418395216846605	0.08544192562754746	False	0.010797144556811423	False	False	Ecoli	False	True	False	False	umpire	manual	min	1.660964047443681
P0ADC1	P0ADC1		lptE		6389910.0	5804640.0	6564960.0	6645990.0	6934830.0	5295210.0	0	0.09429842621863083	0.2039671722465619	False	0.010826888756692445	False	False	Ecoli	False	True	False	False	umpire	manual	min	1.660964047443681
P0ABX2	P0ABX2		flgC		964692.0	1021490.0	1297060.0	1032290.0	1147710.0	867030.0	0	0.0949714345278488	0.2852810160110245	False	0.010856632956573468	False	False	Ecoli	False	True	False	False	umpire	manual	min	1.660964047443681
P0A817	P0A817		metK		25712900.0	25579000.0	23990200.0	23758900.0	23088500.0	24004600.0	0	0.09569408327823718	-0.08806747184078972	False	0.010886377156454493	False	False	Ecoli	False	True	False	False	umpire	manual	min	1.660964047443681
P76014	P76014		dhaL		3863750.0	3919020.0	4109030.0	4403870.0	3990160.0	3720820.0	0	0.096014168762332	0.1201970607688408	False	0.010916121356335516	False	False	Ecoli	False	True	False	False	umpire	manual	min	1.660964047443681
P0ADP9	P0ADP9		yihD		5074890.0	5348680.0	4859420.0	5089430.0	4849320.0	5123660.0	0	0.09632705481424679	-0.0712387853801748	False	0.010945865556216539	False	False	Ecoli	False	True	False	False	umpire	manual	min	1.660964047443681
Q46893	Q46893		ispD		2597590.0	2704250.0	2399240.0	2572470.0	2576250.0	2722380.0	0	0.09632970540735877	-0.08827438337974357	False	0.01097560975609756	False	False	Ecoli	False	True	False	False	umpire	manual	min	1.660964047443681
P07014	P07014		sdhB		1650450.0	1642300.0	1761310.0	1767310.0	1648070.0	1566440.0	0	0.0964744943459028	0.09131408206972125	False	0.011005353955978583	False	False	Ecoli	False	True	False	False	umpire	manual	min	1.660964047443681
P76227	P76227		ynjH		3709130.0	3726330.0	3541640.0	3649510.0	3684610.0	3864040.0	0	0.09742669060997398	-0.05514271489999122	False	0.011035098155859608	False	False	Ecoli	False	True	False	False	umpire	manual	min	1.660964047443681
P0ADY7	P0ADY7		rplP		48063000.0	49204900.0	49915400.0	50045500.0	51830700.0	45354200.0	0	0.0976973230755598	0.08989440377928734	False	0.011064842355740631	False	False	Ecoli	False	True	False	False	umpire	manual	min	1.660964047443681
P0AE12	P0AE12		amn		1180000.0	1152780.0	1124860.0	1160970.0	1132150.0	1176810.0	0	0.09829557003813973	-0.038158545513631924	False	0.011094586555621655	False	False	Ecoli	False	True	False	False	umpire	manual	min	1.660964047443681
P0A7G6	P0A7G6		recA		10927200.0	10984100.0	11210000.0	11087900.0	11369500.0	10479200.0	0	0.09881346346739407	0.055781573194288135	False	0.011124330755502676	False	False	Ecoli	False	True	False	False	umpire	manual	min	1.660964047443681
P0AC53	P0AC53		zwf		12195400.0	12506700.0	11944100.0	12241900.0	11946300.0	12780800.0	0	0.0990277074635196	-0.05294348424611465	False	0.011154074955383701	False	False	Ecoli	False	True	False	False	umpire	manual	min	1.660964047443681
P08390	P08390		usg		4562160.0	4696390.0	4918080.0	4873430.0	5007620.0	4147820.0	0	0.099419000524074	0.1425937100998167	False	0.011183819155264724	False	False	Ecoli	False	True	False	False	umpire	manual	min	1.660964047443681
P61889	P61889		mdh		15733700.0	16085100.0	16999400.0	17116200.0	16602900.0	14268500.0	0	0.09977304925252152	0.13814282776483788	False	0.011213563355145747	False	False	Ecoli	False	True	False	False	umpire	manual	min	1.660964047443681
P64493	P64493		yoaF		475977.0	467453.0	256391.0	337980.0	238636.0	312111.0	0	0.100389510131952	-0.5919086167996018	False	0.01124330755502677	False	False	Ecoli	False	True	False	False	umpire	manual	min	1.660964047443681
P0A7A2	P0A7A2		gpmB		3082420.0	3092640.0	2809880.0	2758690.0	2772490.0	2847190.0	0	0.10046633985354647	-0.11325652650754309	False	0.011273051754907792	False	False	Ecoli	False	True	False	False	umpire	manual	min	1.660964047443681
P0A9Q5	P0A9Q5		accD		31454900.0	31495100.0	33713700.0	33574000.0	33518300.0	28124200.0	0	0.10053571650362668	0.14646718855079896	False	0.011302795954788817	False	False	Ecoli	False	True	False	False	umpire	manual	min	1.660964047443681
P0AFI2	P0AFI2		parC		4681630.0	4861780.0	5006440.0	4924690.0	4864560.0	4812930.0	0	0.10126123791174214	0.04348898257888278	False	0.01133254015466984	False	False	Ecoli	False	True	False	False	umpire	manual	min	1.660964047443681
P05041	P05041		pabB		14145200.0	14835200.0	14695900.0	15346700.0	16146900.0	13849300.0	0	0.10182326308164291	0.10895335721115808	False	0.011362284354550863	False	False	Ecoli	False	True	False	False	umpire	manual	min	1.660964047443681
P76004	P76004		ycgM		1314340.0	1343220.0	1167060.0	1301720.0	1263320.0	1389950.0	0	0.10190331848305235	-0.11704700183851693	False	0.011392028554431888	False	False	Ecoli	False	True	False	False	umpire	manual	min	1.660964047443681
P11880	P11880		murF		5385710.0	5213370.0	5775990.0	5617050.0	5465290.0	4744610.0	0	0.101971233120025	0.13581615088342128	False	0.011421772754312911	False	False	Ecoli	False	True	False	False	umpire	manual	min	1.660964047443681
P0AE01	P0AE01		trmJ		4229990.0	4246090.0	4367400.0	4419240.0	4297210.0	4319000.0	0	0.1020218138949719	0.03219795711185783	False	0.011451516954193932	False	False	Ecoli	False	True	False	False	umpire	manual	min	1.660964047443681
P60438	P60438		rplC		196871000.0	197725000.0	218527000.0	222556000.0	218180000.0	160793000.0	0	0.10264543651927122	0.24735551134685915	False	0.011481261154074955	False	False	Ecoli	False	True	False	False	umpire	manual	min	1.660964047443681
P68767	P68767		pepA		8271630.0	8710630.0	8141860.0	8343340.0	7932040.0	8540070.0	0	0.10265030811480032	-0.0638599078359327	False	0.011511005353955979	False	False	Ecoli	False	True	False	False	umpire	manual	min	1.660964047443681
P0AFM2	P0AFM2		proX		9045730.0	9069910.0	9896080.0	9467860.0	9485650.0	8037480.0	0	0.10320184347008203	0.14156774940358072	False	0.011540749553837003	False	False	Ecoli	False	True	False	False	umpire	manual	min	1.660964047443681
P0AFY8	P0AFY8		seqA		9962950.0	9732570.0	10332400.0	9960180.0	10206400.0	9938390.0	0	0.10326445597354399	0.04151200135887091	False	0.011570493753718027	False	False	Ecoli	False	True	False	False	umpire	manual	min	1.660964047443681
P64581	P64581		yqjD		29658100.0	29803400.0	32042200.0	33321700.0	33219600.0	24397100.0	0	0.1032714371200427	0.2333874568499353	False	0.011600237953599048	False	False	Ecoli	False	True	False	False	umpire	manual	min	1.660964047443681
P0AG86	P0AG86		secB		19093400.0	18510200.0	19667300.0	19190000.0	20255200.0	17244600.0	0	0.10367724780814055	0.10801896142716712	False	0.011629982153480071	False	False	Ecoli	False	True	False	False	umpire	manual	min	1.660964047443681
P0A8M6	P0A8M6		yeeX		10693700.0	10554300.0	9830810.0	10380700.0	10001000.0	10275300.0	0	0.10375576960743592	-0.06127252496112192	False	0.011659726353361096	False	False	Ecoli	False	True	False	False	umpire	manual	min	1.660964047443681
P0A9H1	P0A9H1		mug		1834400.0	1929590.0	1746110.0	1756040.0	1793380.0	1813310.0	0	0.10480436623905866	-0.07479179213756837	False	0.01168947055324212	False	False	Ecoli	False	True	False	False	umpire	manual	min	1.660964047443681
P37636	P37636		mdtE		3601410.0	3486030.0	3391710.0	3403330.0	3442660.0	3473050.0	0	0.10489333884670053	-0.044785140269595444	False	0.011719214753123142	False	False	Ecoli	False	True	False	False	umpire	manual	min	1.660964047443681
P60293	P60293		mukF		3436290.0	3446620.0	3387940.0	3349820.0	3391760.0	3558720.0	0	0.10527657346182644	-0.04378113084305996	False	0.011748958953004164	False	False	Ecoli	False	True	False	False	umpire	manual	min	1.660964047443681
P0AF03	P0AF03		mog		9665620.0	9901290.0	10292400.0	10088800.0	10345000.0	10129500.0	0	0.10755810083172075	0.04918082148633754	False	0.011778703152885189	False	False	Ecoli	False	True	False	False	umpire	manual	min	1.660964047443681
P60752	P60752		msbA		3395100.0	3562460.0	3315270.0	3380510.0	3398830.0	3534090.0	0	0.10792929385557586	-0.055656411435769	False	0.011808447352766212	False	False	Ecoli	False	True	False	False	umpire	manual	min	1.660964047443681
P0ABI8	P0ABI8		cyoB		2405410.0	2305120.0	2065620.0	2268090.0	2261290.0	2394180.0	0	0.10813778416225914	-0.10740310327758458	False	0.011838191552647235	False	False	Ecoli	False	True	False	False	umpire	manual	min	1.660964047443681
P0A9B6	P0A9B6		epd		1854670.0	1841650.0	1803170.0	1712880.0	1782500.0	1812070.0	0	0.1083262428027787	-0.05603310137881389	False	0.011867935752528258	False	False	Ecoli	False	True	False	False	umpire	manual	min	1.660964047443681
P76268	P76268		kdgR		5976040.0	6048070.0	5848280.0	5981370.0	5780140.0	6040250.0	0	0.11044959370198651	-0.03676843774297151	False	0.01189767995240928	False	False	Ecoli	False	True	False	False	umpire	manual	min	1.660964047443681
P0A9T0	P0A9T0		serA		7338340.0	7249260.0	7215310.0	7084540.0	7173450.0	7213750.0	0	0.11045114117138354	-0.021873552959033697	False	0.011927424152290304	False	False	Ecoli	False	True	False	False	umpire	manual	min	1.660964047443681
P64559	P64559		cptB		457596.0	492069.0	436584.0	365307.0	303289.0	455766.0	0	0.11123594956984671	-0.34673126634442764	False	0.011957168352171327	False	False	Ecoli	False	True	False	False	umpire	manual	min	1.660964047443681
P39396	P39396		yjiY		5797790.0	5566380.0	5405180.0	5660440.0	5320800.0	5957920.0	0	0.11155485180143938	-0.08011231110754813	False	0.01198691255205235	False	False	Ecoli	False	True	False	False	umpire	manual	min	1.660964047443681
P46887	P46887		yecH		205720.0	209924.0	253934.0	244430.0	337652.0	186354.0	0	0.11161453855064515	0.47377185946004485	False	0.012016656751933375	False	False	Ecoli	False	True	False	False	umpire	manual	min	1.660964047443681
P0A6S0	P0A6S0		flgH		2319410.0	2319260.0	2382180.0	2366130.0	2447610.0	2367590.0	0	0.11168457804893894	0.038534620573886465	False	0.012046400951814397	False	False	Ecoli	False	True	False	False	umpire	manual	min	1.660964047443681
P12008	P12008		aroC		3419710.0	3540910.0	3610520.0	3713390.0	3696630.0	3620520.0	0	0.11221090525637326	0.05869984670233258	False	0.01207614515169542	False	False	Ecoli	False	True	False	False	umpire	manual	min	1.660964047443681
P0A8I3	P0A8I3		yaaA		3216410.0	3246160.0	3390880.0	3261600.0	3402440.0	3232660.0	0	0.11256533190469785	0.052554574254770316	False	0.012105889351576443	False	False	Ecoli	False	True	False	False	umpire	manual	min	1.660964047443681
P15640	P15640		purD		2817310.0	2899500.0	3077670.0	2992320.0	2925010.0	2595760.0	0	0.11257657727552883	0.11382869701585088	False	0.012135633551457466	False	False	Ecoli	False	True	False	False	umpire	manual	min	1.660964047443681
P25745	P25745		mnmA		4299940.0	4251870.0	4403860.0	4377860.0	4435610.0	4044050.0	0	0.11285946727307973	0.06948114357483691	False	0.012165377751338491	False	False	Ecoli	False	True	False	False	umpire	manual	min	1.660964047443681
P0AEM0	P0AEM0		fkpB		2048710.0	1845560.0	1659640.0	1916040.0	1480130.0	2119450.0	0	0.11304424062170532	-0.2503154500124136	False	0.012195121951219513	False	False	Ecoli	False	True	False	False	umpire	manual	min	1.660964047443681
P09549	P09549		dedD		1360130.0	1381370.0	1364050.0	1305050.0	1339450.0	1428260.0	0	0.11349331350088035	-0.05688387890264476	False	0.012224866151100536	False	False	Ecoli	False	True	False	False	umpire	manual	min	1.660964047443681
P77737	P77737		oppF		1653830.0	1915740.0	1615340.0	1624580.0	1564020.0	1898400.0	0	0.1139526663981821	-0.18678719536536473	False	0.012254610350981559	False	False	Ecoli	False	True	False	False	umpire	manual	min	1.660964047443681
P0ACP5	P0ACP5		gntR		850065.0	885870.0	886084.0	975470.0	982536.0	711705.0	0	0.11460964293067848	0.21657573774777888	False	0.012284354550862584	False	False	Ecoli	False	True	False	False	umpire	manual	min	1.660964047443681
P0ABN5	P0ABN5		dcuA		4293580.0	4342920.0	4475200.0	4460080.0	4312520.0	4163540.0	0	0.1158447436936653	0.04960447932880111	False	0.012314098750743607	False	False	Ecoli	False	True	False	False	umpire	manual	min	1.660964047443681
P09158	P09158		speE		7166940.0	7599900.0	7021000.0	7065240.0	7143770.0	7426690.0	0	0.1160206124625033	-0.06403410337327438	False	0.012343842950624628	False	False	Ecoli	False	True	False	False	umpire	manual	min	1.660964047443681
P0ACE0	P0ACE0		hybC		11775600.0	11752100.0	11168100.0	11448700.0	11157500.0	11330500.0	0	0.11607216349522745	-0.045572204994695255	False	0.012373587150505651	False	False	Ecoli	False	True	False	False	umpire	manual	min	1.660964047443681
P0A6X3	P0A6X3		hfq		808786.0	839787.0	900737.0	930633.0	860702.0	875794.0	0	0.11693988540553069	0.09279532675501652	False	0.012403331350386675	False	False	Ecoli	False	True	False	False	umpire	manual	min	1.660964047443681
P25516	P25516		acnA		3412550.0	3473940.0	3385440.0	3376050.0	3148680.0	3615210.0	0	0.1187238186485785	-0.08364117731694322	False	0.0124330755502677	False	False	Ecoli	False	True	False	False	umpire	manual	min	1.660964047443681
P08201	P08201		nirB		6643040.0	6626980.0	6506500.0	6552340.0	6544830.0	6827900.0	0	0.11896739189061882	-0.03592243352539588	False	0.012462819750148723	False	False	Ecoli	False	True	False	False	umpire	manual	min	1.660964047443681
P77774	P77774		bamB		15066200.0	15047300.0	14873500.0	13974100.0	14501000.0	15232000.0	0	0.1191102289263961	-0.06497398711540966	False	0.012492563950029744	False	False	Ecoli	False	True	False	False	umpire	manual	min	1.660964047443681
P0AG63	P0AG63		rpsQ		273504000.0	270773000.0	294800000.0	293696000.0	287726000.0	234261000.0	0	0.1195904443219498	0.17052897985019808	False	0.012522308149910767	False	False	Ecoli	False	True	False	False	umpire	manual	min	1.660964047443681
P11447	P11447		argH		1308800.0	1315520.0	1423470.0	1356590.0	1326140.0	1271980.0	0	0.11979865278903792	0.07569913464117178	False	0.012552052349791792	False	False	Ecoli	False	True	False	False	umpire	manual	min	1.660964047443681
P08506	P08506		dacC		6352660.0	6461250.0	6785650.0	6514070.0	6493640.0	6294000.0	0	0.12003237159031796	0.05084654956765662	False	0.012581796549672815	False	False	Ecoli	False	True	False	False	umpire	manual	min	1.660964047443681
P0AE91	P0AE91		creA		3170570.0	3099850.0	3387450.0	3216590.0	3484610.0	3248440.0	0	0.12048836813537961	0.08387242633789127	False	0.012611540749553838	False	False	Ecoli	False	True	False	False	umpire	manual	min	1.660964047443681
P0A6P7	P0A6P7		engB		6688530.0	6631200.0	6999770.0	6800480.0	6852000.0	6199040.0	0	0.12094906439367747	0.08143682494549656	False	0.01264128494943486	False	False	Ecoli	False	True	False	False	umpire	manual	min	1.660964047443681
P19319	P19319		narZ		1197110.0	1059740.0	794794.0	733496.0	106850.0	1029070.0	1	0.12263377052148522	-1.0068831924716042	False	0.012671029149315885	False	False	Ecoli	False	True	False	False	umpire	manual	min	1.660964047443681
P0A9X9	P0A9X9		cspA		34220800.0	34126700.0	29103500.0	29883200.0	28942900.0	30022200.0	0	0.12288863764600583	-0.1618650968350845	False	0.012700773349196908	False	False	Ecoli	False	True	False	False	umpire	manual	min	1.660964047443681
P0ACB0	P0ACB0		dnaB		2359980.0	2341060.0	2383220.0	2407660.0	2470380.0	2369180.0	0	0.12305050035340977	0.03846480433444338	False	0.012730517549077931	False	False	Ecoli	False	True	False	False	umpire	manual	min	1.660964047443681
P24171	P24171		dcp		1976540.0	1986310.0	1957850.0	1771260.0	1830620.0	2012020.0	0	0.12368205825279775	-0.10389250125528822	False	0.012760261748958954	False	False	Ecoli	False	True	False	False	umpire	manual	min	1.660964047443681
P60061	P60061		adiC		1281880.0	1168000.0	1340310.0	1317400.0	1284700.0	1249410.0	0	0.1238604309551647	0.09182941787870283	False	0.012790005948839975	False	False	Ecoli	False	True	False	False	umpire	manual	min	1.660964047443681
P0AG40	P0AG40		ribF		2379780.0	2527800.0	2549240.0	2617160.0	2581290.0	2507230.0	0	0.12447328239248227	0.06335650511867158	False	0.012819750148721	False	False	Ecoli	False	True	False	False	umpire	manual	min	1.660964047443681
P52060	P52060		yggU		389051.0	473287.0	498955.0	488242.0	469154.0	409252.0	0	0.12454296517209683	0.19572453014242183	False	0.012849494348602023	False	False	Ecoli	False	True	False	False	umpire	manual	min	1.660964047443681
P0A744	P0A744		msrA		6861950.0	7115590.0	6798440.0	6876900.0	6424990.0	7506200.0	0	0.1253787123249987	-0.09602597971485768	False	0.012879238548483047	False	False	Ecoli	False	True	False	False	umpire	manual	min	1.660964047443681
P00915ups|CAH1_HUMAN_UPS Carbonic anhydrase 1 (Chain 2-261) - Homo sapiens (Human)	P00915ups|CAH1_HUMAN_UPS Carbonic anhydrase 1 (Chain 2-261) - Homo sapiens (Human)				9001450.0	9595790.0	3948070.0	7288280.0	7736050.0	9325220.0	0	0.12714576847828044	-0.5575238596336429	False	0.012908982748364072	False	False	Human	True	False	False	False	umpire	manual	min	1.660964047443681
P60595	P60595		hisH		1563090.0	1689450.0	1504520.0	1429840.0	1616290.0	1709330.0	0	0.12745555478422305	-0.12481130752151667	False	0.012938726948245093	False	False	Ecoli	False	True	False	False	umpire	manual	min	1.660964047443681
P0A6V8	P0A6V8		glk		10086700.0	10443100.0	10513500.0	10490700.0	10504200.0	10128600.0	0	0.1275148917220879	0.03945408838368327	False	0.012968471148126116	False	False	Ecoli	False	True	False	False	umpire	manual	min	1.660964047443681
P75915	P75915		ycdY		8800220.0	9210620.0	9206280.0	9517450.0	9164640.0	8931810.0	0	0.12813394540245596	0.04977185816652511	False	0.01299821534800714	False	False	Ecoli	False	True	False	False	umpire	manual	min	1.660964047443681
P0A8E7	P0A8E7		yajQ		15386400.0	15380400.0	16157000.0	15982500.0	15663100.0	14182600.0	0	0.1286125027867306	0.08878723074363096	False	0.013027959547888162	False	False	Ecoli	False	True	False	False	umpire	manual	min	1.660964047443681
P0A955	P0A955		eda		28886600.0	27610000.0	30777500.0	30470900.0	29411600.0	24279500.0	0	0.12892835080254425	0.16653766913790946	False	0.013057703747769187	False	False	Ecoli	False	True	False	False	umpire	manual	min	1.660964047443681
P0A738	P0A738		moaC		1098840.0	1036590.0	1024550.0	1030060.0	1023420.0	1080280.0	0	0.12900528628337948	-0.0631300139289354	False	0.013087447947650209	False	False	Ecoli	False	True	False	False	umpire	manual	min	1.660964047443681
P30128	P30128		greB		2099460.0	2083220.0	2022660.0	2071350.0	1928800.0	2136900.0	0	0.1290671774982281	-0.06939193259467413	False	0.013117192147531232	False	False	Ecoli	False	True	False	False	umpire	manual	min	1.660964047443681
P0AGG2	P0AGG2		tesB		1180120.0	1125020.0	1046980.0	1108630.0	865429.0	1230600.0	0	0.12936622971629555	-0.22696738170289457	False	0.013146936347412255	False	False	Ecoli	False	True	False	False	umpire	manual	min	1.660964047443681
P16926	P16926		mreC		16570500.0	17642200.0	18041100.0	18280500.0	17323600.0	15942400.0	0	0.12962421576833766	0.09705268091554224	False	0.01317668054729328	False	False	Ecoli	False	True	False	False	umpire	manual	min	1.660964047443681
P08622	P08622		dnaJ		5969140.0	5925050.0	6040260.0	6022280.0	6172300.0	6009350.0	0	0.1297832867567832	0.026452666539623772	False	0.013206424747174303	False	False	Ecoli	False	True	False	False	umpire	manual	min	1.660964047443681
P30843	P30843		basR		1680250.0	1764410.0	1919620.0	1954110.0	2141260.0	1956230.0	0	0.12983900387953895	0.15536517370423325	False	0.013236168947055324	False	False	Ecoli	False	True	False	False	umpire	manual	min	1.660964047443681
P33898	P33898		gapC		1735720.0	1854860.0	1722510.0	1750250.0	1693100.0	1829210.0	0	0.12986283049473002	-0.06922840721834565	False	0.013265913146936347	False	False	Ecoli	False	True	False	False	umpire	manual	min	1.660964047443681
P0AEH1	P0AEH1		rseP		1472580.0	1626100.0	1451950.0	1445970.0	1442450.0	1632390.0	0	0.1298630023151959	-0.12434847467960165	False	0.01329565734681737	False	False	Ecoli	False	True	False	False	umpire	manual	min	1.660964047443681
P09372	P09372		grpE		42527700.0	41794100.0	43537500.0	44240400.0	44589100.0	38077200.0	0	0.13129570420835923	0.11295172195583847	False	0.013325401546698395	False	False	Ecoli	False	True	False	False	umpire	manual	min	1.660964047443681
P0AA39	P0AA39		rluC		1048790.0	1088020.0	993779.0	1020290.0	1047020.0	1167520.0	0	0.1319110337038675	-0.11031278312045073	False	0.013355145746579419	False	False	Ecoli	False	True	False	False	umpire	manual	min	1.660964047443681
P25714	P25714		yidC		6099080.0	5865100.0	6301630.0	6166050.0	6245230.0	6145480.0	0	0.1321143777337098	0.04727446543997327	False	0.01338488994646044	False	False	Ecoli	False	True	False	False	umpire	manual	min	1.660964047443681
P45469	P45469		yraR		864798.0	834299.0	916029.0	854597.0	963714.0	718484.0	0	0.1331502081650028	0.1776284178358138	False	0.013414634146341463	False	False	Ecoli	False	True	False	False	umpire	manual	min	1.660964047443681
P08660	P08660		lysC		2511170.0	2551120.0	2358080.0	2493150.0	2360660.0	2819790.0	0	0.13334954924881573	-0.12819900023274344	False	0.013444378346222488	False	False	Ecoli	False	True	False	False	umpire	manual	min	1.660964047443681
P0ADC3	P0ADC3		lolC		1473820.0	1358010.0	1531210.0	1498200.0	1438370.0	1379040.0	0	0.13347758035829446	0.08543981054269782	False	0.013474122546103511	False	False	Ecoli	False	True	False	False	umpire	manual	min	1.660964047443681
P0ABA0	P0ABA0		atpF		26752400.0	26705200.0	27882700.0	27860900.0	28016600.0	24262200.0	0	0.13357024706825035	0.10798269872183243	False	0.013503866745984534	False	False	Ecoli	False	True	False	False	umpire	manual	min	1.660964047443681
P30750	P30750		metN		1358360.0	1240860.0	1311160.0	1456920.0	1528720.0	1037760.0	0	0.13382877802544385	0.24052163426874182	False	0.013533610945865556	False	False	Ecoli	False	True	False	False	umpire	manual	min	1.660964047443681
P0ABS1	P0ABS1		dksA		30664600.0	29921800.0	30799400.0	30519000.0	30880500.0	30012600.0	0	0.13614782136956075	0.02525441195782952	False	0.01356335514574658	False	False	Ecoli	False	True	False	False	umpire	manual	min	1.660964047443681
P07604	P07604		tyrR		2143860.0	2192690.0	2291400.0	2270570.0	2365240.0	2290530.0	0	0.1361710272869606	0.06390107486081402	False	0.013593099345627604	False	False	Ecoli	False	True	False	False	umpire	manual	min	1.660964047443681
P0A821	P0A821		selA		1451430.0	1421800.0	1460820.0	1494880.0	1522510.0	1473770.0	0	0.1362696372289082	0.042902087522004966	False	0.013622843545508627	False	False	Ecoli	False	True	False	False	umpire	manual	min	1.660964047443681
P77475	P77475		yqaB		2687150.0	2800890.0	3129120.0	2927850.0	2775660.0	2309130.0	0	0.13738296151482474	0.1798924884385135	False	0.01365258774538965	False	False	Ecoli	False	True	False	False	umpire	manual	min	1.660964047443681
P69931	P69931		hda		819489.0	880046.0	890932.0	897582.0	886712.0	795437.0	0	0.1375607584627763	0.10063714896534294	False	0.013682331945270671	False	False	Ecoli	False	True	False	False	umpire	manual	min	1.660964047443681
P05793	P05793		ilvC		7820400.0	7624090.0	7796530.0	7981240.0	8060640.0	7243910.0	0	0.13784527299530555	0.07133313972712356	False	0.013712076145151696	False	False	Ecoli	False	True	False	False	umpire	manual	min	1.660964047443681
P76569	P76569		yfgD		1867590.0	1612100.0	1393060.0	1727240.0	1486780.0	1851490.0	0	0.1378550331571583	-0.21060224358443708	False	0.01374182034503272	False	False	Ecoli	False	True	False	False	umpire	manual	min	1.660964047443681
P0AEF4	P0AEF4		dpiA		1846380.0	1981020.0	2116770.0	2136180.0	2056010.0	2058510.0	0	0.13822007029126637	0.10013672130788562	False	0.013771564544913743	False	False	Ecoli	False	True	False	False	umpire	manual	min	1.660964047443681
P0AA93	P0AA93		ypdA		363942.0	393298.0	271448.0	280366.0	106850.0	283810.0	1	0.13962627249522028	-0.6604247553642066	False	0.013801308744794768	False	False	Ecoli	False	True	False	False	umpire	manual	min	1.660964047443681
P0ACC3	P0ACC3		erpA		7211100.0	7297450.0	7684070.0	7721640.0	7798850.0	7683860.0	0	0.13977127488345562	0.06434199518582819	False	0.013831052944675789	False	False	Ecoli	False	True	False	False	umpire	manual	min	1.660964047443681
P60546	P60546		gmk		4989040.0	5070790.0	5389850.0	5318510.0	5338220.0	5311440.0	0	0.13981244877762355	0.06202948137142627	False	0.013860797144556812	False	False	Ecoli	False	True	False	False	umpire	manual	min	1.660964047443681
P0A6F1	P0A6F1		carA		4800270.0	4636840.0	4843490.0	4798670.0	4961640.0	4417130.0	0	0.13985545278067707	0.07601624493646122	False	0.013890541344437835	False	False	Ecoli	False	True	False	False	umpire	manual	min	1.660964047443681
P64429	P64429		ypfJ		1093690.0	1081510.0	1151080.0	1099120.0	1194520.0	1076090.0	0	0.13996128221761886	0.08337447645241682	False	0.013920285544318858	False	False	Ecoli	False	True	False	False	umpire	manual	min	1.660964047443681
P34209	P34209		ydcF		511997.0	509149.0	539765.0	613533.0	553538.0	530037.0	0	0.14037519734977735	0.13795554719749686	False	0.013950029744199883	False	False	Ecoli	False	True	False	False	umpire	manual	min	1.660964047443681
P28635	P28635		metQ		12616300.0	12566300.0	12987000.0	12947100.0	12840000.0	11845500.0	0	0.1405622889786187	0.066472771430745	False	0.013979773944080905	False	False	Ecoli	False	True	False	False	umpire	manual	min	1.660964047443681
P0A7R1	P0A7R1		rplI		432374000.0	440949000.0	461263000.0	458378000.0	455782000.0	389326000.0	0	0.14151922215812401	0.12342173143823364	False	0.014009518143961928	False	False	Ecoli	False	True	False	False	umpire	manual	min	1.660964047443681
P06983	P06983		hemC		10373100.0	10721400.0	11052900.0	11198100.0	10861400.0	9481250.0	0	0.14162502313305297	0.11498369423455583	False	0.014039262343842951	False	False	Ecoli	False	True	False	False	umpire	manual	min	1.660964047443681
P37902	P37902		gltI		1968190.0	1860740.0	2052930.0	2003600.0	2042500.0	1994250.0	0	0.14172789307502093	0.06677259774134103	False	0.014069006543723976	False	False	Ecoli	False	True	False	False	umpire	manual	min	1.660964047443681
P25522	P25522		mnmE		3733070.0	3769660.0	3886870.0	3892950.0	3752250.0	3532920.0	0	0.14269371107233086	0.06347989228670746	False	0.014098750743604999	False	False	Ecoli	False	True	False	False	umpire	manual	min	1.660964047443681
P0A9B2	P0A9B2		gapA		312392000.0	303074000.0	334057000.0	327486000.0	333793000.0	254767000.0	0	0.14275344427252692	0.19378189867862058	False	0.01412849494348602	False	False	Ecoli	False	True	False	False	umpire	manual	min	1.660964047443681
P33362	P33362		osmF		2183420.0	1912210.0	1900350.0	1897340.0	1790840.0	2018980.0	0	0.1428790771172933	-0.12979163594175666	False	0.014158239143367043	False	False	Ecoli	False	True	False	False	umpire	manual	min	1.660964047443681
P0A8A4	P0A8A4		ppsR		2000860.0	2022060.0	2014940.0	1963920.0	1941690.0	2093110.0	0	0.14326178001634493	-0.04686427954513215	False	0.014187983343248067	False	False	Ecoli	False	True	False	False	umpire	manual	min	1.660964047443681
Q46798	Q46798		ygeR		713026.0	734338.0	709721.0	623650.0	609324.0	709390.0	0	0.14379654944034198	-0.15080221376517447	False	0.014217727543129091	False	False	Ecoli	False	True	False	False	umpire	manual	min	1.660964047443681
P64467	P64467		cnu		2764900.0	2803690.0	2746490.0	2724540.0	2499930.0	2933740.0	0	0.14407337270253143	-0.09310476641564842	False	0.014247471743010115	False	False	Ecoli	False	True	False	False	umpire	manual	min	1.660964047443681
P0A7N4	P0A7N4		rpmF		37203800.0	35524300.0	38671500.0	37087800.0	40131600.0	31082500.0	0	0.14492014905386172	0.1588135238951	False	0.014277215942891136	False	False	Ecoli	False	True	False	False	umpire	manual	min	1.660964047443681
P69811	P69811		fruB		12670900.0	12585300.0	13158800.0	13325600.0	13082600.0	11330000.0	0	0.14550110277755354	0.11299810427347785	False	0.01430696014277216	False	False	Ecoli	False	True	False	False	umpire	manual	min	1.660964047443681
P0AE70	P0AE70		mazF		3335870.0	3267380.0	3411810.0	3492100.0	3316680.0	3282110.0	0	0.14593310394791378	0.04811306921537296	False	0.014336704342653184	False	False	Ecoli	False	True	False	False	umpire	manual	min	1.660964047443681
P0AB46	P0AB46		ymgD		2189620.0	2152840.0	2205860.0	2338940.0	2249390.0	2189540.0	0	0.14597470539021995	0.056776772949674245	False	0.014366448542534207	False	False	Ecoli	False	True	False	False	umpire	manual	min	1.660964047443681
P0AFI7	P0AFI7		pdxH		7635480.0	7416000.0	7303390.0	7504080.0	6906830.0	7867610.0	0	0.1460176005017243	-0.07790431754097939	False	0.01439619274241523	False	False	Ecoli	False	True	False	False	umpire	manual	min	1.660964047443681
P08331	P08331		cpdB		2390000.0	2443280.0	2528200.0	2451560.0	2487230.0	2464560.0	0	0.146358293388469	0.03305727774734394	False	0.014425936942296252	False	False	Ecoli	False	True	False	False	umpire	manual	min	1.660964047443681
P76506	P76506		mlaA		6866160.0	6825640.0	6725590.0	6782970.0	6665810.0	7143320.0	0	0.14780371649928264	-0.04649378717574235	False	0.014455681142177277	False	False	Ecoli	False	True	False	False	umpire	manual	min	1.660964047443681
P0AD59	P0AD59		ivy		2709640.0	2696780.0	2406310.0	2367470.0	2609320.0	2510420.0	0	0.14783386038080545	-0.10069799553747838	False	0.0144854253420583	False	False	Ecoli	False	True	False	False	umpire	manual	min	1.660964047443681
P0A8W5	P0A8W5		yqgE		2828230.0	2976190.0	2491780.0	2828420.0	2624840.0	2785880.0	0	0.14785302887493723	-0.11265403267584673	False	0.014515169541939323	False	False	Ecoli	False	True	False	False	umpire	manual	min	1.660964047443681
P0AC62	P0AC62		grxC		18980800.0	19168300.0	19493700.0	19796500.0	19796500.0	17605800.0	0	0.14793239849363735	0.0837348250966868	False	0.014544913741820346	False	False	Ecoli	False	True	False	False	umpire	manual	min	1.660964047443681
P0AEU7	P0AEU7		skp		23488000.0	22905400.0	24215800.0	25033600.0	23224300.0	22661000.0	0	0.14824540829787766	0.06972420723446562	False	0.014574657941701367	False	False	Ecoli	False	True	False	False	umpire	manual	min	1.660964047443681
P0C018	P0C018		rplR		31310600.0	33661300.0	36096900.0	36154100.0	38115100.0	22537400.0	0	0.14871721641646624	0.33478885083833837	False	0.014604402141582392	False	False	Ecoli	False	True	False	False	umpire	manual	min	1.660964047443681
P22106	P22106		asnB		2412620.0	2220070.0	2503940.0	2514460.0	2314510.0	2185630.0	0	0.1488867254461949	0.1049695224803168	False	0.014634146341463415	False	False	Ecoli	False	True	False	False	umpire	manual	min	1.660964047443681
P0A7W1	P0A7W1		rpsE		122504000.0	122885000.0	133759000.0	129885000.0	134393000.0	98853600.0	0	0.14888753045680383	0.2094769025798955	False	0.014663890541344439	False	False	Ecoli	False	True	False	False	umpire	manual	min	1.660964047443681
P52119	P52119		ratB		4087020.0	4266580.0	4021880.0	4057290.0	4146390.0	4255540.0	0	0.14971658078176858	-0.04456933042995043	False	0.014693634741225464	False	False	Ecoli	False	True	False	False	umpire	manual	min	1.660964047443681
P77247	P77247		yniC		1470480.0	1563310.0	1475260.0	1473890.0	1385660.0	1663920.0	0	0.15035700678259725	-0.11598889559918142	False	0.014723378941106485	False	False	Ecoli	False	True	False	False	umpire	manual	min	1.660964047443681
P18355	P18355				2158370.0	2232190.0	3007560.0	3126480.0	3118500.0	80120.4	1	0.15192723703571676	1.04935505332369	False	0.014753123140987508	False	False	Ecoli	False	True	False	False	umpire	manual	min	1.660964047443681
P0ACB2	P0ACB2		hemB		13020700.0	12547400.0	13125300.0	12941600.0	13172000.0	12302300.0	0	0.15310545339856485	0.051213938931957796	False	0.014782867340868531	False	False	Ecoli	False	True	False	False	umpire	manual	min	1.660964047443681
P67095	P67095		yfcE		1388020.0	1337280.0	1415550.0	1430950.0	1504370.0	1142910.0	0	0.15320916140556565	0.16963779217479047	False	0.014812611540749554	False	False	Ecoli	False	True	False	False	umpire	manual	min	1.660964047443681
P0AF70	P0AF70		yjeI		9162250.0	8395210.0	9477700.0	8913540.0	9369260.0	7977400.0	0	0.15356950001314268	0.12056540361677918	False	0.01484235574063058	False	False	Ecoli	False	True	False	False	umpire	manual	min	1.660964047443681
P0AEK2	P0AEK2		fabG		68990300.0	70932200.0	73770600.0	72605100.0	72000700.0	63242900.0	0	0.1535983469774231	0.10416222677321235	False	0.0148720999405116	False	False	Ecoli	False	True	False	False	umpire	manual	min	1.660964047443681
P12281	P12281		moeA		5899940.0	6028950.0	6064470.0	6192220.0	6081310.0	5613430.0	0	0.15379242176917018	0.06399674351329201	False	0.014901844140392624	False	False	Ecoli	False	True	False	False	umpire	manual	min	1.660964047443681
P0A937	P0A937		bamE		9727240.0	9371620.0	10243500.0	10473700.0	10389800.0	7597810.0	0	0.15392519418477596	0.22057946711076862	False	0.014931588340273647	False	False	Ecoli	False	True	False	False	umpire	manual	min	1.660964047443681
P0ACI0	P0ACI0		rob		3700800.0	3789910.0	3638860.0	3727160.0	3517580.0	4030020.0	0	0.15415362210283018	-0.08207629470328041	False	0.014961332540154672	False	False	Ecoli	False	True	False	False	umpire	manual	min	1.660964047443681
P18776	P18776		dmsB		2312080.0	2263930.0	2353030.0	2394550.0	2277510.0	2214870.0	0	0.15547051934647493	0.04891816910933937	False	0.014991076740035695	False	False	Ecoli	False	True	False	False	umpire	manual	min	1.660964047443681
P0C0V0	P0C0V0		degP		15365200.0	14966000.0	15693600.0	15355300.0	15493100.0	14386500.0	0	0.15556534460595925	0.05768722063802153	False	0.015020820939916716	False	False	Ecoli	False	True	False	False	umpire	manual	min	1.660964047443681
P0ACM5	P0ACM5		yegW		470244.0	419015.0	461491.0	459339.0	522380.0	392225.0	0	0.15607711198207808	0.17146577423489034	False	0.01505056513979774	False	False	Ecoli	False	True	False	False	umpire	manual	min	1.660964047443681
P17854	P17854		cysH		27627700.0	28649000.0	27720000.0	27811400.0	27139300.0	28992300.0	0	0.15711837742870327	-0.04464523476381802	False	0.015080309339678763	False	False	Ecoli	False	True	False	False	umpire	manual	min	1.660964047443681
P77529	P77529		ydjN		4785330.0	4995180.0	4717770.0	4898980.0	4608830.0	5075690.0	0	0.15749040426163244	-0.06257766789318096	False	0.015110053539559787	False	False	Ecoli	False	True	False	False	umpire	manual	min	1.660964047443681
P0ADG7	P0ADG7		guaB		36187100.0	35665400.0	37139800.0	36998100.0	36165100.0	33742200.0	0	0.15768640252145338	0.06293460471852678	False	0.01513979773944081	False	False	Ecoli	False	True	False	False	umpire	manual	min	1.660964047443681
P76291	P76291		cmoB		2036680.0	2073220.0	1854320.0	1971080.0	1945140.0	2401020.0	0	0.1582095448902056	-0.17415508134938404	False	0.015169541939321832	False	False	Ecoli	False	True	False	False	umpire	manual	min	1.660964047443681
P0A8Z7	P0A8Z7		yqiA		300813.0	289353.0	380364.0	350800.0	403762.0	80120.4	0	0.15840181089158978	0.759748666064356	False	0.015199286139202855	False	False	Ecoli	False	True	False	False	umpire	manual	min	1.660964047443681
P0A6M8	P0A6M8		fusA		122493000.0	122564000.0	128353000.0	127451000.0	126915000.0	109800000.0	0	0.158818160524909	0.10904775946718585	False	0.01522903033908388	False	False	Ecoli	False	True	False	False	umpire	manual	min	1.660964047443681
P22255	P22255		cysQ		7352500.0	7244740.0	7602420.0	7539510.0	7430530.0	6719480.0	0	0.15887837913904357	0.0825781874718758	False	0.015258774538964903	False	False	Ecoli	False	True	False	False	umpire	manual	min	1.660964047443681
P00562	P00562		metL		3026650.0	3100660.0	2931180.0	2937520.0	3085910.0	3217050.0	0	0.15891456917970886	-0.06146525652896904	False	0.015288518738845926	False	False	Ecoli	False	True	False	False	umpire	manual	min	1.660964047443681
P0A9M2	P0A9M2		hpt		12599600.0	12483700.0	12855700.0	12711900.0	12729700.0	11971500.0	0	0.15910671036814628	0.04758224593073233	False	0.015318262938726948	False	False	Ecoli	False	True	False	False	umpire	manual	min	1.660964047443681
P0AEC3	P0AEC3		arcB		715935.0	862978.0	797958.0	609662.0	663168.0	929594.0	0	0.15989362064711637	-0.2766491008860445	False	0.015348007138607973	False	False	Ecoli	False	True	False	False	umpire	manual	min	1.660964047443681
P24169	P24169		speF		3244410.0	3215520.0	3119470.0	3179000.0	3130560.0	3457020.0	0	0.16013179326370422	-0.07278711882106934	False	0.015377751338488996	False	False	Ecoli	False	True	False	False	umpire	manual	min	1.660964047443681
P0AGK4	P0AGK4		yhbY		16132000.0	16730500.0	15841500.0	15740600.0	16186800.0	16163400.0	0	0.16020667208877667	-0.03747245966029186	False	0.015407495538370019	False	False	Ecoli	False	True	False	False	umpire	manual	min	1.660964047443681
P45577	P45577		proQ		13559400.0	13622200.0	13744900.0	13758600.0	13557100.0	13396300.0	0	0.1607587232491677	0.017060504823853653	False	0.015437239738251042	False	False	Ecoli	False	True	False	False	umpire	manual	min	1.660964047443681
P0A7K6	P0A7K6		rplS		77865700.0	77948500.0	80351400.0	82053800.0	79839700.0	70313700.0	0	0.16082611761048338	0.09932728784063265	False	0.015466983938132063	False	False	Ecoli	False	True	False	False	umpire	manual	min	1.660964047443681
P0AA31	P0AA31		yedF		3849870.0	3608500.0	3776760.0	3894110.0	3963580.0	3715310.0	0	0.16220233634116304	0.058298602213534424	False	0.015496728138013088	False	False	Ecoli	False	True	False	False	umpire	manual	min	1.660964047443681
P0AEN1	P0AEN1		fre		9243440.0	9581520.0	9247740.0	9226240.0	8974460.0	10013300.0	0	0.16221185921198059	-0.07125996234480299	False	0.015526472337894111	False	False	Ecoli	False	True	False	False	umpire	manual	min	1.660964047443681
P69411	P69411		rcsF		6638060.0	6592190.0	6782030.0	6700770.0	6831750.0	6193330.0	0	0.16303473439259078	0.06470427554751843	False	0.015556216537775135	False	False	Ecoli	False	True	False	False	umpire	manual	min	1.660964047443681
P0A8D0	P0A8D0		nrdR		3914790.0	4176730.0	4314400.0	4335700.0	4250200.0	3459870.0	0	0.16305032095243155	0.15933815207159271	False	0.01558596073765616	False	False	Ecoli	False	True	False	False	umpire	manual	min	1.660964047443681
P69805	P69805		manZ		7375890.0	6649650.0	7394990.0	7385110.0	8399560.0	5224470.0	0	0.16321415186528118	0.26800020974290806	False	0.015615704937537181	False	False	Ecoli	False	True	False	False	umpire	manual	min	1.660964047443681
P18196	P18196		minC		2282500.0	2296380.0	2245730.0	2231760.0	2055300.0	2597610.0	0	0.1634741349736808	-0.13557913439206162	False	0.015645449137418204	False	False	Ecoli	False	True	False	False	umpire	manual	min	1.660964047443681
P37692	P37692		rfaF		2756730.0	2816690.0	2983910.0	2939580.0	3037390.0	2977990.0	0	0.16354460842740037	0.06747810007569661	False	0.015675193337299227	False	False	Ecoli	False	True	False	False	umpire	manual	min	1.660964047443681
P0A898	P0A898		ybeY		3614920.0	3646870.0	3819890.0	3673570.0	3647370.0	3425080.0	0	0.1635700291217973	0.06001734410395424	False	0.01570493753718025	False	False	Ecoli	False	True	False	False	umpire	manual	min	1.660964047443681
P10443	P10443		dnaE		1057500.0	1116120.0	1095230.0	1181450.0	1118280.0	994664.0	0	0.16389384888553	0.09969291435940898	False	0.015734681737061273	False	False	Ecoli	False	True	False	False	umpire	manual	min	1.660964047443681
P67603	P67603		yqfB		3679100.0	3692940.0	3377040.0	3519560.0	3264910.0	3405280.0	0	0.16405057580031002	-0.08488366473099691	False	0.015764425936942297	False	False	Ecoli	False	True	False	False	umpire	manual	min	1.660964047443681
P0A7J3	P0A7J3		rplJ		517278000.0	513176000.0	537660000.0	539284000.0	536263000.0	456584000.0	0	0.16457257793703636	0.11749005627292924	False	0.01579417013682332	False	False	Ecoli	False	True	False	False	umpire	manual	min	1.660964047443681
P45523	P45523		fkpA		29847600.0	29768400.0	30606400.0	30680900.0	30107100.0	27979900.0	0	0.16553441343901565	0.06124242503319447	False	0.015823914336704343	False	False	Ecoli	False	True	False	False	umpire	manual	min	1.660964047443681
P23331	P23331		tdk		3071750.0	3034730.0	2928730.0	2792780.0	2934790.0	2902380.0	0	0.16556889016451998	-0.05759405665698721	False	0.015853658536585366	False	False	Ecoli	False	True	False	False	umpire	manual	min	1.660964047443681
P0C093	P0C093		slmA		3653830.0	3615900.0	3425380.0	3196920.0	3453710.0	4408670.0	0	0.16583354534132858	-0.21291817222543222	False	0.01588340273646639	False	False	Ecoli	False	True	False	False	umpire	manual	min	1.660964047443681
P0AG44	P0AG44		rplQ		264010000.0	262953000.0	260524000.0	257765000.0	250233000.0	260581000.0	0	0.16631200150147352	-0.035273969332652554	False	0.015913146936347412	False	False	Ecoli	False	True	False	False	umpire	manual	min	1.660964047443681
P69228	P69228		baeR		3337290.0	3348660.0	3197550.0	3198580.0	3378330.0	3539490.0	0	0.166840849376585	-0.06507401699693735	False	0.015942891136228435	False	False	Ecoli	False	True	False	False	umpire	manual	min	1.660964047443681
P0AG59	P0AG59		rpsN		26339200.0	26407300.0	27289300.0	27280900.0	27971300.0	23229900.0	0	0.1669630537502156	0.11956830200495362	False	0.01597263533610946	False	False	Ecoli	False	True	False	False	umpire	manual	min	1.660964047443681
P0A9D2	P0A9D2		gstA		6813200.0	7063960.0	6399840.0	6671050.0	6401000.0	6536340.0	0	0.1673508916612594	-0.06813063793493793	False	0.016002379535990482	False	False	Ecoli	False	True	False	False	umpire	manual	min	1.660964047443681
P0A850	P0A850		tig		131830000.0	132209000.0	140064000.0	139265000.0	138489000.0	112606000.0	0	0.16742883237819556	0.14966926889242033	False	0.01603212373587151	False	False	Ecoli	False	True	False	False	umpire	manual	min	1.660964047443681
P0A6W9	P0A6W9		gshA		4731180.0	4982040.0	4949330.0	5120840.0	4966500.0	4538480.0	0	0.16757352470575748	0.07735108515393657	False	0.016061867935752528	False	False	Ecoli	False	True	False	False	umpire	manual	min	1.660964047443681
P00805	P00805		ansB		20408500.0	20227200.0	21419500.0	21222700.0	20941300.0	17918900.0	0	0.16817744327519274	0.11886992077501955	False	0.01609161213563355	False	False	Ecoli	False	True	False	False	umpire	manual	min	1.660964047443681
P0A9A6	P0A9A6		ftsZ		14442100.0	14186000.0	14647200.0	14736500.0	14487600.0	13499900.0	0	0.16828005783962474	0.058498030618799934	False	0.016121356335514574	False	False	Ecoli	False	True	False	False	umpire	manual	min	1.660964047443681
P0A7L8	P0A7L8		rpmA		133717000.0	137032000.0	130465000.0	135755000.0	132522000.0	138719000.0	0	0.16840811870926917	-0.038295135151900084	False	0.016151100535395597	False	False	Ecoli	False	True	False	False	umpire	manual	min	1.660964047443681
P61175	P61175		rplV		192056000.0	192918000.0	200198000.0	197705000.0	199163000.0	174619000.0	0	0.16936698947824602	0.09351250078723214	False	0.016180844735276624	False	False	Ecoli	False	True	False	False	umpire	manual	min	1.660964047443681
P0AAZ7	P0AAZ7		ycaR		4614390.0	4691720.0	4210970.0	4164740.0	4068680.0	4160950.0	0	0.1693943850478831	-0.11393941583970543	False	0.016210588935157644	False	False	Ecoli	False	True	False	False	umpire	manual	min	1.660964047443681
P76177	P76177		ydgH		26971400.0	26223600.0	27135100.0	26720400.0	27080700.0	26180300.0	0	0.1695590680295081	0.02809497578825816	False	0.016240333135038667	False	False	Ecoli	False	True	False	False	umpire	manual	min	1.660964047443681
P0A6U5	P0A6U5		rsmG		5749030.0	5729510.0	5763760.0	5778090.0	5797540.0	5626550.0	0	0.16969613815981754	0.01962745042126443	False	0.01627007733491969	False	False	Ecoli	False	True	False	False	umpire	manual	min	1.660964047443681
P0A799	P0A799		pgk		415754000.0	417322000.0	435879000.0	432710000.0	425411000.0	374608000.0	0	0.1708169896543545	0.09959460577300157	False	0.016299821534800717	False	False	Ecoli	False	True	False	False	umpire	manual	min	1.660964047443681
P0AFP6	P0AFP6		ybgI		7320660.0	6991340.0	7334590.0	7373930.0	7269040.0	7037830.0	0	0.17125714988330407	0.04180664150900976	False	0.01632956573468174	False	False	Ecoli	False	True	False	False	umpire	manual	min	1.660964047443681
P32173	P32173		mobA		647287.0	753146.0	684998.0	818320.0	809000.0	581067.0	0	0.1718088876678185	0.22274684985581494	False	0.01635930993456276	False	False	Ecoli	False	True	False	False	umpire	manual	min	1.660964047443681
P24178	P24178		yffB		4484500.0	4541800.0	4396190.0	4477310.0	4451350.0	4712460.0	0	0.17219456201641786	-0.04413250630458055	False	0.016389054134443783	False	False	Ecoli	False	True	False	False	umpire	manual	min	1.660964047443681
P0A8Q6	P0A8Q6		clpS		1537810.0	1481580.0	1561950.0	1601150.0	1595460.0	1302160.0	0	0.17359255183173358	0.13897620875854752	False	0.01641879833432481	False	False	Ecoli	False	True	False	False	umpire	manual	min	1.660964047443681
P0AA86	P0AA86		dsbE		396205.0	336501.0	445834.0	416652.0	376077.0	247775.0	0	0.17379951965711088	0.33710567480368947	False	0.016448542534205832	False	False	Ecoli	False	True	False	False	umpire	manual	min	1.660964047443681
P00954	P00954		trpS		14888600.0	14335200.0	14042500.0	13938000.0	13680200.0	13994200.0	0	0.17438917174318316	-0.052945229793103926	False	0.016478286734086856	False	False	Ecoli	False	True	False	False	umpire	manual	min	1.660964047443681
P15034	P15034		pepP		3984040.0	3746260.0	4005390.0	3980390.0	4006370.0	3654170.0	0	0.17452539348256774	0.07502320512677291	False	0.016508030933967875	False	False	Ecoli	False	True	False	False	umpire	manual	min	1.660964047443681
P0A921	P0A921		pldA		1781020.0	1766610.0	1676370.0	1710210.0	1612170.0	2092960.0	0	0.17552156844919284	-0.17427869892124626	False	0.0165377751338489	False	False	Ecoli	False	True	False	False	umpire	manual	min	1.660964047443681
P21367	P21367		ycaC		3123520.0	3171310.0	2904010.0	3086350.0	2661020.0	3110570.0	0	0.1756210252232057	-0.12055902262872567	False	0.016567519333729925	False	False	Ecoli	False	True	False	False	umpire	manual	min	1.660964047443681
P0AF08	P0AF08		mrp		4384550.0	4584580.0	4665820.0	4610940.0	4564960.0	4521270.0	0	0.17579588243153332	0.03709010044556676	False	0.016597263533610948	False	False	Ecoli	False	True	False	False	umpire	manual	min	1.660964047443681
P76002	P76002		pliG		1040540.0	1066810.0	1043180.0	975736.0	928694.0	1040270.0	0	0.1761096410641801	-0.09471572712372944	False	0.01662700773349197	False	False	Ecoli	False	True	False	False	umpire	manual	min	1.660964047443681
P31120	P31120		glmM		10572600.0	10587700.0	10728700.0	10894300.0	10723500.0	9975160.0	0	0.17640690380436416	0.05505102224350444	False	0.01665675193337299	False	False	Ecoli	False	True	False	False	umpire	manual	min	1.660964047443681
P05100	P05100		tag		1747420.0	1687790.0	1685930.0	1568040.0	1652740.0	1682260.0	0	0.17654774428219078	-0.06067473310555396	False	0.016686496133254018	False	False	Ecoli	False	True	False	False	umpire	manual	min	1.660964047443681
P0ACR4	P0ACR4		yeiE		2627560.0	2771400.0	2746720.0	2841910.0	2802200.0	2731770.0	0	0.17656216226600152	0.04542863815506896	False	0.01671624033313504	False	False	Ecoli	False	True	False	False	umpire	manual	min	1.660964047443681
P09030	P09030		xthA		2558750.0	2554320.0	2589400.0	2625470.0	2632910.0	2380500.0	0	0.17672804664555716	0.06663140391703465	False	0.016745984533016064	False	False	Ecoli	False	True	False	False	umpire	manual	min	1.660964047443681
P0AE39	P0AE39		ypdB		1777410.0	1751810.0	1923930.0	1877260.0	2032900.0	1937130.0	0	0.1769341293888114	0.09392980640468852	False	0.016775728732897087	False	False	Ecoli	False	True	False	False	umpire	manual	min	1.660964047443681
P0AAI9	P0AAI9		fabD		5242000.0	5233040.0	5429330.0	5325340.0	5496180.0	4698140.0	0	0.1769615098590567	0.0989917024460429	False	0.016805472932778107	False	False	Ecoli	False	True	False	False	umpire	manual	min	1.660964047443681
P0ADA5	P0ADA5		yajG		17254300.0	17519000.0	17835800.0	17962700.0	17619200.0	16176000.0	0	0.17733594072941603	0.06825553422369056	False	0.016835217132659133	False	False	Ecoli	False	True	False	False	umpire	manual	min	1.660964047443681
P76220	P76220		ydjY		732412.0	701523.0	637343.0	714601.0	696746.0	801345.0	0	0.17744086233584036	-0.1257538626837852	False	0.016864961332540156	False	False	Ecoli	False	True	False	False	umpire	manual	min	1.660964047443681
P0ACB4	P0ACB4		hemG		2541000.0	2657360.0	2413650.0	2560320.0	2458360.0	2526920.0	0	0.17875771310809402	-0.055772664243124215	False	0.01689470553242118	False	False	Ecoli	False	True	False	False	umpire	manual	min	1.660964047443681
P0ACJ0	P0ACJ0		lrp		9669890.0	10164100.0	9542430.0	9866080.0	9598250.0	10295400.0	0	0.17949779499599094	-0.05478230616741122	False	0.016924449732302203	False	False	Ecoli	False	True	False	False	umpire	manual	min	1.660964047443681
P0AFG0	P0AFG0		nusG		13423400.0	13910100.0	14647400.0	14501600.0	14100300.0	11480800.0	0	0.1797559578273331	0.15608851320507477	False	0.016954193932183226	False	False	Ecoli	False	True	False	False	umpire	manual	min	1.660964047443681
P08245	P08245		yciH		705247.0	671263.0	776189.0	697967.0	711529.0	573031.0	0	0.17998469930653277	0.16495099960613696	False	0.01698393813206425	False	False	Ecoli	False	True	False	False	umpire	manual	min	1.660964047443681
P0A8Y3	P0A8Y3		yihX		2754100.0	2741340.0	2593750.0	2619330.0	2629140.0	2613710.0	0	0.18021764204413057	-0.048288584518295374	False	0.017013682331945272	False	False	Ecoli	False	True	False	False	umpire	manual	min	1.660964047443681
P0A7X6	P0A7X6		rimM		6220460.0	6102440.0	6430020.0	6190570.0	6211060.0	6046640.0	0	0.18036244516182282	0.03584391247540303	False	0.017043426531826295	False	False	Ecoli	False	True	False	False	umpire	manual	min	1.660964047443681
P18390	P18390		yjjA		1354530.0	1379430.0	1525350.0	1488330.0	1462020.0	1493120.0	0	0.18183579747590403	0.08245192120789613	False	0.01707317073170732	False	False	Ecoli	False	True	False	False	umpire	manual	min	1.660964047443681
P13035	P13035		glpD		3684020.0	3614550.0	3630670.0	3523840.0	3513880.0	3596810.0	0	0.18207709244105147	-0.030374043466666206	False	0.01710291493158834	False	False	Ecoli	False	True	False	False	umpire	manual	min	1.660964047443681
P0AGK8	P0AGK8		iscR		2229710.0	2131800.0	2321000.0	2186200.0	2330390.0	2200280.0	0	0.1828698648136938	0.05939849419186723	False	0.017132659131469365	False	False	Ecoli	False	True	False	False	umpire	manual	min	1.660964047443681
P0A7Y0	P0A7Y0		rnc		9702580.0	9837750.0	9801190.0	9892170.0	10334900.0	9528980.0	0	0.18435737289696072	0.04682405222134751	False	0.017162403331350388	False	False	Ecoli	False	True	False	False	umpire	manual	min	1.660964047443681
P76346	P76346		mtfA		1086720.0	1112940.0	1026830.0	1057660.0	906241.0	1059140.0	0	0.18456086427341012	-0.1238426595890008	False	0.01719214753123141	False	False	Ecoli	False	True	False	False	umpire	manual	min	1.660964047443681
P29745	P29745		pepT		6880770.0	7013430.0	6675030.0	6985090.0	6430420.0	7120290.0	0	0.18565054968972997	-0.06486810237998519	False	0.017221891731112434	False	False	Ecoli	False	True	False	False	umpire	manual	min	1.660964047443681
P0ACD4	P0ACD4		nifU		10553100.0	10539600.0	10363600.0	10612300.0	10048400.0	10962200.0	0	0.18574694318634002	-0.04714624877119969	False	0.017251635930993457	False	False	Ecoli	False	True	False	False	umpire	manual	min	1.660964047443681
P0AGF2	P0AGF2		ygdK		2239840.0	1939890.0	1938580.0	1934840.0	1927590.0	2350400.0	0	0.18592146571954965	-0.1708076065284723	False	0.01728138013087448	False	False	Ecoli	False	True	False	False	umpire	manual	min	1.660964047443681
P0AAX8	P0AAX8		ybiS		5455920.0	5433350.0	5883280.0	5677120.0	5703390.0	4430610.0	0	0.1917415536423149	0.1723442240952618	False	0.017311124330755503	False	False	Ecoli	False	True	False	False	umpire	manual	min	1.660964047443681
P0A6L0	P0A6L0		deoC		13405800.0	13537700.0	13972900.0	14030700.0	13918000.0	11871800.0	0	0.19199959392896962	0.11106834245883311	False	0.017340868530636527	False	False	Ecoli	False	True	False	False	umpire	manual	min	1.660964047443681
P0ABU5	P0ABU5		elbB		15486900.0	15928300.0	16373900.0	16733700.0	15727700.0	13845500.0	0	0.19229340548037024	0.1096654619197966	False	0.01737061273051755	False	False	Ecoli	False	True	False	False	umpire	manual	min	1.660964047443681
P0A9P4	P0A9P4		trxB		15320600.0	15236000.0	15795900.0	15232200.0	15690900.0	14283800.0	0	0.19301717217144626	0.05921024648384901	False	0.017400356930398573	False	False	Ecoli	False	True	False	False	umpire	manual	min	1.660964047443681
Q46919	Q46919		yqcC		533840.0	536538.0	499852.0	428946.0	544266.0	670355.0	0	0.19330570225609087	-0.24087482181168443	False	0.017430101130279596	False	False	Ecoli	False	True	False	False	umpire	manual	min	1.660964047443681
P0A917	P0A917		ompX		18791000.0	18123100.0	18037100.0	17483000.0	17737500.0	17886100.0	0	0.19388629031357757	-0.041193742069339415	False	0.01745984533016062	False	False	Ecoli	False	True	False	False	umpire	manual	min	1.660964047443681
P46853	P46853		yhhX		7461810.0	7773630.0	7408500.0	7554060.0	7408560.0	7645910.0	0	0.1944087799240678	-0.0325346875773625	False	0.017489589530041642	False	False	Ecoli	False	True	False	False	umpire	manual	min	1.660964047443681
P22524	P22524		mukE		5269730.0	5174300.0	5003290.0	5005220.0	4605160.0	4949350.0	0	0.19442965040553628	-0.07499151161464855	False	0.017519333729922665	False	False	Ecoli	False	True	False	False	umpire	manual	min	1.660964047443681
P0AC92	P0AC92		gnsA		5631050.0	5249510.0	5816130.0	5697480.0	5762340.0	4514710.0	0	0.19460222721836093	0.16627787684035245	False	0.01754907792980369	False	False	Ecoli	False	True	False	False	umpire	manual	min	1.660964047443681
P0AB14	P0AB14		yccJ		2804650.0	2770670.0	2794970.0	2841710.0	2845650.0	2656880.0	0	0.1949478518495145	0.04318257851202859	False	0.017578822129684712	False	False	Ecoli	False	True	False	False	umpire	manual	min	1.660964047443681
P0ABQ0	P0ABQ0		coaBC		765861.0	819530.0	739122.0	722507.0	697052.0	725507.0	0	0.19509998036711837	-0.09830351830817952	False	0.017608566329565735	False	False	Ecoli	False	True	False	False	umpire	manual	min	1.660964047443681
P0AF93	P0AF93		ridA		95385900.0	97832600.0	98907500.0	99763100.0	97538500.0	90023200.0	0	0.19550599104002478	0.06458228260805196	False	0.017638310529446758	False	False	Ecoli	False	True	False	False	umpire	manual	min	1.660964047443681
P0ABD3	P0ABD3		bfr		6888080.0	7002600.0	6918540.0	6844870.0	6898760.0	7074720.0	0	0.19553001058015865	-0.021018577597483424	False	0.01766805472932778	False	False	Ecoli	False	True	False	False	umpire	manual	min	1.660964047443681
P64463	P64463		ydfZ		31079900.0	31266900.0	33000600.0	32490300.0	31381500.0	27279000.0	0	0.1960337309000563	0.11217159331156654	False	0.017697798929208804	False	False	Ecoli	False	True	False	False	umpire	manual	min	1.660964047443681
P0A6P9	P0A6P9		eno		171153000.0	170282000.0	174867000.0	178323000.0	174165000.0	153442000.0	0	0.19667760709672263	0.09170447631728837	False	0.017727543129089827	False	False	Ecoli	False	True	False	False	umpire	manual	min	1.660964047443681
P64483	P64483		yeaK		4143050.0	3979670.0	3995520.0	3836620.0	3451620.0	4062300.0	0	0.19742972606912773	-0.11086073309285352	False	0.01775728732897085	False	False	Ecoli	False	True	False	False	umpire	manual	min	1.660964047443681
P0A749	P0A749		murA		7706240.0	7502440.0	7801080.0	7799610.0	7874940.0	6910170.0	0	0.19753445471303818	0.08588749592008543	False	0.017787031528851874	False	False	Ecoli	False	True	False	False	umpire	manual	min	1.660964047443681
P62399	P62399		rplE		138813000.0	137488000.0	141901000.0	142170000.0	141243000.0	126056000.0	0	0.19888539753441253	0.08005221255384651	False	0.0178167757287329	False	False	Ecoli	False	True	False	False	umpire	manual	min	1.660964047443681
P0A729	P0A729		yceF		2375390.0	2326050.0	2273840.0	2251650.0	2243180.0	2665230.0	0	0.19944258653261548	-0.12214023520907882	False	0.01784651992861392	False	False	Ecoli	False	True	False	False	umpire	manual	min	1.660964047443681
P77804	P77804		ydgA		9656080.0	9379930.0	9722610.0	9833520.0	9630600.0	8866750.0	0	0.20015512363511784	0.06490475114202021	False	0.017876264128494943	False	False	Ecoli	False	True	False	False	umpire	manual	min	1.660964047443681
P68699	P68699		atpE		3673450.0	3660770.0	3556880.0	3475450.0	3366500.0	4378410.0	0	0.2014300258769285	-0.17164384458873627	False	0.017906008328375966	False	False	Ecoli	False	True	False	False	umpire	manual	min	1.660964047443681
P0A7Z0	P0A7Z0		rpiA		20762300.0	21122200.0	21803400.0	21372600.0	21095700.0	19260100.0	0	0.20148342621664184	0.07195854004653841	False	0.01793575252825699	False	False	Ecoli	False	True	False	False	umpire	manual	min	1.660964047443681
P0A7N9	P0A7N9		rpmG		24018100.0	23482800.0	24715700.0	24978100.0	24910400.0	19958600.0	0	0.20195048299111618	0.1452352269618057	False	0.017965496728138016	False	False	Ecoli	False	True	False	False	umpire	manual	min	1.660964047443681
P37648	P37648		yhjJ		4447270.0	4323180.0	4273680.0	4295520.0	4321740.0	4335890.0	0	0.20270190277661165	-0.02390739517087268	False	0.017995240928019036	False	False	Ecoli	False	True	False	False	umpire	manual	min	1.660964047443681
P0A707	P0A707		infC		58274300.0	57951600.0	60021400.0	58471100.0	59419400.0	53794900.0	0	0.2031020057760228	0.06545175788374456	False	0.01802498512790006	False	False	Ecoli	False	True	False	False	umpire	manual	min	1.660964047443681
P0CE47	P0CE47		tufA		1545880000.0	1543110000.0	1596560000.0	1632040000.0	1613780000.0	1299910000.0	0	0.2033224651533041	0.14185689843068713	False	0.018054729327781082	False	False	Ecoli	False	True	False	False	umpire	manual	min	1.660964047443681
P0A6E6	P0A6E6		atpC		7766230.0	7576100.0	7927500.0	7910060.0	8012120.0	6724080.0	0	0.20374081263321073	0.11211797356445356	False	0.01808447352766211	False	False	Ecoli	False	True	False	False	umpire	manual	min	1.660964047443681
P68206	P68206		yjbJ		3084160.0	2813840.0	3401190.0	3194280.0	3197450.0	1878960.0	0	0.20383117983901913	0.3325327805425293	False	0.018114217727543132	False	False	Ecoli	False	True	False	False	umpire	manual	min	1.660964047443681
P0ADI4	P0ADI4		entB		524932.0	541560.0	576334.0	536420.0	566115.0	438367.0	0	0.20389685352015613	0.15786134515664668	False	0.01814396192742415	False	False	Ecoli	False	True	False	False	umpire	manual	min	1.660964047443681
P0A7D1	P0A7D1		pth		4495040.0	4603080.0	4823020.0	4757590.0	4565860.0	3949130.0	0	0.2043506987459841	0.11669634051361986	False	0.018173706127305175	False	False	Ecoli	False	True	False	False	umpire	manual	min	1.660964047443681
P0AD49	P0AD49		raiA		6875920.0	6888230.0	6572640.0	6631550.0	6368570.0	6506150.0	0	0.20508194462673426	-0.05052023275550706	False	0.0182034503271862	False	False	Ecoli	False	True	False	False	umpire	manual	min	1.660964047443681
P13445	P13445		rpoS		5247410.0	5307570.0	5205140.0	5247310.0	5077920.0	5250950.0	0	0.20544782714371898	-0.02537372269032195	False	0.018233194527067224	False	False	Ecoli	False	True	False	False	umpire	manual	min	1.660964047443681
P0A8F8	P0A8F8		uvrB		1547200.0	1829990.0	1977720.0	2034480.0	2128480.0	2019430.0	0	0.2057131824380818	0.18634231973251256	False	0.018262938726948248	False	False	Ecoli	False	True	False	False	umpire	manual	min	1.660964047443681
P30870	P30870		glnE		638814.0	611394.0	593389.0	577067.0	625997.0	624812.0	0	0.20575714271133203	-0.061754793188364764	False	0.018292682926829267	False	False	Ecoli	False	True	False	False	umpire	manual	min	1.660964047443681
P05791	P05791		ilvD		2907820.0	2948170.0	2870750.0	2937430.0	2816630.0	2957080.0	0	0.20692117595393253	-0.031151988804191528	False	0.01832242712671029	False	False	Ecoli	False	True	False	False	umpire	manual	min	1.660964047443681
P08192	P08192		folC		2580980.0	2633860.0	2507180.0	2603680.0	2561790.0	2781450.0	0	0.20697913825208614	-0.05960584939318673	False	0.018352171326591317	False	False	Ecoli	False	True	False	False	umpire	manual	min	1.660964047443681
P69428	P69428		tatA		24868100.0	25839600.0	26208100.0	25700000.0	26016100.0	23469200.0	0	0.20712881111389106	0.07110146265177998	False	0.01838191552647234	False	False	Ecoli	False	True	False	False	umpire	manual	min	1.660964047443681
P20083	P20083		parE		1906810.0	1828510.0	1814610.0	1703770.0	1706950.0	1751840.0	0	0.20773053550610154	-0.0705374920421615	False	0.018411659726353363	False	False	Ecoli	False	True	False	False	umpire	manual	min	1.660964047443681
P13001	P13001		bioH		1400510.0	1141980.0	1281300.0	1073180.0	1084590.0	1565570.0	0	0.20787095295356448	-0.2564387717285564	False	0.018441403926234383	False	False	Ecoli	False	True	False	False	umpire	manual	min	1.660964047443681
P0AB77	P0AB77		kbl		16651100.0	16552100.0	16845300.0	16820400.0	17343200.0	15088400.0	0	0.208019374510224	0.07897672579226013	False	0.01847114812611541	False	False	Ecoli	False	True	False	False	umpire	manual	min	1.660964047443681
P00888	P00888		aroF		1928570.0	1941520.0	1890530.0	1833970.0	1867480.0	1860690.0	0	0.20852218338319534	-0.03537231257268306	False	0.018500892325996433	False	False	Ecoli	False	True	False	False	umpire	manual	min	1.660964047443681
P03817	P03817		mioC		8219570.0	8181600.0	8405930.0	8633130.0	8412820.0	7130430.0	0	0.21106740208391503	0.11317280669213213	False	0.018530636525877456	False	False	Ecoli	False	True	False	False	umpire	manual	min	1.660964047443681
P77258	P77258		nemA		4570860.0	4743860.0	4492420.0	4515980.0	4449660.0	5251810.0	0	0.21141928831756826	-0.11418678512622527	False	0.01856038072575848	False	False	Ecoli	False	True	False	False	umpire	manual	min	1.660964047443681
P52007	P52007		yecM		1991870.0	1991770.0	2042110.0	1970640.0	2064650.0	1874300.0	0	0.21159213356268222	0.053060833284239946	False	0.0185901249256395	False	False	Ecoli	False	True	False	False	umpire	manual	min	1.660964047443681
P0ADY3	P0ADY3		rplN		49247500.0	48029000.0	50585000.0	53242500.0	51461800.0	36768800.0	0	0.2132729305618944	0.21223779087396535	False	0.018619869125520525	False	False	Ecoli	False	True	False	False	umpire	manual	min	1.660964047443681
P0A9J0	P0A9J0		rng		17853500.0	17837800.0	19232800.0	18865100.0	17406600.0	16787400.0	0	0.2137723307520745	0.08087275997247348	False	0.01864961332540155	False	False	Ecoli	False	True	False	False	umpire	manual	min	1.660964047443681
P07658	P07658		fdhF		969060.0	973278.0	866551.0	947793.0	940753.0	950627.0	0	0.21388146677686712	-0.07044575585935105	False	0.01867935752528257	False	False	Ecoli	False	True	False	False	umpire	manual	min	1.660964047443681
P0A7E1	P0A7E1		pyrD		7697280.0	7556200.0	7643750.0	7673250.0	7793770.0	7399010.0	0	0.21404688492331247	0.028895685564221608	False	0.018709101725163595	False	False	Ecoli	False	True	False	False	umpire	manual	min	1.660964047443681
P0AA10	P0AA10		rplM		83471600.0	82647200.0	84069300.0	85357700.0	87069600.0	73544900.0	0	0.21449890946327108	0.09792829054629722	False	0.018738845925044618	False	False	Ecoli	False	True	False	False	umpire	manual	min	1.660964047443681
P33363	P33363		bglX		4004140.0	4150290.0	3999460.0	3986360.0	3956030.0	4389410.0	0	0.2146023362965126	-0.07095271028747327	False	0.01876859012492564	False	False	Ecoli	False	True	False	False	umpire	manual	min	1.660964047443681
P0AEB7	P0AEB7		yoaB		11752600.0	11149900.0	9875390.0	10368700.0	9439930.0	9808430.0	0	0.21510142650749656	-0.14008629288320437	False	0.018798334324806664	False	False	Ecoli	False	True	False	False	umpire	manual	min	1.660964047443681
P0ABD5	P0ABD5		accA		14198700.0	14133800.0	14441100.0	14344200.0	14619000.0	12993700.0	0	0.21521756278482182	0.0707812633700564	False	0.018828078524687687	False	False	Ecoli	False	True	False	False	umpire	manual	min	1.660964047443681
P0A759	P0A759		nagB		4137870.0	4053600.0	3997980.0	3869490.0	3999400.0	4636610.0	0	0.2159847946604193	-0.11236579543175015	False	0.01885782272456871	False	False	Ecoli	False	True	False	False	umpire	manual	min	1.660964047443681
P27859	P27859		tatD		1454220.0	1448210.0	1628580.0	1710250.0	1586620.0	1658360.0	0	0.21637071537399696	0.11097179506841996	False	0.018887566924449734	False	False	Ecoli	False	True	False	False	umpire	manual	min	1.660964047443681
P27832	P27832		wecD		553506.0	560332.0	618870.0	659100.0	643600.0	648218.0	0	0.2166837303893068	0.1250257572813251	False	0.018917311124330757	False	False	Ecoli	False	True	False	False	umpire	manual	min	1.660964047443681
P07650	P07650		deoA		6177460.0	6201670.0	5889300.0	5907360.0	5837970.0	5852050.0	0	0.21688243988899833	-0.04799663554027555	False	0.01894705532421178	False	False	Ecoli	False	True	False	False	umpire	manual	min	1.660964047443681
P16456	P16456		selD		6398490.0	6612970.0	6706490.0	6685910.0	6456990.0	6249330.0	0	0.21755663104630085	0.043427794045351555	False	0.018976799524092803	False	False	Ecoli	False	True	False	False	umpire	manual	min	1.660964047443681
P46130	P46130		ybhC		9246430.0	8686560.0	9403100.0	9230240.0	9127540.0	8980280.0	0	0.2176883653162838	0.04473560994358705	False	0.019006543723973826	False	False	Ecoli	False	True	False	False	umpire	manual	min	1.660964047443681
P0AGL5	P0AGL5		ratA		632132.0	610977.0	627560.0	644788.0	669298.0	520954.0	0	0.2181564540017062	0.13837810844174114	False	0.01903628792385485	False	False	Ecoli	False	True	False	False	umpire	manual	min	1.660964047443681
P0A9T8	P0A9T8		ybbA		792658.0	829679.0	816464.0	867318.0	831032.0	809755.0	0	0.2183930491381918	0.048253896368107466	False	0.019066032123735872	False	False	Ecoli	False	True	False	False	umpire	manual	min	1.660964047443681
P36659	P36659		cbpA		3280600.0	3084810.0	3259980.0	3186570.0	3364210.0	3060020.0	0	0.21868637572695954	0.05780646308905009	False	0.019095776323616896	False	False	Ecoli	False	True	False	False	umpire	manual	min	1.660964047443681
P26647	P26647		plsC		1142100.0	1162330.0	1169840.0	1123460.0	1066140.0	1243170.0	0	0.21887138004041273	-0.07862258785806793	False	0.01912552052349792	False	False	Ecoli	False	True	False	False	umpire	manual	min	1.660964047443681
P37652	P37652		bcsB		5034560.0	4921480.0	4951150.0	4927520.0	4910870.0	5080280.0	0	0.2190074830803477	-0.02387434307242078	False	0.019155264723378942	False	False	Ecoli	False	True	False	False	umpire	manual	min	1.660964047443681
P08191	P08191		fimH		2884390.0	3075180.0	2898570.0	2995990.0	2746300.0	3230200.0	0	0.21947845024200063	-0.08885384760802967	False	0.019185008923259965	False	False	Ecoli	False	True	False	False	umpire	manual	min	1.660964047443681
P69829	P69829		ptsN		762481.0	828777.0	838648.0	849103.0	859715.0	604087.0	0	0.2195243915064403	0.21461521334103958	False	0.01921475312314099	False	False	Ecoli	False	True	False	False	umpire	manual	min	1.660964047443681
P25894	P25894		yggG		870748.0	891079.0	906409.0	926661.0	918944.0	739006.0	0	0.21967336713735666	0.13807908850582074	False	0.01924449732302201	False	False	Ecoli	False	True	False	False	umpire	manual	min	1.660964047443681
P0AFD6	P0AFD6		nuoI		8729620.0	8738370.0	8816210.0	9271200.0	8837230.0	7744410.0	0	0.21980885242806	0.0947935984397277	False	0.019274241522903034	False	False	Ecoli	False	True	False	False	umpire	manual	min	1.660964047443681
P0A800	P0A800		rpoZ		50234600.0	49648300.0	52288200.0	53482000.0	51698200.0	39775700.0	0	0.22017670950474175	0.17315792887653086	False	0.019303985722784057	False	False	Ecoli	False	True	False	False	umpire	manual	min	1.660964047443681
P31825	P31825		yfiC		586138.0	577139.0	566150.0	534634.0	587120.0	654424.0	0	0.220281186006795	-0.10688205238623394	False	0.01933372992266508	False	False	Ecoli	False	True	False	False	umpire	manual	min	1.660964047443681
P69902	P69902		frc		1088570.0	1155880.0	1160780.0	1176110.0	1291500.0	1166620.0	0	0.22116726889271124	0.08910517186580931	False	0.019363474122546107	False	False	Ecoli	False	True	False	False	umpire	manual	min	1.660964047443681
P0A7X3	P0A7X3		rpsI		80159800.0	80526500.0	83615900.0	84137600.0	83202400.0	67172800.0	0	0.22130048419570356	0.13929187584321334	False	0.019393218322427127	False	False	Ecoli	False	True	False	False	umpire	manual	min	1.660964047443681
P75957	P75957		lolD		4945320.0	4992800.0	5052820.0	5310570.0	5060060.0	4246750.0	0	0.22295556655065937	0.12077258230029644	False	0.01942296252230815	False	False	Ecoli	False	True	False	False	umpire	manual	min	1.660964047443681
P17993	P17993		ubiG		2437390.0	2401700.0	2446150.0	2470010.0	2604290.0	2052510.0	0	0.2237921826977402	0.1259800232473822	False	0.019452706722189173	False	False	Ecoli	False	True	False	False	umpire	manual	min	1.660964047443681
P0A8G3	P0A8G3		uxaC		1475100.0	1506020.0	1484740.0	1381660.0	1456210.0	1499120.0	0	0.2239684337243812	-0.05167334000284187	False	0.019482450922070196	False	False	Ecoli	False	True	False	False	umpire	manual	min	1.660964047443681
P0A9A9	P0A9A9		fur		16626600.0	16242200.0	16663900.0	16657000.0	17244100.0	14721900.0	0	0.22450575771332767	0.0874594531392955	False	0.019512195121951223	False	False	Ecoli	False	True	False	False	umpire	manual	min	1.660964047443681
P0AFM6	P0AFM6		pspA		4099240.0	4077180.0	4205900.0	4274260.0	4107380.0	3631780.0	0	0.22451404930014687	0.09220730056156039	False	0.019541939321832243	False	False	Ecoli	False	True	False	False	umpire	manual	min	1.660964047443681
P31460	P31460		dgoR		1355970.0	1543840.0	1326390.0	1363810.0	1428840.0	1621680.0	0	0.2249977321519431	-0.13449013665972587	False	0.019571683521713266	False	False	Ecoli	False	True	False	False	umpire	manual	min	1.660964047443681
P76193	P76193		ynhG		1498430.0	1530550.0	1537510.0	1498240.0	1735380.0	1286830.0	0	0.2254644787838574	0.14469964352169346	False	0.019601427721594292	False	False	Ecoli	False	True	False	False	umpire	manual	min	1.660964047443681
P0A7D7	P0A7D7		purC		7504090.0	7720960.0	6975430.0	7243850.0	7117830.0	7075920.0	0	0.2262477420630474	-0.06374167888679737	False	0.019631171921475312	False	False	Ecoli	False	True	False	False	umpire	manual	min	1.660964047443681
P18133	P18133		pncB		2304900.0	2292390.0	2246300.0	2241610.0	2072810.0	2254560.0	0	0.22654026167999378	-0.06263941770320046	False	0.01966091612135634	False	False	Ecoli	False	True	False	False	umpire	manual	min	1.660964047443681
P0ABK5	P0ABK5		cysK		38663700.0	38831900.0	39279400.0	39143600.0	39978300.0	35682000.0	0	0.22655890646772436	0.06509647165164102	False	0.01969066032123736	False	False	Ecoli	False	True	False	False	umpire	manual	min	1.660964047443681
P0ABF6	P0ABF6		cdd		6819550.0	6800390.0	7025440.0	6734080.0	7043360.0	6297350.0	0	0.226821720011651	0.06276190851815848	False	0.01972040452111838	False	False	Ecoli	False	True	False	False	umpire	manual	min	1.660964047443681
P0AAM1	P0AAM1		hyaC		3610210.0	79223.2	3442830.0	3626740.0	2708510.0	80120.4	2	0.22690853272011896	1.3751575228571078	False	0.019750148720999408	False	False	Ecoli	False	True	False	False	umpire	manual	min	1.660964047443681
P67087	P67087		rsmI		2535850.0	2717520.0	2722000.0	2699740.0	2699370.0	2591930.0	0	0.22741595112739516	0.04984831351247006	False	0.019779892920880428	False	False	Ecoli	False	True	False	False	umpire	manual	min	1.660964047443681
P0ACC7	P0ACC7		glmU		14737600.0	14580800.0	15261300.0	15171800.0	14524500.0	13268500.0	0	0.22812501838322308	0.07815530474659664	False	0.019809637120761454	False	False	Ecoli	False	True	False	False	umpire	manual	min	1.660964047443681
P68191	P68191		sra		2217710.0	2125960.0	2295410.0	2249610.0	2288930.0	1739410.0	0	0.22894839506453846	0.16791771490044222	False	0.019839381320642474	False	False	Ecoli	False	True	False	False	umpire	manual	min	1.660964047443681
P0A6J1	P0A6J1		cysC		1368200.0	1406280.0	1359350.0	1392780.0	1289500.0	1421840.0	0	0.22967815390028595	-0.05418744508808504	False	0.019869125520523497	False	False	Ecoli	False	True	False	False	umpire	manual	min	1.660964047443681
P77698	P77698		ybcK		4957400.0	5171300.0	4954700.0	4910220.0	4615790.0	6072840.0	0	0.23007430445649765	-0.1619986111077987	False	0.019898869720404524	False	False	Ecoli	False	True	False	False	umpire	manual	min	1.660964047443681
P76243	P76243		yeaO		1912310.0	1925310.0	1906520.0	1892060.0	1900110.0	2000050.0	0	0.2303357751266573	-0.03476234404040581	False	0.019928613920285543	False	False	Ecoli	False	True	False	False	umpire	manual	min	1.660964047443681
P0AEG6	P0AEG6		dsbC		1737830.0	1782550.0	1755260.0	1829200.0	1898310.0	1466100.0	0	0.23092199282072792	0.13688319067265273	False	0.01995835812016657	False	False	Ecoli	False	True	False	False	umpire	manual	min	1.660964047443681
P0AB52	P0AB52		ychN		2726040.0	2464420.0	2249020.0	2067020.0	2179200.0	2145590.0	0	0.23168126629953367	-0.17562063744521303	False	0.019988102320047593	False	False	Ecoli	False	True	False	False	umpire	manual	min	1.660964047443681
P64499	P64499		yebO		3771980.0	3709800.0	3855020.0	3974240.0	3709590.0	3674360.0	0	0.23187904941285029	0.04866150320355194	False	0.020017846519928613	False	False	Ecoli	False	True	False	False	umpire	manual	min	1.660964047443681
P0AEN4	P0AEN4		ftsL		1169940.0	1220910.0	1172950.0	1163160.0	1133740.0	1168890.0	0	0.23229059343849567	-0.036898574859097456	False	0.02004759071980964	False	False	Ecoli	False	True	False	False	umpire	manual	min	1.660964047443681
P26608	P26608		fliS		3325880.0	3292790.0	3564900.0	3192700.0	3694210.0	3075410.0	0	0.23273168579847284	0.1085769102844769	False	0.02007733491969066	False	False	Ecoli	False	True	False	False	umpire	manual	min	1.660964047443681
P07363	P07363		cheA		1697700.0	1740740.0	1763980.0	1763670.0	1744010.0	1561760.0	0	0.23417484581611692	0.07627152402131854	False	0.020107079119571686	False	False	Ecoli	False	True	False	False	umpire	manual	min	1.660964047443681
P69783	P69783		crr		264312000.0	268286000.0	277194000.0	275103000.0	269547000.0	232395000.0	0	0.23428719572599735	0.10341802517006986	False	0.02013682331945271	False	False	Ecoli	False	True	False	False	umpire	manual	min	1.660964047443681
P69330	P69330		citD		11985800.0	12319000.0	12890800.0	13400400.0	13510400.0	13389000.0	0	0.23434220597097666	0.07849918360381841	False	0.02016656751933373	False	False	Ecoli	False	True	False	False	umpire	manual	min	1.660964047443681
P46837	P46837		yhgF		8955980.0	8694320.0	8857580.0	8858720.0	9099300.0	8557900.0	0	0.235080757602892	0.033054262448214654	False	0.020196311719214755	False	False	Ecoli	False	True	False	False	umpire	manual	min	1.660964047443681
P0C054	P0C054		ibpA		4960650.0	5148620.0	4829020.0	5015040.0	4749160.0	4924400.0	0	0.23577117867086045	-0.04289899145377685	False	0.020226055919095775	False	False	Ecoli	False	True	False	False	umpire	manual	min	1.660964047443681
P61714	P61714		ribE		31999800.0	32733000.0	32565400.0	33377400.0	32310400.0	31188200.0	0	0.2371317668706121	0.03465769586590779	False	0.0202558001189768	False	False	Ecoli	False	True	False	False	umpire	manual	min	1.660964047443681
P22634	P22634		murI		970940.0	1152570.0	1167260.0	1167260.0	1129240.0	1079340.0	0	0.23734773088310854	0.11298273728451771	False	0.020285544318857825	False	False	Ecoli	False	True	False	False	umpire	manual	min	1.660964047443681
P0ABC3	P0ABC3		hflC		11999900.0	12072500.0	12251800.0	12145900.0	12243400.0	11232600.0	0	0.23797127600623397	0.05359029837072495	False	0.020315288518738844	False	False	Ecoli	False	True	False	False	umpire	manual	min	1.660964047443681
P31069	P31069		kch		1112760.0	1096530.0	1196060.0	1192170.0	1082630.0	861511.0	0	0.23826151360948356	0.1766781510242065	False	0.02034503271861987	False	False	Ecoli	False	True	False	False	umpire	manual	min	1.660964047443681
P33937	P33937		napA		4685770.0	4687930.0	4838290.0	4693250.0	4745420.0	4692250.0	0	0.23894654518175035	0.02148182421144085	False	0.02037477691850089	False	False	Ecoli	False	True	False	False	umpire	manual	min	1.660964047443681
P0A951	P0A951		speG		1214980.0	1104670.0	885546.0	866209.0	873314.0	846969.0	0	0.23942404383068827	-0.2705879516520441	False	0.020404521118381917	False	False	Ecoli	False	True	False	False	umpire	manual	min	1.660964047443681
P0A9P0	P0A9P0		lpdA		47549000.0	46805400.0	48450400.0	48367600.0	48498000.0	41491100.0	0	0.23972601090255508	0.09722678364632877	False	0.02043426531826294	False	False	Ecoli	False	True	False	False	umpire	manual	min	1.660964047443681
P45395	P45395		kdsD		2300960.0	2303560.0	2343610.0	2344030.0	2328160.0	2134210.0	0	0.2402889984714541	0.05813089867837615	False	0.02046400951814396	False	False	Ecoli	False	True	False	False	umpire	manual	min	1.660964047443681
P37655	P37655		bcsQ		1058590.0	1126870.0	1116030.0	1110420.0	1146430.0	979595.0	0	0.24108886592052356	0.09175042123806204	False	0.020493753718024987	False	False	Ecoli	False	True	False	False	umpire	manual	min	1.660964047443681
P09832	P09832		gltD		2065240.0	2132510.0	2216580.0	2127060.0	2175130.0	2161910.0	0	0.2417734611178618	0.035650135677677296	False	0.02052349791790601	False	False	Ecoli	False	True	False	False	umpire	manual	min	1.660964047443681
P26616	P26616		maeA		10658700.0	10446800.0	10769800.0	10649100.0	10518700.0	10309800.0	0	0.24227430271116818	0.02378854614054767	False	0.020553242117787033	False	False	Ecoli	False	True	False	False	umpire	manual	min	1.660964047443681
P0A858	P0A858		tpiA		79707900.0	76550900.0	82848400.0	81219200.0	82825300.0	59051100.0	0	0.24236725201722814	0.1974706924178788	False	0.020582986317668056	False	False	Ecoli	False	True	False	False	umpire	manual	min	1.660964047443681
P76536	P76536		yfeX		7519790.0	7520160.0	7831790.0	7710170.0	7473140.0	7460690.0	0	0.24251803348579457	0.03261467352953221	False	0.020612730517549076	False	False	Ecoli	False	True	False	False	umpire	manual	min	1.660964047443681
P75782	P75782		rlmF		1043800.0	930651.0	822225.0	998578.0	945038.0	1070550.0	0	0.2429290791210679	-0.1387244793119686	False	0.020642474717430102	False	False	Ecoli	False	True	False	False	umpire	manual	min	1.660964047443681
P0ACJ8	P0ACJ8		crp		24952000.0	24752600.0	25773700.0	25630400.0	25209700.0	21588100.0	0	0.2433136148461051	0.10384992006055777	False	0.020672218917311126	False	False	Ecoli	False	True	False	False	umpire	manual	min	1.660964047443681
P23882	P23882		fmt		6991890.0	6670070.0	7073020.0	6788970.0	7162920.0	6751900.0	0	0.24342040751627883	0.04255062148348207	False	0.02070196311719215	False	False	Ecoli	False	True	False	False	umpire	manual	min	1.660964047443681
P0AAN1	P0AAN1		hybE		973046.0	964055.0	1071940.0	1075610.0	926197.0	897604.0	0	0.24433419191697764	0.11679981609072108	False	0.020731707317073172	False	False	Ecoli	False	True	False	False	umpire	manual	min	1.660964047443681
P16700	P16700		cysP		8360530.0	8578180.0	8497130.0	8874960.0	8451120.0	8085120.0	0	0.24564147692586863	0.04536573175554259	False	0.02076145151695419	False	False	Ecoli	False	True	False	False	umpire	manual	min	1.660964047443681
Q47147	Q47147		yafJ		825284.0	772294.0	800728.0	826577.0	832645.0	730046.0	0	0.24594594256253832	0.07977096537068004	False	0.020791195716835218	False	False	Ecoli	False	True	False	False	umpire	manual	min	1.660964047443681
P0AG55	P0AG55		rplF		206111000.0	206405000.0	210043000.0	210351000.0	207593000.0	191230000.0	0	0.24600544020914855	0.05679296841279473	False	0.02082093991671624	False	False	Ecoli	False	True	False	False	umpire	manual	min	1.660964047443681
P09126	P09126		hemD		1512770.0	1477670.0	1576190.0	1613330.0	1442780.0	1352640.0	0	0.24640011394257116	0.09301016146525244	False	0.020850684116597264	False	False	Ecoli	False	True	False	False	umpire	manual	min	1.660964047443681
P0AC13	P0AC13		folP		6652620.0	6680010.0	6785230.0	6682930.0	6709810.0	6698200.0	0	0.24665686562447073	0.010558837661237927	False	0.020880428316478288	False	False	Ecoli	False	True	False	False	umpire	manual	min	1.660964047443681
P0A6D3	P0A6D3		aroA		5541830.0	5748850.0	5641210.0	5638870.0	5230190.0	6180890.0	0	0.24676592526091734	-0.08164554154968191	False	0.02091017251635931	False	False	Ecoli	False	True	False	False	umpire	manual	min	1.660964047443681
P0A8M0	P0A8M0		asnS		28645800.0	28846900.0	27939400.0	27766800.0	27915400.0	27752900.0	0	0.24682838818692546	-0.027749722633339104	False	0.020939916716240334	False	False	Ecoli	False	True	False	False	umpire	manual	min	1.660964047443681
P77562	P77562		yaiW		1074860.0	1097960.0	1043960.0	1111380.0	979584.0	1147760.0	0	0.24741491481698638	-0.08300478846679142	False	0.020969660916121357	False	False	Ecoli	False	True	False	False	umpire	manual	min	1.660964047443681
P21888	P21888		cysS		12349800.0	12400400.0	12559200.0	12625100.0	12695100.0	11145100.0	0	0.24755899472313211	0.07761852389318633	False	0.020999405116002384	False	False	Ecoli	False	True	False	False	umpire	manual	min	1.660964047443681
P0A698	P0A698		uvrA		5519430.0	5511200.0	5645580.0	5454950.0	5649960.0	5406250.0	0	0.2475929418573059	0.027266822269737295	False	0.021029149315883403	False	False	Ecoli	False	True	False	False	umpire	manual	min	1.660964047443681
P39838	P39838		rcsD		472459.0	543925.0	520471.0	519970.0	566175.0	427244.0	0	0.24767366333813906	0.154326118715614	False	0.021058893515764426	False	False	Ecoli	False	True	False	False	umpire	manual	min	1.660964047443681
P10371	P10371		hisA		3148520.0	2963970.0	3094170.0	3088780.0	3290800.0	2620900.0	0	0.24780605096878955	0.1173938346699447	False	0.02108863771564545	False	False	Ecoli	False	True	False	False	umpire	manual	min	1.660964047443681
P0AFJ1	P0AFJ1		phnA		1941640.0	1884250.0	1981530.0	1899100.0	2006590.0	1676510.0	0	0.2481244802292868	0.09752551986825476	False	0.021118381915526473	False	False	Ecoli	False	True	False	False	umpire	manual	min	1.660964047443681
P0ADV7	P0ADV7		mlaC		10075500.0	10214200.0	10485000.0	10439500.0	10140600.0	10254900.0	0	0.24821492854403407	0.02437735081115933	False	0.0211481261154075	False	False	Ecoli	False	True	False	False	umpire	manual	min	1.660964047443681
P0ADY1	P0ADY1		ppiD		23282200.0	23265900.0	23492000.0	23935800.0	23416600.0	21540500.0	0	0.24895702246183588	0.0572405480949188	False	0.02117787031528852	False	False	Ecoli	False	True	False	False	umpire	manual	min	1.660964047443681
P07001	P07001		pntA		3508720.0	3537200.0	3385550.0	3526140.0	3173230.0	3533140.0	0	0.24896581907089604	-0.06901180318139871	False	0.021207614515169542	False	False	Ecoli	False	True	False	False	umpire	manual	min	1.660964047443681
P0A832	P0A832		smpB		6034750.0	5729640.0	5626520.0	5776310.0	5863300.0	5979680.0	0	0.24942060880161834	-0.039392206054194495	False	0.021237358715050565	False	False	Ecoli	False	True	False	False	umpire	manual	min	1.660964047443681
P0A6I3	P0A6I3		coaA		3589890.0	3397740.0	3262220.0	3419200.0	3366520.0	3389520.0	0	0.24994606628717983	-0.046510519118033104	False	0.02126710291493159	False	False	Ecoli	False	True	False	False	umpire	manual	min	1.660964047443681
P0AGG4	P0AGG4		trxC		3292080.0	3611100.0	3628460.0	3628510.0	3886620.0	3655530.0	0	0.2501159493186058	0.0777804981239583	False	0.021296847114812615	False	False	Ecoli	False	True	False	False	umpire	manual	min	1.660964047443681
P76502	P76502		sixA		7805370.0	7295540.0	7311260.0	7029210.0	6607330.0	7059390.0	0	0.25016149192101794	-0.0811786765507647	False	0.021326591314693635	False	False	Ecoli	False	True	False	False	umpire	manual	min	1.660964047443681
P0AF48	P0AF48		yjbQ		1104320.0	1248770.0	916478.0	1105790.0	1026990.0	1033820.0	0	0.2515312006203693	-0.15151142774069662	False	0.021356335514574658	False	False	Ecoli	False	True	False	False	umpire	manual	min	1.660964047443681
P0AEY3	P0AEY3		mazG		1597630.0	1634170.0	1712180.0	1730060.0	1671910.0	1166280.0	0	0.2521116546465471	0.2176206293027226	False	0.021386079714455684	False	False	Ecoli	False	True	False	False	umpire	manual	min	1.660964047443681
P75867	P75867		ycbZ		1810620.0	1861810.0	1899090.0	1974950.0	1822900.0	1517400.0	0	0.2521649051704867	0.13449992996571516	False	0.021415823914336704	False	False	Ecoli	False	True	False	False	umpire	manual	min	1.660964047443681
P0A8R0	P0A8R0		rraA		19650100.0	19938900.0	20862800.0	20644400.0	20296600.0	20707200.0	0	0.25235992676998037	0.03562846165110163	False	0.02144556811421773	False	False	Ecoli	False	True	False	False	umpire	manual	min	1.660964047443681
P0ABZ4	P0ABZ4		kdsC		4937480.0	5088150.0	4994260.0	4882110.0	4851390.0	5506930.0	0	0.2525627278792467	-0.07675760502556986	False	0.02147531231409875	False	False	Ecoli	False	True	False	False	umpire	manual	min	1.660964047443681
P0A6D0	P0A6D0		argR		1336560.0	1330300.0	1255620.0	1312340.0	1317690.0	1534860.0	0	0.2534130685245099	-0.11282406892508247	False	0.021505056513979773	False	False	Ecoli	False	True	False	False	umpire	manual	min	1.660964047443681
P0A9G6	P0A9G6		aceA		7187660.0	6869270.0	7140780.0	7113970.0	7230020.0	6992830.0	0	0.25423009701309995	0.02951054835395135	False	0.0215348007138608	False	False	Ecoli	False	True	False	False	umpire	manual	min	1.660964047443681
P76270	P76270		msrC		4197720.0	4345750.0	3701740.0	3944090.0	3725600.0	3718070.0	0	0.25425596424187386	-0.10872649713592827	False	0.02156454491374182	False	False	Ecoli	False	True	False	False	umpire	manual	min	1.660964047443681
P0A6F5	P0A6F5		groL		75815600.0	75210000.0	77682100.0	76752600.0	78167400.0	65043800.0	0	0.2544586891692606	0.10636935143165477	False	0.021594289113622846	False	False	Ecoli	False	True	False	False	umpire	manual	min	1.660964047443681
P76402	P76402		yegP		3944810.0	4061740.0	3974970.0	3990760.0	3639640.0	4140950.0	0	0.25448255380112295	-0.06586691333541991	False	0.021624033313503866	False	False	Ecoli	False	True	False	False	umpire	manual	min	1.660964047443681
P0A7C2	P0A7C2		lexA		29340000.0	29284700.0	29341000.0	30020200.0	29417000.0	27822400.0	0	0.2554068996011087	0.038387890689403535	False	0.02165377751338489	False	False	Ecoli	False	True	False	False	umpire	manual	min	1.660964047443681
P0A7Y8	P0A7Y8		rnpA		1434390.0	1430810.0	1554650.0	1628200.0	1449030.0	1518860.0	0	0.2554193194883168	0.07933033424660231	False	0.021683521713265916	False	False	Ecoli	False	True	False	False	umpire	manual	min	1.660964047443681
P0AB89	P0AB89		purB		8797700.0	9040610.0	8713100.0	8951140.0	8806990.0	9235570.0	0	0.2555599706490249	-0.03247642525244959	False	0.021713265913146935	False	False	Ecoli	False	True	False	False	umpire	manual	min	1.660964047443681
P0A9U3	P0A9U3		ybiT		6197940.0	6297770.0	6496380.0	6365150.0	6288230.0	6350240.0	0	0.2563056884543925	0.023071790034496727	False	0.021743010113027962	False	False	Ecoli	False	True	False	False	umpire	manual	min	1.660964047443681
P76027	P76027		oppD		820020.0	835459.0	811515.0	924994.0	934647.0	830366.0	0	0.2576704606802759	0.10372789147969463	False	0.021772754312908985	False	False	Ecoli	False	True	False	False	umpire	manual	min	1.660964047443681
P02413	P02413		rplO		124453000.0	122023000.0	126078000.0	128089000.0	126012000.0	104926000.0	0	0.25800284345577107	0.11355644139174971	False	0.021802498512790005	False	False	Ecoli	False	True	False	False	umpire	manual	min	1.660964047443681
P15047	P15047		entA		375429.0	447767.0	350228.0	380284.0	335224.0	364811.0	0	0.25851236714569364	-0.15669323332361243	False	0.02183224271267103	False	False	Ecoli	False	True	False	False	umpire	manual	min	1.660964047443681
P02918	P02918		mrcA		1713690.0	1697070.0	1690610.0	1576430.0	1668410.0	1687170.0	0	0.2586845020506599	-0.046729932335572426	False	0.02186198691255205	False	False	Ecoli	False	True	False	False	umpire	manual	min	1.660964047443681
P0A905	P0A905		slyB		11440400.0	10984100.0	11332200.0	11525600.0	11678800.0	9723000.0	0	0.25890420727797636	0.10341951338201315	False	0.021891731112433078	False	False	Ecoli	False	True	False	False	umpire	manual	min	1.660964047443681
P0ACR9	P0ACR9		mprA		15355400.0	15229100.0	15193900.0	15667500.0	15406800.0	14681800.0	0	0.25922444480261997	0.03158358629075299	False	0.0219214753123141	False	False	Ecoli	False	True	False	False	umpire	manual	min	1.660964047443681
P65367	P65367		yqcA		2351320.0	2288420.0	2179560.0	2276800.0	2253560.0	2765600.0	0	0.2593167144737354	-0.1422704094382947	False	0.02195121951219512	False	False	Ecoli	False	True	False	False	umpire	manual	min	1.660964047443681
P77570	P77570		anmK		1395510.0	1533090.0	1404070.0	1419150.0	1420690.0	1518500.0	0	0.2597769817465196	-0.06747078476183707	False	0.021980963712076147	False	False	Ecoli	False	True	False	False	umpire	manual	min	1.660964047443681
P0ABH7	P0ABH7		gltA		10499300.0	10652500.0	10987200.0	11005600.0	10706100.0	10922800.0	0	0.25997030642009356	0.02781083019884055	False	0.022010707911957167	False	False	Ecoli	False	True	False	False	umpire	manual	min	1.660964047443681
P0A7J7	P0A7J7		rplK		155703000.0	157303000.0	163075000.0	159719000.0	159904000.0	132608000.0	0	0.2601857864288084	0.1153262901554395	False	0.022040452111838194	False	False	Ecoli	False	True	False	False	umpire	manual	min	1.660964047443681
P30958	P30958		mfd		5766650.0	6009800.0	5732700.0	5960130.0	5654170.0	6291220.0	0	0.2606497455284395	-0.0587242849039263	False	0.022070196311719217	False	False	Ecoli	False	True	False	False	umpire	manual	min	1.660964047443681
P05458	P05458		ptrA		985498.0	985870.0	1000730.0	969180.0	926194.0	1029140.0	0	0.2612530837685127	-0.051093365418711255	False	0.022099940511600236	False	False	Ecoli	False	True	False	False	umpire	manual	min	1.660964047443681
P0AGJ7	P0AGJ7		trmL		3017910.0	3179200.0	3214320.0	3234430.0	3093960.0	3094670.0	0	0.2613962648167654	0.0384440341198582	False	0.022129684711481263	False	False	Ecoli	False	True	False	False	umpire	manual	min	1.660964047443681
P27248	P27248		gcvT		9962610.0	9705080.0	10150000.0	9869440.0	10124600.0	9982020.0	0	0.26252462756611983	0.023854790440661938	False	0.022159428911362283	False	False	Ecoli	False	True	False	False	umpire	manual	min	1.660964047443681
P25746	P25746		hflD		2816290.0	3010450.0	2807490.0	2856910.0	2810680.0	2904780.0	0	0.2638740627223903	-0.043005836333707845	False	0.02218917311124331	False	False	Ecoli	False	True	False	False	umpire	manual	min	1.660964047443681
P0AAP3	P0AAP3		frmR		2951070.0	3158330.0	2965480.0	2983440.0	2901750.0	3557430.0	0	0.26466594814733363	-0.1272561987298717	False	0.022218917311124332	False	False	Ecoli	False	True	False	False	umpire	manual	min	1.660964047443681
P33219	P33219		yebF		537142.0	568143.0	576498.0	536281.0	599102.0	473006.0	0	0.2647998984454373	0.11721918831685346	False	0.022248661511005352	False	False	Ecoli	False	True	False	False	umpire	manual	min	1.660964047443681
P45578	P45578		luxS		20188200.0	20813700.0	21142100.0	21091800.0	21254600.0	16845200.0	0	0.26632381141556716	0.13425065701448502	False	0.02227840571088638	False	False	Ecoli	False	True	False	False	umpire	manual	min	1.660964047443681
P37330	P37330		glcB		1782350.0	1821990.0	1809540.0	1850010.0	1844040.0	1623530.0	0	0.2665600686309243	0.07414973135808818	False	0.022308149910767402	False	False	Ecoli	False	True	False	False	umpire	manual	min	1.660964047443681
P76049	P76049		ycjY		2299940.0	2369310.0	2237400.0	2250520.0	2292960.0	2749540.0	0	0.26660160174716435	-0.12971138971147042	False	0.022337894110648425	False	False	Ecoli	False	True	False	False	umpire	manual	min	1.660964047443681
P0ADE6	P0ADE6		ygaU		4472080.0	4590640.0	4541410.0	4545160.0	4682240.0	4247900.0	0	0.2669771985433509	0.04882610412689585	False	0.022367638310529448	False	False	Ecoli	False	True	False	False	umpire	manual	min	1.660964047443681
P0AFH8	P0AFH8		osmY		25487700.0	25460000.0	26496800.0	26316000.0	25873600.0	21099100.0	0	0.2673810466921658	0.12717995105945365	False	0.022397382510410468	False	False	Ecoli	False	True	False	False	umpire	manual	min	1.660964047443681
P60422	P60422		rplB		156742000.0	156485000.0	159856000.0	159087000.0	162136000.0	134845000.0	0	0.26773003836014353	0.10254324909601169	False	0.022427126710291494	False	False	Ecoli	False	True	False	False	umpire	manual	min	1.660964047443681
P67080	P67080		yggS		4066930.0	4134950.0	4376130.0	4209170.0	4058310.0	4027900.0	0	0.2685385871199446	0.048009988581108415	False	0.022456870910172518	False	False	Ecoli	False	True	False	False	umpire	manual	min	1.660964047443681
P0A6B7	P0A6B7		iscS		18286400.0	18312500.0	18584900.0	18371800.0	18535000.0	17133200.0	0	0.26889311350321454	0.04648777725065587	False	0.02248661511005354	False	False	Ecoli	False	True	False	False	umpire	manual	min	1.660964047443681
P0ABB0	P0ABB0		atpA		59224600.0	59764800.0	60274600.0	59528600.0	60379900.0	56196100.0	0	0.2697366150115966	0.04058033324115603	False	0.022516359309934564	False	False	Ecoli	False	True	False	False	umpire	manual	min	1.660964047443681
P02358	P02358		rpsF		115464000.0	113717000.0	120153000.0	120149000.0	119706000.0	82941300.0	0	0.2698181603363951	0.20591752985000894	False	0.022546103509815583	False	False	Ecoli	False	True	False	False	umpire	manual	min	1.660964047443681
P65556	P65556		yfcD		2452990.0	2296660.0	2437610.0	2388950.0	2511310.0	2019710.0	0	0.2703309712971934	0.116341902983106	False	0.02257584770969661	False	False	Ecoli	False	True	False	False	umpire	manual	min	1.660964047443681
P0AB18	P0AB18		tusE		1652430.0	1610080.0	1602200.0	1637580.0	1488460.0	1958000.0	0	0.27092776773606514	-0.14288748596613698	False	0.022605591909577633	False	False	Ecoli	False	True	False	False	umpire	manual	min	1.660964047443681
P45955	P45955		ybgF		4214770.0	4306010.0	4417620.0	4433220.0	4467690.0	4466890.0	0	0.271152337926321	0.0362922241025147	False	0.022635336109458656	False	False	Ecoli	False	True	False	False	umpire	manual	min	1.660964047443681
P0AEW6	P0AEW6		gsk		2836330.0	2840990.0	2773130.0	2835860.0	2731950.0	2799430.0	0	0.27132405853901187	-0.02330125870440703	False	0.02266508030933968	False	False	Ecoli	False	True	False	False	umpire	manual	min	1.660964047443681
P0ACK2	P0ACK2		agaR		472836.0	520007.0	761339.0	748332.0	990051.0	893934.0	0	0.27191963161046495	0.4058437387876194	False	0.022694824509220703	False	False	Ecoli	False	True	False	False	umpire	manual	min	1.660964047443681
P00448	P00448		sodA		4267430.0	4251570.0	4099800.0	4215170.0	4062400.0	4113950.0	0	0.27263726478548744	-0.029486774606660462	False	0.022724568709101726	False	False	Ecoli	False	True	False	False	umpire	manual	min	1.660964047443681
P0ADP0	P0ADP0		yigB		1108250.0	1038780.0	1043620.0	1048350.0	1015230.0	1054840.0	0	0.27274851014993395	-0.04329962791738898	False	0.02275431290898275	False	False	Ecoli	False	True	False	False	umpire	manual	min	1.660964047443681
P09373	P09373		pflB		285176000.0	284038000.0	291746000.0	290735000.0	289899000.0	247019000.0	0	0.27382498261448873	0.0959756560303316	False	0.022784057108863776	False	False	Ecoli	False	True	False	False	umpire	manual	min	1.660964047443681
P06968	P06968		dut		8526910.0	8388730.0	8627490.0	8686780.0	8359640.0	8283490.0	0	0.2746129880974366	0.026929101893887895	False	0.022813801308744795	False	False	Ecoli	False	True	False	False	umpire	manual	min	1.660964047443681
P00490	P00490		malP		4716550.0	4709660.0	4817690.0	4751550.0	4670240.0	4564460.0	0	0.27496140188077056	0.02543140919551821	False	0.022843545508625822	False	False	Ecoli	False	True	False	False	umpire	manual	min	1.660964047443681
P0AEK4	P0AEK4		fabI		58460300.0	58485100.0	60517000.0	58869600.0	59788000.0	50654000.0	0	0.2751838061858334	0.09634914951241512	False	0.02287328970850684	False	False	Ecoli	False	True	False	False	umpire	manual	min	1.660964047443681
P0A8Y1	P0A8Y1		yjjG		1622040.0	1557500.0	1566440.0	1685420.0	1699610.0	1583940.0	0	0.27527791721015316	0.05584096670077575	False	0.022903033908387865	False	False	Ecoli	False	True	False	False	umpire	manual	min	1.660964047443681
P30177	P30177		ybiB		8516280.0	8563360.0	8393920.0	8584760.0	8333810.0	8568010.0	0	0.2755578191475752	-0.018977210107524924	False	0.02293277810826889	False	False	Ecoli	False	True	False	False	umpire	manual	min	1.660964047443681
P0A9S1	P0A9S1		fucO		745248.0	812162.0	871418.0	853434.0	870993.0	873808.0	0	0.27604376651386486	0.09452498013507492	False	0.02296252230814991	False	False	Ecoli	False	True	False	False	umpire	manual	min	1.660964047443681
P61316	P61316		lolA		3225500.0	3151500.0	3091140.0	3113200.0	3092740.0	3091520.0	0	0.27650924170758917	-0.026361269489407143	False	0.022992266508030938	False	False	Ecoli	False	True	False	False	umpire	manual	min	1.660964047443681
P11875	P11875		argS		13127800.0	13018700.0	13122900.0	13040400.0	12758200.0	13632800.0	0	0.2771482768889192	-0.03145057778329037	False	0.023022010707911957	False	False	Ecoli	False	True	False	False	umpire	manual	min	1.660964047443681
P32132	P32132		typA		39446700.0	39542400.0	39881300.0	39753700.0	39952300.0	37155800.0	0	0.2787863960762098	0.042138379687262896	False	0.02305175490779298	False	False	Ecoli	False	True	False	False	umpire	manual	min	1.660964047443681
P52697	P52697		pgl		21687600.0	22376100.0	22297500.0	23131000.0	22321300.0	18576700.0	0	0.2801371901290811	0.11312326237032352	False	0.023081499107674007	False	False	Ecoli	False	True	False	False	umpire	manual	min	1.660964047443681
P04846	P04846		nlpA		3211690.0	3208640.0	3278270.0	3344520.0	3272060.0	3314490.0	0	0.28038141426284835	0.02352353375588687	False	0.023111243307555027	False	False	Ecoli	False	True	False	False	umpire	manual	min	1.660964047443681
P0ABJ9	P0ABJ9		cydA		24283800.0	23972400.0	23775600.0	23686500.0	23863300.0	26366500.0	0	0.2808540755315694	-0.06519862811119019	False	0.023140987507436053	False	False	Ecoli	False	True	False	False	umpire	manual	min	1.660964047443681
P24255	P24255		rpoN		757545.0	687078.0	746916.0	624445.0	659559.0	751059.0	0	0.2813473562111725	-0.11253571282820302	False	0.023170731707317076	False	False	Ecoli	False	True	False	False	umpire	manual	min	1.660964047443681
P00550	P00550		mtlA		818634.0	876015.0	834444.0	886870.0	892736.0	718132.0	0	0.2816766246311577	0.11558976348405592	False	0.023200475907198096	False	False	Ecoli	False	True	False	False	umpire	manual	min	1.660964047443681
P00946	P00946		manA		11380600.0	11825400.0	11399600.0	11476200.0	11358200.0	11586500.0	0	0.2820140282684135	-0.023346476033165125	False	0.023230220107079123	False	False	Ecoli	False	True	False	False	umpire	manual	min	1.660964047443681
P0AEE1	P0AEE1		dcrB		7274430.0	7137590.0	7236020.0	7197860.0	7402840.0	6775950.0	0	0.282245373253727	0.0435108004595087	False	0.023259964306960142	False	False	Ecoli	False	True	False	False	umpire	manual	min	1.660964047443681
P77330	P77330		borD		30177000.0	30358500.0	30722400.0	31915000.0	30934000.0	24128900.0	0	0.2824691659581752	0.14431217164737975	False	0.02328970850684117	False	False	Ecoli	False	True	False	False	umpire	manual	min	1.660964047443681
P0AGJ5	P0AGJ5		yfiF		11261800.0	11397000.0	11641300.0	11607600.0	11126400.0	10867200.0	0	0.28598964333145843	0.036091939365726855	False	0.023319452706722192	False	False	Ecoli	False	True	False	False	umpire	manual	min	1.660964047443681
P0A9C3	P0A9C3		galM		5654260.0	5613630.0	5724610.0	5844310.0	5544310.0	5201620.0	0	0.2863139859565842	0.055314451202675405	False	0.023349196906603212	False	False	Ecoli	False	True	False	False	umpire	manual	min	1.660964047443681
P33643	P33643		rluD		3335960.0	3313450.0	3271760.0	3249590.0	3226230.0	3841100.0	0	0.2867797560454253	-0.10596882154909444	False	0.02337894110648424	False	False	Ecoli	False	True	False	False	umpire	manual	min	1.660964047443681
P43533	P43533		flgN		1330390.0	1431100.0	1271410.0	1335260.0	1334060.0	1329790.0	0	0.28707404295947103	-0.054089369825848735	False	0.023408685306365258	False	False	Ecoli	False	True	False	False	umpire	manual	min	1.660964047443681
P0ADB7	P0ADB7		ecnB		14441700.0	13839200.0	15262500.0	15135000.0	14847900.0	7725060.0	0	0.2874574786128048	0.32953539106445356	False	0.023438429506246285	False	False	Ecoli	False	True	False	False	umpire	manual	min	1.660964047443681
P0AC81	P0AC81		gloA		1925900.0	1950230.0	2102210.0	2002020.0	1913440.0	1460920.0	0	0.2881778681945554	0.1731624663708697	False	0.023468173706127308	False	False	Ecoli	False	True	False	False	umpire	manual	min	1.660964047443681
P21829	P21829		ybhA		2565890.0	2742020.0	2695040.0	2724020.0	2816460.0	2689520.0	0	0.2884584729565401	0.04232328645795081	False	0.023497917906008327	False	False	Ecoli	False	True	False	False	umpire	manual	min	1.660964047443681
P20966	P20966		fruA		10494800.0	10549800.0	10666600.0	10699300.0	10634000.0	9518380.0	0	0.28887741471214584	0.06628217851870452	False	0.023527662105889354	False	False	Ecoli	False	True	False	False	umpire	manual	min	1.660964047443681
P40191	P40191		pdxK		2078460.0	2076060.0	1922920.0	2077750.0	2087130.0	2404760.0	0	0.28909130926245924	-0.1076164982247255	False	0.023557406305770377	False	False	Ecoli	False	True	False	False	umpire	manual	min	1.660964047443681
P00959	P00959		metG		19147200.0	18967600.0	18249500.0	18162800.0	18339100.0	18065700.0	0	0.2894524695657871	-0.03717360926742683	False	0.0235871505056514	False	False	Ecoli	False	True	False	False	umpire	manual	min	1.660964047443681
P30871	P30871		ygiF		3632710.0	3727990.0	3649970.0	3569990.0	3431130.0	3579120.0	0	0.28967016401931467	-0.03858792171476572	False	0.023616894705532424	False	False	Ecoli	False	True	False	False	umpire	manual	min	1.660964047443681
P23721	P23721		serC		11627200.0	11635000.0	11618600.0	11951500.0	11623100.0	10941600.0	0	0.2899070531511243	0.041140083832605534	False	0.023646638905413443	False	False	Ecoli	False	True	False	False	umpire	manual	min	1.660964047443681
P0AEE8	P0AEE8		dam		369618.0	358926.0	370794.0	289886.0	372532.0	475199.0	0	0.29011034592306145	-0.2203911040292594	False	0.02367638310529447	False	False	Ecoli	False	True	False	False	umpire	manual	min	1.660964047443681
P0A855	P0A855		tolB		18666500.0	17958800.0	19360100.0	18085500.0	19257200.0	18314600.0	0	0.29040558180947185	0.045565693143178265	False	0.023706127305175493	False	False	Ecoli	False	True	False	False	umpire	manual	min	1.660964047443681
P0A7R9	P0A7R9		rpsK		105987000.0	108282000.0	107885000.0	110191000.0	111447000.0	88074200.0	0	0.2906700030074743	0.12419203406869626	False	0.023735871505056516	False	False	Ecoli	False	True	False	False	umpire	manual	min	1.660964047443681
P75691	P75691		yahK		1417640.0	1317650.0	1509620.0	1423450.0	1341080.0	1319990.0	0	0.290798791161271	0.07583600993536393	False	0.02376561570493754	False	False	Ecoli	False	True	False	False	umpire	manual	min	1.660964047443681
P0A7B1	P0A7B1		ppk		1348040.0	1424750.0	1417380.0	1364030.0	1267550.0	1509720.0	0	0.2912815092118782	-0.08090522453542144	False	0.02379535990481856	False	False	Ecoli	False	True	False	False	umpire	manual	min	1.660964047443681
P28306	P28306		yceG		889626.0	960977.0	901514.0	901909.0	910236.0	994271.0	0	0.29176282886208776	-0.06812531448291835	False	0.023825104104699586	False	False	Ecoli	False	True	False	False	umpire	manual	min	1.660964047443681
P43329	P43329		hrpA		2803920.0	2846490.0	2829190.0	2862970.0	2972490.0	2831700.0	0	0.2926757825603143	0.03071828171275995	False	0.02385484830458061	False	False	Ecoli	False	True	False	False	umpire	manual	min	1.660964047443681
P24202	P24202		mrr		1775590.0	1873050.0	1838880.0	1782810.0	1763530.0	1915820.0	0	0.29299671784330245	-0.047236405050200214	False	0.023884592504461632	False	False	Ecoli	False	True	False	False	umpire	manual	min	1.660964047443681
P0A6G3	P0A6G3		pncC		3367610.0	3569640.0	3479440.0	3468340.0	3670610.0	3099550.0	0	0.29305456882856507	0.08126566303291499	False	0.023914336704342655	False	False	Ecoli	False	True	False	False	umpire	manual	min	1.660964047443681
P78067	P78067		ynjE		3193610.0	3222900.0	2869500.0	2943700.0	2763200.0	2773230.0	0	0.29309376196532927	-0.09965185064802046	False	0.023944080904223678	False	False	Ecoli	False	True	False	False	umpire	manual	min	1.660964047443681
P43672	P43672		uup		2243480.0	2291710.0	2128940.0	2223720.0	2109870.0	2137790.0	0	0.29328106696384915	-0.046232107224714825	False	0.0239738251041047	False	False	Ecoli	False	True	False	False	umpire	manual	min	1.660964047443681
P0A8A0	P0A8A0		yebC		3272530.0	3161980.0	3258090.0	3192470.0	3415810.0	2722100.0	0	0.2938838912481947	0.10770581470361675	False	0.024003569303985724	False	False	Ecoli	False	True	False	False	umpire	manual	min	1.660964047443681
P0ADT5	P0ADT5		ygiC		3702600.0	3595130.0	3667530.0	3502900.0	3537800.0	3630760.0	0	0.2942917334767356	-0.029374044423452855	False	0.02403331350386675	False	False	Ecoli	False	True	False	False	umpire	manual	min	1.660964047443681
P0AAB4	P0AAB4		ubiD		1846420.0	1785360.0	1970570.0	1786960.0	1889500.0	1791770.0	0	0.2945855742515658	0.05825481480677157	False	0.02406305770374777	False	False	Ecoli	False	True	False	False	umpire	manual	min	1.660964047443681
P0A7M9	P0A7M9		rpmE		124868000.0	123143000.0	129411000.0	126002000.0	131037000.0	88408400.0	0	0.294666831026196	0.2000208636263413	False	0.024092801903628794	False	False	Ecoli	False	True	False	False	umpire	manual	min	1.660964047443681
P76535	P76535		murQ		1615760.0	1514130.0	1703340.0	1689920.0	1654180.0	1696340.0	0	0.29481892127168496	0.06465518541331054	False	0.024122546103509817	False	False	Ecoli	False	True	False	False	umpire	manual	min	1.660964047443681
P0AB91	P0AB91		aroG		3308200.0	3438370.0	3455610.0	3487690.0	3320810.0	3121550.0	0	0.29512233811704347	0.056761372355973165	False	0.02415229030339084	False	False	Ecoli	False	True	False	False	umpire	manual	min	1.660964047443681
P0ABD8	P0ABD8		accB		34439500.0	32624800.0	34949600.0	34196600.0	33466000.0	29457300.0	0	0.29594436220552317	0.08827853343581038	False	0.024182034503271867	False	False	Ecoli	False	True	False	False	umpire	manual	min	1.660964047443681
P00811	P00811		ampC		1880680.0	1817430.0	1989940.0	1883150.0	1865960.0	1373480.0	0	0.29612150516223146	0.17837382444841807	False	0.024211778703152886	False	False	Ecoli	False	True	False	False	umpire	manual	min	1.660964047443681
P0A746	P0A746		msrB		1933330.0	1743980.0	1856960.0	1881890.0	1940570.0	1609150.0	0	0.2963320476841883	0.10344163856547087	False	0.02424152290303391	False	False	Ecoli	False	True	False	False	umpire	manual	min	1.660964047443681
P0A8N5	P0A8N5		lysU		21718200.0	21629400.0	21728800.0	21559700.0	22004700.0	21192100.0	0	0.2967481779239962	0.016745877484631466	False	0.024271267102914933	False	False	Ecoli	False	True	False	False	umpire	manual	min	1.660964047443681
P0AGM5	P0AGM5		sirB1		456054.0	404900.0	413549.0	458122.0	334010.0	526683.0	0	0.2971684877728317	-0.2027819659496917	False	0.024301011302795956	False	False	Ecoli	False	True	False	False	umpire	manual	min	1.660964047443681
P0ABN9	P0ABN9		dcuB		6685140.0	6838890.0	6885510.0	6691950.0	6344400.0	7563320.0	0	0.2980014599961609	-0.08202545567700592	False	0.024330755502676982	False	False	Ecoli	False	True	False	False	umpire	manual	min	1.660964047443681
P0ABB4	P0ABB4		atpD		53993400.0	54153300.0	55077100.0	54347200.0	54948100.0	48547900.0	0	0.29858418745062204	0.06901261181302795	False	0.024360499702558002	False	False	Ecoli	False	True	False	False	umpire	manual	min	1.660964047443681
P23845	P23845		cysN		3518750.0	3432660.0	3472890.0	3433660.0	3697840.0	3213330.0	0	0.2987106744732167	0.06108832109912503	False	0.024390243902439025	False	False	Ecoli	False	True	False	False	umpire	manual	min	1.660964047443681
P06996	P06996		ompC		273405000.0	274883000.0	274980000.0	277264000.0	275948000.0	259472000.0	0	0.29892080938350724	0.03603856088115767	False	0.024419988102320052	False	False	Ecoli	False	True	False	False	umpire	manual	min	1.660964047443681
P23830	P23830		pssA		1460300.0	1371590.0	1372160.0	1376720.0	1405190.0	1430690.0	0	0.2994982022211008	-0.03720138369668441	False	0.02444973230220107	False	False	Ecoli	False	True	False	False	umpire	manual	min	1.660964047443681
P0A9C5	P0A9C5		glnA		19693000.0	19250700.0	19934600.0	19566800.0	19762100.0	17390100.0	0	0.2996026353794559	0.07314303994974614	False	0.024479476502082098	False	False	Ecoli	False	True	False	False	umpire	manual	min	1.660964047443681
P15067	P15067		glgX		3020570.0	3041050.0	2961220.0	3031360.0	2779010.0	3022320.0	0	0.300091659707328	-0.05047979757515468	False	0.024509220701963118	False	False	Ecoli	False	True	False	False	umpire	manual	min	1.660964047443681
P0ADX9	P0ADX9		rsmD		1805860.0	1734120.0	43805.4	1584480.0	1298320.0	1343790.0	1	0.30021083784152514	-0.7387670211105594	False	0.02453896490184414	False	False	Ecoli	False	True	False	False	umpire	manual	min	1.660964047443681
P0A8I1	P0A8I1		yqgF		1682520.0	1657710.0	1654330.0	1686970.0	1624040.0	1773210.0	0	0.30027300650046906	-0.04240166282880527	False	0.024568709101725168	False	False	Ecoli	False	True	False	False	umpire	manual	min	1.660964047443681
P39199	P39199		prmB		7828810.0	8281770.0	8454760.0	8049680.0	8172600.0	6932190.0	0	0.3016009220747395	0.09885519886736363	False	0.024598453301606187	False	False	Ecoli	False	True	False	False	umpire	manual	min	1.660964047443681
P02919	P02919		mrcB		1765580.0	1681980.0	1731150.0	1625080.0	1696730.0	1749510.0	0	0.3025117180088397	-0.04056973157289222	False	0.024628197501487214	False	False	Ecoli	False	True	False	False	umpire	manual	min	1.660964047443681
P0AFC7	P0AFC7		nuoB		6868400.0	6747160.0	6886270.0	6656740.0	7401810.0	6363100.0	0	0.3030768460595953	0.06813366316108295	False	0.024657941701368234	False	False	Ecoli	False	True	False	False	umpire	manual	min	1.660964047443681
P0AC38	P0AC38		aspA		136797000.0	135167000.0	139613000.0	136397000.0	136027000.0	125125000.0	0	0.3039904091205076	0.053311497552525657	False	0.024687685901249257	False	False	Ecoli	False	True	False	False	umpire	manual	min	1.660964047443681
P0CG19	P0CG19		rph		9190920.0	8557630.0	9178650.0	9159730.0	8841430.0	8533500.0	0	0.30412963770174933	0.04845756073755486	False	0.024717430101130283	False	False	Ecoli	False	True	False	False	umpire	manual	min	1.660964047443681
P0A9X4	P0A9X4		mreB		8976260.0	8823070.0	9195430.0	9064520.0	8998190.0	7401860.0	0	0.3041782084679721	0.11319526166277356	False	0.024747174301011303	False	False	Ecoli	False	True	False	False	umpire	manual	min	1.660964047443681
P0AA43	P0AA43		rsuA		4677830.0	4815700.0	4721560.0	4725290.0	5010120.0	4485400.0	0	0.30421343867092415	0.048511277521871086	False	0.02477691850089233	False	False	Ecoli	False	True	False	False	umpire	manual	min	1.660964047443681
P31550	P31550		thiB		1582560.0	1639890.0	1681650.0	1576980.0	1690420.0	1573300.0	0	0.30596674983658506	0.045395163996924795	False	0.02480666270077335	False	False	Ecoli	False	True	False	False	umpire	manual	min	1.660964047443681
P0AEQ3	P0AEQ3		glnH		25226800.0	23848900.0	25117500.0	24368500.0	25656300.0	21005300.0	0	0.30609969203987136	0.10060191432530526	False	0.024836406900654372	False	False	Ecoli	False	True	False	False	umpire	manual	min	1.660964047443681
P0AFF6	P0AFF6		nusA		23285100.0	22872300.0	23476300.0	23212200.0	23566800.0	20327600.0	0	0.3065517679733514	0.07957818115146247	False	0.0248661511005354	False	False	Ecoli	False	True	False	False	umpire	manual	min	1.660964047443681
P46889	P46889		ftsK		3606800.0	3886590.0	3601330.0	3464100.0	3463710.0	3503270.0	0	0.306909489249753	-0.06267779794934203	False	0.02489589530041642	False	False	Ecoli	False	True	False	False	umpire	manual	min	1.660964047443681
P0A910	P0A910		ompA		625840000.0	634854000.0	648897000.0	660211000.0	637525000.0	473060000.0	0	0.30841876267777873	0.16708170640818198	False	0.024925639500297445	False	False	Ecoli	False	True	False	False	umpire	manual	min	1.660964047443681
P62615	P62615		ispE		1700620.0	1812750.0	1783670.0	1913200.0	1739890.0	1694310.0	0	0.30853580900389743	0.06210634237674072	False	0.02495538370017847	False	False	Ecoli	False	True	False	False	umpire	manual	min	1.660964047443681
P0AG48	P0AG48		rplU		99379200.0	101981000.0	101997000.0	102363000.0	103014000.0	86227100.0	0	0.3086222687737726	0.09599516917022258	False	0.024985127900059488	False	False	Ecoli	False	True	False	False	umpire	manual	min	1.660964047443681
P0AFI0	P0AFI0		oxc		975859.0	1016630.0	1058470.0	1029100.0	1079590.0	1066030.0	0	0.30885682302685286	0.050356513566491616	False	0.025014872099940515	False	False	Ecoli	False	True	False	False	umpire	manual	min	1.660964047443681
P24228	P24228		dacB		1736310.0	1954160.0	1834120.0	2014950.0	1868820.0	1567890.0	0	0.30914023278801883	0.12086995014549169	False	0.025044616299821534	False	False	Ecoli	False	True	False	False	umpire	manual	min	1.660964047443681
P25524	P25524		codA		2327930.0	2249160.0	2247610.0	2308950.0	2232360.0	2454860.0	0	0.3092461139350313	-0.05074272753196437	False	0.02507436049970256	False	False	Ecoli	False	True	False	False	umpire	manual	min	1.660964047443681
P0A7E9	P0A7E9		pyrH		7566050.0	7395250.0	7550960.0	7707920.0	7639890.0	6203810.0	0	0.3093854543719085	0.11358211980991288	False	0.025104104699583584	False	False	Ecoli	False	True	False	False	umpire	manual	min	1.660964047443681
P0AE06	P0AE06		acrA		18960300.0	18872400.0	19898800.0	19657200.0	19121900.0	13348600.0	0	0.309906570244427	0.19720044774151968	False	0.025133848899464604	False	False	Ecoli	False	True	False	False	umpire	manual	min	1.660964047443681
P0A7A9	P0A7A9		ppa		100095000.0	100408000.0	95746700.0	92396500.0	92256000.0	91584200.0	0	0.31055545443767163	-0.05891690376906074	False	0.02516359309934563	False	False	Ecoli	False	True	False	False	umpire	manual	min	1.660964047443681
P0AE08	P0AE08		ahpC		32624100.0	32049300.0	32922900.0	32750700.0	32945700.0	27742600.0	0	0.3114745440931444	0.09372736528520116	False	0.02519333729922665	False	False	Ecoli	False	True	False	False	umpire	manual	min	1.660964047443681
P60757	P60757		hisG		2106410.0	2067230.0	2011840.0	2039240.0	2130350.0	2291760.0	0	0.31157109001289207	-0.06479900214195129	False	0.025223081499107677	False	False	Ecoli	False	True	False	False	umpire	manual	min	1.660964047443681
P0AEM4	P0AEM4		flgM		2138690.0	2070760.0	2104240.0	2062680.0	2290140.0	1908160.0	0	0.31177400715001036	0.07790929543132569	False	0.0252528256989887	False	False	Ecoli	False	True	False	False	umpire	manual	min	1.660964047443681
P10908	P10908		ugpQ		322665.0	397541.0	394505.0	367491.0	397723.0	351738.0	0	0.31394463528627076	0.11354574341924795	False	0.02528256989886972	False	False	Ecoli	False	True	False	False	umpire	manual	min	1.660964047443681
P45530	P45530		tusB		495989.0	452456.0	514359.0	437748.0	547175.0	407211.0	0	0.31431184053543304	0.14528062675547435	False	0.025312314098750746	False	False	Ecoli	False	True	False	False	umpire	manual	min	1.660964047443681
P17952	P17952		murC		1856650.0	1849790.0	1873940.0	2019020.0	1953780.0	1953850.0	0	0.3147532108588314	0.04675646704476626	False	0.02534205829863177	False	False	Ecoli	False	True	False	False	umpire	manual	min	1.660964047443681
P12758	P12758		udp		27512000.0	27355300.0	28106700.0	28074800.0	27072400.0	24540000.0	0	0.31519448418488727	0.06824621431540442	False	0.025371802498512792	False	False	Ecoli	False	True	False	False	umpire	manual	min	1.660964047443681
P0A8T7	P0A8T7		rpoC		51292200.0	51197700.0	51489300.0	52159100.0	51835700.0	45846200.0	0	0.31617888066251015	0.06789731228490115	False	0.025401546698393816	False	False	Ecoli	False	True	False	False	umpire	manual	min	1.660964047443681
P0ACP1	P0ACP1		cra		4348780.0	4357470.0	4401090.0	4358090.0	4443050.0	4395450.0	0	0.31781790517409825	0.011027617441207706	False	0.025431290898274835	False	False	Ecoli	False	True	False	False	umpire	manual	min	1.660964047443681
P0AEI4	P0AEI4		rimO		4421570.0	4454980.0	4484930.0	4518310.0	4432710.0	4058120.0	0	0.3181064016443775	0.054855084645200836	False	0.025461035098155862	False	False	Ecoli	False	True	False	False	umpire	manual	min	1.660964047443681
P56262	P56262		ysgA		1279790.0	1130840.0	1299320.0	1179250.0	1264680.0	917535.0	0	0.31835715332067777	0.16956444500556647	False	0.025490779298036885	False	False	Ecoli	False	True	False	False	umpire	manual	min	1.660964047443681
P75829	P75829		ybjX		2343410.0	2304190.0	2346380.0	2392660.0	2293410.0	2158110.0	0	0.3187568523050685	0.04728171262894035	False	0.025520523497917908	False	False	Ecoli	False	True	False	False	umpire	manual	min	1.660964047443681
P0C0L7	P0C0L7		proP		2597940.0	2614970.0	2635310.0	2560830.0	2443120.0	2646550.0	0	0.31878842349077197	-0.040997298610357724	False	0.02555026769779893	False	False	Ecoli	False	True	False	False	umpire	manual	min	1.660964047443681
P42632	P42632		tdcE		5045370.0	4893060.0	5001140.0	5043670.0	5000770.0	4924280.0	0	0.3189984190131002	0.017642528539175764	False	0.02558001189767995	False	False	Ecoli	False	True	False	False	umpire	manual	min	1.660964047443681
Q2M7R5	Q2M7R5		yibT		2302970.0	2334150.0	2277590.0	2242650.0	2283200.0	2804210.0	0	0.3198124316706238	-0.12929610363201524	False	0.025609756097560978	False	False	Ecoli	False	True	False	False	umpire	manual	min	1.660964047443681
P76578	P76578		yfhM		417591.0	458771.0	522946.0	449071.0	421756.0	392190.0	0	0.3200068919871211	0.1358129535202991	False	0.025639500297442	False	False	Ecoli	False	True	False	False	umpire	manual	min	1.660964047443681
P0A6L4	P0A6L4		nanA		179936.0	180375.0	206684.0	172371.0	183320.0	112325.0	0	0.32013948065132414	0.25080294031431793	False	0.025669244497323024	False	False	Ecoli	False	True	False	False	umpire	manual	min	1.660964047443681
P0A6U8	P0A6U8		glgA		3095300.0	3110960.0	3076540.0	3144920.0	3028280.0	3247880.0	0	0.3202129720691402	-0.03153341512433729	False	0.025698988697204047	False	False	Ecoli	False	True	False	False	umpire	manual	min	1.660964047443681
P22188	P22188		murE		3885430.0	3866300.0	3752850.0	3896530.0	3681940.0	3827120.0	0	0.3202412002533501	-0.03117604104524831	False	0.02572873289708507	False	False	Ecoli	False	True	False	False	umpire	manual	min	1.660964047443681
P33570	P33570		tktB		2418350.0	2350000.0	2484460.0	2374470.0	2520680.0	2432880.0	0	0.32163710325306566	0.035301228380954015	False	0.025758477096966093	False	False	Ecoli	False	True	False	False	umpire	manual	min	1.660964047443681
P17109	P17109		menD		1468900.0	1496370.0	1620340.0	1592220.0	1639110.0	1658060.0	0	0.3252097456253907	0.06954908315660192	False	0.025788221296847116	False	False	Ecoli	False	True	False	False	umpire	manual	min	1.660964047443681
P38489	P38489		nfnB		5735890.0	5781460.0	5846820.0	5661560.0	5907920.0	5328550.0	0	0.3252800822780849	0.048040656456885995	False	0.025817965496728143	False	False	Ecoli	False	True	False	False	umpire	manual	min	1.660964047443681
P29744	P29744		flgL		2819010.0	2604330.0	3018630.0	2743610.0	2635950.0	2449740.0	0	0.325825048417122	0.09315029014009618	False	0.025847709696609163	False	False	Ecoli	False	True	False	False	umpire	manual	min	1.660964047443681
P0ACA3	P0ACA3		sspA		29792200.0	28291600.0	27070000.0	26982500.0	26903300.0	26520000.0	0	0.3271839136458332	-0.06358801907321907	False	0.025877453896490186	False	False	Ecoli	False	True	False	False	umpire	manual	min	1.660964047443681
P60390	P60390		rsmH		5567160.0	5299140.0	5541200.0	5484550.0	5475370.0	5277100.0	0	0.3284120853493566	0.031619489475317133	False	0.02590719809637121	False	False	Ecoli	False	True	False	False	umpire	manual	min	1.660964047443681
P76372	P76372		wzzB		10324400.0	10993000.0	11086700.0	10950200.0	10489100.0	9228300.0	0	0.3284513434922623	0.09062411046479113	False	0.025936942296252232	False	False	Ecoli	False	True	False	False	umpire	manual	min	1.660964047443681
P37613	P37613		yhhK		4477700.0	4596810.0	4546130.0	4609360.0	4541000.0	4426070.0	0	0.32898850293409	0.02078483264184235	False	0.02596668649613326	False	False	Ecoli	False	True	False	False	umpire	manual	min	1.660964047443681
P33920	P33920		yejK		2491940.0	2485820.0	2428290.0	2440940.0	2431220.0	2415820.0	0	0.3308672526346666	-0.018287697553221894	False	0.02599643069601428	False	False	Ecoli	False	True	False	False	umpire	manual	min	1.660964047443681
P76116	P76116		yncE		4097190.0	4300220.0	4246160.0	4224590.0	4267820.0	3893030.0	0	0.3312978391480023	0.0516667679662287	False	0.0260261748958953	False	False	Ecoli	False	True	False	False	umpire	manual	min	1.660964047443681
P15254	P15254		purL		2867120.0	2920310.0	3069260.0	3051900.0	2957600.0	3061020.0	0	0.33141852858294063	0.03707050637097806	False	0.026055919095776325	False	False	Ecoli	False	True	False	False	umpire	manual	min	1.660964047443681
P45475	P45475		yhbV		1316830.0	1445630.0	1232750.0	1196330.0	1359190.0	1266130.0	0	0.33289895912637574	-0.08873582700677043	False	0.026085663295657348	False	False	Ecoli	False	True	False	False	umpire	manual	min	1.660964047443681
P0ABZ6	P0ABZ6		surA		13225400.0	13243200.0	13362000.0	13527000.0	13406300.0	10975300.0	0	0.33399974447461356	0.10588086635630313	False	0.026115407495538374	False	False	Ecoli	False	True	False	False	umpire	manual	min	1.660964047443681
P0A7E3	P0A7E3		pyrE		5399490.0	5509250.0	5497620.0	5508780.0	5493580.0	4977380.0	0	0.3341254954788421	0.05469746951949785	False	0.026145151695419394	False	False	Ecoli	False	True	False	False	umpire	manual	min	1.660964047443681
P0A725	P0A725		lpxC		599919.0	728741.0	632404.0	603948.0	667172.0	877939.0	0	0.33480348240681984	-0.2131517160969356	False	0.026174895895300417	False	False	Ecoli	False	True	False	False	umpire	manual	min	1.660964047443681
P0A9H9	P0A9H9		cheZ		1996280.0	2088430.0	2055890.0	2047550.0	2148970.0	2028230.0	0	0.33502235589355384	0.03254597898694128	False	0.026204640095181444	False	False	Ecoli	False	True	False	False	umpire	manual	min	1.660964047443681
P0ADQ2	P0ADQ2		yiiD		906335.0	895346.0	815150.0	826198.0	849558.0	807270.0	0	0.33649825248919113	-0.06679926921097452	False	0.026234384295062464	False	False	Ecoli	False	True	False	False	umpire	manual	min	1.660964047443681
P21179	P21179		katE		627493.0	796882.0	675799.0	661205.0	562199.0	678816.0	0	0.3373634353494869	-0.14718575449425553	False	0.02626412849494349	False	False	Ecoli	False	True	False	False	umpire	manual	min	1.660964047443681
P77252	P77252		ykgE		1056930.0	961384.0	923162.0	979761.0	970818.0	972792.0	0	0.3386058919566506	-0.05774899545270941	False	0.02629387269482451	False	False	Ecoli	False	True	False	False	umpire	manual	min	1.660964047443681
P69776	P69776		lpp		58058400.0	56506700.0	58462400.0	58263400.0	57298100.0	48727600.0	0	0.34063071157209945	0.09182515908935383	False	0.026323616894705533	False	False	Ecoli	False	True	False	False	umpire	manual	min	1.660964047443681
P39300	P39300		ulaG		333477.0	267828.0	414384.0	452266.0	477151.0	493682.0	0	0.34155262918938906	0.29540576713406014	False	0.02635336109458656	False	False	Ecoli	False	True	False	False	umpire	manual	min	1.660964047443681
P16384	P16384		miaA		2101830.0	2031260.0	2182450.0	2211440.0	2356190.0	2299300.0	0	0.34250530956397657	0.0695497199603073	False	0.02638310529446758	False	False	Ecoli	False	True	False	False	umpire	manual	min	1.660964047443681
P06992	P06992		rsmA		2260240.0	2412240.0	2157860.0	2152790.0	1854410.0	2000210.0	0	0.34262002724343316	-0.11415354525783432	False	0.026412849494348606	False	False	Ecoli	False	True	False	False	umpire	manual	min	1.660964047443681
P24203	P24203		yjiA		3242530.0	3260030.0	3248840.0	3169390.0	3484930.0	2971780.0	0	0.3429565054413119	0.06386350232692051	False	0.026442593694229626	False	False	Ecoli	False	True	False	False	umpire	manual	min	1.660964047443681
P0A6T1	P0A6T1		pgi		41239700.0	40738300.0	41408000.0	41039800.0	41750800.0	35706600.0	0	0.34376748005223956	0.0777233670146796	False	0.02647233789411065	False	False	Ecoli	False	True	False	False	umpire	manual	min	1.660964047443681
P0A6P5	P0A6P5		der		4667390.0	4735150.0	4716370.0	4778330.0	4882640.0	4782220.0	0	0.34397534278326347	0.019455041563919362	False	0.026502082093991675	False	False	Ecoli	False	True	False	False	umpire	manual	min	1.660964047443681
P0A717	P0A717		prs		28099700.0	27807700.0	28108000.0	28159400.0	28223100.0	25245800.0	0	0.3445971548165805	0.058141152133323826	False	0.026531826293872695	False	False	Ecoli	False	True	False	False	umpire	manual	min	1.660964047443681
P0AD61	P0AD61		pykF		48998900.0	49329200.0	50394500.0	49319600.0	48881900.0	44347600.0	0	0.3446059111238602	0.05865563980496329	False	0.02656157049375372	False	False	Ecoli	False	True	False	False	umpire	manual	min	1.660964047443681
P0A6Q3	P0A6Q3		fabA		14312100.0	14164900.0	14385100.0	14260300.0	14363200.0	12969500.0	0	0.34514896404670176	0.05337489324193839	False	0.02659131469363474	False	False	Ecoli	False	True	False	False	umpire	manual	min	1.660964047443681
P0A9Q7	P0A9Q7		adhE		191859000.0	191339000.0	194228000.0	193987000.0	192353000.0	165820000.0	0	0.3455650450092436	0.08061160513026888	False	0.026621058893515764	False	False	Ecoli	False	True	False	False	umpire	manual	min	1.660964047443681
P06999	P06999		pfkB		1198540.0	1213720.0	1243990.0	1169650.0	1338750.0	1160220.0	0	0.34585582409621923	0.0708838457362175	False	0.02665080309339679	False	False	Ecoli	False	True	False	False	umpire	manual	min	1.660964047443681
P0A8R9	P0A8R9		hdfR		948896.0	938284.0	1000340.0	1019300.0	1086470.0	1063040.0	0	0.3464211087254384	0.07428638105506719	False	0.02668054729327781	False	False	Ecoli	False	True	False	False	umpire	manual	min	1.660964047443681
P0A794	P0A794		pdxJ		7027280.0	6797830.0	7000720.0	6968920.0	7000170.0	5964270.0	0	0.3472833934765279	0.08358737619559119	False	0.026710291493158837	False	False	Ecoli	False	True	False	False	umpire	manual	min	1.660964047443681
P22523	P22523		mukB		4084040.0	4107540.0	4098550.0	4097290.0	4033020.0	4362660.0	0	0.34785720296728584	-0.03788477529314232	False	0.02674003569303986	False	False	Ecoli	False	True	False	False	umpire	manual	min	1.660964047443681
P0A887	P0A887		ubiE		7841940.0	7864870.0	7964110.0	8177760.0	7919820.0	8033520.0	0	0.34823443729301073	0.019397986237580853	False	0.02676977989292088	False	False	Ecoli	False	True	False	False	umpire	manual	min	1.660964047443681
P36673	P36673		treR		801856.0	887416.0	832257.0	882519.0	873723.0	677167.0	0	0.34893454509670785	0.12939802682937698	False	0.026799524092801907	False	False	Ecoli	False	True	False	False	umpire	manual	min	1.660964047443681
P0A944	P0A944		rimI		571649.0	588925.0	590706.0	589318.0	534154.0	681927.0	0	0.3506305983588278	-0.10414847585252263	False	0.026829268292682926	False	False	Ecoli	False	True	False	False	umpire	manual	min	1.660964047443681
P0AEZ9	P0AEZ9		moaB		9715170.0	9286850.0	9621560.0	9797580.0	9616680.0	9571150.0	0	0.35250821557767964	0.02317267532425675	False	0.026859012492563953	False	False	Ecoli	False	True	False	False	umpire	manual	min	1.660964047443681
P75809	P75809		ybjI		983660.0	1011030.0	858170.0	924187.0	1108580.0	1272670.0	0	0.3525309325179446	-0.17658825108041798	False	0.026888756692444976	False	False	Ecoli	False	True	False	False	umpire	manual	min	1.660964047443681
P0ACA1	P0ACA1		yibF		509942.0	420051.0	476531.0	449732.0	300817.0	499785.0	0	0.35269285055616123	-0.2205618495973461	False	0.026918500892325996	False	False	Ecoli	False	True	False	False	umpire	manual	min	1.660964047443681
P39286	P39286		rsgA		2473130.0	2274920.0	2269290.0	2303420.0	2320770.0	2352910.0	0	0.35316924148166207	-0.042781604924340355	False	0.026948245092207022	False	False	Ecoli	False	True	False	False	umpire	manual	min	1.660964047443681
P0A715	P0A715		kdsA		22189800.0	21693200.0	22504000.0	22442700.0	21835200.0	17212300.0	0	0.3535301510049987	0.128395740611978	False	0.026977989292088042	False	False	Ecoli	False	True	False	False	umpire	manual	min	1.660964047443681
P25536	P25536		yhdE		2468930.0	2481240.0	2476450.0	2558680.0	2454260.0	2419990.0	0	0.35461788058593635	0.02315227868024057	False	0.02700773349196907	False	False	Ecoli	False	True	False	False	umpire	manual	min	1.660964047443681
P0A9M8	P0A9M8		pta		50447400.0	49460100.0	50237100.0	50380800.0	50142700.0	45859200.0	0	0.35487764438840713	0.04859826418481243	False	0.027037477691850092	False	False	Ecoli	False	True	False	False	umpire	manual	min	1.660964047443681
P0ABU7	P0ABU7		exbB		2131830.0	2112520.0	2281130.0	2091850.0	2104480.0	1556900.0	0	0.3555175399716319	0.15906440902035165	False	0.02706722189173111	False	False	Ecoli	False	True	False	False	umpire	manual	min	1.660964047443681
P36672	P36672		treB		1105780.0	1075940.0	1154210.0	1174490.0	1111410.0	1160560.0	0	0.356165673497044	0.04162209642821021	False	0.027096966091612138	False	False	Ecoli	False	True	False	False	umpire	manual	min	1.660964047443681
P0AFM9	P0AFM9		pspB		780591.0	885798.0	601133.0	578853.0	819475.0	652314.0	0	0.35756500506630073	-0.21370689738424792	False	0.02712671029149316	False	False	Ecoli	False	True	False	False	umpire	manual	min	1.660964047443681
P0ACD8	P0ACD8		hyaB		6181780.0	6286200.0	6199160.0	6298260.0	6074690.0	6366960.0	0	0.35773495136274946	-0.020273706565412292	False	0.027156454491374184	False	False	Ecoli	False	True	False	False	umpire	manual	min	1.660964047443681
P0A6U3	P0A6U3		mnmG		6944760.0	6990340.0	7006000.0	6880200.0	6961880.0	7087570.0	0	0.3580508740074587	-0.012031386444828544	False	0.027186198691255208	False	False	Ecoli	False	True	False	False	umpire	manual	min	1.660964047443681
P64604	P64604		mlaD		14312600.0	14477700.0	14427100.0	14625400.0	14314300.0	14194900.0	0	0.3581631834779487	0.012750973025782366	False	0.027215942891136227	False	False	Ecoli	False	True	False	False	umpire	manual	min	1.660964047443681
P07012	P07012		prfB		9370660.0	9171630.0	9384110.0	9267940.0	9297510.0	8668770.0	0	0.3595387935263233	0.03863241390662154	False	0.027245687091017254	False	False	Ecoli	False	True	False	False	umpire	manual	min	1.660964047443681
P0A825	P0A825		glyA		41101700.0	40800000.0	41456400.0	40970500.0	41856800.0	32922700.0	0	0.3599671891127813	0.11420785214215125	False	0.027275431290898277	False	False	Ecoli	False	True	False	False	umpire	manual	min	1.660964047443681
P0ABQ2	P0ABQ2		garR		1694350.0	1874010.0	1873150.0	1846440.0	1752350.0	1661690.0	0	0.36095841126911815	0.06522767221061389	False	0.0273051754907793	False	False	Ecoli	False	True	False	False	umpire	manual	min	1.660964047443681
P07004	P07004		proA		5385970.0	5299460.0	5308960.0	5414020.0	5379320.0	5276340.0	0	0.3615259226058068	0.012646132088400047	False	0.027334919690660323	False	False	Ecoli	False	True	False	False	umpire	manual	min	1.660964047443681
P33136	P33136		mdoG		12474600.0	12484900.0	12171200.0	11863200.0	11951000.0	11814900.0	0	0.3619330746515169	-0.03129010820551057	False	0.027364663890541343	False	False	Ecoli	False	True	False	False	umpire	manual	min	1.660964047443681
P0AE67	P0AE67		cheY		1621450.0	1586070.0	1455220.0	1372410.0	1438040.0	1353880.0	0	0.36198440124664094	-0.09670432861830462	False	0.02739440809042237	False	False	Ecoli	False	True	False	False	umpire	manual	min	1.660964047443681
P68688	P68688		grxA		1566700.0	1644900.0	1674890.0	1610640.0	1656560.0	898626.0	0	0.36215585358003183	0.26590356130611753	False	0.027424152290303393	False	False	Ecoli	False	True	False	False	umpire	manual	min	1.660964047443681
P60723	P60723		rplD		161118000.0	166409000.0	166624000.0	165525000.0	162214000.0	151900000.0	0	0.36233258328417517	0.044259610658198834	False	0.027453896490184416	False	False	Ecoli	False	True	False	False	umpire	manual	min	1.660964047443681
P68187	P68187		malK		1242890.0	1304790.0	1258540.0	1291720.0	1198770.0	1675030.0	0	0.36234931952049815	-0.17165180139884398	False	0.02748364069006544	False	False	Ecoli	False	True	False	False	umpire	manual	min	1.660964047443681
P0ADR6	P0ADR6		rlmM		3690200.0	3639210.0	3687980.0	3744900.0	3630300.0	3276140.0	0	0.3627498560567134	0.06094669293238101	False	0.027513384889946462	False	False	Ecoli	False	True	False	False	umpire	manual	min	1.660964047443681
P77150	P77150		pdxY		3539110.0	3590470.0	3445300.0	3661300.0	3698450.0	2956230.0	0	0.36339772101053347	0.09937879556248362	False	0.027543129089827485	False	False	Ecoli	False	True	False	False	umpire	manual	min	1.660964047443681
P0AE85	P0AE85		cpxP		833058.0	765133.0	842407.0	825833.0	774695.0	732281.0	0	0.36345617060661617	0.06799329845508147	False	0.02757287328970851	False	False	Ecoli	False	True	False	False	umpire	manual	min	1.660964047443681
P00935	P00935		metB		658593.0	612040.0	762543.0	606380.0	809188.0	691450.0	0	0.3644039552725273	0.1506914062537685	False	0.027602617489589535	False	False	Ecoli	False	True	False	False	umpire	manual	min	1.660964047443681
P04995	P04995		sbcB		11930600.0	12260700.0	12086400.0	12035500.0	11606000.0	12099300.0	0	0.3658628945339733	-0.022544791118249776	False	0.027632361689470555	False	False	Ecoli	False	True	False	False	umpire	manual	min	1.660964047443681
P14900	P14900		murD		3568780.0	3682560.0	3714860.0	3680290.0	3575430.0	3092240.0	0	0.36733885293002955	0.08490420016226147	False	0.027662105889351578	False	False	Ecoli	False	True	False	False	umpire	manual	min	1.660964047443681
P38134	P38134		etk		32703100.0	34145400.0	34233600.0	34150800.0	33606000.0	33645200.0	0	0.3674534595157507	0.021328301774010995	False	0.0276918500892326	False	False	Ecoli	False	True	False	False	umpire	manual	min	1.660964047443681
P42616	P42616		yqjC		368479.0	353914.0	408917.0	347450.0	368899.0	80120.4	1	0.3700343222393231	0.4876686913409016	False	0.027721594289113624	False	False	Ecoli	False	True	False	False	umpire	manual	min	1.660964047443681
P31658	P31658		hchA		7437620.0	7239400.0	7503080.0	7473150.0	7281670.0	7305900.0	0	0.3703419484553662	0.017934450182458116	False	0.02775133848899465	False	False	Ecoli	False	True	False	False	umpire	manual	min	1.660964047443681
P0A6H5	P0A6H5		hslU		22930700.0	22897400.0	22410500.0	22601600.0	22524600.0	22353500.0	0	0.3706286526799008	-0.013710767589512014	False	0.02778108268887567	False	False	Ecoli	False	True	False	False	umpire	manual	min	1.660964047443681
P02753ups|RETBP_HUMAN_UPS Retinol-binding protein 4 (Chain 19-201) - Homo sapiens (Human)	P02753ups|RETBP_HUMAN_UPS Retinol-binding protein 4 (Chain 19-201) - Homo sapiens (Human)				1083920.0	963022.0	982576.0	978141.0	106850.0	1016510.0	1	0.37229665058678063	-0.5672241654529893	False	0.027810826888756694	False	False	Human	True	False	False	False	umpire	manual	min	1.660964047443681
P30130	P30130		fimD		1548660.0	1518550.0	1581850.0	1369870.0	1575000.0	1823400.0	0	0.3723976838691603	-0.1115483505180409	False	0.027840571088637717	False	False	Ecoli	False	True	False	False	umpire	manual	min	1.660964047443681
P0AD68	P0AD68		ftsI		1376140.0	1312060.0	1388940.0	1357930.0	1229690.0	1574610.0	0	0.37292400601849657	-0.10028381452074112	False	0.02787031528851874	False	False	Ecoli	False	True	False	False	umpire	manual	min	1.660964047443681
P21165	P21165		pepQ		11468000.0	11284600.0	11378800.0	11321600.0	11531700.0	10825400.0	0	0.37423212968912506	0.027833496666232565	False	0.027900059488399766	False	False	Ecoli	False	True	False	False	umpire	manual	min	1.660964047443681
P0ACE7	P0ACE7		hinT		13186700.0	13007000.0	13183900.0	13090600.0	13137900.0	12318400.0	0	0.37432567139538403	0.03333781139033506	False	0.027929803688280786	False	False	Ecoli	False	True	False	False	umpire	manual	min	1.660964047443681
P14081	P14081		selB		3067460.0	2848580.0	3013540.0	3094960.0	2958390.0	2917910.0	0	0.3743608595493981	0.037549115404698866	False	0.02795954788816181	False	False	Ecoli	False	True	False	False	umpire	manual	min	1.660964047443681
P0ADV1	P0ADV1		lptA		3488740.0	3548190.0	3475200.0	3513870.0	3628890.0	3375530.0	0	0.37447111475824957	0.028195658246541112	False	0.027989292088042836	False	False	Ecoli	False	True	False	False	umpire	manual	min	1.660964047443681
P00509	P00509		aspC		19696000.0	19841400.0	19114900.0	19632900.0	19282400.0	19219500.0	0	0.37569211841873396	-0.01795438053519601	False	0.028019036287923856	False	False	Ecoli	False	True	False	False	umpire	manual	min	1.660964047443681
P0AG82	P0AG82		pstS		2640920.0	2666090.0	2726220.0	2785220.0	2654020.0	2721580.0	0	0.37602734528490434	0.024387521624336977	False	0.028048780487804882	False	False	Ecoli	False	True	False	False	umpire	manual	min	1.660964047443681
P0AEC0	P0AEC0		yoaE		388322.0	445160.0	430314.0	483364.0	407811.0	403452.0	0	0.3766314108784754	0.09539589269294665	False	0.028078524687685902	False	False	Ecoli	False	True	False	False	umpire	manual	min	1.660964047443681
P77173	P77173		zipA		2420650.0	2391580.0	2359610.0	2472270.0	2442410.0	1974420.0	0	0.37697717030135797	0.10010682943500024	False	0.028108268887566925	False	False	Ecoli	False	True	False	False	umpire	manual	min	1.660964047443681
P0A6G7	P0A6G7		clpP		20224700.0	20062300.0	20408600.0	19892300.0	20428600.0	17805400.0	0	0.37752084867477265	0.06404805733322637	False	0.02813801308744795	False	False	Ecoli	False	True	False	False	umpire	manual	min	1.660964047443681
P60340	P60340		truB		8467550.0	8365990.0	8369920.0	8305790.0	8447430.0	9406240.0	0	0.3777167439135044	-0.06273883429940605	False	0.02816775728732897	False	False	Ecoli	False	True	False	False	umpire	manual	min	1.660964047443681
P37908	P37908		yfjD		1114730.0	1057040.0	955936.0	1028080.0	1184500.0	1276520.0	0	0.3780690575561947	-0.12207380898254404	False	0.028197501487209998	False	False	Ecoli	False	True	False	False	umpire	manual	min	1.660964047443681
P09169	P09169		ompT		5866140.0	6063950.0	5907650.0	6102220.0	5998830.0	5755740.0	0	0.37852521254609445	0.026100114065511604	False	0.028227245687091018	False	False	Ecoli	False	True	False	False	umpire	manual	min	1.660964047443681
P45807	P45807		ybaM		517410.0	444540.0	515589.0	538897.0	442723.0	80120.4	1	0.37889680711176904	0.5228228794486105	False	0.02825698988697204	False	False	Ecoli	False	True	False	False	umpire	manual	min	1.660964047443681
P0AD57	P0AD57		ispB		1480390.0	1563650.0	1654700.0	1455420.0	1518320.0	1218080.0	0	0.37896304796588076	0.11895480716812068	False	0.028286734086853067	False	False	Ecoli	False	True	False	False	umpire	manual	min	1.660964047443681
P0A8V6	P0A8V6		fadR		6691670.0	6804160.0	6721400.0	6803430.0	6661720.0	7014480.0	0	0.3791074707278287	-0.02295493070233859	False	0.028316478286734087	False	False	Ecoli	False	True	False	False	umpire	manual	min	1.660964047443681
P0A8Z0	P0A8Z0		yciA		2169790.0	2063510.0	2094660.0	2154630.0	2147660.0	1936270.0	0	0.37936817380872234	0.05221426539460916	False	0.028346222486615114	False	False	Ecoli	False	True	False	False	umpire	manual	min	1.660964047443681
P0AFB8	P0AFB8		glnG		10081500.0	9879140.0	9933820.0	9907130.0	10217600.0	9392220.0	0	0.3795205320933161	0.034274337121549626	False	0.028375966686496133	False	False	Ecoli	False	True	False	False	umpire	manual	min	1.660964047443681
P39830	P39830		ybaL		1041740.0	944180.0	1026370.0	1012590.0	987323.0	897667.0	0	0.37999248953033476	0.06968235587712873	False	0.028405710886377156	False	False	Ecoli	False	True	False	False	umpire	manual	min	1.660964047443681
P76112	P76112		yncA		1361690.0	1391140.0	1185450.0	1341550.0	1233920.0	1217170.0	0	0.382076700871868	-0.07805338879399867	False	0.028435455086258183	False	False	Ecoli	False	True	False	False	umpire	manual	min	1.660964047443681
P04425	P04425		gshB		14451200.0	14710000.0	14548500.0	14747600.0	14566400.0	14216700.0	0	0.38237345978940956	0.016027831316661377	False	0.028465199286139203	False	False	Ecoli	False	True	False	False	umpire	manual	min	1.660964047443681
P10121	P10121		ftsY		39481800.0	39959400.0	40427500.0	40894500.0	41342400.0	41332100.0	0	0.3835551163842396	0.022415061222613115	False	0.02849494348602023	False	False	Ecoli	False	True	False	False	umpire	manual	min	1.660964047443681
P16431	P16431		hycE		3041260.0	3209420.0	3018170.0	3112370.0	3005190.0	3069820.0	0	0.3850124419769551	-0.028887337100766335	False	0.028524687685901252	False	False	Ecoli	False	True	False	False	umpire	manual	min	1.660964047443681
P00452	P00452		nrdA		10114800.0	10065900.0	10070700.0	10144600.0	10083100.0	9879910.0	0	0.385682653884701	0.01136732456649556	False	0.028554431885782272	False	False	Ecoli	False	True	False	False	umpire	manual	min	1.660964047443681
P0AE18	P0AE18		map		9906070.0	9667700.0	9867070.0	9919820.0	9706090.0	8641000.0	0	0.38693275530472127	0.06392101197662765	False	0.0285841760856633	False	False	Ecoli	False	True	False	False	umpire	manual	min	1.660964047443681
P0AE78	P0AE78		corC		5884210.0	5984520.0	5083760.0	5686260.0	4922830.0	4983320.0	0	0.38714834549657834	-0.10281671556770032	False	0.02861392028554432	False	False	Ecoli	False	True	False	False	umpire	manual	min	1.660964047443681
P0A8D6	P0A8D6		ymdB		1273990.0	1303830.0	1439320.0	1427000.0	1330480.0	1438290.0	0	0.38721052043075604	0.06349092791859419	False	0.028643664485425345	False	False	Ecoli	False	True	False	False	umpire	manual	min	1.660964047443681
P00887	P00887		aroH		1574460.0	1618670.0	1652500.0	1575950.0	1496330.0	1703460.0	0	0.3872322606570188	-0.051530247070519467	False	0.028673408685306368	False	False	Ecoli	False	True	False	False	umpire	manual	min	1.660964047443681
P0AAH8	P0AAH8		sapF		590912.0	542160.0	611883.0	539781.0	516008.0	682816.0	0	0.38775617557017944	-0.12283965764037584	False	0.028703152885187388	False	False	Ecoli	False	True	False	False	umpire	manual	min	1.660964047443681
P0C0R7	P0C0R7		rlmE		4157140.0	4080930.0	4080760.0	3982520.0	4231800.0	4582810.0	0	0.38780001069807557	-0.06041416700500427	False	0.028732897085068414	False	False	Ecoli	False	True	False	False	umpire	manual	min	1.660964047443681
P22525	P22525		ycbB		1888540.0	1873720.0	1818770.0	1875120.0	1918230.0	1971550.0	0	0.3880150841592913	-0.030948241685262758	False	0.028762641284949434	False	False	Ecoli	False	True	False	False	umpire	manual	min	1.660964047443681
P05055	P05055		pnp		42811900.0	42786200.0	43123300.0	42860600.0	42690800.0	39812500.0	0	0.38855033490321156	0.03706912567709192	False	0.02879238548483046	False	False	Ecoli	False	True	False	False	umpire	manual	min	1.660964047443681
P75821	P75821		ybjS		1545600.0	1375810.0	1641720.0	1556360.0	1475700.0	1539150.0	0	0.38866348960085245	0.06736498212602439	False	0.028822129684711484	False	False	Ecoli	False	True	False	False	umpire	manual	min	1.660964047443681
P08312	P08312		pheS		14047600.0	13915000.0	13935300.0	14051800.0	14032500.0	13863900.0	0	0.38967023383455696	0.006645148788772219	False	0.028851873884592504	False	False	Ecoli	False	True	False	False	umpire	manual	min	1.660964047443681
P0A6X7	P0A6X7		ihfA		51276000.0	52029000.0	50090600.0	49328200.0	47549500.0	47974400.0	0	0.39029650882448946	-0.04171053671209136	False	0.02888161808447353	False	False	Ecoli	False	True	False	False	umpire	manual	min	1.660964047443681
P0ADP7	P0ADP7		yigP		1443770.0	1361750.0	1293120.0	1442960.0	1415790.0	1558930.0	0	0.3915935998009787	-0.07203858761981122	False	0.028911362284354553	False	False	Ecoli	False	True	False	False	umpire	manual	min	1.660964047443681
P07862	P07862		ddlB		5921710.0	6187640.0	5715760.0	5824830.0	5825570.0	5708320.0	0	0.39235418415093165	-0.03702990829097021	False	0.028941106484235576	False	False	Ecoli	False	True	False	False	umpire	manual	min	1.660964047443681
P62672	P62672		apaG		1129650.0	1100390.0	1159900.0	1114820.0	1031880.0	1238720.0	0	0.3925483057251011	-0.06907149246073693	False	0.0289708506841166	False	False	Ecoli	False	True	False	False	umpire	manual	min	1.660964047443681
P32695	P32695		dusA		908731.0	968043.0	938417.0	922962.0	932819.0	1080800.0	0	0.3933839833242877	-0.08198001062137271	False	0.02900059488399762	False	False	Ecoli	False	True	False	False	umpire	manual	min	1.660964047443681
P0ABA6	P0ABA6		atpG		34781300.0	35036300.0	33542700.0	33274000.0	31282400.0	31877900.0	0	0.39370988887489455	-0.051944035957196086	False	0.029030339083878646	False	False	Ecoli	False	True	False	False	umpire	manual	min	1.660964047443681
P0AB55	P0AB55		yciI		4178590.0	4300370.0	4199600.0	4428280.0	4158990.0	3750100.0	0	0.3939352500886311	0.06434964735857432	False	0.02906008328375967	False	False	Ecoli	False	True	False	False	umpire	manual	min	1.660964047443681
P00934	P00934		thrC		4025220.0	3941000.0	4151480.0	4003800.0	3900700.0	3818910.0	0	0.39421350082271234	0.03278125589520281	False	0.029089827483640692	False	False	Ecoli	False	True	False	False	umpire	manual	min	1.660964047443681
P52647	P52647		ydbK		1680130.0	1707970.0	1573600.0	1628020.0	1754700.0	1742040.0	0	0.3962797279192181	-0.04972886039611002	False	0.029119571683521715	False	False	Ecoli	False	True	False	False	umpire	manual	min	1.660964047443681
P0ACQ4	P0ACQ4		oxyR		4899660.0	4829540.0	4855910.0	4789070.0	5002150.0	4608560.0	0	0.3986522107197635	0.030798358384476563	False	0.029149315883402735	False	False	Ecoli	False	True	False	False	umpire	manual	min	1.660964047443681
P75745	P75745		ybgK		1367800.0	1383180.0	1397100.0	1383700.0	1331620.0	1563910.0	0	0.39872595057903476	-0.06933616708756062	False	0.02917906008328376	False	False	Ecoli	False	True	False	False	umpire	manual	min	1.660964047443681
P69441	P69441		adk		45529800.0	45295400.0	44736300.0	45545400.0	46208600.0	42808700.0	0	0.400453848111947	0.030512391872525215	False	0.029208804283164785	False	False	Ecoli	False	True	False	False	umpire	manual	min	1.660964047443681
P0AA95	P0AA95		yacC		1085180.0	1036420.0	1055060.0	1001860.0	1097140.0	1164930.0	0	0.4005428667789544	-0.05935504935093702	False	0.029238548483045808	False	False	Ecoli	False	True	False	False	umpire	manual	min	1.660964047443681
P0A6L2	P0A6L2		dapA		48014200.0	49345600.0	49338700.0	48805400.0	48310300.0	45693700.0	0	0.40117331005528384	0.033896741844623074	False	0.02926829268292683	False	False	Ecoli	False	True	False	False	umpire	manual	min	1.660964047443681
P30125	P30125		leuB		888494.0	883582.0	949928.0	769708.0	829044.0	947111.0	0	0.4015551385463129	-0.0934251228319531	False	0.029298036882807854	False	False	Ecoli	False	True	False	False	umpire	manual	min	1.660964047443681
P23847	P23847		dppA		1974360.0	2220180.0	2040050.0	2206230.0	2178510.0	1929710.0	0	0.40258339357295714	0.06911612253808548	False	0.029327781082688877	False	False	Ecoli	False	True	False	False	umpire	manual	min	1.660964047443681
P69503	P69503		apt		26534600.0	26743100.0	26095200.0	26853800.0	26801400.0	29464800.0	0	0.4029157355532367	-0.05313679318788411	False	0.0293575252825699	False	False	Ecoli	False	True	False	False	umpire	manual	min	1.660964047443681
P0AFF2	P0AFF2		nupC		605302.0	654196.0	528037.0	517541.0	554744.0	492274.0	0	0.4038409914083231	-0.13045279645894078	False	0.029387269482450927	False	False	Ecoli	False	True	False	False	umpire	manual	min	1.660964047443681
P09394	P09394		glpQ		5880460.0	5819810.0	5778630.0	5895600.0	5847220.0	6003930.0	0	0.4040053349900058	-0.014969482986176482	False	0.029417013682331947	False	False	Ecoli	False	True	False	False	umpire	manual	min	1.660964047443681
P39406	P39406		rsmC		10656700.0	10647000.0	11059900.0	10920200.0	11248700.0	11264500.0	0	0.4044214182348155	0.028970207412621286	False	0.02944675788221297	False	False	Ecoli	False	True	False	False	umpire	manual	min	1.660964047443681
P0ADS2	P0ADS2		zapA		15482900.0	14146300.0	14947000.0	15207600.0	15623100.0	14888300.0	0	0.40497392722781683	0.04027240313789444	False	0.029476502082093993	False	False	Ecoli	False	True	False	False	umpire	manual	min	1.660964047443681
P64506	P64506		yebY		1572550.0	1525310.0	1526980.0	1551630.0	1552370.0	1615300.0	0	0.4055464126439901	-0.02537713164493213	False	0.029506246281975016	False	False	Ecoli	False	True	False	False	umpire	manual	min	1.660964047443681
P0A734	P0A734		minE		26322500.0	26231600.0	25141100.0	24754400.0	25467000.0	24588500.0	0	0.4077192072760422	-0.033680946851337525	False	0.029535990481856043	False	False	Ecoli	False	True	False	False	umpire	manual	min	1.660964047443681
P0AD07	P0AD07		yecF		3857310.0	3767760.0	3730180.0	4032550.0	3751060.0	3450310.0	0	0.40816480607852096	0.05600660531428651	False	0.029565734681737062	False	False	Ecoli	False	True	False	False	umpire	manual	min	1.660964047443681
P0AAI5	P0AAI5		fabF		35879200.0	35437600.0	35379000.0	35641700.0	36094900.0	32238700.0	0	0.41009666408593726	0.048764425780433766	False	0.029595478881618086	False	False	Ecoli	False	True	False	False	umpire	manual	min	1.660964047443681
P22939	P22939		ispA		4595500.0	4628250.0	4462170.0	4797030.0	4482030.0	4947540.0	0	0.41050668358826736	-0.04445994355598685	False	0.02962522308149911	False	False	Ecoli	False	True	False	False	umpire	manual	min	1.660964047443681
P17315	P17315		cirA		2135500.0	2089580.0	2176870.0	2144270.0	2085440.0	2094910.0	0	0.4111575134346627	0.0196321383246046	False	0.029654967281380132	False	False	Ecoli	False	True	False	False	umpire	manual	min	1.660964047443681
P22707	P22707		finO		1250010.0	1282290.0	1234440.0	1205070.0	1011020.0	1147390.0	0	0.41127353176145875	-0.09276625350665818	False	0.02968471148126116	False	False	Ecoli	False	True	False	False	umpire	manual	min	1.660964047443681
P0ADQ7	P0ADQ7		ygaM		4674750.0	4559670.0	4609760.0	4720480.0	4480150.0	5002510.0	0	0.4119943452507064	-0.04388402099655785	False	0.029714455681142178	False	False	Ecoli	False	True	False	False	umpire	manual	min	1.660964047443681
P0AGL7	P0AGL7		rsmE		4072330.0	4236350.0	4239520.0	4236060.0	4169050.0	4182620.0	0	0.4126307032214805	0.017601192749364357	False	0.0297441998810232	False	False	Ecoli	False	True	False	False	umpire	manual	min	1.660964047443681
P56258	P56258		wecF		543489.0	456163.0	503207.0	518189.0	493953.0	80120.4	1	0.4145371892523877	0.4889228533079203	False	0.029773944080904228	False	False	Ecoli	False	True	False	False	umpire	manual	min	1.660964047443681
P33590	P33590		nikA		3486340.0	3460920.0	3432530.0	3482560.0	3305880.0	3435570.0	0	0.4149302773985144	-0.0226676072580068	False	0.029803688280785248	False	False	Ecoli	False	True	False	False	umpire	manual	min	1.660964047443681
P37440	P37440		ucpA		8219720.0	8338030.0	8414250.0	8221750.0	8256170.0	8058180.0	0	0.4156308184522934	0.01609975797824221	False	0.029833432480666274	False	False	Ecoli	False	True	False	False	umpire	manual	min	1.660964047443681
P0ADK0	P0ADK0		yiaF		13127000.0	13421300.0	13284700.0	13367700.0	13220100.0	11702200.0	0	0.41565315740963904	0.05991545850145364	False	0.029863176680547294	False	False	Ecoli	False	True	False	False	umpire	manual	min	1.660964047443681
P76206	P76206		ydiY		665605.0	726792.0	778219.0	796240.0	744567.0	803271.0	0	0.4163721106481634	0.07885906951046211	False	0.029892920880428317	False	False	Ecoli	False	True	False	False	umpire	manual	min	1.660964047443681
P06612	P06612		topA		6019560.0	5889090.0	5987520.0	5911520.0	5930300.0	6165940.0	0	0.41660170543892466	-0.01970962297954972	False	0.029922665080309344	False	False	Ecoli	False	True	False	False	umpire	manual	min	1.660964047443681
P0ADA1	P0ADA1		tesA		2492290.0	2518530.0	2508430.0	2711050.0	2612990.0	2626130.0	0	0.418633525466336	0.03647076052505147	False	0.029952409280190363	False	False	Ecoli	False	True	False	False	umpire	manual	min	1.660964047443681
P0ADV5	P0ADV5		yhbW		1076760.0	1133820.0	1071680.0	1203400.0	1257220.0	1151290.0	0	0.4186697745498008	0.07134393885600575	False	0.02998215348007139	False	False	Ecoli	False	True	False	False	umpire	manual	min	1.660964047443681
P0AEV9	P0AEV9		hycI		311920.0	382517.0	345933.0	391361.0	346294.0	312484.0	0	0.41928649945564317	0.1058658236136492	False	0.03001189767995241	False	False	Ecoli	False	True	False	False	umpire	manual	min	1.660964047443681
P0AA97	P0AA97		yaeQ		783526.0	760371.0	759762.0	769816.0	709423.0	753589.0	0	0.41939760525245484	-0.037200897771600974	False	0.030041641879833433	False	False	Ecoli	False	True	False	False	umpire	manual	min	1.660964047443681
P0ADF6	P0ADF6		edd		1695380.0	2009950.0	1824650.0	1604080.0	1511910.0	1636280.0	0	0.42131006722160974	-0.11257670864470469	False	0.03007138607971446	False	False	Ecoli	False	True	False	False	umpire	manual	min	1.660964047443681
P0A7V3	P0A7V3		rpsC		87510000.0	86523700.0	87138400.0	87403200.0	86555900.0	71397000.0	0	0.42209865549936587	0.08927292239292449	False	0.03010113027959548	False	False	Ecoli	False	True	False	False	umpire	manual	min	1.660964047443681
P75914	P75914		ycdX		14945800.0	15494100.0	14814100.0	15130800.0	15644000.0	17552900.0	0	0.4221107072541847	-0.07413538605070631	False	0.030130874479476506	False	False	Ecoli	False	True	False	False	umpire	manual	min	1.660964047443681
P0ACL9	P0ACL9		pdhR		10811200.0	11705900.0	11572600.0	11456600.0	11288400.0	10965100.0	0	0.4224797975161576	0.03555433602157807	False	0.030160618679357525	False	False	Ecoli	False	True	False	False	umpire	manual	min	1.660964047443681
P0AAT4	P0AAT4		mscM		3251880.0	3152290.0	3215330.0	3165590.0	3249490.0	3034500.0	0	0.42277816796249396	0.029013635707290854	False	0.03019036287923855	False	False	Ecoli	False	True	False	False	umpire	manual	min	1.660964047443681
P09147	P09147		galE		9120070.0	8970240.0	9109570.0	9125260.0	8909840.0	8065180.0	0	0.4234661799152984	0.05355514712455181	False	0.030220107079119575	False	False	Ecoli	False	True	False	False	umpire	manual	min	1.660964047443681
P77739	P77739		yniA		863408.0	1011310.0	988662.0	978756.0	1094970.0	1018400.0	0	0.42348372389760713	0.08203191486139319	False	0.030249851279000595	False	False	Ecoli	False	True	False	False	umpire	manual	min	1.660964047443681
P77454	P77454		glsA1		1343550.0	1338830.0	1366610.0	1327310.0	1328880.0	948329.0	0	0.4235740605739163	0.1479487105408431	False	0.03027959547888162	False	False	Ecoli	False	True	False	False	umpire	manual	min	1.660964047443681
P22259	P22259		pckA		8820260.0	8921660.0	9007660.0	8975540.0	8756330.0	8741660.0	0	0.42544094633906315	0.013875951341472511	False	0.030309339678762644	False	False	Ecoli	False	True	False	False	umpire	manual	min	1.660964047443681
P69801	P69801		manY		1142550.0	1178700.0	1313310.0	1230980.0	1460840.0	1402390.0	0	0.42558073239190275	0.10513547045732709	False	0.030339083878643664	False	False	Ecoli	False	True	False	False	umpire	manual	min	1.660964047443681
P0AAN3	P0AAN3		hypB		2975730.0	2966350.0	2966010.0	2981860.0	3063450.0	2979550.0	0	0.4266845076291204	0.014431133431502919	False	0.03036882807852469	False	False	Ecoli	False	True	False	False	umpire	manual	min	1.660964047443681
P69791	P69791		chbA		938009.0	1122030.0	1039490.0	989576.0	993404.0	1179080.0	0	0.4267005566622083	-0.0998734515426111	False	0.03039857227840571	False	False	Ecoli	False	True	False	False	umpire	manual	min	1.660964047443681
P0AG51	P0AG51		rpmD		74411300.0	76644000.0	77516400.0	74085500.0	75130600.0	65502900.0	0	0.4271112364242019	0.06623640160277566	False	0.030428316478286737	False	False	Ecoli	False	True	False	False	umpire	manual	min	1.660964047443681
P0ABA4	P0ABA4		atpH		19527900.0	19441700.0	19403300.0	19524400.0	19507500.0	18013400.0	0	0.4282968261247814	0.0363060991300603	False	0.03045806067816776	False	False	Ecoli	False	True	False	False	umpire	manual	min	1.660964047443681
P27833	P27833		rffA		2293230.0	2221230.0	2357860.0	2359960.0	2351480.0	2400770.0	0	0.4287057150326701	0.031790130773593585	False	0.03048780487804878	False	False	Ecoli	False	True	False	False	umpire	manual	min	1.660964047443681
P0A6I0	P0A6I0		cmk		10999500.0	11527700.0	11221400.0	11219100.0	11466600.0	10488600.0	0	0.42882358078064503	0.03843079503055751	False	0.030517549077929806	False	False	Ecoli	False	True	False	False	umpire	manual	min	1.660964047443681
P0A968	P0A968		cspD		814571.0	824775.0	809800.0	819801.0	827337.0	686033.0	0	0.4297725920405734	0.07939558037842503	False	0.030547293277810826	False	False	Ecoli	False	True	False	False	umpire	manual	min	1.660964047443681
P33355	P33355		yehS		1886350.0	1924150.0	1898350.0	1850300.0	1954670.0	2043730.0	0	0.4297925207946746	-0.037677445982626734	False	0.030577037477691853	False	False	Ecoli	False	True	False	False	umpire	manual	min	1.660964047443681
P0ABQ4	P0ABQ4		folA		2742640.0	2570620.0	2648180.0	2612310.0	2741450.0	2356010.0	0	0.4308816214864867	0.06126054989930169	False	0.030606781677572876	False	False	Ecoli	False	True	False	False	umpire	manual	min	1.660964047443681
P09546	P09546		putA		918804.0	928333.0	945497.0	873082.0	835507.0	901784.0	0	0.4324434158719669	-0.05065032756155648	False	0.030636525877453896	False	False	Ecoli	False	True	False	False	umpire	manual	min	1.660964047443681
P0A6K6	P0A6K6		deoB		18038500.0	18076100.0	17623000.0	17680600.0	17629600.0	17430500.0	0	0.4325668620690469	-0.016581684974544847	False	0.030666270077334922	False	False	Ecoli	False	True	False	False	umpire	manual	min	1.660964047443681
P0AC47	P0AC47		frdB		18777300.0	18820400.0	17811100.0	18229100.0	18338200.0	17793900.0	0	0.4332434752587491	-0.026633508779165822	False	0.030696014277215945	False	False	Ecoli	False	True	False	False	umpire	manual	min	1.660964047443681
P0A6V1	P0A6V1		glgC		7652100.0	7187190.0	7820740.0	7363460.0	7724250.0	7552030.0	0	0.4337699312450699	0.032940268687701495	False	0.03072575847709697	False	False	Ecoli	False	True	False	False	umpire	manual	min	1.660964047443681
P0A9W3	P0A9W3		yjjK		10026000.0	10090300.0	9818810.0	9865680.0	9559070.0	9604940.0	0	0.43420082058962217	-0.023375357619157853	False	0.03075550267697799	False	False	Ecoli	False	True	False	False	umpire	manual	min	1.660964047443681
P0ABX8	P0ABX8		fliL		2716200.0	2706190.0	2840460.0	2640160.0	2663980.0	3295580.0	0	0.4342819074520936	-0.09814839271852666	False	0.03078524687685901	False	False	Ecoli	False	True	False	False	umpire	manual	min	1.660964047443681
P13024	P13024		fdhE		3279380.0	3215960.0	3257690.0	3253430.0	3234270.0	3070210.0	0	0.4354087788549726	0.026871998701770004	False	0.030814991076740038	False	False	Ecoli	False	True	False	False	umpire	manual	min	1.660964047443681
P0AAS7	P0AAS7		ybcJ		2636670.0	2702870.0	2270220.0	2434530.0	2282390.0	2154110.0	0	0.4355267378445952	-0.10096654885455325	False	0.03084473527662106	False	False	Ecoli	False	True	False	False	umpire	manual	min	1.660964047443681
P0AAC8	P0AAC8		iscA		6414510.0	6397890.0	6518680.0	6562200.0	6104230.0	5006190.0	0	0.4358720208093251	0.10660385711421307	False	0.030874479476502084	False	False	Ecoli	False	True	False	False	umpire	manual	min	1.660964047443681
P0A9P6	P0A9P6		deaD		9624020.0	9692920.0	9814450.0	9610370.0	9732800.0	9666630.0	0	0.4359967297482055	0.008637656778289775	False	0.030904223676383107	False	False	Ecoli	False	True	False	False	umpire	manual	min	1.660964047443681
P05852	P05852		gcp		2707280.0	2777290.0	2776320.0	2954820.0	2930740.0	2943560.0	0	0.43606098752322353	0.03946761849820414	False	0.030933967876264127	False	False	Ecoli	False	True	False	False	umpire	manual	min	1.660964047443681
P0A705	P0A705		infB		16355100.0	16307400.0	16345900.0	16304600.0	16315700.0	15496700.0	0	0.4360738147018239	0.023974813824175358	False	0.030963712076145154	False	False	Ecoli	False	True	False	False	umpire	manual	min	1.660964047443681
P0ACU5	P0ACU5		fabR		3294880.0	3156300.0	3196670.0	3287040.0	3171520.0	3475360.0	0	0.4377380958351071	-0.039980312394082396	False	0.030993456276026177	False	False	Ecoli	False	True	False	False	umpire	manual	min	1.660964047443681
P0A8N3	P0A8N3		lysS		40122900.0	39633900.0	39888200.0	39980700.0	39721000.0	37733900.0	0	0.4384588287475953	0.025548986955616557	False	0.0310232004759072	False	False	Ecoli	False	True	False	False	umpire	manual	min	1.660964047443681
P0AEP3	P0AEP3		galU		62355300.0	62857200.0	61635500.0	62656000.0	61912200.0	62006400.0	0	0.43883732532389674	-0.007844343721360308	False	0.031052944675788223	False	False	Ecoli	False	True	False	False	umpire	manual	min	1.660964047443681
P21645	P21645		lpxD		4858390.0	4861140.0	4623290.0	4461460.0	4051740.0	4164650.0	0	0.4388890166847103	-0.07986212733245984	False	0.031082688875669246	False	False	Ecoli	False	True	False	False	umpire	manual	min	1.660964047443681
P40710	P40710		nlpE		1859020.0	1781000.0	1950980.0	1834730.0	1859040.0	1883740.0	0	0.4402849054307463	0.03125904919397771	False	0.03111243307555027	False	False	Ecoli	False	True	False	False	umpire	manual	min	1.660964047443681
P0AC84	P0AC84		gloB		1050190.0	1007950.0	1098140.0	1182480.0	1066170.0	1149040.0	0	0.4414797215916037	0.06147270355194525	False	0.031142177275431292	False	False	Ecoli	False	True	False	False	umpire	manual	min	1.660964047443681
P0AF36	P0AF36		zapB		6544860.0	6667040.0	6502860.0	6606470.0	6793230.0	6393200.0	0	0.4416274311638972	0.021725011114724614	False	0.03117192147531232	False	False	Ecoli	False	True	False	False	umpire	manual	min	1.660964047443681
P0AD37	P0AD37		yfeC		1184820.0	1005870.0	976309.0	1046010.0	1256940.0	1668530.0	0	0.4416468289705143	-0.2349394368849181	False	0.03120166567519334	False	False	Ecoli	False	True	False	False	umpire	manual	min	1.660964047443681
P0A9F3	P0A9F3		cysB		4039740.0	3898650.0	3978540.0	3902800.0	4083890.0	3805430.0	0	0.4420850917007533	0.02694636817860438	False	0.031231409875074362	False	False	Ecoli	False	True	False	False	umpire	manual	min	1.660964047443681
P0A6I9	P0A6I9		coaE		856799.0	822542.0	868072.0	809230.0	876731.0	808230.0	0	0.44237460948491875	0.03803946235070777	False	0.03126115407495539	False	False	Ecoli	False	True	False	False	umpire	manual	min	1.660964047443681
P0ACL2	P0ACL2		exuR		2385290.0	2305110.0	2515310.0	2530810.0	2272800.0	2387630.0	0	0.4424305559918208	0.04828289956773536	False	0.03129089827483641	False	False	Ecoli	False	True	False	False	umpire	manual	min	1.660964047443681
P66817	P66817		diaA		2529960.0	2327420.0	2585210.0	2411220.0	2485110.0	2426760.0	0	0.44305874298596726	0.038576614042534235	False	0.031320642474717435	False	False	Ecoli	False	True	False	False	umpire	manual	min	1.660964047443681
P0A873	P0A873		trmD		3843230.0	3933350.0	3839610.0	3911380.0	3939320.0	3765470.0	0	0.44325027456005117	0.01841370144448185	False	0.031350386674598454	False	False	Ecoli	False	True	False	False	umpire	manual	min	1.660964047443681
P52061	P52061		rdgB		6695470.0	6664170.0	6643950.0	6642710.0	6780700.0	7260800.0	0	0.4438944143008509	-0.039224284661591204	False	0.031380130874479474	False	False	Ecoli	False	True	False	False	umpire	manual	min	1.660964047443681
P0AGB6	P0AGB6		rpoE		3820810.0	3921270.0	3854550.0	4025600.0	3760980.0	4597480.0	0	0.4448597264053848	-0.08405984536111905	False	0.0314098750743605	False	False	Ecoli	False	True	False	False	umpire	manual	min	1.660964047443681
P0AAS0	P0AAS0		ylaC		285169.0	342122.0	225240.0	336840.0	293147.0	324107.0	0	0.44512526855345713	-0.1537415920381911	False	0.03143961927424152	False	False	Ecoli	False	True	False	False	umpire	manual	min	1.660964047443681
P64554	P64554		queE		3867820.0	3842000.0	3746650.0	3809660.0	3680660.0	3695240.0	0	0.4453135246220147	-0.02142096486713583	False	0.03146936347412255	False	False	Ecoli	False	True	False	False	umpire	manual	min	1.660964047443681
P60785	P60785		lepA		12378700.0	12229400.0	11869600.0	12203500.0	11726200.0	11776400.0	0	0.44630447942930573	-0.02339260706802094	False	0.031499107674003574	False	False	Ecoli	False	True	False	False	umpire	manual	min	1.660964047443681
P50456	P50456		mlc		1449170.0	1307300.0	1580590.0	1540640.0	1609200.0	1673320.0	0	0.44728170035854076	0.09473302414574292	False	0.03152885187388459	False	False	Ecoli	False	True	False	False	umpire	manual	min	1.660964047443681
P11349	P11349		narH		1593020.0	1503910.0	1537920.0	1515480.0	1554170.0	1598220.0	0	0.4474699465391245	-0.027165165628009875	False	0.03155859607376562	False	False	Ecoli	False	True	False	False	umpire	manual	min	1.660964047443681
P17445	P17445		betB		615672.0	636108.0	620348.0	631289.0	600117.0	627907.0	0	0.44812088859779103	-0.021599994938208758	False	0.03158834027364664	False	False	Ecoli	False	True	False	False	umpire	manual	min	1.660964047443681
P0A7I0	P0A7I0		prfA		3963250.0	4072300.0	4051050.0	3941540.0	4073760.0	3791920.0	0	0.44820374751686487	0.028847833804749208	False	0.031618084473527666	False	False	Ecoli	False	True	False	False	umpire	manual	min	1.660964047443681
P0A6L9	P0A6L9		hscB		4771850.0	4728120.0	4779040.0	4723460.0	4688700.0	3875920.0	0	0.4499695456613295	0.08536169983476573	False	0.031647828673408686	False	False	Ecoli	False	True	False	False	umpire	manual	min	1.660964047443681
P0AED5	P0AED5		uvrY		4102630.0	4109620.0	4154000.0	4015820.0	3951480.0	4076100.0	0	0.4505981918951132	-0.019746777944505505	False	0.031677572873289706	False	False	Ecoli	False	True	False	False	umpire	manual	min	1.660964047443681
P25535	P25535		visC		2595090.0	2680600.0	2624830.0	2806230.0	2497000.0	3192950.0	0	0.45078459812104305	-0.09516242120522873	False	0.03170731707317073	False	False	Ecoli	False	True	False	False	umpire	manual	min	1.660964047443681
P0AG96	P0AG96		secE		741493.0	711261.0	636447.0	690900.0	769276.0	752584.0	0	0.45107514059394	-0.07293231716549689	False	0.03173706127305176	False	False	Ecoli	False	True	False	False	umpire	manual	min	1.660964047443681
P13033	P13033		glpB		1495230.0	1501950.0	1673530.0	1556760.0	1532550.0	1617940.0	0	0.4512279049895996	0.04545392390061981	False	0.03176680547293278	False	False	Ecoli	False	True	False	False	umpire	manual	min	1.660964047443681
P02925	P02925		rbsB		12320800.0	12747200.0	12737700.0	12437800.0	12210100.0	12892400.0	0	0.45171917357913133	-0.02201250756150914	False	0.031796549672813805	False	False	Ecoli	False	True	False	False	umpire	manual	min	1.660964047443681
P0AGI8	P0AGI8		trkA		396657.0	431030.0	431224.0	444176.0	605764.0	490980.0	0	0.45195613080254915	0.16765109998326072	False	0.031826293872694825	False	False	Ecoli	False	True	False	False	umpire	manual	min	1.660964047443681
P0A7U7	P0A7U7		rpsT		26988800.0	26296600.0	26596600.0	26544900.0	26295100.0	19935600.0	0	0.4534729809773132	0.11754639770520929	False	0.03185603807257585	False	False	Ecoli	False	True	False	False	umpire	manual	min	1.660964047443681
P0AB83	P0AB83		nth		1445450.0	1524830.0	1545150.0	1483200.0	1463410.0	1999880.0	0	0.45478758130867714	-0.14601145103944413	False	0.03188578227245687	False	False	Ecoli	False	True	False	False	umpire	manual	min	1.660964047443681
P0AG93	P0AG93		secF		1906200.0	1941810.0	1905270.0	1793050.0	1720680.0	1760910.0	0	0.45776001033027663	-0.04969635888980947	False	0.0319155264723379	False	False	Ecoli	False	True	False	False	umpire	manual	min	1.660964047443681
P0A8Y5	P0A8Y5		yidA		4501310.0	4514100.0	4632950.0	4437300.0	4689540.0	4534930.0	0	0.4578378775289379	0.02212940040614802	False	0.03194527067221892	False	False	Ecoli	False	True	False	False	umpire	manual	min	1.660964047443681
P0AGC3	P0AGC3		slt		1472730.0	1509380.0	1452820.0	1562640.0	1447790.0	1632760.0	0	0.45813337581855645	-0.048195389478546145	False	0.031975014872099944	False	False	Ecoli	False	True	False	False	umpire	manual	min	1.660964047443681
P07395	P07395		pheT		14347000.0	14431100.0	14233400.0	14123800.0	13969500.0	13962900.0	0	0.4586961129236792	-0.014052649389494479	False	0.032004759071980964	False	False	Ecoli	False	True	False	False	umpire	manual	min	1.660964047443681
P0AF24	P0AF24		nagD		1928740.0	2066910.0	1961120.0	2076490.0	2038220.0	1943310.0	0	0.4593890143118	0.03287118836687457	False	0.03203450327186199	False	False	Ecoli	False	True	False	False	umpire	manual	min	1.660964047443681
P76316	P76316		dcyD		1403860.0	1410660.0	1431070.0	1348970.0	1414300.0	1098890.0	0	0.46089880764901364	0.1000175469936959	False	0.03206424747174302	False	False	Ecoli	False	True	False	False	umpire	manual	min	1.660964047443681
P39342	P39342		yjgR		1035280.0	1191790.0	1188020.0	1221110.0	1192460.0	1219080.0	0	0.46220510295781203	0.06364845731569838	False	0.032093991671624036	False	False	Ecoli	False	True	False	False	umpire	manual	min	1.660964047443681
P61320	P61320		lolB		3046100.0	3102390.0	2991230.0	2951690.0	2951160.0	2905130.0	0	0.46235348146644184	-0.025649373402592622	False	0.032123735871505056	False	False	Ecoli	False	True	False	False	umpire	manual	min	1.660964047443681
P0A7S3	P0A7S3		rpsL		71079200.0	73303400.0	73513800.0	69874700.0	72480200.0	62353200.0	0	0.46359389906859905	0.06236583533205872	False	0.03215348007138608	False	False	Ecoli	False	True	False	False	umpire	manual	min	1.660964047443681
Q47622	Q47622		sapA		698358.0	720783.0	736978.0	724323.0	677017.0	843925.0	0	0.4645253523741267	-0.08180224050780893	False	0.0321832242712671	False	False	Ecoli	False	True	False	False	umpire	manual	min	1.660964047443681
P0A6P1	P0A6P1		tsf		179799000.0	177967000.0	180876000.0	178193000.0	176034000.0	162653000.0	0	0.4657556673086974	0.040142982850011596	False	0.03221296847114813	False	False	Ecoli	False	True	False	False	umpire	manual	min	1.660964047443681
P32685	P32685		yjbD		969028.0	876860.0	895274.0	1040480.0	864080.0	755017.0	0	0.46697404725929703	0.10632758870067488	False	0.03224271267102915	False	False	Ecoli	False	True	False	False	umpire	manual	min	1.660964047443681
P0A996	P0A996		glpC		1678030.0	1626320.0	1651300.0	1708600.0	1604680.0	1831100.0	0	0.46813229846380966	-0.04881902805210825	False	0.032272456870910175	False	False	Ecoli	False	True	False	False	umpire	manual	min	1.660964047443681
P0A940	P0A940		bamA		14810000.0	14590400.0	14719200.0	14870200.0	14468000.0	13931700.0	0	0.468754659279454	0.023948202942007474	False	0.032302201070791195	False	False	Ecoli	False	True	False	False	umpire	manual	min	1.660964047443681
P0C960	P0C960		emtA		75861.7	83209.8	43805.4	74376.6	106850.0	121678.0	3	0.4687599063200532	-0.3191532831170677	False	0.03233194527067222	False	False	Ecoli	False	True	False	False	umpire	manual	min	1.660964047443681
P0A9C0	P0A9C0		glpA		2191850.0	1995090.0	2214270.0	2228890.0	2049200.0	2111190.0	0	0.46950849539533257	0.043819462723826634	False	0.03236168947055325	False	False	Ecoli	False	True	False	False	umpire	manual	min	1.660964047443681
P19931	P19931		hyaE		1434880.0	1475990.0	1405590.0	1535300.0	1520390.0	1440310.0	0	0.46989686981939216	0.03605099810009139	False	0.03239143367043427	False	False	Ecoli	False	True	False	False	umpire	manual	min	1.660964047443681
P0AC41	P0AC41		sdhA		4228010.0	4482750.0	4615710.0	4549500.0	4143970.0	4171000.0	0	0.47024149956674627	0.0470919687870716	False	0.03242117787031529	False	False	Ecoli	False	True	False	False	umpire	manual	min	1.660964047443681
P06282	P06282		cdh		2329540.0	2471100.0	2357560.0	2442300.0	2374170.0	2545130.0	0	0.47098959567383436	-0.034129946922885984	False	0.032450922070196314	False	False	Ecoli	False	True	False	False	umpire	manual	min	1.660964047443681
P0A894	P0A894		yhbJ		1581110.0	1665850.0	1615250.0	1634670.0	1638890.0	1550330.0	0	0.4720696042151132	0.02726368291596893	False	0.032480666270077334	False	False	Ecoli	False	True	False	False	umpire	manual	min	1.660964047443681
P0C0L2	P0C0L2		osmC		6119010.0	5875380.0	5910200.0	6070440.0	5985260.0	5468060.0	0	0.4726245617214693	0.04100522402586201	False	0.03251041046995836	False	False	Ecoli	False	True	False	False	umpire	manual	min	1.660964047443681
P0A7G2	P0A7G2		rbfA		21598000.0	21089600.0	21885000.0	21270200.0	20508000.0	17776000.0	0	0.47312942494355814	0.07439279564566963	False	0.03254015466983938	False	False	Ecoli	False	True	False	False	umpire	manual	min	1.660964047443681
P0A870	P0A870		talB		57057900.0	56360100.0	55905000.0	54581900.0	55726400.0	54740500.0	0	0.4731340955123046	-0.016785877591477896	False	0.03256989886972041	False	False	Ecoli	False	True	False	False	umpire	manual	min	1.660964047443681
P0AB80	P0AB80		ilvE		7484270.0	7657400.0	7581160.0	7723450.0	7381030.0	7020870.0	0	0.4753083669499619	0.03365612614205242	False	0.03259964306960143	False	False	Ecoli	False	True	False	False	umpire	manual	min	1.660964047443681
P0ACY3	P0ACY3		yeaG		1238850.0	1300420.0	1247500.0	1255370.0	1255780.0	1266000.0	0	0.4758723826623485	-0.0177842426956506	False	0.03262938726948245	False	False	Ecoli	False	True	False	False	umpire	manual	min	1.660964047443681
P0AD01	P0AD01		dcuR		746804.0	812472.0	789770.0	783528.0	777086.0	935134.0	0	0.4762242561156678	-0.08580213683195591	False	0.03265913146936348	False	False	Ecoli	False	True	False	False	umpire	manual	min	1.660964047443681
P0ACL0	P0ACL0		glpR		2175820.0	2274890.0	2197490.0	2187340.0	2302740.0	2465850.0	0	0.4763892507614867	-0.04857259423413418	False	0.0326888756692445	False	False	Ecoli	False	True	False	False	umpire	manual	min	1.660964047443681
P0AFX7	P0AFX7		rseA		692478.0	638198.0	643880.0	681019.0	644316.0	689862.0	0	0.47642924089534155	-0.037118850263907745	False	0.03271861986912552	False	False	Ecoli	False	True	False	False	umpire	manual	min	1.660964047443681
P75736	P75736		ybfF		2104850.0	2130530.0	2026730.0	2229270.0	2112360.0	1931520.0	0	0.4774440880341041	0.046376440633207304	False	0.032748364069006546	False	False	Ecoli	False	True	False	False	umpire	manual	min	1.660964047443681
P10100	P10100		rlpA		3506760.0	3596820.0	3660690.0	3699440.0	3806190.0	3815090.0	0	0.47765461028762374	0.032356673310577705	False	0.032778108268887565	False	False	Ecoli	False	True	False	False	umpire	manual	min	1.660964047443681
P0AAT6	P0AAT6		rsfS		3526720.0	3404860.0	3530590.0	3467370.0	3356920.0	3029920.0	0	0.4791840145143934	0.05587593024302807	False	0.03280785246876859	False	False	Ecoli	False	True	False	False	umpire	manual	min	1.660964047443681
P76342	P76342		yedY		1067020.0	1100790.0	1026130.0	1124580.0	965244.0	80120.4	1	0.47920547938446467	0.4710765676369868	False	0.03283759666864962	False	False	Ecoli	False	True	False	False	umpire	manual	min	1.660964047443681
P33011	P33011		yeeA		1942520.0	1981130.0	2062220.0	1847890.0	1903050.0	1379210.0	0	0.4799554502212156	0.13255195689402455	False	0.03286734086853064	False	False	Ecoli	False	True	False	False	umpire	manual	min	1.660964047443681
P0ADE4	P0ADE4		tamA		3950250.0	3823960.0	3912650.0	3889450.0	4085910.0	3938480.0	0	0.48018391493684315	0.021434783489143888	False	0.032897085068411665	False	False	Ecoli	False	True	False	False	umpire	manual	min	1.660964047443681
P76938	P76938		epmC		1636590.0	1492750.0	1606060.0	1591780.0	1532880.0	1455340.0	0	0.4813201290428209	0.04523873313198979	False	0.032926829268292684	False	False	Ecoli	False	True	False	False	umpire	manual	min	1.660964047443681
P69407	P69407		rcsB		6408970.0	6473090.0	6431860.0	6661150.0	6119070.0	5439040.0	0	0.4833681236434073	0.06850759561355634	False	0.03295657346817371	False	False	Ecoli	False	True	False	False	umpire	manual	min	1.660964047443681
P08957	P08957		hsdM		7532720.0	7572780.0	7431520.0	7521650.0	7484970.0	7442140.0	0	0.4834420332658291	-0.007023349110392392	False	0.03298631766805473	False	False	Ecoli	False	True	False	False	umpire	manual	min	1.660964047443681
P0AA25	P0AA25		trxA		31056000.0	31696400.0	31398200.0	30881900.0	31128500.0	31221800.0	0	0.48363770396100003	-0.0087093457164548	False	0.03301606186793575	False	False	Ecoli	False	True	False	False	umpire	manual	min	1.660964047443681
P23843	P23843		oppA		24821600.0	24781200.0	25174800.0	24811000.0	24151000.0	22663900.0	0	0.4852438324139306	0.03685882849928536	False	0.03304580606781678	False	False	Ecoli	False	True	False	False	umpire	manual	min	1.660964047443681
P33225	P33225		torA		2833050.0	2810810.0	2842110.0	2836610.0	2835310.0	3143050.0	0	0.48564093400883196	-0.04551374359524764	False	0.0330755502676978	False	False	Ecoli	False	True	False	False	umpire	manual	min	1.660964047443681
P25888	P25888		rhlE		2941350.0	2994790.0	2893410.0	2980710.0	2814510.0	2886030.0	0	0.4874764681186641	-0.022004846238902035	False	0.03310529446757882	False	False	Ecoli	False	True	False	False	umpire	manual	min	1.660964047443681
P0ADU2	P0ADU2		ygiN		6875030.0	7022340.0	6920220.0	6803360.0	6887860.0	5415310.0	0	0.4876617189789247	0.09389692157705956	False	0.03313503866745985	False	False	Ecoli	False	True	False	False	umpire	manual	min	1.660964047443681
P0AE48	P0AE48		ytfP		3855480.0	3957400.0	3985150.0	3916940.0	3913880.0	4551340.0	0	0.4887408708172637	-0.06543316150206559	False	0.03316478286734087	False	False	Ecoli	False	True	False	False	umpire	manual	min	1.660964047443681
P06722	P06722		mutH		548720.0	516838.0	517079.0	503168.0	506220.0	80120.4	1	0.48949995997120194	0.4139942746501775	False	0.033194527067221896	False	False	Ecoli	False	True	False	False	umpire	manual	min	1.660964047443681
P0ADA7	P0ADA7		osmB		2052320.0	2054910.0	1956790.0	2212090.0	1973970.0	1713890.0	0	0.4902592226739896	0.0776113966325348	False	0.033224271267102916	False	False	Ecoli	False	True	False	False	umpire	manual	min	1.660964047443681
P07813	P07813		leuS		14814200.0	14641600.0	14716000.0	14674000.0	14713600.0	14143800.0	0	0.4913284861449195	0.016581522792656272	False	0.03325401546698394	False	False	Ecoli	False	True	False	False	umpire	manual	min	1.660964047443681
P33224	P33224		aidB		416081.0	401181.0	418053.0	377957.0	376310.0	80120.4	1	0.4916205142055699	0.3855716314957144	False	0.03328375966686496	False	False	Ecoli	False	True	False	False	umpire	manual	min	1.660964047443681
P0AAA1	P0AAA1		yagU		7167800.0	7052160.0	7002090.0	6878440.0	7351970.0	6275390.0	0	0.4917031862498656	0.05097762281462685	False	0.03331350386674598	False	False	Ecoli	False	True	False	False	umpire	manual	min	1.660964047443681
P0A731	P0A731		mgsA		3917450.0	3704650.0	3850160.0	3821910.0	3674100.0	3138520.0	0	0.49208985984302017	0.07644418045798944	False	0.03334324806662701	False	False	Ecoli	False	True	False	False	umpire	manual	min	1.660964047443681
P46142	P46142		yggM		9354240.0	9513450.0	9062330.0	9015780.0	8664480.0	80120.4	1	0.49242815646002125	0.49710805526955	False	0.033372992266508035	False	False	Ecoli	False	True	False	False	umpire	manual	min	1.660964047443681
P40719	P40719		qseC		334847.0	309816.0	310077.0	390788.0	417460.0	384391.0	0	0.49352171915386606	0.12002082513939447	False	0.033402736466389055	False	False	Ecoli	False	True	False	False	umpire	manual	min	1.660964047443681
P64585	P64585		yqjE		694354.0	796926.0	749146.0	678558.0	701759.0	80120.4	1	0.49364658088705066	0.4384388301260895	False	0.03343248066627008	False	False	Ecoli	False	True	False	False	umpire	manual	min	1.660964047443681
P0AAK1	P0AAK1		hycB		1469840.0	1441670.0	1575820.0	1593340.0	1563840.0	1654980.0	0	0.49469671058680537	0.05166924809378015	False	0.0334622248661511	False	False	Ecoli	False	True	False	False	umpire	manual	min	1.660964047443681
P27828	P27828		wecB		2707020.0	2769730.0	2836400.0	2681250.0	2643860.0	2343440.0	0	0.4954769603741576	0.06163243700191176	False	0.03349196906603213	False	False	Ecoli	False	True	False	False	umpire	manual	min	1.660964047443681
P0A6L7	P0A6L7		uxaB		1425730.0	1332690.0	1407180.0	1369190.0	1398420.0	1340960.0	0	0.49622483181825	0.026297899471501563	False	0.03352171326591315	False	False	Ecoli	False	True	False	False	umpire	manual	min	1.660964047443681
P15288	P15288		pepD		19952300.0	20260000.0	19402000.0	19729300.0	18786800.0	18860000.0	0	0.4964257792868319	-0.028467509206002196	False	0.033551457465794174	False	False	Ecoli	False	True	False	False	umpire	manual	min	1.660964047443681
P0AB10	P0AB10		ymbA		1034950.0	1028100.0	1009690.0	986546.0	1071930.0	854300.0	0	0.49710636936528757	0.07271806102640098	False	0.033581201665675194	False	False	Ecoli	False	True	False	False	umpire	manual	min	1.660964047443681
P0A6N8	P0A6N8		yeiP		13397700.0	13432900.0	13338600.0	12945800.0	12960300.0	12899100.0	0	0.49716746216770374	-0.0177200685651965	False	0.03361094586555621	False	False	Ecoli	False	True	False	False	umpire	manual	min	1.660964047443681
P0A6Y8	P0A6Y8		dnaK		41447500.0	41197100.0	41433000.0	41246500.0	40467900.0	36612200.0	0	0.49766096536091353	0.04631463789519209	False	0.03364069006543724	False	False	Ecoli	False	True	False	False	umpire	manual	min	1.660964047443681
P75746	P75746		ybgL		133646.0	289722.0	43805.4	183147.0	106850.0	80120.4	2	0.4977743876313933	-0.5929642124437648	False	0.033670434265318266	False	False	Ecoli	False	True	False	False	umpire	manual	min	1.660964047443681
P0A7Z4	P0A7Z4		rpoA		143303000.0	144759000.0	144209000.0	143161000.0	142269000.0	130080000.0	0	0.4986522620808098	0.03913199707622375	False	0.033700178465199286	False	False	Ecoli	False	True	False	False	umpire	manual	min	1.660964047443681
P0AG16	P0AG16		purF		867672.0	969768.0	1007800.0	976702.0	934235.0	984442.0	0	0.4990266706896695	0.048686557732431336	False	0.03372992266508031	False	False	Ecoli	False	True	False	False	umpire	manual	min	1.660964047443681
P39347	P39347		intB		1047700.0	1057510.0	1307770.0	1278520.0	1276450.0	1440630.0	0	0.5002444911682689	0.12349713487409664	False	0.03375966686496133	False	False	Ecoli	False	True	False	False	umpire	manual	min	1.660964047443681
P42596	P42596		rlmG		2361220.0	2308790.0	2256240.0	2364390.0	2285220.0	2318820.0	0	0.5004577470592849	-0.01723195608074039	False	0.03378941106484236	False	False	Ecoli	False	True	False	False	umpire	manual	min	1.660964047443681
P0C0K3	P0C0K3		rdoA		940669.0	978271.0	960621.0	971380.0	923081.0	979190.0	0	0.5008060101767611	-0.021590129194110682	False	0.03381915526472338	False	False	Ecoli	False	True	False	False	umpire	manual	min	1.660964047443681
P0A879	P0A879		trpB		596385.0	542420.0	568476.0	513530.0	598079.0	614076.0	0	0.5016267961742633	-0.061193832742998805	False	0.033848899464604405	False	False	Ecoli	False	True	False	False	umpire	manual	min	1.660964047443681
P0A6D7	P0A6D7		aroK		11404500.0	11361200.0	11112400.0	11128800.0	10804800.0	10790400.0	0	0.5025006278712294	-0.022099397174800608	False	0.033878643664485425	False	False	Ecoli	False	True	False	False	umpire	manual	min	1.660964047443681
P41407	P41407		azoR		3481070.0	3642740.0	3573210.0	3550740.0	2904760.0	3443610.0	0	0.5029054154267568	-0.0754871475668302	False	0.03390838786436645	False	False	Ecoli	False	True	False	False	umpire	manual	min	1.660964047443681
P37626	P37626		yhiI		1271640.0	1401770.0	1318070.0	1378390.0	1348460.0	1256910.0	0	0.502912860925605	0.04146439041394222	False	0.03393813206424747	False	False	Ecoli	False	True	False	False	umpire	manual	min	1.660964047443681
P31663	P31663		panC		3183500.0	3166250.0	3152460.0	3102880.0	3263140.0	3005410.0	0	0.5033513417889887	0.024968880985601283	False	0.0339678762641285	False	False	Ecoli	False	True	False	False	umpire	manual	min	1.660964047443681
P0ACB7	P0ACB7		hemY		5504100.0	5276850.0	5568780.0	5514780.0	5213800.0	6230670.0	0	0.5043005290097554	-0.061882251946000395	False	0.033997620464009524	False	False	Ecoli	False	True	False	False	umpire	manual	min	1.660964047443681
P0AG20	P0AG20		relA		1619040.0	1612270.0	1635570.0	1615850.0	1739300.0	1664000.0	0	0.5057536219617469	0.02784774225104099	False	0.034027364663890544	False	False	Ecoli	False	True	False	False	umpire	manual	min	1.660964047443681
P0AGD1	P0AGD1		sodC		849842.0	798192.0	804789.0	804539.0	717105.0	80120.4	1	0.5069361700211756	0.42888751964785327	False	0.034057108863771564	False	False	Ecoli	False	True	False	False	umpire	manual	min	1.660964047443681
P16703	P16703		cysM		3681910.0	3570290.0	3706230.0	3703240.0	3275030.0	3787910.0	0	0.50833253282107	-0.047235150601921065	False	0.03408685306365259	False	False	Ecoli	False	True	False	False	umpire	manual	min	1.660964047443681
P25397	P25397		tehB		3321060.0	3355140.0	3210060.0	3338480.0	3320760.0	2609260.0	0	0.5087289288817867	0.08797437947487138	False	0.03411659726353361	False	False	Ecoli	False	True	False	False	umpire	manual	min	1.660964047443681
P0ADX1	P0ADX1		yhfA		7416230.0	7798920.0	7363100.0	7471780.0	7639620.0	5767110.0	0	0.509335513984548	0.09911894081055268	False	0.03414634146341464	False	False	Ecoli	False	True	False	False	umpire	manual	min	1.660964047443681
P75960	P75960		cobB		3571120.0	3699370.0	3753070.0	3606900.0	3533850.0	3368720.0	0	0.5098424678809875	0.03411890518343638	False	0.034176085663295656	False	False	Ecoli	False	True	False	False	umpire	manual	min	1.660964047443681
Q46871	Q46871		yqjH		3138930.0	3478360.0	3152330.0	3272950.0	3101010.0	3176520.0	0	0.5102169837348695	-0.03995574002587568	False	0.03420582986317668	False	False	Ecoli	False	True	False	False	umpire	manual	min	1.660964047443681
Q57261	Q57261		truD		3591850.0	3623390.0	3589490.0	3583960.0	3722320.0	3570800.0	0	0.510520680466161	0.014602865575053635	False	0.03423557406305771	False	False	Ecoli	False	True	False	False	umpire	manual	min	1.660964047443681
P0A8I5	P0A8I5		trmB		6973320.0	7030220.0	6839240.0	6988810.0	7009050.0	6168370.0	0	0.5109610492493171	0.04680681111786822	False	0.03426531826293873	False	False	Ecoli	False	True	False	False	umpire	manual	min	1.660964047443681
P27302	P27302		tktA		27315300.0	26992900.0	27341800.0	27052100.0	26829700.0	25822500.0	0	0.5125475712612616	0.019543892203239713	False	0.034295062462819756	False	False	Ecoli	False	True	False	False	umpire	manual	min	1.660964047443681
P75884	P75884		gfcB		1861380.0	1793290.0	1810990.0	1857430.0	1641530.0	1812930.0	0	0.512778144927213	-0.042209425506236596	False	0.034324806662700776	False	False	Ecoli	False	True	False	False	umpire	manual	min	1.660964047443681
P30749	P30749		moaE		1784570.0	1862310.0	1698650.0	1730130.0	1607700.0	1589350.0	0	0.5129603043958244	-0.05611268350245684	False	0.034354550862581795	False	False	Ecoli	False	True	False	False	umpire	manual	min	1.660964047443681
P45748	P45748		rimN		4289520.0	4170010.0	4336730.0	4394470.0	4073860.0	4883440.0	0	0.5159960545523261	-0.059365817580635055	False	0.03438429506246282	False	False	Ecoli	False	True	False	False	umpire	manual	min	1.660964047443681
P0AGE6	P0AGE6		yieF		10653400.0	10758100.0	10625600.0	10765500.0	10366500.0	9047580.0	0	0.5184478615463747	0.06022952192350175	False	0.03441403926234384	False	False	Ecoli	False	True	False	False	umpire	manual	min	1.660964047443681
P0A7I4	P0A7I4		prfC		5007840.0	4938430.0	4878400.0	4887420.0	5024410.0	4958050.0	0	0.5188473592253755	-0.011086067116218346	False	0.03444378346222487	False	False	Ecoli	False	True	False	False	umpire	manual	min	1.660964047443681
P17169	P17169		glmS		43238100.0	43811700.0	43415200.0	43046000.0	43136500.0	39055300.0	0	0.5188946088790183	0.039413491633944635	False	0.03447352766210589	False	False	Ecoli	False	True	False	False	umpire	manual	min	1.660964047443681
P0A932	P0A932		gfcE		15825200.0	15734800.0	15426900.0	15951200.0	15705400.0	14528000.0	0	0.5190942622482141	0.030830405640312898	False	0.034503271861986914	False	False	Ecoli	False	True	False	False	umpire	manual	min	1.660964047443681
P77348	P77348		mppA		2042130.0	1994370.0	1953820.0	1886440.0	1825090.0	1805640.0	0	0.5206723367823839	-0.04433184392459907	False	0.03453301606186794	False	False	Ecoli	False	True	False	False	umpire	manual	min	1.660964047443681
P36930	P36930		gatR		925210.0	855115.0	895035.0	888405.0	784640.0	876772.0	0	0.5214282753103243	-0.04916075029320697	False	0.03456276026174896	False	False	Ecoli	False	True	False	False	umpire	manual	min	1.660964047443681
P19926	P19926		agp		3238950.0	3152610.0	3208710.0	3188030.0	3202890.0	3319070.0	0	0.5226955338322795	-0.016586096029778646	False	0.03459250446162999	False	False	Ecoli	False	True	False	False	umpire	manual	min	1.660964047443681
P39337	P39337		yjgM		581986.0	592140.0	507528.0	466616.0	610684.0	515896.0	0	0.5244763428694417	-0.09271575260417676	False	0.03462224866151101	False	False	Ecoli	False	True	False	False	umpire	manual	min	1.660964047443681
P32684	P32684		rluF		1178660.0	1067440.0	1111490.0	990596.0	1126840.0	492302.0	0	0.5245656471475465	0.23772012674349804	False	0.03465199286139203	False	False	Ecoli	False	True	False	False	umpire	manual	min	1.660964047443681
P09424	P09424		mtlD		2379420.0	2444500.0	2242640.0	2260640.0	2148100.0	2084600.0	0	0.5259680377163364	-0.054722981818213966	False	0.03468173706127305	False	False	Ecoli	False	True	False	False	umpire	manual	min	1.660964047443681
P0AFD1	P0AFD1		nuoE		6464380.0	6421590.0	6418930.0	6473980.0	6321140.0	5943040.0	0	0.5268857671398568	0.029204499724266236	False	0.03471148126115407	False	False	Ecoli	False	True	False	False	umpire	manual	min	1.660964047443681
P16528	P16528		iclR		1638110.0	1561890.0	1509780.0	1546650.0	1589490.0	1529000.0	0	0.5275180244097952	-0.02557082979212187	False	0.0347412254610351	False	False	Ecoli	False	True	False	False	umpire	manual	min	1.660964047443681
P41409	P41409		rihA		738210.0	783697.0	788564.0	725178.0	827291.0	1025870.0	0	0.5279388801772894	-0.1220937366273247	False	0.034770969660916126	False	False	Ecoli	False	True	False	False	umpire	manual	min	1.660964047443681
P27431	P27431		ycfD		4486940.0	4657490.0	4938130.0	5349940.0	4420130.0	4926810.0	0	0.5297343984587373	0.06387123054440409	False	0.034800713860797146	False	False	Ecoli	False	True	False	False	umpire	manual	min	1.660964047443681
Q47679	Q47679		yafV		931384.0	872504.0	936812.0	829672.0	908025.0	953699.0	0	0.530839881466149	-0.044132344074376564	False	0.03483045806067817	False	False	Ecoli	False	True	False	False	umpire	manual	min	1.660964047443681
P37650	P37650		bcsC		1072620.0	1075540.0	1081150.0	1089850.0	1080550.0	1191260.0	0	0.53191166601539	-0.03846994438638137	False	0.03486020226055919	False	False	Ecoli	False	True	False	False	umpire	manual	min	1.660964047443681
P02942	P02942		tsr		11384000.0	11066800.0	11201400.0	11113700.0	11199400.0	10441000.0	0	0.5323862881197803	0.027057448904428013	False	0.03488994646044022	False	False	Ecoli	False	True	False	False	umpire	manual	min	1.660964047443681
P17846	P17846		cysI		5682430.0	5643590.0	5699710.0	5595780.0	5580930.0	5201760.0	0	0.5329563787508702	0.030115941330568986	False	0.03491969066032124	False	False	Ecoli	False	True	False	False	umpire	manual	min	1.660964047443681
P0A6E9	P0A6E9		bioD2		5536830.0	5548740.0	5914050.0	6136310.0	5409530.0	5866930.0	0	0.5335989650033909	0.042546425244605494	False	0.03494943486020226	False	False	Ecoli	False	True	False	False	umpire	manual	min	1.660964047443681
P0ADH5	P0ADH5		fimB		1083120.0	1107850.0	1087240.0	1077460.0	919849.0	1020710.0	0	0.5338017004365716	-0.05826859061225233	False	0.034979179060083285	False	False	Ecoli	False	True	False	False	umpire	manual	min	1.660964047443681
P76055	P76055		ttcA		2154750.0	2150110.0	2278710.0	2171020.0	1930860.0	2320650.0	0	0.5345233274240785	-0.05434167739238001	False	0.035008923259964304	False	False	Ecoli	False	True	False	False	umpire	manual	min	1.660964047443681
P0A9Q9	P0A9Q9		asd		20374300.0	20563400.0	19913400.0	19928600.0	19222100.0	19160900.0	0	0.5373121200281217	-0.025049877448159338	False	0.03503866745984533	False	False	Ecoli	False	True	False	False	umpire	manual	min	1.660964047443681
P21420	P21420		nmpC		28025200.0	26272800.0	27683500.0	27345100.0	26205200.0	24730400.0	0	0.5373856095893016	0.0397089333277417	False	0.03506841165972636	False	False	Ecoli	False	True	False	False	umpire	manual	min	1.660964047443681
P75949	P75949		nagZ		2033480.0	1976860.0	1958150.0	2007140.0	1991640.0	1765490.0	0	0.5379396017063992	0.04454072603573792	False	0.03509815585960738	False	False	Ecoli	False	True	False	False	umpire	manual	min	1.660964047443681
P0ADN2	P0ADN2		yifE		6551040.0	6518310.0	6426500.0	6619090.0	6388500.0	5855530.0	0	0.5382020165877798	0.03830540284338599	False	0.035127900059488404	False	False	Ecoli	False	True	False	False	umpire	manual	min	1.660964047443681
P07021	P07021		yfiB		840810.0	769208.0	796216.0	805048.0	766668.0	598924.0	0	0.5383736481133359	0.10027211315832542	False	0.035157644259369424	False	False	Ecoli	False	True	False	False	umpire	manual	min	1.660964047443681
P00864	P00864		ppc		11740900.0	11794500.0	11605000.0	11439100.0	11773800.0	11534900.0	0	0.538788055265762	-0.010420580625971282	False	0.03518738845925045	False	False	Ecoli	False	True	False	False	umpire	manual	min	1.660964047443681
P0A9M5	P0A9M5		gpt		86107900.0	79888200.0	81649800.0	82880400.0	81139500.0	67817800.0	0	0.5387926143566926	0.07135923277494809	False	0.03521713265913147	False	False	Ecoli	False	True	False	False	umpire	manual	min	1.660964047443681
P15082	P15082		srlR		843069.0	802163.0	798100.0	837192.0	807851.0	709420.0	0	0.5388885345752173	0.053224452666402806	False	0.03524687685901249	False	False	Ecoli	False	True	False	False	umpire	manual	min	1.660964047443681
P39177	P39177		uspG		16922000.0	17041900.0	16604100.0	17007900.0	16436300.0	13566700.0	0	0.539090570373229	0.07446445206099549	False	0.035276621058893516	False	False	Ecoli	False	True	False	False	umpire	manual	min	1.660964047443681
P15070	P15070		fliN		4596570.0	4692410.0	4670900.0	4887340.0	4630410.0	4716190.0	0	0.5390906986690862	0.01877783309240256	False	0.03530636525877454	False	False	Ecoli	False	True	False	False	umpire	manual	min	1.660964047443681
P64455	P64455		ydcY		7479070.0	6906350.0	7426060.0	7543590.0	7312560.0	9960090.0	0	0.5396432290510382	-0.12776339357454242	False	0.03533610945865556	False	False	Ecoli	False	True	False	False	umpire	manual	min	1.660964047443681
P0ABK2	P0ABK2		cydB		6702810.0	6433880.0	6433470.0	6597520.0	6147640.0	4528270.0	0	0.5397933346783236	0.11860918459240502	False	0.03536585365853659	False	False	Ecoli	False	True	False	False	umpire	manual	min	1.660964047443681
P31473	P31473		ravA		1582400.0	1602170.0	1575200.0	1490350.0	1551730.0	1508950.0	0	0.5407152491441141	-0.023627084305762866	False	0.03539559785841761	False	False	Ecoli	False	True	False	False	umpire	manual	min	1.660964047443681
P0AEM6	P0AEM6		fliA		2710380.0	2757370.0	2701720.0	2796830.0	2768020.0	2995670.0	0	0.5414305172412627	-0.03395191818140729	False	0.035425342058298635	False	False	Ecoli	False	True	False	False	umpire	manual	min	1.660964047443681
P0AB98	P0AB98		atpB		508541.0	435602.0	469141.0	392852.0	484083.0	182937.0	0	0.5414555479785031	0.25616994593686565	False	0.035455086258179655	False	False	Ecoli	False	True	False	False	umpire	manual	min	1.660964047443681
P00957	P00957		alaS		15770800.0	15753000.0	15575100.0	15650000.0	15588900.0	14025000.0	0	0.5421906931059504	0.03952699451625767	False	0.03548483045806068	False	False	Ecoli	False	True	False	False	umpire	manual	min	1.660964047443681
P17117	P17117		nfsA		4472850.0	4452020.0	4368480.0	4582390.0	4423890.0	4613530.0	0	0.5428958475274893	-0.017544244219637184	False	0.0355145746579417	False	False	Ecoli	False	True	False	False	umpire	manual	min	1.660964047443681
P64636	P64636		yrfG		2655440.0	2816070.0	2796380.0	2923650.0	2715480.0	2805090.0	0	0.5435715458178931	0.027437059567837006	False	0.03554431885782273	False	False	Ecoli	False	True	False	False	umpire	manual	min	1.660964047443681
P45470	P45470		yhbO		910221.0	903465.0	878003.0	938357.0	880006.0	799005.0	0	0.544305258654917	0.04547982986915074	False	0.03557406305770375	False	False	Ecoli	False	True	False	False	umpire	manual	min	1.660964047443681
P0A6B4	P0A6B4		alr		3248560.0	3354370.0	3336570.0	3246420.0	3290270.0	3118090.0	0	0.5451675825345542	0.02241881944781114	False	0.035603807257584774	False	False	Ecoli	False	True	False	False	umpire	manual	min	1.660964047443681
P37194	P37194		slp		47127700.0	47280900.0	47641600.0	46311600.0	47089300.0	44825100.0	0	0.545376689722699	0.01862150992159623	False	0.0356335514574658	False	False	Ecoli	False	True	False	False	umpire	manual	min	1.660964047443681
P30744	P30744		sdaB		6216940.0	6409290.0	6257580.0	6334440.0	6369040.0	6169400.0	0	0.5456488209612141	0.01264234591937391	False	0.03566329565734682	False	False	Ecoli	False	True	False	False	umpire	manual	min	1.660964047443681
P33667	P33667		selU		771455.0	861405.0	874379.0	790895.0	864488.0	823745.0	0	0.5465186763506835	0.04233575860517387	False	0.03569303985722784	False	False	Ecoli	False	True	False	False	umpire	manual	min	1.660964047443681
P06715	P06715		gor		3751020.0	3736830.0	3503780.0	3649030.0	3578250.0	3457050.0	0	0.548320770675084	-0.02846618248974272	False	0.03572278405710887	False	False	Ecoli	False	True	False	False	umpire	manual	min	1.660964047443681
P69786	P69786		ptsG		5804770.0	5631490.0	5646700.0	5713660.0	5481210.0	5591990.0	0	0.5486854091924024	-0.01590354111756854	False	0.035752528256989886	False	False	Ecoli	False	True	False	False	umpire	manual	min	1.660964047443681
P0A7J0	P0A7J0		ribB		14364900.0	14104800.0	14288300.0	13784000.0	14110500.0	12347100.0	0	0.5502617593057396	0.04749178035796947	False	0.03578227245687091	False	False	Ecoli	False	True	False	False	umpire	manual	min	1.660964047443681
P0A9I8	P0A9I8		nirD		2804480.0	2860310.0	2700810.0	2814250.0	2780310.0	2139560.0	0	0.5540036797335002	0.08802785179260782	False	0.03581201665675193	False	False	Ecoli	False	True	False	False	umpire	manual	min	1.660964047443681
P13979	P13979		traT		4264570.0	4466600.0	4581020.0	4453400.0	4189210.0	4222790.0	0	0.5550572749956184	0.02972506902886805	False	0.03584176085663296	False	False	Ecoli	False	True	False	False	umpire	manual	min	1.660964047443681
P0ACY1	P0ACY1		ydjA		6885180.0	6862250.0	6756170.0	7017900.0	6845160.0	6676650.0	0	0.5564814000833173	0.013719364198963246	False	0.03587150505651398	False	False	Ecoli	False	True	False	False	umpire	manual	min	1.660964047443681
P39315	P39315		qorB		3067310.0	3067380.0	3103710.0	3108700.0	3007080.0	3009780.0	0	0.5569553122264994	0.011787390524720751	False	0.035901249256395006	False	False	Ecoli	False	True	False	False	umpire	manual	min	1.660964047443681
P0ADZ4	P0ADZ4		rpsO		127589000.0	126387000.0	123055000.0	126220000.0	124547000.0	103137000.0	0	0.557164256224941	0.0659708230350239	False	0.03593099345627603	False	False	Ecoli	False	True	False	False	umpire	manual	min	1.660964047443681
P0AFZ3	P0AFZ3		sspB		8863480.0	9347350.0	9023360.0	9263440.0	9087280.0	8781860.0	0	0.558153168438821	0.02024172073809628	False	0.03596073765615705	False	False	Ecoli	False	True	False	False	umpire	manual	min	1.660964047443681
P0ABE2	P0ABE2		bolA		3858530.0	4014430.0	3851820.0	3960640.0	3813210.0	3878890.0	0	0.5583423868398786	-0.015574023940033375	False	0.03599048185603807	False	False	Ecoli	False	True	False	False	umpire	manual	min	1.660964047443681
P0A809	P0A809		ruvA		603249.0	705596.0	623986.0	696916.0	647441.0	760080.0	0	0.5585458565203231	-0.07189970333403949	False	0.0360202260559191	False	False	Ecoli	False	True	False	False	umpire	manual	min	1.660964047443681
P0A8X0	P0A8X0		yjgA		7733820.0	7813680.0	7890360.0	7728480.0	7860900.0	8319220.0	0	0.5591122985484533	-0.023583877633182416	False	0.03604997025580012	False	False	Ecoli	False	True	False	False	umpire	manual	min	1.660964047443681
P04951	P04951		kdsB		5834880.0	5571650.0	5768450.0	5702100.0	5714800.0	6093740.0	0	0.5591864223711915	-0.026197946407326454	False	0.036079714455681144	False	False	Ecoli	False	True	False	False	umpire	manual	min	1.660964047443681
P0AB06	P0AB06		ycbK		970274.0	922245.0	855186.0	871379.0	844594.0	80120.4	1	0.5614277299333773	0.3822915745266681	False	0.036109458655562164	False	False	Ecoli	False	True	False	False	umpire	manual	min	1.660964047443681
P0A998	P0A998		ftnA		31198100.0	33954100.0	33229200.0	32712200.0	30764500.0	33755500.0	0	0.5628774388977453	-0.03247892887454113	False	0.03613920285544319	False	False	Ecoli	False	True	False	False	umpire	manual	min	1.660964047443681
P0A7V8	P0A7V8		rpsD		154269000.0	153337000.0	145053000.0	150549000.0	139161000.0	138696000.0	0	0.562905378362008	-0.03779110500692885	False	0.03616894705532422	False	False	Ecoli	False	True	False	False	umpire	manual	min	1.660964047443681
P0A7A7	P0A7A7		plsB		2888240.0	2896940.0	2949370.0	2896050.0	2918260.0	3168570.0	0	0.5639248852561237	-0.030955230706335473	False	0.03619869125520524	False	False	Ecoli	False	True	False	False	umpire	manual	min	1.660964047443681
P0AG67	P0AG67		rpsA		294300000.0	293472000.0	290346000.0	291204000.0	291100000.0	265412000.0	0	0.5649325540503961	0.032546227139537046	False	0.036228435455086264	False	False	Ecoli	False	True	False	False	umpire	manual	min	1.660964047443681
P0ABJ1	P0ABJ1		cyoA		2351770.0	2400760.0	2427850.0	2211270.0	2325880.0	2342430.0	0	0.5656664863023203	-0.026671197849106994	False	0.03625817965496728	False	False	Ecoli	False	True	False	False	umpire	manual	min	1.660964047443681
P0AES6	P0AES6		gyrB		9280860.0	9257860.0	9280150.0	9184910.0	9292810.0	9081170.0	0	0.5657674184860264	0.007189293090963775	False	0.0362879238548483	False	False	Ecoli	False	True	False	False	umpire	manual	min	1.660964047443681
P0A9Q1	P0A9Q1		arcA		12505700.0	12418700.0	12184300.0	12177300.0	12265500.0	10076500.0	0	0.5660520791429382	0.06551945879117364	False	0.03631766805472933	False	False	Ecoli	False	True	False	False	umpire	manual	min	1.660964047443681
P0A8U0	P0A8U0		syd		688814.0	785010.0	763017.0	801290.0	683424.0	684739.0	0	0.567360193762741	0.05839818953622675	False	0.03634741225461035	False	False	Ecoli	False	True	False	False	umpire	manual	min	1.660964047443681
P64564	P64564		yggT		431701.0	489852.0	420025.0	496202.0	442340.0	493439.0	0	0.5675408478997671	-0.05870818022519942	False	0.036377156454491376	False	False	Ecoli	False	True	False	False	umpire	manual	min	1.660964047443681
P69346	P69346		yefM		989374.0	1039400.0	1098550.0	1061400.0	963949.0	1011660.0	0	0.5690077776792474	0.03907053722829748	False	0.0364069006543724	False	False	Ecoli	False	True	False	False	umpire	manual	min	1.660964047443681
P0AFB1	P0AFB1		nlpI		1663070.0	1665450.0	1723480.0	1705490.0	1635140.0	1680640.0	0	0.5693916134685865	0.015740048437110184	False	0.03643664485425342	False	False	Ecoli	False	True	False	False	umpire	manual	min	1.660964047443681
P0AF96	P0AF96		tabA		2829710.0	2786290.0	2716070.0	2630920.0	2758740.0	2626250.0	0	0.5704045537085431	-0.0240961030752171	False	0.03646638905413445	False	False	Ecoli	False	True	False	False	umpire	manual	min	1.660964047443681
P32099	P32099		lplA		1970840.0	1933440.0	2199920.0	2236960.0	2166940.0	2398070.0	0	0.5706824519261331	0.0674109208998606	False	0.03649613325401547	False	False	Ecoli	False	True	False	False	umpire	manual	min	1.660964047443681
P19934	P19934		tolA		1620110.0	1557740.0	1695510.0	1625330.0	1534670.0	1580800.0	0	0.5708240079587193	0.029070489736326147	False	0.036525877453896495	False	False	Ecoli	False	True	False	False	umpire	manual	min	1.660964047443681
P39280	P39280		epmB		2086340.0	2147370.0	2147870.0	2133010.0	2146200.0	2361490.0	0	0.5711288153437382	-0.03725297979903764	False	0.036555621653777515	False	False	Ecoli	False	True	False	False	umpire	manual	min	1.660964047443681
P75959	P75959		nagK		2133670.0	2173530.0	2129540.0	2233060.0	2185250.0	2433800.0	0	0.5713402263925215	-0.04194135271445421	False	0.036585365853658534	False	False	Ecoli	False	True	False	False	umpire	manual	min	1.660964047443681
P29018	P29018		cydD		733144.0	800329.0	766609.0	777980.0	724444.0	639505.0	0	0.5717757442839453	0.06240402296387059	False	0.03661511005353956	False	False	Ecoli	False	True	False	False	umpire	manual	min	1.660964047443681
P0A8S1	P0A8S1		iciA		2765370.0	2851840.0	2738660.0	2795320.0	2878480.0	2899110.0	0	0.5726122433470497	-0.017702420013947874	False	0.03664485425342058	False	False	Ecoli	False	True	False	False	umpire	manual	min	1.660964047443681
P31433	P31433		yicH		1060750.0	1191030.0	1109910.0	1119040.0	1171420.0	1276600.0	0	0.5729217424172827	-0.053314207863189064	False	0.03667459845330161	False	False	Ecoli	False	True	False	False	umpire	manual	min	1.660964047443681
P31455	P31455		yidR		1431350.0	1325480.0	1424990.0	1386910.0	1312140.0	1466650.0	0	0.5731943357633795	-0.03437389345969912	False	0.036704342653182634	False	False	Ecoli	False	True	False	False	umpire	manual	min	1.660964047443681
P32176	P32176		fdoG		5979780.0	6035680.0	5865690.0	5825650.0	5720990.0	5645630.0	0	0.575010900625019	-0.02046511782234518	False	0.036734086853063654	False	False	Ecoli	False	True	False	False	umpire	manual	min	1.660964047443681
P0A7C6	P0A7C6		pepE		5676280.0	5603750.0	5755770.0	5789610.0	5430160.0	6002410.0	0	0.5752003314327931	-0.02584944898797332	False	0.03676383105294468	False	False	Ecoli	False	True	False	False	umpire	manual	min	1.660964047443681
P31802	P31802		narP		9085820.0	9178320.0	8783650.0	8675640.0	7885820.0	7960270.0	0	0.5798042116102815	-0.04920288987330589	False	0.0367935752528257	False	False	Ecoli	False	True	False	False	umpire	manual	min	1.660964047443681
Q46927	Q46927		ygdL		411872.0	488119.0	436923.0	460938.0	443385.0	375537.0	0	0.5798165016353852	0.07247929954890868	False	0.036823319452706726	False	False	Ecoli	False	True	False	False	umpire	manual	min	1.660964047443681
P27830	P27830		rffG		1411910.0	1351480.0	1378220.0	1390790.0	1340390.0	1387940.0	0	0.5799666795578431	-0.014645853956984943	False	0.036853063652587746	False	False	Ecoli	False	True	False	False	umpire	manual	min	1.660964047443681
P0AAH0	P0AAH0		pstB		1321610.0	1280320.0	1284810.0	1291220.0	1231820.0	1254780.0	0	0.580025800361682	-0.018394019899394324	False	0.036882807852468766	False	False	Ecoli	False	True	False	False	umpire	manual	min	1.660964047443681
P0AAJ3	P0AAJ3		fdnH		4575580.0	4679500.0	4609980.0	4524670.0	4595340.0	4166580.0	0	0.5806359649021945	0.03276745865022869	False	0.03691255205234979	False	False	Ecoli	False	True	False	False	umpire	manual	min	1.660964047443681
P21156	P21156		cysD		4718940.0	4770350.0	4480720.0	4307900.0	4358260.0	4089660.0	0	0.5815519089753124	-0.046651465006743005	False	0.03694229625223082	False	False	Ecoli	False	True	False	False	umpire	manual	min	1.660964047443681
P39274	P39274		yjdJ		4044450.0	3832280.0	3863790.0	4199960.0	3466820.0	2912450.0	0	0.5828320292245612	0.09587861147943649	False	0.03697204045211184	False	False	Ecoli	False	True	False	False	umpire	manual	min	1.660964047443681
P21338	P21338		rna		1866740.0	1744010.0	1879370.0	1766300.0	1733660.0	1878170.0	0	0.5850204341479024	-0.029095817339911827	False	0.037001784651992865	False	False	Ecoli	False	True	False	False	umpire	manual	min	1.660964047443681
P69795	P69795		chbB		483530.0	512516.0	576034.0	417527.0	527157.0	647111.0	0	0.5852083990545325	-0.11171768683673144	False	0.037031528851873885	False	False	Ecoli	False	True	False	False	umpire	manual	min	1.660964047443681
P38521	P38521		yggL		4171670.0	3663940.0	3702060.0	3496540.0	3392950.0	594500.0	0	0.5855386020622323	0.32929037185009324	False	0.03706127305175491	False	False	Ecoli	False	True	False	False	umpire	manual	min	1.660964047443681
P0A993	P0A993		fbp		17331500.0	16543400.0	16969900.0	16749800.0	16515200.0	15090200.0	0	0.5876251658764509	0.03693617393332502	False	0.03709101725163593	False	False	Ecoli	False	True	False	False	umpire	manual	min	1.660964047443681
P05637	P05637		apaH		3461990.0	3560650.0	3615880.0	3808060.0	3261840.0	3347740.0	0	0.5894099395346789	0.043223460677872604	False	0.03712076145151696	False	False	Ecoli	False	True	False	False	umpire	manual	min	1.660964047443681
P77756	P77756		queC		1461500.0	1601580.0	1486010.0	1534790.0	1556140.0	1609530.0	0	0.5895611411762228	-0.029845248007252047	False	0.03715050565139798	False	False	Ecoli	False	True	False	False	umpire	manual	min	1.660964047443681
P0CB39	P0CB39		eptC		1902370.0	1756390.0	1946470.0	1756130.0	1726440.0	1923260.0	0	0.5898839938433855	-0.040090180118588344	False	0.037180249851279	False	False	Ecoli	False	True	False	False	umpire	manual	min	1.660964047443681
P75777	P75777		ybhG		2853510.0	2720430.0	3026580.0	2873290.0	2910850.0	3046800.0	0	0.5916283914808833	0.031448204181647225	False	0.037209994051160024	False	False	Ecoli	False	True	False	False	umpire	manual	min	1.660964047443681
P0AGA2	P0AGA2		secY		4115880.0	3930450.0	4037340.0	4057730.0	3952620.0	4129530.0	0	0.5945294211385767	-0.015267122201883202	False	0.03723973825104105	False	False	Ecoli	False	True	False	False	umpire	manual	min	1.660964047443681
P0AB38	P0AB38		lpoB		5198680.0	4950730.0	5167930.0	4872980.0	4962120.0	4392840.0	0	0.59499478064589	0.045003393095626745	False	0.03726948245092207	False	False	Ecoli	False	True	False	False	umpire	manual	min	1.660964047443681
P0AAT2	P0AAT2		ybdF		625061.0	664072.0	738972.0	675417.0	699977.0	751115.0	0	0.5953110832298967	0.05148060307082024	False	0.0372992266508031	False	False	Ecoli	False	True	False	False	umpire	manual	min	1.660964047443681
P0AF67	P0AF67		yjeE		3803790.0	3632970.0	4017020.0	3831070.0	3382460.0	3408110.0	0	0.597247089397434	0.05041582418892512	False	0.037328970850684116	False	False	Ecoli	False	True	False	False	umpire	manual	min	1.660964047443681
P04036	P04036		dapB		5280840.0	5267290.0	5232320.0	5180220.0	5217110.0	4765860.0	0	0.5984532874528101	0.029435251598983383	False	0.03735871505056514	False	False	Ecoli	False	True	False	False	umpire	manual	min	1.660964047443681
P0A7U3	P0A7U3		rpsS		140016000.0	138300000.0	137446000.0	133202000.0	131539000.0	98772800.0	0	0.5989389785551602	0.09296214846876358	False	0.03738845925044616	False	False	Ecoli	False	True	False	False	umpire	manual	min	1.660964047443681
P06971	P06971		fhuA		13740700.0	13712900.0	13944300.0	13647100.0	13528500.0	13377300.0	0	0.60150159491437	0.010175388042936124	False	0.03741820345032719	False	False	Ecoli	False	True	False	False	umpire	manual	min	1.660964047443681
P75818	P75818		ybjP		5994620.0	6175730.0	5918510.0	6133000.0	5730970.0	5863410.0	0	0.6016296123615004	-0.020243685992554824	False	0.03744794765020821	False	False	Ecoli	False	True	False	False	umpire	manual	min	1.660964047443681
P0C037	P0C037		yaiE		6574360.0	6784760.0	6324180.0	6662340.0	5947640.0	6074380.0	0	0.6026767601035319	-0.03755433713542962	False	0.037477691850089236	False	False	Ecoli	False	True	False	False	umpire	manual	min	1.660964047443681
P61887	P61887		rmlA2		1031340.0	954065.0	1067340.0	1001390.0	1037020.0	1057870.0	0	0.6047798311255024	0.02931699717738858	False	0.037507436049970255	False	False	Ecoli	False	True	False	False	umpire	manual	min	1.660964047443681
P0AFD4	P0AFD4		nuoH		2517220.0	2551240.0	2563870.0	2575320.0	2578580.0	2830180.0	0	0.6050731274596479	-0.03342021896525197	False	0.03753718024985128	False	False	Ecoli	False	True	False	False	umpire	manual	min	1.660964047443681
P0AED0	P0AED0		uspA		10895800.0	10719100.0	10791300.0	10514500.0	10515000.0	9248930.0	0	0.6052889717218899	0.04405300455304607	False	0.03756692444973231	False	False	Ecoli	False	True	False	False	umpire	manual	min	1.660964047443681
P0A9I3	P0A9I3		gcvR		2456750.0	2312370.0	2352540.0	2149140.0	2331450.0	1542010.0	0	0.6057378700543783	0.11464823318998392	False	0.03759666864961333	False	False	Ecoli	False	True	False	False	umpire	manual	min	1.660964047443681
P0AAB8	P0AAB8		uspD		2502400.0	2467040.0	2364440.0	2328860.0	2306810.0	2202930.0	0	0.607157810155667	-0.0350723214220894	False	0.03762641284949435	False	False	Ecoli	False	True	False	False	umpire	manual	min	1.660964047443681
P0ADE8	P0ADE8		ygfZ		9540070.0	9600630.0	9409090.0	9542360.0	9096060.0	9205830.0	0	0.6102857529203936	-0.015299443488863943	False	0.037656157049375374	False	False	Ecoli	False	True	False	False	umpire	manual	min	1.660964047443681
P30850	P30850		rnb		7057580.0	7120640.0	6978620.0	6968390.0	6844910.0	6797780.0	0	0.6124563746155216	-0.012716602722298713	False	0.037685901249256394	False	False	Ecoli	False	True	False	False	umpire	manual	min	1.660964047443681
P0A9V1	P0A9V1		lptB		4708860.0	4595960.0	4488190.0	4476030.0	4537410.0	4373600.0	0	0.6126414853052642	-0.01876800471297173	False	0.03771564544913742	False	False	Ecoli	False	True	False	False	umpire	manual	min	1.660964047443681
P77376	P77376		ydgJ		2100380.0	2182980.0	2149550.0	2142160.0	2091570.0	2006710.0	0	0.6130976858456513	0.021221859972242903	False	0.03774538964901844	False	False	Ecoli	False	True	False	False	umpire	manual	min	1.660964047443681
P06974	P06974		fliM		1551290.0	1618150.0	1555890.0	1690330.0	1486420.0	1430100.0	0	0.6144964131803603	0.04115559962175317	False	0.03777513384889947	False	False	Ecoli	False	True	False	False	umpire	manual	min	1.660964047443681
P0A6T9	P0A6T9		gcvH		1880180.0	1767210.0	1895980.0	1964850.0	1899810.0	1994470.0	0	0.6157822960764604	0.030058235616776948	False	0.037804878048780494	False	False	Ecoli	False	True	False	False	umpire	manual	min	1.660964047443681
P0AFX9	P0AFX9		rseB		2745120.0	3077970.0	2763480.0	3059550.0	2992390.0	3299610.0	0	0.6157990837799161	-0.04943156820252081	False	0.03783462224866151	False	False	Ecoli	False	True	False	False	umpire	manual	min	1.660964047443681
P0AE82	P0AE82		cpxA		3311360.0	3321190.0	3354650.0	3269510.0	3333610.0	3379480.0	0	0.6165891018308312	-0.007839920836356533	False	0.03786436644854254	False	False	Ecoli	False	True	False	False	umpire	manual	min	1.660964047443681
P0A7M2	P0A7M2		rpmB		168840000.0	173908000.0	161083000.0	163733000.0	165514000.0	156690000.0	0	0.6168184847420007	-0.026552560499332568	False	0.03789411064842356	False	False	Ecoli	False	True	False	False	umpire	manual	min	1.660964047443681
P69739	P69739		hyaA		364804.0	386838.0	389615.0	275040.0	462907.0	483893.0	0	0.6173287585647969	-0.1319291161033334	False	0.03792385484830458	False	False	Ecoli	False	True	False	False	umpire	manual	min	1.660964047443681
P23538	P23538		ppsA		5028280.0	5080780.0	5177490.0	5150930.0	5132250.0	5239310.0	0	0.6176481441476676	0.010517391689011132	False	0.037953599048185606	False	False	Ecoli	False	True	False	False	umpire	manual	min	1.660964047443681
P0AAN5	P0AAN5		yaiA		1419530.0	1492400.0	1463080.0	1450460.0	1300960.0	1400680.0	0	0.6178245316036618	-0.03319977267246606	False	0.037983343248066626	False	False	Ecoli	False	True	False	False	umpire	manual	min	1.660964047443681
Q9JMR6	Q9JMR6		yuaY		13035100.0	13919000.0	12115200.0	12787400.0	11496500.0	11007200.0	0	0.6214822992106971	-0.06062661992569353	False	0.03801308744794765	False	False	Ecoli	False	True	False	False	umpire	manual	min	1.660964047443681
P77182	P77182		mnmC		1503420.0	1291470.0	1135360.0	1314530.0	1341020.0	1179850.0	0	0.6253217400921824	-0.06831628646206302	False	0.03804283164782867	False	False	Ecoli	False	True	False	False	umpire	manual	min	1.660964047443681
P05825	P05825		fepA		1974450.0	2076790.0	2019770.0	2061450.0	1912860.0	2027480.0	0	0.6278864788410639	-0.020229227509465802	False	0.0380725758477097	False	False	Ecoli	False	True	False	False	umpire	manual	min	1.660964047443681
P0A7T3	P0A7T3		rpsP		109816000.0	112416000.0	109046000.0	109353000.0	105226000.0	88484800.0	0	0.6294936435334858	0.05872281215955552	False	0.03810232004759072	False	False	Ecoli	False	True	False	False	umpire	manual	min	1.660964047443681
P0A6E1	P0A6E1		aroL		75342.5	79223.2	112903.0	74376.6	106850.0	113156.0	0	0.6309548260149147	0.13571789807777745	False	0.038132064247471745	False	False	Ecoli	False	True	False	False	umpire	manual	min	1.660964047443681
P0AF18	P0AF18		nagA		3584710.0	3533610.0	3488490.0	3588690.0	3509920.0	3525250.0	0	0.6312084491291083	-0.0076746688712852704	False	0.03816180844735277	False	False	Ecoli	False	True	False	False	umpire	manual	min	1.660964047443681
P06129	P06129		btuB		15735700.0	15696400.0	15063000.0	15530800.0	15187000.0	14858900.0	0	0.6313433513762319	-0.015989055148848547	False	0.03819155264723379	False	False	Ecoli	False	True	False	False	umpire	manual	min	1.660964047443681
P27829	P27829		wecC		3717460.0	3753500.0	3993050.0	3567590.0	3805030.0	3686690.0	0	0.6315093882165232	0.026649530875712008	False	0.03822129684711481	False	False	Ecoli	False	True	False	False	umpire	manual	min	1.660964047443681
P33218	P33218		yebE		4818240.0	4587530.0	4849230.0	4850960.0	4711960.0	4854590.0	0	0.6316112681629772	0.015275169563822636	False	0.03825104104699584	False	False	Ecoli	False	True	False	False	umpire	manual	min	1.660964047443681
P64545	P64545		yfgG		710897.0	692614.0	755575.0	674926.0	791715.0	756292.0	0	0.6326706102961679	0.04109932663619713	False	0.038280785246876864	False	False	Ecoli	False	True	False	False	umpire	manual	min	1.660964047443681
P37774	P37774		yecC		320946.0	317772.0	396691.0	313071.0	318296.0	343201.0	0	0.6329679223509451	0.0662457349859739	False	0.038310529446757884	False	False	Ecoli	False	True	False	False	umpire	manual	min	1.660964047443681
P28903	P28903		nrdD		5175500.0	5321910.0	5323280.0	5351210.0	5351110.0	5412310.0	0	0.6330545038735159	0.01046992703213135	False	0.03834027364663891	False	False	Ecoli	False	True	False	False	umpire	manual	min	1.660964047443681
P0A9W9	P0A9W9		yrdA		5584160.0	5450950.0	5561650.0	5493280.0	5598200.0	5783250.0	0	0.6330611515335106	-0.014243670534067117	False	0.03837001784651993	False	False	Ecoli	False	True	False	False	umpire	manual	min	1.660964047443681
P60716	P60716		lipA		7788640.0	7841000.0	7770440.0	7762910.0	7631210.0	7173880.0	0	0.6336612161417549	0.02266274024842295	False	0.03839976204640095	False	False	Ecoli	False	True	False	False	umpire	manual	min	1.660964047443681
P64624	P64624		yheO		3148370.0	3190480.0	3356430.0	3514230.0	2739620.0	2858380.0	0	0.6341037397268088	0.06337904610085876	False	0.03842950624628198	False	False	Ecoli	False	True	False	False	umpire	manual	min	1.660964047443681
P28905	P28905		holC		2250430.0	2270620.0	2051920.0	2080930.0	2052500.0	1877080.0	0	0.6353985493166027	-0.04879507318954034	False	0.038459250446163	False	False	Ecoli	False	True	False	False	umpire	manual	min	1.660964047443681
P31063	P31063		yedD		5915050.0	5966040.0	5555920.0	6000180.0	5771490.0	4796730.0	0	0.6355481003331218	0.055140289073624914	False	0.03848899464604402	False	False	Ecoli	False	True	False	False	umpire	manual	min	1.660964047443681
P37590	P37590		pmrD		1811490.0	2491250.0	2566570.0	2342840.0	1775330.0	1894100.0	0	0.6365278107364101	0.10933872946030727	False	0.03851873884592504	False	False	Ecoli	False	True	False	False	umpire	manual	min	1.660964047443681
P04335	P04335		frsA		4449550.0	4502580.0	4600300.0	4479900.0	4389590.0	4413080.0	0	0.639260550938297	0.011244852708169946	False	0.03854848304580607	False	False	Ecoli	False	True	False	False	umpire	manual	min	1.660964047443681
P63389	P63389		yheS		1840540.0	1721250.0	1976610.0	1782240.0	1781700.0	1859050.0	0	0.6393913664508087	0.031512771644231816	False	0.038578227245687095	False	False	Ecoli	False	True	False	False	umpire	manual	min	1.660964047443681
P68739	P68739		nfi		7774640.0	7932520.0	7700200.0	7948620.0	7722760.0	7381930.0	0	0.6416843031425542	0.017543954677542745	False	0.038607971445568115	False	False	Ecoli	False	True	False	False	umpire	manual	min	1.660964047443681
P69874	P69874		potA		4619310.0	4621590.0	4748270.0	4593540.0	4742460.0	5118600.0	0	0.6425760590071983	-0.027920725663993565	False	0.03863771564544914	False	False	Ecoli	False	True	False	False	umpire	manual	min	1.660964047443681
P36928	P36928		yegD		992913.0	965731.0	988946.0	1074960.0	988187.0	1039230.0	0	0.6432766363141218	0.025859174651342756	False	0.03866745984533016	False	False	Ecoli	False	True	False	False	umpire	manual	min	1.660964047443681
P0AFP4	P0AFP4		ybbO		1552700.0	1726750.0	1535010.0	1596310.0	1610020.0	1558010.0	0	0.6436241564625935	-0.028954879964972962	False	0.03869720404521118	False	False	Ecoli	False	True	False	False	umpire	manual	min	1.660964047443681
P67660	P67660		yhaJ		1239070.0	1415000.0	1181870.0	1364140.0	1360000.0	1077960.0	0	0.6438113352544241	0.06573505938559153	False	0.038726948245092215	False	False	Ecoli	False	True	False	False	umpire	manual	min	1.660964047443681
P0AB71	P0AB71		fbaA		167176000.0	163074000.0	161063000.0	160903000.0	159337000.0	134475000.0	0	0.6450246768589644	0.05056815867988048	False	0.038756692444973234	False	False	Ecoli	False	True	False	False	umpire	manual	min	1.660964047443681
P21893	P21893		recJ		1055220.0	1146720.0	1187890.0	1089250.0	1184840.0	1458140.0	0	0.6472029773026138	-0.08027779226212785	False	0.038786436644854254	False	False	Ecoli	False	True	False	False	umpire	manual	min	1.660964047443681
P63177	P63177		rlmB		3176500.0	3275350.0	3241020.0	3179750.0	3192340.0	3212750.0	0	0.6480334203147045	-0.007706780971918882	False	0.038816180844735274	False	False	Ecoli	False	True	False	False	umpire	manual	min	1.660964047443681
P24193	P24193		hypE		2892900.0	3030290.0	2984990.0	3099550.0	2844630.0	3163860.0	0	0.6501197041286622	-0.025285939430596014	False	0.0388459250446163	False	False	Ecoli	False	True	False	False	umpire	manual	min	1.660964047443681
P31475	P31475		yieP		1292520.0	1310780.0	1300440.0	1247390.0	1232760.0	1225890.0	0	0.6503020823782462	-0.018427847397649653	False	0.03887566924449733	False	False	Ecoli	False	True	False	False	umpire	manual	min	1.660964047443681
P0A7W7	P0A7W7		rpsH		34229200.0	34485800.0	33638600.0	34735700.0	33905700.0	32522400.0	0	0.6526263683995516	0.01478170424982065	False	0.038905413444378346	False	False	Ecoli	False	True	False	False	umpire	manual	min	1.660964047443681
P13029	P13029		katG		40483700.0	39748800.0	39014600.0	38920500.0	38445500.0	37544900.0	0	0.6532136382178741	-0.017212141680650068	False	0.03893515764425937	False	False	Ecoli	False	True	False	False	umpire	manual	min	1.660964047443681
P0AGL2	P0AGL2		tdcF		1040420.0	1112960.0	1056740.0	1003310.0	1175780.0	1176040.0	0	0.6544777976420073	-0.04113505994694903	False	0.03896490184414039	False	False	Ecoli	False	True	False	False	umpire	manual	min	1.660964047443681
P23857	P23857		pspE		1409120.0	1404200.0	1414180.0	1328420.0	1327200.0	1088190.0	0	0.6549887308462725	0.06092530085124615	False	0.03899464604402141	False	False	Ecoli	False	True	False	False	umpire	manual	min	1.660964047443681
P25736	P25736		endA		1275150.0	1225920.0	1124180.0	1193950.0	1191450.0	1095480.0	0	0.6564447490188196	-0.03531527087142644	False	0.039024390243902446	False	False	Ecoli	False	True	False	False	umpire	manual	min	1.660964047443681
P0AG00	P0AG00		wzzE		2910260.0	3267340.0	3227000.0	3056070.0	3032050.0	2949060.0	0	0.658062933401635	0.029487367560221432	False	0.039054134443783466	False	False	Ecoli	False	True	False	False	umpire	manual	min	1.660964047443681
P0A8J8	P0A8J8		rhlB		5724320.0	5837610.0	5512470.0	5645620.0	5642770.0	5431070.0	0	0.6592415888599559	-0.016405489765631224	False	0.039083878643664485	False	False	Ecoli	False	True	False	False	umpire	manual	min	1.660964047443681
P06961	P06961		cca		1176580.0	1112380.0	926244.0	1154150.0	1130780.0	1041790.0	0	0.6602394298887561	-0.05274623127396252	False	0.03911362284354551	False	False	Ecoli	False	True	False	False	umpire	manual	min	1.660964047443681
P0AGG8	P0AGG8		tldD		2925730.0	3047940.0	3053830.0	3056290.0	3020110.0	3082750.0	0	0.6607870571158025	0.011710337596035063	False	0.03914336704342653	False	False	Ecoli	False	True	False	False	umpire	manual	min	1.660964047443681
P75728	P75728		ubiF		1301020.0	1310650.0	1395210.0	1313950.0	1204290.0	1392420.0	0	0.661449179562298	-0.03303338954709701	False	0.03917311124330756	False	False	Ecoli	False	True	False	False	umpire	manual	min	1.660964047443681
P64540	P64540		yfcL		8401160.0	7864530.0	7928520.0	7691690.0	8336030.0	7066120.0	0	0.6633962826828639	0.03810325991940752	False	0.039202855443188585	False	False	Ecoli	False	True	False	False	umpire	manual	min	1.660964047443681
P68066	P68066		grcA		303210000.0	307608000.0	307726000.0	301822000.0	296324000.0	283091000.0	0	0.664276357496747	0.019179238981556476	False	0.039232599643069604	False	False	Ecoli	False	True	False	False	umpire	manual	min	1.660964047443681
P0A8M3	P0A8M3		thrS		15471800.0	15589300.0	15258400.0	15215100.0	15115600.0	13510100.0	0	0.6650363121354175	0.032577124969401274	False	0.039262343842950624	False	False	Ecoli	False	True	False	False	umpire	manual	min	1.660964047443681
P23003	P23003		trmA		1734220.0	1697140.0	1757680.0	1702490.0	1709020.0	1708940.0	0	0.6682131558581208	0.008085670354399777	False	0.039292088042831644	False	False	Ecoli	False	True	False	False	umpire	manual	min	1.660964047443681
P0AFK0	P0AFK0		pmbA		4475710.0	4626120.0	4613780.0	4545910.0	4563780.0	4736010.0	0	0.6683960524974455	-0.0119734496599317	False	0.03932183224271268	False	False	Ecoli	False	True	False	False	umpire	manual	min	1.660964047443681
P0AC75	P0AC75		waaA		3568830.0	3561930.0	3518870.0	3394180.0	3717770.0	3642890.0	0	0.668653245338387	-0.019254220378331327	False	0.0393515764425937	False	False	Ecoli	False	True	False	False	umpire	manual	min	1.660964047443681
P76192	P76192		ydhV		1642040.0	1696340.0	1673580.0	1645690.0	1677940.0	1624970.0	0	0.6690128332167122	0.009808653781349702	False	0.03938132064247472	False	False	Ecoli	False	True	False	False	umpire	manual	min	1.660964047443681
P23909	P23909		mutS		3532160.0	3545040.0	3597920.0	3646630.0	3541020.0	3643870.0	0	0.6693171362714059	0.008653523667851598	False	0.03941106484235574	False	False	Ecoli	False	True	False	False	umpire	manual	min	1.660964047443681
P0A853	P0A853		tnaA		3494760.0	3497820.0	3584810.0	3592930.0	3497240.0	3613590.0	0	0.6695895635592516	0.009329589023081243	False	0.03944080904223676	False	False	Ecoli	False	True	False	False	umpire	manual	min	1.660964047443681
P22186	P22186		mraZ		2086660.0	2199700.0	2407190.0	2204830.0	2339700.0	2479870.0	0	0.6697680536573842	0.0390177561899224	False	0.03947055324211779	False	False	Ecoli	False	True	False	False	umpire	manual	min	1.660964047443681
P0A6Z1	P0A6Z1		hscA		4342100.0	4391130.0	4389730.0	4462820.0	4265980.0	4294860.0	0	0.6700409325792931	0.009980476242179325	False	0.039500297441998816	False	False	Ecoli	False	True	False	False	umpire	manual	min	1.660964047443681
P04982	P04982		rbsD		1168920.0	1209810.0	1266050.0	1087150.0	1194710.0	1079890.0	0	0.6709426182552367	0.03677290026888759	False	0.039530041641879836	False	False	Ecoli	False	True	False	False	umpire	manual	min	1.660964047443681
P21499	P21499		rnr		4652850.0	4836280.0	4797540.0	4824790.0	4869540.0	4893400.0	0	0.6709980506798935	0.010926289707525978	False	0.039559785841760856	False	False	Ecoli	False	True	False	False	umpire	manual	min	1.660964047443681
P07024	P07024		ushA		4965010.0	4948560.0	4975810.0	5036860.0	4944660.0	5137810.0	0	0.671101652703546	-0.00904310200978281	False	0.039589530041641875	False	False	Ecoli	False	True	False	False	umpire	manual	min	1.660964047443681
P0ADZ0	P0ADZ0		rplW		7682240.0	7795020.0	8284910.0	8429100.0	7976780.0	8712800.0	0	0.672137230548313	0.029558649586985137	False	0.03961927424152291	False	False	Ecoli	False	True	False	False	umpire	manual	min	1.660964047443681
P0A890	P0A890		tusA		1011750.0	948408.0	1042940.0	897570.0	901649.0	757707.0	0	0.6736914662540858	0.0645134687976863	False	0.03964901844140393	False	False	Ecoli	False	True	False	False	umpire	manual	min	1.660964047443681
P0AED9	P0AED9		dcm		445113.0	397522.0	380376.0	430904.0	420594.0	342896.0	0	0.6742748874272291	0.05532131233274204	False	0.03967876264128495	False	False	Ecoli	False	True	False	False	umpire	manual	min	1.660964047443681
P38038	P38038		cysJ		3609960.0	3638440.0	3726350.0	3578550.0	3525170.0	3474910.0	0	0.6745431969585551	0.014292271767023974	False	0.039708506841165975	False	False	Ecoli	False	True	False	False	umpire	manual	min	1.660964047443681
P0A9H5	P0A9H5		btuR		1013790.0	908276.0	963921.0	1053010.0	837606.0	818443.0	0	0.6753568616872264	0.05881288981683315	False	0.039738251041046994	False	False	Ecoli	False	True	False	False	umpire	manual	min	1.660964047443681
P00370	P00370		gdhA		2470810.0	2421900.0	2417620.0	2457630.0	2479110.0	2429720.0	0	0.6754058487530081	0.006277302507055923	False	0.03976799524092802	False	False	Ecoli	False	True	False	False	umpire	manual	min	1.660964047443681
P76223	P76223		ynjB		1896670.0	1921600.0	2178530.0	2115400.0	2117150.0	2369600.0	0	0.6772069914553471	0.05112452360311974	False	0.03979773944080905	False	False	Ecoli	False	True	False	False	umpire	manual	min	1.660964047443681
P27306	P27306		sthA		1100080.0	1082280.0	1057290.0	1073730.0	989310.0	993978.0	0	0.6791682869166509	-0.025665826733634718	False	0.03982748364069007	False	False	Ecoli	False	True	False	False	umpire	manual	min	1.660964047443681
P0AGJ9	P0AGJ9		tyrS		12116900.0	12035400.0	11884900.0	12126400.0	11577300.0	10806100.0	0	0.6793614982508939	0.025776024497341874	False	0.03985722784057109	False	False	Ecoli	False	True	False	False	umpire	manual	min	1.660964047443681
P77398	P77398		arnA		325319.0	453097.0	43805.4	452948.0	429474.0	340756.0	1	0.6819319010521161	-0.272993432885516	False	0.039886972040452114	False	False	Ecoli	False	True	False	False	umpire	manual	min	1.660964047443681
P0ABT2	P0ABT2		dps		78274600.0	77279000.0	75933000.0	76549800.0	76236000.0	68957800.0	0	0.6819339792445448	0.026786253379090307	False	0.03991671624033314	False	False	Ecoli	False	True	False	False	umpire	manual	min	1.660964047443681
P0A884	P0A884		thyA		8940840.0	8901980.0	8653600.0	8674900.0	8867380.0	7835590.0	0	0.6830383414315362	0.028784053424435574	False	0.03994646044021416	False	False	Ecoli	False	True	False	False	umpire	manual	min	1.660964047443681
P00582	P00582		polA		4044100.0	3959620.0	4061880.0	4026930.0	3913870.0	3923340.0	0	0.6833774539827056	0.009118106769675168	False	0.039976204640095186	False	False	Ecoli	False	True	False	False	umpire	manual	min	1.660964047443681
P0A9F1	P0A9F1		mntR		1349420.0	1419840.0	1536010.0	1430530.0	1434970.0	1543510.0	0	0.683458167899754	0.029383766315323204	False	0.040005948839976206	False	False	Ecoli	False	True	False	False	umpire	manual	min	1.660964047443681
P28629	P28629		adiA		2060350.0	2047120.0	2091810.0	2099320.0	2010960.0	2151760.0	0	0.683807470520587	-0.013230728751302165	False	0.040035693039857226	False	False	Ecoli	False	True	False	False	umpire	manual	min	1.660964047443681
P0AB24	P0AB24		efeO		4698300.0	4514770.0	4391550.0	4545750.0	4354920.0	4265940.0	0	0.6846898364174863	-0.020132461586223276	False	0.04006543723973826	False	False	Ecoli	False	True	False	False	umpire	manual	min	1.660964047443681
P39831	P39831		ydfG		8699200.0	8427560.0	8419000.0	8596740.0	8133190.0	7491100.0	0	0.6859137386460574	0.030791664067185965	False	0.04009518143961928	False	False	Ecoli	False	True	False	False	umpire	manual	min	1.660964047443681
P75874	P75874		yccU		3119090.0	3111800.0	3135540.0	3076450.0	3046570.0	2943100.0	0	0.6876330132620545	0.013238491226929324	False	0.0401249256395003	False	False	Ecoli	False	True	False	False	umpire	manual	min	1.660964047443681
P0AD24	P0AD24		yejL		3528730.0	3753190.0	3852860.0	3956670.0	3889570.0	5104110.0	0	0.6876373624563559	-0.08231629650176654	False	0.04015466983938132	False	False	Ecoli	False	True	False	False	umpire	manual	min	1.660964047443681
P07118	P07118		valS		24612000.0	24588300.0	24177600.0	23972700.0	24518800.0	22474200.0	0	0.6891975269465871	0.01988210350312098	False	0.040184414039262345	False	False	Ecoli	False	True	False	False	umpire	manual	min	1.660964047443681
P68398	P68398		tadA		435671.0	643859.0	477464.0	438636.0	598139.0	534339.0	0	0.6893191077142211	-0.09193054664674066	False	0.04021415823914337	False	False	Ecoli	False	True	False	False	umpire	manual	min	1.660964047443681
P0A9G2	P0A9G2		nhaR		1121630.0	1274810.0	1160910.0	1231120.0	1190780.0	1110640.0	0	0.6911439516010995	0.03082119773345378	False	0.04024390243902439	False	False	Ecoli	False	True	False	False	umpire	manual	min	1.660964047443681
P75931	P75931		yceM		813640.0	745440.0	783913.0	744917.0	788552.0	789689.0	0	0.6915655708935551	-0.01940895277970131	False	0.04027364663890542	False	False	Ecoli	False	True	False	False	umpire	manual	min	1.660964047443681
P63417	P63417		yhbS		8199340.0	8650710.0	8729590.0	8569090.0	8477840.0	8697230.0	0	0.6936103807028142	0.01288780684640963	False	0.04030339083878644	False	False	Ecoli	False	True	False	False	umpire	manual	min	1.660964047443681
P06987	P06987		hisB		1162000.0	1206850.0	1232590.0	1222390.0	1184290.0	1236800.0	0	0.6941539426663613	0.0133897283722844	False	0.04033313503866746	False	False	Ecoli	False	True	False	False	umpire	manual	min	1.660964047443681
P0A959	P0A959		alaA		2479350.0	2551060.0	2382290.0	2427570.0	2326920.0	2237980.0	0	0.6950366004689819	-0.026362532011383097	False	0.04036287923854849	False	False	Ecoli	False	True	False	False	umpire	manual	min	1.660964047443681
P45795	P45795		yrdB		709832.0	647805.0	670604.0	758242.0	781532.0	786501.0	0	0.6959245968388992	0.04389534527782545	False	0.04039262343842951	False	False	Ecoli	False	True	False	False	umpire	manual	min	1.660964047443681
P23836	P23836		phoP		22623700.0	22412000.0	22182900.0	22934200.0	22034600.0	21584600.0	0	0.6965459711856438	0.011462072442489786	False	0.04042236763831053	False	False	Ecoli	False	True	False	False	umpire	manual	min	1.660964047443681
P60664	P60664		hisF		2807720.0	2782370.0	2874570.0	2762080.0	2843490.0	2980620.0	0	0.6977311502430787	-0.015326639876349147	False	0.04045211183819155	False	False	Ecoli	False	True	False	False	umpire	manual	min	1.660964047443681
P0AF50	P0AF50		yjbR		6747940.0	6535160.0	6593330.0	6711750.0	6294360.0	6501730.0	0	0.6982267587477164	-0.013582235197412224	False	0.040481856038072576	False	False	Ecoli	False	True	False	False	umpire	manual	min	1.660964047443681
P0ABX5	P0ABX5		flgG		855721.0	739245.0	936444.0	952319.0	1078110.0	1186980.0	0	0.6984809644975176	0.09284875593729545	False	0.0405116002379536	False	False	Ecoli	False	True	False	False	umpire	manual	min	1.660964047443681
P77279	P77279		ybbL		2608460.0	2984490.0	2678370.0	2846610.0	2806110.0	2549710.0	0	0.6995520690695174	0.033005099986043854	False	0.04054134443783462	False	False	Ecoli	False	True	False	False	umpire	manual	min	1.660964047443681
P76403	P76403		yegQ		2639170.0	2626080.0	2745630.0	2606700.0	2605820.0	2775900.0	0	0.6997367209240891	-0.014968750209352066	False	0.04057108863771565	False	False	Ecoli	False	True	False	False	umpire	manual	min	1.660964047443681
P39384	P39384		yjiM		1199700.0	1432030.0	1291440.0	1267100.0	1380130.0	1411400.0	0	0.7007541398050103	-0.03776404542349203	False	0.04060083283759667	False	False	Ecoli	False	True	False	False	umpire	manual	min	1.660964047443681
P25539	P25539		ribD		4004600.0	3965920.0	3901990.0	3900870.0	3931410.0	3833170.0	0	0.7017051529492775	-0.008509843684149256	False	0.04063057703747769	False	False	Ecoli	False	True	False	False	umpire	manual	min	1.660964047443681
P0A964	P0A964		cheW		15399100.0	15964900.0	16972800.0	16771900.0	16307400.0	17740900.0	0	0.7033752745911549	0.027563607417944336	False	0.04066032123735872	False	False	Ecoli	False	True	False	False	umpire	manual	min	1.660964047443681
P0A8I8	P0A8I8		rlmH		3940400.0	3980880.0	4055200.0	3919770.0	4065540.0	4049030.0	0	0.7035669222585802	0.008435986812738919	False	0.04069006543723974	False	False	Ecoli	False	True	False	False	umpire	manual	min	1.660964047443681
P0AED7	P0AED7		dapE		5602250.0	5711620.0	5633200.0	5775560.0	5624100.0	5815950.0	0	0.7037646716108668	-0.00818929233700871	False	0.04071980963712076	False	False	Ecoli	False	True	False	False	umpire	manual	min	1.660964047443681
P0AAF6	P0AAF6		artP		811534.0	898209.0	893512.0	900937.0	835412.0	991086.0	0	0.7040684756486912	-0.038415751496874026	False	0.04074955383700178	False	False	Ecoli	False	True	False	False	umpire	manual	min	1.660964047443681
P09831	P09831		gltB		2496500.0	2479620.0	2480180.0	2542570.0	2362620.0	2478730.0	0	0.7042534688552382	-0.0135091236998962	False	0.04077929803688281	False	False	Ecoli	False	True	False	False	umpire	manual	min	1.660964047443681
P0A8N0	P0A8N0		matP		434928.0	483480.0	398972.0	371564.0	371646.0	296693.0	0	0.7080053371887292	-0.08928368257465806	False	0.040809042236763834	False	False	Ecoli	False	True	False	False	umpire	manual	min	1.660964047443681
Q46856	Q46856		yqhD		3997360.0	4130980.0	3975630.0	4041820.0	3932270.0	3910040.0	0	0.7085560850118604	-0.01066444818567269	False	0.04083878643664486	False	False	Ecoli	False	True	False	False	umpire	manual	min	1.660964047443681
P37689	P37689		gpmI		24042700.0	23841300.0	23250000.0	22661400.0	22467800.0	21550300.0	0	0.7085866805422705	-0.02209097482249158	False	0.04086853063652588	False	False	Ecoli	False	True	False	False	umpire	manual	min	1.660964047443681
P0A8B2	P0A8B2		yfcN		1501140.0	1429110.0	1463330.0	1485460.0	1654050.0	1849940.0	0	0.7091297651778272	-0.05454366898677391	False	0.0408982748364069	False	False	Ecoli	False	True	False	False	umpire	manual	min	1.660964047443681
P0A7H6	P0A7H6		recR		776534.0	762191.0	828776.0	857206.0	835584.0	918368.0	0	0.7101711574564977	0.0373675230223071	False	0.04092801903628792	False	False	Ecoli	False	True	False	False	umpire	manual	min	1.660964047443681
P62556	P62556		sopA		4127250.0	4240840.0	4197660.0	4265120.0	4179370.0	4221470.0	0	0.7105052703956849	0.006013975435528162	False	0.040957763236168954	False	False	Ecoli	False	True	False	False	umpire	manual	min	1.660964047443681
P77689	P77689		sufD		975320.0	1022780.0	1040260.0	1097030.0	995468.0	1242010.0	0	0.7141724537840761	-0.04860946428591325	False	0.04098750743604997	False	False	Ecoli	False	True	False	False	umpire	manual	min	1.660964047443681
P0A796	P0A796		pfkA		23655900.0	23444500.0	22842300.0	22643400.0	22813100.0	19481300.0	0	0.7144446245241121	0.03673452417659003	False	0.04101725163593099	False	False	Ecoli	False	True	False	False	umpire	manual	min	1.660964047443681
P29217	P29217		yceH		2899830.0	2773380.0	2889430.0	2820870.0	2847870.0	2955290.0	0	0.7149320701721223	-0.01180744246444702	False	0.04104699583581202	False	False	Ecoli	False	True	False	False	umpire	manual	min	1.660964047443681
P18843	P18843		nadE		10966100.0	11016500.0	11098700.0	11204400.0	10837500.0	11347900.0	0	0.7160039734333435	-0.008243237546007984	False	0.04107674003569304	False	False	Ecoli	False	True	False	False	umpire	manual	min	1.660964047443681
P0A6N4	P0A6N4		efp		72939300.0	79060500.0	78284100.0	79774100.0	73736200.0	84251000.0	0	0.7167707625294178	-0.027473502438323784	False	0.041106484235574066	False	False	Ecoli	False	True	False	False	umpire	manual	min	1.660964047443681
P0A6M4	P0A6M4		dtd		1997750.0	2129200.0	1984950.0	2011420.0	2105730.0	1877710.0	0	0.7167831153397566	0.023223263739508764	False	0.04113622843545509	False	False	Ecoli	False	True	False	False	umpire	manual	min	1.660964047443681
P14407	P14407		fumB		17779900.0	17970000.0	17245300.0	17515200.0	17584700.0	16984400.0	0	0.7170922568073966	-0.010684390506275726	False	0.04116597263533611	False	False	Ecoli	False	True	False	False	umpire	manual	min	1.660964047443681
P39173	P39173		yeaD		23677600.0	23494500.0	23091100.0	23019900.0	23129200.0	20978000.0	0	0.7171269831673136	0.022894117959012323	False	0.04119571683521713	False	False	Ecoli	False	True	False	False	umpire	manual	min	1.660964047443681
P62768	P62768		yaeH		5494580.0	5596180.0	5363510.0	5609720.0	5502510.0	5232260.0	0	0.7177590576203046	0.013435262733712323	False	0.04122546103509815	False	False	Ecoli	False	True	False	False	umpire	manual	min	1.660964047443681
P0AFC0	P0AFC0		nudB		581870.0	532536.0	529390.0	559521.0	522286.0	446359.0	0	0.7178128855856643	0.045879571075960794	False	0.041255205234979185	False	False	Ecoli	False	True	False	False	umpire	manual	min	1.660964047443681
P26602	P26602		ubiC		798008.0	752512.0	894137.0	768465.0	857870.0	902413.0	0	0.7181996941139588	0.03918609917779427	False	0.041284949434860205	False	False	Ecoli	False	True	False	False	umpire	manual	min	1.660964047443681
P0AG07	P0AG07		rpe		5762950.0	5786230.0	5797940.0	5709740.0	5654330.0	5487510.0	0	0.7188710266214681	0.010573463424287414	False	0.041314693634741224	False	False	Ecoli	False	True	False	False	umpire	manual	min	1.660964047443681
P37631	P37631		yhiN		1152550.0	1175210.0	1173770.0	1180690.0	1236270.0	1336560.0	0	0.7208182914022587	-0.029268321886824992	False	0.04134443783462225	False	False	Ecoli	False	True	False	False	umpire	manual	min	1.660964047443681
P0ADX7	P0ADX7		yhhA		274309.0	79223.2	283912.0	74376.6	242996.0	371735.0	2	0.7211599515104256	-0.27046459597094136	False	0.04137418203450327	False	False	Ecoli	False	True	False	False	umpire	manual	min	1.660964047443681
P00363	P00363		frdA		44487200.0	44204500.0	43702700.0	43611900.0	43512700.0	42785600.0	0	0.721214497827315	-0.007150112472719309	False	0.0414039262343843	False	False	Ecoli	False	True	False	False	umpire	manual	min	1.660964047443681
P06610	P06610		btuE		8928220.0	8912760.0	8738430.0	9009600.0	8401080.0	8555440.0	0	0.7220109062283682	-0.01358043377425981	False	0.041433670434265324	False	False	Ecoli	False	True	False	False	umpire	manual	min	1.660964047443681
P0ADS9	P0ADS9		yggN		2543260.0	2598850.0	2636130.0	2715220.0	2677370.0	2792790.0	0	0.7251854037710718	0.016957959054506616	False	0.041463414634146344	False	False	Ecoli	False	True	False	False	umpire	manual	min	1.660964047443681
P0AEL6	P0AEL6		fepB		2666310.0	2689520.0	2605200.0	2684600.0	2585610.0	2407170.0	0	0.7262566054956059	0.02074074572927898	False	0.04149315883402736	False	False	Ecoli	False	True	False	False	umpire	manual	min	1.660964047443681
P76537	P76537		yfeY		3084650.0	2963360.0	2905220.0	2863720.0	2954600.0	2783160.0	0	0.7274927016199677	-0.01769088899223571	False	0.04152290303390838	False	False	Ecoli	False	True	False	False	umpire	manual	min	1.660964047443681
P26648	P26648		ftsP		1188720.0	1212140.0	1139340.0	1220550.0	1175330.0	1165250.0	0	0.727971724395686	-0.012551206856953748	False	0.041552647233789416	False	False	Ecoli	False	True	False	False	umpire	manual	min	1.660964047443681
P52627	P52627		fliZ		316035.0	332977.0	302737.0	310082.0	270954.0	262562.0	0	0.7279849605970294	-0.044683920270281646	False	0.041582391433670436	False	False	Ecoli	False	True	False	False	umpire	manual	min	1.660964047443681
P37665	P37665		yiaD		4732780.0	4774530.0	4851170.0	4854830.0	4860290.0	4971180.0	0	0.7290636593296695	0.008722325349085512	False	0.041612135633551456	False	False	Ecoli	False	True	False	False	umpire	manual	min	1.660964047443681
P22256	P22256		gabT		3783810.0	3792270.0	3863320.0	3961320.0	3811560.0	3974850.0	0	0.7302061809602514	0.01061098641362789	False	0.04164187983343248	False	False	Ecoli	False	True	False	False	umpire	manual	min	1.660964047443681
P08839	P08839		ptsI		63591800.0	61848000.0	61675900.0	62159700.0	61697200.0	58226800.0	0	0.7323860308898753	0.01458496636643591	False	0.0416716240333135	False	False	Ecoli	False	True	False	False	umpire	manual	min	1.660964047443681
P0AEN8	P0AEN8		fucU		5417780.0	5543740.0	5381060.0	5685440.0	5416630.0	5401630.0	0	0.7325695791497396	0.010539721445742764	False	0.04170136823319453	False	False	Ecoli	False	True	False	False	umpire	manual	min	1.660964047443681
P0AES2	P0AES2		gudD		1699630.0	1745810.0	1696370.0	1744380.0	1678270.0	1701010.0	0	0.7330545953102514	-0.007709967328353842	False	0.041731112433075555	False	False	Ecoli	False	True	False	False	umpire	manual	min	1.660964047443681
P08190	P08190		fimG		2443330.0	2314300.0	2266050.0	2303870.0	2207300.0	1781810.0	0	0.7343331631169434	0.05152650761451192	False	0.041760856632956575	False	False	Ecoli	False	True	False	False	umpire	manual	min	1.660964047443681
P0A6W5	P0A6W5		greA		23599300.0	24063900.0	24324400.0	23845700.0	24369700.0	25594900.0	0	0.7344124193697622	-0.01421551657907736	False	0.041790600832837595	False	False	Ecoli	False	True	False	False	umpire	manual	min	1.660964047443681
P0A6Z3	P0A6Z3		htpG		27703100.0	27261500.0	27271900.0	27156200.0	27378500.0	26391300.0	0	0.735878046420714	0.00797026655888209	False	0.04182034503271862	False	False	Ecoli	False	True	False	False	umpire	manual	min	1.660964047443681
P0AA57	P0AA57		yobA		1430030.0	1453750.0	1328920.0	1321710.0	1334520.0	1196660.0	0	0.7360323171764225	-0.03409070066690122	False	0.04185008923259965	False	False	Ecoli	False	True	False	False	umpire	manual	min	1.660964047443681
P0AAU7	P0AAU7		ybfE		1176550.0	1184660.0	1099350.0	1170140.0	1007380.0	999157.0	0	0.736124467958488	-0.036300365069656754	False	0.04187983343248067	False	False	Ecoli	False	True	False	False	umpire	manual	min	1.660964047443681
P0A6Z6	P0A6Z6		nikR		1999660.0	2033990.0	2086380.0	2025770.0	1842240.0	1811550.0	0	0.7364428600086412	0.02670132914412924	False	0.041909577632361694	False	False	Ecoli	False	True	False	False	umpire	manual	min	1.660964047443681
P30178	P30178		ybiC		1892770.0	1776100.0	1892340.0	2113950.0	1768550.0	1977590.0	0	0.7367482242683336	0.03243430963110007	False	0.041939321832242714	False	False	Ecoli	False	True	False	False	umpire	manual	min	1.660964047443681
P17443	P17443		murG		3065160.0	2966910.0	3037130.0	3107780.0	2969820.0	3029320.0	0	0.7372940271765531	0.008467546912036291	False	0.041969066032123734	False	False	Ecoli	False	True	False	False	umpire	manual	min	1.660964047443681
P0AEA8	P0AEA8		cysG		1130020.0	1070870.0	1141420.0	1124080.0	1043370.0	1068790.0	0	0.7395151245775808	0.01718916402588868	False	0.04199881023200477	False	False	Ecoli	False	True	False	False	umpire	manual	min	1.660964047443681
P00962	P00962		glnS		10388000.0	10434200.0	10266500.0	10300700.0	10239600.0	9720600.0	0	0.7397618018220614	0.01241650611450025	False	0.04202855443188579	False	False	Ecoli	False	True	False	False	umpire	manual	min	1.660964047443681
P05459	P05459		pdxB		6175670.0	6095300.0	6192610.0	6218200.0	5892330.0	5889180.0	0	0.7425404188362397	0.0113150525557842	False	0.042058298631766806	False	False	Ecoli	False	True	False	False	umpire	manual	min	1.660964047443681
P0A847	P0A847		tgt		3421310.0	3330840.0	3364040.0	3405760.0	3247430.0	3172830.0	0	0.7434743175472858	0.013347524355560305	False	0.042088042831647826	False	False	Ecoli	False	True	False	False	umpire	manual	min	1.660964047443681
P39829	P39829		garD		504984.0	484676.0	491991.0	553656.0	689741.0	660904.0	0	0.743754923655163	0.07229917864307525	False	0.04211778703152885	False	False	Ecoli	False	True	False	False	umpire	manual	min	1.660964047443681
P04693	P04693		tyrB		3981340.0	4083080.0	4128040.0	4253540.0	4005500.0	4516190.0	0	0.7444631338619607	-0.0223657345259988	False	0.04214753123140988	False	False	Ecoli	False	True	False	False	umpire	manual	min	1.660964047443681
P76445	P76445		yeiU		2213550.0	2068860.0	1999810.0	2114660.0	2098880.0	1789380.0	0	0.7461688393868735	0.03324942973227719	False	0.0421772754312909	False	False	Ecoli	False	True	False	False	umpire	manual	min	1.660964047443681
P0ADR8	P0ADR8		ygdH		6781170.0	6765560.0	6694640.0	6688640.0	6804200.0	6553230.0	0	0.7473429643027141	0.006268200144018118	False	0.042207019631171926	False	False	Ecoli	False	True	False	False	umpire	manual	min	1.660964047443681
P02359	P02359		rpsG		162237000.0	162055000.0	156901000.0	155636000.0	157812000.0	150413000.0	0	0.7475941210860434	-0.013299608494649265	False	0.042236763831052945	False	False	Ecoli	False	True	False	False	umpire	manual	min	1.660964047443681
P0AAT9	P0AAT9		ybeL		7784970.0	8024810.0	8243360.0	7997310.0	7515430.0	7696020.0	0	0.7477942539815843	0.015281228426159383	False	0.042266508030933965	False	False	Ecoli	False	True	False	False	umpire	manual	min	1.660964047443681
P76491	P76491		yfbR		682493.0	792759.0	761023.0	816167.0	793487.0	842135.0	0	0.7498548768725743	0.032800119760613686	False	0.042296252230815	False	False	Ecoli	False	True	False	False	umpire	manual	min	1.660964047443681
P31057	P31057		panB		7303100.0	7090670.0	7539830.0	6932680.0	6977260.0	6807050.0	0	0.7508951208102482	0.01684211211990802	False	0.04232599643069602	False	False	Ecoli	False	True	False	False	umpire	manual	min	1.660964047443681
P0A927	P0A927		tsx		10421200.0	10025700.0	9614440.0	9679100.0	9813990.0	9091320.0	0	0.7519121617217185	-0.02119046983189843	False	0.04235574063057704	False	False	Ecoli	False	True	False	False	umpire	manual	min	1.660964047443681
P0A6R3	P0A6R3		fis		6223300.0	5950030.0	6026540.0	5676450.0	5940310.0	5665000.0	0	0.7551744721440614	-0.01586013086509492	False	0.04238548483045806	False	False	Ecoli	False	True	False	False	umpire	manual	min	1.660964047443681
P0AB26	P0AB26		yceB		2385860.0	2336200.0	2332990.0	2422690.0	2304490.0	2293280.0	0	0.7553424763581378	0.009189896121070086	False	0.042415229030339084	False	False	Ecoli	False	True	False	False	umpire	manual	min	1.660964047443681
P69741	P69741		hybO		4020790.0	3793090.0	3700230.0	3974250.0	3706720.0	3343900.0	0	0.7571371965164478	0.02860266825831558	False	0.04244497323022011	False	False	Ecoli	False	True	False	False	umpire	manual	min	1.660964047443681
P52643	P52643		ldhA		3683080.0	3636280.0	3588700.0	3670500.0	3562310.0	3410350.0	0	0.7602716480543684	0.012290738600572637	False	0.04247471743010113	False	False	Ecoli	False	True	False	False	umpire	manual	min	1.660964047443681
P33650	P33650		feoB		2150140.0	1955750.0	2079340.0	2020110.0	1982480.0	2039260.0	0	0.7602878168431104	-0.014919014723834192	False	0.04250446162998216	False	False	Ecoli	False	True	False	False	umpire	manual	min	1.660964047443681
P10903	P10903		narK		2488700.0	2404890.0	2324270.0	2447390.0	2207690.0	2195120.0	0	0.760735568496018	-0.022430428621176314	False	0.04253420582986318	False	False	Ecoli	False	True	False	False	umpire	manual	min	1.660964047443681
P0ADW3	P0ADW3		yhcB		31959600.0	32380800.0	31194600.0	31590200.0	31618700.0	28919000.0	0	0.7608149554980432	0.01759120046109849	False	0.042563950029744196	False	False	Ecoli	False	True	False	False	umpire	manual	min	1.660964047443681
P37634	P37634		rlmJ		28840800.0	28541200.0	27748200.0	28251900.0	28444600.0	26165900.0	0	0.761077869223171	0.015403311849484291	False	0.04259369422962523	False	False	Ecoli	False	True	False	False	umpire	manual	min	1.660964047443681
Q46857	Q46857		dkgA		4929290.0	5022460.0	4806160.0	4973120.0	4950970.0	4657600.0	0	0.7625364271055671	0.011889924722624578	False	0.04262343842950625	False	False	Ecoli	False	True	False	False	umpire	manual	min	1.660964047443681
P64476	P64476		ydiH		1530530.0	1678210.0	1623590.0	1628820.0	1696060.0	1684550.0	0	0.7632563784445275	0.01617774595979885	False	0.04265318262938727	False	False	Ecoli	False	True	False	False	umpire	manual	min	1.660964047443681
P0A8F0	P0A8F0		upp		31399600.0	31343600.0	31204400.0	31611900.0	30417100.0	29905100.0	0	0.7637010567701468	0.00908237504064679	False	0.042682926829268296	False	False	Ecoli	False	True	False	False	umpire	manual	min	1.660964047443681
P0A8G9	P0A8G9		xseB		8897400.0	9551240.0	9071370.0	9172190.0	8693890.0	8017830.0	0	0.7639002642065587	0.025447500013790866	False	0.042712671029149316	False	False	Ecoli	False	True	False	False	umpire	manual	min	1.660964047443681
P0A9Y6	P0A9Y6		cspC		158142000.0	159151000.0	158807000.0	155013000.0	153843000.0	145806000.0	0	0.7640359205363848	0.01414865011789179	False	0.04274241522903034	False	False	Ecoli	False	True	False	False	umpire	manual	min	1.660964047443681
P0AF28	P0AF28		narL		7164330.0	7063550.0	7068780.0	6934140.0	6863670.0	6388850.0	0	0.7682961663303496	0.017379329432063398	False	0.04277215942891137	False	False	Ecoli	False	True	False	False	umpire	manual	min	1.660964047443681
P0A978	P0A978		cspG		11964100.0	12672600.0	11614900.0	11481400.0	10460700.0	9824720.0	0	0.7693493287637834	-0.03836840533096854	False	0.04280190362879239	False	False	Ecoli	False	True	False	False	umpire	manual	min	1.660964047443681
P0AFB5	P0AFB5		glnL		706440.0	719695.0	785483.0	769113.0	576083.0	773587.0	0	0.7701055314896943	-0.04600794949908031	False	0.04283164782867341	False	False	Ecoli	False	True	False	False	umpire	manual	min	1.660964047443681
P08200	P08200		icd		25677800.0	24921900.0	24552900.0	24864800.0	24831900.0	22782100.0	0	0.7711157039362522	0.016960960560331428	False	0.04286139202855443	False	False	Ecoli	False	True	False	False	umpire	manual	min	1.660964047443681
P0AG90	P0AG90		secD		23005900.0	23013800.0	23711800.0	23589300.0	23462100.0	24309000.0	0	0.771356346457017	0.008885740101151025	False	0.04289113622843546	False	False	Ecoli	False	True	False	False	umpire	manual	min	1.660964047443681
P39451	P39451		adhP		1660200.0	1674020.0	1779610.0	1636690.0	1680050.0	1825420.0	0	0.7717830916911574	-0.017806048605275487	False	0.04292088042831648	False	False	Ecoli	False	True	False	False	umpire	manual	min	1.660964047443681
P0A7V0	P0A7V0		rpsB		91111900.0	91344400.0	89222000.0	89320800.0	89013300.0	82061600.0	0	0.7719148698381448	0.01647606803821963	False	0.0429506246281975	False	False	Ecoli	False	True	False	False	umpire	manual	min	1.660964047443681
P0ABI4	P0ABI4		corA		1502770.0	1550040.0	1527150.0	1570640.0	1524830.0	1549830.0	0	0.7738605543615802	0.006249166307847053	False	0.04298036882807853	False	False	Ecoli	False	True	False	False	umpire	manual	min	1.660964047443681
P08178	P08178		purM		1855950.0	1778430.0	1814940.0	1726830.0	1735870.0	1551060.0	0	0.7741930537181275	0.025426533267559247	False	0.04301011302795955	False	False	Ecoli	False	True	False	False	umpire	manual	min	1.660964047443681
P0A9W6	P0A9W6		yrbA		6992080.0	6718540.0	6963620.0	6842310.0	6965800.0	6970130.0	0	0.775685189578873	0.006332871064968335	False	0.043039857227840574	False	False	Ecoli	False	True	False	False	umpire	manual	min	1.660964047443681
P32177	P32177		fdhD		1229590.0	1087190.0	1227840.0	1156710.0	1120750.0	1242890.0	0	0.7764608548536085	-0.022205579903701436	False	0.0430696014277216	False	False	Ecoli	False	True	False	False	umpire	manual	min	1.660964047443681
P24554	P24554		radA		1227450.0	1351420.0	1334290.0	1315170.0	1206710.0	1224770.0	0	0.7765110208537751	0.019787947375844255	False	0.04309934562760262	False	False	Ecoli	False	True	False	False	umpire	manual	min	1.660964047443681
P08337	P08337		mutT		1513930.0	1568470.0	1569660.0	1534780.0	1351430.0	1444690.0	0	0.776593363778579	-0.022876845444147684	False	0.04312908982748364	False	False	Ecoli	False	True	False	False	umpire	manual	min	1.660964047443681
P33602	P33602		nuoG		14175400.0	14081600.0	13663700.0	13817400.0	13576100.0	13125500.0	0	0.7795280847904416	-0.011385561387867546	False	0.04315883402736466	False	False	Ecoli	False	True	False	False	umpire	manual	min	1.660964047443681
P76658	P76658		hldE		9153520.0	9235870.0	9542750.0	9319720.0	9350560.0	9663670.0	0	0.7795537581504073	0.008203468466688438	False	0.04318857822724569	False	False	Ecoli	False	True	False	False	umpire	manual	min	1.660964047443681
P0ACE3	P0ACE3		hha		4422090.0	4119640.0	4134100.0	4133200.0	3871480.0	3258890.0	0	0.7804224740040014	0.04076077155865908	False	0.04321832242712671	False	False	Ecoli	False	True	False	False	umpire	manual	min	1.660964047443681
P0AF26	P0AF26		narJ		1306800.0	1268260.0	1228730.0	1183080.0	1000090.0	954700.0	0	0.7827858178064505	-0.048994730183436704	False	0.04324806662700773	False	False	Ecoli	False	True	False	False	umpire	manual	min	1.660964047443681
P0AEM9	P0AEM9		fliY		7156670.0	6994100.0	7177410.0	7030340.0	7083110.0	7084040.0	0	0.7840760023955657	0.0038030255075053396	False	0.04327781082688876	False	False	Ecoli	False	True	False	False	umpire	manual	min	1.660964047443681
P37182	P37182		hybD		2737700.0	2827050.0	2741280.0	2816580.0	2777940.0	2738690.0	0	0.7849206224309961	0.00561151475453928	False	0.04330755502676978	False	False	Ecoli	False	True	False	False	umpire	manual	min	1.660964047443681
P06616	P06616		era		4404490.0	4381000.0	4318660.0	4280180.0	4275890.0	3953440.0	0	0.7871106879967619	0.015298073162197981	False	0.043337299226650805	False	False	Ecoli	False	True	False	False	umpire	manual	min	1.660964047443681
P0A8X2	P0A8X2		yceI		1166450.0	1123520.0	1132060.0	1196890.0	1178970.0	1256720.0	0	0.7874902937616934	-0.015857389666422684	False	0.04336704342653183	False	False	Ecoli	False	True	False	False	umpire	manual	min	1.660964047443681
P77499	P77499		sufC		1547460.0	1515760.0	1582930.0	1608790.0	1457520.0	1542780.0	0	0.7891599646833033	0.013480490500005078	False	0.04339678762641285	False	False	Ecoli	False	True	False	False	umpire	manual	min	1.660964047443681
P24216	P24216		fliD		893278.0	990395.0	957787.0	969360.0	850400.0	934546.0	0	0.7892482991262582	-0.020972401641651865	False	0.04342653182629387	False	False	Ecoli	False	True	False	False	umpire	manual	min	1.660964047443681
P75849	P75849		ycbL		2065620.0	2055810.0	2184530.0	2109010.0	1849490.0	1923870.0	0	0.7901967833142794	0.023136493374130613	False	0.0434562760261749	False	False	Ecoli	False	True	False	False	umpire	manual	min	1.660964047443681
P64490	P64490		yoaC		2011280.0	1949580.0	1975720.0	2142380.0	1637540.0	1633360.0	0	0.790845094930535	0.04103936736143472	False	0.043486020226055924	False	False	Ecoli	False	True	False	False	umpire	manual	min	1.660964047443681
Q93K97	Q93K97		nudF		2937180.0	2899920.0	2857750.0	2964590.0	2935950.0	2952040.0	0	0.7915409243521808	-0.005072787053949705	False	0.043515764425936944	False	False	Ecoli	False	True	False	False	umpire	manual	min	1.660964047443681
P0A8K5	P0A8K5		yaeP		2304540.0	2273930.0	2337040.0	2244670.0	2604270.0	2497450.0	0	0.7916998606166247	0.022267182958634113	False	0.04354550862581797	False	False	Ecoli	False	True	False	False	umpire	manual	min	1.660964047443681
P0A9J4	P0A9J4		panE		757470.0	693233.0	768254.0	666605.0	695332.0	641618.0	0	0.7937769826659924	0.025878588922201507	False	0.04357525282569899	False	False	Ecoli	False	True	False	False	umpire	manual	min	1.660964047443681
P0ACF8	P0ACF8		hns		48053500.0	45360800.0	45615900.0	43534400.0	45475800.0	42673300.0	0	0.7939268252396103	-0.015577484902328314	False	0.04360499702558001	False	False	Ecoli	False	True	False	False	umpire	manual	min	1.660964047443681
P0A8D3	P0A8D3		yaiI		1878850.0	1820340.0	1973280.0	1921190.0	1851810.0	1994850.0	0	0.7950530000491152	0.013175665150601099	False	0.04363474122546104	False	False	Ecoli	False	True	False	False	umpire	manual	min	1.660964047443681
P15770	P15770		aroE		4777870.0	5107700.0	4682170.0	4851540.0	5100050.0	4877920.0	0	0.7956454407963819	-0.012733302783514436	False	0.04366448542534206	False	False	Ecoli	False	True	False	False	umpire	manual	min	1.660964047443681
P07649	P07649		truA		1969690.0	1946490.0	2034670.0	1992560.0	2002520.0	2077010.0	0	0.7956910303768534	0.00877407577008228	False	0.04369422962522308	False	False	Ecoli	False	True	False	False	umpire	manual	min	1.660964047443681
P0A6E4	P0A6E4		argG		797695.0	771180.0	801693.0	741420.0	699349.0	621019.0	0	0.7970512453537038	0.03422249886970703	False	0.0437239738251041	False	False	Ecoli	False	True	False	False	umpire	manual	min	1.660964047443681
P0AG24	P0AG24		spoT		2696800.0	2894410.0	2825160.0	2650000.0	2683610.0	2644760.0	0	0.797327345789185	-0.013586904135113886	False	0.04375371802498513	False	False	Ecoli	False	True	False	False	umpire	manual	min	1.660964047443681
P27278	P27278		nadR		575191.0	673617.0	581495.0	609488.0	664851.0	638065.0	0	0.7981200497018415	-0.023929652000468416	False	0.043783462224866156	False	False	Ecoli	False	True	False	False	umpire	manual	min	1.660964047443681
P0CK95	P0CK95		yghJ		4864110.0	4853200.0	4772600.0	4900900.0	4927000.0	4841810.0	0	0.8006192682592992	0.004094618576365283	False	0.043813206424747175	False	False	Ecoli	False	True	False	False	umpire	manual	min	1.660964047443681
P0A962	P0A962		ansA		1968260.0	1845600.0	1968350.0	2041060.0	1823310.0	2096910.0	0	0.8014993074561756	-0.019177264332672025	False	0.0438429506246282	False	False	Ecoli	False	True	False	False	umpire	manual	min	1.660964047443681
P0A9R7	P0A9R7		ftsE		3463480.0	3475630.0	3426190.0	3736650.0	3476140.0	3611430.0	0	0.8018110479998233	0.012042999588472108	False	0.04387269482450922	False	False	Ecoli	False	True	False	False	umpire	manual	min	1.660964047443681
P0ACF0	P0ACF0		hupA		500863000.0	529711000.0	505018000.0	516425000.0	479981000.0	449544000.0	0	0.8020819323438951	0.020619252567028144	False	0.04390243902439024	False	False	Ecoli	False	True	False	False	umpire	manual	min	1.660964047443681
P0A8H8	P0A8H8		yacG		2207880.0	2164280.0	2141100.0	2276380.0	2173320.0	2182840.0	0	0.8023852405353634	0.007857811642653416	False	0.043932183224271275	False	False	Ecoli	False	True	False	False	umpire	manual	min	1.660964047443681
P0AC59	P0AC59		grxB		6514420.0	6666040.0	6674960.0	6910010.0	6647110.0	6932230.0	0	0.8027968769329542	0.008538596884789428	False	0.043961927424152294	False	False	Ecoli	False	True	False	False	umpire	manual	min	1.660964047443681
P23827	P23827		eco		10388100.0	10349900.0	10824200.0	11066800.0	11103600.0	11841800.0	0	0.8062686021140784	0.01825218027013645	False	0.043991671624033314	False	False	Ecoli	False	True	False	False	umpire	manual	min	1.660964047443681
P12282	P12282		moeB		3397370.0	3266410.0	3361280.0	3430120.0	3440010.0	3666790.0	0	0.8076221818450264	-0.013914880694726012	False	0.044021415823914334	False	False	Ecoli	False	True	False	False	umpire	manual	min	1.660964047443681
P0A752	P0A752		nadD		622107.0	603871.0	501913.0	511167.0	592685.0	288137.0	0	0.8080749625559456	0.08478598821596448	False	0.04405116002379536	False	False	Ecoli	False	True	False	False	umpire	manual	min	1.660964047443681
P35340	P35340		ahpF		9781990.0	9827940.0	9694520.0	9561540.0	9561420.0	9339190.0	0	0.8087292748488201	-0.006575311821425471	False	0.04408090422367639	False	False	Ecoli	False	True	False	False	umpire	manual	min	1.660964047443681
P0AB61	P0AB61		yciN		4053490.0	4019540.0	3989280.0	3854360.0	4120240.0	3808330.0	0	0.8123703229115236	0.009985361441822679	False	0.04411064842355741	False	False	Ecoli	False	True	False	False	umpire	manual	min	1.660964047443681
P0A9L3	P0A9L3		fklB		32000300.0	32056600.0	31721400.0	31077000.0	31546500.0	29630600.0	0	0.8124993782131317	0.010087959141761233	False	0.04414039262343843	False	False	Ecoli	False	True	False	False	umpire	manual	min	1.660964047443681
P0AES4	P0AES4		gyrA		14044700.0	14171400.0	13836400.0	13995900.0	13871200.0	13260700.0	0	0.8169343479363189	0.007863875834850789	False	0.04417013682331945	False	False	Ecoli	False	True	False	False	umpire	manual	min	1.660964047443681
P0AC30	P0AC30		ftsX		1920210.0	2007230.0	1910850.0	2002280.0	2087600.0	2027800.0	0	0.8171713916982583	0.010978367142219768	False	0.04419988102320047	False	False	Ecoli	False	True	False	False	umpire	manual	min	1.660964047443681
P23894	P23894		htpX		4459910.0	4306420.0	4290580.0	4108040.0	4015570.0	3809910.0	0	0.81740674186045	-0.018710523050731624	False	0.044229625223081506	False	False	Ecoli	False	True	False	False	umpire	manual	min	1.660964047443681
P45799	P45799		nudE		1799960.0	1771160.0	1816300.0	1910180.0	1809860.0	1923440.0	0	0.8199396025292096	0.010928589152140233	False	0.044259369422962526	False	False	Ecoli	False	True	False	False	umpire	manual	min	1.660964047443681
P23893	P23893		hemL		11586000.0	11328200.0	10965900.0	11009200.0	11246200.0	9898360.0	0	0.820713752462679	0.01786037352160739	False	0.044289113622843546	False	False	Ecoli	False	True	False	False	umpire	manual	min	1.660964047443681
P00561	P00561		thrA		2393210.0	2585150.0	2494890.0	2480690.0	2545700.0	2498570.0	0	0.8210119719420759	0.008532179714018557	False	0.044318857822724565	False	False	Ecoli	False	True	False	False	umpire	manual	min	1.660964047443681
P60240	P60240		rapA		4543470.0	4507140.0	4505060.0	4461080.0	4429910.0	4280820.0	0	0.8210230029744432	0.0069761260840169185	False	0.04434860202260559	False	False	Ecoli	False	True	False	False	umpire	manual	min	1.660964047443681
P0AAJ5	P0AAJ5		fdoH		3209660.0	3349040.0	3154230.0	3221540.0	3060070.0	2733670.0	0	0.8242850344797065	0.022104355581666346	False	0.04437834622248662	False	False	Ecoli	False	True	False	False	umpire	manual	min	1.660964047443681
P0AC51	P0AC51		zur		1386400.0	1367780.0	1326110.0	1353650.0	1314430.0	1193510.0	0	0.8259460918587527	0.01689425828928576	False	0.044408090422367645	False	False	Ecoli	False	True	False	False	umpire	manual	min	1.660964047443681
P0AF98	P0AF98		lptF		944045.0	995198.0	945087.0	984048.0	1023170.0	993227.0	0	0.8262862300460173	0.009725423487577827	False	0.044437834622248665	False	False	Ecoli	False	True	False	False	umpire	manual	min	1.660964047443681
P0A7B8	P0A7B8		hslV		15385700.0	15121300.0	14888500.0	17139100.0	17014900.0	19727300.0	0	0.8269755424143228	-0.03464024937471122	False	0.044467578822129684	False	False	Ecoli	False	True	False	False	umpire	manual	min	1.660964047443681
P0ACZ4	P0ACZ4		evgA		2517190.0	2411080.0	2490030.0	2555160.0	2558150.0	2628070.0	0	0.8316473567215685	0.008945688058921918	False	0.044497323022010704	False	False	Ecoli	False	True	False	False	umpire	manual	min	1.660964047443681
P0A7L0	P0A7L0		rplA		361549000.0	368149000.0	354388000.0	359741000.0	350492000.0	340970000.0	0	0.8332752411172619	-0.008171259472651512	False	0.04452706722189174	False	False	Ecoli	False	True	False	False	umpire	manual	min	1.660964047443681
P0A8C4	P0A8C4		ygfB		3074420.0	2949210.0	2937490.0	2892000.0	3142630.0	3007160.0	0	0.8338938948002158	-0.009403281769685027	False	0.04455681142177276	False	False	Ecoli	False	True	False	False	umpire	manual	min	1.660964047443681
P0AB20	P0AB20		hspQ		1331380.0	1302500.0	1404230.0	1345230.0	1269180.0	1420160.0	0	0.8340177531455926	-0.01265298062421441	False	0.04458655562165378	False	False	Ecoli	False	True	False	False	umpire	manual	min	1.660964047443681
P24215	P24215		uxuA		2519370.0	2483260.0	2526980.0	2541350.0	2315880.0	2434840.0	0	0.8353051212779181	-0.01036836156244205	False	0.044616299821534804	False	False	Ecoli	False	True	False	False	umpire	manual	min	1.660964047443681
P37773	P37773		mpl		7766940.0	8025080.0	7758480.0	8071970.0	7873160.0	7833290.0	0	0.8386138845007288	0.004773534860319973	False	0.04464604402141582	False	False	Ecoli	False	True	False	False	umpire	manual	min	1.660964047443681
P0ADK8	P0ADK8		yibL		9781710.0	9545980.0	9501970.0	9547630.0	9258530.0	8761500.0	0	0.8386168555639847	0.011201427267402617	False	0.04467578822129685	False	False	Ecoli	False	True	False	False	umpire	manual	min	1.660964047443681
P23839	P23839		yicC		2884840.0	2755750.0	2944230.0	2856300.0	2820810.0	2937910.0	0	0.839119816885499	0.0071867160809208335	False	0.044705532421177877	False	False	Ecoli	False	True	False	False	umpire	manual	min	1.660964047443681
P0ADB1	P0ADB1		osmE		29107800.0	29055400.0	28568400.0	28692200.0	29721900.0	28549600.0	0	0.8396863262904924	0.004480203727130432	False	0.044735276621058896	False	False	Ecoli	False	True	False	False	umpire	manual	min	1.660964047443681
P0A843	P0A843		tatE		8691690.0	10037200.0	9502360.0	10423500.0	9694030.0	10489000.0	0	0.839775317869217	0.019714286674363597	False	0.044765020820939916	False	False	Ecoli	False	True	False	False	umpire	manual	min	1.660964047443681
P0AF61	P0AF61		yjdK		2057790.0	1813070.0	2127270.0	1810200.0	1468400.0	1678980.0	0	0.8405768458342548	-0.037919361198872965	False	0.044794765020820936	False	False	Ecoli	False	True	False	False	umpire	manual	min	1.660964047443681
P07026	P07026		sdiA		1649690.0	1735150.0	1827320.0	1821200.0	1763000.0	2127500.0	0	0.8413201982890206	-0.02663099749511666	False	0.04482450922070197	False	False	Ecoli	False	True	False	False	umpire	manual	min	1.660964047443681
P75863	P75863		ycbX		1350920.0	1396120.0	1371330.0	1397540.0	1285220.0	1332260.0	0	0.8421106791342062	-0.008943493046659522	False	0.04485425342058299	False	False	Ecoli	False	True	False	False	umpire	manual	min	1.660964047443681
P0AEU0	P0AEU0		hisJ		3756430.0	3799590.0	3657140.0	3709520.0	3757470.0	3609990.0	0	0.8421784661381194	-0.005421243599995112	False	0.04488399762046401	False	False	Ecoli	False	True	False	False	umpire	manual	min	1.660964047443681
P26612	P26612		amyA		617810.0	675794.0	647415.0	673316.0	689306.0	741383.0	0	0.8424904397961891	-0.017797519995740037	False	0.044913741820345035	False	False	Ecoli	False	True	False	False	umpire	manual	min	1.660964047443681
P0A7A5	P0A7A5		pcm		735266.0	893500.0	777665.0	860753.0	742570.0	708985.0	0	0.8433153225188885	0.026439076738297436	False	0.044943486020226055	False	False	Ecoli	False	True	False	False	umpire	manual	min	1.660964047443681
P0AGE9	P0AGE9		sucD		12086500.0	11928300.0	11808400.0	11778600.0	11839800.0	11236900.0	0	0.8439132783757141	0.007148324270574645	False	0.04497323022010708	False	False	Ecoli	False	True	False	False	umpire	manual	min	1.660964047443681
P37685	P37685		aldB		1213450.0	1246360.0	1255800.0	1261040.0	1214480.0	1287830.0	0	0.8461904662349103	-0.006296281953138547	False	0.04500297441998811	False	False	Ecoli	False	True	False	False	umpire	manual	min	1.660964047443681
P25906	P25906		ydbC		755900.0	694880.0	825310.0	774233.0	836633.0	936629.0	0	0.8464548911829509	0.02917262008889716	False	0.04503271861986913	False	False	Ecoli	False	True	False	False	umpire	manual	min	1.660964047443681
P78055	P78055		fsaA		397531.0	427314.0	447706.0	504382.0	378528.0	478608.0	0	0.846564240986236	0.029755723620057448	False	0.04506246281975015	False	False	Ecoli	False	True	False	False	umpire	manual	min	1.660964047443681
P16659	P16659		proS		11649700.0	11499100.0	11247500.0	11381300.0	11679300.0	11015600.0	0	0.8465738745614575	0.0060554407021536265	False	0.04509220701963117	False	False	Ecoli	False	True	False	False	umpire	manual	min	1.660964047443681
P0A6A3	P0A6A3		ackA		137524000.0	139067000.0	134648000.0	132180000.0	130006000.0	123533000.0	0	0.8479566140251933	-0.011911527703889608	False	0.0451219512195122	False	False	Ecoli	False	True	False	False	umpire	manual	min	1.660964047443681
P0ACU7	P0ACU7		yjdC		901734.0	930808.0	848530.0	837194.0	789785.0	692219.0	0	0.8496334551923892	-0.028421630921505837	False	0.04515169541939322	False	False	Ecoli	False	True	False	False	umpire	manual	min	1.660964047443681
P06846	P06846		ebgR		1445060.0	1341160.0	1391220.0	1380250.0	1307390.0	1321060.0	0	0.8499497758225547	-0.010017311648996587	False	0.04518143961927424	False	False	Ecoli	False	True	False	False	umpire	manual	min	1.660964047443681
P0AE22	P0AE22		aphA		1749830.0	1861990.0	1885010.0	1861970.0	1833750.0	2019650.0	0	0.8503381229098602	-0.013057713222481716	False	0.045211183819155266	False	False	Ecoli	False	True	False	False	umpire	manual	min	1.660964047443681
P76576	P76576		yfgM		10062100.0	9940490.0	9667080.0	9724240.0	9467280.0	8546160.0	0	0.8524743681517178	0.015573734001845004	False	0.045240928019036286	False	False	Ecoli	False	True	False	False	umpire	manual	min	1.660964047443681
P0AES0	P0AES0		gsp		1924580.0	1860400.0	1854600.0	1871650.0	1831480.0	1796410.0	0	0.8548969672606449	-0.006128709628851176	False	0.04527067221891731	False	False	Ecoli	False	True	False	False	umpire	manual	min	1.660964047443681
Q46835	Q46835		yghG		1035640.0	853815.0	1022020.0	931442.0	977857.0	1004790.0	0	0.855393537931763	0.018362925218586724	False	0.04530041641879834	False	False	Ecoli	False	True	False	False	umpire	manual	min	1.660964047443681
P31142	P31142		sseA		6829570.0	6987730.0	6808920.0	7068950.0	7021520.0	7024240.0	0	0.8569279918910072	0.00399895074461101	False	0.04533016061867936	False	False	Ecoli	False	True	False	False	umpire	manual	min	1.660964047443681
P0A8W8	P0A8W8		yfbU		19269800.0	18793800.0	18451600.0	18110600.0	18236700.0	16152300.0	0	0.8600636241475678	0.015430918139216382	False	0.04535990481856038	False	False	Ecoli	False	True	False	False	umpire	manual	min	1.660964047443681
P04825	P04825		pepN		16208200.0	16254000.0	15633400.0	16072700.0	15818700.0	14765600.0	0	0.8607506894502693	0.009044223175289235	False	0.045389649018441405	False	False	Ecoli	False	True	False	False	umpire	manual	min	1.660964047443681
P0AF20	P0AF20		nagC		1191770.0	1222570.0	1234220.0	1264030.0	1292030.0	1418540.0	0	0.8620449394192473	-0.01612440208689987	False	0.04541939321832243	False	False	Ecoli	False	True	False	False	umpire	manual	min	1.660964047443681
P0A9K9	P0A9K9		slyD		101797000.0	99217300.0	99605400.0	99418700.0	102780000.0	100050000.0	0	0.8628870781073705	0.003540760560635311	False	0.04544913741820345	False	False	Ecoli	False	True	False	False	umpire	manual	min	1.660964047443681
P0A836	P0A836		sucC		6650610.0	6639200.0	6525930.0	6619770.0	6656070.0	6540690.0	0	0.8633576120847257	-0.0020916609512992	False	0.04547888161808448	False	False	Ecoli	False	True	False	False	umpire	manual	min	1.660964047443681
P0AEW9	P0AEW9		fruK		17886300.0	17197900.0	16636600.0	17058900.0	16796600.0	15775300.0	0	0.8634313472850816	-0.010459597673035228	False	0.0455086258179655	False	False	Ecoli	False	True	False	False	umpire	manual	min	1.660964047443681
P0AD44	P0AD44		yfhG		882600.0	849659.0	1008070.0	932813.0	738956.0	999003.0	0	0.8636365277227234	-0.027421384500312528	False	0.04553837001784652	False	False	Ecoli	False	True	False	False	umpire	manual	min	1.660964047443681
P0AF12	P0AF12		mtnN		26374800.0	25088300.0	25931600.0	25777900.0	25651500.0	26129900.0	0	0.864190423417068	-0.004320062722942247	False	0.04556811421772755	False	False	Ecoli	False	True	False	False	umpire	manual	min	1.660964047443681
P0A786	P0A786		pyrB		2497360.0	2550140.0	2490150.0	2508090.0	2424230.0	2402700.0	0	0.8645638410939543	-0.0053797979571901895	False	0.04559785841760857	False	False	Ecoli	False	True	False	False	umpire	manual	min	1.660964047443681
P0A9J8	P0A9J8		pheA		2239980.0	2195170.0	2136630.0	2195220.0	2129490.0	2058930.0	0	0.8652430082904853	-0.007291764557239024	False	0.04562760261748959	False	False	Ecoli	False	True	False	False	umpire	manual	min	1.660964047443681
P32162	P32162		yiiS		2067250.0	2099860.0	2197690.0	2182210.0	2155680.0	2436320.0	0	0.8660360648845709	-0.014900320291260774	False	0.04565734681737061	False	False	Ecoli	False	True	False	False	umpire	manual	min	1.660964047443681
P63235	P63235		gadC		2605810.0	2728360.0	2696900.0	2750110.0	2706800.0	2788080.0	0	0.8660794561597907	0.005594905960661799	False	0.045687091017251644	False	False	Ecoli	False	True	False	False	umpire	manual	min	1.660964047443681
P0A8A8	P0A8A8		rimP		21009600.0	23429600.0	21280700.0	21744300.0	22384200.0	20433900.0	0	0.8681023084409603	0.011873188864841833	False	0.04571683521713266	False	False	Ecoli	False	True	False	False	umpire	manual	min	1.660964047443681
P06959	P06959		aceF		44633900.0	44185100.0	44165500.0	43453800.0	42433600.0	40456300.0	0	0.8682717004731588	0.008651916960868051	False	0.04574657941701368	False	False	Ecoli	False	True	False	False	umpire	manual	min	1.660964047443681
P0C0T5	P0C0T5		mepA		3255050.0	3738970.0	3767410.0	3449730.0	3380530.0	3707800.0	0	0.8689683875017123	-0.014109059519559198	False	0.04577632361689471	False	False	Ecoli	False	True	False	False	umpire	manual	min	1.660964047443681
P62620	P62620		ispG		5405660.0	5363840.0	5308530.0	5377260.0	5310010.0	5187740.0	0	0.8693382355851944	0.0034820065809976044	False	0.04580606781677573	False	False	Ecoli	False	True	False	False	umpire	manual	min	1.660964047443681
P0AFG8	P0AFG8		aceE		75255500.0	75377700.0	74229900.0	75229700.0	73547100.0	71663000.0	0	0.869824408352422	0.00460376834008112	False	0.045835812016656756	False	False	Ecoli	False	True	False	False	umpire	manual	min	1.660964047443681
P63228	P63228		gmhB		4117510.0	4016310.0	4260460.0	3979890.0	4078720.0	4136840.0	0	0.8702870254715307	0.0056804980908416805	False	0.04586555621653778	False	False	Ecoli	False	True	False	False	umpire	manual	min	1.660964047443681
P08956	P08956		hsdR		1566790.0	1667920.0	1611670.0	1600000.0	1592170.0	1586370.0	0	0.8710415987390192	-0.005168269264433235	False	0.0458953004164188	False	False	Ecoli	False	True	False	False	umpire	manual	min	1.660964047443681
P37671	P37671		yiaJ		227413.0	191561.0	232395.0	168416.0	154597.0	153136.0	0	0.8710631252948209	-0.042744604049786	False	0.04592504461629982	False	False	Ecoli	False	True	False	False	umpire	manual	min	1.660964047443681
P16095	P16095		sdaA		5426520.0	5539690.0	5734990.0	5659190.0	6070870.0	6734320.0	0	0.871722932209273	-0.019321786031359086	False	0.04595478881618084	False	False	Ecoli	False	True	False	False	umpire	manual	min	1.660964047443681
P28305	P28305		pabC		620425.0	761948.0	662140.0	595414.0	697392.0	602758.0	0	0.8737695115605957	-0.022105457226195484	False	0.045984533016061875	False	False	Ecoli	False	True	False	False	umpire	manual	min	1.660964047443681
P21889	P21889		aspS		11005100.0	11068300.0	10768300.0	11139200.0	10957300.0	10715400.0	0	0.8761550007610593	0.003340102357917524	False	0.046014277215942895	False	False	Ecoli	False	True	False	False	umpire	manual	min	1.660964047443681
P09148	P09148		galT		2092560.0	1961500.0	2057020.0	2138770.0	2000560.0	2179940.0	0	0.8767844311557226	-0.008739518098030485	False	0.046044021415823914	False	False	Ecoli	False	True	False	False	umpire	manual	min	1.660964047443681
P0ABZ1	P0ABZ1		fliG		1825540.0	1728670.0	1860030.0	1791680.0	1810010.0	1940680.0	0	0.8772658998759267	-0.008735245792940998	False	0.04607376561570494	False	False	Ecoli	False	True	False	False	umpire	manual	min	1.660964047443681
P77395	P77395		ybbN		2436450.0	2419950.0	2416570.0	2473080.0	2304110.0	2305720.0	0	0.8782397188766293	0.006359337777122672	False	0.04610350981558596	False	False	Ecoli	False	True	False	False	umpire	manual	min	1.660964047443681
P19624	P19624		pdxA		512056.0	552280.0	544532.0	490786.0	509980.0	492346.0	0	0.8802910577501704	-0.010589181154453373	False	0.04613325401546699	False	False	Ecoli	False	True	False	False	umpire	manual	min	1.660964047443681
P0ABC7	P0ABC7		hflK		17138700.0	17652800.0	16619400.0	17099000.0	17001600.0	15612100.0	0	0.8810399486592797	0.009027965786519918	False	0.046162998215348014	False	False	Ecoli	False	True	False	False	umpire	manual	min	1.660964047443681
P29012	P29012		dadX		589048.0	477620.0	502904.0	509369.0	553146.0	479065.0	0	0.8815586279685699	0.018257721655833885	False	0.046192742415229034	False	False	Ecoli	False	True	False	False	umpire	manual	min	1.660964047443681
P29680	P29680		hemE		5949250.0	6078660.0	6302800.0	6070190.0	6189460.0	6453610.0	0	0.8816983113857096	0.006303724758301457	False	0.04622248661511005	False	False	Ecoli	False	True	False	False	umpire	manual	min	1.660964047443681
P0A9L5	P0A9L5		ppiC		2612820.0	2808480.0	2543220.0	2602690.0	2454250.0	2065310.0	0	0.8817184824270923	0.02171718867576458	False	0.04625223081499108	False	False	Ecoli	False	True	False	False	umpire	manual	min	1.660964047443681
P33025	P33025		psuG		2140840.0	2086080.0	2323790.0	2277880.0	2237970.0	2540200.0	0	0.8823564937539102	0.01537841999495221	False	0.046281975014872107	False	False	Ecoli	False	True	False	False	umpire	manual	min	1.660964047443681
P40120	P40120		mdoD		3861080.0	3885140.0	3900200.0	3959690.0	3906970.0	3998270.0	0	0.8830704266221873	0.0027453206900735455	False	0.046311719214753126	False	False	Ecoli	False	True	False	False	umpire	manual	min	1.660964047443681
P15977	P15977		malQ		3571640.0	3528560.0	3432390.0	3667360.0	3480410.0	3441000.0	0	0.8830841660379947	0.005322333650970959	False	0.04634146341463415	False	False	Ecoli	False	True	False	False	umpire	manual	min	1.660964047443681
P36566	P36566		smtA		574372.0	576051.0	607087.0	515015.0	615140.0	603138.0	0	0.883803420821141	-0.013488880284599937	False	0.04637120761451517	False	False	Ecoli	False	True	False	False	umpire	manual	min	1.660964047443681
P0A8V2	P0A8V2		rpoB		76033800.0	76182500.0	75879900.0	75418500.0	74914100.0	73565400.0	0	0.8847055801913433	0.0027500937481627708	False	0.04640095181439619	False	False	Ecoli	False	True	False	False	umpire	manual	min	1.660964047443681
P31119	P31119		aas		1464920.0	1739510.0	1678290.0	1499750.0	1590480.0	1517990.0	0	0.885198756948295	0.014015211230002302	False	0.046430696014277226	False	False	Ecoli	False	True	False	False	umpire	manual	min	1.660964047443681
P33030	P33030		yeiR		1530390.0	1575920.0	1508590.0	1552050.0	1633820.0	1608130.0	0	0.8860744479573239	-0.006127196642417137	False	0.046460440214158245	False	False	Ecoli	False	True	False	False	umpire	manual	min	1.660964047443681
P52613	P52613		fliJ		758333.0	801974.0	678408.0	876321.0	737414.0	759941.0	0	0.8895875397677889	-0.017581963870720602	False	0.046490184414039265	False	False	Ecoli	False	True	False	False	umpire	manual	min	1.660964047443681
P28249	P28249		asmA		277703.0	311204.0	323694.0	333083.0	347731.0	438495.0	0	0.8910806115910235	-0.03251173335220646	False	0.046519928613920285	False	False	Ecoli	False	True	False	False	umpire	manual	min	1.660964047443681
P0A7I7	P0A7I7		ribA		10206700.0	10244600.0	9923350.0	9938480.0	9148650.0	8799110.0	0	0.89184882182754	-0.011882680748910102	False	0.04654967281380131	False	False	Ecoli	False	True	False	False	umpire	manual	min	1.660964047443681
P0AES9	P0AES9		hdeA		7106420.0	7169000.0	6765240.0	6650160.0	6559760.0	5891880.0	0	0.8922784429407924	-0.013810889620485644	False	0.04657941701368234	False	False	Ecoli	False	True	False	False	umpire	manual	min	1.660964047443681
P25552	P25552		gppA		2708010.0	2753350.0	2520490.0	2760750.0	2885070.0	2654870.0	0	0.892457117289456	0.008874585350234733	False	0.04660916121356336	False	False	Ecoli	False	True	False	False	umpire	manual	min	1.660964047443681
P0A7D4	P0A7D4		purA		37775000.0	37752500.0	36950200.0	37328600.0	37132600.0	35542100.0	0	0.892480197944145	0.004432859911034271	False	0.046638905413444384	False	False	Ecoli	False	True	False	False	umpire	manual	min	1.660964047443681
P21507	P21507		srmB		5269630.0	5267680.0	5300600.0	5400920.0	5229720.0	5367950.0	0	0.8926339819914744	0.002354607163616547	False	0.046668649613325404	False	False	Ecoli	False	True	False	False	umpire	manual	min	1.660964047443681
P76204	P76204		ydiV		990455.0	1088970.0	1102730.0	1074920.0	1039760.0	1161480.0	0	0.8930975255387402	-0.010496939068874419	False	0.046698393813206424	False	False	Ecoli	False	True	False	False	umpire	manual	min	1.660964047443681
Q46920	Q46920		queF		4706980.0	4699180.0	4643890.0	4688080.0	4553280.0	4436400.0	0	0.8938016370370007	0.004442377523418881	False	0.04672813801308746	False	False	Ecoli	False	True	False	False	umpire	manual	min	1.660964047443681
P07003	P07003		poxB		2497410.0	2617090.0	2493250.0	2620970.0	2428790.0	2459960.0	0	0.8939863770352894	-0.006002700781713552	False	0.04675788221296848	False	False	Ecoli	False	True	False	False	umpire	manual	min	1.660964047443681
P0A8U6	P0A8U6		metJ		8481320.0	8585750.0	8625600.0	8408250.0	8532650.0	8468350.0	0	0.8956665022398453	0.0017548838634445726	False	0.046787626412849496	False	False	Ecoli	False	True	False	False	umpire	manual	min	1.660964047443681
P00803	P00803		lepB		3965110.0	4162430.0	4128280.0	4141600.0	4095060.0	4205160.0	0	0.8987159312460138	0.0037665553905523686	False	0.046817370612730516	False	False	Ecoli	False	True	False	False	umpire	manual	min	1.660964047443681
P37028	P37028		btuF		666307.0	634784.0	673189.0	648417.0	622619.0	635910.0	0	0.9000639387868199	0.0053704891240432305	False	0.04684711481261154	False	False	Ecoli	False	True	False	False	umpire	manual	min	1.660964047443681
P0ABH9	P0ABH9		clpA		10432500.0	10745000.0	10391100.0	10686300.0	10140300.0	10135100.0	0	0.9001017254596255	-0.004379056697217586	False	0.04687685901249257	False	False	Ecoli	False	True	False	False	umpire	manual	min	1.660964047443681
P0AEX5	P0AEX5		prkB		2013800.0	1991020.0	1986540.0	2200110.0	1881710.0	2105030.0	0	0.9001593279947845	-0.009830286854377781	False	0.04690660321237359	False	False	Ecoli	False	True	False	False	umpire	manual	min	1.660964047443681
P45568	P45568		dxr		766701.0	684139.0	763502.0	673770.0	766654.0	769667.0	0	0.9002502266953978	-0.010813335160274978	False	0.046936347412254616	False	False	Ecoli	False	True	False	False	umpire	manual	min	1.660964047443681
P0A8F4	P0A8F4		udk		7419590.0	7263520.0	7128960.0	7037520.0	7369230.0	6761900.0	0	0.9003357617029744	0.006088899136369582	False	0.046966091612135635	False	False	Ecoli	False	True	False	False	umpire	manual	min	1.660964047443681
P23865	P23865		prc		7328340.0	7383010.0	7361440.0	7401350.0	7481140.0	7564900.0	0	0.9012588393202621	-0.0020946865854023352	False	0.046995835812016655	False	False	Ecoli	False	True	False	False	umpire	manual	min	1.660964047443681
P77754	P77754		spy		975197.0	1010860.0	805139.0	1098440.0	895073.0	852362.0	0	0.9018066907482725	-0.02035546667822682	False	0.04702558001189769	False	False	Ecoli	False	True	False	False	umpire	manual	min	1.660964047443681
P0A6A0	P0A6A0		ubiB		1570330.0	1575820.0	1607210.0	1592830.0	1691940.0	1722680.0	0	0.9029370407758213	0.006843377305754218	False	0.04705532421177871	False	False	Ecoli	False	True	False	False	umpire	manual	min	1.660964047443681
P33195	P33195		gcvP		5429110.0	5441790.0	5511900.0	5323560.0	5369790.0	5358940.0	0	0.9041497693057418	-0.0021874998868306465	False	0.04708506841165973	False	False	Ecoli	False	True	False	False	umpire	manual	min	1.660964047443681
P62617	P62617		ispF		3294560.0	3356690.0	3100020.0	3439880.0	3260200.0	3100720.0	0	0.9042557773801025	0.007102782730681558	False	0.047114812611540755	False	False	Ecoli	False	True	False	False	umpire	manual	min	1.660964047443681
P0AA91	P0AA91		yeaY		1563470.0	1496050.0	1521510.0	1582090.0	1500150.0	1556650.0	0	0.9051175345369846	-0.0038868630630672922	False	0.047144556811421774	False	False	Ecoli	False	True	False	False	umpire	manual	min	1.660964047443681
P0ADI7	P0ADI7		yecD		9333440.0	9423160.0	9401640.0	9354370.0	9002480.0	9064360.0	0	0.9062281896545787	-0.0032431122350715033	False	0.0471743010113028	False	False	Ecoli	False	True	False	False	umpire	manual	min	1.660964047443681
P76290	P76290		cmoA		2119660.0	2086530.0	2060860.0	2154800.0	2119680.0	2141110.0	0	0.9073107356376697	-0.0027209851898059496	False	0.04720404521118383	False	False	Ecoli	False	True	False	False	umpire	manual	min	1.660964047443681
P75913	P75913		ghrA		1167040.0	1198020.0	1111580.0	1118720.0	1147080.0	1032610.0	0	0.9073725096404759	-0.00864122623256804	False	0.04723378941106485	False	False	Ecoli	False	True	False	False	umpire	manual	min	1.660964047443681
P0A790	P0A790		panD		6743990.0	6796000.0	7198570.0	6970410.0	6923850.0	7460290.0	0	0.9093715348188556	0.006344109104525444	False	0.04726353361094587	False	False	Ecoli	False	True	False	False	umpire	manual	min	1.660964047443681
P60624	P60624		rplX		154966000.0	155865000.0	149284000.0	150243000.0	150888000.0	141391000.0	0	0.9096460429930583	-0.005776305251120125	False	0.047293277810826886	False	False	Ecoli	False	True	False	False	umpire	manual	min	1.660964047443681
P09127	P09127		hemX		9607810.0	9234200.0	9351790.0	9461470.0	9271700.0	9289830.0	0	0.9114214612725767	-0.0024061689457468434	False	0.04732302201070792	False	False	Ecoli	False	True	False	False	umpire	manual	min	1.660964047443681
P39377	P39377		iadA		5418560.0	5437330.0	5534570.0	5535020.0	5159170.0	5324820.0	0	0.9118270127350555	0.004277857521651233	False	0.04735276621058894	False	False	Ecoli	False	True	False	False	umpire	manual	min	1.660964047443681
P0AB43	P0AB43		ycgL		1026440.0	1016880.0	1049180.0	1020120.0	1012530.0	1034070.0	0	0.9119056758390868	0.0020799929507656196	False	0.04738251041046996	False	False	Ecoli	False	True	False	False	umpire	manual	min	1.660964047443681
P00961	P00961		glyS		12341700.0	12322100.0	11954900.0	12106200.0	12030100.0	11527800.0	0	0.9127016490112297	-0.00400777709927406	False	0.047412254610350986	False	False	Ecoli	False	True	False	False	umpire	manual	min	1.660964047443681
P0AFW0	P0AFW0		rfaH		442926.0	559778.0	432754.0	463404.0	489622.0	401320.0	0	0.9127219443143686	-0.01886935679956178	False	0.047441998810232006	False	False	Ecoli	False	True	False	False	umpire	manual	min	1.660964047443681
P77611	P77611		rnfC		916205.0	861534.0	862711.0	919012.0	878513.0	874306.0	0	0.9132231303126815	0.004448983193776806	False	0.04747174301011303	False	False	Ecoli	False	True	False	False	umpire	manual	min	1.660964047443681
P24232	P24232		hmp		1354640.0	1485700.0	1439060.0	1446680.0	1371700.0	1432890.0	0	0.913370414466889	-0.00534077175913788	False	0.04750148720999406	False	False	Ecoli	False	True	False	False	umpire	manual	min	1.660964047443681
P75726	P75726		citF		5452390.0	5327400.0	5360000.0	5290740.0	5313710.0	5152230.0	0	0.9138357120548899	0.002933654808677266	False	0.04753123140987508	False	False	Ecoli	False	True	False	False	umpire	manual	min	1.660964047443681
P0ABU0	P0ABU0		menB		7286970.0	7227640.0	7016210.0	7184180.0	7437710.0	7168910.0	0	0.914799942073283	-0.0030251515417388164	False	0.0475609756097561	False	False	Ecoli	False	True	False	False	umpire	manual	min	1.660964047443681
P0AGD7	P0AGD7		ffh		4938580.0	5040010.0	5101930.0	5068900.0	5076330.0	5236940.0	0	0.9154857735994473	0.0029959573853930257	False	0.04759071980963712	False	False	Ecoli	False	True	False	False	umpire	manual	min	1.660964047443681
P37128	P37128		nudK		4239920.0	4097960.0	4516730.0	3800670.0	4056180.0	3960760.0	0	0.9194743571250614	0.008764180836221915	False	0.04762046400951815	False	False	Ecoli	False	True	False	False	umpire	manual	min	1.660964047443681
P0ACX5	P0ACX5		ydhZ		2915630.0	2824250.0	2875190.0	2710100.0	3002420.0	2877650.0	0	0.9194773365059292	-0.00500094264274225	False	0.04765020820939917	False	False	Ecoli	False	True	False	False	umpire	manual	min	1.660964047443681
P24252	P24252		ybgA		1526970.0	1298130.0	1287170.0	1546160.0	1424590.0	1465460.0	0	0.9197185836515291	-0.011017115317215085	False	0.04767995240928019	False	False	Ecoli	False	True	False	False	umpire	manual	min	1.660964047443681
P02931	P02931		ompF		38239500.0	38358100.0	39101500.0	38807400.0	38606000.0	40127800.0	0	0.9202452141108567	-0.002604073040202632	False	0.04770969660916122	False	False	Ecoli	False	True	False	False	umpire	manual	min	1.660964047443681
P0A9K3	P0A9K3		ybeZ		5801620.0	5740040.0	5762540.0	5754690.0	5585630.0	5528810.0	0	0.9204110089838164	0.002734817260560906	False	0.04773944080904224	False	False	Ecoli	False	True	False	False	umpire	manual	min	1.660964047443681
P37177	P37177		ptsP		874693.0	891580.0	937697.0	998075.0	1037390.0	1174100.0	0	0.9226260076995192	0.015998894902378717	False	0.047769185008923264	False	False	Ecoli	False	True	False	False	umpire	manual	min	1.660964047443681
P36553	P36553		hemF		948268.0	79223.2	930103.0	74376.6	874225.0	976464.0	2	0.9226625444802276	-0.09311201531748887	False	0.04779892920880429	False	False	Ecoli	False	True	False	False	umpire	manual	min	1.660964047443681
P37095	P37095		pepB		8289970.0	8195380.0	8096920.0	7903200.0	8045620.0	7628010.0	0	0.9247910603018908	-0.0040513673542253905	False	0.04782867340868531	False	False	Ecoli	False	True	False	False	umpire	manual	min	1.660964047443681
P67826	P67826		cutC		1047680.0	1058920.0	959565.0	1049660.0	918869.0	845754.0	0	0.9249596940656544	-0.01190384823060246	False	0.04785841760856633	False	False	Ecoli	False	True	False	False	umpire	manual	min	1.660964047443681
P77748	P77748		ydiJ		1130320.0	1078380.0	1207980.0	1107610.0	1163090.0	1252230.0	0	0.9263298524890267	0.0073802109398707376	False	0.047888161808447356	False	False	Ecoli	False	True	False	False	umpire	manual	min	1.660964047443681
P77552	P77552		ydhQ		2725540.0	2649270.0	2660950.0	2782060.0	2709720.0	2794010.0	0	0.9266562821808422	-0.0028444566511851097	False	0.04791790600832838	False	False	Ecoli	False	True	False	False	umpire	manual	min	1.660964047443681
P0AD05	P0AD05		yecA		3376620.0	3042440.0	2894750.0	3012620.0	2794650.0	2171400.0	0	0.9276098000099217	0.01861494611431552	False	0.0479476502082094	False	False	Ecoli	False	True	False	False	umpire	manual	min	1.660964047443681
P12295	P12295		ung		2002870.0	2002390.0	1936070.0	1938580.0	1856090.0	1751570.0	0	0.9288567830121878	-0.006553166306557845	False	0.04797739440809043	False	False	Ecoli	False	True	False	False	umpire	manual	min	1.660964047443681
P0AEI6	P0AEI6		nudJ		3329110.0	3295460.0	3153370.0	3316820.0	3198890.0	3071610.0	0	0.9292754449106806	-0.004037855534096479	False	0.04800713860797145	False	False	Ecoli	False	True	False	False	umpire	manual	min	1.660964047443681
P0AC33	P0AC33		fumA		2006620.0	2192720.0	1997090.0	2059660.0	2079860.0	1958640.0	0	0.9320186448110408	-0.005015282993937789	False	0.04803688280785247	False	False	Ecoli	False	True	False	False	umpire	manual	min	1.660964047443681
P60651	P60651		speB		10883600.0	11276700.0	10913400.0	11185700.0	10942900.0	10922100.0	0	0.9341573765798138	-0.0017628859212084937	False	0.0480666270077335	False	False	Ecoli	False	True	False	False	umpire	manual	min	1.660964047443681
P63284	P63284		clpB		19106500.0	19400900.0	18852900.0	18915500.0	18826100.0	17966600.0	0	0.935262087314356	0.003075035367818811	False	0.04809637120761452	False	False	Ecoli	False	True	False	False	umpire	manual	min	1.660964047443681
P23305	P23305		yigA		1418570.0	1511120.0	1491100.0	1531350.0	1670000.0	1795830.0	0	0.9359269229426116	-0.010131720760895371	False	0.04812611540749554	False	False	Ecoli	False	True	False	False	umpire	manual	min	1.660964047443681
P0ADG4	P0ADG4		suhB		15526000.0	15687700.0	15171400.0	15200800.0	15372200.0	14621700.0	0	0.9360973094377345	-0.0028671233597430306	False	0.04815585960737656	False	False	Ecoli	False	True	False	False	umpire	manual	min	1.660964047443681
P62558	P62558		sopB		5789260.0	5734280.0	5837290.0	5870270.0	5808620.0	6016100.0	0	0.9367687497561488	-0.0019309564410064496	False	0.04818560380725759	False	False	Ecoli	False	True	False	False	umpire	manual	min	1.660964047443681
P0AAB6	P0AAB6		galF		12199400.0	12140900.0	11901800.0	11719300.0	11797800.0	10971500.0	0	0.9373002760115261	0.004369043625112418	False	0.048215348007138614	False	False	Ecoli	False	True	False	False	umpire	manual	min	1.660964047443681
P39298	P39298		yjfP		655665.0	668187.0	744849.0	657653.0	868299.0	920388.0	0	0.9376801419853003	0.016974315418992435	False	0.048245092207019634	False	False	Ecoli	False	True	False	False	umpire	manual	min	1.660964047443681
P75780	P75780		fiu		663861.0	667505.0	690602.0	704981.0	704662.0	760492.0	0	0.9379861894183237	0.005772710952906645	False	0.04827483640690066	False	False	Ecoli	False	True	False	False	umpire	manual	min	1.660964047443681
P0AB58	P0AB58		yciM		724039.0	717157.0	528233.0	539647.0	506939.0	80120.4	1	0.9410689025793646	0.04986579088196202	False	0.04830458060678168	False	False	Ecoli	False	True	False	False	umpire	manual	min	1.660964047443681
P30852	P30852		smf		1844470.0	1933400.0	1722480.0	1977460.0	1871250.0	1813050.0	0	0.94147557144215	-0.005100183173458418	False	0.0483343248066627	False	False	Ecoli	False	True	False	False	umpire	manual	min	1.660964047443681
P63883	P63883		amiC		537514.0	588597.0	564420.0	483230.0	542995.0	474107.0	0	0.9421182637456358	-0.00865656787080522	False	0.04836406900654373	False	False	Ecoli	False	True	False	False	umpire	manual	min	1.660964047443681
P0A6S7	P0A6S7		gpsA		4847210.0	4805010.0	5112370.0	5122470.0	4831750.0	5366810.0	0	0.9429638551946584	0.004561290962303089	False	0.04839381320642475	False	False	Ecoli	False	True	False	False	umpire	manual	min	1.660964047443681
P0A8A2	P0A8A2		yeeN		9218100.0	9354010.0	8902080.0	9171960.0	8552060.0	7940860.0	0	0.9435220289747388	0.006142837522634467	False	0.04842355740630577	False	False	Ecoli	False	True	False	False	umpire	manual	min	1.660964047443681
P64423	P64423		zntB		417732.0	411801.0	484301.0	444477.0	430551.0	539754.0	0	0.9461704094845305	-0.010530188929277571	False	0.04845330160618679	False	False	Ecoli	False	True	False	False	umpire	manual	min	1.660964047443681
P0AG18	P0AG18		purE		1254980.0	1216390.0	1281410.0	1251450.0	1262940.0	1317640.0	0	0.9471563141962098	0.0025830315972197094	False	0.04848304580606782	False	False	Ecoli	False	True	False	False	umpire	manual	min	1.660964047443681
P07017	P07017		tar		3641800.0	3728360.0	3500370.0	3638100.0	3369440.0	3177640.0	0	0.9483083178026503	-0.005466372212713238	False	0.048512790005948846	False	False	Ecoli	False	True	False	False	umpire	manual	min	1.660964047443681
P0ACN7	P0ACN7		cytR		992551.0	1005480.0	894680.0	950914.0	1002480.0	861421.0	0	0.9492776699607972	-0.005752056467225546	False	0.048542534205829865	False	False	Ecoli	False	True	False	False	umpire	manual	min	1.660964047443681
P0AG27	P0AG27		yibN		13877800.0	14058600.0	14306100.0	14385300.0	14165200.0	14855600.0	0	0.9500142849688709	0.00217629050129115	False	0.04857227840571089	False	False	Ecoli	False	True	False	False	umpire	manual	min	1.660964047443681
P0AGJ2	P0AGJ2		trmH		1593200.0	1570870.0	1608810.0	1576700.0	1550420.0	1568080.0	0	0.9506308847538035	0.0011519521474886822	False	0.04860202260559191	False	False	Ecoli	False	True	False	False	umpire	manual	min	1.660964047443681
P03018	P03018		uvrD		5195530.0	5244000.0	4964450.0	5233640.0	5280520.0	5015360.0	0	0.9511915654588625	0.0022125354762349875	False	0.04863176680547293	False	False	Ecoli	False	True	False	False	umpire	manual	min	1.660964047443681
P64602	P64602		mlaB		1863320.0	1755740.0	1950400.0	1903330.0	1728730.0	1981400.0	0	0.9520555064776108	-0.004644320653725018	False	0.048661511005353965	False	False	Ecoli	False	True	False	False	umpire	manual	min	1.660964047443681
P06149	P06149		dld		7120560.0	7004150.0	6740110.0	6789750.0	6681580.0	6016000.0	0	0.9525788911875006	0.005057570649682097	False	0.048691255205234985	False	False	Ecoli	False	True	False	False	umpire	manual	min	1.660964047443681
P0A9S5	P0A9S5		gldA		15673900.0	15224900.0	14972800.0	15243300.0	14874600.0	14272500.0	0	0.9549781684573648	-0.0025765272473923812	False	0.048720999405116004	False	False	Ecoli	False	True	False	False	umpire	manual	min	1.660964047443681
P36938	P36938		pgm		8108270.0	8190430.0	8009690.0	7881120.0	7828640.0	7371310.0	0	0.9558250411167563	0.0030102418849774965	False	0.048750743604997024	False	False	Ecoli	False	True	False	False	umpire	manual	min	1.660964047443681
P21513	P21513		rne		8642440.0	8596350.0	8525790.0	8496980.0	8335570.0	8150220.0	0	0.9558439494019602	-0.0017438334136196838	False	0.04878048780487805	False	False	Ecoli	False	True	False	False	umpire	manual	min	1.660964047443681
P32157	P32157		yiiM		3657840.0	3656800.0	3720240.0	3763300.0	3599580.0	3779040.0	0	0.9586163222339026	-0.0013739458157392276	False	0.04881023200475908	False	False	Ecoli	False	True	False	False	umpire	manual	min	1.660964047443681
P60906	P60906		hisS		10921700.0	10959700.0	10765500.0	10759500.0	10576800.0	10180300.0	0	0.9633879918487438	0.0018032706654609032	False	0.048839976204640104	False	False	Ecoli	False	True	False	False	umpire	manual	min	1.660964047443681
P64599	P64599		yhbT		4637860.0	4664030.0	4630040.0	4670740.0	4404880.0	4420220.0	0	0.9636883763014992	-0.0017305334169130135	False	0.04886972040452112	False	False	Ecoli	False	True	False	False	umpire	manual	min	1.660964047443681
P36999	P36999		rlmA		1137990.0	1050310.0	973663.0	1059180.0	1060470.0	915285.0	0	0.9647419548457408	-0.004782837165575113	False	0.04889946460440214	False	False	Ecoli	False	True	False	False	umpire	manual	min	1.660964047443681
P75823	P75823		ltaE		6963410.0	7288500.0	7052540.0	7464830.0	7358920.0	7593730.0	0	0.9654719398578726	0.00202271995983284	False	0.04892920880428316	False	False	Ecoli	False	True	False	False	umpire	manual	min	1.660964047443681
P23837	P23837		phoQ		6255440.0	6379760.0	6522170.0	6435540.0	5273310.0	5530420.0	0	0.9664081727061712	0.005184674036976852	False	0.048958953004164196	False	False	Ecoli	False	True	False	False	umpire	manual	min	1.660964047443681
P76440	P76440		preT		1536840.0	1548540.0	1519070.0	1469040.0	1512510.0	1408620.0	0	0.9664123398150072	0.0021236345493593	False	0.048988697204045216	False	False	Ecoli	False	True	False	False	umpire	manual	min	1.660964047443681
P0A9N4	P0A9N4		pflA		5335880.0	5277280.0	5218870.0	5076090.0	5250650.0	4912710.0	0	0.9665167597348133	0.0018331153803210621	False	0.049018441403926236	False	False	Ecoli	False	True	False	False	umpire	manual	min	1.660964047443681
P0A953	P0A953		fabB		29029700.0	28976000.0	28634000.0	28570200.0	28437100.0	27570400.0	0	0.9679782857154735	0.0010987635744112664	False	0.04904818560380726	False	False	Ecoli	False	True	False	False	umpire	manual	min	1.660964047443681
P0AAZ4	P0AAZ4		rarA		1282140.0	1121980.0	1200110.0	1196740.0	1169150.0	1168040.0	0	0.9698726004777924	-0.002489998447208966	False	0.04907792980368828	False	False	Ecoli	False	True	False	False	umpire	manual	min	1.660964047443681
P0A8K1	P0A8K1		psd		4104370.0	4322040.0	4242440.0	4605750.0	4297340.0	4694430.0	0	0.9703418278763534	0.0027122248754239144	False	0.04910767400356931	False	False	Ecoli	False	True	False	False	umpire	manual	min	1.660964047443681
P0A9D4	P0A9D4		cysE		3575560.0	3399020.0	3343890.0	3478200.0	3326120.0	3157720.0	0	0.9704323469287224	0.002263580433558855	False	0.049137418203450335	False	False	Ecoli	False	True	False	False	umpire	manual	min	1.660964047443681
P0AFZ1	P0AFZ1		sseB		2350050.0	2396780.0	2324480.0	2431760.0	2347020.0	2352220.0	0	0.9715167766309156	0.0008553180855855328	False	0.049167162403331355	False	False	Ecoli	False	True	False	False	umpire	manual	min	1.660964047443681
P42641	P42641		obgE		8243690.0	8368930.0	8237230.0	8264900.0	7594570.0	7445840.0	0	0.9737634034634408	0.0022912879932262945	False	0.049196906603212374	False	False	Ecoli	False	True	False	False	umpire	manual	min	1.660964047443681
P10384	P10384		fadL		13229200.0	12901000.0	12587700.0	12739900.0	12774000.0	11929100.0	0	0.974616926239009	0.0016025547624714078	False	0.049226650803093394	False	False	Ecoli	False	True	False	False	umpire	manual	min	1.660964047443681
P0AAJ8	P0AAJ8		hybA		1858370.0	1921890.0	1894350.0	1938560.0	1914610.0	1963820.0	0	0.9748674925305814	0.0008637389204113998	False	0.04925639500297443	False	False	Ecoli	False	True	False	False	umpire	manual	min	1.660964047443681
P64612	P64612		yhcM		1169910.0	1250830.0	1145050.0	1191100.0	1207670.0	1119210.0	0	0.9778342378361183	0.001576344337465964	False	0.04928613920285545	False	False	Ecoli	False	True	False	False	umpire	manual	min	1.660964047443681
P77434	P77434		alaC		2331310.0	2378370.0	2295210.0	2341240.0	2389750.0	2319440.0	0	0.9778835366389558	-0.0005994412905579839	False	0.04931588340273647	False	False	Ecoli	False	True	False	False	umpire	manual	min	1.660964047443681
P06709	P06709		birA		1549870.0	1570430.0	1620090.0	1550010.0	1580610.0	1627690.0	0	0.9780078457182284	0.0008262458270031142	False	0.049345627602617494	False	False	Ecoli	False	True	False	False	umpire	manual	min	1.660964047443681
P69910	P69910		gadB		46065000.0	44036900.0	44135900.0	42415700.0	42591600.0	39228500.0	0	0.9786820058028832	-0.0020897496601261474	False	0.04937537180249851	False	False	Ecoli	False	True	False	False	umpire	manual	min	1.660964047443681
P15042	P15042		ligA		8532920.0	8515050.0	8242590.0	8437020.0	8466400.0	8086530.0	0	0.9826426263810819	0.0006605112084458601	False	0.04940511600237954	False	False	Ecoli	False	True	False	False	umpire	manual	min	1.660964047443681
P0A9T4	P0A9T4		tas		9858610.0	9456230.0	9589240.0	9243110.0	9170820.0	8662340.0	0	0.9832399421341683	0.0013396002992738412	False	0.04943486020226057	False	False	Ecoli	False	True	False	False	umpire	manual	min	1.660964047443681
P04079	P04079		guaA		20101500.0	20020700.0	19746500.0	19776100.0	19760100.0	19139600.0	0	0.9840139694236991	0.0005087089939558168	False	0.049464604402141586	False	False	Ecoli	False	True	False	False	umpire	manual	min	1.660964047443681
P30014	P30014		rnt		5323580.0	5408900.0	5323470.0	5547000.0	5467580.0	5612130.0	0	0.984840765068346	-0.0005791498975495807	False	0.049494348602022606	False	False	Ecoli	False	True	False	False	umpire	manual	min	1.660964047443681
P0A7F9	P0A7F9		queA		4022580.0	3994580.0	4218840.0	4184610.0	4383230.0	4784750.0	0	0.9863500121530517	-0.0017173473073174713	False	0.049524092801903626	False	False	Ecoli	False	True	False	False	umpire	manual	min	1.660964047443681
P0ABN1	P0ABN1		dgkA		360008.0	394003.0	358163.0	251275.0	434681.0	287088.0	0	0.987958978507068	0.004178884001364111	False	0.04955383700178466	False	False	Ecoli	False	True	False	False	umpire	manual	min	1.660964047443681
P17115	P17115		gutQ		2264420.0	2341960.0	2271470.0	2211810.0	2117840.0	2000270.0	0	0.9880714281907561	-0.001208092515589202	False	0.04958358120166568	False	False	Ecoli	False	True	False	False	umpire	manual	min	1.660964047443681
P31979	P31979		nuoF		12850400.0	12729800.0	12568800.0	12627300.0	12352600.0	11954400.0	0	0.9884574891395612	0.000541851525323364	False	0.0496133254015467	False	False	Ecoli	False	True	False	False	umpire	manual	min	1.660964047443681
P37647	P37647		kdgK		1746260.0	1641390.0	1758200.0	1772900.0	1812220.0	1959450.0	0	0.9905571133650621	-0.00102023820987921	False	0.049643069601427725	False	False	Ecoli	False	True	False	False	umpire	manual	min	1.660964047443681
P0ADT8	P0ADT8		ygiM		3822450.0	3838830.0	3871470.0	3748520.0	3794720.0	3755100.0	0	0.9905865118170434	-0.0002110543756413063	False	0.049672813801308745	False	False	Ecoli	False	True	False	False	umpire	manual	min	1.660964047443681
P37765	P37765		rluB		4653070.0	4732360.0	4790000.0	4742980.0	4652300.0	4797760.0	0	0.9910176542534834	0.00021257633146324278	False	0.04970255800118977	False	False	Ecoli	False	True	False	False	umpire	manual	min	1.660964047443681
P76034	P76034		yciT		1489170.0	1496340.0	1538680.0	1572400.0	1571200.0	1694580.0	0	0.9923880176992714	0.0006749364097277735	False	0.0497323022010708	False	False	Ecoli	False	True	False	False	umpire	manual	min	1.660964047443681
P0A881	P0A881		trpR		3045800.0	3533600.0	3134590.0	3385980.0	2997780.0	2933160.0	0	0.9933953084972499	0.0008778565548867724	False	0.04976204640095182	False	False	Ecoli	False	True	False	False	umpire	manual	min	1.660964047443681
P13009	P13009		metH		2049490.0	2093790.0	2100330.0	2124600.0	2113900.0	2196740.0	0	0.993615425391768	-0.000270814325226427	False	0.04979179060083284	False	False	Ecoli	False	True	False	False	umpire	manual	min	1.660964047443681
P00956	P00956		ileS		21906100.0	21824400.0	21261200.0	21432900.0	21307800.0	20284200.0	0	0.9942959461491847	-0.00028850159408869684	False	0.049821534800713864	False	False	Ecoli	False	True	False	False	umpire	manual	min	1.660964047443681
P0AE52	P0AE52		bcp		20546000.0	20468000.0	19932600.0	19571700.0	19340800.0	17810600.0	0	0.9946804177856132	0.0005026824855920895	False	0.04985127900059489	False	False	Ecoli	False	True	False	False	umpire	manual	min	1.660964047443681
P37342	P37342		yjjI		3264520.0	3279490.0	3124100.0	3267190.0	3241030.0	3089670.0	0	0.9955029223253978	-0.00020368164215377833	False	0.04988102320047591	False	False	Ecoli	False	True	False	False	umpire	manual	min	1.660964047443681
P37666	P37666		ghrB		11378900.0	11411200.0	11009400.0	10987400.0	10824500.0	10038600.0	0	0.996160899332757	-0.0003252381827202343	False	0.04991076740035694	False	False	Ecoli	False	True	False	False	umpire	manual	min	1.660964047443681
P63020	P63020		nfuA		8745870.0	8879590.0	8472680.0	8594090.0	8605010.0	8049280.0	0	0.9973097657927161	-0.00016633560855767058	False	0.049940511600237956	False	False	Ecoli	False	True	False	False	umpire	manual	min	1.660964047443681
P0A805	P0A805		frr		27515900.0	28346600.0	27912400.0	27613700.0	26302900.0	25971300.0	0	0.998603419590811	-8.462443754173873e-05	False	0.049970255800118976	False	False	Ecoli	False	True	False	False	umpire	manual	min	1.660964047443681
P0A8W2	P0A8W2		slyA		8615580.0	8619320.0	8560730.0	8582030.0	8063550.0	7970860.0	0	0.9995001083201508	3.147985284183828e-05	False	0.05000000000000001	False	False	Ecoli	False	True	False	False	umpire	manual	min	1.660964047443681
