Protein.Group	Protein.Ids	Protein.Names	Genes	First.Protein.Description	/home/lerost/DIA_tools_manuscript/input_files/PXD026600/RD139_Wide_UPS1_1fmol_inj3.mzML	/home/lerost/DIA_tools_manuscript/input_files/PXD026600/RD139_Wide_UPS1_1fmol_inj2.mzML	/home/lerost/DIA_tools_manuscript/input_files/PXD026600/RD139_Wide_UPS1_2_5fmol_inj3.mzML	/home/lerost/DIA_tools_manuscript/input_files/PXD026600/RD139_Wide_UPS1_2_5fmol_inj1.mzML	/home/lerost/DIA_tools_manuscript/input_files/PXD026600/RD139_Wide_UPS1_2_5fmol_inj2.mzML	/home/lerost/DIA_tools_manuscript/input_files/PXD026600/RD139_Wide_UPS1_1fmol_inj1.mzML	isna	pval	log2_FC	Bonf_pass	BH_thr	BH_pass	FC_pass	Organism	Human	Ecoli	Yeast	FDR_pass	Search Engine	Quantitation	Imputation	FC_thr
P00918ups|CAH2_HUMAN_UPS Carbonic anhydrase 2 (Chain 2-260) - Homo sapiens (Human)	P00918ups|CAH2_HUMAN_UPS Carbonic anhydrase 2 (Chain 2-260) - Homo sapiens (Human)				603424.0	592980.0	1506320.0	1516070.0	1467180.0	548104.0	0	2.629040285462596e-06	-1.3637570603041234	True	2.997601918465228e-05	True	True	Human	True	False	False	True	umpire	manual	min	0.6609640474436812
P10636-8ups|TAU_HUMAN_UPS Microtubule-associated protein tau {Isoform Tau-F (Tau-4)} (Chain 2-441) - Homo sapiens (Human)	P10636-8ups|TAU_HUMAN_UPS Microtubule-associated protein tau {Isoform Tau-F (Tau-4)} (Chain 2-441) - Homo sapiens (Human)				157138.0	143854.0	493868.0	474526.0	496403.0	163915.0	0	4.206047730550867e-06	-1.65568668804979	True	5.995203836930456e-05	True	True	Human	True	False	False	True	umpire	manual	min	0.6609640474436812
P02788ups|TRFL_HUMAN_UPS Lactotransferrin (Chain 20-710) - Homo sapiens (Human)	P02788ups|TRFL_HUMAN_UPS Lactotransferrin (Chain 20-710) - Homo sapiens (Human)				705946.0	708323.0	1500150.0	1512680.0	1567340.0	666240.0	0	1.7247156811400168e-05	-1.1384646178449287	True	8.992805755395685e-05	True	True	Human	True	False	False	True	umpire	manual	min	0.6609640474436812
P01127ups|PDGFB_HUMAN_UPS Platelet-derived growth factor B chain (Chain 82-190) - Homo sapiens (Human)	P01127ups|PDGFB_HUMAN_UPS Platelet-derived growth factor B chain (Chain 82-190) - Homo sapiens (Human)				440387.0	491553.0	1017540.0	1046940.0	998495.0	434321.0	0	2.6565231404219873e-05	-1.1647004803815002	True	0.00011990407673860912	True	True	Human	True	False	False	True	umpire	manual	min	0.6609640474436812
P02768ups|ALBU_HUMAN_UPS Serum albumin (Chain 26-609) - Homo sapiens (Human)	P02768ups|ALBU_HUMAN_UPS Serum albumin (Chain 26-609) - Homo sapiens (Human)				9456960.0	9633040.0	21176300.0	22369500.0	22328400.0	8822020.0	0	4.442319618438377e-05	-1.2388269998583559	False	0.00014988009592326138	True	True	Human	True	False	False	True	umpire	manual	min	0.6609640474436812
P0A862	P0A862		tpx		41013600.0	41071600.0	42290300.0	42363300.0	42459500.0	41148300.0	0	4.7336815375885546e-05	-0.044718225049588174	False	0.0001798561151079137	True	False	Ecoli	False	True	False	True	umpire	manual	min	0.6609640474436812
P15559ups|NQO1_HUMAN_UPS NAD(P)H dehydrogenase [quinone] 1 (Chain 2-274) - Homo sapiens (Human)	P15559ups|NQO1_HUMAN_UPS NAD(P)H dehydrogenase [quinone] 1 (Chain 2-274) - Homo sapiens (Human)				395669.0	335900.0	918056.0	855912.0	918945.0	347777.0	0	4.745039849770718e-05	-1.3190102056432242	False	0.00020983213429256597	True	True	Human	True	False	False	True	umpire	manual	min	0.6609640474436812
P68871ups|HBB_HUMAN_UPS Hemoglobin subunit beta (Chain 2-147) - Homo sapiens (Human)	P68871ups|HBB_HUMAN_UPS Hemoglobin subunit beta (Chain 2-147) - Homo sapiens (Human)				1138100.0	1113310.0	1801230.0	1894760.0	1898250.0	1220440.0	0	9.895865977867505e-05	-0.6882375305699082	False	0.00023980815347721823	True	True	Human	True	False	False	True	umpire	manual	min	0.6609640474436812
P0A7U3	P0A7U3		rpsS		86216300.0	86886200.0	77984100.0	79239800.0	78556600.0	85777800.0	0	0.00010136399964168995	0.13484077818706977	False	0.0002697841726618705	True	False	Ecoli	False	True	False	True	umpire	manual	min	0.6609640474436812
P0A7S9	P0A7S9		rpsM		33940100.0	34021000.0	31946500.0	32124600.0	32262500.0	33786800.0	0	0.0001545070765936631	0.07888803304130597	False	0.00029976019184652276	True	False	Ecoli	False	True	False	True	umpire	manual	min	0.6609640474436812
P06732ups|KCRM_HUMAN_UPS Creatine kinase M-type (Chain 1-381) - Homo sapiens (Human)	P06732ups|KCRM_HUMAN_UPS Creatine kinase M-type (Chain 1-381) - Homo sapiens (Human)				409560.0	357454.0	744334.0	720816.0	680383.0	360408.0	0	0.00018645296919585458	-0.9283084660903129	False	0.0003297362110311751	True	True	Human	True	False	False	True	umpire	manual	min	0.6609640474436812
P02787ups|TRFE_HUMAN_UPS Serotransferrin (Chain 20-698) - Homo sapiens (Human)	P02787ups|TRFE_HUMAN_UPS Serotransferrin (Chain 20-698) - Homo sapiens (Human)				631843.0	791116.0	1631530.0	1772180.0	1716880.0	788030.0	0	0.00018773683662351925	-1.2116182011596017	False	0.0003597122302158274	True	True	Human	True	False	False	True	umpire	manual	min	0.6609640474436812
P01031ups|CO5_HUMAN_UPS Complement C5 (C5a anaphylatoxin) (Chain 678-751) - Homo sapiens (Human)	P01031ups|CO5_HUMAN_UPS Complement C5 (C5a anaphylatoxin) (Chain 678-751) - Homo sapiens (Human)				626079.0	709271.0	1607000.0	1517070.0	1446560.0	596108.0	0	0.0001889831079071838	-1.242702728963149	False	0.0003896882494004796	True	True	Human	True	False	False	True	umpire	manual	min	0.6609640474436812
P01344ups|IGF2_HUMAN_UPS Insulin-like growth factor II (Chain 25-91) - Homo sapiens (Human)	P01344ups|IGF2_HUMAN_UPS Insulin-like growth factor II (Chain 25-91) - Homo sapiens (Human)				699933.0	750664.0	1861330.0	1859120.0	1974160.0	723844.0	0	0.00026055584803855365	-1.3889524770762187	False	0.00041966426858513193	True	True	Human	True	False	False	True	umpire	manual	min	0.6609640474436812
P41159ups|LEP_HUMAN_UPS Leptin (Chain 22-167) - Homo sapiens (Human)	P41159ups|LEP_HUMAN_UPS Leptin (Chain 22-167) - Homo sapiens (Human)				289728.0	259166.0	889978.0	949457.0	830135.0	335463.0	0	0.00034404372375617667	-1.5939065950976585	False	0.0004496402877697842	True	True	Human	True	False	False	True	umpire	manual	min	0.6609640474436812
P08758ups|ANXA5_HUMAN_UPS Annexin A5 (Chain 2-320) - Homo sapiens (Human)	P08758ups|ANXA5_HUMAN_UPS Annexin A5 (Chain 2-320) - Homo sapiens (Human)				400991.0	353084.0	1263770.0	1227820.0	1139680.0	347019.0	0	0.0003597779196989902	-1.7215365679739378	False	0.00047961630695443646	True	True	Human	True	False	False	True	umpire	manual	min	0.6609640474436812
P75829	P75829		ybjX		2361860.0	2367130.0	2320760.0	2310620.0	2316620.0	2362120.0	0	0.0005423033242154694	0.029413721957066465	False	0.0005095923261390888	False	False	Ecoli	False	True	False	False	umpire	manual	min	0.6609640474436812
Q15843ups|NEDD8_HUMAN_UPS NEDD8 (Chain 1-81) - Homo sapiens (Human)	Q15843ups|NEDD8_HUMAN_UPS NEDD8 (Chain 1-81) - Homo sapiens (Human)				216047.0	284230.0	645894.0	755818.0	711222.0	287594.0	0	0.0005835798879990115	-1.4232163654590673	False	0.000539568345323741	False	True	Human	True	False	False	False	umpire	manual	min	0.6609640474436812
P18355	P18355				2207670.0	2226370.0	2781400.0	2766280.0	2814990.0	2113450.0	0	0.0010148470394895828	-0.3530216826403405	False	0.0005695443645083934	False	False	Ecoli	False	True	False	False	umpire	manual	min	0.6609640474436812
P68679	P68679		rpsU		44751400.0	44804600.0	42240400.0	42908100.0	42271500.0	45329000.0	0	0.0010704520282004797	0.08213817853269319	False	0.0005995203836930455	False	False	Ecoli	False	True	False	False	umpire	manual	min	0.6609640474436812
P0AEU7	P0AEU7		skp		25890600.0	25702400.0	24673100.0	24587100.0	24924900.0	26038200.0	0	0.001225044186827327	0.06550713633388355	False	0.0006294964028776979	False	False	Ecoli	False	True	False	False	umpire	manual	min	0.6609640474436812
P69905ups|HBA_HUMAN_UPS Hemoglobin subunit alpha (Chain 2-142) - Homo sapiens (Human)	P69905ups|HBA_HUMAN_UPS Hemoglobin subunit alpha (Chain 2-142) - Homo sapiens (Human)				317383.0	331789.0	626568.0	653432.0	682916.0	319081.0	0	0.0012748263685926932	-1.0195424648212927	False	0.0006594724220623502	False	True	Human	True	False	False	False	umpire	manual	min	0.6609640474436812
O76070ups|SYUG_HUMAN_UPS Gamma-synuclein (Chain 1-127) - Homo sapiens (Human)	O76070ups|SYUG_HUMAN_UPS Gamma-synuclein (Chain 1-127) - Homo sapiens (Human)				514841.0	634355.0	1293700.0	1524160.0	1363220.0	620075.0	0	0.001647153758858312	-1.2407206047286303	False	0.0006894484412470024	False	True	Human	True	False	False	False	umpire	manual	min	0.6609640474436812
P69908	P69908		gadA		3594570.0	3410770.0	4185760.0	3994340.0	4087680.0	3417240.0	0	0.001718603038204728	-0.23516175407534734	False	0.0007194244604316548	False	False	Ecoli	False	True	False	False	umpire	manual	min	0.6609640474436812
P01375ups|TNFA_HUMAN_UPS Tumor necrosis factor, soluble form (Chain 77-233) - Homo sapiens (Human)	P01375ups|TNFA_HUMAN_UPS Tumor necrosis factor, soluble form (Chain 77-233) - Homo sapiens (Human)				83907.7	96915.2	279790.0	319903.0	272166.0	144767.0	2	0.0018625769388932712	-1.421038889316283	False	0.000749400479616307	False	True	Human	True	False	False	False	umpire	manual	min	0.6609640474436812
P18390	P18390		yjjA		1492740.0	1496640.0	1538020.0	1550760.0	1551620.0	1508810.0	0	0.001990027797403868	-0.04490456955040074	False	0.0007793764988009592	False	False	Ecoli	False	True	False	False	umpire	manual	min	0.6609640474436812
P0A8L1	P0A8L1		serS		25876200.0	25535400.0	24613200.0	24391700.0	24764100.0	25589900.0	0	0.00205479913416331	0.0618718711232021	False	0.0008093525179856116	False	False	Ecoli	False	True	False	False	umpire	manual	min	0.6609640474436812
P0AG59	P0AG59		rpsN		27224800.0	27467300.0	26335000.0	26493700.0	26407000.0	27215700.0	0	0.002105821041874355	0.047850255348580985	False	0.0008393285371702639	False	False	Ecoli	False	True	False	False	umpire	manual	min	0.6609640474436812
P0A9P6	P0A9P6		deaD		9478230.0	9568530.0	9308950.0	9256440.0	9249310.0	9538420.0	0	0.0021238033612866816	0.03941982965469308	False	0.0008693045563549161	False	False	Ecoli	False	True	False	False	umpire	manual	min	0.6609640474436812
P01008ups|ANT3_HUMAN_UPS Antithrombin-III (Chain 33-464) - Homo sapiens (Human)	P01008ups|ANT3_HUMAN_UPS Antithrombin-III (Chain 33-464) - Homo sapiens (Human)				624318.0	668197.0	1191680.0	1124510.0	1118680.0	506328.0	0	0.0023848409986343393	-0.9331862221173662	False	0.0008992805755395684	False	True	Human	True	False	False	False	umpire	manual	min	0.6609640474436812
P0AG44	P0AG44		rplQ		229544000.0	229097000.0	218399000.0	220981000.0	216448000.0	232386000.0	0	0.0026419698817678485	0.07542458345594907	False	0.0009292565947242207	False	False	Ecoli	False	True	False	False	umpire	manual	min	0.6609640474436812
P77330	P77330		borD		28268800.0	28987500.0	30887800.0	30301400.0	30304000.0	28567700.0	0	0.0027425089520371664	-0.09228338037681597	False	0.0009592326139088729	False	False	Ecoli	False	True	False	False	umpire	manual	min	0.6609640474436812
P69222	P69222		infA		16002200.0	15868900.0	15200100.0	14917600.0	15010700.0	15943500.0	0	0.002923830881253928	0.08341557714929201	False	0.0009892086330935252	False	False	Ecoli	False	True	False	False	umpire	manual	min	0.6609640474436812
P76594	P76594		yfiQ		1823940.0	1929790.0	2099610.0	2190930.0	2171120.0	1898530.0	0	0.003149875686736851	-0.19307701062983523	False	0.0010191846522781777	False	False	Ecoli	False	True	False	False	umpire	manual	min	0.6609640474436812
P0ADZ0	P0ADZ0		rplW		8020200.0	7926030.0	8606570.0	8507930.0	8726120.0	8157080.0	0	0.0033066404763894444	-0.10040940643271286	False	0.0010491606714628297	False	False	Ecoli	False	True	False	False	umpire	manual	min	0.6609640474436812
P46887	P46887		yecH		321448.0	293308.0	211611.0	245778.0	224479.0	321086.0	0	0.003481396804460764	0.45677249647132834	False	0.001079136690647482	False	False	Ecoli	False	True	False	False	umpire	manual	min	0.6609640474436812
P18843	P18843		nadE		10705700.0	10733000.0	10869000.0	10851900.0	10814300.0	10697700.0	0	0.0039116780963052555	-0.017793098523190956	False	0.0011091127098321342	False	False	Ecoli	False	True	False	False	umpire	manual	min	0.6609640474436812
P0C018	P0C018		rplR		34571100.0	35474900.0	37968200.0	37061700.0	37933800.0	35445700.0	0	0.004031427373451439	-0.09872975502153278	False	0.0011390887290167867	False	False	Ecoli	False	True	False	False	umpire	manual	min	0.6609640474436812
P0AD59	P0AD59		ivy		2736400.0	2719710.0	2582160.0	2530350.0	2547040.0	2726190.0	0	0.004244596479117066	0.0952467978633592	False	0.001169064748201439	False	False	Ecoli	False	True	False	False	umpire	manual	min	0.6609640474436812
P60624	P60624		rplX		123461000.0	123739000.0	119338000.0	120563000.0	119051000.0	122452000.0	0	0.004560512035729859	0.04237678305866263	False	0.001199040767386091	False	False	Ecoli	False	True	False	False	umpire	manual	min	0.6609640474436812
P02144ups|MYG_HUMAN_UPS Myoglobin (Chain 2-154) - Homo sapiens (Human)	P02144ups|MYG_HUMAN_UPS Myoglobin (Chain 2-154) - Homo sapiens (Human)				764938.0	655342.0	1417720.0	1162730.0	1383540.0	602842.0	0	0.004609950567043099	-0.9703700019007347	False	0.0012290167865707435	False	True	Human	True	False	False	False	umpire	manual	min	0.6609640474436812
P00441ups|SODC_HUMAN_UPS Superoxide dismutase [Cu-Zn] (Chain 2-154) - Homo sapiens (Human)	P00441ups|SODC_HUMAN_UPS Superoxide dismutase [Cu-Zn] (Chain 2-154) - Homo sapiens (Human)				482699.0	459014.0	945207.0	860464.0	982598.0	479947.0	0	0.004738343132482242	-0.9717932772985161	False	0.0012589928057553958	False	True	Human	True	False	False	False	umpire	manual	min	0.6609640474436812
P12081ups|SYHC_HUMAN_UPS Histidyl-tRNA synthetase, cytoplasmic (Chain 1-509, C terminal His tag) - Homo sapiens (Human)	P12081ups|SYHC_HUMAN_UPS Histidyl-tRNA synthetase, cytoplasmic (Chain 1-509, C terminal His tag) - Homo sapiens (Human)				4709680.0	4277910.0	5727140.0	5586710.0	5807800.0	4274350.0	0	0.005197793695587189	-0.36852990678812986	False	0.0012889688249400478	False	False	Human	True	False	False	False	umpire	manual	min	0.6609640474436812
P05413ups|FABPH_HUMAN_UPS Fatty acid-binding protein, heart (Chain 2-133) - Homo sapiens (Human)	P05413ups|FABPH_HUMAN_UPS Fatty acid-binding protein, heart (Chain 2-133) - Homo sapiens (Human)				1124420.0	1161720.0	2682150.0	2834740.0	2437620.0	1123970.0	0	0.005345111211086608	-1.2219547858342565	False	0.0013189448441247003	False	True	Human	True	False	False	False	umpire	manual	min	0.6609640474436812
P0AF36	P0AF36		zapB		7225200.0	7204070.0	6784370.0	6814870.0	6933880.0	7101420.0	0	0.005500299724510262	0.06844169361274893	False	0.0013489208633093526	False	False	Ecoli	False	True	False	False	umpire	manual	min	0.6609640474436812
P22525	P22525		ycbB		1774890.0	1763240.0	1910620.0	1903600.0	1868800.0	1711390.0	0	0.005507355202356405	-0.11447227940886759	False	0.0013788968824940049	False	False	Ecoli	False	True	False	False	umpire	manual	min	0.6609640474436812
P0AAB6	P0AAB6		galF		12635600.0	12783800.0	12433900.0	12268800.0	12263000.0	12775400.0	0	0.005513583199768506	0.04718900393393477	False	0.0014088729016786571	False	False	Ecoli	False	True	False	False	umpire	manual	min	0.6609640474436812
P11988	P11988		bglB		620656.0	643235.0	904640.0	832412.0	792625.0	549142.0	0	0.005616873287733225	-0.4805480025952079	False	0.0014388489208633096	False	False	Ecoli	False	True	False	False	umpire	manual	min	0.6609640474436812
P05055	P05055		pnp		35799500.0	36058100.0	35279900.0	35023900.0	35231500.0	35747700.0	0	0.0057250160942153615	0.028023498410730905	False	0.0014688249400479616	False	False	Ecoli	False	True	False	False	umpire	manual	min	0.6609640474436812
P0A7X3	P0A7X3		rpsI		81057500.0	81275100.0	75491100.0	73184800.0	72624900.0	82233400.0	0	0.005887516276828943	0.14421518530143826	False	0.001498800959232614	False	False	Ecoli	False	True	False	False	umpire	manual	min	0.6609640474436812
P28248	P28248		dcd		3115760.0	3104920.0	2989540.0	3033960.0	2991430.0	3161790.0	0	0.006234033783314844	0.05765148284791217	False	0.0015287769784172664	False	False	Ecoli	False	True	False	False	umpire	manual	min	0.6609640474436812
P0AG63	P0AG63		rpsQ		200545000.0	198068000.0	206520000.0	205832000.0	205755000.0	199015000.0	0	0.0062473133730256624	-0.048608860816841605	False	0.0015587529976019184	False	False	Ecoli	False	True	False	False	umpire	manual	min	0.6609640474436812
P0A7V0	P0A7V0		rpsB		124633000.0	125235000.0	120753000.0	121723000.0	120078000.0	124568000.0	0	0.006315899708959423	0.046523257994565574	False	0.001588729016786571	False	False	Ecoli	False	True	False	False	umpire	manual	min	0.6609640474436812
P0A9M2	P0A9M2		hpt		13627200.0	13763000.0	13439400.0	13348400.0	13284800.0	13645900.0	0	0.006580061757073488	0.03427750812786503	False	0.0016187050359712232	False	False	Ecoli	False	True	False	False	umpire	manual	min	0.6609640474436812
P0AG48	P0AG48		rplU		98096200.0	97858400.0	103972000.0	104495000.0	103766000.0	95770100.0	0	0.00745217397129988	-0.09801548148543139	False	0.0016486810551558752	False	False	Ecoli	False	True	False	False	umpire	manual	min	0.6609640474436812
P24232	P24232		hmp		1456650.0	1445130.0	1389840.0	1347860.0	1359270.0	1494620.0	0	0.007482708087312872	0.10176532500463684	False	0.0016786570743405277	False	False	Ecoli	False	True	False	False	umpire	manual	min	0.6609640474436812
P0A6T1	P0A6T1		pgi		53943300.0	53783500.0	53014700.0	53363500.0	52974400.0	54226600.0	0	0.00843048031667619	0.023356197601113543	False	0.00170863309352518	False	False	Ecoli	False	True	False	False	umpire	manual	min	0.6609640474436812
P0AE67	P0AE67		cheY		1595710.0	1639590.0	1507740.0	1466030.0	1463800.0	1572460.0	0	0.009045288153481549	0.11559500219270448	False	0.0017386091127098323	False	False	Ecoli	False	True	False	False	umpire	manual	min	0.6609640474436812
P0ACA3	P0ACA3		sspA		32723400.0	32396800.0	31627600.0	32037100.0	31887300.0	32767600.0	0	0.009641241483990733	0.03484299377632003	False	0.0017685851318944845	False	False	Ecoli	False	True	False	False	umpire	manual	min	0.6609640474436812
P00954	P00954		trpS		14020400.0	14341700.0	13709200.0	13341600.0	13458600.0	14132800.0	0	0.010432551444473257	0.06903299057491126	False	0.0017985611510791368	False	False	Ecoli	False	True	False	False	umpire	manual	min	0.6609640474436812
P0AD61	P0AD61		pykF		49637900.0	50299500.0	48790300.0	48494100.0	49125900.0	50156100.0	0	0.010863009216058324	0.03584444933373511	False	0.001828537170263789	False	False	Ecoli	False	True	False	False	umpire	manual	min	0.6609640474436812
P0AEI6	P0AEI6		nudJ		2768740.0	2723160.0	2826420.0	2875630.0	2824380.0	2742760.0	0	0.011704033379160723	-0.050232730401349124	False	0.0018585131894484413	False	False	Ecoli	False	True	False	False	umpire	manual	min	0.6609640474436812
P0A6A8	P0A6A8		acpP		147800000.0	146048000.0	136695000.0	138168000.0	141106000.0	144545000.0	0	0.011877818652464072	0.07574874654590875	False	0.0018884892086330938	False	False	Ecoli	False	True	False	False	umpire	manual	min	0.6609640474436812
P0A7T7	P0A7T7		rpsR		69279700.0	71689400.0	78921400.0	77513500.0	78063200.0	72752900.0	0	0.012132324917552404	-0.13384081047377394	False	0.0019184652278177458	False	False	Ecoli	False	True	False	False	umpire	manual	min	0.6609640474436812
P0ACF0	P0ACF0		hupA		164552000.0	164149000.0	167398000.0	167654000.0	166386000.0	164249000.0	0	0.012198679768176424	-0.024630009476166156	False	0.0019484412470023981	False	False	Ecoli	False	True	False	False	umpire	manual	min	0.6609640474436812
P42628	P42628		yhaO		9240370.0	9285540.0	10369300.0	10155300.0	10496500.0	8647740.0	0	0.01232433719667948	-0.19104148161607065	False	0.0019784172661870504	False	False	Ecoli	False	True	False	False	umpire	manual	min	0.6609640474436812
P14900	P14900		murD		2903470.0	2852220.0	2807180.0	2763650.0	2802630.0	2881650.0	0	0.01242187096703287	0.044763198506717686	False	0.0020083932853717026	False	False	Ecoli	False	True	False	False	umpire	manual	min	0.6609640474436812
P0A8Y3	P0A8Y3		yihX		2676330.0	2611870.0	2810250.0	2800230.0	2757910.0	2688270.0	0	0.013936501782322317	-0.06919966782894624	False	0.0020383693045563553	False	False	Ecoli	False	True	False	False	umpire	manual	min	0.6609640474436812
P0A7A5	P0A7A5		pcm		802406.0	740807.0	856321.0	879600.0	927289.0	771212.0	0	0.014009870524304963	-0.20251238053428092	False	0.002068345323741007	False	False	Ecoli	False	True	False	False	umpire	manual	min	0.6609640474436812
P0AA16	P0AA16		ompR		7714350.0	7625420.0	8061210.0	7988950.0	8019850.0	7798090.0	0	0.014099090982511246	-0.056981304146870033	False	0.0020983213429256594	False	False	Ecoli	False	True	False	False	umpire	manual	min	0.6609640474436812
P0A7L0	P0A7L0		rplA		166922000.0	164026000.0	154738000.0	153638000.0	154118000.0	162039000.0	0	0.015281772601372144	0.0921149539694067	False	0.0021282973621103117	False	False	Ecoli	False	True	False	False	umpire	manual	min	0.6609640474436812
P0A9Q7	P0A9Q7		adhE		194063000.0	194260000.0	190590000.0	191296000.0	189128000.0	192848000.0	0	0.015561319566153748	0.025436597646484625	False	0.002158273381294964	False	False	Ecoli	False	True	False	False	umpire	manual	min	0.6609640474436812
P0A7W1	P0A7W1		rpsE		146346000.0	145531000.0	142491000.0	140278000.0	142761000.0	148654000.0	0	0.015856298855564263	0.04998269866794407	False	0.0021882494004796167	False	False	Ecoli	False	True	False	False	umpire	manual	min	0.6609640474436812
P76268	P76268		kdgR		5954300.0	6028020.0	5842010.0	5908860.0	5822460.0	6011560.0	0	0.01591628566804775	0.03411871086190761	False	0.0022182254196642685	False	False	Ecoli	False	True	False	False	umpire	manual	min	0.6609640474436812
P0ABV6	P0ABV6		tolR		6970240.0	6957780.0	7105000.0	7129570.0	7206300.0	7013390.0	0	0.015981086662411614	-0.034004863583895796	False	0.0022482014388489208	False	False	Ecoli	False	True	False	False	umpire	manual	min	0.6609640474436812
P15042	P15042		ligA		7486880.0	7464050.0	7787750.0	7756950.0	7616190.0	7375600.0	0	0.01624141518150976	-0.05293164838744382	False	0.0022781774580335735	False	False	Ecoli	False	True	False	False	umpire	manual	min	0.6609640474436812
P39310	P39310		ytfB		1658430.0	1657240.0	1700480.0	1679630.0	1707260.0	1633960.0	0	0.0163553439154587	-0.03959934062256204	False	0.0023081534772182253	False	False	Ecoli	False	True	False	False	umpire	manual	min	0.6609640474436812
P09424	P09424		mtlD		2446930.0	2403600.0	2351400.0	2285600.0	2314610.0	2398150.0	0	0.016956199470336965	0.060371155034543815	False	0.002338129496402878	False	False	Ecoli	False	True	False	False	umpire	manual	min	0.6609640474436812
P45578	P45578		luxS		21822900.0	21615200.0	20844900.0	20664900.0	20201000.0	21803600.0	0	0.0170675285238164	0.08027137741445953	False	0.0023681055155875303	False	False	Ecoli	False	True	False	False	umpire	manual	min	0.6609640474436812
P0AE08	P0AE08		ahpC		29790500.0	30200800.0	29350000.0	29583100.0	29249600.0	30131100.0	0	0.017740182299781897	0.03139008327388862	False	0.002398081534772182	False	False	Ecoli	False	True	False	False	umpire	manual	min	0.6609640474436812
P76539	P76539		ypeA		2955030.0	2895900.0	3273880.0	3341640.0	3151340.0	3059520.0	0	0.0184816990159308	-0.1323965237062804	False	0.0024280575539568344	False	False	Ecoli	False	True	False	False	umpire	manual	min	0.6609640474436812
P76491	P76491		yfbR		849844.0	879216.0	816657.0	826592.0	804372.0	885045.0	0	0.018638489715374428	0.09493690829674063	False	0.002458033573141487	False	False	Ecoli	False	True	False	False	umpire	manual	min	0.6609640474436812
P00490	P00490		malP		5607230.0	5609960.0	5706800.0	5714400.0	5708190.0	5557100.0	0	0.01890449393866781	-0.0302220728509546	False	0.0024880095923261393	False	False	Ecoli	False	True	False	False	umpire	manual	min	0.6609640474436812
P0A877	P0A877		trpA		1707570.0	1690910.0	1804000.0	1746360.0	1788210.0	1674920.0	0	0.018985853781193943	-0.07350043972334892	False	0.0025179856115107916	False	False	Ecoli	False	True	False	False	umpire	manual	min	0.6609640474436812
P63279ups|UBC9_HUMAN_UPS SUMO-conjugating enzyme UBC9 (Chain 1-158) - Homo sapiens (Human)	P63279ups|UBC9_HUMAN_UPS SUMO-conjugating enzyme UBC9 (Chain 1-158) - Homo sapiens (Human)				83907.7	368255.0	766543.0	829444.0	789846.0	285655.0	1	0.019006345821455377	-1.6931567586070488	False	0.002547961630695444	False	True	Human	True	False	False	False	umpire	manual	min	0.6609640474436812
P33225	P33225		torA		3417220.0	3475800.0	3971610.0	3661310.0	3891330.0	3200080.0	0	0.01931578207019408	-0.19130351027552858	False	0.0025779376498800957	False	False	Ecoli	False	True	False	False	umpire	manual	min	0.6609640474436812
P45577	P45577		proQ		17021000.0	16866400.0	16617900.0	16686700.0	16420300.0	17160500.0	0	0.01951954785511928	0.03788314326710619	False	0.0026079136690647484	False	False	Ecoli	False	True	False	False	umpire	manual	min	0.6609640474436812
P07862	P07862		ddlB		2172470.0	2114280.0	2258830.0	2205420.0	2263160.0	2094420.0	0	0.019922376849006922	-0.07623021626774361	False	0.0026378896882494006	False	False	Ecoli	False	True	False	False	umpire	manual	min	0.6609640474436812
P77717	P77717		ybaY		1418690.0	1490130.0	1361720.0	1362360.0	1314220.0	1439790.0	0	0.020167260931926702	0.10680623761756428	False	0.002667865707434053	False	False	Ecoli	False	True	False	False	umpire	manual	min	0.6609640474436812
P0A817	P0A817		metK		10023600.0	10133100.0	9743830.0	9880840.0	9744210.0	9964430.0	0	0.020542736136774185	0.03648764534378908	False	0.002697841726618705	False	False	Ecoli	False	True	False	False	umpire	manual	min	0.6609640474436812
P0ADT8	P0ADT8		ygiM		3784550.0	3803500.0	3999610.0	3920660.0	3886060.0	3698100.0	0	0.020654999315428392	-0.0650071432432714	False	0.002727817745803357	False	False	Ecoli	False	True	False	False	umpire	manual	min	0.6609640474436812
P0AC47	P0AC47		frdB		18236800.0	18655100.0	17620100.0	17611600.0	18041700.0	18484000.0	0	0.020789833399574797	0.05584288222649568	False	0.0027577937649880097	False	False	Ecoli	False	True	False	False	umpire	manual	min	0.6609640474436812
P0ADV7	P0ADV7		mlaC		9096440.0	8957470.0	9590240.0	9570240.0	9421580.0	9258210.0	0	0.020829104307728656	-0.06556859760783985	False	0.002787769784172662	False	False	Ecoli	False	True	False	False	umpire	manual	min	0.6609640474436812
P06722	P06722		mutH		496519.0	526553.0	465605.0	473296.0	449189.0	500518.0	0	0.021305694209588107	0.1343736126027523	False	0.0028177458033573142	False	False	Ecoli	False	True	False	False	umpire	manual	min	0.6609640474436812
P07017	P07017		tar		3503580.0	3497300.0	3605630.0	3583780.0	3560780.0	3505260.0	0	0.021371933667117975	-0.033129443960105184	False	0.0028477218225419665	False	False	Ecoli	False	True	False	False	umpire	manual	min	0.6609640474436812
P21165	P21165		pepQ		10925500.0	10926500.0	10761100.0	10788300.0	10660200.0	11075400.0	0	0.021454501513835628	0.03179785443410189	False	0.002877697841726619	False	False	Ecoli	False	True	False	False	umpire	manual	min	0.6609640474436812
P0AF28	P0AF28		narL		6756530.0	6740860.0	6567790.0	6540590.0	6659210.0	6871800.0	0	0.022189694696519217	0.04325161819767457	False	0.0029076738609112715	False	False	Ecoli	False	True	False	False	umpire	manual	min	0.6609640474436812
P61175	P61175		rplV		200516000.0	203225000.0	191376000.0	195489000.0	196859000.0	203620000.0	0	0.02226728687297962	0.05726788651354899	False	0.0029376498800959233	False	False	Ecoli	False	True	False	False	umpire	manual	min	0.6609640474436812
P22188	P22188		murE		4601950.0	4557060.0	4840960.0	4768810.0	4714140.0	4598760.0	0	0.02379378858326298	-0.0581787168272322	False	0.0029676258992805756	False	False	Ecoli	False	True	False	False	umpire	manual	min	0.6609640474436812
P0AD33	P0AD33		yfcZ		41873600.0	44785700.0	48555100.0	48589600.0	46479300.0	44382400.0	0	0.024277892627112024	-0.1322708697103568	False	0.002997601918465228	False	False	Ecoli	False	True	False	False	umpire	manual	min	0.6609640474436812
P0ABS1	P0ABS1		dksA		25854600.0	26048400.0	25539000.0	25694900.0	25319400.0	26173100.0	0	0.024828606838411378	0.028416420618483526	False	0.0030275779376498805	False	False	Ecoli	False	True	False	False	umpire	manual	min	0.6609640474436812
P00957	P00957		alaS		14648100.0	14616600.0	14251300.0	14138600.0	14387100.0	14527300.0	0	0.02530688207950377	0.033832031620308324	False	0.003057553956834533	False	False	Ecoli	False	True	False	False	umpire	manual	min	0.6609640474436812
P0A7L3	P0A7L3		rplT		43714100.0	44145300.0	42607500.0	43251600.0	42937800.0	44668800.0	0	0.02550112642727356	0.04120150627912625	False	0.003087529976019185	False	False	Ecoli	False	True	False	False	umpire	manual	min	0.6609640474436812
P0AGJ5	P0AGJ5		yfiF		12597000.0	12802100.0	13078000.0	12913600.0	12917900.0	12619600.0	0	0.025916531623117082	-0.033413239570098896	False	0.003117505995203837	False	False	Ecoli	False	True	False	False	umpire	manual	min	0.6609640474436812
P0AA57	P0AA57		yobA		1190760.0	1229210.0	1322110.0	1298660.0	1263170.0	1232190.0	0	0.0260326593034595	-0.08877094311368461	False	0.003147482014388489	False	False	Ecoli	False	True	False	False	umpire	manual	min	0.6609640474436812
P0ADG7	P0ADG7		guaB		38365700.0	38561900.0	38107800.0	37570700.0	37918400.0	38864700.0	0	0.027065060367159027	0.027615854651826057	False	0.003177458033573142	False	False	Ecoli	False	True	False	False	umpire	manual	min	0.6609640474436812
P30014	P30014		rnt		5462120.0	5431790.0	5586880.0	5727780.0	5651970.0	5538410.0	0	0.02855102353515229	-0.046163855945737714	False	0.003207434052757794	False	False	Ecoli	False	True	False	False	umpire	manual	min	0.6609640474436812
P27859	P27859		tatD		1105580.0	1206720.0	1357690.0	1416690.0	1286470.0	1222020.0	0	0.028721134791732727	-0.20034906936140287	False	0.0032374100719424464	False	False	Ecoli	False	True	False	False	umpire	manual	min	0.6609640474436812
P60716	P60716		lipA		7953950.0	7964140.0	7818430.0	7890830.0	7827830.0	7927380.0	0	0.02880229662074634	0.018779254583761427	False	0.003267386091127098	False	False	Ecoli	False	True	False	False	umpire	manual	min	0.6609640474436812
P15254	P15254		purL		3063250.0	3047170.0	3100090.0	3105520.0	3079840.0	3070190.0	0	0.02883904697011347	-0.016381813255207645	False	0.0032973621103117505	False	False	Ecoli	False	True	False	False	umpire	manual	min	0.6609640474436812
P0ADU2	P0ADU2		ygiN		9560340.0	9165540.0	8720660.0	8966950.0	8644920.0	9705510.0	0	0.029083535024267672	0.1106384929919032	False	0.003327338129496403	False	False	Ecoli	False	True	False	False	umpire	manual	min	0.6609640474436812
P00959	P00959		metG		18712400.0	18863900.0	18237000.0	18356600.0	18584900.0	18922200.0	0	0.029414781230768152	0.03410632710196826	False	0.0033573141486810554	False	False	Ecoli	False	True	False	False	umpire	manual	min	0.6609640474436812
P0ABU0	P0ABU0		menB		11279500.0	11382000.0	11647700.0	11735800.0	11538300.0	11470500.0	0	0.0295804892028337	-0.03300296964616687	False	0.0033872901678657077	False	False	Ecoli	False	True	False	False	umpire	manual	min	0.6609640474436812
P0ACG1	P0ACG1		stpA		27365900.0	26574300.0	25736200.0	26261300.0	25149100.0	27421300.0	0	0.03023005377566408	0.07674370147623148	False	0.00341726618705036	False	False	Ecoli	False	True	False	False	umpire	manual	min	0.6609640474436812
P31060	P31060		modF		301154.0	293035.0	231196.0	271593.0	255537.0	315634.0	0	0.030468669389670616	0.26276771783172354	False	0.003447242206235012	False	False	Ecoli	False	True	False	False	umpire	manual	min	0.6609640474436812
P0A705	P0A705		infB		22723800.0	22902700.0	22145300.0	22461000.0	22540300.0	23084700.0	0	0.031697002074513675	0.03323092911182923	False	0.0034772182254196645	False	False	Ecoli	False	True	False	False	umpire	manual	min	0.6609640474436812
P0A7R1	P0A7R1		rplI		312250000.0	310944000.0	325461000.0	316706000.0	324348000.0	307764000.0	0	0.03250573867637295	-0.054076040441224146	False	0.0035071942446043168	False	False	Ecoli	False	True	False	False	umpire	manual	min	0.6609640474436812
P52007	P52007		yecM		1843190.0	1840220.0	1928200.0	1874140.0	1923540.0	1779630.0	0	0.03291971949333622	-0.0677934490179363	False	0.003537170263788969	False	False	Ecoli	False	True	False	False	umpire	manual	min	0.6609640474436812
P0AFD4	P0AFD4		nuoH		2537740.0	2477800.0	2580960.0	2682520.0	2626160.0	2508080.0	0	0.03294897636326423	-0.0685324887120888	False	0.0035671462829736213	False	False	Ecoli	False	True	False	False	umpire	manual	min	0.6609640474436812
P11875	P11875		argS		13826500.0	14027900.0	13625400.0	13746200.0	13707900.0	13980700.0	0	0.03324447216468672	0.02629526164939536	False	0.0035971223021582736	False	False	Ecoli	False	True	False	False	umpire	manual	min	0.6609640474436812
P37689	P37689		gpmI		28349600.0	28792800.0	27344800.0	27604300.0	28058300.0	28417700.0	0	0.033910476854454905	0.04369821213240541	False	0.0036270983213429263	False	False	Ecoli	False	True	False	False	umpire	manual	min	0.6609640474436812
P69741	P69741		hybO		2963190.0	2886410.0	2822150.0	2849070.0	2769120.0	2903700.0	0	0.03430772831823975	0.05252590068980859	False	0.003657074340527578	False	False	Ecoli	False	True	False	False	umpire	manual	min	0.6609640474436812
P75957	P75957		lolD		4929550.0	4785510.0	4633150.0	4615250.0	4671450.0	4805440.0	0	0.03471344005727639	0.06094746723950633	False	0.0036870503597122304	False	False	Ecoli	False	True	False	False	umpire	manual	min	0.6609640474436812
P0A8X2	P0A8X2		yceI		1110410.0	1108630.0	1197430.0	1170120.0	1151530.0	1046630.0	0	0.03526231444387774	-0.10781929941248282	False	0.0037170263788968826	False	False	Ecoli	False	True	False	False	umpire	manual	min	0.6609640474436812
P0AG99	P0AG99		secG		6187220.0	6282960.0	6023990.0	5973680.0	6137620.0	6249690.0	0	0.0361653446546051	0.045770600655073136	False	0.003747002398081535	False	False	Ecoli	False	True	False	False	umpire	manual	min	0.6609640474436812
P05825	P05825		fepA		1961770.0	1924870.0	2005660.0	2043690.0	2008580.0	1879330.0	0	0.03626932271645788	-0.07126157714542479	False	0.0037769784172661876	False	False	Ecoli	False	True	False	False	umpire	manual	min	0.6609640474436812
P64581	P64581		yqjD		23381000.0	23428500.0	24349200.0	23931200.0	23787800.0	22809700.0	0	0.036390084960784996	-0.04987757652288991	False	0.00380695443645084	False	False	Ecoli	False	True	False	False	umpire	manual	min	0.6609640474436812
P0A870	P0A870		talB		47288800.0	46908900.0	47513600.0	47387300.0	47750400.0	46996900.0	0	0.03644212380650737	-0.014807980784224753	False	0.0038369304556354917	False	False	Ecoli	False	True	False	False	umpire	manual	min	0.6609640474436812
P62399	P62399		rplE		148007000.0	149783000.0	145267000.0	147456000.0	146017000.0	150783000.0	0	0.03649835152457618	0.03197654286080569	False	0.003866906474820144	False	False	Ecoli	False	True	False	False	umpire	manual	min	0.6609640474436812
P0ACF4	P0ACF4		hupB		36842300.0	36631800.0	38930800.0	37390600.0	38621800.0	35857200.0	0	0.036533942954096045	-0.0722146359767177	False	0.0038968824940047962	False	False	Ecoli	False	True	False	False	umpire	manual	min	0.6609640474436812
P23917	P23917		mak		1517920.0	1504750.0	1568820.0	1633310.0	1595020.0	1550660.0	0	0.03669735180878254	-0.06893252709983039	False	0.0039268585131894485	False	False	Ecoli	False	True	False	False	umpire	manual	min	0.6609640474436812
P37666	P37666		ghrB		10794300.0	11044400.0	10358300.0	10737300.0	10371000.0	11139500.0	0	0.03712690753174303	0.06769135414301196	False	0.003956834532374101	False	False	Ecoli	False	True	False	False	umpire	manual	min	0.6609640474436812
P0AEK2	P0AEK2		fabG		69050700.0	70020700.0	66828100.0	66998100.0	67791000.0	68337500.0	0	0.037239513828651885	0.040859081444299374	False	0.003986810551558753	False	False	Ecoli	False	True	False	False	umpire	manual	min	0.6609640474436812
P0A7D7	P0A7D7		purC		7133530.0	7257630.0	6993570.0	7114250.0	6961120.0	7285730.0	0	0.037286177001790134	0.041040054464204945	False	0.004016786570743405	False	False	Ecoli	False	True	False	False	umpire	manual	min	0.6609640474436812
P0A9W6	P0A9W6		yrbA		7145660.0	7143890.0	6852980.0	6764110.0	6461810.0	7602200.0	0	0.03816067151943013	0.12470705139915161	False	0.0040467625899280575	False	False	Ecoli	False	True	False	False	umpire	manual	min	0.6609640474436812
P37651	P37651		bcsZ		2202460.0	2139080.0	2238310.0	2320070.0	2247380.0	2160200.0	0	0.03841169084779768	-0.06593041182208798	False	0.004076738609112711	False	False	Ecoli	False	True	False	False	umpire	manual	min	0.6609640474436812
P0A7U7	P0A7U7		rpsT		33250600.0	33278100.0	31766400.0	31969100.0	31744900.0	32478300.0	0	0.03846018491175254	0.052325919951788806	False	0.004106714628297362	False	False	Ecoli	False	True	False	False	umpire	manual	min	0.6609640474436812
P60438	P60438		rplC		289425000.0	290134000.0	297182000.0	293134000.0	295581000.0	284119000.0	0	0.038566999562902535	-0.03664543055707243	False	0.004136690647482014	False	False	Ecoli	False	True	False	False	umpire	manual	min	0.6609640474436812
P0ACP7	P0ACP7		purR		6362980.0	6295410.0	6056200.0	5831950.0	5921860.0	6098560.0	0	0.03897893348545357	0.07473692899911132	False	0.004166666666666667	False	False	Ecoli	False	True	False	False	umpire	manual	min	0.6609640474436812
P75821	P75821		ybjS		1331040.0	1451200.0	1524610.0	1573350.0	1535140.0	1413520.0	0	0.03917801006395639	-0.14304566432872984	False	0.004196642685851319	False	False	Ecoli	False	True	False	False	umpire	manual	min	0.6609640474436812
P08957	P08957		hsdM		7575500.0	7510900.0	7363810.0	7458960.0	7450780.0	7540950.0	0	0.03940515510100986	0.022736117519920596	False	0.004226618705035972	False	False	Ecoli	False	True	False	False	umpire	manual	min	0.6609640474436812
P08660	P08660		lysC		2439390.0	2502410.0	2413120.0	2355600.0	2415580.0	2489800.0	0	0.03992923103260857	0.04882525689430616	False	0.004256594724220623	False	False	Ecoli	False	True	False	False	umpire	manual	min	0.6609640474436812
P0AF70	P0AF70		yjeI		9369380.0	9706060.0	8049110.0	8893450.0	8846530.0	10394700.0	0	0.039995738123310136	0.19249304736090572	False	0.004286570743405276	False	False	Ecoli	False	True	False	False	umpire	manual	min	0.6609640474436812
P03841	P03841		malM		10124100.0	10178600.0	10420700.0	10443600.0	10808400.0	9921760.0	0	0.04015501362122757	-0.06752329386420236	False	0.004316546762589928	False	False	Ecoli	False	True	False	False	umpire	manual	min	0.6609640474436812
P25745	P25745		mnmA		3867450.0	4009010.0	4065740.0	4054630.0	4184280.0	3884810.0	0	0.041232395828573215	-0.06515976858338295	False	0.00434652278177458	False	False	Ecoli	False	True	False	False	umpire	manual	min	0.6609640474436812
P69874	P69874		potA		4204470.0	4202210.0	4251910.0	4311910.0	4312610.0	4228890.0	0	0.04161448351146196	-0.02724191379320031	False	0.004376498800959233	False	False	Ecoli	False	True	False	False	umpire	manual	min	0.6609640474436812
P0AE06	P0AE06		acrA		21122100.0	20966600.0	21299100.0	21404700.0	21168000.0	20850500.0	0	0.04169700681473407	-0.021220267205243868	False	0.004406474820143886	False	False	Ecoli	False	True	False	False	umpire	manual	min	0.6609640474436812
P08192	P08192		folC		2578440.0	2573640.0	2566190.0	2552400.0	2564700.0	2581600.0	0	0.04170838376429275	0.009430862482832623	False	0.004436450839328537	False	False	Ecoli	False	True	False	False	umpire	manual	min	0.6609640474436812
P0AAI9	P0AAI9		fabD		5159070.0	5196140.0	5365970.0	5273710.0	5265510.0	5050320.0	0	0.04189702172394093	-0.04604928950581499	False	0.004466426858513189	False	False	Ecoli	False	True	False	False	umpire	manual	min	0.6609640474436812
P0AGD7	P0AGD7		ffh		4877800.0	4830620.0	4786880.0	4781020.0	4819970.0	4893370.0	0	0.041914596081293796	0.021292207293743884	False	0.0044964028776978415	False	False	Ecoli	False	True	False	False	umpire	manual	min	0.6609640474436812
P25516	P25516		acnA		3184540.0	3155460.0	3227040.0	3340110.0	3257630.0	3085730.0	0	0.041977653860052096	-0.05982074643659111	False	0.004526378896882495	False	False	Ecoli	False	True	False	False	umpire	manual	min	0.6609640474436812
P0AFF6	P0AFF6		nusA		22663800.0	22496200.0	21836300.0	22342400.0	21774900.0	22846200.0	0	0.042050841138493215	0.04421487076367995	False	0.004556354916067147	False	False	Ecoli	False	True	False	False	umpire	manual	min	0.6609640474436812
P62556	P62556		sopA		4061430.0	4086730.0	4164110.0	4136630.0	4214990.0	4089190.0	0	0.04208231865503448	-0.03245126495709473	False	0.004586330935251799	False	False	Ecoli	False	True	False	False	umpire	manual	min	0.6609640474436812
P08839	P08839		ptsI		32655600.0	32619200.0	31973800.0	32387100.0	32306900.0	32841000.0	0	0.042203015115382485	0.021450069740761118	False	0.004616306954436451	False	False	Ecoli	False	True	False	False	umpire	manual	min	0.6609640474436812
P00370	P00370		gdhA		1930640.0	1869860.0	1845370.0	1846520.0	1815610.0	1910620.0	0	0.042258933958617614	0.05237610837605016	False	0.004646282973621103	False	False	Ecoli	False	True	False	False	umpire	manual	min	0.6609640474436812
P0A9T0	P0A9T0		serA		9019860.0	9084180.0	8981750.0	8913130.0	8992580.0	9068190.0	0	0.042554724954142496	0.015199497699802741	False	0.004676258992805756	False	False	Ecoli	False	True	False	False	umpire	manual	min	0.6609640474436812
P77247	P77247		yniC		2482400.0	2434600.0	2555650.0	2555050.0	2678030.0	2408090.0	0	0.043478382954272005	-0.08854162185326762	False	0.004706235011990408	False	False	Ecoli	False	True	False	False	umpire	manual	min	0.6609640474436812
P0AC75	P0AC75		waaA		879491.0	958350.0	1029050.0	1144250.0	1186890.0	993453.0	0	0.04364067986621515	-0.24708124599129216	False	0.0047362110311750605	False	False	Ecoli	False	True	False	False	umpire	manual	min	0.6609640474436812
P0ADB1	P0ADB1		osmE		20118800.0	20193500.0	19722500.0	19842100.0	19678600.0	20559200.0	0	0.0446948861016117	0.03911734786978346	False	0.004766187050359712	False	False	Ecoli	False	True	False	False	umpire	manual	min	0.6609640474436812
P0AAT6	P0AAT6		rsfS		3615150.0	3691700.0	3402050.0	3462990.0	3581390.0	3720240.0	0	0.045428114699942485	0.07804212553445049	False	0.004796163069544364	False	False	Ecoli	False	True	False	False	umpire	manual	min	0.6609640474436812
P76004	P76004		ycgM		1401680.0	1405500.0	1331390.0	1343760.0	1248180.0	1450400.0	0	0.045740115979982	0.11795494961981054	False	0.004826139088729017	False	False	Ecoli	False	True	False	False	umpire	manual	min	0.6609640474436812
P0A7M6	P0A7M6		rpmC		23939500.0	23938800.0	23472000.0	22962100.0	23187800.0	23509500.0	0	0.04583981949214128	0.03613635614744218	False	0.004856115107913669	False	False	Ecoli	False	True	False	False	umpire	manual	min	0.6609640474436812
P0ADZ7	P0ADZ7		yajC		19929300.0	20524900.0	19296900.0	19390400.0	19224700.0	20833600.0	0	0.04740132816847298	0.0817375970440082	False	0.004886091127098322	False	False	Ecoli	False	True	False	False	umpire	manual	min	0.6609640474436812
O00762ups|UBE2C_HUMAN_UPS Ubiquitin-conjugating enzyme E2 C (Chain 1-179, N-terminal His tag)- Homo sapiens (Human)	O00762ups|UBE2C_HUMAN_UPS Ubiquitin-conjugating enzyme E2 C (Chain 1-179, N-terminal His tag)- Homo sapiens (Human)				564340.0	526119.0	1018810.0	829669.0	911691.0	144767.0	1	0.047477772341359234	-1.1599821009095712	False	0.004916067146282974	False	True	Human	True	False	False	False	umpire	manual	min	0.6609640474436812
P76027	P76027		oppD		989441.0	1034450.0	1092500.0	1098820.0	1106750.0	1049640.0	0	0.047555903720873885	-0.10172498329295235	False	0.0049460431654676255	False	False	Ecoli	False	True	False	False	umpire	manual	min	0.6609640474436812
P0A6F5	P0A6F5		groL		84182700.0	84699000.0	85350500.0	85772300.0	86615700.0	84764900.0	0	0.04792560929424933	-0.023088235584193484	False	0.004976019184652279	False	False	Ecoli	False	True	False	False	umpire	manual	min	0.6609640474436812
P13033	P13033		glpB		1308080.0	1236790.0	1206240.0	1145290.0	1220780.0	1292750.0	0	0.04950308012246108	0.10335458244533872	False	0.00500599520383693	False	False	Ecoli	False	True	False	False	umpire	manual	min	0.6609640474436812
P09546	P09546		putA		1724530.0	1739780.0	1954710.0	1837020.0	1857320.0	1766550.0	0	0.04971447391767641	-0.11096011219540614	False	0.005035971223021583	False	False	Ecoli	False	True	False	False	umpire	manual	min	0.6609640474436812
P04983	P04983		rbsA		637225.0	703345.0	722758.0	776292.0	835518.0	570875.0	0	0.04982143743512678	-0.2884919226108228	False	0.0050659472422062354	False	False	Ecoli	False	True	False	False	umpire	manual	min	0.6609640474436812
P0A698	P0A698		uvrA		5514930.0	5503380.0	5644000.0	5647030.0	5765640.0	5603690.0	0	0.0499172955184311	-0.03724203339353065	False	0.005095923261390888	False	False	Ecoli	False	True	False	False	umpire	manual	min	0.6609640474436812
P0ADH5	P0ADH5		fimB		949627.0	870386.0	1041180.0	995610.0	959684.0	851368.0	0	0.05026498105631926	-0.1656801039514554	False	0.00512589928057554	False	False	Ecoli	False	True	False	False	umpire	manual	min	0.6609640474436812
P0ACR9	P0ACR9		mprA		9956330.0	9924850.0	10208600.0	10100700.0	10434500.0	9799810.0	0	0.050329511274603396	-0.05075628287278362	False	0.005155875299760191	False	False	Ecoli	False	True	False	False	umpire	manual	min	0.6609640474436812
P26612	P26612		amyA		675944.0	624727.0	732943.0	707985.0	685130.0	656458.0	0	0.05069646062825143	-0.11944210362136362	False	0.0051858513189448445	False	False	Ecoli	False	True	False	False	umpire	manual	min	0.6609640474436812
P37330	P37330		glcB		1751320.0	1853410.0	1964930.0	1856430.0	1919740.0	1761380.0	0	0.05070480443688681	-0.09745055633520563	False	0.005215827338129497	False	False	Ecoli	False	True	False	False	umpire	manual	min	0.6609640474436812
P0AEH5	P0AEH5		elaB		9300570.0	9120750.0	9567830.0	9498620.0	9303150.0	9080850.0	0	0.05141667313558153	-0.04480035343319895	False	0.005245803357314149	False	False	Ecoli	False	True	False	False	umpire	manual	min	0.6609640474436812
P0A8A0	P0A8A0		yebC		5222550.0	5330930.0	4501700.0	4941180.0	4870740.0	5342940.0	0	0.0517291435471553	0.15131331130730308	False	0.005275779376498801	False	False	Ecoli	False	True	False	False	umpire	manual	min	0.6609640474436812
P06999	P06999		pfkB		1625560.0	1610360.0	1671930.0	1666570.0	1657160.0	1571370.0	0	0.05188746639388512	-0.0554514550480684	False	0.005305755395683453	False	False	Ecoli	False	True	False	False	umpire	manual	min	0.6609640474436812
P69330	P69330		citD		7531660.0	7427980.0	7851960.0	7645330.0	7700820.0	7190110.0	0	0.053133103017631626	-0.06671685521888089	False	0.005335731414868106	False	False	Ecoli	False	True	False	False	umpire	manual	min	0.6609640474436812
P25524	P25524		codA		2245610.0	2324800.0	2472660.0	2328990.0	2462570.0	2209880.0	0	0.053383419670102225	-0.09946091568800922	False	0.005365707434052758	False	False	Ecoli	False	True	False	False	umpire	manual	min	0.6609640474436812
P0A7J3	P0A7J3		rplJ		554736000.0	551612000.0	561441000.0	555012000.0	561610000.0	548861000.0	0	0.05395123632071259	-0.019783485494998285	False	0.00539568345323741	False	False	Ecoli	False	True	False	False	umpire	manual	min	0.6609640474436812
P11880	P11880		murF		5975450.0	5934920.0	6078790.0	6139760.0	6242090.0	6054450.0	0	0.054094063076761914	-0.039278089502685125	False	0.005425659472422063	False	False	Ecoli	False	True	False	False	umpire	manual	min	0.6609640474436812
P0AF96	P0AF96		tabA		2859600.0	3039890.0	3105670.0	3110940.0	3326800.0	2876580.0	0	0.05410539157075403	-0.12092982133040825	False	0.005455635491606714	False	False	Ecoli	False	True	False	False	umpire	manual	min	0.6609640474436812
P0ABD8	P0ABD8		accB		33837400.0	35310900.0	32791600.0	32550900.0	33793300.0	34595800.0	0	0.0552869956743926	0.0655512478972202	False	0.005485611510791367	False	False	Ecoli	False	True	False	False	umpire	manual	min	0.6609640474436812
P08337	P08337		mutT		1040440.0	993163.0	897328.0	945021.0	977639.0	1096100.0	0	0.05564432340089768	0.150336732474307	False	0.005515587529976019	False	False	Ecoli	False	True	False	False	umpire	manual	min	0.6609640474436812
P06959	P06959		aceF		60935200.0	61722900.0	60502100.0	60283800.0	60393400.0	61160500.0	0	0.0556581524411609	0.02086462080170137	False	0.005545563549160672	False	False	Ecoli	False	True	False	False	umpire	manual	min	0.6609640474436812
P0ABN9	P0ABN9		dcuB		6965350.0	6955220.0	6578560.0	6408780.0	6005340.0	7054260.0	0	0.0559245945242527	0.1432156235243338	False	0.005575539568345324	False	False	Ecoli	False	True	False	False	umpire	manual	min	0.6609640474436812
P0ADX1	P0ADX1		yhfA		4575410.0	4637710.0	4695560.0	4703460.0	4798530.0	4647290.0	0	0.055968218407766425	-0.034672058590510785	False	0.005605515587529976	False	False	Ecoli	False	True	False	False	umpire	manual	min	0.6609640474436812
P0AFR4	P0AFR4		yciO		6234000.0	6347120.0	6514230.0	6351620.0	6535200.0	6123610.0	0	0.05617302842716682	-0.05273159335896769	False	0.0056354916067146285	False	False	Ecoli	False	True	False	False	umpire	manual	min	0.6609640474436812
P60906	P60906		hisS		10673200.0	10660500.0	10503100.0	10440400.0	10375300.0	10511500.0	0	0.057277161817961095	0.024046996769979213	False	0.005665467625899282	False	False	Ecoli	False	True	False	False	umpire	manual	min	0.6609640474436812
P0AEE5	P0AEE5		mglB		2031030.0	1912270.0	2260670.0	2130530.0	2120220.0	2061520.0	0	0.05804936654507188	-0.1168511978469417	False	0.005695443645083933	False	False	Ecoli	False	True	False	False	umpire	manual	min	0.6609640474436812
P14407	P14407		fumB		14026400.0	13994500.0	13866400.0	13802500.0	13909300.0	14197900.0	0	0.05830132948267538	0.022058270518829463	False	0.005725419664268585	False	False	Ecoli	False	True	False	False	umpire	manual	min	0.6609640474436812
P0AEZ9	P0AEZ9		moaB		9256100.0	9282880.0	9440030.0	9432480.0	9609050.0	9274310.0	0	0.05841626541043866	-0.03425375875862598	False	0.005755395683453238	False	False	Ecoli	False	True	False	False	umpire	manual	min	0.6609640474436812
P23003	P23003		trmA		1065290.0	1072810.0	1111780.0	1205430.0	1141180.0	1035460.0	0	0.05927628843689976	-0.12399845099485697	False	0.00578537170263789	False	False	Ecoli	False	True	False	False	umpire	manual	min	0.6609640474436812
P0A853	P0A853		tnaA		3647860.0	3576600.0	3731840.0	3760220.0	3748510.0	3680670.0	0	0.05934941371321413	-0.04370822684356404	False	0.005815347721822543	False	False	Ecoli	False	True	False	False	umpire	manual	min	0.6609640474436812
P0A6E6	P0A6E6		atpC		8600400.0	8556610.0	8143840.0	8466180.0	8186460.0	8688020.0	0	0.05980609988828225	0.05975154045451864	False	0.005845323741007194	False	False	Ecoli	False	True	False	False	umpire	manual	min	0.6609640474436812
P11447	P11447		argH		2123860.0	2122830.0	2150390.0	2211930.0	2162250.0	2063330.0	0	0.06015344069672592	-0.04823824646718226	False	0.005875299760191847	False	False	Ecoli	False	True	False	False	umpire	manual	min	0.6609640474436812
P0A8C1	P0A8C1		ybjQ		822696.0	1011680.0	1436470.0	1076160.0	1292710.0	931838.0	0	0.06050263935529705	-0.4601125909277555	False	0.0059052757793765	False	False	Ecoli	False	True	False	False	umpire	manual	min	0.6609640474436812
P0A9C5	P0A9C5		glnA		13828500.0	13934100.0	13453000.0	13582100.0	13761700.0	13944700.0	0	0.0608632315831888	0.03184392448381881	False	0.005935251798561151	False	False	Ecoli	False	True	False	False	umpire	manual	min	0.6609640474436812
P07650	P07650		deoA		6187240.0	6049760.0	5919440.0	5716480.0	5953800.0	6081590.0	0	0.060970651904329	0.05857594443109811	False	0.005965227817745804	False	False	Ecoli	False	True	False	False	umpire	manual	min	0.6609640474436812
P09029	P09029		purK		1121040.0	1114310.0	1052790.0	1089050.0	1083240.0	1112200.0	0	0.06124876310574378	0.05377065635570574	False	0.005995203836930456	False	False	Ecoli	False	True	False	False	umpire	manual	min	0.6609640474436812
P27302	P27302		tktA		26755300.0	26244500.0	25902800.0	26287400.0	25810300.0	26672300.0	0	0.06124978310330889	0.030591230035825742	False	0.006025179856115108	False	False	Ecoli	False	True	False	False	umpire	manual	min	0.6609640474436812
P23857	P23857		pspE		950863.0	945577.0	986372.0	982302.0	1045000.0	879534.0	0	0.061693784331071096	-0.11852930826389611	False	0.006055155875299761	False	False	Ecoli	False	True	False	False	umpire	manual	min	0.6609640474436812
P39342	P39342		yjgR		1055270.0	1023470.0	1104850.0	1187400.0	1090300.0	1004560.0	0	0.061789678778372686	-0.13363599179289826	False	0.0060851318944844125	False	False	Ecoli	False	True	False	False	umpire	manual	min	0.6609640474436812
P37095	P37095		pepB		12198100.0	12406700.0	12737300.0	12554700.0	12417700.0	12177800.0	0	0.06204254506830182	-0.03591221203352941	False	0.006115107913669066	False	False	Ecoli	False	True	False	False	umpire	manual	min	0.6609640474436812
P0A8X0	P0A8X0		yjgA		8010950.0	7902080.0	8057930.0	8072070.0	8075380.0	7929890.0	0	0.062368550634884806	-0.021766812315047877	False	0.006145083932853717	False	False	Ecoli	False	True	False	False	umpire	manual	min	0.6609640474436812
P08395	P08395		sppA		3135450.0	3033400.0	3144420.0	3195210.0	3189710.0	3049130.0	0	0.0624821301153033	-0.04792565935109988	False	0.00617505995203837	False	False	Ecoli	False	True	False	False	umpire	manual	min	0.6609640474436812
P0ADP9	P0ADP9		yihD		4553530.0	4713830.0	4537980.0	4373620.0	4492510.0	4658780.0	0	0.06259342427528511	0.055120000964386844	False	0.006205035971223022	False	False	Ecoli	False	True	False	False	umpire	manual	min	0.6609640474436812
P0ABU2	P0ABU2		ychF		18548700.0	18292300.0	18576400.0	18638900.0	18731900.0	18364700.0	0	0.06264748074042757	-0.01924869692256189	False	0.006235011990407674	False	False	Ecoli	False	True	False	False	umpire	manual	min	0.6609640474436812
P0A7M9	P0A7M9		rpmE		110377000.0	108636000.0	110778000.0	110679000.0	112451000.0	108620000.0	0	0.06300777281394816	-0.027369982822475797	False	0.006264988009592327	False	False	Ecoli	False	True	False	False	umpire	manual	min	0.6609640474436812
P16431	P16431		hycE		2971630.0	3022440.0	3077260.0	3076500.0	3068180.0	2928410.0	0	0.06519072428461388	-0.04762551684965288	False	0.006294964028776978	False	False	Ecoli	False	True	False	False	umpire	manual	min	0.6609640474436812
P0AE18	P0AE18		map		9868410.0	9898120.0	9521640.0	9737840.0	9778030.0	10118700.0	0	0.06534223689528174	0.04151490007255046	False	0.0063249400479616314	False	False	Ecoli	False	True	False	False	umpire	manual	min	0.6609640474436812
P0A8V2	P0A8V2		rpoB		72522000.0	73017400.0	71256300.0	72030100.0	72285200.0	72999500.0	0	0.0655190906697457	0.019722976835229066	False	0.006354916067146284	False	False	Ecoli	False	True	False	False	umpire	manual	min	0.6609640474436812
P09169	P09169		ompT		5563180.0	5696560.0	5695690.0	5793610.0	5781230.0	5632080.0	0	0.0655680444940281	-0.03198757822663709	False	0.006384892086330935	False	False	Ecoli	False	True	False	False	umpire	manual	min	0.6609640474436812
P0ADA5	P0ADA5		yajG		18864300.0	18813600.0	19575400.0	19115500.0	19626400.0	18898600.0	0	0.06711336435509271	-0.04372099683375896	False	0.006414868105515588	False	False	Ecoli	False	True	False	False	umpire	manual	min	0.6609640474436812
P0A8M3	P0A8M3		thrS		10066400.0	10192500.0	9923180.0	9803700.0	9977360.0	10005700.0	0	0.06828530593735369	0.026962406587812255	False	0.00644484412470024	False	False	Ecoli	False	True	False	False	umpire	manual	min	0.6609640474436812
P0AGF2	P0AGF2		ygdK		610960.0	584198.0	529020.0	559108.0	571945.0	584418.0	0	0.06939385179039576	0.10028686305963425	False	0.006474820143884893	False	False	Ecoli	False	True	False	False	umpire	manual	min	0.6609640474436812
P0ADN2	P0ADN2		yifE		7481600.0	7477900.0	7265870.0	7372460.0	7308060.0	7704840.0	0	0.06965528397114262	0.04644050178737322	False	0.006504796163069545	False	False	Ecoli	False	True	False	False	umpire	manual	min	0.6609640474436812
P22186	P22186		mraZ		5886250.0	6232280.0	6414560.0	6681230.0	6247100.0	6012280.0	0	0.0700635384112007	-0.09335998299899116	False	0.006534772182254196	False	False	Ecoli	False	True	False	False	umpire	manual	min	0.6609640474436812
P0A7X6	P0A7X6		rimM		6105430.0	6041370.0	6448210.0	6240720.0	6350390.0	6253880.0	0	0.07063277614277588	-0.04922287061511079	False	0.0065647482014388496	False	False	Ecoli	False	True	False	False	umpire	manual	min	0.6609640474436812
P23893	P23893		hemL		27580600.0	26636800.0	26028000.0	26228000.0	26005900.0	26884200.0	0	0.07094643099433712	0.05142024107035353	False	0.006594724220623501	False	False	Ecoli	False	True	False	False	umpire	manual	min	0.6609640474436812
P0ABB8	P0ABB8		mgtA		638941.0	591326.0	720388.0	650519.0	741786.0	628742.0	0	0.07208458583954726	-0.18454938658095865	False	0.006624700239808154	False	False	Ecoli	False	True	False	False	umpire	manual	min	0.6609640474436812
P10441	P10441		lpxB		1152070.0	1089750.0	1080810.0	1002680.0	1056290.0	1115290.0	0	0.07243572085796891	0.09655633452548529	False	0.006654676258992806	False	False	Ecoli	False	True	False	False	umpire	manual	min	0.6609640474436812
P27828	P27828		wecB		2655400.0	2712910.0	2739140.0	2769610.0	2893680.0	2597470.0	0	0.07257302397300845	-0.07699098289796351	False	0.006684652278177459	False	False	Ecoli	False	True	False	False	umpire	manual	min	0.6609640474436812
P77737	P77737		oppF		1926550.0	1816070.0	1545700.0	1570200.0	1661760.0	1682640.0	0	0.07301605201476097	0.18338809017730237	False	0.006714628297362111	False	False	Ecoli	False	True	False	False	umpire	manual	min	0.6609640474436812
P21367	P21367		ycaC		4474150.0	4348440.0	4095790.0	3977920.0	4111410.0	4170630.0	0	0.07374054675714385	0.09263854712209336	False	0.006744604316546762	False	False	Ecoli	False	True	False	False	umpire	manual	min	0.6609640474436812
P0A9J4	P0A9J4		panE		864240.0	809170.0	793724.0	741325.0	752392.0	800861.0	0	0.07395954617717314	0.11326899090964673	False	0.006774580335731415	False	False	Ecoli	False	True	False	False	umpire	manual	min	0.6609640474436812
P38134	P38134		etk		4625860.0	4646940.0	4759990.0	4719170.0	4843120.0	4713770.0	0	0.07402927011259708	-0.03421897096176135	False	0.006804556354916068	False	False	Ecoli	False	True	False	False	umpire	manual	min	0.6609640474436812
P0AFC7	P0AFC7		nuoB		4139730.0	4144730.0	3840660.0	4087610.0	3762280.0	4474600.0	0	0.07470142984852984	0.1261792398606455	False	0.00683453237410072	False	False	Ecoli	False	True	False	False	umpire	manual	min	0.6609640474436812
P75745	P75745		ybgK		1375650.0	1348540.0	1467250.0	1427520.0	1378770.0	1288110.0	0	0.07492417954703783	-0.09100214554926978	False	0.006864508393285372	False	False	Ecoli	False	True	False	False	umpire	manual	min	0.6609640474436812
P77258	P77258		nemA		4241440.0	4156610.0	4065950.0	3899180.0	4128470.0	4310290.0	0	0.07627766688107507	0.07153182641106236	False	0.006894484412470024	False	False	Ecoli	False	True	False	False	umpire	manual	min	0.6609640474436812
P66817	P66817		diaA		2482440.0	2562000.0	2391260.0	2394730.0	2413010.0	2458950.0	0	0.07678183088875372	0.05974602810966626	False	0.006924460431654677	False	False	Ecoli	False	True	False	False	umpire	manual	min	0.6609640474436812
P0AB26	P0AB26		yceB		2360350.0	2399930.0	2219850.0	2070300.0	2248300.0	2271720.0	0	0.0781075838898604	0.10498639841937894	False	0.006954436450839329	False	False	Ecoli	False	True	False	False	umpire	manual	min	0.6609640474436812
P0A805	P0A805		frr		26839700.0	27097100.0	25791500.0	26007000.0	26237000.0	26268100.0	0	0.07877002066776423	0.03955979289351069	False	0.006984412470023981	False	False	Ecoli	False	True	False	False	umpire	manual	min	0.6609640474436812
P16926	P16926		mreC		1139310.0	1178150.0	1188670.0	1230520.0	1247650.0	1187020.0	0	0.07885616070651988	-0.06533692557168029	False	0.0070143884892086335	False	False	Ecoli	False	True	False	False	umpire	manual	min	0.6609640474436812
P75818	P75818		ybjP		6185260.0	6211060.0	6036050.0	6125950.0	6163030.0	6317160.0	0	0.07928758982676698	0.03026231007360007	False	0.007044364508393285	False	False	Ecoli	False	True	False	False	umpire	manual	min	0.6609640474436812
P02359	P02359		rpsG		137071000.0	135588000.0	134192000.0	134662000.0	131932000.0	135534000.0	0	0.07969341055719774	0.026419328051529963	False	0.007074340527577938	False	False	Ecoli	False	True	False	False	umpire	manual	min	0.6609640474436812
P77718	P77718		thiI		4877640.0	4933030.0	4964820.0	5051120.0	4982120.0	4946950.0	0	0.07979016326494749	-0.023315827142680833	False	0.007104316546762591	False	False	Ecoli	False	True	False	False	umpire	manual	min	0.6609640474436812
P0AD05	P0AD05		yecA		7880250.0	7552050.0	7378890.0	7600340.0	7216830.0	7816680.0	0	0.07984443420576279	0.06686381442979993	False	0.007134292565947243	False	False	Ecoli	False	True	False	False	umpire	manual	min	0.6609640474436812
P0A9Y6	P0A9Y6		cspC		141239000.0	143099000.0	138751000.0	138424000.0	140492000.0	140473000.0	0	0.08022908926702473	0.02446796336261487	False	0.007164268585131895	False	False	Ecoli	False	True	False	False	umpire	manual	min	0.6609640474436812
P0A9B2	P0A9B2		gapA		437442000.0	439500000.0	435853000.0	437361000.0	434364000.0	441847000.0	0	0.08073140845566963	0.012316749594840685	False	0.007194244604316547	False	False	Ecoli	False	True	False	False	umpire	manual	min	0.6609640474436812
P0A780	P0A780		nusB		12089000.0	12325100.0	11826600.0	12149000.0	11833300.0	12481100.0	0	0.08121146834101774	0.043114934692951044	False	0.007224220623501199	False	False	Ecoli	False	True	False	False	umpire	manual	min	0.6609640474436812
P0A7C6	P0A7C6		pepE		4733360.0	4830410.0	4871860.0	4842700.0	4941080.0	4805580.0	0	0.08152939460164206	-0.028461168019261636	False	0.0072541966426858525	False	False	Ecoli	False	True	False	False	umpire	manual	min	0.6609640474436812
P0A6R3	P0A6R3		fis		4790570.0	5054620.0	4652810.0	4734590.0	4725100.0	4996420.0	0	0.08192221464638226	0.07267402127225327	False	0.007284172661870504	False	False	Ecoli	False	True	False	False	umpire	manual	min	0.6609640474436812
P0A9F3	P0A9F3		cysB		3701080.0	3672250.0	3789350.0	3695730.0	3780210.0	3600640.0	0	0.0827643839790291	-0.037798916077380555	False	0.007314148681055156	False	False	Ecoli	False	True	False	False	umpire	manual	min	0.6609640474436812
P10121	P10121		ftsY		5482770.0	5466600.0	5453030.0	5406590.0	5413460.0	5449140.0	0	0.08368887265922702	0.011077399539953722	False	0.0073441247002398085	False	False	Ecoli	False	True	False	False	umpire	manual	min	0.6609640474436812
P30870	P30870		glnE		448533.0	391727.0	371533.0	394189.0	351026.0	462696.0	0	0.08406541652566521	0.2224846949293512	False	0.007374100719424461	False	False	Ecoli	False	True	False	False	umpire	manual	min	0.6609640474436812
P0AFF2	P0AFF2		nupC		679175.0	559830.0	455009.0	537595.0	529303.0	593984.0	0	0.08418465710066018	0.2683179261241541	False	0.007404076738609114	False	False	Ecoli	False	True	False	False	umpire	manual	min	0.6609640474436812
P0AAC0	P0AAC0		uspE		4802280.0	4811680.0	4942190.0	5078870.0	4845260.0	4665410.0	0	0.084730345485003	-0.058115238060511	False	0.007434052757793765	False	False	Ecoli	False	True	False	False	umpire	manual	min	0.6609640474436812
P0ABL5	P0ABL5		napC		460078.0	505528.0	508266.0	508589.0	551290.0	455020.0	0	0.08497625895545766	-0.1425321711945026	False	0.0074640287769784175	False	False	Ecoli	False	True	False	False	umpire	manual	min	0.6609640474436812
P0C0S1	P0C0S1		mscS		8915320.0	9245560.0	8750290.0	8652960.0	8977850.0	9162860.0	0	0.08550834145434195	0.050650248155949075	False	0.00749400479616307	False	False	Ecoli	False	True	False	False	umpire	manual	min	0.6609640474436812
P0AED0	P0AED0		uspA		10304500.0	10812100.0	9729780.0	10030800.0	10281300.0	10429700.0	0	0.08568750390047546	0.07049570589402422	False	0.007523980815347722	False	False	Ecoli	False	True	False	False	umpire	manual	min	0.6609640474436812
P0A959	P0A959		alaA		1829570.0	1815550.0	1889000.0	1852990.0	1877880.0	1859480.0	0	0.0862111579864508	-0.02989902610742049	False	0.007553956834532375	False	False	Ecoli	False	True	False	False	umpire	manual	min	0.6609640474436812
P0A9X4	P0A9X4		mreB		8820040.0	8768650.0	8942260.0	8900550.0	8807500.0	8694700.0	0	0.08652807837252237	-0.020000949974526942	False	0.007583932853717027	False	False	Ecoli	False	True	False	False	umpire	manual	min	0.6609640474436812
P0ADW3	P0ADW3		yhcB		30818400.0	30994900.0	30723800.0	30246200.0	30706800.0	31216600.0	0	0.08679491436269966	0.021137788517983903	False	0.00761390887290168	False	False	Ecoli	False	True	False	False	umpire	manual	min	0.6609640474436812
P0A964	P0A964		cheW		15512200.0	15820700.0	16050900.0	16302600.0	16243000.0	16017100.0	0	0.08686551419417186	-0.03748798660503023	False	0.007643884892086331	False	False	Ecoli	False	True	False	False	umpire	manual	min	0.6609640474436812
P0AGB6	P0AGB6		rpoE		3621470.0	3544630.0	3624210.0	3633810.0	3719430.0	3515340.0	0	0.08746095364504222	-0.039436808711215944	False	0.007673860911270983	False	False	Ecoli	False	True	False	False	umpire	manual	min	0.6609640474436812
P75949	P75949		nagZ		3821370.0	3771430.0	3875510.0	3889100.0	3893730.0	3678410.0	0	0.0887819714324898	-0.04871997996082672	False	0.0077038369304556365	False	False	Ecoli	False	True	False	False	umpire	manual	min	0.6609640474436812
P0ABS5	P0ABS5		dnaG		1252190.0	1178710.0	1352410.0	1317240.0	1356280.0	1297280.0	0	0.08938774690529513	-0.11085057159177342	False	0.007733812949640288	False	False	Ecoli	False	True	False	False	umpire	manual	min	0.6609640474436812
P21156	P21156		cysD		2688320.0	2765770.0	2842720.0	2756400.0	2788230.0	2699530.0	0	0.08960027066479574	-0.04077433878131888	False	0.007763788968824941	False	False	Ecoli	False	True	False	False	umpire	manual	min	0.6609640474436812
P0AFG8	P0AFG8		aceE		108589000.0	108461000.0	109411000.0	109114000.0	108639000.0	107683000.0	0	0.09191161613400785	-0.010760006264496434	False	0.0077937649880095924	False	False	Ecoli	False	True	False	False	umpire	manual	min	0.6609640474436812
P0ACA1	P0ACA1		yibF		379380.0	416434.0	380074.0	341403.0	304480.0	408797.0	0	0.09389272958599716	0.23159707232616836	False	0.007823741007194246	False	False	Ecoli	False	True	False	False	umpire	manual	min	0.6609640474436812
P0ACZ4	P0ACZ4		evgA		2601040.0	2564460.0	2529600.0	2568680.0	2472820.0	2646350.0	0	0.0947998560910872	0.045161323814619014	False	0.007853717026378897	False	False	Ecoli	False	True	False	False	umpire	manual	min	0.6609640474436812
P0A6N4	P0A6N4		efp		61977800.0	63311100.0	60115100.0	61555600.0	61975700.0	63014400.0	0	0.0956407920477063	0.03612766793083626	False	0.00788369304556355	False	False	Ecoli	False	True	False	False	umpire	manual	min	0.6609640474436812
P77625	P77625		yfbT		8421970.0	8479980.0	8358380.0	8423660.0	8288590.0	8596100.0	0	0.09599561847868637	0.02438866900820407	False	0.007913669064748202	False	False	Ecoli	False	True	False	False	umpire	manual	min	0.6609640474436812
P0AAT4	P0AAT4		mscM		2849830.0	2944320.0	2975560.0	2954740.0	2986620.0	2838630.0	0	0.09647538181907464	-0.04672025087058737	False	0.007943645083932853	False	False	Ecoli	False	True	False	False	umpire	manual	min	0.6609640474436812
P0ABN5	P0ABN5		dcuA		5081650.0	4971760.0	4858710.0	4875090.0	4791940.0	4900030.0	0	0.09671393836143437	0.04186574862026139	False	0.007973621103117506	False	False	Ecoli	False	True	False	False	umpire	manual	min	0.6609640474436812
P13009	P13009		metH		1970000.0	1884860.0	2009990.0	1975320.0	1984990.0	1895080.0	0	0.09721816260671129	-0.05425652513749199	False	0.00800359712230216	False	False	Ecoli	False	True	False	False	umpire	manual	min	0.6609640474436812
P0A6F3	P0A6F3		glpK		5073490.0	5093520.0	5024470.0	5013660.0	4987970.0	5024370.0	0	0.09737205332061573	0.01578232296825453	False	0.00803357314148681	False	False	Ecoli	False	True	False	False	umpire	manual	min	0.6609640474436812
P0A9H7	P0A9H7		cfa		3276120.0	3317790.0	3377350.0	3338950.0	3366720.0	3198540.0	0	0.09748293533128852	-0.04218604817197849	False	0.008063549160671464	False	False	Ecoli	False	True	False	False	umpire	manual	min	0.6609640474436812
P75914	P75914		ycdX		11910500.0	11961600.0	12436800.0	12508700.0	12093800.0	12141000.0	0	0.09804861600237146	-0.04053504182919336	False	0.008093525179856115	False	False	Ecoli	False	True	False	False	umpire	manual	min	0.6609640474436812
P0A812	P0A812		ruvB		1158110.0	1233130.0	1335200.0	1365130.0	1220040.0	1174920.0	0	0.09847196037167269	-0.13661838802065943	False	0.008123501199040768	False	False	Ecoli	False	True	False	False	umpire	manual	min	0.6609640474436812
P40120	P40120		mdoD		4169650.0	4103680.0	4216650.0	4197920.0	4273340.0	4190650.0	0	0.09892529973805472	-0.025689619094510924	False	0.008153477218225421	False	False	Ecoli	False	True	False	False	umpire	manual	min	0.6609640474436812
P07762	P07762		glgB		3819360.0	3708130.0	3911890.0	3929360.0	3886190.0	3847430.0	0	0.0998025790899778	-0.0440317208786224	False	0.008183453237410073	False	False	Ecoli	False	True	False	False	umpire	manual	min	0.6609640474436812
P13445	P13445		rpoS		4953420.0	5026710.0	5079360.0	5014760.0	5061070.0	4991620.0	0	0.09986945897249731	-0.017569075980358756	False	0.008213429256594724	False	False	Ecoli	False	True	False	False	umpire	manual	min	0.6609640474436812
P0A794	P0A794		pdxJ		6509130.0	6652450.0	6316690.0	6512870.0	6458310.0	6797190.0	0	0.10041388459243016	0.04932898204417335	False	0.008243405275779377	False	False	Ecoli	False	True	False	False	umpire	manual	min	0.6609640474436812
P76372	P76372		wzzB		8262600.0	7965440.0	8813760.0	8195480.0	8478430.0	7803130.0	0	0.10096724679792736	-0.08489260255716684	False	0.008273381294964029	False	False	Ecoli	False	True	False	False	umpire	manual	min	0.6609640474436812
P0AAP3	P0AAP3		frmR		2723650.0	2656220.0	2721110.0	2743620.0	2822230.0	2591830.0	0	0.10103582607275487	-0.05595554043116777	False	0.008303357314148682	False	False	Ecoli	False	True	False	False	umpire	manual	min	0.6609640474436812
P09152	P09152		narG		2327970.0	2310060.0	2339490.0	2415660.0	2349130.0	2275780.0	0	0.1010695684078181	-0.03920748643623394	False	0.008333333333333333	False	False	Ecoli	False	True	False	False	umpire	manual	min	0.6609640474436812
P0A6V1	P0A6V1		glgC		7822190.0	7766410.0	8079390.0	7939400.0	8066220.0	7980770.0	0	0.10108757423065583	-0.031222326494409158	False	0.008363309352517986	False	False	Ecoli	False	True	False	False	umpire	manual	min	0.6609640474436812
P23721	P23721		serC		10093700.0	9844800.0	9851300.0	9754270.0	9747810.0	9985750.0	0	0.10167042073515638	0.027788451760574175	False	0.008393285371702638	False	False	Ecoli	False	True	False	False	umpire	manual	min	0.6609640474436812
P77279	P77279		ybbL		2928050.0	2856170.0	3158990.0	2925150.0	3031520.0	2659590.0	0	0.10167399395067034	-0.1104529993431952	False	0.008423261390887291	False	False	Ecoli	False	True	False	False	umpire	manual	min	0.6609640474436812
P0ACB0	P0ACB0		dnaB		2446940.0	2405490.0	2495810.0	2439920.0	2492250.0	2347480.0	0	0.10205083868684559	-0.04499105803611478	False	0.008453237410071944	False	False	Ecoli	False	True	False	False	umpire	manual	min	0.6609640474436812
P0A836	P0A836		sucC		6722170.0	6713010.0	6611240.0	6451140.0	6611870.0	6692100.0	0	0.10206304603753306	0.03284357971227574	False	0.008483213429256595	False	False	Ecoli	False	True	False	False	umpire	manual	min	0.6609640474436812
P0ACR4	P0ACR4		yeiE		2810440.0	2757910.0	2949970.0	2874570.0	2832950.0	2819660.0	0	0.10211790111948163	-0.045620234626217726	False	0.008513189448441247	False	False	Ecoli	False	True	False	False	umpire	manual	min	0.6609640474436812
P02942	P02942		tsr		14061800.0	14157800.0	13715500.0	13996200.0	13580100.0	14092200.0	0	0.10226386500817437	0.035204751035642606	False	0.0085431654676259	False	False	Ecoli	False	True	False	False	umpire	manual	min	0.6609640474436812
P0ADE8	P0ADE8		ygfZ		10493100.0	10194100.0	10630800.0	10744200.0	10427600.0	10310100.0	0	0.10250745706966048	-0.03700216094314037	False	0.008573141486810551	False	False	Ecoli	False	True	False	False	umpire	manual	min	0.6609640474436812
P0ABJ9	P0ABJ9		cydA		26523400.0	26804700.0	26149300.0	26430500.0	26572600.0	26860000.0	0	0.10259075280780285	0.018755059726182344	False	0.008603117505995204	False	False	Ecoli	False	True	False	False	umpire	manual	min	0.6609640474436812
P33599	P33599		nuoC		15503500.0	15490600.0	15573800.0	15563300.0	15523100.0	15393100.0	0	0.10460486042629198	-0.00846572556159143	False	0.008633093525179856	False	False	Ecoli	False	True	False	False	umpire	manual	min	0.6609640474436812
P0A717	P0A717		prs		26698000.0	26757700.0	26329200.0	25225000.0	25835200.0	26624500.0	0	0.1047737533472341	0.049309602855306923	False	0.008663069544364509	False	False	Ecoli	False	True	False	False	umpire	manual	min	0.6609640474436812
P0A998	P0A998		ftnA		46203900.0	45824500.0	49445300.0	46308300.0	47653500.0	43211800.0	0	0.10590556219668375	-0.08459239790376163	False	0.00869304556354916	False	False	Ecoli	False	True	False	False	umpire	manual	min	0.6609640474436812
P09373	P09373		pflB		281302000.0	280251000.0	279866000.0	276172000.0	276246000.0	280609000.0	0	0.10627762501496026	0.017021877008346998	False	0.008723021582733814	False	False	Ecoli	False	True	False	False	umpire	manual	min	0.6609640474436812
P14081	P14081		selB		5112820.0	4847100.0	5521790.0	5314950.0	5881320.0	5364540.0	0	0.10628997759007437	-0.12557120622838366	False	0.008752997601918467	False	False	Ecoli	False	True	False	False	umpire	manual	min	0.6609640474436812
P0AE01	P0AE01		trmJ		4019550.0	4142350.0	4189210.0	4142970.0	4192360.0	3986090.0	0	0.10641726958104634	-0.04403999122168121	False	0.008782973621103118	False	False	Ecoli	False	True	False	False	umpire	manual	min	0.6609640474436812
P0AES4	P0AES4		gyrA		15001800.0	14832200.0	14804600.0	14750500.0	14680700.0	14835700.0	0	0.10703760294024149	0.014082151237235876	False	0.008812949640287771	False	False	Ecoli	False	True	False	False	umpire	manual	min	0.6609640474436812
P0AEX9	P0AEX9		malE		6673540.0	6487400.0	6362590.0	6553080.0	6386000.0	6695110.0	0	0.1074619862910388	0.04085297714385936	False	0.008842925659472423	False	False	Ecoli	False	True	False	False	umpire	manual	min	0.6609640474436812
P0A6D7	P0A6D7		aroK		11354200.0	11252200.0	11165400.0	10946900.0	11238100.0	11412000.0	0	0.10888805320648114	0.028611222792321516	False	0.008872901678657074	False	False	Ecoli	False	True	False	False	umpire	manual	min	0.6609640474436812
P68206	P68206		yjbJ		3158960.0	3153760.0	2972960.0	3145660.0	2828440.0	3344490.0	0	0.10915496260947014	0.11019275858410572	False	0.008902877697841727	False	False	Ecoli	False	True	False	False	umpire	manual	min	0.6609640474436812
P0AGG8	P0AGG8		tldD		2953460.0	2926990.0	2916910.0	2842040.0	2914550.0	3019480.0	0	0.11100114950890969	0.03717971022904423	False	0.008932853717026379	False	False	Ecoli	False	True	False	False	umpire	manual	min	0.6609640474436812
P0A917	P0A917		ompX		16427100.0	16199600.0	16704900.0	16882300.0	16857000.0	16702600.0	0	0.11139175820620219	-0.032243584780034945	False	0.008962829736211032	False	False	Ecoli	False	True	False	False	umpire	manual	min	0.6609640474436812
P08179	P08179		purN		1016070.0	1002960.0	1085300.0	1023860.0	1067750.0	912687.0	0	0.11174578301172836	-0.11587837375226542	False	0.008992805755395683	False	False	Ecoli	False	True	False	False	umpire	manual	min	0.6609640474436812
P33362	P33362		osmF		1766800.0	2080960.0	1822610.0	1703220.0	1502850.0	1982930.0	0	0.11200389583196438	0.21348687065231256	False	0.009022781774580336	False	False	Ecoli	False	True	False	False	umpire	manual	min	0.6609640474436812
P0AAS0	P0AAS0		ylaC		233620.0	249446.0	273772.0	300543.0	256885.0	252201.0	0	0.1124273297569922	-0.17692741840463896	False	0.00905275779376499	False	False	Ecoli	False	True	False	False	umpire	manual	min	0.6609640474436812
P28635	P28635		metQ		13065400.0	13212300.0	13826100.0	13141900.0	13642200.0	12798600.0	0	0.11354730170244713	-0.05554826240855044	False	0.00908273381294964	False	False	Ecoli	False	True	False	False	umpire	manual	min	0.6609640474436812
P0A6B7	P0A6B7		iscS		17787900.0	17941400.0	17546800.0	17714000.0	17532400.0	17670000.0	0	0.11367442265820114	0.01646871407198095	False	0.009112709832134294	False	False	Ecoli	False	True	False	False	umpire	manual	min	0.6609640474436812
P0A8Q6	P0A8Q6		clpS		1348360.0	1500930.0	1580330.0	1618420.0	1525050.0	1498120.0	0	0.11399302914873241	-0.11979172286304066	False	0.009142685851318945	False	False	Ecoli	False	True	False	False	umpire	manual	min	0.6609640474436812
P0AAJ8	P0AAJ8		hybA		1865950.0	1929810.0	1845540.0	1884510.0	1829640.0	1937360.0	0	0.11404381766461465	0.044316033745468886	False	0.009172661870503598	False	False	Ecoli	False	True	False	False	umpire	manual	min	0.6609640474436812
P0AEK4	P0AEK4		fabI		60689900.0	60979300.0	59969200.0	59125500.0	59366100.0	59703200.0	0	0.11423678363159123	0.023347720880707076	False	0.00920263788968825	False	False	Ecoli	False	True	False	False	umpire	manual	min	0.6609640474436812
P0A6I9	P0A6I9		coaE		1179740.0	1235020.0	1271060.0	1233150.0	1235090.0	1199550.0	0	0.1147018610520259	-0.04904796998914477	False	0.009232613908872901	False	False	Ecoli	False	True	False	False	umpire	manual	min	0.6609640474436812
P04036	P04036		dapB		5104370.0	5070510.0	4876630.0	5015990.0	5005120.0	5069780.0	0	0.11499418265882069	0.0332104852303902	False	0.009262589928057554	False	False	Ecoli	False	True	False	False	umpire	manual	min	0.6609640474436812
P0A6B4	P0A6B4		alr		2597910.0	2665200.0	2711630.0	2718430.0	2650760.0	2531710.0	0	0.11564892990023547	-0.051985989448133235	False	0.009292565947242206	False	False	Ecoli	False	True	False	False	umpire	manual	min	0.6609640474436812
P77739	P77739		yniA		939044.0	901199.0	1072840.0	955697.0	1045670.0	971301.0	0	0.1158882279538699	-0.12885168646658776	False	0.009322541966426859	False	False	Ecoli	False	True	False	False	umpire	manual	min	0.6609640474436812
P0AAK1	P0AAK1		hycB		1533660.0	1516900.0	1620580.0	1671850.0	1557960.0	1547420.0	0	0.11670474969945227	-0.07710056243782307	False	0.009352517985611512	False	False	Ecoli	False	True	False	False	umpire	manual	min	0.6609640474436812
P06709	P06709		birA		1022420.0	1027980.0	984698.0	996703.0	1024990.0	1044210.0	0	0.1167080349152175	0.0417249514328187	False	0.009382494004796163	False	False	Ecoli	False	True	False	False	umpire	manual	min	0.6609640474436812
P61316	P61316		lolA		3075250.0	3064100.0	2948430.0	3042710.0	3043840.0	3132160.0	0	0.11689756886900349	0.037282914301044086	False	0.009412470023980817	False	False	Ecoli	False	True	False	False	umpire	manual	min	0.6609640474436812
P0ACJ8	P0ACJ8		crp		27786800.0	27779400.0	28271400.0	27873700.0	27945400.0	27619400.0	0	0.11733904638304594	-0.015609013808682478	False	0.009442446043165468	False	False	Ecoli	False	True	False	False	umpire	manual	min	0.6609640474436812
P31802	P31802		narP		13288200.0	13087700.0	12938500.0	12979100.0	13020900.0	13516200.0	0	0.11926838896312007	0.03490576256017178	False	0.009472422062350121	False	False	Ecoli	False	True	False	False	umpire	manual	min	0.6609640474436812
P0C0L9	P0C0L9		iscX		1653330.0	1637160.0	1692960.0	1665630.0	1736520.0	1647310.0	0	0.11983476866352213	-0.04524489060906955	False	0.009502398081534772	False	False	Ecoli	False	True	False	False	umpire	manual	min	0.6609640474436812
P0A843	P0A843		tatE		8288000.0	8249140.0	9335450.0	8487500.0	9478640.0	8346290.0	0	0.11989246276383589	-0.13379960959084156	False	0.009532374100719424	False	False	Ecoli	False	True	False	False	umpire	manual	min	0.6609640474436812
P09155	P09155		rnd		2238200.0	2279820.0	2309460.0	2444830.0	2357190.0	2304860.0	0	0.12025827647032247	-0.05976899384824727	False	0.009562350119904077	False	False	Ecoli	False	True	False	False	umpire	manual	min	0.6609640474436812
P0A962	P0A962		ansA		2135060.0	2021350.0	2024900.0	1960850.0	2030150.0	2123040.0	0	0.12084348297056872	0.06185761705523607	False	0.009592326139088728	False	False	Ecoli	False	True	False	False	umpire	manual	min	0.6609640474436812
P63224	P63224		gmhA		29115300.0	28987800.0	29148300.0	29483700.0	30161200.0	28075100.0	0	0.1209843831026262	-0.043126230438232833	False	0.009622302158273381	False	False	Ecoli	False	True	False	False	umpire	manual	min	0.6609640474436812
P22524	P22524		mukE		5844320.0	5782630.0	5650140.0	5699800.0	5676370.0	5701780.0	0	0.12277385732277002	0.02540012203566456	False	0.009652278177458035	False	False	Ecoli	False	True	False	False	umpire	manual	min	0.6609640474436812
P0A8J2	P0A8J2		dnaT		1186350.0	1073380.0	1023650.0	1050240.0	1080710.0	1129590.0	0	0.1229589690988227	0.10353876960414955	False	0.009682254196642688	False	False	Ecoli	False	True	False	False	umpire	manual	min	0.6609640474436812
P76177	P76177		ydgH		25484300.0	25839600.0	26083500.0	26579600.0	26075900.0	26046700.0	0	0.1230312601719378	-0.025292928293111434	False	0.009712230215827337	False	False	Ecoli	False	True	False	False	umpire	manual	min	0.6609640474436812
P00579	P00579		rpoD		7027880.0	7075200.0	7052270.0	6975720.0	6983630.0	7092240.0	0	0.12320762535387317	0.012558349526471039	False	0.00974220623501199	False	False	Ecoli	False	True	False	False	umpire	manual	min	0.6609640474436812
P60560	P60560		guaC		7763950.0	7599380.0	7644910.0	7473540.0	7565560.0	7735010.0	0	0.12323503969033156	0.02611347631546644	False	0.009772182254196644	False	False	Ecoli	False	True	False	False	umpire	manual	min	0.6609640474436812
P76346	P76346		mtfA		1287340.0	1185940.0	1304150.0	1322360.0	1281030.0	1217310.0	0	0.12364597155228021	-0.08240916895766734	False	0.009802158273381295	False	False	Ecoli	False	True	False	False	umpire	manual	min	0.6609640474436812
P77570	P77570		anmK		1494770.0	1433290.0	1525100.0	1586800.0	1501860.0	1493800.0	0	0.1236770294876432	-0.06128961053847108	False	0.009832134292565948	False	False	Ecoli	False	True	False	False	umpire	manual	min	0.6609640474436812
P0A7W7	P0A7W7		rpsH		59439800.0	57123000.0	56632500.0	57034300.0	56291400.0	58288100.0	0	0.12431063602314309	0.04094525246283154	False	0.0098621103117506	False	False	Ecoli	False	True	False	False	umpire	manual	min	0.6609640474436812
P15640	P15640		purD		2642990.0	2684390.0	2825580.0	2860540.0	2690140.0	2661480.0	0	0.12442547489728659	-0.06831657724874013	False	0.009892086330935251	False	False	Ecoli	False	True	False	False	umpire	manual	min	0.6609640474436812
P37440	P37440		ucpA		6513920.0	6653980.0	6748780.0	6611160.0	6680290.0	6486990.0	0	0.12509587366348848	-0.02801077667687338	False	0.009922062350119904	False	False	Ecoli	False	True	False	False	umpire	manual	min	0.6609640474436812
P77173	P77173		zipA		2593170.0	2576360.0	2478030.0	2520930.0	2568160.0	2591500.0	0	0.1257384329820727	0.03650380775763739	False	0.009952038369304557	False	False	Ecoli	False	True	False	False	umpire	manual	min	0.6609640474436812
P0A8N0	P0A8N0		matP		405684.0	400715.0	361599.0	371033.0	395840.0	397461.0	0	0.12637729018728514	0.09329700473280476	False	0.00998201438848921	False	False	Ecoli	False	True	False	False	umpire	manual	min	0.6609640474436812
P0A9N4	P0A9N4		pflA		5240410.0	5207670.0	5174100.0	4909590.0	4972740.0	5207340.0	0	0.1267753225400952	0.05628247726345113	False	0.01001199040767386	False	False	Ecoli	False	True	False	False	umpire	manual	min	0.6609640474436812
P36683	P36683		acnB		10489400.0	10340000.0	10267200.0	10268500.0	10213400.0	10314000.0	0	0.12698320407915098	0.018382270894765296	False	0.010041966426858513	False	False	Ecoli	False	True	False	False	umpire	manual	min	0.6609640474436812
P08622	P08622		dnaJ		6026690.0	6058530.0	5948230.0	6028330.0	6016980.0	6116270.0	0	0.12852015483488885	0.016577509935302104	False	0.010071942446043166	False	False	Ecoli	False	True	False	False	umpire	manual	min	0.6609640474436812
P0AB52	P0AB52		ychN		2372800.0	2542680.0	2212700.0	2363820.0	2408780.0	2635820.0	0	0.1288160296362768	0.11240295725188464	False	0.010101918465227818	False	False	Ecoli	False	True	False	False	umpire	manual	min	0.6609640474436812
P60240	P60240		rapA		4344780.0	4271720.0	4398550.0	4320250.0	4378160.0	4215980.0	0	0.12910514782789687	-0.029431967512647025	False	0.010131894484412471	False	False	Ecoli	False	True	False	False	umpire	manual	min	0.6609640474436812
P09549	P09549		dedD		1223970.0	1246170.0	1256250.0	1306900.0	1247380.0	1210100.0	0	0.12953637370589993	-0.05019182160115635	False	0.010161870503597122	False	False	Ecoli	False	True	False	False	umpire	manual	min	0.6609640474436812
P25536	P25536		yhdE		2490500.0	2551890.0	2548290.0	2565400.0	2565900.0	2493600.0	0	0.12961997905411612	-0.02723223946945684	False	0.010191846522781775	False	False	Ecoli	False	True	False	False	umpire	manual	min	0.6609640474436812
P06968	P06968		dut		10369800.0	10571600.0	10699800.0	10470000.0	10739700.0	10299100.0	0	0.12981489447088548	-0.03056845894687691	False	0.010221822541966427	False	False	Ecoli	False	True	False	False	umpire	manual	min	0.6609640474436812
P0AEI1	P0AEI1		miaB		11213800.0	11252000.0	11125600.0	10955300.0	11144500.0	11191400.0	0	0.1299083320515414	0.018628593207452356	False	0.01025179856115108	False	False	Ecoli	False	True	False	False	umpire	manual	min	0.6609640474436812
P31069	P31069		kch		1167300.0	1159840.0	1248450.0	1294420.0	1191090.0	1195070.0	0	0.13017505228089252	-0.08422554519049101	False	0.010281774580335733	False	False	Ecoli	False	True	False	False	umpire	manual	min	0.6609640474436812
P0AG82	P0AG82		pstS		2249870.0	2276970.0	2356340.0	2283070.0	2402800.0	2262220.0	0	0.1304136158727829	-0.05281641371729205	False	0.010311750599520383	False	False	Ecoli	False	True	False	False	umpire	manual	min	0.6609640474436812
P0AF08	P0AF08		mrp		3788190.0	3805710.0	3869520.0	3871670.0	3846560.0	3660220.0	0	0.13221847691083052	-0.042147212918051624	False	0.010341726618705036	False	False	Ecoli	False	True	False	False	umpire	manual	min	0.6609640474436812
P0A935	P0A935		mltA		5416470.0	5361500.0	5282930.0	5303720.0	5326290.0	5558810.0	0	0.13263997415754025	0.0379232486366567	False	0.010371702637889689	False	False	Ecoli	False	True	False	False	umpire	manual	min	0.6609640474436812
P37665	P37665		yiaD		6064260.0	5958440.0	6202290.0	6008280.0	6150200.0	5922800.0	0	0.13282365123953935	-0.03300444238466408	False	0.010401678657074342	False	False	Ecoli	False	True	False	False	umpire	manual	min	0.6609640474436812
P33602	P33602		nuoG		15587900.0	15509800.0	15410300.0	15151900.0	15094800.0	15296900.0	0	0.13310800727384103	0.02312082870415558	False	0.010431654676258994	False	False	Ecoli	False	True	False	False	umpire	manual	min	0.6609640474436812
P0AE74	P0AE74		citT		798789.0	813602.0	850515.0	824949.0	926976.0	776010.0	0	0.13370805685586024	-0.12381982429171423	False	0.010461630695443645	False	False	Ecoli	False	True	False	False	umpire	manual	min	0.6609640474436812
P0A6E4	P0A6E4		argG		995430.0	984925.0	1130330.0	1015380.0	1020170.0	926324.0	0	0.13440521717928994	-0.12323481658265646	False	0.010491606714628298	False	False	Ecoli	False	True	False	False	umpire	manual	min	0.6609640474436812
P0ADC1	P0ADC1		lptE		5997030.0	5963930.0	5947340.0	5780160.0	5736330.0	5966150.0	0	0.13471426998713326	0.037772940718054766	False	0.01052158273381295	False	False	Ecoli	False	True	False	False	umpire	manual	min	0.6609640474436812
P22333	P22333		add		9879820.0	9738250.0	9544420.0	9678070.0	9801910.0	10000100.0	0	0.13552645563823632	0.029216260823088633	False	0.010551558752997603	False	False	Ecoli	False	True	False	False	umpire	manual	min	0.6609640474436812
P46142	P46142		yggM		8408740.0	8696310.0	8689710.0	8668640.0	8808950.0	8428010.0	0	0.1363274188669472	-0.035398624241504084	False	0.010581534772182256	False	False	Ecoli	False	True	False	False	umpire	manual	min	0.6609640474436812
P08200	P08200		icd		24399800.0	24855500.0	24317300.0	24544700.0	23762400.0	25198800.0	0	0.13641425420250158	0.035896957108979666	False	0.010611510791366905	False	False	Ecoli	False	True	False	False	umpire	manual	min	0.6609640474436812
P0A6U3	P0A6U3		mnmG		6771940.0	6764120.0	6907460.0	6774510.0	6823910.0	6627760.0	0	0.13645872431368636	-0.024268676807014385	False	0.010641486810551559	False	False	Ecoli	False	True	False	False	umpire	manual	min	0.6609640474436812
P69811	P69811		fruB		13728000.0	13925500.0	14063500.0	13961000.0	13998200.0	13922600.0	0	0.13646567228466416	-0.015414425437791913	False	0.010671462829736212	False	False	Ecoli	False	True	False	False	umpire	manual	min	0.6609640474436812
P0A9H9	P0A9H9		cheZ		1964430.0	2030570.0	2071200.0	2071980.0	2053290.0	2037760.0	0	0.1367227298103748	-0.03862838709484774	False	0.010701438848920865	False	False	Ecoli	False	True	False	False	umpire	manual	min	0.6609640474436812
P0ACK2	P0ACK2		agaR		1047620.0	1094650.0	1174130.0	1065070.0	1246330.0	981222.0	0	0.13753669541749686	-0.15821821014458398	False	0.010731414868105516	False	False	Ecoli	False	True	False	False	umpire	manual	min	0.6609640474436812
P0A8F8	P0A8F8		uvrB		1918180.0	1949700.0	2029120.0	1997020.0	1934430.0	1903660.0	0	0.13756153956984285	-0.046493980406912994	False	0.010761390887290168	False	False	Ecoli	False	True	False	False	umpire	manual	min	0.6609640474436812
P0A9K9	P0A9K9		slyD		98376200.0	98906300.0	93985700.0	97459400.0	96006500.0	105316000.0	0	0.13814114692352705	0.07408577500417414	False	0.01079136690647482	False	False	Ecoli	False	True	False	False	umpire	manual	min	0.6609640474436812
P37329	P37329		modA		4263240.0	4185510.0	4189210.0	4127500.0	4139530.0	4187480.0	0	0.13845955864951096	0.02069745498557878	False	0.010821342925659472	False	False	Ecoli	False	True	False	False	umpire	manual	min	0.6609640474436812
P0ACY3	P0ACY3		yeaG		1965430.0	1923820.0	2128290.0	1975510.0	2138560.0	1993860.0	0	0.1387931418042647	-0.08551254916652234	False	0.010851318944844125	False	False	Ecoli	False	True	False	False	umpire	manual	min	0.6609640474436812
P17445	P17445		betB		743166.0	674356.0	759583.0	766046.0	726273.0	658414.0	0	0.13887855546846287	-0.11738207761140121	False	0.010881294964028778	False	False	Ecoli	False	True	False	False	umpire	manual	min	0.6609640474436812
P0A7P5	P0A7P5		rpmH		28430600.0	28320500.0	27612700.0	26297000.0	26008800.0	26952900.0	0	0.1394796070699561	0.06676706186118575	False	0.010911270983213428	False	False	Ecoli	False	True	False	False	umpire	manual	min	0.6609640474436812
P39301	P39301		ulaA		580460.0	697453.0	744507.0	672172.0	716802.0	622728.0	0	0.13978679200061897	-0.1667232062621039	False	0.010941247002398081	False	False	Ecoli	False	True	False	False	umpire	manual	min	0.6609640474436812
P0AEE1	P0AEE1		dcrB		7453830.0	7512080.0	7336930.0	7473120.0	7097540.0	7837550.0	0	0.13990054332650978	0.05782195734950735	False	0.010971223021582734	False	False	Ecoli	False	True	False	False	umpire	manual	min	0.6609640474436812
P0A7E9	P0A7E9		pyrH		7561030.0	7753880.0	7220550.0	7448870.0	7510050.0	8251520.0	0	0.14042247769954258	0.08750833476191643	False	0.011001199040767387	False	False	Ecoli	False	True	False	False	umpire	manual	min	0.6609640474436812
Q46927	Q46927		ygdL		584611.0	627010.0	498748.0	501034.0	584352.0	564937.0	0	0.14047126963200623	0.16539041325346956	False	0.011031175059952039	False	False	Ecoli	False	True	False	False	umpire	manual	min	0.6609640474436812
P24182	P24182		accC		27215900.0	27052200.0	27486600.0	27722000.0	27230900.0	27212000.0	0	0.14078012631474293	-0.01688800396552703	False	0.01106115107913669	False	False	Ecoli	False	True	False	False	umpire	manual	min	0.6609640474436812
P0AAZ7	P0AAZ7		ycaR		5800730.0	5957240.0	5725260.0	5536780.0	5617930.0	5677280.0	0	0.14099737078720095	0.04669471072067028	False	0.011091127098321343	False	False	Ecoli	False	True	False	False	umpire	manual	min	0.6609640474436812
P0AEP3	P0AEP3		galU		62552100.0	62168300.0	59422000.0	62521600.0	60707300.0	64037700.0	0	0.14127145125385052	0.04744969229051431	False	0.011121103117505996	False	False	Ecoli	False	True	False	False	umpire	manual	min	0.6609640474436812
P0A8T1	P0A8T1		prmA		8808080.0	8661310.0	8601960.0	8127040.0	8267340.0	8487490.0	0	0.14150582065343797	0.05440011388652534	False	0.011151079136690648	False	False	Ecoli	False	True	False	False	umpire	manual	min	0.6609640474436812
P0A7I0	P0A7I0		prfA		3976310.0	4007520.0	4020890.0	4031200.0	4081660.0	4020760.0	0	0.141965271822177	-0.015439360774907653	False	0.011181055155875301	False	False	Ecoli	False	True	False	False	umpire	manual	min	0.6609640474436812
P77454	P77454		glsA1		1449310.0	1518770.0	1568630.0	1613110.0	1478170.0	1416480.0	0	0.1445597512769715	-0.08787001900929577	False	0.011211031175059952	False	False	Ecoli	False	True	False	False	umpire	manual	min	0.6609640474436812
P0ABV2	P0ABV2		exbD		2237670.0	2102260.0	2217680.0	2236950.0	2292770.0	2138650.0	0	0.14456362822672467	-0.05865405802500083	False	0.011241007194244604	False	False	Ecoli	False	True	False	False	umpire	manual	min	0.6609640474436812
P0ABF6	P0ABF6		cdd		6730280.0	6718550.0	6776970.0	6722510.0	6833480.0	6671300.0	0	0.1447556379839449	-0.015180626182646267	False	0.011270983213429257	False	False	Ecoli	False	True	False	False	umpire	manual	min	0.6609640474436812
P25552	P25552		gppA		2478950.0	2418840.0	2709500.0	2552830.0	2499810.0	2439820.0	0	0.1454366941883256	-0.08114422798801964	False	0.01130095923261391	False	False	Ecoli	False	True	False	False	umpire	manual	min	0.6609640474436812
P29018	P29018		cydD		681830.0	656733.0	678182.0	704182.0	737504.0	581453.0	0	0.1456629945897507	-0.14285610045501707	False	0.011330935251798563	False	False	Ecoli	False	True	False	False	umpire	manual	min	0.6609640474436812
P0AA04	P0AA04		ptsH		56301100.0	57166800.0	55266600.0	54350400.0	54218300.0	54838700.0	0	0.14633303749639429	0.03884551788283893	False	0.011360911270983213	False	False	Ecoli	False	True	False	False	umpire	manual	min	0.6609640474436812
P0AE70	P0AE70		mazF		3068380.0	3286970.0	3318900.0	3296430.0	3322960.0	3026430.0	0	0.1471108629143366	-0.08313596999149393	False	0.011390887290167866	False	False	Ecoli	False	True	False	False	umpire	manual	min	0.6609640474436812
P76002	P76002		pliG		1269040.0	1235720.0	1098010.0	1189470.0	1244880.0	1308450.0	0	0.1472975016262109	0.11037360238392734	False	0.01142086330935252	False	False	Ecoli	False	True	False	False	umpire	manual	min	0.6609640474436812
P09394	P09394		glpQ		5818400.0	5794040.0	5721540.0	5695320.0	5701020.0	6037020.0	0	0.1474047221744485	0.044120004521420335	False	0.01145083932853717	False	False	Ecoli	False	True	False	False	umpire	manual	min	0.6609640474436812
P36928	P36928		yegD		1074920.0	1116240.0	1163650.0	1091080.0	1213820.0	964980.0	0	0.14824648941793714	-0.13617147972437438	False	0.011480815347721824	False	False	Ecoli	False	True	False	False	umpire	manual	min	0.6609640474436812
P15288	P15288		pepD		18433000.0	18243000.0	18182900.0	18082100.0	17745400.0	18200700.0	0	0.14825689260735694	0.02295649502345629	False	0.011510791366906477	False	False	Ecoli	False	True	False	False	umpire	manual	min	0.6609640474436812
P0A796	P0A796		pfkA		24939300.0	24895900.0	24015900.0	24826300.0	23984800.0	24879200.0	0	0.14923240075397215	0.03691290940493084	False	0.011540767386091126	False	False	Ecoli	False	True	False	False	umpire	manual	min	0.6609640474436812
P37626	P37626		yhiI		1080180.0	1123260.0	1159200.0	1106720.0	1130690.0	1049540.0	0	0.14961908448324918	-0.06233362453915018	False	0.01157074340527578	False	False	Ecoli	False	True	False	False	umpire	manual	min	0.6609640474436812
P10903	P10903		narK		2453680.0	2168500.0	2695270.0	2358890.0	2511160.0	2252920.0	0	0.15016850699147155	-0.13802040921974235	False	0.011600719424460433	False	False	Ecoli	False	True	False	False	umpire	manual	min	0.6609640474436812
P0ACI0	P0ACI0		rob		3951740.0	3984870.0	4087710.0	4083300.0	3954760.0	3798480.0	0	0.15028853232196612	-0.047247456588712974	False	0.011630695443645086	False	False	Ecoli	False	True	False	False	umpire	manual	min	0.6609640474436812
P0AFC3	P0AFC3		nuoA		2429040.0	2621630.0	2362200.0	2484690.0	2321610.0	2514080.0	0	0.15088610141697822	0.0776211367115028	False	0.011660671462829737	False	False	Ecoli	False	True	False	False	umpire	manual	min	0.6609640474436812
P0ABK2	P0ABK2		cydB		5634850.0	5934380.0	5202200.0	5887220.0	4941390.0	6384080.0	0	0.15106332846811296	0.16340253069568914	False	0.011690647482014389	False	False	Ecoli	False	True	False	False	umpire	manual	min	0.6609640474436812
P32680	P32680		yjaG		1647910.0	1722310.0	1755300.0	1749110.0	1725310.0	1710030.0	0	0.15119142587992976	-0.04183421240698796	False	0.011720623501199042	False	False	Ecoli	False	True	False	False	umpire	manual	min	0.6609640474436812
P0AEV9	P0AEV9		hycI		274862.0	375612.0	270918.0	306549.0	201805.0	430284.0	0	0.15122056715290655	0.4718446304571783	False	0.011750599520383693	False	False	Ecoli	False	True	False	False	umpire	manual	min	0.6609640474436812
P0A7K2	P0A7K2		rplL		189340000.0	188077000.0	183487000.0	184777000.0	186658000.0	185420000.0	0	0.15219573421618307	0.020432172073015297	False	0.011780575539568346	False	False	Ecoli	False	True	False	False	umpire	manual	min	0.6609640474436812
P0A8Q0	P0A8Q0		frdC		1760850.0	1776810.0	1700870.0	1763560.0	1698630.0	1766380.0	0	0.1524400542231424	0.03886529168453217	False	0.011810551558753	False	False	Ecoli	False	True	False	False	umpire	manual	min	0.6609640474436812
P0A9D2	P0A9D2		gstA		7283510.0	7231130.0	7258710.0	7058020.0	7078800.0	7296190.0	0	0.15277937415262613	0.027735254879868665	False	0.011840527577937649	False	False	Ecoli	False	True	False	False	umpire	manual	min	0.6609640474436812
P37634	P37634		rlmJ		30484400.0	29605300.0	29813100.0	28786700.0	29511500.0	30131000.0	0	0.15379650982059534	0.03413142745328619	False	0.011870503597122302	False	False	Ecoli	False	True	False	False	umpire	manual	min	0.6609640474436812
P0A7I7	P0A7I7		ribA		9158820.0	9135990.0	9398900.0	9108250.0	9446580.0	8737710.0	0	0.15478853548469337	-0.0483447939245578	False	0.011900479616306955	False	False	Ecoli	False	True	False	False	umpire	manual	min	0.6609640474436812
P0AB77	P0AB77		kbl		16529300.0	16120400.0	16009300.0	16166800.0	16042000.0	16722200.0	0	0.15504258172564112	0.03411536231272625	False	0.011930455635491609	False	False	Ecoli	False	True	False	False	umpire	manual	min	0.6609640474436812
P0A6J1	P0A6J1		cysC		1297730.0	1288890.0	1281800.0	1289800.0	1264140.0	1297590.0	0	0.15553929831546323	0.018116269535676913	False	0.01196043165467626	False	False	Ecoli	False	True	False	False	umpire	manual	min	0.6609640474436812
P36938	P36938		pgm		7553130.0	7582370.0	7287230.0	7453360.0	7504440.0	7537900.0	0	0.15680969085021754	0.027517703135023927	False	0.011990407673860911	False	False	Ecoli	False	True	False	False	umpire	manual	min	0.6609640474436812
P07604	P07604		tyrR		2117290.0	2092470.0	2113830.0	2187980.0	2198270.0	2120750.0	0	0.1578436283485353	-0.03813574321376786	False	0.012020383693045564	False	False	Ecoli	False	True	False	False	umpire	manual	min	0.6609640474436812
P62707	P62707		gpmA		40957000.0	41016300.0	42073700.0	42344700.0	41152500.0	41278800.0	0	0.15799564740432995	-0.026889942710241848	False	0.012050359712230216	False	False	Ecoli	False	True	False	False	umpire	manual	min	0.6609640474436812
P32131	P32131		hemN		2556860.0	2655110.0	2739150.0	2742710.0	2608450.0	2594880.0	0	0.15889182985377862	-0.05145443395214555	False	0.012080335731414869	False	False	Ecoli	False	True	False	False	umpire	manual	min	0.6609640474436812
P76243	P76243		yeaO		2111660.0	2079220.0	2017130.0	2088530.0	2032800.0	2083860.0	0	0.1590757258226042	0.031678919203147506	False	0.012110311750599522	False	False	Ecoli	False	True	False	False	umpire	manual	min	0.6609640474436812
P15639	P15639		purH		4470800.0	4443600.0	4510170.0	4591180.0	4486760.0	4473450.0	0	0.16093881755727374	-0.021420510444660236	False	0.012140287769784174	False	False	Ecoli	False	True	False	False	umpire	manual	min	0.6609640474436812
P45795	P45795		yrdB		1438130.0	1548690.0	1408330.0	1428300.0	1468190.0	1555560.0	0	0.16123178769628568	0.07749548741701658	False	0.012170263788968825	False	False	Ecoli	False	True	False	False	umpire	manual	min	0.6609640474436812
P0AEM0	P0AEM0		fkpB		1661510.0	1647080.0	1794220.0	1805770.0	1631650.0	1425790.0	0	0.16140612049051953	-0.1440877623027811	False	0.012200239808153478	False	False	Ecoli	False	True	False	False	umpire	manual	min	0.6609640474436812
P28306	P28306		yceG		861854.0	857343.0	976605.0	983336.0	868738.0	868538.0	0	0.1620360192925246	-0.1284385841829851	False	0.012230215827338131	False	False	Ecoli	False	True	False	False	umpire	manual	min	0.6609640474436812
P0AET2	P0AET2		hdeB		15166100.0	13991600.0	13173700.0	13455600.0	14013200.0	13972900.0	0	0.16293757993484628	0.08572263803959448	False	0.012260191846522784	False	False	Ecoli	False	True	False	False	umpire	manual	min	0.6609640474436812
P0A9H1	P0A9H1		mug		1797900.0	1701510.0	1738040.0	1853110.0	1858220.0	1646920.0	0	0.16333234287259674	-0.0825454794979613	False	0.012290167865707434	False	False	Ecoli	False	True	False	False	umpire	manual	min	0.6609640474436812
Q47147	Q47147		yafJ		897857.0	877060.0	935585.0	876461.0	937585.0	834601.0	0	0.16337779998704474	-0.07545466875327332	False	0.012320143884892087	False	False	Ecoli	False	True	False	False	umpire	manual	min	0.6609640474436812
P20083	P20083		parE		1606750.0	1755220.0	1796650.0	1730800.0	1748770.0	1621060.0	0	0.1635726887060659	-0.08248146150583562	False	0.01235011990407674	False	False	Ecoli	False	True	False	False	umpire	manual	min	0.6609640474436812
P0ADY7	P0ADY7		rplP		46213300.0	45660300.0	45426400.0	45890900.0	45423400.0	46013400.0	0	0.16364509805171285	0.012043729963390534	False	0.012380095923261392	False	False	Ecoli	False	True	False	False	umpire	manual	min	0.6609640474436812
P0A738	P0A738		moaC		1094880.0	1090880.0	1073020.0	1043210.0	1082730.0	1089480.0	0	0.1636722997460975	0.03399767397764517	False	0.012410071942446045	False	False	Ecoli	False	True	False	False	umpire	manual	min	0.6609640474436812
P0A9P0	P0A9P0		lpdA		32486000.0	32743100.0	32582600.0	32483000.0	32320800.0	32858100.0	0	0.16464689379025055	0.010344568436843329	False	0.012440047961630696	False	False	Ecoli	False	True	False	False	umpire	manual	min	0.6609640474436812
P21645	P21645		lpxD		3959170.0	4204090.0	4804340.0	4107290.0	4682490.0	4094170.0	0	0.16480573455706687	-0.14932624047911708	False	0.012470023980815348	False	False	Ecoli	False	True	False	False	umpire	manual	min	0.6609640474436812
P62558	P62558		sopB		5623190.0	5706770.0	5556180.0	5668460.0	5495370.0	5703880.0	0	0.16481403607622377	0.026827993354171964	False	0.0125	False	False	Ecoli	False	True	False	False	umpire	manual	min	0.6609640474436812
P45470	P45470		yhbO		956815.0	813027.0	989446.0	964446.0	925742.0	806813.0	0	0.1650426635374663	-0.16038607636214466	False	0.012529976019184654	False	False	Ecoli	False	True	False	False	umpire	manual	min	0.6609640474436812
P33920	P33920		yejK		2526120.0	2582380.0	2589970.0	2569760.0	2628790.0	2559130.0	0	0.1659250789227952	-0.022568486992565136	False	0.012559952038369307	False	False	Ecoli	False	True	False	False	umpire	manual	min	0.6609640474436812
P11557	P11557		damX		7860320.0	7915040.0	8387700.0	7895840.0	8270280.0	7839060.0	0	0.16644031920311209	-0.056279390090375414	False	0.012589928057553957	False	False	Ecoli	False	True	False	False	umpire	manual	min	0.6609640474436812
P0AA25	P0AA25		trxA		26959900.0	26919100.0	25871600.0	26327600.0	25619600.0	25964800.0	0	0.16750539940713058	0.037061650893781814	False	0.01261990407673861	False	False	Ecoli	False	True	False	False	umpire	manual	min	0.6609640474436812
P17169	P17169		glmS		42597600.0	43087700.0	42413200.0	42142300.0	42474300.0	42482700.0	0	0.16781706474268318	0.012869126488134796	False	0.012649880095923263	False	False	Ecoli	False	True	False	False	umpire	manual	min	0.6609640474436812
P77690	P77690		arnB		894580.0	889949.0	863558.0	789717.0	730357.0	834311.0	0	0.16817428336080545	0.1357663991240831	False	0.012679856115107914	False	False	Ecoli	False	True	False	False	umpire	manual	min	0.6609640474436812
P30749	P30749		moaE		6366690.0	6203280.0	6324040.0	6380410.0	6651990.0	6164690.0	0	0.1703337258890721	-0.04710384364022464	False	0.012709832134292567	False	False	Ecoli	False	True	False	False	umpire	manual	min	0.6609640474436812
P0AG96	P0AG96		secE		1650450.0	1627660.0	1461780.0	1627280.0	1430140.0	1623100.0	0	0.17040728208091097	0.11707055680910618	False	0.012739808153477219	False	False	Ecoli	False	True	False	False	umpire	manual	min	0.6609640474436812
P0A707	P0A707		infC		49685900.0	50041200.0	49533700.0	48920500.0	48910600.0	49216000.0	0	0.17234047507695135	0.015369331144639599	False	0.01276978417266187	False	False	Ecoli	False	True	False	False	umpire	manual	min	0.6609640474436812
P77395	P77395		ybbN		2704040.0	2591020.0	2531000.0	2552170.0	2551220.0	2581900.0	0	0.1723748597351115	0.04512606160815385	False	0.012799760191846523	False	False	Ecoli	False	True	False	False	umpire	manual	min	0.6609640474436812
P05793	P05793		ilvC		7788020.0	7695020.0	8136680.0	8207240.0	8013480.0	8113030.0	0	0.17256846024326933	-0.04581354861847866	False	0.012829736211031176	False	False	Ecoli	False	True	False	False	umpire	manual	min	0.6609640474436812
P0AEX5	P0AEX5		prkB		1168890.0	1334580.0	1304200.0	1328770.0	1388580.0	1225180.0	0	0.1726251957178205	-0.10909827628104547	False	0.01285971223021583	False	False	Ecoli	False	True	False	False	umpire	manual	min	0.6609640474436812
P0A6U8	P0A6U8		glgA		2956580.0	2928830.0	3106520.0	2973760.0	3001860.0	2949270.0	0	0.17345399751597404	-0.039854395868612606	False	0.01288968824940048	False	False	Ecoli	False	True	False	False	umpire	manual	min	0.6609640474436812
P0ABP8	P0ABP8		deoD		52270500.0	52713200.0	51932800.0	51892700.0	51505200.0	54487700.0	0	0.17424004148265515	0.03795471440374441	False	0.012919664268585132	False	False	Ecoli	False	True	False	False	umpire	manual	min	0.6609640474436812
P0ACC3	P0ACC3		erpA		7083890.0	7179870.0	7259890.0	7168540.0	7258450.0	7195140.0	0	0.17601425398223375	-0.01524638917169595	False	0.012949640287769786	False	False	Ecoli	False	True	False	False	umpire	manual	min	0.6609640474436812
P09832	P09832		gltD		3037420.0	3100680.0	3012360.0	3030100.0	3064100.0	3094930.0	0	0.17601769625732064	0.01989799490161471	False	0.012979616306954437	False	False	Ecoli	False	True	False	False	umpire	manual	min	0.6609640474436812
P75876	P75876		rlmI		4322300.0	4338790.0	4332470.0	4293930.0	4301280.0	4336690.0	0	0.17634629442291622	0.007801841805846923	False	0.01300959232613909	False	False	Ecoli	False	True	False	False	umpire	manual	min	0.6609640474436812
P0ACP5	P0ACP5		gntR		598361.0	663600.0	634075.0	772683.0	753873.0	641954.0	0	0.17735908103162276	-0.1824836336295297	False	0.013039568345323741	False	False	Ecoli	False	True	False	False	umpire	manual	min	0.6609640474436812
P0AAV4	P0AAV4		ybgJ		378258.0	477615.0	529594.0	506652.0	477458.0	469480.0	0	0.17752125681289502	-0.1917064542580485	False	0.013069544364508393	False	False	Ecoli	False	True	False	False	umpire	manual	min	0.6609640474436812
P0AEZ3	P0AEZ3		minD		18090900.0	18237200.0	18426600.0	18106000.0	18381200.0	17879800.0	0	0.1781514699810688	-0.018665629940753766	False	0.013099520383693046	False	False	Ecoli	False	True	False	False	umpire	manual	min	0.6609640474436812
P64554	P64554		queE		3740340.0	3593520.0	3699870.0	3836300.0	3762660.0	3680600.0	0	0.17834295273448816	-0.036774621977963384	False	0.013129496402877699	False	False	Ecoli	False	True	False	False	umpire	manual	min	0.6609640474436812
P0A993	P0A993		fbp		18526100.0	18556900.0	18018400.0	17845000.0	18267800.0	18056700.0	0	0.17840506116573498	0.026631047469032536	False	0.013159472422062352	False	False	Ecoli	False	True	False	False	umpire	manual	min	0.6609640474436812
P0AG67	P0AG67		rpsA		324420000.0	325161000.0	323780000.0	321940000.0	324891000.0	326159000.0	0	0.17846539437572445	0.0076035617346365885	False	0.013189448441247002	False	False	Ecoli	False	True	False	False	umpire	manual	min	0.6609640474436812
P02919	P02919		mrcB		1415700.0	1384840.0	1499900.0	1550080.0	1561920.0	1537260.0	0	0.17868563368550713	-0.08839769413569402	False	0.013219424460431655	False	False	Ecoli	False	True	False	False	umpire	manual	min	0.6609640474436812
P0AGK4	P0AGK4		yhbY		14687500.0	14255900.0	13926100.0	14098700.0	14436200.0	14474200.0	0	0.17941974362441937	0.03214163153848352	False	0.013249400479616308	False	False	Ecoli	False	True	False	False	umpire	manual	min	0.6609640474436812
P0AAJ3	P0AAJ3		fdnH		4652340.0	4538370.0	4655100.0	4655210.0	4672530.0	4469950.0	0	0.1795993320475839	-0.033630223066454704	False	0.013279376498800961	False	False	Ecoli	False	True	False	False	umpire	manual	min	0.6609640474436812
P75915	P75915		ycdY		6307540.0	6137230.0	6505430.0	6447580.0	6202750.0	6161260.0	0	0.17974597221669797	-0.04200800750362379	False	0.013309352517985613	False	False	Ecoli	False	True	False	False	umpire	manual	min	0.6609640474436812
P0AAZ4	P0AAZ4		rarA		1179140.0	1186740.0	1201670.0	1178370.0	1240100.0	1143570.0	0	0.18068047004433332	-0.04480054157446199	False	0.013339328537170264	False	False	Ecoli	False	True	False	False	umpire	manual	min	0.6609640474436812
P76403	P76403		yegQ		2508760.0	2504160.0	2555610.0	2508110.0	2604450.0	2489880.0	0	0.18175798760335046	-0.03145322004103939	False	0.013369304556354917	False	False	Ecoli	False	True	False	False	umpire	manual	min	0.6609640474436812
P17315	P17315		cirA		2272640.0	2269060.0	2271200.0	2340340.0	2313200.0	2262760.0	0	0.18212460105863928	-0.025279229571246817	False	0.013399280575539569	False	False	Ecoli	False	True	False	False	umpire	manual	min	0.6609640474436812
P0C0K3	P0C0K3		rdoA		983666.0	1027100.0	1055620.0	1008990.0	1044490.0	1006950.0	0	0.18223954145927154	-0.04303998085223647	False	0.013429256594724222	False	False	Ecoli	False	True	False	False	umpire	manual	min	0.6609640474436812
P0AEM6	P0AEM6		fliA		2736850.0	2709220.0	2873330.0	2700180.0	2793120.0	2615100.0	0	0.18284930246777498	-0.05365738873219088	False	0.013459232613908875	False	False	Ecoli	False	True	False	False	umpire	manual	min	0.6609640474436812
P0A921	P0A921		pldA		1992550.0	1971820.0	1968900.0	1929400.0	1957040.0	1962790.0	0	0.18291974818597145	0.017588057054963725	False	0.013489208633093525	False	False	Ecoli	False	True	False	False	umpire	manual	min	0.6609640474436812
P77552	P77552		ydhQ		2610050.0	2727170.0	2654280.0	2808770.0	2815260.0	2623460.0	0	0.1831839076928255	-0.05644460374139797	False	0.013519184652278178	False	False	Ecoli	False	True	False	False	umpire	manual	min	0.6609640474436812
P76254	P76254		yeaX		415234.0	406199.0	438099.0	406642.0	514751.0	345795.0	0	0.18358353108185327	-0.21998126496199474	False	0.01354916067146283	False	False	Ecoli	False	True	False	False	umpire	manual	min	0.6609640474436812
P60293	P60293		mukF		2366430.0	2414450.0	2305380.0	2408200.0	2328080.0	2484850.0	0	0.18359440295943452	0.04519218541975647	False	0.013579136690647484	False	False	Ecoli	False	True	False	False	umpire	manual	min	0.6609640474436812
P08178	P08178		purM		1654690.0	1566440.0	1732990.0	1655530.0	1627550.0	1597870.0	0	0.18508523015263117	-0.05782368022556708	False	0.013609112709832135	False	False	Ecoli	False	True	False	False	umpire	manual	min	0.6609640474436812
P0A790	P0A790		panD		9346700.0	9467630.0	9785320.0	9874070.0	9722230.0	9794850.0	0	0.18638794074789075	-0.03843579571477797	False	0.013639088729016787	False	False	Ecoli	False	True	False	False	umpire	manual	min	0.6609640474436812
P0A9C9	P0A9C9		glpX		5331570.0	5475330.0	5570560.0	5584940.0	5482630.0	5511620.0	0	0.18639610410396126	-0.0279830758388356	False	0.01366906474820144	False	False	Ecoli	False	True	False	False	umpire	manual	min	0.6609640474436812
P63883	P63883		amiC		869009.0	1052740.0	1119130.0	1164680.0	1191580.0	1119790.0	0	0.1868557965220069	-0.19237337950461422	False	0.013699040767386091	False	False	Ecoli	False	True	False	False	umpire	manual	min	0.6609640474436812
P76170	P76170		ynfB		2531330.0	2569870.0	2571870.0	2610700.0	2632360.0	2593270.0	0	0.18746507574309673	-0.022410994533233662	False	0.013729016786570744	False	False	Ecoli	False	True	False	False	umpire	manual	min	0.6609640474436812
P0ACJ0	P0ACJ0		lrp		13080500.0	12828700.0	13226000.0	12927300.0	13150200.0	12775300.0	0	0.18774449203677945	-0.02290216402452013	False	0.013758992805755398	False	False	Ecoli	False	True	False	False	umpire	manual	min	0.6609640474436812
P21599	P21599		pykA		21938500.0	22191400.0	21592800.0	22053000.0	21938500.0	22294200.0	0	0.18796742328973096	0.018356280970996255	False	0.013788968824940047	False	False	Ecoli	False	True	False	False	umpire	manual	min	0.6609640474436812
P0ACE0	P0ACE0		hybC		14757600.0	14706600.0	14324100.0	14682200.0	14525900.0	14667400.0	0	0.18808745947443842	0.019729121574612027	False	0.0138189448441247	False	False	Ecoli	False	True	False	False	umpire	manual	min	0.6609640474436812
P60651	P60651		speB		13761000.0	13775600.0	13634800.0	13679200.0	13310900.0	13771600.0	0	0.18858181628244122	0.024063934520672316	False	0.013848920863309353	False	False	Ecoli	False	True	False	False	umpire	manual	min	0.6609640474436812
P0AED7	P0AED7		dapE		4278640.0	4288330.0	4565300.0	4308130.0	4444850.0	4318350.0	0	0.18883516431431716	-0.04767941022718951	False	0.013878896882494007	False	False	Ecoli	False	True	False	False	umpire	manual	min	0.6609640474436812
P26608	P26608		fliS		4732400.0	4817260.0	4655980.0	4817900.0	4503500.0	5041440.0	0	0.18899557010753595	0.06199469080720491	False	0.013908872901678658	False	False	Ecoli	False	True	False	False	umpire	manual	min	0.6609640474436812
P52643	P52643		ldhA		3601690.0	3749260.0	3474300.0	3643160.0	3613560.0	3704320.0	0	0.18904124468252495	0.04294704715168449	False	0.01393884892086331	False	False	Ecoli	False	True	False	False	umpire	manual	min	0.6609640474436812
P42632	P42632		tdcE		4448540.0	4457470.0	4335950.0	4447580.0	4400500.0	4465900.0	0	0.19006425007299693	0.02041411954125561	False	0.013968824940047963	False	False	Ecoli	False	True	False	False	umpire	manual	min	0.6609640474436812
P75726	P75726		citF		5484400.0	5504400.0	5463650.0	5492690.0	5482990.0	5535260.0	0	0.19108853904538597	0.007416701985552637	False	0.013998800959232614	False	False	Ecoli	False	True	False	False	umpire	manual	min	0.6609640474436812
P0AA10	P0AA10		rplM		77540100.0	76869100.0	77201100.0	76115200.0	76807500.0	78562100.0	0	0.19236183517980282	0.017742040039719024	False	0.014028776978417267	False	False	Ecoli	False	True	False	False	umpire	manual	min	0.6609640474436812
P0AB43	P0AB43		ycgL		1158900.0	1214760.0	1138480.0	1182460.0	1150800.0	1254630.0	0	0.19254665799811593	0.06363086360547497	False	0.01405875299760192	False	False	Ecoli	False	True	False	False	umpire	manual	min	0.6609640474436812
P69441	P69441		adk		46327200.0	46108000.0	45883300.0	46255300.0	45715000.0	47069300.0	0	0.19271185327755916	0.017174716521921665	False	0.01408872901678657	False	False	Ecoli	False	True	False	False	umpire	manual	min	0.6609640474436812
P21338	P21338		rna		2899370.0	2860680.0	2770340.0	2621720.0	2809540.0	2772370.0	0	0.19350012836489325	0.05704959893163611	False	0.014118705035971223	False	False	Ecoli	False	True	False	False	umpire	manual	min	0.6609640474436812
P0A9G2	P0A9G2		nhaR		1086180.0	1100080.0	1194580.0	1083090.0	1167970.0	1068970.0	0	0.19371701430415797	-0.08201249547978973	False	0.014148681055155876	False	False	Ecoli	False	True	False	False	umpire	manual	min	0.6609640474436812
P0AA97	P0AA97		yaeQ		632817.0	621702.0	622198.0	558795.0	606367.0	640453.0	0	0.19400511897130615	0.08434628820390432	False	0.01417865707434053	False	False	Ecoli	False	True	False	False	umpire	manual	min	0.6609640474436812
P0ACD8	P0ACD8		hyaB		6071330.0	6027130.0	5943450.0	6035020.0	6041530.0	6164710.0	0	0.19441088137359486	0.019338189348741437	False	0.014208633093525182	False	False	Ecoli	False	True	False	False	umpire	manual	min	0.6609640474436812
P61626ups|LYSC_HUMAN_UPS Lysozyme C (Chain 19-148) - Homo sapiens (Human)	P61626ups|LYSC_HUMAN_UPS Lysozyme C (Chain 19-148) - Homo sapiens (Human)				2039570.0	1916610.0	2365580.0	2649120.0	2587220.0	144767.0	1	0.19481026826807202	-0.8904067442320276	False	0.014238609112709832	False	True	Human	True	False	False	False	umpire	manual	min	0.6609640474436812
P38521	P38521		yggL		2765260.0	2804670.0	2755010.0	2738020.0	2769830.0	2877110.0	0	0.19550696132531564	0.03180465878654741	False	0.014268585131894485	False	False	Ecoli	False	True	False	False	umpire	manual	min	0.6609640474436812
P0AC51	P0AC51		zur		1333330.0	1296970.0	1354290.0	1413150.0	1306370.0	1267810.0	0	0.19563723283357773	-0.06360389316287318	False	0.014298561151079138	False	False	Ecoli	False	True	False	False	umpire	manual	min	0.6609640474436812
P52644	P52644		hslJ		1521640.0	1855820.0	1503160.0	1487900.0	1463040.0	1636510.0	0	0.1957496124830573	0.170819415385519	False	0.01432853717026379	False	False	Ecoli	False	True	False	False	umpire	manual	min	0.6609640474436812
P04805	P04805		gltX		26161400.0	26195500.0	26111100.0	26331300.0	26438500.0	25901600.0	0	0.19602078321867522	-0.011428554380399934	False	0.014358513189448443	False	False	Ecoli	False	True	False	False	umpire	manual	min	0.6609640474436812
P0A6S7	P0A6S7		gpsA		4385210.0	4263020.0	4487490.0	4321950.0	4386570.0	4242750.0	0	0.19638658614395688	-0.03373983165134512	False	0.014388489208633094	False	False	Ecoli	False	True	False	False	umpire	manual	min	0.6609640474436812
P76270	P76270		msrC		3700370.0	3760160.0	3979350.0	3746790.0	3779100.0	3388940.0	0	0.19649989298087522	-0.08466651029392883	False	0.014418465227817746	False	False	Ecoli	False	True	False	False	umpire	manual	min	0.6609640474436812
P0A734	P0A734		minE		25947200.0	25930000.0	25809500.0	25640300.0	25715600.0	26677100.0	0	0.1971106633209373	0.02573614359176496	False	0.014448441247002399	False	False	Ecoli	False	True	False	False	umpire	manual	min	0.6609640474436812
P0AGJ7	P0AGJ7		trmL		2981510.0	3143500.0	3134570.0	3148660.0	3131900.0	2996100.0	0	0.19760062632111827	-0.04577161020162277	False	0.014478417266187052	False	False	Ecoli	False	True	False	False	umpire	manual	min	0.6609640474436812
P21179	P21179		katE		744593.0	714062.0	760583.0	816454.0	724806.0	694481.0	0	0.19854352640709133	-0.09634998774113641	False	0.014508393285371705	False	False	Ecoli	False	True	False	False	umpire	manual	min	0.6609640474436812
P60422	P60422		rplB		138859000.0	138132000.0	138167000.0	137541000.0	137524000.0	137912000.0	0	0.19858941473673866	0.005822110368684484	False	0.014538369304556355	False	False	Ecoli	False	True	False	False	umpire	manual	min	0.6609640474436812
P76938	P76938		epmC		1532930.0	1599610.0	1659380.0	1726920.0	1627570.0	1661460.0	0	0.19981309492129937	-0.06469468136376436	False	0.014568345323741008	False	False	Ecoli	False	True	False	False	umpire	manual	min	0.6609640474436812
P28905	P28905		holC		903735.0	876148.0	1006010.0	867276.0	942835.0	752489.0	0	0.19985485811905745	-0.15321997431377288	False	0.014598321342925661	False	False	Ecoli	False	True	False	False	umpire	manual	min	0.6609640474436812
P21893	P21893		recJ		1119110.0	1249330.0	1230970.0	1222700.0	1307530.0	1175050.0	0	0.20000750677198711	-0.08602204538580362	False	0.014628297362110312	False	False	Ecoli	False	True	False	False	umpire	manual	min	0.6609640474436812
P06983	P06983		hemC		10786600.0	10791300.0	10684300.0	10693500.0	10745400.0	10704900.0	0	0.2011063457435053	0.007150097811682909	False	0.014658273381294966	False	False	Ecoli	False	True	False	False	umpire	manual	min	0.6609640474436812
P76007	P76007		cvrA		1160290.0	1248450.0	1382340.0	1569580.0	1498890.0	1492570.0	0	0.20153755669544954	-0.19010927492909066	False	0.014688249400479617	False	False	Ecoli	False	True	False	False	umpire	manual	min	0.6609640474436812
P06961	P06961		cca		1088230.0	1088510.0	1085910.0	1117700.0	1157800.0	1070130.0	0	0.20156002573005066	-0.0500169003310281	False	0.014718225419664268	False	False	Ecoli	False	True	False	False	umpire	manual	min	0.6609640474436812
P69739	P69739		hyaA		428936.0	358064.0	388906.0	443023.0	457262.0	356653.0	0	0.20160839123065252	-0.17281663685988913	False	0.014748201438848921	False	False	Ecoli	False	True	False	False	umpire	manual	min	0.6609640474436812
P0ACN4	P0ACN4		allR		12418100.0	11832200.0	12448000.0	12359100.0	12503100.0	12125000.0	0	0.20167045073863046	-0.0366109472032147	False	0.014778177458033575	False	False	Ecoli	False	True	False	False	umpire	manual	min	0.6609640474436812
P0A7E5	P0A7E5		pyrG		14971800.0	14769600.0	15212800.0	15024500.0	15117600.0	15091700.0	0	0.20173540604634557	-0.01669416490633363	False	0.014808153477218228	False	False	Ecoli	False	True	False	False	umpire	manual	min	0.6609640474436812
P64636	P64636		yrfG		2631590.0	2781010.0	2781270.0	2701410.0	2871270.0	2600380.0	0	0.2017521262172646	-0.060119632915291994	False	0.014838129496402877	False	False	Ecoli	False	True	False	False	umpire	manual	min	0.6609640474436812
P64624	P64624		yheO		3057340.0	3254680.0	3426510.0	3278090.0	3125190.0	2904750.0	0	0.20224538359775124	-0.09289934627488741	False	0.01486810551558753	False	False	Ecoli	False	True	False	False	umpire	manual	min	0.6609640474436812
P0AB58	P0AB58		yciM		413980.0	404389.0	392969.0	348798.0	416374.0	470750.0	0	0.20246263254474253	0.15457453904729884	False	0.014898081534772184	False	False	Ecoli	False	True	False	False	umpire	manual	min	0.6609640474436812
P64506	P64506		yebY		1822220.0	1756610.0	1689370.0	1827750.0	1654190.0	1904770.0	0	0.2043520931192264	0.08459354648961952	False	0.014928057553956835	False	False	Ecoli	False	True	False	False	umpire	manual	min	0.6609640474436812
P00363	P00363		frdA		27838300.0	27632900.0	27896200.0	28309100.0	28006100.0	27999100.0	0	0.2051574049828971	-0.01275259323513123	False	0.014958033573141488	False	False	Ecoli	False	True	False	False	umpire	manual	min	0.6609640474436812
P37349	P37349		dhaM		78191800.0	77659500.0	77100800.0	77408200.0	77931400.0	79426400.0	0	0.20529978590561754	0.01750374360896021	False	0.01498800959232614	False	False	Ecoli	False	True	False	False	umpire	manual	min	0.6609640474436812
P0ABC3	P0ABC3		hflC		7104030.0	7093320.0	7389050.0	7060390.0	7305220.0	7019760.0	0	0.2053051607269928	-0.036096310454281445	False	0.015017985611510791	False	False	Ecoli	False	True	False	False	umpire	manual	min	0.6609640474436812
P23843	P23843		oppA		38410800.0	37808300.0	38745200.0	38155400.0	38603900.0	36879800.0	0	0.20598638390850757	-0.03036416170133622	False	0.015047961630695444	False	False	Ecoli	False	True	False	False	umpire	manual	min	0.6609640474436812
P30843	P30843		basR		1742550.0	1713960.0	1880960.0	1985320.0	1792740.0	1869400.0	0	0.2062146024180945	-0.0875241868322435	False	0.015077937649880097	False	False	Ecoli	False	True	False	False	umpire	manual	min	0.6609640474436812
P0AEC0	P0AEC0		yoaE		404323.0	497669.0	346610.0	387852.0	377327.0	390731.0	0	0.2073237637500576	0.21753015950095173	False	0.01510791366906475	False	False	Ecoli	False	True	False	False	umpire	manual	min	0.6609640474436812
P0A910	P0A910		ompA		520419000.0	511450000.0	525441000.0	517162000.0	518120000.0	507712000.0	0	0.20788075344259807	-0.019676735812753747	False	0.0151378896882494	False	False	Ecoli	False	True	False	False	umpire	manual	min	0.6609640474436812
P0ACF8	P0ACF8		hns		51849100.0	53176200.0	52120600.0	51581000.0	51988700.0	53893300.0	0	0.20872335274135612	0.029608926377477415	False	0.015167865707434053	False	False	Ecoli	False	True	False	False	umpire	manual	min	0.6609640474436812
P32132	P32132		typA		34977200.0	34874600.0	35389300.0	35221900.0	35126100.0	35254900.0	0	0.20977692148833255	-0.008629756648919906	False	0.015197841726618706	False	False	Ecoli	False	True	False	False	umpire	manual	min	0.6609640474436812
Q46840	Q46840		yghO		1058850.0	1112130.0	984576.0	1111690.0	1024280.0	1207310.0	0	0.21026308084886539	0.11449469900621975	False	0.01522781774580336	False	False	Ecoli	False	True	False	False	umpire	manual	min	0.6609640474436812
P77338	P77338		kefA		1523920.0	1384240.0	1433760.0	1567300.0	1598810.0	1383560.0	0	0.21034938859250857	-0.10003713378908015	False	0.01525779376498801	False	False	Ecoli	False	True	False	False	umpire	manual	min	0.6609640474436812
P63417	P63417		yhbS		8603550.0	8489820.0	8722750.0	8660300.0	8529230.0	8233990.0	0	0.211432201092216	-0.032939257221869314	False	0.015287769784172662	False	False	Ecoli	False	True	False	False	umpire	manual	min	0.6609640474436812
P0AF24	P0AF24		nagD		2219500.0	2160750.0	2309380.0	2204340.0	2204020.0	2025020.0	0	0.2118430505938642	-0.06871657384666434	False	0.015317745803357315	False	False	Ecoli	False	True	False	False	umpire	manual	min	0.6609640474436812
P0A6T5	P0A6T5		folE		3557260.0	3409500.0	3604120.0	3546930.0	3492890.0	3400080.0	0	0.2124168438976003	-0.03805608134355325	False	0.015347721822541967	False	False	Ecoli	False	True	False	False	umpire	manual	min	0.6609640474436812
Q46868	Q46868		yqiC		8892200.0	8740400.0	9244180.0	8776920.0	9380760.0	8792900.0	0	0.21242637551613763	-0.05234305536562333	False	0.01537769784172662	False	False	Ecoli	False	True	False	False	umpire	manual	min	0.6609640474436812
P0AG30	P0AG30		rho		33020300.0	33327900.0	33082200.0	33045800.0	32768000.0	33880900.0	0	0.21261098019877303	0.01931735871914741	False	0.015407673860911273	False	False	Ecoli	False	True	False	False	umpire	manual	min	0.6609640474436812
P0A8U6	P0A8U6		metJ		7967640.0	8147230.0	8031210.0	8264000.0	8161710.0	7846780.0	0	0.21309178064192774	-0.02951547288117004	False	0.015437649880095923	False	False	Ecoli	False	True	False	False	umpire	manual	min	0.6609640474436812
P0ADE4	P0ADE4		tamA		3867400.0	4003180.0	4052430.0	4010450.0	3961470.0	3939320.0	0	0.21453108021580006	-0.025962159565225455	False	0.015467625899280576	False	False	Ecoli	False	True	False	False	umpire	manual	min	0.6609640474436812
Q57261	Q57261		truD		3661920.0	3585930.0	3614830.0	3749610.0	3670800.0	3570090.0	0	0.21464658721441093	-0.028692205477187246	False	0.015497601918465229	False	False	Ecoli	False	True	False	False	umpire	manual	min	0.6609640474436812
P0A720	P0A720		tmk		2710890.0	2714100.0	2710370.0	2725640.0	2754070.0	2697930.0	0	0.21575325510946744	-0.011879108241023197	False	0.015527577937649882	False	False	Ecoli	False	True	False	False	umpire	manual	min	0.6609640474436812
P76256	P76256		yeaZ		2197450.0	2104110.0	2042820.0	2116890.0	2134460.0	2164960.0	0	0.21671546083830565	0.038973380201398365	False	0.015557553956834533	False	False	Ecoli	False	True	False	False	umpire	manual	min	0.6609640474436812
P52697	P52697		pgl		11423200.0	11518200.0	11823900.0	11457400.0	11535700.0	10991100.0	0	0.2172912226079904	-0.037124173305727426	False	0.015587529976019185	False	False	Ecoli	False	True	False	False	umpire	manual	min	0.6609640474436812
P0AF48	P0AF48		yjbQ		1351640.0	1371100.0	1486990.0	1561860.0	1300160.0	1202560.0	0	0.2175203523866856	-0.1478841066260845	False	0.015617505995203838	False	False	Ecoli	False	True	False	False	umpire	manual	min	0.6609640474436812
P0AAH8	P0AAH8		sapF		596646.0	612746.0	540465.0	595856.0	595214.0	617440.0	0	0.21948197539387782	0.07729241682548757	False	0.01564748201438849	False	False	Ecoli	False	True	False	False	umpire	manual	min	0.6609640474436812
P69797	P69797		manX		13206000.0	13366100.0	13360900.0	13652300.0	13525000.0	13469000.0	0	0.21999947028609293	-0.01780042276016172	False	0.015677458033573143	False	False	Ecoli	False	True	False	False	umpire	manual	min	0.6609640474436812
P0A6J8	P0A6J8		ddlA		15075700.0	15392800.0	15534300.0	15267300.0	15437500.0	15244600.0	0	0.22057847542458858	-0.016505659873800444	False	0.015707434052757794	False	False	Ecoli	False	True	False	False	umpire	manual	min	0.6609640474436812
P69902	P69902		frc		1159100.0	1174250.0	1145200.0	1168560.0	1087790.0	1191740.0	0	0.22202089688607474	0.051467796106599704	False	0.015737410071942445	False	False	Ecoli	False	True	False	False	umpire	manual	min	0.6609640474436812
P0AC69	P0AC69		grxD		25856400.0	26121300.0	26046300.0	25832600.0	25343200.0	26377400.0	0	0.22202629848744165	0.02101339243973075	False	0.0157673860911271	False	False	Ecoli	False	True	False	False	umpire	manual	min	0.6609640474436812
P0A825	P0A825		glyA		30317300.0	30290800.0	30254300.0	30200200.0	29721700.0	30440700.0	0	0.22292155450428788	0.013893286485767521	False	0.01579736211031175	False	False	Ecoli	False	True	False	False	umpire	manual	min	0.6609640474436812
P0A9M5	P0A9M5		gpt		81822200.0	79710800.0	78725600.0	75704000.0	78822000.0	78122900.0	0	0.2232672803294298	0.039077480226434744	False	0.015827338129496403	False	False	Ecoli	False	True	False	False	umpire	manual	min	0.6609640474436812
P08331	P08331		cpdB		2556670.0	2473200.0	2594090.0	2493450.0	2633590.0	2467260.0	0	0.22353238975516806	-0.04247358507377984	False	0.015857314148681058	False	False	Ecoli	False	True	False	False	umpire	manual	min	0.6609640474436812
P0ABX8	P0ABX8		fliL		2654770.0	2619640.0	2832760.0	2826320.0	2704360.0	2793990.0	0	0.2236427907439224	-0.05181385609926026	False	0.015887290167865706	False	False	Ecoli	False	True	False	False	umpire	manual	min	0.6609640474436812
P0A8N5	P0A8N5		lysU		20804600.0	20495700.0	20801300.0	21222600.0	20873200.0	20853400.0	0	0.22389620272653726	-0.017153222976138898	False	0.01591726618705036	False	False	Ecoli	False	True	False	False	umpire	manual	min	0.6609640474436812
P76558	P76558		maeB		2482500.0	2503520.0	2439790.0	2387630.0	2482250.0	2463520.0	0	0.22464968385686113	0.02734506746400256	False	0.015947242206235012	False	False	Ecoli	False	True	False	False	umpire	manual	min	0.6609640474436812
P07913	P07913		tdh		4137840.0	4000810.0	4079470.0	4178530.0	4209690.0	4087730.0	0	0.22473348574138863	-0.028196876605033262	False	0.015977218225419667	False	False	Ecoli	False	True	False	False	umpire	manual	min	0.6609640474436812
P0A855	P0A855		tolB		17570300.0	17922900.0	17574200.0	17658600.0	17577200.0	17906800.0	0	0.22512767757911803	0.016028600503477757	False	0.01600719424460432	False	False	Ecoli	False	True	False	False	umpire	manual	min	0.6609640474436812
P33136	P33136		mdoG		11995500.0	12470900.0	11979700.0	12081900.0	11978000.0	12281400.0	0	0.22540791884836525	0.028074883037421564	False	0.01603717026378897	False	False	Ecoli	False	True	False	False	umpire	manual	min	0.6609640474436812
P23894	P23894		htpX		4493910.0	4282760.0	4415500.0	4678030.0	4422640.0	4234850.0	0	0.22571046798051864	-0.05489689436915613	False	0.01606714628297362	False	False	Ecoli	False	True	False	False	umpire	manual	min	0.6609640474436812
P0AAH0	P0AAH0		pstB		1148200.0	1104980.0	1251360.0	1181470.0	1198410.0	1212390.0	0	0.2257834897657164	-0.06736962621209	False	0.016097122302158273	False	False	Ecoli	False	True	False	False	umpire	manual	min	0.6609640474436812
P31455	P31455		yidR		1378610.0	1290530.0	1430160.0	1341150.0	1394230.0	1340720.0	0	0.22627647362973288	-0.05495166416733322	False	0.016127098321342927	False	False	Ecoli	False	True	False	False	umpire	manual	min	0.6609640474436812
P0A912	P0A912		pal		57034300.0	56605900.0	59620500.0	57224900.0	57748600.0	57245900.0	0	0.22683769706235596	-0.030968929046638456	False	0.01615707434052758	False	False	Ecoli	False	True	False	False	umpire	manual	min	0.6609640474436812
P0CE47	P0CE47		tufA		1520130000.0	1511710000.0	1547380000.0	1515970000.0	1516910000.0	1488310000.0	0	0.22708287499679145	-0.01905884682224333	False	0.01618705035971223	False	False	Ecoli	False	True	False	False	umpire	manual	min	0.6609640474436812
P0A6X7	P0A6X7		ihfA		19969700.0	18949700.0	18526800.0	19228200.0	18504000.0	19074100.0	0	0.22734908698445985	0.04380730076732348	False	0.01621702637889688	False	False	Ecoli	False	True	False	False	umpire	manual	min	0.6609640474436812
P25714	P25714		yidC		7009860.0	7154340.0	6738840.0	6764740.0	7221330.0	7406300.0	0	0.22742837912581126	0.057693781590026354	False	0.016247002398081536	False	False	Ecoli	False	True	False	False	umpire	manual	min	0.6609640474436812
P0AA43	P0AA43		rsuA		4482080.0	4540450.0	4532100.0	4621440.0	4543190.0	4527750.0	0	0.22843553906995664	-0.015508837365665884	False	0.016276978417266188	False	False	Ecoli	False	True	False	False	umpire	manual	min	0.6609640474436812
P27434	P27434		rodZ		10538100.0	10542200.0	10799700.0	10457700.0	10675700.0	10315300.0	0	0.23020860613453833	-0.02449022972585819	False	0.016306954436450843	False	False	Ecoli	False	True	False	False	umpire	manual	min	0.6609640474436812
P05020	P05020		pyrC		6434550.0	6561980.0	6268480.0	6598080.0	6284610.0	6777600.0	0	0.23027148474543105	0.046181688787747706	False	0.01633693045563549	False	False	Ecoli	False	True	False	False	umpire	manual	min	0.6609640474436812
P0ACB7	P0ACB7		hemY		5528100.0	5517880.0	5545180.0	5558700.0	5562750.0	5382600.0	0	0.23157121054432359	-0.020754633523956435	False	0.016366906474820146	False	False	Ecoli	False	True	False	False	umpire	manual	min	0.6609640474436812
P07330	P07330		cheB		1198630.0	1064330.0	1232180.0	1179880.0	1165330.0	1117060.0	0	0.23174235780789515	-0.0818756235347543	False	0.016396882494004797	False	False	Ecoli	False	True	False	False	umpire	manual	min	0.6609640474436812
P0A8H8	P0A8H8		yacG		2031240.0	2009690.0	2117950.0	2162740.0	2039900.0	2091850.0	0	0.23240661483234076	-0.043518035696015166	False	0.01642685851318945	False	False	Ecoli	False	True	False	False	umpire	manual	min	0.6609640474436812
P07649	P07649		truA		1934190.0	1904610.0	2033260.0	1903030.0	2051900.0	1914030.0	0	0.2332338162546687	-0.0578481593246511	False	0.016456834532374103	False	False	Ecoli	False	True	False	False	umpire	manual	min	0.6609640474436812
P25397	P25397		tehB		3312950.0	3279060.0	3267920.0	3317300.0	3179070.0	3432000.0	0	0.23343325330844236	0.03787271001509801	False	0.016486810551558755	False	False	Ecoli	False	True	False	False	umpire	manual	min	0.6609640474436812
P0AFL6	P0AFL6		ppx		1564650.0	1563830.0	1533690.0	1541360.0	1551650.0	1539910.0	0	0.23455545891601962	0.012941533556342411	False	0.016516786570743406	False	False	Ecoli	False	True	False	False	umpire	manual	min	0.6609640474436812
P03817	P03817		mioC		8058290.0	7973850.0	8190420.0	8324600.0	8047040.0	8126910.0	0	0.23529878791865266	-0.0238678383834713	False	0.016546762589928057	False	False	Ecoli	False	True	False	False	umpire	manual	min	0.6609640474436812
P0AFD6	P0AFD6		nuoI		8799350.0	8394900.0	8933560.0	8705140.0	8752940.0	8608220.0	0	0.23736171178961002	-0.032571826287526376	False	0.016576738609112712	False	False	Ecoli	False	True	False	False	umpire	manual	min	0.6609640474436812
P0AB18	P0AB18		tusE		1476640.0	1453650.0	1429300.0	1366250.0	1402090.0	1395130.0	0	0.23850622954812306	0.04326178297599078	False	0.016606714628297364	False	False	Ecoli	False	True	False	False	umpire	manual	min	0.6609640474436812
P22255	P22255		cysQ		7553460.0	7343900.0	7447080.0	7148780.0	7068530.0	7346710.0	0	0.23870409541510818	0.038095166789214	False	0.016636690647482015	False	False	Ecoli	False	True	False	False	umpire	manual	min	0.6609640474436812
P68191	P68191		sra		1941900.0	1933950.0	2017080.0	1947740.0	1934790.0	1811950.0	0	0.23890703260720783	-0.0527488503432708	False	0.016666666666666666	False	False	Ecoli	False	True	False	False	umpire	manual	min	0.6609640474436812
P0A7E1	P0A7E1		pyrD		7296480.0	7453270.0	7287210.0	7390160.0	7252190.0	7560280.0	0	0.23912838049665183	0.024815587836765334	False	0.01669664268585132	False	False	Ecoli	False	True	False	False	umpire	manual	min	0.6609640474436812
P0A6N8	P0A6N8		yeiP		14634800.0	14608700.0	15112500.0	14523500.0	15140200.0	14538700.0	0	0.23963255759348717	-0.03238764695122798	False	0.016726618705035973	False	False	Ecoli	False	True	False	False	umpire	manual	min	0.6609640474436812
P69910	P69910		gadB		41693100.0	41842000.0	42140300.0	43070000.0	42316200.0	42459300.0	0	0.24128353592491938	-0.01743745766985495	False	0.016756594724220624	False	False	Ecoli	False	True	False	False	umpire	manual	min	0.6609640474436812
P41407	P41407		azoR		3467300.0	3539590.0	3857750.0	3464600.0	3556400.0	3262600.0	0	0.24144826836104297	-0.08314825946370864	False	0.016786570743405275	False	False	Ecoli	False	True	False	False	umpire	manual	min	0.6609640474436812
P0A8I3	P0A8I3		yaaA		4196800.0	4226230.0	4109430.0	4221020.0	4140260.0	4210020.0	0	0.24153944062551722	0.018659386306123273	False	0.016816546762589927	False	False	Ecoli	False	True	False	False	umpire	manual	min	0.6609640474436812
P36672	P36672		treB		1367270.0	1344930.0	1207990.0	1285070.0	1343330.0	1314530.0	0	0.24221298550038747	0.0698593506427793	False	0.016846522781774582	False	False	Ecoli	False	True	False	False	umpire	manual	min	0.6609640474436812
P39406	P39406		rsmC		10631500.0	10638300.0	10975200.0	11006200.0	10637100.0	10774600.0	0	0.2422137558544828	-0.02561818249235823	False	0.016876498800959233	False	False	Ecoli	False	True	False	False	umpire	manual	min	0.6609640474436812
P0AFD1	P0AFD1		nuoE		6495000.0	6429700.0	6427920.0	6328900.0	6307810.0	6360550.0	0	0.24244698792258754	0.016599316150440323	False	0.016906474820143888	False	False	Ecoli	False	True	False	False	umpire	manual	min	0.6609640474436812
P52647	P52647		ydbK		1556750.0	1472130.0	1525360.0	1575440.0	1536400.0	1452070.0	0	0.24297898459727257	-0.049449322246796955	False	0.016936450839328536	False	False	Ecoli	False	True	False	False	umpire	manual	min	0.6609640474436812
P0AF12	P0AF12		mtnN		24893400.0	25436800.0	25002600.0	24394500.0	25192600.0	25562200.0	0	0.24343364659897782	0.024978994576088525	False	0.01696642685851319	False	False	Ecoli	False	True	False	False	umpire	manual	min	0.6609640474436812
P31063	P31063		yedD		5561830.0	5441870.0	5736060.0	5507710.0	5591550.0	5505970.0	0	0.2441914483632781	-0.028179860140915447	False	0.016996402877697842	False	False	Ecoli	False	True	False	False	umpire	manual	min	0.6609640474436812
P23538	P23538		ppsA		5161600.0	5163520.0	5149130.0	5175190.0	5235040.0	5072160.0	0	0.24442432878456066	-0.01510720471699246	False	0.017026378896882494	False	False	Ecoli	False	True	False	False	umpire	manual	min	0.6609640474436812
P0A7B5	P0A7B5		proB		4448500.0	4454520.0	4517260.0	4478220.0	4436220.0	4414190.0	0	0.24444577982060425	-0.012350048200100737	False	0.01705635491606715	False	False	Ecoli	False	True	False	False	umpire	manual	min	0.6609640474436812
P0A9A6	P0A9A6		ftsZ		13719300.0	13884800.0	13758000.0	13678300.0	13688000.0	14190000.0	0	0.24446458351669437	0.023308171816931518	False	0.0170863309352518	False	False	Ecoli	False	True	False	False	umpire	manual	min	0.6609640474436812
P0A8G6	P0A8G6		wrbA		8809130.0	9183440.0	9045040.0	9179330.0	9176100.0	8686320.0	0	0.24461855350890452	-0.03850199682840494	False	0.01711630695443645	False	False	Ecoli	False	True	False	False	umpire	manual	min	0.6609640474436812
Q93K97	Q93K97		nudF		58325600.0	59849800.0	60808600.0	57968700.0	64251600.0	55743700.0	0	0.2456847503856741	-0.07365508615694191	False	0.017146282973621103	False	False	Ecoli	False	True	False	False	umpire	manual	min	0.6609640474436812
P37903	P37903		uspF		8849730.0	8778790.0	9087760.0	8909310.0	8748600.0	8622320.0	0	0.24587427523933067	-0.026941756497056397	False	0.017176258992805758	False	False	Ecoli	False	True	False	False	umpire	manual	min	0.6609640474436812
P0A759	P0A759		nagB		4097910.0	4173060.0	3895570.0	4208990.0	4040010.0	4370280.0	0	0.24594115034502798	0.05782771833709353	False	0.01720623501199041	False	False	Ecoli	False	True	False	False	umpire	manual	min	0.6609640474436812
P0ACA7	P0ACA7		gstB		2394840.0	2325180.0	2370570.0	2427580.0	2408560.0	2376830.0	0	0.24624998487418853	-0.022161978405639177	False	0.01723621103117506	False	False	Ecoli	False	True	False	False	umpire	manual	min	0.6609640474436812
P13035	P13035		glpD		3534800.0	3533300.0	3557590.0	3584240.0	3532460.0	3533500.0	0	0.24643194769178944	-0.009858098586165966	False	0.017266187050359712	False	False	Ecoli	False	True	False	False	umpire	manual	min	0.6609640474436812
P0A8D0	P0A8D0		nrdR		4510080.0	4584340.0	4391420.0	4421790.0	4261390.0	4341640.0	0	0.24712308353616372	0.0393433333798141	False	0.017296163069544367	False	False	Ecoli	False	True	False	False	umpire	manual	min	0.6609640474436812
P60061	P60061		adiC		1258630.0	1197980.0	1280470.0	1221060.0	1274920.0	1213000.0	0	0.24719351501541376	-0.0414039417984706	False	0.017326139088729018	False	False	Ecoli	False	True	False	False	umpire	manual	min	0.6609640474436812
P12281	P12281		moeA		6105790.0	5893520.0	6091010.0	6087740.0	6168350.0	6045620.0	0	0.24793987026458117	-0.02395849746422514	False	0.01735611510791367	False	False	Ecoli	False	True	False	False	umpire	manual	min	0.6609640474436812
P00452	P00452		nrdA		9717480.0	9684240.0	9824310.0	9776610.0	9670700.0	9653120.0	0	0.2484214857278507	-0.010724082038678416	False	0.01738609112709832	False	False	Ecoli	False	True	False	False	umpire	manual	min	0.6609640474436812
P23827	P23827		eco		12389600.0	12312000.0	12502800.0	12774500.0	12716200.0	12698600.0	0	0.24961822769832914	-0.022706635625570352	False	0.017416067146282976	False	False	Ecoli	False	True	False	False	umpire	manual	min	0.6609640474436812
P0AFG0	P0AFG0		nusG		16749300.0	16382400.0	16338100.0	15646300.0	16162300.0	16127800.0	0	0.2500047408095985	0.03296506570107091	False	0.017446043165467627	False	False	Ecoli	False	True	False	False	umpire	manual	min	0.6609640474436812
P0A9Q9	P0A9Q9		asd		14287300.0	14221100.0	14466400.0	14816000.0	14281700.0	14306700.0	0	0.25018163065338905	-0.02502004345550128	False	0.01747601918465228	False	False	Ecoli	False	True	False	False	umpire	manual	min	0.6609640474436812
P18196	P18196		minC		2622420.0	2595610.0	2545420.0	2421250.0	2570700.0	2540990.0	0	0.25056535137180225	0.04181323038796686	False	0.017505995203836933	False	False	Ecoli	False	True	False	False	umpire	manual	min	0.6609640474436812
P0A6I3	P0A6I3		coaA		3311120.0	3519510.0	3175460.0	3461680.0	3228090.0	3478950.0	0	0.2508748516979437	0.06356096848463118	False	0.01753597122302158	False	False	Ecoli	False	True	False	False	umpire	manual	min	0.6609640474436812
P16659	P16659		proS		10801700.0	10996800.0	10632700.0	10965900.0	10795600.0	11214800.0	0	0.25234074114533406	0.027311827383237505	False	0.017565947242206236	False	False	Ecoli	False	True	False	False	umpire	manual	min	0.6609640474436812
P02931	P02931		ompF		21228700.0	21491900.0	21490000.0	21322100.0	21590000.0	21177100.0	0	0.2527328124551091	-0.011343729729199156	False	0.017595923261390888	False	False	Ecoli	False	True	False	False	umpire	manual	min	0.6609640474436812
P07004	P07004		proA		25158200.0	25391700.0	25327300.0	25492400.0	25521900.0	24440700.0	0	0.25351339269629913	-0.02575965699398536	False	0.017625899280575542	False	False	Ecoli	False	True	False	False	umpire	manual	min	0.6609640474436812
P16676	P16676		cysA		756327.0	721082.0	808840.0	765209.0	777206.0	783492.0	0	0.25416156942242113	-0.056533190722719125	False	0.017655875299760194	False	False	Ecoli	False	True	False	False	umpire	manual	min	0.6609640474436812
P08191	P08191		fimH		2960370.0	2996060.0	3096370.0	2947220.0	3084860.0	2947500.0	0	0.25482188515361176	-0.03592766240214074	False	0.017685851318944845	False	False	Ecoli	False	True	False	False	umpire	manual	min	0.6609640474436812
P62768	P62768		yaeH		5544880.0	5453050.0	5549020.0	5533750.0	5638030.0	5544900.0	0	0.255015548483562	-0.015437815199555173	False	0.017715827338129497	False	False	Ecoli	False	True	False	False	umpire	manual	min	0.6609640474436812
P31460	P31460		dgoR		1296690.0	1504230.0	1433880.0	1551910.0	1656180.0	1477140.0	0	0.2554414958198937	-0.1177804823883536	False	0.017745803357314148	False	False	Ecoli	False	True	False	False	umpire	manual	min	0.6609640474436812
P39451	P39451		adhP		1184800.0	1187460.0	1167570.0	1191370.0	1151140.0	1272350.0	0	0.25574636734891626	0.0542605317678194	False	0.017775779376498803	False	False	Ecoli	False	True	False	False	umpire	manual	min	0.6609640474436812
P52006	P52006		nudI		1110090.0	1084620.0	1135310.0	1091180.0	1190080.0	1088370.0	0	0.2565176952392852	-0.057498780594100705	False	0.017805755395683454	False	False	Ecoli	False	True	False	False	umpire	manual	min	0.6609640474436812
P08189	P08189		fimF		2297240.0	2358010.0	2355940.0	2453700.0	2323040.0	2291360.0	0	0.2565877718987492	-0.03813514694619043	False	0.017835731414868106	False	False	Ecoli	False	True	False	False	umpire	manual	min	0.6609640474436812
P60390	P60390		rsmH		5132460.0	5102150.0	5222820.0	5088660.0	5208380.0	5087220.0	0	0.2568981410682654	-0.01852692412262091	False	0.017865707434052757	False	False	Ecoli	False	True	False	False	umpire	manual	min	0.6609640474436812
P0AEQ6	P0AEQ6		glnP		1357940.0	1291610.0	1289340.0	1307150.0	1273740.0	1482900.0	0	0.25754339681983235	0.09457805854895217	False	0.017895683453237412	False	False	Ecoli	False	True	False	False	umpire	manual	min	0.6609640474436812
P02943	P02943		lamB		1699280.0	1530840.0	1702820.0	1730360.0	1707640.0	1668530.0	0	0.2576719714914367	-0.06961428137871878	False	0.017925659472422063	False	False	Ecoli	False	True	False	False	umpire	manual	min	0.6609640474436812
P75823	P75823		ltaE		7559290.0	7581240.0	7452670.0	7344970.0	7577900.0	7549680.0	0	0.25816782574730424	0.020147461276872714	False	0.017955635491606715	False	False	Ecoli	False	True	False	False	umpire	manual	min	0.6609640474436812
P37052	P37052		ychJ		860109.0	926719.0	898683.0	947920.0	905165.0	843639.0	0	0.2591934951918062	-0.06503989122329136	False	0.017985611510791366	False	False	Ecoli	False	True	False	False	umpire	manual	min	0.6609640474436812
P0AB98	P0AB98		atpB		674363.0	623410.0	575830.0	626406.0	464283.0	592558.0	0	0.25940723049297076	0.1818011090663877	False	0.01801558752997602	False	False	Ecoli	False	True	False	False	umpire	manual	min	0.6609640474436812
P0A821	P0A821		selA		1660790.0	1583120.0	1664620.0	1614320.0	1684490.0	1592120.0	0	0.25947736664239174	-0.03751425168950347	False	0.018045563549160672	False	False	Ecoli	False	True	False	False	umpire	manual	min	0.6609640474436812
P0AD57	P0AD57		ispB		1414340.0	1526300.0	1393520.0	1210760.0	1307120.0	1301420.0	0	0.26082361050250497	0.11707994552046148	False	0.018075539568345324	False	False	Ecoli	False	True	False	False	umpire	manual	min	0.6609640474436812
P30850	P30850		rnb		7135280.0	7273310.0	7059850.0	7234340.0	7145400.0	7409610.0	0	0.2616254874821103	0.02525476764839789	False	0.01810551558752998	False	False	Ecoli	False	True	False	False	umpire	manual	min	0.6609640474436812
P17993	P17993		ubiG		4112260.0	4174670.0	4255150.0	4270670.0	4245900.0	4271140.0	0	0.2617003047999129	-0.024338070349990547	False	0.018135491606714627	False	False	Ecoli	False	True	False	False	umpire	manual	min	0.6609640474436812
P76220	P76220		ydjY		632331.0	674508.0	586028.0	648463.0	628848.0	645581.0	0	0.2619113113334411	0.0673732656663001	False	0.01816546762589928	False	False	Ecoli	False	True	False	False	umpire	manual	min	0.6609640474436812
P07639	P07639		aroB		3229520.0	3266660.0	3332540.0	3260850.0	3298150.0	3289190.0	0	0.26265229002888185	-0.015568747221873385	False	0.018195443645083933	False	False	Ecoli	False	True	False	False	umpire	manual	min	0.6609640474436812
P77433	P77433		ykgG		1353670.0	1390490.0	1301760.0	1321630.0	1325950.0	1310600.0	0	0.2639060635924941	0.03800494905000668	False	0.018225419664268588	False	False	Ecoli	False	True	False	False	umpire	manual	min	0.6609640474436812
P76141	P76141		lsrR		1280450.0	1214230.0	1216490.0	1165960.0	1199020.0	1534440.0	0	0.26444963927537574	0.16991291673058873	False	0.01825539568345324	False	False	Ecoli	False	True	False	False	umpire	manual	min	0.6609640474436812
P0AEL6	P0AEL6		fepB		1557130.0	1544990.0	1677100.0	1526830.0	1589270.0	1491910.0	0	0.26606312361619544	-0.061228860931813116	False	0.01828537170263789	False	False	Ecoli	False	True	False	False	umpire	manual	min	0.6609640474436812
P0A8I8	P0A8I8		rlmH		2580810.0	2621300.0	2651410.0	2745860.0	2647680.0	2677380.0	0	0.26642727132165406	-0.02998120024772318	False	0.018315347721822542	False	False	Ecoli	False	True	False	False	umpire	manual	min	0.6609640474436812
P0A890	P0A890		tusA		961133.0	962221.0	951566.0	840842.0	865641.0	894368.0	0	0.2670997314619664	0.08416158023246124	False	0.018345323741007197	False	False	Ecoli	False	True	False	False	umpire	manual	min	0.6609640474436812
P27830	P27830		rffG		1291010.0	1355460.0	1312180.0	1269130.0	1321320.0	1385500.0	0	0.26758661114874843	0.047038214029434366	False	0.018375299760191848	False	False	Ecoli	False	True	False	False	umpire	manual	min	0.6609640474436812
P36680	P36680		zapD		2935970.0	2860900.0	2848730.0	2828890.0	2835080.0	2843890.0	0	0.26811841961076116	0.021541421892852092	False	0.0184052757793765	False	False	Ecoli	False	True	False	False	umpire	manual	min	0.6609640474436812
P43533	P43533		flgN		1284610.0	1241680.0	1316820.0	1249150.0	1294790.0	1140090.0	0	0.2690574879640725	-0.07452855249366976	False	0.01843525179856115	False	False	Ecoli	False	True	False	False	umpire	manual	min	0.6609640474436812
P65870	P65870		queD		3277250.0	3274740.0	3081160.0	3117570.0	3297740.0	3247310.0	0	0.2694321777935004	0.045287357184420486	False	0.018465227817745802	False	False	Ecoli	False	True	False	False	umpire	manual	min	0.6609640474436812
P25437	P25437		frmA		7902470.0	7850280.0	7760960.0	7818570.0	7921230.0	7981120.0	0	0.2701205325541522	0.014239949433303338	False	0.018495203836930457	False	False	Ecoli	False	True	False	False	umpire	manual	min	0.6609640474436812
P0A752	P0A752		nadD		523450.0	557291.0	531883.0	530700.0	425177.0	565836.0	0	0.2702700537778469	0.146328164310228	False	0.01852517985611511	False	False	Ecoli	False	True	False	False	umpire	manual	min	0.6609640474436812
P0A9K7	P0A9K7		phoU		1683590.0	1568900.0	1738730.0	1848080.0	1659670.0	1720050.0	0	0.27054327096035596	-0.07736682928304132	False	0.018555155875299763	False	False	Ecoli	False	True	False	False	umpire	manual	min	0.6609640474436812
P0AGG2	P0AGG2		tesB		842654.0	823407.0	740574.0	787000.0	874877.0	946259.0	0	0.2711097484901168	0.12082462644539216	False	0.01858513189448441	False	False	Ecoli	False	True	False	False	umpire	manual	min	0.6609640474436812
P60752	P60752		msbA		3187230.0	3330570.0	3338730.0	3252360.0	3325930.0	3151890.0	0	0.2711608342793426	-0.03643702608760938	False	0.018615107913669066	False	False	Ecoli	False	True	False	False	umpire	manual	min	0.6609640474436812
P0AB38	P0AB38		lpoB		4504540.0	4665940.0	4920850.0	4511340.0	4691530.0	4396960.0	0	0.2714612164984103	-0.057971596756638835	False	0.018645083932853718	False	False	Ecoli	False	True	False	False	umpire	manual	min	0.6609640474436812
P77434	P77434		alaC		2143660.0	2079820.0	2140460.0	2136980.0	2136000.0	2106580.0	0	0.2716813416414838	-0.01887921357921821	False	0.01867505995203837	False	False	Ecoli	False	True	False	False	umpire	manual	min	0.6609640474436812
P67660	P67660		yhaJ		2527790.0	2781250.0	2679830.0	2775360.0	2836090.0	2642730.0	0	0.2722896791995183	-0.0603188123694751	False	0.018705035971223024	False	False	Ecoli	False	True	False	False	umpire	manual	min	0.6609640474436812
P0A7M2	P0A7M2		rpmB		207210000.0	206885000.0	216406000.0	212693000.0	203858000.0	202203000.0	0	0.2729078426629988	-0.03847938403989723	False	0.018735011990407675	False	False	Ecoli	False	True	False	False	umpire	manual	min	0.6609640474436812
P0ACN7	P0ACN7		cytR		1309260.0	1300070.0	1301890.0	1308440.0	1161110.0	1378360.0	0	0.2747546658664811	0.08043778586558549	False	0.018764988009592327	False	False	Ecoli	False	True	False	False	umpire	manual	min	0.6609640474436812
P06282	P06282		cdh		1166230.0	1145950.0	1087890.0	1142620.0	920328.0	1135690.0	0	0.2758235190716642	0.12996979919654247	False	0.018794964028776978	False	False	Ecoli	False	True	False	False	umpire	manual	min	0.6609640474436812
P69805	P69805		manZ		7057620.0	6848580.0	6546510.0	6936200.0	6982570.0	7234110.0	0	0.27674537037610425	0.04681812700366424	False	0.018824940047961633	False	False	Ecoli	False	True	False	False	umpire	manual	min	0.6609640474436812
P0AAR3	P0AAR3		ybaK		2114220.0	2017970.0	2211480.0	2074400.0	2050230.0	1869870.0	0	0.2769242018275369	-0.07813964098186622	False	0.018854916067146284	False	False	Ecoli	False	True	False	False	umpire	manual	min	0.6609640474436812
P0A6I0	P0A6I0		cmk		10434700.0	10701600.0	10685700.0	10739000.0	10877900.0	10734500.0	0	0.2778277266031957	-0.019415057337783547	False	0.018884892086330936	False	False	Ecoli	False	True	False	False	umpire	manual	min	0.6609640474436812
P0ADS9	P0ADS9		yggN		1705090.0	1746140.0	1778610.0	1715380.0	1745460.0	1610560.0	0	0.2779805438831252	-0.04976772073224715	False	0.018914868105515587	False	False	Ecoli	False	True	False	False	umpire	manual	min	0.6609640474436812
P68688	P68688		grxA		1406580.0	1359190.0	1382810.0	1283750.0	1305750.0	1343960.0	0	0.2780197805606088	0.049065399689520894	False	0.018944844124700242	False	False	Ecoli	False	True	False	False	umpire	manual	min	0.6609640474436812
P39274	P39274		yjdJ		3638120.0	3653360.0	3802070.0	4052170.0	3769830.0	3883110.0	0	0.27851971636725925	-0.05689339665617633	False	0.018974820143884893	False	False	Ecoli	False	True	False	False	umpire	manual	min	0.6609640474436812
P0AAT9	P0AAT9		ybeL		7603820.0	7396440.0	7892710.0	7303260.0	7816120.0	7141060.0	0	0.27881877049863124	-0.05565078381438852	False	0.019004796163069545	False	False	Ecoli	False	True	False	False	umpire	manual	min	0.6609640474436812
P0A800	P0A800		rpoZ		54533600.0	55148500.0	55564900.0	54371300.0	55633300.0	53602900.0	0	0.27920014008960903	-0.020044669237852596	False	0.019034772182254196	False	False	Ecoli	False	True	False	False	umpire	manual	min	0.6609640474436812
P0AEQ3	P0AEQ3		glnH		23390400.0	22976800.0	22876900.0	23241200.0	23020100.0	23716700.0	0	0.28074531516710083	0.019600015876437525	False	0.019064748201438848	False	False	Ecoli	False	True	False	False	umpire	manual	min	0.6609640474436812
P41409	P41409		rihA		921330.0	899203.0	894746.0	849267.0	842183.0	858303.0	0	0.28083511869445593	0.05077464439892471	False	0.019094724220623503	False	False	Ecoli	False	True	False	False	umpire	manual	min	0.6609640474436812
P08312	P08312		pheS		12317700.0	12269700.0	12396300.0	12335700.0	12394600.0	12386800.0	0	0.28181784498526347	-0.005934268840087119	False	0.019124700239808154	False	False	Ecoli	False	True	False	False	umpire	manual	min	0.6609640474436812
P37342	P37342		yjjI		4672740.0	4825320.0	4797460.0	4926920.0	5053450.0	4904790.0	0	0.2818656164719789	-0.037080120599224005	False	0.01915467625899281	False	False	Ecoli	False	True	False	False	umpire	manual	min	0.6609640474436812
P03018	P03018		uvrD		4176230.0	4012170.0	4213490.0	4320960.0	4254430.0	4270930.0	0	0.2822257898499887	-0.0376634345963733	False	0.019184652278177457	False	False	Ecoli	False	True	False	False	umpire	manual	min	0.6609640474436812
P04425	P04425		gshB		8891550.0	8762780.0	8830730.0	8757650.0	8738530.0	8850760.0	0	0.2825854502825375	0.00973123777308731	False	0.01921462829736211	False	False	Ecoli	False	True	False	False	umpire	manual	min	0.6609640474436812
P67087	P67087		rsmI		2544600.0	2585280.0	2579860.0	2611470.0	2723850.0	2595740.0	0	0.2828507276028346	-0.0349714417386954	False	0.019244604316546763	False	False	Ecoli	False	True	False	False	umpire	manual	min	0.6609640474436812
P0A7C2	P0A7C2		lexA		15814500.0	15724000.0	15605400.0	16005800.0	16099600.0	15482200.0	0	0.28298570576583404	-0.021019860552154948	False	0.019274580335731414	False	False	Ecoli	False	True	False	False	umpire	manual	min	0.6609640474436812
P10371	P10371		hisA		2948290.0	2970040.0	2816990.0	3055500.0	2810180.0	3149700.0	0	0.28313959397979876	0.06265041124910596	False	0.01930455635491607	False	False	Ecoli	False	True	False	False	umpire	manual	min	0.6609640474436812
P0A7B8	P0A7B8		hslV		14758800.0	14751900.0	15194200.0	14488700.0	15134000.0	14243000.0	0	0.283514307878764	-0.0346378380332041	False	0.01933453237410072	False	False	Ecoli	False	True	False	False	umpire	manual	min	0.6609640474436812
P0A9E5	P0A9E5		fnr		7872890.0	7825630.0	7953470.0	7830180.0	7870440.0	7630410.0	0	0.2835808877469379	-0.01996952130289708	False	0.019364508393285376	False	False	Ecoli	False	True	False	False	umpire	manual	min	0.6609640474436812
P24169	P24169		speF		3190770.0	3185230.0	3341020.0	3147600.0	3226250.0	3087750.0	0	0.2838493940307497	-0.03778272734849686	False	0.019394484412470023	False	False	Ecoli	False	True	False	False	umpire	manual	min	0.6609640474436812
P64455	P64455		ydcY		7222410.0	7351030.0	7490640.0	7501310.0	7398840.0	7486730.0	0	0.28501164623078473	-0.021461522116584912	False	0.019424460431654675	False	False	Ecoli	False	True	False	False	umpire	manual	min	0.6609640474436812
P76537	P76537		yfeY		3054640.0	2990610.0	2998520.0	3043900.0	2861570.0	3102770.0	0	0.2852251368322464	0.039007547465833396	False	0.01945443645083933	False	False	Ecoli	False	True	False	False	umpire	manual	min	0.6609640474436812
P75736	P75736		ybfF		2133530.0	2174330.0	2237830.0	2130270.0	2168690.0	2031500.0	0	0.28641879693201416	-0.044245151917713645	False	0.01948441247002398	False	False	Ecoli	False	True	False	False	umpire	manual	min	0.6609640474436812
P0A6L7	P0A6L7		uxaB		1326750.0	1435040.0	1344470.0	1510330.0	1478600.0	1341220.0	0	0.28651736009425927	-0.0788167421357965	False	0.019514388489208636	False	False	Ecoli	False	True	False	False	umpire	manual	min	0.6609640474436812
P0AFX4	P0AFX4		rsd		403835.0	415978.0	381493.0	380159.0	371597.0	370980.0	0	0.2877093929137078	0.07145775776006402	False	0.019544364508393287	False	False	Ecoli	False	True	False	False	umpire	manual	min	0.6609640474436812
P0AED5	P0AED5		uvrY		3773580.0	3781980.0	3858040.0	4071140.0	3790440.0	3800750.0	0	0.28805767161566415	-0.045431655376529705	False	0.019574340527577935	False	False	Ecoli	False	True	False	False	umpire	manual	min	0.6609640474436812
P0ABA6	P0ABA6		atpG		34546700.0	33968600.0	33735400.0	32675900.0	32900200.0	32934700.0	0	0.2883055354905322	0.030736172416227277	False	0.01960431654676259	False	False	Ecoli	False	True	False	False	umpire	manual	min	0.6609640474436812
P75874	P75874		yccU		3158220.0	3196220.0	3046230.0	3049620.0	3154210.0	3078010.0	0	0.28837999835836137	0.028169823925555025	False	0.01963429256594724	False	False	Ecoli	False	True	False	False	umpire	manual	min	0.6609640474436812
P0A8W0	P0A8W0		nanR		2561070.0	2446350.0	2457780.0	2429540.0	2430880.0	2463060.0	0	0.2896948064165987	0.0297120995236485	False	0.019664268585131896	False	False	Ecoli	False	True	False	False	umpire	manual	min	0.6609640474436812
P33590	P33590		nikA		3919780.0	3911610.0	3981800.0	3904640.0	3983250.0	3928210.0	0	0.29169444318119225	-0.013443268609955532	False	0.019694244604316548	False	False	Ecoli	False	True	False	False	umpire	manual	min	0.6609640474436812
P64599	P64599		yhbT		4918760.0	4927840.0	4827430.0	4972540.0	4831230.0	4988390.0	0	0.2921035980463274	0.019955855178680725	False	0.0197242206235012	False	False	Ecoli	False	True	False	False	umpire	manual	min	0.6609640474436812
P0ABQ2	P0ABQ2		garR		1912930.0	1962890.0	1970840.0	1934960.0	1952320.0	1882520.0	0	0.29221479207082496	-0.024784771196209934	False	0.019754196642685854	False	False	Ecoli	False	True	False	False	umpire	manual	min	0.6609640474436812
P0A9G6	P0A9G6		aceA		7038580.0	7173800.0	7365300.0	7222540.0	7127270.0	7190790.0	0	0.29229794101066775	-0.02087477249271931	False	0.019784172661870502	False	False	Ecoli	False	True	False	False	umpire	manual	min	0.6609640474436812
P14175	P14175		proV		1139670.0	1166180.0	1133690.0	1113420.0	1162040.0	1165200.0	0	0.293257442726679	0.025960068784869738	False	0.019814148681055157	False	False	Ecoli	False	True	False	False	umpire	manual	min	0.6609640474436812
P24171	P24171		dcp		1449420.0	1526780.0	1427520.0	1373620.0	1404970.0	1393330.0	0	0.2939679119283823	0.054991526838638824	False	0.01984412470023981	False	False	Ecoli	False	True	False	False	umpire	manual	min	0.6609640474436812
P09372	P09372		grpE		47777000.0	47968100.0	46867200.0	48638600.0	46391400.0	49154300.0	0	0.29480378958804765	0.030205499427791042	False	0.01987410071942446	False	False	Ecoli	False	True	False	False	umpire	manual	min	0.6609640474436812
P17952	P17952		murC		1870090.0	1833720.0	1946960.0	1814240.0	1883790.0	1758070.0	0	0.2953169689515037	-0.047573407509832376	False	0.019904076738609115	False	False	Ecoli	False	True	False	False	umpire	manual	min	0.6609640474436812
P39199	P39199		prmB		7748770.0	7443890.0	7983950.0	7583420.0	7654900.0	7452830.0	0	0.29546932808723864	-0.036285247409642604	False	0.019934052757793766	False	False	Ecoli	False	True	False	False	umpire	manual	min	0.6609640474436812
P0ABA0	P0ABA0		atpF		23170600.0	23534200.0	23343500.0	23808400.0	23600100.0	23423900.0	0	0.29707841737097385	-0.012765945745592077	False	0.01996402877697842	False	False	Ecoli	False	True	False	False	umpire	manual	min	0.6609640474436812
P0AFM6	P0AFM6		pspA		4032840.0	4102370.0	4151030.0	4015800.0	4161400.0	3979760.0	0	0.2979214048652894	-0.025174850382809585	False	0.01999400479616307	False	False	Ecoli	False	True	False	False	umpire	manual	min	0.6609640474436812
P38489	P38489		nfnB		6420290.0	6393320.0	6253870.0	6451970.0	6183740.0	6411240.0	0	0.2981849642323384	0.025381717236952702	False	0.02002398081534772	False	False	Ecoli	False	True	False	False	umpire	manual	min	0.6609640474436812
P0AAI5	P0AAI5		fabF		42442200.0	42995200.0	42256900.0	41634100.0	41009500.0	41495200.0	0	0.30048842998372105	0.023283390668008986	False	0.020053956834532375	False	False	Ecoli	False	True	False	False	umpire	manual	min	0.6609640474436812
P36929	P36929		rsmB		3144230.0	3157590.0	3181790.0	3270190.0	3342780.0	3272620.0	0	0.30194541152806587	-0.03282203508954295	False	0.020083932853717026	False	False	Ecoli	False	True	False	False	umpire	manual	min	0.6609640474436812
P75863	P75863		ycbX		1481080.0	1452770.0	1400760.0	1460580.0	1476490.0	1503700.0	0	0.3019656083229723	0.032789860379576596	False	0.02011390887290168	False	False	Ecoli	False	True	False	False	umpire	manual	min	0.6609640474436812
P06715	P06715		gor		5129130.0	5232350.0	5176660.0	5121660.0	5159750.0	5275570.0	0	0.3027330034202277	0.016608162955069863	False	0.020143884892086333	False	False	Ecoli	False	True	False	False	umpire	manual	min	0.6609640474436812
P0ADS6	P0ADS6		yggE		5119890.0	5048550.0	5171570.0	5260160.0	5157780.0	5213320.0	0	0.30341584754225576	-0.019354995139860776	False	0.020173860911270984	False	False	Ecoli	False	True	False	False	umpire	manual	min	0.6609640474436812
P15070	P15070		fliN		4063670.0	4587360.0	4667910.0	4874260.0	4281180.0	4354110.0	0	0.3034875763667471	-0.088025356026123	False	0.020203836930455635	False	False	Ecoli	False	True	False	False	umpire	manual	min	0.6609640474436812
P30126	P30126		leuD		545995.0	524682.0	513879.0	408523.0	453803.0	452657.0	0	0.303880074278425	0.14653690550991563	False	0.020233812949640287	False	False	Ecoli	False	True	False	False	umpire	manual	min	0.6609640474436812
P0AE45	P0AE45		ytfL		468872.0	441467.0	421202.0	436265.0	380397.0	411002.0	0	0.3040534328666927	0.09415001345935656	False	0.020263788968824942	False	False	Ecoli	False	True	False	False	umpire	manual	min	0.6609640474436812
P04079	P04079		guaA		20477100.0	20488600.0	20458900.0	21018300.0	20685300.0	20532600.0	0	0.30564042173098094	-0.015497995502462098	False	0.020293764988009593	False	False	Ecoli	False	True	False	False	umpire	manual	min	0.6609640474436812
P75960	P75960		cobB		3514330.0	3598520.0	3620300.0	3561970.0	3558740.0	3438780.0	0	0.3061745942512125	-0.025663777865524047	False	0.020323741007194245	False	False	Ecoli	False	True	False	False	umpire	manual	min	0.6609640474436812
P36659	P36659		cbpA		3412600.0	3391800.0	3382430.0	3623420.0	3568100.0	3473730.0	0	0.3077366847446543	-0.040936605028680274	False	0.0203537170263789	False	False	Ecoli	False	True	False	False	umpire	manual	min	0.6609640474436812
P23882	P23882		fmt		6901710.0	7036780.0	7043460.0	7477370.0	7010880.0	6984070.0	0	0.3079256618366174	-0.04140351492406563	False	0.02038369304556355	False	False	Ecoli	False	True	False	False	umpire	manual	min	0.6609640474436812
P0A953	P0A953		fabB		20986000.0	20535800.0	20476300.0	20470900.0	20554100.0	20567500.0	0	0.30810440307908676	0.013727760600510069	False	0.020413669064748206	False	False	Ecoli	False	True	False	False	umpire	manual	min	0.6609640474436812
P25519	P25519		hflX		2676600.0	2687010.0	2668890.0	2730390.0	2797060.0	2682460.0	0	0.30830470194279874	-0.026695542044835062	False	0.020443645083932854	False	False	Ecoli	False	True	False	False	umpire	manual	min	0.6609640474436812
P0AD07	P0AD07		yecF		3998580.0	4001980.0	3979280.0	3792250.0	4040210.0	4120660.0	0	0.3086134784408476	0.03731340794705761	False	0.020473621103117505	False	False	Ecoli	False	True	False	False	umpire	manual	min	0.6609640474436812
P0A6E9	P0A6E9		bioD2		5862130.0	5251290.0	5847750.0	5645000.0	5702380.0	5271890.0	0	0.3087652327504058	-0.06959705504178401	False	0.02050359712230216	False	False	Ecoli	False	True	False	False	umpire	manual	min	0.6609640474436812
P08956	P08956		hsdR		2421480.0	2420970.0	2440430.0	2409830.0	2438280.0	2351750.0	0	0.3088304167971113	-0.01879558360434985	False	0.02053357314148681	False	False	Ecoli	False	True	False	False	umpire	manual	min	0.6609640474436812
P21888	P21888		cysS		11318600.0	11209800.0	11320300.0	11649700.0	11244600.0	11183200.0	0	0.3089885511177793	-0.02136697975893162	False	0.020563549160671466	False	False	Ecoli	False	True	False	False	umpire	manual	min	0.6609640474436812
P0ADK0	P0ADK0		yiaF		15657700.0	15647400.0	15715600.0	15543900.0	15604000.0	15836100.0	0	0.30999987146677094	0.008523777604293235	False	0.020593525179856118	False	False	Ecoli	False	True	False	False	umpire	manual	min	0.6609640474436812
P0AET8	P0AET8		hdhA		1353100.0	1298110.0	1403580.0	1327830.0	1309630.0	1221600.0	0	0.31003316854952645	-0.061345907519689144	False	0.020623501199040765	False	False	Ecoli	False	True	False	False	umpire	manual	min	0.6609640474436812
P24205	P24205		msbB		2235620.0	2337440.0	2276520.0	2256890.0	2470580.0	2065630.0	0	0.3103210452751364	-0.07727843855051983	False	0.02065347721822542	False	False	Ecoli	False	True	False	False	umpire	manual	min	0.6609640474436812
P0AFQ7	P0AFQ7		ycfH		5106280.0	5066480.0	5084070.0	5060650.0	5234360.0	4965130.0	0	0.31103135881185134	-0.022805072872556637	False	0.02068345323741007	False	False	Ecoli	False	True	False	False	umpire	manual	min	0.6609640474436812
P64499	P64499		yebO		3776520.0	3592770.0	3799210.0	3695390.0	3704390.0	3527270.0	0	0.3116286943048496	-0.0394958723591032	False	0.020713429256594727	False	False	Ecoli	False	True	False	False	umpire	manual	min	0.6609640474436812
P06986	P06986		hisC		4378740.0	4415530.0	4431350.0	4285370.0	4366470.0	4464960.0	0	0.31166422854898423	0.0192826487340606	False	0.020743405275779378	False	False	Ecoli	False	True	False	False	umpire	manual	min	0.6609640474436812
P0AG00	P0AG00		wzzE		3092550.0	3144870.0	3083430.0	3301010.0	3213260.0	3106840.0	0	0.3117593405337655	-0.03860830159180287	False	0.02077338129496403	False	False	Ecoli	False	True	False	False	umpire	manual	min	0.6609640474436812
P76342	P76342		yedY		1082210.0	1058960.0	1013820.0	954995.0	980821.0	960154.0	0	0.3121279620275615	0.07234732475842806	False	0.020803357314148684	False	False	Ecoli	False	True	False	False	umpire	manual	min	0.6609640474436812
P75884	P75884		gfcB		1572450.0	1400690.0	1393280.0	1432750.0	1346910.0	1420000.0	0	0.31225255166918164	0.0741882986031656	False	0.020833333333333332	False	False	Ecoli	False	True	False	False	umpire	manual	min	0.6609640474436812
P0AFM2	P0AFM2		proX		1236430.0	1192280.0	1249380.0	1291300.0	1293950.0	1290210.0	0	0.31243518658703406	-0.04420366652281168	False	0.020863309352517987	False	False	Ecoli	False	True	False	False	umpire	manual	min	0.6609640474436812
P0A7D4	P0A7D4		purA		24045200.0	23414400.0	24248900.0	23828700.0	23776600.0	23542900.0	0	0.3124359921660105	-0.017202664277983986	False	0.02089328537170264	False	False	Ecoli	False	True	False	False	umpire	manual	min	0.6609640474436812
P0A6G3	P0A6G3		pncC		3326670.0	3320730.0	3578860.0	3486810.0	3279560.0	3343270.0	0	0.3132310579745624	-0.05031238301558894	False	0.02092326139088729	False	False	Ecoli	False	True	False	False	umpire	manual	min	0.6609640474436812
P00888	P00888		aroF		1950830.0	1998200.0	1945140.0	1959720.0	1980430.0	2014530.0	0	0.31342957048507925	0.019060311055238643	False	0.020953237410071945	False	False	Ecoli	False	True	False	False	umpire	manual	min	0.6609640474436812
P22106	P22106		asnB		1785830.0	1810650.0	1819770.0	1851740.0	1769400.0	1711830.0	0	0.31371628062969314	-0.03559533935344405	False	0.020983213429256596	False	False	Ecoli	False	True	False	False	umpire	manual	min	0.6609640474436812
P00803	P00803		lepB		4525910.0	4392100.0	4947280.0	4557210.0	4412870.0	4362550.0	0	0.3140136852714381	-0.06756958872038567	False	0.02101318944844125	False	False	Ecoli	False	True	False	False	umpire	manual	min	0.6609640474436812
P02918	P02918		mrcA		996237.0	990757.0	957751.0	1060040.0	1098230.0	961965.0	0	0.31423636269163663	-0.07949919183434749	False	0.0210431654676259	False	False	Ecoli	False	True	False	False	umpire	manual	min	0.6609640474436812
P0AC53	P0AC53		zwf		12283400.0	12108800.0	12267600.0	12611100.0	12265000.0	12284400.0	0	0.31449874947753204	-0.018257629605075917	False	0.02107314148681055	False	False	Ecoli	False	True	False	False	umpire	manual	min	0.6609640474436812
P22523	P22523		mukB		4075330.0	4070850.0	4132610.0	4025270.0	4197870.0	4007680.0	0	0.31515019873394334	-0.023768006886945272	False	0.021103117505995205	False	False	Ecoli	False	True	False	False	umpire	manual	min	0.6609640474436812
P76227	P76227		ynjH		3567000.0	3548310.0	3686020.0	3862750.0	3719800.0	3805330.0	0	0.3154722632120765	-0.04524703942515201	False	0.021133093525179857	False	False	Ecoli	False	True	False	False	umpire	manual	min	0.6609640474436812
P09323	P09323		nagE		665490.0	744072.0	680194.0	733543.0	603562.0	783131.0	0	0.31751008385940066	0.1202789005687594	False	0.02116306954436451	False	False	Ecoli	False	True	False	False	umpire	manual	min	0.6609640474436812
P61517	P61517		can		10183300.0	9949940.0	10101100.0	10511800.0	10143200.0	10095500.0	0	0.31768558430106353	-0.024951729697507925	False	0.021193045563549163	False	False	Ecoli	False	True	False	False	umpire	manual	min	0.6609640474436812
P0ADI7	P0ADI7		yecD		8777200.0	8680290.0	9105000.0	8661260.0	8844240.0	8644660.0	0	0.3179082813461701	-0.027826973646757885	False	0.02122302158273381	False	False	Ecoli	False	True	False	False	umpire	manual	min	0.6609640474436812
P32173	P32173		mobA		669673.0	671729.0	716400.0	747295.0	652419.0	664342.0	0	0.31830446193566925	-0.07727986932072448	False	0.021252997601918466	False	False	Ecoli	False	True	False	False	umpire	manual	min	0.6609640474436812
P0A799	P0A799		pgk		367177000.0	368899000.0	373687000.0	368681000.0	366531000.0	363843000.0	0	0.3186775497850365	-0.011730683873067695	False	0.021282973621103117	False	False	Ecoli	False	True	False	False	umpire	manual	min	0.6609640474436812
P0A9L3	P0A9L3		fklB		18497300.0	18587600.0	18789400.0	19240000.0	18861600.0	19048900.0	0	0.3188596530381188	-0.019330713765836383	False	0.021312949640287772	False	False	Ecoli	False	True	False	False	umpire	manual	min	0.6609640474436812
P10346	P10346		glnQ		2366020.0	2408170.0	2387170.0	2261790.0	2329110.0	2348780.0	0	0.31941530124970713	0.029650844168866878	False	0.021342925659472423	False	False	Ecoli	False	True	False	False	umpire	manual	min	0.6609640474436812
P39187	P39187		ytfJ		574118.0	518041.0	571835.0	558722.0	569818.0	375910.0	0	0.3195011279408074	-0.21193317563559877	False	0.021372901678657075	False	False	Ecoli	False	True	False	False	umpire	manual	min	0.6609640474436812
P0ACU5	P0ACU5		fabR		3160500.0	3004800.0	3060920.0	3172500.0	3169480.0	3030650.0	0	0.32238581138091665	-0.03210715302497268	False	0.02140287769784173	False	False	Ecoli	False	True	False	False	umpire	manual	min	0.6609640474436812
P39173	P39173		yeaD		23277100.0	23098400.0	23979600.0	22915600.0	23220700.0	22107200.0	0	0.3230979594459037	-0.03400205495449304	False	0.021432853717026377	False	False	Ecoli	False	True	False	False	umpire	manual	min	0.6609640474436812
P0AGK8	P0AGK8		iscR		2189230.0	2263270.0	2269190.0	2380280.0	2198200.0	2185650.0	0	0.32337361488635713	-0.044831947798690285	False	0.021462829736211032	False	False	Ecoli	False	True	False	False	umpire	manual	min	0.6609640474436812
P17854	P17854		cysH		6922060.0	6693910.0	6964090.0	6962860.0	6708410.0	6554370.0	0	0.3234997929009664	-0.032883204659003934	False	0.021492805755395684	False	False	Ecoli	False	True	False	False	umpire	manual	min	0.6609640474436812
P0AEM9	P0AEM9		fliY		7034880.0	6943500.0	7037530.0	6976990.0	7174390.0	6981230.0	0	0.324701359657372	-0.01569750190814958	False	0.021522781774580335	False	False	Ecoli	False	True	False	False	umpire	manual	min	0.6609640474436812
P0A8E7	P0A8E7		yajQ		16063400.0	16114800.0	15825100.0	15910700.0	16224800.0	16261000.0	0	0.3255913749582687	0.014325330959937493	False	0.02155275779376499	False	False	Ecoli	False	True	False	False	umpire	manual	min	0.6609640474436812
P23869	P23869		ppiB		39794700.0	39378200.0	39006100.0	40159900.0	38876300.0	41093200.0	0	0.32614819588283034	0.02692610382868792	False	0.02158273381294964	False	False	Ecoli	False	True	False	False	umpire	manual	min	0.6609640474436812
P0AGE9	P0AGE9		sucD		7951180.0	7757420.0	7813300.0	7781440.0	7715600.0	7825470.0	0	0.3266962989858668	0.013780795434684233	False	0.021612709832134296	False	False	Ecoli	False	True	False	False	umpire	manual	min	0.6609640474436812
P0AGG0	P0AGG0		thiL		3866660.0	3610190.0	3733280.0	3100050.0	3697740.0	3850150.0	0	0.32759121895150844	0.10511378080090238	False	0.021642685851318944	False	False	Ecoli	False	True	False	False	umpire	manual	min	0.6609640474436812
P0A840	P0A840		surE		1743080.0	1700100.0	1664050.0	1657520.0	1748530.0	1741570.0	0	0.327919921173358	0.03226022389476726	False	0.021672661870503596	False	False	Ecoli	False	True	False	False	umpire	manual	min	0.6609640474436812
P0ADY1	P0ADY1		ppiD		23178100.0	23166700.0	23120800.0	23081700.0	23234600.0	23420300.0	0	0.3283167526268947	0.00679881279418687	False	0.02170263788968825	False	False	Ecoli	False	True	False	False	umpire	manual	min	0.6609640474436812
P36979	P36979		rlmN		3484320.0	3449350.0	3618550.0	3738990.0	3511350.0	3640540.0	0	0.32850170359680153	-0.03965472719844131	False	0.021732613908872902	False	False	Ecoli	False	True	False	False	umpire	manual	min	0.6609640474436812
P67603	P67603		yqfB		2996490.0	2908380.0	3047540.0	3027770.0	2883420.0	2793680.0	0	0.3307846603290982	-0.04251929690018806	False	0.021762589928057557	False	False	Ecoli	False	True	False	False	umpire	manual	min	0.6609640474436812
P0ADA3	P0ADA3		nlpD		6185390.0	6190910.0	5990180.0	6076120.0	6244730.0	6219650.0	0	0.33124590773395607	0.022275506544354468	False	0.021792565947242208	False	False	Ecoli	False	True	False	False	umpire	manual	min	0.6609640474436812
P0AAA1	P0AAA1		yagU		6312550.0	6180960.0	6155020.0	6320840.0	6133620.0	6413100.0	0	0.3316506161172729	0.02285296473724089	False	0.021822541966426856	False	False	Ecoli	False	True	False	False	umpire	manual	min	0.6609640474436812
P0A722	P0A722		lpxA		8410500.0	8217820.0	8303440.0	8341340.0	8506500.0	8232130.0	0	0.331999076696578	-0.016779412688478924	False	0.02185251798561151	False	False	Ecoli	False	True	False	False	umpire	manual	min	0.6609640474436812
P0AFP6	P0AFP6		ybgI		7115920.0	7232220.0	7208760.0	7409140.0	7191610.0	7191220.0	0	0.332876861218026	-0.01798197327919461	False	0.021882494004796162	False	False	Ecoli	False	True	False	False	umpire	manual	min	0.6609640474436812
P0AC62	P0AC62		grxC		19367200.0	19003100.0	19555300.0	19108900.0	19228800.0	18146900.0	0	0.33365373991633496	-0.034698925771071545	False	0.021912470023980817	False	False	Ecoli	False	True	False	False	umpire	manual	min	0.6609640474436812
P0A858	P0A858		tpiA		61909500.0	60834500.0	61170700.0	61804400.0	59950800.0	62719500.0	0	0.3340204167670426	0.019875929336749087	False	0.02194244604316547	False	False	Ecoli	False	True	False	False	umpire	manual	min	0.6609640474436812
P0A9I1	P0A9I1		citE		9382480.0	9507210.0	9852490.0	9415720.0	9432200.0	9258950.0	0	0.33475188979687037	-0.02800612642547905	False	0.02197242206235012	False	False	Ecoli	False	True	False	False	umpire	manual	min	0.6609640474436812
P21889	P21889		aspS		10968900.0	10750600.0	10772600.0	10783300.0	10558300.0	10738900.0	0	0.33476773572837404	0.015380527849571588	False	0.022002398081534775	False	False	Ecoli	False	True	False	False	umpire	manual	min	0.6609640474436812
P09127	P09127		hemX		8772670.0	8978700.0	8870890.0	9112200.0	8918240.0	8833530.0	0	0.33484235801878726	-0.017070461609047467	False	0.022032374100719423	False	False	Ecoli	False	True	False	False	umpire	manual	min	0.6609640474436812
P07003	P07003		poxB		2561020.0	2526150.0	2554770.0	2552400.0	2589130.0	2556140.0	0	0.3350138567763367	-0.009967491261104095	False	0.022062350119904078	False	False	Ecoli	False	True	False	False	umpire	manual	min	0.6609640474436812
P0CK95	P0CK95		yghJ		5132540.0	5145520.0	5095680.0	5162910.0	5107280.0	5167530.0	0	0.3360003861026791	0.007465527781182286	False	0.02209232613908873	False	False	Ecoli	False	True	False	False	umpire	manual	min	0.6609640474436812
Q2M7R5	Q2M7R5		yibT		2381710.0	2302610.0	2417200.0	2310040.0	2422800.0	2318950.0	0	0.3365568097921828	-0.02992260351388403	False	0.02212230215827338	False	False	Ecoli	False	True	False	False	umpire	manual	min	0.6609640474436812
P0AF93	P0AF93		ridA		124099000.0	123620000.0	122103000.0	125374000.0	128404000.0	121180000.0	0	0.33682959536885765	-0.02705011377596085	False	0.022152278177458035	False	False	Ecoli	False	True	False	False	umpire	manual	min	0.6609640474436812
P0A951	P0A951		speG		1035810.0	939757.0	888814.0	788632.0	730764.0	754049.0	0	0.3370035965242862	0.18073680529893144	False	0.022182254196642687	False	False	Ecoli	False	True	False	False	umpire	manual	min	0.6609640474436812
P0A8F4	P0A8F4		udk		6868140.0	6757560.0	7102770.0	6895880.0	6922000.0	6989590.0	0	0.3370480975987555	-0.02121292040935274	False	0.02221223021582734	False	False	Ecoli	False	True	False	False	umpire	manual	min	0.6609640474436812
P0A6K6	P0A6K6		deoB		18260100.0	18094900.0	17790800.0	18185800.0	18124700.0	18209800.0	0	0.3376460600836274	0.012307301112592336	False	0.022242206235011993	False	False	Ecoli	False	True	False	False	umpire	manual	min	0.6609640474436812
P37647	P37647		kdgK		2393520.0	2382820.0	2176380.0	2371190.0	2372550.0	2388020.0	0	0.337864315744157	0.050040777262468285	False	0.02227218225419664	False	False	Ecoli	False	True	False	False	umpire	manual	min	0.6609640474436812
P08201	P08201		nirB		5958350.0	5897090.0	6086430.0	5884490.0	5932370.0	5792580.0	0	0.3384575224975554	-0.020718397852311624	False	0.022302158273381296	False	False	Ecoli	False	True	False	False	umpire	manual	min	0.6609640474436812
P0C0V0	P0C0V0		degP		14193300.0	14307200.0	14385400.0	14333300.0	14336700.0	14365700.0	0	0.33953984380825314	-0.006353660614177651	False	0.022332134292565947	False	False	Ecoli	False	True	False	False	umpire	manual	min	0.6609640474436812
P0A8Z7	P0A8Z7		yqiA		402483.0	435485.0	400372.0	410192.0	403732.0	412682.0	0	0.34005815339026224	0.042557961707228004	False	0.022362110311750602	False	False	Ecoli	False	True	False	False	umpire	manual	min	0.6609640474436812
P0ACQ4	P0ACQ4		oxyR		4949570.0	4848560.0	4847500.0	4919000.0	4845220.0	4950550.0	0	0.3400813430607072	0.013459826571257681	False	0.022392086330935253	False	False	Ecoli	False	True	False	False	umpire	manual	min	0.6609640474436812
P75809	P75809		ybjI		1200550.0	1273140.0	1166280.0	1197770.0	1261220.0	1271180.0	0	0.3402250761843401	0.046827190580645835	False	0.022422062350119905	False	False	Ecoli	False	True	False	False	umpire	manual	min	0.6609640474436812
P23865	P23865		prc		6731400.0	6811730.0	6795480.0	6839880.0	6847660.0	6826360.0	0	0.3405568811600367	-0.008018581459979168	False	0.02245203836930456	False	False	Ecoli	False	True	False	False	umpire	manual	min	0.6609640474436812
P76658	P76658		hldE		8972650.0	8994970.0	8837500.0	8952720.0	8947170.0	8916700.0	0	0.34070152346117366	0.007906339163081633	False	0.022482014388489208	False	False	Ecoli	False	True	False	False	umpire	manual	min	0.6609640474436812
P64463	P64463		ydfZ		38599400.0	38758500.0	39537400.0	38048500.0	39368300.0	37711200.0	0	0.3409905833615626	-0.02344319957677991	False	0.022511990407673863	False	False	Ecoli	False	True	False	False	umpire	manual	min	0.6609640474436812
P06129	P06129		btuB		14973200.0	14829000.0	15155100.0	15010500.0	14757000.0	14614700.0	0	0.341791311630202	-0.016332723470772838	False	0.022541966426858514	False	False	Ecoli	False	True	False	False	umpire	manual	min	0.6609640474436812
P29217	P29217		yceH		2494060.0	2456500.0	2411580.0	2339060.0	2491520.0	2454860.0	0	0.341917264622657	0.03216151017600568	False	0.022571942446043165	False	False	Ecoli	False	True	False	False	umpire	manual	min	0.6609640474436812
P39396	P39396		yjiY		5647660.0	5876880.0	5842960.0	5870140.0	6094440.0	5912820.0	0	0.3441389199675647	-0.030306596962451245	False	0.02260191846522782	False	False	Ecoli	False	True	False	False	umpire	manual	min	0.6609640474436812
P76214	P76214		ves		650713.0	1869860.0	1981320.0	1904720.0	1991440.0	1863700.0	0	0.3442805538148685	-0.4228600897972245	False	0.02263189448441247	False	False	Ecoli	False	True	False	False	umpire	manual	min	0.6609640474436812
P33355	P33355		yehS		1342010.0	1479540.0	1373660.0	1360850.0	1413490.0	1584790.0	0	0.3448187842028649	0.08716492576031211	False	0.022661870503597126	False	False	Ecoli	False	True	False	False	umpire	manual	min	0.6609640474436812
P0A746	P0A746		msrB		1818970.0	1969410.0	1804310.0	1868980.0	1897060.0	1976380.0	0	0.3455228137534179	0.04949256766485	False	0.022691846522781774	False	False	Ecoli	False	True	False	False	umpire	manual	min	0.6609640474436812
P0A7N4	P0A7N4		rpmF		39980300.0	40207800.0	39469400.0	40259400.0	40184500.0	41122600.0	0	0.345616607327429	0.01671512454848899	False	0.022721822541966426	False	False	Ecoli	False	True	False	False	umpire	manual	min	0.6609640474436812
P0A7Y8	P0A7Y8		rnpA		925018.0	928137.0	1018990.0	923095.0	1022160.0	985921.0	0	0.3463901860720714	-0.062243224347388604	False	0.02275179856115108	False	False	Ecoli	False	True	False	False	umpire	manual	min	0.6609640474436812
P0A8A8	P0A8A8		rimP		19808900.0	20082500.0	18140100.0	20495000.0	18546100.0	19948000.0	0	0.34683839341448114	0.06555481306070803	False	0.022781774580335732	False	False	Ecoli	False	True	False	False	umpire	manual	min	0.6609640474436812
Q57154	Q57154		repB		207005.0	93969.5	242752.0	129113.0	228405.0	144767.0	1	0.3478553667929919	-0.4294042806024124	False	0.022811750599520387	False	False	Ecoli	False	True	False	False	umpire	manual	min	0.6609640474436812
P39325	P39325		ytfQ		1629740.0	1567750.0	1657050.0	1510860.0	1480570.0	1653240.0	0	0.348269639715872	0.061442830383049485	False	0.02284172661870504	False	False	Ecoli	False	True	False	False	umpire	manual	min	0.6609640474436812
P28629	P28629		adiA		1645690.0	1586460.0	1594370.0	1678280.0	1679350.0	1612290.0	0	0.3495980680007189	-0.03168140967896524	False	0.022871702637889686	False	False	Ecoli	False	True	False	False	umpire	manual	min	0.6609640474436812
P0AEN8	P0AEN8		fucU		5643980.0	5616930.0	5600070.0	5325500.0	5563490.0	5541750.0	0	0.35025850052367696	0.02718048494725328	False	0.02290167865707434	False	False	Ecoli	False	True	False	False	umpire	manual	min	0.6609640474436812
P37613	P37613		yhhK		4328610.0	4237520.0	4459050.0	4431470.0	4180470.0	4176050.0	0	0.3508385015558622	-0.03675629268933122	False	0.022931654676258992	False	False	Ecoli	False	True	False	False	umpire	manual	min	0.6609640474436812
P0A8S1	P0A8S1		iciA		3226230.0	3174010.0	3203410.0	3203000.0	3150500.0	3375880.0	0	0.35088074545295156	0.03271776166800424	False	0.022961630695443647	False	False	Ecoli	False	True	False	False	umpire	manual	min	0.6609640474436812
Q46920	Q46920		queF		4587400.0	4527350.0	4651830.0	4547200.0	4537520.0	4456430.0	0	0.3542667785837558	-0.017473542869416173	False	0.0229916067146283	False	False	Ecoli	False	True	False	False	umpire	manual	min	0.6609640474436812
P0AAB4	P0AAB4		ubiD		2020290.0	2407740.0	1834740.0	1729220.0	2156610.0	1914290.0	0	0.354550773019473	0.14885176515078816	False	0.023021582733812954	False	False	Ecoli	False	True	False	False	umpire	manual	min	0.6609640474436812
P36879	P36879		yadG		1176050.0	1175280.0	1245030.0	1137920.0	1243670.0	1148090.0	0	0.354623558449807	-0.05150975947629498	False	0.023051558752997605	False	False	Ecoli	False	True	False	False	umpire	manual	min	0.6609640474436812
P39377	P39377		iadA		5178540.0	5152420.0	5123570.0	5278390.0	5354160.0	5184390.0	0	0.35823710499102246	-0.022216067810445148	False	0.023081534772182253	False	False	Ecoli	False	True	False	False	umpire	manual	min	0.6609640474436812
P0CG19	P0CG19		rph		7003090.0	7212980.0	6826640.0	7234620.0	6942310.0	7241930.0	0	0.359505599937554	0.030881050287476255	False	0.023111510791366908	False	False	Ecoli	False	True	False	False	umpire	manual	min	0.6609640474436812
P06610	P06610		btuE		9027410.0	8798150.0	9189480.0	9209810.0	8660630.0	8505400.0	0	0.3608188504879979	-0.039397452598771865	False	0.02314148681055156	False	False	Ecoli	False	True	False	False	umpire	manual	min	0.6609640474436812
P0A784	P0A784		orn		3241950.0	3168180.0	3083950.0	3115790.0	3113860.0	3074300.0	0	0.36124115447930066	0.026222149738136687	False	0.023171462829736214	False	False	Ecoli	False	True	False	False	umpire	manual	min	0.6609640474436812
P08244	P08244		pyrF		9705560.0	9799550.0	9735810.0	10018900.0	9860380.0	9818000.0	0	0.36205875790514513	-0.014294347099774602	False	0.023201438848920865	False	False	Ecoli	False	True	False	False	umpire	manual	min	0.6609640474436812
P0ADU5	P0ADU5		ygiW		7029460.0	7131180.0	7127020.0	7225100.0	6992180.0	6869390.0	0	0.3624145785529231	-0.021399941131698318	False	0.023231414868105517	False	False	Ecoli	False	True	False	False	umpire	manual	min	0.6609640474436812
P0AAQ2	P0AAQ2		yajD		4995220.0	4871700.0	5075260.0	4960810.0	4948140.0	4950110.0	0	0.36259282260050435	-0.01618672827593444	False	0.023261390887290172	False	False	Ecoli	False	True	False	False	umpire	manual	min	0.6609640474436812
P0AF18	P0AF18		nagA		3587720.0	3707550.0	3705310.0	3648990.0	3771030.0	3675310.0	0	0.3626926541148698	-0.020208328864974666	False	0.02329136690647482	False	False	Ecoli	False	True	False	False	umpire	manual	min	0.6609640474436812
P0A7J0	P0A7J0		ribB		13115100.0	13359500.0	13110800.0	13347900.0	13100200.0	13558700.0	0	0.3659215853305458	0.017198233807966666	False	0.023321342925659475	False	False	Ecoli	False	True	False	False	umpire	manual	min	0.6609640474436812
P0A8G9	P0A8G9		xseB		9543740.0	9728880.0	9560450.0	9108870.0	8940480.0	9124050.0	0	0.3659361459390163	0.04054132137569677	False	0.023351318944844126	False	False	Ecoli	False	True	False	False	umpire	manual	min	0.6609640474436812
P0AC59	P0AC59		grxB		6868790.0	6728750.0	6869540.0	6939960.0	6705530.0	6603970.0	0	0.369464179823974	-0.02221812997448174	False	0.023381294964028777	False	False	Ecoli	False	True	False	False	umpire	manual	min	0.6609640474436812
P39384	P39384		yjiM		1448490.0	1369470.0	1516780.0	1489670.0	1412920.0	1469720.0	0	0.3706335987043913	-0.04364348398774999	False	0.023411270983213432	False	False	Ecoli	False	True	False	False	umpire	manual	min	0.6609640474436812
P08997	P08997		aceB		747147.0	894436.0	987837.0	901426.0	1019630.0	1005100.0	0	0.37148822002297677	-0.1362848197756303	False	0.023441247002398084	False	False	Ecoli	False	True	False	False	umpire	manual	min	0.6609640474436812
P04949	P04949		fliC		37649200.0	37996800.0	38822100.0	37053100.0	39581800.0	37235900.0	0	0.37162856977730296	-0.0325414680553955	False	0.02347122302158274	False	False	Ecoli	False	True	False	False	umpire	manual	min	0.6609640474436812
P04982	P04982		rbsD		1203680.0	1278540.0	1318310.0	1191570.0	1262050.0	1059810.0	0	0.3721568852160597	-0.09072647116314562	False	0.023501199040767386	False	False	Ecoli	False	True	False	False	umpire	manual	min	0.6609640474436812
P0AFZ3	P0AFZ3		sspB		8598220.0	8454300.0	8684230.0	8429550.0	8167440.0	8764880.0	0	0.37428139741569455	0.030277632507089706	False	0.023531175059952038	False	False	Ecoli	False	True	False	False	umpire	manual	min	0.6609640474436812
P26602	P26602		ubiC		808811.0	813762.0	815618.0	941478.0	774120.0	731160.0	0	0.3744446445273246	-0.10487994942015841	False	0.023561151079136693	False	False	Ecoli	False	True	False	False	umpire	manual	min	0.6609640474436812
P60723	P60723		rplD		161631000.0	167963000.0	168061000.0	164915000.0	166058000.0	162579000.0	0	0.374511224208084	-0.01997259656900175	False	0.023591127098321344	False	False	Ecoli	False	True	False	False	umpire	manual	min	0.6609640474436812
P0A988	P0A988		dnaN		4182270.0	4318310.0	4127780.0	4118370.0	4322530.0	4311700.0	0	0.37500401798848887	0.027694090667945977	False	0.023621103117506	False	False	Ecoli	False	True	False	False	umpire	manual	min	0.6609640474436812
P43671	P43671		pqiB		984516.0	922227.0	946468.0	964686.0	997773.0	926508.0	0	0.3756305046177067	-0.03802867532444915	False	0.02365107913669065	False	False	Ecoli	False	True	False	False	umpire	manual	min	0.6609640474436812
P07118	P07118		valS		22682700.0	22350500.0	22670500.0	22773400.0	22676200.0	22700400.0	0	0.3763850618402573	-0.008208876720992384	False	0.023681055155875298	False	False	Ecoli	False	True	False	False	umpire	manual	min	0.6609640474436812
P75838	P75838		ycaO		9466100.0	9739310.0	9587400.0	9399300.0	9661470.0	9887690.0	0	0.3770289652457023	0.02223404540427028	False	0.023711031175059953	False	False	Ecoli	False	True	False	False	umpire	manual	min	0.6609640474436812
P63386	P63386		mlaF		906412.0	879854.0	974009.0	930572.0	852533.0	848641.0	0	0.37961023258185606	-0.06540687821893733	False	0.023741007194244605	False	False	Ecoli	False	True	False	False	umpire	manual	min	0.6609640474436812
P69783	P69783		crr		164884000.0	162263000.0	160583000.0	158355000.0	159997000.0	158272000.0	0	0.3806697660834764	0.019400708895924018	False	0.02377098321342926	False	False	Ecoli	False	True	False	False	umpire	manual	min	0.6609640474436812
P0A6T3	P0A6T3		galK		3249290.0	3342370.0	3331130.0	3255450.0	3346090.0	3148440.0	0	0.38212818409137195	-0.028244996296411102	False	0.02380095923261391	False	False	Ecoli	False	True	False	False	umpire	manual	min	0.6609640474436812
P0ADS2	P0ADS2		zapA		14968000.0	15136900.0	15220500.0	15160700.0	15179200.0	15213400.0	0	0.3821622904371758	-0.007686670158276492	False	0.023830935251798562	False	False	Ecoli	False	True	False	False	umpire	manual	min	0.6609640474436812
P21170	P21170		speA		7284360.0	7337450.0	7282490.0	7199730.0	7278510.0	7248560.0	0	0.3830082999990823	0.007250672901939675	False	0.023860911270983217	False	False	Ecoli	False	True	False	False	umpire	manual	min	0.6609640474436812
P0A9K3	P0A9K3		ybeZ		5968990.0	6085000.0	5911100.0	6055700.0	6053270.0	6268340.0	0	0.3831056280307695	0.023998363242554464	False	0.023890887290167865	False	False	Ecoli	False	True	False	False	umpire	manual	min	0.6609640474436812
P63177	P63177		rlmB		3010180.0	2998990.0	2985200.0	3042780.0	3061360.0	3003950.0	0	0.3832194593394636	-0.012148941727397748	False	0.02392086330935252	False	False	Ecoli	False	True	False	False	umpire	manual	min	0.6609640474436812
P32664	P32664		nudC		1243980.0	1192170.0	1207990.0	1231150.0	1172080.0	1247800.0	0	0.38447721865975193	0.02876716701020843	False	0.02395083932853717	False	False	Ecoli	False	True	False	False	umpire	manual	min	0.6609640474436812
P0AEF4	P0AEF4		dpiA		4223700.0	4282200.0	4448490.0	4360670.0	4195700.0	4253850.0	0	0.38569059543854883	-0.02745080559763693	False	0.023980815347721823	False	False	Ecoli	False	True	False	False	umpire	manual	min	0.6609640474436812
P69931	P69931		hda		1237240.0	1232730.0	1268520.0	1295800.0	1279920.0	1300910.0	0	0.3859882115502942	-0.02779716731317461	False	0.024010791366906478	False	False	Ecoli	False	True	False	False	umpire	manual	min	0.6609640474436812
P76053	P76053		smrA		377212.0	541398.0	343745.0	445119.0	442456.0	485615.0	0	0.38752560626917604	0.18956837476863161	False	0.02404076738609113	False	False	Ecoli	False	True	False	False	umpire	manual	min	0.6609640474436812
P10100	P10100		rlpA		3500140.0	3535120.0	3461130.0	3596540.0	3624270.0	3480290.0	0	0.3882584808829687	-0.022649375775452747	False	0.024070743405275784	False	False	Ecoli	False	True	False	False	umpire	manual	min	0.6609640474436812
P17109	P17109		menD		1627440.0	1466660.0	1486870.0	1520600.0	1503160.0	1570920.0	0	0.38895108775143894	0.04855431738285904	False	0.02410071942446043	False	False	Ecoli	False	True	False	False	umpire	manual	min	0.6609640474436812
P0A6U5	P0A6U5		rsmG		7162520.0	7126760.0	7292760.0	7334850.0	7463050.0	7452760.0	0	0.38915059839327804	-0.02294921146230901	False	0.024130695443645083	False	False	Ecoli	False	True	False	False	umpire	manual	min	0.6609640474436812
P0AB61	P0AB61		yciN		4880210.0	5113210.0	4865190.0	5062120.0	4890270.0	5113080.0	0	0.3895369457977402	0.027859596964476215	False	0.024160671462829738	False	False	Ecoli	False	True	False	False	umpire	manual	min	0.6609640474436812
P37636	P37636		mdtE		3467650.0	3532980.0	3482920.0	3613890.0	3631610.0	3565160.0	0	0.39046655433918875	-0.022036981547287518	False	0.02419064748201439	False	False	Ecoli	False	True	False	False	umpire	manual	min	0.6609640474436812
P0A9T8	P0A9T8		ybbA		717964.0	803832.0	774134.0	804434.0	807242.0	779393.0	0	0.39114028686578495	-0.052099675877022654	False	0.024220623501199044	False	False	Ecoli	False	True	False	False	umpire	manual	min	0.6609640474436812
P0AG07	P0AG07		rpe		12168400.0	12839700.0	12019700.0	12730700.0	12132900.0	12752800.0	0	0.392037792551215	0.03392540909139579	False	0.024250599520383696	False	False	Ecoli	False	True	False	False	umpire	manual	min	0.6609640474436812
P31678	P31678		otsB		590770.0	93969.5	669355.0	591729.0	633912.0	643344.0	1	0.39324530940780034	-0.5128489476700043	False	0.024280575539568347	False	False	Ecoli	False	True	False	False	umpire	manual	min	0.6609640474436812
P76015	P76015		dhaK		2469390.0	2520000.0	2524980.0	2328380.0	2408000.0	2458240.0	0	0.3934812099550649	0.03654162141689754	False	0.024310551558753002	False	False	Ecoli	False	True	False	False	umpire	manual	min	0.6609640474436812
P0ABQ4	P0ABQ4		folA		4572030.0	4542750.0	4336450.0	4735520.0	4464560.0	4876630.0	0	0.39434281030393004	0.0476833980689835	False	0.02434052757793765	False	False	Ecoli	False	True	False	False	umpire	manual	min	0.6609640474436812
P27248	P27248		gcvT		9534830.0	9638110.0	9498460.0	9298390.0	9469920.0	9375680.0	0	0.39674828982688615	0.01431397137060788	False	0.024370503597122305	False	False	Ecoli	False	True	False	False	umpire	manual	min	0.6609640474436812
P0AEN1	P0AEN1		fre		9072690.0	9236400.0	9370240.0	9091190.0	9341180.0	9196170.0	0	0.39749157777834565	-0.015512783394110012	False	0.024400479616306956	False	False	Ecoli	False	True	False	False	umpire	manual	min	0.6609640474436812
P0A6P7	P0A6P7		engB		8572500.0	8552100.0	8537070.0	8734770.0	8797420.0	8683840.0	0	0.3980215651574186	-0.014506691353555456	False	0.024430455635491607	False	False	Ecoli	False	True	False	False	umpire	manual	min	0.6609640474436812
P31554	P31554		lptD		6106620.0	6097200.0	6096390.0	6103460.0	6211100.0	6088670.0	0	0.3989754387985983	-0.009312601105373602	False	0.024460431654676262	False	False	Ecoli	False	True	False	False	umpire	manual	min	0.6609640474436812
P0A6Q6	P0A6Q6		fabZ		26161000.0	25534900.0	25217400.0	26060900.0	25884400.0	26623000.0	0	0.3989905915799133	0.021456876616772577	False	0.024490407673860914	False	False	Ecoli	False	True	False	False	umpire	manual	min	0.6609640474436812
P0A955	P0A955		eda		27753500.0	27827700.0	27752500.0	26029000.0	27621700.0	27589200.0	0	0.3991502908445153	0.030984661876642873	False	0.02452038369304557	False	False	Ecoli	False	True	False	False	umpire	manual	min	0.6609640474436812
P0ACT6	P0ACT6		uidR		650278.0	775927.0	612988.0	808098.0	604051.0	848349.0	0	0.40024494561718177	0.16756417669170195	False	0.024550359712230217	False	False	Ecoli	False	True	False	False	umpire	manual	min	0.6609640474436812
P30871	P30871		ygiF		5302580.0	5481000.0	5453060.0	5547220.0	5483870.0	5497500.0	0	0.40032505545470454	-0.01788309333933203	False	0.024580335731414868	False	False	Ecoli	False	True	False	False	umpire	manual	min	0.6609640474436812
P0A6A3	P0A6A3		ackA		191929000.0	187298000.0	185143000.0	183594000.0	187239000.0	184138000.0	0	0.4005101066974299	0.01904732963770002	False	0.024610311750599523	False	False	Ecoli	False	True	False	False	umpire	manual	min	0.6609640474436812
P0A6Z1	P0A6Z1		hscA		4183210.0	4115390.0	4265880.0	4062000.0	4228220.0	4043930.0	0	0.4016313307139614	-0.024750272344997843	False	0.024640287769784174	False	False	Ecoli	False	True	False	False	umpire	manual	min	0.6609640474436812
P08390	P08390		usg		4603130.0	4641490.0	4771930.0	4863570.0	4566320.0	4678040.0	0	0.40186961936985893	-0.028640954418599804	False	0.02467026378896883	False	False	Ecoli	False	True	False	False	umpire	manual	min	0.6609640474436812
P0A905	P0A905		slyB		29750800.0	29790600.0	29452700.0	30055200.0	30143200.0	29380700.0	0	0.4025064852279677	-0.01177926505688617	False	0.02470023980815348	False	False	Ecoli	False	True	False	False	umpire	manual	min	0.6609640474436812
P0AF90	P0AF90		rraB		5923520.0	6009460.0	5535860.0	5607820.0	6031380.0	5747680.0	0	0.4025598792168863	0.04185699096972489	False	0.02473021582733813	False	False	Ecoli	False	True	False	False	umpire	manual	min	0.6609640474436812
P02358	P02358		rpsF		108501000.0	108782000.0	109273000.0	110069000.0	110873000.0	110626000.0	0	0.4029334705101368	-0.010110156685762584	False	0.024760191846522783	False	False	Ecoli	False	True	False	False	umpire	manual	min	0.6609640474436812
P37194	P37194		slp		49799900.0	50318600.0	49581300.0	49920000.0	50149700.0	50162800.0	0	0.40454596798344916	0.0060635818340968204	False	0.024790167865707435	False	False	Ecoli	False	True	False	False	umpire	manual	min	0.6609640474436812
P33937	P33937		napA		4137020.0	4059430.0	4172710.0	4145740.0	4022930.0	3934410.0	0	0.4046699671927772	-0.024821892244947005	False	0.02482014388489209	False	False	Ecoli	False	True	False	False	umpire	manual	min	0.6609640474436812
P04825	P04825		pepN		15196500.0	15201900.0	15167100.0	15317800.0	14840800.0	15378400.0	0	0.4052542141715657	0.014287314877041648	False	0.02485011990407674	False	False	Ecoli	False	True	False	False	umpire	manual	min	0.6609640474436812
P00811	P00811		ampC		1075880.0	937518.0	914242.0	985566.0	966510.0	985487.0	0	0.40545649184287885	0.0652275229521145	False	0.024880095923261392	False	False	Ecoli	False	True	False	False	umpire	manual	min	0.6609640474436812
P0ABE2	P0ABE2		bolA		3614830.0	3540450.0	3853030.0	3381380.0	3908700.0	3461150.0	0	0.4056932867608404	-0.06985322877244961	False	0.024910071942446047	False	False	Ecoli	False	True	False	False	umpire	manual	min	0.6609640474436812
P03004	P03004		dnaA		2039380.0	2031050.0	2065730.0	2088530.0	1978490.0	1919670.0	0	0.40592204772448304	-0.03395405320731779	False	0.024940047961630695	False	False	Ecoli	False	True	False	False	umpire	manual	min	0.6609640474436812
P00509	P00509		aspC		18362100.0	18357000.0	18488400.0	18250400.0	18435600.0	18206900.0	0	0.4070472586098062	-0.006509804799910624	False	0.02497002398081535	False	False	Ecoli	False	True	False	False	umpire	manual	min	0.6609640474436812
P60785	P60785		lepA		11670300.0	11556800.0	11733800.0	11641700.0	11550600.0	11493700.0	0	0.40707474171539987	-0.00850536491241504	False	0.025	False	False	Ecoli	False	True	False	False	umpire	manual	min	0.6609640474436812
P0A6M8	P0A6M8		fusA		141878000.0	141427000.0	141160000.0	140764000.0	142038000.0	141849000.0	0	0.4078793590184321	0.00405055049816915	False	0.025029976019184653	False	False	Ecoli	False	True	False	False	umpire	manual	min	0.6609640474436812
P68066	P68066		grcA		318366000.0	318536000.0	319167000.0	307426000.0	311550000.0	312543000.0	0	0.40823657625276233	0.01727658176284029	False	0.025059952038369308	False	False	Ecoli	False	True	False	False	umpire	manual	min	0.6609640474436812
P0ABQ0	P0ABQ0		coaBC		702902.0	695824.0	731402.0	733875.0	692635.0	716543.0	0	0.40883102568873436	-0.028794889301610876	False	0.02508992805755396	False	False	Ecoli	False	True	False	False	umpire	manual	min	0.6609640474436812
P64545	P64545		yfgG		652687.0	624202.0	649156.0	646024.0	612203.0	736360.0	0	0.4088605030040218	0.0779310527866105	False	0.025119904076738614	False	False	Ecoli	False	True	False	False	umpire	manual	min	0.6609640474436812
P0AA39	P0AA39		rluC		948042.0	1006990.0	987082.0	1013350.0	1064200.0	1021450.0	0	0.4088743055478402	-0.0421056761442565	False	0.025149880095923262	False	False	Ecoli	False	True	False	False	umpire	manual	min	0.6609640474436812
P77376	P77376		ydgJ		2067240.0	1995510.0	2089860.0	2073280.0	2082350.0	2092410.0	0	0.4089680763235762	-0.021018405980505587	False	0.025179856115107913	False	False	Ecoli	False	True	False	False	umpire	manual	min	0.6609640474436812
P00936	P00936		cyaA		821378.0	912822.0	808895.0	884029.0	827274.0	883284.0	0	0.41020068493895645	0.054643634480318545	False	0.025209832134292568	False	False	Ecoli	False	True	False	False	umpire	manual	min	0.6609640474436812
P34209	P34209		ydcF		759278.0	684258.0	917347.0	697352.0	734573.0	693580.0	0	0.4118241571401266	-0.13654854122677562	False	0.02523980815347722	False	False	Ecoli	False	True	False	False	umpire	manual	min	0.6609640474436812
P0AG14	P0AG14		sohB		2263680.0	2192360.0	2237060.0	2245880.0	2122740.0	2284490.0	0	0.4119125325796836	0.02915495068051232	False	0.025269784172661874	False	False	Ecoli	False	True	False	False	umpire	manual	min	0.6609640474436812
P0AGJ9	P0AGJ9		tyrS		16710100.0	16414500.0	16888000.0	16288500.0	16819000.0	16212500.0	0	0.4123960795626111	-0.019125328958927844	False	0.025299760191846526	False	False	Ecoli	False	True	False	False	umpire	manual	min	0.6609640474436812
P0ABC7	P0ABC7		hflK		15814100.0	15998400.0	15768200.0	15842500.0	15926400.0	15917700.0	0	0.41243610761181704	0.005848487233547661	False	0.025329736211031174	False	False	Ecoli	False	True	False	False	umpire	manual	min	0.6609640474436812
P0A8P3	P0A8P3		yggX		26918400.0	27016000.0	26933200.0	27225900.0	26109200.0	27386400.0	0	0.4125627814354752	0.01879406475087958	False	0.02535971223021583	False	False	Ecoli	False	True	False	False	umpire	manual	min	0.6609640474436812
P17117	P17117		nfsA		4542160.0	4482470.0	4512320.0	4489160.0	4548150.0	4301360.0	0	0.41268487074682486	-0.024010740314982536	False	0.02538968824940048	False	False	Ecoli	False	True	False	False	umpire	manual	min	0.6609640474436812
P37902	P37902		gltI		1912250.0	2025410.0	1954850.0	1894390.0	1970440.0	1996030.0	0	0.413572151306903	0.027989729040325467	False	0.025419664268585135	False	False	Ecoli	False	True	False	False	umpire	manual	min	0.6609640474436812
P0A9P4	P0A9P4		trxB		11370700.0	11707500.0	11562500.0	11756700.0	11925100.0	11735700.0	0	0.41376038226062956	-0.01772651188850469	False	0.025449640287769786	False	False	Ecoli	False	True	False	False	umpire	manual	min	0.6609640474436812
P16095	P16095		sdaA		1968140.0	1920910.0	1940440.0	1911560.0	1966990.0	2034070.0	0	0.41406756351223106	0.025588548039572178	False	0.025479616306954438	False	False	Ecoli	False	True	False	False	umpire	manual	min	0.6609640474436812
P00561	P00561		thrA		2036620.0	1966500.0	2088300.0	2079210.0	2084600.0	2116300.0	0	0.4142669120136709	-0.03094824098627457	False	0.025509592326139092	False	False	Ecoli	False	True	False	False	umpire	manual	min	0.6609640474436812
P0A6W5	P0A6W5		greA		23493300.0	23445400.0	23299800.0	23531700.0	24003400.0	23254400.0	0	0.41467653915957714	-0.013131123881711356	False	0.02553956834532374	False	False	Ecoli	False	True	False	False	umpire	manual	min	0.6609640474436812
P10384	P10384		fadL		11235000.0	11383900.0	11204600.0	11472400.0	11521900.0	11270000.0	0	0.4150792257874514	-0.013137112757579408	False	0.025569544364508395	False	False	Ecoli	False	True	False	False	umpire	manual	min	0.6609640474436812
P0AG18	P0AG18		purE		1217180.0	1167570.0	1161000.0	1073100.0	1246510.0	1254780.0	0	0.41541509817308514	0.06441198623208956	False	0.025599520383693047	False	False	Ecoli	False	True	False	False	umpire	manual	min	0.6609640474436812
P76402	P76402		yegP		2318370.0	2409240.0	2262990.0	2415630.0	2327990.0	2431650.0	0	0.4189858778275328	0.031093878858951634	False	0.025629496402877698	False	False	Ecoli	False	True	False	False	umpire	manual	min	0.6609640474436812
P0AB24	P0AB24		efeO		3756840.0	3722000.0	3837880.0	3852480.0	3671160.0	3705710.0	0	0.4190623645448022	-0.022648646522459875	False	0.025659472422062353	False	False	Ecoli	False	True	False	False	umpire	manual	min	0.6609640474436812
P60757	P60757		hisG		2725840.0	2898400.0	2761790.0	2779380.0	2783070.0	2856790.0	0	0.42089887918988195	0.026920926474853776	False	0.025689448441247004	False	False	Ecoli	False	True	False	False	umpire	manual	min	0.6609640474436812
P0A7B1	P0A7B1		ppk		1510600.0	1466270.0	1460280.0	1351030.0	1438100.0	1398080.0	0	0.421036325238002	0.042003981577602274	False	0.02571942446043166	False	False	Ecoli	False	True	False	False	umpire	manual	min	0.6609640474436812
P77182	P77182		mnmC		1301800.0	1270230.0	1242830.0	1359090.0	1210640.0	1402600.0	0	0.4210511152406524	0.060060523458626475	False	0.025749400479616307	False	False	Ecoli	False	True	False	False	umpire	manual	min	0.6609640474436812
P0AE78	P0AE78		corC		956762.0	989592.0	915702.0	1016570.0	925095.0	1011480.0	0	0.42122074419281563	0.04985473974661625	False	0.02577937649880096	False	False	Ecoli	False	True	False	False	umpire	manual	min	0.6609640474436812
P00805	P00805		ansB		20803500.0	21060500.0	21094900.0	20806400.0	20697500.0	21164500.0	0	0.42147021739382173	0.009869327394115767	False	0.025809352517985613	False	False	Ecoli	False	True	False	False	umpire	manual	min	0.6609640474436812
P0A6Y1	P0A6Y1		ihfB		11682900.0	11875000.0	11793600.0	10752500.0	11525100.0	11466900.0	0	0.4217249208231397	0.039824051974475534	False	0.025839328537170265	False	False	Ecoli	False	True	False	False	umpire	manual	min	0.6609640474436812
P00963	P00963		asnA		17515700.0	17123700.0	17408100.0	17508200.0	17363300.0	17293600.0	0	0.4219588271152219	-0.009596535254265423	False	0.02586930455635492	False	False	Ecoli	False	True	False	False	umpire	manual	min	0.6609640474436812
P75882	P75882		gfcD		4891510.0	4855430.0	4931610.0	4798480.0	4909340.0	4687000.0	0	0.4220014259196516	-0.02039421923059356	False	0.02589928057553957	False	False	Ecoli	False	True	False	False	umpire	manual	min	0.6609640474436812
P0AB55	P0AB55		yciI		4020000.0	3841390.0	3869470.0	4377640.0	3963510.0	3875290.0	0	0.42298553443200093	-0.057112090267966605	False	0.02592925659472422	False	False	Ecoli	False	True	False	False	umpire	manual	min	0.6609640474436812
P27303	P27303		emrA		1520600.0	1396010.0	1504350.0	1447840.0	1507000.0	1425140.0	0	0.42318040802087026	-0.03850501494021304	False	0.025959232613908874	False	False	Ecoli	False	True	False	False	umpire	manual	min	0.6609640474436812
P0A6F1	P0A6F1		carA		4706170.0	4787420.0	4803740.0	4642720.0	4828580.0	4505360.0	0	0.4240118393904338	-0.02817616717610985	False	0.025989208633093525	False	False	Ecoli	False	True	False	False	umpire	manual	min	0.6609640474436812
P0AB89	P0AB89		purB		8651730.0	8541220.0	8654860.0	8731370.0	8534910.0	8543860.0	0	0.4243818763275262	-0.010295921753216372	False	0.02601918465227818	False	False	Ecoli	False	True	False	False	umpire	manual	min	0.6609640474436812
P0A996	P0A996		glpC		1553700.0	1562110.0	1573270.0	1559320.0	1529000.0	1593060.0	0	0.42439480469735275	0.014558773078200431	False	0.02604916067146283	False	False	Ecoli	False	True	False	False	umpire	manual	min	0.6609640474436812
P0ABK5	P0ABK5		cysK		38471500.0	38364800.0	38686300.0	38234800.0	38407500.0	37919800.0	0	0.4259628249518147	-0.007179483168100921	False	0.026079136690647483	False	False	Ecoli	False	True	False	False	umpire	manual	min	0.6609640474436812
P28903	P28903		nrdD		5298480.0	5388060.0	5340770.0	5337780.0	5285860.0	5364620.0	0	0.427020662092417	0.007818327213478415	False	0.026109112709832138	False	False	Ecoli	False	True	False	False	umpire	manual	min	0.6609640474436812
P0A7L8	P0A7L8		rpmA		114628000.0	111292000.0	116723000.0	112149000.0	115067000.0	113586000.0	0	0.4280030404021561	-0.018715644441196708	False	0.026139088729016786	False	False	Ecoli	False	True	False	False	umpire	manual	min	0.6609640474436812
P07014	P07014		sdhB		1658090.0	1673160.0	1627250.0	1677660.0	1663900.0	1683740.0	0	0.428302806714157	0.013346447672478792	False	0.02616906474820144	False	False	Ecoli	False	True	False	False	umpire	manual	min	0.6609640474436812
P0A8I1	P0A8I1		yqgF		1390730.0	1446050.0	1456530.0	1415550.0	1514340.0	1455930.0	0	0.4290575580743062	-0.03115524396336244	False	0.026199040767386092	False	False	Ecoli	False	True	False	False	umpire	manual	min	0.6609640474436812
P31142	P31142		sseA		7054640.0	6838670.0	7076210.0	7012430.0	7094620.0	7068130.0	0	0.42924783985052367	-0.01518680019554277	False	0.026229016786570743	False	False	Ecoli	False	True	False	False	umpire	manual	min	0.6609640474436812
P0AG40	P0AG40		ribF		2333310.0	2458050.0	2428920.0	2441750.0	2370650.0	2311060.0	0	0.43126639825699425	-0.027942029804418938	False	0.026258992805755398	False	False	Ecoli	False	True	False	False	umpire	manual	min	0.6609640474436812
P31979	P31979		nuoF		12928700.0	13014100.0	13022500.0	12990700.0	12860400.0	13136000.0	0	0.43148390935563313	0.007595448150126614	False	0.02628896882494005	False	False	Ecoli	False	True	False	False	umpire	manual	min	0.6609640474436812
P0ADK8	P0ADK8		yibL		11611300.0	11578900.0	11735900.0	11542500.0	11013400.0	11735500.0	0	0.43240475748153906	0.026425396899301335	False	0.026318944844124705	False	False	Ecoli	False	True	False	False	umpire	manual	min	0.6609640474436812
P75959	P75959		nagK		2135180.0	2145050.0	2161320.0	2245710.0	2237680.0	2247040.0	0	0.43450287037807217	-0.02572651876630472	False	0.026348920863309356	False	False	Ecoli	False	True	False	False	umpire	manual	min	0.6609640474436812
P0AE22	P0AE22		aphA		1728360.0	1814860.0	1892500.0	1714500.0	1863680.0	1762190.0	0	0.4349009467341118	-0.044255923346482325	False	0.026378896882494004	False	False	Ecoli	False	True	False	False	umpire	manual	min	0.6609640474436812
P15977	P15977		malQ		3376290.0	3388120.0	3852890.0	3393390.0	3501830.0	3569250.0	0	0.4354416611962691	-0.05673166975987254	False	0.02640887290167866	False	False	Ecoli	False	True	False	False	umpire	manual	min	0.6609640474436812
Q46925	Q46925		csdA		995665.0	1034940.0	937591.0	1042220.0	962662.0	1004940.0	0	0.4356494464870095	0.04492638315260368	False	0.02643884892086331	False	False	Ecoli	False	True	False	False	umpire	manual	min	0.6609640474436812
P33218	P33218		yebE		4871390.0	4545780.0	4645670.0	4764770.0	4649770.0	5154420.0	0	0.43608583895920633	0.051540165409757546	False	0.026468824940047965	False	False	Ecoli	False	True	False	False	umpire	manual	min	0.6609640474436812
Q46919	Q46919		yqcC		512722.0	490124.0	426981.0	544367.0	474449.0	544920.0	0	0.43642790784800345	0.09832237114406407	False	0.026498800959232616	False	False	Ecoli	False	True	False	False	umpire	manual	min	0.6609640474436812
P09147	P09147		galE		8489780.0	8590220.0	8500660.0	8524010.0	8594690.0	8874180.0	0	0.4364826379771095	0.018732471731442577	False	0.026528776978417268	False	False	Ecoli	False	True	False	False	umpire	manual	min	0.6609640474436812
Q47622	Q47622		sapA		677765.0	673428.0	661753.0	690469.0	684687.0	657803.0	0	0.43771299891547216	-0.019906836965872164	False	0.026558752997601923	False	False	Ecoli	False	True	False	False	umpire	manual	min	0.6609640474436812
P0A7I4	P0A7I4		prfC		5447410.0	5473460.0	5465980.0	5522150.0	5395280.0	5706780.0	0	0.43868563167916197	0.02134861871198324	False	0.02658872901678657	False	False	Ecoli	False	True	False	False	umpire	manual	min	0.6609640474436812
P15770	P15770		aroE		4398050.0	4528850.0	4869590.0	4582830.0	4582300.0	4747440.0	0	0.43877873531566725	-0.03752907943723255	False	0.026618705035971225	False	False	Ecoli	False	True	False	False	umpire	manual	min	0.6609640474436812
P13001	P13001		bioH		301083.0	411802.0	343758.0	473342.0	422821.0	395318.0	0	0.4390416180942208	-0.16202602639055982	False	0.026648681055155877	False	False	Ecoli	False	True	False	False	umpire	manual	min	0.6609640474436812
P08245	P08245		yciH		702050.0	783074.0	730895.0	733972.0	729198.0	790140.0	0	0.4392936922704856	0.05242768488131764	False	0.026678657074340528	False	False	Ecoli	False	True	False	False	umpire	manual	min	0.6609640474436812
P0A6L0	P0A6L0		deoC		12399500.0	12325100.0	12340700.0	12335000.0	12433800.0	12236300.0	0	0.4401786021725698	-0.005788675927161838	False	0.026708633093525183	False	False	Ecoli	False	True	False	False	umpire	manual	min	0.6609640474436812
P0ADI4	P0ADI4		entB		810370.0	784058.0	789714.0	840898.0	844472.0	825049.0	0	0.4408530904018684	-0.03278226380515097	False	0.026738609112709835	False	False	Ecoli	False	True	False	False	umpire	manual	min	0.6609640474436812
P0A744	P0A744		msrA		3301520.0	3168700.0	3099000.0	3685050.0	3478320.0	3300580.0	0	0.4427895643144268	-0.07081535145431331	False	0.02676858513189449	False	False	Ecoli	False	True	False	False	umpire	manual	min	0.6609640474436812
P0AC81	P0AC81		gloA		1897570.0	1794900.0	1739870.0	1993650.0	2004890.0	1794480.0	0	0.44299074443876896	-0.06464662072301604	False	0.026798561151079137	False	False	Ecoli	False	True	False	False	umpire	manual	min	0.6609640474436812
P39838	P39838		rcsD		533075.0	545061.0	469571.0	511379.0	479540.0	460232.0	0	0.44445918011138486	0.07494817817781507	False	0.02682853717026379	False	False	Ecoli	False	True	False	False	umpire	manual	min	0.6609640474436812
P0AGE6	P0AGE6		yieF		10136100.0	9746550.0	10423800.0	9800170.0	9965500.0	9715590.0	0	0.4449392464975691	-0.028534037985917207	False	0.026858513189448444	False	False	Ecoli	False	True	False	False	umpire	manual	min	0.6609640474436812
P45568	P45568		dxr		755257.0	779696.0	765006.0	752840.0	779812.0	806849.0	0	0.44562798167531104	0.027455027913272444	False	0.026888489208633095	False	False	Ecoli	False	True	False	False	umpire	manual	min	0.6609640474436812
P32685	P32685		yjbD		395880.0	396269.0	443849.0	459053.0	388449.0	434382.0	0	0.44583552991126685	-0.0742974927217891	False	0.02691846522781775	False	False	Ecoli	False	True	False	False	umpire	manual	min	0.6609640474436812
P63389	P63389		yheS		2639500.0	2669530.0	2537000.0	2667050.0	2627330.0	2631790.0	0	0.4468834144315534	0.020021440165853378	False	0.0269484412470024	False	False	Ecoli	False	True	False	False	umpire	manual	min	0.6609640474436812
P09348	P09348		motA		1015440.0	1060520.0	1044870.0	1028790.0	1081110.0	1026740.0	0	0.4469098722548221	-0.0240106192211366	False	0.02697841726618705	False	False	Ecoli	False	True	False	False	umpire	manual	min	0.6609640474436812
P52076	P52076		qseB		991192.0	1021870.0	1082710.0	940933.0	1046650.0	926098.0	0	0.4469399478052133	-0.06297244188226078	False	0.027008393285371704	False	False	Ecoli	False	True	False	False	umpire	manual	min	0.6609640474436812
P0A7F6	P0A7F6		speD		2597390.0	2627530.0	2604590.0	2689160.0	2700890.0	2674090.0	0	0.44885793540088337	-0.017361221833569647	False	0.027038369304556355	False	False	Ecoli	False	True	False	False	umpire	manual	min	0.6609640474436812
P33363	P33363		bglX		3947550.0	3905990.0	4003780.0	3849690.0	4118740.0	3899660.0	0	0.44899267639634505	-0.026635882458258712	False	0.02706834532374101	False	False	Ecoli	False	True	False	False	umpire	manual	min	0.6609640474436812
P36999	P36999		rlmA		1031400.0	1038690.0	961855.0	1003410.0	1042490.0	1004490.0	0	0.45150946413552484	0.03170229047736332	False	0.02709832134292566	False	False	Ecoli	False	True	False	False	umpire	manual	min	0.6609640474436812
P60546	P60546		gmk		5874640.0	5732900.0	5976020.0	5843690.0	5889610.0	5925560.0	0	0.4517116004910813	-0.01442771744533292	False	0.027128297362110313	False	False	Ecoli	False	True	False	False	umpire	manual	min	0.6609640474436812
P37025	P37025		ligT		414507.0	374603.0	327315.0	354875.0	396066.0	355448.0	0	0.451852795857149	0.08609082868557917	False	0.027158273381294968	False	False	Ecoli	False	True	False	False	umpire	manual	min	0.6609640474436812
P0AGA2	P0AGA2		secY		4061490.0	4026550.0	3978270.0	4153640.0	3824160.0	4136000.0	0	0.45254747609615764	0.03197792054311607	False	0.027188249400479616	False	False	Ecoli	False	True	False	False	umpire	manual	min	0.6609640474436812
P07363	P07363		cheA		4915530.0	4675180.0	4831140.0	4787870.0	4825410.0	4570930.0	0	0.4536073973988028	-0.028523927668840075	False	0.02721822541966427	False	False	Ecoli	False	True	False	False	umpire	manual	min	0.6609640474436812
P0A8J8	P0A8J8		rhlB		5560510.0	5516930.0	5596080.0	5588190.0	5454840.0	5391710.0	0	0.45363676219644533	-0.014812170924098278	False	0.027248201438848922	False	False	Ecoli	False	True	False	False	umpire	manual	min	0.6609640474436812
P07024	P07024		ushA		4642390.0	4951900.0	4930840.0	4772050.0	4975970.0	4810950.0	0	0.4543384222111843	-0.027146232060909076	False	0.027278177458033574	False	False	Ecoli	False	True	False	False	umpire	manual	min	0.6609640474436812
P37617	P37617		zntA		1602010.0	1648670.0	1666400.0	1567530.0	1669600.0	1537520.0	0	0.45477414770702795	-0.03433729034788431	False	0.02730815347721823	False	False	Ecoli	False	True	False	False	umpire	manual	min	0.6609640474436812
P0AEH1	P0AEH1		rseP		1236230.0	1305620.0	1290830.0	1305370.0	1304280.0	1297860.0	0	0.45513638930508604	-0.022654322215072707	False	0.02733812949640288	False	False	Ecoli	False	True	False	False	umpire	manual	min	0.6609640474436812
P0A6A0	P0A6A0		ubiB		1638810.0	1637770.0	1514070.0	1667160.0	1632270.0	1664800.0	0	0.45583978322718766	0.03782771525943164	False	0.027368105515587535	False	False	Ecoli	False	True	False	False	umpire	manual	min	0.6609640474436812
P0CB39	P0CB39		eptC		1821400.0	1711780.0	1671910.0	1724150.0	1724340.0	1697820.0	0	0.4571270685297479	0.030830253643091166	False	0.027398081534772183	False	False	Ecoli	False	True	False	False	umpire	manual	min	0.6609640474436812
P36767	P36767		rdgC		4805720.0	4901110.0	4830750.0	4844700.0	5002540.0	4810910.0	0	0.45734189356022903	-0.015837535287415674	False	0.027428057553956834	False	False	Ecoli	False	True	False	False	umpire	manual	min	0.6609640474436812
P08373	P08373		murB		1799260.0	1725540.0	1823510.0	1926550.0	1721010.0	1780760.0	0	0.45799395480785865	-0.044317979371130474	False	0.02745803357314149	False	False	Ecoli	False	True	False	False	umpire	manual	min	0.6609640474436812
P45530	P45530		tusB		422281.0	495834.0	386804.0	394658.0	496011.0	462795.0	0	0.4580899905208179	0.11232649641743404	False	0.02748800959232614	False	False	Ecoli	False	True	False	False	umpire	manual	min	0.6609640474436812
P0AB28	P0AB28		yceD		8490960.0	8684020.0	8945610.0	8682090.0	8749500.0	8868220.0	0	0.45871391615538615	-0.01838470002070856	False	0.027517985611510795	False	False	Ecoli	False	True	False	False	umpire	manual	min	0.6609640474436812
P06974	P06974		fliM		1493060.0	1542540.0	1505630.0	1521870.0	1534440.0	1459830.0	0	0.4596823384324044	-0.021188352007440226	False	0.027547961630695447	False	False	Ecoli	False	True	False	False	umpire	manual	min	0.6609640474436812
P09030	P09030		xthA		3608040.0	3516040.0	3532810.0	3586480.0	3536460.0	3632000.0	0	0.45969687171049967	0.01352025051694495	False	0.027577937649880094	False	False	Ecoli	False	True	False	False	umpire	manual	min	0.6609640474436812
P69407	P69407		rcsB		6544010.0	6337960.0	6532330.0	6354520.0	6482130.0	6202330.0	0	0.460134412302917	-0.021361711036068914	False	0.02760791366906475	False	False	Ecoli	False	True	False	False	umpire	manual	min	0.6609640474436812
P24216	P24216		fliD		892775.0	881358.0	755054.0	887833.0	883419.0	870772.0	0	0.46043612734951966	0.06618650756111863	False	0.0276378896882494	False	False	Ecoli	False	True	False	False	umpire	manual	min	0.6609640474436812
P0AE39	P0AE39		ypdB		1881820.0	1786540.0	1853760.0	1783290.0	1762920.0	1826980.0	0	0.46056681760499635	0.025257352066783877	False	0.027667865707434056	False	False	Ecoli	False	True	False	False	umpire	manual	min	0.6609640474436812
P69853	P69853		dmsD		1257320.0	1307640.0	1291690.0	1390840.0	1328450.0	1349690.0	0	0.4608400639276347	-0.035071447259351865	False	0.027697841726618707	False	False	Ecoli	False	True	False	False	umpire	manual	min	0.6609640474436812
P0AFA7	P0AFA7		nhaB		597064.0	505833.0	563322.0	578709.0	534384.0	468544.0	0	0.46193384211747335	-0.09329122845019601	False	0.02772781774580336	False	False	Ecoli	False	True	False	False	umpire	manual	min	0.6609640474436812
P0AA91	P0AA91		yeaY		1486050.0	1594910.0	1617300.0	1528090.0	1509670.0	1428170.0	0	0.4625491019444252	-0.04595065904579594	False	0.027757793764988013	False	False	Ecoli	False	True	False	False	umpire	manual	min	0.6609640474436812
P65556	P65556		yfcD		2194030.0	2233160.0	2239490.0	2378430.0	2202670.0	2247250.0	0	0.4628169173987869	-0.03124974514672523	False	0.02778776978417266	False	False	Ecoli	False	True	False	False	umpire	manual	min	0.6609640474436812
P69829	P69829		ptsN		868045.0	820019.0	858132.0	867424.0	819131.0	788820.0	0	0.46295802915048034	-0.0389619093636577	False	0.027817745803357316	False	False	Ecoli	False	True	False	False	umpire	manual	min	0.6609640474436812
P18133	P18133		pncB		1576360.0	1520050.0	1660500.0	1607860.0	1513780.0	1567030.0	0	0.46338992444070015	-0.03626181067620336	False	0.027847721822541967	False	False	Ecoli	False	True	False	False	umpire	manual	min	0.6609640474436812
P22939	P22939		ispA		3289110.0	3438540.0	3498330.0	3196140.0	3358330.0	3669330.0	0	0.4635175013855882	0.048567140774381554	False	0.02787769784172662	False	False	Ecoli	False	True	False	False	umpire	manual	min	0.6609640474436812
P0A879	P0A879		trpB		516868.0	475696.0	525644.0	433429.0	437997.0	487490.0	0	0.4635816382485377	0.08324550517228872	False	0.027907673860911274	False	False	Ecoli	False	True	False	False	umpire	manual	min	0.6609640474436812
P0AE82	P0AE82		cpxA		1511700.0	1488420.0	1535550.0	1531880.0	1570630.0	1569700.0	0	0.4638890010857792	-0.021384143157615953	False	0.027937649880095925	False	False	Ecoli	False	True	False	False	umpire	manual	min	0.6609640474436812
P05719	P05719		hsdS		1054310.0	1030300.0	1038900.0	1101740.0	1040950.0	1040620.0	0	0.4640528501582656	-0.02578556453086963	False	0.02796762589928058	False	False	Ecoli	False	True	False	False	umpire	manual	min	0.6609640474436812
P0AG86	P0AG86		secB		22430200.0	22243600.0	22145500.0	22529100.0	22453900.0	23645700.0	0	0.46487507601077904	0.025372011095028627	False	0.027997601918465228	False	False	Ecoli	False	True	False	False	umpire	manual	min	0.6609640474436812
P0AB06	P0AB06		ycbK		860710.0	927403.0	842093.0	797559.0	884219.0	828773.0	0	0.4650182131377954	0.052212904072669854	False	0.02802757793764988	False	False	Ecoli	False	True	False	False	umpire	manual	min	0.6609640474436812
P0A927	P0A927		tsx		8483730.0	8304390.0	8663200.0	8771010.0	8153500.0	8280940.0	0	0.4655270678069215	-0.029543136302293452	False	0.028057553956834534	False	False	Ecoli	False	True	False	False	umpire	manual	min	0.6609640474436812
P0A9L5	P0A9L5		ppiC		2571130.0	2424660.0	2392170.0	2376340.0	2490920.0	2414950.0	0	0.4658489746253006	0.029761335817064596	False	0.028087529976019186	False	False	Ecoli	False	True	False	False	umpire	manual	min	0.6609640474436812
P0A729	P0A729		yceF		13939900.0	13934100.0	13656500.0	14229300.0	13821500.0	14374400.0	0	0.46709639494659283	0.018596786064419814	False	0.02811750599520384	False	False	Ecoli	False	True	False	False	umpire	manual	min	0.6609640474436812
P0ACV8	P0ACV8		ymjA		604994.0	525612.0	554893.0	509098.0	528484.0	533022.0	0	0.4671306000043565	0.06306214781804603	False	0.028147482014388492	False	False	Ecoli	False	True	False	False	umpire	manual	min	0.6609640474436812
P31433	P31433		yicH		1089210.0	981848.0	1047580.0	995956.0	1029290.0	1109900.0	0	0.46777647083956453	0.04989524721833196	False	0.02817745803357314	False	False	Ecoli	False	True	False	False	umpire	manual	min	0.6609640474436812
P32157	P32157		yiiM		3804230.0	3608310.0	3760410.0	3972980.0	3669510.0	3730840.0	0	0.46997468848496826	-0.03321388306851703	False	0.028207434052757795	False	False	Ecoli	False	True	False	False	umpire	manual	min	0.6609640474436812
P24203	P24203		yjiA		3042240.0	3035550.0	3138750.0	3584790.0	3070980.0	3274070.0	0	0.4726601472355772	-0.0667214595987596	False	0.028237410071942446	False	False	Ecoli	False	True	False	False	umpire	manual	min	0.6609640474436812
P30177	P30177		ybiB		8583940.0	8617690.0	8569880.0	8622330.0	8674920.0	8584250.0	0	0.47368794339738024	-0.004538712022836959	False	0.0282673860911271	False	False	Ecoli	False	True	False	False	umpire	manual	min	0.6609640474436812
P75849	P75849		ycbL		1950300.0	1859480.0	1909180.0	1703170.0	1986890.0	2026320.0	0	0.4740242850206841	0.059773584102128456	False	0.028297362110311752	False	False	Ecoli	False	True	False	False	umpire	manual	min	0.6609640474436812
P16703	P16703		cysM		3718400.0	3651610.0	3649190.0	3541570.0	3615660.0	3566260.0	0	0.47418819487906017	0.01723210681595961	False	0.028327338129496404	False	False	Ecoli	False	True	False	False	umpire	manual	min	0.6609640474436812
P61320	P61320		lolB		3464130.0	3491920.0	3261620.0	3575110.0	3305370.0	3443200.0	0	0.4748341908652432	0.036123079703879374	False	0.02835731414868106	False	False	Ecoli	False	True	False	False	umpire	manual	min	0.6609640474436812
P65367	P65367		yqcA		2312890.0	2331360.0	2441570.0	2389460.0	2204860.0	2187260.0	0	0.4749516863814303	-0.04252842844098785	False	0.02838729016786571	False	False	Ecoli	False	True	False	False	umpire	manual	min	0.6609640474436812
P0ADF6	P0ADF6		edd		2043030.0	1583500.0	1669150.0	1630640.0	1495070.0	1578260.0	0	0.4749956042577741	0.11835126348859305	False	0.028417266187050365	False	False	Ecoli	False	True	False	False	umpire	manual	min	0.6609640474436812
P0ACU7	P0ACU7		yjdC		703339.0	837866.0	776309.0	826387.0	843044.0	795964.0	0	0.4765654150506919	-0.06550898426683788	False	0.028447242206235013	False	False	Ecoli	False	True	False	False	umpire	manual	min	0.6609640474436812
P15005	P15005		mcrB		727158.0	669865.0	709063.0	665224.0	752118.0	649026.0	0	0.47840856449973024	-0.05557570604732961	False	0.028477218225419664	False	False	Ecoli	False	True	False	False	umpire	manual	min	0.6609640474436812
P0A6Y8	P0A6Y8		dnaK		39788400.0	39953900.0	40037400.0	38982700.0	39537900.0	39616900.0	0	0.47841735165873756	0.009716755545343738	False	0.02850719424460432	False	False	Ecoli	False	True	False	False	umpire	manual	min	0.6609640474436812
P0AB80	P0AB80		ilvE		7156310.0	7018190.0	7246080.0	6968580.0	7105200.0	6882510.0	0	0.47974085139212735	-0.0178973697104201	False	0.02853717026378897	False	False	Ecoli	False	True	False	False	umpire	manual	min	0.6609640474436812
P75777	P75777		ybhG		2746620.0	2746410.0	2656660.0	2884330.0	2854480.0	2718310.0	0	0.4814315528147115	-0.03199342008916659	False	0.028567146282973625	False	False	Ecoli	False	True	False	False	umpire	manual	min	0.6609640474436812
P0AFZ1	P0AFZ1		sseB		2493190.0	2302610.0	2411880.0	2324850.0	2383130.0	2490620.0	0	0.4819205934432982	0.033361283234707634	False	0.028597122302158277	False	False	Ecoli	False	True	False	False	umpire	manual	min	0.6609640474436812
P0A9C3	P0A9C3		galM		6047290.0	6154330.0	6076680.0	5753370.0	6026050.0	5935140.0	0	0.48221139615262554	0.02249974006255086	False	0.028627098321342925	False	False	Ecoli	False	True	False	False	umpire	manual	min	0.6609640474436812
P05194	P05194		aroD		1263820.0	1233620.0	1377110.0	1286920.0	1212670.0	1256830.0	0	0.4826858020655608	-0.04629668606897792	False	0.02865707434052758	False	False	Ecoli	False	True	False	False	umpire	manual	min	0.6609640474436812
P0A7Y0	P0A7Y0		rnc		6672480.0	6475220.0	6526450.0	6634380.0	6460210.0	6664160.0	0	0.4834831445987142	0.013962818691481532	False	0.02868705035971223	False	False	Ecoli	False	True	False	False	umpire	manual	min	0.6609640474436812
P07026	P07026		sdiA		1791260.0	1719690.0	1760480.0	1674210.0	1788030.0	1815390.0	0	0.48435502991990864	0.028343163907952343	False	0.028717026378896886	False	False	Ecoli	False	True	False	False	umpire	manual	min	0.6609640474436812
P29745	P29745		pepT		6149740.0	6186740.0	6176200.0	6213530.0	6136800.0	6350400.0	0	0.4848133146226762	0.012433022480491754	False	0.028747002398081537	False	False	Ecoli	False	True	False	False	umpire	manual	min	0.6609640474436812
P05458	P05458		ptrA		915908.0	998363.0	923398.0	988414.0	988110.0	897452.0	0	0.48512374641510025	-0.04455962348260312	False	0.02877697841726619	False	False	Ecoli	False	True	False	False	umpire	manual	min	0.6609640474436812
P22256	P22256		gabT		994009.0	1216260.0	1212230.0	1149930.0	1237500.0	1202490.0	0	0.4851660698405172	-0.07692210685684323	False	0.028806954436450843	False	False	Ecoli	False	True	False	False	umpire	manual	min	0.6609640474436812
P0A7K6	P0A7K6		rplS		68053100.0	68218500.0	68540400.0	67267200.0	67947400.0	68430700.0	0	0.4856723220658215	0.00669184985828744	False	0.02883693045563549	False	False	Ecoli	False	True	False	False	umpire	manual	min	0.6609640474436812
P39286	P39286		rsgA		2368600.0	2268750.0	2321820.0	2333990.0	2247850.0	2363780.0	0	0.48575775293624507	0.020226380827525443	False	0.028866906474820146	False	False	Ecoli	False	True	False	False	umpire	manual	min	0.6609640474436812
P52119	P52119		ratB		3972500.0	4004430.0	3963170.0	3759310.0	3931880.0	3857630.0	0	0.4861254982439803	0.022136287815639838	False	0.028896882494004798	False	False	Ecoli	False	True	False	False	umpire	manual	min	0.6609640474436812
P27848	P27848		yigL		5574610.0	5748830.0	5205970.0	5210950.0	5492780.0	5100580.0	0	0.4863953038306218	0.04590065751084826	False	0.02892685851318945	False	False	Ecoli	False	True	False	False	umpire	manual	min	0.6609640474436812
P0A7R5	P0A7R5		rpsJ		152818000.0	151084000.0	148321000.0	148274000.0	149383000.0	146710000.0	0	0.486586886387469	0.014913189641016407	False	0.028956834532374104	False	False	Ecoli	False	True	False	False	umpire	manual	min	0.6609640474436812
P0AGI8	P0AGI8		trkA		376630.0	482905.0	443530.0	421053.0	503345.0	417160.0	0	0.48660653048597713	-0.09957838779766114	False	0.028986810551558755	False	False	Ecoli	False	True	False	False	umpire	manual	min	0.6609640474436812
P21507	P21507		srmB		5132640.0	5152620.0	5196340.0	5136420.0	5062420.0	4879730.0	0	0.48731305685839243	-0.021734188800370025	False	0.02901678657074341	False	False	Ecoli	False	True	False	False	umpire	manual	min	0.6609640474436812
P0A8D3	P0A8D3		yaiI		1888440.0	1934910.0	1883730.0	1977590.0	1916880.0	1879060.0	0	0.48739182529092356	-0.019048368612396123	False	0.029046762589928058	False	False	Ecoli	False	True	False	False	umpire	manual	min	0.6609640474436812
P39315	P39315		qorB		2948380.0	2987560.0	2929730.0	2956250.0	3052680.0	2897440.0	0	0.4888914083102535	-0.017092996712970817	False	0.02907673860911271	False	False	Ecoli	False	True	False	False	umpire	manual	min	0.6609640474436812
P37631	P37631		yhiN		1180940.0	1177190.0	1158160.0	1146340.0	1194020.0	1176460.0	0	0.4902578700840644	0.014798138057211398	False	0.029106714628297364	False	False	Ecoli	False	True	False	False	umpire	manual	min	0.6609640474436812
P32684	P32684		rluF		1090750.0	1159790.0	1096120.0	1144300.0	1132920.0	1216620.0	0	0.4907539631738468	0.039576679155995616	False	0.029136690647482016	False	False	Ecoli	False	True	False	False	umpire	manual	min	0.6609640474436812
P33667	P33667		selU		780168.0	736569.0	823085.0	871301.0	904949.0	930803.0	0	0.49077265125239294	-0.08681014115529712	False	0.02916666666666667	False	False	Ecoli	False	True	False	False	umpire	manual	min	0.6609640474436812
P17115	P17115		gutQ		2215430.0	2185330.0	2231150.0	2163870.0	2180260.0	2230410.0	0	0.49084148588626114	0.012211110058394823	False	0.029196642685851322	False	False	Ecoli	False	True	False	False	umpire	manual	min	0.6609640474436812
P0A8G3	P0A8G3		uxaC		1418400.0	1411160.0	1398570.0	1403150.0	1426640.0	1311680.0	0	0.4909024597892674	-0.03003539754520894	False	0.02922661870503597	False	False	Ecoli	False	True	False	False	umpire	manual	min	0.6609640474436812
P0ACE3	P0ACE3		hha		3739390.0	3766630.0	3968460.0	3649990.0	3793390.0	3671710.0	0	0.4910607772460704	-0.02990419284449468	False	0.029256594724220625	False	False	Ecoli	False	True	False	False	umpire	manual	min	0.6609640474436812
P76440	P76440		preT		1224350.0	1160450.0	1280420.0	1187780.0	1130610.0	1074240.0	0	0.49167013924152986	-0.05714823986582681	False	0.029286570743405276	False	False	Ecoli	False	True	False	False	umpire	manual	min	0.6609640474436812
P0A8K5	P0A8K5		yaeP		2218850.0	2304790.0	2168310.0	2353480.0	2265700.0	2474550.0	0	0.4929494211694219	0.0441036667049891	False	0.02931654676258993	False	False	Ecoli	False	True	False	False	umpire	manual	min	0.6609640474436812
P0ACX5	P0ACX5		ydhZ		2635460.0	2894170.0	2617780.0	2863040.0	2612180.0	2818480.0	0	0.49330224892972	0.04477501502396811	False	0.029346522781774582	False	False	Ecoli	False	True	False	False	umpire	manual	min	0.6609640474436812
P0A6G7	P0A6G7		clpP		23349900.0	22830300.0	22704400.0	23168800.0	23139800.0	23352300.0	0	0.49343251762499407	0.010819313313565362	False	0.029376498800959234	False	False	Ecoli	False	True	False	False	umpire	manual	min	0.6609640474436812
P0A8N7	P0A8N7		epmA		3110880.0	3138970.0	3168920.0	3071430.0	3108940.0	2934150.0	0	0.4939253557626122	-0.02573416658324606	False	0.02940647482014389	False	False	Ecoli	False	True	False	False	umpire	manual	min	0.6609640474436812
P0A932	P0A932		gfcE		14551600.0	14736000.0	14813400.0	14534300.0	13977200.0	14652300.0	0	0.4942218845445717	0.02033516698283864	False	0.029436450839328537	False	False	Ecoli	False	True	False	False	umpire	manual	min	0.6609640474436812
P28904	P28904		treC		2883450.0	3030110.0	2917270.0	2940630.0	2957660.0	3020570.0	0	0.4949458518540139	0.019275029088359253	False	0.02946642685851319	False	False	Ecoli	False	True	False	False	umpire	manual	min	0.6609640474436812
P04335	P04335		frsA		4468190.0	4333410.0	4316700.0	4375540.0	4387510.0	4382280.0	0	0.495165340997315	0.011440050121811925	False	0.029496402877697843	False	False	Ecoli	False	True	False	False	umpire	manual	min	0.6609640474436812
P0ABI4	P0ABI4		corA		1519050.0	1533620.0	1552410.0	1511720.0	1501540.0	1555860.0	0	0.49610453325547266	0.013480054787174433	False	0.029526378896882494	False	False	Ecoli	False	True	False	False	umpire	manual	min	0.6609640474436812
P45807	P45807		ybaM		510266.0	485205.0	483321.0	541250.0	469461.0	420783.0	0	0.49616332606269203	-0.0771310181644642	False	0.02955635491606715	False	False	Ecoli	False	True	False	False	umpire	manual	min	0.6609640474436812
P0A6R0	P0A6R0		fabH		17734800.0	17617700.0	17728300.0	17658400.0	17148900.0	17635800.0	0	0.49731891068578066	0.012378466901248015	False	0.0295863309352518	False	False	Ecoli	False	True	False	False	umpire	manual	min	0.6609640474436812
P0ADG4	P0ADG4		suhB		14068600.0	14125900.0	13949300.0	14353300.0	13953800.0	14473000.0	0	0.4981744195456637	0.013967718488964238	False	0.029616306954436455	False	False	Ecoli	False	True	False	False	umpire	manual	min	0.6609640474436812
P0ADQ7	P0ADQ7		ygaM		6019260.0	6041150.0	6100150.0	5893070.0	6208210.0	5904600.0	0	0.4984371380003684	-0.018862062182741723	False	0.029646282973621103	False	False	Ecoli	False	True	False	False	umpire	manual	min	0.6609640474436812
P0A6D3	P0A6D3		aroA		5695490.0	5917240.0	5773010.0	5854440.0	5988560.0	5803180.0	0	0.4984853252815057	-0.016481335723992897	False	0.029676258992805755	False	False	Ecoli	False	True	False	False	umpire	manual	min	0.6609640474436812
P0AF03	P0AF03		mog		12886200.0	13103900.0	12943400.0	13004100.0	13185400.0	12921600.0	0	0.4986615552457756	-0.008178016097722162	False	0.02970623501199041	False	False	Ecoli	False	True	False	False	umpire	manual	min	0.6609640474436812
P38506	P38506		ygdG		617236.0	673359.0	628481.0	667480.0	634128.0	705683.0	0	0.4988757903893547	0.04864526878342905	False	0.02973621103117506	False	False	Ecoli	False	True	False	False	umpire	manual	min	0.6609640474436812
P0AC02	P0AC02		bamD		21248200.0	21126200.0	20891800.0	21646700.0	20837500.0	21714900.0	0	0.4997168069047602	0.016146906097413215	False	0.029766187050359716	False	False	Ecoli	False	True	False	False	umpire	manual	min	0.6609640474436812
P0A8N3	P0A8N3		lysS		36830200.0	36851000.0	36488100.0	36688400.0	36982300.0	36828600.0	0	0.5006722344332439	0.004589564500044521	False	0.029796163069544367	False	False	Ecoli	False	True	False	False	umpire	manual	min	0.6609640474436812
P77774	P77774		bamB		15410000.0	15782200.0	15510000.0	15775700.0	15431100.0	15956700.0	0	0.5013517579864558	0.01328265661824635	False	0.029826139088729015	False	False	Ecoli	False	True	False	False	umpire	manual	min	0.6609640474436812
P0A850	P0A850		tig		129016000.0	130036000.0	129918000.0	128748000.0	130051000.0	128128000.0	0	0.5016344126957588	-0.005715772011780425	False	0.02985611510791367	False	False	Ecoli	False	True	False	False	umpire	manual	min	0.6609640474436812
P68767	P68767		pepA		8160200.0	8131710.0	8177040.0	7905340.0	8358340.0	7721840.0	0	0.5026978873981884	-0.025426072997235614	False	0.02988609112709832	False	False	Ecoli	False	True	False	False	umpire	manual	min	0.6609640474436812
P21829	P21829		ybhA		2941410.0	2916980.0	3020410.0	2869260.0	2934680.0	2850510.0	0	0.5040811740081055	-0.01899950662000044	False	0.029916067146282976	False	False	Ecoli	False	True	False	False	umpire	manual	min	0.6609640474436812
P0AA31	P0AA31		yedF		3870940.0	3970200.0	3973500.0	3692030.0	3909380.0	3943980.0	0	0.5045477384182327	0.025965472719536975	False	0.029946043165467628	False	False	Ecoli	False	True	False	False	umpire	manual	min	0.6609640474436812
P77348	P77348		mppA		1990630.0	1927160.0	1953850.0	2013080.0	1930030.0	1898460.0	0	0.5051594131963537	-0.019882126184876937	False	0.02997601918465228	False	False	Ecoli	False	True	False	False	umpire	manual	min	0.6609640474436812
P19624	P19624		pdxA		310161.0	414573.0	357299.0	387805.0	330392.0	461053.0	0	0.5052671610283627	0.14084272631809677	False	0.030005995203836934	False	False	Ecoli	False	True	False	False	umpire	manual	min	0.6609640474436812
P0A894	P0A894		yhbJ		1522450.0	1597620.0	1602830.0	1664060.0	1554790.0	1609800.0	0	0.5053201867591844	-0.027735375124506207	False	0.030035971223021582	False	False	Ecoli	False	True	False	False	umpire	manual	min	0.6609640474436812
P76445	P76445		yeiU		2109690.0	2243710.0	1991540.0	2163220.0	1968130.0	1983080.0	0	0.5059236319513303	0.04946886158591947	False	0.030065947242206237	False	False	Ecoli	False	True	False	False	umpire	manual	min	0.6609640474436812
P02930	P02930		tolC		24636500.0	24905300.0	25587600.0	24106700.0	25370500.0	24392500.0	0	0.5061776980977769	-0.021892723398255945	False	0.030095923261390888	False	False	Ecoli	False	True	False	False	umpire	manual	min	0.6609640474436812
P0AES0	P0AES0		gsp		1902040.0	1911450.0	1896590.0	1901900.0	1836280.0	1874840.0	0	0.5063493037939234	0.013648439507206128	False	0.03012589928057554	False	False	Ecoli	False	True	False	False	umpire	manual	min	0.6609640474436812
P39393	P39393		yjiV		582833.0	554487.0	565608.0	602743.0	534974.0	631155.0	0	0.5064656352357889	0.054152092333189565	False	0.030155875299760194	False	False	Ecoli	False	True	False	False	umpire	manual	min	0.6609640474436812
P0AEW6	P0AEW6		gsk		2355900.0	2275170.0	2311990.0	2328960.0	2282390.0	2140960.0	0	0.5078552355720081	-0.031879835191585895	False	0.030185851318944846	False	False	Ecoli	False	True	False	False	umpire	manual	min	0.6609640474436812
P69791	P69791		chbA		1627610.0	1472660.0	1516530.0	1262850.0	1511220.0	1419370.0	0	0.5082981675982149	0.07502845400344595	False	0.0302158273381295	False	False	Ecoli	False	True	False	False	umpire	manual	min	0.6609640474436812
P00926	P00926		dsdA		1433240.0	1270150.0	1322010.0	1263150.0	1242630.0	1262370.0	0	0.5083382372903785	0.051085688199777254	False	0.03024580335731415	False	False	Ecoli	False	True	False	False	umpire	manual	min	0.6609640474436812
P0AFU8	P0AFU8		ribC		9221190.0	8891490.0	9199480.0	9040770.0	9193650.0	9078030.0	0	0.5084058756796966	-0.012845906818297326	False	0.0302757793764988	False	False	Ecoli	False	True	False	False	umpire	manual	min	0.6609640474436812
P0AAG3	P0AAG3		gltL		1546910.0	1689250.0	1632770.0	1533030.0	1539740.0	1585840.0	0	0.50944632664214	0.035271357185602766	False	0.030305755395683455	False	False	Ecoli	False	True	False	False	umpire	manual	min	0.6609640474436812
P76116	P76116		yncE		4169460.0	4133140.0	4068960.0	4189490.0	4228040.0	4055610.0	0	0.5097629370273465	-0.014898192731680913	False	0.030335731414868106	False	False	Ecoli	False	True	False	False	umpire	manual	min	0.6609640474436812
P0A6F9	P0A6F9		groS		88010700.0	89275700.0	88397700.0	83625800.0	88445800.0	87103000.0	0	0.509829157362359	0.02155099647036901	False	0.03036570743405276	False	False	Ecoli	False	True	False	False	umpire	manual	min	0.6609640474436812
P69776	P69776		lpp		39565000.0	38994100.0	39079800.0	39201200.0	39372800.0	37996300.0	0	0.5098964098594629	-0.013532071762745663	False	0.030395683453237413	False	False	Ecoli	False	True	False	False	umpire	manual	min	0.6609640474436812
P27306	P27306		sthA		1079970.0	1065530.0	1044850.0	1001360.0	1040460.0	1002290.0	0	0.5102988931238526	0.028288046111026487	False	0.030425659472422064	False	False	Ecoli	False	True	False	False	umpire	manual	min	0.6609640474436812
P0C093	P0C093		slmA		3436390.0	3324070.0	3342200.0	3394100.0	3340460.0	3399840.0	0	0.5104611971171208	0.011911159855303884	False	0.03045563549160672	False	False	Ecoli	False	True	False	False	umpire	manual	min	0.6609640474436812
P0AFX7	P0AFX7		rseA		1854940.0	1626320.0	1810320.0	1827950.0	1728810.0	1721630.0	0	0.5111364398242187	-0.0448241865881012	False	0.030485611510791367	False	False	Ecoli	False	True	False	False	umpire	manual	min	0.6609640474436812
P25534	P25534		ubiH		933536.0	940955.0	785962.0	826549.0	976859.0	858313.0	0	0.5115843776513619	0.0777808623385821	False	0.03051558752997602	False	False	Ecoli	False	True	False	False	umpire	manual	min	0.6609640474436812
P0A8W2	P0A8W2		slyA		8844630.0	8324970.0	8424460.0	7926020.0	8476240.0	8218930.0	0	0.5131580832621988	0.032283193717315736	False	0.030545563549160673	False	False	Ecoli	False	True	False	False	umpire	manual	min	0.6609640474436812
P0A8M6	P0A8M6		yeeX		12153100.0	12256100.0	11846600.0	11273100.0	12042300.0	11475700.0	0	0.5135629833334663	0.029359767663548118	False	0.030575539568345324	False	False	Ecoli	False	True	False	False	umpire	manual	min	0.6609640474436812
P0A6Z6	P0A6Z6		nikR		2206450.0	2019390.0	2149820.0	2060180.0	2252570.0	2067980.0	0	0.5154166680921618	-0.03817208332018416	False	0.03060551558752998	False	False	Ecoli	False	True	False	False	umpire	manual	min	0.6609640474436812
P0AEY3	P0AEY3		mazG		1588940.0	1526880.0	1529810.0	1441860.0	1558780.0	1507210.0	0	0.5162513382556655	0.02918436738318514	False	0.03063549160671463	False	False	Ecoli	False	True	False	False	umpire	manual	min	0.6609640474436812
P0A7N9	P0A7N9		rpmG		120798000.0	120203000.0	121746000.0	121831000.0	119759000.0	120733000.0	0	0.5172804966471383	-0.006375111965248259	False	0.030665467625899286	False	False	Ecoli	False	True	False	False	umpire	manual	min	0.6609640474436812
P25736	P25736		endA		1124650.0	1057150.0	1124190.0	1047570.0	1135650.0	1047660.0	0	0.5193819730322151	-0.03440894780482636	False	0.030695443645083934	False	False	Ecoli	False	True	False	False	umpire	manual	min	0.6609640474436812
P11349	P11349		narH		3658070.0	3816830.0	3803020.0	3732220.0	3766200.0	3714720.0	0	0.5203413649906157	-0.014345565633341655	False	0.030725419664268585	False	False	Ecoli	False	True	False	False	umpire	manual	min	0.6609640474436812
P07395	P07395		pheT		14811800.0	14691200.0	14652200.0	14539900.0	14674800.0	14550400.0	0	0.5215205486915181	0.006120612161013853	False	0.03075539568345324	False	False	Ecoli	False	True	False	False	umpire	manual	min	0.6609640474436812
P0AC84	P0AC84		gloB		913859.0	1077200.0	781429.0	929071.0	1076860.0	1006150.0	0	0.5230992483460186	0.10472034371946218	False	0.03078537170263789	False	False	Ecoli	False	True	False	False	umpire	manual	min	0.6609640474436812
P0A6K3	P0A6K3		def		13949500.0	14126200.0	14043600.0	14041000.0	14168000.0	14038000.0	0	0.523109359977072	-0.004750487392230357	False	0.030815347721822546	False	False	Ecoli	False	True	False	False	umpire	manual	min	0.6609640474436812
P0AFX9	P0AFX9		rseB		2842750.0	2716070.0	2836010.0	2760850.0	2687070.0	2854300.0	0	0.5238012948817656	0.022325559516180923	False	0.030845323741007197	False	False	Ecoli	False	True	False	False	umpire	manual	min	0.6609640474436812
P0AFH8	P0AFH8		osmY		25402200.0	26104200.0	26123400.0	25501400.0	25753500.0	25157200.0	0	0.5244193520577541	-0.013387286762546463	False	0.030875299760191845	False	False	Ecoli	False	True	False	False	umpire	manual	min	0.6609640474436812
P0AEG4	P0AEG4		dsbA		5226200.0	5376670.0	5433690.0	5293100.0	5175740.0	5045640.0	0	0.5257896365476765	-0.023231013168048625	False	0.0309052757793765	False	False	Ecoli	False	True	False	False	umpire	manual	min	0.6609640474436812
P0AB83	P0AB83		nth		1371440.0	1288430.0	1234580.0	1261370.0	1363600.0	1298900.0	0	0.5274030223108949	0.036619603021941886	False	0.03093525179856115	False	False	Ecoli	False	True	False	False	umpire	manual	min	0.6609640474436812
P77398	P77398		arnA		48394600.0	47180700.0	45409000.0	49897500.0	48877200.0	45155400.0	0	0.5293036435288213	-0.03497099408836695	False	0.030965227817745807	False	False	Ecoli	False	True	False	False	umpire	manual	min	0.6609640474436812
P33219	P33219		yebF		479193.0	410454.0	476972.0	491429.0	469937.0	491325.0	0	0.5305234789261067	-0.05871867107126882	False	0.030995203836930458	False	False	Ecoli	False	True	False	False	umpire	manual	min	0.6609640474436812
P0AB10	P0AB10		ymbA		576539.0	535454.0	549338.0	546002.0	561672.0	485199.0	0	0.5307764705559106	-0.05304629957965744	False	0.03102517985611511	False	False	Ecoli	False	True	False	False	umpire	manual	min	0.6609640474436812
P0AFI7	P0AFI7		pdxH		7713940.0	7732530.0	7890510.0	7754410.0	7727050.0	7804120.0	0	0.5312803512785441	-0.00751201648758744	False	0.031055155875299764	False	False	Ecoli	False	True	False	False	umpire	manual	min	0.6609640474436812
P31808	P31808		yciK		3183530.0	3321150.0	3269020.0	3318220.0	3185950.0	3121900.0	0	0.5315394125237101	-0.021806191186578436	False	0.031085131894484412	False	False	Ecoli	False	True	False	False	umpire	manual	min	0.6609640474436812
P06136	P06136		ftsQ		596498.0	611284.0	605921.0	562743.0	605910.0	599634.0	0	0.5323741659461578	0.02645586295864077	False	0.031115107913669067	False	False	Ecoli	False	True	False	False	umpire	manual	min	0.6609640474436812
P60595	P60595		hisH		1324840.0	1996990.0	1347180.0	1496520.0	1699050.0	1683130.0	0	0.5325866577908691	0.13979262687319918	False	0.03114508393285372	False	False	Ecoli	False	True	False	False	umpire	manual	min	0.6609640474436812
P0AAB8	P0AAB8		uspD		2392430.0	2484020.0	2489720.0	2488740.0	2363630.0	2639910.0	0	0.5336685956317399	0.03384336781608256	False	0.03117505995203837	False	False	Ecoli	False	True	False	False	umpire	manual	min	0.6609640474436812
P76046	P76046		ycjX		324770.0	282000.0	330912.0	280011.0	313389.0	273067.0	0	0.5348566316066395	-0.0711436406645665	False	0.031205035971223025	False	False	Ecoli	False	True	False	False	umpire	manual	min	0.6609640474436812
P0A8Y1	P0A8Y1		yjjG		907967.0	968800.0	986325.0	980535.0	999518.0	1018250.0	0	0.535156057937637	-0.03513062946327271	False	0.031235011990407676	False	False	Ecoli	False	True	False	False	umpire	manual	min	0.6609640474436812
P40719	P40719		qseC		359548.0	333990.0	375832.0	323251.0	324175.0	372447.0	0	0.5355334696718227	0.059017191314249505	False	0.03126498800959233	False	False	Ecoli	False	True	False	False	umpire	manual	min	0.6609640474436812
P30744	P30744		sdaB		6091910.0	5605110.0	5917330.0	6143000.0	5853830.0	5874250.0	0	0.5355458913374636	-0.027881927865986228	False	0.03129496402877698	False	False	Ecoli	False	True	False	False	umpire	manual	min	0.6609640474436812
P0A944	P0A944		rimI		712898.0	655273.0	770774.0	676099.0	706893.0	715777.0	0	0.5367807927622656	-0.047542235033552885	False	0.03132494004796163	False	False	Ecoli	False	True	False	False	umpire	manual	min	0.6609640474436812
P0A908	P0A908		mipA		2048160.0	2060690.0	1941110.0	2135310.0	2082410.0	2205870.0	0	0.5371524085415931	0.03606245860082266	False	0.031354916067146285	False	False	Ecoli	False	True	False	False	umpire	manual	min	0.6609640474436812
P0ABI8	P0ABI8		cyoB		2067500.0	2106330.0	2145640.0	2287710.0	2122960.0	2236100.0	0	0.5378308950036442	-0.032575468660419264	False	0.03138489208633093	False	False	Ecoli	False	True	False	False	umpire	manual	min	0.6609640474436812
P0A867	P0A867		talA		4753650.0	4724850.0	4705720.0	4755690.0	4671830.0	4711410.0	0	0.5398321657485138	0.0057732022793166035	False	0.03141486810551559	False	False	Ecoli	False	True	False	False	umpire	manual	min	0.6609640474436812
P0AF98	P0AF98		lptF		887107.0	887714.0	885101.0	923753.0	995967.0	950963.0	0	0.5398957308966555	-0.04123746004550466	False	0.03144484412470024	False	False	Ecoli	False	True	False	False	umpire	manual	min	0.6609640474436812
P0A7E3	P0A7E3		pyrE		5340660.0	5269390.0	5409360.0	5342820.0	5286960.0	5342320.0	0	0.5406803926040058	-0.007826011067744514	False	0.03147482014388489	False	False	Ecoli	False	True	False	False	umpire	manual	min	0.6609640474436812
P39321	P39321		tamB		953030.0	938956.0	932692.0	951081.0	953543.0	923742.0	0	0.5407037091258576	-0.011018860615273025	False	0.031504796163069546	False	False	Ecoli	False	True	False	False	umpire	manual	min	0.6609640474436812
P0A8J4	P0A8J4		ybeD		12163300.0	12304800.0	12363300.0	12382900.0	12181800.0	13115100.0	0	0.5407071086576352	0.025372780333179586	False	0.0315347721822542	False	False	Ecoli	False	True	False	False	umpire	manual	min	0.6609640474436812
P76506	P76506		mlaA		8045010.0	8190780.0	8213290.0	8133750.0	8167150.0	8172600.0	0	0.5421676591735157	-0.006239955999047476	False	0.031564748201438855	False	False	Ecoli	False	True	False	False	umpire	manual	min	0.6609640474436812
P0A763	P0A763		ndk		19203200.0	19348700.0	19109500.0	19453700.0	19519200.0	19247400.0	0	0.5426434299804049	-0.0070490470646467135	False	0.0315947242206235	False	False	Ecoli	False	True	False	False	umpire	manual	min	0.6609640474436812
P0A809	P0A809		ruvA		721161.0	625378.0	711508.0	665945.0	662957.0	618026.0	0	0.5432355145317719	-0.0546491745883693	False	0.03162470023980815	False	False	Ecoli	False	True	False	False	umpire	manual	min	0.6609640474436812
P76055	P76055		ttcA		1916880.0	1936780.0	1973510.0	1848550.0	1950870.0	1811030.0	0	0.5461027714822257	-0.027306725208027818	False	0.031654676258992806	False	False	Ecoli	False	True	False	False	umpire	manual	min	0.6609640474436812
P00962	P00962		glnS		11033100.0	10620700.0	11050000.0	10714100.0	10907700.0	10702000.0	0	0.5468265974758908	-0.01402159149414764	False	0.03168465227817746	False	False	Ecoli	False	True	False	False	umpire	manual	min	0.6609640474436812
P69786	P69786		ptsG		5307750.0	5499760.0	5383880.0	5385310.0	5322480.0	5406580.0	0	0.547971334345473	0.010933998908555249	False	0.031714628297362116	False	False	Ecoli	False	True	False	False	umpire	manual	min	0.6609640474436812
P0ABF1	P0ABF1		pcnB		2453900.0	2486570.0	2554630.0	2428530.0	2434770.0	2592830.0	0	0.5479867205655633	0.022265329409598602	False	0.031744604316546764	False	False	Ecoli	False	True	False	False	umpire	manual	min	0.6609640474436812
P0AC92	P0AC92		gnsA		5204920.0	5148700.0	5193480.0	5238380.0	5184630.0	5491700.0	0	0.5485579704661456	0.02098656928863444	False	0.03177458033573141	False	False	Ecoli	False	True	False	False	umpire	manual	min	0.6609640474436812
P0A8R9	P0A8R9		hdfR		1215100.0	1190630.0	1130360.0	1229250.0	1200130.0	1217960.0	0	0.5485780247900747	0.025687668785853112	False	0.031804556354916066	False	False	Ecoli	False	True	False	False	umpire	manual	min	0.6609640474436812
P77475	P77475		yqaB		2013890.0	2106280.0	2125080.0	2041340.0	2238430.0	2147180.0	0	0.5492837500559493	-0.031309220758723826	False	0.03183453237410072	False	False	Ecoli	False	True	False	False	umpire	manual	min	0.6609640474436812
P61949	P61949		fldA		3595160.0	3489550.0	3639040.0	3530240.0	3518720.0	3503910.0	0	0.5493254885135666	-0.013477335765046627	False	0.031864508393285376	False	False	Ecoli	False	True	False	False	umpire	manual	min	0.6609640474436812
P0A847	P0A847		tgt		3358100.0	3262100.0	3271780.0	3187760.0	3312940.0	3250250.0	0	0.5512288548649131	0.014391132601198673	False	0.031894484412470024	False	False	Ecoli	False	True	False	False	umpire	manual	min	0.6609640474436812
P0AD10	P0AD10		yecJ		3287880.0	3068250.0	3311340.0	3163720.0	3136110.0	3079030.0	0	0.5516662041864876	-0.026665082766709227	False	0.03192446043165468	False	False	Ecoli	False	True	False	False	umpire	manual	min	0.6609640474436812
Q46829	Q46829		bglA		12642900.0	12222700.0	12538100.0	12242900.0	12219100.0	12444500.0	0	0.5519274433755823	0.012037057015859663	False	0.031954436450839334	False	False	Ecoli	False	True	False	False	umpire	manual	min	0.6609640474436812
P0A8Z0	P0A8Z0		yciA		2072610.0	2113570.0	2064680.0	1984500.0	2167980.0	2147690.0	0	0.5521464394877453	0.026831549533152203	False	0.03198441247002398	False	False	Ecoli	False	True	False	False	umpire	manual	min	0.6609640474436812
P0A6L2	P0A6L2		dapA		23100700.0	23024300.0	23326900.0	23011900.0	22914100.0	22837200.0	0	0.552343142843339	-0.006068686660130958	False	0.03201438848920864	False	False	Ecoli	False	True	False	False	umpire	manual	min	0.6609640474436812
P75883	P75883		gfcC		1389810.0	1370260.0	1314590.0	1238190.0	1287600.0	1206880.0	0	0.5530913689117553	0.04678114308535845	False	0.032044364508393285	False	False	Ecoli	False	True	False	False	umpire	manual	min	0.6609640474436812
P45469	P45469		yraR		964844.0	978514.0	974641.0	915879.0	883640.0	900284.0	0	0.5547011334765064	0.035688850789227636	False	0.03207434052757794	False	False	Ecoli	False	True	False	False	umpire	manual	min	0.6609640474436812
P29208	P29208		menC		2995390.0	2927760.0	2922810.0	2841130.0	2958440.0	2889140.0	0	0.5554115969955724	0.014795128501314769	False	0.032104316546762594	False	False	Ecoli	False	True	False	False	umpire	manual	min	0.6609640474436812
P0A9L8	P0A9L8		proC		557564.0	442590.0	515305.0	676423.0	498501.0	556740.0	0	0.5557945920404471	-0.11854799979635128	False	0.03213429256594724	False	False	Ecoli	False	True	False	False	umpire	manual	min	0.6609640474436812
P0A6Z3	P0A6Z3		htpG		26946900.0	26701800.0	26770800.0	26655500.0	26899100.0	26871000.0	0	0.5562226672551331	0.0034855371135971767	False	0.0321642685851319	False	False	Ecoli	False	True	False	False	umpire	manual	min	0.6609640474436812
P33011	P33011		yeeA		1863280.0	1866140.0	1773920.0	1894500.0	1826600.0	1839570.0	0	0.5566401555734285	0.019290969948418144	False	0.032194244604316545	False	False	Ecoli	False	True	False	False	umpire	manual	min	0.6609640474436812
P69428	P69428		tatA		24962600.0	24919900.0	25039900.0	25353100.0	24254200.0	23800200.0	0	0.5572182774091904	-0.018762218252191015	False	0.0322242206235012	False	False	Ecoli	False	True	False	False	umpire	manual	min	0.6609640474436812
P76192	P76192		ydhV		1700980.0	1627360.0	1659410.0	1690940.0	1649870.0	1611780.0	0	0.5576326065113817	-0.01744548546469884	False	0.032254196642685855	False	False	Ecoli	False	True	False	False	umpire	manual	min	0.6609640474436812
P68919	P68919		rplY		95462500.0	92913000.0	91786900.0	92802200.0	91294500.0	90531300.0	0	0.5588479971965686	0.015723411291096872	False	0.0322841726618705	False	False	Ecoli	False	True	False	False	umpire	manual	min	0.6609640474436812
P25746	P25746		hflD		3822050.0	3832200.0	3781660.0	3720480.0	3938230.0	3930190.0	0	0.5591339917947888	0.018054593039433846	False	0.03231414868105516	False	False	Ecoli	False	True	False	False	umpire	manual	min	0.6609640474436812
P0ADT2	P0ADT2		ygiB		940972.0	981849.0	924927.0	1017120.0	982567.0	1122300.0	0	0.5594794117727255	0.058253330050851496	False	0.03234412470023981	False	False	Ecoli	False	True	False	False	umpire	manual	min	0.6609640474436812
P64534	P64534		rcnB		2787540.0	2767390.0	2718320.0	2734110.0	2833590.0	2807460.0	0	0.5604311389157328	0.01323602591460611	False	0.03237410071942446	False	False	Ecoli	False	True	False	False	umpire	manual	min	0.6609640474436812
P76576	P76576		yfgM		9834710.0	9727060.0	9781440.0	9244620.0	9828690.0	9685220.0	0	0.5608562760272993	0.019479323674338373	False	0.032404076738609115	False	False	Ecoli	False	True	False	False	umpire	manual	min	0.6609640474436812
P76187	P76187		ydhF		2525610.0	2392950.0	2277130.0	2424130.0	2500170.0	2430750.0	0	0.5612360417819311	0.02932539354482562	False	0.03243405275779376	False	False	Ecoli	False	True	False	False	umpire	manual	min	0.6609640474436812
P07658	P07658		fdhF		916509.0	892336.0	897332.0	937695.0	871012.0	943730.0	0	0.5620349119472338	0.024599241858732388	False	0.03246402877697842	False	False	Ecoli	False	True	False	False	umpire	manual	min	0.6609640474436812
P00935	P00935		metB		704508.0	703601.0	740756.0	602631.0	508649.0	593139.0	0	0.5623371930948144	0.11178781887320732	False	0.03249400479616307	False	False	Ecoli	False	True	False	False	umpire	manual	min	0.6609640474436812
P24215	P24215		uxuA		2554580.0	2715760.0	2585190.0	2553830.0	2599820.0	2574570.0	0	0.5624252819077561	0.019639563799431072	False	0.03252398081534772	False	False	Ecoli	False	True	False	False	umpire	manual	min	0.6609640474436812
P77756	P77756		queC		1605530.0	1486030.0	1547310.0	1421650.0	1455430.0	1447680.0	0	0.5634182320114742	0.03697220738670572	False	0.032553956834532376	False	False	Ecoli	False	True	False	False	umpire	manual	min	0.6609640474436812
P33235	P33235		flgK		2837550.0	2718340.0	2889840.0	2690180.0	2852250.0	2739580.0	0	0.5650389326574922	-0.023597339701804422	False	0.03258393285371703	False	False	Ecoli	False	True	False	False	umpire	manual	min	0.6609640474436812
P16456	P16456		selD		6662650.0	6513020.0	6547130.0	6611080.0	6558280.0	6639660.0	0	0.5656438202823244	0.007214252972939726	False	0.032613908872901685	False	False	Ecoli	False	True	False	False	umpire	manual	min	0.6609640474436812
P06988	P06988		hisD		1221100.0	1343690.0	1207010.0	1317760.0	1428240.0	1246780.0	0	0.5662920006878405	-0.05256623312773993	False	0.03264388489208633	False	False	Ecoli	False	True	False	False	umpire	manual	min	0.6609640474436812
P45395	P45395		kdsD		2415370.0	2503110.0	2554840.0	2247240.0	2359440.0	2429690.0	0	0.5663759741558941	0.037119178161630996	False	0.03267386091127098	False	False	Ecoli	False	True	False	False	umpire	manual	min	0.6609640474436812
P00934	P00934		thrC		4535390.0	4515370.0	4494700.0	4381660.0	4413490.0	4361650.0	0	0.5667800581102048	0.013243668954564974	False	0.032703836930455636	False	False	Ecoli	False	True	False	False	umpire	manual	min	0.6609640474436812
P69346	P69346		yefM		1053580.0	977984.0	1001970.0	1006710.0	1032500.0	941170.0	0	0.5670832804406026	-0.032840831699657826	False	0.03273381294964029	False	False	Ecoli	False	True	False	False	umpire	manual	min	0.6609640474436812
P09148	P09148		galT		2800660.0	2645030.0	2550440.0	2572020.0	2601130.0	2470710.0	0	0.5709385241685817	0.035572928627347594	False	0.032763788968824946	False	False	Ecoli	False	True	False	False	umpire	manual	min	0.6609640474436812
P75913	P75913		ghrA		1032570.0	1045030.0	1008760.0	1013260.0	1006620.0	986789.0	0	0.5709773378880131	0.016929345596014386	False	0.032793764988009594	False	False	Ecoli	False	True	False	False	umpire	manual	min	0.6609640474436812
P0AAU7	P0AAU7		ybfE		1447030.0	1301790.0	1448870.0	1299140.0	1399930.0	1268590.0	0	0.5710321055947027	-0.046129321405024286	False	0.03282374100719424	False	False	Ecoli	False	True	False	False	umpire	manual	min	0.6609640474436812
P0AF63	P0AF63		nsrR		1470230.0	1315010.0	1397490.0	1327390.0	1387400.0	1424540.0	0	0.5712171234994655	0.03380634190569012	False	0.0328537170263789	False	False	Ecoli	False	True	False	False	umpire	manual	min	0.6609640474436812
P00393	P00393		ndh		5416040.0	5462180.0	5459720.0	5329220.0	5463770.0	5465460.0	0	0.5726765023109377	0.008052567084887122	False	0.03288369304556355	False	False	Ecoli	False	True	False	False	umpire	manual	min	0.6609640474436812
P27838	P27838		cyaY		2142100.0	2092410.0	2105590.0	2269050.0	2099060.0	2126590.0	0	0.5737418767955653	-0.02531424399866274	False	0.032913669064748206	False	False	Ecoli	False	True	False	False	umpire	manual	min	0.6609640474436812
P0AAI3	P0AAI3		ftsH		16444200.0	16648700.0	16574900.0	16489300.0	16506600.0	16607300.0	0	0.574100503437191	0.0037611154118389863	False	0.032943645083932854	False	False	Ecoli	False	True	False	False	umpire	manual	min	0.6609640474436812
P0ABT2	P0ABT2		dps		76615300.0	75483100.0	77010500.0	75596600.0	75133800.0	76969600.0	0	0.574196603981059	0.00838252483761944	False	0.03297362110311751	False	False	Ecoli	False	True	False	False	umpire	manual	min	0.6609640474436812
P0AFI2	P0AFI2		parC		3934250.0	3837370.0	3867890.0	3769500.0	4041390.0	3722310.0	0	0.574418330249965	-0.02301740583274152	False	0.033003597122302164	False	False	Ecoli	False	True	False	False	umpire	manual	min	0.6609640474436812
P0A7H6	P0A7H6		recR		940482.0	1047850.0	929038.0	1165620.0	1104720.0	1059880.0	0	0.5746867496987903	-0.06982820973446348	False	0.03303357314148681	False	False	Ecoli	False	True	False	False	umpire	manual	min	0.6609640474436812
P76112	P76112		yncA		1326520.0	1266040.0	1381520.0	1349610.0	1276780.0	1343860.0	0	0.5759330459194787	-0.025965953741347077	False	0.03306354916067147	False	False	Ecoli	False	True	False	False	umpire	manual	min	0.6609640474436812
P25522	P25522		mnmE		4482090.0	4576020.0	4664720.0	4445070.0	4547030.0	4463370.0	0	0.5759887780821406	-0.014368519060965966	False	0.033093525179856115	False	False	Ecoli	False	True	False	False	umpire	manual	min	0.6609640474436812
P0AC86	P0AC86		glgP		1762990.0	1839670.0	1882330.0	1748850.0	1813670.0	1755740.0	0	0.5764281669134365	-0.023090023572434316	False	0.03312350119904077	False	False	Ecoli	False	True	False	False	umpire	manual	min	0.6609640474436812
P66948	P66948		yfgC		1355240.0	1480210.0	1515080.0	1392110.0	1433830.0	1412640.0	0	0.5768688030333533	-0.03121973801701412	False	0.033153477218225424	False	False	Ecoli	False	True	False	False	umpire	manual	min	0.6609640474436812
P25798	P25798		fliF		496668.0	467416.0	550649.0	439654.0	417968.0	528684.0	0	0.5779130385703133	0.0840649799663149	False	0.03318345323741007	False	False	Ecoli	False	True	False	False	umpire	manual	min	0.6609640474436812
P0ACY9	P0ACY9		yebG		825628.0	844031.0	884986.0	803529.0	843805.0	815014.0	0	0.5782735847216092	-0.02740372864935459	False	0.03321342925659473	False	False	Ecoli	False	True	False	False	umpire	manual	min	0.6609640474436812
P0AE91	P0AE91		creA		3081710.0	3307280.0	3244930.0	3376050.0	3286900.0	3348030.0	0	0.5797612714139389	-0.025096090125260796	False	0.033243405275779375	False	False	Ecoli	False	True	False	False	umpire	manual	min	0.6609640474436812
P0A9G8	P0A9G8		modE		3611120.0	3611730.0	3610130.0	3692620.0	3547120.0	3537230.0	0	0.5805186646328285	-0.011988952607321256	False	0.03327338129496403	False	False	Ecoli	False	True	False	False	umpire	manual	min	0.6609640474436812
P52108	P52108		rstA		4578160.0	4430690.0	4614990.0	4394520.0	4582700.0	4429840.0	0	0.5810116281597568	-0.01638753604910659	False	0.033303357314148685	False	False	Ecoli	False	True	False	False	umpire	manual	min	0.6609640474436812
P23871	P23871		hemH		2643430.0	2540960.0	2493110.0	2614870.0	2501610.0	2522910.0	0	0.581026322573677	0.01840682340521613	False	0.03333333333333333	False	False	Ecoli	False	True	False	False	umpire	manual	min	0.6609640474436812
Q46845	Q46845		yghU		564086.0	528147.0	474569.0	542617.0	575797.0	560844.0	0	0.5814708905677287	0.05342305585648866	False	0.03336330935251799	False	False	Ecoli	False	True	False	False	umpire	manual	min	0.6609640474436812
P12758	P12758		udp		27417600.0	28531000.0	27719200.0	27553500.0	28282100.0	28353100.0	0	0.5816450644645854	0.012839014725978194	False	0.03339328537170264	False	False	Ecoli	False	True	False	False	umpire	manual	min	0.6609640474436812
P07001	P07001		pntA		6439980.0	6361890.0	6350590.0	5940130.0	6277060.0	6069480.0	0	0.5827490702308756	0.023396298572542825	False	0.03342326139088729	False	False	Ecoli	False	True	False	False	umpire	manual	min	0.6609640474436812
P77285	P77285		rnfG		1560010.0	1870840.0	2059660.0	2334380.0	1863610.0	2344690.0	0	0.584941553521447	-0.11566512710379209	False	0.033453237410071945	False	False	Ecoli	False	True	False	False	umpire	manual	min	0.6609640474436812
P76034	P76034		yciT		1575880.0	1531910.0	1575430.0	1543020.0	1542150.0	1514030.0	0	0.5851290605833454	-0.012054623512303228	False	0.03348321342925659	False	False	Ecoli	False	True	False	False	umpire	manual	min	0.6609640474436812
P76290	P76290		cmoA		1816590.0	1815430.0	1815540.0	1863830.0	1777250.0	1884830.0	0	0.5864991057362827	0.01583717728408957	False	0.03351318944844125	False	False	Ecoli	False	True	False	False	umpire	manual	min	0.6609640474436812
P24202	P24202		mrr		2119690.0	2200280.0	2168520.0	2360430.0	2217600.0	2292160.0	0	0.5883970954950777	-0.029034846694092703	False	0.0335431654676259	False	False	Ecoli	False	True	False	False	umpire	manual	min	0.6609640474436812
P76049	P76049		ycjY		2073960.0	2195520.0	2258800.0	2181210.0	2204920.0	2264700.0	0	0.588670447462896	-0.024247803837387026	False	0.03357314148681055	False	False	Ecoli	False	True	False	False	umpire	manual	min	0.6609640474436812
P0ABZ1	P0ABZ1		fliG		2584200.0	2659120.0	2549690.0	2547070.0	2576980.0	2512120.0	0	0.5900112354521461	0.01527874928986614	False	0.033603117505995206	False	False	Ecoli	False	True	False	False	umpire	manual	min	0.6609640474436812
P0AFB8	P0AFB8		glnG		3401230.0	3299730.0	3195700.0	3299020.0	3379340.0	3287080.0	0	0.5902162474806809	0.016558187285820623	False	0.033633093525179854	False	False	Ecoli	False	True	False	False	umpire	manual	min	0.6609640474436812
P00350	P00350		gnd		36558800.0	36605800.0	37034600.0	36754400.0	36444300.0	36737400.0	0	0.5903144137820412	-0.004342467817806281	False	0.03366306954436451	False	False	Ecoli	False	True	False	False	umpire	manual	min	0.6609640474436812
P30178	P30178		ybiC		1940810.0	1910470.0	1890650.0	1999370.0	1918510.0	1892640.0	0	0.5910114129527482	-0.016137442442326774	False	0.033693045563549164	False	False	Ecoli	False	True	False	False	umpire	manual	min	0.6609640474436812
P0A6E1	P0A6E1		aroL		83907.7	99195.8	190465.0	99258.3	100838.0	144767.0	2	0.591558931876852	-0.25242290057567135	False	0.03372302158273381	False	False	Ecoli	False	True	False	False	umpire	manual	min	0.6609640474436812
P69490	P69490		ccmE		586919.0	499933.0	542738.0	574980.0	554236.0	535779.0	0	0.5917989931788825	-0.043200199360128796	False	0.033752997601918466	False	False	Ecoli	False	True	False	False	umpire	manual	min	0.6609640474436812
P64612	P64612		yhcM		537558.0	541768.0	506981.0	591243.0	553026.0	649464.0	0	0.5927457750079065	0.06620407074764155	False	0.03378297362110312	False	False	Ecoli	False	True	False	False	umpire	manual	min	0.6609640474436812
P52061	P52061		rdgB		7529460.0	7147750.0	7183070.0	7698210.0	6836100.0	7544400.0	0	0.5932112613724705	0.033113280753684644	False	0.033812949640287776	False	False	Ecoli	False	True	False	False	umpire	manual	min	0.6609640474436812
P0ACZ2	P0ACZ2		etp		2235910.0	2266490.0	2205440.0	2297120.0	2311670.0	2439830.0	0	0.5933038111918666	0.026848519867217476	False	0.033842925659472424	False	False	Ecoli	False	True	False	False	umpire	manual	min	0.6609640474436812
P77748	P77748		ydiJ		1136220.0	961705.0	1027250.0	1034400.0	1134380.0	983920.0	0	0.5941826402683945	-0.052486646413150206	False	0.03387290167865707	False	False	Ecoli	False	True	False	False	umpire	manual	min	0.6609640474436812
P67095	P67095		yfcE		1021880.0	995626.0	1022730.0	970705.0	1155550.0	1027260.0	0	0.5943404240934744	-0.048555528632578025	False	0.03390287769784173	False	False	Ecoli	False	True	False	False	umpire	manual	min	0.6609640474436812
P62620	P62620		ispG		6155540.0	6162250.0	6147280.0	6128300.0	6223590.0	6124710.0	0	0.5947797402024075	-0.004426307316373071	False	0.03393285371702638	False	False	Ecoli	False	True	False	False	umpire	manual	min	0.6609640474436812
P0ADQ2	P0ADQ2		yiiD		5545430.0	5483200.0	6245670.0	99258.3	5910870.0	4983200.0	1	0.5949065522805516	0.38567374421606254	False	0.033962829736211037	False	False	Ecoli	False	True	False	False	umpire	manual	min	0.6609640474436812
P0A978	P0A978		cspG		8639840.0	9458210.0	9155480.0	9105010.0	9669560.0	9294770.0	0	0.5954100001809624	-0.028020361953465127	False	0.033992805755395684	False	False	Ecoli	False	True	False	False	umpire	manual	min	0.6609640474436812
P0AFK9	P0AFK9		potD		7412790.0	7540700.0	7609740.0	7510520.0	7606690.0	7642040.0	0	0.5961792853044707	-0.00836668750971237	False	0.03402278177458033	False	False	Ecoli	False	True	False	False	umpire	manual	min	0.6609640474436812
P0AFH0	P0AFH0		ogt		83907.7	382551.0	244299.0	219506.0	388079.0	209019.0	1	0.5988602733799369	-0.334748852135262	False	0.03405275779376499	False	False	Ecoli	False	True	False	False	umpire	manual	min	0.6609640474436812
P0ADE6	P0ADE6		ygaU		600720.0	667023.0	640285.0	553570.0	653946.0	644208.0	0	0.5996696056732325	0.04923615677079187	False	0.03408273381294964	False	False	Ecoli	False	True	False	False	umpire	manual	min	0.6609640474436812
P0AEU0	P0AEU0		hisJ		3673450.0	3577020.0	3512470.0	3390360.0	3722130.0	3559180.0	0	0.5998710800904848	0.02486240164349539	False	0.0341127098321343	False	False	Ecoli	False	True	False	False	umpire	manual	min	0.6609640474436812
P0A7Z4	P0A7Z4		rpoA		84639700.0	85095800.0	85239300.0	84059700.0	85974700.0	84483200.0	0	0.6004277058663685	-0.005974752296693621	False	0.034142685851318945	False	False	Ecoli	False	True	False	False	umpire	manual	min	0.6609640474436812
P0A9R4	P0A9R4		fdx		8344540.0	8420420.0	8106060.0	8736130.0	8212040.0	8672220.0	0	0.6005104405868305	0.02188454075245475	False	0.0341726618705036	False	False	Ecoli	False	True	False	False	umpire	manual	min	0.6609640474436812
P46853	P46853		yhhX		7150770.0	7301420.0	7210800.0	7247790.0	7262050.0	7405560.0	0	0.6023046209993628	0.009078287186251435	False	0.034202637889688255	False	False	Ecoli	False	True	False	False	umpire	manual	min	0.6609640474436812
P45771	P45771		yrdD		2303130.0	2496090.0	2351080.0	2157000.0	2213130.0	2130490.0	0	0.602839617318421	0.04407399797771182	False	0.0342326139088729	False	False	Ecoli	False	True	False	False	umpire	manual	min	0.6609640474436812
P15034	P15034		pepP		3740210.0	3684230.0	3601710.0	3654930.0	3714620.0	3625470.0	0	0.6028952686441947	0.010305396801151178	False	0.03426258992805756	False	False	Ecoli	False	True	False	False	umpire	manual	min	0.6609640474436812
P24554	P24554		radA		1341850.0	1343370.0	1388670.0	1190690.0	1334900.0	1337520.0	0	0.6030154100851516	0.039438907471599186	False	0.034292565947242205	False	False	Ecoli	False	True	False	False	umpire	manual	min	0.6609640474436812
P15047	P15047		entA		183863.0	93969.5	219958.0	129465.0	246966.0	228729.0	0	0.6040527487520126	-0.23551621569508288	False	0.03432254196642686	False	False	Ecoli	False	True	False	False	umpire	manual	min	0.6609640474436812
P16528	P16528		iclR		1698590.0	1670150.0	1676560.0	1729910.0	1616770.0	1716460.0	0	0.6048437532333925	0.017686310498194576	False	0.034352517985611515	False	False	Ecoli	False	True	False	False	umpire	manual	min	0.6609640474436812
P0AB67	P0AB67		pntB		1681630.0	1880330.0	1740960.0	1785120.0	1705900.0	1778260.0	0	0.6055766957855095	0.02954215162669664	False	0.03438249400479616	False	False	Ecoli	False	True	False	False	umpire	manual	min	0.6609640474436812
P0A8B5	P0A8B5		ybaB		1987110.0	1839360.0	1693410.0	1961440.0	2136250.0	2265650.0	0	0.6059083424562338	0.07310695037842799	False	0.03441247002398082	False	False	Ecoli	False	True	False	False	umpire	manual	min	0.6609640474436812
P27298	P27298		prlC		10467800.0	10452100.0	10435000.0	10386000.0	10451000.0	10182500.0	0	0.6064929724498017	-0.007845580300203096	False	0.03444244604316547	False	False	Ecoli	False	True	False	False	umpire	manual	min	0.6609640474436812
P45475	P45475		yhbV		1194600.0	1357220.0	1185080.0	1261850.0	1360090.0	1385820.0	0	0.6079668071592387	0.04866906936125681	False	0.03447242206235012	False	False	Ecoli	False	True	False	False	umpire	manual	min	0.6609640474436812
P0AGJ2	P0AGJ2		trmH		1608190.0	1617920.0	1701890.0	1609970.0	1569320.0	1583230.0	0	0.6081940476761588	-0.021391031752204238	False	0.034502398081534776	False	False	Ecoli	False	True	False	False	umpire	manual	min	0.6609640474436812
P0A6P9	P0A6P9		eno		168771000.0	168156000.0	170125000.0	164626000.0	168043000.0	168765000.0	0	0.6089624875644086	0.00829152162109752	False	0.034532374100719423	False	False	Ecoli	False	True	False	False	umpire	manual	min	0.6609640474436812
P0ADA7	P0ADA7		osmB		2533270.0	2392520.0	2680230.0	2110570.0	2486850.0	1948290.0	0	0.6094141526585303	-0.0823060283336885	False	0.03456235011990408	False	False	Ecoli	False	True	False	False	umpire	manual	min	0.6609640474436812
P30859	P30859		artI		7896640.0	8048700.0	8109410.0	7853800.0	8196950.0	8020740.0	0	0.6099845174541917	-0.011636054319254192	False	0.03459232613908873	False	False	Ecoli	False	True	False	False	umpire	manual	min	0.6609640474436812
P00968	P00968		carB		4557560.0	4621550.0	4623550.0	4526110.0	4612480.0	4508590.0	0	0.6102371306103582	-0.007824780188861012	False	0.03462230215827338	False	False	Ecoli	False	True	False	False	umpire	manual	min	0.6609640474436812
P39160	P39160		uxuB		1418130.0	1325010.0	1462990.0	1263640.0	1361310.0	1462330.0	0	0.6105132832414172	0.04089302241178222	False	0.034652278177458036	False	False	Ecoli	False	True	False	False	umpire	manual	min	0.6609640474436812
P62623	P62623		ispH		1235740.0	1164790.0	1179200.0	1166120.0	1249740.0	1126230.0	0	0.6117222497105488	-0.02767244674506836	False	0.034682254196642684	False	False	Ecoli	False	True	False	False	umpire	manual	min	0.6609640474436812
P04951	P04951		kdsB		6211450.0	6277300.0	6263180.0	6234590.0	6520110.0	6358340.0	0	0.6118872775199804	-0.01301464424829476	False	0.03471223021582734	False	False	Ecoli	False	True	False	False	umpire	manual	min	0.6609640474436812
P00562	P00562		metL		2773200.0	2770240.0	2765480.0	2914480.0	2746800.0	2788580.0	0	0.6127617581160235	-0.01631173441337006	False	0.034742206235011994	False	False	Ecoli	False	True	False	False	umpire	manual	min	0.6609640474436812
P0ACP1	P0ACP1		cra		103138000.0	104763000.0	103024000.0	103611000.0	103674000.0	99801300.0	0	0.6134605901572449	-0.012170312953175274	False	0.03477218225419664	False	False	Ecoli	False	True	False	False	umpire	manual	min	0.6609640474436812
P0AG90	P0AG90		secD		6695640.0	6844650.0	6757900.0	6995860.0	6852290.0	6911410.0	0	0.6137715671886349	-0.010847210506566736	False	0.034802158273381296	False	False	Ecoli	False	True	False	False	umpire	manual	min	0.6609640474436812
P0AFK0	P0AFK0		pmbA		4374320.0	4375640.0	4403470.0	4532730.0	4370970.0	4461690.0	0	0.6142977510084477	-0.010393134105142558	False	0.03483213429256595	False	False	Ecoli	False	True	False	False	umpire	manual	min	0.6609640474436812
P0C037	P0C037		yaiE		8491920.0	8933290.0	8361950.0	8922280.0	8475910.0	8686210.0	0	0.6146276709644936	0.019540482744613247	False	0.034862110311750606	False	False	Ecoli	False	True	False	False	umpire	manual	min	0.6609640474436812
P0ADR8	P0ADR8		ygdH		8663480.0	8813100.0	8791900.0	8849690.0	8887440.0	8917970.0	0	0.6159506405672072	-0.007331856486998078	False	0.034892086330935254	False	False	Ecoli	False	True	False	False	umpire	manual	min	0.6609640474436812
P24193	P24193		hypE		2857390.0	2826630.0	2845600.0	2765580.0	2838100.0	2643840.0	0	0.6162722062263795	-0.020882592660892943	False	0.0349220623501199	False	False	Ecoli	False	True	False	False	umpire	manual	min	0.6609640474436812
P45464	P45464		lpoA		3803240.0	3850230.0	3844660.0	3835620.0	3811300.0	3878830.0	0	0.6165720905065021	0.005103101937381024	False	0.03495203836930456	False	False	Ecoli	False	True	False	False	umpire	manual	min	0.6609640474436812
P07821	P07821		fhuC		606719.0	544442.0	638438.0	548263.0	584756.0	568512.0	0	0.619999647156662	-0.04280218714607241	False	0.03498201438848921	False	False	Ecoli	False	True	False	False	umpire	manual	min	0.6609640474436812
P0A7F3	P0A7F3		pyrI		2054720.0	1959070.0	2111420.0	1940410.0	1992440.0	2151340.0	0	0.6203922297270783	0.02856320838397968	False	0.03501199040767387	False	False	Ecoli	False	True	False	False	umpire	manual	min	0.6609640474436812
P63020	P63020		nfuA		8171270.0	7964900.0	7773390.0	8085780.0	7905500.0	7840950.0	0	0.6206941619103942	0.012840012266051484	False	0.035041966426858515	False	False	Ecoli	False	True	False	False	umpire	manual	min	0.6609640474436812
P75864	P75864		rlmL		1720210.0	1628180.0	1643690.0	1759330.0	1642990.0	1798520.0	0	0.6210525996851635	0.028563490084428173	False	0.03507194244604316	False	False	Ecoli	False	True	False	False	umpire	manual	min	0.6609640474436812
P23839	P23839		yicC		6045700.0	6045310.0	6053060.0	5874660.0	6085270.0	6035510.0	0	0.6219524799608226	0.00906430146876584	False	0.03510191846522782	False	False	Ecoli	False	True	False	False	umpire	manual	min	0.6609640474436812
P0AEC3	P0AEC3		arcB		865102.0	889583.0	801398.0	773685.0	869873.0	766293.0	0	0.6224836558991564	0.04417502584707481	False	0.03513189448441247	False	False	Ecoli	False	True	False	False	umpire	manual	min	0.6609640474436812
P0AFG3	P0AFG3		sucA		8846230.0	8741200.0	8649250.0	8852980.0	8803220.0	8831920.0	0	0.6225625894291471	0.0062332420712004595	False	0.03516187050359713	False	False	Ecoli	False	True	False	False	umpire	manual	min	0.6609640474436812
P10408	P10408		secA		7414640.0	7394200.0	7349990.0	7439160.0	7457990.0	7379770.0	0	0.6237501649611379	-0.003800588021016954	False	0.035191846522781775	False	False	Ecoli	False	True	False	False	umpire	manual	min	0.6609640474436812
P00448	P00448		sodA		3629880.0	3509690.0	3587410.0	3603200.0	3474090.0	3613160.0	0	0.6243808080206423	0.011859607770773047	False	0.03522182254196643	False	False	Ecoli	False	True	False	False	umpire	manual	min	0.6609640474436812
P0AD44	P0AD44		yfhG		901806.0	904968.0	850473.0	875192.0	936947.0	900039.0	0	0.6246891401354028	0.0237530104236631	False	0.035251798561151085	False	False	Ecoli	False	True	False	False	umpire	manual	min	0.6609640474436812
P37685	P37685		aldB		1233240.0	1246810.0	1300970.0	1196900.0	1156870.0	1053640.0	0	0.6252788831857954	-0.04859329365182519	False	0.03528177458033573	False	False	Ecoli	False	True	False	False	umpire	manual	min	0.6609640474436812
P06992	P06992		rsmA		2387450.0	2209270.0	2268920.0	2169970.0	2128970.0	2116850.0	0	0.6253039549672625	0.03165676120416357	False	0.03531175059952039	False	False	Ecoli	False	True	False	False	umpire	manual	min	0.6609640474436812
P39280	P39280		epmB		2248010.0	2370060.0	2360840.0	2292580.0	2379960.0	2342840.0	0	0.626424328665115	-0.014942243476367929	False	0.035341726618705036	False	False	Ecoli	False	True	False	False	umpire	manual	min	0.6609640474436812
P76569	P76569		yfgD		2328120.0	2468480.0	2333360.0	1951510.0	2434460.0	2192950.0	0	0.6265979607619209	0.056882189545429	False	0.03537170263788969	False	False	Ecoli	False	True	False	False	umpire	manual	min	0.6609640474436812
P28304	P28304		qorA		4454210.0	4725610.0	4552280.0	4550880.0	4702230.0	4460170.0	0	0.6267688543563548	-0.017389057732226838	False	0.035401678657074345	False	False	Ecoli	False	True	False	False	umpire	manual	min	0.6609640474436812
P0A8D6	P0A8D6		ymdB		1239440.0	1158230.0	1216590.0	1169700.0	1196490.0	1124880.0	0	0.626795871499282	-0.024459273150787556	False	0.03543165467625899	False	False	Ecoli	False	True	False	False	umpire	manual	min	0.6609640474436812
P25888	P25888		rhlE		2567070.0	2349440.0	2484910.0	2332740.0	2439860.0	2464050.0	0	0.6268091173710373	0.024255630208525843	False	0.03546163069544365	False	False	Ecoli	False	True	False	False	umpire	manual	min	0.6609640474436812
P06971	P06971		fhuA		13845500.0	14130500.0	13875800.0	14001200.0	14015700.0	14075100.0	0	0.6274491216463591	0.005444670498828645	False	0.035491606714628296	False	False	Ecoli	False	True	False	False	umpire	manual	min	0.6609640474436812
P0AE52	P0AE52		bcp		17770700.0	17175400.0	16746400.0	16909300.0	17245600.0	16570000.0	0	0.6279619615222446	0.017320876437758828	False	0.03552158273381295	False	False	Ecoli	False	True	False	False	umpire	manual	min	0.6609640474436812
P39177	P39177		uspG		25767300.0	26164400.0	26796700.0	25661600.0	25455000.0	26794000.0	0	0.6283096766162357	0.014965059281943137	False	0.035551558752997606	False	False	Ecoli	False	True	False	False	umpire	manual	min	0.6609640474436812
P0ADZ4	P0ADZ4		rpsO		90100600.0	89727500.0	90365400.0	87866500.0	90898600.0	87283300.0	0	0.6284902348654341	-0.010864348060445433	False	0.035581534772182254	False	False	Ecoli	False	True	False	False	umpire	manual	min	0.6609640474436812
P0AEY5	P0AEY5		mdaB		1742830.0	1674270.0	1845700.0	1940140.0	1819470.0	2010140.0	0	0.630196017040494	-0.046575455011304875	False	0.03561151079136691	False	False	Ecoli	False	True	False	False	umpire	manual	min	0.6609640474436812
P0ACB2	P0ACB2		hemB		12370500.0	12673800.0	12604500.0	12652600.0	12470400.0	12520300.0	0	0.6314770019899796	-0.006242763553349946	False	0.03564148681055156	False	False	Ecoli	False	True	False	False	umpire	manual	min	0.6609640474436812
P12994	P12994		ybhB		652657.0	597908.0	619451.0	710448.0	609826.0	631929.0	0	0.6319232958080516	-0.043206865517423365	False	0.03567146282973621	False	False	Ecoli	False	True	False	False	umpire	manual	min	0.6609640474436812
P0ABA4	P0ABA4		atpH		17387500.0	17290800.0	17044500.0	17691500.0	17414300.0	17876200.0	0	0.6325376793087927	0.011138748792604937	False	0.035701438848920866	False	False	Ecoli	False	True	False	False	umpire	manual	min	0.6609640474436812
P0A8B2	P0A8B2		yfcN		1623860.0	1533280.0	1492380.0	1599730.0	1670070.0	1507110.0	0	0.6330347403190738	-0.029977034469873837	False	0.035731414868105514	False	False	Ecoli	False	True	False	False	umpire	manual	min	0.6609640474436812
P76014	P76014		dhaL		6730040.0	6339440.0	6880910.0	6164060.0	6270020.0	6646670.0	0	0.633214302172296	0.02965693151328976	False	0.03576139088729017	False	False	Ecoli	False	True	False	False	umpire	manual	min	0.6609640474436812
P0A832	P0A832		smpB		4174190.0	4155240.0	4133210.0	4230630.0	4225000.0	4391190.0	0	0.6335075045606672	0.015023637056438952	False	0.035791366906474824	False	False	Ecoli	False	True	False	False	umpire	manual	min	0.6609640474436812
P0ABX5	P0ABX5		flgG		1431530.0	1360430.0	1461080.0	1243880.0	1415730.0	1171090.0	0	0.6344549318019148	-0.05627476433267819	False	0.03582134292565947	False	False	Ecoli	False	True	False	False	umpire	manual	min	0.6609640474436812
P0AGL7	P0AGL7		rsmE		4253760.0	4333980.0	4264090.0	4308910.0	4288590.0	4317570.0	0	0.6346289927417026	0.004895791710884336	False	0.03585131894484413	False	False	Ecoli	False	True	False	False	umpire	manual	min	0.6609640474436812
P0C0L7	P0C0L7		proP		2438220.0	2404730.0	2409920.0	2370000.0	2517850.0	2379010.0	0	0.6360570784443123	-0.015065253266316244	False	0.035881294964028775	False	False	Ecoli	False	True	False	False	umpire	manual	min	0.6609640474436812
P16384	P16384		miaA		2202330.0	2210900.0	2195420.0	2279450.0	2142240.0	2130140.0	0	0.6362169118033978	-0.016167411166478702	False	0.03591127098321343	False	False	Ecoli	False	True	False	False	umpire	manual	min	0.6609640474436812
P0A9C0	P0A9C0		glpA		2109880.0	2264520.0	2171040.0	2216220.0	2143730.0	2239820.0	0	0.6363294634839665	0.01826933352285571	False	0.035941247002398084	False	False	Ecoli	False	True	False	False	umpire	manual	min	0.6609640474436812
P0AC33	P0AC33		fumA		1766610.0	1754580.0	1694320.0	1860740.0	1724310.0	1851000.0	0	0.6365494189976308	0.025144550370813864	False	0.03597122302158273	False	False	Ecoli	False	True	False	False	umpire	manual	min	0.6609640474436812
P39172	P39172		znuA		4656620.0	4617070.0	4712070.0	4481240.0	4915600.0	4628100.0	0	0.6379398096793548	-0.02133587828724594	False	0.03600119904076739	False	False	Ecoli	False	True	False	False	umpire	manual	min	0.6609640474436812
P0ADB7	P0ADB7		ecnB		12275400.0	13306100.0	12927700.0	14098700.0	13278900.0	13845300.0	0	0.6401883951878814	-0.03179293872187907	False	0.03603117505995204	False	False	Ecoli	False	True	False	False	umpire	manual	min	0.6609640474436812
P31224	P31224		acrB		2615830.0	2505930.0	2650270.0	2507370.0	2611420.0	2566310.0	0	0.6405571071209788	-0.0151185816066851	False	0.0360611510791367	False	False	Ecoli	False	True	False	False	umpire	manual	min	0.6609640474436812
P45523	P45523		fkpA		41643000.0	41284700.0	41628800.0	41307400.0	41274300.0	40913000.0	0	0.6411520238978453	-0.004301604034737662	False	0.036091127098321345	False	False	Ecoli	False	True	False	False	umpire	manual	min	0.6609640474436812
P21513	P21513		rne		10055900.0	10149200.0	10045100.0	10139100.0	10285500.0	10145200.0	0	0.6411836864026674	-0.005664518552403466	False	0.03612110311750599	False	False	Ecoli	False	True	False	False	umpire	manual	min	0.6609640474436812
P0A9H3	P0A9H3		cadA		956486.0	891053.0	914232.0	913118.0	925640.0	858317.0	0	0.6419363425745828	-0.024914305333950705	False	0.03615107913669065	False	False	Ecoli	False	True	False	False	umpire	manual	min	0.6609640474436812
P75867	P75867		ycbZ		1712990.0	1660010.0	1767230.0	1626900.0	1694100.0	1645110.0	0	0.6429408392812297	-0.020019789475843073	False	0.0361810551558753	False	False	Ecoli	False	True	False	False	umpire	manual	min	0.6609640474436812
P23908	P23908		argE		2681890.0	2900650.0	2764860.0	3312020.0	2717050.0	2892190.0	0	0.6435319483243029	-0.053340643140778084	False	0.03621103117505996	False	False	Ecoli	False	True	False	False	umpire	manual	min	0.6609640474436812
Q59385	Q59385		copA		2527550.0	2403330.0	2461470.0	2393000.0	2393560.0	2392270.0	0	0.6440975088039995	0.01487542005768587	False	0.036241007194244605	False	False	Ecoli	False	True	False	False	umpire	manual	min	0.6609640474436812
P69924	P69924		nrdB		2853120.0	2729190.0	2805930.0	2799370.0	2661530.0	2773570.0	0	0.6452276538370436	0.015457554443403923	False	0.03627098321342925	False	False	Ecoli	False	True	False	False	umpire	manual	min	0.6609640474436812
P25894	P25894		yggG		970080.0	964484.0	990705.0	890565.0	948807.0	942625.0	0	0.6485096636186722	0.023818687487762877	False	0.03630095923261391	False	False	Ecoli	False	True	False	False	umpire	manual	min	0.6609640474436812
P0AD24	P0AD24		yejL		3869160.0	3947540.0	4012160.0	3992890.0	4040690.0	4113730.0	0	0.6496732213293797	-0.013876982670091924	False	0.03633093525179856	False	False	Ecoli	False	True	False	False	umpire	manual	min	0.6609640474436812
P67080	P67080		yggS		3220540.0	3226010.0	3291240.0	3213520.0	3351890.0	3331250.0	0	0.6513972029323886	-0.011587502121466994	False	0.03636091127098322	False	False	Ecoli	False	True	False	False	umpire	manual	min	0.6609640474436812
P37650	P37650		bcsC		1234470.0	1310980.0	1366210.0	1196220.0	1279900.0	1212060.0	0	0.6536638429741713	-0.03220448710260279	False	0.036390887290167866	False	False	Ecoli	False	True	False	False	umpire	manual	min	0.6609640474436812
P64602	P64602		mlaB		1895990.0	1930090.0	1913630.0	1851020.0	1895940.0	1741500.0	0	0.6537791876296505	-0.023902049055700182	False	0.03642086330935252	False	False	Ecoli	False	True	False	False	umpire	manual	min	0.6609640474436812
P0AF50	P0AF50		yjbR		6756430.0	6264870.0	6635590.0	6235520.0	6519030.0	6644580.0	0	0.6556303907383256	0.020371524819707446	False	0.036450839328537175	False	False	Ecoli	False	True	False	False	umpire	manual	min	0.6609640474436812
Q47679	Q47679		yafV		3276350.0	3165790.0	3169290.0	3213570.0	3453350.0	3251980.0	0	0.6556715997971214	-0.020992595135483655	False	0.03648081534772182	False	False	Ecoli	False	True	False	False	umpire	manual	min	0.6609640474436812
P06149	P06149		dld		6341790.0	6265590.0	6370430.0	6166720.0	6256180.0	6019040.0	0	0.6557925406348502	-0.012870306523725276	False	0.03651079136690648	False	False	Ecoli	False	True	False	False	umpire	manual	min	0.6609640474436812
P33916	P33916		yejF		344631.0	340019.0	344544.0	390564.0	333242.0	356032.0	0	0.6563218355999029	-0.037855069574545944	False	0.036540767386091126	False	False	Ecoli	False	True	False	False	umpire	manual	min	0.6609640474436812
P0A8W5	P0A8W5		yqgE		2919520.0	2929810.0	2894840.0	2818030.0	3011860.0	2763220.0	0	0.6566462375488485	-0.0186700322467002	False	0.03657074340527578	False	False	Ecoli	False	True	False	False	umpire	manual	min	0.6609640474436812
P27247	P27247		plsX		636858.0	593733.0	601310.0	584550.0	657155.0	570151.0	0	0.6568630219793211	-0.03347631790939192	False	0.036600719424460436	False	False	Ecoli	False	True	False	False	umpire	manual	min	0.6609640474436812
P0AAX8	P0AAX8		ybiS		5232260.0	5281290.0	5323970.0	5304670.0	5339460.0	5384380.0	0	0.6571718334651744	-0.00635372995289702	False	0.036630695443645084	False	False	Ecoli	False	True	False	False	umpire	manual	min	0.6609640474436812
P0ACE7	P0ACE7		hinT		12419700.0	12277900.0	12519800.0	12110300.0	12434000.0	12152800.0	0	0.657193143217494	-0.008342200495728588	False	0.03666067146282974	False	False	Ecoli	False	True	False	False	umpire	manual	min	0.6609640474436812
P0AGD3	P0AGD3		sodB		82346500.0	82708000.0	83832100.0	82133000.0	81237400.0	83367500.0	0	0.6579325754326272	0.007099609292546427	False	0.036690647482014394	False	False	Ecoli	False	True	False	False	umpire	manual	min	0.6609640474436812
P0ABH9	P0ABH9		clpA		10490100.0	10327200.0	10728100.0	10420300.0	10382700.0	10531000.0	0	0.6597976884713197	-0.008388292395845478	False	0.03672062350119904	False	False	Ecoli	False	True	False	False	umpire	manual	min	0.6609640474436812
P0A749	P0A749		murA		13381300.0	13486800.0	13499500.0	13501400.0	13425500.0	13708200.0	0	0.6601520949472297	0.00533958086568922	False	0.036750599520383696	False	False	Ecoli	False	True	False	False	umpire	manual	min	0.6609640474436812
P0ACS7	P0ACS7		rpiR		726135.0	678118.0	684562.0	681616.0	727672.0	719486.0	0	0.6620938161888884	0.020448381276020042	False	0.036780575539568344	False	False	Ecoli	False	True	False	False	umpire	manual	min	0.6609640474436812
P75782	P75782		rlmF		921130.0	1059810.0	912615.0	845466.0	1072620.0	962990.0	0	0.6622857600891492	0.05658399882166548	False	0.036810551558753	False	False	Ecoli	False	True	False	False	umpire	manual	min	0.6609640474436812
P77488	P77488		dxs		2874800.0	2918010.0	2880430.0	2848260.0	3073800.0	2901970.0	0	0.662959240887398	-0.0177621589791021	False	0.036840527577937654	False	False	Ecoli	False	True	False	False	umpire	manual	min	0.6609640474436812
P0ADR6	P0ADR6		rlmM		3392890.0	3477060.0	3675570.0	3923420.0	3349120.0	3787570.0	0	0.6636264261214632	-0.0388100725379906	False	0.0368705035971223	False	False	Ecoli	False	True	False	False	umpire	manual	min	0.6609640474436812
P77611	P77611		rnfC		558433.0	530936.0	542861.0	505732.0	575644.0	567947.0	0	0.6639482632943876	0.029086548817720145	False	0.03690047961630696	False	False	Ecoli	False	True	False	False	umpire	manual	min	0.6609640474436812
P0A9H5	P0A9H5		btuR		921379.0	895502.0	867975.0	871475.0	923761.0	877381.0	0	0.6664718047195766	0.016723416180612075	False	0.036930455635491605	False	False	Ecoli	False	True	False	False	umpire	manual	min	0.6609640474436812
P64429	P64429		ypfJ		1087920.0	1107670.0	1091890.0	1170780.0	1158620.0	1175480.0	0	0.6672437630351169	-0.02133381187207593	False	0.03696043165467626	False	False	Ecoli	False	True	False	False	umpire	manual	min	0.6609640474436812
P75937	P75937		flgE		3827360.0	3804850.0	3921870.0	3792970.0	3732610.0	3905480.0	0	0.6676057383022955	0.011328142390115512	False	0.036990407673860914	False	False	Ecoli	False	True	False	False	umpire	manual	min	0.6609640474436812
P0AE88	P0AE88		cpxR		4741360.0	4652550.0	4662000.0	4794280.0	4693570.0	4855450.0	0	0.667739442751774	0.010110363708563132	False	0.03702038369304556	False	False	Ecoli	False	True	False	False	umpire	manual	min	0.6609640474436812
P0AF67	P0AF67		yjeE		3672380.0	3763970.0	3671920.0	3687870.0	3753380.0	3601180.0	0	0.6681081439459261	-0.00985304094759613	False	0.03705035971223022	False	False	Ecoli	False	True	False	False	umpire	manual	min	0.6609640474436812
P05852	P05852		gcp		2612460.0	2792520.0	2606850.0	2644520.0	2700150.0	2635930.0	0	0.6682905068738431	0.0161281122102325	False	0.03708033573141487	False	False	Ecoli	False	True	False	False	umpire	manual	min	0.6609640474436812
P19926	P19926		agp		3011930.0	2955410.0	2967800.0	3022720.0	3085480.0	3048350.0	0	0.6687079548671211	-0.009618698996076014	False	0.03711031175059953	False	False	Ecoli	False	True	False	False	umpire	manual	min	0.6609640474436812
P0ADP0	P0ADP0		yigB		1185000.0	1243380.0	1207380.0	1139840.0	1276350.0	1122450.0	0	0.6693970923257848	-0.029255473168392856	False	0.037140287769784175	False	False	Ecoli	False	True	False	False	umpire	manual	min	0.6609640474436812
P0A7V3	P0A7V3		rpsC		94440700.0	93385100.0	94377100.0	92117300.0	93515400.0	90126200.0	0	0.6700365237680308	-0.010641557595961769	False	0.03717026378896882	False	False	Ecoli	False	True	False	False	umpire	manual	min	0.6609640474436812
P42616	P42616		yqjC		349017.0	342192.0	342003.0	429212.0	361509.0	397540.0	0	0.6708760445186123	-0.05712498257518255	False	0.03720023980815348	False	False	Ecoli	False	True	False	False	umpire	manual	min	0.6609640474436812
P62617	P62617		ispF		3588810.0	3535520.0	3418790.0	3514620.0	3480380.0	3384660.0	0	0.6713051268666024	0.01312880178669141	False	0.03723021582733813	False	False	Ecoli	False	True	False	False	umpire	manual	min	0.6609640474436812
P23909	P23909		mutS		3369640.0	3452850.0	3423130.0	3425020.0	3413260.0	3403070.0	0	0.6714723752273873	-0.00504912830034154	False	0.03726019184652279	False	False	Ecoli	False	True	False	False	umpire	manual	min	0.6609640474436812
P0A6C1	P0A6C1		nfo		1741760.0	1753110.0	1734780.0	1703630.0	1801470.0	1698590.0	0	0.6719961158686201	-0.012837757746081218	False	0.037290167865707435	False	False	Ecoli	False	True	False	False	umpire	manual	min	0.6609640474436812
P46854	P46854		yhhY		827295.0	667165.0	733059.0	811186.0	861455.0	822414.0	0	0.6724679130199653	-0.054277156781707976	False	0.03732014388489208	False	False	Ecoli	False	True	False	False	umpire	manual	min	0.6609640474436812
P24255	P24255		rpoN		468501.0	478759.0	438941.0	422642.0	535916.0	503060.0	0	0.6735558086375205	0.05352400225584155	False	0.03735011990407674	False	False	Ecoli	False	True	False	False	umpire	manual	min	0.6609640474436812
P64540	P64540		yfcL		7681450.0	7953350.0	7384550.0	8253860.0	7608170.0	8006080.0	0	0.6748331023704343	0.02426525407547124	False	0.03738009592326139	False	False	Ecoli	False	True	False	False	umpire	manual	min	0.6609640474436812
P0ACL0	P0ACL0		glpR		2016250.0	2175140.0	2259290.0	2181290.0	2174150.0	2300380.0	0	0.6751794547380597	-0.027070382926203007	False	0.03741007194244605	False	False	Ecoli	False	True	False	False	umpire	manual	min	0.6609640474436812
P75797	P75797		gsiB		737580.0	771009.0	725244.0	769540.0	782841.0	741073.0	0	0.6759429346003897	-0.017821973492423274	False	0.037440047961630696	False	False	Ecoli	False	True	False	False	umpire	manual	min	0.6609640474436812
P60664	P60664		hisF		2610790.0	2800570.0	2632260.0	2728500.0	2683790.0	2718490.0	0	0.6761035228175661	0.015217013044998636	False	0.03747002398081535	False	False	Ecoli	False	True	False	False	umpire	manual	min	0.6609640474436812
P00960	P00960		glyQ		4709480.0	4726900.0	4786740.0	4642410.0	4761030.0	4688350.0	0	0.6762782582369804	-0.0066695997690275595	False	0.037500000000000006	False	False	Ecoli	False	True	False	False	umpire	manual	min	0.6609640474436812
P0A7Q1	P0A7Q1		rpmI		17484100.0	15702400.0	17600200.0	17095700.0	17611200.0	18078700.0	0	0.6784470288968174	-0.02902696320168673	False	0.037529976019184653	False	False	Ecoli	False	True	False	False	umpire	manual	min	0.6609640474436812
P23836	P23836		phoP		21661800.0	22214900.0	21331700.0	22304700.0	22000000.0	22222900.0	0	0.6788711050918161	0.010145428688767888	False	0.03755995203836931	False	False	Ecoli	False	True	False	False	umpire	manual	min	0.6609640474436812
P0A9Q1	P0A9Q1		arcA		11869000.0	11775200.0	11942700.0	11920000.0	11708100.0	12084900.0	0	0.6794630933561124	0.006406152048506519	False	0.037589928057553956	False	False	Ecoli	False	True	False	False	umpire	manual	min	0.6609640474436812
P08506	P08506		dacC		6145320.0	6362120.0	6373650.0	6315860.0	6366500.0	6425720.0	0	0.6800840609241982	-0.009330854219404739	False	0.03761990407673861	False	False	Ecoli	False	True	False	False	umpire	manual	min	0.6609640474436812
Q46948	Q46948		yajL		4388230.0	4408590.0	4432650.0	4287280.0	4467570.0	4304510.0	0	0.681028676352236	-0.009457817400071676	False	0.037649880095923266	False	False	Ecoli	False	True	False	False	umpire	manual	min	0.6609640474436812
P0AFM9	P0AFM9		pspB		799286.0	783228.0	762532.0	816292.0	777535.0	797222.0	0	0.6814700772305129	0.014242178785063718	False	0.037679856115107914	False	False	Ecoli	False	True	False	False	umpire	manual	min	0.6609640474436812
P0AES9	P0AES9		hdeA		7692670.0	7723780.0	7087680.0	6824220.0	7930040.0	6968750.0	0	0.6867742590630075	0.035444205972221976	False	0.03770983213429257	False	False	Ecoli	False	True	False	False	umpire	manual	min	0.6609640474436812
P26647	P26647		plsC		1162220.0	1117200.0	1109280.0	1137350.0	1176230.0	1110430.0	0	0.6869059599413301	-0.013980849323390675	False	0.03773980815347722	False	False	Ecoli	False	True	False	False	umpire	manual	min	0.6609640474436812
P0A7Z0	P0A7Z0		rpiA		18053400.0	18084000.0	17818000.0	18566900.0	17617800.0	18273100.0	0	0.6879254789187402	0.010853545739656734	False	0.03776978417266187	False	False	Ecoli	False	True	False	False	umpire	manual	min	0.6609640474436812
P40191	P40191		pdxK		2126300.0	2125550.0	2166090.0	2012760.0	2097880.0	2087820.0	0	0.6882689250118768	0.014394594206824903	False	0.037799760191846526	False	False	Ecoli	False	True	False	False	umpire	manual	min	0.6609640474436812
P0A9W9	P0A9W9		yrdA		5166600.0	4911170.0	5026230.0	5187660.0	4999700.0	5012780.0	0	0.6883084126264579	-0.011715242422530145	False	0.037829736211031174	False	False	Ecoli	False	True	False	False	umpire	manual	min	0.6609640474436812
P0A884	P0A884		thyA		8150300.0	8080800.0	8240660.0	8005520.0	8068290.0	7969000.0	0	0.6885692230591949	-0.006802135420026565	False	0.03785971223021583	False	False	Ecoli	False	True	False	False	umpire	manual	min	0.6609640474436812
P0ABD5	P0ABD5		accA		13728300.0	13936800.0	13725400.0	13828100.0	13760600.0	13746500.0	0	0.6891375347564843	0.003400704536014693	False	0.037889688249400484	False	False	Ecoli	False	True	False	False	umpire	manual	min	0.6609640474436812
P64596	P64596		yraP		12065300.0	11929700.0	12041400.0	11990000.0	12340600.0	12203000.0	0	0.6912632550995619	-0.006918269757820881	False	0.03791966426858513	False	False	Ecoli	False	True	False	False	umpire	manual	min	0.6609640474436812
P08190	P08190		fimG		2165750.0	2237670.0	2045830.0	2321210.0	2234680.0	2319570.0	0	0.691264761276666	0.02626105309806951	False	0.03794964028776979	False	False	Ecoli	False	True	False	False	umpire	manual	min	0.6609640474436812
P31475	P31475		yieP		1095490.0	1093410.0	1061660.0	1105740.0	1150330.0	1177000.0	0	0.6913386608056459	0.020795832029659813	False	0.037979616306954435	False	False	Ecoli	False	True	False	False	umpire	manual	min	0.6609640474436812
P00946	P00946		manA		11155800.0	10967800.0	11426300.0	11311900.0	11180700.0	11549800.0	0	0.6925216998067438	-0.010479986329736983	False	0.03800959232613909	False	False	Ecoli	False	True	False	False	umpire	manual	min	0.6609640474436812
P77804	P77804		ydgA		9546010.0	9556600.0	9588240.0	9382870.0	9398810.0	9378930.0	0	0.6930369195108436	0.005665072713399723	False	0.038039568345323745	False	False	Ecoli	False	True	False	False	umpire	manual	min	0.6609640474436812
P28249	P28249		asmA		265356.0	309404.0	371133.0	297632.0	281386.0	332139.0	0	0.694420562326804	-0.06721491891385392	False	0.03806954436450839	False	False	Ecoli	False	True	False	False	umpire	manual	min	0.6609640474436812
P0A8K1	P0A8K1		psd		4380880.0	4505180.0	4498700.0	4283250.0	4471770.0	4467460.0	0	0.6945788898234632	0.010822741502414183	False	0.03809952038369305	False	False	Ecoli	False	True	False	False	umpire	manual	min	0.6609640474436812
P37028	P37028		btuF		548197.0	539141.0	571486.0	611255.0	499914.0	550928.0	0	0.694935970639674	-0.038569784958592396	False	0.038129496402877695	False	False	Ecoli	False	True	False	False	umpire	manual	min	0.6609640474436812
P31120	P31120		glmM		10948500.0	10920500.0	11008000.0	10802100.0	11079500.0	10907600.0	0	0.6962599289855516	-0.004965254591823966	False	0.03815947242206235	False	False	Ecoli	False	True	False	False	umpire	manual	min	0.6609640474436812
P37128	P37128		nudK		2306780.0	2313140.0	2300440.0	2481030.0	2306110.0	2384380.0	0	0.6981663712059418	-0.01705223742699622	False	0.038189448441247005	False	False	Ecoli	False	True	False	False	umpire	manual	min	0.6609640474436812
P0A8L7	P0A8L7		yciU		1954640.0	1878420.0	1821690.0	2079380.0	1768830.0	1968040.0	0	0.6987775307907929	0.03300319828785791	False	0.03821942446043165	False	False	Ecoli	False	True	False	False	umpire	manual	min	0.6609640474436812
P62517	P62517		mdoH		540838.0	553295.0	603740.0	511019.0	509222.0	482010.0	0	0.6998996211107542	-0.0431363203114702	False	0.03824940047961631	False	False	Ecoli	False	True	False	False	umpire	manual	min	0.6609640474436812
P15082	P15082		srlR		879598.0	918162.0	919113.0	900549.0	847357.0	899975.0	0	0.7009115465393028	0.016520535745328645	False	0.03827937649880096	False	False	Ecoli	False	True	False	False	umpire	manual	min	0.6609640474436812
P76008	P76008		ldcA		1697530.0	1664550.0	1700970.0	1703910.0	1534580.0	1652740.0	0	0.7011369005304442	0.02184458854830026	False	0.03830935251798562	False	False	Ecoli	False	True	False	False	umpire	manual	min	0.6609640474436812
P24178	P24178		yffB		4475080.0	4592040.0	4367100.0	4786880.0	4394140.0	4669190.0	0	0.7014200585373471	0.01990183304281305	False	0.038339328537170266	False	False	Ecoli	False	True	False	False	umpire	manual	min	0.6609640474436812
P0ADV5	P0ADV5		yhbW		1288040.0	1143890.0	1188900.0	1227770.0	1174800.0	1216810.0	0	0.7014848320770274	0.022823887219788723	False	0.03836930455635491	False	False	Ecoli	False	True	False	False	umpire	manual	min	0.6609640474436812
P0A7S3	P0A7S3		rpsL		74372500.0	76212300.0	73057300.0	76784100.0	76067400.0	77052400.0	0	0.7020826418222452	0.010995868907591386	False	0.03839928057553957	False	False	Ecoli	False	True	False	False	umpire	manual	min	0.6609640474436812
P37692	P37692		rfaF		3243600.0	3094510.0	3183400.0	3210300.0	3152450.0	3286310.0	0	0.7029619924234816	0.011780595808300593	False	0.03842925659472422	False	False	Ecoli	False	True	False	False	umpire	manual	min	0.6609640474436812
P0A7F9	P0A7F9		queA		3484180.0	3605210.0	3524130.0	3712670.0	3669010.0	3709910.0	0	0.7032101348794126	-0.014159124944586586	False	0.03845923261390888	False	False	Ecoli	False	True	False	False	umpire	manual	min	0.6609640474436812
P39831	P39831		ydfG		15916400.0	16334100.0	16144600.0	15817100.0	16222700.0	15638400.0	0	0.7034526690142031	-0.008874843040990446	False	0.038489208633093526	False	False	Ecoli	False	True	False	False	umpire	manual	min	0.6609640474436812
P21420	P21420		nmpC		25320700.0	26504400.0	26480200.0	26289500.0	26274600.0	26659200.0	0	0.7034631605053029	-0.01025734534821426	False	0.03851918465227818	False	False	Ecoli	False	True	False	False	umpire	manual	min	0.6609640474436812
P0AD12	P0AD12		yeeZ		11327900.0	11486600.0	10814600.0	11365500.0	11751000.0	11477000.0	0	0.703840981862797	0.015242811899254976	False	0.03854916067146283	False	False	Ecoli	False	True	False	False	umpire	manual	min	0.6609640474436812
P0A6P1	P0A6P1		tsf		274618000.0	273945000.0	274968000.0	270771000.0	276199000.0	270913000.0	0	0.7049566378218178	-0.004327875666159237	False	0.03857913669064749	False	False	Ecoli	False	True	False	False	umpire	manual	min	0.6609640474436812
P69411	P69411		rcsF		6612100.0	6607080.0	6532920.0	6697380.0	6660140.0	6756500.0	0	0.7050012408924624	0.006169424698892873	False	0.03860911270983214	False	False	Ecoli	False	True	False	False	umpire	manual	min	0.6609640474436812
P62615	P62615		ispE		1223370.0	1257610.0	1173100.0	1351570.0	1404320.0	1349160.0	0	0.7054968457169162	-0.03676136910246774	False	0.038639088729016786	False	False	Ecoli	False	True	False	False	umpire	manual	min	0.6609640474436812
Q46893	Q46893		ispD		2545190.0	2572890.0	2536030.0	2525860.0	2620840.0	2522970.0	0	0.7064675701137636	-0.007848152034606386	False	0.03866906474820144	False	False	Ecoli	False	True	False	False	umpire	manual	min	0.6609640474436812
P32695	P32695		dusA		1486380.0	1467020.0	1522260.0	1389620.0	1511590.0	1410290.0	0	0.7070231918318859	-0.0196299236861684	False	0.03869904076738609	False	False	Ecoli	False	True	False	False	umpire	manual	min	0.6609640474436812
P07000	P07000		pldB		609514.0	542448.0	569412.0	576438.0	514190.0	543951.0	0	0.7071712062968496	0.030844156941103765	False	0.03872901678657075	False	False	Ecoli	False	True	False	False	umpire	manual	min	0.6609640474436812
P0A8R0	P0A8R0		rraA		19411900.0	19191700.0	19330100.0	18731600.0	19400900.0	18404600.0	0	0.7072903473402667	-0.011453821759677699	False	0.0387589928057554	False	False	Ecoli	False	True	False	False	umpire	manual	min	0.6609640474436812
P13016	P13016		ampD		2030400.0	2112460.0	2111590.0	2185010.0	1997580.0	2076970.0	0	0.7074541094245883	-0.017143287953943088	False	0.03878896882494005	False	False	Ecoli	False	True	False	False	umpire	manual	min	0.6609640474436812
P0A7A7	P0A7A7		plsB		3007620.0	2973330.0	3094230.0	2922150.0	2985750.0	2954470.0	0	0.7076168922248638	-0.01073085565108264	False	0.0388189448441247	False	False	Ecoli	False	True	False	False	umpire	manual	min	0.6609640474436812
P0A7V8	P0A7V8		rpsD		202569000.0	200638000.0	201979000.0	193389000.0	198507000.0	194798000.0	0	0.7077805015722185	0.009998245404398151	False	0.03884892086330935	False	False	Ecoli	False	True	False	False	umpire	manual	min	0.6609640474436812
P0A9Z1	P0A9Z1		glnB		14247700.0	14460000.0	14088300.0	13881500.0	14490500.0	14019400.0	0	0.7081105553125184	0.009036836326412528	False	0.03887889688249401	False	False	Ecoli	False	True	False	False	umpire	manual	min	0.6609640474436812
P0A7G6	P0A7G6		recA		10369300.0	10413800.0	10568200.0	10542200.0	10338500.0	10555200.0	0	0.7095566908814582	-0.005082635841629114	False	0.03890887290167866	False	False	Ecoli	False	True	False	False	umpire	manual	min	0.6609640474436812
P46889	P46889		ftsK		1992970.0	1902010.0	1907900.0	1869900.0	2020330.0	1967290.0	0	0.7098250933212581	0.01587173565612558	False	0.038938848920863314	False	False	Ecoli	False	True	False	False	umpire	manual	min	0.6609640474436812
P75931	P75931		yceM		817838.0	858617.0	819346.0	892308.0	801398.0	796286.0	0	0.7100065631250714	-0.023329386949348545	False	0.03896882494004796	False	False	Ecoli	False	True	False	False	umpire	manual	min	0.6609640474436812
P0A6V8	P0A6V8		glk		10388100.0	10172300.0	10280000.0	10252300.0	10177800.0	10004300.0	0	0.7100536125393775	-0.006846803340435266	False	0.03899880095923261	False	False	Ecoli	False	True	False	False	umpire	manual	min	0.6609640474436812
P0AFX0	P0AFX0		hpf		950441.0	838146.0	980705.0	884265.0	829123.0	979028.0	0	0.7116555273458534	0.038843611704490195	False	0.03902877697841727	False	False	Ecoli	False	True	False	False	umpire	manual	min	0.6609640474436812
P0AES2	P0AES2		gudD		1643480.0	1622500.0	1630630.0	1666010.0	1588270.0	1648520.0	0	0.7120243302733089	0.00871266249803309	False	0.03905875299760192	False	False	Ecoli	False	True	False	False	umpire	manual	min	0.6609640474436812
P0AFY8	P0AFY8		seqA		9481340.0	9446930.0	9398650.0	9617570.0	9373750.0	9566020.0	0	0.712223821738182	0.005291520550250576	False	0.039088729016786575	False	False	Ecoli	False	True	False	False	umpire	manual	min	0.6609640474436812
P40710	P40710		nlpE		1891130.0	1977280.0	2068000.0	1824020.0	2051620.0	1971690.0	0	0.7123301765437154	-0.02535366343118841	False	0.03911870503597122	False	False	Ecoli	False	True	False	False	umpire	manual	min	0.6609640474436812
P0A9T4	P0A9T4		tas		9361090.0	9427020.0	9438630.0	9301240.0	9377420.0	9252120.0	0	0.7125744501299642	-0.003959368206784612	False	0.03914868105515587	False	False	Ecoli	False	True	False	False	umpire	manual	min	0.6609640474436812
P0A715	P0A715		kdsA		22497600.0	22305100.0	22613900.0	22545000.0	22484900.0	22694300.0	0	0.7129621277706701	-0.003134326795536812	False	0.03917865707434053	False	False	Ecoli	False	True	False	False	umpire	manual	min	0.6609640474436812
P0AFJ1	P0AFJ1		phnA		2165500.0	2055470.0	2050510.0	1987590.0	2100790.0	1990610.0	0	0.7132445501304432	0.01698246519413084	False	0.03920863309352518	False	False	Ecoli	False	True	False	False	umpire	manual	min	0.6609640474436812
P15067	P15067		glgX		3229740.0	2891800.0	3137960.0	3017100.0	3145900.0	3050240.0	0	0.7148931831798747	-0.02017788193763023	False	0.039238609112709835	False	False	Ecoli	False	True	False	False	umpire	manual	min	0.6609640474436812
P19934	P19934		tolA		1604690.0	1567690.0	1633880.0	1543590.0	1623880.0	1591580.0	0	0.7150198913613214	-0.011278806922338902	False	0.03926858513189448	False	False	Ecoli	False	True	False	False	umpire	manual	min	0.6609640474436812
P12008	P12008		aroC		3612780.0	3462420.0	3577110.0	3526720.0	3524090.0	3494090.0	0	0.7204374499630999	-0.00798080746956801	False	0.03929856115107914	False	False	Ecoli	False	True	False	False	umpire	manual	min	0.6609640474436812
P09126	P09126		hemD		1461290.0	1498330.0	1546640.0	1500260.0	1513610.0	1562300.0	0	0.720673040158381	-0.012259700686637485	False	0.03932853717026379	False	False	Ecoli	False	True	False	False	umpire	manual	min	0.6609640474436812
P0ABD3	P0ABD3		bfr		6924950.0	6894300.0	6866280.0	7031270.0	6921080.0	7088450.0	0	0.7215166894043012	0.006159230513150616	False	0.03935851318944845	False	False	Ecoli	False	True	False	False	umpire	manual	min	0.6609640474436812
P23305	P23305		yigA		1554290.0	1512720.0	1644210.0	1577930.0	1483250.0	1733490.0	0	0.7219401144876754	0.02887037496897436	False	0.039388489208633096	False	False	Ecoli	False	True	False	False	umpire	manual	min	0.6609640474436812
P30852	P30852		smf		1977620.0	1954410.0	2032360.0	1712030.0	1911280.0	1844000.0	0	0.722747451036103	0.030380291951761472	False	0.039418465227817744	False	False	Ecoli	False	True	False	False	umpire	manual	min	0.6609640474436812
P0AC38	P0AC38		aspA		133264000.0	132403000.0	132768000.0	129473000.0	132883000.0	130961000.0	0	0.7243075477107723	0.005481049498757543	False	0.0394484412470024	False	False	Ecoli	False	True	False	False	umpire	manual	min	0.6609640474436812
P0A6Y5	P0A6Y5		hslO		7125940.0	7193330.0	7237430.0	7216820.0	7098930.0	7178280.0	0	0.7248216789325105	-0.0037284928638865846	False	0.03947841726618705	False	False	Ecoli	False	True	False	False	umpire	manual	min	0.6609640474436812
P76578	P76578		yfhM		417383.0	440568.0	482074.0	452058.0	396181.0	441178.0	0	0.7258538667495473	-0.03422103362730879	False	0.03950839328537171	False	False	Ecoli	False	True	False	False	umpire	manual	min	0.6609640474436812
P0ACY1	P0ACY1		ydjA		8241030.0	8047230.0	8071910.0	8165050.0	7886720.0	7965800.0	0	0.7259553248417365	0.007776263828580037	False	0.039538369304556356	False	False	Ecoli	False	True	False	False	umpire	manual	min	0.6609640474436812
P0A6H5	P0A6H5		hslU		22421300.0	22646300.0	22108000.0	22723000.0	22948100.0	22401100.0	0	0.7265032395102828	-0.006622116247947843	False	0.039568345323741004	False	False	Ecoli	False	True	False	False	umpire	manual	min	0.6609640474436812
P61889	P61889		mdh		22379600.0	22114800.0	22456900.0	22045100.0	22103800.0	21899700.0	0	0.7282060207962524	-0.004592767334311132	False	0.03959832134292566	False	False	Ecoli	False	True	False	False	umpire	manual	min	0.6609640474436812
P37773	P37773		mpl		8022810.0	7954320.0	7999880.0	7925870.0	8003860.0	7904500.0	0	0.7282606772144793	-0.002895575655370742	False	0.039628297362110314	False	False	Ecoli	False	True	False	False	umpire	manual	min	0.6609640474436812
P35340	P35340		ahpF		10130200.0	10067400.0	10045600.0	9967040.0	10195400.0	10092100.0	0	0.728468725275319	0.0038947090779919767	False	0.03965827338129497	False	False	Ecoli	False	True	False	False	umpire	manual	min	0.6609640474436812
P0AGD1	P0AGD1		sodC		515689.0	559479.0	567760.0	508271.0	590093.0	558780.0	0	0.7289115054376065	-0.02813370537702136	False	0.03968824940047962	False	False	Ecoli	False	True	False	False	umpire	manual	min	0.6609640474436812
P0AA95	P0AA95		yacC		1034980.0	1101920.0	1055270.0	1128800.0	1062120.0	1157030.0	0	0.7289893853494445	0.021062452854142457	False	0.03971822541966427	False	False	Ecoli	False	True	False	False	umpire	manual	min	0.6609640474436812
P32099	P32099		lplA		2092080.0	2248190.0	2141780.0	2221430.0	2154350.0	2241560.0	0	0.7313365578177842	0.014156804903739321	False	0.03974820143884892	False	False	Ecoli	False	True	False	False	umpire	manual	min	0.6609640474436812
P0A7G2	P0A7G2		rbfA		25972600.0	25991800.0	26049000.0	25956900.0	24850800.0	25381300.0	0	0.7321393844459836	0.009150055249805332	False	0.03977817745803358	False	False	Ecoli	False	True	False	False	umpire	manual	min	0.6609640474436812
P33924	P33924		yejO		1576160.0	1507320.0	1530380.0	1461920.0	1568130.0	1414340.0	0	0.732139563417924	-0.01994393508783039	False	0.03980815347721823	False	False	Ecoli	False	True	False	False	umpire	manual	min	0.6609640474436812
P22634	P22634		murI		1161570.0	1116880.0	1124820.0	1278290.0	1195320.0	1253950.0	0	0.7323379080892212	-0.026718874625406293	False	0.03983812949640288	False	False	Ecoli	False	True	False	False	umpire	manual	min	0.6609640474436812
P0ADY3	P0ADY3		rplN		48304000.0	48554900.0	48159600.0	49135600.0	48412900.0	48501800.0	0	0.7345236886452527	-0.0034438077539814737	False	0.03986810551558753	False	False	Ecoli	False	True	False	False	umpire	manual	min	0.6609640474436812
P69425	P69425		tatB		2982450.0	2903220.0	2892310.0	2806580.0	2884430.0	2772920.0	0	0.734581251481309	0.01259632437188909	False	0.03989808153477218	False	False	Ecoli	False	True	False	False	umpire	manual	min	0.6609640474436812
P05459	P05459		pdxB		6080550.0	6037280.0	6065470.0	5938420.0	5921000.0	5887770.0	0	0.735798878508378	0.006481409665951696	False	0.03992805755395684	False	False	Ecoli	False	True	False	False	umpire	manual	min	0.6609640474436812
P18776	P18776		dmsB		2214530.0	2443210.0	2346030.0	2211510.0	2286290.0	2272820.0	0	0.7371041698037784	0.018168005186835205	False	0.03995803357314149	False	False	Ecoli	False	True	False	False	umpire	manual	min	0.6609640474436812
P0AC19	P0AC19		folX		3647230.0	3687060.0	3677530.0	3731680.0	3634800.0	3675760.0	0	0.7372380286616675	-0.00444307871771055	False	0.03998800959232614	False	False	Ecoli	False	True	False	False	umpire	manual	min	0.6609640474436812
P39099	P39099		degQ		5358080.0	5673210.0	5558870.0	5287620.0	5477230.0	5427100.0	0	0.73798840352986	0.01185334526037873	False	0.04001798561151079	False	False	Ecoli	False	True	False	False	umpire	manual	min	0.6609640474436812
P09158	P09158		speE		7155410.0	7237640.0	7123920.0	6875060.0	7151240.0	6901360.0	0	0.7383539984449301	0.009802087952154691	False	0.04004796163069544	False	False	Ecoli	False	True	False	False	umpire	manual	min	0.6609640474436812
P0AC30	P0AC30		ftsX		5463930.0	5759410.0	5305540.0	5831030.0	5904980.0	6101470.0	0	0.7384083588357081	0.023782969853379066	False	0.0400779376498801	False	False	Ecoli	False	True	False	False	umpire	manual	min	0.6609640474436812
P30958	P30958		mfd		6777030.0	6550450.0	6767320.0	6495520.0	6653600.0	6456770.0	0	0.739835056038459	-0.009607418019124802	False	0.04010791366906475	False	False	Ecoli	False	True	False	False	umpire	manual	min	0.6609640474436812
P0C0L2	P0C0L2		osmC		6029800.0	5997130.0	5852420.0	5958390.0	6110690.0	5980460.0	0	0.7414484886390195	0.006897697819612341	False	0.040137889688249405	False	False	Ecoli	False	True	False	False	umpire	manual	min	0.6609640474436812
P69503	P69503		apt		26254000.0	26268600.0	26325000.0	26967800.0	27432500.0	27612600.0	0	0.7419147946451738	-0.010584800650227712	False	0.04016786570743405	False	False	Ecoli	False	True	False	False	umpire	manual	min	0.6609640474436812
P0A9X9	P0A9X9		cspA		23867600.0	24391300.0	24002200.0	24415000.0	24362800.0	24865900.0	0	0.7420914349499985	0.006818722565838501	False	0.0401978417266187	False	False	Ecoli	False	True	False	False	umpire	manual	min	0.6609640474436812
P27431	P27431		ycfD		5021230.0	4974490.0	4929780.0	4333500.0	4944190.0	4490350.0	0	0.7425157564772259	0.028016582815046542	False	0.04022781774580336	False	False	Ecoli	False	True	False	False	umpire	manual	min	0.6609640474436812
P06612	P06612		topA		5679900.0	5679120.0	5659990.0	5593260.0	5653260.0	5587170.0	0	0.7434627198006232	0.003382073833957942	False	0.04025779376498801	False	False	Ecoli	False	True	False	False	umpire	manual	min	0.6609640474436812
P77150	P77150		pdxY		3523650.0	3611820.0	3526090.0	3658730.0	3626130.0	3622360.0	0	0.7455266191838972	-0.007106207724047582	False	0.040287769784172665	False	False	Ecoli	False	True	False	False	umpire	manual	min	0.6609640474436812
P0A8F0	P0A8F0		upp		30403600.0	30283100.0	29860900.0	30236500.0	30845700.0	30584200.0	0	0.7456799964170195	0.0051907750730066215	False	0.04031774580335731	False	False	Ecoli	False	True	False	False	umpire	manual	min	0.6609640474436812
P00961	P00961		glyS		11346700.0	11269200.0	11208700.0	11394300.0	11196000.0	11258100.0	0	0.7463882644467945	0.0031977944635809157	False	0.04034772182254197	False	False	Ecoli	False	True	False	False	umpire	manual	min	0.6609640474436812
P0A7R9	P0A7R9		rpsK		97134400.0	100128000.0	98611900.0	100295000.0	99377600.0	99877800.0	0	0.7465100533860878	-0.0055452115699636114	False	0.04037769784172662	False	False	Ecoli	False	True	False	False	umpire	manual	min	0.6609640474436812
P33898	P33898		gapC		1814170.0	1957430.0	1945360.0	1851520.0	1853550.0	1819930.0	0	0.7466740299323453	-0.015117562319645941	False	0.04040767386091127	False	False	Ecoli	False	True	False	False	umpire	manual	min	0.6609640474436812
P31467	P31467		yieH		2099300.0	2190740.0	2115210.0	2121140.0	2135440.0	2030040.0	0	0.7475867716744021	-0.011755899383645164	False	0.040437649880095926	False	False	Ecoli	False	True	False	False	umpire	manual	min	0.6609640474436812
P23837	P23837		phoQ		529761.0	524319.0	627128.0	469925.0	502949.0	492566.0	0	0.7492977460586528	-0.04893068136804702	False	0.040467625899280574	False	False	Ecoli	False	True	False	False	umpire	manual	min	0.6609640474436812
P13029	P13029		katG		40999000.0	40566300.0	40437300.0	40748000.0	40935900.0	40750800.0	0	0.7524078640021212	0.0023006417028550025	False	0.04049760191846523	False	False	Ecoli	False	True	False	False	umpire	manual	min	0.6609640474436812
P0ABZ4	P0ABZ4		kdsC		4804550.0	4837110.0	4824290.0	4768010.0	4764200.0	4650750.0	0	0.7527469564170028	-0.006454868922754724	False	0.040527577937649883	False	False	Ecoli	False	True	False	False	umpire	manual	min	0.6609640474436812
P43672	P43672		uup		2249360.0	2246990.0	2204990.0	2253530.0	2305060.0	2302100.0	0	0.7530419449827668	0.007418784198585447	False	0.04055755395683454	False	False	Ecoli	False	True	False	False	umpire	manual	min	0.6609640474436812
P07023	P07023		tyrA		2520910.0	2678470.0	2602840.0	2606920.0	2469970.0	2379840.0	0	0.7531749994446678	-0.019006206295386612	False	0.040587529976019186	False	False	Ecoli	False	True	False	False	umpire	manual	min	0.6609640474436812
P39407	P39407		yjjU		471048.0	647831.0	429582.0	465907.0	514936.0	378922.0	0	0.7533548855221139	0.0867160059972395	False	0.040617505995203834	False	False	Ecoli	False	True	False	False	umpire	manual	min	0.6609640474436812
P0C0T5	P0C0T5		mepA		3378540.0	3479200.0	3567800.0	3475430.0	3230630.0	3299670.0	0	0.7543555767057613	-0.016445738003506193	False	0.04064748201438849	False	False	Ecoli	False	True	False	False	umpire	manual	min	0.6609640474436812
P23845	P23845		cysN		2744570.0	2632340.0	2706760.0	2667120.0	2659540.0	2693300.0	0	0.7547928387948011	0.006591910382404748	False	0.040677458033573144	False	False	Ecoli	False	True	False	False	umpire	manual	min	0.6609640474436812
P0A9A9	P0A9A9		fur		12115400.0	12421900.0	12295100.0	12331200.0	12220200.0	12421500.0	0	0.7552118839558657	0.004390329098938297	False	0.0407074340527578	False	False	Ecoli	False	True	False	False	umpire	manual	min	0.6609640474436812
P13024	P13024		fdhE		4341230.0	4332400.0	4490980.0	4448450.0	4286690.0	4474530.0	0	0.7552288424236167	-0.008528978456436359	False	0.04073741007194245	False	False	Ecoli	False	True	False	False	umpire	manual	min	0.6609640474436812
P39411	P39411		yjjX		2843180.0	2866550.0	2877480.0	2975870.0	2785630.0	2870180.0	0	0.7556259693385204	-0.009898469689214269	False	0.0407673860911271	False	False	Ecoli	False	True	False	False	umpire	manual	min	0.6609640474436812
P0A786	P0A786		pyrB		2528740.0	2565140.0	2506720.0	2521110.0	2588130.0	2550110.0	0	0.756452560918216	0.005299989511863349	False	0.04079736211031175	False	False	Ecoli	False	True	False	False	umpire	manual	min	0.6609640474436812
P0AFC0	P0AFC0		nudB		417856.0	510615.0	440784.0	457730.0	477054.0	477124.0	0	0.7567142739793545	0.031153504711857877	False	0.04082733812949641	False	False	Ecoli	False	True	False	False	umpire	manual	min	0.6609640474436812
P64451	P64451		ydcL		5412180.0	5489080.0	5246290.0	5572350.0	5416380.0	5209250.0	0	0.7582891728800012	-0.011106996656506734	False	0.04085731414868106	False	False	Ecoli	False	True	False	False	umpire	manual	min	0.6609640474436812
P0AB91	P0AB91		aroG		3072750.0	3149270.0	3102350.0	3071860.0	2947930.0	2969190.0	0	0.7601055350434307	0.010882489436514441	False	0.04088729016786571	False	False	Ecoli	False	True	False	False	umpire	manual	min	0.6609640474436812
P27829	P27829		wecC		3596200.0	3630850.0	3590240.0	3546920.0	3678420.0	3629860.0	0	0.7609066671268001	0.005502520321604401	False	0.04091726618705036	False	False	Ecoli	False	True	False	False	umpire	manual	min	0.6609640474436812
P0AFP4	P0AFP4		ybbO		1043130.0	1057610.0	1032200.0	1104930.0	968545.0	1046060.0	0	0.7617887644263699	0.01897862499938178	False	0.04094724220623501	False	False	Ecoli	False	True	False	False	umpire	manual	min	0.6609640474436812
P10908	P10908		ugpQ		466676.0	443375.0	426192.0	507057.0	422117.0	474946.0	0	0.7621415957159714	0.031200364971635353	False	0.04097721822541967	False	False	Ecoli	False	True	False	False	umpire	manual	min	0.6609640474436812
P77529	P77529		ydjN		4715880.0	4550680.0	4708190.0	4662420.0	4386060.0	4601540.0	0	0.7624238913327283	0.011638857467848466	False	0.04100719424460432	False	False	Ecoli	False	True	False	False	umpire	manual	min	0.6609640474436812
P22259	P22259		pckA		8041360.0	8079080.0	8088270.0	8155790.0	7944730.0	8136430.0	0	0.7626255810535052	0.004054800493534439	False	0.04103717026378897	False	False	Ecoli	False	True	False	False	umpire	manual	min	0.6609640474436812
P76104	P76104		ydcP		1017860.0	845113.0	943489.0	930248.0	1099580.0	1031800.0	0	0.7628689743612218	-0.03862306374302801	False	0.04106714628297362	False	False	Ecoli	False	True	False	False	umpire	manual	min	0.6609640474436812
P0A8W8	P0A8W8		yfbU		17416900.0	17391200.0	17094800.0	17966100.0	17439300.0	18003400.0	0	0.7647356987370221	0.008529199971606052	False	0.04109712230215827	False	False	Ecoli	False	True	False	False	umpire	manual	min	0.6609640474436812
P0A9U3	P0A9U3		ybiT		5983110.0	5998170.0	5995750.0	5951290.0	5975940.0	5912900.0	0	0.7650027742951311	-0.0023200960730695016	False	0.04112709832134293	False	False	Ecoli	False	True	False	False	umpire	manual	min	0.6609640474436812
P06987	P06987		hisB		1170690.0	1200310.0	1158780.0	1172010.0	1194020.0	1132110.0	0	0.766488530741885	-0.008909202688058884	False	0.04115707434052758	False	False	Ecoli	False	True	False	False	umpire	manual	min	0.6609640474436812
P0A7A2	P0A7A2		gpmB		2962900.0	2647440.0	2582320.0	2738610.0	2628290.0	2485670.0	0	0.7667002445885823	0.02639776600137582	False	0.041187050359712235	False	False	Ecoli	False	True	False	False	umpire	manual	min	0.6609640474436812
P0ABB0	P0ABB0		atpA		59790300.0	59951600.0	59744800.0	59794900.0	60085900.0	59766100.0	0	0.7670238422911819	-0.0009448346959047557	False	0.04121702637889688	False	False	Ecoli	False	True	False	False	umpire	manual	min	0.6609640474436812
P37177	P37177		ptsP		1036970.0	905337.0	1045220.0	1022040.0	932839.0	1007710.0	0	0.7671472964970368	-0.02428684058562267	False	0.04124700239808153	False	False	Ecoli	False	True	False	False	umpire	manual	min	0.6609640474436812
P05041	P05041		pabB		1777690.0	1736200.0	1812450.0	1539100.0	1695180.0	1621610.0	0	0.767153539237139	0.02515584180770838	False	0.04127697841726619	False	False	Ecoli	False	True	False	False	umpire	manual	min	0.6609640474436812
P00956	P00956		ileS		25019300.0	24784300.0	24966000.0	25032200.0	24824600.0	25135000.0	0	0.7672257120380669	0.0022310704765041607	False	0.04130695443645084	False	False	Ecoli	False	True	False	False	umpire	manual	min	0.6609640474436812
P67826	P67826		cutC		1071680.0	1052910.0	1130160.0	966697.0	1110790.0	1030030.0	0	0.7674821843486984	-0.024049151481229224	False	0.041336930455635496	False	False	Ecoli	False	True	False	False	umpire	manual	min	0.6609640474436812
P33030	P33030		yeiR		1847320.0	1553380.0	1671060.0	1516130.0	1655960.0	1548700.0	0	0.7698097660664188	0.03130795629282816	False	0.04136690647482014	False	False	Ecoli	False	True	False	False	umpire	manual	min	0.6609640474436812
P0ACC7	P0ACC7		glmU		14500700.0	14583900.0	14464100.0	14185700.0	14382800.0	14107900.0	0	0.7714904843927601	0.005350813196648986	False	0.04139688249400479	False	False	Ecoli	False	True	False	False	umpire	manual	min	0.6609640474436812
P29131	P29131		ftsN		1180500.0	1209880.0	1185020.0	1248750.0	1395110.0	1360920.0	0	0.7727206972719912	-0.029531802521567063	False	0.04142685851318945	False	False	Ecoli	False	True	False	False	umpire	manual	min	0.6609640474436812
P26616	P26616		maeA		5484300.0	5537020.0	5472880.0	5488740.0	5477860.0	5444770.0	0	0.7731413753471219	0.002333351065280878	False	0.0414568345323741	False	False	Ecoli	False	True	False	False	umpire	manual	min	0.6609640474436812
P00582	P00582		polA		3415620.0	3382930.0	3394810.0	3347460.0	3443230.0	3356580.0	0	0.7738875809982808	-0.004308094778767988	False	0.041486810551558756	False	False	Ecoli	False	True	False	False	umpire	manual	min	0.6609640474436812
P64476	P64476		ydiH		1657720.0	1640780.0	1710460.0	1622680.0	1505320.0	1599730.0	0	0.7740379220243693	0.0177125831772144	False	0.041516786570743404	False	False	Ecoli	False	True	False	False	umpire	manual	min	0.6609640474436812
P0AEN4	P0AEN4		ftsL		1160890.0	1097250.0	1100760.0	1138090.0	1091360.0	1095990.0	0	0.7744021636241812	0.010325451034795046	False	0.04154676258992806	False	False	Ecoli	False	True	False	False	umpire	manual	min	0.6609640474436812
P18775	P18775		dmsA		8826580.0	9136540.0	9214500.0	8879760.0	9044360.0	9052990.0	0	0.7755128890140737	-0.006527402905180898	False	0.041576738609112714	False	False	Ecoli	False	True	False	False	umpire	manual	min	0.6609640474436812
P0AEV4	P0AEV4		hycA		921231.0	829104.0	932021.0	888875.0	917004.0	1050990.0	0	0.7758222865086613	0.03303961552295738	False	0.04160671462829737	False	False	Ecoli	False	True	False	False	umpire	manual	min	0.6609640474436812
P46125	P46125		yedI		854035.0	692740.0	836841.0	864749.0	785014.0	880184.0	0	0.776076827428825	-0.035027035412776866	False	0.041636690647482016	False	False	Ecoli	False	True	False	False	umpire	manual	min	0.6609640474436812
P27833	P27833		rffA		2408640.0	2313370.0	2314220.0	2362810.0	2476540.0	2380350.0	0	0.7782489871672814	-0.010364912120968862	False	0.041666666666666664	False	False	Ecoli	False	True	False	False	umpire	manual	min	0.6609640474436812
P12282	P12282		moeB		3596380.0	3123860.0	3669320.0	3131170.0	3030060.0	3328690.0	0	0.7794551709263898	0.031697852963645454	False	0.04169664268585132	False	False	Ecoli	False	True	False	False	umpire	manual	min	0.6609640474436812
P64483	P64483		yeaK		3957210.0	4182670.0	3843550.0	4043720.0	4156300.0	3767790.0	0	0.7798458342863294	-0.016371959042244432	False	0.041726618705035974	False	False	Ecoli	False	True	False	False	umpire	manual	min	0.6609640474436812
P0AG16	P0AG16		purF		751461.0	777189.0	826077.0	718684.0	755309.0	740385.0	0	0.7806822385082255	-0.019598905772632524	False	0.04175659472422063	False	False	Ecoli	False	True	False	False	umpire	manual	min	0.6609640474436812
P46130	P46130		ybhC		8516670.0	8741850.0	8686700.0	8907880.0	8829180.0	9019380.0	0	0.7815255303428996	-0.00798578397576772	False	0.04178657074340528	False	False	Ecoli	False	True	False	False	umpire	manual	min	0.6609640474436812
P56262	P56262		ysgA		1531470.0	1426100.0	1650400.0	1299880.0	1603810.0	1490150.0	0	0.7818329952961544	-0.03409683488352532	False	0.041816546762589925	False	False	Ecoli	False	True	False	False	umpire	manual	min	0.6609640474436812
P0A8A2	P0A8A2		yeeN		9359590.0	9211310.0	9325940.0	8686940.0	9325580.0	8984620.0	0	0.7821873201294258	0.01140937558826764	False	0.04184652278177458	False	False	Ecoli	False	True	False	False	umpire	manual	min	0.6609640474436812
P0ABN1	P0ABN1		dgkA		388386.0	364750.0	387969.0	335984.0	310313.0	309970.0	0	0.782595358842641	0.03967817593776003	False	0.041876498800959235	False	False	Ecoli	False	True	False	False	umpire	manual	min	0.6609640474436812
P32662	P32662		gph		898149.0	752606.0	1016070.0	1066650.0	922135.0	1220960.0	0	0.7839918591011699	-0.06538279733874683	False	0.04190647482014389	False	False	Ecoli	False	True	False	False	umpire	manual	min	0.6609640474436812
P37652	P37652		bcsB		3937910.0	4042710.0	3989910.0	4062460.0	4067160.0	4092630.0	0	0.7854625835585989	-0.005519663960654779	False	0.04193645083932854	False	False	Ecoli	False	True	False	False	umpire	manual	min	0.6609640474436812
P0A9J0	P0A9J0		rng		22019200.0	21615600.0	21549600.0	22037000.0	21515600.0	21653300.0	0	0.7855149639082024	0.004113759839815047	False	0.04196642685851319	False	False	Ecoli	False	True	False	False	umpire	manual	min	0.6609640474436812
P04693	P04693		tyrB		3633470.0	3577060.0	3632210.0	3568210.0	3659370.0	3621020.0	0	0.7856760382185035	-0.00375649738311241	False	0.04199640287769784	False	False	Ecoli	False	True	False	False	umpire	manual	min	0.6609640474436812
P0AEG6	P0AEG6		dsbC		2628260.0	2831050.0	2749910.0	2821960.0	2779820.0	2990510.0	0	0.7865991818035655	0.016852446495438916	False	0.0420263788968825	False	False	Ecoli	False	True	False	False	umpire	manual	min	0.6609640474436812
P29680	P29680		hemE		5749710.0	5738470.0	5654910.0	5753440.0	5851720.0	5827530.0	0	0.7892514291044446	0.004643228373456001	False	0.04205635491606715	False	False	Ecoli	False	True	False	False	umpire	manual	min	0.6609640474436812
P32162	P32162		yiiS		2322680.0	2318570.0	2229670.0	2262200.0	2382980.0	2176270.0	0	0.7897082540503788	-0.0120812087355424	False	0.0420863309352518	False	False	Ecoli	False	True	False	False	umpire	manual	min	0.6609640474436812
P39298	P39298		yjfP		646217.0	623252.0	669713.0	725940.0	794989.0	850520.0	0	0.7900250280086809	-0.04729695580003129	False	0.04211630695443645	False	False	Ecoli	False	True	False	False	umpire	manual	min	0.6609640474436812
P31663	P31663		panC		2881930.0	2948000.0	2796390.0	3007030.0	2999630.0	2909270.0	0	0.7910192914417201	-0.010502242887820151	False	0.0421462829736211	False	False	Ecoli	False	True	False	False	umpire	manual	min	0.6609640474436812
P0AB14	P0AB14		yccJ		2987340.0	2745060.0	2821270.0	2957190.0	2767700.0	2890640.0	0	0.7910958815706705	0.012920245096014615	False	0.04217625899280576	False	False	Ecoli	False	True	False	False	umpire	manual	min	0.6609640474436812
P0A8I5	P0A8I5		trmB		6678760.0	6681030.0	6608630.0	6796590.0	6745680.0	6861140.0	0	0.7912428528811305	0.005005075818764918	False	0.04220623501199041	False	False	Ecoli	False	True	False	False	umpire	manual	min	0.6609640474436812
P77499	P77499		sufC		1593600.0	1515010.0	1487110.0	1473680.0	1520300.0	1419030.0	0	0.7915688669792414	0.014909549262910538	False	0.04223621103117506	False	False	Ecoli	False	True	False	False	umpire	manual	min	0.6609640474436812
P76502	P76502		sixA		6861970.0	7245930.0	7030230.0	7902150.0	7130090.0	7652790.0	0	0.793011612889718	-0.01987001355796609	False	0.04226618705035971	False	False	Ecoli	False	True	False	False	umpire	manual	min	0.6609640474436812
P0A898	P0A898		ybeY		3252170.0	3468420.0	3379680.0	3442730.0	3434700.0	3470350.0	0	0.7933530969682445	-0.009337170446973686	False	0.04229616306954436	False	False	Ecoli	False	True	False	False	umpire	manual	min	0.6609640474436812
P77211	P77211		cusC		2014240.0	2015180.0	2085630.0	2152560.0	2045290.0	2196000.0	0	0.7945970827904163	-0.013392620549582995	False	0.04232613908872902	False	False	Ecoli	False	True	False	False	umpire	manual	min	0.6609640474436812
P22707	P22707		finO		1128250.0	1106480.0	1371580.0	951828.0	1242720.0	1220050.0	0	0.7972343765069138	-0.045764644055459464	False	0.04235611510791367	False	False	Ecoli	False	True	False	False	umpire	manual	min	0.6609640474436812
P0AD49	P0AD49		raiA		7272950.0	7287100.0	7202060.0	7064920.0	7337730.0	7123290.0	0	0.7973827172755537	0.00524113402323606	False	0.042386091127098326	False	False	Ecoli	False	True	False	False	umpire	manual	min	0.6609640474436812
P29012	P29012		dadX		656421.0	594912.0	600547.0	619091.0	530381.0	439232.0	0	0.7976777815198286	-0.049865098494854924	False	0.042416067146282974	False	False	Ecoli	False	True	False	False	umpire	manual	min	0.6609640474436812
P42596	P42596		rlmG		2385860.0	2274940.0	2332600.0	2353820.0	2275220.0	2333660.0	0	0.7977961543800179	0.00678546850875478	False	0.04244604316546762	False	False	Ecoli	False	True	False	False	umpire	manual	min	0.6609640474436812
P0AAC8	P0AAC8		iscA		6806320.0	6706120.0	6952810.0	6461440.0	6979530.0	6732760.0	0	0.7979923421464592	-0.010549309273152596	False	0.04247601918465228	False	False	Ecoli	False	True	False	False	umpire	manual	min	0.6609640474436812
Q46857	Q46857		dkgA		5424540.0	5474560.0	5565460.0	5524470.0	5267080.0	5374070.0	0	0.7980111467409693	-0.007413738962195861	False	0.04250599520383693	False	False	Ecoli	False	True	False	False	umpire	manual	min	0.6609640474436812
P77252	P77252		ykgE		1075480.0	1040660.0	1106210.0	1006070.0	1059890.0	1082800.0	0	0.7981255016292035	0.01212384452023354	False	0.042535971223021586	False	False	Ecoli	False	True	False	False	umpire	manual	min	0.6609640474436812
P0ADT5	P0ADT5		ygiC		3233300.0	3155310.0	3201540.0	3351720.0	3147900.0	3255360.0	0	0.7981961831578923	-0.008530102382787758	False	0.042565947242206234	False	False	Ecoli	False	True	False	False	umpire	manual	min	0.6609640474436812
P26646	P26646		acuI		2834930.0	2799350.0	2795420.0	2930620.0	2779750.0	2920430.0	0	0.7998243118176868	0.008273712357034895	False	0.04259592326139089	False	False	Ecoli	False	True	False	False	umpire	manual	min	0.6609640474436812
P37005	P37005		lasT		1231970.0	1241050.0	1131860.0	1223850.0	1295530.0	1129810.0	0	0.7999497719065066	-0.01925592219465277	False	0.042625899280575544	False	False	Ecoli	False	True	False	False	umpire	manual	min	0.6609640474436812
P0ABX2	P0ABX2		flgC		1141460.0	1239210.0	1247670.0	1160870.0	1064330.0	1143070.0	0	0.8007778842351017	0.02097907128266435	False	0.0426558752997602	False	False	Ecoli	False	True	False	False	umpire	manual	min	0.6609640474436812
P0ADA1	P0ADA1		tesA		686714.0	803845.0	832700.0	674741.0	887451.0	840326.0	0	0.801245052340393	-0.039082770402730685	False	0.04268585131894485	False	False	Ecoli	False	True	False	False	umpire	manual	min	0.6609640474436812
Q46871	Q46871		yqjH		3843660.0	3802990.0	3810430.0	3766480.0	3769230.0	3648140.0	0	0.8036998836944189	-0.006544123176400677	False	0.042715827338129495	False	False	Ecoli	False	True	False	False	umpire	manual	min	0.6609640474436812
P0A9F1	P0A9F1		mntR		1464670.0	1492900.0	1388750.0	1345330.0	1412640.0	1254140.0	0	0.804137828270433	0.022435467010200313	False	0.04274580335731415	False	False	Ecoli	False	True	False	False	umpire	manual	min	0.6609640474436812
P0ABU7	P0ABU7		exbB		2267850.0	2269380.0	2227790.0	2165880.0	2342440.0	2146360.0	0	0.8041651216062865	-0.011292462633344809	False	0.042775779376498804	False	False	Ecoli	False	True	False	False	umpire	manual	min	0.6609640474436812
P76535	P76535		murQ		1708690.0	1861740.0	1712960.0	1923160.0	1718700.0	1716300.0	0	0.8043489880503649	-0.01846243187307139	False	0.04280575539568346	False	False	Ecoli	False	True	False	False	umpire	manual	min	0.6609640474436812
P0ABU5	P0ABU5		elbB		23985700.0	23401900.0	23923500.0	23123900.0	23739800.0	23121000.0	0	0.804538438346193	-0.005689275396344209	False	0.04283573141486811	False	False	Ecoli	False	True	False	False	umpire	manual	min	0.6609640474436812
P69795	P69795		chbB		314857.0	327945.0	265173.0	372449.0	300928.0	322476.0	0	0.8047973019943027	0.04051089354134427	False	0.042865707434052755	False	False	Ecoli	False	True	False	False	umpire	manual	min	0.6609640474436812
P37908	P37908		yfjD		2556310.0	2436580.0	2501420.0	2538740.0	2492990.0	2578390.0	0	0.8053010919668588	0.007283966195868323	False	0.04289568345323741	False	False	Ecoli	False	True	False	False	umpire	manual	min	0.6609640474436812
P25906	P25906		ydbC		833428.0	825742.0	918498.0	731872.0	788405.0	825901.0	0	0.8063437478963275	0.027130409010566042	False	0.042925659472422065	False	False	Ecoli	False	True	False	False	umpire	manual	min	0.6609640474436812
P0A6H1	P0A6H1		clpX		27019500.0	27004200.0	27235400.0	26277100.0	26873600.0	26610500.0	0	0.8075213261205895	0.0044458111542025735	False	0.04295563549160672	False	False	Ecoli	False	True	False	False	umpire	manual	min	0.6609640474436812
P0AEM4	P0AEM4		flgM		2340530.0	2292200.0	2196800.0	2306110.0	2388050.0	2205070.0	0	0.8088593213422873	-0.011172757289524873	False	0.04298561151079137	False	False	Ecoli	False	True	False	False	umpire	manual	min	0.6609640474436812
P0AB46	P0AB46		ymgD		2059130.0	2148470.0	2135640.0	1983780.0	2261200.0	2105060.0	0	0.8093420854972465	-0.015448566774776048	False	0.04301558752997602	False	False	Ecoli	False	True	False	False	umpire	manual	min	0.6609640474436812
P0AAF6	P0AAF6		artP		878564.0	859212.0	811971.0	969804.0	826124.0	912108.0	0	0.8120315056284031	0.023041209114635648	False	0.04304556354916067	False	False	Ecoli	False	True	False	False	umpire	manual	min	0.6609640474436812
P0A6T9	P0A6T9		gcvH		1318340.0	1292100.0	1291480.0	1377530.0	1317870.0	1352910.0	0	0.8138996916972813	-0.008539806630064635	False	0.04307553956834533	False	False	Ecoli	False	True	False	False	umpire	manual	min	0.6609640474436812
P68699	P68699		atpE		3100370.0	3470920.0	3371650.0	3385820.0	3097610.0	3394660.0	0	0.8140830099867675	0.016139753322100825	False	0.04310551558752998	False	False	Ecoli	False	True	False	False	umpire	manual	min	0.6609640474436812
P0A6D0	P0A6D0		argR		1695900.0	1767090.0	1720110.0	1597900.0	1710060.0	1610230.0	0	0.814309460553579	0.012896989371590745	False	0.04313549160671463	False	False	Ecoli	False	True	False	False	umpire	manual	min	0.6609640474436812
P24251	P24251		crl		6652740.0	6200810.0	6450610.0	6211160.0	6392360.0	6048980.0	0	0.8146633533955357	-0.011524392883727502	False	0.04316546762589928	False	False	Ecoli	False	True	False	False	umpire	manual	min	0.6609640474436812
P64604	P64604		mlaD		6778050.0	6760700.0	6685510.0	6607060.0	6976480.0	6637300.0	0	0.8163437698861611	-0.00663471596165139	False	0.04319544364508393	False	False	Ecoli	False	True	False	False	umpire	manual	min	0.6609640474436812
P0A901	P0A901		blc		1091170.0	1077620.0	1017860.0	1195940.0	1095110.0	1099230.0	0	0.8169277499017751	-0.017939239224867263	False	0.04322541966426859	False	False	Ecoli	False	True	False	False	umpire	manual	min	0.6609640474436812
P0ACB4	P0ACB4		hemG		2469580.0	2414800.0	2389250.0	2138320.0	2645020.0	2157440.0	0	0.8174612843365962	-0.026545815594198847	False	0.04325539568345324	False	False	Ecoli	False	True	False	False	umpire	manual	min	0.6609640474436812
P0AFG6	P0AFG6		sucB		8468890.0	8287470.0	8347720.0	8424810.0	8398650.0	8463340.0	0	0.8185952441866035	0.0027782640436797555	False	0.04328537170263789	False	False	Ecoli	False	True	False	False	umpire	manual	min	0.6609640474436812
P0ACD4	P0ACD4		nifU		16348600.0	16035800.0	16400100.0	15902600.0	15930700.0	15661900.0	0	0.8198487606976537	-0.005607175384569386	False	0.04331534772182254	False	False	Ecoli	False	True	False	False	umpire	manual	min	0.6609640474436812
P06996	P06996		ompC		153492000.0	152745000.0	150399000.0	152191000.0	157795000.0	155959000.0	0	0.8212848793364024	0.005663945116765159	False	0.04334532374100719	False	False	Ecoli	False	True	False	False	umpire	manual	min	0.6609640474436812
P76245	P76245		yeaP		889644.0	762421.0	866173.0	776540.0	778190.0	726645.0	0	0.8217608402005752	-0.025365878453413215	False	0.04337529976019185	False	False	Ecoli	False	True	False	False	umpire	manual	min	0.6609640474436812
P64467	P64467		cnu		2887460.0	2952200.0	3010280.0	2719130.0	2941720.0	2755540.0	0	0.8234750913143344	-0.012688804234265707	False	0.0434052757793765	False	False	Ecoli	False	True	False	False	umpire	manual	min	0.6609640474436812
P30128	P30128		greB		2144360.0	2187530.0	2137670.0	2077590.0	2165530.0	2004360.0	0	0.8244136036011084	-0.010105795038239631	False	0.043435251798561156	False	False	Ecoli	False	True	False	False	umpire	manual	min	0.6609640474436812
P16681	P16681		phnB		500967.0	588512.0	611972.0	514115.0	441965.0	430954.0	0	0.8247198044723774	-0.0444911597372259	False	0.043465227817745804	False	False	Ecoli	False	True	False	False	umpire	manual	min	0.6609640474436812
P0AFI0	P0AFI0		oxc		1061950.0	1013100.0	917008.0	1039770.0	1124930.0	1052970.0	0	0.824828385822687	0.02151956785851427	False	0.04349520383693045	False	False	Ecoli	False	True	False	False	umpire	manual	min	0.6609640474436812
P0AES6	P0AES6		gyrB		8870280.0	8841260.0	8832790.0	8807550.0	8913500.0	8866920.0	0	0.8251061582921881	0.0013370079762716166	False	0.043525179856115113	False	False	Ecoli	False	True	False	False	umpire	manual	min	0.6609640474436812
P0A873	P0A873		trmD		4165020.0	4022190.0	4107790.0	4179330.0	4002140.0	4054640.0	0	0.82598289356787	-0.005576450233795661	False	0.04355515587529976	False	False	Ecoli	False	True	False	False	umpire	manual	min	0.6609640474436812
P17846	P17846		cysI		11645900.0	11891800.0	11693000.0	11809100.0	11897700.0	11939100.0	0	0.8263989832568586	0.003134675248314025	False	0.043585131894484416	False	False	Ecoli	False	True	False	False	umpire	manual	min	0.6609640474436812
P61887	P61887		rmlA2		967164.0	949843.0	1028580.0	1007120.0	928764.0	1021390.0	0	0.8280020465269965	-0.012741948722853206	False	0.043615107913669064	False	False	Ecoli	False	True	False	False	umpire	manual	min	0.6609640474436812
P45955	P45955		ybgF		2777520.0	2941410.0	2843460.0	2812800.0	2958550.0	2851100.0	0	0.8294721278672106	-0.007518723497481067	False	0.04364508393285371	False	False	Ecoli	False	True	False	False	umpire	manual	min	0.6609640474436812
P23331	P23331		tdk		2776090.0	2935060.0	2927940.0	2961130.0	2807340.0	2936500.0	0	0.8299380964715564	-0.008111825665201107	False	0.043675059952038374	False	False	Ecoli	False	True	False	False	umpire	manual	min	0.6609640474436812
P0ACL9	P0ACL9		pdhR		15045500.0	15281300.0	15097500.0	15393300.0	15194100.0	15460300.0	0	0.8306833401419645	0.0032237951401744994	False	0.04370503597122302	False	False	Ecoli	False	True	False	False	umpire	manual	min	0.6609640474436812
P0A6W9	P0A6W9		gshA		4834060.0	4685250.0	4690180.0	4743680.0	4742740.0	4608470.0	0	0.8319560204173895	-0.004976787461302166	False	0.04373501199040768	False	False	Ecoli	False	True	False	False	umpire	manual	min	0.6609640474436812
P0A9Q5	P0A9Q5		accD		14990500.0	14989700.0	14973900.0	15189000.0	15004500.0	15131400.0	0	0.8329960017202973	-0.0017834134966710955	False	0.043764988009592325	False	False	Ecoli	False	True	False	False	umpire	manual	min	0.6609640474436812
P0A6I6	P0A6I6		coaD		1244840.0	1239270.0	1199230.0	1169190.0	1255630.0	1164360.0	0	0.8334129431146384	0.009688731088891001	False	0.04379496402877698	False	False	Ecoli	False	True	False	False	umpire	manual	min	0.6609640474436812
P0ABH7	P0ABH7		gltA		10543300.0	10876200.0	10921200.0	10417600.0	10812300.0	10607400.0	0	0.8344170539514206	-0.005583936793557651	False	0.043824940047961634	False	False	Ecoli	False	True	False	False	umpire	manual	min	0.6609640474436812
P0ACM2	P0ACM2		ydfH		1575400.0	1591720.0	1678540.0	1577300.0	1533770.0	1591820.0	0	0.8344541864121915	-0.009267922160276693	False	0.04385491606714629	False	False	Ecoli	False	True	False	False	umpire	manual	min	0.6609640474436812
P0AA53	P0AA53		qmcA		2053090.0	1784960.0	1903400.0	1920660.0	1890090.0	1815910.0	0	0.8352422828478754	-0.015277231826990286	False	0.04388489208633094	False	False	Ecoli	False	True	False	False	umpire	manual	min	0.6609640474436812
P13979	P13979		traT		3666090.0	3551500.0	3603830.0	3620770.0	3659760.0	3699750.0	0	0.8354753980304804	0.004364808133467323	False	0.043914868105515585	False	False	Ecoli	False	True	False	False	umpire	manual	min	0.6609640474436812
P77808	P77808		yfaY		2538290.0	2467660.0	2478330.0	2454050.0	2499330.0	2446570.0	0	0.8362963070657553	0.0040341359093592905	False	0.04394484412470024	False	False	Ecoli	False	True	False	False	umpire	manual	min	0.6609640474436812
P0AB71	P0AB71		fbaA		155162000.0	156452000.0	155660000.0	153926000.0	156000000.0	153213000.0	0	0.8365525803672008	-0.0023538058452205073	False	0.043974820143884895	False	False	Ecoli	False	True	False	False	umpire	manual	min	0.6609640474436812
P0AGC3	P0AGC3		slt		1520300.0	1513450.0	1552500.0	1537950.0	1493070.0	1536740.0	0	0.8375002277251598	-0.0041071244358934665	False	0.04400479616306955	False	False	Ecoli	False	True	False	False	umpire	manual	min	0.6609640474436812
P37051	P37051		purU		5571470.0	5491760.0	5650770.0	5634500.0	5550780.0	5722700.0	0	0.837849494066093	-0.004301229672336086	False	0.0440347721822542	False	False	Ecoli	False	True	False	False	umpire	manual	min	0.6609640474436812
P12295	P12295		ung		1828910.0	1876570.0	1866810.0	1903490.0	1880650.0	1975420.0	0	0.8411129917307487	0.007626083487740048	False	0.044064748201438846	False	False	Ecoli	False	True	False	False	umpire	manual	min	0.6609640474436812
P0AD68	P0AD68		ftsI		359407.0	355931.0	345703.0	335034.0	329757.0	276618.0	0	0.84168314463173	-0.02671272166757641	False	0.0440947242206235	False	False	Ecoli	False	True	False	False	umpire	manual	min	0.6609640474436812
P31680	P31680		djlA		1225380.0	1230550.0	1288220.0	1125100.0	1083880.0	1090880.0	0	0.8420580296849953	0.02032174411593288	False	0.044124700239808155	False	False	Ecoli	False	True	False	False	umpire	manual	min	0.6609640474436812
P29744	P29744		flgL		2560820.0	2578530.0	2531340.0	2272850.0	2699690.0	2451090.0	0	0.8422372239791703	0.016546760859170534	False	0.04415467625899281	False	False	Ecoli	False	True	False	False	umpire	manual	min	0.6609640474436812
P31057	P31057		panB		5973990.0	5875520.0	5925500.0	5852940.0	6176600.0	6034930.0	0	0.8428567215827552	-0.005683921844572185	False	0.04418465227817746	False	False	Ecoli	False	True	False	False	umpire	manual	min	0.6609640474436812
P0A9J8	P0A9J8		pheA		2181300.0	2162030.0	2255110.0	2062250.0	2178030.0	2113180.0	0	0.8442723441192205	-0.008661609752571511	False	0.04421462829736211	False	False	Ecoli	False	True	False	False	umpire	manual	min	0.6609640474436812
P64559	P64559		cptB		463101.0	446778.0	433865.0	504250.0	520481.0	526195.0	0	0.8449062548635826	-0.02245025055753966	False	0.04424460431654676	False	False	Ecoli	False	True	False	False	umpire	manual	min	0.6609640474436812
P0A940	P0A940		bamA		14170900.0	14401200.0	14142500.0	14246000.0	14508700.0	14244300.0	0	0.846003825449135	-0.002719983615975775	False	0.04427458033573142	False	False	Ecoli	False	True	False	False	umpire	manual	min	0.6609640474436812
P41052	P41052		mltB		905494.0	1008590.0	953135.0	998962.0	987358.0	1002340.0	0	0.8468077712442338	-0.011348212901282023	False	0.04430455635491607	False	False	Ecoli	False	True	False	False	umpire	manual	min	0.6609640474436812
P69913	P69913		csrA		12674400.0	13058300.0	12637700.0	12126500.0	12469300.0	11764200.0	0	0.8468886690652928	0.010170090014881339	False	0.04433453237410072	False	False	Ecoli	False	True	False	False	umpire	manual	min	0.6609640474436812
P02925	P02925		rbsB		11669000.0	12029800.0	12014100.0	11830700.0	11966600.0	12028900.0	0	0.8471353843393153	-0.0033758778072780393	False	0.04436450839328537	False	False	Ecoli	False	True	False	False	umpire	manual	min	0.6609640474436812
P33025	P33025		psuG		1937980.0	1915600.0	1968580.0	1969510.0	1983960.0	2042860.0	0	0.8485305924197911	-0.006252487048341098	False	0.04439448441247002	False	False	Ecoli	False	True	False	False	umpire	manual	min	0.6609640474436812
P24224	P24224		acpS		2038480.0	2015030.0	1999200.0	2093530.0	1941260.0	2009530.0	0	0.8490795919093744	0.006929034895479775	False	0.04442446043165468	False	False	Ecoli	False	True	False	False	umpire	manual	min	0.6609640474436812
P78067	P78067		ynjE		3032540.0	2763890.0	2946870.0	2731550.0	2953580.0	2765210.0	0	0.849136157864921	-0.011807690484020856	False	0.04445443645083933	False	False	Ecoli	False	True	False	False	umpire	manual	min	0.6609640474436812
P0A6P5	P0A6P5		der		4816680.0	4672930.0	4805470.0	4803070.0	4722710.0	4808310.0	0	0.8491573647882176	-0.003359164616853502	False	0.044484412470023986	False	False	Ecoli	False	True	False	False	umpire	manual	min	0.6609640474436812
P0ABJ1	P0ABJ1		cyoA		2348110.0	2339470.0	2363460.0	2286350.0	2402270.0	2342700.0	0	0.8510639930018142	-0.0044666912384627175	False	0.044514388489208634	False	False	Ecoli	False	True	False	False	umpire	manual	min	0.6609640474436812
P75691	P75691		yahK		1314900.0	1256660.0	1236820.0	1256310.0	1293220.0	1190400.0	0	0.8512452306409901	-0.009323266931705786	False	0.04454436450839328	False	False	Ecoli	False	True	False	False	umpire	manual	min	0.6609640474436812
P37765	P37765		rluB		4540810.0	4748960.0	4673320.0	4766150.0	4561120.0	4660810.0	0	0.8533528943750521	-0.005162521352998858	False	0.044574340527577944	False	False	Ecoli	False	True	False	False	umpire	manual	min	0.6609640474436812
P0AG51	P0AG51		rpmD		47354400.0	48666500.0	48387200.0	46678500.0	47849700.0	46407000.0	0	0.8543615849907423	-0.004929602459402909	False	0.04460431654676259	False	False	Ecoli	False	True	False	False	umpire	manual	min	0.6609640474436812
P21369	P21369		pncA		2126160.0	2167450.0	2192020.0	2304950.0	2065190.0	2223340.0	0	0.8547336251750219	-0.009973844180114183	False	0.044634292565947246	False	False	Ecoli	False	True	False	False	umpire	manual	min	0.6609640474436812
P31119	P31119		aas		1636550.0	1481610.0	1554760.0	1405280.0	1541500.0	1322130.0	0	0.8548384629395612	-0.01976473570341076	False	0.044664268585131894	False	False	Ecoli	False	True	False	False	umpire	manual	min	0.6609640474436812
P67910	P67910		hldD		18280100.0	18198100.0	18387500.0	18235100.0	18111300.0	18307800.0	0	0.8550565425943191	0.0013726166167113275	False	0.04469424460431654	False	False	Ecoli	False	True	False	False	umpire	manual	min	0.6609640474436812
P45748	P45748		rimN		4466720.0	4404330.0	4516530.0	4151560.0	4346370.0	4218750.0	0	0.8562286547750052	0.00832760217480463	False	0.044724220623501204	False	False	Ecoli	False	True	False	False	umpire	manual	min	0.6609640474436812
P0A8T7	P0A8T7		rpoC		52085300.0	52066700.0	52199000.0	52242400.0	51758100.0	52143300.0	0	0.8564070925464031	0.0008845599302575092	False	0.04475419664268585	False	False	Ecoli	False	True	False	False	umpire	manual	min	0.6609640474436812
P0ADC6	P0ADC6		lptG		830322.0	757450.0	781816.0	777554.0	802569.0	758991.0	0	0.8568845624820614	-0.009299554633256693	False	0.04478417266187051	False	False	Ecoli	False	True	False	False	umpire	manual	min	0.6609640474436812
P31473	P31473		ravA		1293960.0	1346530.0	1351770.0	1271850.0	1374260.0	1380250.0	0	0.8584075090388601	0.00822587876285881	False	0.044814148681055155	False	False	Ecoli	False	True	False	False	umpire	manual	min	0.6609640474436812
P25535	P25535		visC		2096100.0	2191180.0	2111280.0	2033620.0	2207300.0	2098630.0	0	0.8603327983058974	0.007635883716057399	False	0.04484412470023981	False	False	Ecoli	False	True	False	False	umpire	manual	min	0.6609640474436812
P39830	P39830		ybaL		896428.0	843046.0	986912.0	836776.0	854968.0	909760.0	0	0.8623172871221991	-0.015934039546472246	False	0.044874100719424465	False	False	Ecoli	False	True	False	False	umpire	manual	min	0.6609640474436812
P77791	P77791		maa		390145.0	450839.0	489061.0	345618.0	458134.0	425159.0	0	0.8635873677020005	-0.03007325641981423	False	0.04490407673860912	False	False	Ecoli	False	True	False	False	umpire	manual	min	0.6609640474436812
P45531	P45531		tusC		453014.0	354136.0	389427.0	417444.0	362956.0	381133.0	0	0.8655794025730359	0.022583275053164376	False	0.04493405275779377	False	False	Ecoli	False	True	False	False	umpire	manual	min	0.6609640474436812
P69228	P69228		baeR		1516790.0	1688070.0	1578180.0	1593910.0	1599690.0	1595520.0	0	0.8656481594779739	0.008621084677057944	False	0.044964028776978415	False	False	Ecoli	False	True	False	False	umpire	manual	min	0.6609640474436812
P63284	P63284		clpB		17959100.0	18093500.0	18020500.0	17819300.0	17891500.0	17743200.0	0	0.8661274795468374	0.001730797934626164	False	0.04499400479616307	False	False	Ecoli	False	True	False	False	umpire	manual	min	0.6609640474436812
P0AE60	P0AE60		cedA		1767110.0	1793170.0	1731330.0	1630040.0	1668290.0	1520260.0	0	0.867639143809787	0.014520967613047974	False	0.045023980815347725	False	False	Ecoli	False	True	False	False	umpire	manual	min	0.6609640474436812
P60340	P60340		truB		8348430.0	7992910.0	8482640.0	8103800.0	8129840.0	8287550.0	0	0.8679403587378457	-0.005110013864935054	False	0.04505395683453238	False	False	Ecoli	False	True	False	False	umpire	manual	min	0.6609640474436812
P75780	P75780		fiu		665668.0	602540.0	670010.0	698781.0	649190.0	728414.0	0	0.8686356606814933	-0.015351363074917357	False	0.04508393285371703	False	False	Ecoli	False	True	False	False	umpire	manual	min	0.6609640474436812
P0ABZ6	P0ABZ6		surA		11875300.0	11641900.0	11752900.0	11838800.0	11713200.0	11830800.0	0	0.8698455497589701	0.0017601588604388662	False	0.045113908872901676	False	False	Ecoli	False	True	False	False	umpire	manual	min	0.6609640474436812
P07021	P07021		yfiB		774312.0	779625.0	749191.0	793477.0	845583.0	854129.0	0	0.8703172878962936	0.011920465171101282	False	0.04514388489208633	False	False	Ecoli	False	True	False	False	umpire	manual	min	0.6609640474436812
P07012	P07012		prfB		7712650.0	7943220.0	7839490.0	7949660.0	7830480.0	8016080.0	0	0.8728102150358533	0.003192189194564542	False	0.045173860911270985	False	False	Ecoli	False	True	False	False	umpire	manual	min	0.6609640474436812
P0AD83	P0AD83		pyrL		396192.0	522089.0	335339.0	499626.0	494708.0	443901.0	0	0.8771951030602232	0.034847979122219416	False	0.04520383693045564	False	False	Ecoli	False	True	False	False	umpire	manual	min	0.6609640474436812
P0AEB2	P0AEB2		dacA		7935780.0	8043050.0	7955980.0	8188880.0	7889610.0	8107500.0	0	0.8777791979649077	0.0031095989171542517	False	0.04523381294964029	False	False	Ecoli	False	True	False	False	umpire	manual	min	0.6609640474436812
P24186	P24186		folD		5789950.0	5829500.0	5827820.0	5788120.0	5911470.0	5935910.0	0	0.8778126423171815	0.0022987543414654987	False	0.04526378896882494	False	False	Ecoli	False	True	False	False	umpire	manual	min	0.6609640474436812
P76585	P76585		yphG		8794030.0	8581350.0	8839160.0	8315750.0	9044430.0	8708240.0	0	0.8779795414505017	-0.00638636155079193	False	0.04529376498800959	False	False	Ecoli	False	True	False	False	umpire	manual	min	0.6609640474436812
P04846	P04846		nlpA		3218850.0	3263460.0	3225060.0	3215040.0	3365000.0	3296050.0	0	0.8785196093017791	-0.003939823643870703	False	0.04532374100719425	False	False	Ecoli	False	True	False	False	umpire	manual	min	0.6609640474436812
Q46835	Q46835		yghG		692963.0	826220.0	663242.0	807058.0	926913.0	834066.0	0	0.8787359902220897	-0.026704120854754137	False	0.0453537170263789	False	False	Ecoli	False	True	False	False	umpire	manual	min	0.6609640474436812
P76291	P76291		cmoB		2026640.0	2028750.0	2075280.0	2084970.0	1967050.0	2093150.0	0	0.8808412285132923	0.004992387200698321	False	0.04538369304556355	False	False	Ecoli	False	True	False	False	umpire	manual	min	0.6609640474436812
P0A9D8	P0A9D8		dapD		38896000.0	38962200.0	39312900.0	38377800.0	38978100.0	38948800.0	0	0.8819223412780007	0.001707932710257686	False	0.045413669064748204	False	False	Ecoli	False	True	False	False	umpire	manual	min	0.6609640474436812
P0A8V6	P0A8V6		fadR		5151070.0	5083400.0	4930950.0	5220710.0	5168090.0	5130240.0	0	0.883518001442681	0.004227782757615446	False	0.04544364508393285	False	False	Ecoli	False	True	False	False	umpire	manual	min	0.6609640474436812
P0A972	P0A972		cspE		125901000.0	128299000.0	126933000.0	125530000.0	126884000.0	124583000.0	0	0.8846868464545947	-0.0021465451919043532	False	0.04547362110311751	False	False	Ecoli	False	True	False	False	umpire	manual	min	0.6609640474436812
P05637	P05637		apaH		1579140.0	1579630.0	1572800.0	1810110.0	1563980.0	1742950.0	0	0.8855201743756103	-0.013233744038383718	False	0.04550359712230216	False	False	Ecoli	False	True	False	False	umpire	manual	min	0.6609640474436812
P0AGE0	P0AGE0		ssb		29900400.0	30042800.0	29709700.0	30299200.0	30436000.0	30648600.0	0	0.8857233523465335	0.002341314750222493	False	0.04553357314148681	False	False	Ecoli	False	True	False	False	umpire	manual	min	0.6609640474436812
P46837	P46837		yhgF		8226330.0	8272650.0	8200650.0	8193680.0	8248170.0	8160690.0	0	0.8859286760023977	0.0010048675282861687	False	0.045563549160671464	False	False	Ecoli	False	True	False	False	umpire	manual	min	0.6609640474436812
P0AFB1	P0AFB1		nlpI		1651560.0	1552860.0	1537270.0	1631130.0	1637060.0	1581020.0	0	0.8859867177367888	-0.006022958568685966	False	0.04559352517985611	False	False	Ecoli	False	True	False	False	umpire	manual	min	0.6609640474436812
P33643	P33643		rluD		3105210.0	3162740.0	3079190.0	3156300.0	3121240.0	3102240.0	0	0.8874976894619082	0.002073878522926924	False	0.045623501199040774	False	False	Ecoli	False	True	False	False	umpire	manual	min	0.6609640474436812
P67244	P67244		yqhA		602105.0	691666.0	627542.0	728870.0	667696.0	754376.0	0	0.888384274534496	0.017032994709965138	False	0.04565347721822542	False	False	Ecoli	False	True	False	False	umpire	manual	min	0.6609640474436812
P00887	P00887		aroH		1373620.0	1498100.0	1362010.0	1420890.0	1479880.0	1413400.0	0	0.8889646032258303	0.007541005532308674	False	0.04568345323741008	False	False	Ecoli	False	True	False	False	umpire	manual	min	0.6609640474436812
P0A9R7	P0A9R7		ftsE		3166880.0	3044890.0	3108640.0	3054310.0	2931850.0	2922310.0	0	0.8893166261627159	0.006217512970197787	False	0.045713429256594725	False	False	Ecoli	False	True	False	False	umpire	manual	min	0.6609640474436812
P0A8A4	P0A8A4		ppsR		1968260.0	1944840.0	1948860.0	2049370.0	2022190.0	2083910.0	0	0.8896966649318081	-0.005620758120099158	False	0.04574340527577937	False	False	Ecoli	False	True	False	False	umpire	manual	min	0.6609640474436812
P0ADV1	P0ADV1		lptA		3632190.0	3847380.0	3582700.0	3552800.0	3897760.0	3611840.0	0	0.8925504358916676	0.007583652981270636	False	0.045773381294964034	False	False	Ecoli	False	True	False	False	umpire	manual	min	0.6609640474436812
P39404	P39404		bglJ		1890640.0	2268710.0	1986890.0	1957190.0	2185710.0	1908910.0	0	0.8940802448804495	-0.014554749123066141	False	0.04580335731414868	False	False	Ecoli	False	True	False	False	umpire	manual	min	0.6609640474436812
P39401	P39401		mdoB		1397630.0	1389980.0	1332530.0	1389140.0	1352370.0	1266530.0	0	0.89489502939327	-0.007064235456426392	False	0.04583333333333334	False	False	Ecoli	False	True	False	False	umpire	manual	min	0.6609640474436812
P0A6M4	P0A6M4		dtd		2002520.0	2294550.0	2065190.0	2223430.0	2305390.0	2248590.0	0	0.8955669703076949	-0.010617408208557586	False	0.045863309352517985	False	False	Ecoli	False	True	False	False	umpire	manual	min	0.6609640474436812
P0A9I3	P0A9I3		gcvR		2605710.0	2677400.0	2575650.0	2567060.0	2617120.0	2500190.0	0	0.8957651884559618	0.004356918888819743	False	0.04589328537170263	False	False	Ecoli	False	True	False	False	umpire	manual	min	0.6609640474436812
P0ACL2	P0ACL2		exuR		2552000.0	2598530.0	2690820.0	2285950.0	2471290.0	2356060.0	0	0.8960242836170506	0.011292992066694395	False	0.045923261390887295	False	False	Ecoli	False	True	False	False	umpire	manual	min	0.6609640474436812
P0ADC3	P0ADC3		lolC		1738490.0	1754590.0	1751030.0	1687460.0	1708040.0	1667180.0	0	0.8963552948955669	0.00384372139695508	False	0.04595323741007194	False	False	Ecoli	False	True	False	False	umpire	manual	min	0.6609640474436812
P63228	P63228		gmhB		4143720.0	4100140.0	3952900.0	4521400.0	4103430.0	4417000.0	0	0.896409130392931	0.009503833015944438	False	0.0459832134292566	False	False	Ecoli	False	True	False	False	umpire	manual	min	0.6609640474436812
P32176	P32176		fdoG		8557170.0	8624880.0	8515980.0	8543830.0	8651280.0	8549160.0	0	0.8966027257813796	0.0011285275231785474	False	0.046013189448441245	False	False	Ecoli	False	True	False	False	umpire	manual	min	0.6609640474436812
P0A8E1	P0A8E1		ycfP		12798100.0	12496200.0	12633000.0	12758900.0	12860400.0	12899900.0	0	0.8969938973395133	-0.002192921795354243	False	0.04604316546762591	False	False	Ecoli	False	True	False	False	umpire	manual	min	0.6609640474436812
P0A8C4	P0A8C4		ygfB		3382080.0	3563880.0	3464490.0	3555020.0	3555400.0	3666700.0	0	0.897560765261695	0.005140919456338695	False	0.046073141486810555	False	False	Ecoli	False	True	False	False	umpire	manual	min	0.6609640474436812
P0AAS7	P0AAS7		ybcJ		2655290.0	2619830.0	2723880.0	2615430.0	2703260.0	2746760.0	0	0.8977758265058571	-0.003716202783230445	False	0.04610311750599521	False	False	Ecoli	False	True	False	False	umpire	manual	min	0.6609640474436812
P06846	P06846		ebgR		1417980.0	1456650.0	1461140.0	1260580.0	1257550.0	1152050.0	0	0.8998386987118184	0.017087034378238383	False	0.04613309352517986	False	False	Ecoli	False	True	False	False	umpire	manual	min	0.6609640474436812
P0AE48	P0AE48		ytfP		3885970.0	3877570.0	3807750.0	3887080.0	3978320.0	3931340.0	0	0.8998992428461478	0.002683133518295897	False	0.046163069544364506	False	False	Ecoli	False	True	False	False	umpire	manual	min	0.6609640474436812
P76193	P76193		ynhG		1699200.0	1615260.0	1741400.0	1765960.0	1623890.0	1790060.0	0	0.9005325590671791	-0.00753501223745081	False	0.04619304556354917	False	False	Ecoli	False	True	False	False	umpire	manual	min	0.6609640474436812
P64423	P64423		zntB		382077.0	486019.0	373449.0	379123.0	467496.0	330085.0	0	0.901837928788306	-0.026115696610381368	False	0.046223021582733816	False	False	Ecoli	False	True	False	False	umpire	manual	min	0.6609640474436812
P0A6S0	P0A6S0		flgH		2455470.0	2521270.0	2513450.0	2392430.0	2557560.0	2465010.0	0	0.9019557812670111	-0.004198816321688672	False	0.04625299760191847	False	False	Ecoli	False	True	False	False	umpire	manual	min	0.6609640474436812
P32053	P32053		intA		83907.7	231501.0	190465.0	99258.3	191206.0	144767.0	3	0.9023364879599809	-0.06364002049559589	False	0.04628297362110312	False	False	Ecoli	False	True	False	False	umpire	manual	min	0.6609640474436812
P76536	P76536		yfeX		9239410.0	8950360.0	9071700.0	9026770.0	8985230.0	8844250.0	0	0.9025073767383383	-0.0026487852690344313	False	0.046312949640287766	False	False	Ecoli	False	True	False	False	umpire	manual	min	0.6609640474436812
P0AG55	P0AG55		rplF		187806000.0	187772000.0	188626000.0	185480000.0	186460000.0	185454000.0	0	0.9044122909258441	0.0011988179860138884	False	0.04634292565947243	False	False	Ecoli	False	True	False	False	umpire	manual	min	0.6609640474436812
P0AGG4	P0AGG4		trxC		3469890.0	3792220.0	3719970.0	3937710.0	3195030.0	3682040.0	0	0.9077065406135414	0.012104569963549814	False	0.046372901678657076	False	False	Ecoli	False	True	False	False	umpire	manual	min	0.6609640474436812
P0A7A9	P0A7A9		ppa		90483500.0	88979000.0	92019500.0	86782800.0	89621200.0	88336000.0	0	0.9079186358464981	-0.003363102628684133	False	0.04640287769784173	False	False	Ecoli	False	True	False	False	umpire	manual	min	0.6609640474436812
P09831	P09831		gltB		2593690.0	2575640.0	2568420.0	2591960.0	2618170.0	2603050.0	0	0.9081722842221942	-0.0011448098434459581	False	0.04643285371702638	False	False	Ecoli	False	True	False	False	umpire	manual	min	0.6609640474436812
P25539	P25539		ribD		3975110.0	4006130.0	4049400.0	4082440.0	3993630.0	4168700.0	0	0.9093625844968007	0.002908520153320179	False	0.046462829736211034	False	False	Ecoli	False	True	False	False	umpire	manual	min	0.6609640474436812
P39347	P39347		intB		864146.0	818006.0	826356.0	891413.0	812352.0	858384.0	0	0.9097129495769645	0.00592652588454142	False	0.04649280575539569	False	False	Ecoli	False	True	False	False	umpire	manual	min	0.6609640474436812
P33650	P33650		feoB		2504150.0	2704190.0	2554250.0	2605880.0	2366620.0	2362850.0	0	0.9103235931316526	0.008493019945109159	False	0.046522781774580343	False	False	Ecoli	False	True	False	False	umpire	manual	min	0.6609640474436812
P0A9S1	P0A9S1		fucO		552319.0	496572.0	482313.0	459742.0	515836.0	423927.0	0	0.9108527646400545	0.014696303930475272	False	0.04655275779376499	False	False	Ecoli	False	True	False	False	umpire	manual	min	0.6609640474436812
P0A9M8	P0A9M8		pta		37602700.0	38462200.0	38107500.0	38638700.0	38184200.0	38727600.0	0	0.9110933427191431	-0.001732066503037215	False	0.04658273381294964	False	False	Ecoli	False	True	False	False	umpire	manual	min	0.6609640474436812
P36566	P36566		smtA		313556.0	361669.0	381947.0	376746.0	369936.0	439645.0	0	0.9122769424043025	-0.017695831321735415	False	0.046612709832134294	False	False	Ecoli	False	True	False	False	umpire	manual	min	0.6609640474436812
P0A8U0	P0A8U0		syd		2071260.0	2049390.0	2084800.0	1889190.0	1929400.0	1818160.0	0	0.9126691287369513	0.008630222548391324	False	0.04664268585131895	False	False	Ecoli	False	True	False	False	umpire	manual	min	0.6609640474436812
P0A9I8	P0A9I8		nirD		2671320.0	2658510.0	2726160.0	2676700.0	2546230.0	2598530.0	0	0.9137774200983704	-0.0037672403555247635	False	0.046672661870503604	False	False	Ecoli	False	True	False	False	umpire	manual	min	0.6609640474436812
P00550	P00550		mtlA		2081970.0	2014350.0	2102640.0	1948660.0	1992480.0	1966800.0	0	0.9154350426734779	0.004609230409775428	False	0.04670263788968825	False	False	Ecoli	False	True	False	False	umpire	manual	min	0.6609640474436812
P0A9W3	P0A9W3		yjjK		10157800.0	10184300.0	10124400.0	10034700.0	10177100.0	9966570.0	0	0.9155266404128408	-0.001309835348115038	False	0.04673261390887291	False	False	Ecoli	False	True	False	False	umpire	manual	min	0.6609640474436812
P45799	P45799		nudE		1979020.0	2014450.0	1998290.0	2185210.0	1946700.0	2168110.0	0	0.9159579077066369	0.007366202248223205	False	0.046762589928057555	False	False	Ecoli	False	True	False	False	umpire	manual	min	0.6609640474436812
P0C0R7	P0C0R7		rlmE		4202560.0	4251650.0	4231050.0	4136090.0	4276120.0	4204460.0	0	0.9160435642285643	0.00175733102802578	False	0.046792565947242216	False	False	Ecoli	False	True	False	False	umpire	manual	min	0.6609640474436812
P0A991	P0A991		fbaB		7405290.0	7393130.0	7184500.0	7229920.0	7289820.0	6958630.0	0	0.9165600326043606	0.003506051597013489	False	0.046822541966426864	False	False	Ecoli	False	True	False	False	umpire	manual	min	0.6609640474436812
P0ABH0	P0ABH0		ftsA		3201940.0	3371250.0	3290500.0	3184840.0	3348300.0	3273330.0	0	0.9167705279225189	0.0033562388330850242	False	0.04685251798561151	False	False	Ecoli	False	True	False	False	umpire	manual	min	0.6609640474436812
P37648	P37648		yhjJ		3338660.0	3379940.0	3318450.0	3363280.0	3394840.0	3349390.0	0	0.9171060388290517	-0.0012289495724246665	False	0.04688249400479617	False	False	Ecoli	False	True	False	False	umpire	manual	min	0.6609640474436812
P00864	P00864		ppc		11189000.0	11114600.0	11356400.0	11070500.0	11085300.0	11175400.0	0	0.9174847877822132	-0.0014299633169383168	False	0.046912470023980815	False	False	Ecoli	False	True	False	False	umpire	manual	min	0.6609640474436812
P0ADP7	P0ADP7		yigP		1928960.0	2002400.0	1758090.0	2132840.0	2015260.0	2014070.0	0	0.9180282693187299	0.00955338768367662	False	0.04694244604316548	False	False	Ecoli	False	True	False	False	umpire	manual	min	0.6609640474436812
P0AC41	P0AC41		sdhA		4251490.0	4130260.0	4211750.0	4061470.0	4107350.0	3968250.0	0	0.9197732068419513	-0.003566695782845448	False	0.046972422062350125	False	False	Ecoli	False	True	False	False	umpire	manual	min	0.6609640474436812
P0A6X3	P0A6X3		hfq		1108010.0	1081680.0	1107540.0	1025370.0	1057370.0	986341.0	0	0.9200935907668619	-0.006458055839347638	False	0.04700239808153477	False	False	Ecoli	False	True	False	False	umpire	manual	min	0.6609640474436812
P0AEI4	P0AEI4		rimO		5006330.0	4865330.0	5115430.0	4923870.0	4784480.0	4917920.0	0	0.9206034569207597	-0.003332292744515202	False	0.04703237410071943	False	False	Ecoli	False	True	False	False	umpire	manual	min	0.6609640474436812
P0A9J6	P0A9J6		rbsK		3278450.0	3243250.0	3164860.0	3204280.0	3360570.0	3186620.0	0	0.9206840448304672	-0.0031751426847984477	False	0.047062350119904076	False	False	Ecoli	False	True	False	False	umpire	manual	min	0.6609640474436812
P42641	P42641		obgE		8145400.0	7923640.0	8156940.0	7907640.0	7908890.0	7867000.0	0	0.9213442298562544	-0.0022542533358086577	False	0.04709232613908874	False	False	Ecoli	False	True	False	False	umpire	manual	min	0.6609640474436812
P37657	P37657		bcsE		686825.0	721152.0	664595.0	696196.0	706833.0	652192.0	0	0.9220762326534286	-0.0052111640403371875	False	0.047122302158273385	False	False	Ecoli	False	True	False	False	umpire	manual	min	0.6609640474436812
P30130	P30130		fimD		9226850.0	9280230.0	9262870.0	10035300.0	9409510.0	10336700.0	0	0.9221924172156193	0.006823498868483256	False	0.04715227817745804	False	False	Ecoli	False	True	False	False	umpire	manual	min	0.6609640474436812
P0A8M0	P0A8M0		asnS		33414200.0	33824500.0	33587000.0	34011000.0	33463000.0	33757100.0	0	0.9224911157772555	-0.0009310621560938299	False	0.04718225419664269	False	False	Ecoli	False	True	False	False	umpire	manual	min	0.6609640474436812
P0AE12	P0AE12		amn		1104000.0	1059890.0	1132010.0	993466.0	1146320.0	1124680.0	0	0.9226395533741896	0.007377582089798976	False	0.047212230215827336	False	False	Ecoli	False	True	False	False	umpire	manual	min	0.6609640474436812
P31827	P31827		yddB		708215.0	601503.0	731702.0	99258.3	735771.0	332563.0	1	0.9227266665664	0.06794322469795906	False	0.047242206235012	False	False	Ecoli	False	True	False	False	umpire	manual	min	0.6609640474436812
P0AAN5	P0AAN5		yaiA		1309700.0	1445690.0	1321070.0	1364390.0	1461180.0	1373700.0	0	0.9233159286877717	-0.006118937162756197	False	0.047272182254196646	False	False	Ecoli	False	True	False	False	umpire	manual	min	0.6609640474436812
P0A968	P0A968		cspD		793014.0	875728.0	843252.0	742635.0	844313.0	746180.0	0	0.9248940007011789	-0.009098457330498886	False	0.0473021582733813	False	False	Ecoli	False	True	False	False	umpire	manual	min	0.6609640474436812
P0AG27	P0AG27		yibN		15857700.0	15750700.0	15890100.0	15814000.0	15820300.0	15900500.0	0	0.9251918740306406	-0.00047060921449776686	False	0.04733213429256595	False	False	Ecoli	False	True	False	False	umpire	manual	min	0.6609640474436812
P24228	P24228		dacB		1947960.0	1827710.0	1874190.0	1698960.0	1779800.0	1610870.0	0	0.9259585006371757	0.009024690082269058	False	0.047362110311750596	False	False	Ecoli	False	True	False	False	umpire	manual	min	0.6609640474436812
P0A903	P0A903		bamC		19560500.0	19395200.0	19564800.0	19519600.0	19300000.0	19456800.0	0	0.9272016814596029	0.0006941919080241941	False	0.04739208633093526	False	False	Ecoli	False	True	False	False	umpire	manual	min	0.6609640474436812
P0C054	P0C054		ibpA		4758920.0	4921040.0	4920710.0	4709650.0	4766250.0	4689620.0	0	0.9276422644874591	-0.002711242499072022	False	0.047422062350119906	False	False	Ecoli	False	True	False	False	umpire	manual	min	0.6609640474436812
P0AGL2	P0AGL2		tdcF		921971.0	928686.0	977782.0	1026400.0	915223.0	1087210.0	0	0.927718343531668	0.009094719880361367	False	0.04745203836930456	False	False	Ecoli	False	True	False	False	umpire	manual	min	0.6609640474436812
P05791	P05791		ilvD		3082330.0	3118680.0	3084640.0	3059840.0	3106270.0	3042490.0	0	0.9306796778404414	-0.0011311125979409742	False	0.04748201438848921	False	False	Ecoli	False	True	False	False	umpire	manual	min	0.6609640474436812
P68187	P68187		malK		1655350.0	1572150.0	1490120.0	1586800.0	1644360.0	1474640.0	0	0.9308026893321262	-0.005860551913122666	False	0.047511990407673864	False	False	Ecoli	False	True	False	False	umpire	manual	min	0.6609640474436812
Q46856	Q46856		yqhD		4348920.0	4298240.0	4401210.0	4408450.0	4179850.0	4320240.0	0	0.9314274099063367	-0.0024577652015328553	False	0.04754196642685852	False	False	Ecoli	False	True	False	False	umpire	manual	min	0.6609640474436812
P0A6L9	P0A6L9		hscB		4960010.0	4804890.0	4885840.0	5053760.0	4894470.0	5096330.0	0	0.9331251810130846	0.002639044443847988	False	0.047571942446043174	False	False	Ecoli	False	True	False	False	umpire	manual	min	0.6609640474436812
P27836	P27836		wecG		603457.0	541419.0	548900.0	567844.0	543776.0	522679.0	0	0.9339218478734146	0.0060992463988806525	False	0.04760191846522782	False	False	Ecoli	False	True	False	False	umpire	manual	min	0.6609640474436812
P33570	P33570		tktB		2275840.0	2329770.0	2312180.0	2308600.0	2305710.0	2325750.0	0	0.9341756396856243	0.0010139993055724794	False	0.04763189448441247	False	False	Ecoli	False	True	False	False	umpire	manual	min	0.6609640474436812
P64588	P64588		yqjI		1567810.0	1520400.0	1438530.0	1777250.0	1419540.0	1579230.0	0	0.9354107798200957	0.009962537753981229	False	0.047661870503597124	False	False	Ecoli	False	True	False	False	umpire	manual	min	0.6609640474436812
P77202	P77202		dsbG		300804.0	336381.0	305334.0	369714.0	339020.0	384788.0	0	0.9358433420471968	0.011202683642292422	False	0.04769184652278178	False	False	Ecoli	False	True	False	False	umpire	manual	min	0.6609640474436812
P0ABB4	P0ABB4		atpD		51296900.0	50935400.0	51253300.0	51176300.0	51462800.0	51604500.0	0	0.9361360624309552	-0.000521327486285051	False	0.047721822541966434	False	False	Ecoli	False	True	False	False	umpire	manual	min	0.6609640474436812
P0AEW9	P0AEW9		fruK		17357100.0	17133500.0	17144200.0	17097400.0	16874900.0	16561200.0	0	0.9380008889865075	-0.001827227850971147	False	0.04775179856115108	False	False	Ecoli	False	True	False	False	umpire	manual	min	0.6609640474436812
P61714	P61714		ribE		46865000.0	46584900.0	47366000.0	45833500.0	46725100.0	46591000.0	0	0.939159232114794	0.0011986151358407545	False	0.04778177458033573	False	False	Ecoli	False	True	False	False	umpire	manual	min	0.6609640474436812
P37182	P37182		hybD		4099440.0	4234100.0	4105110.0	4005430.0	4123150.0	3871990.0	0	0.9394235670527631	-0.0033246814203483142	False	0.047811750599520385	False	False	Ecoli	False	True	False	False	umpire	manual	min	0.6609640474436812
P31658	P31658		hchA		8894260.0	8868680.0	8148520.0	9396930.0	9003100.0	8690770.0	0	0.9399444561939122	-0.005163000359124136	False	0.04784172661870504	False	False	Ecoli	False	True	False	False	umpire	manual	min	0.6609640474436812
P31825	P31825		yfiC		667354.0	674973.0	608636.0	679086.0	738050.0	692978.0	0	0.9407206102496792	0.00677319690634074	False	0.047871702637889695	False	False	Ecoli	False	True	False	False	umpire	manual	min	0.6609640474436812
P0A731	P0A731		mgsA		4101480.0	3974120.0	3975650.0	3717800.0	3908280.0	3569260.0	0	0.9409309443175837	0.005353345029061743	False	0.04790167865707434	False	False	Ecoli	False	True	False	False	umpire	manual	min	0.6609640474436812
P0AFW8	P0AFW8		rof		3067850.0	3048180.0	3046060.0	2924820.0	3142080.0	3012550.0	0	0.9426037696580565	0.002470723639169461	False	0.047931654676259	False	False	Ecoli	False	True	False	False	umpire	manual	min	0.6609640474436812
P77735	P77735		yajO		3825380.0	3792800.0	3905880.0	3812780.0	3806090.0	3917850.0	0	0.9430575562731746	0.001411366082075531	False	0.047961630695443645	False	False	Ecoli	False	True	False	False	umpire	manual	min	0.6609640474436812
P21499	P21499		rnr		4966580.0	4944590.0	4984490.0	4905720.0	5002240.0	4974250.0	0	0.9456220222207212	-0.0006811868226888508	False	0.04799160671462831	False	False	Ecoli	False	True	False	False	umpire	manual	min	0.6609640474436812
P0A9S5	P0A9S5		gldA		12715200.0	12988500.0	12629900.0	12446000.0	13066000.0	12489100.0	0	0.9458100193279212	0.0019239792247721164	False	0.048021582733812955	False	False	Ecoli	False	True	False	False	umpire	manual	min	0.6609640474436812
P37590	P37590		pmrD		2300050.0	2459340.0	2477890.0	2229450.0	1867180.0	1869300.0	0	0.9458887890043328	0.011838216444414396	False	0.0480515587529976	False	False	Ecoli	False	True	False	False	umpire	manual	min	0.6609640474436812
P0A937	P0A937		bamE		8171220.0	8218140.0	7993690.0	8283820.0	8365560.0	8279530.0	0	0.94729834522619	0.001510805466258836	False	0.04808153477218226	False	False	Ecoli	False	True	False	False	umpire	manual	min	0.6609640474436812
P32141	P32141		yihT		511943.0	377282.0	372966.0	601170.0	404314.0	472112.0	0	0.9486282091246041	-0.018022686662189476	False	0.048111510791366906	False	False	Ecoli	False	True	False	False	umpire	manual	min	0.6609640474436812
P69801	P69801		manY		1137110.0	1257200.0	1163190.0	1414540.0	1263700.0	1424790.0	0	0.9497535244324248	-0.008410768316811434	False	0.04814148681055157	False	False	Ecoli	False	True	False	False	umpire	manual	min	0.6609640474436812
P26648	P26648		ftsP		1449150.0	1293080.0	1258610.0	1411230.0	1302450.0	1213430.0	0	0.950299609054975	-0.006052523973835004	False	0.048171462829736215	False	False	Ecoli	False	True	False	False	umpire	manual	min	0.6609640474436812
P0A6H8	P0A6H8		cls		246553.0	208290.0	229262.0	222700.0	186646.0	179068.0	0	0.9507156785908328	-0.01065032330594951	False	0.04820143884892086	False	False	Ecoli	False	True	False	False	umpire	manual	min	0.6609640474436812
P0A915	P0A915		ompW		15615300.0	15391800.0	15440700.0	16316500.0	15656800.0	16332300.0	0	0.9518811170636305	-0.002271687818854516	False	0.04823141486810552	False	False	Ecoli	False	True	False	False	umpire	manual	min	0.6609640474436812
P0A7J7	P0A7J7		rplK		138623000.0	134681000.0	137021000.0	137122000.0	135087000.0	135661000.0	0	0.9520391051766961	-0.0009345307639472851	False	0.048261390887290166	False	False	Ecoli	False	True	False	False	umpire	manual	min	0.6609640474436812
P33195	P33195		gcvP		5548020.0	5636600.0	5533050.0	5431470.0	5660300.0	5423460.0	0	0.9538441091771552	-0.0014534221826611948	False	0.04829136690647483	False	False	Ecoli	False	True	False	False	umpire	manual	min	0.6609640474436812
P0A9M0	P0A9M0		lon		9365020.0	9323730.0	9336520.0	9383290.0	9401030.0	9439290.0	0	0.954488413251701	0.0003693372864005589	False	0.048321342925659476	False	False	Ecoli	False	True	False	False	umpire	manual	min	0.6609640474436812
P0AG20	P0AG20		relA		6018630.0	6032240.0	6179780.0	5807510.0	5912180.0	5871380.0	0	0.9545933883796192	0.0018348977917102736	False	0.04835131894484413	False	False	Ecoli	False	True	False	False	umpire	manual	min	0.6609640474436812
P0AAJ5	P0AAJ5		fdoH		3783020.0	3709650.0	3694840.0	3782110.0	3817790.0	3810500.0	0	0.9555993264888416	0.0010763756257858518	False	0.04838129496402878	False	False	Ecoli	False	True	False	False	umpire	manual	min	0.6609640474436812
P0AFL3	P0AFL3		ppiA		6388530.0	6304370.0	6316940.0	6191100.0	6327850.0	6157360.0	0	0.9558775181207396	0.0011002200406424706	False	0.04841127098321343	False	False	Ecoli	False	True	False	False	umpire	manual	min	0.6609640474436812
P0AAN3	P0AAN3		hypB		2557660.0	2734260.0	2727200.0	2703720.0	2662920.0	2815840.0	0	0.9577053192267819	0.0024790539095688995	False	0.04844124700239809	False	False	Ecoli	False	True	False	False	umpire	manual	min	0.6609640474436812
P52060	P52060		yggU		636591.0	654173.0	609308.0	661576.0	616958.0	600818.0	0	0.9587099332926239	0.0028552928775173866	False	0.048471223021582736	False	False	Ecoli	False	True	False	False	umpire	manual	min	0.6609640474436812
P0AEB7	P0AEB7		yoaB		11199800.0	10530900.0	10745200.0	10624300.0	10534900.0	10118700.0	0	0.9593053865196435	-0.00248920839020183	False	0.04850119904076739	False	False	Ecoli	False	True	False	False	umpire	manual	min	0.6609640474436812
P63235	P63235		gadC		2661400.0	2504440.0	2588250.0	2537250.0	2595660.0	2546890.0	0	0.9594930744751999	-0.0015760019546772622	False	0.04853117505995204	False	False	Ecoli	False	True	False	False	umpire	manual	min	0.6609640474436812
P0AGM5	P0AGM5		sirB1		436342.0	423180.0	458402.0	416715.0	373560.0	393632.0	0	0.9602237146089453	0.0051633804141902676	False	0.048561151079136694	False	False	Ecoli	False	True	False	False	umpire	manual	min	0.6609640474436812
P0AF20	P0AF20		nagC		1448290.0	1510720.0	1472000.0	1492150.0	1461380.0	1469840.0	0	0.9602578973537176	0.0010818934268050874	False	0.04859112709832135	False	False	Ecoli	False	True	False	False	umpire	manual	min	0.6609640474436812
P00547	P00547		thrB		994457.0	941631.0	980970.0	1047000.0	883077.0	967050.0	0	0.9620104593846548	-0.003924980755257625	False	0.048621103117506004	False	False	Ecoli	False	True	False	False	umpire	manual	min	0.6609640474436812
P0A9V1	P0A9V1		lptB		6253550.0	6196230.0	6254810.0	6001850.0	6283200.0	6074530.0	0	0.9631074630902147	-0.0012105442642889941	False	0.04865107913669065	False	False	Ecoli	False	True	False	False	umpire	manual	min	0.6609640474436812
P24183	P24183		fdnG		4464880.0	4463080.0	4360390.0	4371300.0	4577320.0	4392290.0	0	0.9636955755412675	0.001217900401483718	False	0.0486810551558753	False	False	Ecoli	False	True	False	False	umpire	manual	min	0.6609640474436812
P30011	P30011		nadC		2115680.0	2040750.0	2073630.0	1932590.0	2081880.0	1921140.0	0	0.9647518444911749	-0.0024974510362834627	False	0.048711031175059955	False	False	Ecoli	False	True	False	False	umpire	manual	min	0.6609640474436812
P36930	P36930		gatR		1175040.0	1129300.0	1145620.0	1045510.0	1163940.0	1057750.0	0	0.9650642711070974	0.0030154776346592066	False	0.04874100719424461	False	False	Ecoli	False	True	False	False	umpire	manual	min	0.6609640474436812
P0A7T3	P0A7T3		rpsP		150722000.0	148966000.0	153062000.0	148633000.0	147127000.0	148867000.0	0	0.9658308932733093	-0.0008585011367220884	False	0.048770983213429264	False	False	Ecoli	False	True	False	False	umpire	manual	min	0.6609640474436812
P16700	P16700		cysP		8207720.0	8085940.0	8260890.0	8060990.0	7850820.0	7858720.0	0	0.967582794107277	-0.0012132650358203873	False	0.04880095923261391	False	False	Ecoli	False	True	False	False	umpire	manual	min	0.6609640474436812
P20966	P20966		fruA		10953300.0	10874300.0	11053800.0	11009600.0	10842200.0	11089500.0	0	0.9680746840508638	0.0005041115949066131	False	0.04883093525179856	False	False	Ecoli	False	True	False	False	umpire	manual	min	0.6609640474436812
P39300	P39300		ulaG		341370.0	433520.0	401027.0	332628.0	491542.0	457576.0	0	0.9688418704012567	0.008534108079130928	False	0.048860911270983215	False	False	Ecoli	False	True	False	False	umpire	manual	min	0.6609640474436812
P06616	P06616		era		3532860.0	3508650.0	3550790.0	3473290.0	3456610.0	3434130.0	0	0.969609750661536	-0.0006953135494159386	False	0.04889088729016787	False	False	Ecoli	False	True	False	False	umpire	manual	min	0.6609640474436812
P0ACG8	P0ACG8		hslR		1896690.0	1797390.0	1630200.0	1775610.0	2026400.0	1723280.0	0	0.9713912869592387	-0.0039492873423963544	False	0.048920863309352525	False	False	Ecoli	False	True	False	False	umpire	manual	min	0.6609640474436812
P77536	P77536		ykgF		6134060.0	5903830.0	6080280.0	6050750.0	5986350.0	6088400.0	0	0.9714901287143447	0.0007093328613397328	False	0.04895083932853717	False	False	Ecoli	False	True	False	False	umpire	manual	min	0.6609640474436812
P0A8Y5	P0A8Y5		yidA		4478260.0	4584430.0	4546040.0	4527880.0	4544740.0	4559880.0	0	0.9715564476184548	0.00041414705933721154	False	0.04898081534772183	False	False	Ecoli	False	True	False	False	umpire	manual	min	0.6609640474436812
P76223	P76223		ynjB		1985180.0	2190920.0	2025770.0	2110270.0	2039360.0	1990870.0	0	0.9718931908223105	-0.001970759438568288	False	0.049010791366906475	False	False	Ecoli	False	True	False	False	umpire	manual	min	0.6609640474436812
P0AE85	P0AE85		cpxP		845990.0	813757.0	750437.0	786688.0	906597.0	778080.0	0	0.972015576850422	-0.0034844232436155686	False	0.04904076738609114	False	False	Ecoli	False	True	False	False	umpire	manual	min	0.6609640474436812
P27238	P27238		yfeD		915247.0	956689.0	935019.0	924489.0	963075.0	948885.0	0	0.9743425303627591	-0.0009008849072822602	False	0.049070743405275785	False	False	Ecoli	False	True	False	False	umpire	manual	min	0.6609640474436812
P0A6Q3	P0A6Q3		fabA		13283800.0	12924300.0	13231200.0	13253800.0	13310200.0	13567300.0	0	0.9750332926413632	-0.0007179878598170692	False	0.04910071942446043	False	False	Ecoli	False	True	False	False	umpire	manual	min	0.6609640474436812
P43329	P43329		hrpA		1250690.0	1186830.0	1266730.0	1247820.0	1202320.0	1276190.0	0	0.9760206075708066	-0.0012270688436281476	False	0.04913069544364509	False	False	Ecoli	False	True	False	False	umpire	manual	min	0.6609640474436812
P07813	P07813		leuS		14469200.0	14422500.0	14465500.0	14672500.0	14420400.0	14677100.0	0	0.9764152214135282	0.00034441663444975717	False	0.049160671462829736	False	False	Ecoli	False	True	False	False	umpire	manual	min	0.6609640474436812
P23830	P23830		pssA		1430710.0	1407210.0	1345580.0	1355600.0	1554660.0	1411120.0	0	0.9765390648068227	-0.002306988074732057	False	0.0491906474820144	False	False	Ecoli	False	True	False	False	umpire	manual	min	0.6609640474436812
P27278	P27278		nadR		605382.0	625745.0	589785.0	670863.0	651318.0	684013.0	0	0.9766270828848664	0.002392991001370897	False	0.049220623501199046	False	False	Ecoli	False	True	False	False	umpire	manual	min	0.6609640474436812
P0AG78	P0AG78		sbp		760917.0	772003.0	709400.0	761922.0	890362.0	834279.0	0	0.9770676671909284	0.00336505122149409	False	0.049250599520383694	False	False	Ecoli	False	True	False	False	umpire	manual	min	0.6609640474436812
P02413	P02413		rplO		146136000.0	149294000.0	147791000.0	149028000.0	148572000.0	149857000.0	0	0.9794157143273324	-0.00033691252042669965	False	0.04928057553956835	False	False	Ecoli	False	True	False	False	umpire	manual	min	0.6609640474436812
P05100	P05100		tag		1508680.0	1528050.0	1530240.0	1423210.0	1567980.0	1480900.0	0	0.9799266119123486	-0.0012130114145374057	False	0.049310551558752996	False	False	Ecoli	False	True	False	False	umpire	manual	min	0.6609640474436812
P0A725	P0A725		lpxC		2706480.0	2842790.0	2600430.0	3550030.0	2678710.0	3251810.0	0	0.9800530241591254	-0.0045972505200462055	False	0.04934052757793766	False	False	Ecoli	False	True	False	False	umpire	manual	min	0.6609640474436812
P37655	P37655		bcsQ		972435.0	927311.0	927300.0	982148.0	971455.0	983024.0	0	0.9805143026967573	0.0009346511280384485	False	0.049370503597122306	False	False	Ecoli	False	True	False	False	umpire	manual	min	0.6609640474436812
P38038	P38038		cysJ		3408960.0	3371010.0	3367160.0	3323780.0	3437920.0	3345920.0	0	0.9807851406329461	-0.0004230913047210582	False	0.04940047961630696	False	False	Ecoli	False	True	False	False	umpire	manual	min	0.6609640474436812
P0AC13	P0AC13		folP		6850190.0	6889930.0	6828510.0	7038640.0	6800360.0	6921200.0	0	0.981001879306576	-0.00043215752151104243	False	0.04943045563549161	False	False	Ecoli	False	True	False	False	umpire	manual	min	0.6609640474436812
P0A887	P0A887		ubiE		7843550.0	7790590.0	7921090.0	7687200.0	7988620.0	7970850.0	0	0.9811900725441762	0.0004939197805276498	False	0.04946043165467626	False	False	Ecoli	False	True	False	False	umpire	manual	min	0.6609640474436812
P0A7D1	P0A7D1		pth		5516980.0	5490410.0	5516830.0	5481410.0	5466030.0	5458480.0	0	0.9823423472322248	0.00014019448852854114	False	0.04949040767386092	False	False	Ecoli	False	True	False	False	umpire	manual	min	0.6609640474436812
P06710	P06710		dnaX		1389780.0	1395810.0	1326580.0	1389040.0	1462150.0	1389540.0	0	0.9841302947977184	-0.0009119503489249846	False	0.04952038369304557	False	False	Ecoli	False	True	False	False	umpire	manual	min	0.6609640474436812
P04995	P04995		sbcB		13749600.0	13189200.0	13339200.0	13579700.0	13231900.0	13198600.0	0	0.9844548812511756	-0.00048156799448511895	False	0.04955035971223022	False	False	Ecoli	False	True	False	False	umpire	manual	min	0.6609640474436812
P0ACU0	P0ACU0		ybiH		613235.0	646223.0	655275.0	479446.0	625820.0	505278.0	0	0.984865583532297	0.0034335506419602545	False	0.04958033573141487	False	False	Ecoli	False	True	False	False	umpire	manual	min	0.6609640474436812
P0AFJ7	P0AFJ7		pitA		1795130.0	1783730.0	1767710.0	1874430.0	1736310.0	1802250.0	0	0.9850714540699361	0.0007133319367977919	False	0.04961031175059952	False	False	Ecoli	False	True	False	False	umpire	manual	min	0.6609640474436812
P16433	P16433		hycG		1230920.0	1243390.0	1200910.0	1215120.0	1271620.0	1211940.0	0	0.9855032602276299	-0.0005478167812185245	False	0.04964028776978418	False	False	Ecoli	False	True	False	False	umpire	manual	min	0.6609640474436812
P0A9D4	P0A9D4		cysE		3212540.0	3278890.0	3328470.0	3181370.0	3124580.0	3145930.0	0	0.9898857056091808	0.0004401797294404787	False	0.04967026378896883	False	False	Ecoli	False	True	False	False	umpire	manual	min	0.6609640474436812
P31697	P31697		fimC		4617650.0	4736470.0	4585240.0	4618150.0	4612420.0	4464770.0	0	0.9908109493138051	0.0003215884915948223	False	0.04970023980815348	False	False	Ecoli	False	True	False	False	umpire	manual	min	0.6609640474436812
P17443	P17443		murG		3082440.0	3037270.0	3190920.0	2921450.0	3129980.0	3125840.0	0	0.9910116720865767	0.0004994211540462401	False	0.04973021582733813	False	False	Ecoli	False	True	False	False	umpire	manual	min	0.6609640474436812
P31550	P31550		thiB		1798760.0	1727830.0	1752450.0	1709700.0	1740670.0	1674830.0	0	0.9911374464304294	-0.000388259607512695	False	0.049760191846522785	False	False	Ecoli	False	True	False	False	umpire	manual	min	0.6609640474436812
P0AG93	P0AG93		secF		1440140.0	1473370.0	1430210.0	1464300.0	1358170.0	1337360.0	0	0.991254341625424	-0.0006141618649727468	False	0.04979016786570744	False	False	Ecoli	False	True	False	False	umpire	manual	min	0.6609640474436812
P40874	P40874		solA		2973340.0	2923410.0	2947750.0	2955050.0	2857860.0	2865060.0	0	0.9934989194946318	0.00018936819973496257	False	0.049820143884892094	False	False	Ecoli	False	True	False	False	umpire	manual	min	0.6609640474436812
P0ABU9	P0ABU9		tolQ		2470570.0	2484300.0	2402740.0	2471890.0	2434030.0	2354790.0	0	0.994651005087997	0.0001973817843828955	False	0.04985011990407674	False	False	Ecoli	False	True	False	False	umpire	manual	min	0.6609640474436812
P0A9B6	P0A9B6		epd		1651650.0	1701420.0	1690710.0	1668910.0	1678160.0	1684960.0	0	0.9961890927965911	7.15920130084982e-05	False	0.04988009592326139	False	False	Ecoli	False	True	False	False	umpire	manual	min	0.6609640474436812
P0AG24	P0AG24		spoT		2669280.0	2760400.0	2703400.0	2658830.0	2625670.0	2557660.0	0	0.9978431054869552	-0.00010114517506213526	False	0.049910071942446045	False	False	Ecoli	False	True	False	False	umpire	manual	min	0.6609640474436812
P76316	P76316		dcyD		1148430.0	1192260.0	1140150.0	1172970.0	1174490.0	1147080.0	0	0.9978584692891631	6.618455384006393e-05	False	0.0499400479616307	False	False	Ecoli	False	True	False	False	umpire	manual	min	0.6609640474436812
P0AGB0	P0AGB0		serB		2421310.0	2506940.0	2545200.0	2505950.0	2409420.0	2532460.0	0	0.999334786557976	2.7072383298401795e-05	False	0.049970023980815355	False	False	Ecoli	False	True	False	False	umpire	manual	min	0.6609640474436812
P09053	P09053		avtA		507317.0	494612.0	548990.0	474701.0	470319.0	492106.0	0	0.9997713163615639	2.4141119710831757e-05	False	0.05	False	False	Ecoli	False	True	False	False	umpire	manual	min	0.6609640474436812
