Protein.Group	Protein.Ids	Protein.Names	Genes	First.Protein.Description	/home/lerost/DIA_tools_manuscript/input_files/PXD026600/RD139_Wide_UPS1_2_5fmol_inj3.mzML	/home/lerost/DIA_tools_manuscript/input_files/PXD026600/RD139_Wide_UPS1_50fmol_inj1.mzML	/home/lerost/DIA_tools_manuscript/input_files/PXD026600/RD139_Wide_UPS1_2_5fmol_inj1.mzML	/home/lerost/DIA_tools_manuscript/input_files/PXD026600/RD139_Wide_UPS1_2_5fmol_inj2.mzML	/home/lerost/DIA_tools_manuscript/input_files/PXD026600/RD139_Wide_UPS1_50fmol_inj2.mzML	/home/lerost/DIA_tools_manuscript/input_files/PXD026600/RD139_Wide_UPS1_50fmol_inj3.mzML	isna	pval	log2_FC	Bonf_pass	BH_thr	BH_pass	FC_pass	Organism	Human	Ecoli	Yeast	FDR_pass	Search Engine	Quantitation	Imputation	FC_thr
P00918ups|CAH2_HUMAN_UPS Carbonic anhydrase 2 (Chain 2-260) - Homo sapiens (Human)	P00918ups|CAH2_HUMAN_UPS Carbonic anhydrase 2 (Chain 2-260) - Homo sapiens (Human)				1536620.0	22777800.0	1593920.0	1439140.0	23015500.0	22799800.0	0	4.7561212364661024e-08	-3.9078984117367455	True	3.0543677458766035e-05	True	True	Human	True	False	False	True	umpire	manual	min	1.660964047443681
P15559ups|NQO1_HUMAN_UPS NAD(P)H dehydrogenase [quinone] 1 (Chain 2-274) - Homo sapiens (Human)	P15559ups|NQO1_HUMAN_UPS NAD(P)H dehydrogenase [quinone] 1 (Chain 2-274) - Homo sapiens (Human)				1127730.0	13187400.0	824019.0	1001600.0	13417600.0	13180900.0	0	6.237358987245244e-08	-3.751833478408796	True	6.108735491753207e-05	True	True	Human	True	False	False	True	umpire	manual	min	1.660964047443681
P01375ups|TNFA_HUMAN_UPS Tumor necrosis factor, soluble form (Chain 77-233) - Homo sapiens (Human)	P01375ups|TNFA_HUMAN_UPS Tumor necrosis factor, soluble form (Chain 77-233) - Homo sapiens (Human)				646397.0	10072300.0	648392.0	774131.0	9987030.0	10001300.0	0	7.382446820612183e-08	-3.8609254791075003	True	9.163103237629813e-05	True	True	Human	True	False	False	True	umpire	manual	min	1.660964047443681
P55957ups|BID_HUMAN_UPS BH3-interacting domain death agonist (Chain 1-195) - Homo sapiens (Human)	P55957ups|BID_HUMAN_UPS BH3-interacting domain death agonist (Chain 1-195) - Homo sapiens (Human)				472559.0	9986020.0	495293.0	689769.0	10000100.0	10165300.0	0	7.457334013164728e-08	-4.185039857830986	True	0.00012217470983506414	True	True	Human	True	False	False	True	umpire	manual	min	1.660964047443681
P62937ups|PPIA_HUMAN_UPS Peptidyl-prolyl cis-trans isomerase A (Chain 1-165, N terminal His tag)- Homo sapiens (Human)	P62937ups|PPIA_HUMAN_UPS Peptidyl-prolyl cis-trans isomerase A (Chain 1-165, N terminal His tag)- Homo sapiens (Human)				620445.0	6082120.0	646669.0	496520.0	6160820.0	6251040.0	0	1.3165681751112241e-07	-3.390432633312829	True	0.00015271838729383018	True	True	Human	True	False	False	True	umpire	manual	min	1.660964047443681
P05413ups|FABPH_HUMAN_UPS Fatty acid-binding protein, heart (Chain 2-133) - Homo sapiens (Human)	P05413ups|FABPH_HUMAN_UPS Fatty acid-binding protein, heart (Chain 2-133) - Homo sapiens (Human)				2151850.0	33572900.0	2224420.0	2059990.0	33502600.0	33237600.0	0	2.3044181305561126e-07	-3.9621436046519296	True	0.00018326206475259625	True	True	Human	True	False	False	True	umpire	manual	min	1.660964047443681
P00441ups|SODC_HUMAN_UPS Superoxide dismutase [Cu-Zn] (Chain 2-154) - Homo sapiens (Human)	P00441ups|SODC_HUMAN_UPS Superoxide dismutase [Cu-Zn] (Chain 2-154) - Homo sapiens (Human)				687464.0	8657320.0	764996.0	867963.0	8674550.0	8891440.0	0	4.667548093988716e-07	-3.498390069589783	True	0.00021380574221136227	True	True	Human	True	False	False	True	umpire	manual	min	1.660964047443681
P06732ups|KCRM_HUMAN_UPS Creatine kinase M-type (Chain 1-381) - Homo sapiens (Human)	P06732ups|KCRM_HUMAN_UPS Creatine kinase M-type (Chain 1-381) - Homo sapiens (Human)				699310.0	9687220.0	666626.0	652442.0	9708560.0	9795920.0	0	6.265040328494896e-07	-3.8542899382094165	True	0.0002443494196701283	True	True	Human	True	False	False	True	umpire	manual	min	1.660964047443681
P08263ups|GSTA1_HUMAN_UPS Glutathione S-transferase A1 (Chain 2-222) - Homo sapiens (Human)	P08263ups|GSTA1_HUMAN_UPS Glutathione S-transferase A1 (Chain 2-222) - Homo sapiens (Human)				1674140.0	19649300.0	1433210.0	1725820.0	19589800.0	19177900.0	0	6.617196256182157e-07	-3.5953466250374637	True	0.00027489309712889435	True	True	Human	True	False	False	True	umpire	manual	min	1.660964047443681
P16083ups|NQO2_HUMAN_UPS Ribosyldihydronicotinamide dehydrogenase [quinone] (Chain 2-231) - Homo sapiens (Human)	P16083ups|NQO2_HUMAN_UPS Ribosyldihydronicotinamide dehydrogenase [quinone] (Chain 2-231) - Homo sapiens (Human)				989558.0	17070100.0	970272.0	1065770.0	16856800.0	17079100.0	0	1.3541180695384062e-06	-4.075373792416258	True	0.00030543677458766036	True	True	Human	True	False	False	True	umpire	manual	min	1.660964047443681
P06396ups|GELS_HUMAN_UPS Gelsolin (Chain 28-782) - Homo sapiens (Human)	P06396ups|GELS_HUMAN_UPS Gelsolin (Chain 28-782) - Homo sapiens (Human)				2729890.0	23376800.0	2377740.0	2838440.0	23452400.0	23599200.0	0	1.6759742432913406e-06	-3.1478438999452174	True	0.00033598045204642643	True	True	Human	True	False	False	True	umpire	manual	min	1.660964047443681
P01579ups|IFNG_HUMAN_UPS Interferon Gamma (Chain 23-166) - Homo sapiens (Human)	P01579ups|IFNG_HUMAN_UPS Interferon Gamma (Chain 23-166) - Homo sapiens (Human)				1542870.0	24622500.0	1652510.0	1537640.0	24280200.0	24528600.0	0	1.9652381652124394e-06	-3.9555622176270737	True	0.0003665241295051925	True	True	Human	True	False	False	True	umpire	manual	min	1.660964047443681
P02788ups|TRFL_HUMAN_UPS Lactotransferrin (Chain 20-710) - Homo sapiens (Human)	P02788ups|TRFL_HUMAN_UPS Lactotransferrin (Chain 20-710) - Homo sapiens (Human)				1557630.0	23968700.0	1662880.0	1676250.0	24078800.0	24319100.0	0	2.231559061432606e-06	-3.885424597535223	True	0.00039706780696395846	True	True	Human	True	False	False	True	umpire	manual	min	1.660964047443681
P01008ups|ANT3_HUMAN_UPS Antithrombin-III (Chain 33-464) - Homo sapiens (Human)	P01008ups|ANT3_HUMAN_UPS Antithrombin-III (Chain 33-464) - Homo sapiens (Human)				1610550.0	19028100.0	1543670.0	2139790.0	19761500.0	18898800.0	0	2.5061190166490873e-06	-3.445848425406568	True	0.00042761148442272453	True	True	Human	True	False	False	True	umpire	manual	min	1.660964047443681
P61626ups|LYSC_HUMAN_UPS Lysozyme C (Chain 19-148) - Homo sapiens (Human)	P61626ups|LYSC_HUMAN_UPS Lysozyme C (Chain 19-148) - Homo sapiens (Human)				2379930.0	23652700.0	2697400.0	2579090.0	23922500.0	23286100.0	0	2.5074680109137397e-06	-3.2102560554683057	True	0.00045815516188149055	True	True	Human	True	False	False	True	umpire	manual	min	1.660964047443681
P69905ups|HBA_HUMAN_UPS Hemoglobin subunit alpha (Chain 2-142) - Homo sapiens (Human)	P69905ups|HBA_HUMAN_UPS Hemoglobin subunit alpha (Chain 2-142) - Homo sapiens (Human)				583098.0	8678950.0	545797.0	533163.0	8555040.0	8683210.0	0	3.2464411736013524e-06	-3.9628672300170016	True	0.0004886988393402566	True	True	Human	True	False	False	True	umpire	manual	min	1.660964047443681
P77717	P77717		ybaY		1275700.0	1497180.0	1291620.0	1282340.0	1485980.0	1499310.0	0	4.996713242586924e-06	-0.21956289419849898	True	0.0005192425167990227	True	False	Ecoli	False	True	False	True	umpire	manual	min	1.660964047443681
P0A7J3	P0A7J3		rplJ		497738000.0	527846000.0	497173000.0	497298000.0	528538000.0	527276000.0	0	8.79232969277813e-06	-0.08581301800796673	True	0.0005497861942577887	True	False	Ecoli	False	True	False	True	umpire	manual	min	1.660964047443681
P0A972	P0A972		cspE		231598000.0	161193000.0	229518000.0	232868000.0	158898000.0	163954000.0	0	9.186867656863862e-06	0.5197612253051968	True	0.0005803298717165547	True	False	Ecoli	False	True	False	True	umpire	manual	min	1.660964047443681
P02753ups|RETBP_HUMAN_UPS Retinol-binding protein 4 (Chain 19-201) - Homo sapiens (Human)	P02753ups|RETBP_HUMAN_UPS Retinol-binding protein 4 (Chain 19-201) - Homo sapiens (Human)				627603.0	4230850.0	439369.0	454177.0	4436840.0	4151620.0	0	9.433897304487417e-06	-3.07508523056084	True	0.0006108735491753207	True	True	Human	True	False	False	True	umpire	manual	min	1.660964047443681
P52614	P52614		fliK		1158130.0	261970.0	1195680.0	1117660.0	319475.0	262604.0	0	9.828920644439786e-06	2.040148043931106	True	0.0006414172266340867	True	True	Ecoli	False	True	False	True	umpire	manual	min	1.660964047443681
P10145ups|IL8_HUMAN_UPS Interleukin-8, IL-8 (Chain 28-99) - Homo sapiens (Human)	P10145ups|IL8_HUMAN_UPS Interleukin-8, IL-8 (Chain 28-99) - Homo sapiens (Human)				422914.0	8510730.0	548148.0	824604.0	7922500.0	8125340.0	0	1.0978252482667139e-05	-3.7736356237487994	True	0.0006719609040928529	True	True	Human	True	False	False	True	umpire	manual	min	1.660964047443681
P09211ups|GSTP1_HUMAN_UPS Glutathione S-transferase P (Chain 2-210) - Homo sapiens (Human)	P09211ups|GSTP1_HUMAN_UPS Glutathione S-transferase P (Chain 2-210) - Homo sapiens (Human)				719044.0	9574030.0	651999.0	772980.0	9727640.0	9883280.0	0	1.1537862894149647e-05	-3.7668323090822806	True	0.0007025045815516189	True	True	Human	True	False	False	True	umpire	manual	min	1.660964047443681
P41159ups|LEP_HUMAN_UPS Leptin (Chain 22-167) - Homo sapiens (Human)	P41159ups|LEP_HUMAN_UPS Leptin (Chain 22-167) - Homo sapiens (Human)				944992.0	14003100.0	1437110.0	883734.0	13782000.0	14004900.0	0	1.9989308018260062e-05	-3.6776335084310863	True	0.000733048259010385	True	True	Human	True	False	False	True	umpire	manual	min	1.660964047443681
P08758ups|ANXA5_HUMAN_UPS Annexin A5 (Chain 2-320) - Homo sapiens (Human)	P08758ups|ANXA5_HUMAN_UPS Annexin A5 (Chain 2-320) - Homo sapiens (Human)				1215230.0	20481700.0	1197630.0	1120390.0	20313000.0	20772400.0	0	2.2578799628532937e-05	-4.1230918769347085	True	0.0007635919364691509	True	True	Human	True	False	False	True	umpire	manual	min	1.660964047443681
P0A9B2	P0A9B2		gapA		336975000.0	314871000.0	337890000.0	338831000.0	313390000.0	312276000.0	0	2.869846232391444e-05	0.10806845904790811	True	0.0007941356139279169	True	False	Ecoli	False	True	False	True	umpire	manual	min	1.660964047443681
P01112ups|RASH_HUMAN_UPS GTPase HRas (Chain 1-189) - Homo sapiens (Human)	P01112ups|RASH_HUMAN_UPS GTPase HRas (Chain 1-189) - Homo sapiens (Human)				1185720.0	14712500.0	1263970.0	1429100.0	15255600.0	15350600.0	0	3.9924651953711116e-05	-3.5464279022635092	False	0.000824679291386683	True	True	Human	True	False	False	True	umpire	manual	min	1.660964047443681
P12081ups|SYHC_HUMAN_UPS Histidyl-tRNA synthetase, cytoplasmic (Chain 1-509, C terminal His tag) - Homo sapiens (Human)	P12081ups|SYHC_HUMAN_UPS Histidyl-tRNA synthetase, cytoplasmic (Chain 1-509, C terminal His tag) - Homo sapiens (Human)				1587250.0	29302800.0	1620000.0	1661530.0	29811600.0	29974900.0	0	4.33530451786633e-05	-4.193619950623889	False	0.0008552229688454491	True	True	Human	True	False	False	True	umpire	manual	min	1.660964047443681
P0C960	P0C960		emtA		184677.0	56058.5	185369.0	171580.0	46548.8	62818.4	3	4.3658593051919694e-05	1.711113610794864	False	0.0008857666463042152	True	True	Ecoli	False	True	False	True	umpire	manual	min	1.660964047443681
P0ADC1	P0ADC1		lptE		1165300.0	759823.0	1184210.0	1136050.0	776830.0	723504.0	0	4.601401733465601e-05	0.624967470431499	False	0.0009163103237629811	True	False	Ecoli	False	True	False	True	umpire	manual	min	1.660964047443681
P01127ups|PDGFB_HUMAN_UPS Platelet-derived growth factor B chain (Chain 82-190) - Homo sapiens (Human)	P01127ups|PDGFB_HUMAN_UPS Platelet-derived growth factor B chain (Chain 82-190) - Homo sapiens (Human)				1485900.0	22641300.0	1507430.0	1297780.0	22272000.0	23116700.0	0	4.729661555115449e-05	-3.9867482998252814	False	0.0009468540012217471	True	True	Human	True	False	False	True	umpire	manual	min	1.660964047443681
P0A9P0	P0A9P0		lpdA		31944900.0	29995100.0	31836200.0	31734700.0	30102400.0	29975400.0	0	5.183604662827556e-05	0.0846462887198672	False	0.0009773976786805131	True	False	Ecoli	False	True	False	True	umpire	manual	min	1.660964047443681
P02787ups|TRFE_HUMAN_UPS Serotransferrin (Chain 20-698) - Homo sapiens (Human)	P02787ups|TRFE_HUMAN_UPS Serotransferrin (Chain 20-698) - Homo sapiens (Human)				1782790.0	25126600.0	1892180.0	1928830.0	25873000.0	25241600.0	0	5.7398329133690546e-05	-3.766093454839187	False	0.0010079413561392794	True	True	Human	True	False	False	True	umpire	manual	min	1.660964047443681
P00709ups|LALBA_HUMAN_UPS Alpha-lactalbumin (Chain 20-142) - Homo sapiens (Human)	P00709ups|LALBA_HUMAN_UPS Alpha-lactalbumin (Chain 20-142) - Homo sapiens (Human)				750885.0	5902240.0	705532.0	877234.0	5774110.0	5517640.0	0	6.20884289009625e-05	-2.8812436466419205	False	0.0010384850335980454	True	True	Human	True	False	False	True	umpire	manual	min	1.660964047443681
P02144ups|MYG_HUMAN_UPS Myoglobin (Chain 2-154) - Homo sapiens (Human)	P02144ups|MYG_HUMAN_UPS Myoglobin (Chain 2-154) - Homo sapiens (Human)				1228360.0	23256800.0	1251060.0	1251900.0	23897100.0	23404600.0	0	7.367755156607403e-05	-4.241061894160191	False	0.0010690287110568112	True	True	Human	True	False	False	True	umpire	manual	min	1.660964047443681
P0A991	P0A991		fbaB		8379640.0	7913830.0	8427740.0	8370280.0	7946250.0	7872800.0	0	7.981478470276973e-05	0.08525702277081279	False	0.0010995723885155774	True	False	Ecoli	False	True	False	True	umpire	manual	min	1.660964047443681
P76539	P76539		ypeA		2055960.0	1690220.0	2006570.0	2033240.0	1709790.0	1657100.0	0	8.203511238008914e-05	0.2694953097474924	False	0.0011301160659743434	True	False	Ecoli	False	True	False	True	umpire	manual	min	1.660964047443681
P10636-8ups|TAU_HUMAN_UPS Microtubule-associated protein tau {Isoform Tau-F (Tau-4)} (Chain 2-441) - Homo sapiens (Human)	P10636-8ups|TAU_HUMAN_UPS Microtubule-associated protein tau {Isoform Tau-F (Tau-4)} (Chain 2-441) - Homo sapiens (Human)				796394.0	12430300.0	878775.0	745203.0	12571900.0	12040100.0	0	8.589854081917953e-05	-3.9358729747921393	False	0.0011606597434331094	True	True	Human	True	False	False	True	umpire	manual	min	1.660964047443681
P02768ups|ALBU_HUMAN_UPS Serum albumin (Chain 26-609) - Homo sapiens (Human)	P02768ups|ALBU_HUMAN_UPS Serum albumin (Chain 26-609) - Homo sapiens (Human)				2095220.0	34135800.0	2180950.0	2182320.0	34433800.0	35259700.0	0	9.632186420658127e-05	-4.006872909614879	False	0.0011912034208918754	True	True	Human	True	False	False	True	umpire	manual	min	1.660964047443681
P00167ups|CYB5_HUMAN_UPS Cytochrome b5 (Chain 1-134, N-terminal His tag) - Homo sapiens (Human)	P00167ups|CYB5_HUMAN_UPS Cytochrome b5 (Chain 1-134, N-terminal His tag) - Homo sapiens (Human)				1802950.0	17541900.0	1525240.0	1655150.0	16909600.0	16585100.0	0	0.00012589883700859716	-3.3563473078804544	False	0.0012217470983506415	True	True	Human	True	False	False	True	umpire	manual	min	1.660964047443681
P63279ups|UBC9_HUMAN_UPS SUMO-conjugating enzyme UBC9 (Chain 1-158) - Homo sapiens (Human)	P63279ups|UBC9_HUMAN_UPS SUMO-conjugating enzyme UBC9 (Chain 1-158) - Homo sapiens (Human)				744908.0	11458300.0	785216.0	728470.0	11847500.0	11399200.0	0	0.0001388104562648686	-3.9416466655659197	False	0.0012522907758094077	True	True	Human	True	False	False	True	umpire	manual	min	1.660964047443681
P00915ups|CAH1_HUMAN_UPS Carbonic anhydrase 1 (Chain 2-261) - Homo sapiens (Human)	P00915ups|CAH1_HUMAN_UPS Carbonic anhydrase 1 (Chain 2-261) - Homo sapiens (Human)				3051330.0	22036800.0	3571020.0	3011280.0	22913400.0	21265100.0	0	0.00014450513051789018	-2.7810131907094613	False	0.0012828344532681735	True	True	Human	True	False	False	True	umpire	manual	min	1.660964047443681
O76070ups|SYUG_HUMAN_UPS Gamma-synuclein (Chain 1-127) - Homo sapiens (Human)	O76070ups|SYUG_HUMAN_UPS Gamma-synuclein (Chain 1-127) - Homo sapiens (Human)				1640730.0	19535800.0	1697170.0	1618700.0	18779800.0	19387700.0	0	0.00015049258369562865	-3.5412310852302813	False	0.0013133781307269395	True	True	Human	True	False	False	True	umpire	manual	min	1.660964047443681
P28304	P28304		qorA		4359480.0	4606670.0	4323960.0	4363860.0	4583340.0	4629430.0	0	0.00015237861237019375	-0.08294786783532065	False	0.0013439218081857057	True	False	Ecoli	False	True	False	True	umpire	manual	min	1.660964047443681
P27828	P27828		wecB		2247320.0	1944550.0	2241240.0	2282680.0	1960470.0	1971410.0	0	0.00015714981969484855	0.20448008801630893	False	0.0013744654856444715	True	False	Ecoli	False	True	False	True	umpire	manual	min	1.660964047443681
P02741ups|CRP_HUMAN_UPS C-reactive protein (Chain 19-224) - Homo sapiens (Human)	P02741ups|CRP_HUMAN_UPS C-reactive protein (Chain 19-224) - Homo sapiens (Human)				184677.0	1921280.0	185369.0	171580.0	1845360.0	1928320.0	3	0.00016519094621281547	-3.3943168085842057	False	0.0014050091631032378	True	True	Human	True	False	False	True	umpire	manual	min	1.660964047443681
P01344ups|IGF2_HUMAN_UPS Insulin-like growth factor II (Chain 25-91) - Homo sapiens (Human)	P01344ups|IGF2_HUMAN_UPS Insulin-like growth factor II (Chain 25-91) - Homo sapiens (Human)				2038890.0	35834200.0	2049110.0	2210470.0	37540100.0	36592100.0	0	0.00017216009649593776	-4.125917551184257	False	0.0014355528405620038	True	True	Human	True	False	False	True	umpire	manual	min	1.660964047443681
Q06830ups|PRDX1_HUMAN_UPS Peroxiredoxin 1 (Chain 2-199) - Homo sapiens (Human)	Q06830ups|PRDX1_HUMAN_UPS Peroxiredoxin 1 (Chain 2-199) - Homo sapiens (Human)				823913.0	11495400.0	870531.0	849357.0	11979600.0	11994900.0	0	0.00020423325438769527	-3.8015375439039736	False	0.00146609651802077	True	True	Human	True	False	False	True	umpire	manual	min	1.660964047443681
P62988ups|UBIQ_HUMAN_UPS Ubiquitin (Chain 1-76, N-terminal His tag) - Homo sapiens (Human)	P62988ups|UBIQ_HUMAN_UPS Ubiquitin (Chain 1-76, N-terminal His tag) - Homo sapiens (Human)				426789.0	3569930.0	614706.0	563657.0	3892810.0	3957750.0	0	0.00021284462850168533	-2.830842726295111	False	0.0014966401954795358	True	True	Human	True	False	False	True	umpire	manual	min	1.660964047443681
P68871ups|HBB_HUMAN_UPS Hemoglobin subunit beta (Chain 2-147) - Homo sapiens (Human)	P68871ups|HBB_HUMAN_UPS Hemoglobin subunit beta (Chain 2-147) - Homo sapiens (Human)				1707710.0	19103100.0	1791910.0	1815270.0	19062800.0	18265500.0	0	0.0002129478844182505	-3.408386403341539	False	0.0015271838729383018	True	True	Human	True	False	False	True	umpire	manual	min	1.660964047443681
P99999ups|CYC_HUMAN_UPS Cytochrome c (Chain 2-105) - Homo sapiens (Human)	P99999ups|CYC_HUMAN_UPS Cytochrome c (Chain 2-105) - Homo sapiens (Human)				441666.0	5616210.0	422544.0	447084.0	5883680.0	5635810.0	0	0.0002418527547367815	-3.707942039871406	False	0.001557727550397068	True	True	Human	True	False	False	True	umpire	manual	min	1.660964047443681
P06612	P06612		topA		5515790.0	5219220.0	5459620.0	5474980.0	5193800.0	5175460.0	0	0.00025544901083898654	0.07764152654210921	False	0.0015882712278558339	True	False	Ecoli	False	True	False	True	umpire	manual	min	1.660964047443681
O00762ups|UBE2C_HUMAN_UPS Ubiquitin-conjugating enzyme E2 C (Chain 1-179, N-terminal His tag)- Homo sapiens (Human)	O00762ups|UBE2C_HUMAN_UPS Ubiquitin-conjugating enzyme E2 C (Chain 1-179, N-terminal His tag)- Homo sapiens (Human)				705695.0	11489100.0	700097.0	743140.0	11944700.0	11344400.0	0	0.00025744821120735967	-4.016491529145432	False	0.0016188149053146	True	True	Human	True	False	False	True	umpire	manual	min	1.660964047443681
P61769ups|B2MG_HUMAN_UPS Beta-2-microglobulin (Chain 21-119) - Homo sapiens (Human)	P61769ups|B2MG_HUMAN_UPS Beta-2-microglobulin (Chain 21-119) - Homo sapiens (Human)				459354.0	5883250.0	471315.0	433395.0	5912570.0	6203120.0	0	0.0002921683721812962	-3.72192870502271	False	0.001649358582773366	True	True	Human	True	False	False	True	umpire	manual	min	1.660964047443681
P0AGD1	P0AGD1		sodC		838523.0	564895.0	802614.0	852673.0	587541.0	528382.0	0	0.00032135594552348666	0.5691880352464899	False	0.001679902260232132	True	False	Ecoli	False	True	False	True	umpire	manual	min	1.660964047443681
P51965ups|UB2E1_HUMAN_UPS Ubiquitin-conjugating enzyme E2 E1 (Chain 1-193, N terminal His tag)- Homo sapiens (Human)	P51965ups|UB2E1_HUMAN_UPS Ubiquitin-conjugating enzyme E2 E1 (Chain 1-193, N terminal His tag)- Homo sapiens (Human)				184677.0	9217760.0	185369.0	171580.0	8766590.0	8595890.0	3	0.0004533462748277904	-5.616913325785214	False	0.0017104459376908981	True	True	Human	True	False	False	True	umpire	manual	min	1.660964047443681
P0ABD5	P0ABD5		accA		13593500.0	12499800.0	13496500.0	13602800.0	12617000.0	12697800.0	0	0.0004755725554438521	0.10583019485700892	False	0.0017409896151496641	True	False	Ecoli	False	True	False	True	umpire	manual	min	1.660964047443681
P0AC59	P0AC59		grxB		7338890.0	6348060.0	7567620.0	7521990.0	6578920.0	6386420.0	0	0.00048555701629917285	0.21573097352841447	False	0.0017715332926084304	True	False	Ecoli	False	True	False	True	umpire	manual	min	1.660964047443681
Q15843ups|NEDD8_HUMAN_UPS NEDD8 (Chain 1-81) - Homo sapiens (Human)	Q15843ups|NEDD8_HUMAN_UPS NEDD8 (Chain 1-81) - Homo sapiens (Human)				1226490.0	15423800.0	1097940.0	1239380.0	16230700.0	16663400.0	0	0.0004983079542481024	-3.7610654248213207	False	0.0018020769700671962	True	True	Human	True	False	False	True	umpire	manual	min	1.660964047443681
P0ABV6	P0ABV6		tolR		6284560.0	7894400.0	6574850.0	6277080.0	7589430.0	7839220.0	0	0.0005091562713765654	-0.28543022877904073	False	0.0018326206475259622	True	False	Ecoli	False	True	False	True	umpire	manual	min	1.660964047443681
P76177	P76177		ydgH		14799000.0	13998400.0	14909100.0	14713800.0	13771300.0	13813600.0	0	0.0005684367811764337	0.09526684745889667	False	0.0018631643249847284	True	False	Ecoli	False	True	False	True	umpire	manual	min	1.660964047443681
P77748	P77748		ydiJ		1075520.0	878202.0	1033940.0	1073070.0	892110.0	858586.0	0	0.0006144256352776047	0.27571594654549747	False	0.0018937080024434942	True	False	Ecoli	False	True	False	True	umpire	manual	min	1.660964047443681
P0AF03	P0AF03		mog		12560900.0	13722500.0	12713900.0	12853000.0	13817600.0	14011600.0	0	0.0006780938330553897	-0.12406421404185942	False	0.0019242516799022604	True	False	Ecoli	False	True	False	True	umpire	manual	min	1.660964047443681
P01133ups|EGF_HUMAN_UPS Pro-Epidermal growth factor (EGF) (Chain 971-1023) - Homo sapiens (Human)	P01133ups|EGF_HUMAN_UPS Pro-Epidermal growth factor (EGF) (Chain 971-1023) - Homo sapiens (Human)				1000920.0	14263700.0	1015740.0	1001720.0	15007000.0	13785300.0	0	0.0007070957207527228	-3.834367945085684	False	0.0019547953573610262	True	True	Human	True	False	False	True	umpire	manual	min	1.660964047443681
P0A8I5	P0A8I5		trmB		6455350.0	5866970.0	6618280.0	6546240.0	5933730.0	5984370.0	0	0.00074627130365451	0.14164882969052844	False	0.0019853390348197925	True	False	Ecoli	False	True	False	True	umpire	manual	min	1.660964047443681
P0AC81	P0AC81		gloA		1726850.0	1328100.0	1818300.0	1847700.0	1198790.0	1316630.0	0	0.000776349474549483	0.48861973077340265	False	0.0020158827122785587	True	False	Ecoli	False	True	False	True	umpire	manual	min	1.660964047443681
P0AA10	P0AA10		rplM		71135600.0	65311200.0	70746600.0	72161300.0	63436400.0	64791900.0	0	0.0008753094140483446	0.14527598497567173	False	0.0020464263897373245	True	False	Ecoli	False	True	False	True	umpire	manual	min	1.660964047443681
P77690	P77690		arnB		475312.0	716465.0	482407.0	424027.0	751917.0	678062.0	0	0.0009111689338953915	-0.6354560977322405	False	0.0020769700671960907	True	False	Ecoli	False	True	False	True	umpire	manual	min	1.660964047443681
P0AG59	P0AG59		rpsN		25602300.0	23027600.0	25194900.0	25211100.0	23220600.0	22567900.0	0	0.000939844245773415	0.143410834591514	False	0.0021075137446548565	True	False	Ecoli	False	True	False	True	umpire	manual	min	1.660964047443681
P0A817	P0A817		metK		18533100.0	19739900.0	18615400.0	18824700.0	19820100.0	19545200.0	0	0.00095117139943151	-0.07854883317333246	False	0.0021380574221136223	True	False	Ecoli	False	True	False	True	umpire	manual	min	1.660964047443681
P0CE47	P0CE47		tufA		1455620000.0	1389150000.0	1440500000.0	1441160000.0	1379900000.0	1395200000.0	0	0.001015742780920208	0.05873389850275187	False	0.0021686010995723886	True	False	Ecoli	False	True	False	True	umpire	manual	min	1.660964047443681
P01031ups|CO5_HUMAN_UPS Complement C5 (C5a anaphylatoxin) (Chain 678-751) - Homo sapiens (Human)	P01031ups|CO5_HUMAN_UPS Complement C5 (C5a anaphylatoxin) (Chain 678-751) - Homo sapiens (Human)				1525600.0	22174100.0	1460530.0	1378120.0	24579100.0	23965700.0	0	0.0010256033232910126	-4.018290182522277	False	0.002199144777031155	True	True	Human	True	False	False	True	umpire	manual	min	1.660964047443681
P11447	P11447		argH		2002120.0	1719880.0	1944700.0	2004860.0	1738170.0	1657190.0	0	0.0010995739400364267	0.21849502929280154	False	0.0022296884544899206	True	False	Ecoli	False	True	False	True	umpire	manual	min	1.660964047443681
P0A9I3	P0A9I3		gcvR		2465190.0	2208560.0	2444340.0	2423670.0	2159230.0	2137100.0	0	0.0011313612095566528	0.17291822619489575	False	0.002260232131948687	True	False	Ecoli	False	True	False	True	umpire	manual	min	1.660964047443681
P60240	P60240		rapA		4140990.0	4417570.0	4095830.0	4171640.0	4482930.0	4391520.0	0	0.0013095740859852712	-0.09923629359183211	False	0.0022907758094074526	True	False	Ecoli	False	True	False	True	umpire	manual	min	1.660964047443681
P62707	P62707		gpmA		43110100.0	37651600.0	43616200.0	42543800.0	38012500.0	39107600.0	0	0.0013472503572502848	0.17162166909213727	False	0.002321319486866219	True	False	Ecoli	False	True	False	True	umpire	manual	min	1.660964047443681
P0AAN5	P0AAN5		yaiA		1214360.0	1022880.0	1243630.0	1279390.0	1005520.0	988481.0	0	0.0014108099924539004	0.30896946700609246	False	0.0023518631643249847	True	False	Ecoli	False	True	False	True	umpire	manual	min	1.660964047443681
P04425	P04425		gshB		7663540.0	7422770.0	7705980.0	7744310.0	7327020.0	7411900.0	0	0.001500838044123684	0.06068843435714811	False	0.002382406841783751	True	False	Ecoli	False	True	False	True	umpire	manual	min	1.660964047443681
P0A8E7	P0A8E7		yajQ		15659300.0	14084600.0	15508300.0	15737100.0	14407300.0	14443100.0	0	0.0015240613702659658	0.12757830083786212	False	0.002412950519242517	True	False	Ecoli	False	True	False	True	umpire	manual	min	1.660964047443681
P77258	P77258		nemA		4175900.0	4650430.0	4327350.0	4271770.0	4790790.0	4723290.0	0	0.0015627545604971146	-0.148955144922462	False	0.002443494196701283	True	False	Ecoli	False	True	False	True	umpire	manual	min	1.660964047443681
P0AGF2	P0AGF2		ygdK		1655760.0	1908890.0	1650230.0	1685480.0	1882250.0	1953520.0	0	0.0016774404562425124	-0.20275675359402734	False	0.0024740378741600487	True	False	Ecoli	False	True	False	True	umpire	manual	min	1.660964047443681
P09148	P09148		galT		1536200.0	1395300.0	1519690.0	1559450.0	1431440.0	1389730.0	0	0.0016888798144167195	0.13040124158427174	False	0.0025045815516188154	True	False	Ecoli	False	True	False	True	umpire	manual	min	1.660964047443681
P15770	P15770		aroE		3448200.0	3126640.0	3381140.0	3392800.0	3070240.0	3166970.0	0	0.0017064443834450445	0.12652352625367302	False	0.002535125229077581	True	False	Ecoli	False	True	False	True	umpire	manual	min	1.660964047443681
P0AA25	P0AA25		trxA		36274200.0	37666500.0	35923500.0	35720200.0	37424600.0	37993900.0	0	0.0017331657062653048	-0.06747339784637459	False	0.002565668906536347	True	False	Ecoli	False	True	False	True	umpire	manual	min	1.660964047443681
P0A6M8	P0A6M8		fusA		125037000.0	117930000.0	123237000.0	125535000.0	118014000.0	115867000.0	0	0.0017728447383086987	0.08750071254529368	False	0.002596212583995113	True	False	Ecoli	False	True	False	True	umpire	manual	min	1.660964047443681
P45795	P45795		yrdB		1411330.0	3079340.0	1461770.0	1397320.0	3118190.0	2849040.0	0	0.0018013395911259627	-1.0829929318627984	False	0.002626756261453879	True	False	Ecoli	False	True	False	True	umpire	manual	min	1.660964047443681
P37051	P37051		purU		5400220.0	5674450.0	5363140.0	5346740.0	5753120.0	5775260.0	0	0.0018097937975219836	-0.09468046976902122	False	0.0026572999389126452	True	False	Ecoli	False	True	False	True	umpire	manual	min	1.660964047443681
P33570	P33570		tktB		5946170.0	5441990.0	6112660.0	6193900.0	5277350.0	5315490.0	0	0.0018837290129871313	0.18690320069864683	False	0.0026878436163714115	True	False	Ecoli	False	True	False	True	umpire	manual	min	1.660964047443681
P45523	P45523		fkpA		39923600.0	37116600.0	39380600.0	39103000.0	36699700.0	37234200.0	0	0.0018937840958373486	0.09254092118405982	False	0.0027183872938301773	True	False	Ecoli	False	True	False	True	umpire	manual	min	1.660964047443681
P08506	P08506		dacC		6160510.0	5630200.0	6112820.0	6164440.0	5530410.0	5663130.0	0	0.0019285558292106157	0.1321657166935245	False	0.002748930971288943	True	False	Ecoli	False	True	False	True	umpire	manual	min	1.660964047443681
P0ABU9	P0ABU9		tolQ		2266740.0	2119300.0	2285030.0	2245390.0	2121170.0	2071270.0	0	0.001976340029109494	0.10689430563775716	False	0.0027794746487477093	True	False	Ecoli	False	True	False	True	umpire	manual	min	1.660964047443681
P18355	P18355				2672080.0	1526280.0	2635860.0	2669400.0	1651850.0	1713230.0	0	0.0019959651786127667	0.7056721182028982	False	0.0028100183262064755	True	False	Ecoli	False	True	False	True	umpire	manual	min	1.660964047443681
P60438	P60438		rplC		298606000.0	266503000.0	295782000.0	300946000.0	258532000.0	256042000.0	0	0.0020593852803192265	0.19696119426900402	False	0.0028405620036652413	True	False	Ecoli	False	True	False	True	umpire	manual	min	1.660964047443681
P0A6U3	P0A6U3		mnmG		6276780.0	6036350.0	6197130.0	6261010.0	5991060.0	5946200.0	0	0.0020907999548904874	0.05984961394165398	False	0.0028711056811240076	True	False	Ecoli	False	True	False	True	umpire	manual	min	1.660964047443681
P0A6E4	P0A6E4		argG		1191780.0	826917.0	1068540.0	1146410.0	720829.0	812461.0	0	0.002103332097652742	0.5294742158234561	False	0.0029016493585827734	True	False	Ecoli	False	True	False	True	umpire	manual	min	1.660964047443681
P0AG63	P0AG63		rpsQ		197817000.0	170314000.0	189787000.0	194681000.0	167621000.0	172595000.0	0	0.0021111570133326854	0.18972971468142616	False	0.00293219303604154	True	False	Ecoli	False	True	False	True	umpire	manual	min	1.660964047443681
P0A7M6	P0A7M6		rpmC		22436300.0	26477800.0	21491800.0	22643400.0	26486200.0	27971900.0	0	0.0021351337235061443	-0.2818750920543705	False	0.002962736713500306	True	False	Ecoli	False	True	False	True	umpire	manual	min	1.660964047443681
P0A8J8	P0A8J8		rhlB		5686990.0	5376900.0	5727420.0	5635650.0	5366060.0	5459690.0	0	0.0021613108209976276	0.07354702595237135	False	0.0029932803909590716	True	False	Ecoli	False	True	False	True	umpire	manual	min	1.660964047443681
P0A715	P0A715		kdsA		21643600.0	22884000.0	21301800.0	21720700.0	22833600.0	22553800.0	0	0.002253670083903999	-0.07827173229942859	False	0.0030238240684178374	True	False	Ecoli	False	True	False	True	umpire	manual	min	1.660964047443681
P0AGC3	P0AGC3		slt		3921160.0	3682070.0	3982400.0	4057860.0	3586270.0	3589200.0	0	0.002279382336946505	0.1396914014482782	False	0.0030543677458766036	True	False	Ecoli	False	True	False	True	umpire	manual	min	1.660964047443681
P45771	P45771		yrdD		2264630.0	1509490.0	2061370.0	2137210.0	1630380.0	1639030.0	0	0.0022983545055119048	0.4355722887916071	False	0.00308491142333537	True	False	Ecoli	False	True	False	True	umpire	manual	min	1.660964047443681
P21165	P21165		pepQ		12809300.0	11993200.0	12763900.0	12697600.0	12203000.0	12062200.0	0	0.002301097666921201	0.07792879527143691	False	0.003115455100794136	True	False	Ecoli	False	True	False	True	umpire	manual	min	1.660964047443681
P0A7W1	P0A7W1		rpsE		181652000.0	168308000.0	180452000.0	180472000.0	167012000.0	164668000.0	0	0.0023794014833957615	0.11793176388353717	False	0.003145998778252902	True	False	Ecoli	False	True	False	True	umpire	manual	min	1.660964047443681
P0AD33	P0AD33		yfcZ		49624000.0	39519400.0	50604600.0	50650200.0	39062400.0	41707100.0	0	0.0024114221997020933	0.32688658696296535	False	0.0031765424557116677	True	False	Ecoli	False	True	False	True	umpire	manual	min	1.660964047443681
P0AF98	P0AF98		lptF		1162430.0	1580260.0	1200270.0	1286210.0	1567710.0	1705790.0	0	0.0024674108361706763	-0.4116372070290349	False	0.003207086133170434	True	False	Ecoli	False	True	False	True	umpire	manual	min	1.660964047443681
P20966	P20966		fruA		11048200.0	10471400.0	10881400.0	10964400.0	10253200.0	10406100.0	0	0.0025387394394182326	0.07948643710314425	False	0.0032376298106292	True	False	Ecoli	False	True	False	True	umpire	manual	min	1.660964047443681
P08622	P08622		dnaJ		6017700.0	5714520.0	6063880.0	6107800.0	5734910.0	5703590.0	0	0.0025958511968348637	0.08463376542343852	False	0.003268173488087966	True	False	Ecoli	False	True	False	True	umpire	manual	min	1.660964047443681
P33355	P33355		yehS		2617150.0	2925740.0	2584800.0	2685830.0	2916590.0	2846920.0	0	0.002615492630318328	-0.13961234456831925	False	0.003298717165546732	True	False	Ecoli	False	True	False	True	umpire	manual	min	1.660964047443681
P0AF96	P0AF96		tabA		2710000.0	2291130.0	2725340.0	2854240.0	2421130.0	2371000.0	0	0.002805063144841093	0.2268855087591023	False	0.003329260843005498	True	False	Ecoli	False	True	False	True	umpire	manual	min	1.660964047443681
P11557	P11557		damX		8586680.0	7235040.0	8218650.0	8694040.0	7314580.0	7010450.0	0	0.0029415606076491282	0.24209974143225554	False	0.003359804520464264	True	False	Ecoli	False	True	False	True	umpire	manual	min	1.660964047443681
P07012	P07012		prfB		8451410.0	7502880.0	8428110.0	8604210.0	7767160.0	7771230.0	0	0.0029566089598257413	0.14535621914717647	False	0.0033903481979230305	True	False	Ecoli	False	True	False	True	umpire	manual	min	1.660964047443681
P06968	P06968		dut		10330900.0	9360100.0	10176800.0	10507500.0	9568360.0	9475370.0	0	0.002966170588701053	0.12688995084202911	False	0.0034208918753817963	True	False	Ecoli	False	True	False	True	umpire	manual	min	1.660964047443681
P04079	P04079		guaA		18918000.0	17941200.0	19289300.0	18894700.0	18102300.0	17703900.0	0	0.003014666666668255	0.08734631009329179	False	0.003451435552840562	True	False	Ecoli	False	True	False	True	umpire	manual	min	1.660964047443681
P31224	P31224		acrB		1976430.0	2148820.0	2008700.0	1949070.0	2131060.0	2099260.0	0	0.0030446954577042925	-0.10430839031237739	False	0.0034819792302993283	True	False	Ecoli	False	True	False	True	umpire	manual	min	1.660964047443681
P0A921	P0A921		pldA		1862790.0	1772880.0	1874550.0	1887820.0	1804040.0	1799250.0	0	0.0031179823723982017	0.06531537407268596	False	0.003512522907758094	True	False	Ecoli	False	True	False	True	umpire	manual	min	1.660964047443681
P00363	P00363		frdA		47226500.0	44929200.0	47943300.0	47242400.0	44158400.0	43675300.0	0	0.0032036670595806597	0.10122069437920342	False	0.0035430665852168607	True	False	Ecoli	False	True	False	True	umpire	manual	min	1.660964047443681
P77330	P77330		borD		29064300.0	18265500.0	28687000.0	29224800.0	20409400.0	19989900.0	0	0.003204259464379143	0.5681239015793761	False	0.0035736102626756265	True	False	Ecoli	False	True	False	True	umpire	manual	min	1.660964047443681
P77739	P77739		yniA		1098530.0	847760.0	1018360.0	1100460.0	794204.0	880198.0	0	0.0033409854722886005	0.3512119445454768	False	0.0036041539401343923	True	False	Ecoli	False	True	False	True	umpire	manual	min	1.660964047443681
P39831	P39831		ydfG		15948500.0	14481200.0	15607700.0	16143200.0	14839000.0	14464200.0	0	0.003380174795167119	0.12355417729955681	False	0.003634697617593158	True	False	Ecoli	False	True	False	True	umpire	manual	min	1.660964047443681
P0A6P1	P0A6P1		tsf		199935000.0	185143000.0	196296000.0	201514000.0	180326000.0	186483000.0	0	0.0036578130779261952	0.11498734736781678	False	0.0036652412950519244	True	False	Ecoli	False	True	False	True	umpire	manual	min	1.660964047443681
P0A799	P0A799		pgk		384414000.0	366006000.0	382325000.0	377525000.0	365259000.0	361782000.0	0	0.003839977135183019	0.06606450644934882	False	0.0036957849725106906	False	False	Ecoli	False	True	False	False	umpire	manual	min	1.660964047443681
P75957	P75957		lolD		4314840.0	4666380.0	4381200.0	4460990.0	4724770.0	4794340.0	0	0.003853365151610284	-0.10858212623637636	False	0.003726328649969457	False	False	Ecoli	False	True	False	False	umpire	manual	min	1.660964047443681
P0A6P7	P0A6P7		engB		8350270.0	8094130.0	8477240.0	8471410.0	8048300.0	8162890.0	0	0.003907924149859824	0.05780366965779697	False	0.0037568723274282226	False	False	Ecoli	False	True	False	False	umpire	manual	min	1.660964047443681
P24186	P24186		folD		5054370.0	4659020.0	4990260.0	5138890.0	4702350.0	4788580.0	0	0.00408147093956677	0.10170933476704262	False	0.0037874160048869884	False	False	Ecoli	False	True	False	False	umpire	manual	min	1.660964047443681
P0A7K6	P0A7K6		rplS		63360200.0	58332000.0	62201800.0	63166600.0	58530000.0	59923600.0	0	0.004123477091511583	0.09431230066101003	False	0.0038179596823457542	False	False	Ecoli	False	True	False	False	umpire	manual	min	1.660964047443681
P0A9L3	P0A9L3		fklB		18172300.0	19912400.0	18482900.0	18283900.0	19367900.0	19680200.0	0	0.004165016320284231	-0.10191548220372197	False	0.003848503359804521	False	False	Ecoli	False	True	False	False	umpire	manual	min	1.660964047443681
P61175	P61175		rplV		199934000.0	191719000.0	205928000.0	202796000.0	187536000.0	185778000.0	0	0.004165324641447931	0.10729668846321577	False	0.0038790470372632867	False	False	Ecoli	False	True	False	False	umpire	manual	min	1.660964047443681
P39451	P39451		adhP		1405660.0	1714440.0	1479730.0	1458110.0	1653330.0	1620900.0	0	0.004196062096690327	-0.19979720085037503	False	0.0039095907147220525	False	False	Ecoli	False	True	False	False	umpire	manual	min	1.660964047443681
P0C093	P0C093		slmA		3032190.0	3269860.0	3023180.0	3095740.0	3214980.0	3206090.0	0	0.0042744080703787865	-0.0826883737419899	False	0.003940134392180819	False	False	Ecoli	False	True	False	False	umpire	manual	min	1.660964047443681
P0AA04	P0AA04		ptsH		49783800.0	32989800.0	45974000.0	49140100.0	32253000.0	32970500.0	0	0.004294216079497305	0.5610463741372	False	0.003970678069639585	False	False	Ecoli	False	True	False	False	umpire	manual	min	1.660964047443681
P0AD24	P0AD24		yejL		3896790.0	3582700.0	4066160.0	4049050.0	3512650.0	3663920.0	0	0.0043699168109424796	0.15889618344280432	False	0.004001221747098351	False	False	Ecoli	False	True	False	False	umpire	manual	min	1.660964047443681
P0A7R9	P0A7R9		rpsK		82137400.0	77024300.0	83217000.0	84204300.0	77883600.0	77271800.0	0	0.004388063548973385	0.10413735967947214	False	0.004031765424557117	False	False	Ecoli	False	True	False	False	umpire	manual	min	1.660964047443681
P02942	P02942		tsr		13084400.0	13437900.0	12829300.0	12827200.0	13656200.0	13700600.0	0	0.004400080146911891	-0.0745242611516658	False	0.004062309102015883	False	False	Ecoli	False	True	False	False	umpire	manual	min	1.660964047443681
P0A7D7	P0A7D7		purC		6867280.0	7034850.0	6880650.0	6797910.0	7135830.0	7067570.0	0	0.004478958937621671	-0.04781858000050622	False	0.004092852779474649	False	False	Ecoli	False	True	False	False	umpire	manual	min	1.660964047443681
P63284	P63284		clpB		17195200.0	17528800.0	17060700.0	17173900.0	17433200.0	17424700.0	0	0.004594367003976909	-0.02659604169908122	False	0.004123396456933414	False	False	Ecoli	False	True	False	False	umpire	manual	min	1.660964047443681
P04040ups|CATA_HUMAN_UPS Catalase (Chain 2-527) - Homo sapiens (Human)	P04040ups|CATA_HUMAN_UPS Catalase (Chain 2-527) - Homo sapiens (Human)				4573320.0	28564600.0	9617850.0	5820510.0	28449000.0	28776400.0	0	0.0046199487575798205	-2.0999672036704427	False	0.0041539401343921815	False	True	Human	True	False	False	False	umpire	manual	min	1.660964047443681
P09029	P09029		purK		976551.0	1133770.0	1025150.0	1013550.0	1151670.0	1152350.0	0	0.004693876531599378	-0.18920331730424025	False	0.004184483811850947	False	False	Ecoli	False	True	False	False	umpire	manual	min	1.660964047443681
P64624	P64624		yheO		2581270.0	4846510.0	2882790.0	3481920.0	5876370.0	5842710.0	0	0.004857351829061685	-0.8888781492453822	False	0.004215027489309713	False	False	Ecoli	False	True	False	False	umpire	manual	min	1.660964047443681
P25524	P25524		codA		2283750.0	2003020.0	2220300.0	2238680.0	2022630.0	1915210.0	0	0.004886595434166455	0.18266103785401108	False	0.004245571166768479	False	False	Ecoli	False	True	False	False	umpire	manual	min	1.660964047443681
P0AET8	P0AET8		hdhA		1516770.0	1083960.0	1399290.0	1554270.0	1128950.0	1197480.0	0	0.004897122979954924	0.3904446050376172	False	0.004276114844227245	False	False	Ecoli	False	True	False	False	umpire	manual	min	1.660964047443681
P69222	P69222		infA		5844740.0	5102860.0	5993220.0	5771860.0	5386280.0	5271270.0	0	0.004922467250116888	0.16007509628964503	False	0.004306658521686012	False	False	Ecoli	False	True	False	False	umpire	manual	min	1.660964047443681
P0A6I6	P0A6I6		coaD		635098.0	301192.0	655377.0	717737.0	359019.0	436688.0	0	0.004977343497197053	0.8724808859247606	False	0.004337202199144777	False	False	Ecoli	False	True	False	False	umpire	manual	min	1.660964047443681
P60757	P60757		hisG		2807470.0	2962980.0	2788550.0	2738250.0	2899550.0	2944920.0	0	0.0049909736720562745	-0.07966854068280325	False	0.004367745876603543	False	False	Ecoli	False	True	False	False	umpire	manual	min	1.660964047443681
P0A855	P0A855		tolB		17146300.0	15709200.0	17714300.0	17061400.0	15985200.0	15526000.0	0	0.005036489964357535	0.13693569347007292	False	0.00439828955406231	False	False	Ecoli	False	True	False	False	umpire	manual	min	1.660964047443681
P76268	P76268		kdgR		6217800.0	6570130.0	6185570.0	6316210.0	6479670.0	6552670.0	0	0.005078428553908281	-0.06648738550329156	False	0.004428833231521075	False	False	Ecoli	False	True	False	False	umpire	manual	min	1.660964047443681
P0A7K2	P0A7K2		rplL		167578000.0	180614000.0	167542000.0	171010000.0	185457000.0	187304000.0	0	0.005200998146079789	-0.12874947813279616	False	0.004459376908979841	False	False	Ecoli	False	True	False	False	umpire	manual	min	1.660964047443681
P0A800	P0A800		rpoZ		43748500.0	39201800.0	43225000.0	44893200.0	40373000.0	40848800.0	0	0.005351569237428866	0.13096213827488662	False	0.004489920586438607	False	False	Ecoli	False	True	False	False	umpire	manual	min	1.660964047443681
P0A7Z4	P0A7Z4		rpoA		79275300.0	76345300.0	78026600.0	78808400.0	75122200.0	74930000.0	0	0.005417761775169714	0.060602951343049535	False	0.004520464263897374	False	False	Ecoli	False	True	False	False	umpire	manual	min	1.660964047443681
P0AA16	P0AA16		ompR		8915170.0	7933510.0	8696780.0	8552190.0	8100650.0	7825970.0	0	0.005444654619271138	0.1329889357261058	False	0.004551007941356139	False	False	Ecoli	False	True	False	False	umpire	manual	min	1.660964047443681
P21513	P21513		rne		9238290.0	8948940.0	9109960.0	9229860.0	8896530.0	8826400.0	0	0.005571974434324389	0.04820461088779431	False	0.004581551618814905	False	False	Ecoli	False	True	False	False	umpire	manual	min	1.660964047443681
P0A7G2	P0A7G2		rbfA		21276600.0	20094800.0	21559000.0	21010100.0	20350200.0	19958300.0	0	0.005612925403089632	0.07996208772782262	False	0.0046120952962736715	False	False	Ecoli	False	True	False	False	umpire	manual	min	1.660964047443681
P0ABK5	P0ABK5		cysK		34698000.0	32823000.0	34649400.0	34142900.0	32662500.0	33370900.0	0	0.005706577872103777	0.0660892775852063	False	0.004642638973732438	False	False	Ecoli	False	True	False	False	umpire	manual	min	1.660964047443681
P0A850	P0A850		tig		140818000.0	132873000.0	138271000.0	140638000.0	134394000.0	134665000.0	0	0.005843901578972232	0.06249982841862812	False	0.004673182651191204	False	False	Ecoli	False	True	False	False	umpire	manual	min	1.660964047443681
P0A7Y0	P0A7Y0		rnc		6516290.0	6258480.0	6505880.0	6574170.0	6364490.0	6286580.0	0	0.00592427642841535	0.05146919680507885	False	0.004703726328649969	False	False	Ecoli	False	True	False	False	umpire	manual	min	1.660964047443681
P04805	P04805		gltX		22110700.0	23057700.0	22115000.0	22426100.0	23033700.0	23455300.0	0	0.006042877551873949	-0.06133822302857258	False	0.0047342700061087355	False	False	Ecoli	False	True	False	False	umpire	manual	min	1.660964047443681
P63165ups|SUMO1_HUMAN_UPS Small ubiquitin-related modifier 1 (Chain 1-97, N-terminal GST tag) - Homo sapiens (Human)	P63165ups|SUMO1_HUMAN_UPS Small ubiquitin-related modifier 1 (Chain 1-97, N-terminal GST tag) - Homo sapiens (Human)				2996390.0	13449100.0	4233760.0	5549080.0	13194800.0	13196400.0	0	0.0060759857361281765	-1.640427600306985	False	0.004764813683567502	False	False	Human	True	False	False	False	umpire	manual	min	1.660964047443681
P07363	P07363		cheA		2943950.0	2557480.0	2938950.0	3097560.0	2680020.0	2631140.0	0	0.006113689661380175	0.19067504029315935	False	0.004795357361026268	False	False	Ecoli	False	True	False	False	umpire	manual	min	1.660964047443681
P0ACF4	P0ACF4		hupB		42492200.0	35484900.0	40139800.0	41480800.0	36257900.0	35256700.0	0	0.006164621321748677	0.2140478561061063	False	0.004825901038485034	False	False	Ecoli	False	True	False	False	umpire	manual	min	1.660964047443681
P10599ups|THIO_HUMAN_UPS Thioredoxin (Chain 2-105, N-terminal His tag)- Homo sapiens (Human)	P10599ups|THIO_HUMAN_UPS Thioredoxin (Chain 2-105, N-terminal His tag)- Homo sapiens (Human)				1306950.0	1907350.0	1129870.0	1386380.0	2185760.0	1860580.0	0	0.0062448727626526306	-0.6390034317969835	False	0.0048564447159438	False	False	Human	True	False	False	False	umpire	manual	min	1.660964047443681
P08660	P08660		lysC		2258210.0	2491800.0	2181030.0	2280140.0	2445800.0	2410380.0	0	0.006306507486916316	-0.12901957860372004	False	0.004886988393402566	False	False	Ecoli	False	True	False	False	umpire	manual	min	1.660964047443681
P75884	P75884		gfcB		1801110.0	1573510.0	1807760.0	1710020.0	1582830.0	1496410.0	0	0.006354351919459311	0.1930415301080059	False	0.004917532070861332	False	False	Ecoli	False	True	False	False	umpire	manual	min	1.660964047443681
P23869	P23869		ppiB		43221100.0	39492000.0	44860500.0	43783700.0	38779300.0	36891600.0	0	0.006444765371221998	0.19538894918594304	False	0.004948075748320097	False	False	Ecoli	False	True	False	False	umpire	manual	min	1.660964047443681
P0AB43	P0AB43		ycgL		929272.0	1075840.0	922645.0	973781.0	1057960.0	1028320.0	0	0.0065102625870229235	-0.16228483381432027	False	0.004978619425778864	False	False	Ecoli	False	True	False	False	umpire	manual	min	1.660964047443681
P0A6P5	P0A6P5		der		4440340.0	4610830.0	4306070.0	4351690.0	4665460.0	4686810.0	0	0.0065814904319157425	-0.09226172448303528	False	0.005009163103237631	False	False	Ecoli	False	True	False	False	umpire	manual	min	1.660964047443681
P69228	P69228		baeR		1555650.0	1664320.0	1533660.0	1582830.0	1667330.0	1634990.0	0	0.006582555074745152	-0.0881866738051321	False	0.005039706780696396	False	False	Ecoli	False	True	False	False	umpire	manual	min	1.660964047443681
P75823	P75823		ltaE		6731350.0	7112400.0	6560440.0	6686850.0	7051510.0	7031800.0	0	0.006597222737476563	-0.08531391533149485	False	0.005070250458155162	False	False	Ecoli	False	True	False	False	umpire	manual	min	1.660964047443681
P0A7V3	P0A7V3		rpsC		87326500.0	80342600.0	84840400.0	85717100.0	82110800.0	80396200.0	0	0.006603281271840319	0.08665915611299092	False	0.005100794135613928	False	False	Ecoli	False	True	False	False	umpire	manual	min	1.660964047443681
P52006	P52006		nudI		973543.0	1173530.0	1026180.0	998880.0	1272530.0	1208320.0	0	0.006696492207591907	-0.2853361308705892	False	0.005131337813072694	False	False	Ecoli	False	True	False	False	umpire	manual	min	1.660964047443681
P26612	P26612		amyA		673512.0	416660.0	579598.0	594444.0	454019.0	381188.0	0	0.006890999531538783	0.5615352352481735	False	0.005161881490531461	False	False	Ecoli	False	True	False	False	umpire	manual	min	1.660964047443681
P0AEX9	P0AEX9		malE		6498360.0	7022190.0	6566680.0	6440990.0	7291290.0	7099390.0	0	0.006907486673307542	-0.13455799461672294	False	0.005192425167990226	False	False	Ecoli	False	True	False	False	umpire	manual	min	1.660964047443681
P0AB61	P0AB61		yciN		4799310.0	4588050.0	4836540.0	4876330.0	4491570.0	4618720.0	0	0.007166616659404591	0.08326318108645103	False	0.005222968845448993	False	False	Ecoli	False	True	False	False	umpire	manual	min	1.660964047443681
P0A7N4	P0A7N4		rpmF		42522300.0	38469100.0	44429100.0	44442000.0	38684300.0	39449800.0	0	0.00719498167808363	0.17228542802177854	False	0.005253512522907758	False	False	Ecoli	False	True	False	False	umpire	manual	min	1.660964047443681
P0A9P6	P0A9P6		deaD		9419910.0	9996400.0	9377130.0	9276400.0	9792690.0	9774440.0	0	0.007260553868759258	-0.07461268674577057	False	0.005284056200366524	False	False	Ecoli	False	True	False	False	umpire	manual	min	1.660964047443681
P26608	P26608		fliS		3648450.0	3132850.0	3680710.0	3437440.0	3118000.0	2899660.0	0	0.007371638923099552	0.2346386722952863	False	0.0053145998778252905	False	False	Ecoli	False	True	False	False	umpire	manual	min	1.660964047443681
P45577	P45577		proQ		13758400.0	13122300.0	13797000.0	13624100.0	13316600.0	13344600.0	0	0.007380009144869068	0.04975610838476255	False	0.005345143555284056	False	False	Ecoli	False	True	False	False	umpire	manual	min	1.660964047443681
P0A870	P0A870		talB		46156600.0	43230800.0	45972800.0	46032000.0	43774700.0	44039800.0	0	0.007489041859832964	0.07628899531985	False	0.005375687232742823	False	False	Ecoli	False	True	False	False	umpire	manual	min	1.660964047443681
P0A7X3	P0A7X3		rpsI		84470400.0	80617500.0	86570800.0	83813400.0	78413200.0	79323800.0	0	0.007534593827556035	0.09656553047087225	False	0.005406230910201588	False	False	Ecoli	False	True	False	False	umpire	manual	min	1.660964047443681
P0AEC3	P0AEC3		arcB		289059.0	56058.5	223315.0	284420.0	46548.8	62818.4	3	0.007617181291664359	2.2680233993558994	False	0.0054367745876603545	False	True	Ecoli	False	True	False	False	umpire	manual	min	1.660964047443681
P0A8N5	P0A8N5		lysU		21552000.0	20855200.0	22024500.0	21517100.0	20306500.0	20366700.0	0	0.00767136437769708	0.08126322782641904	False	0.005467318265119121	False	False	Ecoli	False	True	False	False	umpire	manual	min	1.660964047443681
P0AAJ8	P0AAJ8		hybA		1813710.0	1686740.0	1874730.0	1864590.0	1745530.0	1733330.0	0	0.007747851367240444	0.10433925784921384	False	0.005497861942577886	False	False	Ecoli	False	True	False	False	umpire	manual	min	1.660964047443681
P0A6X3	P0A6X3		hfq		917070.0	694679.0	941200.0	917439.0	738938.0	649130.0	0	0.00781851435374868	0.4143687266532953	False	0.005528405620036653	False	False	Ecoli	False	True	False	False	umpire	manual	min	1.660964047443681
P22259	P22259		pckA		7785960.0	7617270.0	7911540.0	7852810.0	7660130.0	7564920.0	0	0.007966060676025585	0.04403686389036273	False	0.005558949297495419	False	False	Ecoli	False	True	False	False	umpire	manual	min	1.660964047443681
P0AG07	P0AG07		rpe		11484300.0	11933300.0	11054300.0	11160100.0	12243100.0	12055100.0	0	0.008037406487030534	-0.1045515978261775	False	0.005589492974954185	False	False	Ecoli	False	True	False	False	umpire	manual	min	1.660964047443681
P0A912	P0A912		pal		56201700.0	52153200.0	54253500.0	55407600.0	49919300.0	50299400.0	0	0.008041762034419234	0.12239348282383548	False	0.005620036652412951	False	False	Ecoli	False	True	False	False	umpire	manual	min	1.660964047443681
P0AEM0	P0AEM0		fkpB		1517990.0	1889160.0	1481270.0	1407040.0	1735560.0	1913700.0	0	0.008133787236517153	-0.32990673973437223	False	0.005650580329871716	False	False	Ecoli	False	True	False	False	umpire	manual	min	1.660964047443681
P0A8M3	P0A8M3		thrS		11041600.0	10550200.0	11104900.0	11237500.0	10253000.0	10554300.0	0	0.008221118267847717	0.09034628161073933	False	0.005681124007330483	False	False	Ecoli	False	True	False	False	umpire	manual	min	1.660964047443681
P0ABZ1	P0ABZ1		fliG		2466930.0	2614600.0	2452980.0	2441480.0	2638690.0	2691540.0	0	0.008222463783996244	-0.11003814368568375	False	0.005711667684789248	False	False	Ecoli	False	True	False	False	umpire	manual	min	1.660964047443681
P0A8W0	P0A8W0		nanR		2543910.0	2844780.0	2387120.0	2358490.0	2900250.0	2918600.0	0	0.0083277267682493	-0.2491478115341468	False	0.005742211362248015	False	False	Ecoli	False	True	False	False	umpire	manual	min	1.660964047443681
P0ABH0	P0ABH0		ftsA		2455510.0	2301700.0	2384100.0	2458900.0	2287110.0	2240890.0	0	0.008382113761944268	0.09577975766381769	False	0.005772755039706781	False	False	Ecoli	False	True	False	False	umpire	manual	min	1.660964047443681
P0A9C5	P0A9C5		glnA		42768900.0	40755100.0	42739400.0	43660500.0	41597800.0	40668400.0	0	0.008404237153965002	0.0703495107153695	False	0.005803298717165547	False	False	Ecoli	False	True	False	False	umpire	manual	min	1.660964047443681
P46853	P46853		yhhX		6755860.0	6469770.0	6675710.0	6798100.0	6466500.0	6520280.0	0	0.008408878030861456	0.056216869134689366	False	0.005833842394624313	False	False	Ecoli	False	True	False	False	umpire	manual	min	1.660964047443681
P0AF93	P0AF93		ridA		132510000.0	114109000.0	131241000.0	138306000.0	120958000.0	121063000.0	0	0.008492965981487475	0.17499607627467606	False	0.00586438607208308	False	False	Ecoli	False	True	False	False	umpire	manual	min	1.660964047443681
P36767	P36767		rdgC		4578980.0	5135080.0	4580680.0	4665810.0	4962860.0	5174440.0	0	0.008554455668068683	-0.14359637870391637	False	0.005894929749541845	False	False	Ecoli	False	True	False	False	umpire	manual	min	1.660964047443681
P37005	P37005		lasT		1636000.0	1437300.0	1600450.0	1544160.0	1323340.0	1338990.0	0	0.008573983955026263	0.22170100665241005	False	0.005925473427000612	False	False	Ecoli	False	True	False	False	umpire	manual	min	1.660964047443681
P0AG67	P0AG67		rpsA		330508000.0	303601000.0	329167000.0	335836000.0	311114000.0	314973000.0	0	0.008577877123585287	0.09869062314105945	False	0.005956017104459377	False	False	Ecoli	False	True	False	False	umpire	manual	min	1.660964047443681
P77398	P77398		arnA		315388.0	571444.0	378021.0	405086.0	551873.0	492281.0	0	0.008701893714236353	-0.5565399621098209	False	0.005986560781918143	False	False	Ecoli	False	True	False	False	umpire	manual	min	1.660964047443681
P76342	P76342		yedY		705687.0	1209780.0	709840.0	718635.0	1101480.0	1077710.0	0	0.008850731641244098	-0.6671771733503529	False	0.0060171044593769095	False	False	Ecoli	False	True	False	False	umpire	manual	min	1.660964047443681
Q59385	Q59385		copA		2271120.0	1890840.0	2153130.0	2154740.0	1976680.0	1972160.0	0	0.008899830109188229	0.17197680469572812	False	0.006047648136835675	False	False	Ecoli	False	True	False	False	umpire	manual	min	1.660964047443681
Q46868	Q46868		yqiC		9245040.0	8868870.0	9175070.0	9446960.0	8649740.0	8552220.0	0	0.008912116918295103	0.09612480880125042	False	0.006078191814294442	False	False	Ecoli	False	True	False	False	umpire	manual	min	1.660964047443681
P31475	P31475		yieP		1164220.0	1292290.0	1205450.0	1152410.0	1272240.0	1297650.0	0	0.008917761171126463	-0.1329877251148842	False	0.006108735491753207	False	False	Ecoli	False	True	False	False	umpire	manual	min	1.660964047443681
P22256	P22256		gabT		1157400.0	1363780.0	1036570.0	1090300.0	1303920.0	1272760.0	0	0.009069491613213888	-0.2627913203044341	False	0.0061392791692119735	False	False	Ecoli	False	True	False	False	umpire	manual	min	1.660964047443681
P0ADY3	P0ADY3		rplN		52356800.0	49107500.0	51604100.0	50603200.0	47416000.0	47712400.0	0	0.009124641407862961	0.09977497611406118	False	0.00616982284667074	False	False	Ecoli	False	True	False	False	umpire	manual	min	1.660964047443681
P0A9Q1	P0A9Q1		arcA		24243700.0	23506800.0	24841100.0	24290000.0	23093100.0	23151600.0	0	0.009170699502564498	0.07306042352077895	False	0.006200366524129505	False	False	Ecoli	False	True	False	False	umpire	manual	min	1.660964047443681
P0A6I9	P0A6I9		coaE		1109430.0	1300040.0	1118530.0	1091460.0	1330160.0	1250110.0	0	0.009197796747086439	-0.22524073221084714	False	0.006230910201588272	False	False	Ecoli	False	True	False	False	umpire	manual	min	1.660964047443681
P0A7R1	P0A7R1		rplI		299139000.0	274705000.0	288387000.0	297467000.0	269331000.0	274695000.0	0	0.009513341822261281	0.11227652218960842	False	0.006261453879047038	False	False	Ecoli	False	True	False	False	umpire	manual	min	1.660964047443681
P76578	P76578		yfhM		1022840.0	1129820.0	1049410.0	1055500.0	1143360.0	1098770.0	0	0.00951797635172048	-0.10845794071948069	False	0.006291997556505804	False	False	Ecoli	False	True	False	False	umpire	manual	min	1.660964047443681
P10408	P10408		secA		5190780.0	4943720.0	5225570.0	5244170.0	4884900.0	5014640.0	0	0.00961549664605351	0.07732413399379122	False	0.00632254123396457	False	False	Ecoli	False	True	False	False	umpire	manual	min	1.660964047443681
P77529	P77529		ydjN		4583830.0	5160890.0	4591950.0	4283180.0	5222100.0	5019230.0	0	0.009647377044323264	-0.19457137444774153	False	0.006353084911423335	False	False	Ecoli	False	True	False	False	umpire	manual	min	1.660964047443681
P25746	P25746		hflD		4941240.0	5749270.0	4573490.0	4827360.0	5350340.0	5780180.0	0	0.00985692421520991	-0.2350416797258142	False	0.006383628588882102	False	False	Ecoli	False	True	False	False	umpire	manual	min	1.660964047443681
P0A8T7	P0A8T7		rpoC		52219900.0	51160700.0	52133600.0	51782600.0	51028600.0	50987300.0	0	0.009869584223587557	0.027608218292922898	False	0.006414172266340868	False	False	Ecoli	False	True	False	False	umpire	manual	min	1.660964047443681
P0AAI9	P0AAI9		fabD		8840000.0	10166700.0	8943680.0	8891760.0	9736280.0	9993400.0	0	0.010061656771702083	-0.164458738537618	False	0.006444715943799634	False	False	Ecoli	False	True	False	False	umpire	manual	min	1.660964047443681
P06282	P06282		cdh		1471050.0	1571020.0	1353540.0	1390560.0	1605050.0	1659320.0	0	0.010647989827660912	-0.1980482837323132	False	0.0064752596212584	False	False	Ecoli	False	True	False	False	umpire	manual	min	1.660964047443681
P05041	P05041		pabB		1614520.0	1801070.0	1545670.0	1591710.0	1805220.0	1709210.0	0	0.010918303998944907	-0.1617009284927082	False	0.006505803298717166	False	False	Ecoli	False	True	False	False	umpire	manual	min	1.660964047443681
Q46920	Q46920		queF		4578910.0	4268720.0	4486430.0	4577690.0	4280060.0	4115350.0	0	0.010999384842955874	0.10741611991119826	False	0.006536346976175932	False	False	Ecoli	False	True	False	False	umpire	manual	min	1.660964047443681
P28635	P28635		metQ		13467000.0	14686700.0	12645000.0	13064300.0	14750100.0	14379300.0	0	0.01100780860203068	-0.16147992918239065	False	0.006566890653634697	False	False	Ecoli	False	True	False	False	umpire	manual	min	1.660964047443681
P00561	P00561		thrA		1872610.0	1714230.0	1878490.0	1885070.0	1643660.0	1641710.0	0	0.011035598497854775	0.17290245267552667	False	0.006597434331093464	False	False	Ecoli	False	True	False	False	umpire	manual	min	1.660964047443681
P0AC47	P0AC47		frdB		17247200.0	18347100.0	17415500.0	17718300.0	19080000.0	18729600.0	0	0.011150019735471394	-0.10041455711838439	False	0.006627978008552231	False	False	Ecoli	False	True	False	False	umpire	manual	min	1.660964047443681
P0A940	P0A940		bamA		14076400.0	13435800.0	13944300.0	14265100.0	13597500.0	13490300.0	0	0.011383338992374823	0.06141092835511132	False	0.006658521686010996	False	False	Ecoli	False	True	False	False	umpire	manual	min	1.660964047443681
P0A6Z6	P0A6Z6		nikR		2103380.0	1793850.0	1976900.0	2044060.0	1877790.0	1813640.0	0	0.01155810806580981	0.15898911208997665	False	0.006689065363469762	False	False	Ecoli	False	True	False	False	umpire	manual	min	1.660964047443681
P0AE18	P0AE18		map		9938940.0	9270130.0	10173200.0	10121300.0	9567770.0	9590380.0	0	0.011579226381973992	0.08881832593091485	False	0.006719609040928528	False	False	Ecoli	False	True	False	False	umpire	manual	min	1.660964047443681
P0AB71	P0AB71		fbaA		140129000.0	132280000.0	142989000.0	147380000.0	131115000.0	128437000.0	0	0.011821079610183763	0.13577131125501699	False	0.006750152718387295	False	False	Ecoli	False	True	False	False	umpire	manual	min	1.660964047443681
P0ADA5	P0ADA5		yajG		16952800.0	17503600.0	16518200.0	16398300.0	17768100.0	18215900.0	0	0.01184857367247203	-0.10105251862334866	False	0.006780696395846061	False	False	Ecoli	False	True	False	False	umpire	manual	min	1.660964047443681
P30177	P30177		ybiB		8318830.0	8859910.0	8443560.0	8506060.0	8674440.0	8880610.0	0	0.011884963333672735	-0.0640180550452471	False	0.006811240073304826	False	False	Ecoli	False	True	False	False	umpire	manual	min	1.660964047443681
P0AB18	P0AB18		tusE		1260090.0	1112230.0	1241910.0	1355860.0	1047460.0	1060350.0	0	0.011982171891910073	0.26072217967829003	False	0.0068417837507635925	False	False	Ecoli	False	True	False	False	umpire	manual	min	1.660964047443681
P0A7Q1	P0A7Q1		rpmI		18829800.0	14990300.0	19754100.0	20576000.0	14112500.0	11681500.0	0	0.012021945181666717	0.5366057231551834	False	0.006872327428222358	False	False	Ecoli	False	True	False	False	umpire	manual	min	1.660964047443681
P22525	P22525		ycbB		1938080.0	1570590.0	1821500.0	1834560.0	1662920.0	1688250.0	0	0.012054331506182443	0.18474205011405032	False	0.006902871105681124	False	False	Ecoli	False	True	False	False	umpire	manual	min	1.660964047443681
P0A6W9	P0A6W9		gshA		4751800.0	4378040.0	4705400.0	4620170.0	4432240.0	4521170.0	0	0.012065214935344184	0.07854412391420305	False	0.006933414783139891	False	False	Ecoli	False	True	False	False	umpire	manual	min	1.660964047443681
P0A7J0	P0A7J0		ribB		12747500.0	11970600.0	13435300.0	12839000.0	11855500.0	11475800.0	0	0.012077906989349175	0.14453449466004792	False	0.0069639584605986566	False	False	Ecoli	False	True	False	False	umpire	manual	min	1.660964047443681
P07004	P07004		proA		25998200.0	24794100.0	26616100.0	25928700.0	24086200.0	23596300.0	0	0.012176248569001421	0.11596742600942668	False	0.006994502138057423	False	False	Ecoli	False	True	False	False	umpire	manual	min	1.660964047443681
P69739	P69739		hyaA		319960.0	549040.0	420041.0	432256.0	662536.0	593194.0	0	0.012368070897380533	-0.622526097707324	False	0.007025045815516188	False	False	Ecoli	False	True	False	False	umpire	manual	min	1.660964047443681
P0AEU7	P0AEU7		skp		22044600.0	19783400.0	21162000.0	21494800.0	18678300.0	19823500.0	0	0.012455254349183424	0.150667334084274	False	0.007055589492974954	False	False	Ecoli	False	True	False	False	umpire	manual	min	1.660964047443681
P08312	P08312		pheS		13137600.0	12869000.0	13224600.0	13340200.0	12843400.0	12955200.0	0	0.012518000924772052	0.03810099778102916	False	0.0070861331704337215	False	False	Ecoli	False	True	False	False	umpire	manual	min	1.660964047443681
P04949	P04949		fliC		36273100.0	33284700.0	34953500.0	37046700.0	32478900.0	31086500.0	0	0.012753809923357232	0.16085207725784964	False	0.007116676847892487	False	False	Ecoli	False	True	False	False	umpire	manual	min	1.660964047443681
P0A7F9	P0A7F9		queA		3753010.0	3507280.0	3888190.0	3727860.0	3284430.0	3271020.0	0	0.012833106534845555	0.17609121762154373	False	0.007147220525351253	False	False	Ecoli	False	True	False	False	umpire	manual	min	1.660964047443681
P76594	P76594		yfiQ		9114730.0	7824620.0	9615440.0	9095010.0	7860200.0	7801470.0	0	0.012912777390684712	0.24457218358461721	False	0.0071777642028100185	False	False	Ecoli	False	True	False	False	umpire	manual	min	1.660964047443681
P0AF50	P0AF50		yjbR		7492280.0	6879140.0	7196800.0	7625290.0	6598550.0	6686560.0	0	0.012954550070701586	0.14617332929610502	False	0.007208307880268785	False	False	Ecoli	False	True	False	False	umpire	manual	min	1.660964047443681
P0A6F9	P0A6F9		groS		110208000.0	72641400.0	104106000.0	121445000.0	76578600.0	72667100.0	0	0.013098432859685113	0.5976002764874171	False	0.007238851557727551	False	False	Ecoli	False	True	False	False	umpire	manual	min	1.660964047443681
P0ACY9	P0ACY9		yebG		850984.0	603136.0	777663.0	839624.0	633505.0	708216.0	0	0.013120564829785858	0.34383671995364185	False	0.007269395235186316	False	False	Ecoli	False	True	False	False	umpire	manual	min	1.660964047443681
P18843	P18843		nadE		17930800.0	17064300.0	17941300.0	18465200.0	16982900.0	16827900.0	0	0.013234270762734136	0.0949831552266077	False	0.007299938912645083	False	False	Ecoli	False	True	False	False	umpire	manual	min	1.660964047443681
P0ADY7	P0ADY7		rplP		45542000.0	42574000.0	44691400.0	45154300.0	40770600.0	40884900.0	0	0.013240705145891637	0.12408887374795408	False	0.007330482590103849	False	False	Ecoli	False	True	False	False	umpire	manual	min	1.660964047443681
P64499	P64499		yebO		3555270.0	3135930.0	3412500.0	3412080.0	3159240.0	3272490.0	0	0.013534561169185054	0.11754756795032137	False	0.007361026267562615	False	False	Ecoli	False	True	False	False	umpire	manual	min	1.660964047443681
P0AB28	P0AB28		yceD		8667330.0	8163540.0	8386640.0	8635230.0	7940500.0	8111860.0	0	0.013550913021336174	0.08520734060818946	False	0.007391569945021381	False	False	Ecoli	False	True	False	False	umpire	manual	min	1.660964047443681
P68919	P68919		rplY		86600200.0	79796300.0	88571000.0	87230000.0	80007800.0	83206100.0	0	0.013584476671286183	0.11075744750189828	False	0.007422113622480147	False	False	Ecoli	False	True	False	False	umpire	manual	min	1.660964047443681
P0CB39	P0CB39		eptC		2006590.0	1512380.0	1906680.0	1951560.0	1543270.0	1708670.0	0	0.013846736198434136	0.2998189739847135	False	0.007452657299938914	False	False	Ecoli	False	True	False	False	umpire	manual	min	1.660964047443681
P52643	P52643		ldhA		11402500.0	10309800.0	11816900.0	12087700.0	10536300.0	10512600.0	0	0.013882074226470583	0.17109257549318066	False	0.007483200977397679	False	False	Ecoli	False	True	False	False	umpire	manual	min	1.660964047443681
P0A7R5	P0A7R5		rpsJ		156356000.0	146921000.0	154709000.0	158902000.0	146470000.0	146707000.0	0	0.013885782386848448	0.09473464212185266	False	0.007513744654856445	False	False	Ecoli	False	True	False	False	umpire	manual	min	1.660964047443681
P0ACR4	P0ACR4		yeiE		2811640.0	2589560.0	2766290.0	2727510.0	2648960.0	2657390.0	0	0.013963150334278095	0.07295105472914612	False	0.0075442883323152115	False	False	Ecoli	False	True	False	False	umpire	manual	min	1.660964047443681
P0A6Q6	P0A6Q6		fabZ		23207700.0	26975900.0	23005000.0	23116000.0	26139800.0	25618400.0	0	0.014008030084461285	-0.18353589865062156	False	0.007574832009773977	False	False	Ecoli	False	True	False	False	umpire	manual	min	1.660964047443681
P63389	P63389		yheS		1898310.0	2221300.0	1778430.0	1898880.0	2059660.0	2100240.0	0	0.01401274704498176	-0.1946955124460445	False	0.007605375687232743	False	False	Ecoli	False	True	False	False	umpire	manual	min	1.660964047443681
P0AB38	P0AB38		lpoB		5054400.0	5253640.0	5081310.0	4964510.0	5170690.0	5278890.0	0	0.014121693468043171	-0.056490850303464804	False	0.0076359193646915085	False	False	Ecoli	False	True	False	False	umpire	manual	min	1.660964047443681
P76403	P76403		yegQ		2767270.0	2429060.0	2651060.0	2651960.0	2476450.0	2497370.0	0	0.01428388856489755	0.12453387380935453	False	0.0076664630421502756	False	False	Ecoli	False	True	False	False	umpire	manual	min	1.660964047443681
P24255	P24255		rpoN		569476.0	476436.0	667979.0	631920.0	496769.0	409228.0	0	0.0144347130888605	0.43534644380691817	False	0.007697006719609042	False	False	Ecoli	False	True	False	False	umpire	manual	min	1.660964047443681
P0ADE6	P0ADE6		ygaU		558036.0	472391.0	509797.0	533972.0	435231.0	465527.0	0	0.014450248597809872	0.22221034771124934	False	0.007727550397067807	False	False	Ecoli	False	True	False	False	umpire	manual	min	1.660964047443681
P17169	P17169		glmS		41859300.0	42406500.0	41629100.0	41908400.0	42151100.0	42265100.0	0	0.014482713253256866	-0.016312464145862352	False	0.007758094074526573	False	False	Ecoli	False	True	False	False	umpire	manual	min	1.660964047443681
P0A937	P0A937		bamE		6665540.0	6085960.0	7075660.0	7020200.0	6039580.0	6209680.0	0	0.014483286930154514	0.17928615527597266	False	0.007788637751985339	False	False	Ecoli	False	True	False	False	umpire	manual	min	1.660964047443681
P0A8U6	P0A8U6		metJ		8183170.0	7847430.0	8359540.0	8351140.0	7880500.0	7885810.0	0	0.01457288719109894	0.07616281287172846	False	0.007819181429444105	False	False	Ecoli	False	True	False	False	umpire	manual	min	1.660964047443681
P0ABS1	P0ABS1		dksA		23331600.0	22215600.0	23274000.0	22855900.0	22255100.0	22561300.0	0	0.01460871935577305	0.05136358616606253	False	0.007849725106902872	False	False	Ecoli	False	True	False	False	umpire	manual	min	1.660964047443681
P0A6N8	P0A6N8		yeiP		11311100.0	10780700.0	10998500.0	11383700.0	10505900.0	10461800.0	0	0.014609347002407697	0.08577784896976955	False	0.007880268784361637	False	False	Ecoli	False	True	False	False	umpire	manual	min	1.660964047443681
P0AFR4	P0AFR4		yciO		5679440.0	4991570.0	5454100.0	5779690.0	5161550.0	5110090.0	0	0.014670436986922587	0.14809379765757713	False	0.007910812461820405	False	False	Ecoli	False	True	False	False	umpire	manual	min	1.660964047443681
P0A927	P0A927		tsx		9292330.0	8472340.0	9518080.0	8993770.0	8390650.0	7867250.0	0	0.014879348328977148	0.16902554910933235	False	0.00794135613927917	False	False	Ecoli	False	True	False	False	umpire	manual	min	1.660964047443681
P0AB24	P0AB24		efeO		4557620.0	4416020.0	4588740.0	4488760.0	4327830.0	4398250.0	0	0.01497162968253501	0.05313157224491815	False	0.007971899816737935	False	False	Ecoli	False	True	False	False	umpire	manual	min	1.660964047443681
P0AG00	P0AG00		wzzE		3063510.0	2867540.0	3264950.0	3175020.0	2782010.0	2905300.0	0	0.01502215141744182	0.15171333979805895	False	0.008002443494196702	False	False	Ecoli	False	True	False	False	umpire	manual	min	1.660964047443681
P07330	P07330		cheB		1099370.0	978783.0	1039890.0	1050840.0	904361.0	900036.0	0	0.01546474509657739	0.1968674319655581	False	0.008032987171655468	False	False	Ecoli	False	True	False	False	umpire	manual	min	1.660964047443681
P23857	P23857		pspE		987246.0	798054.0	992541.0	1018520.0	854367.0	883333.0	0	0.015580574156829428	0.24173331728498795	False	0.008063530849114235	False	False	Ecoli	False	True	False	False	umpire	manual	min	1.660964047443681
P0AGE9	P0AGE9		sucD		7308710.0	7035500.0	7180640.0	7252800.0	6944500.0	7085360.0	0	0.015589303553066971	0.04562203885354838	False	0.008094074526573	False	False	Ecoli	False	True	False	False	umpire	manual	min	1.660964047443681
P0AG40	P0AG40		ribF		1582630.0	1774520.0	1642770.0	1662230.0	1779350.0	1741500.0	0	0.015598547662972605	-0.11559641686315258	False	0.008124618204031766	False	False	Ecoli	False	True	False	False	umpire	manual	min	1.660964047443681
P30128	P30128		greB		1894680.0	2054980.0	1860940.0	1935170.0	1999050.0	2100560.0	0	0.015835640270351597	-0.11303380946180888	False	0.008155161881490533	False	False	Ecoli	False	True	False	False	umpire	manual	min	1.660964047443681
P17846	P17846		cysI		5652030.0	5476700.0	5668770.0	5819320.0	5425700.0	5371400.0	0	0.015840497255018265	0.07482604432256337	False	0.008185705558949298	False	False	Ecoli	False	True	False	False	umpire	manual	min	1.660964047443681
P0A917	P0A917		ompX		16409800.0	14879600.0	15850400.0	16487500.0	15128800.0	15002200.0	0	0.01617460238709695	0.11506935538890281	False	0.008216249236408063	False	False	Ecoli	False	True	False	False	umpire	manual	min	1.660964047443681
P0A746	P0A746		msrB		1815700.0	1309220.0	1624230.0	1771650.0	1353860.0	1339720.0	0	0.016195088906527006	0.380711288905298	False	0.008246792913866829	False	False	Ecoli	False	True	False	False	umpire	manual	min	1.660964047443681
P33025	P33025		psuG		1770330.0	1813750.0	1725110.0	1744590.0	1823050.0	1833230.0	0	0.016200180692406644	-0.06197367395686628	False	0.008277336591325596	False	False	Ecoli	False	True	False	False	umpire	manual	min	1.660964047443681
P0AED9	P0AED9		dcm		369698.0	442849.0	357772.0	322551.0	410536.0	418458.0	0	0.016318194660511102	-0.2765024096367116	False	0.008307880268784363	False	False	Ecoli	False	True	False	False	umpire	manual	min	1.660964047443681
P0A825	P0A825		glyA		27075200.0	26117900.0	27251200.0	26693100.0	25220300.0	25577400.0	0	0.016582627991732823	0.07499294681024492	False	0.008338423946243128	False	False	Ecoli	False	True	False	False	umpire	manual	min	1.660964047443681
P37634	P37634		rlmJ		5358660.0	5866060.0	5369080.0	5516600.0	5715790.0	6011600.0	0	0.01683138157395958	-0.11510128802679406	False	0.008368967623701894	False	False	Ecoli	False	True	False	False	umpire	manual	min	1.660964047443681
P25397	P25397		tehB		2745830.0	2912810.0	2826420.0	2756850.0	2890460.0	2935590.0	0	0.01715963930450215	-0.06928447608242225	False	0.008399511301160659	False	False	Ecoli	False	True	False	False	umpire	manual	min	1.660964047443681
P0A862	P0A862		tpx		39517000.0	41341800.0	39031200.0	39785300.0	40522900.0	41649500.0	0	0.017376792205688732	-0.061818357139991384	False	0.008430054978619426	False	False	Ecoli	False	True	False	False	umpire	manual	min	1.660964047443681
P0A7M9	P0A7M9		rpmE		72963100.0	69189200.0	73220700.0	73786300.0	70225900.0	67811900.0	0	0.01739012735091662	0.08609544830088485	False	0.008460598656078193	False	False	Ecoli	False	True	False	False	umpire	manual	min	1.660964047443681
P21369	P21369		pncA		1900370.0	2060650.0	1928910.0	1794440.0	2067590.0	2134980.0	0	0.017647283300739655	-0.15537978980896094	False	0.008491142333536959	False	False	Ecoli	False	True	False	False	umpire	manual	min	1.660964047443681
P69910	P69910		gadB		42562500.0	41050700.0	43406200.0	42096300.0	40987400.0	39989700.0	0	0.017802301103365593	0.06966638724537853	False	0.008521686010995724	False	False	Ecoli	False	True	False	False	umpire	manual	min	1.660964047443681
P24205	P24205		msbB		2084760.0	2396110.0	2141550.0	2172500.0	2337310.0	2515250.0	0	0.017848117207889945	-0.17991268186964413	False	0.00855222968845449	False	False	Ecoli	False	True	False	False	umpire	manual	min	1.660964047443681
Q47622	Q47622		sapA		2105490.0	2302650.0	2085640.0	2192940.0	2330010.0	2253250.0	0	0.017855661234483348	-0.10917085426650587	False	0.008582773365913256	False	False	Ecoli	False	True	False	False	umpire	manual	min	1.660964047443681
P0AE67	P0AE67		cheY		1472940.0	1597420.0	1513550.0	1434310.0	1694460.0	1603940.0	0	0.01799414990883902	-0.14724304953363757	False	0.008613317043372024	False	False	Ecoli	False	True	False	False	umpire	manual	min	1.660964047443681
P76537	P76537		yfeY		2779320.0	2465710.0	2954450.0	2776960.0	2560190.0	2522290.0	0	0.018127470466227535	0.1731521447182034	False	0.008643860720830789	False	False	Ecoli	False	True	False	False	umpire	manual	min	1.660964047443681
P0A6K3	P0A6K3		def		13544500.0	12745600.0	13729100.0	13641600.0	13130100.0	13068200.0	0	0.018276982223640305	0.07123953544491439	False	0.008674404398289554	False	False	Ecoli	False	True	False	False	umpire	manual	min	1.660964047443681
P0A9Z1	P0A9Z1		glnB		13878300.0	13329700.0	13592900.0	13935300.0	13031400.0	13344800.0	0	0.018284357629346874	0.06050386303768801	False	0.00870494807574832	False	False	Ecoli	False	True	False	False	umpire	manual	min	1.660964047443681
P0A734	P0A734		minE		32867500.0	31788000.0	33642200.0	34042800.0	32215800.0	31361500.0	0	0.01846992945212886	0.07641262925898308	False	0.008735491753207087	False	False	Ecoli	False	True	False	False	umpire	manual	min	1.660964047443681
P22524	P22524		mukE		5413220.0	5725210.0	5518780.0	5340880.0	6038680.0	5915710.0	0	0.018578519709605643	-0.11961603014671712	False	0.008766035430665854	False	False	Ecoli	False	True	False	False	umpire	manual	min	1.660964047443681
P0AAJ5	P0AAJ5		fdoH		3646570.0	3822120.0	3616210.0	3655740.0	3838750.0	3942580.0	0	0.018588010757188057	-0.0877765060538858	False	0.00879657910812462	False	False	Ecoli	False	True	False	False	umpire	manual	min	1.660964047443681
P0A9E5	P0A9E5		fnr		8941940.0	8184470.0	8642120.0	8726460.0	8272670.0	8208830.0	0	0.018803623718754266	0.09311773909104867	False	0.008827122785583385	False	False	Ecoli	False	True	False	False	umpire	manual	min	1.660964047443681
P0A873	P0A873		trmD		3576700.0	3998880.0	3593650.0	3536490.0	3813190.0	3879420.0	0	0.01888450429799977	-0.1269260549946447	False	0.00885766646304215	False	False	Ecoli	False	True	False	False	umpire	manual	min	1.660964047443681
P0A6K6	P0A6K6		deoB		18546400.0	17547800.0	18342500.0	18790500.0	17871000.0	18036700.0	0	0.018914156017113857	0.05880527132697982	False	0.008888210140500917	False	False	Ecoli	False	True	False	False	umpire	manual	min	1.660964047443681
P0AEW9	P0AEW9		fruK		15666900.0	15206400.0	15810700.0	15851200.0	15489000.0	15205100.0	0	0.019155042725646016	0.04420847448368617	False	0.008918753817959682	False	False	Ecoli	False	True	False	False	umpire	manual	min	1.660964047443681
P0AAI3	P0AAI3		ftsH		12613400.0	12139400.0	12371800.0	12523900.0	12055600.0	12255600.0	0	0.01936127822335362	0.04129808471063284	False	0.008949297495418448	False	False	Ecoli	False	True	False	False	umpire	manual	min	1.660964047443681
P77804	P77804		ydgA		8662800.0	7912800.0	8483120.0	8487220.0	7830250.0	8194440.0	0	0.019369437358910592	0.09873833189492377	False	0.008979841172877215	False	False	Ecoli	False	True	False	False	umpire	manual	min	1.660964047443681
P16433	P16433		hycG		1051710.0	791078.0	963496.0	1041420.0	897542.0	876034.0	0	0.01941210448342739	0.2531758354418173	False	0.00901038485033598	False	False	Ecoli	False	True	False	False	umpire	manual	min	1.660964047443681
P25552	P25552		gppA		2482950.0	2019080.0	2416720.0	2398150.0	1875880.0	2129610.0	0	0.019450341720855874	0.2766072938916261	False	0.009040928527794747	False	False	Ecoli	False	True	False	False	umpire	manual	min	1.660964047443681
P0A9G6	P0A9G6		aceA		7326820.0	6935280.0	7306920.0	7122360.0	6854560.0	6868000.0	0	0.019495766578740414	0.074730549391386	False	0.009071472205253513	False	False	Ecoli	False	True	False	False	umpire	manual	min	1.660964047443681
P0AF24	P0AF24		nagD		2242610.0	1855360.0	2090310.0	2093150.0	1927150.0	1853870.0	0	0.01980457784163622	0.18916781614301095	False	0.009102015882712278	False	False	Ecoli	False	True	False	False	umpire	manual	min	1.660964047443681
P0AEN1	P0AEN1		fre		9126200.0	9869350.0	8822930.0	9281900.0	9977580.0	9873970.0	0	0.019809208680157765	-0.12622625119927783	False	0.009132559560171045	False	False	Ecoli	False	True	False	False	umpire	manual	min	1.660964047443681
P0A7S9	P0A7S9		rpsM		33557700.0	35741900.0	33972500.0	33969100.0	36091600.0	34983200.0	0	0.019981567285121963	-0.07366744158961319	False	0.00916310323762981	False	False	Ecoli	False	True	False	False	umpire	manual	min	1.660964047443681
P27838	P27838		cyaY		1960740.0	1723660.0	2072050.0	1927080.0	1786370.0	1741350.0	0	0.020047314023423378	0.18258426652055892	False	0.009193646915088578	False	False	Ecoli	False	True	False	False	umpire	manual	min	1.660964047443681
P0ADZ4	P0ADZ4		rpsO		141104000.0	130915000.0	136347000.0	143209000.0	128774000.0	128110000.0	0	0.020311512739443163	0.11734555743959814	False	0.009224190592547343	False	False	Ecoli	False	True	False	False	umpire	manual	min	1.660964047443681
P0A9R4	P0A9R4		fdx		9361460.0	11016300.0	10162400.0	9718930.0	10521600.0	11264900.0	0	0.02047813391994289	-0.16573800378325176	False	0.009254734270006108	False	False	Ecoli	False	True	False	False	umpire	manual	min	1.660964047443681
P0A780	P0A780		nusB		11023800.0	12031200.0	11458100.0	11072000.0	12072200.0	12111000.0	0	0.02076628133337753	-0.11008301102038047	False	0.009285277947464875	False	False	Ecoli	False	True	False	False	umpire	manual	min	1.660964047443681
P0AAS7	P0AAS7		ybcJ		2587810.0	2716310.0	2439110.0	2575800.0	2741840.0	2844150.0	0	0.020778212494392833	-0.12699540489747563	False	0.00931582162492364	False	False	Ecoli	False	True	False	False	umpire	manual	min	1.660964047443681
P17117	P17117		nfsA		4367660.0	4138360.0	4482290.0	4453630.0	4293240.0	4223000.0	0	0.02095009058847781	0.07215262198948336	False	0.009346365302382408	False	False	Ecoli	False	True	False	False	umpire	manual	min	1.660964047443681
P0AA57	P0AA57		yobA		1227080.0	1090650.0	1192420.0	1156810.0	992215.0	1066280.0	0	0.020973326694915282	0.18351161014108677	False	0.009376908979841173	False	False	Ecoli	False	True	False	False	umpire	manual	min	1.660964047443681
P69908	P69908		gadA		3557470.0	3020650.0	3469070.0	3692860.0	3126520.0	3317500.0	0	0.021016803724274766	0.17960004549994213	False	0.009407452657299939	False	False	Ecoli	False	True	False	False	umpire	manual	min	1.660964047443681
P0ACF8	P0ACF8		hns		55047400.0	50853600.0	55051400.0	54801400.0	52514300.0	50889200.0	0	0.02103245048892418	0.09625625464939346	False	0.009437996334758706	False	False	Ecoli	False	True	False	False	umpire	manual	min	1.660964047443681
P0ABU2	P0ABU2		ychF		18187100.0	17974800.0	18156400.0	18270600.0	17747500.0	17765100.0	0	0.02112893970644697	0.030074390561771108	False	0.009468540012217471	False	False	Ecoli	False	True	False	False	umpire	manual	min	1.660964047443681
P32680	P32680		yjaG		1818850.0	1678180.0	1772840.0	1755760.0	1668090.0	1587160.0	0	0.02140034344708312	0.11626004912463285	False	0.009499083689676238	False	False	Ecoli	False	True	False	False	umpire	manual	min	1.660964047443681
P27298	P27298		prlC		9986430.0	9670310.0	9992820.0	10199300.0	9625860.0	9616810.0	0	0.021606683650726204	0.061806177805362475	False	0.009529627367135004	False	False	Ecoli	False	True	False	False	umpire	manual	min	1.660964047443681
P07026	P07026		sdiA		1647200.0	1742240.0	1568240.0	1680730.0	1828640.0	1861700.0	0	0.021646431485092158	-0.1499838639054819	False	0.009560171044593769	False	False	Ecoli	False	True	False	False	umpire	manual	min	1.660964047443681
P11880	P11880		murF		4873440.0	4713890.0	5009730.0	4983500.0	4444740.0	4553440.0	0	0.02171274014068651	0.11663515337092552	False	0.009590714722052536	False	False	Ecoli	False	True	False	False	umpire	manual	min	1.660964047443681
P21893	P21893		recJ		1226920.0	1136070.0	1224570.0	1179860.0	1061320.0	1053750.0	0	0.021884723163957658	0.15956030551638167	False	0.009621258399511301	False	False	Ecoli	False	True	False	False	umpire	manual	min	1.660964047443681
P15254	P15254		purL		2937680.0	3020960.0	2886110.0	2960060.0	3060390.0	3013470.0	0	0.02209101582060769	-0.05019166713408468	False	0.009651802076970068	False	False	Ecoli	False	True	False	False	umpire	manual	min	1.660964047443681
P06959	P06959		aceF		57061200.0	54543800.0	56192300.0	56213500.0	54889700.0	53341000.0	0	0.02238213813690211	0.058129660391064895	False	0.009682345754428834	False	False	Ecoli	False	True	False	False	umpire	manual	min	1.660964047443681
P0ACM2	P0ACM2		ydfH		637898.0	487563.0	615752.0	567390.0	480746.0	542738.0	0	0.022657573545760114	0.2692140769743599	False	0.0097128894318876	False	False	Ecoli	False	True	False	False	umpire	manual	min	1.660964047443681
P0AEM9	P0AEM9		fliY		7253700.0	6836130.0	7134010.0	7300270.0	7041440.0	6957970.0	0	0.022726018329555512	0.05784919665905096	False	0.009743433109346366	False	False	Ecoli	False	True	False	False	umpire	manual	min	1.660964047443681
P37651	P37651		bcsZ		2156210.0	2055370.0	2339850.0	2260450.0	2022330.0	1892040.0	0	0.022960897704785443	0.17861013166609338	False	0.009773976786805132	False	False	Ecoli	False	True	False	False	umpire	manual	min	1.660964047443681
P0AC02	P0AC02		bamD		24368100.0	24040200.0	25149200.0	24855800.0	23180400.0	23497700.0	0	0.02324469991529484	0.0726973132911953	False	0.009804520464263897	False	False	Ecoli	False	True	False	False	umpire	manual	min	1.660964047443681
P76346	P76346		mtfA		1239120.0	1145980.0	1232660.0	1214260.0	1102070.0	1066790.0	0	0.023750465174531554	0.1531324905079634	False	0.009835064141722664	False	False	Ecoli	False	True	False	False	umpire	manual	min	1.660964047443681
P0AED0	P0AED0		uspA		9367450.0	8578360.0	9910930.0	10158200.0	8596680.0	8386450.0	0	0.023979569924580946	0.20363813137105014	False	0.009865607819181431	False	False	Ecoli	False	True	False	False	umpire	manual	min	1.660964047443681
P62556	P62556		sopA		3993090.0	3717870.0	3913620.0	4052290.0	3828720.0	3829570.0	0	0.023982071589458573	0.07208309682039056	False	0.009896151496640195	False	False	Ecoli	False	True	False	False	umpire	manual	min	1.660964047443681
P00579	P00579		rpoD		7160620.0	6827790.0	7002900.0	7016670.0	6773200.0	6866570.0	0	0.024395503811264607	0.04937640674174828	False	0.009926695174098962	False	False	Ecoli	False	True	False	False	umpire	manual	min	1.660964047443681
P75937	P75937		flgE		3224380.0	3342160.0	2986210.0	3056340.0	3555780.0	3387080.0	0	0.024419634609234703	-0.1503812202011749	False	0.009957238851557727	False	False	Ecoli	False	True	False	False	umpire	manual	min	1.660964047443681
P0AEN8	P0AEN8		fucU		4826390.0	5123910.0	4864710.0	4883570.0	5347450.0	5199500.0	0	0.024872329569657178	-0.10462113727794764	False	0.009987782529016494	False	False	Ecoli	False	True	False	False	umpire	manual	min	1.660964047443681
P0A9M8	P0A9M8		pta		45009000.0	43885500.0	44514600.0	44438500.0	43102800.0	42919500.0	0	0.02522874701387973	0.04433684060629846	False	0.010018326206475262	False	False	Ecoli	False	True	False	False	umpire	manual	min	1.660964047443681
P0ABU7	P0ABU7		exbB		2172070.0	1835540.0	2332470.0	2301160.0	2044720.0	2023820.0	0	0.025437931793847665	0.20503128772232715	False	0.010048869883934025	False	False	Ecoli	False	True	False	False	umpire	manual	min	1.660964047443681
P0C0S1	P0C0S1		mscS		7761510.0	8468310.0	7862120.0	8122900.0	8303160.0	8477180.0	0	0.02554927954998776	-0.08848953890699461	False	0.010079413561392792	False	False	Ecoli	False	True	False	False	umpire	manual	min	1.660964047443681
P45531	P45531		tusC		375468.0	294648.0	388727.0	351970.0	336838.0	314079.0	0	0.025560170914696773	0.2393017726921063	False	0.010109957238851558	False	False	Ecoli	False	True	False	False	umpire	manual	min	1.660964047443681
P05825	P05825		fepA		1984290.0	1874840.0	2077220.0	1993010.0	1923880.0	1822840.0	0	0.025574245275707494	0.10704204988100725	False	0.010140500916310325	False	False	Ecoli	False	True	False	False	umpire	manual	min	1.660964047443681
P16659	P16659		proS		10222800.0	10635700.0	10388900.0	10331800.0	10684000.0	10476400.0	0	0.025627899455926518	-0.03921343200822017	False	0.010171044593769092	False	False	Ecoli	False	True	False	False	umpire	manual	min	1.660964047443681
P13016	P13016		ampD		1995920.0	1786700.0	1917200.0	1868960.0	1747720.0	1724690.0	0	0.02572369262310517	0.13676989719879037	False	0.010201588271227855	False	False	Ecoli	False	True	False	False	umpire	manual	min	1.660964047443681
P17993	P17993		ubiG		3184610.0	3011570.0	3147320.0	3272180.0	3058110.0	3003770.0	0	0.02579274074147898	0.0820007161299647	False	0.010232131948686623	False	False	Ecoli	False	True	False	False	umpire	manual	min	1.660964047443681
P0AF36	P0AF36		zapB		7314800.0	6014240.0	7323110.0	7370690.0	5458810.0	6256780.0	0	0.025809229139769307	0.3118886729335813	False	0.010262675626145388	False	False	Ecoli	False	True	False	False	umpire	manual	min	1.660964047443681
P0A9H7	P0A9H7		cfa		3782660.0	3451350.0	3804610.0	3776850.0	3590230.0	3573370.0	0	0.025809351804779834	0.09838839525344775	False	0.010293219303604155	False	False	Ecoli	False	True	False	False	umpire	manual	min	1.660964047443681
P0A763	P0A763		ndk		18274900.0	17589700.0	18423900.0	18783500.0	17852800.0	17108400.0	0	0.025852329995208548	0.07831212297757144	False	0.010323762981062922	False	False	Ecoli	False	True	False	False	umpire	manual	min	1.660964047443681
P26648	P26648		ftsP		540361.0	647520.0	537755.0	541690.0	599072.0	625616.0	0	0.02594577245324381	-0.20891968988497647	False	0.010354306658521686	False	False	Ecoli	False	True	False	False	umpire	manual	min	1.660964047443681
P0A7L3	P0A7L3		rplT		36560500.0	40885100.0	38561100.0	37733200.0	40137500.0	39737400.0	0	0.025978927711844287	-0.09767488066148361	False	0.010384850335980453	False	False	Ecoli	False	True	False	False	umpire	manual	min	1.660964047443681
P68191	P68191		sra		2415880.0	1914260.0	2389390.0	2459470.0	2164510.0	2026920.0	0	0.026126218401314454	0.25075682328748833	False	0.010415394013439218	False	False	Ecoli	False	True	False	False	umpire	manual	min	1.660964047443681
P0AET2	P0AET2		hdeB		8983720.0	9907230.0	8733160.0	9375800.0	10052300.0	9638970.0	0	0.026296748269551588	-0.127620952884408	False	0.010445937690897985	False	False	Ecoli	False	True	False	False	umpire	manual	min	1.660964047443681
P08200	P08200		icd		23979400.0	22697200.0	24331100.0	23307200.0	22759100.0	21867500.0	0	0.026307277435718396	0.08919957738171148	False	0.01047648136835675	False	False	Ecoli	False	True	False	False	umpire	manual	min	1.660964047443681
P0A7L0	P0A7L0		rplA		164542000.0	159123000.0	162131000.0	163021000.0	155309000.0	158779000.0	0	0.02648065626181214	0.049396909307616754	False	0.010507025045815516	False	False	Ecoli	False	True	False	False	umpire	manual	min	1.660964047443681
P0AFI7	P0AFI7		pdxH		7279360.0	7413980.0	7237310.0	7217110.0	7343940.0	7466630.0	0	0.026496283838923565	-0.03221509392469302	False	0.010537568723274281	False	False	Ecoli	False	True	False	False	umpire	manual	min	1.660964047443681
P0A7I0	P0A7I0		prfA		4093980.0	4129680.0	4027520.0	3995940.0	4218740.0	4246870.0	0	0.026726242870197207	-0.055799400798902166	False	0.010568112400733048	False	False	Ecoli	False	True	False	False	umpire	manual	min	1.660964047443681
P76187	P76187		ydhF		2306290.0	2649900.0	2269110.0	2372450.0	2608460.0	2864900.0	0	0.026821136014193156	-0.22549221380345277	False	0.010598656078191816	False	False	Ecoli	False	True	False	False	umpire	manual	min	1.660964047443681
P0AE60	P0AE60		cedA		1132800.0	1206720.0	1080880.0	1149770.0	1281960.0	1320680.0	0	0.026968782479630124	-0.17960682321444316	False	0.010629199755650581	False	False	Ecoli	False	True	False	False	umpire	manual	min	1.660964047443681
P61714	P61714		ribE		28059900.0	26839700.0	27650200.0	28071700.0	27317500.0	26517700.0	0	0.027037705343718178	0.054516995514473324	False	0.010659743433109346	False	False	Ecoli	False	True	False	False	umpire	manual	min	1.660964047443681
P77348	P77348		mppA		1991680.0	1918750.0	1993120.0	1970960.0	1894730.0	1851970.0	0	0.027063141273455747	0.07209506647062508	False	0.010690287110568112	False	False	Ecoli	False	True	False	False	umpire	manual	min	1.660964047443681
P0AF48	P0AF48		yjbQ		1390010.0	920485.0	1417450.0	1235590.0	1117830.0	1113950.0	0	0.027094806232652494	0.3590552231195292	False	0.010720830788026879	False	False	Ecoli	False	True	False	False	umpire	manual	min	1.660964047443681
P39325	P39325		ytfQ		1574450.0	1751990.0	1444700.0	1384880.0	1686670.0	1763880.0	0	0.027183386511458886	-0.2403918557475783	False	0.010751374465485646	False	False	Ecoli	False	True	False	False	umpire	manual	min	1.660964047443681
P77434	P77434		alaC		2014770.0	1980350.0	2002040.0	2028020.0	1955610.0	1985470.0	0	0.027520878708529886	0.029756144227474638	False	0.010781918142944411	False	False	Ecoli	False	True	False	False	umpire	manual	min	1.660964047443681
P00968	P00968		carB		4228560.0	4054710.0	4199710.0	4210840.0	4095500.0	4136830.0	0	0.02763770651027721	0.0407574715532801	False	0.010812461820403177	False	False	Ecoli	False	True	False	False	umpire	manual	min	1.660964047443681
P61889	P61889		mdh		22822200.0	20815000.0	22472100.0	22887500.0	21796900.0	20801600.0	0	0.027771626363635973	0.10459668100614036	False	0.010843005497861942	False	False	Ecoli	False	True	False	False	umpire	manual	min	1.660964047443681
P0ACP5	P0ACP5		gntR		558690.0	503439.0	572220.0	625260.0	465050.0	518830.0	0	0.027969080213188075	0.23971839713042642	False	0.010873549175320709	False	False	Ecoli	False	True	False	False	umpire	manual	min	1.660964047443681
P0A722	P0A722		lpxA		8218490.0	7910090.0	8343770.0	8517180.0	7566130.0	7966250.0	0	0.02800338652531771	0.09738054813759646	False	0.010904092852779476	False	False	Ecoli	False	True	False	False	umpire	manual	min	1.660964047443681
P0A6E6	P0A6E6		atpC		7026950.0	6699860.0	7260070.0	7340210.0	6863330.0	6789900.0	0	0.028170177977213044	0.08760105714637237	False	0.010934636530238242	False	False	Ecoli	False	True	False	False	umpire	manual	min	1.660964047443681
P0AFJ1	P0AFJ1		phnA		1649900.0	1504810.0	1642210.0	1721590.0	1585870.0	1468270.0	0	0.028170596629131132	0.1371740869614485	False	0.010965180207697007	False	False	Ecoli	False	True	False	False	umpire	manual	min	1.660964047443681
P61949	P61949		fldA		3573890.0	3295090.0	3455270.0	3597440.0	3299480.0	3327470.0	0	0.02819589512037515	0.09897139931678288	False	0.010995723885155772	False	False	Ecoli	False	True	False	False	umpire	manual	min	1.660964047443681
P0A908	P0A908		mipA		1893490.0	1793840.0	1982740.0	2023500.0	1820490.0	1758140.0	0	0.02831369945066012	0.13506340969410466	False	0.01102626756261454	False	False	Ecoli	False	True	False	False	umpire	manual	min	1.660964047443681
P0AG48	P0AG48		rplU		103966000.0	98917600.0	104099000.0	105236000.0	95538600.0	93361600.0	0	0.028386471346327175	0.12239355668561214	False	0.011056811240073306	False	False	Ecoli	False	True	False	False	umpire	manual	min	1.660964047443681
P0AEL6	P0AEL6		fepB		2101380.0	1851970.0	1972170.0	2066020.0	1770440.0	1923020.0	0	0.028500502936505454	0.14683828319911474	False	0.011087354917532072	False	False	Ecoli	False	True	False	False	umpire	manual	min	1.660964047443681
P0CG19	P0CG19		rph		6908240.0	6456090.0	6994600.0	6873000.0	5986170.0	6081260.0	0	0.028530810640969677	0.16554853053226715	False	0.011117898594990837	False	False	Ecoli	False	True	False	False	umpire	manual	min	1.660964047443681
P0A8F4	P0A8F4		udk		7103980.0	7160680.0	6941670.0	6945530.0	7368480.0	7273570.0	0	0.028780091266406637	-0.054725522771278616	False	0.011148442272449603	False	False	Ecoli	False	True	False	False	umpire	manual	min	1.660964047443681
P08839	P08839		ptsI		33063000.0	32597500.0	33964800.0	33348300.0	32296000.0	31679000.0	0	0.028780860309828075	0.055731467419544004	False	0.01117898594990837	False	False	Ecoli	False	True	False	False	umpire	manual	min	1.660964047443681
P0A9Q7	P0A9Q7		adhE		185351000.0	182569000.0	184479000.0	185574000.0	182014000.0	180010000.0	0	0.028901354546576108	0.028359128808450516	False	0.011209529627367137	False	False	Ecoli	False	True	False	False	umpire	manual	min	1.660964047443681
P39830	P39830		ybaL		1410520.0	1606420.0	1240210.0	1240630.0	1559680.0	1533850.0	0	0.02944710345871282	-0.27237095487234175	False	0.011240073304825902	False	False	Ecoli	False	True	False	False	umpire	manual	min	1.660964047443681
P09169	P09169		ompT		5200080.0	4871630.0	5052780.0	5202870.0	4781200.0	4995090.0	0	0.029552644197052728	0.07744597975464301	False	0.011270616982284667	False	False	Ecoli	False	True	False	False	umpire	manual	min	1.660964047443681
P0A905	P0A905		slyB		9609220.0	9056420.0	9918510.0	9631220.0	9430590.0	9069770.0	0	0.029558296083443462	0.08153145034887489	False	0.011301160659743433	False	False	Ecoli	False	True	False	False	umpire	manual	min	1.660964047443681
P09373	P09373		pflB		254268000.0	249088000.0	251800000.0	251434000.0	245073000.0	244361000.0	0	0.02974454084144621	0.03660879927514109	False	0.0113317043372022	False	False	Ecoli	False	True	False	False	umpire	manual	min	1.660964047443681
P46474	P46474		yhdP		1572170.0	1471210.0	1588380.0	1644780.0	1311250.0	1401260.0	0	0.02980541002720282	0.19984920878546858	False	0.011362248014660965	False	False	Ecoli	False	True	False	False	umpire	manual	min	1.660964047443681
P0ACC7	P0ACC7		glmU		14656200.0	14169000.0	14559100.0	14390800.0	13679400.0	13913700.0	0	0.029909914013495586	0.062335706428725456	False	0.011392791692119732	False	False	Ecoli	False	True	False	False	umpire	manual	min	1.660964047443681
P0AE39	P0AE39		ypdB		1253670.0	1343390.0	1317350.0	1279990.0	1391850.0	1426610.0	0	0.02997347361016737	-0.11198809946328268	False	0.011423335369578496	False	False	Ecoli	False	True	False	False	umpire	manual	min	1.660964047443681
P0A7N9	P0A7N9		rpmG		122440000.0	108679000.0	118793000.0	118611000.0	100955000.0	110420000.0	0	0.03014036910479525	0.16905626385011946	False	0.011453879047037263	False	False	Ecoli	False	True	False	False	umpire	manual	min	1.660964047443681
Q46919	Q46919		yqcC		398449.0	656578.0	525794.0	445177.0	607773.0	623815.0	0	0.030501614308295667	-0.4634206183929434	False	0.01148442272449603	False	False	Ecoli	False	True	False	False	umpire	manual	min	1.660964047443681
P60651	P60651		speB		12792400.0	12477900.0	12888500.0	12730900.0	12535700.0	12246100.0	0	0.03083486756336301	0.04393351267777695	False	0.011514966401954796	False	False	Ecoli	False	True	False	False	umpire	manual	min	1.660964047443681
P21889	P21889		aspS		10088200.0	9899000.0	10049900.0	9967690.0	9706480.0	9733630.0	0	0.030961825148338895	0.037215867775212984	False	0.011545510079413563	False	False	Ecoli	False	True	False	False	umpire	manual	min	1.660964047443681
P0A8N7	P0A8N7		epmA		3110790.0	3030290.0	3055940.0	3067920.0	2962410.0	2976940.0	0	0.03104339164043738	0.04200719986665777	False	0.011576053756872326	False	False	Ecoli	False	True	False	False	umpire	manual	min	1.660964047443681
P00961	P00961		glyS		13265100.0	12712400.0	13353000.0	13280300.0	12991600.0	12946400.0	0	0.031358932022828044	0.045847547914886704	False	0.011606597434331093	False	False	Ecoli	False	True	False	False	umpire	manual	min	1.660964047443681
P06992	P06992		rsmA		2071200.0	2131950.0	1946500.0	2018720.0	2186140.0	2281920.0	0	0.03139062267700232	-0.1287750216639672	False	0.01163714111178986	False	False	Ecoli	False	True	False	False	umpire	manual	min	1.660964047443681
P09424	P09424		mtlD		2115750.0	2174370.0	2107290.0	2094490.0	2143660.0	2193050.0	0	0.031425906286935056	-0.04353625455293691	False	0.011667684789248626	False	False	Ecoli	False	True	False	False	umpire	manual	min	1.660964047443681
P0A7U3	P0A7U3		rpsS		79878000.0	82186500.0	78077000.0	79460400.0	80717100.0	81416400.0	0	0.03161158522978524	-0.04135844851424371	False	0.011698228466707393	False	False	Ecoli	False	True	False	False	umpire	manual	min	1.660964047443681
P0AEW6	P0AEW6		gsk		2242110.0	2184370.0	2210580.0	2200830.0	2159850.0	2150730.0	0	0.031864911116801536	0.03479937125454005	False	0.01172877214416616	False	False	Ecoli	False	True	False	False	umpire	manual	min	1.660964047443681
P00959	P00959		metG		17824200.0	18743100.0	17817700.0	18078800.0	18795500.0	18280400.0	0	0.031895441305445596	-0.05527817496428469	False	0.011759315821624924	False	False	Ecoli	False	True	False	False	umpire	manual	min	1.660964047443681
P75949	P75949		nagZ		3760430.0	3281560.0	3725210.0	3725960.0	3490660.0	3247980.0	0	0.03215603508639397	0.16208087433416007	False	0.01178985949908369	False	False	Ecoli	False	True	False	False	umpire	manual	min	1.660964047443681
P64463	P64463		ydfZ		42866900.0	45113800.0	42149400.0	43955600.0	45770100.0	45282500.0	0	0.03228975449258201	-0.07831398235771526	False	0.011820403176542456	False	False	Ecoli	False	True	False	False	umpire	manual	min	1.660964047443681
P37626	P37626		yhiI		751051.0	593936.0	704187.0	688914.0	631250.0	523684.0	0	0.03235094718064722	0.2939841304222102	False	0.011850946854001223	False	False	Ecoli	False	True	False	False	umpire	manual	min	1.660964047443681
P0A9M0	P0A9M0		lon		9638450.0	9316040.0	9669800.0	9705320.0	9287740.0	9492740.0	0	0.032527134192071976	0.04633637302733351	False	0.01188149053145999	False	False	Ecoli	False	True	False	False	umpire	manual	min	1.660964047443681
P0ADG4	P0ADG4		suhB		11996300.0	11653200.0	12339100.0	12146600.0	11770200.0	11686700.0	0	0.03268794779854677	0.05529871717298955	False	0.011912034208918754	False	False	Ecoli	False	True	False	False	umpire	manual	min	1.660964047443681
P0ABA0	P0ABA0		atpF		19706000.0	20473000.0	20270100.0	20006600.0	20704900.0	20826900.0	0	0.03276289379474955	-0.04783344002597386	False	0.011942577886377521	False	False	Ecoli	False	True	False	False	umpire	manual	min	1.660964047443681
P62617	P62617		ispF		2876270.0	3170150.0	3015730.0	3086760.0	3247760.0	3355660.0	0	0.03276780065194159	-0.12236941567607913	False	0.011973121563836286	False	False	Ecoli	False	True	False	False	umpire	manual	min	1.660964047443681
P37765	P37765		rluB		4524860.0	4324810.0	4601460.0	4414260.0	4331270.0	4208950.0	0	0.03278552271860601	0.07383471563346866	False	0.012003665241295054	False	False	Ecoli	False	True	False	False	umpire	manual	min	1.660964047443681
P33363	P33363		bglX		3269230.0	3446800.0	3232710.0	3354410.0	3391850.0	3463640.0	0	0.033430392994567744	-0.06383966398156682	False	0.012034208918753819	False	False	Ecoli	False	True	False	False	umpire	manual	min	1.660964047443681
P0AD61	P0AD61		pykF		47779900.0	46828600.0	47126600.0	47548900.0	46004200.0	46581100.0	0	0.03346986860265579	0.03113590079748748	False	0.012064752596212584	False	False	Ecoli	False	True	False	False	umpire	manual	min	1.660964047443681
P75863	P75863		ycbX		1372500.0	1274590.0	1356980.0	1350930.0	1302380.0	1235670.0	0	0.0334736088468559	0.09792380737626419	False	0.01209529627367135	False	False	Ecoli	False	True	False	False	umpire	manual	min	1.660964047443681
P0AC84	P0AC84		gloB		1110380.0	1270370.0	1131420.0	1189230.0	1262410.0	1267050.0	0	0.03379191176190431	-0.14729313500558427	False	0.012125839951130117	False	False	Ecoli	False	True	False	False	umpire	manual	min	1.660964047443681
P0A9U3	P0A9U3		ybiT		5604960.0	5280750.0	5555640.0	5781900.0	5414090.0	5404450.0	0	0.03385392425934402	0.07364970647036605	False	0.012156383628588884	False	False	Ecoli	False	True	False	False	umpire	manual	min	1.660964047443681
P23843	P23843		oppA		51542800.0	49223800.0	51190200.0	50559200.0	47421100.0	46726700.0	0	0.03386084993394615	0.09652501618963273	False	0.01218692730604765	False	False	Ecoli	False	True	False	False	umpire	manual	min	1.660964047443681
P0A832	P0A832		smpB		3975400.0	4183480.0	4030010.0	4003890.0	4393400.0	4319050.0	0	0.0338738637068633	-0.10276375649645522	False	0.012217470983506415	False	False	Ecoli	False	True	False	False	umpire	manual	min	1.660964047443681
P0AA97	P0AA97		yaeQ		948374.0	824591.0	1102070.0	1056490.0	812073.0	875447.0	0	0.03390855168151938	0.30659138241009415	False	0.01224801466096518	False	False	Ecoli	False	True	False	False	umpire	manual	min	1.660964047443681
P03004	P03004		dnaA		2186890.0	2078020.0	2273340.0	2140480.0	1908720.0	2005320.0	0	0.034037874933147694	0.1395691451994765	False	0.012278558338423947	False	False	Ecoli	False	True	False	False	umpire	manual	min	1.660964047443681
P45470	P45470		yhbO		877284.0	796682.0	860032.0	868054.0	715514.0	746526.0	0	0.03467531635074561	0.20598155350263986	False	0.012309102015882714	False	False	Ecoli	False	True	False	False	umpire	manual	min	1.660964047443681
P0ADA3	P0ADA3		nlpD		5848210.0	6280950.0	5792420.0	6048360.0	6092600.0	6271380.0	0	0.03480878661068215	-0.0759317048442061	False	0.01233964569334148	False	False	Ecoli	False	True	False	False	umpire	manual	min	1.660964047443681
P0ADQ7	P0ADQ7		ygaM		12332400.0	13781300.0	11867700.0	12508500.0	13025600.0	13008000.0	0	0.03500657697824059	-0.11719034042722412	False	0.012370189370800245	False	False	Ecoli	False	True	False	False	umpire	manual	min	1.660964047443681
P0AFP4	P0AFP4		ybbO		1042700.0	914078.0	1076030.0	993560.0	976850.0	927697.0	0	0.035348751970537585	0.14298494609400403	False	0.01240073304825901	False	False	Ecoli	False	True	False	False	umpire	manual	min	1.660964047443681
P0AGD3	P0AGD3		sodB		75731100.0	76503600.0	72962400.0	74706700.0	79018500.0	78144200.0	0	0.03564800995705167	-0.06481920225403057	False	0.012431276725717777	False	False	Ecoli	False	True	False	False	umpire	manual	min	1.660964047443681
P0A894	P0A894		yhbJ		8410710.0	7079150.0	8354860.0	8202740.0	7560800.0	7724030.0	0	0.036162428422434896	0.15892121471973594	False	0.012461820403176544	False	False	Ecoli	False	True	False	False	umpire	manual	min	1.660964047443681
P0A8M0	P0A8M0		asnS		26748600.0	27389700.0	26811900.0	26767000.0	27390900.0	27852700.0	0	0.03625104854987819	-0.04082930681979979	False	0.01249236408063531	False	False	Ecoli	False	True	False	False	umpire	manual	min	1.660964047443681
P68688	P68688		grxA		937854.0	819329.0	963465.0	952628.0	869584.0	771532.0	0	0.036365806068163135	0.21403927581596685	False	0.012522907758094075	False	False	Ecoli	False	True	False	False	umpire	manual	min	1.660964047443681
P30859	P30859		artI		2971080.0	2524190.0	2748460.0	2993310.0	2564470.0	2642220.0	0	0.036411454467600114	0.1725120616611901	False	0.01255345143555284	False	False	Ecoli	False	True	False	False	umpire	manual	min	1.660964047443681
P42596	P42596		rlmG		2195880.0	2344640.0	2278650.0	2225850.0	2345210.0	2358850.0	0	0.03671245925467123	-0.07311428636318458	False	0.012583995113011608	False	False	Ecoli	False	True	False	False	umpire	manual	min	1.660964047443681
P67080	P67080		yggS		3106340.0	3281130.0	3173690.0	3048500.0	3220090.0	3376450.0	0	0.03698797087848321	-0.08252101345335393	False	0.012614538790470375	False	False	Ecoli	False	True	False	False	umpire	manual	min	1.660964047443681
P0ACI0	P0ACI0		rob		3661490.0	3857730.0	3727680.0	3676800.0	3839850.0	3996260.0	0	0.03704043610947468	-0.07961883927672382	False	0.01264508246792914	False	False	Ecoli	False	True	False	False	umpire	manual	min	1.660964047443681
P06961	P06961		cca		1045410.0	978563.0	1085630.0	1043500.0	951138.0	1017160.0	0	0.03711140243685714	0.1073685445352453	False	0.012675626145387905	False	False	Ecoli	False	True	False	False	umpire	manual	min	1.660964047443681
P0A8G9	P0A8G9		xseB		9108700.0	9322240.0	8531430.0	8586710.0	9482340.0	9647900.0	0	0.03740692164783356	-0.1175104157557268	False	0.01270616982284667	False	False	Ecoli	False	True	False	False	umpire	manual	min	1.660964047443681
P0AGL7	P0AGL7		rsmE		4116550.0	4262780.0	4073770.0	4209850.0	4384880.0	4473050.0	0	0.03740796012048346	-0.08148589115709898	False	0.012736713500305438	False	False	Ecoli	False	True	False	False	umpire	manual	min	1.660964047443681
P33937	P33937		napA		4691300.0	4448580.0	4666800.0	4555220.0	4434280.0	4424950.0	0	0.037412015432506426	0.06419354357526448	False	0.012767257177764203	False	False	Ecoli	False	True	False	False	umpire	manual	min	1.660964047443681
P0ABC3	P0ABC3		hflC		11563400.0	11077400.0	11219500.0	11555600.0	11065700.0	10858600.0	0	0.037760507195828776	0.057286676623872046	False	0.01279780085522297	False	False	Ecoli	False	True	False	False	umpire	manual	min	1.660964047443681
P0A6D3	P0A6D3		aroA		5339400.0	5796910.0	5545390.0	5681460.0	6086270.0	6248760.0	0	0.03801892403563139	-0.1302862268307579	False	0.012828344532681736	False	False	Ecoli	False	True	False	False	umpire	manual	min	1.660964047443681
P0A8U0	P0A8U0		syd		641666.0	524478.0	557611.0	614829.0	524768.0	473845.0	0	0.03816396053304903	0.2522566154321015	False	0.012858888210140501	False	False	Ecoli	False	True	False	False	umpire	manual	min	1.660964047443681
P65870	P65870		queD		2969780.0	2773490.0	2996640.0	3138120.0	2846490.0	2862270.0	0	0.03852602412485814	0.10213912340532844	False	0.012889431887599268	False	False	Ecoli	False	True	False	False	umpire	manual	min	1.660964047443681
P0A910	P0A910		ompA		579542000.0	557354000.0	567279000.0	583937000.0	563916000.0	549538000.0	0	0.03855746759181833	0.050858060268742816	False	0.012919975565058034	False	False	Ecoli	False	True	False	False	umpire	manual	min	1.660964047443681
P27833	P27833		rffA		2321700.0	2137500.0	2264090.0	2195570.0	2081720.0	1964310.0	0	0.038681142898244925	0.1331439679568753	False	0.0129505192425168	False	False	Ecoli	False	True	False	False	umpire	manual	min	1.660964047443681
P0A898	P0A898		ybeY		3384370.0	3170870.0	3422670.0	3372870.0	3087430.0	2924780.0	0	0.039309059073901934	0.14867478764350658	False	0.012981062919975564	False	False	Ecoli	False	True	False	False	umpire	manual	min	1.660964047443681
P0A9J0	P0A9J0		rng		19266100.0	17984000.0	18876400.0	19824500.0	18524300.0	17301200.0	0	0.03952149601842064	0.10737092162989866	False	0.013011606597434331	False	False	Ecoli	False	True	False	False	umpire	manual	min	1.660964047443681
P0A968	P0A968		cspD		1816670.0	1536440.0	1647360.0	1839970.0	1561730.0	1470990.0	0	0.03967425412556633	0.21515181262290878	False	0.013042150274893098	False	False	Ecoli	False	True	False	False	umpire	manual	min	1.660964047443681
P0ADW3	P0ADW3		yhcB		29991900.0	30521600.0	30057900.0	30118200.0	30664400.0	30304900.0	0	0.039926847763572415	-0.021012733301731458	False	0.013072693952351864	False	False	Ecoli	False	True	False	False	umpire	manual	min	1.660964047443681
P17315	P17315		cirA		2332600.0	2132890.0	2556510.0	2340550.0	2220510.0	2007810.0	0	0.040651420077775696	0.18462658659782522	False	0.013103237629810631	False	False	Ecoli	False	True	False	False	umpire	manual	min	1.660964047443681
P27848	P27848		yigL		5376820.0	4207380.0	5187020.0	5210560.0	4322300.0	4825500.0	0	0.040991894762318584	0.24018571082545956	False	0.013133781307269395	False	False	Ecoli	False	True	False	False	umpire	manual	min	1.660964047443681
P16700	P16700		cysP		6663200.0	6441000.0	6616050.0	6593000.0	6556650.0	6492930.0	0	0.041318091883259654	0.02797820550058279	False	0.013164324984728162	False	False	Ecoli	False	True	False	False	umpire	manual	min	1.660964047443681
P0AG99	P0AG99		secG		5409220.0	6050170.0	5280000.0	5446810.0	5757590.0	5676850.0	0	0.041410068030212556	-0.11579994529014442	False	0.013194868662186929	False	False	Ecoli	False	True	False	False	umpire	manual	min	1.660964047443681
P0ACV8	P0ACV8		ymjA		480620.0	563758.0	476223.0	490392.0	540180.0	516578.0	0	0.04150687821523875	-0.16315406132980473	False	0.013225412339645694	False	False	Ecoli	False	True	False	False	umpire	manual	min	1.660964047443681
P0AG18	P0AG18		purE		1247750.0	1531810.0	1062260.0	1288900.0	1469810.0	1507640.0	0	0.04157972169785707	-0.32533067249786063	False	0.013255956017104461	False	False	Ecoli	False	True	False	False	umpire	manual	min	1.660964047443681
P0A7M2	P0A7M2		rpmB		131493000.0	136339000.0	130920000.0	126005000.0	136017000.0	137864000.0	0	0.0420028502507598	-0.07878777172697501	False	0.013286499694563225	False	False	Ecoli	False	True	False	False	umpire	manual	min	1.660964047443681
P0A7L8	P0A7L8		rpmA		112445000.0	114971000.0	109996000.0	112413000.0	114245000.0	117692000.0	0	0.04200586081547704	-0.05102090893623758	False	0.013317043372021992	False	False	Ecoli	False	True	False	False	umpire	manual	min	1.660964047443681
P62620	P62620		ispG		6508400.0	6188720.0	6379540.0	6599940.0	6264290.0	6287990.0	0	0.0423054544058595	0.056379219002158164	False	0.013347587049480759	False	False	Ecoli	False	True	False	False	umpire	manual	min	1.660964047443681
P10371	P10371		hisA		2789690.0	2663250.0	2975430.0	2830450.0	2593990.0	2675140.0	0	0.04232543263630755	0.11583952123447658	False	0.013378130726939524	False	False	Ecoli	False	True	False	False	umpire	manual	min	1.660964047443681
P0AGK8	P0AGK8		iscR		2253870.0	2032490.0	2176320.0	2094830.0	1883450.0	1778330.0	0	0.04272331243608097	0.19647142207434823	False	0.013408674404398292	False	False	Ecoli	False	True	False	False	umpire	manual	min	1.660964047443681
P05100	P05100		tag		1475590.0	1640040.0	1351280.0	1506520.0	1820390.0	1611400.0	0	0.04306734007774828	-0.22701030604341943	False	0.013439218081857055	False	False	Ecoli	False	True	False	False	umpire	manual	min	1.660964047443681
P0AFM9	P0AFM9		pspB		759580.0	688240.0	777514.0	711571.0	653814.0	683648.0	0	0.04319245830613978	0.1506467927296448	False	0.013469761759315822	False	False	Ecoli	False	True	False	False	umpire	manual	min	1.660964047443681
P0A6T1	P0A6T1		pgi		42363600.0	43635600.0	42735700.0	42512700.0	43784500.0	42999500.0	0	0.04321193926105343	-0.03139670070146292	False	0.01350030543677459	False	False	Ecoli	False	True	False	False	umpire	manual	min	1.660964047443681
P0A759	P0A759		nagB		3710980.0	4633250.0	4135720.0	4029010.0	4258420.0	4466050.0	0	0.04329696626576512	-0.16966000952343885	False	0.013530849114233355	False	False	Ecoli	False	True	False	False	umpire	manual	min	1.660964047443681
P43533	P43533		flgN		1349390.0	1461020.0	1281790.0	1324750.0	1449820.0	1369180.0	0	0.0434366269845487	-0.11360064027601108	False	0.013561392791692122	False	False	Ecoli	False	True	False	False	umpire	manual	min	1.660964047443681
P25519	P25519		hflX		2515610.0	2447500.0	2522100.0	2546040.0	2407230.0	2480700.0	0	0.043528598717418744	0.04802986766905182	False	0.013591936469150885	False	False	Ecoli	False	True	False	False	umpire	manual	min	1.660964047443681
P0A993	P0A993		fbp		17641100.0	18345000.0	17375700.0	17883300.0	18035300.0	18154800.0	0	0.043929000356777825	-0.04391462981583456	False	0.013622480146609653	False	False	Ecoli	False	True	False	False	umpire	manual	min	1.660964047443681
P75777	P75777		ybhG		2463890.0	2408900.0	2658420.0	2656250.0	2130460.0	2312680.0	0	0.044003562352968685	0.18296952867331864	False	0.013653023824068418	False	False	Ecoli	False	True	False	False	umpire	manual	min	1.660964047443681
P0AEZ3	P0AEZ3		minD		15598600.0	14999400.0	15169600.0	15338800.0	14894100.0	14789000.0	0	0.044048766719048636	0.04527589102437979	False	0.013683567501527185	False	False	Ecoli	False	True	False	False	umpire	manual	min	1.660964047443681
P39199	P39199		prmB		6925790.0	6354340.0	7050830.0	6974850.0	6445000.0	5882710.0	0	0.044122607542321425	0.1653986979479934	False	0.013714111178985952	False	False	Ecoli	False	True	False	False	umpire	manual	min	1.660964047443681
P0AEK2	P0AEK2		fabG		80362600.0	79281200.0	81143600.0	81996000.0	79720200.0	77759800.0	0	0.044129816396785156	0.040502132798619216	False	0.013744654856444716	False	False	Ecoli	False	True	False	False	umpire	manual	min	1.660964047443681
P21420	P21420		nmpC		29528900.0	27445400.0	28890500.0	30131900.0	28726400.0	27389100.0	0	0.04419526769161519	0.08368545582393365	False	0.013775198533903483	False	False	Ecoli	False	True	False	False	umpire	manual	min	1.660964047443681
P36566	P36566		smtA		483607.0	405223.0	488528.0	468595.0	449589.0	435574.0	0	0.044502348960535176	0.15899730136596818	False	0.013805742211362248	False	False	Ecoli	False	True	False	False	umpire	manual	min	1.660964047443681
P0AFU4	P0AFU4		glrR		3026530.0	1734030.0	2352450.0	2569260.0	1838100.0	1959580.0	0	0.044645459316585236	0.5229099107907702	False	0.013836285888821015	False	False	Ecoli	False	True	False	False	umpire	manual	min	1.660964047443681
P21338	P21338		rna		2124960.0	1844170.0	1969790.0	2166070.0	1761380.0	1950810.0	0	0.04472275124436565	0.1722115485530789	False	0.013866829566279782	False	False	Ecoli	False	True	False	False	umpire	manual	min	1.660964047443681
P06988	P06988		hisD		3602760.0	3345250.0	3712300.0	3917020.0	3381440.0	3315360.0	0	0.0448518152148459	0.1615713029183678	False	0.013897373243738546	False	False	Ecoli	False	True	False	False	umpire	manual	min	1.660964047443681
P15288	P15288		pepD		16515600.0	15713700.0	16495000.0	16114200.0	16038500.0	15922400.0	0	0.045045901354845194	0.043230699720093815	False	0.013927916921197313	False	False	Ecoli	False	True	False	False	umpire	manual	min	1.660964047443681
P77173	P77173		zipA		2339410.0	2277290.0	2367200.0	2412960.0	2327520.0	2272850.0	0	0.045717427311520176	0.04987231211163929	False	0.013958460598656078	False	False	Ecoli	False	True	False	False	umpire	manual	min	1.660964047443681
P0A996	P0A996		glpC		1621020.0	1538000.0	1657430.0	1605170.0	1589750.0	1570340.0	0	0.045901792076735295	0.05587659603699783	False	0.013989004276114846	False	False	Ecoli	False	True	False	False	umpire	manual	min	1.660964047443681
P39177	P39177		uspG		27977800.0	26052200.0	28330900.0	27633400.0	25264600.0	26963200.0	0	0.04599681973816159	0.10075079996447475	False	0.014019547953573613	False	False	Ecoli	False	True	False	False	umpire	manual	min	1.660964047443681
P75713	P75713		ylbA		362859.0	501545.0	323923.0	371808.0	410661.0	441087.0	0	0.046109709574535016	-0.35433029878142847	False	0.014050091631032376	False	False	Ecoli	False	True	False	False	umpire	manual	min	1.660964047443681
P0AC19	P0AC19		folX		3772890.0	3947820.0	3662900.0	3659580.0	3954500.0	3787970.0	0	0.046471028955525705	-0.07535294088371727	False	0.014080635308491143	False	False	Ecoli	False	True	False	False	umpire	manual	min	1.660964047443681
P0A9D8	P0A9D8		dapD		38400400.0	39673900.0	37229200.0	37824700.0	39177000.0	38572300.0	0	0.04667914268427783	-0.04960618921843891	False	0.014111178985949909	False	False	Ecoli	False	True	False	False	umpire	manual	min	1.660964047443681
P00350	P00350		gnd		39532300.0	39499200.0	39982300.0	39918600.0	38961300.0	39178800.0	0	0.047225210206866	0.021833827464984603	False	0.014141722663408676	False	False	Ecoli	False	True	False	False	umpire	manual	min	1.660964047443681
P02413	P02413		rplO		143140000.0	139089000.0	142375000.0	144673000.0	138324000.0	141700000.0	0	0.047374300856921854	0.0376280101447687	False	0.014172266340867443	False	False	Ecoli	False	True	False	False	umpire	manual	min	1.660964047443681
P28306	P28306		yceG		881442.0	774653.0	904627.0	812659.0	751449.0	745254.0	0	0.04738948524729176	0.19425179579044138	False	0.014202810018326207	False	False	Ecoli	False	True	False	False	umpire	manual	min	1.660964047443681
P0A6Y5	P0A6Y5		hslO		6591950.0	6778190.0	6588420.0	6388440.0	6808600.0	6826060.0	0	0.04750786819356269	-0.06092159571497008	False	0.014233353695784974	False	False	Ecoli	False	True	False	False	umpire	manual	min	1.660964047443681
P46130	P46130		ybhC		8530980.0	8250700.0	8753290.0	9026200.0	8222890.0	8113640.0	0	0.04751506334428251	0.09772781056792415	False	0.014263897373243739	False	False	Ecoli	False	True	False	False	umpire	manual	min	1.660964047443681
P24182	P24182		accC		19456600.0	18772100.0	19705000.0	19155300.0	18899400.0	18743600.0	0	0.047600337516707704	0.04783266677494048	False	0.014294441050702506	False	False	Ecoli	False	True	False	False	umpire	manual	min	1.660964047443681
P0AFC3	P0AFC3		nuoA		2078820.0	2435850.0	2102550.0	1959460.0	2483470.0	2876150.0	0	0.047679932239855075	-0.3442023429771447	False	0.014324984728161272	False	False	Ecoli	False	True	False	False	umpire	manual	min	1.660964047443681
P0A6P9	P0A6P9		eno		142566000.0	133455000.0	138492000.0	142424000.0	137873000.0	136385000.0	0	0.04771699057974652	0.054746691314394996	False	0.014355528405620037	False	False	Ecoli	False	True	False	False	umpire	manual	min	1.660964047443681
P04951	P04951		kdsB		6194240.0	6453660.0	6090080.0	6335600.0	6419390.0	6533840.0	0	0.04791978723538384	-0.059722066875132075	False	0.014386072083078802	False	False	Ecoli	False	True	False	False	umpire	manual	min	1.660964047443681
P0AFW8	P0AFW8		rof		3271460.0	3031710.0	3274060.0	3532290.0	3150880.0	2962760.0	0	0.04800176703165513	0.1400718728522318	False	0.01441661576053757	False	False	Ecoli	False	True	False	False	umpire	manual	min	1.660964047443681
P0AE74	P0AE74		citT		562972.0	508959.0	555181.0	662812.0	440735.0	457152.0	0	0.04802936266573914	0.34019475147748846	False	0.014447159437996336	False	False	Ecoli	False	True	False	False	umpire	manual	min	1.660964047443681
P60560	P60560		guaC		7560390.0	7174720.0	7836640.0	7635180.0	7404620.0	7450620.0	0	0.048150656599207566	0.06418597255901456	False	0.014477703115455102	False	False	Ecoli	False	True	False	False	umpire	manual	min	1.660964047443681
P0A884	P0A884		thyA		9832490.0	9019850.0	9595950.0	9421000.0	9292710.0	9248490.0	0	0.04827911608060676	0.0659124630213403	False	0.014508246792913867	False	False	Ecoli	False	True	False	False	umpire	manual	min	1.660964047443681
P09546	P09546		putA		1946980.0	1780360.0	1848830.0	1914770.0	1764020.0	1620750.0	0	0.04878181735102437	0.14483262118458226	False	0.014538790470372633	False	False	Ecoli	False	True	False	False	umpire	manual	min	1.660964047443681
P0A7B8	P0A7B8		hslV		11678800.0	15026300.0	11910500.0	13458700.0	14648900.0	17709700.0	0	0.04898453579420884	-0.355031731024573	False	0.0145693341478314	False	False	Ecoli	False	True	False	False	umpire	manual	min	1.660964047443681
P60624	P60624		rplX		154065000.0	146673000.0	151964000.0	150875000.0	144158000.0	149518000.0	0	0.04913854312768478	0.05324368314384163	False	0.014599877825290167	False	False	Ecoli	False	True	False	False	umpire	manual	min	1.660964047443681
P0A6T5	P0A6T5		folE		3943410.0	4128680.0	3869890.0	3751210.0	4319640.0	4027850.0	0	0.049519373540293864	-0.10947097726823327	False	0.014630421502748932	False	False	Ecoli	False	True	False	False	umpire	manual	min	1.660964047443681
P0AFK0	P0AFK0		pmbA		5264740.0	5040770.0	5309850.0	5302520.0	5174640.0	4985440.0	0	0.0496183465043947	0.06279633418674467	False	0.014660965180207697	False	False	Ecoli	False	True	False	False	umpire	manual	min	1.660964047443681
P0AGB6	P0AGB6		rpoE		3397760.0	3681520.0	3449370.0	3544070.0	3575750.0	3595760.0	0	0.04972090134361218	-0.0627356076477896	False	0.014691508857666463	False	False	Ecoli	False	True	False	False	umpire	manual	min	1.660964047443681
P0AAZ4	P0AAZ4		rarA		1173210.0	1205620.0	1149550.0	1161530.0	1266720.0	1279680.0	0	0.04980147332174974	-0.10680281260945661	False	0.01472205253512523	False	False	Ecoli	False	True	False	False	umpire	manual	min	1.660964047443681
P33018	P33018		yeiG		268310.0	324619.0	203560.0	312713.0	443742.0	426388.0	0	0.050211027604992235	-0.6067095788715465	False	0.014752596212583997	False	False	Ecoli	False	True	False	False	umpire	manual	min	1.660964047443681
P0C0R7	P0C0R7		rlmE		2821270.0	2971750.0	2522510.0	2702140.0	2968720.0	3073920.0	0	0.050240673631757826	-0.1639724749682754	False	0.014783139890042762	False	False	Ecoli	False	True	False	False	umpire	manual	min	1.660964047443681
P0A6H5	P0A6H5		hslU		22142300.0	21812200.0	22465300.0	22523100.0	21898900.0	22132000.0	0	0.050298716602067195	0.02794042429676793	False	0.014813683567501528	False	False	Ecoli	False	True	False	False	umpire	manual	min	1.660964047443681
P22255	P22255		cysQ		7223920.0	6921970.0	7331330.0	7039050.0	6817820.0	6887340.0	0	0.05039763951366614	0.0661074482387101	False	0.014844227244960293	False	False	Ecoli	False	True	False	False	umpire	manual	min	1.660964047443681
P43329	P43329		hrpA		1947100.0	2127290.0	2064580.0	2031350.0	2295010.0	2162090.0	0	0.05054997068576665	-0.12377768639312656	False	0.01487477092241906	False	False	Ecoli	False	True	False	False	umpire	manual	min	1.660964047443681
P0AF20	P0AF20		nagC		834702.0	825800.0	847019.0	879696.0	779229.0	769365.0	0	0.050584599621157106	0.10938279210542379	False	0.014905314599877827	False	False	Ecoli	False	True	False	False	umpire	manual	min	1.660964047443681
P0ACE3	P0ACE3		hha		3896330.0	3613560.0	3678310.0	3775380.0	3538880.0	3515180.0	0	0.05073032441671362	0.08945650020879599	False	0.014935858277336593	False	False	Ecoli	False	True	False	False	umpire	manual	min	1.660964047443681
P0AES4	P0AES4		gyrA		14166200.0	14315700.0	14072000.0	14072100.0	14407500.0	14206000.0	0	0.05092023069969012	-0.02095037281222522	False	0.014966401954795358	False	False	Ecoli	False	True	False	False	umpire	manual	min	1.660964047443681
P60422	P60422		rplB		120245000.0	118933000.0	121132000.0	120920000.0	116327000.0	118222000.0	0	0.051122005508732374	0.035536107574913836	False	0.014996945632254123	False	False	Ecoli	False	True	False	False	umpire	manual	min	1.660964047443681
P0AB98	P0AB98		atpB		1178610.0	1237790.0	1116020.0	1214410.0	1323960.0	1378350.0	0	0.05159763968075583	-0.16715585254154006	False	0.01502748930971289	False	False	Ecoli	False	True	False	False	umpire	manual	min	1.660964047443681
P0AFU8	P0AFU8		ribC		8993570.0	9142930.0	8638720.0	8730690.0	9261410.0	9138980.0	0	0.051745105071798386	-0.06318901074271085	False	0.015058032987171658	False	False	Ecoli	False	True	False	False	umpire	manual	min	1.660964047443681
P64596	P64596		yraP		11824800.0	11712000.0	12416500.0	12610600.0	11288700.0	11363300.0	0	0.05182848124481175	0.1008410260773158	False	0.015088576664630423	False	False	Ecoli	False	True	False	False	umpire	manual	min	1.660964047443681
P0ABX8	P0ABX8		fliL		2602640.0	2398210.0	2681880.0	2553630.0	2537190.0	2385140.0	0	0.05188922659187307	0.09856310939633388	False	0.015119120342089188	False	False	Ecoli	False	True	False	False	umpire	manual	min	1.660964047443681
P0ACZ4	P0ACZ4		evgA		2001830.0	1918740.0	2036850.0	1932280.0	1861110.0	1869270.0	0	0.05199377543742055	0.07993675691928166	False	0.015149664019547954	False	False	Ecoli	False	True	False	False	umpire	manual	min	1.660964047443681
P0A7T3	P0A7T3		rpsP		104122000.0	96368300.0	99144700.0	101182000.0	97577800.0	95124200.0	0	0.052033628868464445	0.07477876326648128	False	0.01518020769700672	False	False	Ecoli	False	True	False	False	umpire	manual	min	1.660964047443681
P36672	P36672		treB		1053790.0	1269760.0	1066270.0	1020430.0	1133020.0	1277700.0	0	0.05226055096813856	-0.228904256132883	False	0.015210751374465486	False	False	Ecoli	False	True	False	False	umpire	manual	min	1.660964047443681
P09030	P09030		xthA		3469510.0	3365730.0	3475600.0	3494580.0	3202460.0	3295400.0	0	0.05237735033774829	0.08189413505356685	False	0.015241295051924253	False	False	Ecoli	False	True	False	False	umpire	manual	min	1.660964047443681
P0AG27	P0AG27		yibN		18932600.0	18486600.0	18740100.0	18978300.0	18738100.0	18579800.0	0	0.052671551049638	0.021719958897916686	False	0.015271838729383017	False	False	Ecoli	False	True	False	False	umpire	manual	min	1.660964047443681
P36928	P36928		yegD		1264710.0	1001860.0	1092270.0	1255020.0	1046470.0	961831.0	0	0.052708575770816994	0.26295724048833585	False	0.015302382406841784	False	False	Ecoli	False	True	False	False	umpire	manual	min	1.660964047443681
P39315	P39315		qorB		2805960.0	2959340.0	2823540.0	2929730.0	2975940.0	3028680.0	0	0.0527847684202672	-0.06665519545386847	False	0.015332926084300551	False	False	Ecoli	False	True	False	False	umpire	manual	min	1.660964047443681
P0A853	P0A853		tnaA		3522820.0	3439220.0	3461790.0	3567720.0	3270440.0	3332140.0	0	0.053298321125959905	0.07154369078624295	False	0.015363469761759316	False	False	Ecoli	False	True	False	False	umpire	manual	min	1.660964047443681
P32162	P32162		yiiS		2274680.0	2021110.0	2258710.0	2425310.0	1791340.0	2123190.0	0	0.05332232179071899	0.22941421768044123	False	0.015394013439218084	False	False	Ecoli	False	True	False	False	umpire	manual	min	1.660964047443681
P0AAD6	P0AAD6		sdaC		184677.0	197700.0	185369.0	171580.0	229195.0	210815.0	0	0.05349942173481621	-0.23560350929651158	False	0.015424557116676847	False	False	Ecoli	False	True	False	False	umpire	manual	min	1.660964047443681
P30749	P30749		moaE		3082160.0	2908140.0	3235240.0	3345380.0	3024960.0	2924680.0	0	0.05358918586618795	0.12549314929732835	False	0.015455100794135614	False	False	Ecoli	False	True	False	False	umpire	manual	min	1.660964047443681
P0A932	P0A932		gfcE		14124300.0	13205100.0	13655100.0	13750600.0	13426900.0	13390800.0	0	0.05376454684413492	0.05333176986618958	False	0.015485644471594381	False	False	Ecoli	False	True	False	False	umpire	manual	min	1.660964047443681
P45955	P45955		ybgF		2688830.0	2369860.0	2665910.0	2726890.0	2544660.0	2533910.0	0	0.054023034914678456	0.11770993985296474	False	0.015516188149053147	False	False	Ecoli	False	True	False	False	umpire	manual	min	1.660964047443681
P0AAP3	P0AAP3		frmR		2675060.0	2880490.0	2680950.0	2755740.0	3016580.0	3177420.0	0	0.05440415305662039	-0.16180337385276136	False	0.015546731826511914	False	False	Ecoli	False	True	False	False	umpire	manual	min	1.660964047443681
P0AEQ3	P0AEQ3		glnH		14983700.0	14396000.0	15665500.0	15143400.0	14841700.0	14433600.0	0	0.05455450031707757	0.06842900262670867	False	0.015577275503970677	False	False	Ecoli	False	True	False	False	umpire	manual	min	1.660964047443681
P0AFG3	P0AFG3		sucA		8622340.0	8919800.0	8667550.0	8704820.0	8931970.0	9204490.0	0	0.05477880780042937	-0.057744368222355735	False	0.015607819181429445	False	False	Ecoli	False	True	False	False	umpire	manual	min	1.660964047443681
P0ABH9	P0ABH9		clpA		10281000.0	10368000.0	10101700.0	10131200.0	10408300.0	10314800.0	0	0.05508825269111257	-0.027035076561553094	False	0.01563836285888821	False	False	Ecoli	False	True	False	False	umpire	manual	min	1.660964047443681
P0ABD8	P0ABD8		accB		31272000.0	29662200.0	31807500.0	33289000.0	30240900.0	29736500.0	0	0.055117556054877975	0.10442543825191404	False	0.015668906536346977	False	False	Ecoli	False	True	False	False	umpire	manual	min	1.660964047443681
P05020	P05020		pyrC		4486110.0	4322110.0	4486470.0	4517070.0	4367170.0	4435270.0	0	0.05512418405675477	0.03958495876840079	False	0.015699450213805744	False	False	Ecoli	False	True	False	False	umpire	manual	min	1.660964047443681
P75691	P75691		yahK		1187150.0	1144090.0	1182110.0	1240770.0	1159240.0	1113500.0	0	0.05518876772907522	0.07935235610912336	False	0.015729993891264508	False	False	Ecoli	False	True	False	False	umpire	manual	min	1.660964047443681
P0ADR6	P0ADR6		rlmM		3472440.0	3534520.0	3183360.0	3198940.0	3721500.0	3557560.0	0	0.05519040377273347	-0.13395451436188874	False	0.015760537568723275	False	False	Ecoli	False	True	False	False	umpire	manual	min	1.660964047443681
P0A8G3	P0A8G3		uxaC		1230630.0	1295050.0	1227770.0	1252350.0	1346820.0	1395010.0	0	0.055352671750172736	-0.12152989469692355	False	0.015791081246182042	False	False	Ecoli	False	True	False	False	umpire	manual	min	1.660964047443681
P27248	P27248		gcvT		9641080.0	8909000.0	9274920.0	9561670.0	9287200.0	9008090.0	0	0.055561205295247905	0.06599693575713197	False	0.01582162492364081	False	False	Ecoli	False	True	False	False	umpire	manual	min	1.660964047443681
P0A887	P0A887		ubiE		9206720.0	8703470.0	8918560.0	9162590.0	8829810.0	8815080.0	0	0.05558945276443281	0.050546620007328305	False	0.015852168601099573	False	False	Ecoli	False	True	False	False	umpire	manual	min	1.660964047443681
P13035	P13035		glpD		3570020.0	3429260.0	3544900.0	3553540.0	3390880.0	3266230.0	0	0.055801493432572215	0.08094488310550188	False	0.01588271227855834	False	False	Ecoli	False	True	False	False	umpire	manual	min	1.660964047443681
P39377	P39377		iadA		5187640.0	4965660.0	5066480.0	5161830.0	4951490.0	4737310.0	0	0.05588472676856041	0.07308399017181029	False	0.015913255956017103	False	False	Ecoli	False	True	False	False	umpire	manual	min	1.660964047443681
P23845	P23845		cysN		3396400.0	3340920.0	3473520.0	3429750.0	3208370.0	3324540.0	0	0.056278780047856636	0.060916403206281076	False	0.01594379963347587	False	False	Ecoli	False	True	False	False	umpire	manual	min	1.660964047443681
P0A8D6	P0A8D6		ymdB		1464540.0	1580130.0	1475980.0	1477720.0	1556250.0	1662340.0	0	0.05641796057468979	-0.11917784744203543	False	0.015974343310934638	False	False	Ecoli	False	True	False	False	umpire	manual	min	1.660964047443681
P0AAI5	P0AAI5		fabF		46863300.0	44095000.0	45166800.0	46242400.0	44055400.0	44198000.0	0	0.05660434270982023	0.06317350425664138	False	0.016004886988393405	False	False	Ecoli	False	True	False	False	umpire	manual	min	1.660964047443681
P25522	P25522		mnmE		4521610.0	4079340.0	4270370.0	4420910.0	4260810.0	4124430.0	0	0.05666310472976677	0.08411178438654246	False	0.01603543066585217	False	False	Ecoli	False	True	False	False	umpire	manual	min	1.660964047443681
P08191	P08191		fimH		3140700.0	2773790.0	2907250.0	3157540.0	2730360.0	2759790.0	0	0.05703716782902943	0.15566473737348796	False	0.016065974343310935	False	False	Ecoli	False	True	False	False	umpire	manual	min	1.660964047443681
P0A6X7	P0A6X7		ihfA		45377900.0	48219000.0	47628100.0	46747600.0	48643700.0	49498700.0	0	0.05716369331829257	-0.06664967393120759	False	0.016096518020769703	False	False	Ecoli	False	True	False	False	umpire	manual	min	1.660964047443681
P29744	P29744		flgL		2658040.0	2259650.0	2491290.0	2840520.0	2253270.0	2305610.0	0	0.0572379774224079	0.22870767490724486	False	0.01612706169822847	False	False	Ecoli	False	True	False	False	umpire	manual	min	1.660964047443681
P37636	P37636		mdtE		3919440.0	3824640.0	3993830.0	4091490.0	3767530.0	3900920.0	0	0.05738452068113496	0.0628398323117066	False	0.016157605375687233	False	False	Ecoli	False	True	False	False	umpire	manual	min	1.660964047443681
P25536	P25536		yhdE		2440480.0	2512980.0	2402240.0	2487570.0	2505400.0	2573630.0	0	0.057387606912265965	-0.050611617435304276	False	0.016188149053146	False	False	Ecoli	False	True	False	False	umpire	manual	min	1.660964047443681
P75736	P75736		ybfF		2156980.0	2243840.0	2188630.0	2146280.0	2397330.0	2353800.0	0	0.057780265838950025	-0.10767931522487308	False	0.016218692730604764	False	False	Ecoli	False	True	False	False	umpire	manual	min	1.660964047443681
P13001	P13001		bioH		324958.0	138962.0	453819.0	411403.0	296250.0	62818.4	1	0.05781758501501514	1.2568740669608431	False	0.01624923640806353	False	False	Ecoli	False	True	False	False	umpire	manual	min	1.660964047443681
P0ABV2	P0ABV2		exbD		2105580.0	2215470.0	2075950.0	2132420.0	2161040.0	2276470.0	0	0.058016902768812155	-0.07545786070464719	False	0.016279780085522298	False	False	Ecoli	False	True	False	False	umpire	manual	min	1.660964047443681
P0AFP6	P0AFP6		ybgI		6453950.0	6283970.0	6547640.0	6357900.0	5962170.0	5901610.0	0	0.05838973236766215	0.09325025659031375	False	0.016310323762981065	False	False	Ecoli	False	True	False	False	umpire	manual	min	1.660964047443681
P11289	P11289		yfiL		370004.0	433511.0	345362.0	403431.0	442156.0	437088.0	0	0.058626105483273794	-0.23064940017513097	False	0.01634086744043983	False	False	Ecoli	False	True	False	False	umpire	manual	min	1.660964047443681
P37908	P37908		yfjD		633081.0	591665.0	678040.0	620798.0	520054.0	471693.0	0	0.06002230974885882	0.2869979171380901	False	0.016371411117898596	False	False	Ecoli	False	True	False	False	umpire	manual	min	1.660964047443681
P0AC62	P0AC62		grxC		19250800.0	18199500.0	18780200.0	19040600.0	18304000.0	17292000.0	0	0.060151270082367696	0.08528751326184564	False	0.016401954795357363	False	False	Ecoli	False	True	False	False	umpire	manual	min	1.660964047443681
P0A809	P0A809		ruvA		679528.0	534574.0	622844.0	612866.0	602157.0	553953.0	0	0.0606882505881739	0.17991664629385548	False	0.016432498472816127	False	False	Ecoli	False	True	False	False	umpire	manual	min	1.660964047443681
P0AEU0	P0AEU0		hisJ		3451480.0	3281120.0	3373060.0	3640450.0	3288200.0	3102190.0	0	0.06128089098940177	0.1137578745431508	False	0.016463042150274894	False	False	Ecoli	False	True	False	False	umpire	manual	min	1.660964047443681
P69811	P69811		fruB		13607700.0	12811300.0	13469700.0	13468700.0	13224200.0	12633900.0	0	0.06166047737602703	0.06837077335318427	False	0.016493585827733658	False	False	Ecoli	False	True	False	False	umpire	manual	min	1.660964047443681
P31663	P31663		panC		2886590.0	2671200.0	3100470.0	2872390.0	2788900.0	2673990.0	0	0.06178154939795448	0.12323618453018421	False	0.016524129505192425	False	False	Ecoli	False	True	False	False	umpire	manual	min	1.660964047443681
P0AAX8	P0AAX8		ybiS		4810260.0	4760880.0	4760260.0	4874740.0	4661290.0	4652600.0	0	0.06194646974056112	0.037484824191162204	False	0.01655467318265119	False	False	Ecoli	False	True	False	False	umpire	manual	min	1.660964047443681
P08956	P08956		hsdR		2273660.0	2360440.0	2282050.0	2338330.0	2344340.0	2412960.0	0	0.06196691315440532	-0.046069564989183916	False	0.01658521686010996	False	False	Ecoli	False	True	False	False	umpire	manual	min	1.660964047443681
P60595	P60595		hisH		1002740.0	1137440.0	1037090.0	1004420.0	1074970.0	1062030.0	0	0.06222924025839521	-0.10516135496082846	False	0.016615760537568726	False	False	Ecoli	False	True	False	False	umpire	manual	min	1.660964047443681
Q46845	Q46845		yghU		373548.0	433154.0	407175.0	367727.0	439570.0	403567.0	0	0.062361265080700404	-0.15226925991263152	False	0.01664630421502749	False	False	Ecoli	False	True	False	False	umpire	manual	min	1.660964047443681
P75960	P75960		cobB		3520690.0	3231350.0	3401570.0	3506470.0	3354930.0	3380930.0	0	0.06344833883614595	0.06530184848700567	False	0.016676847892486257	False	False	Ecoli	False	True	False	False	umpire	manual	min	1.660964047443681
P0ACQ4	P0ACQ4		oxyR		4923200.0	4791220.0	4970140.0	4905750.0	4888120.0	4847140.0	0	0.06352675436216795	0.026823309796268447	False	0.016707391569945024	False	False	Ecoli	False	True	False	False	umpire	manual	min	1.660964047443681
P0A9G8	P0A9G8		modE		3202160.0	3108420.0	3397390.0	3268520.0	3148550.0	2929330.0	0	0.06361597477263081	0.10328405066378128	False	0.016737935247403787	False	False	Ecoli	False	True	False	False	umpire	manual	min	1.660964047443681
P69797	P69797		manX		12173900.0	12068700.0	12469300.0	12248700.0	11945600.0	11991000.0	0	0.06362104424426429	0.035094804675070354	False	0.016768478924862554	False	False	Ecoli	False	True	False	False	umpire	manual	min	1.660964047443681
P25714	P25714		yidC		6230440.0	6064480.0	6641960.0	6744280.0	5492400.0	6101240.0	0	0.06366096242512602	0.15174914280715915	False	0.016799022602321318	False	False	Ecoli	False	True	False	False	umpire	manual	min	1.660964047443681
P0A8A8	P0A8A8		rimP		17232800.0	13862800.0	15857300.0	17423300.0	15839800.0	15006300.0	0	0.06406333130796366	0.17610410039186097	False	0.016829566279780085	False	False	Ecoli	False	True	False	False	umpire	manual	min	1.660964047443681
P0A988	P0A988		dnaN		3940760.0	4351530.0	3934670.0	4075710.0	4191500.0	4104250.0	0	0.06436890250255205	-0.08167890249207377	False	0.016860109957238852	False	False	Ecoli	False	True	False	False	umpire	manual	min	1.660964047443681
P63883	P63883		amiC		994685.0	1190800.0	1077200.0	880737.0	1213060.0	1095050.0	0	0.06475030479383538	-0.24490888375637843	False	0.01689065363469762	False	False	Ecoli	False	True	False	False	umpire	manual	min	1.660964047443681
P76445	P76445		yeiU		1534490.0	1906540.0	1812730.0	1728280.0	1943480.0	2225050.0	0	0.06480807929117074	-0.25935107953032543	False	0.016921197312156386	False	False	Ecoli	False	True	False	False	umpire	manual	min	1.660964047443681
P76256	P76256		yeaZ		1972550.0	1956790.0	2035640.0	2031510.0	1855680.0	1812580.0	0	0.0650997615012614	0.10261097050367962	False	0.01695174098961515	False	False	Ecoli	False	True	False	False	umpire	manual	min	1.660964047443681
P00562	P00562		metL		2685240.0	2936040.0	2830200.0	2647040.0	2925070.0	2901820.0	0	0.06536105210145927	-0.10240578268342632	False	0.016982284667073917	False	False	Ecoli	False	True	False	False	umpire	manual	min	1.660964047443681
P0AF63	P0AF63		nsrR		1385750.0	1472440.0	1323750.0	1382920.0	1397470.0	1481340.0	0	0.06550261529538023	-0.08847569426085601	False	0.017012828344532684	False	False	Ecoli	False	True	False	False	umpire	manual	min	1.660964047443681
Q46893	Q46893		ispD		3220190.0	2909120.0	3196520.0	3249860.0	3033160.0	2711060.0	0	0.06560330032056687	0.1597469784056641	False	0.017043372021991448	False	False	Ecoli	False	True	False	False	umpire	manual	min	1.660964047443681
P36659	P36659		cbpA		3298450.0	2817780.0	3760910.0	3614920.0	3341290.0	2865170.0	0	0.06584861316667998	0.24226141878099866	False	0.017073915699450215	False	False	Ecoli	False	True	False	False	umpire	manual	min	1.660964047443681
P0A6S7	P0A6S7		gpsA		4687930.0	4751840.0	4626330.0	4699310.0	4784680.0	4897050.0	0	0.06634635851731671	-0.042603646652943854	False	0.01710445937690898	False	False	Ecoli	False	True	False	False	umpire	manual	min	1.660964047443681
P24216	P24216		fliD		671883.0	891964.0	779276.0	772788.0	812726.0	849745.0	0	0.06649390355603617	-0.1998818185934366	False	0.017135003054367746	False	False	Ecoli	False	True	False	False	umpire	manual	min	1.660964047443681
P0A8A2	P0A8A2		yeeN		8433310.0	8725910.0	7793360.0	8288730.0	8945430.0	8777590.0	0	0.06704152965581485	-0.10952105760212884	False	0.017165546731826513	False	False	Ecoli	False	True	False	False	umpire	manual	min	1.660964047443681
P0ABZ4	P0ABZ4		kdsC		4068950.0	4291140.0	4073140.0	4100960.0	4563940.0	4700590.0	0	0.06705983682342631	-0.14693341297628534	False	0.01719609040928528	False	False	Ecoli	False	True	False	False	umpire	manual	min	1.660964047443681
P40710	P40710		nlpE		2421910.0	2113620.0	2165570.0	2370030.0	2139760.0	1949220.0	0	0.06708372326501218	0.16569798731184945	False	0.017226634086744047	False	False	Ecoli	False	True	False	False	umpire	manual	min	1.660964047443681
P31142	P31142		sseA		7149040.0	6851810.0	6990070.0	6999370.0	6858340.0	6884490.0	0	0.0671961897481672	0.03760273317892621	False	0.01725717776420281	False	False	Ecoli	False	True	False	False	umpire	manual	min	1.660964047443681
P0ADC6	P0ADC6		lptG		573550.0	599988.0	538823.0	572762.0	607269.0	586286.0	0	0.06725506888174244	-0.08994816054800285	False	0.017287721441661578	False	False	Ecoli	False	True	False	False	umpire	manual	min	1.660964047443681
P0A6D0	P0A6D0		argR		1613890.0	1366870.0	1538400.0	1605460.0	1521500.0	1357310.0	0	0.06730105556447089	0.16428382776006067	False	0.01731826511912034	False	False	Ecoli	False	True	False	False	umpire	manual	min	1.660964047443681
P02358	P02358		rpsF		106826000.0	106178000.0	110125000.0	109537000.0	103826000.0	106501000.0	0	0.06741313937782122	0.04480167591907754	False	0.01734880879657911	False	False	Ecoli	False	True	False	False	umpire	manual	min	1.660964047443681
P52108	P52108		rstA		4388000.0	4516830.0	4202860.0	4390110.0	4561000.0	4551550.0	0	0.06748836371079693	-0.0703217430704215	False	0.017379352474037876	False	False	Ecoli	False	True	False	False	umpire	manual	min	1.660964047443681
P16926	P16926		mreC		1176310.0	1144330.0	1201450.0	1234450.0	1165630.0	1092440.0	0	0.06755398073937305	0.08632900792290504	False	0.01740989615149664	False	False	Ecoli	False	True	False	False	umpire	manual	min	1.660964047443681
P37692	P37692		rfaF		3060450.0	2668920.0	2974840.0	2959130.0	2821590.0	2465320.0	0	0.06782102050782415	0.17701780409111667	False	0.017440439828955406	False	False	Ecoli	False	True	False	False	umpire	manual	min	1.660964047443681
P60752	P60752		msbA		3626780.0	3517160.0	3643280.0	3622360.0	3575140.0	3585750.0	0	0.06827058372701407	0.028676307781393018	False	0.017470983506414173	False	False	Ecoli	False	True	False	False	umpire	manual	min	1.660964047443681
P0A9K7	P0A9K7		phoU		2099740.0	2244340.0	2245520.0	2069350.0	2383210.0	2303940.0	0	0.06872683531371357	-0.11180395487673973	False	0.01750152718387294	False	False	Ecoli	False	True	False	False	umpire	manual	min	1.660964047443681
P04982	P04982		rbsD		1247020.0	1033350.0	1166480.0	1259870.0	889817.0	1117220.0	0	0.06906146456105755	0.27284924791560516	False	0.017532070861331708	False	False	Ecoli	False	True	False	False	umpire	manual	min	1.660964047443681
P33362	P33362		osmF		1845750.0	1954370.0	1669830.0	1633700.0	1954830.0	1946340.0	0	0.06918583217612821	-0.1854315016914458	False	0.01756261453879047	False	False	Ecoli	False	True	False	False	umpire	manual	min	1.660964047443681
P0ACY1	P0ACY1		ydjA		11069000.0	10851900.0	11503900.0	11288900.0	11066600.0	10619400.0	0	0.07047384528783676	0.05753752266307186	False	0.01759315821624924	False	False	Ecoli	False	True	False	False	umpire	manual	min	1.660964047443681
P77808	P77808		yfaY		2090550.0	2144750.0	2050210.0	2132190.0	2152740.0	2195340.0	0	0.07049132304133708	-0.04970337280844916	False	0.017623701893708002	False	False	Ecoli	False	True	False	False	umpire	manual	min	1.660964047443681
P07813	P07813		leuS		18068500.0	17392800.0	18534800.0	17998000.0	17936300.0	17216900.0	0	0.07071828613835952	0.05535435564675483	False	0.01765424557116677	False	False	Ecoli	False	True	False	False	umpire	manual	min	1.660964047443681
P0A8I3	P0A8I3		yaaA		3895800.0	3858210.0	4022570.0	3957240.0	3795010.0	3647490.0	0	0.071371034032475	0.07158820350318143	False	0.017684789248625536	False	False	Ecoli	False	True	False	False	umpire	manual	min	1.660964047443681
P03841	P03841		malM		9923060.0	9499760.0	9861140.0	10151100.0	9821530.0	9360550.0	0	0.07224752045848704	0.061710149533239333	False	0.0177153329260843	False	False	Ecoli	False	True	False	False	umpire	manual	min	1.660964047443681
P0AE06	P0AE06		acrA		19833200.0	19647400.0	19935200.0	19983200.0	19628500.0	19256800.0	0	0.07254049796300388	0.029734516485093433	False	0.017745876603543067	False	False	Ecoli	False	True	False	False	umpire	manual	min	1.660964047443681
P10121	P10121		ftsY		7149620.0	6834990.0	7095730.0	7145330.0	6965320.0	6642930.0	0	0.07322922160173273	0.06535848218396613	False	0.017776420281001834	False	False	Ecoli	False	True	False	False	umpire	manual	min	1.660964047443681
P24178	P24178		yffB		4364960.0	4177260.0	4798670.0	4496300.0	4136410.0	3577170.0	0	0.07341887697286488	0.20009945615911434	False	0.0178069639584606	False	False	Ecoli	False	True	False	False	umpire	manual	min	1.660964047443681
P31808	P31808		yciK		3198920.0	3246320.0	3174220.0	3158460.0	3413440.0	3382830.0	0	0.07345817159203295	-0.0753410763870965	False	0.017837507635919365	False	False	Ecoli	False	True	False	False	umpire	manual	min	1.660964047443681
P0AG20	P0AG20		relA		1661550.0	1518580.0	1671390.0	1617730.0	1616440.0	1520470.0	0	0.07366087721252498	0.08869076342441357	False	0.017868051313378132	False	False	Ecoli	False	True	False	False	umpire	manual	min	1.660964047443681
P46854	P46854		yhhY		675068.0	510445.0	760127.0	811009.0	531000.0	688740.0	0	0.07406637192231362	0.3765626528425078	False	0.017898594990836895	False	False	Ecoli	False	True	False	False	umpire	manual	min	1.660964047443681
P0ACB7	P0ACB7		hemY		5748660.0	5475320.0	5860930.0	5906820.0	5345480.0	5710200.0	0	0.07409543140482386	0.08353312454960315	False	0.017929138668295663	False	False	Ecoli	False	True	False	False	umpire	manual	min	1.660964047443681
P0A9D2	P0A9D2		gstA		6820690.0	6831710.0	6553480.0	6497550.0	6927530.0	7211920.0	0	0.0740967815859083	-0.07768991426239183	False	0.01795968234575443	False	False	Ecoli	False	True	False	False	umpire	manual	min	1.660964047443681
Q47679	Q47679		yafV		829121.0	787019.0	871055.0	951355.0	773386.0	748416.0	0	0.07470167124393164	0.1996692885341879	False	0.017990226023213197	False	False	Ecoli	False	True	False	False	umpire	manual	min	1.660964047443681
P12295	P12295		ung		1794630.0	1904850.0	1791770.0	1780760.0	1865600.0	1825240.0	0	0.07568171624065846	-0.06015714290275124	False	0.01802076970067196	False	False	Ecoli	False	True	False	False	umpire	manual	min	1.660964047443681
P37631	P37631		yhiN		1113470.0	1031890.0	1103120.0	1151870.0	1055040.0	1100040.0	0	0.0774370704762827	0.07990372900607164	False	0.018051313378130728	False	False	Ecoli	False	True	False	False	umpire	manual	min	1.660964047443681
P16095	P16095		sdaA		1612830.0	2067850.0	1826060.0	1658500.0	1806920.0	1930880.0	0	0.07783658324372318	-0.18769886243454992	False	0.018081857055589495	False	False	Ecoli	False	True	False	False	umpire	manual	min	1.660964047443681
P06986	P06986		hisC		2476770.0	2534870.0	2391740.0	2459330.0	2595170.0	2487130.0	0	0.07864262169113433	-0.055867090934545366	False	0.01811240073304826	False	False	Ecoli	False	True	False	False	umpire	manual	min	1.660964047443681
P0AAJ3	P0AAJ3		fdnH		4768240.0	4461660.0	4639370.0	4582640.0	4002040.0	3884470.0	0	0.07864622384564915	0.18012449299306413	False	0.018142944410507025	False	False	Ecoli	False	True	False	False	umpire	manual	min	1.660964047443681
P0AA95	P0AA95		yacC		1050450.0	1152810.0	1118530.0	1050180.0	1145760.0	1146050.0	0	0.07916404119587453	-0.09766055396582725	False	0.018173488087965792	False	False	Ecoli	False	True	False	False	umpire	manual	min	1.660964047443681
P0AG14	P0AG14		sohB		2010290.0	1869970.0	2203770.0	1965930.0	1886800.0	1775820.0	0	0.07977631926666365	0.15964948877812285	False	0.018204031765424556	False	False	Ecoli	False	True	False	False	umpire	manual	min	1.660964047443681
P67910	P67910		hldD		37968900.0	36182800.0	37235600.0	37639600.0	36580900.0	37272800.0	0	0.08018608104908949	0.03634883308867746	False	0.018234575442883323	False	False	Ecoli	False	True	False	False	umpire	manual	min	1.660964047443681
P00864	P00864		ppc		10952900.0	10951200.0	11129700.0	10990400.0	10726700.0	10781300.0	0	0.08022017232751362	0.027026472878039387	False	0.01826511912034209	False	False	Ecoli	False	True	False	False	umpire	manual	min	1.660964047443681
P66817	P66817		diaA		2359490.0	1998550.0	2235010.0	2350690.0	2131710.0	2229130.0	0	0.08022726170532953	0.12712577546630238	False	0.018295662797800857	False	False	Ecoli	False	True	False	False	umpire	manual	min	1.660964047443681
P39099	P39099		degQ		5622710.0	5138750.0	5567550.0	5667720.0	5214640.0	5494570.0	0	0.0808401281599364	0.08913453233561044	False	0.01832620647525962	False	False	Ecoli	False	True	False	False	umpire	manual	min	1.660964047443681
P75726	P75726		citF		5466140.0	5437490.0	5259190.0	5316310.0	5564210.0	5589880.0	0	0.08207164367761012	-0.048629637553610744	False	0.018356750152718388	False	False	Ecoli	False	True	False	False	umpire	manual	min	1.660964047443681
P0AFA7	P0AFA7		nhaB		487448.0	536763.0	495271.0	411172.0	570294.0	519392.0	0	0.08229465820044263	-0.22260783577693546	False	0.018387293830177155	False	False	Ecoli	False	True	False	False	umpire	manual	min	1.660964047443681
P69924	P69924		nrdB		3803050.0	3982630.0	3644840.0	3600850.0	3938900.0	3761300.0	0	0.08237222163574638	-0.08050793514606969	False	0.018417837507635922	False	False	Ecoli	False	True	False	False	umpire	manual	min	1.660964047443681
P76536	P76536		yfeX		8698000.0	8070170.0	8927060.0	8824660.0	8493100.0	8551870.0	0	0.0823870188025978	0.07469513278649455	False	0.018448381185094686	False	False	Ecoli	False	True	False	False	umpire	manual	min	1.660964047443681
P17952	P17952		murC		2750520.0	2794390.0	2718940.0	2800600.0	2829360.0	2859670.0	0	0.08245005996722411	-0.03674819281143466	False	0.018478924862553453	False	False	Ecoli	False	True	False	False	umpire	manual	min	1.660964047443681
P64599	P64599		yhbT		5204340.0	5666080.0	5515470.0	5236110.0	5606080.0	5621990.0	0	0.0825823525330736	-0.08243197046400773	False	0.018509468540012217	False	False	Ecoli	False	True	False	False	umpire	manual	min	1.660964047443681
P60716	P60716		lipA		7390340.0	7228250.0	7524280.0	7443180.0	7156910.0	7386360.0	0	0.08271999956536535	0.038336100248188495	False	0.018540012217470984	False	False	Ecoli	False	True	False	False	umpire	manual	min	1.660964047443681
P0AB83	P0AB83		nth		1357260.0	1497320.0	1411370.0	1466720.0	1516160.0	1518170.0	0	0.08311065323674095	-0.0975552439165501	False	0.01857055589492975	False	False	Ecoli	False	True	False	False	umpire	manual	min	1.660964047443681
P17854	P17854		cysH		7008900.0	6423030.0	7176240.0	6649970.0	6544250.0	6432990.0	0	0.0833194476457933	0.10293998582272984	False	0.018601099572388518	False	False	Ecoli	False	True	False	False	umpire	manual	min	1.660964047443681
P10384	P10384		fadL		13704200.0	13300700.0	14255100.0	14548200.0	13297200.0	13771000.0	0	0.08336046235664799	0.07447313624011154	False	0.01863164324984728	False	False	Ecoli	False	True	False	False	umpire	manual	min	1.660964047443681
P0A8G6	P0A8G6		wrbA		7859740.0	8309240.0	7777100.0	7900880.0	7988330.0	8083440.0	0	0.08339507349104264	-0.05078331248418906	False	0.01866218692730605	False	False	Ecoli	False	True	False	False	umpire	manual	min	1.660964047443681
P31802	P31802		narP		2558000.0	2965320.0	2551560.0	2596750.0	2680550.0	2839500.0	0	0.08362366464245344	-0.1389373469477999	False	0.018692730604764816	False	False	Ecoli	False	True	False	False	umpire	manual	min	1.660964047443681
P0A707	P0A707		infC		48022700.0	46140600.0	47685500.0	46907200.0	46314500.0	44155100.0	0	0.0836569550343362	0.062064569871550915	False	0.01872327428222358	False	False	Ecoli	False	True	False	False	umpire	manual	min	1.660964047443681
P24251	P24251		crl		6320160.0	6561600.0	5957120.0	6283010.0	6494260.0	6577630.0	0	0.08372515595882644	-0.08109739305681711	False	0.018753817959682346	False	False	Ecoli	False	True	False	False	umpire	manual	min	1.660964047443681
P77536	P77536		ykgF		1209350.0	1355490.0	1203630.0	1208590.0	1271600.0	1425840.0	0	0.08393901784718162	-0.16234999726203958	False	0.01878436163714111	False	False	Ecoli	False	True	False	False	umpire	manual	min	1.660964047443681
P09147	P09147		galE		9470460.0	9148090.0	9669150.0	9533790.0	9154380.0	9467060.0	0	0.08416631752470519	0.04621022516896694	False	0.018814905314599877	False	False	Ecoli	False	True	False	False	umpire	manual	min	1.660964047443681
P37902	P37902		gltI		1478270.0	1314130.0	1466010.0	1462720.0	1371250.0	1423660.0	0	0.08508576002977239	0.10099552193339807	False	0.018845448992058644	False	False	Ecoli	False	True	False	False	umpire	manual	min	1.660964047443681
P0AEQ6	P0AEQ6		glnP		2206890.0	2362130.0	2344820.0	2239740.0	2540930.0	2679530.0	0	0.08562143322855303	-0.15897108857586817	False	0.01887599266951741	False	False	Ecoli	False	True	False	False	umpire	manual	min	1.660964047443681
P0ABA6	P0ABA6		atpG		24020300.0	23782000.0	23095100.0	23135300.0	24932700.0	24729000.0	0	0.08594786080031198	-0.06412614084908935	False	0.01890653634697618	False	False	Ecoli	False	True	False	False	umpire	manual	min	1.660964047443681
P77475	P77475		yqaB		2656420.0	2276820.0	2375320.0	2743430.0	2144850.0	2402750.0	0	0.0862063019246475	0.18816778118865668	False	0.018937080024434942	False	False	Ecoli	False	True	False	False	umpire	manual	min	1.660964047443681
P11988	P11988		bglB		863322.0	766350.0	789374.0	764041.0	673158.0	630808.0	0	0.08710211481323252	0.2232094927762002	False	0.01896762370189371	False	False	Ecoli	False	True	False	False	umpire	manual	min	1.660964047443681
P0AEP3	P0AEP3		galU		24421700.0	24220800.0	25073700.0	24580500.0	24205100.0	23464300.0	0	0.08712630976369357	0.04320913227944388	False	0.018998167379352476	False	False	Ecoli	False	True	False	False	umpire	manual	min	1.660964047443681
P0A9K9	P0A9K9		slyD		93792600.0	92212100.0	100627000.0	96202000.0	89578000.0	91524700.0	0	0.08713676238181725	0.08857834909690024	False	0.01902871105681124	False	False	Ecoli	False	True	False	False	umpire	manual	min	1.660964047443681
P39342	P39342		yjgR		1003530.0	944091.0	1009210.0	1003930.0	988719.0	964175.0	0	0.08780926920394379	0.05840467096625166	False	0.019059254734270007	False	False	Ecoli	False	True	False	False	umpire	manual	min	1.660964047443681
P0ACB2	P0ACB2		hemB		12631200.0	12420400.0	13105300.0	12658900.0	12267600.0	12345500.0	0	0.08818540834410417	0.05210257409523402	False	0.01908979841172877	False	False	Ecoli	False	True	False	False	umpire	manual	min	1.660964047443681
P18390	P18390		yjjA		1517280.0	1271240.0	1536660.0	1508610.0	1418780.0	1419890.0	0	0.08857505037170214	0.15073356745115066	False	0.019120342089187538	False	False	Ecoli	False	True	False	False	umpire	manual	min	1.660964047443681
P0A915	P0A915		ompW		14967700.0	14553100.0	16212200.0	15729400.0	14372700.0	14900000.0	0	0.08866187065193508	0.09809354619460667	False	0.019150885766646305	False	False	Ecoli	False	True	False	False	umpire	manual	min	1.660964047443681
P0A8B5	P0A8B5		ybaB		1440250.0	1558330.0	1403250.0	1486080.0	1652360.0	1835390.0	0	0.08888862709747657	-0.2209359987471722	False	0.019181429444105072	False	False	Ecoli	False	True	False	False	umpire	manual	min	1.660964047443681
P0AEI6	P0AEI6		nudJ		2673020.0	2532300.0	2709770.0	2654710.0	2617140.0	2439470.0	0	0.0890511317153195	0.08285414713205064	False	0.01921197312156384	False	False	Ecoli	False	True	False	False	umpire	manual	min	1.660964047443681
P30958	P30958		mfd		6121580.0	6224180.0	5801980.0	6017430.0	6191710.0	6324040.0	0	0.08930166810490826	-0.06285606238495615	False	0.019242516799022603	False	False	Ecoli	False	True	False	False	umpire	manual	min	1.660964047443681
P0ADZ7	P0ADZ7		yajC		19920100.0	20126500.0	21064500.0	20954800.0	18383500.0	18050200.0	0	0.08944235458325298	0.13107018624979205	False	0.01927306047648137	False	False	Ecoli	False	True	False	False	umpire	manual	min	1.660964047443681
P0A6T3	P0A6T3		galK		3211200.0	3181810.0	3379040.0	3321370.0	3214720.0	3097090.0	0	0.08951692001002788	0.06216111738636445	False	0.019303604153940137	False	False	Ecoli	False	True	False	False	umpire	manual	min	1.660964047443681
P0AEY5	P0AEY5		mdaB		1869840.0	1705390.0	1835040.0	1764040.0	1318000.0	1422110.0	0	0.08959842469260113	0.2989102655059383	False	0.0193341478313989	False	False	Ecoli	False	True	False	False	umpire	manual	min	1.660964047443681
P60906	P60906		hisS		10986100.0	10636900.0	10824900.0	10761300.0	10437200.0	10738900.0	0	0.08979993102746328	0.03402916914208389	False	0.019364691508857668	False	False	Ecoli	False	True	False	False	umpire	manual	min	1.660964047443681
P0AE91	P0AE91		creA		3536190.0	3381020.0	3556120.0	3583330.0	3515530.0	3444840.0	0	0.09002820900219141	0.04589244813434376	False	0.01939523518631643	False	False	Ecoli	False	True	False	False	umpire	manual	min	1.660964047443681
P23893	P23893		hemL		24488600.0	25075500.0	24982600.0	24566900.0	25174700.0	25165200.0	0	0.09012826113403959	-0.026591282682966927	False	0.0194257788637752	False	False	Ecoli	False	True	False	False	umpire	manual	min	1.660964047443681
P0A9M5	P0A9M5		gpt		81272000.0	75820500.0	77085600.0	81245600.0	75100000.0	76559000.0	0	0.09028228800451492	0.07491063768312893	False	0.019456322541233965	False	False	Ecoli	False	True	False	False	umpire	manual	min	1.660964047443681
P0AAB4	P0AAB4		ubiD		1612700.0	1485100.0	1546710.0	1821040.0	1488690.0	1304470.0	0	0.09061947426549057	0.2192519392493543	False	0.019486866218692733	False	False	Ecoli	False	True	False	False	umpire	manual	min	1.660964047443681
P0AAT9	P0AAT9		ybeL		7386850.0	6647510.0	6889880.0	7160270.0	6696170.0	6899500.0	0	0.0906384891711044	0.08266708131186344	False	0.0195174098961515	False	False	Ecoli	False	True	False	False	umpire	manual	min	1.660964047443681
P76291	P76291		cmoB		1820670.0	1936710.0	1834540.0	1898130.0	2031550.0	2172860.0	0	0.09101159766938602	-0.14514606741444605	False	0.019547953573610263	False	False	Ecoli	False	True	False	False	umpire	manual	min	1.660964047443681
P0A9Y6	P0A9Y6		cspC		124208000.0	134084000.0	124057000.0	124368000.0	128223000.0	128270000.0	0	0.09122423019186829	-0.06785155185790646	False	0.01957849725106903	False	False	Ecoli	False	True	False	False	umpire	manual	min	1.660964047443681
P06129	P06129		btuB		14900800.0	14165800.0	14460300.0	14674300.0	13865200.0	12984400.0	0	0.09147325845958654	0.10249807249520482	False	0.019609040928527794	False	False	Ecoli	False	True	False	False	umpire	manual	min	1.660964047443681
P33136	P33136		mdoG		12587600.0	12391400.0	12816000.0	12755700.0	12174900.0	12593700.0	0	0.09167765115943569	0.03828420484845294	False	0.01963958460598656	False	False	Ecoli	False	True	False	False	umpire	manual	min	1.660964047443681
P0A901	P0A901		blc		1046480.0	941659.0	1134680.0	1007040.0	941339.0	988877.0	0	0.09183724196185732	0.15074917793228718	False	0.019670128283445328	False	False	Ecoli	False	True	False	False	umpire	manual	min	1.660964047443681
P27306	P27306		sthA		1072920.0	794751.0	897554.0	989316.0	843530.0	902924.0	0	0.09214105020742334	0.21998205600054888	False	0.019700671960904092	False	False	Ecoli	False	True	False	False	umpire	manual	min	1.660964047443681
P0AC51	P0AC51		zur		2305220.0	2138600.0	2356470.0	2211930.0	2181580.0	2200210.0	0	0.09215798455579348	0.07611183816443538	False	0.019731215638362862	False	False	Ecoli	False	True	False	False	umpire	manual	min	1.660964047443681
P13979	P13979		traT		3182450.0	3253100.0	3222910.0	3196200.0	3282710.0	3372430.0	0	0.09222992224865009	-0.045359989615007555	False	0.019761759315821626	False	False	Ecoli	False	True	False	False	umpire	manual	min	1.660964047443681
P0AAN3	P0AAN3		hypB		2578350.0	2613890.0	2482960.0	2528740.0	2604330.0	2619160.0	0	0.09240542642160315	-0.04626205910555973	False	0.01979230299328039	False	False	Ecoli	False	True	False	False	umpire	manual	min	1.660964047443681
P0AFM2	P0AFM2		proX		9643120.0	9196210.0	9316310.0	9790230.0	9091930.0	9287480.0	0	0.092451739266769	0.06015157131824607	False	0.01982284667073916	False	False	Ecoli	False	True	False	False	umpire	manual	min	1.660964047443681
P0A7X6	P0A7X6		rimM		6078120.0	6088190.0	6245280.0	6230330.0	5924380.0	5756460.0	0	0.09342932989315265	0.06234432444350171	False	0.019853390348197924	False	False	Ecoli	False	True	False	False	umpire	manual	min	1.660964047443681
P0A7Z0	P0A7Z0		rpiA		18474300.0	19903400.0	19163700.0	18428600.0	19204400.0	19173300.0	0	0.0934318980481647	-0.05588652284158934	False	0.01988393402565669	False	False	Ecoli	False	True	False	False	umpire	manual	min	1.660964047443681
P0AAU7	P0AAU7		ybfE		1147530.0	1243700.0	1010760.0	1107480.0	1141360.0	1224700.0	0	0.09349527744781211	-0.14447973160061653	False	0.019914477703115455	False	False	Ecoli	False	True	False	False	umpire	manual	min	1.660964047443681
P37613	P37613		yhhK		4285690.0	4381400.0	4095900.0	4314690.0	4487920.0	4390130.0	0	0.09365259913228982	-0.06261508351153755	False	0.01994502138057422	False	False	Ecoli	False	True	False	False	umpire	manual	min	1.660964047443681
P61316	P61316		lolA		2817740.0	2766810.0	2823330.0	2898460.0	2800010.0	2759300.0	0	0.09420659400962053	0.03651231731860543	False	0.01997556505803299	False	False	Ecoli	False	True	False	False	umpire	manual	min	1.660964047443681
P60785	P60785		lepA		11817100.0	11675500.0	12161900.0	12010200.0	11861200.0	11624600.0	0	0.09495091249560003	0.03357562164639306	False	0.020006108735491752	False	False	Ecoli	False	True	False	False	umpire	manual	min	1.660964047443681
P0A6J1	P0A6J1		cysC		2104000.0	2174510.0	2168240.0	2042810.0	2440490.0	2331110.0	0	0.09507478266200546	-0.13741110097958603	False	0.020036652412950523	False	False	Ecoli	False	True	False	False	umpire	manual	min	1.660964047443681
P0AEI1	P0AEI1		miaB		10723800.0	10937800.0	10317700.0	10762100.0	11059100.0	11025800.0	0	0.0956957709837325	-0.054268002385854754	False	0.020067196090409287	False	False	Ecoli	False	True	False	False	umpire	manual	min	1.660964047443681
P60340	P60340		truB		7765970.0	7869430.0	7616160.0	7793100.0	8258730.0	7984050.0	0	0.0964836317539326	-0.057180230150062426	False	0.02009773976786805	False	False	Ecoli	False	True	False	False	umpire	manual	min	1.660964047443681
P61517	P61517		can		7922920.0	7658900.0	8029690.0	7674710.0	7667510.0	7375380.0	0	0.09669417684075461	0.057649940349282294	False	0.020128283445326817	False	False	Ecoli	False	True	False	False	umpire	manual	min	1.660964047443681
Q46948	Q46948		yajL		4122310.0	4455220.0	4151590.0	4185570.0	4247580.0	4289570.0	0	0.09747612775677017	-0.060421923241405565	False	0.020158827122785584	False	False	Ecoli	False	True	False	False	umpire	manual	min	1.660964047443681
P69346	P69346		yefM		926463.0	885710.0	913954.0	931987.0	755178.0	767786.0	0	0.09786598946979391	0.202898358652021	False	0.02018937080024435	False	False	Ecoli	False	True	False	False	umpire	manual	min	1.660964047443681
P0A812	P0A812		ruvB		1230020.0	1142320.0	1265870.0	1143270.0	1095700.0	1105350.0	0	0.09896932254184687	0.12230246016983125	False	0.020219914477703115	False	False	Ecoli	False	True	False	False	umpire	manual	min	1.660964047443681
P00954	P00954		trpS		13370900.0	13916400.0	13555700.0	13540700.0	13793200.0	13568700.0	0	0.09951599103974182	-0.028626961394488767	False	0.020250458155161882	False	False	Ecoli	False	True	False	False	umpire	manual	min	1.660964047443681
P69503	P69503		apt		24850200.0	23147100.0	25492300.0	25544700.0	24196000.0	24762600.0	0	0.09968688391995578	0.07374325486786269	False	0.02028100183262065	False	False	Ecoli	False	True	False	False	umpire	manual	min	1.660964047443681
P76192	P76192		ydhV		1564010.0	1645960.0	1572170.0	1542030.0	1579500.0	1606800.0	0	0.09990204727385389	-0.04674145680329687	False	0.020311545510079413	False	False	Ecoli	False	True	False	False	umpire	manual	min	1.660964047443681
P0AFD6	P0AFD6		nuoI		8324320.0	7640240.0	7949890.0	7927740.0	7716230.0	7795660.0	0	0.10007329602334238	0.06397836524981948	False	0.020342089187538184	False	False	Ecoli	False	True	False	False	umpire	manual	min	1.660964047443681
P0A6A8	P0A6A8		acpP		131579000.0	126160000.0	133081000.0	135081000.0	109345000.0	121620000.0	0	0.10019181315957355	0.16263642123930871	False	0.020372632864996947	False	False	Ecoli	False	True	False	False	umpire	manual	min	1.660964047443681
P0A8K1	P0A8K1		psd		4153900.0	4328020.0	4049020.0	4179930.0	4205800.0	4481270.0	0	0.10062068173660234	-0.07184188890736068	False	0.02040317654245571	False	False	Ecoli	False	True	False	False	umpire	manual	min	1.660964047443681
P37655	P37655		bcsQ		993288.0	899523.0	948672.0	960954.0	781924.0	900649.0	0	0.10095150095191405	0.16895919243182428	False	0.020433720219914478	False	False	Ecoli	False	True	False	False	umpire	manual	min	1.660964047443681
P0A6X1	P0A6X1		hemA		184677.0	284264.0	185369.0	171580.0	218138.0	338913.0	3	0.10121563518556002	-0.6353490715165736	False	0.020464263897373245	False	False	Ecoli	False	True	False	False	umpire	manual	min	1.660964047443681
P67095	P67095		yfcE		906748.0	686351.0	898607.0	1051670.0	900193.0	748871.0	0	0.10122276795844655	0.2908347228125216	False	0.020494807574832012	False	False	Ecoli	False	True	False	False	umpire	manual	min	1.660964047443681
P22188	P22188		murE		7266340.0	7097610.0	7366630.0	7190950.0	6925140.0	7187460.0	0	0.10125614302259264	0.041151356086401886	False	0.020525351252290776	False	False	Ecoli	False	True	False	False	umpire	manual	min	1.660964047443681
P05459	P05459		pdxB		5004980.0	4777710.0	4931330.0	4978030.0	4732210.0	4927690.0	0	0.10145192969011277	0.046868197467807404	False	0.02055589492974954	False	False	Ecoli	False	True	False	False	umpire	manual	min	1.660964047443681
P69776	P69776		lpp		37488900.0	40192300.0	37909400.0	37929600.0	38544900.0	38804400.0	0	0.1016265751488194	-0.052668362342938424	False	0.02058643860720831	False	False	Ecoli	False	True	False	False	umpire	manual	min	1.660964047443681
P0A784	P0A784		orn		2656250.0	2611420.0	2809830.0	2753170.0	2620780.0	2602670.0	0	0.1018267108051996	0.06909741814844284	False	0.020616982284667074	False	False	Ecoli	False	True	False	False	umpire	manual	min	1.660964047443681
P0ABB8	P0ABB8		mgtA		695964.0	593560.0	580047.0	664070.0	462164.0	553043.0	0	0.10185662658021125	0.2701614937634631	False	0.020647525962125844	False	False	Ecoli	False	True	False	False	umpire	manual	min	1.660964047443681
P05852	P05852		gcp		2203990.0	2377170.0	2282350.0	2301490.0	2292140.0	2387440.0	0	0.10228886821381922	-0.05605346714204531	False	0.020678069639584608	False	False	Ecoli	False	True	False	False	umpire	manual	min	1.660964047443681
P69425	P69425		tatB		2499760.0	2529830.0	2458910.0	2485950.0	2702480.0	2624830.0	0	0.10317906783303235	-0.07780605647261642	False	0.02070861331704337	False	False	Ecoli	False	True	False	False	umpire	manual	min	1.660964047443681
P10903	P10903		narK		2610020.0	2273640.0	2543270.0	2628950.0	2517410.0	2193600.0	0	0.10348215104376653	0.15599764875306102	False	0.02073915699450214	False	False	Ecoli	False	True	False	False	umpire	manual	min	1.660964047443681
P07021	P07021		yfiB		810273.0	973989.0	792713.0	873828.0	852941.0	993417.0	0	0.10358234495494305	-0.18738714347567992	False	0.020769700671960906	False	False	Ecoli	False	True	False	False	umpire	manual	min	1.660964047443681
P68679	P68679		rpsU		83850600.0	87307200.0	84117600.0	83239600.0	84525700.0	85850500.0	0	0.10366443504349059	-0.03671834098494237	False	0.020800244349419673	False	False	Ecoli	False	True	False	False	umpire	manual	min	1.660964047443681
P0AGE0	P0AGE0		ssb		23079100.0	24149300.0	23385800.0	23446900.0	24201000.0	23452900.0	0	0.10367644899783968	-0.03851216086988664	False	0.020830788026878436	False	False	Ecoli	False	True	False	False	umpire	manual	min	1.660964047443681
P0ABQ4	P0ABQ4		folA		2432340.0	2398030.0	2608450.0	2495830.0	2335310.0	2395380.0	0	0.10384747725193534	0.08027459685956342	False	0.0208613317043372	False	False	Ecoli	False	True	False	False	umpire	manual	min	1.660964047443681
P29131	P29131		ftsN		914594.0	809090.0	837717.0	950574.0	635353.0	807745.0	0	0.10384852866552242	0.26317287012388085	False	0.02089187538179597	False	False	Ecoli	False	True	False	False	umpire	manual	min	1.660964047443681
P0A7J7	P0A7J7		rplK		125068000.0	130917000.0	125637000.0	123697000.0	127125000.0	126778000.0	0	0.10419536341174276	-0.03959563970409247	False	0.020922419059254734	False	False	Ecoli	False	True	False	False	umpire	manual	min	1.660964047443681
P05194	P05194		aroD		1167060.0	1372050.0	1181430.0	1100940.0	1192500.0	1400800.0	0	0.10468984061084828	-0.2010902265514824	False	0.0209529627367135	False	False	Ecoli	False	True	False	False	umpire	manual	min	1.660964047443681
P0A6R0	P0A6R0		fabH		16229300.0	16455100.0	16188600.0	16033600.0	17317900.0	16753200.0	0	0.10484948976959671	-0.060490350667550485	False	0.02098350641417227	False	False	Ecoli	False	True	False	False	umpire	manual	min	1.660964047443681
P0ADP9	P0ADP9		yihD		4533990.0	4630420.0	4518430.0	4539660.0	4962610.0	4813710.0	0	0.10504480151334458	-0.08397766606964942	False	0.021014050091631032	False	False	Ecoli	False	True	False	False	umpire	manual	min	1.660964047443681
P76002	P76002		pliG		762850.0	683094.0	830104.0	890063.0	713138.0	785303.0	0	0.10505719822782836	0.18675051883694535	False	0.0210445937690898	False	False	Ecoli	False	True	False	False	umpire	manual	min	1.660964047443681
P08179	P08179		purN		2615010.0	2760420.0	2418630.0	2469890.0	2629240.0	2598660.0	0	0.10559039993993433	-0.09032266179114465	False	0.021075137446548563	False	False	Ecoli	False	True	False	False	umpire	manual	min	1.660964047443681
P64581	P64581		yqjD		35405800.0	32945900.0	33187600.0	33536400.0	31020200.0	32511000.0	0	0.10694301212964169	0.0821454381010852	False	0.021105681124007333	False	False	Ecoli	False	True	False	False	umpire	manual	min	1.660964047443681
P31979	P31979		nuoF		12047200.0	11742300.0	12141900.0	12034400.0	11970900.0	11560900.0	0	0.10698902217539752	0.038316675928852094	False	0.021136224801466097	False	False	Ecoli	False	True	False	False	umpire	manual	min	1.660964047443681
P0A8I1	P0A8I1		yqgF		1578320.0	1368580.0	1464230.0	1473090.0	1433870.0	1430880.0	0	0.10708100804127865	0.09313751965325458	False	0.02116676847892486	False	False	Ecoli	False	True	False	False	umpire	manual	min	1.660964047443681
P0AE82	P0AE82		cpxA		1550630.0	1562620.0	1476460.0	1515150.0	1569510.0	1664120.0	0	0.10742550650337239	-0.07850292356260118	False	0.02119731215638363	False	False	Ecoli	False	True	False	False	umpire	manual	min	1.660964047443681
P52644	P52644		hslJ		1361080.0	1718710.0	1434030.0	1584210.0	1591040.0	1580760.0	0	0.10756529823815664	-0.15927805007261808	False	0.021227855833842395	False	False	Ecoli	False	True	False	False	umpire	manual	min	1.660964047443681
P45395	P45395		kdsD		2556320.0	2511150.0	2234130.0	2309690.0	2598190.0	2751410.0	0	0.10896712331950485	-0.14681949581230766	False	0.021258399511301162	False	False	Ecoli	False	True	False	False	umpire	manual	min	1.660964047443681
P33590	P33590		nikA		3516410.0	3489200.0	3352970.0	3472770.0	3690650.0	3661250.0	0	0.10907115645706485	-0.06797501362782753	False	0.02128894318875993	False	False	Ecoli	False	True	False	False	umpire	manual	min	1.660964047443681
P68206	P68206		yjbJ		2074390.0	1982740.0	2161160.0	1959800.0	1921790.0	1832480.0	0	0.10942575281308907	0.11088675554987446	False	0.021319486866218693	False	False	Ecoli	False	True	False	False	umpire	manual	min	1.660964047443681
P0AF18	P0AF18		nagA		3676470.0	3738380.0	3601630.0	3670390.0	3714750.0	3681240.0	0	0.10946835140878805	-0.02428802138164553	False	0.02135003054367746	False	False	Ecoli	False	True	False	False	umpire	manual	min	1.660964047443681
P0A8L1	P0A8L1		serS		27951900.0	28757000.0	27291400.0	27873300.0	27949200.0	28337400.0	0	0.11008164324467894	-0.03306602920989703	False	0.021380574221136223	False	False	Ecoli	False	True	False	False	umpire	manual	min	1.660964047443681
P0ABJ1	P0ABJ1		cyoA		2341700.0	2172860.0	2227870.0	2385030.0	2208280.0	2198570.0	0	0.1101406382074477	0.07994354053088214	False	0.021411117898594994	False	False	Ecoli	False	True	False	False	umpire	manual	min	1.660964047443681
P06709	P06709		birA		944163.0	941784.0	970917.0	963790.0	854983.0	858108.0	0	0.11033964356345216	0.11685870722474016	False	0.021441661576053758	False	False	Ecoli	False	True	False	False	umpire	manual	min	1.660964047443681
P77791	P77791		maa		471785.0	316169.0	327380.0	434991.0	338214.0	251197.0	0	0.11120675612464752	0.44661076451052206	False	0.02147220525351252	False	False	Ecoli	False	True	False	False	umpire	manual	min	1.660964047443681
P67826	P67826		cutC		812714.0	953615.0	746654.0	821002.0	820752.0	898281.0	0	0.11135836452681055	-0.1670839999141818	False	0.02150274893097129	False	False	Ecoli	False	True	False	False	umpire	manual	min	1.660964047443681
P0ADE4	P0ADE4		tamA		4242750.0	3974350.0	4276780.0	4223800.0	4156630.0	4147260.0	0	0.112146796749181	0.0536385468143786	False	0.021533292608430055	False	False	Ecoli	False	True	False	False	umpire	manual	min	1.660964047443681
P07017	P07017		tar		3301580.0	3420060.0	3115460.0	3192090.0	3274600.0	3338310.0	0	0.1122110333784907	-0.06227101953255377	False	0.021563836285888822	False	False	Ecoli	False	True	False	False	umpire	manual	min	1.660964047443681
P06616	P06616		era		3310980.0	3207250.0	3267500.0	3266040.0	3268060.0	3226260.0	0	0.11226199902921363	0.021102628008800917	False	0.02159437996334759	False	False	Ecoli	False	True	False	False	umpire	manual	min	1.660964047443681
P0A8J2	P0A8J2		dnaT		938855.0	948926.0	1063970.0	1011780.0	912915.0	880184.0	0	0.11264474280279815	0.13672725521310608	False	0.021624923640806353	False	False	Ecoli	False	True	False	False	umpire	manual	min	1.660964047443681
P50456	P50456		mlc		1644170.0	1793180.0	1732980.0	1644650.0	1734930.0	1931760.0	0	0.11296209004349833	-0.12066202838858898	False	0.02165546731826512	False	False	Ecoli	False	True	False	False	umpire	manual	min	1.660964047443681
P0A8K5	P0A8K5		yaeP		1185530.0	1284090.0	1254390.0	1205970.0	1255550.0	1260240.0	0	0.11318637466084613	-0.05968282450626145	False	0.021686010995723884	False	False	Ecoli	False	True	False	False	umpire	manual	min	1.660964047443681
P45807	P45807		ybaM		445375.0	444173.0	481774.0	456582.0	392088.0	429240.0	0	0.11326472214993208	0.12885486004009128	False	0.021716554673182654	False	False	Ecoli	False	True	False	False	umpire	manual	min	1.660964047443681
P00887	P00887		aroH		1197460.0	1499880.0	1448500.0	1369360.0	1579170.0	1502610.0	0	0.11333936644961558	-0.19035543421430792	False	0.021747098350641418	False	False	Ecoli	False	True	False	False	umpire	manual	min	1.660964047443681
P76193	P76193		ynhG		1843210.0	1719830.0	1697710.0	1735680.0	1589820.0	1603660.0	0	0.1138640069659766	0.10291335492289243	False	0.021777642028100182	False	False	Ecoli	False	True	False	False	umpire	manual	min	1.660964047443681
P22333	P22333		add		11685800.0	12202800.0	11909700.0	12047600.0	12248100.0	11999400.0	0	0.11442993340621323	-0.03230787019155073	False	0.021808185705558952	False	False	Ecoli	False	True	False	False	umpire	manual	min	1.660964047443681
P0AFM6	P0AFM6		pspA		3681100.0	3441640.0	3511320.0	3787370.0	3562930.0	3274260.0	0	0.11445014645362224	0.09517440414588987	False	0.021838729383017716	False	False	Ecoli	False	True	False	False	umpire	manual	min	1.660964047443681
P67603	P67603		yqfB		3101020.0	2940790.0	3263030.0	3001910.0	2994490.0	2684840.0	0	0.1150157469566799	0.1197189235137602	False	0.021869273060476483	False	False	Ecoli	False	True	False	False	umpire	manual	min	1.660964047443681
P0ABU5	P0ABU5		elbB		22826300.0	23263700.0	22317300.0	22870700.0	23200800.0	22884700.0	0	0.11532471117388635	-0.028041135224730826	False	0.021899816737935247	False	False	Ecoli	False	True	False	False	umpire	manual	min	1.660964047443681
P64540	P64540		yfcL		7271920.0	7402140.0	7851600.0	7662030.0	7128360.0	6831770.0	0	0.11614388228016112	0.09305423590776941	False	0.021930360415394014	False	False	Ecoli	False	True	False	False	umpire	manual	min	1.660964047443681
P0ADV1	P0ADV1		lptA		3207320.0	3210510.0	3301020.0	3574030.0	3079550.0	2784740.0	0	0.11621760467241601	0.15189705111267618	False	0.02196090409285278	False	False	Ecoli	False	True	False	False	umpire	manual	min	1.660964047443681
P0AGB0	P0AGB0		serB		4192300.0	4391560.0	3857320.0	4146730.0	4339970.0	4248390.0	0	0.11640611425270737	-0.08983203427369209	False	0.021991447770311544	False	False	Ecoli	False	True	False	False	umpire	manual	min	1.660964047443681
P77774	P77774		bamB		14020300.0	14263600.0	13954400.0	13842100.0	14189200.0	13984000.0	0	0.11726644996162462	-0.021233207159641953	False	0.022021991447770315	False	False	Ecoli	False	True	False	False	umpire	manual	min	1.660964047443681
P16528	P16528		iclR		1857380.0	1682970.0	1877870.0	1749430.0	1771080.0	1734490.0	0	0.1173940687743708	0.08007881336246017	False	0.02205253512522908	False	False	Ecoli	False	True	False	False	umpire	manual	min	1.660964047443681
P64429	P64429		ypfJ		1054220.0	915383.0	1159520.0	1127630.0	1088270.0	924336.0	0	0.1177744343091546	0.1905296118503465	False	0.022083078802687842	False	False	Ecoli	False	True	False	False	umpire	manual	min	1.660964047443681
P36999	P36999		rlmA		1001110.0	1011000.0	1061010.0	1050070.0	977491.0	915030.0	0	0.11841811689071494	0.10012667140458556	False	0.022113622480146613	False	False	Ecoli	False	True	False	False	umpire	manual	min	1.660964047443681
P33225	P33225		torA		3716020.0	3216560.0	3374350.0	3694760.0	3484680.0	3237600.0	0	0.11851870752660748	0.11789418204598076	False	0.022144166157605377	False	False	Ecoli	False	True	False	False	umpire	manual	min	1.660964047443681
P0A9L5	P0A9L5		ppiC		2261830.0	2313500.0	2251000.0	2265430.0	2342740.0	2451290.0	0	0.118620179141256	-0.06843330667810571	False	0.022174709835064144	False	False	Ecoli	False	True	False	False	umpire	manual	min	1.660964047443681
P52007	P52007		yecM		1766200.0	1847530.0	1711490.0	1758680.0	1829950.0	1758800.0	0	0.11916079604980774	-0.05405272400257831	False	0.022205253512522907	False	False	Ecoli	False	True	False	False	umpire	manual	min	1.660964047443681
P0A6B4	P0A6B4		alr		3225460.0	3074970.0	3244670.0	3121210.0	3129600.0	3104590.0	0	0.11945445698909432	0.04308139339153322	False	0.022235797189981674	False	False	Ecoli	False	True	False	False	umpire	manual	min	1.660964047443681
P0ABU0	P0ABU0		menB		11057300.0	11008100.0	11506100.0	11227700.0	10966600.0	10849400.0	0	0.12011159887333081	0.041887860665302555	False	0.02226634086744044	False	False	Ecoli	False	True	False	False	umpire	manual	min	1.660964047443681
P0A858	P0A858		tpiA		51485500.0	51104400.0	52425300.0	50771100.0	50050100.0	49206500.0	0	0.1205320833816879	0.04087397525843666	False	0.022296884544899205	False	False	Ecoli	False	True	False	False	umpire	manual	min	1.660964047443681
P21179	P21179		katE		622548.0	583182.0	670642.0	628294.0	628936.0	568746.0	0	0.12070700357786279	0.10964361753802422	False	0.022327428222357976	False	False	Ecoli	False	True	False	False	umpire	manual	min	1.660964047443681
P0ADS6	P0ADS6		yggE		5075640.0	4807420.0	5010370.0	5028030.0	4714440.0	4988530.0	0	0.12254386387222065	0.05880305040686045	False	0.02235797189981674	False	False	Ecoli	False	True	False	False	umpire	manual	min	1.660964047443681
P64588	P64588		yqjI		1502270.0	1739090.0	1705750.0	1410770.0	1740610.0	1796630.0	0	0.12254755683527882	-0.19201984511748646	False	0.022388515577275503	False	False	Ecoli	False	True	False	False	umpire	manual	min	1.660964047443681
P13024	P13024		fdhE		4605850.0	4486160.0	4641310.0	4436150.0	4393610.0	4236370.0	0	0.12324011432376274	0.061074055074066096	False	0.022419059254734273	False	False	Ecoli	False	True	False	False	umpire	manual	min	1.660964047443681
P19934	P19934		tolA		1772380.0	1480310.0	1614910.0	1651330.0	1633480.0	1544720.0	0	0.12378767111010627	0.1131600657795031	False	0.022449602932193037	False	False	Ecoli	False	True	False	False	umpire	manual	min	1.660964047443681
P37648	P37648		yhjJ		3075070.0	3048570.0	3058820.0	3075990.0	2924920.0	2946750.0	0	0.12391856038560985	0.04609983233430991	False	0.022480146609651804	False	False	Ecoli	False	True	False	False	umpire	manual	min	1.660964047443681
P37689	P37689		gpmI		22138100.0	21959400.0	22892900.0	23038400.0	22219900.0	21867700.0	0	0.12406666832409767	0.04351336052523757	False	0.022510690287110568	False	False	Ecoli	False	True	False	False	umpire	manual	min	1.660964047443681
P76535	P76535		murQ		1748560.0	1599200.0	2001650.0	1788510.0	1661620.0	1711710.0	0	0.12417957460777078	0.15557253242366764	False	0.022541233964569335	False	False	Ecoli	False	True	False	False	umpire	manual	min	1.660964047443681
P76055	P76055		ttcA		1993700.0	1697340.0	1966880.0	1991350.0	1920110.0	1839060.0	0	0.1241957814746146	0.12537906508223357	False	0.022571777642028102	False	False	Ecoli	False	True	False	False	umpire	manual	min	1.660964047443681
P46125	P46125		yedI		401332.0	477491.0	458224.0	363889.0	497380.0	445158.0	0	0.12422382984680082	-0.21497114643527318	False	0.022602321319486866	False	False	Ecoli	False	True	False	False	umpire	manual	min	1.660964047443681
P0AD59	P0AD59		ivy		2498420.0	2747260.0	2438030.0	2517630.0	2635430.0	2528050.0	0	0.12506778135930444	-0.08578235336528194	False	0.022632864996945636	False	False	Ecoli	False	True	False	False	umpire	manual	min	1.660964047443681
P0C054	P0C054		ibpA		4553660.0	4045980.0	4399010.0	4449460.0	4414070.0	4017340.0	0	0.12518055673372477	0.1031461211985936	False	0.0226634086744044	False	False	Ecoli	False	True	False	False	umpire	manual	min	1.660964047443681
P0AD07	P0AD07		yecF		3680310.0	3756940.0	3464000.0	3672490.0	3746660.0	3825620.0	0	0.1256237071432074	-0.06677477616325331	False	0.022693952351863163	False	False	Ecoli	False	True	False	False	umpire	manual	min	1.660964047443681
P0AAR3	P0AAR3		ybaK		2216630.0	2206820.0	1971250.0	2064670.0	2277130.0	2285430.0	0	0.125860465708239	-0.11457901570791579	False	0.02272449602932193	False	False	Ecoli	False	True	False	False	umpire	manual	min	1.660964047443681
P0ACP1	P0ACP1		cra		4114020.0	4154100.0	4135360.0	4080620.0	4419580.0	4343660.0	0	0.12619000678056339	-0.06713621426114451	False	0.022755039706780698	False	False	Ecoli	False	True	False	False	umpire	manual	min	1.660964047443681
P37685	P37685		aldB		1153310.0	1215880.0	1098560.0	1092080.0	1139490.0	1162090.0	0	0.1262955745298722	-0.07298074159438789	False	0.022785583384239465	False	False	Ecoli	False	True	False	False	umpire	manual	min	1.660964047443681
P02930	P02930		tolC		22237600.0	20841300.0	21146700.0	21976700.0	20977600.0	21118100.0	0	0.12633610202215798	0.054521644629396376	False	0.02281612706169823	False	False	Ecoli	False	True	False	False	umpire	manual	min	1.660964047443681
P0AGJ2	P0AGJ2		trmH		1504140.0	1465560.0	1426130.0	1410960.0	1608920.0	1618780.0	0	0.12686925981987207	-0.11248652671317695	False	0.022846670739156992	False	False	Ecoli	False	True	False	False	umpire	manual	min	1.660964047443681
P23836	P23836		phoP		19876000.0	19450000.0	20657900.0	20332800.0	19197800.0	20129200.0	0	0.12710669640551425	0.05040142439757263	False	0.022877214416615763	False	False	Ecoli	False	True	False	False	umpire	manual	min	1.660964047443681
P23331	P23331		tdk		2639300.0	2641460.0	2673100.0	2543630.0	2811140.0	2805200.0	0	0.1277789901928849	-0.07195703863206739	False	0.022907758094074526	False	False	Ecoli	False	True	False	False	umpire	manual	min	1.660964047443681
P0A6J8	P0A6J8		ddlA		10753900.0	10807200.0	10456000.0	10853400.0	11081100.0	11041100.0	0	0.12798747823724566	-0.03845330777558758	False	0.022938301771533297	False	False	Ecoli	False	True	False	False	umpire	manual	min	1.660964047443681
P31120	P31120		glmM		7384740.0	7486670.0	7253360.0	7375390.0	7371790.0	7480310.0	0	0.12803591641086967	-0.021161864446337397	False	0.02296884544899206	False	False	Ecoli	False	True	False	False	umpire	manual	min	1.660964047443681
P05055	P05055		pnp		34759700.0	34302200.0	34001100.0	34644600.0	33604400.0	33316100.0	0	0.12830652925182875	0.030778665310890692	False	0.022999389126450824	False	False	Ecoli	False	True	False	False	umpire	manual	min	1.660964047443681
P0A6R3	P0A6R3		fis		6135540.0	6233100.0	6505500.0	6324130.0	5931370.0	5712870.0	0	0.1290357490747774	0.08522021229411653	False	0.02302993280390959	False	False	Ecoli	False	True	False	False	umpire	manual	min	1.660964047443681
P76576	P76576		yfgM		9576560.0	8637230.0	9091340.0	9392110.0	9215990.0	8944760.0	0	0.12905234001823285	0.06639126696653087	False	0.023060476481368358	False	False	Ecoli	False	True	False	False	umpire	manual	min	1.660964047443681
P0A9Q5	P0A9Q5		accD		22334000.0	22389600.0	23491800.0	23173400.0	22457300.0	21545700.0	0	0.12944662173731245	0.05555718456118601	False	0.023091020158827125	False	False	Ecoli	False	True	False	False	umpire	manual	min	1.660964047443681
P62615	P62615		ispE		1715180.0	1605850.0	1697980.0	1910570.0	1564080.0	1675480.0	0	0.12952745516772832	0.13581865879678856	False	0.02312156383628589	False	False	Ecoli	False	True	False	False	umpire	manual	min	1.660964047443681
P04995	P04995		sbcB		11143600.0	10421400.0	11195500.0	11363300.0	11135500.0	10395000.0	0	0.1296005463188362	0.07694960891658856	False	0.023152107513744653	False	False	Ecoli	False	True	False	False	umpire	manual	min	1.660964047443681
P09832	P09832		gltD		2942780.0	2874770.0	2909390.0	3019050.0	2845530.0	2919720.0	0	0.1296637520094623	0.0380978704859236	False	0.023182651191203423	False	False	Ecoli	False	True	False	False	umpire	manual	min	1.660964047443681
P0A9X4	P0A9X4		mreB		25988800.0	24955800.0	25472300.0	25106300.0	24742400.0	25053700.0	0	0.1299031202108528	0.034620019176569775	False	0.023213194868662187	False	False	Ecoli	False	True	False	False	umpire	manual	min	1.660964047443681
P0AG16	P0AG16		purF		1019380.0	840332.0	857996.0	930988.0	793835.0	842408.0	0	0.13004064275004554	0.18138362768336902	False	0.023243738546120954	False	False	Ecoli	False	True	False	False	umpire	manual	min	1.660964047443681
P0A6T9	P0A6T9		gcvH		1971250.0	1965630.0	2249610.0	2153650.0	1869470.0	1964340.0	0	0.13042490250682198	0.13640084938685684	False	0.02327428222357972	False	False	Ecoli	False	True	False	False	umpire	manual	min	1.660964047443681
P0A9Q9	P0A9Q9		asd		28500300.0	29581100.0	28462700.0	28468300.0	29677300.0	28640400.0	0	0.13056914649331514	-0.041078733831426184	False	0.023304825901038485	False	False	Ecoli	False	True	False	False	umpire	manual	min	1.660964047443681
P15034	P15034		pepP		3752300.0	3400300.0	3396730.0	3732150.0	3267390.0	3401540.0	0	0.13065701131280974	0.11188165305161792	False	0.023335369578497252	False	False	Ecoli	False	True	False	False	umpire	manual	min	1.660964047443681
P0ADS9	P0ADS9		yggN		1673110.0	1507250.0	1606370.0	1632950.0	1551790.0	1621420.0	0	0.1316742367586095	0.06978652353930172	False	0.023365913255956015	False	False	Ecoli	False	True	False	False	umpire	manual	min	1.660964047443681
P31069	P31069		kch		1423830.0	1155440.0	1384080.0	1071800.0	912765.0	1030820.0	0	0.1321328081909513	0.3241344248140826	False	0.023396456933414786	False	False	Ecoli	False	True	False	False	umpire	manual	min	1.660964047443681
P32173	P32173		mobA		667344.0	590045.0	687965.0	613398.0	615212.0	607043.0	0	0.13283711008953122	0.11942662045584632	False	0.02342700061087355	False	False	Ecoli	False	True	False	False	umpire	manual	min	1.660964047443681
P0A9J8	P0A9J8		pheA		1915940.0	1912480.0	1837180.0	1923830.0	2073050.0	2018420.0	0	0.13349040853298522	-0.08079592739416364	False	0.02345754428833232	False	False	Ecoli	False	True	False	False	umpire	manual	min	1.660964047443681
P0A9W3	P0A9W3		yjjK		9748990.0	9659640.0	9591820.0	9794700.0	9479830.0	9330920.0	0	0.13353482354703913	0.033316308545507205	False	0.023488087965791084	False	False	Ecoli	False	True	False	False	umpire	manual	min	1.660964047443681
P0AGG4	P0AGG4		trxC		3633540.0	3509140.0	3762940.0	3594130.0	3599030.0	3330090.0	0	0.13389516903730114	0.07439021816504492	False	0.023518631643249847	False	False	Ecoli	False	True	False	False	umpire	manual	min	1.660964047443681
P26602	P26602		ubiC		713307.0	626152.0	745316.0	666655.0	687831.0	645202.0	0	0.1345627648412318	0.11739793393242998	False	0.023549175320708614	False	False	Ecoli	False	True	False	False	umpire	manual	min	1.660964047443681
P0A8B2	P0A8B2		yfcN		1414060.0	1459490.0	1305390.0	1501100.0	1586710.0	1573570.0	0	0.13573279690470166	-0.13039001171811848	False	0.02357971899816738	False	False	Ecoli	False	True	False	False	umpire	manual	min	1.660964047443681
P0ADI7	P0ADI7		yecD		7856800.0	7376190.0	7767500.0	7752900.0	7452320.0	6612670.0	0	0.13583433495313402	0.12471783600367513	False	0.02361026267562615	False	False	Ecoli	False	True	False	False	umpire	manual	min	1.660964047443681
P0ACA3	P0ACA3		sspA		29476600.0	28898500.0	30260200.0	30380800.0	29795300.0	28148800.0	0	0.1359906538535284	0.05340597265275336	False	0.023640806353084912	False	False	Ecoli	False	True	False	False	umpire	manual	min	1.660964047443681
P0AFX4	P0AFX4		rsd		369702.0	373599.0	371808.0	342349.0	456227.0	482322.0	0	0.13709815493456975	-0.2757533661568984	False	0.023671350030543676	False	False	Ecoli	False	True	False	False	umpire	manual	min	1.660964047443681
P39310	P39310		ytfB		1631530.0	1870160.0	1588190.0	1622140.0	1733700.0	1664300.0	0	0.13754280206944075	-0.1217377974235302	False	0.023701893708002447	False	False	Ecoli	False	True	False	False	umpire	manual	min	1.660964047443681
P0AGJ9	P0AGJ9		tyrS		10220600.0	9749200.0	9819670.0	10036300.0	9731640.0	9762880.0	0	0.1379833623049431	0.040513204612862216	False	0.02373243738546121	False	False	Ecoli	False	True	False	False	umpire	manual	min	1.660964047443681
P69411	P69411		rcsF		6376630.0	6309430.0	6426020.0	6587890.0	6335810.0	6294840.0	0	0.13848428944337687	0.03391055654420676	False	0.02376298106291998	False	False	Ecoli	False	True	False	False	umpire	manual	min	1.660964047443681
P0AFY8	P0AFY8		seqA		9809180.0	9620590.0	9867000.0	9667990.0	9644470.0	9664510.0	0	0.13884271899708223	0.020529022392621634	False	0.023793524740378744	False	False	Ecoli	False	True	False	False	umpire	manual	min	1.660964047443681
P04036	P04036		dapB		4540310.0	4415790.0	4772660.0	4574890.0	4419650.0	4556610.0	0	0.1391739122348809	0.05244749012788828	False	0.023824068417837508	False	False	Ecoli	False	True	False	False	umpire	manual	min	1.660964047443681
P0A9C3	P0A9C3		galM		5826640.0	5378470.0	5409730.0	5815010.0	5218130.0	5520860.0	0	0.14060531929926076	0.08126410093743426	False	0.023854612095296275	False	False	Ecoli	False	True	False	False	umpire	manual	min	1.660964047443681
P0AAC0	P0AAC0		uspE		4659320.0	4825770.0	4753610.0	4642840.0	4715160.0	4926790.0	0	0.14074132075396528	-0.04167509300443074	False	0.023885155772755042	False	False	Ecoli	False	True	False	False	umpire	manual	min	1.660964047443681
P21599	P21599		pykA		26149500.0	25935500.0	26800400.0	26896900.0	26191700.0	26119600.0	0	0.14087081550938277	0.029202837823539093	False	0.02391569945021381	False	False	Ecoli	False	True	False	False	umpire	manual	min	1.660964047443681
P69829	P69829		ptsN		836374.0	796840.0	844178.0	771375.0	755066.0	738537.0	0	0.14119968009796327	0.09828936665648036	False	0.023946243127672573	False	False	Ecoli	False	True	False	False	umpire	manual	min	1.660964047443681
P32132	P32132		typA		37049400.0	36155500.0	36906100.0	36640600.0	36316400.0	36804700.0	0	0.14164831492535215	0.0173160102160642	False	0.023976786805131337	False	False	Ecoli	False	True	False	False	umpire	manual	min	1.660964047443681
P0AEH1	P0AEH1		rseP		1230020.0	1162540.0	1218560.0	1237650.0	948200.0	1116140.0	0	0.14203349601383095	0.19200616140401777	False	0.024007330482590107	False	False	Ecoli	False	True	False	False	umpire	manual	min	1.660964047443681
P36938	P36938		pgm		6888800.0	7228920.0	7062120.0	7002700.0	7037380.0	7102060.0	0	0.1430940909609388	-0.028276677787949286	False	0.02403787416004887	False	False	Ecoli	False	True	False	False	umpire	manual	min	1.660964047443681
P0AGD7	P0AGD7		ffh		4503050.0	4442320.0	4600510.0	4567110.0	4417360.0	4543820.0	0	0.14383222800272932	0.028474176398353042	False	0.024068417837507638	False	False	Ecoli	False	True	False	False	umpire	manual	min	1.660964047443681
P36683	P36683		acnB		9106090.0	9430730.0	9145810.0	9130490.0	9249360.0	9195450.0	0	0.14383242285275633	-0.025751378995851417	False	0.024098961514966405	False	False	Ecoli	False	True	False	False	umpire	manual	min	1.660964047443681
P0ABF1	P0ABF1		pcnB		2552630.0	2527390.0	2370640.0	2401660.0	2531550.0	2653930.0	0	0.14405233017986643	-0.07445282192981455	False	0.02412950519242517	False	False	Ecoli	False	True	False	False	umpire	manual	min	1.660964047443681
P67087	P67087		rsmI		2450590.0	2349760.0	2414560.0	2541700.0	2381880.0	2423590.0	0	0.14450333656803413	0.049861978576759086	False	0.024160048869883936	False	False	Ecoli	False	True	False	False	umpire	manual	min	1.660964047443681
P0AFJ7	P0AFJ7		pitA		1862020.0	1762100.0	1895330.0	1696900.0	1670280.0	1545710.0	0	0.14470043010705838	0.13178851551298948	False	0.0241905925473427	False	False	Ecoli	False	True	False	False	umpire	manual	min	1.660964047443681
P64476	P64476		ydiH		1569860.0	1701350.0	1578790.0	1323540.0	1722060.0	1602050.0	0	0.1452236522275026	-0.16827417579088993	False	0.02422113622480147	False	False	Ecoli	False	True	False	False	umpire	manual	min	1.660964047443681
P0A7F6	P0A7F6		speD		1760540.0	1635100.0	1810520.0	1837220.0	1636540.0	1792230.0	0	0.14579159708797643	0.09492947715490122	False	0.024251679902260233	False	False	Ecoli	False	True	False	False	umpire	manual	min	1.660964047443681
P0A7I7	P0A7I7		ribA		8928620.0	7878520.0	8303840.0	8736270.0	8252280.0	8470030.0	0	0.14607202574707542	0.07806846974221708	False	0.024282223579718997	False	False	Ecoli	False	True	False	False	umpire	manual	min	1.660964047443681
P0ABD3	P0ABD3		bfr		6540090.0	6913140.0	6610810.0	6512930.0	6599650.0	6753730.0	0	0.14685557073258876	-0.04355403402933311	False	0.024312767257177768	False	False	Ecoli	False	True	False	False	umpire	manual	min	1.660964047443681
P0ACP7	P0ACP7		purR		5503050.0	4931570.0	5236940.0	5533490.0	5273520.0	5269170.0	0	0.1471832936839877	0.07265237745154621	False	0.02434331093463653	False	False	Ecoli	False	True	False	False	umpire	manual	min	1.660964047443681
P29018	P29018		cydD		644361.0	531535.0	669065.0	690095.0	646896.0	603726.0	0	0.14772187528644434	0.16891319413450434	False	0.0243738546120953	False	False	Ecoli	False	True	False	False	umpire	manual	min	1.660964047443681
P22106	P22106		asnB		2149300.0	1933500.0	2141070.0	2054570.0	2000400.0	1615590.0	0	0.14808004587230073	0.1932513281010852	False	0.024404398289554066	False	False	Ecoli	False	True	False	False	umpire	manual	min	1.660964047443681
P25888	P25888		rhlE		2548220.0	2445090.0	2448490.0	2589810.0	2454120.0	2410030.0	0	0.14872037171717467	0.05371685566537595	False	0.02443494196701283	False	False	Ecoli	False	True	False	False	umpire	manual	min	1.660964047443681
P0AAZ7	P0AAZ7		ycaR		5525120.0	5467830.0	5229950.0	5176120.0	5480400.0	5771110.0	0	0.14882905645590452	-0.06966386302235401	False	0.024465485644471596	False	False	Ecoli	False	True	False	False	umpire	manual	min	1.660964047443681
P0AD57	P0AD57		ispB		889695.0	966161.0	761088.0	754530.0	969756.0	821797.0	0	0.14885271350531257	-0.19724820193572468	False	0.02449602932193036	False	False	Ecoli	False	True	False	False	umpire	manual	min	1.660964047443681
P04846	P04846		nlpA		3185140.0	3320130.0	2992170.0	3288510.0	3255740.0	3521370.0	0	0.14971721478894004	-0.0931616042127687	False	0.02452657299938913	False	False	Ecoli	False	True	False	False	umpire	manual	min	1.660964047443681
P32662	P32662		gph		951047.0	1030950.0	870713.0	764642.0	933049.0	973276.0	0	0.15015535189395912	-0.1835318149672658	False	0.024557116676847894	False	False	Ecoli	False	True	False	False	umpire	manual	min	1.660964047443681
P0AFR2	P0AFR2		dauA		1044650.0	1119990.0	1055020.0	1102150.0	1108300.0	1088360.0	0	0.15052084655569847	-0.050834570526527796	False	0.024587660354306658	False	False	Ecoli	False	True	False	False	umpire	manual	min	1.660964047443681
P39406	P39406		rsmC		10413200.0	10826200.0	10586000.0	10347600.0	10564200.0	10562800.0	0	0.1506241902472033	-0.02764224444136585	False	0.024618204031765428	False	False	Ecoli	False	True	False	False	umpire	manual	min	1.660964047443681
P31697	P31697		fimC		4445790.0	4368890.0	4606880.0	4447970.0	4457710.0	4277390.0	0	0.15077412530578688	0.04302163895313888	False	0.024648747709224192	False	False	Ecoli	False	True	False	False	umpire	manual	min	1.660964047443681
P0A8J4	P0A8J4		ybeD		11849500.0	11921600.0	12950800.0	12893300.0	11589600.0	11817700.0	0	0.15083931086753466	0.09347075875534668	False	0.02467929138668296	False	False	Ecoli	False	True	False	False	umpire	manual	min	1.660964047443681
P0A8X2	P0A8X2		yceI		1188790.0	992239.0	1024900.0	1165420.0	993581.0	1061750.0	0	0.15087987803604974	0.148983956585063	False	0.024709835064141726	False	False	Ecoli	False	True	False	False	umpire	manual	min	1.660964047443681
P06710	P06710		dnaX		1060210.0	987286.0	900303.0	1090540.0	819823.0	738762.0	0	0.15092532380496895	0.2611479219371227	False	0.02474037874160049	False	False	Ecoli	False	True	False	False	umpire	manual	min	1.660964047443681
P0AG55	P0AG55		rplF		192238000.0	189213000.0	190152000.0	191932000.0	190902000.0	187159000.0	0	0.15186779393035205	0.017814084562850056	False	0.024770922419059257	False	False	Ecoli	False	True	False	False	umpire	manual	min	1.660964047443681
P30852	P30852		smf		1906020.0	1975230.0	1622270.0	1819880.0	1940990.0	1992810.0	0	0.15204382134853833	-0.14387599896553832	False	0.02480146609651802	False	False	Ecoli	False	True	False	False	umpire	manual	min	1.660964047443681
P0AG86	P0AG86		secB		23839300.0	23526500.0	23623900.0	23940500.0	22389300.0	23241900.0	0	0.15215741494652332	0.046108944222698886	False	0.02483200977397679	False	False	Ecoli	False	True	False	False	umpire	manual	min	1.660964047443681
P07014	P07014		sdhB		1652700.0	1620650.0	1639880.0	1688670.0	1616590.0	1647760.0	0	0.152299507376304	0.02814925690944908	False	0.024862553451435555	False	False	Ecoli	False	True	False	False	umpire	manual	min	1.660964047443681
P0A9P4	P0A9P4		trxB		10680500.0	10954500.0	10670800.0	10923400.0	10824400.0	11090800.0	0	0.1541304290131249	-0.026354603631042774	False	0.02489309712889432	False	False	Ecoli	False	True	False	False	umpire	manual	min	1.660964047443681
P0AEG6	P0AEG6		dsbC		2327730.0	1927760.0	2386070.0	2440950.0	2062730.0	2350210.0	0	0.15413458446859069	0.17425923777169128	False	0.02492364080635309	False	False	Ecoli	False	True	False	False	umpire	manual	min	1.660964047443681
P0C0T5	P0C0T5		mepA		3687630.0	5306660.0	185369.0	3422350.0	4374720.0	4993990.0	1	0.15413636974256836	-1.0083479759111271	False	0.024954184483811852	False	False	Ecoli	False	True	False	False	umpire	manual	min	1.660964047443681
P08337	P08337		mutT		1168990.0	1140520.0	1247440.0	1267730.0	1193330.0	1157750.0	0	0.15462653290408698	0.07744742549589319	False	0.02498472816127062	False	False	Ecoli	False	True	False	False	umpire	manual	min	1.660964047443681
P25437	P25437		frmA		7146370.0	7158890.0	7108600.0	7164910.0	7326110.0	7396720.0	0	0.15471827434548263	-0.03077574706020319	False	0.025015271838729383	False	False	Ecoli	False	True	False	False	umpire	manual	min	1.660964047443681
P46887	P46887		yecH		196248.0	211245.0	241898.0	226563.0	168132.0	123152.0	0	0.1556723830392635	0.40351603387029683	False	0.02504581551618815	False	False	Ecoli	False	True	False	False	umpire	manual	min	1.660964047443681
P77285	P77285		rnfG		2104910.0	2083290.0	1955560.0	1926000.0	2069440.0	2211790.0	0	0.15580171571980836	-0.08834616310172488	False	0.025076359193646917	False	False	Ecoli	False	True	False	False	umpire	manual	min	1.660964047443681
P76558	P76558		maeB		2582980.0	2505610.0	2541860.0	2634110.0	2560350.0	2521400.0	0	0.1560393278479885	0.032263437800506806	False	0.02510690287110568	False	False	Ecoli	False	True	False	False	umpire	manual	min	1.660964047443681
P0AGM5	P0AGM5		sirB1		435847.0	270768.0	396276.0	350713.0	342681.0	368404.0	0	0.15634875142435306	0.2686711081614144	False	0.02513744654856445	False	False	Ecoli	False	True	False	False	umpire	manual	min	1.660964047443681
P12281	P12281		moeA		6289860.0	6178920.0	6208420.0	6179370.0	6009850.0	5815940.0	0	0.15677800331718325	0.05293858589348101	False	0.025167990226023215	False	False	Ecoli	False	True	False	False	umpire	manual	min	1.660964047443681
P69874	P69874		potA		4180280.0	4282550.0	4142620.0	4027120.0	4273480.0	4136910.0	0	0.15785668190372046	-0.03951289371469306	False	0.02519853390348198	False	False	Ecoli	False	True	False	False	umpire	manual	min	1.660964047443681
P0AB80	P0AB80		ilvE		6928130.0	7093500.0	6712260.0	6899060.0	6942430.0	6948420.0	0	0.15790630773351658	-0.030916225701834586	False	0.02522907758094075	False	False	Ecoli	False	True	False	False	umpire	manual	min	1.660964047443681
P26647	P26647		plsC		1050100.0	1106870.0	1063890.0	1076590.0	1267810.0	1138280.0	0	0.15796247560683827	-0.13886844120165787	False	0.025259621258399513	False	False	Ecoli	False	True	False	False	umpire	manual	min	1.660964047443681
P0A7P5	P0A7P5		rpmH		27004400.0	28769700.0	25121600.0	24833800.0	26818900.0	26487100.0	0	0.15860349064274532	-0.09285009928550554	False	0.02529016493585828	False	False	Ecoli	False	True	False	False	umpire	manual	min	1.660964047443681
P0AEM6	P0AEM6		fliA		2525350.0	2567960.0	2298330.0	2525810.0	2569330.0	2689860.0	0	0.15909868599488639	-0.09084295193527789	False	0.025320708613317044	False	False	Ecoli	False	True	False	False	umpire	manual	min	1.660964047443681
P0A9I8	P0A9I8		nirD		3142780.0	2895580.0	2955790.0	2759980.0	2589070.0	2603040.0	0	0.16040372906889674	0.13134287247541823	False	0.02535125229077581	False	False	Ecoli	False	True	False	False	umpire	manual	min	1.660964047443681
P0A8P3	P0A8P3		yggX		20604800.0	20837200.0	20896200.0	20550200.0	21747800.0	21143800.0	0	0.16057155125379616	-0.03848638464420868	False	0.025381795968234578	False	False	Ecoli	False	True	False	False	umpire	manual	min	1.660964047443681
P0AGA2	P0AGA2		secY		3800820.0	3613880.0	3968020.0	3775770.0	3576930.0	3831340.0	0	0.1607021719738688	0.06681377081727573	False	0.02541233964569334	False	False	Ecoli	False	True	False	False	umpire	manual	min	1.660964047443681
P06983	P06983		hemC		11560400.0	10948900.0	10816700.0	11335500.0	10842300.0	10543700.0	0	0.161909008303977	0.06019574719595104	False	0.025442883323152112	False	False	Ecoli	False	True	False	False	umpire	manual	min	1.660964047443681
P77338	P77338		kefA		1337710.0	1417970.0	1509540.0	1514270.0	1214580.0	1304630.0	0	0.16230085773110703	0.14766833411683675	False	0.025473427000610876	False	False	Ecoli	False	True	False	False	umpire	manual	min	1.660964047443681
P03817	P03817		mioC		9198130.0	9016210.0	9086910.0	9126710.0	8295360.0	8747840.0	0	0.1625205772973987	0.07299001370634799	False	0.02550397067806964	False	False	Ecoli	False	True	False	False	umpire	manual	min	1.660964047443681
P15005	P15005		mcrB		681811.0	659484.0	631039.0	725239.0	606413.0	596480.0	0	0.16273232835035673	0.13007190654195638	False	0.025534514355528407	False	False	Ecoli	False	True	False	False	umpire	manual	min	1.660964047443681
P0A8N0	P0A8N0		matP		360377.0	468022.0	439391.0	424443.0	429573.0	478502.0	0	0.1641113069756717	-0.16872993159081312	False	0.025565058032987174	False	False	Ecoli	False	True	False	False	umpire	manual	min	1.660964047443681
P45748	P45748		rimN		4433350.0	4060980.0	4104840.0	4342500.0	4054950.0	4155650.0	0	0.1646775860712258	0.06988886666441577	False	0.02559560171044594	False	False	Ecoli	False	True	False	False	umpire	manual	min	1.660964047443681
P0A6L7	P0A6L7		uxaB		1323130.0	1432550.0	1379540.0	1371630.0	1377880.0	1520900.0	0	0.16494670028757485	-0.08825788104419018	False	0.025626145387904704	False	False	Ecoli	False	True	False	False	umpire	manual	min	1.660964047443681
P0AC38	P0AC38		aspA		133328000.0	130691000.0	130393000.0	133605000.0	129116000.0	131119000.0	0	0.16496178864603323	0.023427663135232337	False	0.02565668906536347	False	False	Ecoli	False	True	False	False	umpire	manual	min	1.660964047443681
P0A8D3	P0A8D3		yaiI		1808160.0	1757800.0	1924280.0	1828450.0	1833740.0	1720310.0	0	0.16545951645858434	0.06610139210860029	False	0.02568723274282224	False	False	Ecoli	False	True	False	False	umpire	manual	min	1.660964047443681
P64545	P64545		yfgG		596470.0	694674.0	612880.0	562662.0	608243.0	629890.0	0	0.1656898715390471	-0.1253092109548615	False	0.025717776420281002	False	False	Ecoli	False	True	False	False	umpire	manual	min	1.660964047443681
P76116	P76116		yncE		4423670.0	4432340.0	4563240.0	4390440.0	4308810.0	4208000.0	0	0.16632726696447508	0.04693495157992885	False	0.025748320097739773	False	False	Ecoli	False	True	False	False	umpire	manual	min	1.660964047443681
P75915	P75915		ycdY		8921270.0	9461010.0	8751110.0	8564070.0	9061170.0	8838700.0	0	0.16640051530756322	-0.06054210688215389	False	0.025778863775198536	False	False	Ecoli	False	True	False	False	umpire	manual	min	1.660964047443681
P0A6C1	P0A6C1		nfo		2077780.0	1970690.0	2048080.0	2204960.0	2046380.0	2018790.0	0	0.16656851827076652	0.06883303358973254	False	0.0258094074526573	False	False	Ecoli	False	True	False	False	umpire	manual	min	1.660964047443681
P05719	P05719		hsdS		1117280.0	854217.0	1089890.0	957649.0	1035290.0	904985.0	0	0.1669195498447742	0.1795369475632317	False	0.025839951130116067	False	False	Ecoli	False	True	False	False	umpire	manual	min	1.660964047443681
P77279	P77279		ybbL		2212200.0	2070930.0	2185770.0	2399350.0	2075070.0	2221960.0	0	0.16813645016004397	0.09413476901428264	False	0.025870494807574834	False	False	Ecoli	False	True	False	False	umpire	manual	min	1.660964047443681
P46889	P46889		ftsK		703818.0	848153.0	696830.0	838634.0	804638.0	866709.0	0	0.16986010008210242	-0.17010123343956743	False	0.0259010384850336	False	False	Ecoli	False	True	False	False	umpire	manual	min	1.660964047443681
P0A7A9	P0A7A9		ppa		88971100.0	84868000.0	83239900.0	85394100.0	81796600.0	79568100.0	0	0.17078691303298332	0.06513878965389779	False	0.025931582162492365	False	False	Ecoli	False	True	False	False	umpire	manual	min	1.660964047443681
P62768	P62768		yaeH		5432140.0	5388330.0	5329960.0	5391080.0	5523630.0	5507710.0	0	0.17138613718281767	-0.023606922928811922	False	0.02596212583995113	False	False	Ecoli	False	True	False	False	umpire	manual	min	1.660964047443681
P0A8T1	P0A8T1		prmA		8067910.0	7964090.0	8216240.0	7980720.0	7919010.0	7500740.0	0	0.17441984198227065	0.053357267935389696	False	0.0259926695174099	False	False	Ecoli	False	True	False	False	umpire	manual	min	1.660964047443681
P0AEB2	P0AEB2		dacA		7508230.0	7409230.0	7790250.0	7434160.0	7363040.0	7304880.0	0	0.17458786199335863	0.04221129510756091	False	0.026023213194868663	False	False	Ecoli	False	True	False	False	umpire	manual	min	1.660964047443681
P31057	P31057		panB		5611990.0	5290500.0	5483890.0	6032560.0	5317890.0	5533440.0	0	0.175380831494106	0.0855896153625435	False	0.026053756872327433	False	False	Ecoli	False	True	False	False	umpire	manual	min	1.660964047443681
P30014	P30014		rnt		5323730.0	5086930.0	5390370.0	5199800.0	5248040.0	5211990.0	0	0.17572665075904736	0.03365493028595215	False	0.026084300549786197	False	False	Ecoli	False	True	False	False	umpire	manual	min	1.660964047443681
Q46829	Q46829		bglA		11535900.0	11734400.0	10985400.0	11162700.0	11527500.0	11399400.0	0	0.17593368729810585	-0.041262295269176734	False	0.02611484422724496	False	False	Ecoli	False	True	False	False	umpire	manual	min	1.660964047443681
P0A6Q3	P0A6Q3		fabA		13607500.0	13461500.0	13749000.0	13402200.0	13069900.0	12424200.0	0	0.17665293300345633	0.06527730192025405	False	0.026145387904703728	False	False	Ecoli	False	True	False	False	umpire	manual	min	1.660964047443681
P0A959	P0A959		alaA		1938880.0	1869960.0	1922830.0	2013370.0	1948810.0	1811320.0	0	0.1766700164526817	0.06145051201123467	False	0.026175931582162495	False	False	Ecoli	False	True	False	False	umpire	manual	min	1.660964047443681
P02359	P02359		rpsG		132451000.0	129922000.0	129681000.0	129004000.0	127583000.0	126132000.0	0	0.17705471468850498	0.027928458976245494	False	0.026206475259621262	False	False	Ecoli	False	True	False	False	umpire	manual	min	1.660964047443681
P0A698	P0A698		uvrA		5858350.0	6134450.0	6049480.0	6052660.0	6064570.0	6141720.0	0	0.17766436563813107	-0.030225138633251013	False	0.026237018937080026	False	False	Ecoli	False	True	False	False	umpire	manual	min	1.660964047443681
P09126	P09126		hemD		1434190.0	1416730.0	1404130.0	1412150.0	1358780.0	1343960.0	0	0.17828580236563957	0.04516364146803647	False	0.02626756261453879	False	False	Ecoli	False	True	False	False	umpire	manual	min	1.660964047443681
P77625	P77625		yfbT		8034370.0	7752110.0	8028810.0	7878020.0	7962040.0	7836270.0	0	0.17941644966207057	0.02374267680824117	False	0.02629810629199756	False	False	Ecoli	False	True	False	False	umpire	manual	min	1.660964047443681
P0AB55	P0AB55		yciI		3786270.0	3382120.0	4005200.0	3913870.0	3806530.0	3741200.0	0	0.17950323656050454	0.09889323863834815	False	0.026328649969456323	False	False	Ecoli	False	True	False	False	umpire	manual	min	1.660964047443681
P37128	P37128		nudK		4035370.0	4523040.0	4512080.0	4233210.0	4566070.0	4529920.0	0	0.17958886441792096	-0.09166161294858088	False	0.02635919364691509	False	False	Ecoli	False	True	False	False	umpire	manual	min	1.660964047443681
P18196	P18196		minC		2375110.0	2401030.0	2423390.0	2394340.0	2584960.0	2639400.0	0	0.1796714652731222	-0.08424961332116715	False	0.026389737324373858	False	False	Ecoli	False	True	False	False	umpire	manual	min	1.660964047443681
P07821	P07821		fhuC		584246.0	550214.0	518745.0	555500.0	46548.8	62818.4	2	0.17996780833490222	1.3302489997585676	False	0.02642028100183262	False	False	Ecoli	False	True	False	False	umpire	manual	min	1.660964047443681
P06987	P06987		hisB		1282050.0	1329350.0	1368070.0	1355360.0	1169640.0	1078610.0	0	0.18202848995714818	0.16298304625040635	False	0.02645082467929139	False	False	Ecoli	False	True	False	False	umpire	manual	min	1.660964047443681
P75874	P75874		yccU		2822770.0	2960380.0	2707240.0	2849380.0	2898450.0	2814500.0	0	0.18212707944011805	-0.04974077884416836	False	0.026481368356750152	False	False	Ecoli	False	True	False	False	umpire	manual	min	1.660964047443681
P30870	P30870		glnE		540461.0	481367.0	364903.0	388880.0	556494.0	577403.0	0	0.18263745415208352	-0.3196603493776262	False	0.026511912034208922	False	False	Ecoli	False	True	False	False	umpire	manual	min	1.660964047443681
P09831	P09831		gltB		2491890.0	2510960.0	2539790.0	2535970.0	2471080.0	2491420.0	0	0.18299273801977203	0.01806904174076301	False	0.026542455711667686	False	False	Ecoli	False	True	False	False	umpire	manual	min	1.660964047443681
P0AGG0	P0AGG0		thiL		3709850.0	3427260.0	3314650.0	3613590.0	3227280.0	3292670.0	0	0.18356094230298844	0.0968753081077571	False	0.02657299938912645	False	False	Ecoli	False	True	False	False	umpire	manual	min	1.660964047443681
P46837	P46837		yhgF		7221310.0	7098730.0	7232620.0	7194230.0	6896660.0	7168310.0	0	0.18380596676572025	0.03265253483191289	False	0.02660354306658522	False	False	Ecoli	False	True	False	False	umpire	manual	min	1.660964047443681
P0ABQ0	P0ABQ0		coaBC		735143.0	729257.0	788989.0	752278.0	734264.0	646113.0	0	0.18396397600225778	0.10976769443155222	False	0.026634086744043984	False	False	Ecoli	False	True	False	False	umpire	manual	min	1.660964047443681
P28629	P28629		adiA		1860690.0	1849230.0	1966310.0	1982660.0	1884980.0	1852660.0	0	0.18429813068172943	0.056413484105259204	False	0.02666463042150275	False	False	Ecoli	False	True	False	False	umpire	manual	min	1.660964047443681
P0A6H8	P0A6H8		cls		216423.0	326707.0	205393.0	172947.0	267289.0	204483.0	0	0.18537304550975353	-0.42493956462810595	False	0.026695174098961518	False	False	Ecoli	False	True	False	False	umpire	manual	min	1.660964047443681
P26646	P26646		acuI		6068260.0	5925830.0	6442220.0	6058160.0	5934510.0	5957240.0	0	0.185466399961696	0.05956675160246143	False	0.026725717776420282	False	False	Ecoli	False	True	False	False	umpire	manual	min	1.660964047443681
P76227	P76227		ynjH		3430020.0	3578840.0	3396610.0	3444070.0	3434680.0	3498320.0	0	0.18561795031899453	-0.03348070982760882	False	0.02675626145387905	False	False	Ecoli	False	True	False	False	umpire	manual	min	1.660964047443681
P07862	P07862		ddlB		5979320.0	5463590.0	5632350.0	5702300.0	5474270.0	5722110.0	0	0.18639388888694816	0.05555076202189644	False	0.026786805131337812	False	False	Ecoli	False	True	False	False	umpire	manual	min	1.660964047443681
P0A962	P0A962		ansA		1642500.0	1541120.0	1633380.0	1734440.0	1615380.0	1293090.0	0	0.18716004466395442	0.17123034117317376	False	0.026817348808796583	False	False	Ecoli	False	True	False	False	umpire	manual	min	1.660964047443681
P52647	P52647		ydbK		1811900.0	1956240.0	1918890.0	1891180.0	1959540.0	1894750.0	0	0.1877591792277869	-0.04759400798091293	False	0.026847892486255347	False	False	Ecoli	False	True	False	False	umpire	manual	min	1.660964047443681
P08189	P08189		fimF		734095.0	576888.0	769742.0	682685.0	733776.0	568199.0	0	0.18802012051462474	0.2187779899645281	False	0.02687843616371411	False	False	Ecoli	False	True	False	False	umpire	manual	min	1.660964047443681
P0A7C6	P0A7C6		pepE		4859550.0	4885090.0	4723310.0	4865330.0	4908330.0	5159900.0	0	0.1881076526378967	-0.04957706317957083	False	0.02690897984117288	False	False	Ecoli	False	True	False	False	umpire	manual	min	1.660964047443681
P76270	P76270		msrC		3240600.0	2839260.0	3028370.0	2969060.0	2973700.0	2954400.0	0	0.18928725893297188	0.07544274302064283	False	0.026939523518631645	False	False	Ecoli	False	True	False	False	umpire	manual	min	1.660964047443681
P0ACC3	P0ACC3		erpA		6940460.0	6562540.0	6723770.0	6856350.0	6845560.0	6535250.0	0	0.1896696147822658	0.041163740365569	False	0.02697006719609041	False	False	Ecoli	False	True	False	False	umpire	manual	min	1.660964047443681
P63020	P63020		nfuA		8638790.0	8120960.0	8738510.0	8595350.0	8638870.0	8354980.0	0	0.18984539258251718	0.048454859593787244	False	0.02700061087354918	False	False	Ecoli	False	True	False	False	umpire	manual	min	1.660964047443681
P0AGI8	P0AGI8		trkA		443363.0	393834.0	371568.0	477352.0	390361.0	319865.0	0	0.1910510522657552	0.22710346638200138	False	0.027031154551007942	False	False	Ecoli	False	True	False	False	umpire	manual	min	1.660964047443681
P33643	P33643		rluD		2437820.0	2475340.0	2547870.0	2630580.0	2464330.0	2337470.0	0	0.19138864198085664	0.06571305769056342	False	0.02706169822846671	False	False	Ecoli	False	True	False	False	umpire	manual	min	1.660964047443681
P0A8F0	P0A8F0		upp		27681500.0	28486000.0	28283500.0	28840000.0	29752400.0	28919900.0	0	0.192502485738298	-0.03948873048938149	False	0.027092241905925473	False	False	Ecoli	False	True	False	False	umpire	manual	min	1.660964047443681
P63224	P63224		gmhA		22622900.0	22584400.0	23570000.0	23387900.0	22546400.0	22803900.0	0	0.1929542190380961	0.034540597156379305	False	0.027122785583384244	False	False	Ecoli	False	True	False	False	umpire	manual	min	1.660964047443681
P0AG78	P0AG78		sbp		668732.0	679859.0	795174.0	926360.0	671964.0	616599.0	0	0.19330347279802707	0.2801316311021834	False	0.027153329260843007	False	False	Ecoli	False	True	False	False	umpire	manual	min	1.660964047443681
P0AFX0	P0AFX0		hpf		1349890.0	1325380.0	1249930.0	1114580.0	1324980.0	1456820.0	0	0.19370557137629343	-0.14501898979180355	False	0.02718387293830177	False	False	Ecoli	False	True	False	False	umpire	manual	min	1.660964047443681
P0AC33	P0AC33		fumA		6698300.0	7103290.0	7059930.0	6667050.0	6859720.0	7310790.0	0	0.193927955306346	-0.0587218998179106	False	0.02721441661576054	False	False	Ecoli	False	True	False	False	umpire	manual	min	1.660964047443681
P00957	P00957		alaS		14200600.0	14267400.0	13786000.0	14290700.0	14390000.0	14491100.0	0	0.19404169989489237	-0.029427163608111737	False	0.027244960293219305	False	False	Ecoli	False	True	False	False	umpire	manual	min	1.660964047443681
P15067	P15067		glgX		1747950.0	1888750.0	1906160.0	1626030.0	1966850.0	1878310.0	0	0.19540949382982678	-0.1189430777225561	False	0.027275503970678072	False	False	Ecoli	False	True	False	False	umpire	manual	min	1.660964047443681
P69783	P69783		crr		240253000.0	230172000.0	237278000.0	241894000.0	240226000.0	231228000.0	0	0.19552949630514632	0.036142083554155595	False	0.027306047648136836	False	False	Ecoli	False	True	False	False	umpire	manual	min	1.660964047443681
P37329	P37329		modA		4198790.0	3968230.0	4096790.0	4120000.0	3785740.0	4120660.0	0	0.19641537546363225	0.06426909790295991	False	0.027336591325595603	False	False	Ecoli	False	True	False	False	umpire	manual	min	1.660964047443681
P25745	P25745		mnmA		3940140.0	3664250.0	3940160.0	4040900.0	3697140.0	3987340.0	0	0.1968286611117453	0.07099860707467069	False	0.02736713500305437	False	False	Ecoli	False	True	False	False	umpire	manual	min	1.660964047443681
P45799	P45799		nudE		1982170.0	1808620.0	2014330.0	1917190.0	1977820.0	1830020.0	0	0.19742603113544846	0.07439751803141595	False	0.027397678680513134	False	False	Ecoli	False	True	False	False	umpire	manual	min	1.660964047443681
P0ABP8	P0ABP8		deoD		50281600.0	50392900.0	51629300.0	50363700.0	49867700.0	49577000.0	0	0.19792764500044427	0.023275617967503368	False	0.027428222357971904	False	False	Ecoli	False	True	False	False	umpire	manual	min	1.660964047443681
P39286	P39286		rsgA		2166410.0	1968880.0	2146070.0	2122520.0	2124810.0	2082790.0	0	0.19972431145535186	0.05915527363942559	False	0.027458766035430668	False	False	Ecoli	False	True	False	False	umpire	manual	min	1.660964047443681
P0C0L9	P0C0L9		iscX		1586600.0	1664130.0	1556280.0	1618720.0	1642790.0	1588530.0	0	0.2000087210332136	-0.03999504991063113	False	0.02748930971288943	False	False	Ecoli	False	True	False	False	umpire	manual	min	1.660964047443681
P27238	P27238		yfeD		935894.0	1108100.0	957878.0	1003400.0	1039930.0	969561.0	0	0.20062205839667596	-0.1057863343745546	False	0.027519853390348202	False	False	Ecoli	False	True	False	False	umpire	manual	min	1.660964047443681
P0AGE6	P0AGE6		yieF		8676840.0	8770300.0	8250090.0	8391620.0	8581030.0	8655300.0	0	0.2012745243662894	-0.038684679982842904	False	0.027550397067806966	False	False	Ecoli	False	True	False	False	umpire	manual	min	1.660964047443681
P0A6U5	P0A6U5		rsmG		5495090.0	5426570.0	5718920.0	5761670.0	5593340.0	5496490.0	0	0.2018670626547946	0.03957010235639642	False	0.027580940745265733	False	False	Ecoli	False	True	False	False	umpire	manual	min	1.660964047443681
P61320	P61320		lolB		2940450.0	3200270.0	3204570.0	3025420.0	3231910.0	3167880.0	0	0.20245863993758115	-0.06605246630048547	False	0.027611484422724496	False	False	Ecoli	False	True	False	False	umpire	manual	min	1.660964047443681
P0AED7	P0AED7		dapE		4283860.0	4179600.0	4211160.0	4285700.0	4160400.0	4260140.0	0	0.20261633792605946	0.02052934900827237	False	0.027642028100183264	False	False	Ecoli	False	True	False	False	umpire	manual	min	1.660964047443681
P37665	P37665		yiaD		5867400.0	5786040.0	5734790.0	5947550.0	5758010.0	5520160.0	0	0.20324564867664746	0.04047603174397028	False	0.02767257177764203	False	False	Ecoli	False	True	False	False	umpire	manual	min	1.660964047443681
P0AAT4	P0AAT4		mscM		1963580.0	1924070.0	1950390.0	1928960.0	1842470.0	1926210.0	0	0.20347045349476078	0.03756626104383869	False	0.027703115455100794	False	False	Ecoli	False	True	False	False	umpire	manual	min	1.660964047443681
P0A805	P0A805		frr		28642800.0	29709600.0	27801400.0	29817700.0	29297700.0	30490100.0	0	0.20414038729448059	-0.05312227792794332	False	0.027733659132559565	False	False	Ecoli	False	True	False	False	umpire	manual	min	1.660964047443681
P76223	P76223		ynjB		2030510.0	2004660.0	1980710.0	2048050.0	1891210.0	1975480.0	0	0.20433955481967384	0.0454517327636403	False	0.02776420281001833	False	False	Ecoli	False	True	False	False	umpire	manual	min	1.660964047443681
P0ADC3	P0ADC3		lolC		1958780.0	2095590.0	1925530.0	1905400.0	1959410.0	2325450.0	0	0.20450174450404304	-0.1401670908211577	False	0.027794746487477092	False	False	Ecoli	False	True	False	False	umpire	manual	min	1.660964047443681
P0AES9	P0AES9		hdeA		6182920.0	6373740.0	6126700.0	6525080.0	6498660.0	6659450.0	0	0.2053843285868444	-0.0524355494201235	False	0.02782529016493586	False	False	Ecoli	False	True	False	False	umpire	manual	min	1.660964047443681
P29208	P29208		menC		2974210.0	2645480.0	2869220.0	3011930.0	2930390.0	2826640.0	0	0.2055495112734868	0.07573060403242718	False	0.027855833842394626	False	False	Ecoli	False	True	False	False	umpire	manual	min	1.660964047443681
P0A6F5	P0A6F5		groL		81205100.0	79575900.0	79790700.0	82753100.0	79789200.0	79662600.0	0	0.20664875690986606	0.02821789195506421	False	0.027886377519853393	False	False	Ecoli	False	True	False	False	umpire	manual	min	1.660964047443681
P0A7W7	P0A7W7		rpsH		59908000.0	60173200.0	60628700.0	59807400.0	58417700.0	57347900.0	0	0.21020141330652617	0.03567854857791469	False	0.027916921197312157	False	False	Ecoli	False	True	False	False	umpire	manual	min	1.660964047443681
P07913	P07913		tdh		4118510.0	4146860.0	4034670.0	4246210.0	4291390.0	4333320.0	0	0.21203193159245776	-0.042666737837541706	False	0.027947464874770924	False	False	Ecoli	False	True	False	False	umpire	manual	min	1.660964047443681
P16431	P16431		hycE		3232600.0	3037330.0	3030740.0	3163870.0	3054890.0	3016890.0	0	0.21242510160276296	0.04952076255954763	False	0.02797800855222969	False	False	Ecoli	False	True	False	False	umpire	manual	min	1.660964047443681
P30871	P30871		ygiF		3361520.0	3394210.0	3316270.0	3329450.0	3599800.0	3386480.0	0	0.2136875901732115	-0.05283041291058803	False	0.028008552229688455	False	False	Ecoli	False	True	False	False	umpire	manual	min	1.660964047443681
P0C0V0	P0C0V0		degP		13400700.0	13356000.0	13135800.0	13551400.0	12980800.0	12976400.0	0	0.21390964158050757	0.028153043604686654	False	0.028039095907147225	False	False	Ecoli	False	True	False	False	umpire	manual	min	1.660964047443681
P0A7E1	P0A7E1		pyrD		6921930.0	7025180.0	7004920.0	6936390.0	6988390.0	7208940.0	0	0.21443659604307802	-0.02463207325417609	False	0.02806963958460599	False	False	Ecoli	False	True	False	False	umpire	manual	min	1.660964047443681
P0A8W8	P0A8W8		yfbU		17128200.0	17755000.0	17870400.0	17110500.0	17712900.0	17960200.0	0	0.21531421838384585	-0.036063375682893584	False	0.028100183262064753	False	False	Ecoli	False	True	False	False	umpire	manual	min	1.660964047443681
P0A9K3	P0A9K3		ybeZ		5631580.0	5820040.0	5760520.0	5782960.0	5743380.0	5896310.0	0	0.21611547391425526	-0.023716110060478697	False	0.02813072693952352	False	False	Ecoli	False	True	False	False	umpire	manual	min	1.660964047443681
P0ABC7	P0ABC7		hflK		13367900.0	13553800.0	13559600.0	13568100.0	13684900.0	13605000.0	0	0.21663175092226777	-0.0123484025486592	False	0.028161270616982287	False	False	Ecoli	False	True	False	False	umpire	manual	min	1.660964047443681
P42641	P42641		obgE		7974180.0	7454910.0	7638220.0	7648850.0	7403070.0	7737920.0	0	0.21755913743168526	0.041867604595433656	False	0.028191814294441054	False	False	Ecoli	False	True	False	False	umpire	manual	min	1.660964047443681
P69428	P69428		tatA		24790000.0	27389000.0	25625800.0	24560700.0	24814800.0	26878000.0	0	0.21757767552340854	-0.07690722864474248	False	0.028222357971899818	False	False	Ecoli	False	True	False	False	umpire	manual	min	1.660964047443681
P0AFF6	P0AFF6		nusA		23411500.0	23550600.0	24216400.0	23713600.0	23144000.0	23414700.0	0	0.2176939140669757	0.025135719241175348	False	0.02825290164935858	False	False	Ecoli	False	True	False	False	umpire	manual	min	1.660964047443681
P0A935	P0A935		mltA		5385240.0	5534060.0	5517760.0	5360150.0	5513290.0	5469940.0	0	0.21878451991716114	-0.022370283243244776	False	0.028283445326817352	False	False	Ecoli	False	True	False	False	umpire	manual	min	1.660964047443681
Q47147	Q47147		yafJ		1104860.0	915788.0	1068390.0	1149610.0	1090610.0	1044310.0	0	0.2189008147267137	0.1232814118675881	False	0.028313989004276115	False	False	Ecoli	False	True	False	False	umpire	manual	min	1.660964047443681
P0AAN1	P0AAN1		hybE		1037150.0	990586.0	1049280.0	1002680.0	1029090.0	956218.0	0	0.2197920220026888	0.053868105537370474	False	0.028344532681734886	False	False	Ecoli	False	True	False	False	umpire	manual	min	1.660964047443681
P0AFZ3	P0AFZ3		sspB		8186880.0	8059520.0	7686430.0	7603240.0	8172760.0	8194720.0	0	0.22033609236168028	-0.05725627745781055	False	0.02837507635919365	False	False	Ecoli	False	True	False	False	umpire	manual	min	1.660964047443681
P0A7B5	P0A7B5		proB		3621570.0	3596330.0	3625530.0	3606130.0	3582900.0	3618880.0	0	0.22037091628174693	0.007345644421989391	False	0.028405620036652413	False	False	Ecoli	False	True	False	False	umpire	manual	min	1.660964047443681
P39160	P39160		uxuB		1363930.0	1345810.0	1210890.0	1300720.0	1339610.0	1425830.0	0	0.2210356860941263	-0.08517976014617447	False	0.02843616371411118	False	False	Ecoli	False	True	False	False	umpire	manual	min	1.660964047443681
P27303	P27303		emrA		1442530.0	1448950.0	1301460.0	1399570.0	1499460.0	1414220.0	0	0.22260471821079478	-0.07432730918143965	False	0.028466707391569947	False	False	Ecoli	False	True	False	False	umpire	manual	min	1.660964047443681
P09053	P09053		avtA		459746.0	484010.0	507837.0	481746.0	435511.0	439588.0	0	0.22336701378883211	0.09272396183958417	False	0.028497251069028715	False	False	Ecoli	False	True	False	False	umpire	manual	min	1.660964047443681
P0AAA1	P0AAA1		yagU		2877210.0	2846270.0	2851070.0	2789400.0	2613140.0	2711890.0	0	0.2234070850523453	0.05989491051060585	False	0.028527794746487478	False	False	Ecoli	False	True	False	False	umpire	manual	min	1.660964047443681
P36680	P36680		zapD		2610530.0	2524080.0	2600050.0	2513130.0	2483260.0	2552630.0	0	0.22381436177257866	0.03091348737970221	False	0.028558338423946242	False	False	Ecoli	False	True	False	False	umpire	manual	min	1.660964047443681
P23721	P23721		serC		11174900.0	10873700.0	10872000.0	11072800.0	10825500.0	10965100.0	0	0.22490410964359048	0.0199748819515065	False	0.028588882101405012	False	False	Ecoli	False	True	False	False	umpire	manual	min	1.660964047443681
P0ABS5	P0ABS5		dnaG		586883.0	513681.0	578810.0	613581.0	599328.0	464900.0	0	0.2249973517396598	0.17327469039415178	False	0.028619425778863776	False	False	Ecoli	False	True	False	False	umpire	manual	min	1.660964047443681
P24232	P24232		hmp		927484.0	56058.5	812041.0	960749.0	46548.8	986006.0	2	0.22502246278914803	1.310614239444164	False	0.028649969456322543	False	False	Ecoli	False	True	False	False	umpire	manual	min	1.660964047443681
P0A9N4	P0A9N4		pflA		4905520.0	4970770.0	4753090.0	4864940.0	4887820.0	4900800.0	0	0.2257369376414272	-0.023238961341707207	False	0.02868051313378131	False	False	Ecoli	False	True	False	False	umpire	manual	min	1.660964047443681
P77247	P77247		yniC		1718000.0	1662980.0	1829330.0	1876780.0	1678860.0	1803950.0	0	0.22580865047323473	0.07599385457197097	False	0.028711056811240074	False	False	Ecoli	False	True	False	False	umpire	manual	min	1.660964047443681
P07639	P07639		aroB		3342700.0	3366760.0	3303290.0	3439970.0	3241640.0	3171240.0	0	0.2265067459899462	0.04449514484811142	False	0.02874160048869884	False	False	Ecoli	False	True	False	False	umpire	manual	min	1.660964047443681
P0ADU2	P0ADU2		ygiN		8663780.0	8532760.0	8964560.0	8634340.0	8557610.0	8634890.0	0	0.22653806939031004	0.029828486701903766	False	0.028772144166157605	False	False	Ecoli	False	True	False	False	umpire	manual	min	1.660964047443681
P08331	P08331		cpdB		2370040.0	2366260.0	2310450.0	2398070.0	2230160.0	2270440.0	0	0.22681794869966532	0.04380535039210186	False	0.028802687843616375	False	False	Ecoli	False	True	False	False	umpire	manual	min	1.660964047443681
P77737	P77737		oppF		1669320.0	2029850.0	1600810.0	1733190.0	1641110.0	1919950.0	0	0.2269193452813854	-0.16019739479049158	False	0.02883323152107514	False	False	Ecoli	False	True	False	False	umpire	manual	min	1.660964047443681
P28904	P28904		treC		2446110.0	2623600.0	2532860.0	2452600.0	2588830.0	2466090.0	0	0.22741755413859935	-0.047161236814426785	False	0.028863775198533902	False	False	Ecoli	False	True	False	False	umpire	manual	min	1.660964047443681
P00956	P00956		ileS		24078400.0	24102300.0	24510300.0	24140900.0	24086500.0	23504200.0	0	0.22985869784493704	0.020710378589697345	False	0.028894318875992673	False	False	Ecoli	False	True	False	False	umpire	manual	min	1.660964047443681
P0ACR9	P0ACR9		mprA		9252460.0	8972570.0	9044570.0	9257260.0	9085510.0	9129130.0	0	0.22999917725374205	0.0193488462558999	False	0.028924862553451437	False	False	Ecoli	False	True	False	False	umpire	manual	min	1.660964047443681
P22634	P22634		murI		1025250.0	1054560.0	1188420.0	1088240.0	954155.0	1044170.0	0	0.23018318070032104	0.113127552043359	False	0.028955406230910204	False	False	Ecoli	False	True	False	False	umpire	manual	min	1.660964047443681
P0ABK2	P0ABK2		cydB		5466590.0	6441000.0	6214470.0	5102890.0	6129840.0	5869140.0	0	0.23043923028582855	-0.1357548058282329	False	0.02898594990836897	False	False	Ecoli	False	True	False	False	umpire	manual	min	1.660964047443681
P0ACZ2	P0ACZ2		etp		1879030.0	1736460.0	1815950.0	1854720.0	1864320.0	1713420.0	0	0.23079463066283482	0.06255726113872688	False	0.029016493585827734	False	False	Ecoli	False	True	False	False	umpire	manual	min	1.660964047443681
P15640	P15640		purD		2690700.0	2493330.0	2637970.0	2640430.0	2523610.0	2673460.0	0	0.23211960385594563	0.05135816200619333	False	0.0290470372632865	False	False	Ecoli	False	True	False	False	umpire	manual	min	1.660964047443681
P0ADT8	P0ADT8		ygiM		4117850.0	3937480.0	3976380.0	4107870.0	4073640.0	3856140.0	0	0.23318654837618408	0.04014258575140028	False	0.029077580940745265	False	False	Ecoli	False	True	False	False	umpire	manual	min	1.660964047443681
P31545	P31545		efeB		1710890.0	835250.0	1453390.0	1735260.0	1404130.0	1561080.0	0	0.23322863094787286	0.3664722561750054	False	0.029108124618204036	False	False	Ecoli	False	True	False	False	umpire	manual	min	1.660964047443681
P69805	P69805		manZ		6829710.0	6712080.0	7206540.0	6619850.0	6717970.0	6256500.0	0	0.2332935180979297	0.06935758406859517	False	0.0291386682956628	False	False	Ecoli	False	True	False	False	umpire	manual	min	1.660964047443681
Q46871	Q46871		yqjH		3240590.0	3496200.0	3259070.0	3432960.0	3436580.0	3331010.0	0	0.23370682897563722	-0.04731733458647162	False	0.029169211973121563	False	False	Ecoli	False	True	False	False	umpire	manual	min	1.660964047443681
P0A9C9	P0A9C9		glpX		4067110.0	3898570.0	4155510.0	4096820.0	3966800.0	4123220.0	0	0.23371639321099416	0.03927468676844952	False	0.029199755650580334	False	False	Ecoli	False	True	False	False	umpire	manual	min	1.660964047443681
P68699	P68699		atpE		3271260.0	2855580.0	2897500.0	2939470.0	2838820.0	2818720.0	0	0.23464226765618162	0.09748275606115059	False	0.029230299328039097	False	False	Ecoli	False	True	False	False	umpire	manual	min	1.660964047443681
P0ABN5	P0ABN5		dcuA		4783080.0	4324570.0	4495650.0	4424610.0	4308860.0	4513710.0	0	0.23545384987111426	0.059778580117330525	False	0.029260843005497864	False	False	Ecoli	False	True	False	False	umpire	manual	min	1.660964047443681
P0AAQ2	P0AAQ2		yajD		4918570.0	4292650.0	4625610.0	4700490.0	4543420.0	4739640.0	0	0.23617244105163004	0.06939454783821415	False	0.02929138668295663	False	False	Ecoli	False	True	False	False	umpire	manual	min	1.660964047443681
P04335	P04335		frsA		4276220.0	4339520.0	4387900.0	4366460.0	4211260.0	4269160.0	0	0.23689521333201702	0.023511790817139666	False	0.029321930360415395	False	False	Ecoli	False	True	False	False	umpire	manual	min	1.660964047443681
P36979	P36979		rlmN		3444160.0	3553560.0	3519730.0	3338200.0	3534000.0	3474580.0	0	0.23723946160473333	-0.035965120667613586	False	0.029352474037874162	False	False	Ecoli	False	True	False	False	umpire	manual	min	1.660964047443681
P29680	P29680		hemE		5694930.0	5535890.0	5678040.0	5844360.0	5755480.0	5556630.0	0	0.2381300454668225	0.03128409078111543	False	0.029383017715332926	False	False	Ecoli	False	True	False	False	umpire	manual	min	1.660964047443681
P0AE22	P0AE22		aphA		1718090.0	1512090.0	1629040.0	1709210.0	1698040.0	1575580.0	0	0.23846502849820916	0.07936050049525757	False	0.029413561392791696	False	False	Ecoli	False	True	False	False	umpire	manual	min	1.660964047443681
P0A9F1	P0A9F1		mntR		2491800.0	2432190.0	2153550.0	2739360.0	1737220.0	2118220.0	0	0.23870677317179842	0.23202494329970674	False	0.02944410507025046	False	False	Ecoli	False	True	False	False	umpire	manual	min	1.660964047443681
P0AGG2	P0AGG2		tesB		744867.0	882876.0	751974.0	857913.0	815406.0	837948.0	0	0.23942152382894555	-0.10710923327335044	False	0.029474648747709224	False	False	Ecoli	False	True	False	False	umpire	manual	min	1.660964047443681
P0A6Y8	P0A6Y8		dnaK		47322600.0	45534100.0	45295300.0	46783000.0	45613000.0	45263100.0	0	0.23955737696717144	0.031288350414946105	False	0.029505192425167994	False	False	Ecoli	False	True	False	False	umpire	manual	min	1.660964047443681
P06996	P06996		ompC		176616000.0	176099000.0	178252000.0	185616000.0	172542000.0	178034000.0	0	0.24028261353318353	0.037338930510401	False	0.029535736102626758	False	False	Ecoli	False	True	False	False	umpire	manual	min	1.660964047443681
P32664	P32664		nudC		1051770.0	1160610.0	1105840.0	1075050.0	1090440.0	1096790.0	0	0.24076934788424634	-0.05050880247356822	False	0.029566279780085525	False	False	Ecoli	False	True	False	False	umpire	manual	min	1.660964047443681
P00509	P00509		aspC		18284900.0	17627200.0	18047800.0	17874100.0	17706700.0	18095000.0	0	0.24078645081925754	0.02085352745141644	False	0.02959682345754429	False	False	Ecoli	False	True	False	False	umpire	manual	min	1.660964047443681
P0A9T8	P0A9T8		ybbA		722696.0	753064.0	747102.0	756818.0	760354.0	762663.0	0	0.24145809504527735	-0.03169912663386658	False	0.029627367135003056	False	False	Ecoli	False	True	False	False	umpire	manual	min	1.660964047443681
P31825	P31825		yfiC		525104.0	631189.0	604130.0	613676.0	616945.0	632437.0	0	0.24145977490164094	-0.10967270180225933	False	0.029657910812461823	False	False	Ecoli	False	True	False	False	umpire	manual	min	1.660964047443681
P09394	P09394		glpQ		5322880.0	5455930.0	5474350.0	5461920.0	5627610.0	5476020.0	0	0.24155203172731673	-0.0264125020468643	False	0.029688454489920586	False	False	Ecoli	False	True	False	False	umpire	manual	min	1.660964047443681
P18775	P18775		dmsA		2862970.0	2778500.0	2854690.0	2929930.0	2896490.0	2723470.0	0	0.2419701754568231	0.042173314007209875	False	0.029718998167379357	False	False	Ecoli	False	True	False	False	umpire	manual	min	1.660964047443681
P0A867	P0A867		talA		4491010.0	4516740.0	4546890.0	4503690.0	4451850.0	4465720.0	0	0.2423713487898244	0.011474919460207872	False	0.02974954184483812	False	False	Ecoli	False	True	False	False	umpire	manual	min	1.660964047443681
P0ABA4	P0ABA4		atpH		21780000.0	22199300.0	22225300.0	22102800.0	22758100.0	22145400.0	0	0.24294468304690042	-0.021545915983281965	False	0.029780085522296884	False	False	Ecoli	False	True	False	False	umpire	manual	min	1.660964047443681
P05793	P05793		ilvC		4735980.0	4604850.0	4679210.0	4724660.0	4471690.0	4717830.0	0	0.2433300276968346	0.03568724651328465	False	0.029810629199755655	False	False	Ecoli	False	True	False	False	umpire	manual	min	1.660964047443681
P42616	P42616		yqjC		342174.0	342102.0	447503.0	372987.0	310882.0	358575.0	0	0.24498043420800647	0.2008537617464235	False	0.02984117287721442	False	False	Ecoli	False	True	False	False	umpire	manual	min	1.660964047443681
P06971	P06971		fhuA		12983600.0	13112900.0	13239900.0	13073400.0	12790100.0	12895000.0	0	0.24533099042403328	0.018433222851216187	False	0.029871716554673185	False	False	Ecoli	False	True	False	False	umpire	manual	min	1.660964047443681
P0A9R7	P0A9R7		ftsE		3053470.0	2983780.0	3082520.0	2876780.0	2893320.0	2777970.0	0	0.24565689635120727	0.05842508673951705	False	0.02990226023213195	False	False	Ecoli	False	True	False	False	umpire	manual	min	1.660964047443681
P41052	P41052		mltB		898433.0	976859.0	939379.0	944835.0	921661.0	992766.0	0	0.24586397274060048	-0.05525342086242962	False	0.029932803909590716	False	False	Ecoli	False	True	False	False	umpire	manual	min	1.660964047443681
P0AEF4	P0AEF4		dpiA		1851280.0	1759270.0	1743560.0	1827350.0	1790110.0	1639750.0	0	0.24678949236154596	0.06338298855702977	False	0.029963347587049483	False	False	Ecoli	False	True	False	False	umpire	manual	min	1.660964047443681
P0AED5	P0AED5		uvrY		3235330.0	3259060.0	3288230.0	3166460.0	2917710.0	3033060.0	0	0.24689934887948473	0.0733251168153426	False	0.029993891264508247	False	False	Ecoli	False	True	False	False	umpire	manual	min	1.660964047443681
P32157	P32157		yiiM		3208860.0	3107470.0	3401800.0	3061430.0	3031680.0	3059070.0	0	0.24706789422383688	0.07247296507033854	False	0.030024434941967017	False	False	Ecoli	False	True	False	False	umpire	manual	min	1.660964047443681
P0ADP7	P0ADP7		yigP		1290140.0	1312070.0	1478350.0	1348260.0	1284040.0	1254160.0	0	0.2472318462832224	0.09654622175779799	False	0.03005497861942578	False	False	Ecoli	False	True	False	False	umpire	manual	min	1.660964047443681
P0A7D1	P0A7D1		pth		5167940.0	5016140.0	5045130.0	5054360.0	5060690.0	5001780.0	0	0.24890260918229354	0.017953788583405322	False	0.030085522296884545	False	False	Ecoli	False	True	False	False	umpire	manual	min	1.660964047443681
P0AEV9	P0AEV9		hycI		325684.0	370397.0	315170.0	345465.0	366931.0	567304.0	0	0.24895188544215444	-0.4035166899709828	False	0.030116065974343315	False	False	Ecoli	False	True	False	False	umpire	manual	min	1.660964047443681
P27836	P27836		wecG		520383.0	597962.0	524340.0	524112.0	575203.0	514954.0	0	0.24936418077580552	-0.10572298016566681	False	0.03014660965180208	False	False	Ecoli	False	True	False	False	umpire	manual	min	1.660964047443681
P0A903	P0A903		bamC		17361000.0	17077000.0	16950400.0	16908200.0	16748500.0	16419000.0	0	0.24953120243768784	0.02773030550805261	False	0.030177153329260846	False	False	Ecoli	False	True	False	False	umpire	manual	min	1.660964047443681
P68767	P68767		pepA		9045280.0	8669940.0	8664240.0	9059370.0	8666370.0	8819440.0	0	0.2510348809694459	0.033429178361775516	False	0.03020769700671961	False	False	Ecoli	False	True	False	False	umpire	manual	min	1.660964047443681
P0AB46	P0AB46		ymgD		2083680.0	1836850.0	1785150.0	2120310.0	1674540.0	1942170.0	0	0.2524551325149236	0.13515055011582885	False	0.030238240684178377	False	False	Ecoli	False	True	False	False	umpire	manual	min	1.660964047443681
P02943	P02943		lamB		1544370.0	1533430.0	1578430.0	1520850.0	1521370.0	1422220.0	0	0.2538443455315862	0.05272047471386539	False	0.030268784361637144	False	False	Ecoli	False	True	False	False	umpire	manual	min	1.660964047443681
P0A9X9	P0A9X9		cspA		25537500.0	25840900.0	26345500.0	25956600.0	26772200.0	27523200.0	0	0.25478553833265394	-0.041951603693149285	False	0.030299328039095907	False	False	Ecoli	False	True	False	False	umpire	manual	min	1.660964047443681
P76502	P76502		sixA		6481450.0	6791690.0	6851160.0	6709280.0	6898900.0	6853710.0	0	0.25647621542797	-0.03571961013791732	False	0.030329871716554678	False	False	Ecoli	False	True	False	False	umpire	manual	min	1.660964047443681
P08244	P08244		pyrF		9123420.0	9858330.0	9712310.0	9522290.0	9489700.0	9871780.0	0	0.2570514032475055	-0.043189992200699835	False	0.03036041539401344	False	False	Ecoli	False	True	False	False	umpire	manual	min	1.660964047443681
P23871	P23871		hemH		2554220.0	2556940.0	2551330.0	2408620.0	2567580.0	2611230.0	0	0.2604672841741078	-0.04192741552015701	False	0.030390959071472205	False	False	Ecoli	False	True	False	False	umpire	manual	min	1.660964047443681
Q46927	Q46927		ygdL		465774.0	452999.0	459664.0	548940.0	402369.0	475954.0	0	0.261661174691045	0.14724689832200952	False	0.030421502748930972	False	False	Ecoli	False	True	False	False	umpire	manual	min	1.660964047443681
P00452	P00452		nrdA		9800650.0	9800990.0	9680840.0	9781380.0	9486000.0	9512360.0	0	0.2618853963073406	0.023035020427537897	False	0.03045204642638974	False	False	Ecoli	False	True	False	False	umpire	manual	min	1.660964047443681
P76220	P76220		ydjY		547432.0	567142.0	688255.0	580568.0	477889.0	565018.0	0	0.26242081332659617	0.17386217370219134	False	0.030482590103848507	False	False	Ecoli	False	True	False	False	umpire	manual	min	1.660964047443681
P32099	P32099		lplA		1869350.0	1879860.0	2147540.0	1879310.0	1894010.0	1646380.0	0	0.26250356380402934	0.12142606667929341	False	0.03051313378130727	False	False	Ecoli	False	True	False	False	umpire	manual	min	1.660964047443681
P0ADF6	P0ADF6		edd		1154150.0	929040.0	887121.0	880969.0	711062.0	843765.0	0	0.2626584388478525	0.23448674404651013	False	0.030543677458766034	False	False	Ecoli	False	True	False	False	umpire	manual	min	1.660964047443681
P75728	P75728		ubiF		524679.0	478265.0	417114.0	384061.0	503215.0	539287.0	0	0.262920012297605	-0.19787721363766717	False	0.030574221136224804	False	False	Ecoli	False	True	False	False	umpire	manual	min	1.660964047443681
P0A840	P0A840		surE		1612660.0	1636160.0	1606750.0	1697590.0	1585990.0	1521130.0	0	0.2630078837117898	0.05189332066722843	False	0.030604764813683568	False	False	Ecoli	False	True	False	False	umpire	manual	min	1.660964047443681
P38134	P38134		etk		4758690.0	4568300.0	4582540.0	4852320.0	4665100.0	4598170.0	0	0.26318596787252485	0.03727054833953024	False	0.03063530849114234	False	False	Ecoli	False	True	False	False	umpire	manual	min	1.660964047443681
P0AAC8	P0AAC8		iscA		6549860.0	6785450.0	6245430.0	6582880.0	6432340.0	6777630.0	0	0.2641964298898739	-0.04523725039846768	False	0.030665852168601102	False	False	Ecoli	False	True	False	False	umpire	manual	min	1.660964047443681
P23839	P23839		yicC		5000520.0	4956230.0	4944850.0	4979820.0	4895190.0	4660000.0	0	0.26437324511900684	0.04056059759635056	False	0.030696395846059866	False	False	Ecoli	False	True	False	False	umpire	manual	min	1.660964047443681
P05637	P05637		apaH		1487590.0	1441880.0	1516760.0	1577200.0	1538220.0	1434920.0	0	0.26509839789530754	0.05341579076030203	False	0.030726939523518633	False	False	Ecoli	False	True	False	False	umpire	manual	min	1.660964047443681
P0A7D4	P0A7D4		purA		36595100.0	36200800.0	35717100.0	36104700.0	36608300.0	36854300.0	0	0.26591223055521074	-0.016492447531164665	False	0.0307574832009774	False	False	Ecoli	False	True	False	False	umpire	manual	min	1.660964047443681
P0AB67	P0AB67		pntB		1766810.0	1829550.0	1890510.0	1792640.0	1714030.0	1610470.0	0	0.2661685921369097	0.08053910825622027	False	0.030788026878436167	False	False	Ecoli	False	True	False	False	umpire	manual	min	1.660964047443681
P76034	P76034		yciT		1357920.0	1333410.0	1311020.0	1319380.0	1293280.0	1268530.0	0	0.26652053848809476	0.034076354730098464	False	0.03081857055589493	False	False	Ecoli	False	True	False	False	umpire	manual	min	1.660964047443681
P24193	P24193		hypE		2617260.0	2818740.0	2642680.0	2663490.0	2604470.0	2879290.0	0	0.2673341493382089	-0.06742071914513625	False	0.030849114233353694	False	False	Ecoli	False	True	False	False	umpire	manual	min	1.660964047443681
P0A9W6	P0A9W6		yrbA		11370600.0	10605500.0	12147700.0	11244500.0	11509900.0	11160200.0	0	0.26881108711057733	0.06307961002294786	False	0.030879657910812465	False	False	Ecoli	False	True	False	False	umpire	manual	min	1.660964047443681
P75829	P75829		ybjX		2345620.0	2061430.0	2334680.0	2127340.0	2301090.0	1969170.0	0	0.26912055083894876	0.10456412403417548	False	0.03091020158827123	False	False	Ecoli	False	True	False	False	umpire	manual	min	1.660964047443681
P0ADU5	P0ADU5		ygiW		7024890.0	6910420.0	7213620.0	7018110.0	7103440.0	6663330.0	0	0.2698938225176841	0.03987207437578833	False	0.030940745265729996	False	False	Ecoli	False	True	False	False	umpire	manual	min	1.660964047443681
P0A8Z3	P0A8Z3		ybgC		463546.0	439890.0	697783.0	493715.0	349125.0	518812.0	0	0.27013892642930737	0.3396978591149796	False	0.030971288943188763	False	False	Ecoli	False	True	False	False	umpire	manual	min	1.660964047443681
P0A6M4	P0A6M4		dtd		2069260.0	2468670.0	2091890.0	2273550.0	2098250.0	2384550.0	0	0.2701424631375361	-0.11144520277163754	False	0.031001832620647526	False	False	Ecoli	False	True	False	False	umpire	manual	min	1.660964047443681
P0A6H1	P0A6H1		clpX		28473600.0	27283900.0	27326800.0	28191400.0	27280000.0	27849600.0	0	0.2707615576361422	0.027367804580721918	False	0.031032376298106294	False	False	Ecoli	False	True	False	False	umpire	manual	min	1.660964047443681
P0ABQ2	P0ABQ2		garR		1644630.0	1713920.0	1641820.0	1663630.0	1641240.0	1795480.0	0	0.27088216563396594	-0.05729986624334391	False	0.03106291997556506	False	False	Ecoli	False	True	False	False	umpire	manual	min	1.660964047443681
P0AEZ9	P0AEZ9		moaB		10576600.0	11612800.0	10802800.0	10812400.0	10815700.0	10896400.0	0	0.271396702343713	-0.04990729897771544	False	0.031093463653023828	False	False	Ecoli	False	True	False	False	umpire	manual	min	1.660964047443681
P33898	P33898		gapC		3769900.0	3389230.0	3409010.0	3548120.0	3566020.0	3211760.0	0	0.27200312862646886	0.07735522978321717	False	0.03112400733048259	False	False	Ecoli	False	True	False	False	umpire	manual	min	1.660964047443681
P0AG82	P0AG82		pstS		2055390.0	2000340.0	2042160.0	2144720.0	2052480.0	2044030.0	0	0.2727176384003773	0.03400670821642652	False	0.031154551007941355	False	False	Ecoli	False	True	False	False	umpire	manual	min	1.660964047443681
P0AEB7	P0AEB7		yoaB		10227900.0	11092300.0	9752710.0	9600690.0	10614800.0	9701160.0	0	0.2739895840360467	-0.08645856521591092	False	0.031185094685400126	False	False	Ecoli	False	True	False	False	umpire	manual	min	1.660964047443681
P08192	P08192		folC		3015220.0	3000630.0	3022350.0	3039730.0	3025140.0	3012960.0	0	0.27409991455748256	0.006143159599990526	False	0.03121563836285889	False	False	Ecoli	False	True	False	False	umpire	manual	min	1.660964047443681
P04825	P04825		pepN		14788900.0	14716500.0	14721900.0	14290200.0	14731500.0	15336000.0	0	0.27567964371076326	-0.03201958433007571	False	0.031246182040317656	False	False	Ecoli	False	True	False	False	umpire	manual	min	1.660964047443681
P0AE01	P0AE01		trmJ		4116920.0	4009060.0	4145920.0	4053490.0	3930770.0	4124780.0	0	0.2758580437778151	0.029791148328123386	False	0.03127672571777642	False	False	Ecoli	False	True	False	False	umpire	manual	min	1.660964047443681
P41407	P41407		azoR		4049720.0	3963020.0	3272060.0	3477090.0	4025600.0	3837220.0	0	0.2767105811296446	-0.1310623072808238	False	0.031307269395235184	False	False	Ecoli	False	True	False	False	umpire	manual	min	1.660964047443681
P00490	P00490		malP		5702850.0	5449520.0	5416350.0	5466740.0	5406030.0	5342400.0	0	0.2781095413564961	0.03414954017905728	False	0.031337813072693954	False	False	Ecoli	False	True	False	False	umpire	manual	min	1.660964047443681
P0AF67	P0AF67		yjeE		3740170.0	3530770.0	3552590.0	3742980.0	3613900.0	3613400.0	0	0.2789207435371158	0.03676409125807696	False	0.03136835675015272	False	False	Ecoli	False	True	False	False	umpire	manual	min	1.660964047443681
P77735	P77735		yajO		3546410.0	3765270.0	3431090.0	3301010.0	3712770.0	3364870.0	0	0.27912644487291793	-0.077120853667458	False	0.03139890042761149	False	False	Ecoli	False	True	False	False	umpire	manual	min	1.660964047443681
P00550	P00550		mtlA		2189050.0	2144050.0	2251080.0	2061100.0	2340290.0	2339710.0	0	0.28048875452036875	-0.06991552275425654	False	0.03142944410507025	False	False	Ecoli	False	True	False	False	umpire	manual	min	1.660964047443681
P0AFC0	P0AFC0		nudB		446185.0	385851.0	448779.0	502020.0	458882.0	444019.0	0	0.2806240271192855	0.11634083080462289	False	0.031459987782529016	False	False	Ecoli	False	True	False	False	umpire	manual	min	1.660964047443681
P36930	P36930		gatR		801652.0	841252.0	786808.0	814844.0	808446.0	972342.0	0	0.2812870696916459	-0.12567054431513275	False	0.031490531459987786	False	False	Ecoli	False	True	False	False	umpire	manual	min	1.660964047443681
P0A9G2	P0A9G2		nhaR		1111880.0	868533.0	973592.0	1132130.0	888798.0	1109550.0	0	0.282784462135602	0.1665038618289701	False	0.03152107513744655	False	False	Ecoli	False	True	False	False	umpire	manual	min	1.660964047443681
P14407	P14407		fumB		23402100.0	22958700.0	23357700.0	23345400.0	23317100.0	23313200.0	0	0.28349058362084645	0.010662183107830112	False	0.03155161881490532	False	False	Ecoli	False	True	False	False	umpire	manual	min	1.660964047443681
P0A8C1	P0A8C1		ybjQ		1157220.0	1036410.0	796599.0	1130190.0	736027.0	747000.0	0	0.285196183301871	0.29170559412337027	False	0.031582162492364084	False	False	Ecoli	False	True	False	False	umpire	manual	min	1.660964047443681
P04693	P04693		tyrB		3770090.0	3783530.0	3863630.0	3829970.0	4033860.0	3969670.0	0	0.28563022714121217	-0.04013241541990871	False	0.03161270616982285	False	False	Ecoli	False	True	False	False	umpire	manual	min	1.660964047443681
P0AGG8	P0AGG8		tldD		3034610.0	2798660.0	2823040.0	2917740.0	2822010.0	2890000.0	0	0.2863873051085652	0.044190531645846125	False	0.03164324984728162	False	False	Ecoli	False	True	False	False	umpire	manual	min	1.660964047443681
P0A796	P0A796		pfkA		22648300.0	22981400.0	23238400.0	22877500.0	22490900.0	22342800.0	0	0.2887484667818364	0.020051119083853385	False	0.03167379352474038	False	False	Ecoli	False	True	False	False	umpire	manual	min	1.660964047443681
P0AGK4	P0AGK4		yhbY		12670100.0	12605000.0	12607000.0	12646700.0	13472800.0	12930300.0	0	0.2891972230862436	-0.04067019866257406	False	0.031704337202199145	False	False	Ecoli	False	True	False	False	umpire	manual	min	1.660964047443681
P33602	P33602		nuoG		12411200.0	12353100.0	12050500.0	12260600.0	12571700.0	12292300.0	0	0.2905300277904307	-0.01930922248293698	False	0.031734880879657916	False	False	Ecoli	False	True	False	False	umpire	manual	min	1.660964047443681
P21156	P21156		cysD		2476070.0	2512180.0	2370180.0	2458700.0	2509180.0	2435580.0	0	0.2910883816220026	-0.029709335078344237	False	0.03176542455711668	False	False	Ecoli	False	True	False	False	umpire	manual	min	1.660964047443681
P24215	P24215		uxuA		2455440.0	2656970.0	2352410.0	2523190.0	2416590.0	2577690.0	0	0.2914813467303318	-0.06167758576251905	False	0.03179596823457544	False	False	Ecoli	False	True	False	False	umpire	manual	min	1.660964047443681
P77611	P77611		rnfC		897371.0	809790.0	789092.0	1019390.0	851031.0	762648.0	0	0.2915464937194593	0.15900983634501092	False	0.03182651191203421	False	False	Ecoli	False	True	False	False	umpire	manual	min	1.660964047443681
P24203	P24203		yjiA		3384330.0	3615860.0	3765810.0	3521300.0	3273240.0	2991470.0	0	0.2943949689827332	0.11108868908305752	False	0.03185705558949298	False	False	Ecoli	False	True	False	False	umpire	manual	min	1.660964047443681
P76015	P76015		dhaK		2425720.0	2322760.0	2284810.0	2434490.0	2287590.0	2331380.0	0	0.29521778417012934	0.04164279730923977	False	0.03188759926695174	False	False	Ecoli	False	True	False	False	umpire	manual	min	1.660964047443681
P0A7S3	P0A7S3		rpsL		73436800.0	73681900.0	73874700.0	73310300.0	71785100.0	72855600.0	0	0.2956774514943164	0.015113872166698385	False	0.031918142944410505	False	False	Ecoli	False	True	False	False	umpire	manual	min	1.660964047443681
P69330	P69330		citD		13207200.0	12239500.0	12561100.0	12021600.0	12100100.0	12014600.0	0	0.2959795755047083	0.0558786526264856	False	0.031948686621869275	False	False	Ecoli	False	True	False	False	umpire	manual	min	1.660964047443681
P0ADA1	P0ADA1		tesA		649971.0	524810.0	689048.0	744540.0	724475.0	585050.0	0	0.2972964990772681	0.18379281454580526	False	0.03197923029932804	False	False	Ecoli	False	True	False	False	umpire	manual	min	1.660964047443681
P39411	P39411		yjjX		2716980.0	2684500.0	2929330.0	2723380.0	2678710.0	2715710.0	0	0.29797843262046847	0.05101174402378948	False	0.03200977397678681	False	False	Ecoli	False	True	False	False	umpire	manual	min	1.660964047443681
P0A9V1	P0A9V1		lptB		5584750.0	5600940.0	5273480.0	5522550.0	5500750.0	5686280.0	0	0.2981604827084159	-0.03542373514440778	False	0.03204031765424557	False	False	Ecoli	False	True	False	False	umpire	manual	min	1.660964047443681
P27431	P27431		ycfD		4695720.0	4730970.0	4354120.0	4936280.0	4901530.0	5083720.0	0	0.2981639233631799	-0.07341136055812142	False	0.03207086133170434	False	False	Ecoli	False	True	False	False	umpire	manual	min	1.660964047443681
P0AFH8	P0AFH8		osmY		24622600.0	25147900.0	24927000.0	24439900.0	24534000.0	25498300.0	0	0.2987403292725137	-0.023032203863132664	False	0.03210140500916311	False	False	Ecoli	False	True	False	False	umpire	manual	min	1.660964047443681
P0A9S5	P0A9S5		gldA		10887100.0	10750700.0	10713900.0	11430600.0	10576800.0	10808500.0	0	0.29930113099255146	0.03965648675318436	False	0.03213194868662187	False	False	Ecoli	False	True	False	False	umpire	manual	min	1.660964047443681
P0ADV5	P0ADV5		yhbW		1172710.0	1068790.0	1254890.0	1001220.0	995657.0	1055990.0	0	0.30108776639799884	0.13596408553895775	False	0.03216249236408064	False	False	Ecoli	False	True	False	False	umpire	manual	min	1.660964047443681
P23003	P23003		trmA		1065260.0	1101550.0	1127830.0	1106970.0	1061330.0	1052570.0	0	0.3036753485006275	0.03747159919729511	False	0.032193036041539405	False	False	Ecoli	False	True	False	False	umpire	manual	min	1.660964047443681
P0ACN7	P0ACN7		cytR		373282.0	358961.0	419771.0	358995.0	330653.0	379688.0	0	0.30416178401261057	0.10753146085208783	False	0.03222357971899817	False	False	Ecoli	False	True	False	False	umpire	manual	min	1.660964047443681
P19926	P19926		agp		2842060.0	2715620.0	2788790.0	2839050.0	2834380.0	2777100.0	0	0.3044597038633554	0.024530787092834835	False	0.03225412339645694	False	False	Ecoli	False	True	False	False	umpire	manual	min	1.660964047443681
P0AFX9	P0AFX9		rseB		2687700.0	2839010.0	2582280.0	2593880.0	2558890.0	2867960.0	0	0.3058736403424148	-0.07192729113412416	False	0.0322846670739157	False	False	Ecoli	False	True	False	False	umpire	manual	min	1.660964047443681
P0AG93	P0AG93		secF		471825.0	505961.0	528357.0	469293.0	551331.0	500627.0	0	0.307411479110068	-0.08431941132127607	False	0.03231521075137447	False	False	Ecoli	False	True	False	False	umpire	manual	min	1.660964047443681
P0ADV7	P0ADV7		mlaC		10631700.0	10086100.0	10465400.0	10324900.0	10229900.0	10535500.0	0	0.3076616262033579	0.026434375704951177	False	0.03234575442883323	False	False	Ecoli	False	True	False	False	umpire	manual	min	1.660964047443681
P64455	P64455		ydcY		5995170.0	5569090.0	4724070.0	5883310.0	6067550.0	7727420.0	0	0.30891686231533927	-0.22197662617465677	False	0.032376298106292	False	False	Ecoli	False	True	False	False	umpire	manual	min	1.660964047443681
P76658	P76658		hldE		8990520.0	8970840.0	9055790.0	9018210.0	9018170.0	8775340.0	0	0.309081823084149	0.016090185777597587	False	0.032406841783750764	False	False	Ecoli	False	True	False	False	umpire	manual	min	1.660964047443681
P05791	P05791		ilvD		2892190.0	3000210.0	2708000.0	2878680.0	2866350.0	2872260.0	0	0.3097413647055144	-0.043566480179439857	False	0.03243738546120953	False	False	Ecoli	False	True	False	False	umpire	manual	min	1.660964047443681
P07000	P07000		pldB		534366.0	605203.0	546768.0	483878.0	610427.0	498906.0	0	0.31112899817433326	-0.13164447745089514	False	0.0324679291386683	False	False	Ecoli	False	True	False	False	umpire	manual	min	1.660964047443681
P02925	P02925		rbsB		9469100.0	9214680.0	9074020.0	9606290.0	9182850.0	9113330.0	0	0.3127616376352292	0.03310344477305678	False	0.03249847281612706	False	False	Ecoli	False	True	False	False	umpire	manual	min	1.660964047443681
P68187	P68187		malK		1808690.0	1922570.0	1939500.0	1844960.0	1955590.0	1876700.0	0	0.31325771533963714	-0.04111981017409463	False	0.032529016493585826	False	False	Ecoli	False	True	False	False	umpire	manual	min	1.660964047443681
P45568	P45568		dxr		671093.0	614735.0	618350.0	671892.0	615038.0	654397.0	0	0.31363398746134874	0.057906833251987165	False	0.032559560171044596	False	False	Ecoli	False	True	False	False	umpire	manual	min	1.660964047443681
P0AEE3	P0AEE3		degS		655421.0	639203.0	825104.0	863076.0	727620.0	721042.0	0	0.3163396233787645	0.16669853945203347	False	0.03259010384850336	False	False	Ecoli	False	True	False	False	umpire	manual	min	1.660964047443681
P0AGJ5	P0AGJ5		yfiF		12455600.0	12491600.0	12291600.0	12485300.0	12100600.0	12140500.0	0	0.31690558789898443	0.019497546313624655	False	0.03262064752596213	False	False	Ecoli	False	True	False	False	umpire	manual	min	1.660964047443681
P17109	P17109		menD		1361700.0	1358380.0	1413460.0	1427660.0	1402380.0	1355150.0	0	0.3181921319107435	0.030146233434904125	False	0.032651191203420894	False	False	Ecoli	False	True	False	False	umpire	manual	min	1.660964047443681
P10441	P10441		lpxB		943739.0	1050600.0	954774.0	1047430.0	1012260.0	1013070.0	0	0.3190167651429206	-0.06229315531242418	False	0.03268173488087966	False	False	Ecoli	False	True	False	False	umpire	manual	min	1.660964047443681
P0A8I8	P0A8I8		rlmH		3832370.0	3754950.0	3780160.0	3914230.0	3853490.0	3736550.0	0	0.31937400883953826	0.022931712600429775	False	0.03271227855833843	False	False	Ecoli	False	True	False	False	umpire	manual	min	1.660964047443681
P31554	P31554		lptD		6507410.0	6480560.0	6425240.0	6612360.0	6375000.0	6467340.0	0	0.3206921035569028	0.01648869124119554	False	0.03274282223579719	False	False	Ecoli	False	True	False	False	umpire	manual	min	1.660964047443681
P00960	P00960		glyQ		6661690.0	6620580.0	6569720.0	6786860.0	6577170.0	6574520.0	0	0.3213404943756294	0.01783878790452067	False	0.03277336591325596	False	False	Ecoli	False	True	False	False	umpire	manual	min	1.660964047443681
P76053	P76053		smrA		315970.0	507077.0	401584.0	407846.0	368170.0	422280.0	0	0.3214994214789544	-0.20532669116238617	False	0.032803909590714726	False	False	Ecoli	False	True	False	False	umpire	manual	min	1.660964047443681
P23305	P23305		yigA		1440710.0	1502830.0	1415260.0	1327640.0	1394090.0	1444360.0	0	0.32176291692646464	-0.05337210676301864	False	0.03283445326817349	False	False	Ecoli	False	True	False	False	umpire	manual	min	1.660964047443681
P24224	P24224		acpS		1880660.0	1829680.0	1896580.0	1759110.0	1926710.0	2014260.0	0	0.32179762151863245	-0.059798680747703364	False	0.032864996945632254	False	False	Ecoli	False	True	False	False	umpire	manual	min	1.660964047443681
P0AFB8	P0AFB8		glnG		1676770.0	1673140.0	1632430.0	1644290.0	1699600.0	1648190.0	0	0.3224948000279642	-0.019509271961876892	False	0.032895540623091024	False	False	Ecoli	False	True	False	False	umpire	manual	min	1.660964047443681
P69741	P69741		hybO		2170520.0	2216800.0	2236280.0	2056540.0	2250160.0	2200910.0	0	0.3227955046675063	-0.04494609143056042	False	0.03292608430054979	False	False	Ecoli	False	True	False	False	umpire	manual	min	1.660964047443681
P0A8W2	P0A8W2		slyA		8258850.0	8461540.0	7569020.0	7893790.0	8388050.0	7827040.0	0	0.3229683249320779	-0.05694041350986364	False	0.03295662797800855	False	False	Ecoli	False	True	False	False	umpire	manual	min	1.660964047443681
P21367	P21367		ycaC		1442120.0	1408660.0	1370100.0	1443260.0	1478710.0	1483470.0	0	0.32389929042559834	-0.03858869651624862	False	0.032987171655467315	False	False	Ecoli	False	True	False	False	umpire	manual	min	1.660964047443681
P0A8M6	P0A8M6		yeeX		10330900.0	9389080.0	9532010.0	9644260.0	9765620.0	9358330.0	0	0.3240846881904996	0.04944420152914739	False	0.033017715332926086	False	False	Ecoli	False	True	False	False	umpire	manual	min	1.660964047443681
P0A9J6	P0A9J6		rbsK		3388600.0	3573440.0	3249300.0	3488080.0	3404550.0	3441680.0	0	0.3242443714908799	-0.04124804706380341	False	0.03304825901038485	False	False	Ecoli	False	True	False	False	umpire	manual	min	1.660964047443681
P00963	P00963		asnA		16432700.0	16567900.0	16791600.0	16833400.0	16604300.0	16376100.0	0	0.32447710000456464	0.014756445615606035	False	0.03307880268784362	False	False	Ecoli	False	True	False	False	umpire	manual	min	1.660964047443681
P0A6F3	P0A6F3		glpK		4891560.0	4826940.0	4816370.0	4931020.0	4887750.0	4733580.0	0	0.32468452774300455	0.018915319588178433	False	0.03310934636530238	False	False	Ecoli	False	True	False	False	umpire	manual	min	1.660964047443681
P33218	P33218		yebE		4955280.0	4918810.0	4965480.0	4745900.0	5072500.0	4967340.0	0	0.3252939060374226	-0.028439612366554037	False	0.03313989004276115	False	False	Ecoli	False	True	False	False	umpire	manual	min	1.660964047443681
P0AG30	P0AG30		rho		21835100.0	21730800.0	21895400.0	22248500.0	22030300.0	20883400.0	0	0.3254985313701712	0.029479282357887097	False	0.03317043372021992	False	False	Ecoli	False	True	False	False	umpire	manual	min	1.660964047443681
P37903	P37903		uspF		8831270.0	8452860.0	8350630.0	8468930.0	8422620.0	8200130.0	0	0.3267416001922235	0.032720711896057554	False	0.03320097739767868	False	False	Ecoli	False	True	False	False	umpire	manual	min	1.660964047443681
P08201	P08201		nirB		5176220.0	5008740.0	5143760.0	5176830.0	5043840.0	5207820.0	0	0.3269326378727135	0.022178490933990345	False	0.03323152107513745	False	False	Ecoli	False	True	False	False	umpire	manual	min	1.660964047443681
P27302	P27302		tktA		29734400.0	30184600.0	30756500.0	30143800.0	29874600.0	28425200.0	0	0.3277362136837267	0.0346403726558731	False	0.033262064752596215	False	False	Ecoli	False	True	False	False	umpire	manual	min	1.660964047443681
P0A7E9	P0A7E9		pyrH		7325320.0	7786420.0	7176480.0	7572900.0	7256820.0	7718680.0	0	0.328494636740441	-0.044228424669356836	False	0.03329260843005498	False	False	Ecoli	False	True	False	False	umpire	manual	min	1.660964047443681
P0A6B7	P0A6B7		iscS		16576600.0	16417900.0	16874900.0	16996200.0	16744600.0	16736600.0	0	0.3302856784562091	0.015774701032616884	False	0.03332315210751375	False	False	Ecoli	False	True	False	False	umpire	manual	min	1.660964047443681
P33924	P33924		yejO		1464710.0	1452000.0	1409610.0	1521980.0	1818900.0	1545840.0	0	0.3303972690526045	-0.13176721362874844	False	0.03335369578497251	False	False	Ecoli	False	True	False	False	umpire	manual	min	1.660964047443681
P0ACG1	P0ACG1		stpA		16301600.0	15743900.0	16619600.0	15878800.0	15954000.0	16232400.0	0	0.3313677387303558	0.025943177846771737	False	0.03338423946243128	False	False	Ecoli	False	True	False	False	umpire	manual	min	1.660964047443681
P0AE12	P0AE12		amn		950088.0	979249.0	923589.0	980649.0	992983.0	951041.0	0	0.3315492133951812	-0.03443444834275887	False	0.03341478313989005	False	False	Ecoli	False	True	False	False	umpire	manual	min	1.660964047443681
P08395	P08395		sppA		2083740.0	1968700.0	2187010.0	2066840.0	2102170.0	2081390.0	0	0.33199956541542563	0.04281785577893781	False	0.03344532681734881	False	False	Ecoli	False	True	False	False	umpire	manual	min	1.660964047443681
P0A7C2	P0A7C2		lexA		4328240.0	4414400.0	4417840.0	4413690.0	4154630.0	4303290.0	0	0.3326362638301009	0.031862178217749004	False	0.033475870494807575	False	False	Ecoli	False	True	False	False	umpire	manual	min	1.660964047443681
P07650	P07650		deoA		5821320.0	6219390.0	5963560.0	5957340.0	5916270.0	5968950.0	0	0.33279433999154595	-0.029170560835382248	False	0.03350641417226634	False	False	Ecoli	False	True	False	False	umpire	manual	min	1.660964047443681
P0AFL6	P0AFL6		ppx		1763480.0	1674350.0	1751760.0	1787540.0	1668940.0	1798980.0	0	0.33423801914868767	0.04434353336275375	False	0.03353695784972511	False	False	Ecoli	False	True	False	False	umpire	manual	min	1.660964047443681
P0A7A5	P0A7A5		pcm		640547.0	756199.0	747747.0	759304.0	595935.0	543952.0	0	0.33512746324699577	0.17969956501757314	False	0.03356750152718387	False	False	Ecoli	False	True	False	False	umpire	manual	min	1.660964047443681
P0A9I1	P0A9I1		citE		6437590.0	6048000.0	6150470.0	6196450.0	6108880.0	6263480.0	0	0.33642678270576065	0.02824222615719953	False	0.033598045204642636	False	False	Ecoli	False	True	False	False	umpire	manual	min	1.660964047443681
P76372	P76372		wzzB		7993710.0	8370360.0	7346970.0	7951660.0	7624150.0	8361560.0	0	0.33649670098854695	-0.06442578124073439	False	0.03362858888210141	False	False	Ecoli	False	True	False	False	umpire	manual	min	1.660964047443681
P27859	P27859		tatD		1187880.0	1057880.0	1159620.0	1241730.0	1048130.0	1243450.0	0	0.3371687422463514	0.09974585187747648	False	0.03365913255956017	False	False	Ecoli	False	True	False	False	umpire	manual	min	1.660964047443681
P0ABI4	P0ABI4		corA		1787510.0	1691760.0	1689540.0	1698680.0	1644600.0	1714720.0	0	0.3381678160714836	0.03517046722592068	False	0.03368967623701894	False	False	Ecoli	False	True	False	False	umpire	manual	min	1.660964047443681
P64612	P64612		yhcM		672995.0	734752.0	773637.0	697372.0	726091.0	830397.0	0	0.3383862531966475	-0.09582098682165263	False	0.033720219914477705	False	False	Ecoli	False	True	False	False	umpire	manual	min	1.660964047443681
P0A9W9	P0A9W9		yrdA		4709780.0	4673080.0	4876290.0	4821110.0	4773850.0	4765510.0	0	0.33934018471328536	0.01963371759659722	False	0.03375076359193647	False	False	Ecoli	False	True	False	False	umpire	manual	min	1.660964047443681
P75876	P75876		rlmI		3806550.0	3811950.0	3759560.0	3890110.0	3869670.0	3970420.0	0	0.33995567771031465	-0.02445145635613895	False	0.03378130726939524	False	False	Ecoli	False	True	False	False	umpire	manual	min	1.660964047443681
P24171	P24171		dcp		3347800.0	3299130.0	3140060.0	3150450.0	3354300.0	3241000.0	0	0.3409761385984423	-0.03783639496716318	False	0.033811850946854	False	False	Ecoli	False	True	False	False	umpire	manual	min	1.660964047443681
P22939	P22939		ispA		2727900.0	2965330.0	2985820.0	2952840.0	3178080.0	2900780.0	0	0.3409858845876182	-0.061531839426415026	False	0.03384239462431277	False	False	Ecoli	False	True	False	False	umpire	manual	min	1.660964047443681
P77150	P77150		pdxY		3210180.0	3703330.0	3690840.0	3521670.0	3625770.0	3614890.0	0	0.3418854818008025	-0.07041114514768648	False	0.03387293830177154	False	False	Ecoli	False	True	False	False	umpire	manual	min	1.660964047443681
P64467	P64467		cnu		2679600.0	2649370.0	2648980.0	2688110.0	2860260.0	2733920.0	0	0.3419899634346616	-0.04025906573070435	False	0.0339034819792303	False	False	Ecoli	False	True	False	False	umpire	manual	min	1.660964047443681
P66948	P66948		yfgC		1575870.0	1605780.0	1462490.0	1655390.0	1579310.0	1784480.0	0	0.34310820166361644	-0.08238002306294986	False	0.03393402565668907	False	False	Ecoli	False	True	False	False	umpire	manual	min	1.660964047443681
Q46851	Q46851		gpr		755347.0	845647.0	894958.0	753378.0	842941.0	888511.0	0	0.3431521367369529	-0.10050131520734347	False	0.033964569334147834	False	False	Ecoli	False	True	False	False	umpire	manual	min	1.660964047443681
P0AGL2	P0AGL2		tdcF		986866.0	997677.0	970024.0	1036500.0	1022130.0	1153710.0	0	0.344436172572305	-0.08430231533200583	False	0.0339951130116066	False	False	Ecoli	False	True	False	False	umpire	manual	min	1.660964047443681
P25535	P25535		visC		2655490.0	2684550.0	2598930.0	2639670.0	2494920.0	2226840.0	0	0.3450882597863094	0.09201803088894588	False	0.03402565668906537	False	False	Ecoli	False	True	False	False	umpire	manual	min	1.660964047443681
P0AE85	P0AE85		cpxP		696880.0	852714.0	741154.0	874849.0	863303.0	794614.0	0	0.346113429458647	-0.11835771674513394	False	0.03405620036652413	False	False	Ecoli	False	True	False	False	umpire	manual	min	1.660964047443681
P64585	P64585		yqjE		648420.0	752986.0	662090.0	644023.0	815727.0	608132.0	0	0.35112884575759973	-0.1554147425242903	False	0.034086744043982896	False	False	Ecoli	False	True	False	False	umpire	manual	min	1.660964047443681
P06974	P06974		fliM		1680080.0	1710240.0	1697370.0	1747840.0	1727900.0	1777880.0	0	0.35137610894561244	-0.02531576362933387	False	0.03411728772144166	False	False	Ecoli	False	True	False	False	umpire	manual	min	1.660964047443681
P0A7E3	P0A7E3		pyrE		4687810.0	4662620.0	4613130.0	4609670.0	4568630.0	4521790.0	0	0.35209083258373086	0.016435135353013774	False	0.03414783139890043	False	False	Ecoli	False	True	False	False	umpire	manual	min	1.660964047443681
P00547	P00547		thrB		514690.0	468957.0	438236.0	473869.0	585902.0	504204.0	0	0.3534184649080241	-0.12790116170714538	False	0.034178375076359194	False	False	Ecoli	False	True	False	False	umpire	manual	min	1.660964047443681
P0ACJ0	P0ACJ0		lrp		10709500.0	10468600.0	10709100.0	10526500.0	11159700.0	11118700.0	0	0.35508707611353113	-0.03576808951633261	False	0.03420891875381796	False	False	Ecoli	False	True	False	False	umpire	manual	min	1.660964047443681
P12008	P12008		aroC		3652090.0	3567120.0	3580580.0	3631040.0	3740160.0	3874870.0	0	0.35552762353097117	-0.0416807295014423	False	0.03423946243127673	False	False	Ecoli	False	True	False	False	umpire	manual	min	1.660964047443681
P64559	P64559		cptB		476743.0	534938.0	557420.0	473300.0	575032.0	505211.0	0	0.3569280226813104	-0.0995732526407312	False	0.03427000610873549	False	False	Ecoli	False	True	False	False	umpire	manual	min	1.660964047443681
P0AD05	P0AD05		yecA		7330180.0	7379260.0	7604450.0	7335670.0	7326920.0	7237200.0	0	0.3587728209461315	0.021335227396427747	False	0.03430054978619426	False	False	Ecoli	False	True	False	False	umpire	manual	min	1.660964047443681
P0AES6	P0AES6		gyrB		8119960.0	7972600.0	8118310.0	8240720.0	8114430.0	8168040.0	0	0.3591152008815933	0.0132576906966917	False	0.034331093463653026	False	False	Ecoli	False	True	False	False	umpire	manual	min	1.660964047443681
P52076	P52076		qseB		1062190.0	1016640.0	954049.0	1010990.0	1045840.0	1080520.0	0	0.3601416076367894	-0.05414445766893458	False	0.03436163714111179	False	False	Ecoli	False	True	False	False	umpire	manual	min	1.660964047443681
P64534	P64534		rcnB		2543060.0	2548430.0	2347270.0	2554040.0	2516090.0	2621260.0	0	0.36106289352956017	-0.04604191887676606	False	0.03439218081857056	False	False	Ecoli	False	True	False	False	umpire	manual	min	1.660964047443681
P41409	P41409		rihA		874190.0	910791.0	957635.0	866665.0	912805.0	1008700.0	0	0.3638574329297088	-0.06981970668530302	False	0.034422724496029324	False	False	Ecoli	False	True	False	False	umpire	manual	min	1.660964047443681
P23865	P23865		prc		6623720.0	6706150.0	6668610.0	6901640.0	6866330.0	6980650.0	0	0.3654381496670597	-0.025433553338656868	False	0.034453268173488094	False	False	Ecoli	False	True	False	False	umpire	manual	min	1.660964047443681
P0A821	P0A821		selA		1562920.0	1568380.0	1653740.0	1634100.0	1587660.0	1598330.0	0	0.36577515111500825	0.02895661868212173	False	0.03448381185094686	False	False	Ecoli	False	True	False	False	umpire	manual	min	1.660964047443681
P0ACE0	P0ACE0		hybC		14287900.0	14248400.0	14532300.0	14538300.0	14497800.0	14258000.0	0	0.36625506792127616	0.011837279765172633	False	0.03451435552840562	False	False	Ecoli	False	True	False	False	umpire	manual	min	1.660964047443681
P0AAH0	P0AAH0		pstB		906076.0	857361.0	819860.0	840036.0	825737.0	774456.0	0	0.3667278303076164	0.062282310411669796	False	0.03454489920586439	False	False	Ecoli	False	True	False	False	umpire	manual	min	1.660964047443681
P65556	P65556		yfcD		1842230.0	1905560.0	1954020.0	1946460.0	1895720.0	1754800.0	0	0.3671936426950073	0.047664336869482876	False	0.034575442883323156	False	False	Ecoli	False	True	False	False	umpire	manual	min	1.660964047443681
P09372	P09372		grpE		50400500.0	53161200.0	54514900.0	50154700.0	52988800.0	53813500.0	0	0.3678860323984946	-0.0448222142927202	False	0.03460598656078192	False	False	Ecoli	False	True	False	False	umpire	manual	min	1.660964047443681
P13445	P13445		rpoS		4870210.0	4884960.0	4889780.0	4896770.0	4893000.0	4950680.0	0	0.3704687534864426	-0.007058003387409809	False	0.03463653023824068	False	False	Ecoli	False	True	False	False	umpire	manual	min	1.660964047443681
P0A6A0	P0A6A0		ubiB		1794990.0	1911170.0	1982270.0	1993190.0	2016840.0	2096400.0	0	0.3710533502097154	-0.06213612836939251	False	0.03466707391569945	False	False	Ecoli	False	True	False	False	umpire	manual	min	1.660964047443681
P0ACB4	P0ACB4		hemG		2571920.0	2509950.0	2272440.0	2550020.0	2315320.0	2123080.0	0	0.3716825782627262	0.0897587592384737	False	0.03469761759315822	False	False	Ecoli	False	True	False	False	umpire	manual	min	1.660964047443681
P37182	P37182		hybD		3762200.0	3797500.0	3673200.0	3830440.0	3868470.0	3767270.0	0	0.37217459014668214	-0.02127941117117332	False	0.03472816127061698	False	False	Ecoli	False	True	False	False	umpire	manual	min	1.660964047443681
P35340	P35340		ahpF		9682280.0	9564680.0	9609220.0	9683090.0	9704500.0	9481340.0	0	0.3737528800772962	0.011200196982253871	False	0.03475870494807575	False	False	Ecoli	False	True	False	False	umpire	manual	min	1.660964047443681
P13857	P13857		rimL		729914.0	621049.0	759498.0	778890.0	668803.0	797975.0	0	0.3737603781668478	0.11961055907170018	False	0.034789248625534515	False	False	Ecoli	False	True	False	False	umpire	manual	min	1.660964047443681
P0AF12	P0AF12		mtnN		24250900.0	23580100.0	24570300.0	24824200.0	24492600.0	24494800.0	0	0.37430728204374164	0.02127184615679526	False	0.03481979230299328	False	False	Ecoli	False	True	False	False	umpire	manual	min	1.660964047443681
P29217	P29217		yceH		2474150.0	2469280.0	2498110.0	2639080.0	2717810.0	2729410.0	0	0.37455575531126195	-0.0567122677396141	False	0.03485033598045205	False	False	Ecoli	False	True	False	False	umpire	manual	min	1.660964047443681
P0AAK1	P0AAK1		hycB		1484790.0	1491070.0	1590890.0	1458720.0	1476150.0	1427360.0	0	0.37764077495180287	0.04518637305595264	False	0.03488087965791081	False	False	Ecoli	False	True	False	False	umpire	manual	min	1.660964047443681
P0A7F3	P0A7F3		pyrI		1993290.0	2059480.0	1969890.0	1966800.0	1931890.0	2167730.0	0	0.37893075152930294	-0.05469231314166334	False	0.03491142333536958	False	False	Ecoli	False	True	False	False	umpire	manual	min	1.660964047443681
P0A7B1	P0A7B1		ppk		1399020.0	1295290.0	1259730.0	1279170.0	1366310.0	1492540.0	0	0.3790183513596965	-0.0771160349644005	False	0.03494196701282835	False	False	Ecoli	False	True	False	False	umpire	manual	min	1.660964047443681
P20083	P20083		parE		1817080.0	1640000.0	1747340.0	1781890.0	1693580.0	1825780.0	0	0.37977928065721567	0.0513513774863044	False	0.03497251069028711	False	False	Ecoli	False	True	False	False	umpire	manual	min	1.660964047443681
P39347	P39347		intB		782657.0	814467.0	824732.0	762887.0	813751.0	803091.0	0	0.38088787202950775	-0.03667820066586019	False	0.03500305436774588	False	False	Ecoli	False	True	False	False	umpire	manual	min	1.660964047443681
P75745	P75745		ybgK		1280730.0	1491130.0	1484500.0	1238790.0	1348190.0	1429010.0	0	0.3810545181450946	-0.09222254001090642	False	0.035033598045204645	False	False	Ecoli	False	True	False	False	umpire	manual	min	1.660964047443681
P32176	P32176		fdoG		8505120.0	8550160.0	8619070.0	8742490.0	8634920.0	8389900.0	0	0.3830133270751308	0.016361783585395268	False	0.035064141722663415	False	False	Ecoli	False	True	False	False	umpire	manual	min	1.660964047443681
P0AES2	P0AES2		gudD		1797600.0	1919690.0	1734020.0	1638840.0	1786470.0	1699010.0	0	0.3834380954060679	-0.06404735499663705	False	0.03509468540012218	False	False	Ecoli	False	True	False	False	umpire	manual	min	1.660964047443681
P02919	P02919		mrcB		1690740.0	1708160.0	1657570.0	1657060.0	1599420.0	1465610.0	0	0.38495025864152527	0.06852295293152887	False	0.03512522907758094	False	False	Ecoli	False	True	False	False	umpire	manual	min	1.660964047443681
P0AG96	P0AG96		secE		586614.0	615297.0	660027.0	551244.0	622980.0	669634.0	0	0.38534577126498276	-0.08569313105978947	False	0.035155772755039706	False	False	Ecoli	False	True	False	False	umpire	manual	min	1.660964047443681
P77570	P77570		anmK		1350190.0	1331830.0	1345430.0	1264320.0	1242790.0	1273830.0	0	0.38564025136399327	0.041201067542940756	False	0.03518631643249848	False	False	Ecoli	False	True	False	False	umpire	manual	min	1.660964047443681
P60390	P60390		rsmH		4647500.0	4485880.0	4563500.0	4677600.0	4683220.0	4503030.0	0	0.3870085697226689	0.02266316005857541	False	0.03521686010995724	False	False	Ecoli	False	True	False	False	umpire	manual	min	1.660964047443681
P0ACY3	P0ACY3		yeaG		886276.0	863339.0	822997.0	953819.0	832406.0	842913.0	0	0.38745301284499967	0.0690362164491858	False	0.035247403787416004	False	False	Ecoli	False	True	False	False	umpire	manual	min	1.660964047443681
P0A7V8	P0A7V8		rpsD		190110000.0	187906000.0	181083000.0	186767000.0	187448000.0	191486000.0	0	0.38904408893255443	-0.022779868656292755	False	0.03527794746487477	False	False	Ecoli	False	True	False	False	umpire	manual	min	1.660964047443681
P75867	P75867		ycbZ		1725160.0	1533610.0	1497060.0	1639370.0	1553750.0	1556580.0	0	0.38930522868464223	0.06607889684895275	False	0.03530849114233354	False	False	Ecoli	False	True	False	False	umpire	manual	min	1.660964047443681
P15639	P15639		purH		4276910.0	4459590.0	4466540.0	4322940.0	4563700.0	4312160.0	0	0.3908348357267384	-0.02940590250277701	False	0.0353390348197923	False	False	Ecoli	False	True	False	False	umpire	manual	min	1.660964047443681
P30850	P30850		rnb		7478850.0	7480640.0	7451900.0	7672560.0	7412970.0	7482030.0	0	0.39167840939192117	0.01460510683892915	False	0.03536957849725107	False	False	Ecoli	False	True	False	False	umpire	manual	min	1.660964047443681
P43672	P43672		uup		1984280.0	1959070.0	2019710.0	2038190.0	2018590.0	1996980.0	0	0.39296291486294105	0.016217376827591043	False	0.035400122174709836	False	False	Ecoli	False	True	False	False	umpire	manual	min	1.660964047443681
P31433	P31433		yicH		1075730.0	1108260.0	1066790.0	1057740.0	1106230.0	1048940.0	0	0.39337087470900745	-0.028199974755788344	False	0.0354306658521686	False	False	Ecoli	False	True	False	False	umpire	manual	min	1.660964047443681
P31063	P31063		yedD		5411330.0	5734980.0	5265970.0	5371520.0	5359760.0	5360910.0	0	0.3946061998293007	-0.03611578805251255	False	0.03546120952962737	False	False	Ecoli	False	True	False	False	umpire	manual	min	1.660964047443681
P0A717	P0A717		prs		52097300.0	52058700.0	50571500.0	51675000.0	51340500.0	52602100.0	0	0.39957746799597404	-0.015410520528203615	False	0.035491753207086134	False	False	Ecoli	False	True	False	False	umpire	manual	min	1.660964047443681
P0AEK4	P0AEK4		fabI		57424800.0	57544500.0	57283900.0	57477800.0	57118900.0	54647300.0	0	0.3997678125632298	0.024298884307215607	False	0.035522296884544904	False	False	Ecoli	False	True	False	False	umpire	manual	min	1.660964047443681
P75849	P75849		ycbL		1773810.0	1619620.0	1603670.0	1829780.0	1764170.0	1571100.0	0	0.4010329202053344	0.07167141319030397	False	0.03555284056200367	False	False	Ecoli	False	True	False	False	umpire	manual	min	1.660964047443681
P37773	P37773		mpl		7766010.0	7447950.0	7742390.0	7762070.0	7306020.0	7924320.0	0	0.4018272584414815	0.03718848798771863	False	0.03558338423946243	False	False	Ecoli	False	True	False	False	umpire	manual	min	1.660964047443681
P0A6Z3	P0A6Z3		htpG		28213600.0	27733200.0	27765200.0	28160800.0	27084800.0	28241500.0	0	0.40230973829304	0.018639772464272134	False	0.0356139279169212	False	False	Ecoli	False	True	False	False	umpire	manual	min	1.660964047443681
P23917	P23917		mak		915821.0	900300.0	884146.0	997390.0	993819.0	1080540.0	0	0.4028560939574886	-0.08865991159484023	False	0.035644471594379966	False	False	Ecoli	False	True	False	False	umpire	manual	min	1.660964047443681
P76170	P76170		ynfB		2202650.0	2416170.0	2444180.0	2386730.0	2455670.0	2392300.0	0	0.40339332474772505	-0.04653692081989647	False	0.03567501527183873	False	False	Ecoli	False	True	False	False	umpire	manual	min	1.660964047443681
P38038	P38038		cysJ		3429300.0	3263130.0	3452040.0	3490030.0	3334930.0	3525930.0	0	0.4042716446546806	0.03482849115328621	False	0.0357055589492975	False	False	Ecoli	False	True	False	False	umpire	manual	min	1.660964047443681
P0A705	P0A705		infB		21406500.0	21837700.0	21810100.0	21804900.0	21607500.0	22164300.0	0	0.40453919213839384	-0.01298788822402372	False	0.035736102626756264	False	False	Ecoli	False	True	False	False	umpire	manual	min	1.660964047443681
P0A8A0	P0A8A0		yebC		5418610.0	5887760.0	5888990.0	5872100.0	5738280.0	6065490.0	0	0.40875419999824236	-0.0423539769890601	False	0.03576664630421503	False	False	Ecoli	False	True	False	False	umpire	manual	min	1.660964047443681
P33650	P33650		feoB		2416220.0	2574300.0	2319480.0	2287020.0	2317780.0	2379760.0	0	0.4088659990861896	-0.050290541504479966	False	0.03579718998167379	False	False	Ecoli	False	True	False	False	umpire	manual	min	1.660964047443681
P09152	P09152		narG		5983740.0	6062640.0	6205150.0	6172970.0	5872460.0	6137200.0	0	0.4099950815622985	0.022932081963163795	False	0.03582773365913256	False	False	Ecoli	False	True	False	False	umpire	manual	min	1.660964047443681
P37652	P37652		bcsB		2926720.0	2995500.0	2959050.0	2949900.0	3085920.0	2910930.0	0	0.4105226014513663	-0.025358652144656584	False	0.035858277336591325	False	False	Ecoli	False	True	False	False	umpire	manual	min	1.660964047443681
P31467	P31467		yieH		1996420.0	2026180.0	2008060.0	2011890.0	1907530.0	1976500.0	0	0.4120261488694006	0.025683901101454278	False	0.03588882101405009	False	False	Ecoli	False	True	False	False	umpire	manual	min	1.660964047443681
P0A6U8	P0A6U8		glgA		2988390.0	2927760.0	2852680.0	2899280.0	2991160.0	2947760.0	0	0.4125791691985887	-0.020702956959292255	False	0.03591936469150886	False	False	Ecoli	False	True	False	False	umpire	manual	min	1.660964047443681
P0A6N4	P0A6N4		efp		41107100.0	43206900.0	41424600.0	42060800.0	41799700.0	41357900.0	0	0.41475121521561276	-0.02037399315199574	False	0.03594990836896762	False	False	Ecoli	False	True	False	False	umpire	manual	min	1.660964047443681
P0ADT2	P0ADT2		ygiB		711694.0	632581.0	683867.0	634660.0	584488.0	701272.0	0	0.4184065646807539	0.08177758734427279	False	0.035980452046426394	False	False	Ecoli	False	True	False	False	umpire	manual	min	1.660964047443681
P0A7A7	P0A7A7		plsB		3372060.0	3333090.0	3313270.0	3181450.0	3438210.0	3288950.0	0	0.42170399956488214	-0.028014910425427832	False	0.03601099572388516	False	False	Ecoli	False	True	False	False	umpire	manual	min	1.660964047443681
P0AG90	P0AG90		secD		6352800.0	6295450.0	6600790.0	6451900.0	6486180.0	6378510.0	0	0.42181463528353924	0.018356759830319876	False	0.03604153940134392	False	False	Ecoli	False	True	False	False	umpire	manual	min	1.660964047443681
P64506	P64506		yebY		1596730.0	1753050.0	1724590.0	1514330.0	1622680.0	1657850.0	0	0.4228418656846739	-0.05787501619981774	False	0.03607208307880269	False	False	Ecoli	False	True	False	False	umpire	manual	min	1.660964047443681
P0ACU7	P0ACU7		yjdC		1935430.0	1774460.0	2144470.0	1973660.0	1942420.0	2056420.0	0	0.4228781287439023	0.06838762284535971	False	0.036102626756261455	False	False	Ecoli	False	True	False	False	umpire	manual	min	1.660964047443681
P16456	P16456		selD		6326660.0	6277140.0	6549040.0	6474230.0	6408630.0	6442190.0	0	0.42349817576692556	0.016645329077542854	False	0.036133170433720226	False	False	Ecoli	False	True	False	False	umpire	manual	min	1.660964047443681
P00934	P00934		thrC		4365070.0	4499300.0	4216520.0	4323520.0	4382880.0	4252200.0	0	0.42362211772811786	-0.02540566191914601	False	0.03616371411117899	False	False	Ecoli	False	True	False	False	umpire	manual	min	1.660964047443681
P0A9T0	P0A9T0		serA		7061340.0	6989750.0	6941230.0	7118750.0	7137750.0	7227870.0	0	0.4236922099165612	-0.015898893799928558	False	0.03619425778863775	False	False	Ecoli	False	True	False	False	umpire	manual	min	1.660964047443681
P0A8S1	P0A8S1		iciA		2918660.0	2920370.0	2938750.0	2953550.0	3092020.0	2954760.0	0	0.4262501194579403	-0.02535031409059994	False	0.03622480146609652	False	False	Ecoli	False	True	False	False	umpire	manual	min	1.660964047443681
P0A8X0	P0A8X0		yjgA		6802950.0	6841490.0	6528000.0	6761030.0	6762260.0	6745260.0	0	0.4268873184567373	-0.018338863587474857	False	0.03625534514355529	False	False	Ecoli	False	True	False	False	umpire	manual	min	1.660964047443681
P0A720	P0A720		tmk		2844420.0	2631640.0	2763330.0	2890180.0	2771310.0	2876310.0	0	0.42894205058937757	0.03760963433879342	False	0.03628588882101405	False	False	Ecoli	False	True	False	False	umpire	manual	min	1.660964047443681
P0C0L2	P0C0L2		osmC		5662610.0	5446630.0	5653230.0	5925580.0	5670900.0	5776010.0	0	0.4293570940173236	0.029406926366976293	False	0.03631643249847282	False	False	Ecoli	False	True	False	False	umpire	manual	min	1.660964047443681
P0A6V1	P0A6V1		glgC		7354230.0	6823220.0	6887800.0	7447330.0	7128400.0	7184200.0	0	0.42937714147601763	0.03729739797729881	False	0.036346976175931585	False	False	Ecoli	False	True	False	False	umpire	manual	min	1.660964047443681
P0ADY1	P0ADY1		ppiD		22369100.0	22504500.0	22380600.0	22472300.0	22194600.0	22231400.0	0	0.4294249848054072	0.006269674680517357	False	0.03637751985339035	False	False	Ecoli	False	True	False	False	umpire	manual	min	1.660964047443681
P0A6F1	P0A6F1		carA		4590960.0	4531550.0	4489320.0	4589240.0	4458200.0	4560310.0	0	0.42956182312219804	0.012663344262776266	False	0.03640806353084911	False	False	Ecoli	False	True	False	False	umpire	manual	min	1.660964047443681
P0A951	P0A951		speG		1359860.0	1196340.0	1195880.0	1241000.0	1400490.0	1442480.0	0	0.42962470540593206	-0.08934766417716028	False	0.03643860720830788	False	False	Ecoli	False	True	False	False	umpire	manual	min	1.660964047443681
P28249	P28249		asmA		477234.0	425650.0	503435.0	386094.0	412692.0	423852.0	0	0.4305956545718486	0.11482942734715745	False	0.036469150885766646	False	False	Ecoli	False	True	False	False	umpire	manual	min	1.660964047443681
P75913	P75913		ghrA		1140980.0	1012230.0	1109550.0	1121930.0	997633.0	1185370.0	0	0.4310050880318835	0.07788019382874728	False	0.03649969456322541	False	False	Ecoli	False	True	False	False	umpire	manual	min	1.660964047443681
P09158	P09158		speE		6930920.0	6839830.0	6775290.0	6996120.0	6738180.0	6907980.0	0	0.4323713112006975	0.015155535133076221	False	0.03653023824068418	False	False	Ecoli	False	True	False	False	umpire	manual	min	1.660964047443681
P0AE45	P0AE45		ytfL		207643.0	227796.0	259929.0	199411.0	120699.0	214364.0	0	0.43245812997060057	0.24487642793803224	False	0.036560781918142944	False	False	Ecoli	False	True	False	False	umpire	manual	min	1.660964047443681
P0A8V6	P0A8V6		fadR		6665010.0	7254680.0	7069710.0	7141440.0	7228570.0	6889980.0	0	0.43299333171052	-0.03394858549706246	False	0.036591325595601715	False	False	Ecoli	False	True	False	False	umpire	manual	min	1.660964047443681
P0A7T7	P0A7T7		rpsR		33628900.0	31805000.0	33763900.0	34208400.0	33307000.0	34341900.0	0	0.43538582326165165	0.03081759037619827	False	0.03662186927306048	False	False	Ecoli	False	True	False	False	umpire	manual	min	1.660964047443681
P0A890	P0A890		tusA		895769.0	905087.0	875329.0	927890.0	896303.0	760160.0	0	0.436188380968334	0.0754015097823774	False	0.03665241295051924	False	False	Ecoli	False	True	False	False	umpire	manual	min	1.660964047443681
P0ACL9	P0ACL9		pdhR		1558480.0	1495220.0	1597420.0	1551720.0	1573440.0	1563380.0	0	0.436470662704377	0.02335015867278751	False	0.03668295662797801	False	False	Ecoli	False	True	False	False	umpire	manual	min	1.660964047443681
P60723	P60723		rplD		118653000.0	111858000.0	113808000.0	116133000.0	112345000.0	118032000.0	0	0.43668528942218704	0.02656042779004199	False	0.036713500305436776	False	False	Ecoli	False	True	False	False	umpire	manual	min	1.660964047443681
P0ABF6	P0ABF6		cdd		6723580.0	6626740.0	6883480.0	6585940.0	6735010.0	6567870.0	0	0.4369500102986604	0.01894106007430667	False	0.03674404398289555	False	False	Ecoli	False	True	False	False	umpire	manual	min	1.660964047443681
P07649	P07649		truA		1909470.0	1772610.0	1797090.0	1942050.0	1898370.0	1830190.0	0	0.43877793445384117	0.03815740876654142	False	0.03677458766035431	False	False	Ecoli	False	True	False	False	umpire	manual	min	1.660964047443681
P69801	P69801		manY		1134710.0	1253980.0	1385340.0	1236320.0	1117220.0	1166410.0	0	0.44251882237602935	0.0865641660776376	False	0.036805131337813074	False	False	Ecoli	False	True	False	False	umpire	manual	min	1.660964047443681
P76112	P76112		yncA		1339060.0	1394500.0	1303520.0	1275920.0	1381800.0	1263860.0	0	0.4433206302503797	-0.04411093126535786	False	0.036835675015271845	False	False	Ecoli	False	True	False	False	umpire	manual	min	1.660964047443681
P76402	P76402		yegP		3355670.0	3508690.0	3534780.0	3498560.0	3306190.0	3367420.0	0	0.4440167321163707	0.028994704735831375	False	0.03686621869273061	False	False	Ecoli	False	True	False	False	umpire	manual	min	1.660964047443681
P0A6I3	P0A6I3		coaA		3353140.0	3354250.0	3321100.0	3329900.0	3308670.0	3558060.0	0	0.44572657859437415	-0.03093637811858669	False	0.03689676237018937	False	False	Ecoli	False	True	False	False	umpire	manual	min	1.660964047443681
P39396	P39396		yjiY		5690700.0	5484340.0	5299810.0	5582390.0	5469750.0	5267390.0	0	0.4472788864476291	0.030920621064305237	False	0.036927306047648135	False	False	Ecoli	False	True	False	False	umpire	manual	min	1.660964047443681
P69913	P69913		csrA		9794760.0	8362740.0	8979840.0	9636000.0	9267320.0	9624400.0	0	0.44746069704627833	0.05993696388133826	False	0.036957849725106906	False	False	Ecoli	False	True	False	False	umpire	manual	min	1.660964047443681
P16676	P16676		cysA		319879.0	311013.0	357012.0	353398.0	358340.0	310698.0	0	0.4479483052747322	0.07212034423163505	False	0.03698839340256567	False	False	Ecoli	False	True	False	False	umpire	manual	min	1.660964047443681
P76290	P76290		cmoA		2109430.0	2112520.0	2151150.0	2064700.0	2130540.0	2154740.0	0	0.4503176089616555	-0.016446548700361847	False	0.03701893708002443	False	False	Ecoli	False	True	False	False	umpire	manual	min	1.660964047443681
P0ACU5	P0ACU5		fabR		3067000.0	3173370.0	3149960.0	3168680.0	3096740.0	3256840.0	0	0.45222742837756363	-0.02155929252588	False	0.037049480757483204	False	False	Ecoli	False	True	False	False	umpire	manual	min	1.660964047443681
P13029	P13029		katG		39517100.0	39869900.0	39655000.0	39818000.0	39423800.0	38945700.0	0	0.45226600678169643	0.009130692281305782	False	0.03708002443494197	False	False	Ecoli	False	True	False	False	umpire	manual	min	1.660964047443681
P36553	P36553		hemF		801163.0	790137.0	823045.0	788077.0	809187.0	990716.0	0	0.4525820987462835	-0.10257401387902458	False	0.03711056811240073	False	False	Ecoli	False	True	False	False	umpire	manual	min	1.660964047443681
P0ADP0	P0ADP0		yigB		1163560.0	1072900.0	1105330.0	1125090.0	1136950.0	1120020.0	0	0.45267884816902054	0.027512208642443563	False	0.0371411117898595	False	False	Ecoli	False	True	False	False	umpire	manual	min	1.660964047443681
P25516	P25516		acnA		2886700.0	3038620.0	3154620.0	3126370.0	3046320.0	2776530.0	0	0.4527618107261188	0.04901221849271097	False	0.037171655467318265	False	False	Ecoli	False	True	False	False	umpire	manual	min	1.660964047443681
P0AFG8	P0AFG8		aceE		119604000.0	119297000.0	119529000.0	118664000.0	118887000.0	118726000.0	0	0.4530657648372016	0.0035809671887171257	False	0.037202199144777036	False	False	Ecoli	False	True	False	False	umpire	manual	min	1.660964047443681
P0ADH5	P0ADH5		fimB		966150.0	902985.0	979496.0	891215.0	882200.0	961222.0	0	0.45329864697683286	0.0467500239029834	False	0.0372327428222358	False	False	Ecoli	False	True	False	False	umpire	manual	min	1.660964047443681
P0AFQ7	P0AFQ7		ycfH		4834180.0	4554060.0	4965130.0	4923150.0	4720420.0	5046120.0	0	0.45469313236009706	0.039926814366594815	False	0.03726328649969456	False	False	Ecoli	False	True	False	False	umpire	manual	min	1.660964047443681
P0ACK2	P0ACK2		agaR		486610.0	403450.0	351356.0	465818.0	620663.0	472718.0	0	0.45522250532608904	-0.19920646707294298	False	0.037293830177153334	False	False	Ecoli	False	True	False	False	umpire	manual	min	1.660964047443681
P0ABT2	P0ABT2		dps		48757600.0	47853600.0	47889800.0	47590100.0	48379900.0	49496900.0	0	0.4562127244996819	-0.0148555647514358	False	0.0373243738546121	False	False	Ecoli	False	True	False	False	umpire	manual	min	1.660964047443681
P75864	P75864		rlmL		1567400.0	1624190.0	1702460.0	1511580.0	1621620.0	1695500.0	0	0.4569489317990365	-0.04744839593760096	False	0.03735491753207087	False	False	Ecoli	False	True	False	False	umpire	manual	min	1.660964047443681
P0AC92	P0AC92		gnsA		5834440.0	6594320.0	6348830.0	5811380.0	6493860.0	5725080.0	0	0.45710431660873413	-0.0641818218658621	False	0.03738546120952963	False	False	Ecoli	False	True	False	False	umpire	manual	min	1.660964047443681
P0AG44	P0AG44		rplQ		170425000.0	169621000.0	177503000.0	172917000.0	171754000.0	173485000.0	0	0.45779463621130784	0.01667390991210477	False	0.037416004886988395	False	False	Ecoli	False	True	False	False	umpire	manual	min	1.660964047443681
P0ABN9	P0ABN9		dcuB		6860350.0	7170560.0	6435010.0	6507270.0	6373110.0	6945470.0	0	0.45873163360125435	-0.049167382440349135	False	0.03744654856444716	False	False	Ecoli	False	True	False	False	umpire	manual	min	1.660964047443681
P32131	P32131		hemN		2239180.0	2296830.0	2324840.0	2221510.0	2193240.0	2172210.0	0	0.4590500088887989	0.02644551680652322	False	0.03747709224190593	False	False	Ecoli	False	True	False	False	umpire	manual	min	1.660964047443681
P0A744	P0A744		msrA		2806440.0	3316100.0	3467290.0	3296870.0	3491890.0	3308780.0	0	0.4592324568623239	-0.08006747352577984	False	0.03750763591936469	False	False	Ecoli	False	True	False	False	umpire	manual	min	1.660964047443681
P68066	P68066		grcA		311737000.0	302297000.0	300524000.0	302893000.0	302513000.0	301027000.0	0	0.45936513458278	0.014763068009837583	False	0.03753817959682346	False	False	Ecoli	False	True	False	False	umpire	manual	min	1.660964047443681
P69441	P69441		adk		48845100.0	48987300.0	48874100.0	48759900.0	50437100.0	48586700.0	0	0.4595856470531132	-0.015010541887333825	False	0.03756872327428222	False	False	Ecoli	False	True	False	False	umpire	manual	min	1.660964047443681
P0A9M2	P0A9M2		hpt		12305900.0	11914900.0	12094400.0	12192000.0	12158600.0	12234000.0	0	0.459835588389965	0.011272503848345657	False	0.03759926695174099	False	False	Ecoli	False	True	False	False	umpire	manual	min	1.660964047443681
P0A752	P0A752		nadD		512943.0	530964.0	519141.0	414117.0	494849.0	514076.0	0	0.4599044954993574	-0.09055828176238839	False	0.037629810629199754	False	False	Ecoli	False	True	False	False	umpire	manual	min	1.660964047443681
P15042	P15042		ligA		7435360.0	7380940.0	7312610.0	7235300.0	7284540.0	7573500.0	0	0.46001866468235914	-0.016684617387177497	False	0.037660354306658525	False	False	Ecoli	False	True	False	False	umpire	manual	min	1.660964047443681
P30011	P30011		nadC		2037500.0	1846900.0	1825550.0	2022240.0	1838840.0	1991220.0	0	0.46056517812656644	0.05199493000204221	False	0.03769089798411729	False	False	Ecoli	False	True	False	False	umpire	manual	min	1.660964047443681
P0AFL3	P0AFL3		ppiA		6279150.0	6171580.0	6157050.0	6312850.0	6067500.0	6304860.0	0	0.4638839050427414	0.015869693667357347	False	0.03772144166157605	False	False	Ecoli	False	True	False	False	umpire	manual	min	1.660964047443681
P76245	P76245		yeaP		767330.0	788068.0	665107.0	738169.0	725084.0	745721.0	0	0.4640698126433226	-0.05750528346445893	False	0.03775198533903482	False	False	Ecoli	False	True	False	False	umpire	manual	min	1.660964047443681
P0AFB1	P0AFB1		nlpI		1484600.0	1315040.0	1545570.0	1464170.0	1374110.0	1583670.0	0	0.4647814386210532	0.07292072729407806	False	0.037782529016493586	False	False	Ecoli	False	True	False	False	umpire	manual	min	1.660964047443681
P0A8C4	P0A8C4		ygfB		3112710.0	3065560.0	3026550.0	3077370.0	3069410.0	3246340.0	0	0.46492712478710424	-0.025550058659853325	False	0.03781307269395236	False	False	Ecoli	False	True	False	False	umpire	manual	min	1.660964047443681
P52119	P52119		ratB		3843510.0	3638670.0	3821350.0	3870880.0	3824290.0	3877700.0	0	0.4655335082018669	0.024605949445204504	False	0.03784361637141112	False	False	Ecoli	False	True	False	False	umpire	manual	min	1.660964047443681
P63177	P63177		rlmB		3141520.0	3406250.0	3248000.0	3204540.0	3299180.0	3118130.0	0	0.4662987088962039	-0.03410448144655246	False	0.037874160048869884	False	False	Ecoli	False	True	False	False	umpire	manual	min	1.660964047443681
P0A6S0	P0A6S0		flgH		2071060.0	1959320.0	2066500.0	2151540.0	2115280.0	2079980.0	0	0.46857701507172417	0.031193167508801245	False	0.037904703726328655	False	False	Ecoli	False	True	False	False	umpire	manual	min	1.660964047443681
P67244	P67244		yqhA		580851.0	623337.0	658649.0	604756.0	602465.0	531841.0	0	0.4688714893185242	0.06939685901103997	False	0.03793524740378742	False	False	Ecoli	False	True	False	False	umpire	manual	min	1.660964047443681
P0A6G3	P0A6G3		pncC		3292190.0	3093680.0	3187840.0	2991680.0	3082960.0	3060700.0	0	0.46911257964375497	0.03614743939086261	False	0.03796579108124618	False	False	Ecoli	False	True	False	False	umpire	manual	min	1.660964047443681
P07023	P07023		tyrA		2667180.0	2558840.0	2522340.0	2457090.0	2414000.0	2491790.0	0	0.469199665342769	0.0347495422572906	False	0.03799633475870495	False	False	Ecoli	False	True	False	False	umpire	manual	min	1.660964047443681
P0AFC7	P0AFC7		nuoB		3831550.0	4042480.0	4285730.0	3815840.0	3881400.0	3441920.0	0	0.4697536711196046	0.07027206121544945	False	0.038026878436163716	False	False	Ecoli	False	True	False	False	umpire	manual	min	1.660964047443681
P0ACA7	P0ACA7		gstB		2357030.0	2280810.0	2474210.0	2356100.0	2404210.0	2373660.0	0	0.47157019117963694	0.02605951568000796	False	0.03805742211362248	False	False	Ecoli	False	True	False	False	umpire	manual	min	1.660964047443681
P09155	P09155		rnd		2313800.0	2415360.0	2502090.0	2391710.0	2315590.0	2322270.0	0	0.4724047415045128	0.031236908030217853	False	0.038087965791081244	False	False	Ecoli	False	True	False	False	umpire	manual	min	1.660964047443681
P0AFI0	P0AFI0		oxc		942267.0	1188520.0	981894.0	1185940.0	988813.0	1165850.0	0	0.4752810418505964	-0.1042608953319992	False	0.038118509468540014	False	False	Ecoli	False	True	False	False	umpire	manual	min	1.660964047443681
P0A786	P0A786		pyrB		2143670.0	2250660.0	2164560.0	2284550.0	2170720.0	2313000.0	0	0.4769051294453321	-0.03065819056786827	False	0.03814905314599878	False	False	Ecoli	False	True	False	False	umpire	manual	min	1.660964047443681
P77252	P77252		ykgE		976185.0	971783.0	932107.0	943021.0	1001310.0	934045.0	0	0.47914484298895654	-0.027973138562124873	False	0.03817959682345754	False	False	Ecoli	False	True	False	False	umpire	manual	min	1.660964047443681
P75883	P75883		gfcC		1535030.0	1480660.0	1438750.0	1599370.0	1605220.0	1056680.0	0	0.48235067045980157	0.1426656472319964	False	0.03821014050091631	False	False	Ecoli	False	True	False	False	umpire	manual	min	1.660964047443681
P16703	P16703		cysM		2736080.0	2749880.0	2763720.0	2792810.0	2764270.0	2918350.0	0	0.4830805695714001	-0.02413416900948898	False	0.038240684178375076	False	False	Ecoli	False	True	False	False	umpire	manual	min	1.660964047443681
P12994	P12994		ybhB		572789.0	579149.0	652365.0	524249.0	445363.0	587587.0	0	0.4850288039680479	0.11792232959683757	False	0.038271227855833846	False	False	Ecoli	False	True	False	False	umpire	manual	min	1.660964047443681
P75914	P75914		ycdX		5779440.0	5977000.0	6084220.0	5425770.0	6027760.0	5780590.0	0	0.48620020429843047	-0.04079905882373777	False	0.03830177153329261	False	False	Ecoli	False	True	False	False	umpire	manual	min	1.660964047443681
P0A7V0	P0A7V0		rpsB		136450000.0	136243000.0	136732000.0	135769000.0	136938000.0	131030000.0	0	0.48691808820972754	0.016819408549991727	False	0.03833231521075137	False	False	Ecoli	False	True	False	False	umpire	manual	min	1.660964047443681
P0ADG7	P0ADG7		guaB		31923800.0	30900000.0	31392800.0	31523600.0	31964200.0	31114000.0	0	0.487046412209946	0.013172569673416045	False	0.038362858888210144	False	False	Ecoli	False	True	False	False	umpire	manual	min	1.660964047443681
Q2M7R5	Q2M7R5		yibT		2305790.0	2401440.0	2163870.0	2294610.0	2129900.0	2550600.0	0	0.48863231495410636	-0.06621037394299724	False	0.03839340256566891	False	False	Ecoli	False	True	False	False	umpire	manual	min	1.660964047443681
P0AFI2	P0AFI2		parC		3587080.0	3497830.0	3545150.0	3840940.0	3662930.0	3566770.0	0	0.4888139388277077	0.032662425334385195	False	0.03842394624312768	False	False	Ecoli	False	True	False	False	umpire	manual	min	1.660964047443681
P26616	P26616		maeA		9001800.0	9007750.0	8961300.0	8942850.0	8960070.0	8682670.0	0	0.49050283482734613	0.01376318778065683	False	0.03845448992058644	False	False	Ecoli	False	True	False	False	umpire	manual	min	1.660964047443681
P24202	P24202		mrr		1663170.0	1728550.0	1731670.0	1709110.0	1546760.0	1687520.0	0	0.49083576921453653	0.040451159580120785	False	0.038485033598045205	False	False	Ecoli	False	True	False	False	umpire	manual	min	1.660964047443681
P0A7A2	P0A7A2		gpmB		2168730.0	2055410.0	2313660.0	2165450.0	2372880.0	2654450.0	0	0.49449957927447896	-0.09142192364102131	False	0.038515577275503976	False	False	Ecoli	False	True	False	False	umpire	manual	min	1.660964047443681
P38506	P38506		ygdG		546632.0	600838.0	575212.0	564128.0	698590.0	517024.0	0	0.49537574079436664	-0.10754266610460142	False	0.03854612095296274	False	False	Ecoli	False	True	False	False	umpire	manual	min	1.660964047443681
P27829	P27829		wecC		3425130.0	3204690.0	3560710.0	3490130.0	3547110.0	3463310.0	0	0.49659801894799316	0.0363790937492229	False	0.0385766646304215	False	False	Ecoli	False	True	False	False	umpire	manual	min	1.660964047443681
P64451	P64451		ydcL		1766580.0	1760350.0	1893190.0	1739650.0	1801700.0	1713370.0	0	0.4968677948916191	0.03351848496278296	False	0.038607208307880274	False	False	Ecoli	False	True	False	False	umpire	manual	min	1.660964047443681
P07118	P07118		valS		22905700.0	22931900.0	23132700.0	22778000.0	22927100.0	22644800.0	0	0.5000562732674284	0.006568403611547714	False	0.03863775198533904	False	False	Ecoli	False	True	False	False	umpire	manual	min	1.660964047443681
P0C018	P0C018		rplR		35296700.0	34790000.0	34659600.0	35179100.0	35068500.0	36989900.0	0	0.5001258645530003	-0.023316785522664602	False	0.0386682956627978	False	False	Ecoli	False	True	False	False	umpire	manual	min	1.660964047443681
P0AFK9	P0AFK9		potD		7451140.0	7830190.0	7639410.0	7644960.0	7664710.0	7498920.0	0	0.501057964692794	-0.016298796403297615	False	0.038698839340256565	False	False	Ecoli	False	True	False	False	umpire	manual	min	1.660964047443681
P0AB52	P0AB52		ychN		2293290.0	2535110.0	2472060.0	2348530.0	2539970.0	2271860.0	0	0.5019572872217387	-0.04650685406158762	False	0.038729383017715335	False	False	Ecoli	False	True	False	False	umpire	manual	min	1.660964047443681
P17115	P17115		gutQ		2073820.0	2013650.0	2034840.0	2031770.0	2048550.0	2040270.0	0	0.5038194870064318	0.008946390029742846	False	0.0387599266951741	False	False	Ecoli	False	True	False	False	umpire	manual	min	1.660964047443681
P45530	P45530		tusB		354465.0	398462.0	413701.0	445417.0	480394.0	414912.0	0	0.5053932216633457	-0.09230615333791611	False	0.03879047037263286	False	False	Ecoli	False	True	False	False	umpire	manual	min	1.660964047443681
P64554	P64554		queE		3583890.0	3739670.0	3751730.0	3674070.0	3559600.0	3530470.0	0	0.5054728379900283	0.023775240296636635	False	0.03882101405009163	False	False	Ecoli	False	True	False	False	umpire	manual	min	1.660964047443681
P62399	P62399		rplE		146033000.0	144110000.0	144483000.0	143866000.0	140567000.0	145844000.0	0	0.5059489270669989	0.012880710448897499	False	0.0388515577275504	False	False	Ecoli	False	True	False	False	umpire	manual	min	1.660964047443681
P36548	P36548		amiA		1304730.0	1339930.0	1403750.0	1181120.0	1424290.0	1293050.0	0	0.5060861177049361	-0.060887514589866416	False	0.03888210140500917	False	False	Ecoli	False	True	False	False	umpire	manual	min	1.660964047443681
P05458	P05458		ptrA		810637.0	838666.0	848510.0	869976.0	828539.0	819587.0	0	0.507305967486302	0.02435135910638691	False	0.03891264508246793	False	False	Ecoli	False	True	False	False	umpire	manual	min	1.660964047443681
P77488	P77488		dxs		2850530.0	2832450.0	2743330.0	3020420.0	2830990.0	2755200.0	0	0.5096022666618797	0.033143027849741796	False	0.038943188759926695	False	False	Ecoli	False	True	False	False	umpire	manual	min	1.660964047443681
P75838	P75838		ycaO		9589050.0	9501270.0	9172580.0	9657830.0	9710600.0	9577400.0	0	0.5124534066757366	-0.018652065324803936	False	0.038973732437385465	False	False	Ecoli	False	True	False	False	umpire	manual	min	1.660964047443681
P77756	P77756		queC		1503360.0	1461960.0	1402760.0	1408210.0	1408900.0	1567000.0	0	0.5128260671012496	-0.040727624507114854	False	0.03900427611484423	False	False	Ecoli	False	True	False	False	umpire	manual	min	1.660964047443681
P75882	P75882		gfcD		5119440.0	5483340.0	5120980.0	5201530.0	5246490.0	5026090.0	0	0.5131789251802085	-0.02903905010456187	False	0.039034819792303	False	False	Ecoli	False	True	False	False	umpire	manual	min	1.660964047443681
P0ADE8	P0ADE8		ygfZ		10963900.0	10986900.0	10913900.0	10492500.0	11354300.0	10601600.0	0	0.5141880150950081	-0.025292447157905767	False	0.03906536346976176	False	False	Ecoli	False	True	False	False	umpire	manual	min	1.660964047443681
P11875	P11875		argS		11485800.0	11451600.0	11616200.0	11270200.0	11490100.0	11066800.0	0	0.5149814814857202	0.015346819623095358	False	0.03909590714722053	False	False	Ecoli	False	True	False	False	umpire	manual	min	1.660964047443681
P23538	P23538		ppsA		4756330.0	4842040.0	4719970.0	4936200.0	4924080.0	4811640.0	0	0.5156942392367989	-0.016448446138730203	False	0.03912645082467929	False	False	Ecoli	False	True	False	False	umpire	manual	min	1.660964047443681
P33219	P33219		yebF		502031.0	489215.0	484129.0	545799.0	414101.0	539107.0	0	0.517091456918603	0.0868833803573378	False	0.03915699450213806	False	False	Ecoli	False	True	False	False	umpire	manual	min	1.660964047443681
P0AC69	P0AC69		grxD		24841000.0	24196300.0	24698900.0	24270400.0	24267000.0	24800500.0	0	0.517171867495612	0.010721622210552752	False	0.039187538179596824	False	False	Ecoli	False	True	False	False	umpire	manual	min	1.660964047443681
P0ADN2	P0ADN2		yifE		5781130.0	5667790.0	5765850.0	5820390.0	5872150.0	5667270.0	0	0.5188253586272011	0.013366102523820684	False	0.03921808185705559	False	False	Ecoli	False	True	False	False	umpire	manual	min	1.660964047443681
Q46835	Q46835		yghG		958664.0	876975.0	1061230.0	1107360.0	930184.0	1129210.0	0	0.5211262837685314	0.0908631253266029	False	0.03924862553451436	False	False	Ecoli	False	True	False	False	umpire	manual	min	1.660964047443681
P18776	P18776		dmsB		2218330.0	2045430.0	2141260.0	2157740.0	2076470.0	2247170.0	0	0.522475605841202	0.03319831840117449	False	0.03927916921197312	False	False	Ecoli	False	True	False	False	umpire	manual	min	1.660964047443681
P0A6G7	P0A6G7		clpP		19834600.0	20302500.0	20137500.0	20007700.0	19318300.0	19688100.0	0	0.5230847068869248	0.0162280971874033	False	0.03930971288943189	False	False	Ecoli	False	True	False	False	umpire	manual	min	1.660964047443681
P07762	P07762		glgB		4359900.0	4246080.0	4304440.0	4495390.0	4367220.0	4393800.0	0	0.5242382165519283	0.01683054779216091	False	0.039340256566890656	False	False	Ecoli	False	True	False	False	umpire	manual	min	1.660964047443681
P63417	P63417		yhbS		8456960.0	8489430.0	8530590.0	8547410.0	8473110.0	8872160.0	0	0.5260211843974151	-0.016836331769030464	False	0.03937080024434942	False	False	Ecoli	False	True	False	False	umpire	manual	min	1.660964047443681
P13033	P13033		glpB		1219670.0	1131240.0	1177970.0	1304200.0	1347160.0	1437470.0	0	0.5261349372648741	-0.08109033004466283	False	0.039401343921808184	False	False	Ecoli	False	True	False	False	umpire	manual	min	1.660964047443681
P0AB89	P0AB89		purB		8887170.0	8876400.0	8921990.0	8869430.0	8909780.0	8838580.0	0	0.52657174403151	0.00291389942477869	False	0.03943188759926695	False	False	Ecoli	False	True	False	False	umpire	manual	min	1.660964047443681
P0A9A9	P0A9A9		fur		12573400.0	12533800.0	12923800.0	12391000.0	12866200.0	12895700.0	0	0.5268089680622995	-0.015433807825262737	False	0.039462431276725725	False	False	Ecoli	False	True	False	False	umpire	manual	min	1.660964047443681
P00582	P00582		polA		3337250.0	3305260.0	3322560.0	3390950.0	3289410.0	3382250.0	0	0.5287639444932924	0.010638185202859265	False	0.03949297495418449	False	False	Ecoli	False	True	False	False	umpire	manual	min	1.660964047443681
P76440	P76440		preT		1134780.0	1190680.0	1107010.0	1055220.0	1104430.0	1085000.0	0	0.5301538591479265	-0.035911934574426076	False	0.03952351863164325	False	False	Ecoli	False	True	False	False	umpire	manual	min	1.660964047443681
P0A836	P0A836		sucC		8724720.0	8636220.0	8457600.0	8727750.0	8605840.0	8975100.0	0	0.5309153045213548	-0.01699849946116996	False	0.039554062309102016	False	False	Ecoli	False	True	False	False	umpire	manual	min	1.660964047443681
P0AD10	P0AD10		yecJ		3493560.0	3361730.0	3306840.0	3318820.0	3367190.0	3237990.0	0	0.5325643547884933	0.021879883622407437	False	0.03958460598656078	False	False	Ecoli	False	True	False	False	umpire	manual	min	1.660964047443681
P0ADB1	P0ADB1		osmE		15461500.0	16119200.0	15642200.0	15226300.0	15904600.0	15051500.0	0	0.5348954531273507	-0.023023606459464517	False	0.03961514966401955	False	False	Ecoli	False	True	False	False	umpire	manual	min	1.660964047443681
P15977	P15977		malQ		2886220.0	2957790.0	2817990.0	2932220.0	2948960.0	2834950.0	0	0.5351029833553821	-0.017478792555149482	False	0.03964569334147832	False	False	Ecoli	False	True	False	False	umpire	manual	min	1.660964047443681
P0AB91	P0AB91		aroG		2985340.0	2954730.0	3002110.0	2901280.0	2854040.0	2979300.0	0	0.5357983363181813	0.016430943671571045	False	0.039676237018937084	False	False	Ecoli	False	True	False	False	umpire	manual	min	1.660964047443681
P31460	P31460		dgoR		1328230.0	1389310.0	1446980.0	1542880.0	1343850.0	1441370.0	0	0.5367453073061289	0.04877953584901951	False	0.03970678069639585	False	False	Ecoli	False	True	False	False	umpire	manual	min	1.660964047443681
P31455	P31455		yidR		1393160.0	1471070.0	1316800.0	1401410.0	1386790.0	1346390.0	0	0.5371097229606143	-0.032229247624454054	False	0.03973732437385461	False	False	Ecoli	False	True	False	False	umpire	manual	min	1.660964047443681
P76491	P76491		yfbR		693834.0	705009.0	629883.0	668832.0	677259.0	657296.0	0	0.5390453334046508	-0.03364557568259082	False	0.03976786805131338	False	False	Ecoli	False	True	False	False	umpire	manual	min	1.660964047443681
P77718	P77718		thiI		2428450.0	2477660.0	2448360.0	2356430.0	2355410.0	2250790.0	0	0.540012911678535	0.030106321247592445	False	0.039798411728772146	False	False	Ecoli	False	True	False	False	umpire	manual	min	1.660964047443681
P33195	P33195		gcvP		5378120.0	5449300.0	5315020.0	5521350.0	5332480.0	5670600.0	0	0.5402611937076227	-0.02101265229080974	False	0.03982895540623091	False	False	Ecoli	False	True	False	False	umpire	manual	min	1.660964047443681
P0A7Y8	P0A7Y8		rnpA		971197.0	986635.0	878612.0	968317.0	881414.0	846054.0	0	0.5449793317064067	0.05426064483561105	False	0.03985949908368967	False	False	Ecoli	False	True	False	False	umpire	manual	min	1.660964047443681
P31550	P31550		thiB		1544520.0	1579220.0	1704690.0	1597230.0	1740350.0	1657770.0	0	0.5459591704815872	-0.03844954972088831	False	0.03989004276114844	False	False	Ecoli	False	True	False	False	umpire	manual	min	1.660964047443681
P08957	P08957		hsdM		9712640.0	9965550.0	9819500.0	10046300.0	9902550.0	9923480.0	0	0.5471736955470425	-0.010358674026339413	False	0.039920586438607214	False	False	Ecoli	False	True	False	False	umpire	manual	min	1.660964047443681
P0A794	P0A794		pdxJ		5944110.0	5986080.0	6120560.0	5905910.0	5821180.0	5992230.0	0	0.5473074563645062	0.013801067588968796	False	0.03995113011606598	False	False	Ecoli	False	True	False	False	umpire	manual	min	1.660964047443681
P0A6W5	P0A6W5		greA		23253700.0	23917000.0	23722800.0	23766500.0	23664500.0	23552200.0	0	0.5488641875013996	-0.007945806144437413	False	0.03998167379352474	False	False	Ecoli	False	True	False	False	umpire	manual	min	1.660964047443681
P76027	P76027		oppD		1064120.0	969067.0	1007390.0	1059890.0	1027570.0	1067310.0	0	0.5490195214570486	0.03141646597925384	False	0.040012217470983505	False	False	Ecoli	False	True	False	False	umpire	manual	min	1.660964047443681
P09549	P09549		dedD		1188720.0	1148680.0	1257430.0	1191330.0	1224230.0	1202860.0	0	0.552917165724971	0.024685372906612102	False	0.04004276114844227	False	False	Ecoli	False	True	False	False	umpire	manual	min	1.660964047443681
P0A9T4	P0A9T4		tas		9268530.0	9483550.0	9420910.0	9297040.0	9272530.0	8799020.0	0	0.5542782470699101	0.02241068047439624	False	0.040073304825901046	False	False	Ecoli	False	True	False	False	umpire	manual	min	1.660964047443681
P0A731	P0A731		mgsA		3855440.0	3617130.0	3470410.0	3660890.0	3499390.0	3629600.0	0	0.5552535417384005	0.03194751784196479	False	0.04010384850335981	False	False	Ecoli	False	True	False	False	umpire	manual	min	1.660964047443681
P0ACD4	P0ACD4		nifU		15442000.0	14975100.0	15084500.0	15302100.0	14499300.0	15642900.0	0	0.555331699240665	0.022567480389734527	False	0.04013439218081857	False	False	Ecoli	False	True	False	False	umpire	manual	min	1.660964047443681
P23882	P23882		fmt		6717460.0	6712480.0	7325180.0	6867970.0	7021400.0	6768430.0	0	0.555836964117492	0.028448680871527434	False	0.04016493585827734	False	False	Ecoli	False	True	False	False	umpire	manual	min	1.660964047443681
P23908	P23908		argE		1086210.0	1134910.0	1473410.0	1101820.0	1086300.0	1173780.0	0	0.5577832144638897	0.10900382960328099	False	0.0401954795357361	False	False	Ecoli	False	True	False	False	umpire	manual	min	1.660964047443681
Q57154	Q57154		repB		722940.0	629410.0	541480.0	657809.0	604657.0	575975.0	0	0.5595112860882049	0.0867570444358923	False	0.04022602321319487	False	False	Ecoli	False	True	False	False	umpire	manual	min	1.660964047443681
P25906	P25906		ydbC		923717.0	847720.0	807338.0	846222.0	848722.0	807689.0	0	0.5611905274174027	0.04153756643105691	False	0.040256566890653635	False	False	Ecoli	False	True	False	False	umpire	manual	min	1.660964047443681
P0AFG0	P0AFG0		nusG		16579900.0	16274800.0	15831500.0	16661300.0	16063100.0	16184200.0	0	0.5622341205377467	0.016278660694306283	False	0.040287110568112405	False	False	Ecoli	False	True	False	False	umpire	manual	min	1.660964047443681
P0A9H9	P0A9H9		cheZ		2145990.0	2054820.0	2065750.0	2071750.0	2156880.0	1936950.0	0	0.5647565590736116	0.031296402385382165	False	0.04031765424557117	False	False	Ecoli	False	True	False	False	umpire	manual	min	1.660964047443681
P14081	P14081		selB		5354160.0	5377260.0	5030540.0	5234960.0	5049650.0	4846780.0	0	0.5656507635653913	0.03231440234468784	False	0.04034819792302993	False	False	Ecoli	False	True	False	False	umpire	manual	min	1.660964047443681
P0AC30	P0AC30		ftsX		3484640.0	3621170.0	3573900.0	3730890.0	3569150.0	3778710.0	0	0.5658999177417858	-0.023817302710856438	False	0.0403787416004887	False	False	Ecoli	False	True	False	False	umpire	manual	min	1.660964047443681
P45464	P45464		lpoA		4479480.0	4467540.0	4590050.0	4513890.0	4560660.0	4471730.0	0	0.5666392892633667	0.008894836902848854	False	0.04040928527794747	False	False	Ecoli	False	True	False	False	umpire	manual	min	1.660964047443681
P0AE88	P0AE88		cpxR		4250090.0	4450760.0	4293590.0	4197800.0	4216950.0	4231630.0	0	0.5679401389110208	-0.017764386369605183	False	0.04043982895540623	False	False	Ecoli	False	True	False	False	umpire	manual	min	1.660964047443681
P0A8R0	P0A8R0		rraA		18778800.0	17613900.0	17814700.0	18842600.0	18195300.0	18756700.0	0	0.5692756374226831	0.022826119779433773	False	0.040470372632864994	False	False	Ecoli	False	True	False	False	umpire	manual	min	1.660964047443681
P14175	P14175		proV		1022750.0	1000930.0	1011440.0	1171850.0	981266.0	1103810.0	0	0.569452157535974	0.05505155843174217	False	0.040500916310323765	False	False	Ecoli	False	True	False	False	umpire	manual	min	1.660964047443681
P33667	P33667		selU		788111.0	752588.0	788319.0	830030.0	855987.0	878208.0	0	0.5697363785849002	-0.047368178422639004	False	0.040531459987782535	False	False	Ecoli	False	True	False	False	umpire	manual	min	1.660964047443681
P56262	P56262		ysgA		1094940.0	1156000.0	884379.0	1147780.0	1087770.0	1050020.0	0	0.5719304693531362	-0.07492368315204341	False	0.0405620036652413	False	False	Ecoli	False	True	False	False	umpire	manual	min	1.660964047443681
P0A6L2	P0A6L2		dapA		41586700.0	40761200.0	40655200.0	41473100.0	41438000.0	40841400.0	0	0.5720912492661822	0.007885988874269443	False	0.04059254734270006	False	False	Ecoli	False	True	False	False	umpire	manual	min	1.660964047443681
P0AES0	P0AES0		gsp		2426340.0	2392620.0	2475430.0	2346650.0	2303410.0	2448270.0	0	0.5724339237047533	0.020873890154777697	False	0.040623091020158826	False	False	Ecoli	False	True	False	False	umpire	manual	min	1.660964047443681
P07003	P07003		poxB		2011620.0	1983350.0	1932940.0	2009160.0	1921030.0	1987410.0	0	0.5731465300457224	0.015085364486914835	False	0.04065363469761759	False	False	Ecoli	False	True	False	False	umpire	manual	min	1.660964047443681
P52061	P52061		rdgB		6869750.0	7003530.0	7312710.0	6721510.0	6702370.0	6823670.0	0	0.5743573891509454	0.02607354936905803	False	0.04068417837507637	False	False	Ecoli	False	True	False	False	umpire	manual	min	1.660964047443681
P0ACX5	P0ACX5		ydhZ		2281570.0	2402660.0	2405930.0	2195480.0	2239130.0	1986620.0	0	0.5763053899525872	0.05437047473780523	False	0.04071472205253513	False	False	Ecoli	False	True	False	False	umpire	manual	min	1.660964047443681
P69931	P69931		hda		911786.0	937261.0	886599.0	923033.0	885161.0	843449.0	0	0.5770388846971323	0.029751595454384796	False	0.040745265729993894	False	False	Ecoli	False	True	False	False	umpire	manual	min	1.660964047443681
P0AEN4	P0AEN4		ftsL		1061080.0	1116130.0	1029720.0	1108320.0	1005520.0	1185290.0	0	0.5778149232024896	-0.04782176058151666	False	0.04077580940745266	False	False	Ecoli	False	True	False	False	umpire	manual	min	1.660964047443681
P0AEI4	P0AEI4		rimO		5016060.0	4540960.0	4680960.0	4624740.0	4823230.0	4688450.0	0	0.5788423326388308	0.027367608288240076	False	0.04080635308491142	False	False	Ecoli	False	True	False	False	umpire	manual	min	1.660964047443681
P0ABI8	P0ABI8		cyoB		2204780.0	2346710.0	2485940.0	2346230.0	2205590.0	2314500.0	0	0.5796923019104305	0.035312317398744554	False	0.04083689676237019	False	False	Ecoli	False	True	False	False	umpire	manual	min	1.660964047443681
P76104	P76104		ydcP		581710.0	607212.0	581626.0	784453.0	572836.0	633294.0	0	0.5798486869424125	0.10318635570888147	False	0.040867440439828956	False	False	Ecoli	False	True	False	False	umpire	manual	min	1.660964047443681
P37440	P37440		ucpA		8582210.0	8241320.0	8423100.0	8658190.0	8543140.0	8628750.0	0	0.5810237405767171	0.014139322289655596	False	0.040897984117287726	False	False	Ecoli	False	True	False	False	umpire	manual	min	1.660964047443681
P0ACJ8	P0ACJ8		crp		25572000.0	25683300.0	25151700.0	25144800.0	25099200.0	25487000.0	0	0.5811450875054402	-0.007605227505457788	False	0.04092852779474649	False	False	Ecoli	False	True	False	False	umpire	manual	min	1.660964047443681
P0ADX1	P0ADX1		yhfA		4415700.0	4419120.0	4491090.0	4654470.0	4612150.0	4742320.0	0	0.5814624742559338	-0.022413409935977707	False	0.040959071472205254	False	False	Ecoli	False	True	False	False	umpire	manual	min	1.660964047443681
P52697	P52697		pgl		23213700.0	22817700.0	23048500.0	23038400.0	23060200.0	23193900.0	0	0.5818141509040876	0.004771022634380255	False	0.040989615149664024	False	False	Ecoli	False	True	False	False	umpire	manual	min	1.660964047443681
P37052	P37052		ychJ		1544560.0	1485140.0	1527700.0	1507720.0	1497760.0	1553820.0	0	0.5855669367574535	0.013691677009755685	False	0.04102015882712279	False	False	Ecoli	False	True	False	False	umpire	manual	min	1.660964047443681
P0ABB0	P0ABB0		atpA		57804000.0	58132300.0	57118100.0	57953600.0	57549900.0	57748100.0	0	0.5862294550940883	-0.0046208806876256265	False	0.04105070250458155	False	False	Ecoli	False	True	False	False	umpire	manual	min	1.660964047443681
P0ACL0	P0ACL0		glpR		2077860.0	1950340.0	1943180.0	1964500.0	1912750.0	2027320.0	0	0.5879481992183241	0.023113353418413404	False	0.041081246182040315	False	False	Ecoli	False	True	False	False	umpire	manual	min	1.660964047443681
P00888	P00888		aroF		1785980.0	1860570.0	1788580.0	1833420.0	1787240.0	1807450.0	0	0.5907280657242108	-0.012558141444036637	False	0.04111178985949908	False	False	Ecoli	False	True	False	False	umpire	manual	min	1.660964047443681
P0ACE7	P0ACE7		hinT		11901500.0	11835000.0	11305500.0	11856200.0	11815400.0	11775100.0	0	0.5933390867980513	-0.014830547766014609	False	0.041142333536957856	False	False	Ecoli	False	True	False	False	umpire	manual	min	1.660964047443681
P39298	P39298		yjfP		557515.0	453149.0	632870.0	598027.0	619074.0	610653.0	0	0.5935091482737719	0.08775025338205335	False	0.04117287721441662	False	False	Ecoli	False	True	False	False	umpire	manual	min	1.660964047443681
P08390	P08390		usg		59117300.0	59127400.0	59027700.0	55565600.0	58674100.0	58139500.0	0	0.593796731556291	-0.018405925583431855	False	0.041203420891875384	False	False	Ecoli	False	True	False	False	umpire	manual	min	1.660964047443681
P61887	P61887		rmlA2		978627.0	927683.0	945390.0	869855.0	938140.0	856276.0	0	0.5940057552146454	0.037546388669182265	False	0.04123396456933415	False	False	Ecoli	False	True	False	False	umpire	manual	min	1.660964047443681
P45469	P45469		yraR		922602.0	900108.0	897690.0	831553.0	848966.0	846025.0	0	0.5950497579349667	0.031206875808700008	False	0.04126450824679291	False	False	Ecoli	False	True	False	False	umpire	manual	min	1.660964047443681
P0ADR8	P0ADR8		ygdH		9629060.0	9600560.0	9503930.0	9699550.0	9549330.0	9903200.0	0	0.5959522804571227	-0.010993676011481483	False	0.04129505192425169	False	False	Ecoli	False	True	False	False	umpire	manual	min	1.660964047443681
P07024	P07024		ushA		4708570.0	4705430.0	4562060.0	4914380.0	4878510.0	4803450.0	0	0.5962619985656663	-0.02043773048473622	False	0.04132559560171045	False	False	Ecoli	False	True	False	False	umpire	manual	min	1.660964047443681
P0AFX7	P0AFX7		rseA		620292.0	603003.0	639420.0	584350.0	558212.0	635088.0	0	0.5968339663759974	0.037856437959863536	False	0.041356139279169216	False	False	Ecoli	False	True	False	False	umpire	manual	min	1.660964047443681
P43671	P43671		pqiB		308359.0	330243.0	378472.0	392824.0	351531.0	348528.0	0	0.5971005782337325	0.06750309865137105	False	0.04138668295662798	False	False	Ecoli	False	True	False	False	umpire	manual	min	1.660964047443681
P0A8Y5	P0A8Y5		yidA		4958890.0	4819410.0	4867700.0	4966800.0	4884280.0	4987870.0	0	0.5974882906335879	0.009965098811959354	False	0.04141722663408674	False	False	Ecoli	False	True	False	False	umpire	manual	min	1.660964047443681
P0AE08	P0AE08		ahpC		24807000.0	24133100.0	24912100.0	25087800.0	24969800.0	25124400.0	0	0.5991579110007259	0.011221454691698794	False	0.04144777031154551	False	False	Ecoli	False	True	False	False	umpire	manual	min	1.660964047443681
P31680	P31680		djlA		1260900.0	1179480.0	1078480.0	1054600.0	1137050.0	1200330.0	0	0.5993065575039002	-0.0513098415471502	False	0.04147831398900428	False	False	Ecoli	False	True	False	False	umpire	manual	min	1.660964047443681
P0AEY3	P0AEY3		mazG		1467170.0	1496460.0	1349110.0	1536900.0	1415780.0	1557660.0	0	0.6026367862248048	-0.038172880514943365	False	0.04150885766646304	False	False	Ecoli	False	True	False	False	umpire	manual	min	1.660964047443681
P0ACD8	P0ACD8		hyaB		6532910.0	6379510.0	6319770.0	6476020.0	6383700.0	6445690.0	0	0.6028227091021773	0.008969703491876256	False	0.04153940134392181	False	False	Ecoli	False	True	False	False	umpire	manual	min	1.660964047443681
P0ACF0	P0ACF0		hupA		509384000.0	483794000.0	485688000.0	507651000.0	496673000.0	505571000.0	0	0.6054161798334143	0.016108090827582994	False	0.041569945021380575	False	False	Ecoli	False	True	False	False	umpire	manual	min	1.660964047443681
P0A8Y1	P0A8Y1		yjjG		1085390.0	1135970.0	1239490.0	1153420.0	1257410.0	1180890.0	0	0.6057949401342966	-0.03926625047733059	False	0.041600488698839345	False	False	Ecoli	False	True	False	False	umpire	manual	min	1.660964047443681
P65367	P65367		yqcA		2478620.0	2384240.0	2375370.0	2434240.0	2433170.0	2587520.0	0	0.6094068613275152	-0.02291760950918887	False	0.04163103237629811	False	False	Ecoli	False	True	False	False	umpire	manual	min	1.660964047443681
P37617	P37617		zntA		1622310.0	1512760.0	1555430.0	1595940.0	1608860.0	1592470.0	0	0.6099659440062029	0.01812255734427704	False	0.04166157605375687	False	False	Ecoli	False	True	False	False	umpire	manual	min	1.660964047443681
P33920	P33920		yejK		2503550.0	2510220.0	2469450.0	2580220.0	2554840.0	2549440.0	0	0.6106178890338547	-0.011657498046750009	False	0.041692119731215636	False	False	Ecoli	False	True	False	False	umpire	manual	min	1.660964047443681
P0A877	P0A877		trpA		2331830.0	2341880.0	2329040.0	2353450.0	2356660.0	2263200.0	0	0.6118374287963321	0.010855314464827029	False	0.0417226634086744	False	False	Ecoli	False	True	False	False	umpire	manual	min	1.660964047443681
P0A749	P0A749		murA		12736100.0	12358700.0	12636000.0	12430500.0	12796000.0	13005900.0	0	0.612828492038269	-0.013598391023424724	False	0.04175320708613318	False	False	Ecoli	False	True	False	False	umpire	manual	min	1.660964047443681
P76004	P76004		ycgM		1363630.0	1251360.0	1388520.0	1297070.0	1181460.0	1462640.0	0	0.6132487523132307	0.055850328163257947	False	0.04178375076359194	False	False	Ecoli	False	True	False	False	umpire	manual	min	1.660964047443681
P0A8Z0	P0A8Z0		yciA		1785560.0	1830390.0	1793540.0	1912700.0	1705680.0	1854730.0	0	0.6153301682174501	0.026779700248927424	False	0.041814294441050705	False	False	Ecoli	False	True	False	False	umpire	manual	min	1.660964047443681
P60546	P60546		gmk		5107930.0	4971910.0	5130290.0	5133910.0	5074540.0	5205920.0	0	0.6161481837784244	0.011283647984512169	False	0.04184483811850947	False	False	Ecoli	False	True	False	False	umpire	manual	min	1.660964047443681
P0AD49	P0AD49		raiA		6331780.0	6657530.0	6299540.0	6615470.0	6519030.0	6303400.0	0	0.6176575054856221	-0.01737286333948739	False	0.04187538179596823	False	False	Ecoli	False	True	False	False	umpire	manual	min	1.660964047443681
P23894	P23894		htpX		4198370.0	4390610.0	4574040.0	4281580.0	4368280.0	4033310.0	0	0.6192626065126844	0.029226439277272274	False	0.041905925473427	False	False	Ecoli	False	True	False	False	umpire	manual	min	1.660964047443681
P0AEE1	P0AEE1		dcrB		8073800.0	8312340.0	8346480.0	7627690.0	8032180.0	8082090.0	0	0.6208911523217295	-0.022538541249793008	False	0.04193646915088577	False	False	Ecoli	False	True	False	False	umpire	manual	min	1.660964047443681
P77376	P77376		ydgJ		2274560.0	2289580.0	2231320.0	2208590.0	2264980.0	1994310.0	0	0.6212521270644725	0.036027533699788866	False	0.04196701282834454	False	False	Ecoli	False	True	False	False	umpire	manual	min	1.660964047443681
P06149	P06149		dld		6731290.0	6453620.0	6476360.0	6523710.0	6480670.0	6640020.0	0	0.6221059730406542	0.01152894541329903	False	0.0419975565058033	False	False	Ecoli	False	True	False	False	umpire	manual	min	1.660964047443681
P0A6A3	P0A6A3		ackA		177331000.0	177594000.0	173781000.0	177070000.0	172034000.0	175367000.0	0	0.6227807889565719	0.008731453744021503	False	0.042028100183262064	False	False	Ecoli	False	True	False	False	umpire	manual	min	1.660964047443681
P0AD12	P0AD12		yeeZ		10594700.0	10106400.0	10709200.0	10869600.0	11032700.0	10569200.0	0	0.6267564008929044	0.021012357104628475	False	0.042058643860720835	False	False	Ecoli	False	True	False	False	umpire	manual	min	1.660964047443681
P0CK95	P0CK95		yghJ		4749820.0	4670320.0	4748090.0	4639900.0	4776600.0	4585410.0	0	0.6275300403685304	0.010804077232767986	False	0.0420891875381796	False	False	Ecoli	False	True	False	False	umpire	manual	min	1.660964047443681
P77552	P77552		ydhQ		2601790.0	2722990.0	2783630.0	2766460.0	2741510.0	2557970.0	0	0.6276369151134282	0.02308632485952016	False	0.04211973121563836	False	False	Ecoli	False	True	False	False	umpire	manual	min	1.660964047443681
P15070	P15070		fliN		4267630.0	4007610.0	4471120.0	3925230.0	4713440.0	4344830.0	0	0.633362446427453	-0.045073412707935495	False	0.042150274893097125	False	False	Ecoli	False	True	False	False	umpire	manual	min	1.660964047443681
P63235	P63235		gadC		2375870.0	2228170.0	2296420.0	2294620.0	2412150.0	2442870.0	0	0.6334799844089896	-0.023880315386619885	False	0.042180818570555896	False	False	Ecoli	False	True	False	False	umpire	manual	min	1.660964047443681
P0A9F3	P0A9F3		cysB		3471060.0	3409830.0	3427680.0	3534510.0	3575030.0	3541300.0	0	0.6336280992550047	-0.0127905961317776	False	0.04221136224801467	False	False	Ecoli	False	True	False	False	umpire	manual	min	1.660964047443681
P00811	P00811		ampC		787424.0	825996.0	868296.0	795437.0	794931.0	888105.0	0	0.634836169621282	-0.033667977105997546	False	0.04224190592547343	False	False	Ecoli	False	True	False	False	umpire	manual	min	1.660964047443681
P39384	P39384		yjiM		1545510.0	1512970.0	1419290.0	1444360.0	1501200.0	1461140.0	0	0.637686780466213	-0.02148378924820238	False	0.042272449602932194	False	False	Ecoli	False	True	False	False	umpire	manual	min	1.660964047443681
P0A9D4	P0A9D4		cysE		3004810.0	2982790.0	2824440.0	2852940.0	2806310.0	2758100.0	0	0.6381674701839996	0.022607113615065445	False	0.04230299328039096	False	False	Ecoli	False	True	False	False	umpire	manual	min	1.660964047443681
P0A955	P0A955		eda		28126000.0	28043000.0	27806300.0	28697100.0	27665700.0	28408200.0	0	0.640182536208691	0.008763255630713621	False	0.04233353695784972	False	False	Ecoli	False	True	False	False	umpire	manual	min	1.660964047443681
P0A8W5	P0A8W5		yqgE		2830310.0	2871750.0	2882330.0	2937380.0	2794300.0	2913340.0	0	0.6403790213766603	0.011828393605892726	False	0.0423640806353085	False	False	Ecoli	False	True	False	False	umpire	manual	min	1.660964047443681
P29745	P29745		pepT		5252650.0	5298190.0	5374320.0	5248020.0	5306080.0	5339660.0	0	0.6408459416790382	-0.0062515982158020695	False	0.04239462431276726	False	False	Ecoli	False	True	False	False	umpire	manual	min	1.660964047443681
P76938	P76938		epmC		1631710.0	1543400.0	1642950.0	1534380.0	1583390.0	1619840.0	0	0.6424152875597163	0.01884533010892912	False	0.042425167990226026	False	False	Ecoli	False	True	False	False	umpire	manual	min	1.660964047443681
P0C037	P0C037		yaiE		10701600.0	11495900.0	11111200.0	10612900.0	8834180.0	10809400.0	0	0.6471812694585083	0.05839286647709278	False	0.04245571166768479	False	False	Ecoli	False	True	False	False	umpire	manual	min	1.660964047443681
P0AFZ1	P0AFZ1		sseB		1920880.0	1861450.0	1829150.0	1782590.0	1680640.0	1877960.0	0	0.6479320250310401	0.029656677249322617	False	0.04248625534514355	False	False	Ecoli	False	True	False	False	umpire	manual	min	1.660964047443681
P0ABZ6	P0ABZ6		surA		11410300.0	11029100.0	11388500.0	10917700.0	11026900.0	11368700.0	0	0.6497174129402383	0.012540170967471651	False	0.042516799022602324	False	False	Ecoli	False	True	False	False	umpire	manual	min	1.660964047443681
P76506	P76506		mlaA		7020710.0	6899910.0	6963700.0	7052570.0	6995830.0	7370260.0	0	0.6500081131632809	-0.015621086094018704	False	0.04254734270006109	False	False	Ecoli	False	True	False	False	umpire	manual	min	1.660964047443681
P0A8H8	P0A8H8		yacG		2018850.0	1952740.0	2019710.0	1925940.0	2059740.0	1850630.0	0	0.6530197179939832	0.02473507891044939	False	0.04257788637751986	False	False	Ecoli	False	True	False	False	umpire	manual	min	1.660964047443681
P09323	P09323		nagE		547612.0	658924.0	693198.0	560180.0	575653.0	458352.0	0	0.6552648373894718	0.0892687015984361	False	0.04260843005497862	False	False	Ecoli	False	True	False	False	umpire	manual	min	1.660964047443681
P69407	P69407		rcsB		6897710.0	6671710.0	6626120.0	7162570.0	6922050.0	7527740.0	0	0.6565108597764511	-0.030029696591093637	False	0.042638973732437385	False	False	Ecoli	False	True	False	False	umpire	manual	min	1.660964047443681
P39407	P39407		yjjU		379254.0	476101.0	442687.0	444732.0	358646.0	505690.0	0	0.6566739694269672	-0.08165928353481283	False	0.042669517409896156	False	False	Ecoli	False	True	False	False	umpire	manual	min	1.660964047443681
P12758	P12758		udp		26490000.0	27540600.0	26512100.0	27020300.0	26463400.0	26582900.0	0	0.6567450964186621	-0.010141438934714734	False	0.04270006108735492	False	False	Ecoli	False	True	False	False	umpire	manual	min	1.660964047443681
P31658	P31658		hchA		7606400.0	8185630.0	8590780.0	8198250.0	8408760.0	8246090.0	0	0.6593391240944735	-0.02608213865949308	False	0.04273060476481368	False	False	Ecoli	False	True	False	False	umpire	manual	min	1.660964047443681
P0A6V8	P0A6V8		glk		10101800.0	10246400.0	9969300.0	10090600.0	9830140.0	10324900.0	0	0.6597561059170606	-0.011421914904119111	False	0.04276114844227245	False	False	Ecoli	False	True	False	False	umpire	manual	min	1.660964047443681
P10100	P10100		rlpA		3297480.0	3333460.0	3200140.0	3511460.0	3241400.0	3290770.0	0	0.6605962716285811	0.02082628602109885	False	0.04279169211973122	False	False	Ecoli	False	True	False	False	umpire	manual	min	1.660964047443681
P21170	P21170		speA		6975030.0	6862550.0	6675240.0	6931700.0	6844000.0	7035880.0	0	0.6609381262073499	-0.0112038412996828	False	0.04282223579718999	False	False	Ecoli	False	True	False	False	umpire	manual	min	1.660964047443681
P06610	P06610		btuE		9086970.0	9034140.0	9052940.0	8545820.0	8902520.0	8373090.0	0	0.6640144365983867	0.02047093760995041	False	0.04285277947464875	False	False	Ecoli	False	True	False	False	umpire	manual	min	1.660964047443681
P39274	P39274		yjdJ		3552170.0	3578760.0	3853400.0	3422180.0	4050800.0	3499430.0	0	0.6657198726359805	-0.039589185401419265	False	0.042883323152107515	False	False	Ecoli	False	True	False	False	umpire	manual	min	1.660964047443681
P24554	P24554		radA		1600120.0	1483210.0	1238140.0	1390530.0	1510810.0	1396180.0	0	0.666713033369431	-0.05404174619536265	False	0.04291386682956628	False	False	Ecoli	False	True	False	False	umpire	manual	min	1.660964047443681
P31119	P31119		aas		1003690.0	982154.0	920838.0	950783.0	941999.0	991226.0	0	0.6687306377042743	-0.019965436749603334	False	0.04294441050702504	False	False	Ecoli	False	True	False	False	umpire	manual	min	1.660964047443681
P00946	P00946		manA		10928700.0	10734600.0	10674600.0	10532200.0	10674300.0	10543500.0	0	0.6693783395240185	0.00824362104924814	False	0.04297495418448382	False	False	Ecoli	False	True	False	False	umpire	manual	min	1.660964047443681
P0A6Y1	P0A6Y1		ihfB		11172700.0	10383300.0	10258300.0	11032700.0	11237900.0	11435600.0	0	0.670105220662941	-0.026119635875444466	False	0.04300549786194258	False	False	Ecoli	False	True	False	False	umpire	manual	min	1.660964047443681
P0AB77	P0AB77		kbl		16019900.0	16225400.0	16674000.0	16205900.0	16222700.0	16163400.0	0	0.6709789358182298	0.00853091266805064	False	0.04303604153940135	False	False	Ecoli	False	True	False	False	umpire	manual	min	1.660964047443681
P0ABB4	P0ABB4		atpD		57583000.0	57444700.0	58160700.0	59154800.0	57588300.0	58954900.0	0	0.6718346470379353	0.007530938937992148	False	0.04306658521686011	False	False	Ecoli	False	True	False	False	umpire	manual	min	1.660964047443681
P0AD44	P0AD44		yfhG		823969.0	837766.0	817391.0	800933.0	740740.0	819613.0	0	0.6734388135668045	0.02633303944913243	False	0.043097128894318874	False	False	Ecoli	False	True	False	False	umpire	manual	min	1.660964047443681
P0AG24	P0AG24		spoT		2815120.0	2736390.0	2842610.0	2854880.0	2980680.0	2900770.0	0	0.6756305147235839	-0.017724777663284973	False	0.043127672571777645	False	False	Ecoli	False	True	False	False	umpire	manual	min	1.660964047443681
P0A6E9	P0A6E9		bioD2		5899760.0	5611340.0	5487150.0	5756900.0	5722950.0	6050440.0	0	0.6768748759855434	-0.02013289469449599	False	0.04315821624923641	False	False	Ecoli	False	True	False	False	umpire	manual	min	1.660964047443681
P28248	P28248		dcd		2948070.0	3094200.0	2944720.0	2983970.0	2880860.0	2991030.0	0	0.6792258513398164	-0.014445789184312557	False	0.04318875992669518	False	False	Ecoli	False	True	False	False	umpire	manual	min	1.660964047443681
P07001	P07001		pntA		4851260.0	4592110.0	4361450.0	4619830.0	4696790.0	4751730.0	0	0.6800022563808901	-0.02154157483170151	False	0.04321930360415394	False	False	Ecoli	False	True	False	False	umpire	manual	min	1.660964047443681
P39173	P39173		yeaD		30671400.0	30215900.0	29877400.0	30478900.0	30492600.0	30693500.0	0	0.6804206595063247	-0.005920105241078541	False	0.043249847281612706	False	False	Ecoli	False	True	False	False	umpire	manual	min	1.660964047443681
P63228	P63228		gmhB		4066690.0	4339390.0	4452510.0	4603990.0	4513610.0	4506130.0	0	0.6804694736501309	-0.025707602254394595	False	0.04328039095907148	False	False	Ecoli	False	True	False	False	umpire	manual	min	1.660964047443681
P42628	P42628		yhaO		10080300.0	10593000.0	9552660.0	10272000.0	8957530.0	9643060.0	0	0.6818953542890602	0.034733154766755675	False	0.04331093463653024	False	False	Ecoli	False	True	False	False	umpire	manual	min	1.660964047443681
P37095	P37095		pepB		14371100.0	14377100.0	14268700.0	14141500.0	14233600.0	13996800.0	0	0.6820202967344371	0.005872918798861937	False	0.043341478313989004	False	False	Ecoli	False	True	False	False	umpire	manual	min	1.660964047443681
P0A7H6	P0A7H6		recR		657413.0	739778.0	784616.0	810583.0	743721.0	846851.0	0	0.6844943142670357	-0.048947813748070425	False	0.04337202199144777	False	False	Ecoli	False	True	False	False	umpire	manual	min	1.660964047443681
P33599	P33599		nuoC		13228700.0	13392500.0	13248100.0	13294600.0	13193300.0	13041500.0	0	0.6853951599775485	0.0052366747477371	False	0.04340256566890653	False	False	Ecoli	False	True	False	False	umpire	manual	min	1.660964047443681
P02931	P02931		ompF		37133200.0	36757300.0	36502800.0	37030000.0	36342300.0	38527600.0	0	0.6854022599510204	-0.012476559030646844	False	0.04343310934636531	False	False	Ecoli	False	True	False	False	umpire	manual	min	1.660964047443681
P24252	P24252		ybgA		1518180.0	1553050.0	1552560.0	1390030.0	1592670.0	1411510.0	0	0.6863869895370833	-0.03086442034158777	False	0.04346365302382407	False	False	Ecoli	False	True	False	False	umpire	manual	min	1.660964047443681
P45578	P45578		luxS		21282500.0	21280700.0	21720500.0	21215400.0	21730700.0	21474700.0	0	0.686734176058641	-0.006001499860388162	False	0.043494196701282836	False	False	Ecoli	False	True	False	False	umpire	manual	min	1.660964047443681
P0AF28	P0AF28		narL		7685480.0	7685660.0	7653920.0	7723120.0	7880840.0	7227140.0	0	0.6897527317225702	0.016918830024884864	False	0.0435247403787416	False	False	Ecoli	False	True	False	False	umpire	manual	min	1.660964047443681
P0AC53	P0AC53		zwf		12119500.0	12145100.0	12347700.0	12026100.0	12214500.0	11980900.0	0	0.6902435712409708	0.006053346815946425	False	0.043555284056200363	False	False	Ecoli	False	True	False	False	umpire	manual	min	1.660964047443681
P0AA31	P0AA31		yedF		3975470.0	3696360.0	3652580.0	3768830.0	3699380.0	3859280.0	0	0.691372112403409	0.018070307054159462	False	0.04358582773365914	False	False	Ecoli	False	True	False	False	umpire	manual	min	1.660964047443681
P0A9J4	P0A9J4		panE		778696.0	714359.0	783584.0	792470.0	867584.0	698676.0	0	0.6918598317971736	0.04614844908927382	False	0.043616371411117905	False	False	Ecoli	False	True	False	False	umpire	manual	min	1.660964047443681
P0A6D7	P0A6D7		aroK		11596000.0	11810300.0	11637700.0	11699800.0	11559400.0	11396100.0	0	0.6922972889464605	0.006942406171320101	False	0.04364691508857667	False	False	Ecoli	False	True	False	False	umpire	manual	min	1.660964047443681
P13009	P13009		metH		2007470.0	2084780.0	2023560.0	2031920.0	2009300.0	1892060.0	0	0.6937259694328277	0.01839390479901617	False	0.04367745876603543	False	False	Ecoli	False	True	False	False	umpire	manual	min	1.660964047443681
P0A9C0	P0A9C0		glpA		2024820.0	1996680.0	2132060.0	2038280.0	1971150.0	2145260.0	0	0.6947046089657646	0.019239735429062363	False	0.043708002443494195	False	False	Ecoli	False	True	False	False	umpire	manual	min	1.660964047443681
P78067	P78067		ynjE		2730890.0	2804330.0	2570750.0	2756610.0	2586140.0	2540140.0	0	0.6948621958763384	0.023034726301553326	False	0.043738546120952966	False	False	Ecoli	False	True	False	False	umpire	manual	min	1.660964047443681
P24169	P24169		speF		4359740.0	4168350.0	4008940.0	4179480.0	4164820.0	4074310.0	0	0.6950357929427041	0.01626570092106733	False	0.04376908979841173	False	False	Ecoli	False	True	False	False	umpire	manual	min	1.660964047443681
P51024	P51024		yaiL		315512.0	247173.0	185369.0	280485.0	289635.0	298995.0	1	0.6985204407627077	-0.09716445690490724	False	0.04379963347587049	False	False	Ecoli	False	True	False	False	umpire	manual	min	1.660964047443681
P21829	P21829		ybhA		2251630.0	2108000.0	2153340.0	2149910.0	2202020.0	2189280.0	0	0.698784070626666	0.012285026695764418	False	0.043830177153329264	False	False	Ecoli	False	True	False	False	umpire	manual	min	1.660964047443681
P0A978	P0A978		cspG		7717800.0	7842530.0	8139160.0	8555080.0	8109320.0	8990500.0	0	0.6997462850738732	-0.031004538919047735	False	0.04386072083078803	False	False	Ecoli	False	True	False	False	umpire	manual	min	1.660964047443681
P25736	P25736		endA		1080440.0	1086780.0	1049440.0	1151260.0	1064330.0	1089300.0	0	0.7009448197788426	0.018020787400518348	False	0.0438912645082468	False	False	Ecoli	False	True	False	False	umpire	manual	min	1.660964047443681
P0ABN1	P0ABN1		dgkA		404742.0	388246.0	361339.0	343310.0	378975.0	301293.0	0	0.7043400161653074	0.05416211591769368	False	0.04392180818570556	False	False	Ecoli	False	True	False	False	umpire	manual	min	1.660964047443681
P0AEE5	P0AEE5		mglB		2140190.0	2268760.0	2002080.0	2028330.0	2057340.0	1968570.0	0	0.7043678563865465	-0.028719969150884088	False	0.043952351863164325	False	False	Ecoli	False	True	False	False	umpire	manual	min	1.660964047443681
P00393	P00393		ndh		5310750.0	5140210.0	5187420.0	5396770.0	5285300.0	5361180.0	0	0.7055047729485638	0.009858858014962129	False	0.04398289554062309	False	False	Ecoli	False	True	False	False	umpire	manual	min	1.660964047443681
P0AFD4	P0AFD4		nuoH		2440220.0	2472760.0	2491390.0	2464890.0	2478380.0	2414690.0	0	0.7071225619268846	0.005994652682455012	False	0.04401343921808185	False	False	Ecoli	False	True	False	False	umpire	manual	min	1.660964047443681
P0AE48	P0AE48		ytfP		3746270.0	3849570.0	3728710.0	3901890.0	3752740.0	3853260.0	0	0.707809591625272	-0.009945546719434156	False	0.04404398289554063	False	False	Ecoli	False	True	False	False	umpire	manual	min	1.660964047443681
P37028	P37028		btuF		530623.0	560372.0	569599.0	472377.0	495126.0	470316.0	0	0.7095773825448393	0.04357173683471934	False	0.044074526572999394	False	False	Ecoli	False	True	False	False	umpire	manual	min	1.660964047443681
P77499	P77499		sufC		1389220.0	1433470.0	1394440.0	1403480.0	1408520.0	1288140.0	0	0.7136097545587614	0.01977796377975837	False	0.04410507025045816	False	False	Ecoli	False	True	False	False	umpire	manual	min	1.660964047443681
P00448	P00448		sodA		3512230.0	3390900.0	3321960.0	3368940.0	3460550.0	3253910.0	0	0.7160174458577565	0.01389107549430992	False	0.04413561392791692	False	False	Ecoli	False	True	False	False	umpire	manual	min	1.660964047443681
P27830	P27830		rffG		1296590.0	1291740.0	1181230.0	1268190.0	1252990.0	1246140.0	0	0.7199385079334223	-0.017174232261206814	False	0.044166157605375685	False	False	Ecoli	False	True	False	False	umpire	manual	min	1.660964047443681
P77454	P77454		glsA1		1270430.0	1248800.0	1275970.0	1275220.0	1232130.0	1311230.0	0	0.7231687625843354	0.011164495956403744	False	0.044196701282834455	False	False	Ecoli	False	True	False	False	umpire	manual	min	1.660964047443681
P00962	P00962		glnS		17691200.0	17867200.0	17581600.0	17810000.0	17623800.0	17424000.0	0	0.7239256458798091	0.0045677255582053725	False	0.044227244960293226	False	False	Ecoli	False	True	False	False	umpire	manual	min	1.660964047443681
P0ABX2	P0ABX2		flgC		1164480.0	1064070.0	1097400.0	1028080.0	1126680.0	1045760.0	0	0.7239774039619862	0.023631082044247364	False	0.04425778863775199	False	False	Ecoli	False	True	False	False	umpire	manual	min	1.660964047443681
P0AF90	P0AF90		rraB		6711210.0	6487170.0	6781880.0	7528460.0	7694030.0	7346930.0	0	0.7246826120162937	-0.034353959296744514	False	0.04428833231521075	False	False	Ecoli	False	True	False	False	umpire	manual	min	1.660964047443681
P30130	P30130		fimD		1322370.0	1363430.0	1488030.0	1341900.0	1411300.0	1310380.0	0	0.7321248594262564	0.023535754472019384	False	0.04431887599266952	False	False	Ecoli	False	True	False	False	umpire	manual	min	1.660964047443681
P0AAT6	P0AAT6		rsfS		3228810.0	3201160.0	3258290.0	3250160.0	3370250.0	3227980.0	0	0.7328263196004694	-0.009176081371812004	False	0.04434941967012829	False	False	Ecoli	False	True	False	False	umpire	manual	min	1.660964047443681
P0AFD1	P0AFD1		nuoE		5981590.0	6123820.0	5975800.0	5938400.0	5930760.0	5919800.0	0	0.7332455665525013	-0.00632177570863422	False	0.04437996334758705	False	False	Ecoli	False	True	False	False	umpire	manual	min	1.660964047443681
P07604	P07604		tyrR		2327640.0	2455490.0	2443940.0	2408940.0	2389020.0	2381950.0	0	0.7341683863254722	-0.009200767241479347	False	0.044410507025045814	False	False	Ecoli	False	True	False	False	umpire	manual	min	1.660964047443681
P0A8A4	P0A8A4		ppsR		1918660.0	2106450.0	2001060.0	2074960.0	2062010.0	1908600.0	0	0.7342493813563482	-0.019690792287735032	False	0.04444105070250458	False	False	Ecoli	False	True	False	False	umpire	manual	min	1.660964047443681
P0AB58	P0AB58		yciM		329797.0	56058.5	305070.0	344494.0	550119.0	568722.0	1	0.7355198022973963	-0.2626247035745298	False	0.04447159437996335	False	False	Ecoli	False	True	False	False	umpire	manual	min	1.660964047443681
P33235	P33235		flgK		2692090.0	2496620.0	2503210.0	2575110.0	2700670.0	2474240.0	0	0.7357837529539563	0.01847638773666309	False	0.04450213805742212	False	False	Ecoli	False	True	False	False	umpire	manual	min	1.660964047443681
P24228	P24228		dacB		1851900.0	1715420.0	1701870.0	1835820.0	1853280.0	1752670.0	0	0.7363667498954186	0.0183778086333211	False	0.04453268173488088	False	False	Ecoli	False	True	False	False	umpire	manual	min	1.660964047443681
P0A738	P0A738		moaC		772968.0	746002.0	709544.0	741659.0	742865.0	711890.0	0	0.7365910745322402	0.015267853828051906	False	0.044563225412339647	False	False	Ecoli	False	True	False	False	umpire	manual	min	1.660964047443681
P75797	P75797		gsiB		769338.0	836760.0	808571.0	799422.0	749181.0	824259.0	0	0.7398432170983831	-0.01981008096956689	False	0.04459376908979841	False	False	Ecoli	False	True	False	False	umpire	manual	min	1.660964047443681
P24183	P24183		fdnG		5206630.0	5245700.0	5242930.0	5369000.0	5327920.0	5174090.0	0	0.7398607210866841	0.006476223848467843	False	0.044624312767257174	False	False	Ecoli	False	True	False	False	umpire	manual	min	1.660964047443681
P39401	P39401		mdoB		1105520.0	1087600.0	1147600.0	1038000.0	1150110.0	1093970.0	0	0.7406478851017828	-0.017671209294655228	False	0.04465485644471595	False	False	Ecoli	False	True	False	False	umpire	manual	min	1.660964047443681
P37650	P37650		bcsC		1279020.0	1109900.0	1021960.0	1143340.0	1231960.0	1192350.0	0	0.7413755357087255	-0.037168581422570804	False	0.044685400122174715	False	False	Ecoli	False	True	False	False	umpire	manual	min	1.660964047443681
P60664	P60664		hisF		2714630.0	2852810.0	2787870.0	2828380.0	2738820.0	2788950.0	0	0.7415461139015884	-0.008581195769584818	False	0.04471594379963348	False	False	Ecoli	False	True	False	False	umpire	manual	min	1.660964047443681
P06999	P06999		pfkB		1878540.0	1900760.0	1846910.0	1913930.0	1841370.0	1870320.0	0	0.7462243351659085	0.006905872491209093	False	0.04474648747709224	False	False	Ecoli	False	True	False	False	umpire	manual	min	1.660964047443681
P75959	P75959		nagK		2123910.0	2217180.0	2138930.0	2209330.0	2074900.0	2242240.0	0	0.7464882287175816	-0.013787605914894082	False	0.044777031154551006	False	False	Ecoli	False	True	False	False	umpire	manual	min	1.660964047443681
P37194	P37194		slp		48375100.0	48908100.0	49715900.0	49131800.0	48212600.0	49546200.0	0	0.7517228964845932	0.005457796783686636	False	0.044807574832009776	False	False	Ecoli	False	True	False	False	umpire	manual	min	1.660964047443681
P08373	P08373		murB		1740550.0	1734300.0	1851880.0	1658760.0	1751010.0	1704310.0	0	0.7524818187560234	0.017015492733898126	False	0.04483811850946855	False	False	Ecoli	False	True	False	False	umpire	manual	min	1.660964047443681
P0AC86	P0AC86		glgP		1848780.0	1835760.0	1761700.0	1861620.0	1799850.0	1801460.0	0	0.7542009674804281	0.009265192673612801	False	0.04486866218692731	False	False	Ecoli	False	True	False	False	umpire	manual	min	1.660964047443681
P0ADA7	P0ADA7		osmB		1874880.0	1957680.0	1597940.0	1757110.0	1733680.0	1331940.0	0	0.7551033450052699	0.05815619907053653	False	0.044899205864386074	False	False	Ecoli	False	True	False	False	umpire	manual	min	1.660964047443681
P0A8E1	P0A8E1		ycfP		10323400.0	10737400.0	10521000.0	10184300.0	10400000.0	10102200.0	0	0.7571646439766669	-0.009772726976163491	False	0.04492974954184484	False	False	Ecoli	False	True	False	False	umpire	manual	min	1.660964047443681
P0AA43	P0AA43		rsuA		4330210.0	4434130.0	4365460.0	4428290.0	4530330.0	3977770.0	0	0.7578389328832615	0.02011688074409656	False	0.04496029321930361	False	False	Ecoli	False	True	False	False	umpire	manual	min	1.660964047443681
P0A790	P0A790		panD		7431210.0	7381390.0	6986730.0	7478020.0	7352860.0	6955670.0	0	0.7584118383420663	0.013639972415447968	False	0.04499083689676237	False	False	Ecoli	False	True	False	False	umpire	manual	min	1.660964047443681
P08245	P08245		yciH		830297.0	758558.0	769269.0	754183.0	801727.0	822448.0	0	0.7636571140921941	-0.01765681575984269	False	0.045021380574221136	False	False	Ecoli	False	True	False	False	umpire	manual	min	1.660964047443681
P31827	P31827		yddB		574951.0	452951.0	421021.0	781784.0	978184.0	62818.4	1	0.7648414901299024	0.2509221777346927	False	0.0450519242516799	False	False	Ecoli	False	True	False	False	umpire	manual	min	1.660964047443681
P0AEM4	P0AEM4		flgM		1963070.0	2032350.0	1993520.0	2024880.0	2052850.0	1819150.0	0	0.7668202795071314	0.01872183878396759	False	0.04508246792913867	False	False	Ecoli	False	True	False	False	umpire	manual	min	1.660964047443681
P37595	P37595		iaaA		297018.0	314084.0	315801.0	274433.0	305459.0	243083.0	0	0.7671002360674395	0.04060872102956635	False	0.04511301160659744	False	False	Ecoli	False	True	False	False	umpire	manual	min	1.660964047443681
P0A964	P0A964		cheW		15190900.0	16482500.0	15638400.0	15804200.0	15482000.0	15100900.0	0	0.772102457797309	-0.013300143357414897	False	0.045143555284056204	False	False	Ecoli	False	True	False	False	umpire	manual	min	1.660964047443681
P69786	P69786		ptsG		5083030.0	5082880.0	4960460.0	5095910.0	5142260.0	4974790.0	0	0.7730470733222239	-0.005756649648530056	False	0.04517409896151497	False	False	Ecoli	False	True	False	False	umpire	manual	min	1.660964047443681
P37666	P37666		ghrB		9335220.0	9826610.0	9713730.0	9619510.0	9539470.0	9450540.0	0	0.7739139163089265	-0.007436718207901871	False	0.04520464263897373	False	False	Ecoli	False	True	False	False	umpire	manual	min	1.660964047443681
P17445	P17445		betB		706944.0	765774.0	716278.0	684684.0	605000.0	795176.0	0	0.7758256759410205	-0.039189406512566895	False	0.045235186316432495	False	False	Ecoli	False	True	False	False	umpire	manual	min	1.660964047443681
P0ACN4	P0ACN4		allR		6226680.0	6193340.0	6375420.0	6428830.0	6412950.0	6344230.0	0	0.777600974081448	0.0061086283727998176	False	0.04526572999389127	False	False	Ecoli	False	True	False	False	umpire	manual	min	1.660964047443681
P0A998	P0A998		ftnA		42037900.0	40088500.0	40146200.0	41680100.0	42143600.0	40888900.0	0	0.7810459134965648	0.008682416521762324	False	0.045296273671350036	False	False	Ecoli	False	True	False	False	umpire	manual	min	1.660964047443681
P08178	P08178		purM		1688700.0	1686100.0	1655040.0	1723110.0	1765380.0	1556230.0	0	0.7828586249967445	0.016938102464285846	False	0.0453268173488088	False	False	Ecoli	False	True	False	False	umpire	manual	min	1.660964047443681
P02918	P02918		mrcA		944504.0	1035610.0	1153840.0	1073750.0	989735.0	1086440.0	0	0.7852275960175694	0.027693138839910363	False	0.04535736102626756	False	False	Ecoli	False	True	False	False	umpire	manual	min	1.660964047443681
P0AE78	P0AE78		corC		850514.0	934617.0	924515.0	861836.0	853595.0	877635.0	0	0.7859806865379192	-0.015770271520260056	False	0.04538790470372633	False	False	Ecoli	False	True	False	False	umpire	manual	min	1.660964047443681
P0AEG4	P0AEG4		dsbA		5750390.0	5362680.0	5362490.0	5127660.0	5400560.0	5654540.0	0	0.7906199920888526	-0.015659457041097183	False	0.0454184483811851	False	False	Ecoli	False	True	False	False	umpire	manual	min	1.660964047443681
P27434	P27434		rodZ		10216300.0	10142900.0	10234900.0	10182700.0	10432200.0	9925570.0	0	0.7912810224328618	0.00628811373293623	False	0.04544899205864386	False	False	Ecoli	False	True	False	False	umpire	manual	min	1.660964047443681
P0AAB8	P0AAB8		uspD		2336430.0	2090390.0	2324890.0	2265080.0	2264930.0	2471750.0	0	0.7942661720847111	0.02083916132319445	False	0.04547953573610263	False	False	Ecoli	False	True	False	False	umpire	manual	min	1.660964047443681
P38489	P38489		nfnB		6590100.0	6791000.0	6857820.0	6745700.0	6848360.0	6424430.0	0	0.7955347729888012	0.009305404720500213	False	0.045510079413561395	False	False	Ecoli	False	True	False	False	umpire	manual	min	1.660964047443681
P0ACB0	P0ACB0		dnaB		2376960.0	2238760.0	2319910.0	2418670.0	2406520.0	2415700.0	0	0.795896249925981	0.011104816988238184	False	0.04554062309102016	False	False	Ecoli	False	True	False	False	umpire	manual	min	1.660964047443681
P0A9H1	P0A9H1		mug		2546160.0	2632390.0	2809200.0	2662140.0	2673130.0	2786650.0	0	0.7964057888703463	-0.0133741796302557	False	0.04557116676847893	False	False	Ecoli	False	True	False	False	umpire	manual	min	1.660964047443681
P0AFG6	P0AFG6		sucB		8640600.0	8878880.0	8879430.0	8951200.0	8778850.0	8725630.0	0	0.7974504075785263	0.004796924166253272	False	0.04560171044593769	False	False	Ecoli	False	True	False	False	umpire	manual	min	1.660964047443681
P0ADT5	P0ADT5		ygiC		2992370.0	3064150.0	3150740.0	2850850.0	3039930.0	2788480.0	0	0.7979926547692832	0.016357664245919272	False	0.04563225412339646	False	False	Ecoli	False	True	False	False	umpire	manual	min	1.660964047443681
P23909	P23909		mutS		3394790.0	3510130.0	3364490.0	3444400.0	3467350.0	3287540.0	0	0.7987604084869553	-0.008646878279817392	False	0.04566279780085522	False	False	Ecoli	False	True	False	False	umpire	manual	min	1.660964047443681
P67660	P67660		yhaJ		1317290.0	1331200.0	1380550.0	1521110.0	1568390.0	1395250.0	0	0.79938403627608	-0.025720396332249398	False	0.045693341478313984	False	False	Ecoli	False	True	False	False	umpire	manual	min	1.660964047443681
P27278	P27278		nadR		449345.0	445950.0	460846.0	455680.0	460263.0	465053.0	0	0.8028080750757595	-0.005687219766505584	False	0.04572388515577276	False	False	Ecoli	False	True	False	False	umpire	manual	min	1.660964047443681
P0A6L0	P0A6L0		deoC		10235000.0	10283100.0	10192400.0	10305600.0	10166300.0	10330700.0	0	0.8048733731040802	-0.002209316379936852	False	0.045754428833231525	False	False	Ecoli	False	True	False	False	umpire	manual	min	1.660964047443681
Q57261	Q57261		truD		4007050.0	4080170.0	4105480.0	4015750.0	4049310.0	4026710.0	0	0.8084294638590734	-0.003316163483894823	False	0.04578497251069029	False	False	Ecoli	False	True	False	False	umpire	manual	min	1.660964047443681
P0ACG8	P0ACG8		hslR		1936680.0	1648210.0	1532460.0	1771100.0	1794150.0	1697960.0	0	0.8099825656713094	0.027774713671518868	False	0.04581551618814905	False	False	Ecoli	False	True	False	False	umpire	manual	min	1.660964047443681
P37349	P37349		dhaM		72350900.0	71150900.0	72499600.0	72918300.0	74486600.0	72926500.0	0	0.8105398722976789	-0.005258519949190475	False	0.045846059865607816	False	False	Ecoli	False	True	False	False	umpire	manual	min	1.660964047443681
P00805	P00805		ansB		11471100.0	11588800.0	11801900.0	11713300.0	11727800.0	11757100.0	0	0.8109257145349517	-0.0035995321719736245	False	0.045876603543066594	False	False	Ecoli	False	True	False	False	umpire	manual	min	1.660964047443681
P0C0K3	P0C0K3		rdoA		1092760.0	1112290.0	1086580.0	1109630.0	1038820.0	1116950.0	0	0.8124103475181061	0.009201377930097834	False	0.04590714722052536	False	False	Ecoli	False	True	False	False	umpire	manual	min	1.660964047443681
P40120	P40120		mdoD		4185270.0	4220590.0	4053650.0	4281260.0	4150960.0	4090930.0	0	0.8154422710879174	0.006664114379650704	False	0.04593769089798412	False	False	Ecoli	False	True	False	False	umpire	manual	min	1.660964047443681
P0A8Q0	P0A8Q0		frdC		2407620.0	2546650.0	2506030.0	2373420.0	2413690.0	2256080.0	0	0.8170667586915361	0.014055542611316496	False	0.045968234575442884	False	False	Ecoli	False	True	False	False	umpire	manual	min	1.660964047443681
P16384	P16384		miaA		2148480.0	2122020.0	2279750.0	1924530.0	2136340.0	2176730.0	0	0.8172060039902804	-0.01857680905669459	False	0.04599877825290165	False	False	Ecoli	False	True	False	False	umpire	manual	min	1.660964047443681
P0ADZ0	P0ADZ0		rplW		8309510.0	8541490.0	8515890.0	8498860.0	8551600.0	8111550.0	0	0.8197030914370624	0.00683076430259788	False	0.04602932193036042	False	False	Ecoli	False	True	False	False	umpire	manual	min	1.660964047443681
P0AF08	P0AF08		mrp		3831930.0	3878520.0	3814190.0	3936030.0	3953330.0	3684000.0	0	0.820305449938584	0.008282184076819639	False	0.04605986560781918	False	False	Ecoli	False	True	False	False	umpire	manual	min	1.660964047443681
P39838	P39838		rcsD		416851.0	456975.0	445142.0	385634.0	413373.0	351510.0	0	0.8217305787966005	0.03011004964476317	False	0.046090409285277946	False	False	Ecoli	False	True	False	False	umpire	manual	min	1.660964047443681
P0A8L7	P0A8L7		yciU		1737070.0	1884730.0	1973630.0	1690940.0	1797380.0	1637800.0	0	0.8225794598455525	0.021995653557676978	False	0.046120952962736717	False	False	Ecoli	False	True	False	False	umpire	manual	min	1.660964047443681
P0AEX5	P0AEX5		prkB		1830580.0	1951220.0	1849190.0	1992820.0	1885570.0	1785470.0	0	0.8232905503349034	0.012857421214430847	False	0.04615149664019548	False	False	Ecoli	False	True	False	False	umpire	manual	min	1.660964047443681
P11349	P11349		narH		1602340.0	1488080.0	1487200.0	1525810.0	1560290.0	1600660.0	0	0.8237372267093165	-0.01048967832482568	False	0.04618204031765425	False	False	Ecoli	False	True	False	False	umpire	manual	min	1.660964047443681
P0AEH5	P0AEH5		elaB		1826060.0	1487880.0	1734290.0	1684070.0	1639300.0	2000790.0	0	0.825882255759107	0.032395406762085056	False	0.046212583995113014	False	False	Ecoli	False	True	False	False	umpire	manual	min	1.660964047443681
P22523	P22523		mukB		4043990.0	4003020.0	3913460.0	4074870.0	4045050.0	4021670.0	0	0.8271872631130746	-0.004479757481875507	False	0.04624312767257178	False	False	Ecoli	False	True	False	False	umpire	manual	min	1.660964047443681
P25539	P25539		ribD		3792400.0	3857310.0	3936290.0	3884690.0	3746970.0	3957080.0	0	0.8272217904117395	0.006476803802331909	False	0.04627367135003054	False	False	Ecoli	False	True	False	False	umpire	manual	min	1.660964047443681
P31473	P31473		ravA		1369610.0	1390460.0	1257160.0	1423020.0	1346020.0	1271570.0	0	0.8289963741192643	0.014946593534755073	False	0.046304215027489305	False	False	Ecoli	False	True	False	False	umpire	manual	min	1.660964047443681
P37590	P37590		pmrD		2274870.0	2006080.0	2040710.0	1921520.0	2101630.0	2052110.0	0	0.830296501799031	0.017987196334659002	False	0.04633475870494808	False	False	Ecoli	False	True	False	False	umpire	manual	min	1.660964047443681
P37342	P37342		yjjI		3039160.0	3106910.0	3099670.0	3152780.0	3160240.0	3055110.0	0	0.8304979851928627	-0.004751149864862447	False	0.046365302382406846	False	False	Ecoli	False	True	False	False	umpire	manual	min	1.660964047443681
P10908	P10908		ugpQ		420401.0	426580.0	446108.0	419744.0	460064.0	382774.0	0	0.8323845910787911	0.019007237102302146	False	0.04639584605986561	False	False	Ecoli	False	True	False	False	umpire	manual	min	1.660964047443681
P75809	P75809		ybjI		838246.0	880700.0	870341.0	963517.0	852620.0	974327.0	0	0.8327868323932268	-0.019063505336134674	False	0.046426389737324374	False	False	Ecoli	False	True	False	False	umpire	manual	min	1.660964047443681
P25894	P25894		yggG		917895.0	821586.0	771893.0	859594.0	864856.0	895821.0	0	0.8327882390057327	-0.018488381347658428	False	0.04645693341478314	False	False	Ecoli	False	True	False	False	umpire	manual	min	1.660964047443681
P76014	P76014		dhaL		6682480.0	6171190.0	5763200.0	6121700.0	6345190.0	6244680.0	0	0.8333031423959085	-0.014971088156095661	False	0.04648747709224191	False	False	Ecoli	False	True	False	False	umpire	manual	min	1.660964047443681
P0A9B6	P0A9B6		epd		1566980.0	1485010.0	1558140.0	1643970.0	1613150.0	1721900.0	0	0.8344621108466145	-0.015337096358540652	False	0.04651802076970068	False	False	Ecoli	False	True	False	False	umpire	manual	min	1.660964047443681
P46142	P46142		yggM		8638250.0	8665850.0	8604640.0	8710600.0	9015930.0	8082300.0	0	0.8387530011423212	0.010567475984051587	False	0.04654856444715944	False	False	Ecoli	False	True	False	False	umpire	manual	min	1.660964047443681
P0A7U7	P0A7U7		rpsT		27600800.0	28313700.0	28968400.0	27617900.0	26954100.0	28488200.0	0	0.8392073998537205	0.0074066418706262484	False	0.046579108124618206	False	False	Ecoli	False	True	False	False	umpire	manual	min	1.660964047443681
P32695	P32695		dusA		879746.0	863937.0	846428.0	924420.0	872085.0	935164.0	0	0.8401170668042575	-0.011164732306516763	False	0.04660965180207697	False	False	Ecoli	False	True	False	False	umpire	manual	min	1.660964047443681
P0AA86	P0AA86		dsbE		789013.0	697514.0	840226.0	588994.0	755664.0	712146.0	0	0.8415698271899974	0.0348279987930275	False	0.04664019547953574	False	False	Ecoli	False	True	False	False	umpire	manual	min	1.660964047443681
P06715	P06715		gor		4608060.0	4652540.0	4646510.0	4668910.0	4568640.0	4677980.0	0	0.8424648827442157	0.0025221440043439176	False	0.046670739156994503	False	False	Ecoli	False	True	False	False	umpire	manual	min	1.660964047443681
P31678	P31678		otsB		184677.0	448207.0	185369.0	515040.0	46548.8	505605.0	3	0.843404403806091	-0.17663088289934456	False	0.04670128283445327	False	False	Ecoli	False	True	False	False	umpire	manual	min	1.660964047443681
P0A8F8	P0A8F8		uvrB		1879110.0	1795920.0	1834890.0	1756900.0	1875120.0	1826760.0	0	0.8449190291382525	-0.007076239555063996	False	0.04673182651191203	False	False	Ecoli	False	True	False	False	umpire	manual	min	1.660964047443681
P08190	P08190		fimG		2046830.0	2246170.0	2370720.0	2173370.0	2146090.0	2133420.0	0	0.8451411042747878	0.01435161560793244	False	0.0467623701893708	False	False	Ecoli	False	True	False	False	umpire	manual	min	1.660964047443681
P77395	P77395		ybbN		2550060.0	2678620.0	2677190.0	2604000.0	2644790.0	2541530.0	0	0.8490851617190016	-0.006193155226472348	False	0.04679291386682957	False	False	Ecoli	False	True	False	False	umpire	manual	min	1.660964047443681
P0A7G6	P0A7G6		recA		10827900.0	10646100.0	10622200.0	10585100.0	10730000.0	10709400.0	0	0.8495219547698925	-0.00226346797343534	False	0.046823457544288336	False	False	Ecoli	False	True	False	False	umpire	manual	min	1.660964047443681
P45475	P45475		yhbV		1067530.0	1092610.0	1130610.0	1176470.0	1164940.0	1092850.0	0	0.849526509269537	0.010387433722204431	False	0.0468540012217471	False	False	Ecoli	False	True	False	False	umpire	manual	min	1.660964047443681
P0A879	P0A879		trpB		1129750.0	1078900.0	1055840.0	1010230.0	1045750.0	1094650.0	0	0.8503185667263295	-0.010560872072893197	False	0.04688454489920586	False	False	Ecoli	False	True	False	False	umpire	manual	min	1.660964047443681
P38521	P38521		yggL		3080060.0	3217740.0	3037210.0	3016510.0	3182990.0	2606080.0	0	0.8511468566762092	0.020195812891122527	False	0.04691508857666464	False	False	Ecoli	False	True	False	False	umpire	manual	min	1.660964047443681
P0A8Y3	P0A8Y3		yihX		2962340.0	2977450.0	2951320.0	2905610.0	2934870.0	2888770.0	0	0.8554993335137032	0.0029770339709602003	False	0.046945632254123404	False	False	Ecoli	False	True	False	False	umpire	manual	min	1.660964047443681
Q93K97	Q93K97		nudF		19904000.0	20574200.0	21284200.0	20445200.0	19878900.0	21544700.0	0	0.8563854239614889	-0.008504642765255635	False	0.04697617593158217	False	False	Ecoli	False	True	False	False	umpire	manual	min	1.660964047443681
P0ABH7	P0ABH7		gltA		10593300.0	10305600.0	10341300.0	10517100.0	10669400.0	10550900.0	0	0.8600088879230846	-0.0033995586229641156	False	0.04700671960904093	False	False	Ecoli	False	True	False	False	umpire	manual	min	1.660964047443681
P0ABX5	P0ABX5		flgG		1285540.0	1481390.0	1362340.0	1124520.0	1130250.0	1232070.0	0	0.8604144176486349	-0.02701683401749859	False	0.047037263286499695	False	False	Ecoli	False	True	False	False	umpire	manual	min	1.660964047443681
P0ABE2	P0ABE2		bolA		3681970.0	3473520.0	3258660.0	3632870.0	3448670.0	3743900.0	0	0.8606211120663853	-0.01257839534634067	False	0.047067806963958465	False	False	Ecoli	False	True	False	False	umpire	manual	min	1.660964047443681
P0AGJ7	P0AGJ7		trmL		2522950.0	2299380.0	2570180.0	2495320.0	2543720.0	2678750.0	0	0.8614184898117567	0.012717697455399057	False	0.04709835064141723	False	False	Ecoli	False	True	False	False	umpire	manual	min	1.660964047443681
P37647	P37647		kdgK		2139750.0	2147500.0	2192650.0	2310060.0	2264530.0	2196420.0	0	0.8621359973909575	0.0074057051300254265	False	0.047128894318876	False	False	Ecoli	False	True	False	False	umpire	manual	min	1.660964047443681
P39321	P39321		tamB		599905.0	693661.0	659586.0	625178.0	567074.0	601079.0	0	0.8671084233473696	0.0176022174360596	False	0.04715943799633476	False	False	Ecoli	False	True	False	False	umpire	manual	min	1.660964047443681
P0A8R9	P0A8R9		hdfR		1063510.0	1141820.0	1147500.0	1135910.0	1085050.0	1137210.0	0	0.8677056961932221	-0.007377946910069167	False	0.04718998167379353	False	False	Ecoli	False	True	False	False	umpire	manual	min	1.660964047443681
P0AB26	P0AB26		yceB		2207220.0	2382630.0	2196320.0	2274710.0	2400750.0	1973830.0	0	0.8687272413034506	-0.01695759013234845	False	0.0472205253512523	False	False	Ecoli	False	True	False	False	umpire	manual	min	1.660964047443681
P77562	P77562		yaiW		1263820.0	1253080.0	1182760.0	1245410.0	1189400.0	1267640.0	0	0.8688504714128849	-0.0070672047282714905	False	0.04725106902871106	False	False	Ecoli	False	True	False	False	umpire	manual	min	1.660964047443681
P36879	P36879		yadG		1069670.0	1142990.0	1107440.0	1212780.0	1264990.0	1025110.0	0	0.8698250083152206	-0.01826921920227625	False	0.047281612706169825	False	False	Ecoli	False	True	False	False	umpire	manual	min	1.660964047443681
Q46856	Q46856		yqhD		4333620.0	4256670.0	4284110.0	4167790.0	4223290.0	4277800.0	0	0.8717592610067394	0.0031357938449898355	False	0.04731215638362859	False	False	Ecoli	False	True	False	False	umpire	manual	min	1.660964047443681
P0AA91	P0AA91		yeaY		1389600.0	1421780.0	1536210.0	1396410.0	1463010.0	1410470.0	0	0.8721473509431785	0.00902704391548603	False	0.04734270006108735	False	False	Ecoli	False	True	False	False	umpire	manual	min	1.660964047443681
P21499	P21499		rnr		4212670.0	4099950.0	4100260.0	4137570.0	4133000.0	4195350.0	0	0.8728162973350586	0.0025747092631810443	False	0.04737324373854613	False	False	Ecoli	False	True	False	False	umpire	manual	min	1.660964047443681
P33030	P33030		yeiR		1564070.0	1459110.0	1420310.0	1564180.0	1577830.0	1541010.0	0	0.8777049283388614	-0.009291822136126527	False	0.04740378741600489	False	False	Ecoli	False	True	False	False	umpire	manual	min	1.660964047443681
P75782	P75782		rlmF		912017.0	1005580.0	893863.0	1054870.0	967008.0	855652.0	0	0.8810733559210053	0.01648887635031822	False	0.04743433109346366	False	False	Ecoli	False	True	False	False	umpire	manual	min	1.660964047443681
P42632	P42632		tdcE		8091800.0	7997500.0	7940930.0	8263000.0	8108760.0	8139730.0	0	0.8824508955546809	0.0029566186138129343	False	0.04746487477092242	False	False	Ecoli	False	True	False	False	umpire	manual	min	1.660964047443681
P75931	P75931		yceM		755365.0	753538.0	760138.0	723973.0	652160.0	864722.0	0	0.8830808526456277	-0.01979799797242088	False	0.047495418448381184	False	False	Ecoli	False	True	False	False	umpire	manual	min	1.660964047443681
P0A8N3	P0A8N3		lysS		34644000.0	33977300.0	34588400.0	34721500.0	35071400.0	34747100.0	0	0.8863216760914125	0.0021958166966935316	False	0.04752596212583996	False	False	Ecoli	False	True	False	False	umpire	manual	min	1.660964047443681
P06846	P06846		ebgR		1494870.0	1312750.0	1232760.0	1147900.0	1225160.0	1287520.0	0	0.8895215600452335	0.0187716963299501	False	0.047556505803298725	False	False	Ecoli	False	True	False	False	umpire	manual	min	1.660964047443681
P0ADS2	P0ADS2		zapA		15324100.0	14856300.0	14663700.0	15224300.0	15320200.0	14925100.0	0	0.8913116287703843	0.003530314483117536	False	0.04758704948075749	False	False	Ecoli	False	True	False	False	umpire	manual	min	1.660964047443681
P0C0L7	P0C0L7		proP		2364650.0	2397440.0	2317700.0	2338780.0	2159090.0	2512630.0	0	0.8923782880108162	-0.00983555500935834	False	0.04761759315821625	False	False	Ecoli	False	True	False	False	umpire	manual	min	1.660964047443681
P37657	P37657		bcsE		633036.0	687936.0	635860.0	670788.0	604340.0	659373.0	0	0.8936126342100768	-0.008871972953230209	False	0.047648136835675016	False	False	Ecoli	False	True	False	False	umpire	manual	min	1.660964047443681
P64636	P64636		yrfG		2637880.0	2608920.0	2499790.0	2682170.0	2704550.0	2537540.0	0	0.8940808233051638	-0.0057391735263769015	False	0.047678680513133787	False	False	Ecoli	False	True	False	False	umpire	manual	min	1.660964047443681
P0AE52	P0AE52		bcp		18235900.0	18449600.0	18361900.0	19158100.0	18866900.0	18576800.0	0	0.8942007184892515	-0.003550878979658631	False	0.04770922419059255	False	False	Ecoli	False	True	False	False	umpire	manual	min	1.660964047443681
P0A7I4	P0A7I4		prfC		5116920.0	5206690.0	5347680.0	5211690.0	5182430.0	5256110.0	0	0.8944540352862718	0.002861299365952515	False	0.047739767868051314	False	False	Ecoli	False	True	False	False	umpire	manual	min	1.660964047443681
P07658	P07658		fdhF		850591.0	794437.0	845832.0	780319.0	867888.0	827342.0	0	0.8964374957111702	-0.007509198497955628	False	0.047770311545510084	False	False	Ecoli	False	True	False	False	umpire	manual	min	1.660964047443681
P0A9A6	P0A9A6		ftsZ		13915200.0	13564100.0	13868700.0	13869200.0	14092800.0	14072200.0	0	0.8971646594067886	-0.0026299342898308577	False	0.04780085522296885	False	False	Ecoli	False	True	False	False	umpire	manual	min	1.660964047443681
P0ADK0	P0ADK0		yiaF		13454200.0	13555200.0	13272500.0	13370600.0	13087900.0	13522300.0	0	0.8975640334372315	-0.0024481497846543204	False	0.04783139890042762	False	False	Ecoli	False	True	False	False	umpire	manual	min	1.660964047443681
P63386	P63386		mlaF		988870.0	962233.0	959379.0	890373.0	964633.0	896733.0	0	0.8984884120671317	0.007655532504422941	False	0.04786194257788638	False	False	Ecoli	False	True	False	False	umpire	manual	min	1.660964047443681
P0AC41	P0AC41		sdhA		4028050.0	3876350.0	3894070.0	3862030.0	4102300.0	3844110.0	0	0.900814437390678	-0.00471916953100114	False	0.047892486255345146	False	False	Ecoli	False	True	False	False	umpire	manual	min	1.660964047443681
Q46857	Q46857		dkgA		3203760.0	3218500.0	3115230.0	3035570.0	3175960.0	2993690.0	0	0.9014848620023985	-0.005171096208155461	False	0.04792302993280391	False	False	Ecoli	False	True	False	False	umpire	manual	min	1.660964047443681
P75818	P75818		ybjP		5850020.0	6152020.0	5854350.0	5975140.0	5975670.0	5618770.0	0	0.9017627756617632	-0.005452979719575685	False	0.04795357361026267	False	False	Ecoli	False	True	False	False	umpire	manual	min	1.660964047443681
P23830	P23830		pssA		1235550.0	1300710.0	1279200.0	1357450.0	1277140.0	1309520.0	0	0.9022302229605926	-0.0056409599122227245	False	0.04798411728772145	False	False	Ecoli	False	True	False	False	umpire	manual	min	1.660964047443681
P77433	P77433		ykgG		1231030.0	1335660.0	1337400.0	1316690.0	1297450.0	1236040.0	0	0.9088111603425875	0.005942499391486749	False	0.048014660965180214	False	False	Ecoli	False	True	False	False	umpire	manual	min	1.660964047443681
P0AD68	P0AD68		ftsI		1435100.0	1378420.0	1269860.0	1358680.0	1421980.0	1285070.0	0	0.9131195705694246	-0.007729459555084717	False	0.04804520464263898	False	False	Ecoli	False	True	False	False	umpire	manual	min	1.660964047443681
P0A6Z1	P0A6Z1		hscA		4197800.0	4155950.0	4144450.0	4149290.0	4167010.0	4175050.0	0	0.9134416828769356	-0.000747051237266954	False	0.04807574832009774	False	False	Ecoli	False	True	False	False	umpire	manual	min	1.660964047443681
P39172	P39172		znuA		4463340.0	4479910.0	4201810.0	4561540.0	4278380.0	4513680.0	0	0.9139117056951845	-0.004930460259664098	False	0.048106291997556505	False	False	Ecoli	False	True	False	False	umpire	manual	min	1.660964047443681
P00370	P00370		gdhA		1864240.0	1826820.0	1832810.0	1789100.0	1840360.0	1826890.0	0	0.9156232142566547	-0.0020812236376682074	False	0.048136835675015276	False	False	Ecoli	False	True	False	False	umpire	manual	min	1.660964047443681
P21507	P21507		srmB		6370100.0	6315920.0	6063030.0	6154270.0	6140060.0	6167370.0	0	0.9167105536063307	-0.0027876300723100114	False	0.048167379352474046	False	False	Ecoli	False	True	False	False	umpire	manual	min	1.660964047443681
P14900	P14900		murD		2722250.0	2738400.0	2592480.0	2655680.0	2611940.0	2601090.0	0	0.9183047292474729	0.003439598042254534	False	0.04819792302993281	False	False	Ecoli	False	True	False	False	umpire	manual	min	1.660964047443681
Q46925	Q46925		csdA		891672.0	967335.0	957962.0	901706.0	926984.0	868104.0	0	0.9224769725587958	-0.0057998179002041635	False	0.048228466707391573	False	False	Ecoli	False	True	False	False	umpire	manual	min	1.660964047443681
P21645	P21645		lpxD		4993370.0	6222740.0	5244150.0	6304920.0	5208230.0	4942990.0	0	0.9249525942336123	0.014768770773798654	False	0.04825901038485034	False	False	Ecoli	False	True	False	False	umpire	manual	min	1.660964047443681
P0A953	P0A953		fabB		35318400.0	35838500.0	34806700.0	34976500.0	35551800.0	33903500.0	0	0.9263587008554232	-0.0026358567154229655	False	0.04828955406230911	False	False	Ecoli	False	True	False	False	umpire	manual	min	1.660964047443681
P0ACL2	P0ACL2		exuR		1717830.0	1587400.0	1650620.0	1643850.0	1719010.0	1692050.0	0	0.926908404695188	0.003989090156411677	False	0.04832009773976787	False	False	Ecoli	False	True	False	False	umpire	manual	min	1.660964047443681
P09127	P09127		hemX		10881000.0	10758200.0	10806900.0	10730000.0	11036500.0	10659400.0	0	0.92779599274153	-0.0016101111697188297	False	0.048350641417226635	False	False	Ecoli	False	True	False	False	umpire	manual	min	1.660964047443681
P75821	P75821		ybjS		1509870.0	1231780.0	1394390.0	1515640.0	1467960.0	1679800.0	0	0.9285784630465905	0.013234383136132573	False	0.0483811850946854	False	False	Ecoli	False	True	False	False	umpire	manual	min	1.660964047443681
P22186	P22186		mraZ		2118270.0	2242240.0	2398230.0	2252440.0	2248790.0	2253640.0	0	0.9294456101489047	0.0051820714507131455	False	0.04841172877214417	False	False	Ecoli	False	True	False	False	umpire	manual	min	1.660964047443681
P0A6L9	P0A6L9		hscB		5337580.0	5224720.0	5285190.0	5182910.0	5115620.0	5435520.0	0	0.9302997866133964	0.002724450986530447	False	0.04844227244960294	False	False	Ecoli	False	True	False	False	umpire	manual	min	1.660964047443681
P0A847	P0A847		tgt		3307050.0	3219680.0	3189190.0	3363970.0	3321580.0	3336590.0	0	0.9308230223434096	-0.0025786878038434585	False	0.0484728161270617	False	False	Ecoli	False	True	False	False	umpire	manual	min	1.660964047443681
P0ADK8	P0ADK8		yibL		8604460.0	8441060.0	8338040.0	8170120.0	8886300.0	7682840.0	0	0.9339387383687431	0.0058959584373782575	False	0.04850335980452047	False	False	Ecoli	False	True	False	False	umpire	manual	min	1.660964047443681
P76316	P76316		dcyD		2388090.0	2481300.0	2465870.0	2642400.0	2393700.0	2649290.0	0	0.9343717955874173	-0.005365216409641752	False	0.04853390348197923	False	False	Ecoli	False	True	False	False	umpire	manual	min	1.660964047443681
P36929	P36929		rsmB		2646340.0	2668500.0	2693620.0	2923360.0	2747140.0	2821960.0	0	0.9347008452304923	0.004497463959837518	False	0.048564447159437994	False	False	Ecoli	False	True	False	False	umpire	manual	min	1.660964047443681
P75780	P75780		fiu		620252.0	620814.0	661819.0	625182.0	630549.0	660444.0	0	0.9358918341931739	-0.0034406562506044142	False	0.04859499083689677	False	False	Ecoli	False	True	False	False	umpire	manual	min	1.660964047443681
P17443	P17443		murG		3038770.0	3116940.0	2898080.0	3069180.0	2914510.0	2994380.0	0	0.9374884240334043	-0.0031683224348786018	False	0.048625534514355535	False	False	Ecoli	False	True	False	False	umpire	manual	min	1.660964047443681
P0A8D0	P0A8D0		nrdR		1693310.0	1800910.0	1922230.0	1801400.0	1752940.0	1882390.0	0	0.9377146288248104	-0.005131038762726012	False	0.0486560781918143	False	False	Ecoli	False	True	False	False	umpire	manual	min	1.660964047443681
P64423	P64423		zntB		355544.0	416543.0	357186.0	444065.0	351670.0	380042.0	0	0.9392832646851295	0.010690155981009582	False	0.04868662186927306	False	False	Ecoli	False	True	False	False	umpire	manual	min	1.660964047443681
P0ABJ9	P0ABJ9		cydA		40340500.0	39732000.0	38992900.0	39497400.0	39203700.0	39796700.0	0	0.9449264852653836	0.0011951447037425844	False	0.048717165546731826	False	False	Ecoli	False	True	False	False	umpire	manual	min	1.660964047443681
P62623	P62623		ispH		1265890.0	1282610.0	1287610.0	1356500.0	1342920.0	1291680.0	0	0.9460966153090703	-0.0026578651107682922	False	0.0487477092241906	False	False	Ecoli	False	True	False	False	umpire	manual	min	1.660964047443681
P64602	P64602		mlaB		1786780.0	1655320.0	1726860.0	1792550.0	1843570.0	1794510.0	0	0.9486999134375724	0.0034816589185834054	False	0.04877825290164936	False	False	Ecoli	False	True	False	False	umpire	manual	min	1.660964047443681
P21888	P21888		cysS		11559300.0	11531200.0	11538300.0	11470800.0	11357100.0	11660800.0	0	0.9496960528097753	0.0008057008720756652	False	0.04880879657910813	False	False	Ecoli	False	True	False	False	umpire	manual	min	1.660964047443681
P30178	P30178		ybiC		2155600.0	2247450.0	2557960.0	2464070.0	2366600.0	2533820.0	0	0.9499078731374715	0.005994159530990123	False	0.048839340256566895	False	False	Ecoli	False	True	False	False	umpire	manual	min	1.660964047443681
P0AAB6	P0AAB6		galF		13663900.0	13756200.0	14070700.0	13252500.0	13497300.0	13685200.0	0	0.9532071865254574	0.0017046265792367186	False	0.04886988393402566	False	False	Ecoli	False	True	False	False	umpire	manual	min	1.660964047443681
P69853	P69853		dmsD		1254330.0	1213540.0	1380130.0	1329820.0	1345730.0	1393140.0	0	0.9547482627072363	0.004326253261924666	False	0.04890042761148443	False	False	Ecoli	False	True	False	False	umpire	manual	min	1.660964047443681
P37330	P37330		glcB		1861070.0	1754390.0	1761230.0	1836440.0	1857600.0	1854190.0	0	0.9589556977890616	-0.0019649851465374786	False	0.04893097128894319	False	False	Ecoli	False	True	False	False	umpire	manual	min	1.660964047443681
P64483	P64483		yeaK		3833040.0	3878190.0	4074300.0	4387990.0	4173740.0	4213140.0	0	0.9610557657359613	0.0035549888460277793	False	0.048961514966401956	False	False	Ecoli	False	True	False	False	umpire	manual	min	1.660964047443681
P0A843	P0A843		tatE		8197320.0	8408430.0	8416570.0	8073010.0	8279380.0	8021480.0	0	0.963164355340961	-0.0013078718896223636	False	0.04899205864386072	False	False	Ecoli	False	True	False	False	umpire	manual	min	1.660964047443681
P0A6I0	P0A6I0		cmk		9791780.0	10366000.0	10116400.0	10283300.0	9996180.0	9859430.0	0	0.9639963942313099	-0.0014390392938357695	False	0.04902260232131949	False	False	Ecoli	False	True	False	False	umpire	manual	min	1.660964047443681
P30843	P30843		basR		1791000.0	1780420.0	1857180.0	1681990.0	1692290.0	1867580.0	0	0.9648270168700281	-0.0027365414783099306	False	0.04905314599877826	False	False	Ecoli	False	True	False	False	umpire	manual	min	1.660964047443681
P76008	P76008		ldcA		1580740.0	1523470.0	1590750.0	1451940.0	1525790.0	1581120.0	0	0.9652274534950107	-0.002167049554598391	False	0.049083689676237025	False	False	Ecoli	False	True	False	False	umpire	manual	min	1.660964047443681
P28903	P28903		nrdD		5746850.0	5653760.0	5726360.0	5798780.0	5848850.0	5761040.0	0	0.9666169779610977	0.0006967918865789461	False	0.04911423335369579	False	False	Ecoli	False	True	False	False	umpire	manual	min	1.660964047443681
P60293	P60293		mukF		2132200.0	2177350.0	2253180.0	2144500.0	2186400.0	2160870.0	0	0.9681014535593181	0.001162599306866189	False	0.04914477703115455	False	False	Ecoli	False	True	False	False	umpire	manual	min	1.660964047443681
P69902	P69902		frc		2119260.0	2057930.0	2104920.0	1999790.0	2011140.0	2148080.0	0	0.9690614732605786	0.0015817195179265186	False	0.049175320708613315	False	False	Ecoli	False	True	False	False	umpire	manual	min	1.660964047443681
P03018	P03018		uvrD		2772310.0	2751770.0	2800070.0	2775910.0	2865490.0	2736340.0	0	0.9696702722692139	-0.000917346590742815	False	0.04920586438607209	False	False	Ecoli	False	True	False	False	umpire	manual	min	1.660964047443681
P62558	P62558		sopB		5538810.0	5503680.0	5652040.0	5567020.0	5641800.0	5606280.0	0	0.9715746619508775	0.0005261094674886	False	0.049236408063530857	False	False	Ecoli	False	True	False	False	umpire	manual	min	1.660964047443681
P0A8V2	P0A8V2		rpoB		63482300.0	62902500.0	63690700.0	64491700.0	64231700.0	64465700.0	0	0.9721878687205288	0.00048784385273481463	False	0.04926695174098962	False	False	Ecoli	False	True	False	False	umpire	manual	min	1.660964047443681
P0AC13	P0AC13		folP		6839050.0	6911690.0	6875030.0	6711220.0	6876090.0	6626160.0	0	0.9728123680009932	0.0008026112183868393	False	0.049297495418448384	False	False	Ecoli	False	True	False	False	umpire	manual	min	1.660964047443681
P23827	P23827		eco		12149400.0	12194000.0	12140400.0	11983100.0	12348400.0	11751600.0	0	0.9729147224836564	-0.0008389738633077335	False	0.04932803909590715	False	False	Ecoli	False	True	False	False	umpire	manual	min	1.660964047443681
P60061	P60061		adiC		1146490.0	1131350.0	1163250.0	1178400.0	1046090.0	1319620.0	0	0.9740827895600852	-0.00368460366482745	False	0.04935858277336592	False	False	Ecoli	False	True	False	False	umpire	manual	min	1.660964047443681
P07395	P07395		pheT		17386200.0	17102700.0	17102900.0	17456100.0	17208200.0	17615300.0	0	0.975189052961465	0.0005277912126460218	False	0.04938912645082468	False	False	Ecoli	False	True	False	False	umpire	manual	min	1.660964047443681
P0AB14	P0AB14		yccJ		2801850.0	2727520.0	2870720.0	2648030.0	2830840.0	2754920.0	0	0.9754498841295897	0.0012697612801123952	False	0.04941967012828345	False	False	Ecoli	False	True	False	False	umpire	manual	min	1.660964047443681
P10346	P10346		glnQ		2872630.0	3019710.0	2913230.0	2824700.0	2742060.0	2856300.0	0	0.9786594121265176	-0.0012577483460158162	False	0.049450213805742216	False	False	Ecoli	False	True	False	False	umpire	manual	min	1.660964047443681
P30744	P30744		sdaB		5106670.0	5189750.0	5146700.0	4995760.0	5104770.0	4947510.0	0	0.9791262250296201	0.0006718757158100324	False	0.04948075748320098	False	False	Ecoli	False	True	False	False	umpire	manual	min	1.660964047443681
P24173	P24173		rfaC		457805.0	421554.0	352177.0	410821.0	427695.0	369035.0	0	0.9826225315468089	0.0029799265873349788	False	0.04951130116065975	False	False	Ecoli	False	True	False	False	umpire	manual	min	1.660964047443681
P77202	P77202		dsbG		261181.0	333637.0	314583.0	255077.0	230401.0	264309.0	0	0.9827805175862704	0.004337162686650652	False	0.049541844838118514	False	False	Ecoli	False	True	False	False	umpire	manual	min	1.660964047443681
P0AG51	P0AG51		rpmD		94906600.0	93714900.0	93985500.0	96431600.0	97639700.0	94065400.0	0	0.983574050295811	-0.0004868438626866253	False	0.04957238851557728	False	False	Ecoli	False	True	False	False	umpire	manual	min	1.660964047443681
P37690	P37690		envC		2748410.0	2911100.0	2991560.0	2781130.0	2733260.0	2870900.0	0	0.9844568732728136	0.0009891008840867722	False	0.04960293219303604	False	False	Ecoli	False	True	False	False	umpire	manual	min	1.660964047443681
P0A729	P0A729		yceF		12471900.0	12501000.0	13177100.0	12523600.0	12560000.0	13130300.0	0	0.9845827365525712	-0.0007065746459752133	False	0.049633475870494805	False	False	Ecoli	False	True	False	False	umpire	manual	min	1.660964047443681
P0AA39	P0AA39		rluC		1534270.0	1615070.0	1563150.0	1636460.0	1538390.0	1582670.0	0	0.9851519541616591	-0.0006855460349208211	False	0.04966401954795358	False	False	Ecoli	False	True	False	False	umpire	manual	min	1.660964047443681
P34209	P34209		ydcF		843529.0	643450.0	645760.0	692576.0	732204.0	802357.0	0	0.9872606027459123	0.002550599207787511	False	0.049694563225412346	False	False	Ecoli	False	True	False	False	umpire	manual	min	1.660964047443681
P40191	P40191		pdxK		1993580.0	1945250.0	1892410.0	1888210.0	1883510.0	1947430.0	0	0.9878175549972327	-0.0004971196920236912	False	0.04972510690287111	False	False	Ecoli	False	True	False	False	umpire	manual	min	1.660964047443681
P18133	P18133		pncB		1575260.0	1534030.0	1475940.0	1528690.0	1526290.0	1518460.0	0	0.9909427704207039	0.0003496995749878885	False	0.04975565058032987	False	False	Ecoli	False	True	False	False	umpire	manual	min	1.660964047443681
P64604	P64604		mlaD		6894160.0	7150660.0	6595720.0	7124590.0	6771250.0	6685290.0	0	0.9913259312837368	0.0005088776391641689	False	0.04978619425778864	False	False	Ecoli	False	True	False	False	umpire	manual	min	1.660964047443681
P40874	P40874		solA		2930820.0	2832050.0	2797510.0	2806040.0	2851000.0	2849890.0	0	0.992221010430808	0.00024175501743361284	False	0.049816737935247414	False	False	Ecoli	False	True	False	False	umpire	manual	min	1.660964047443681
P0A7E5	P0A7E5		pyrG		13812600.0	13589900.0	13487400.0	13493700.0	13563400.0	13636900.0	0	0.9924019276690745	0.00012378502734490359	False	0.04984728161270618	False	False	Ecoli	False	True	False	False	umpire	manual	min	1.660964047443681
P76243	P76243		yeaO		1867830.0	1857130.0	1936630.0	1801070.0	1760710.0	1989000.0	0	0.9957989895043797	-0.00033711525969349536	False	0.04987782529016494	False	False	Ecoli	False	True	False	False	umpire	manual	min	1.660964047443681
P0AF70	P0AF70		yjeI		5794600.0	6279430.0	6198310.0	5949290.0	5698750.0	5967080.0	0	0.9962926249885322	-0.0002460272661157617	False	0.049908368967623705	False	False	Ecoli	False	True	False	False	umpire	manual	min	1.660964047443681
P0ADB7	P0ADB7		ecnB		11184800.0	12282800.0	12108100.0	11543000.0	11486300.0	11061300.0	0	0.9969429741517508	0.0002277951532196762	False	0.04993891264508247	False	False	Ecoli	False	True	False	False	umpire	manual	min	1.660964047443681
P32684	P32684		rluF		1069720.0	1161000.0	1121390.0	1103130.0	1009430.0	1124220.0	0	0.9979486280311142	-0.00017954616559945469	False	0.04996945632254124	False	False	Ecoli	False	True	False	False	umpire	manual	min	1.660964047443681
P00803	P00803		lepB		5106050.0	4814250.0	4679250.0	4681120.0	4861880.0	4789470.0	0	0.9986468810027957	8.17785922894763e-05	False	0.05	False	False	Ecoli	False	True	False	False	umpire	manual	min	1.660964047443681
