Protein.Group	Protein.Ids	Protein.Names	Genes	First.Protein.Description	/home/lerost/DIA_tools_manuscript/input_files/PXD026600/RD139_Wide_UPS1_10fmol_inj2.mzML	/home/lerost/DIA_tools_manuscript/input_files/PXD026600/RD139_Wide_UPS1_25fmol_inj1.mzML	/home/lerost/DIA_tools_manuscript/input_files/PXD026600/RD139_Wide_UPS1_10fmol_inj3.mzML	/home/lerost/DIA_tools_manuscript/input_files/PXD026600/RD139_Wide_UPS1_25fmol_inj3.mzML	/home/lerost/DIA_tools_manuscript/input_files/PXD026600/RD139_Wide_UPS1_25fmol_inj2.mzML	/home/lerost/DIA_tools_manuscript/input_files/PXD026600/RD139_Wide_UPS1_10fmol_inj1r.mzML
DECOY_sp|P0AA95|YACC_ECOLI Uncharacterized protein YacC OS=Escherichia coli (strain K12) GN=yacC PE=4 SV=1	DECOY_sp|P0AA95|YACC_ECOLI Uncharacterized protein YacC OS=Escherichia coli (strain K12) GN=yacC PE=4 SV=1				1.30038e+07	1.02417e+07	1.38236e+07	1.16021e+07	1.04732e+07	1.63349e+07
DECOY_sp|P0ADX5|YHFG_ECOLI Uncharacterized protein YhfG OS=Escherichia coli (strain K12) GN=yhfG PE=4 SV=1	DECOY_sp|P0ADX5|YHFG_ECOLI Uncharacterized protein YhfG OS=Escherichia coli (strain K12) GN=yhfG PE=4 SV=1					966948				
DECOY_sp|P0ADX9|RSMD_ECOLI Ribosomal RNA small subunit methyltransferase D OS=Escherichia coli (strain K12) GN=rsmD PE=1 SV=1	DECOY_sp|P0ADX9|RSMD_ECOLI Ribosomal RNA small subunit methyltransferase D OS=Escherichia coli (strain K12) GN=rsmD PE=1 SV=1				2.05006e+06	1.75008e+06	2.28085e+06	2.31667e+06	2.12065e+06	1.71917e+06
DECOY_sp|P32701|YJCC_ECOLI Uncharacterized membrane protein YjcC OS=Escherichia coli (strain K12) GN=yjcC PE=1 SV=2	DECOY_sp|P32701|YJCC_ECOLI Uncharacterized membrane protein YjcC OS=Escherichia coli (strain K12) GN=yjcC PE=1 SV=2				1.07745e+06	1.40084e+06	920164	1.01081e+06	953804	
DECOY_sp|P52143|YPJA_ECOLI Uncharacterized outer membrane protein YpjA OS=Escherichia coli (strain K12) GN=ypjA PE=4 SV=3	DECOY_sp|P52143|YPJA_ECOLI Uncharacterized outer membrane protein YpjA OS=Escherichia coli (strain K12) GN=ypjA PE=4 SV=3				783515	803656	784378	781482	790407	751868
DECOY_sp|P76115|YNCD_ECOLI Probable TonB-dependent receptor YncD OS=Escherichia coli (strain K12) GN=yncD PE=3 SV=1	DECOY_sp|P76115|YNCD_ECOLI Probable TonB-dependent receptor YncD OS=Escherichia coli (strain K12) GN=yncD PE=3 SV=1				5.44333e+06				5.26439e+06	
DECOY_sp|P76473|ARNT_ECOLI Undecaprenyl phosphate-alpha-4-amino-4-deoxy-L-arabinose arabinosyl transferase OS=Escherichia coli (strain K12) GN=arnT PE=1 SV=1	DECOY_sp|P76473|ARNT_ECOLI Undecaprenyl phosphate-alpha-4-amino-4-deoxy-L-arabinose arabinosyl transferase OS=Escherichia coli (strain K12) GN=arnT PE=1 SV=1				3.40698e+06	3.21026e+06	3.29277e+06	3.41902e+06	3.60666e+06	3.15121e+06
DECOY_sp|P77425|ALLC_ECOLI Allantoate amidohydrolase OS=Escherichia coli (strain K12) GN=allC PE=1 SV=1	DECOY_sp|P77425|ALLC_ECOLI Allantoate amidohydrolase OS=Escherichia coli (strain K12) GN=allC PE=1 SV=1				908148	1.1042e+06	1.02577e+06	1.14796e+06	1.18898e+06	
O00762ups|UBE2C_HUMAN_UPS Ubiquitin-conjugating enzyme E2 C (Chain 1-179, N-terminal His tag)- Homo sapiens (Human)	O00762ups|UBE2C_HUMAN_UPS Ubiquitin-conjugating enzyme E2 C (Chain 1-179, N-terminal His tag)- Homo sapiens (Human)				2.81412e+06	6.75279e+06	2.77641e+06	6.56209e+06	6.78698e+06	2.76532e+06
O76070ups|SYUG_HUMAN_UPS Gamma-synuclein (Chain 1-127) - Homo sapiens (Human)	O76070ups|SYUG_HUMAN_UPS Gamma-synuclein (Chain 1-127) - Homo sapiens (Human)				5.18512e+06	1.25526e+07	5.2575e+06	1.19435e+07	1.25376e+07	4.85916e+06
P00167ups|CYB5_HUMAN_UPS Cytochrome b5 (Chain 1-134, N-terminal His tag) - Homo sapiens (Human)	P00167ups|CYB5_HUMAN_UPS Cytochrome b5 (Chain 1-134, N-terminal His tag) - Homo sapiens (Human)				4.2055e+06	9.88635e+06	4.08292e+06	9.32653e+06	9.68465e+06	4.06873e+06
P00350	P00350		gnd		3.83295e+07	3.74259e+07	3.80996e+07	3.801e+07	3.79785e+07	3.63858e+07
P00363	P00363		frdA		4.93306e+07	5.00518e+07	4.95181e+07	4.76705e+07	4.94676e+07	4.7231e+07
P00370	P00370		gdhA		2.28321e+06	2.35103e+06	2.18635e+06	2.29201e+06	2.32533e+06	2.27938e+06
P00393	P00393		ndh		6.50922e+06	6.22277e+06	6.57118e+06	6.45057e+06	6.51428e+06	6.26103e+06
P00441ups|SODC_HUMAN_UPS Superoxide dismutase [Cu-Zn] (Chain 2-154) - Homo sapiens (Human)	P00441ups|SODC_HUMAN_UPS Superoxide dismutase [Cu-Zn] (Chain 2-154) - Homo sapiens (Human)				1.89926e+06	4.0661e+06	2.00047e+06	4.04602e+06	4.20426e+06	1.74098e+06
P00448	P00448		sodA		2.54706e+06	2.64856e+06	2.66002e+06	2.44069e+06	2.59374e+06	2.46801e+06
P00452	P00452		nrdA		7.25933e+06	7.10643e+06	7.27153e+06	7.05249e+06	7.25183e+06	7.16422e+06
P00490	P00490		malP		5.15148e+06	4.95033e+06	5.11677e+06	4.8337e+06	4.91737e+06	4.65667e+06
P00509	P00509		aspC		1.90695e+07	1.89134e+07	1.92233e+07	1.80024e+07	1.86609e+07	1.8749e+07
P00547	P00547		thrB		1.10789e+06	1.13063e+06	1.06745e+06	1.13053e+06	999414	894298
P00550	P00550		mtlA		1.41053e+06	1.39319e+06	1.47591e+06	1.49337e+06	1.48e+06	1.34518e+06
P00561	P00561		thrA		2.45139e+06	2.59543e+06	2.48314e+06	2.45576e+06	2.40116e+06	2.42688e+06
P00562	P00562		metL		2.59716e+06	2.60708e+06	2.59136e+06	2.56573e+06	2.50726e+06	2.63952e+06
P00579	P00579		rpoD		8.82587e+06	8.87784e+06	8.60987e+06	8.33056e+06	8.77401e+06	8.19248e+06
P00582	P00582		polA		3.63775e+06	3.53987e+06	3.58665e+06	3.49281e+06	3.64331e+06	3.43733e+06
P00709ups|LALBA_HUMAN_UPS Alpha-lactalbumin (Chain 20-142) - Homo sapiens (Human)	P00709ups|LALBA_HUMAN_UPS Alpha-lactalbumin (Chain 20-142) - Homo sapiens (Human)				2.51776e+06	4.80642e+06	2.31262e+06	5.19588e+06	4.6679e+06	2.03932e+06
P00803	P00803		lepB		5.35655e+06	5.37953e+06	5.66158e+06	4.93491e+06	5.89974e+06	5.31142e+06
P00805	P00805		ansB		1.44398e+07	1.45747e+07	1.42731e+07	1.44828e+07	1.43185e+07	1.29391e+07
P00811	P00811		ampC		886324	977899	1.03007e+06	932344	958212	949465
P00861	P00861		lysA		215515	275861	205320	290232	250778	229193
P00864	P00864		ppc		3.88933e+07	3.9629e+07	3.98947e+07	3.88342e+07	3.85154e+07	3.62247e+07
P00887	P00887		aroH		3.31374e+06	3.48112e+06	3.32265e+06	3.39363e+06	3.39184e+06	3.49464e+06
P00888	P00888		aroF		2.22387e+06	2.09427e+06	2.11425e+06	2.08166e+06	2.13003e+06	1.91962e+06
P00892	P00892		ilvG		1.10878e+06	1.12881e+06	1.17452e+06	1.08332e+06	1.18428e+06	964896
P00914	P00914		phrB		656737	722681	641967	673364	576030	763851
P00915ups|CAH1_HUMAN_UPS Carbonic anhydrase 1 (Chain 2-261) - Homo sapiens (Human)	P00915ups|CAH1_HUMAN_UPS Carbonic anhydrase 1 (Chain 2-261) - Homo sapiens (Human)				6.03144e+06	1.28892e+07	5.99499e+06	1.30535e+07	1.30064e+07	6.03188e+06
P00918ups|CAH2_HUMAN_UPS Carbonic anhydrase 2 (Chain 2-260) - Homo sapiens (Human)	P00918ups|CAH2_HUMAN_UPS Carbonic anhydrase 2 (Chain 2-260) - Homo sapiens (Human)				5.78993e+06	1.35252e+07	6.03464e+06	1.31034e+07	1.34478e+07	5.71585e+06
P00926	P00926		dsdA		1.39741e+06	1.43693e+06	1.50026e+06	1.33571e+06	1.34594e+06	1.36503e+06
P00934	P00934		thrC		4.68294e+06	4.63016e+06	4.67992e+06	4.89043e+06	4.60817e+06	4.51711e+06
P00935	P00935		metB		2.13183e+06	2.47789e+06	1.97798e+06	2.49335e+06	2.27829e+06	1.85081e+06
P00936	P00936		cyaA		1.54742e+06	1.38481e+06	1.51703e+06	1.59451e+06	1.55883e+06	1.36151e+06
P00946	P00946		manA		1.18389e+07	1.17349e+07	1.19072e+07	1.1736e+07	1.19652e+07	1.20402e+07
P00954	P00954		trpS		7.50758e+06	7.28003e+06	7.25608e+06	7.52676e+06	7.42997e+06	7.18625e+06
P00956	P00956		ileS		2.2074e+07	2.25408e+07	2.20251e+07	2.23617e+07	2.248e+07	1.95808e+07
P00957	P00957		alaS		2.07782e+07	2.08863e+07	2.07358e+07	2.08597e+07	2.07736e+07	1.87653e+07
P00959	P00959		metG		1.9337e+07	1.92494e+07	1.92259e+07	1.90326e+07	1.94621e+07	1.75796e+07
P00960	P00960		glyQ		5.10478e+06	5.0564e+06	4.98369e+06	4.7248e+06	5.10006e+06	5.06801e+06
P00961	P00961		glyS		1.48989e+07	1.48814e+07	1.48346e+07	1.46461e+07	1.45851e+07	1.38215e+07
P00962	P00962		glnS		1.09546e+07	1.10733e+07	1.0937e+07	1.08505e+07	1.09341e+07	9.36669e+06
P00963	P00963		asnA		1.84458e+07	1.8094e+07	1.86477e+07	1.90746e+07	1.865e+07	1.79961e+07
P00968	P00968		carB		4.63002e+06	4.61182e+06	4.5758e+06	4.65008e+06	4.53494e+06	4.55411e+06
P01008ups|ANT3_HUMAN_UPS Antithrombin-III (Chain 33-464) - Homo sapiens (Human)	P01008ups|ANT3_HUMAN_UPS Antithrombin-III (Chain 33-464) - Homo sapiens (Human)				4.60448e+06	1.01564e+07	4.73406e+06	1.07101e+07	1.04337e+07	4.49244e+06
P01031ups|CO5_HUMAN_UPS Complement C5 (C5a anaphylatoxin) (Chain 678-751) - Homo sapiens (Human)	P01031ups|CO5_HUMAN_UPS Complement C5 (C5a anaphylatoxin) (Chain 678-751) - Homo sapiens (Human)				6.37703e+06	1.41907e+07	5.70431e+06	1.25262e+07	1.39431e+07	5.37224e+06
P01112ups|RASH_HUMAN_UPS GTPase HRas (Chain 1-189) - Homo sapiens (Human)	P01112ups|RASH_HUMAN_UPS GTPase HRas (Chain 1-189) - Homo sapiens (Human)				4.67674e+06	9.12488e+06	4.54515e+06	9.37205e+06	9.56241e+06	3.94837e+06
P01127ups|PDGFB_HUMAN_UPS Platelet-derived growth factor B chain (Chain 82-190) - Homo sapiens (Human)	P01127ups|PDGFB_HUMAN_UPS Platelet-derived growth factor B chain (Chain 82-190) - Homo sapiens (Human)				5.98561e+06	1.42023e+07	5.75385e+06	1.37714e+07	1.40143e+07	5.96972e+06
P01133ups|EGF_HUMAN_UPS Pro-Epidermal growth factor (EGF) (Chain 971-1023) - Homo sapiens (Human)	P01133ups|EGF_HUMAN_UPS Pro-Epidermal growth factor (EGF) (Chain 971-1023) - Homo sapiens (Human)				3.70307e+06	9.08874e+06	3.52804e+06	8.95937e+06	8.53487e+06	4.12641e+06
P01344ups|IGF2_HUMAN_UPS Insulin-like growth factor II (Chain 25-91) - Homo sapiens (Human)	P01344ups|IGF2_HUMAN_UPS Insulin-like growth factor II (Chain 25-91) - Homo sapiens (Human)				7.79874e+06	1.91697e+07	7.83962e+06	1.93607e+07	2.00317e+07	8.19466e+06
P01375ups|TNFA_HUMAN_UPS Tumor necrosis factor, soluble form (Chain 77-233) - Homo sapiens (Human)	P01375ups|TNFA_HUMAN_UPS Tumor necrosis factor, soluble form (Chain 77-233) - Homo sapiens (Human)				2.29337e+06	5.10081e+06	2.12541e+06	4.87258e+06	5.01119e+06	2.09845e+06
P01579ups|IFNG_HUMAN_UPS Interferon Gamma (Chain 23-166) - Homo sapiens (Human)	P01579ups|IFNG_HUMAN_UPS Interferon Gamma (Chain 23-166) - Homo sapiens (Human)				6.33053e+06	1.46546e+07	6.12979e+06	1.4227e+07	1.4533e+07	5.75733e+06
P02144ups|MYG_HUMAN_UPS Myoglobin (Chain 2-154) - Homo sapiens (Human)	P02144ups|MYG_HUMAN_UPS Myoglobin (Chain 2-154) - Homo sapiens (Human)				4.43834e+06	1.05566e+07	4.63533e+06	1.08686e+07	1.05035e+07	4.43267e+06
P02358	P02358		rpsF		1.09709e+08	1.12581e+08	1.07359e+08	1.1243e+08	1.14895e+08	8.65034e+07
P02359	P02359		rpsG		1.70902e+08	1.70821e+08	1.70847e+08	1.77071e+08	1.72525e+08	1.64439e+08
P02413	P02413		rplO		1.15803e+08	1.12885e+08	1.16296e+08	1.13499e+08	1.16851e+08	1.06344e+08
P02741ups|CRP_HUMAN_UPS C-reactive protein (Chain 19-224) - Homo sapiens (Human)	P02741ups|CRP_HUMAN_UPS C-reactive protein (Chain 19-224) - Homo sapiens (Human)				460354	1.1201e+06	487080	1.09714e+06	1.15546e+06	371260
P02753ups|RETBP_HUMAN_UPS Retinol-binding protein 4 (Chain 19-201) - Homo sapiens (Human)	P02753ups|RETBP_HUMAN_UPS Retinol-binding protein 4 (Chain 19-201) - Homo sapiens (Human)				1.52835e+06	3.02457e+06	1.49852e+06	3.01073e+06	2.876e+06	1.15807e+06
P02768ups|ALBU_HUMAN_UPS Serum albumin (Chain 26-609) - Homo sapiens (Human)	P02768ups|ALBU_HUMAN_UPS Serum albumin (Chain 26-609) - Homo sapiens (Human)				8.69599e+06	2.0002e+07	8.5686e+06	2.00404e+07	2.01983e+07	7.80578e+06
P02787ups|TRFE_HUMAN_UPS Serotransferrin (Chain 20-698) - Homo sapiens (Human)	P02787ups|TRFE_HUMAN_UPS Serotransferrin (Chain 20-698) - Homo sapiens (Human)				8.00415e+06	1.85198e+07	7.82306e+06	1.77658e+07	1.82213e+07	7.72257e+06
P02788ups|TRFL_HUMAN_UPS Lactotransferrin (Chain 20-710) - Homo sapiens (Human)	P02788ups|TRFL_HUMAN_UPS Lactotransferrin (Chain 20-710) - Homo sapiens (Human)				5.58836e+06	1.32138e+07	5.77358e+06	1.28595e+07	1.31008e+07	5.53878e+06
P02918	P02918		mrcA		1.02298e+06	1.06069e+06	1.01978e+06	1.07073e+06	1.10551e+06	1.02863e+06
P02919	P02919		mrcB		1.89407e+06	1.9302e+06	1.71242e+06	1.83257e+06	1.90923e+06	1.75448e+06
P02925	P02925		rbsB		6.30437e+06	6.4838e+06	6.38537e+06	6.50017e+06	6.46768e+06	6.08264e+06
P02930	P02930		tolC		2.30116e+07	2.23403e+07	2.30653e+07	2.26337e+07	2.26883e+07	2.14938e+07
P02931	P02931		ompF		3.9545e+07	3.76499e+07	3.99136e+07	3.65648e+07	3.78495e+07	4.18237e+07
P02932	P02932		phoE		609548	235146	632998	467838	513445	312279
P02942	P02942		tsr		1.19223e+07	1.2155e+07	1.14406e+07	1.16173e+07	1.19673e+07	1.05251e+07
P02943	P02943		lamB		1.62047e+06	1.64605e+06	1.67607e+06	1.61735e+06	1.61041e+06	1.65884e+06
P03004	P03004		dnaA		2.38369e+06	2.51383e+06	2.51945e+06	2.39677e+06	2.34559e+06	2.469e+06
P03007	P03007		dnaQ		687896	783251	838106	588856	716842	541570
P03018	P03018		uvrD		3.20326e+06	3.14779e+06	3.26649e+06	3.26421e+06	3.22772e+06	3.47025e+06
P03024	P03024		galR		1.52959e+06	1.4478e+06	1.44911e+06	1.48023e+06	1.45657e+06	1.56437e+06
P03817	P03817		mioC		8.25305e+06	8.73426e+06	8.415e+06	8.6677e+06	7.94654e+06	7.69812e+06
P03841	P03841		malM		1.05321e+07	1.025e+07	1.06499e+07	1.01478e+07	9.77607e+06	1.05887e+07
P04036	P04036		dapB		5.42536e+06	5.63674e+06	5.16901e+06	5.39178e+06	5.51849e+06	4.65455e+06
P04040ups|CATA_HUMAN_UPS Catalase (Chain 2-527) - Homo sapiens (Human)	P04040ups|CATA_HUMAN_UPS Catalase (Chain 2-527) - Homo sapiens (Human)				2.98873e+06	6.25811e+06	2.86757e+06	6.22267e+06	6.20188e+06	2.65548e+06
P04079	P04079		guaA		1.13593e+07	1.10562e+07	1.14358e+07	1.12441e+07	1.12845e+07	1.09043e+07
P04335	P04335		frsA		4.57119e+06	4.66583e+06	4.69301e+06	4.64657e+06	4.65171e+06	4.48552e+06
P04425	P04425		gshB		8.10778e+06	7.99143e+06	7.89454e+06	7.74763e+06	8.08047e+06	7.86975e+06
P04693	P04693		tyrB		4.09875e+06	4.10676e+06	4.14008e+06	4.34592e+06	4.11259e+06	4.35079e+06
P04805	P04805		gltX		1.90368e+07	1.95728e+07	1.9652e+07	1.8966e+07	1.94609e+07	1.93313e+07
P04825	P04825		pepN		1.62107e+07	1.60683e+07	1.59923e+07	1.60084e+07	1.63119e+07	1.47649e+07
P04846	P04846		nlpA		3.28185e+06	3.45235e+06	3.29514e+06	3.29399e+06	3.41375e+06	3.38809e+06
P04949	P04949		fliC		3.98377e+07	3.66812e+07	4.01842e+07	3.68785e+07	3.89937e+07	3.81482e+07
P04951	P04951		kdsB		5.65531e+06	5.57812e+06	5.52595e+06	5.63615e+06	5.42662e+06	5.8468e+06
P04968	P04968		ilvA		1.16739e+06	1.12072e+06	1.05952e+06	1.09289e+06	1.17588e+06	1.18848e+06
P04982	P04982		rbsD		1.30687e+06	1.11244e+06	1.18279e+06	1.35405e+06	1.23751e+06	1.27585e+06
P04994	P04994		xseA		1.65448e+06	1.38356e+06	1.49804e+06	1.3163e+06	1.32128e+06	1.54216e+06
P04995	P04995		sbcB		2.17125e+06	2.2256e+06	2.16521e+06	2.13537e+06	2.13915e+06	2.16005e+06
P05020	P05020		pyrC		6.86625e+06	7.05996e+06	6.87565e+06	7.01e+06	6.91611e+06	6.59835e+06
P05041	P05041		pabB		1.97509e+06	2.09372e+06	2.07029e+06	2.03971e+06	2.0052e+06	2.14537e+06
P05055	P05055		pnp		4.28061e+07	4.30598e+07	4.32221e+07	4.42249e+07	4.3969e+07	4.17743e+07
P05100	P05100		tag		1.64907e+06	1.56054e+06	1.80923e+06	1.66263e+06	1.56648e+06	1.68861e+06
P05194	P05194		aroD		1.21062e+06	1.31033e+06	1.27903e+06	1.22969e+06	1.21007e+06	1.25375e+06
P05413ups|FABPH_HUMAN_UPS Fatty acid-binding protein, heart (Chain 2-133) - Homo sapiens (Human)	P05413ups|FABPH_HUMAN_UPS Fatty acid-binding protein, heart (Chain 2-133) - Homo sapiens (Human)				8.31894e+06	1.92279e+07	8.0933e+06	2.0052e+07	1.90938e+07	7.90008e+06
P05458	P05458		ptrA		3.37212e+06	3.17613e+06	3.38014e+06	3.11826e+06	3.25158e+06	3.24053e+06
P05459	P05459		pdxB		6.9683e+06	7.10273e+06	6.82729e+06	7.01714e+06	7.06368e+06	6.41698e+06
P05637	P05637		apaH		1.60718e+06	1.66673e+06	1.67091e+06	1.81352e+06	1.71218e+06	1.56933e+06
P05719	P05719		hsdS		1.99045e+06	1.98967e+06	1.77049e+06	2.04307e+06	2.02328e+06	1.81234e+06
P05791	P05791		ilvD		3.31722e+06	3.21228e+06	3.31772e+06	3.32752e+06	3.29457e+06	3.0202e+06
P05793	P05793		ilvC		7.71921e+06	7.74267e+06	7.79897e+06	7.56832e+06	7.55786e+06	7.21719e+06
P05825	P05825		fepA		2.57145e+06	2.63416e+06	2.58276e+06	2.58061e+06	2.50167e+06	2.56486e+06
P05852	P05852		gcp		2.80379e+06	2.94063e+06	2.75882e+06	2.56868e+06	2.94283e+06	3.07827e+06
P06129	P06129		btuB		1.4287e+07	1.39151e+07	1.41382e+07	1.39456e+07	1.41723e+07	1.30629e+07
P06136	P06136		ftsQ		642665	665510	702574	630680	612440	754525
P06149	P06149		dld		7.06067e+06	6.85295e+06	7.01672e+06	6.99024e+06	6.98175e+06	6.10388e+06
P06282	P06282		cdh		3.16321e+06	3.3706e+06	3.1207e+06	3.07546e+06	3.26083e+06	3.19194e+06
P06396ups|GELS_HUMAN_UPS Gelsolin (Chain 28-782) - Homo sapiens (Human)	P06396ups|GELS_HUMAN_UPS Gelsolin (Chain 28-782) - Homo sapiens (Human)				2.95595e+06	5.93352e+06	3.02631e+06	5.97203e+06	6.13641e+06	2.88838e+06
P06610	P06610		btuE		9.39401e+06	9.68492e+06	9.08252e+06	1.0041e+07	9.78269e+06	7.17375e+06
P06612	P06612		topA		6.07656e+06	6.16945e+06	6.01811e+06	5.94097e+06	6.01831e+06	6.198e+06
P06616	P06616		era		4.3139e+06	3.65865e+06	4.08267e+06	3.62471e+06	3.86587e+06	4.335e+06
P06709	P06709		birA		956352	1.00359e+06	960278	915704	929590	1.00241e+06
P06710	P06710		dnaX		1.44464e+06	1.40163e+06	1.42512e+06	1.32819e+06	1.37871e+06	1.27378e+06
P06715	P06715		gor		4.53974e+06	4.59526e+06	4.43548e+06	4.46686e+06	4.54472e+06	4.00835e+06
P06721	P06721		metC		467794	415487	618708	449736	440159	564520
P06722	P06722		mutH		1.27447e+06	1.2446e+06	1.18793e+06	1.24655e+06	1.26167e+06	1.2253e+06
P06732ups|KCRM_HUMAN_UPS Creatine kinase M-type (Chain 1-381) - Homo sapiens (Human)	P06732ups|KCRM_HUMAN_UPS Creatine kinase M-type (Chain 1-381) - Homo sapiens (Human)				4.00035e+06	9.42427e+06	3.98557e+06	9.281e+06	9.51946e+06	3.95015e+06
P06846	P06846		ebgR		1.78239e+06	1.63267e+06	1.77792e+06	1.69834e+06	1.53595e+06	1.8393e+06
P06959	P06959		aceF		6.80634e+07	6.71057e+07	6.84866e+07	6.7261e+07	6.76154e+07	6.2108e+07
P06961	P06961		cca		1.77911e+06	1.75907e+06	1.73232e+06	1.75625e+06	1.77179e+06	1.72353e+06
P06968	P06968		dut		8.70128e+06	8.61329e+06	8.77473e+06	8.30472e+06	8.46508e+06	8.77913e+06
P06971	P06971		fhuA		1.45313e+07	1.46162e+07	1.45806e+07	1.4337e+07	1.40621e+07	1.34086e+07
P06974	P06974		fliM		1.89994e+06	1.81258e+06	1.84157e+06	1.77036e+06	1.78254e+06	1.74136e+06
P06983	P06983		hemC		1.13256e+07	1.14021e+07	1.12924e+07	1.1384e+07	1.09972e+07	1.01254e+07
P06986	P06986		hisC		4.76128e+06	4.64549e+06	4.80497e+06	4.75562e+06	4.77948e+06	4.91979e+06
P06987	P06987		hisB		1.13552e+06	1.23307e+06	1.1643e+06	1.13876e+06	1.19842e+06	1.00012e+06
P06988	P06988		hisD		4.00203e+06	3.87773e+06	4.06523e+06	3.69868e+06	4.02001e+06	3.9791e+06
P06992	P06992		rsmA		2.33667e+06	2.34004e+06	2.37034e+06	2.33346e+06	2.42233e+06	2.35893e+06
P06996	P06996		ompC		3.23017e+08	2.8806e+08	3.24929e+08	2.87644e+08	2.99309e+08	3.06565e+08
P06999	P06999		pfkB		1.29901e+06	1.29046e+06	1.35963e+06	1.20315e+06	1.217e+06	1.15883e+06
P07000	P07000		pldB		535722	533983	533298	590967	575972	539770
P07001	P07001		pntA		4.1309e+06	3.73641e+06	4.35242e+06	3.91448e+06	3.91258e+06	3.84866e+06
P07003	P07003		poxB		1.9739e+06	1.89197e+06	1.97153e+06	1.9233e+06	1.89168e+06	1.80606e+06
P07004	P07004		proA		2.61995e+07	2.59443e+07	2.60739e+07	2.52738e+07	2.60482e+07	2.4365e+07
P07012	P07012		prfB		9.19045e+06	9.11654e+06	9.02931e+06	9.18746e+06	9.42846e+06	8.60059e+06
P07014	P07014		sdhB		4.6926e+06	4.7466e+06	4.6313e+06	4.64805e+06	4.54096e+06	4.75196e+06
P07017	P07017		tar		3.74744e+06	3.83215e+06	3.83386e+06	3.62832e+06	3.69394e+06	3.19183e+06
P07021	P07021		yfiB		1.00082e+06	1.05959e+06	989862	1.05701e+06	966787	807045
P07023	P07023		tyrA		2.57119e+06	2.73999e+06	2.74805e+06	2.78019e+06	2.47109e+06	2.64579e+06
P07024	P07024		ushA		5.1381e+06	5.09021e+06	5.08653e+06	5.193e+06	5.15894e+06	5.16782e+06
P07026	P07026		sdiA		1.77479e+06	1.87567e+06	1.80704e+06	1.82487e+06	1.74801e+06	2.1423e+06
P07118	P07118		valS		2.42613e+07	2.45197e+07	2.41758e+07	2.43378e+07	2.43447e+07	2.22609e+07
P07330	P07330		cheB		1.56347e+06	1.4929e+06	1.57704e+06	1.36312e+06	1.48548e+06	1.48953e+06
P07363	P07363		cheA		2.4427e+06	2.3854e+06	2.39447e+06	2.33871e+06	2.36361e+06	2.05947e+06
P07364	P07364		cheR		148545	192857	130431	190436	129592	
P07395	P07395		pheT		1.70973e+07	1.66359e+07	1.70195e+07	1.68216e+07	1.69153e+07	1.6502e+07
P07604	P07604		tyrR		2.37883e+06	2.29163e+06	2.36711e+06	2.34725e+06	2.27289e+06	2.54528e+06
P07639	P07639		aroB		3.24344e+06	3.34866e+06	3.27015e+06	3.26532e+06	3.4204e+06	3.02135e+06
P07648	P07648		recC		778004	831766	774200	771315	748342	740298
P07649	P07649		truA		2.00199e+06	2.00779e+06	1.99205e+06	1.94491e+06	2.09636e+06	2.10849e+06
P07650	P07650		deoA		6.61867e+06	6.44957e+06	6.68134e+06	6.59058e+06	6.47185e+06	6.31426e+06
P07658	P07658		fdhF		1.09268e+06	1.06184e+06	1.02845e+06	1.01699e+06	989224	1.07816e+06
P07762	P07762		glgB		2.85182e+06	2.78031e+06	2.71391e+06	2.76175e+06	2.67667e+06	2.92656e+06
P07813	P07813		leuS		1.52011e+07	1.5378e+07	1.5106e+07	1.50781e+07	1.53112e+07	1.39555e+07
P07821	P07821		fhuC		1.9543e+06	1.11465e+06	2.15393e+06	2.23574e+06	1.95567e+06	1.71195e+06
P07822	P07822		fhuD		391776	464398	410395	398646	371598	325589
P07862	P07862		ddlB		6.15058e+06	5.90282e+06	6.15971e+06	5.42614e+06	5.88186e+06	5.67512e+06
P07913	P07913		tdh		4.73339e+06	4.41174e+06	4.5277e+06	4.49701e+06	4.55706e+06	4.38201e+06
P08178	P08178		purM		1.87434e+06	1.80551e+06	1.89177e+06	1.78192e+06	1.74997e+06	1.6627e+06
P08179	P08179		purN		1.18342e+06	1.16429e+06	1.17925e+06	1.19646e+06	1.12895e+06	1.09586e+06
P08189	P08189		fimF		1.39589e+06	1.20618e+06	1.05923e+06	1.2641e+06	1.33689e+06	1.01533e+06
P08190	P08190		fimG		2.56787e+06	2.48727e+06	2.5386e+06	2.28495e+06	2.37322e+06	1.96169e+06
P08191	P08191		fimH		3.10994e+06	2.9057e+06	3.19494e+06	2.94278e+06	2.95052e+06	3.46414e+06
P08192	P08192		folC		3.48157e+06	3.41905e+06	3.46635e+06	3.35019e+06	3.44005e+06	3.51105e+06
P08200	P08200		icd		2.46498e+07	2.55724e+07	2.40285e+07	2.38192e+07	2.4516e+07	2.14162e+07
P08201	P08201		nirB		5.26302e+06	5.3416e+06	5.12799e+06	5.23818e+06	5.14752e+06	5.26092e+06
P08244	P08244		pyrF		9.92212e+06	9.60466e+06	9.888e+06	9.63766e+06	9.91077e+06	9.30606e+06
P08245	P08245		yciH		793231	778056	755846	842211	811507	660731
P08263ups|GSTA1_HUMAN_UPS Glutathione S-transferase A1 (Chain 2-222) - Homo sapiens (Human)	P08263ups|GSTA1_HUMAN_UPS Glutathione S-transferase A1 (Chain 2-222) - Homo sapiens (Human)				5.24268e+06	1.14109e+07	5.21857e+06	1.18033e+07	1.15548e+07	4.70447e+06
P08312	P08312		pheS		1.47455e+07	1.45339e+07	1.47168e+07	1.43446e+07	1.46705e+07	1.37012e+07
P08331	P08331		cpdB		3.396e+06	3.38341e+06	3.37653e+06	3.41006e+06	3.31983e+06	3.32121e+06
P08337	P08337		mutT		1.17422e+06	906200	1.18472e+06	938755	832928	1.1184e+06
P08373	P08373		murB		1.88484e+06	1.81596e+06	1.86038e+06	1.79962e+06	1.87268e+06	1.97485e+06
P08390	P08390		usg		5.38082e+06	5.16184e+06	5.66919e+06	5.28794e+06	5.54354e+06	4.6868e+06
P08395	P08395		sppA		2.39432e+06	2.28597e+06	2.2591e+06	2.31442e+06	2.21933e+06	2.20462e+06
P08506	P08506		dacC		6.64213e+06	6.9923e+06	6.74477e+06	6.45567e+06	6.92423e+06	6.43235e+06
P08622	P08622		dnaJ		6.31973e+06	6.31555e+06	6.19289e+06	6.19741e+06	6.31826e+06	6.17164e+06
P08660	P08660		lysC		2.54763e+06	2.63181e+06	2.61436e+06	2.65594e+06	2.52508e+06	2.71482e+06
P08758ups|ANXA5_HUMAN_UPS Annexin A5 (Chain 2-320) - Homo sapiens (Human)	P08758ups|ANXA5_HUMAN_UPS Annexin A5 (Chain 2-320) - Homo sapiens (Human)				2.90485e+06	6.57544e+06	2.8492e+06	6.67309e+06	6.73708e+06	2.89991e+06
P08839	P08839		ptsI		3.38171e+07	3.46767e+07	3.38974e+07	3.46802e+07	3.43951e+07	3.31881e+07
P08956	P08956		hsdR		2.42839e+06	2.57866e+06	2.39952e+06	2.5315e+06	2.39491e+06	2.30062e+06
P08957	P08957		hsdM		8.06052e+06	8.2624e+06	7.98915e+06	8.10345e+06	8.17607e+06	7.50926e+06
P08997	P08997		aceB		1.04943e+06	980788	1.02121e+06	1.07398e+06	995906	930717
P09029	P09029		purK		1.35303e+06	1.45311e+06	1.31254e+06	1.33358e+06	1.27903e+06	1.50582e+06
P09030	P09030		xthA		4.06093e+06	4.14879e+06	4.10253e+06	4.19013e+06	4.16924e+06	3.76381e+06
P09053	P09053		avtA		2.8051e+06	2.65954e+06	2.82554e+06	2.6875e+06	2.50487e+06	2.85685e+06
P09126	P09126		hemD		2.31014e+06	2.21558e+06	2.32941e+06	2.23489e+06	2.29169e+06	2.10338e+06
P09127	P09127		hemX		1.28238e+07	1.23818e+07	1.23772e+07	1.23002e+07	1.21229e+07	1.23647e+07
P09147	P09147		galE		1.03586e+07	1.03961e+07	9.98045e+06	1.06408e+07	1.05055e+07	8.88181e+06
P09148	P09148		galT		2.16682e+06	2.15852e+06	2.13918e+06	2.22892e+06	2.10148e+06	2.04489e+06
P09152	P09152		narG		5.36262e+06	5.43192e+06	5.37085e+06	5.14137e+06	5.2604e+06	5.61869e+06
P09155	P09155		rnd		1.68989e+06	1.67056e+06	1.74006e+06	1.56028e+06	1.57232e+06	1.64622e+06
P09158	P09158		speE		7.54382e+06	7.42665e+06	7.55466e+06	7.15309e+06	7.4313e+06	7.26271e+06
P09169	P09169		ompT		1.26212e+07	1.17965e+07	1.23415e+07	1.15868e+07	1.20807e+07	1.20337e+07
P09211ups|GSTP1_HUMAN_UPS Glutathione S-transferase P (Chain 2-210) - Homo sapiens (Human)	P09211ups|GSTP1_HUMAN_UPS Glutathione S-transferase P (Chain 2-210) - Homo sapiens (Human)				2.54189e+06	5.10965e+06	2.72142e+06	5.18156e+06	5.42431e+06	2.61483e+06
P09323	P09323		nagE		836740	757980	861797	701600	754615	822062
P09348	P09348		motA		1.03356e+06	963264	1.23235e+06	1.21698e+06	954436	1.1033e+06
P09372	P09372		grpE		1.55784e+07	1.59214e+07	1.552e+07	1.56911e+07	1.62853e+07	1.24927e+07
P09373	P09373		pflB		3.1546e+08	3.25251e+08	3.17682e+08	3.25327e+08	3.2857e+08	2.98588e+08
P09394	P09394		glpQ		6.22785e+06	6.24064e+06	6.2103e+06	6.32661e+06	6.05099e+06	6.28453e+06
P09424	P09424		mtlD		2.3625e+06	2.46384e+06	2.38561e+06	2.40745e+06	2.43298e+06	2.12235e+06
P09546	P09546		putA		1.47051e+06	1.50097e+06	1.44098e+06	1.35178e+06	1.46601e+06	1.3976e+06
P09549	P09549		dedD		1.16065e+06	1.1955e+06	1.17014e+06	1.14044e+06	1.21387e+06	1.20677e+06
P09831	P09831		gltB		4.62512e+06	4.58764e+06	4.60251e+06	4.63651e+06	4.55218e+06	4.66243e+06
P09832	P09832		gltD		3.53182e+06	3.38881e+06	3.43454e+06	3.43393e+06	3.72851e+06	3.46817e+06
P09996	P09996		yidB		424910	518078	437777	530120		391298
P0A698	P0A698		uvrA		1.90747e+07	1.90072e+07	1.88419e+07	1.93997e+07	1.86274e+07	1.92098e+07
P0A6A0	P0A6A0		ubiB		1.61748e+06	1.63802e+06	1.6419e+06	1.72117e+06	1.59774e+06	1.96956e+06
P0A6A3	P0A6A3		ackA		1.39351e+08	1.37478e+08	1.38499e+08	1.37679e+08	1.42063e+08	1.24174e+08
P0A6A8	P0A6A8		acpP		1.74099e+08	1.57683e+08	1.73315e+08	1.57746e+08	1.62456e+08	1.71709e+08
P0A6B4	P0A6B4		alr		3.4194e+06	3.45194e+06	3.54419e+06	3.49043e+06	3.38411e+06	3.20822e+06
P0A6B7	P0A6B7		iscS		1.43546e+07	1.45942e+07	1.42832e+07	1.4089e+07	1.42632e+07	1.22633e+07
P0A6C1	P0A6C1		nfo		2.45329e+06	2.31061e+06	2.5418e+06	2.28075e+06	2.23785e+06	2.40866e+06
P0A6D0	P0A6D0		argR		1.61886e+06	1.53709e+06	1.56976e+06	1.55618e+06	1.59311e+06	1.75607e+06
P0A6D3	P0A6D3		aroA		5.23652e+06	5.60362e+06	5.37814e+06	5.61275e+06	5.43459e+06	5.53036e+06
P0A6D7	P0A6D7		aroK		8.07787e+06	8.0468e+06	7.74493e+06	7.85555e+06	8.09916e+06	7.45234e+06
P0A6E1	P0A6E1		aroL		94148	104702	146085	104804	89982.9	124933
P0A6E4	P0A6E4		argG		874114	794336	901719	815965	756584	641314
P0A6E6	P0A6E6		atpC		7.76503e+06	7.73245e+06	7.25696e+06	8.3937e+06	8.02446e+06	7.57595e+06
P0A6E9	P0A6E9		bioD2		5.67741e+06	5.7201e+06	5.95168e+06	6.07683e+06	6.2311e+06	6.15147e+06
P0A6F1	P0A6F1		carA		9.1386e+06	8.89593e+06	8.99309e+06	8.92465e+06	9.00115e+06	8.13702e+06
P0A6F3	P0A6F3		glpK		4.88113e+06	4.76909e+06	4.83888e+06	4.59457e+06	4.72855e+06	4.51014e+06
P0A6F5	P0A6F5		groL		7.60929e+07	7.71532e+07	7.53739e+07	7.5299e+07	7.81414e+07	6.43594e+07
P0A6F9	P0A6F9		groS		9.22801e+07	8.07973e+07	9.09461e+07	8.79604e+07	8.22164e+07	8.49275e+07
P0A6G3	P0A6G3		pncC		3.63329e+06	3.67584e+06	3.74406e+06	3.61974e+06	3.77129e+06	3.35347e+06
P0A6G7	P0A6G7		clpP		2.35305e+07	2.34906e+07	2.41228e+07	2.44227e+07	2.37425e+07	2.14808e+07
P0A6H1	P0A6H1		clpX		2.79405e+07	2.83506e+07	2.79765e+07	2.7971e+07	2.81604e+07	2.68079e+07
P0A6H5	P0A6H5		hslU		2.35698e+07	2.34757e+07	2.37093e+07	2.35597e+07	2.32783e+07	2.31726e+07
P0A6H8	P0A6H8		cls		816623	696448	731842	607319	718533	790151
P0A6I0	P0A6I0		cmk		1.13185e+07	1.16399e+07	1.14182e+07	1.13202e+07	1.16603e+07	1.09653e+07
P0A6I3	P0A6I3		coaA		3.68852e+06	3.44568e+06	3.71283e+06	3.4733e+06	3.37393e+06	3.68465e+06
P0A6I6	P0A6I6		coaD		1.30903e+06	1.05393e+06	1.10287e+06	1.07049e+06	1.11404e+06	1.02776e+06
P0A6I9	P0A6I9		coaE		3.81454e+06	3.04632e+06	3.79379e+06	3.63216e+06	3.62538e+06	3.52338e+06
P0A6J1	P0A6J1		cysC		1.43005e+06	1.44428e+06	1.44479e+06	1.45703e+06	1.34252e+06	1.49438e+06
P0A6J5	P0A6J5		dadA		1.90133e+06	1.86804e+06	1.97982e+06	1.73368e+06	1.98446e+06	1.28086e+06
P0A6J8	P0A6J8		ddlA		8.36594e+06	8.39542e+06	8.27671e+06	8.46063e+06	8.28608e+06	8.15245e+06
P0A6K1	P0A6K1		dapF		774211	740597	786981	764552	737793	885986
P0A6K3	P0A6K3		def		1.01151e+07	1.02051e+07	9.94316e+06	9.88953e+06	1.00109e+07	9.46204e+06
P0A6K6	P0A6K6		deoB		1.9409e+07	1.97811e+07	1.96506e+07	1.96661e+07	1.98526e+07	1.91527e+07
P0A6L0	P0A6L0		deoC		1.23527e+07	1.22704e+07	1.20926e+07	1.21293e+07	1.23166e+07	1.07466e+07
P0A6L2	P0A6L2		dapA		2.9015e+07	2.88241e+07	2.9296e+07	2.95583e+07	2.92122e+07	2.75189e+07
P0A6L4	P0A6L4		nanA		519591	582104	539035	588918	531809	521284
P0A6L7	P0A6L7		uxaB		1.39402e+06	1.46177e+06	1.4567e+06	1.37122e+06	1.43362e+06	1.2637e+06
P0A6L9	P0A6L9		hscB		4.92098e+06	5.01422e+06	4.92747e+06	5.21757e+06	4.94039e+06	4.34492e+06
P0A6M4	P0A6M4		dtd		2.14096e+06	2.28538e+06	2.39212e+06	2.21518e+06	2.17726e+06	2.18702e+06
P0A6M8	P0A6M8		fusA		1.46887e+08	1.4652e+08	1.47727e+08	1.47134e+08	1.49161e+08	1.35726e+08
P0A6N4	P0A6N4		efp		7.492e+07	7.86808e+07	7.94477e+07	7.75286e+07	7.52978e+07	8.24273e+07
P0A6N8	P0A6N8		yeiP		1.48865e+07	1.47238e+07	1.47922e+07	1.4079e+07	1.47854e+07	1.44384e+07
P0A6P1	P0A6P1		tsf		2.1919e+08	2.16728e+08	2.20213e+08	2.15316e+08	2.18526e+08	2.0712e+08
P0A6P5	P0A6P5		der		4.50651e+06	4.6679e+06	4.82406e+06	5.13044e+06	4.76964e+06	4.58147e+06
P0A6P7	P0A6P7		engB		8.73675e+06	8.78868e+06	8.53872e+06	8.56981e+06	8.73444e+06	8.24563e+06
P0A6P9	P0A6P9		eno		1.69234e+08	1.61832e+08	1.67083e+08	1.68374e+08	1.66394e+08	1.55844e+08
P0A6Q3	P0A6Q3		fabA		1.4814e+07	1.50181e+07	1.45838e+07	1.48656e+07	1.45605e+07	1.41441e+07
P0A6Q6	P0A6Q6		fabZ		2.7385e+07	2.84153e+07	2.78021e+07	2.85155e+07	2.775e+07	2.94966e+07
P0A6R0	P0A6R0		fabH		1.79217e+07	1.8333e+07	1.79466e+07	1.78687e+07	1.85778e+07	1.72311e+07
P0A6R3	P0A6R3		fis		6.60407e+06	7.10819e+06	6.38454e+06	6.17555e+06	7.21463e+06	4.37721e+06
P0A6S0	P0A6S0		flgH		2.02667e+06	1.9435e+06	2.11946e+06	1.96347e+06	1.93958e+06	1.99354e+06
P0A6S7	P0A6S7		gpsA		6.81928e+06	6.91282e+06	6.86463e+06	6.82643e+06	6.58168e+06	7.33119e+06
P0A6T1	P0A6T1		pgi		5.41845e+07	5.4102e+07	5.36219e+07	5.40587e+07	5.47802e+07	4.84245e+07
P0A6T3	P0A6T3		galK		4.9271e+06	4.70699e+06	4.83516e+06	4.73382e+06	4.78663e+06	4.8209e+06
P0A6T5	P0A6T5		folE		3.80206e+06	3.79548e+06	3.91908e+06	3.73344e+06	3.84224e+06	3.67053e+06
P0A6T9	P0A6T9		gcvH		2.0641e+06	2.13631e+06	1.94685e+06	2.02444e+06	2.05052e+06	2.21952e+06
P0A6U3	P0A6U3		mnmG		7.03696e+06	6.89543e+06	7.05769e+06	6.78489e+06	6.95404e+06	7.12582e+06
P0A6U5	P0A6U5		rsmG		6.05427e+06	6.36838e+06	5.84889e+06	5.89242e+06	5.94134e+06	5.73729e+06
P0A6U8	P0A6U8		glgA		3.17198e+06	3.23684e+06	3.17104e+06	3.22789e+06	3.02844e+06	3.31393e+06
P0A6V1	P0A6V1		glgC		7.52419e+06	7.55203e+06	7.54541e+06	7.32079e+06	7.76602e+06	7.61874e+06
P0A6V8	P0A6V8		glk		1.00124e+07	1.03953e+07	1.02104e+07	1.02804e+07	1.01452e+07	1.00847e+07
P0A6W0	P0A6W0		glsA2		1.1458e+06	1.3482e+06	1.12109e+06	1.27237e+06	1.09468e+06	1.22617e+06
P0A6W3	P0A6W3		mraY		1.5128e+06	1.42865e+06	1.49261e+06	1.57101e+06	1.35887e+06	1.42564e+06
P0A6W5	P0A6W5		greA		2.49872e+07	2.59399e+07	2.59672e+07	2.56168e+07	2.43344e+07	2.56619e+07
P0A6W9	P0A6W9		gshA		5.84358e+06	5.70341e+06	5.89942e+06	5.92329e+06	5.72901e+06	5.90695e+06
P0A6X3	P0A6X3		hfq		1.06609e+06	888479	1.12504e+06	1.00688e+06	1.05678e+06	798616
P0A6X7	P0A6X7		ihfA		5.30179e+07	5.26898e+07	5.28478e+07	5.42943e+07	5.34705e+07	5.39484e+07
P0A6Y1	P0A6Y1		ihfB		9.46837e+06	9.7485e+06	9.17024e+06	9.68081e+06	9.75621e+06	9.57147e+06
P0A6Y5	P0A6Y5		hslO		7.42916e+06	7.68732e+06	7.39232e+06	7.35375e+06	7.49373e+06	7.78302e+06
P0A6Y8	P0A6Y8		dnaK		4.13911e+07	4.12401e+07	4.16751e+07	4.11654e+07	4.21072e+07	3.82889e+07
P0A6Z1	P0A6Z1		hscA		4.63374e+06	4.51325e+06	4.69841e+06	4.48763e+06	4.478e+06	4.4596e+06
P0A6Z3	P0A6Z3		htpG		2.94561e+07	2.94353e+07	2.90326e+07	2.90953e+07	2.93071e+07	2.72167e+07
P0A6Z6	P0A6Z6		nikR		1.12573e+06	1.07582e+06	1.2124e+06	1.16852e+06	994321	998211
P0A705	P0A705		infB		2.07435e+07	2.07007e+07	2.08762e+07	2.0144e+07	2.06575e+07	2.00216e+07
P0A707	P0A707		infC		6.05961e+07	6.01454e+07	5.97191e+07	6.12521e+07	6.28683e+07	5.24703e+07
P0A715	P0A715		kdsA		2.28103e+07	2.41466e+07	2.34582e+07	2.35892e+07	2.33662e+07	2.00259e+07
P0A717	P0A717		prs		3.0076e+07	3.08939e+07	3.00097e+07	3.33844e+07	3.26151e+07	2.65785e+07
P0A720	P0A720		tmk		2.69209e+06	2.86104e+06	2.93856e+06	2.95806e+06	2.7767e+06	2.9519e+06
P0A722	P0A722		lpxA		8.68419e+06	8.73634e+06	8.4811e+06	8.62734e+06	8.65216e+06	7.96395e+06
P0A729	P0A729		yceF		2.52939e+06	2.60623e+06	2.35241e+06	2.28688e+06	2.56107e+06	2.3757e+06
P0A731	P0A731		mgsA		3.67113e+06	3.70678e+06	3.85656e+06	3.87574e+06	3.91482e+06	3.23822e+06
P0A734	P0A734		minE		3.4614e+07	3.60758e+07	3.49621e+07	3.46724e+07	3.35787e+07	3.35911e+07
P0A738	P0A738		moaC		1.17327e+06	1.13583e+06	1.14402e+06	1.20651e+06	1.09849e+06	1.13645e+06
P0A744	P0A744		msrA		5.44683e+06	5.83434e+06	5.71086e+06	5.11409e+06	5.75868e+06	5.8216e+06
P0A746	P0A746		msrB		1.31517e+06	1.21794e+06	1.14817e+06	1.22454e+06	1.24386e+06	948453
P0A749	P0A749		murA		8.49795e+06	8.31494e+06	8.41771e+06	8.04817e+06	8.02955e+06	8.24968e+06
P0A752	P0A752		nadD		639866	619394	614196	632515	572806	289072
P0A759	P0A759		nagB		4.59955e+06	4.80104e+06	4.3638e+06	4.22417e+06	4.52916e+06	4.95593e+06
P0A763	P0A763		ndk		1.35825e+07	1.37704e+07	1.38692e+07	1.33798e+07	1.33253e+07	1.42332e+07
P0A780	P0A780		nusB		1.35117e+07	1.37405e+07	1.40316e+07	1.36002e+07	1.30437e+07	1.33359e+07
P0A784	P0A784		orn		3.67032e+06	3.61772e+06	3.59453e+06	3.6292e+06	3.45887e+06	3.37775e+06
P0A786	P0A786		pyrB		2.74845e+06	2.72302e+06	2.8328e+06	2.7636e+06	2.76891e+06	2.74447e+06
P0A790	P0A790		panD		1.04684e+07	1.00841e+07	1.00348e+07	8.90376e+06	1.04748e+07	1.05185e+07
P0A794	P0A794		pdxJ		8.81007e+06	8.86007e+06	8.83111e+06	8.60382e+06	8.27913e+06	7.7847e+06
P0A796	P0A796		pfkA		2.42122e+07	2.52414e+07	2.3935e+07	2.44287e+07	2.46571e+07	2.05781e+07
P0A799	P0A799		pgk		3.93862e+08	3.87511e+08	4.00347e+08	4.0235e+08	4.02345e+08	3.73201e+08
P0A7A2	P0A7A2		gpmB		2.48905e+06	2.37965e+06	2.38054e+06	2.23162e+06	2.36681e+06	2.24272e+06
P0A7A5	P0A7A5		pcm		1.14312e+06	1.16509e+06	1.17723e+06	1.11177e+06	1.1323e+06	1.07608e+06
P0A7A7	P0A7A7		plsB		2.82237e+06	2.90589e+06	2.81551e+06	2.87897e+06	2.72391e+06	2.84942e+06
P0A7A9	P0A7A9		ppa		1.0134e+08	9.75586e+07	9.95719e+07	9.86123e+07	9.5923e+07	8.79903e+07
P0A7B1	P0A7B1		ppk		1.45058e+06	1.4018e+06	1.51648e+06	1.47731e+06	1.43562e+06	1.502e+06
P0A7B5	P0A7B5		proB		4.85377e+06	4.66734e+06	4.89634e+06	4.66195e+06	4.68862e+06	4.81717e+06
P0A7B8	P0A7B8		hslV		1.52075e+07	1.58367e+07	1.71898e+07	1.85711e+07	1.43139e+07	1.52388e+07
P0A7C2	P0A7C2		lexA		4.8102e+06	4.88173e+06	4.8798e+06	4.97295e+06	4.85334e+06	4.38443e+06
P0A7C6	P0A7C6		pepE		5.66997e+06	5.75446e+06	5.71583e+06	5.79067e+06	5.63864e+06	5.73166e+06
P0A7D1	P0A7D1		pth		4.67112e+06	4.62645e+06	4.59218e+06	4.39198e+06	4.579e+06	4.12173e+06
P0A7D4	P0A7D4		purA		4.50403e+07	4.49837e+07	4.47484e+07	4.4465e+07	4.43194e+07	4.27706e+07
P0A7D7	P0A7D7		purC		7.65968e+06	7.62594e+06	7.87713e+06	7.92711e+06	7.79845e+06	6.78892e+06
P0A7E1	P0A7E1		pyrD		7.46736e+06	7.95684e+06	7.70804e+06	8.01014e+06	7.71895e+06	7.65792e+06
P0A7E3	P0A7E3		pyrE		5.282e+06	5.38049e+06	5.39544e+06	5.30608e+06	5.32711e+06	5.02302e+06
P0A7E5	P0A7E5		pyrG		1.68965e+07	1.7018e+07	1.69202e+07	1.66729e+07	1.63403e+07	1.6604e+07
P0A7E9	P0A7E9		pyrH		8.40248e+06	7.72585e+06	8.28978e+06	7.7913e+06	8.29159e+06	8.13894e+06
P0A7F3	P0A7F3		pyrI		1.99965e+06	2.03576e+06	2.02799e+06	2.01802e+06	2.06489e+06	1.92698e+06
P0A7F6	P0A7F6		speD		2.18798e+06	2.10844e+06	2.14816e+06	2.07019e+06	2.08456e+06	1.98091e+06
P0A7F9	P0A7F9		queA		4.46927e+06	4.72588e+06	4.41428e+06	3.72448e+06	3.99845e+06	5.1167e+06
P0A7G2	P0A7G2		rbfA		2.21009e+07	2.13311e+07	2.10937e+07	2.1088e+07	2.03397e+07	1.70644e+07
P0A7G6	P0A7G6		recA		1.16598e+07	1.18343e+07	1.13624e+07	1.11964e+07	1.15923e+07	1.06499e+07
P0A7H6	P0A7H6		recR		675453	839148	587673	701876	759252	762330
P0A7I0	P0A7I0		prfA		3.79907e+06	3.8969e+06	3.86711e+06	3.8215e+06	3.71325e+06	3.70931e+06
P0A7I4	P0A7I4		prfC		5.53769e+06	5.85046e+06	5.44734e+06	5.78726e+06	5.60487e+06	5.56257e+06
P0A7I7	P0A7I7		ribA		1.01131e+07	9.89067e+06	1.02226e+07	9.36829e+06	1.00655e+07	9.71429e+06
P0A7J0	P0A7J0		ribB		1.47238e+07	1.52898e+07	1.45734e+07	1.47891e+07	1.49245e+07	1.3103e+07
P0A7J3	P0A7J3		rplJ		4.94202e+08	5.04858e+08	4.9626e+08	5.26039e+08	5.04838e+08	4.32749e+08
P0A7J7	P0A7J7		rplK		7.65009e+07	7.67771e+07	7.87896e+07	7.93241e+07	7.5721e+07	7.33953e+07
P0A7K2	P0A7K2		rplL		2.25163e+08	2.2132e+08	2.20966e+08	2.21053e+08	2.17393e+08	2.20439e+08
P0A7K6	P0A7K6		rplS		7.44991e+07	7.49136e+07	7.63687e+07	7.30052e+07	7.50627e+07	6.65924e+07
P0A7L0	P0A7L0		rplA		1.61674e+08	1.57992e+08	1.64419e+08	1.69998e+08	1.57923e+08	1.34272e+08
P0A7L3	P0A7L3		rplT		5.12756e+07	4.63729e+07	5.16703e+07	4.76733e+07	4.6308e+07	5.13432e+07
P0A7L8	P0A7L8		rpmA		9.05826e+07	9.06913e+07	9.08396e+07	9.24736e+07	9.39054e+07	6.23205e+07
P0A7M2	P0A7M2		rpmB		8.06209e+07	8.07466e+07	8.08062e+07	8.20198e+07	7.92317e+07	7.37483e+07
P0A7M6	P0A7M6		rpmC		2.54536e+07	2.76104e+07	2.67279e+07	2.94503e+07	2.82786e+07	2.74445e+07
P0A7M9	P0A7M9		rpmE		3.24664e+07	3.63085e+07	3.28397e+07	3.18268e+07	3.48196e+07	2.38811e+07
P0A7N4	P0A7N4		rpmF		4.61995e+07	4.41156e+07	4.58627e+07	4.09026e+07	4.46893e+07	4.02331e+07
P0A7N9	P0A7N9		rpmG		9.15319e+07	8.87212e+07	8.88399e+07	8.98877e+07	8.95484e+07	8.06934e+07
P0A7P5	P0A7P5		rpmH		2.71624e+07	2.58383e+07	2.83163e+07	2.78009e+07	2.57647e+07	2.61179e+07
P0A7Q1	P0A7Q1		rpmI		1.51157e+07	1.58991e+07	1.60658e+07	1.58477e+07	1.6678e+07	1.77027e+07
P0A7R1	P0A7R1		rplI		4.40462e+08	4.35704e+08	4.54984e+08	4.26107e+08	4.32962e+08	4.32736e+08
P0A7R5	P0A7R5		rpsJ		1.81365e+08	1.78835e+08	1.84082e+08	1.73656e+08	1.81173e+08	1.72502e+08
P0A7R9	P0A7R9		rpsK		1.13368e+08	1.13452e+08	1.15588e+08	1.11683e+08	1.13891e+08	8.14647e+07
P0A7S3	P0A7S3		rpsL		6.76598e+07	6.4633e+07	6.79459e+07	6.23606e+07	6.48331e+07	6.90806e+07
P0A7S9	P0A7S9		rpsM		4.08089e+07	4.02806e+07	4.07416e+07	4.12072e+07	3.99753e+07	3.82102e+07
P0A7T3	P0A7T3		rpsP		6.76814e+07	6.68164e+07	6.81635e+07	6.52197e+07	6.73221e+07	5.66016e+07
P0A7T7	P0A7T7		rpsR		5.55136e+07	5.42788e+07	5.59922e+07	5.67986e+07	5.81149e+07	5.7101e+07
P0A7U3	P0A7U3		rpsS		1.42674e+08	1.31484e+08	1.42301e+08	1.35128e+08	1.32662e+08	1.10801e+08
P0A7U7	P0A7U7		rpsT		3.30626e+07	3.14595e+07	3.26641e+07	3.09393e+07	3.18593e+07	2.50984e+07
P0A7V0	P0A7V0		rpsB		1.4953e+08	1.55363e+08	1.51459e+08	1.57629e+08	1.55506e+08	1.45178e+08
P0A7V3	P0A7V3		rpsC		9.92092e+07	9.6898e+07	9.88529e+07	9.86719e+07	9.93829e+07	8.37364e+07
P0A7V8	P0A7V8		rpsD		1.55262e+08	1.50806e+08	1.55488e+08	1.55612e+08	1.53835e+08	1.39451e+08
P0A7W1	P0A7W1		rpsE		1.48654e+08	1.47384e+08	1.46954e+08	1.49021e+08	1.47519e+08	1.27422e+08
P0A7W7	P0A7W7		rpsH		2.41862e+07	2.28978e+07	2.41162e+07	2.30717e+07	2.31192e+07	2.10253e+07
P0A7X3	P0A7X3		rpsI		7.32134e+07	7.68242e+07	7.47676e+07	7.65976e+07	7.42811e+07	6.2869e+07
P0A7X6	P0A7X6		rimM		6.40953e+06	7.00928e+06	6.42434e+06	6.37849e+06	6.57802e+06	6.01701e+06
P0A7Y0	P0A7Y0		rnc		7.10754e+06	7.27253e+06	7.23588e+06	7.25431e+06	7.07095e+06	6.63662e+06
P0A7Y8	P0A7Y8		rnpA		2.24237e+06	2.287e+06	2.22433e+06	2.11828e+06	2.14726e+06	2.2865e+06
P0A7Z0	P0A7Z0		rpiA		1.99067e+07	2.0061e+07	1.97196e+07	1.9838e+07	1.98208e+07	1.87123e+07
P0A7Z4	P0A7Z4		rpoA		7.99658e+07	7.79757e+07	8.12849e+07	7.91883e+07	7.90263e+07	7.76795e+07
P0A800	P0A800		rpoZ		5.73713e+07	5.34016e+07	5.70578e+07	5.35173e+07	5.48248e+07	4.88169e+07
P0A805	P0A805		frr		3.23093e+07	3.26121e+07	3.2624e+07	3.29835e+07	3.30636e+07	2.94878e+07
P0A809	P0A809		ruvA		902784	863139	890803	877931	930712	810526
P0A812	P0A812		ruvB		1.2293e+06	1.19719e+06	1.21664e+06	1.19635e+06	1.09605e+06	1.17846e+06
P0A817	P0A817		metK		1.68923e+07	1.56442e+07	1.6432e+07	1.51789e+07	1.59998e+07	1.58807e+07
P0A821	P0A821		selA		1.43727e+06	1.5085e+06	1.50492e+06	1.53488e+06	1.49905e+06	1.46858e+06
P0A823	P0A823		sfsA		733826	661886	878086	730770	717328	729749
P0A825	P0A825		glyA		3.15912e+07	3.14348e+07	3.09568e+07	3.07419e+07	3.1239e+07	2.65998e+07
P0A832	P0A832		smpB		4.20147e+06	4.17408e+06	4.07519e+06	4.1191e+06	4.3001e+06	3.51305e+06
P0A836	P0A836		sucC		6.41503e+06	6.54615e+06	6.37338e+06	6.46102e+06	6.28268e+06	6.19645e+06
P0A840	P0A840		surE		1.7262e+06	1.68215e+06	1.62636e+06	1.69145e+06	1.7659e+06	1.78644e+06
P0A843	P0A843		tatE		9.10747e+06	8.96509e+06	9.30037e+06	9.33598e+06	8.86838e+06	9.56141e+06
P0A847	P0A847		tgt		3.5014e+06	3.33916e+06	3.44446e+06	3.4079e+06	3.50115e+06	3.15102e+06
P0A850	P0A850		tig		1.29636e+08	1.29957e+08	1.30723e+08	1.31296e+08	1.31253e+08	1.18217e+08
P0A853	P0A853		tnaA		3.16609e+06	3.20263e+06	3.29562e+06	3.34313e+06	3.1929e+06	3.17827e+06
P0A855	P0A855		tolB		1.62883e+07	1.60359e+07	1.57867e+07	1.47488e+07	1.54506e+07	1.48518e+07
P0A858	P0A858		tpiA		8.6126e+07	9.71409e+07	8.80568e+07	9.80634e+07	9.73947e+07	5.91024e+07
P0A862	P0A862		tpx		4.08766e+07	4.015e+07	4.09999e+07	4.2525e+07	4.12406e+07	4.12001e+07
P0A867	P0A867		talA		5.14692e+06	5.19725e+06	5.22785e+06	5.20315e+06	5.13042e+06	5.08507e+06
P0A870	P0A870		talB		4.47522e+07	4.32483e+07	4.38986e+07	4.33452e+07	4.30476e+07	4.24303e+07
P0A873	P0A873		trmD		3.97412e+06	4.11291e+06	4.20125e+06	4.24073e+06	4.21009e+06	3.83359e+06
P0A877	P0A877		trpA		1.64181e+06	1.71229e+06	1.79101e+06	1.81266e+06	1.74791e+06	1.63536e+06
P0A879	P0A879		trpB		1.54699e+06	1.46561e+06	1.33504e+06	1.30879e+06	1.34022e+06	1.63588e+06
P0A881	P0A881		trpR		2.10632e+06	2.25719e+06	2.18786e+06	2.3112e+06	2.17401e+06	1.87082e+06
P0A884	P0A884		thyA		5.51394e+06	5.73676e+06	5.51162e+06	5.48329e+06	5.63616e+06	5.14643e+06
P0A887	P0A887		ubiE		8.16125e+06	8.15692e+06	8.07731e+06	8.34713e+06	8.11323e+06	8.19891e+06
P0A890	P0A890		tusA		2.11718e+06	2.12111e+06	2.05588e+06	2.07162e+06	2.02143e+06	1.5851e+06
P0A894	P0A894		yhbJ		1.71988e+06	1.6994e+06	1.77486e+06	1.69631e+06	1.67095e+06	1.69508e+06
P0A898	P0A898		ybeY		2.43661e+06	2.50467e+06	2.44139e+06	2.30161e+06	2.5101e+06	2.23944e+06
P0A8A0	P0A8A0		yebC		3.12977e+06	3.16176e+06	2.90357e+06	3.08407e+06	3.24868e+06	2.22963e+06
P0A8A2	P0A8A2		yeeN		8.88464e+06	8.5236e+06	9.34658e+06	8.93191e+06	8.78521e+06	8.81426e+06
P0A8A4	P0A8A4		ppsR		2.17172e+06	2.1541e+06	2.09512e+06	2.17679e+06	2.14382e+06	2.13209e+06
P0A8A8	P0A8A8		rimP		2.11733e+07	1.73817e+07	2.05875e+07	1.74745e+07	1.67072e+07	1.61582e+07
P0A8B2	P0A8B2		yfcN		1.60574e+06	1.63915e+06	1.70499e+06	1.78423e+06	1.62125e+06	1.43172e+06
P0A8B5	P0A8B5		ybaB		2.11404e+06	2.40683e+06	1.95494e+06	2.15761e+06	2.32776e+06	1.74522e+06
P0A8C1	P0A8C1		ybjQ		1.1459e+06	1.37697e+06	1.38164e+06	1.42146e+06	1.44413e+06	1.78038e+06
P0A8C4	P0A8C4		ygfB		3.3259e+06	3.36689e+06	3.07225e+06	3.36082e+06	3.48455e+06	3.18438e+06
P0A8D0	P0A8D0		nrdR		4.05489e+06	4.1834e+06	4.3381e+06	4.32461e+06	4.27762e+06	3.65362e+06
P0A8D3	P0A8D3		yaiI		2.47904e+06	2.3357e+06	2.45668e+06	2.41757e+06	2.4723e+06	2.47288e+06
P0A8D6	P0A8D6		ymdB		3.23068e+06	3.57336e+06	3.33259e+06	3.3786e+06	3.41889e+06	3.67181e+06
P0A8E1	P0A8E1		ycfP		7.62707e+06	7.5296e+06	7.47996e+06	7.7082e+06	7.79106e+06	7.22673e+06
P0A8E7	P0A8E7		yajQ		2.17612e+07	2.1659e+07	2.16594e+07	2.20382e+07	2.22887e+07	1.98892e+07
P0A8F0	P0A8F0		upp		2.98225e+07	2.96369e+07	2.99508e+07	3.04649e+07	3.00813e+07	2.9106e+07
P0A8F4	P0A8F4		udk		7.47897e+06	7.51566e+06	7.80087e+06	7.74745e+06	7.60403e+06	7.3705e+06
P0A8F8	P0A8F8		uvrB		1.66728e+06	1.75226e+06	1.77246e+06	1.67712e+06	1.63711e+06	1.66635e+06
P0A8G0	P0A8G0		uvrC		461576	476974	458935	434598	481109	414236
P0A8G3	P0A8G3		uxaC		2.28018e+06	2.24316e+06	2.30059e+06	2.17407e+06	2.30375e+06	2.32906e+06
P0A8G6	P0A8G6		wrbA		1.05536e+07	1.04778e+07	1.04384e+07	1.00809e+07	1.06012e+07	9.87655e+06
P0A8G9	P0A8G9		xseB		9.3338e+06	9.78479e+06	9.63868e+06	9.64372e+06	9.46154e+06	8.41243e+06
P0A8H8	P0A8H8		yacG		2.38161e+06	2.36833e+06	2.38904e+06	2.27657e+06	2.37685e+06	1.94585e+06
P0A8I1	P0A8I1		yqgF		1.69372e+06	1.65417e+06	1.70637e+06	1.70051e+06	1.72328e+06	1.77643e+06
P0A8I3	P0A8I3		yaaA		3.39704e+06	3.55979e+06	3.49126e+06	3.56066e+06	3.53072e+06	3.47069e+06
P0A8I5	P0A8I5		trmB		7.1607e+06	7.45892e+06	7.01809e+06	7.19199e+06	7.44859e+06	5.85102e+06
P0A8I8	P0A8I8		rlmH		4.28407e+06	4.29234e+06	4.09325e+06	4.2179e+06	4.3123e+06	3.88995e+06
P0A8J2	P0A8J2		dnaT		1.37682e+06	1.31059e+06	1.23929e+06	1.23005e+06	1.31968e+06	930184
P0A8J4	P0A8J4		ybeD		1.5006e+07	1.59269e+07	1.48288e+07	1.489e+07	1.62116e+07	1.50971e+07
P0A8J8	P0A8J8		rhlB		6.58315e+06	6.62864e+06	6.70476e+06	6.53556e+06	6.5862e+06	6.34334e+06
P0A8K1	P0A8K1		psd		3.68983e+06	3.69157e+06	3.84174e+06	3.89408e+06	3.78447e+06	4.01412e+06
P0A8K5	P0A8K5		yaeP		1.56376e+06	1.55866e+06	1.43005e+06	1.59262e+06	1.55664e+06	1.42166e+06
P0A8L1	P0A8L1		serS		3.47787e+07	3.46433e+07	3.50507e+07	3.5186e+07	3.48725e+07	3.38451e+07
P0A8L5	P0A8L5		ycgN		1.18468e+06	1.28499e+06	1.17552e+06	1.14074e+06	1.19232e+06	1.25534e+06
P0A8L7	P0A8L7		yciU		2.84805e+06	2.84137e+06	2.83712e+06	3.04881e+06	2.90737e+06	2.59472e+06
P0A8M0	P0A8M0		asnS		2.97875e+07	2.98622e+07	2.97332e+07	3.03889e+07	2.9419e+07	2.97028e+07
P0A8M3	P0A8M3		thrS		1.24398e+07	1.27319e+07	1.24865e+07	1.24394e+07	1.27133e+07	1.13585e+07
P0A8M6	P0A8M6		yeeX		1.22444e+07	1.25498e+07	1.24168e+07	1.28892e+07	1.31113e+07	1.06826e+07
P0A8N0	P0A8N0		matP		488790	367907	572227	423460	396782	446891
P0A8N3	P0A8N3		lysS		4.26334e+07	4.17546e+07	4.26199e+07	4.11945e+07	4.11668e+07	4.23906e+07
P0A8N5	P0A8N5		lysU		2.29069e+07	2.2612e+07	2.24984e+07	2.21033e+07	2.22361e+07	2.23007e+07
P0A8N7	P0A8N7		epmA		3.79284e+07	3.84802e+07	3.70911e+07	3.92185e+07	3.66204e+07	3.38412e+07
P0A8P3	P0A8P3		yggX		2.74713e+07	2.81929e+07	2.6793e+07	2.7406e+07	2.69015e+07	2.72143e+07
P0A8P6	P0A8P6		xerC		535581	500670	480375	466556	529801	391809
P0A8Q0	P0A8Q0		frdC		2.37884e+06	2.16621e+06	2.42145e+06	2.21388e+06	2.28981e+06	2.74117e+06
P0A8Q6	P0A8Q6		clpS		1.59823e+06	1.53822e+06	1.54364e+06	1.50447e+06	1.46522e+06	1.31888e+06
P0A8R0	P0A8R0		rraA		2.01679e+07	2.03086e+07	2.10361e+07	1.81514e+07	2.02554e+07	2.22719e+07
P0A8R9	P0A8R9		hdfR		1.1705e+06	1.20715e+06	1.0364e+06	1.11746e+06	1.1775e+06	1.13717e+06
P0A8S1	P0A8S1		iciA		2.80595e+06	2.83293e+06	2.81469e+06	2.7552e+06	2.7678e+06	2.89731e+06
P0A8T1	P0A8T1		prmA		6.76102e+06	6.91876e+06	7.17703e+06	7.0533e+06	6.91142e+06	6.81291e+06
P0A8T7	P0A8T7		rpoC		5.13759e+07	5.11336e+07	5.11967e+07	5.11418e+07	5.17353e+07	4.53312e+07
P0A8U0	P0A8U0		syd		646125	700835	630300	729162	687966	534915
P0A8U2	P0A8U2		yafD		170980	191072	169488	133036	144672	193940
P0A8U6	P0A8U6		metJ		8.62811e+06	9.25305e+06	8.45597e+06	8.75576e+06	9.11232e+06	8.24329e+06
P0A8V0	P0A8V0		rbn		376851	300885	361755	386694	354667	364088
P0A8V2	P0A8V2		rpoB		5.52855e+07	5.5462e+07	5.51243e+07	5.54066e+07	5.5704e+07	5.31907e+07
P0A8V6	P0A8V6		fadR		6.80967e+07	6.61243e+07	6.3774e+07	6.48475e+07	6.65096e+07	6.1907e+07
P0A8W0	P0A8W0		nanR		3.18979e+06	2.96212e+06	3.1487e+06	2.95062e+06	3.11134e+06	2.44606e+06
P0A8W2	P0A8W2		slyA		9.60603e+06	9.73712e+06	9.45227e+06	1.0131e+07	9.84429e+06	9.27489e+06
P0A8W5	P0A8W5		yqgE		2.92897e+06	3.11569e+06	3.07089e+06	3.0452e+06	3.05586e+06	3.01062e+06
P0A8W8	P0A8W8		yfbU		1.93349e+07	1.96592e+07	1.93229e+07	1.93918e+07	1.9121e+07	1.69152e+07
P0A8X0	P0A8X0		yjgA		8.57757e+06	8.76545e+06	8.6083e+06	8.53658e+06	8.36119e+06	8.01974e+06
P0A8X2	P0A8X2		yceI		1.20417e+06	1.21521e+06	1.24027e+06	1.25999e+06	1.08326e+06	1.21875e+06
P0A8Y1	P0A8Y1		yjjG		1.24433e+06	1.13803e+06	1.08935e+06	1.15925e+06	1.18953e+06	1.22388e+06
P0A8Y3	P0A8Y3		yihX		3.15572e+06	3.23408e+06	3.17211e+06	3.14701e+06	3.12849e+06	3.00201e+06
P0A8Y5	P0A8Y5		yidA		4.98884e+06	4.87425e+06	4.99544e+06	4.88316e+06	5.02447e+06	4.40782e+06
P0A8Z0	P0A8Z0		yciA		2.90429e+06	2.85022e+06	2.82811e+06	2.70062e+06	2.85167e+06	2.52914e+06
P0A8Z3	P0A8Z3		ybgC		668909	503490	281754	294567	534094	961498
P0A8Z7	P0A8Z7		yqiA		309055	343730	293020	187310	405499	80858
P0A901	P0A901		blc		1.20691e+06	1.13835e+06	1.20973e+06	1.20991e+06	1.26321e+06	1.31536e+06
P0A903	P0A903		bamC		2.13354e+07	2.13893e+07	2.08665e+07	2.13622e+07	2.18233e+07	2.03069e+07
P0A905	P0A905		slyB		3.64031e+07	3.54493e+07	3.43322e+07	3.33413e+07	3.43885e+07	2.9882e+07
P0A908	P0A908		mipA		2.58162e+06	2.45706e+06	2.40483e+06	2.35425e+06	2.25874e+06	2.49332e+06
P0A910	P0A910		ompA		6.70342e+08	6.51976e+08	6.87408e+08	6.68772e+08	6.72557e+08	6.11998e+08
P0A912	P0A912		pal		4.62511e+07	4.70979e+07	4.54589e+07	4.64843e+07	4.7291e+07	4.29715e+07
P0A915	P0A915		ompW		1.86088e+07	1.80539e+07	1.85209e+07	1.70011e+07	1.76174e+07	1.97952e+07
P0A917	P0A917		ompX		2.02469e+07	1.91622e+07	1.96663e+07	1.866e+07	1.95619e+07	2.06168e+07
P0A921	P0A921		pldA		2.19468e+06	2.10031e+06	2.08356e+06	2.06153e+06	2.12271e+06	2.35878e+06
P0A927	P0A927		tsx		1.07484e+07	1.07225e+07	1.0727e+07	1.02464e+07	1.09045e+07	9.67373e+06
P0A932	P0A932		gfcE		1.65238e+07	1.65543e+07	1.55572e+07	1.59923e+07	1.61972e+07	1.43217e+07
P0A935	P0A935		mltA		5.97778e+06	6.2103e+06	5.82544e+06	5.97967e+06	6.00433e+06	5.2297e+06
P0A937	P0A937		bamE		7.66748e+06	7.517e+06	7.66228e+06	7.51717e+06	7.9737e+06	6.31123e+06
P0A940	P0A940		bamA		1.54961e+07	1.52677e+07	1.52564e+07	1.50823e+07	1.54832e+07	1.43107e+07
P0A944	P0A944		rimI		598262	714902	666886	746729	730713	622176
P0A948	P0A948		rimJ		378994	441942	441387	467076	343871	
P0A951	P0A951		speG		1.48719e+06	1.17277e+06	1.45111e+06	1.28641e+06	1.32436e+06	1.12588e+06
P0A953	P0A953		fabB		1.81728e+07	1.82546e+07	1.81815e+07	1.80072e+07	1.79004e+07	1.66188e+07
P0A955	P0A955		eda		2.72294e+07	2.71142e+07	2.67154e+07	2.76471e+07	2.87828e+07	2.41419e+07
P0A959	P0A959		alaA		2.00279e+06	2.06367e+06	2.03979e+06	2.05097e+06	1.90522e+06	1.75629e+06
P0A962	P0A962		ansA		1.97891e+06	1.87148e+06	1.85006e+06	2.03834e+06	2.1086e+06	1.99059e+06
P0A964	P0A964		cheW		1.59152e+07	1.64895e+07	1.64787e+07	1.58372e+07	1.62099e+07	1.79382e+07
P0A968	P0A968		cspD		1.91663e+06	1.93504e+06	1.90848e+06	1.95851e+06	1.82815e+06	1.64262e+06
P0A972	P0A972		cspE		1.36526e+08	1.09746e+08	1.3956e+08	1.08614e+08	1.1541e+08	1.18556e+08
P0A978	P0A978		cspG		6.25334e+06	5.47731e+06	7.06979e+06	5.79962e+06	5.99237e+06	5.19471e+06
P0A988	P0A988		dnaN		4.64108e+06	4.59432e+06	4.61022e+06	4.32663e+06	4.54561e+06	4.19367e+06
P0A991	P0A991		fbaB		8.75587e+06	8.36403e+06	8.90604e+06	8.33997e+06	8.42437e+06	8.46302e+06
P0A993	P0A993		fbp		1.78686e+07	1.75933e+07	1.79013e+07	1.81446e+07	1.79629e+07	1.64222e+07
P0A996	P0A996		glpC		1.74075e+06	1.76583e+06	1.6859e+06	1.82842e+06	1.7074e+06	1.62083e+06
P0A998	P0A998		ftnA		4.64323e+07	4.60685e+07	4.75293e+07	4.84802e+07	4.90698e+07	4.83317e+07
P0A9A2	P0A9A2		ftnB		1.11778e+06	1.15704e+06	1.17533e+06	883589	1.01773e+06	1.55467e+06
P0A9A6	P0A9A6		ftsZ		1.40693e+07	1.41312e+07	1.41563e+07	1.42707e+07	1.42039e+07	1.37244e+07
P0A9A9	P0A9A9		fur		1.92179e+07	2.03233e+07	1.87198e+07	1.953e+07	1.98329e+07	1.59958e+07
P0A9B2	P0A9B2		gapA		4.68477e+08	4.46426e+08	4.66444e+08	4.60342e+08	4.60512e+08	4.07298e+08
P0A9B6	P0A9B6		epd		2.1278e+06	2.06664e+06	2.11989e+06	2.08115e+06	2.09705e+06	2.07802e+06
P0A9C0	P0A9C0		glpA		2.18574e+06	2.13902e+06	2.19792e+06	2.17226e+06	2.24045e+06	2.02851e+06
P0A9C3	P0A9C3		galM		5.78883e+06	5.56668e+06	5.64525e+06	5.75184e+06	5.94554e+06	4.98821e+06
P0A9C5	P0A9C5		glnA		3.85544e+07	3.89711e+07	3.83633e+07	3.83272e+07	3.92282e+07	3.6049e+07
P0A9C9	P0A9C9		glpX		5.75511e+06	5.72074e+06	5.68664e+06	5.41957e+06	5.72595e+06	5.64143e+06
P0A9D2	P0A9D2		gstA		5.91748e+06	5.93915e+06	6.11236e+06	5.83182e+06	5.78003e+06	5.51881e+06
P0A9D4	P0A9D4		cysE		4.24534e+06	4.06152e+06	4.0599e+06	3.91878e+06	4.1102e+06	3.67638e+06
P0A9D8	P0A9D8		dapD		3.92021e+07	3.90204e+07	3.96753e+07	3.92471e+07	3.90006e+07	3.67228e+07
P0A9E5	P0A9E5		fnr		1.01295e+07	1.0244e+07	1.03995e+07	1.01416e+07	9.90452e+06	9.77252e+06
P0A9F1	P0A9F1		mntR		1.39843e+06	1.3456e+06	1.54306e+06	1.59456e+06	1.40168e+06	1.37805e+06
P0A9F3	P0A9F3		cysB		3.87712e+06	3.52045e+06	3.98223e+06	3.65921e+06	3.60082e+06	3.48008e+06
P0A9F6	P0A9F6		gcvA		240888	277971	236127	257968	239434	223440
P0A9G2	P0A9G2		nhaR		1.28032e+06	1.24679e+06	1.31021e+06	1.34962e+06	1.23099e+06	1.08309e+06
P0A9G6	P0A9G6		aceA		1.70671e+07	1.67445e+07	1.64125e+07	1.59811e+07	1.77077e+07	1.68513e+07
P0A9G8	P0A9G8		modE		3.10093e+06	3.19458e+06	3.25004e+06	3.40934e+06	3.09261e+06	2.95192e+06
P0A9H1	P0A9H1		mug		1.89062e+06	1.86397e+06	1.86459e+06	1.77296e+06	1.78522e+06	1.76512e+06
P0A9H5	P0A9H5		btuR		989192	935516	931857	959694	915671	901547
P0A9H7	P0A9H7		cfa		3.41672e+06	3.41105e+06	3.46883e+06	3.26219e+06	3.25841e+06	3.49201e+06
P0A9H9	P0A9H9		cheZ		2.28805e+06	2.2005e+06	2.35184e+06	2.25418e+06	2.27865e+06	2.10948e+06
P0A9I1	P0A9I1		citE		6.3274e+06	6.25058e+06	6.53244e+06	6.39233e+06	6.30448e+06	6.08101e+06
P0A9I3	P0A9I3		gcvR		2.47405e+06	2.2073e+06	2.48648e+06	2.29289e+06	2.27507e+06	1.96532e+06
P0A9I8	P0A9I8		nirD		2.13644e+06	2.32352e+06	2.10343e+06	2.15108e+06	2.21642e+06	1.96905e+06
P0A9J0	P0A9J0		rng		5.34332e+06	5.23577e+06	5.3856e+06	5.25023e+06	5.20144e+06	4.6925e+06
P0A9J4	P0A9J4		panE		2.09723e+06	2.15524e+06	2.19569e+06	2.05253e+06	2.28286e+06	2.1928e+06
P0A9J6	P0A9J6		rbsK		3.5473e+06	3.52574e+06	3.67244e+06	3.63175e+06	3.78696e+06	3.95465e+06
P0A9J8	P0A9J8		pheA		2.30253e+06	2.26089e+06	2.06345e+06	2.2484e+06	2.24733e+06	2.27868e+06
P0A9K3	P0A9K3		ybeZ		5.51323e+06	5.51289e+06	5.50449e+06	5.48814e+06	5.44173e+06	5.24025e+06
P0A9K7	P0A9K7		phoU		2.41389e+06	2.44842e+06	2.45116e+06	2.55785e+06	2.41684e+06	1.9856e+06
P0A9K9	P0A9K9		slyD		1.05491e+08	1.08828e+08	1.0429e+08	1.10862e+08	1.08814e+08	8.88457e+07
P0A9L3	P0A9L3		fklB		2.03443e+07	2.0669e+07	2.06126e+07	2.04032e+07	2.04626e+07	1.90919e+07
P0A9L5	P0A9L5		ppiC		2.93783e+06	2.76046e+06	2.988e+06	2.81773e+06	2.64824e+06	2.58951e+06
P0A9L8	P0A9L8		proC		2.83776e+06	3.20574e+06	2.95316e+06	3.26797e+06	3.18885e+06	2.68432e+06
P0A9M0	P0A9M0		lon		9.90287e+06	1.00001e+07	9.84456e+06	9.7219e+06	9.75549e+06	9.74971e+06
P0A9M2	P0A9M2		hpt		5.94387e+06	6.16462e+06	5.8063e+06	5.84821e+06	6.05773e+06	5.99251e+06
P0A9M5	P0A9M5		gpt		8.76276e+07	8.52634e+07	8.21086e+07	8.47557e+07	8.65161e+07	7.34877e+07
P0A9M8	P0A9M8		pta		5.13186e+07	5.01839e+07	5.07002e+07	4.91393e+07	4.9681e+07	4.58747e+07
P0A9N4	P0A9N4		pflA		5.66969e+06	5.35133e+06	5.40642e+06	5.32061e+06	5.39154e+06	4.8407e+06
P0A9P0	P0A9P0		lpdA		3.40594e+07	3.36939e+07	3.38365e+07	3.38078e+07	3.40514e+07	3.02118e+07
P0A9P4	P0A9P4		trxB		1.70028e+07	1.74502e+07	1.7138e+07	1.73391e+07	1.72855e+07	1.54607e+07
P0A9P6	P0A9P6		deaD		1.0231e+07	1.02741e+07	1.0427e+07	1.04005e+07	1.00801e+07	1.00402e+07
P0A9Q1	P0A9Q1		arcA		2.54678e+07	2.60645e+07	2.52921e+07	2.56747e+07	2.62316e+07	2.16836e+07
P0A9Q5	P0A9Q5		accD		9.79075e+06	1.00262e+07	9.89886e+06	1.03752e+07	9.91055e+06	9.31041e+06
P0A9Q7	P0A9Q7		adhE		1.96682e+08	1.93642e+08	1.96125e+08	1.93211e+08	1.9541e+08	1.80232e+08
P0A9Q9	P0A9Q9		asd		2.12872e+07	2.15548e+07	2.11674e+07	2.09878e+07	2.17454e+07	1.9168e+07
P0A9R4	P0A9R4		fdx		8.50615e+06	8.57414e+06	8.81309e+06	8.43889e+06	8.30063e+06	8.54188e+06
P0A9R7	P0A9R7		ftsE		2.96903e+06	3.10377e+06	3.01872e+06	2.85985e+06	3.11013e+06	3.2631e+06
P0A9S1	P0A9S1		fucO		1.21751e+06	1.18237e+06	1.18029e+06	1.22043e+06	1.27621e+06	1.2905e+06
P0A9S5	P0A9S5		gldA		1.73947e+07	1.77204e+07	1.73279e+07	1.7201e+07	1.78595e+07	1.62657e+07
P0A9T0	P0A9T0		serA		5.78246e+06	5.76628e+06	5.87964e+06	5.85961e+06	5.87056e+06	5.96615e+06
P0A9T4	P0A9T4		tas		1.00862e+07	1.03518e+07	1.00101e+07	9.56237e+06	9.91397e+06	8.62044e+06
P0A9T6	P0A9T6		ybaQ		1.14328e+06	1.01308e+06	1.26607e+06	1.02368e+06	1.1356e+06	809717
P0A9T8	P0A9T8		ybbA		625392	653121	587996	607533	644564	641685
P0A9U1	P0A9U1		ybhF		428404	524627	432920	590932	551436	523888
P0A9U3	P0A9U3		ybiT		6.3304e+06	6.42893e+06	6.44726e+06	6.17874e+06	6.26592e+06	6.37852e+06
P0A9V1	P0A9V1		lptB		5.57564e+06	5.51345e+06	5.67328e+06	5.60386e+06	5.45401e+06	5.48271e+06
P0A9W3	P0A9W3		yjjK		9.94224e+06	9.88686e+06	9.79778e+06	1.00577e+07	1.01116e+07	9.23693e+06
P0A9W6	P0A9W6		yrbA		1.3192e+07	1.48676e+07	1.2123e+07	1.33528e+07	1.43197e+07	1.19707e+07
P0A9W9	P0A9W9		yrdA		5.68457e+06	5.83103e+06	5.60929e+06	5.70273e+06	5.74258e+06	5.63104e+06
P0A9X4	P0A9X4		mreB		9.6034e+06	9.47393e+06	9.37815e+06	9.74618e+06	9.73333e+06	8.16527e+06
P0A9X9	P0A9X9		cspA		3.06829e+07	2.85875e+07	3.04219e+07	2.75874e+07	2.89762e+07	2.68776e+07
P0A9Y6	P0A9Y6		cspC		1.91668e+08	1.78152e+08	1.94166e+08	1.85021e+08	1.88798e+08	1.75128e+08
P0A9Z1	P0A9Z1		glnB		1.4618e+07	1.48658e+07	1.47121e+07	1.47253e+07	1.46827e+07	1.44847e+07
P0AA04	P0AA04		ptsH		4.80518e+07	4.00875e+07	4.89555e+07	4.04138e+07	4.28429e+07	4.22424e+07
P0AA10	P0AA10		rplM		7.20067e+07	7.50552e+07	7.16568e+07	7.21981e+07	7.38807e+07	6.98442e+07
P0AA16	P0AA16		ompR		9.96977e+06	9.42581e+06	9.77349e+06	9.97599e+06	9.90834e+06	9.73578e+06
P0AA25	P0AA25		trxA		2.87061e+07	2.92562e+07	2.85293e+07	2.95969e+07	2.97388e+07	2.83883e+07
P0AA31	P0AA31		yedF		4.03024e+06	3.78541e+06	3.76142e+06	3.60869e+06	3.92262e+06	3.86757e+06
P0AA37	P0AA37		rluA		436262	469284	393410	373311	523623	439763
P0AA39	P0AA39		rluC		1.17063e+06	1.19553e+06	1.19809e+06	1.08141e+06	1.14328e+06	1.24026e+06
P0AA43	P0AA43		rsuA		4.84742e+06	4.83904e+06	5.11008e+06	5.11097e+06	4.70162e+06	4.89866e+06
P0AA53	P0AA53		qmcA		1.97591e+06	1.8263e+06	1.90121e+06	1.99343e+06	1.92247e+06	1.66154e+06
P0AA86	P0AA86		dsbE		1.36271e+06	1.39978e+06	1.37945e+06	1.43027e+06	1.4955e+06	1.29132e+06
P0AA91	P0AA91		yeaY		1.44949e+06	1.39296e+06	1.3731e+06	1.35851e+06	1.37617e+06	1.52772e+06
P0AA93	P0AA93		ypdA		379141	402037	410671	463527	446948	298506
P0AA95	P0AA95		yacC		1.22326e+06	1.21685e+06	1.1456e+06	1.155e+06	1.14423e+06	1.29608e+06
P0AA97	P0AA97		yaeQ		892584	681579	903574	866025	857773	866032
P0AAA1	P0AAA1		yagU		7.39703e+06	7.77028e+06	7.20202e+06	7.25618e+06	7.68317e+06	6.49289e+06
P0AAB4	P0AAB4		ubiD		2.33169e+06	2.39307e+06	2.48306e+06	2.41376e+06	2.34074e+06	2.26414e+06
P0AAB6	P0AAB6		galF		1.22774e+07	1.31536e+07	1.23503e+07	1.30076e+07	1.30251e+07	1.09945e+07
P0AAB8	P0AAB8		uspD		2.7316e+06	2.66204e+06	2.69585e+06	2.57961e+06	2.63779e+06	2.35832e+06
P0AAC0	P0AAC0		uspE		4.55275e+06	4.55205e+06	4.54011e+06	4.59496e+06	4.43858e+06	4.2378e+06
P0AAC8	P0AAC8		iscA		6.42307e+06	6.3769e+06	6.67095e+06	6.5197e+06	6.47488e+06	5.40001e+06
P0AAD6	P0AAD6		sdaC		171482	199785	117671	211945	241073	
P0AAF6	P0AAF6		artP		888712	958019	887423	979496	901584	842002
P0AAG3	P0AAG3		gltL		445232	442444	432174	405691	388232	193588
P0AAH0	P0AAH0		pstB		989689	979277	1.02567e+06	1.01593e+06	1.01761e+06	1.04945e+06
P0AAH8	P0AAH8		sapF		613335	636390	566770	706454	644737	655543
P0AAI3	P0AAI3		ftsH		1.37877e+07	1.38362e+07	1.37158e+07	1.37017e+07	1.36922e+07	1.33656e+07
P0AAI5	P0AAI5		fabF		5.08823e+07	5.13949e+07	5.08478e+07	5.1004e+07	5.16531e+07	4.61827e+07
P0AAI9	P0AAI9		fabD		1.09555e+07	1.06608e+07	1.05255e+07	1.03828e+07	1.08889e+07	9.00682e+06
P0AAJ3	P0AAJ3		fdnH		4.77941e+06	4.62204e+06	4.7983e+06	4.82873e+06	4.79718e+06	4.03381e+06
P0AAJ5	P0AAJ5		fdoH		4.03973e+06	3.89187e+06	4.03157e+06	3.86177e+06	3.9065e+06	3.59483e+06
P0AAJ8	P0AAJ8		hybA		1.99739e+06	2.15682e+06	2.05589e+06	2.06812e+06	2.05862e+06	2.04028e+06
P0AAK1	P0AAK1		hycB		1.57711e+06	1.59688e+06	1.51503e+06	1.65064e+06	1.56291e+06	1.66336e+06
P0AAK4	P0AAK4		hydN		1.21596e+06	1.24569e+06	1.28895e+06	959128	1.20499e+06	1.22259e+06
P0AAL3	P0AAL3		napG		630958	581095	680523	590419	553786	522477
P0AAN1	P0AAN1		hybE		1.31783e+06	1.07601e+06	1.40093e+06	1.00041e+06	1.01156e+06	1.31659e+06
P0AAN3	P0AAN3		hypB		3.00338e+06	3.20657e+06	3.00229e+06	3.14094e+06	3.1736e+06	2.63188e+06
P0AAN5	P0AAN5		yaiA		1.44401e+06	1.38307e+06	1.5225e+06	1.40132e+06	1.58603e+06	1.36001e+06
P0AAN9	P0AAN9		iraP		333066	272746	377621	326712	201785	345878
P0AAP3	P0AAP3		frmR		3.2034e+06	3.04062e+06	3.29117e+06	3.24977e+06	3.16382e+06	3.32471e+06
P0AAQ2	P0AAQ2		yajD		5.5408e+06	5.09956e+06	5.52899e+06	5.27226e+06	5.15985e+06	5.1673e+06
P0AAR3	P0AAR3		ybaK		2.23074e+06	2.34512e+06	2.23269e+06	2.24088e+06	2.20719e+06	2.34811e+06
P0AAS0	P0AAS0		ylaC		308837	359849	360676	339778	293804	357036
P0AAS7	P0AAS7		ybcJ		2.5912e+06	2.67546e+06	2.56408e+06	2.49533e+06	2.58184e+06	2.17793e+06
P0AAT2	P0AAT2		ybdF		592946	669775	617120	642463	595796	688372
P0AAT4	P0AAT4		mscM		2.15073e+06	2.19541e+06	2.12443e+06	2.25592e+06	2.17732e+06	2.21566e+06
P0AAT6	P0AAT6		rsfS		3.53456e+06	3.43807e+06	3.24896e+06	3.5247e+06	3.66002e+06	3.13208e+06
P0AAT9	P0AAT9		ybeL		8.1363e+06	7.75711e+06	8.27445e+06	7.12076e+06	7.87756e+06	7.75157e+06
P0AAU7	P0AAU7		ybfE		1.44078e+06	1.47604e+06	1.55022e+06	1.6081e+06	1.41918e+06	1.22052e+06
P0AAV4	P0AAV4		ybgJ		1.37112e+06	1.41043e+06	1.36268e+06	1.2394e+06	1.25397e+06	1.26551e+06
P0AAX8	P0AAX8		ybiS		5.44645e+06	5.47263e+06	5.52652e+06	5.36058e+06	5.43311e+06	4.60963e+06
P0AAZ4	P0AAZ4		rarA		1.79577e+06	1.6935e+06	1.69712e+06	1.71507e+06	1.60575e+06	1.63354e+06
P0AAZ7	P0AAZ7		ycaR		6.10367e+06	6.08388e+06	6.20998e+06	5.8357e+06	6.0355e+06	6.62973e+06
P0AB10	P0AB10		ymbA		1.0644e+06	969587	1.03878e+06	1.04786e+06	951140	937894
P0AB14	P0AB14		yccJ		2.90309e+06	3.02008e+06	2.88634e+06	2.94948e+06	3.07013e+06	2.97405e+06
P0AB18	P0AB18		tusE		1.59055e+06	1.4156e+06	1.54791e+06	1.39518e+06	1.43643e+06	1.82884e+06
P0AB24	P0AB24		efeO		3.89126e+06	3.85178e+06	3.84302e+06	3.77746e+06	3.86847e+06	3.58844e+06
P0AB26	P0AB26		yceB		2.4421e+06	2.53543e+06	2.36278e+06	2.48178e+06	2.39945e+06	2.32997e+06
P0AB28	P0AB28		yceD		8.805e+06	9.10181e+06	8.97708e+06	8.88683e+06	8.75729e+06	8.57634e+06
P0AB38	P0AB38		lpoB		5.35188e+06	5.37834e+06	5.27003e+06	4.91262e+06	5.15706e+06	4.62618e+06
P0AB43	P0AB43		ycgL		1.53921e+06	1.57506e+06	1.60745e+06	1.57266e+06	1.52625e+06	1.41516e+06
P0AB46	P0AB46		ymgD		2.19732e+06	2.27586e+06	2.19073e+06	2.25502e+06	2.28296e+06	2.24676e+06
P0AB52	P0AB52		ychN		2.7781e+06	2.75767e+06	2.67547e+06	2.67617e+06	2.77777e+06	2.18043e+06
P0AB55	P0AB55		yciI		4.28307e+06	4.2084e+06	4.22352e+06	4.47853e+06	4.35074e+06	3.85865e+06
P0AB58	P0AB58		yciM		816199	867888	923911	821839	817423	925734
P0AB61	P0AB61		yciN		4.18336e+06	4.3983e+06	4.11036e+06	4.06195e+06	4.30813e+06	3.8241e+06
P0AB67	P0AB67		pntB		1.83218e+06	1.9064e+06	1.80061e+06	1.92543e+06	1.85114e+06	1.94509e+06
P0AB71	P0AB71		fbaA		1.42647e+08	1.33801e+08	1.43287e+08	1.36336e+08	1.38746e+08	1.24431e+08
P0AB77	P0AB77		kbl		1.73786e+07	1.78504e+07	1.70547e+07	1.74838e+07	1.77303e+07	1.75266e+07
P0AB80	P0AB80		ilvE		8.33859e+06	8.40234e+06	8.71143e+06	8.281e+06	8.24549e+06	7.13262e+06
P0AB83	P0AB83		nth		1.67492e+06	1.57592e+06	1.87186e+06	1.73751e+06	1.5958e+06	1.58275e+06
P0AB89	P0AB89		purB		8.96123e+06	9.14486e+06	9.16193e+06	9.1182e+06	8.99411e+06	8.4759e+06
P0AB91	P0AB91		aroG		3.2407e+06	3.11675e+06	3.1813e+06	3.20524e+06	3.1976e+06	2.85975e+06
P0AB96	P0AB96		arsC		423294	421524	409051	448860	406476	232821
P0AB98	P0AB98		atpB		1.02273e+06	1.07639e+06	1.15308e+06	886859	1.08061e+06	811152
P0ABA0	P0ABA0		atpF		2.33694e+07	2.33075e+07	2.32296e+07	2.3136e+07	2.31311e+07	2.05765e+07
P0ABA4	P0ABA4		atpH		1.98583e+07	2.09313e+07	1.95326e+07	2.08305e+07	2.03443e+07	1.87773e+07
P0ABA6	P0ABA6		atpG		3.44454e+07	3.40917e+07	3.41875e+07	3.49646e+07	3.45943e+07	3.13809e+07
P0ABB0	P0ABB0		atpA		6.8145e+07	6.58205e+07	6.81482e+07	6.74303e+07	6.77346e+07	6.12065e+07
P0ABB4	P0ABB4		atpD		5.73588e+07	5.54968e+07	5.69161e+07	5.67788e+07	5.7286e+07	4.90864e+07
P0ABB8	P0ABB8		mgtA		763889	753733	656405	741618	751935	624206
P0ABC3	P0ABC3		hflC		1.25911e+07	1.2606e+07	1.26654e+07	1.21402e+07	1.22925e+07	1.27451e+07
P0ABC7	P0ABC7		hflK		1.72575e+07	1.80184e+07	1.80983e+07	1.79262e+07	1.68861e+07	1.70364e+07
P0ABD3	P0ABD3		bfr		4.27805e+07	4.60061e+07	4.44783e+07	4.52813e+07	4.45647e+07	4.24662e+07
P0ABD5	P0ABD5		accA		1.51709e+07	1.53243e+07	1.50898e+07	1.53789e+07	1.55211e+07	1.23959e+07
P0ABD8	P0ABD8		accB		3.58182e+07	3.32127e+07	3.40657e+07	3.29496e+07	3.51784e+07	3.29457e+07
P0ABE2	P0ABE2		bolA		2.52859e+06	2.54632e+06	2.53906e+06	2.05825e+06	2.28485e+06	2.57347e+06
P0ABF1	P0ABF1		pcnB		2.84669e+06	3.02938e+06	2.9444e+06	2.999e+06	2.97294e+06	3.00402e+06
P0ABF6	P0ABF6		cdd		6.82154e+06	7.12508e+06	7.00397e+06	6.86526e+06	7.02268e+06	6.75941e+06
P0ABG4	P0ABG4		ftsW		319742	352798	321827	286804	252994	402474
P0ABH0	P0ABH0		ftsA		3.22596e+06	2.93133e+06	3.04619e+06	2.75414e+06	3.09889e+06	2.76747e+06
P0ABH7	P0ABH7		gltA		1.1041e+07	1.11022e+07	1.10073e+07	1.11554e+07	1.08491e+07	1.07605e+07
P0ABH9	P0ABH9		clpA		1.10027e+07	1.09935e+07	1.11257e+07	1.11225e+07	1.09711e+07	1.06233e+07
P0ABI4	P0ABI4		corA		1.8505e+06	1.78558e+06	1.88968e+06	1.79438e+06	1.8669e+06	1.81693e+06
P0ABI8	P0ABI8		cyoB		2.51742e+06	2.65819e+06	2.43958e+06	2.41554e+06	2.4736e+06	2.38395e+06
P0ABJ1	P0ABJ1		cyoA		2.18594e+06	2.6269e+06	2.40057e+06	2.64004e+06	2.71173e+06	2.67436e+06
P0ABJ9	P0ABJ9		cydA		2.39618e+07	2.50085e+07	2.39663e+07	2.45542e+07	2.4093e+07	2.95354e+07
P0ABK2	P0ABK2		cydB		6.78013e+06	7.18956e+06	6.50095e+06	7.20824e+06	7.03308e+06	4.43398e+06
P0ABK5	P0ABK5		cysK		4.19031e+07	4.04566e+07	4.18419e+07	3.96385e+07	4.08527e+07	3.85582e+07
P0ABL5	P0ABL5		napC		1.03018e+06	915533	942426	993163	1.02534e+06	934788
P0ABN1	P0ABN1		dgkA		400336	401142	396003	390265	434739	337064
P0ABN5	P0ABN5		dcuA		2.00144e+06	2.11551e+06	2.08518e+06	2.02675e+06	1.98353e+06	2.03002e+06
P0ABN9	P0ABN9		dcuB		7.44526e+06	7.22802e+06	6.69052e+06	7.01667e+06	7.08266e+06	7.46523e+06
P0ABP8	P0ABP8		deoD		4.85972e+07	5.12154e+07	4.9591e+07	5.13169e+07	5.09029e+07	4.82911e+07
P0ABQ0	P0ABQ0		coaBC		1.05698e+06	1.07759e+06	1.0617e+06	1.18258e+06	1.04784e+06	932120
P0ABQ2	P0ABQ2		garR		1.87748e+06	1.95296e+06	2.00258e+06	1.87228e+06	1.93712e+06	1.83896e+06
P0ABQ4	P0ABQ4		folA		2.6668e+06	2.69626e+06	2.61931e+06	2.64204e+06	2.66712e+06	2.46723e+06
P0ABS1	P0ABS1		dksA		2.45466e+07	2.34103e+07	2.46612e+07	2.3552e+07	2.437e+07	2.37974e+07
P0ABS5	P0ABS5		dnaG		3.25852e+06	3.12991e+06	3.36565e+06	3.11754e+06	2.92188e+06	3.4925e+06
P0ABT2	P0ABT2		dps		7.64579e+07	7.61773e+07	7.67518e+07	7.64439e+07	7.56835e+07	6.66921e+07
P0ABU0	P0ABU0		menB		1.30521e+07	1.27044e+07	1.29468e+07	1.25108e+07	1.26164e+07	1.22885e+07
P0ABU2	P0ABU2		ychF		1.73798e+07	1.68346e+07	1.7465e+07	1.69264e+07	1.72506e+07	1.60301e+07
P0ABU5	P0ABU5		elbB		2.47758e+07	2.47831e+07	2.46357e+07	2.54305e+07	2.58284e+07	2.40714e+07
P0ABU7	P0ABU7		exbB		2.24082e+06	2.13634e+06	2.13248e+06	2.13802e+06	2.17092e+06	1.88351e+06
P0ABU9	P0ABU9		tolQ		2.37441e+06	2.34899e+06	2.46265e+06	2.40315e+06	2.34652e+06	2.1746e+06
P0ABV2	P0ABV2		exbD		3.35567e+06	3.32489e+06	3.24205e+06	3.47877e+06	3.24475e+06	3.37368e+06
P0ABV6	P0ABV6		tolR		7.41805e+06	7.15122e+06	7.32711e+06	7.29044e+06	7.1373e+06	7.10914e+06
P0ABX2	P0ABX2		flgC		1.1623e+06	1.13133e+06	1.19759e+06	1.13656e+06	1.13956e+06	1.19136e+06
P0ABX5	P0ABX5		flgG		1.31027e+06	1.53351e+06	1.13647e+06	1.4671e+06	1.32969e+06	1.20069e+06
P0ABX8	P0ABX8		fliL		2.90377e+06	2.9136e+06	2.95452e+06	2.49607e+06	2.70752e+06	3.24839e+06
P0ABZ1	P0ABZ1		fliG		2.39091e+06	2.45985e+06	2.54236e+06	2.66976e+06	2.57964e+06	2.58527e+06
P0ABZ4	P0ABZ4		kdsC		4.90553e+06	5.06513e+06	4.88005e+06	4.92521e+06	4.77279e+06	4.51616e+06
P0ABZ6	P0ABZ6		surA		1.26614e+07	1.23342e+07	1.2439e+07	1.23884e+07	1.27846e+07	1.00795e+07
P0AC02	P0AC02		bamD		1.3747e+07	1.41859e+07	1.37744e+07	1.45089e+07	1.40035e+07	1.34015e+07
P0AC13	P0AC13		folP		7.24821e+06	7.70813e+06	7.3082e+06	7.42717e+06	7.45414e+06	7.19643e+06
P0AC19	P0AC19		folX		4.16626e+06	3.87144e+06	4.08312e+06	4.01483e+06	3.82598e+06	4.31363e+06
P0AC30	P0AC30		ftsX		1.88493e+06	1.85341e+06	1.85028e+06	1.81639e+06	1.78729e+06	1.88172e+06
P0AC33	P0AC33		fumA		2.07783e+06	2.09389e+06	2.16377e+06	2.10167e+06	2.06665e+06	1.90261e+06
P0AC38	P0AC38		aspA		1.4082e+08	1.3725e+08	1.38714e+08	1.37055e+08	1.38185e+08	1.31277e+08
P0AC41	P0AC41		sdhA		3.73864e+06	4.04024e+06	3.85031e+06	3.83314e+06	3.85205e+06	3.84737e+06
P0AC47	P0AC47		frdB		1.00634e+07	1.027e+07	1.01185e+07	1.00723e+07	1.01396e+07	1.02461e+07
P0AC51	P0AC51		zur		9.9842e+06	9.35355e+06	9.3974e+06	9.05703e+06	8.99957e+06	7.23162e+06
P0AC53	P0AC53		zwf		1.27511e+07	1.31288e+07	1.27411e+07	1.27374e+07	1.27941e+07	1.32218e+07
P0AC59	P0AC59		grxB		7.06029e+06	6.74966e+06	7.14845e+06	6.28697e+06	6.86594e+06	7.02618e+06
P0AC62	P0AC62		grxC		2.05676e+07	2.12464e+07	2.05783e+07	2.00315e+07	2.18685e+07	1.79452e+07
P0AC69	P0AC69		grxD		2.92321e+07	2.84839e+07	2.87592e+07	2.7415e+07	2.96855e+07	2.15128e+07
P0AC75	P0AC75		waaA		1.01652e+06	1.18189e+06	1.01111e+06	884041	1.16194e+06	1.14698e+06
P0AC81	P0AC81		gloA		1.41566e+06	1.60335e+06		1.64229e+06	1.13296e+06	1.68633e+06
P0AC84	P0AC84		gloB		1.1787e+06	1.31578e+06	1.06533e+06	1.17068e+06	1.48094e+06	1.27439e+06
P0AC86	P0AC86		glgP		1.91046e+06	1.90554e+06	1.99338e+06	2.01489e+06	1.83574e+06	1.69347e+06
P0AC92	P0AC92		gnsA		5.24984e+06	5.61492e+06	4.94225e+06	5.9166e+06	5.5046e+06	4.25541e+06
P0ACA1	P0ACA1		yibF		821002	847381	676585	820017	718325	822951
P0ACA3	P0ACA3		sspA		3.01075e+07	3.10918e+07	2.98399e+07	3.07404e+07	3.07993e+07	2.56143e+07
P0ACA7	P0ACA7		gstB		1.89027e+06	1.87095e+06	1.83914e+06	1.92551e+06	1.93592e+06	1.95712e+06
P0ACB0	P0ACB0		dnaB		2.58545e+06	2.51725e+06	2.41021e+06	2.35939e+06	2.36858e+06	2.50241e+06
P0ACB2	P0ACB2		hemB		1.3261e+07	1.32481e+07	1.31153e+07	1.29565e+07	1.3033e+07	1.19443e+07
P0ACB4	P0ACB4		hemG		1.01578e+07	1.05213e+07	9.99485e+06	9.97426e+06	1.03412e+07	1.05343e+07
P0ACB7	P0ACB7		hemY		6.13243e+06	6.29332e+06	5.91326e+06	5.92901e+06	6.04462e+06	5.96734e+06
P0ACC1	P0ACC1		prmC		1.71451e+06	1.86273e+06	1.65689e+06	1.87673e+06	1.78155e+06	1.56546e+06
P0ACC3	P0ACC3		erpA		7.50783e+06	7.8e+06	7.5851e+06	7.92184e+06	7.58469e+06	7.73159e+06
P0ACC7	P0ACC7		glmU		1.54865e+07	1.54828e+07	1.52015e+07	1.4782e+07	1.53833e+07	1.37127e+07
P0ACD4	P0ACD4		nifU		1.10279e+07	1.12368e+07	1.11063e+07	1.10711e+07	1.10059e+07	1.12791e+07
P0ACD8	P0ACD8		hyaB		4.04177e+06	4.00617e+06	3.92036e+06	3.86984e+06	3.92906e+06	4.12778e+06
P0ACE0	P0ACE0		hybC		1.306e+07	1.30468e+07	1.29041e+07	1.31001e+07	1.3429e+07	1.23631e+07
P0ACE3	P0ACE3		hha		4.22617e+06	3.88351e+06	3.7611e+06	3.92179e+06	4.00782e+06	3.11772e+06
P0ACE7	P0ACE7		hinT		1.35545e+07	1.39014e+07	1.36157e+07	1.35923e+07	1.35482e+07	1.34621e+07
P0ACF0	P0ACF0		hupA		5.17047e+08	5.21988e+08	5.36248e+08	5.41094e+08	5.35337e+08	4.96424e+08
P0ACF4	P0ACF4		hupB		2.99693e+07	2.80014e+07	2.97685e+07	2.8532e+07	2.81334e+07	3.05025e+07
P0ACF8	P0ACF8		hns		5.58121e+07	5.45416e+07	5.41168e+07	5.20725e+07	5.41303e+07	5.74582e+07
P0ACG1	P0ACG1		stpA		1.54714e+07	1.59978e+07	1.58375e+07	1.58227e+07	1.61042e+07	1.46882e+07
P0ACI0	P0ACI0		rob		4.31346e+06	4.52726e+06	4.35989e+06	4.45338e+06	4.33749e+06	4.52004e+06
P0ACI6	P0ACI6		asnC		305190	309869	307695	400924	353446	253629
P0ACJ0	P0ACJ0		lrp		1.0176e+07	1.05126e+07	1.06057e+07	1.06483e+07	1.04406e+07	1.07425e+07
P0ACJ8	P0ACJ8		crp		2.72092e+07	2.66859e+07	2.7076e+07	2.72899e+07	2.78702e+07	2.317e+07
P0ACK2	P0ACK2		agaR		2.2917e+06	2.33303e+06	2.33662e+06	2.40729e+06	2.26512e+06	2.10897e+06
P0ACK8	P0ACK8		fucR		287063	254915	295071	324129	273483	146042
P0ACL0	P0ACL0		glpR		2.24189e+06	2.35491e+06	2.24958e+06	2.33504e+06	2.19451e+06	2.28544e+06
P0ACL2	P0ACL2		exuR		2.5862e+06	2.60947e+06	2.55871e+06	2.5375e+06	2.67401e+06	2.29294e+06
P0ACL9	P0ACL9		pdhR		3.74227e+06	3.96327e+06	3.89948e+06	3.82649e+06	3.98052e+06	3.45141e+06
P0ACM2	P0ACM2		ydfH		2.09565e+06	2.05356e+06	2.07875e+06	1.9142e+06	1.96447e+06	1.77843e+06
P0ACM5	P0ACM5		yegW		484388	507321	428139	470325	508679	403257
P0ACN4	P0ACN4		allR		7.80796e+06	7.84233e+06	7.9806e+06	7.46669e+06	7.66126e+06	7.11808e+06
P0ACN7	P0ACN7		cytR		1.38787e+06	1.36672e+06	1.42851e+06	1.36392e+06	1.30285e+06	1.47729e+06
P0ACP1	P0ACP1		cra		4.57453e+06	4.3577e+06	4.64839e+06	4.30613e+06	4.299e+06	4.58415e+06
P0ACP5	P0ACP5		gntR		774596	707570	828584	778368	733065	766764
P0ACP7	P0ACP7		purR		5.59174e+06	5.4726e+06	5.69768e+06	5.88403e+06	5.51249e+06	5.09703e+06
P0ACQ4	P0ACQ4		oxyR		5.04661e+06	5.16564e+06	4.99273e+06	5.16806e+06	4.97252e+06	4.45557e+06
P0ACR4	P0ACR4		yeiE		2.88536e+06	2.8989e+06	3.02454e+06	2.90618e+06	2.85768e+06	2.93775e+06
P0ACR9	P0ACR9		mprA		1.38579e+07	1.42254e+07	1.37245e+07	1.38934e+07	1.44995e+07	1.26811e+07
P0ACS7	P0ACS7		rpiR		905512	922662	874138	906025	859247	1.00396e+06
P0ACT6	P0ACT6		uidR		936396	1.02186e+06	990820	1.02794e+06	909417	708440
P0ACU5	P0ACU5		fabR		3.48418e+06	3.35666e+06	3.33014e+06	3.51854e+06	3.32073e+06	3.53973e+06
P0ACU7	P0ACU7		yjdC		2.34036e+06	2.45858e+06	2.20484e+06	2.39683e+06	2.45281e+06	1.8646e+06
P0ACV8	P0ACV8		ymjA		3.69602e+06	3.53812e+06	3.75649e+06	3.33569e+06	3.1751e+06	3.71254e+06
P0ACX5	P0ACX5		ydhZ		3.00174e+06	3.02638e+06	2.89439e+06	2.64819e+06	2.94968e+06	2.98725e+06
P0ACY1	P0ACY1		ydjA		1.17411e+07	1.12163e+07	1.17952e+07	1.15096e+07	1.15954e+07	1.12376e+07
P0ACY3	P0ACY3		yeaG		1.03166e+06	1.03926e+06	1.02348e+06	983582	1.04113e+06	1.02494e+06
P0ACY9	P0ACY9		yebG		873140	961506	797105	869371	916511	746673
P0ACZ2	P0ACZ2		etp		2.32061e+06	2.31852e+06	2.19422e+06	2.33793e+06	2.29508e+06	2.40303e+06
P0ACZ4	P0ACZ4		evgA		2.44229e+06	2.44733e+06	2.46156e+06	2.38012e+06	2.38428e+06	2.41079e+06
P0AD05	P0AD05		yecA		2.82892e+06	2.87047e+06	2.80956e+06	3.04731e+06	2.95952e+06	2.51434e+06
P0AD07	P0AD07		yecF		3.81231e+06	3.89491e+06	3.79676e+06	3.59411e+06	3.85547e+06	2.97786e+06
P0AD10	P0AD10		yecJ		3.35522e+06	3.40001e+06	3.16753e+06	3.3221e+06	3.00798e+06	2.45863e+06
P0AD12	P0AD12		yeeZ		8.77427e+06	8.80137e+06	8.6205e+06	8.78099e+06	8.6094e+06	9.62525e+06
P0AD24	P0AD24		yejL		3.07406e+06	2.68345e+06	3.05503e+06	3.22033e+06	2.99881e+06	3.17751e+06
P0AD33	P0AD33		yfcZ		5.4754e+07	5.61952e+07	5.37277e+07	5.49217e+07	5.56698e+07	4.93747e+07
P0AD37	P0AD37		yfeC		1.25032e+06	1.35967e+06	1.12777e+06	1.21415e+06	1.24871e+06	1.3352e+06
P0AD44	P0AD44		yfhG		876025	843477	881777	859793	872547	883293
P0AD49	P0AD49		raiA		6.37618e+06	7.06103e+06	6.36991e+06	6.17984e+06	6.53215e+06	6.25604e+06
P0AD57	P0AD57		ispB		1.376e+06	1.46353e+06	1.44713e+06	1.37073e+06	1.39247e+06	1.42399e+06
P0AD59	P0AD59		ivy		2.78387e+06	2.98354e+06	2.76022e+06	2.9611e+06	3.05588e+06	2.478e+06
P0AD61	P0AD61		pykF		4.62309e+07	4.72898e+07	4.69812e+07	4.61521e+07	4.69055e+07	4.40251e+07
P0AD68	P0AD68		ftsI		698424	691923	673285	688961	662556	813800
P0AD70	P0AD70		ampH		1.49067e+06	1.55525e+06	1.58925e+06	1.55544e+06	1.52488e+06	1.60705e+06
P0ADA1	P0ADA1		tesA		2.54243e+06	2.43982e+06	2.56105e+06	2.20351e+06	2.51072e+06	2.68291e+06
P0ADA3	P0ADA3		nlpD		5.85878e+06	5.88469e+06	5.89147e+06	5.63196e+06	5.62498e+06	5.82204e+06
P0ADA5	P0ADA5		yajG		1.98853e+07	1.96979e+07	2.00906e+07	1.97291e+07	1.91624e+07	1.85225e+07
P0ADA7	P0ADA7		osmB		2.63043e+06	2.55154e+06	2.63796e+06	2.79263e+06	2.67736e+06	2.13346e+06
P0ADB1	P0ADB1		osmE		2.60259e+07	2.74166e+07	2.61041e+07	2.76967e+07	2.68434e+07	2.5827e+07
P0ADB7	P0ADB7		ecnB		1.33328e+07	1.3567e+07	1.31003e+07	1.3182e+07	1.31848e+07	1.13512e+07
P0ADC1	P0ADC1		lptE		1.23106e+06	1.10768e+06	1.12664e+06	985923	1.12726e+06	1.01273e+06
P0ADC3	P0ADC3		lolC		2.68759e+06	2.63055e+06	2.77568e+06	2.47632e+06	2.58623e+06	2.56442e+06
P0ADC6	P0ADC6		lptG		1.90609e+06	1.8067e+06	1.84757e+06	1.76837e+06	1.85654e+06	1.77555e+06
P0ADE4	P0ADE4		tamA		4.07253e+06	3.94341e+06	4.00417e+06	3.79976e+06	4.06279e+06	3.59076e+06
P0ADE6	P0ADE6		ygaU		557690	581602	601597	574314	568837	685554
P0ADE8	P0ADE8		ygfZ		8.07121e+06	8.30751e+06	8.10171e+06	8.2549e+06	8.29514e+06	7.99936e+06
P0ADF6	P0ADF6		edd		1.7857e+06	1.95536e+06	1.72708e+06	1.82867e+06	1.85776e+06	1.60038e+06
P0ADG4	P0ADG4		suhB		1.62305e+07	1.59151e+07	1.59458e+07	1.60178e+07	1.57418e+07	1.5026e+07
P0ADG7	P0ADG7		guaB		3.76557e+07	3.76152e+07	3.72538e+07	3.6926e+07	3.76433e+07	3.64116e+07
P0ADH5	P0ADH5		fimB		1.02482e+06	957206	972836	984255	961083	891666
P0ADI4	P0ADI4		entB		469830	582785	480331	515654	504044	450741
P0ADI7	P0ADI7		yecD		9.73962e+06	9.06881e+06	9.92039e+06	9.27813e+06	9.28096e+06	8.96786e+06
P0ADK0	P0ADK0		yiaF		1.4473e+07	1.52321e+07	1.50432e+07	1.44979e+07	1.52305e+07	1.1771e+07
P0ADK8	P0ADK8		yibL		8.83837e+06	8.64858e+06	8.96102e+06	8.78939e+06	8.80758e+06	8.24079e+06
P0ADM8	P0ADM8		yieE		442743	451131	380452	431753	430984	528670
P0ADN2	P0ADN2		yifE		7.83268e+06	7.962e+06	7.93598e+06	7.86857e+06	7.81619e+06	6.96416e+06
P0ADP0	P0ADP0		yigB		1.27071e+06	1.18051e+06	1.25674e+06	1.14416e+06	1.23462e+06	1.22892e+06
P0ADP7	P0ADP7		yigP		1.58168e+06	1.52063e+06	1.46483e+06	1.3082e+06	1.3084e+06	1.69147e+06
P0ADP9	P0ADP9		yihD		5.14618e+06	5.18475e+06	5.30078e+06	5.38094e+06	5.35234e+06	5.18903e+06
P0ADQ2	P0ADQ2		yiiD		9.29593e+06	9.31752e+06	9.41522e+06	8.92492e+06	9.35657e+06	9.59931e+06
P0ADQ7	P0ADQ7		ygaM		4.71755e+06	4.73495e+06	4.64632e+06	4.69322e+06	4.69571e+06	5.07282e+06
P0ADR6	P0ADR6		rlmM		3.71988e+06	3.59281e+06	3.85462e+06	3.69972e+06	3.58342e+06	3.47095e+06
P0ADR8	P0ADR8		ygdH		9.44064e+06	9.16417e+06	9.49838e+06	9.54193e+06	9.39884e+06	8.92044e+06
P0ADS2	P0ADS2		zapA		1.55129e+07	1.61689e+07	1.51255e+07	1.64504e+07	1.64275e+07	1.43602e+07
P0ADS6	P0ADS6		yggE		5.41176e+06	5.27732e+06	5.40159e+06	5.38641e+06	5.45151e+06	4.93754e+06
P0ADS9	P0ADS9		yggN		2.84256e+06	2.81757e+06	2.84124e+06	2.66472e+06	2.7509e+06	2.85288e+06
P0ADT2	P0ADT2		ygiB		976720	1.01014e+06	966301	990250	1.05407e+06	825623
P0ADT5	P0ADT5		ygiC		3.16497e+06	3.14658e+06	3.17502e+06	3.13466e+06	3.13681e+06	2.64542e+06
P0ADT8	P0ADT8		ygiM		4.31267e+06	3.99269e+06	4.28651e+06	3.97342e+06	3.94736e+06	4.01152e+06
P0ADU2	P0ADU2		ygiN		8.744e+06	8.823e+06	8.65694e+06	8.95578e+06	8.69427e+06	6.63724e+06
P0ADU5	P0ADU5		ygiW		7.87594e+06	7.68956e+06	8.0283e+06	7.42837e+06	7.60252e+06	8.29211e+06
P0ADV1	P0ADV1		lptA		3.78065e+06	3.62347e+06	3.77942e+06	3.41349e+06	3.64382e+06	3.69247e+06
P0ADV5	P0ADV5		yhbW		1.08101e+06	1.06157e+06	1.06954e+06	1.07729e+06	967297	1.19492e+06
P0ADV7	P0ADV7		mlaC		1.03484e+07	1.02126e+07	1.0422e+07	1.04549e+07	1.0126e+07	9.73476e+06
P0ADW3	P0ADW3		yhcB		3.27569e+07	3.41808e+07	3.19217e+07	3.32847e+07	3.3197e+07	2.73755e+07
P0ADW8	P0ADW8		yheV		1.2729e+06	1.08097e+06	1.08088e+06	975448	1.1457e+06	1.58379e+06
P0ADX1	P0ADX1		yhfA		7.70769e+06	7.18003e+06	7.85149e+06	7.48027e+06	7.45781e+06	6.01946e+06
P0ADX7	P0ADX7		yhhA		180323	162845	155576	176208	232003	154648
P0ADX9	P0ADX9		rsmD		1.91253e+06	1.88978e+06	1.93502e+06	1.8364e+06	2.00226e+06	1.42757e+06
P0ADY1	P0ADY1		ppiD		2.1355e+07	2.09086e+07	2.12792e+07	2.11491e+07	2.11574e+07	2.09552e+07
P0ADY3	P0ADY3		rplN		2.0124e+07	2.1539e+07	1.94148e+07	2.04092e+07	2.12126e+07	1.57071e+07
P0ADY7	P0ADY7		rplP		7.56891e+07	7.54117e+07	7.80663e+07	7.86369e+07	7.89045e+07	6.92828e+07
P0ADZ0	P0ADZ0		rplW		8.09199e+06	8.64363e+06	8.23693e+06	7.63847e+06	8.06639e+06	9.59274e+06
P0ADZ4	P0ADZ4		rpsO		1.09766e+08	1.09827e+08	1.09513e+08	1.10028e+08	1.10435e+08	8.46528e+07
P0ADZ7	P0ADZ7		yajC		1.94425e+07	1.74088e+07	1.75745e+07	1.70373e+07	1.75541e+07	1.85947e+07
P0AE01	P0AE01		trmJ		4.32295e+06	4.3371e+06	4.47222e+06	4.56388e+06	4.31955e+06	4.24254e+06
P0AE06	P0AE06		acrA		1.82679e+07	1.81295e+07	1.84054e+07	1.83141e+07	1.83158e+07	1.7262e+07
P0AE08	P0AE08		ahpC		3.33182e+07	3.33702e+07	3.3214e+07	3.39527e+07	3.40388e+07	2.86286e+07
P0AE12	P0AE12		amn		1.81989e+06	1.82888e+06	1.73824e+06	1.7744e+06	1.88209e+06	1.82421e+06
P0AE14	P0AE14		ampE		648663	981260	725052	853947	800243	865498
P0AE18	P0AE18		map		1.06919e+07	1.03821e+07	1.08733e+07	1.03638e+07	1.03754e+07	1.0118e+07
P0AE22	P0AE22		aphA		1.7486e+06	1.90611e+06	1.82515e+06	1.80948e+06	1.83072e+06	2.06009e+06
P0AE39	P0AE39		ypdB		1.99068e+06	1.91951e+06	1.94936e+06	1.87032e+06	1.88467e+06	1.75438e+06
P0AE45	P0AE45		ytfL		1.12451e+06	1.14042e+06	1.11211e+06	1.04251e+06	1.03545e+06	1.25531e+06
P0AE48	P0AE48		ytfP		5.92038e+06	6.10612e+06	5.88617e+06	5.74239e+06	5.8652e+06	7.42655e+06
P0AE52	P0AE52		bcp		2.09386e+07	2.05923e+07	2.04808e+07	2.00169e+07	2.04278e+07	1.63631e+07
P0AE60	P0AE60		cedA		1.28267e+06	1.25675e+06	1.28359e+06	1.32153e+06	1.12193e+06	1.27078e+06
P0AE67	P0AE67		cheY		1.72663e+06	1.6843e+06	1.60068e+06	1.77313e+06	1.72222e+06	1.39754e+06
P0AE70	P0AE70		mazF		3.28963e+06	2.75544e+06	3.28823e+06	2.9229e+06	2.70698e+06	3.03147e+06
P0AE74	P0AE74		citT		1.2279e+06	1.09927e+06	1.28093e+06	1.26432e+06	1.14412e+06	1.63555e+06
P0AE78	P0AE78		corC		2.91006e+06	2.29611e+06	3.12146e+06	3.08056e+06	2.79623e+06	2.6602e+06
P0AE82	P0AE82		cpxA		1.64817e+06	1.70056e+06	1.68984e+06	1.64189e+06	1.58896e+06	1.63967e+06
P0AE85	P0AE85		cpxP		830491	897166	839363	741898	858066	760350
P0AE88	P0AE88		cpxR		4.78372e+06	5.05872e+06	4.93277e+06	5.03926e+06	4.95886e+06	4.4107e+06
P0AE91	P0AE91		creA		3.74077e+06	3.74656e+06	3.72091e+06	3.67086e+06	3.73171e+06	3.70081e+06
P0AEA8	P0AEA8		cysG		1.90645e+06	2.08862e+06	1.91985e+06	1.93676e+06	1.93647e+06	1.92928e+06
P0AEB2	P0AEB2		dacA		8.44538e+06	8.57549e+06	8.53457e+06	8.51109e+06	8.6229e+06	8.1283e+06
P0AEB7	P0AEB7		yoaB		1.30581e+07	1.31787e+07	1.31668e+07	1.32968e+07	1.25942e+07	1.04327e+07
P0AEC0	P0AEC0		yoaE		389683	432213	432042	416286	430955	464197
P0AEC3	P0AEC3		arcB		1.06947e+06	1.06274e+06	1.03763e+06	1.02441e+06	1.07937e+06	1.17069e+06
P0AEC8	P0AEC8		dcuS		545799	442631	461425	434838	434223	367333
P0AED0	P0AED0		uspA		1.12263e+07	1.10304e+07	1.07426e+07	1.03028e+07	1.06819e+07	8.98356e+06
P0AED5	P0AED5		uvrY		4.43849e+06	4.24637e+06	4.40547e+06	4.06603e+06	4.21315e+06	4.36234e+06
P0AED7	P0AED7		dapE		6.75148e+06	6.54023e+06	6.59122e+06	6.38127e+06	6.49693e+06	6.08391e+06
P0AED9	P0AED9		dcm		644326	655747	609697	614866	620664	642113
P0AEE1	P0AEE1		dcrB		7.9782e+06	8.21442e+06	8.18752e+06	8.19709e+06	8.20198e+06	6.9266e+06
P0AEE3	P0AEE3		degS		1.19604e+06	1.13125e+06	1.13325e+06	1.09012e+06	1.04891e+06	952740
P0AEE5	P0AEE5		mglB		2.04145e+06	2.22452e+06	2.15382e+06	2.14101e+06	2.18994e+06	2.22608e+06
P0AEE8	P0AEE8		dam		384679	380927	378106	273560	292219	484554
P0AEF0	P0AEF0		dnaC		535019	560060	561408	546835	585336	578534
P0AEF4	P0AEF4		dpiA		1.07902e+06	1.01982e+06	990152	1.01846e+06	992021	973999
P0AEG4	P0AEG4		dsbA		6.16871e+06	6.2421e+06	5.68819e+06	6.66134e+06	5.9493e+06	5.11619e+06
P0AEG6	P0AEG6		dsbC		2.80276e+06	2.92797e+06	2.79442e+06	2.7326e+06	2.9062e+06	2.28634e+06
P0AEH1	P0AEH1		rseP		1.52047e+06	1.54645e+06	1.58556e+06	1.46645e+06	1.47862e+06	1.76466e+06
P0AEH5	P0AEH5		elaB		7.04855e+06	7.27345e+06	7.28325e+06	7.91239e+06	7.786e+06	5.98572e+06
P0AEI1	P0AEI1		miaB		1.16424e+07	1.15193e+07	1.16874e+07	1.13784e+07	1.16094e+07	1.14607e+07
P0AEI4	P0AEI4		rimO		5.2387e+06	5.02995e+06	5.05892e+06	4.92698e+06	4.98511e+06	4.86239e+06
P0AEI6	P0AEI6		nudJ		3.37294e+06	3.2395e+06	3.30026e+06	3.20419e+06	3.12959e+06	3.27894e+06
P0AEJ2	P0AEJ2		entC		609310	664388	663772	553302	637438	711524
P0AEK2	P0AEK2		fabG		6.88794e+07	7.18645e+07	7.00804e+07	7.04973e+07	7.27316e+07	6.66273e+07
P0AEK4	P0AEK4		fabI		3.31118e+07	3.50022e+07	3.37638e+07	3.52826e+07	3.49073e+07	2.95435e+07
P0AEL0	P0AEL0		fdoI		361273	382211	466129	442755	368246	379769
P0AEL6	P0AEL6		fepB		2.85812e+06	2.81842e+06	2.997e+06	2.76277e+06	2.58859e+06	2.78106e+06
P0AEM0	P0AEM0		fkpB		1.80386e+06	1.56275e+06	1.84618e+06	1.75451e+06	1.76941e+06	1.58942e+06
P0AEM4	P0AEM4		flgM		2.04316e+06	2.0921e+06	1.99947e+06	1.99521e+06	2.06992e+06	2.10748e+06
P0AEM6	P0AEM6		fliA		2.78151e+06	2.67377e+06	2.82551e+06	2.86622e+06	2.80663e+06	3.01254e+06
P0AEM9	P0AEM9		fliY		8.15406e+06	8.16091e+06	7.93221e+06	8.16071e+06	8.11854e+06	7.82403e+06
P0AEN1	P0AEN1		fre		9.43812e+06	9.70993e+06	9.96559e+06	9.52786e+06	9.49208e+06	9.61443e+06
P0AEN4	P0AEN4		ftsL		2.32312e+06	2.15664e+06	2.37082e+06	2.27705e+06	2.37081e+06	2.02669e+06
P0AEN8	P0AEN8		fucU		5.55261e+06	5.42621e+06	5.6277e+06	5.47662e+06	5.20597e+06	5.6283e+06
P0AEP3	P0AEP3		galU		6.56612e+07	6.69286e+07	6.55322e+07	6.74701e+07	6.77026e+07	6.28743e+07
P0AEQ3	P0AEQ3		glnH		1.4897e+07	1.51137e+07	1.45971e+07	1.45868e+07	1.43926e+07	1.2488e+07
P0AEQ6	P0AEQ6		glnP		4.02841e+06	3.89553e+06	4.10825e+06	3.40835e+06	3.70473e+06	4.43204e+06
P0AES0	P0AES0		gsp		2.02528e+06	1.99116e+06	1.98579e+06	2.00806e+06	1.9598e+06	1.93271e+06
P0AES2	P0AES2		gudD		1.92383e+06	1.87649e+06	1.89603e+06	1.90194e+06	1.84452e+06	1.81592e+06
P0AES4	P0AES4		gyrA		1.48172e+07	1.50485e+07	1.50499e+07	1.46184e+07	1.46422e+07	1.45109e+07
P0AES6	P0AES6		gyrB		9.51082e+06	9.642e+06	9.61931e+06	9.73578e+06	9.67237e+06	9.14319e+06
P0AET2	P0AET2		hdeB		1.17311e+07	1.18371e+07	1.09698e+07	1.1597e+07	1.17583e+07	1.26112e+07
P0AET8	P0AET8		hdhA		2.30997e+06	2.08623e+06	2.66933e+06	2.34017e+06	2.20171e+06	2.40305e+06
P0AEU0	P0AEU0		hisJ		3.77712e+06	3.53971e+06	3.7145e+06	3.70845e+06	3.63727e+06	3.43841e+06
P0AEU7	P0AEU7		skp		2.69113e+07	2.67459e+07	2.62555e+07	2.60295e+07	2.66447e+07	2.566e+07
P0AEV4	P0AEV4		hycA		1.09315e+06	1.05821e+06	1.08673e+06	1.1163e+06	1.10886e+06	1.1533e+06
P0AEV9	P0AEV9		hycI		342532	471970	395212	407983	409370	380099
P0AEW6	P0AEW6		gsk		2.38075e+06	2.33353e+06	2.33244e+06	2.28384e+06	2.35425e+06	2.25446e+06
P0AEW9	P0AEW9		fruK		1.83561e+07	1.75717e+07	1.82694e+07	1.71999e+07	1.80149e+07	1.7242e+07
P0AEX5	P0AEX5		prkB		2.07725e+06	2.07526e+06	2.16152e+06	1.94132e+06	2.00564e+06	2.10088e+06
P0AEX9	P0AEX9		malE		7.46479e+06	7.58432e+06	7.66547e+06	7.78949e+06	7.37263e+06	7.39024e+06
P0AEY3	P0AEY3		mazG		2.23323e+06	2.3892e+06	2.25094e+06	2.2307e+06	2.32353e+06	1.60229e+06
P0AEY5	P0AEY5		mdaB		2.12483e+06	2.20213e+06	1.95506e+06	1.99402e+06	2.00339e+06	2.39082e+06
P0AEZ3	P0AEZ3		minD		1.69827e+07	1.67252e+07	1.70778e+07	1.65615e+07	1.67506e+07	1.65402e+07
P0AEZ9	P0AEZ9		moaB		1.00725e+07	1.02344e+07	9.7943e+06	9.79671e+06	9.9373e+06	9.86557e+06
P0AF03	P0AF03		mog		1.0375e+07	1.08409e+07	1.1078e+07	1.14559e+07	1.04448e+07	9.53461e+06
P0AF06	P0AF06		motB		251516	211714	270318	317761	224357	314212
P0AF08	P0AF08		mrp		3.96305e+06	3.8459e+06	4.13866e+06	3.94574e+06	3.66531e+06	3.90728e+06
P0AF12	P0AF12		mtnN		2.69359e+07	2.6776e+07	2.61557e+07	2.5895e+07	2.70621e+07	2.41815e+07
P0AF18	P0AF18		nagA		3.15382e+06	3.0457e+06	3.07123e+06	2.98634e+06	3.10638e+06	3.08943e+06
P0AF20	P0AF20		nagC		1.21098e+06	1.21043e+06	1.21326e+06	1.15592e+06	1.22137e+06	1.32694e+06
P0AF24	P0AF24		nagD		2.0797e+06	2.1106e+06	2.08869e+06	2.04359e+06	2.12945e+06	1.83342e+06
P0AF28	P0AF28		narL		8.45146e+06	8.47482e+06	8.4532e+06	8.48092e+06	8.39861e+06	7.28167e+06
P0AF36	P0AF36		zapB		8.1168e+06	7.85719e+06	8.07999e+06	7.7601e+06	7.6511e+06	7.16651e+06
P0AF48	P0AF48		yjbQ		1.40481e+06	1.35003e+06	1.3891e+06	1.38166e+06	1.41125e+06	1.23658e+06
P0AF50	P0AF50		yjbR		7.72455e+06	7.95554e+06	7.73444e+06	7.81715e+06	7.57352e+06	7.34038e+06
P0AF52	P0AF52		yjcD		496899	417731	514754	529704	527046	482425
P0AF59	P0AF59		yjdI		652637	566975	564220	695254	591146	732957
P0AF61	P0AF61		yjdK		2.21006e+06	2.0075e+06	1.95881e+06	1.55033e+06	1.69419e+06	1.7662e+06
P0AF63	P0AF63		nsrR		1.42917e+06	1.55206e+06	1.34467e+06	1.54352e+06	1.5933e+06	1.20902e+06
P0AF67	P0AF67		yjeE		3.80819e+06	3.76514e+06	3.88613e+06	3.86582e+06	3.70112e+06	3.43896e+06
P0AF70	P0AF70		yjeI		1.0329e+07	1.08716e+07	9.97768e+06	1.03481e+07	1.08357e+07	6.02543e+06
P0AF90	P0AF90		rraB		7.52485e+06	7.08958e+06	7.41586e+06	7.2935e+06	7.55308e+06	6.61627e+06
P0AF93	P0AF93		ridA		1.07749e+08	1.00924e+08	1.08031e+08	1.00577e+08	1.00997e+08	1.01099e+08
P0AF96	P0AF96		tabA		2.93796e+06	2.94713e+06	2.93481e+06	2.73695e+06	2.89342e+06	2.74544e+06
P0AF98	P0AF98		lptF		1.14851e+06	1.145e+06	1.16732e+06	1.18632e+06	1.1393e+06	1.24353e+06
P0AFA7	P0AFA7		nhaB		526578	568195	510362	640809	479130	612185
P0AFB1	P0AFB1		nlpI		2.11368e+06	2.16834e+06	2.14825e+06	2.29926e+06	2.14467e+06	2.10537e+06
P0AFB5	P0AFB5		glnL		1.24979e+06	1.16176e+06	1.29296e+06	1.22355e+06	1.19759e+06	1.23829e+06
P0AFB8	P0AFB8		glnG		3.60394e+06	3.70277e+06	3.49053e+06	3.52739e+06	3.57842e+06	3.23059e+06
P0AFC0	P0AFC0		nudB		587748	450482	565329	447756	455224	447786
P0AFC3	P0AFC3		nuoA		2.65955e+06	2.41927e+06	2.48509e+06	2.42407e+06	2.7361e+06	2.39525e+06
P0AFC7	P0AFC7		nuoB		4.49001e+06	4.3131e+06	4.22971e+06	4.30312e+06	4.49421e+06	3.93084e+06
P0AFD1	P0AFD1		nuoE		2.74625e+06	2.78074e+06	2.63283e+06	2.78567e+06	2.84235e+06	2.58246e+06
P0AFD4	P0AFD4		nuoH		2.48265e+06	2.43583e+06	2.59177e+06	2.46215e+06	2.35219e+06	2.55427e+06
P0AFD6	P0AFD6		nuoI		9.46258e+06	9.52067e+06	9.59018e+06	9.83325e+06	9.29654e+06	8.95593e+06
P0AFF2	P0AFF2		nupC		617074	602626	737983	558483	590495	470856
P0AFF6	P0AFF6		nusA		2.39542e+07	2.43453e+07	2.37442e+07	2.46304e+07	2.47405e+07	2.11668e+07
P0AFG0	P0AFG0		nusG		1.50124e+07	1.56097e+07	1.58374e+07	1.52287e+07	1.53704e+07	1.28921e+07
P0AFG3	P0AFG3		sucA		9.88619e+06	1.00329e+07	9.64109e+06	9.8688e+06	9.71832e+06	9.56162e+06
P0AFG6	P0AFG6		sucB		7.00331e+06	7.31626e+06	7.03601e+06	6.98339e+06	7.35346e+06	6.90684e+06
P0AFG8	P0AFG8		aceE		6.35453e+07	6.27302e+07	6.39011e+07	6.30017e+07	6.34156e+07	5.89561e+07
P0AFH8	P0AFH8		osmY		2.7e+07	2.69545e+07	2.65917e+07	2.64026e+07	2.68504e+07	2.27957e+07
P0AFI0	P0AFI0		oxc		1.1361e+06	1.11899e+06	1.20296e+06	1.15782e+06	1.20696e+06	1.12466e+06
P0AFI2	P0AFI2		parC		4.53427e+06	4.64714e+06	4.52613e+06	4.62829e+06	4.60064e+06	4.52953e+06
P0AFI5	P0AFI5		pbpG		2.42784e+06	2.44092e+06	2.4737e+06	2.32218e+06	2.3302e+06	2.2052e+06
P0AFI7	P0AFI7		pdxH		7.10896e+06	7.30111e+06	6.92973e+06	6.95917e+06	6.98048e+06	7.30409e+06
P0AFJ1	P0AFJ1		phnA		2.21014e+06	2.2892e+06	2.27716e+06	2.19288e+06	2.28468e+06	2.08396e+06
P0AFJ7	P0AFJ7		pitA		1.79946e+06	1.79711e+06	1.76535e+06	1.64964e+06	1.6109e+06	1.63091e+06
P0AFK0	P0AFK0		pmbA		5.90948e+06	6.10873e+06	5.95723e+06	6.00155e+06	5.94208e+06	5.76822e+06
P0AFK9	P0AFK9		potD		7.65196e+06	7.86334e+06	7.53246e+06	7.84472e+06	7.88228e+06	6.93237e+06
P0AFL3	P0AFL3		ppiA		6.80326e+06	6.44073e+06	7.02817e+06	6.61809e+06	6.84059e+06	6.10922e+06
P0AFL6	P0AFL6		ppx		1.54533e+06	1.53819e+06	1.58691e+06	1.58764e+06	1.58218e+06	1.64387e+06
P0AFM2	P0AFM2		proX		1.43567e+06	1.58992e+06	1.53112e+06	1.50318e+06	1.58125e+06	1.39533e+06
P0AFM6	P0AFM6		pspA		3.94006e+06	4.0532e+06	3.96875e+06	4.02459e+06	4.13051e+06	3.55805e+06
P0AFM9	P0AFM9		pspB		828133	788003	915987	817807	833373	674952
P0AFP4	P0AFP4		ybbO		760620	853315	749524	706544	699802	852651
P0AFP6	P0AFP6		ybgI		9.88245e+06	1.00721e+07	9.60604e+06	9.59649e+06	1.02536e+07	9.55667e+06
P0AFP9	P0AFP9		ybhR		75290	48279.9		75804.3	11871.3	40177.3
P0AFQ7	P0AFQ7		ycfH		5.07436e+06	5.0533e+06	5.04091e+06	5.06454e+06	4.98506e+06	4.79255e+06
P0AFR4	P0AFR4		yciO		6.63384e+06	6.70541e+06	6.54742e+06	6.26084e+06	6.50151e+06	6.89381e+06
P0AFT5	P0AFT5		yehT		824804	1.09219e+06	1.13848e+06	1.16882e+06	1.00127e+06	881512
P0AFU4	P0AFU4		glrR		713899	656443	748806	791675	790874	662780
P0AFU8	P0AFU8		ribC		1.04738e+07	1.03256e+07	1.05907e+07	1.034e+07	1.02535e+07	1.05895e+07
P0AFW8	P0AFW8		rof		3.99486e+06	4.05631e+06	3.99041e+06	3.86602e+06	4.16983e+06	3.91024e+06
P0AFX0	P0AFX0		hpf		955916	913530	930087	782713	794584	860273
P0AFX4	P0AFX4		rsd		524247	469463	540011	535124	497023	600135
P0AFX7	P0AFX7		rseA		2.12224e+06	2.18935e+06	1.95017e+06	1.87841e+06	1.84807e+06	2.48407e+06
P0AFX9	P0AFX9		rseB		2.90336e+06	2.93329e+06	2.98291e+06	3.03432e+06	2.95319e+06	3.23772e+06
P0AFY6	P0AFY6		sbmA		608227	574040	570067		577500	569239
P0AFY8	P0AFY8		seqA		9.42964e+06	9.52568e+06	9.43703e+06	9.44516e+06	9.60089e+06	9.34254e+06
P0AFZ1	P0AFZ1		sseB		2.42819e+06	2.46053e+06	2.40567e+06	2.48109e+06	2.46713e+06	2.33385e+06
P0AFZ3	P0AFZ3		sspB		8.78442e+06	8.44848e+06	9.21478e+06	8.54395e+06	8.31008e+06	8.72364e+06
P0AG00	P0AG00		wzzE		3.20537e+06	3.19802e+06	3.27488e+06	3.01243e+06	3.12314e+06	2.90363e+06
P0AG07	P0AG07		rpe		1.23011e+07	1.27184e+07	1.21869e+07	1.28198e+07	1.25369e+07	1.12745e+07
P0AG14	P0AG14		sohB		1.5387e+06	1.51185e+06	1.44293e+06	1.37891e+06	1.43729e+06	1.53653e+06
P0AG16	P0AG16		purF		1.00045e+06	958609	971786	963802	884957	1.03195e+06
P0AG18	P0AG18		purE		675578	559201	691668	580671	465100	610517
P0AG20	P0AG20		relA		1.81595e+06	1.84673e+06	1.84029e+06	1.77739e+06	1.79595e+06	1.82835e+06
P0AG24	P0AG24		spoT		1.468e+06	1.4185e+06	1.49039e+06	1.39214e+06	1.437e+06	1.43681e+06
P0AG27	P0AG27		yibN		1.41849e+07	1.44876e+07	1.45489e+07	1.45658e+07	1.42204e+07	1.42068e+07
P0AG30	P0AG30		rho		2.31367e+07	2.29239e+07	2.31259e+07	2.24605e+07	2.23517e+07	2.27651e+07
P0AG40	P0AG40		ribF		2.42322e+06	2.5344e+06	2.56928e+06	2.58219e+06	2.55481e+06	2.53661e+06
P0AG44	P0AG44		rplQ		2.46525e+08	2.61254e+08	2.60071e+08	2.62323e+08	2.62373e+08	2.60571e+08
P0AG48	P0AG48		rplU		9.22689e+07	9.2064e+07	9.50403e+07	9.17163e+07	8.92685e+07	8.20171e+07
P0AG51	P0AG51		rpmD		6.50633e+07	6.45969e+07	6.46506e+07	6.73705e+07	6.45373e+07	6.81838e+07
P0AG55	P0AG55		rplF		1.12188e+08	1.09385e+08	1.11709e+08	1.15189e+08	1.10855e+08	1.01796e+08
P0AG59	P0AG59		rpsN		2.6383e+07	2.59813e+07	2.65706e+07	2.64802e+07	2.60915e+07	2.38902e+07
P0AG63	P0AG63		rpsQ		2.18242e+08	2.16443e+08	2.14461e+08	2.09519e+08	2.23378e+08	1.95771e+08
P0AG67	P0AG67		rpsA		3.13456e+08	3.03291e+08	3.09504e+08	3.01698e+08	3.05721e+08	2.86645e+08
P0AG71	P0AG71		rmuC		1.1585e+06	1.23149e+06	1.09247e+06	1.07697e+06	1.07167e+06	1.19198e+06
P0AG78	P0AG78		sbp		907457	957336	906211	842083	837636	722105
P0AG82	P0AG82		pstS		8.18063e+06	8.40591e+06	8.34824e+06	8.36874e+06	8.15367e+06	8.50323e+06
P0AG84	P0AG84		yghA		657075	561666	650804	626564	625466	517266
P0AG86	P0AG86		secB		2.27294e+07	2.14403e+07	2.19744e+07	2.24103e+07	2.31765e+07	2.10829e+07
P0AG90	P0AG90		secD		2.30143e+07	2.31302e+07	2.32497e+07	2.27023e+07	2.31864e+07	2.41698e+07
P0AG93	P0AG93		secF		1.47419e+06	1.36057e+06	1.46756e+06	1.24796e+06	1.41523e+06	1.32523e+06
P0AG96	P0AG96		secE		1.67565e+06	1.56289e+06	1.66015e+06	1.55321e+06	1.49e+06	1.86758e+06
P0AG99	P0AG99		secG		4.22244e+06	4.25067e+06	4.10233e+06	4.06508e+06	4.11032e+06	4.15662e+06
P0AGA2	P0AGA2		secY		4.75959e+06	4.58038e+06	4.5497e+06	4.54218e+06	4.53417e+06	4.64567e+06
P0AGB0	P0AGB0		serB		2.53589e+06	2.53468e+06	2.66967e+06	2.49484e+06	2.55702e+06	2.49943e+06
P0AGB6	P0AGB6		rpoE		3.92074e+06	3.94698e+06	4.02839e+06	3.97718e+06	3.88292e+06	4.5085e+06
P0AGC3	P0AGC3		slt		1.40721e+06	1.41026e+06	1.43746e+06	1.40138e+06	1.38537e+06	1.54587e+06
P0AGD1	P0AGD1		sodC		566279	502676	550513	503861	548953	
P0AGD3	P0AGD3		sodB		8.7113e+07	8.46205e+07	8.53624e+07	8.0621e+07	8.61083e+07	8.2001e+07
P0AGD7	P0AGD7		ffh		4.9968e+06	5.00371e+06	5.02416e+06	4.91982e+06	4.91813e+06	5.0418e+06
P0AGE0	P0AGE0		ssb		3.38092e+07	3.43606e+07	3.37946e+07	3.35792e+07	3.41203e+07	3.29453e+07
P0AGE6	P0AGE6		yieF		1.03295e+07	1.06619e+07	1.00755e+07	1.04818e+07	1.0053e+07	8.80653e+06
P0AGE9	P0AGE9		sucD		7.36766e+06	7.2926e+06	7.53537e+06	7.41862e+06	7.36958e+06	6.82823e+06
P0AGF2	P0AGF2		ygdK		1.80197e+06	1.70619e+06	1.52619e+06	1.69945e+06	1.98354e+06	1.63714e+06
P0AGG0	P0AGG0		thiL		3.23579e+06	3.4279e+06	3.23519e+06	3.38539e+06	3.16045e+06	3.191e+06
P0AGG2	P0AGG2		tesB		1.10569e+06	1.28151e+06	1.18071e+06	1.19485e+06	1.13329e+06	1.0857e+06
P0AGG4	P0AGG4		trxC		3.73225e+06	3.68862e+06	3.72095e+06	3.79728e+06	3.83012e+06	3.5988e+06
P0AGG8	P0AGG8		tldD		3.35012e+06	3.10946e+06	3.33975e+06	3.14031e+06	3.23242e+06	3.29094e+06
P0AGI8	P0AGI8		trkA		1.4329e+06	1.33457e+06	1.40596e+06	1.38942e+06	1.37159e+06	1.44082e+06
P0AGJ2	P0AGJ2		trmH		1.35478e+06	1.43435e+06	1.26068e+06	1.21347e+06	1.26923e+06	1.19556e+06
P0AGJ5	P0AGJ5		yfiF		1.33349e+07	1.32729e+07	1.32672e+07	1.32768e+07	1.32474e+07	1.27963e+07
P0AGJ7	P0AGJ7		trmL		3.79821e+06	4.06701e+06	3.92004e+06	3.96077e+06	3.81093e+06	3.86759e+06
P0AGJ9	P0AGJ9		tyrS		1.22524e+07	1.23107e+07	1.23708e+07	1.22865e+07	1.21273e+07	1.05811e+07
P0AGK4	P0AGK4		yhbY		1.49007e+07	1.45714e+07	1.53044e+07	1.47883e+07	1.43337e+07	1.44755e+07
P0AGK8	P0AGK8		iscR		2.1187e+06	2.15642e+06	1.88787e+06	1.86208e+06	2.14857e+06	1.94209e+06
P0AGL2	P0AGL2		tdcF		1.20271e+06	1.05862e+06	1.23639e+06	1.02723e+06	1.08569e+06	884440
P0AGL5	P0AGL5		ratA		644378	597642	619464	583983	601536	633824
P0AGL7	P0AGL7		rsmE		4.1883e+06	4.19558e+06	4.29481e+06	4.40245e+06	4.1454e+06	4.3572e+06
P0AGM5	P0AGM5		sirB1		743490	688132	717199	659566	693744	916503
P0C018	P0C018		rplR		4.00339e+07	3.14831e+07	4.33953e+07	3.78939e+07	3.2977e+07	3.54999e+07
P0C037	P0C037		yaiE		8.01664e+06	9.20272e+06	8.26439e+06	9.50274e+06	9.07764e+06	6.63043e+06
P0C054	P0C054		ibpA		4.95924e+06	4.99539e+06	5.13082e+06	4.69331e+06	4.57844e+06	5.31729e+06
P0C058	P0C058		ibpB		934522	884128	786482	837770	916042	1.09831e+06
P0C093	P0C093		slmA		3.31544e+06	3.37703e+06	3.39768e+06	3.26764e+06	3.19094e+06	3.78124e+06
P0C0K3	P0C0K3		rdoA		2.22074e+06	2.42522e+06	2.31025e+06	2.22964e+06	2.19724e+06	2.00266e+06
P0C0L2	P0C0L2		osmC		6.32517e+06	6.53874e+06	6.37236e+06	6.4099e+06	6.65112e+06	6.07061e+06
P0C0L7	P0C0L7		proP		2.61415e+06	2.66195e+06	2.70167e+06	2.73113e+06	2.51856e+06	2.40561e+06
P0C0L9	P0C0L9		iscX		2.03301e+06	2.01e+06	1.94165e+06	1.95701e+06	1.95495e+06	1.84921e+06
P0C0R7	P0C0R7		rlmE		4.1942e+06	4.34012e+06	3.98982e+06	4.10507e+06	4.09501e+06	4.47218e+06
P0C0S1	P0C0S1		mscS		9.2674e+06	8.45993e+06	9.3538e+06	8.60353e+06	8.7493e+06	9.33199e+06
P0C0V0	P0C0V0		degP		3.06657e+07	2.93789e+07	3.11668e+07	2.89058e+07	2.93845e+07	2.98048e+07
P0C960	P0C960		emtA		120370	67515.8	107804	107856		89070.2
P0CB39	P0CB39		eptC		2.25221e+06	2.20118e+06	2.26932e+06	2.01655e+06	2.14195e+06	2.19857e+06
P0CE47	P0CE47		tufA		1.53346e+09	1.56973e+09	1.53128e+09	1.58478e+09	1.60069e+09	1.34853e+09
P0CG19	P0CG19		rph		8.78519e+06	8.52087e+06	8.46614e+06	8.15802e+06	8.81453e+06	8.08889e+06
P0CK95	P0CK95		yghJ		5.52642e+06	5.70966e+06	5.44118e+06	5.60406e+06	5.57797e+06	5.3285e+06
P10100	P10100		rlpA		3.82973e+06	3.72509e+06	3.62196e+06	3.55356e+06	3.76493e+06	3.73645e+06
P10121	P10121		ftsY		4.95958e+07	4.70037e+07	4.80488e+07	4.76366e+07	4.70008e+07	4.83285e+07
P10145ups|IL8_HUMAN_UPS Interleukin-8, IL-8 (Chain 28-99) - Homo sapiens (Human)	P10145ups|IL8_HUMAN_UPS Interleukin-8, IL-8 (Chain 28-99) - Homo sapiens (Human)				1.03837e+06	2.50598e+06	1.01037e+06	2.39837e+06	2.55271e+06	914392
P10346	P10346		glnQ		3.76648e+06	3.57947e+06	3.36902e+06	3.47948e+06	3.66754e+06	2.68438e+06
P10371	P10371		hisA		3.07794e+06	2.99665e+06	3.03033e+06	2.93667e+06	2.87737e+06	2.80839e+06
P10378	P10378		entE		497374	537439	527740	473315	496848	577820
P10384	P10384		fadL		1.29998e+07	1.26716e+07	1.26915e+07	1.19092e+07	1.26776e+07	1.2122e+07
P10408	P10408		secA		7.71206e+06	7.7781e+06	7.75075e+06	7.67867e+06	7.79313e+06	7.13583e+06
P10441	P10441		lpxB		1.02592e+06	1.04434e+06	1.042e+06	1.09991e+06	994005	1.04524e+06
P10442	P10442		rnhB		1.14119e+06	1.02478e+06	1.12758e+06	1.00923e+06	1.10734e+06	886498
P10443	P10443		dnaE		1.86474e+06	1.78242e+06	1.86927e+06	1.70783e+06	1.8709e+06	1.99204e+06
P10599ups|THIO_HUMAN_UPS Thioredoxin (Chain 2-105, N-terminal His tag)- Homo sapiens (Human)	P10599ups|THIO_HUMAN_UPS Thioredoxin (Chain 2-105, N-terminal His tag)- Homo sapiens (Human)				882964	1.56323e+06	1.07914e+06	1.70344e+06	1.77314e+06	1.02313e+06
P10636-8ups|TAU_HUMAN_UPS Microtubule-associated protein tau {Isoform Tau-F (Tau-4)} (Chain 2-441) - Homo sapiens (Human)	P10636-8ups|TAU_HUMAN_UPS Microtubule-associated protein tau {Isoform Tau-F (Tau-4)} (Chain 2-441) - Homo sapiens (Human)				2.68217e+06	6.60926e+06	2.61183e+06	6.29575e+06	6.53535e+06	2.67023e+06
P10903	P10903		narK		2.58698e+06	2.47013e+06	2.54623e+06	2.47383e+06	2.69954e+06	2.26064e+06
P10908	P10908		ugpQ		525603	562681	616161	549835	533959	520523
P11349	P11349		narH		3.15409e+06	3.26238e+06	3.23981e+06	3.2617e+06	3.16579e+06	3.19173e+06
P11447	P11447		argH		2.09054e+06	2.05773e+06	2.11328e+06	2.1566e+06	2.05768e+06	1.97613e+06
P11454	P11454		entF		1.70284e+06	1.64904e+06	1.53374e+06	1.58154e+06	1.58698e+06	1.43469e+06
P11557	P11557		damX		9.05804e+06	8.62012e+06	9.05141e+06	8.6416e+06	8.47691e+06	9.05231e+06
P11875	P11875		argS		1.1114e+07	1.10138e+07	1.11188e+07	1.08153e+07	1.08185e+07	1.07618e+07
P11880	P11880		murF		5.82795e+06	6.36388e+06	5.66266e+06	5.90397e+06	5.4928e+06	4.61961e+06
P12008	P12008		aroC		3.73655e+06	3.5539e+06	3.79475e+06	3.61764e+06	3.54066e+06	3.94531e+06
P12081ups|SYHC_HUMAN_UPS Histidyl-tRNA synthetase, cytoplasmic (Chain 1-509, C terminal His tag) - Homo sapiens (Human)	P12081ups|SYHC_HUMAN_UPS Histidyl-tRNA synthetase, cytoplasmic (Chain 1-509, C terminal His tag) - Homo sapiens (Human)				6.52412e+06	1.55406e+07	6.61786e+06	1.59894e+07	1.55094e+07	6.14123e+06
P12281	P12281		moeA		6.22976e+06	6.20821e+06	6.28832e+06	6.16073e+06	6.41826e+06	5.64786e+06
P12282	P12282		moeB		3.24782e+06	3.01454e+06	3.49889e+06	3.00407e+06	2.81749e+06	3.44781e+06
P12295	P12295		ung		2.17336e+06	2.11159e+06	2.14045e+06	2.06633e+06	2.1201e+06	1.69059e+06
P12758	P12758		udp		2.82149e+07	2.85628e+07	2.8897e+07	2.76792e+07	2.83961e+07	2.76841e+07
P12994	P12994		ybhB		952470	947190	781122	1.00469e+06	1.01214e+06	751840
P13001	P13001		bioH		1.27086e+06	1.32711e+06	1.12488e+06	1.05739e+06	1.17875e+06	1.35029e+06
P13009	P13009		metH		2.61329e+06	2.5866e+06	2.69873e+06	2.60212e+06	2.66577e+06	2.63912e+06
P13016	P13016		ampD		2.10215e+06	2.14224e+06	2.0594e+06	2.15042e+06	2.16132e+06	1.7494e+06
P13024	P13024		fdhE		4.48527e+06	4.56946e+06	4.41375e+06	4.47898e+06	4.52785e+06	4.13611e+06
P13029	P13029		katG		3.25076e+07	3.25274e+07	3.23679e+07	3.26785e+07	3.21833e+07	3.07444e+07
P13033	P13033		glpB		776107	756903	790578	775078	729280	817255
P13035	P13035		glpD		4.53782e+06	4.58555e+06	4.6511e+06	4.49596e+06	4.67394e+06	4.5431e+06
P13445	P13445		rpoS		5.29569e+06	5.13671e+06	5.29557e+06	5.08537e+06	5.06508e+06	5.59439e+06
P13458	P13458		sbcC		212867	260856	349883	280324	251465	202998
P13656	P13656		chiA		207033	237153	185504	228697	190434	128775
P13979	P13979		traT		4.51192e+06	4.51495e+06	4.27756e+06	4.19103e+06	4.39768e+06	4.04249e+06
P14081	P14081		selB		3.60591e+06	3.26614e+06	3.49966e+06	3.32334e+06	3.44276e+06	3.56862e+06
P14175	P14175		proV		1.14924e+06	1.22925e+06	1.16887e+06	1.21507e+06	1.16956e+06	1.28883e+06
P14294	P14294		topB		277948	345411	363146	369811	283323	381966
P14376	P14376		rcsC		885272		1.41175e+06		979080	1.27589e+06
P14407	P14407		fumB		2.579e+07	2.68994e+07	2.62429e+07	2.6352e+07	2.69301e+07	2.55876e+07
P14900	P14900		murD		4.05706e+06	4.19157e+06	4.22782e+06	4.1163e+06	4.06408e+06	4.3864e+06
P15005	P15005		mcrB		746011	689787	722361	761253	697623	816185
P15034	P15034		pepP		4.36555e+06	4.39762e+06	4.18891e+06	4.36629e+06	4.15842e+06	4.09134e+06
P15038	P15038		helD		389953	389438	383061	415635	502195	343102
P15042	P15042		ligA		7.0942e+06	7.19662e+06	7.10133e+06	7.16177e+06	7.24174e+06	6.76253e+06
P15043	P15043		recQ		589935	787905	722156	695493	721224	806635
P15047	P15047		entA		1.05474e+06	1.1168e+06	1.22532e+06	1.19484e+06	1.20916e+06	1.25581e+06
P15067	P15067		glgX		1.92459e+06	1.95423e+06	1.79371e+06	1.90603e+06	1.8645e+06	1.60644e+06
P15070	P15070		fliN		4.69668e+06	5.03468e+06	4.79719e+06	4.11137e+06	4.38249e+06	4.86721e+06
P15082	P15082		srlR		824253	913032	954505	764008	938225	899291
P15254	P15254		purL		3.09693e+06	3.06334e+06	3.11864e+06	3.02152e+06	2.97906e+06	3.13851e+06
P15286	P15286		flk		460782	621220	632507	585876	611786	396488
P15288	P15288		pepD		1.77311e+07	1.78343e+07	1.78503e+07	1.74143e+07	1.73885e+07	1.71895e+07
P15559ups|NQO1_HUMAN_UPS NAD(P)H dehydrogenase [quinone] 1 (Chain 2-274) - Homo sapiens (Human)	P15559ups|NQO1_HUMAN_UPS NAD(P)H dehydrogenase [quinone] 1 (Chain 2-274) - Homo sapiens (Human)				3.34375e+06	8.03025e+06	3.39516e+06	7.76066e+06	7.86233e+06	3.40445e+06
P15639	P15639		purH		5.02096e+06	4.92453e+06	4.98976e+06	4.8958e+06	4.93644e+06	5.03847e+06
P15640	P15640		purD		2.88189e+06	2.98086e+06	2.92416e+06	2.88055e+06	2.95283e+06	2.87385e+06
P15770	P15770		aroE		5.37849e+06	5.25708e+06	5.1204e+06	4.78929e+06	5.29825e+06	5.13533e+06
P15877	P15877		gcd		459590	498464	577294	601791	450084	497237
P15977	P15977		malQ		3.45842e+06	3.87659e+06	3.5865e+06	3.40488e+06	3.78645e+06	3.54221e+06
P16083ups|NQO2_HUMAN_UPS Ribosyldihydronicotinamide dehydrogenase [quinone] (Chain 2-231) - Homo sapiens (Human)	P16083ups|NQO2_HUMAN_UPS Ribosyldihydronicotinamide dehydrogenase [quinone] (Chain 2-231) - Homo sapiens (Human)				4.21842e+06	9.44741e+06	4.23804e+06	9.21207e+06	9.44001e+06	4.16081e+06
P16095	P16095		sdaA		1.90273e+06	2.01522e+06	1.88995e+06	1.98282e+06	2.01386e+06	1.83295e+06
P16384	P16384		miaA		2.37883e+06	2.21826e+06	2.29939e+06	2.29343e+06	2.24752e+06	2.41384e+06
P16431	P16431		hycE		3.21021e+06	3.2342e+06	3.25437e+06	3.24364e+06	3.22911e+06	3.15287e+06
P16433	P16433		hycG		3.08549e+06	3.13934e+06	3.09791e+06	2.99978e+06	3.00655e+06	2.88774e+06
P16456	P16456		selD		5.31179e+06	5.48548e+06	5.37477e+06	5.45303e+06	5.445e+06	5.23084e+06
P16528	P16528		iclR		1.63353e+06	1.65058e+06	1.65646e+06	1.65923e+06	1.58832e+06	1.39547e+06
P16659	P16659		proS		1.13108e+07	1.14747e+07	1.125e+07	1.14883e+07	1.13318e+07	1.06345e+07
P16676	P16676		cysA		847615	804020	817279	764960	804387	865358
P16700	P16700		cysP		7.24257e+06	7.13673e+06	7.34457e+06	7.34937e+06	7.10367e+06	6.75731e+06
P16703	P16703		cysM		2.36452e+06	2.48687e+06	2.48287e+06	2.46371e+06	2.49903e+06	2.467e+06
P16926	P16926		mreC		1.45946e+06	1.51135e+06	1.49925e+06	1.49967e+06	1.53492e+06	1.3797e+06
P17109	P17109		menD		1.84085e+06	1.8143e+06	1.76596e+06	1.75162e+06	1.70147e+06	1.81638e+06
P17115	P17115		gutQ		2.41914e+06	2.45176e+06	2.4237e+06	2.5396e+06	2.43935e+06	1.74048e+06
P17117	P17117		nfsA		4.66039e+06	4.76923e+06	4.61807e+06	4.60415e+06	4.59279e+06	4.46664e+06
P17169	P17169		glmS		4.39019e+07	4.40661e+07	4.35563e+07	4.34983e+07	4.42793e+07	4.01975e+07
P17315	P17315		cirA		2.33384e+06	2.45236e+06	2.30366e+06	2.24338e+06	2.35196e+06	2.24785e+06
P17443	P17443		murG		3.12199e+06	2.9675e+06	3.01617e+06	3.12986e+06	2.98957e+06	2.98103e+06
P17445	P17445		betB		723107	725712	712218	717770	811919	801614
P17846	P17846		cysI		5.88484e+06	5.96732e+06	5.90891e+06	5.78763e+06	5.93816e+06	5.4152e+06
P17854	P17854		cysH		6.78805e+06	6.80899e+06	6.95282e+06	6.85575e+06	6.53353e+06	7.19135e+06
P17952	P17952		murC		2.16764e+06	2.06563e+06	2.17184e+06	1.96331e+06	2.08121e+06	2.36095e+06
P17993	P17993		ubiG		4.18711e+06	4.18646e+06	4.14182e+06	4.23662e+06	4.19408e+06	3.7368e+06
P18133	P18133		pncB		2.0294e+06	1.84486e+06	2.02304e+06	1.8212e+06	1.92461e+06	2.13563e+06
P18196	P18196		minC		2.77296e+06	2.70862e+06	2.97573e+06	2.73124e+06	2.60319e+06	1.6461e+06
P18355	P18355				2.3329e+06	1.71124e+06	2.37583e+06	1.92118e+06	1.73341e+06	
P18390	P18390		yjjA		1.37896e+06	1.30492e+06	1.41355e+06	1.2579e+06	1.33655e+06	1.34257e+06
P18775	P18775		dmsA		1.0043e+07	1.03776e+07	1.0204e+07	1.04544e+07	9.96641e+06	9.32045e+06
P18776	P18776		dmsB		2.24458e+06	2.22671e+06	2.11041e+06	2.24765e+06	2.08325e+06	2.3132e+06
P18843	P18843		nadE		1.12256e+07	1.1622e+07	1.13649e+07	1.1195e+07	1.15615e+07	1.15757e+07
P19318	P19318		narY		380883	362485	346802	353725	479381	373203
P19624	P19624		pdxA		451546	446313	470558	443853	375219	427735
P19926	P19926		agp		3.4053e+06	3.35956e+06	3.25936e+06	3.13023e+06	3.22702e+06	3.29909e+06
P19930	P19930		hyaD		1.53381e+06	1.42627e+06	1.44245e+06	1.76778e+06	1.62835e+06	1.73385e+06
P19931	P19931		hyaE		1.4794e+06	1.67483e+06	1.51429e+06	1.57883e+06	1.44891e+06	1.44503e+06
P19932	P19932		hyaF		1.30843e+06	1.00933e+06	1.23084e+06	1.0127e+06	1.12927e+06	1.31603e+06
P19934	P19934		tolA		1.92474e+06	1.70697e+06	1.78877e+06	1.98209e+06	1.72935e+06	1.75689e+06
P20083	P20083		parE		1.93998e+06	1.73386e+06	1.88375e+06	1.77573e+06	1.80701e+06	1.80245e+06
P20099	P20099		bisC		1.06325e+06	1.08476e+06	1.24685e+06	1.17253e+06	1.01427e+06	975503
P20605	P20605		fic		1.60022e+06	1.51268e+06	1.57195e+06	1.46874e+06	1.51133e+06	1.4448e+06
P20966	P20966		fruA		1.1796e+07	1.18641e+07	1.19926e+07	1.16798e+07	1.14966e+07	1.09427e+07
P21156	P21156		cysD		2.87966e+06	3.02572e+06	3.01352e+06	2.71688e+06	2.91814e+06	2.28217e+06
P21165	P21165		pepQ		1.71663e+07	1.71293e+07	1.6818e+07	1.70378e+07	1.74399e+07	1.62641e+07
P21170	P21170		speA		8.16011e+06	8.07122e+06	7.98032e+06	8.05151e+06	8.06894e+06	7.15476e+06
P21179	P21179		katE		1.32271e+06	1.48005e+06	1.50388e+06	1.43665e+06	1.43309e+06	1.61778e+06
P21338	P21338		rna		3.09127e+06	3.2023e+06	3.20039e+06	3.07332e+06	3.18208e+06	3.12261e+06
P21365	P21365		yciC		1.01647e+06	1.14454e+06	915389	909748	1.01223e+06	557738
P21367	P21367		ycaC		4.26859e+06	4.11554e+06	4.26122e+06	4.22239e+06	4.24597e+06	3.87034e+06
P21369	P21369		pncA		2.29987e+06	2.18374e+06	2.29492e+06	2.20345e+06	2.25559e+06	2.44416e+06
P21420	P21420		nmpC		2.84549e+07	2.73879e+07	2.7344e+07	2.51846e+07	2.74818e+07	2.61e+07
P21499	P21499		rnr		8.01095e+06	8.07852e+06	8.204e+06	8.01931e+06	8.25228e+06	7.66452e+06
P21507	P21507		srmB		6.2627e+06	6.03786e+06	6.29895e+06	6.13476e+06	6.2646e+06	6.10952e+06
P21513	P21513		rne		1.0304e+07	1.01456e+07	1.02926e+07	9.90747e+06	1.01583e+07	9.29226e+06
P21599	P21599		pykA		2.75025e+07	2.7533e+07	2.77368e+07	2.69545e+07	2.72257e+07	2.6583e+07
P21645	P21645		lpxD		4.72803e+06	4.79752e+06	4.44527e+06	4.9303e+06	4.79164e+06	4.05876e+06
P21829	P21829		ybhA		2.61921e+06	2.58081e+06	2.71458e+06	2.59359e+06	2.62275e+06	2.79341e+06
P21888	P21888		cysS		1.11785e+07	1.11813e+07	1.11385e+07	1.13483e+07	1.12071e+07	1.04424e+07
P21889	P21889		aspS		8.31015e+06	8.30319e+06	8.30058e+06	8.09064e+06	8.25993e+06	7.94288e+06
P21893	P21893		recJ		1.27094e+06	1.33078e+06	1.25845e+06	1.24124e+06	1.38273e+06	1.37792e+06
P22106	P22106		asnB		1.94649e+06	2.06196e+06	1.90812e+06	1.92862e+06	2.00102e+06	1.89211e+06
P22186	P22186		mraZ		2.17832e+06	2.44077e+06	2.31378e+06	2.36201e+06	2.33907e+06	2.45502e+06
P22188	P22188		murE		4.083e+06	3.97061e+06	4.05049e+06	3.92565e+06	4.03575e+06	3.71817e+06
P22255	P22255		cysQ		7.45403e+06	7.53418e+06	7.41444e+06	7.82798e+06	7.62121e+06	7.28389e+06
P22256	P22256		gabT		1.18938e+06	1.15408e+06	1.15876e+06	1.22441e+06	1.16409e+06	1.23636e+06
P22259	P22259		pckA		8.26312e+06	8.18195e+06	8.2427e+06	7.97607e+06	8.15216e+06	8.19242e+06
P22333	P22333		add		1.96372e+07	1.90328e+07	1.95523e+07	1.94093e+07	1.9787e+07	1.97548e+07
P22523	P22523		mukB		4.28668e+06	4.24433e+06	4.39282e+06	4.24914e+06	4.2034e+06	4.4986e+06
P22524	P22524		mukE		5.13628e+06	5.09382e+06	5.1805e+06	5.14662e+06	5.09556e+06	4.82408e+06
P22525	P22525		ycbB		3.4711e+06	3.3121e+06	3.39018e+06	3.31935e+06	3.25711e+06	3.58737e+06
P22634	P22634		murI		637811	569822	739415	703800	659254	764610
P22939	P22939		ispA		795945	703361	851423	770455	843931	864529
P23003	P23003		trmA		1.89923e+06	1.72471e+06	1.84006e+06	1.91232e+06	1.84961e+06	1.86245e+06
P23256	P23256		malY		771246	753981	802840	788897	675793	475785
P23305	P23305		yigA		1.92773e+06	2.03822e+06	2.19315e+06	2.08112e+06	1.9834e+06	1.76637e+06
P23331	P23331		tdk		3.3142e+06	3.04053e+06	3.13223e+06	2.92818e+06	3.12558e+06	2.8708e+06
P23538	P23538		ppsA		5.31008e+06	5.21732e+06	5.28751e+06	5.12108e+06	5.20724e+06	5.21429e+06
P23721	P23721		serC		1.05814e+07	1.08398e+07	1.08093e+07	1.0682e+07	1.05999e+07	1.02136e+07
P23827	P23827		eco		1.12127e+07	1.09196e+07	1.11398e+07	1.06869e+07	1.08759e+07	1.14945e+07
P23830	P23830		pssA		1.42086e+06	1.44126e+06	1.41948e+06	1.43528e+06	1.37336e+06	1.47788e+06
P23836	P23836		phoP		2.21133e+07	2.25693e+07	2.18711e+07	2.19943e+07	2.25611e+07	2.1042e+07
P23837	P23837		phoQ		1.33194e+06	1.22e+06	1.23693e+06	1.20137e+06	1.20867e+06	1.15355e+06
P23839	P23839		yicC		4.75015e+06	4.57351e+06	4.8198e+06	4.35117e+06	4.43089e+06	4.67788e+06
P23843	P23843		oppA		2.43338e+07	2.37546e+07	2.38934e+07	2.41423e+07	2.41329e+07	2.27682e+07
P23845	P23845		cysN		3.6042e+06	3.53854e+06	3.48245e+06	3.40115e+06	3.58028e+06	3.48074e+06
P23847	P23847		dppA		4.41747e+06	3.59369e+06	4.45936e+06	4.55755e+06	4.11955e+06	4.43783e+06
P23857	P23857		pspE		1.89663e+06	1.77416e+06	1.999e+06	1.83065e+06	1.68263e+06	1.41143e+06
P23865	P23865		prc		7.75103e+06	7.59562e+06	7.75754e+06	7.62706e+06	7.72433e+06	7.57145e+06
P23869	P23869		ppiB		4.52952e+07	4.55635e+07	4.47468e+07	4.55028e+07	4.53603e+07	3.91893e+07
P23871	P23871		hemH		2.63692e+06	2.68208e+06	2.75267e+06	2.75291e+06	2.52827e+06	2.71814e+06
P23882	P23882		fmt		7.08363e+06	7.67234e+06	7.00872e+06	7.2958e+06	7.30612e+06	7.02998e+06
P23886	P23886		cydC		879008	829615	782938	889797	836378	843841
P23893	P23893		hemL		2.81676e+07	2.92578e+07	2.72145e+07	2.87622e+07	2.91805e+07	2.21468e+07
P23894	P23894		htpX		4.56483e+06	4.46214e+06	4.42264e+06	4.67275e+06	4.5195e+06	4.06406e+06
P23908	P23908		argE		1.75907e+06	1.82437e+06	1.84829e+06	1.96084e+06	1.7615e+06	1.76908e+06
P23909	P23909		mutS		3.58202e+06	3.5368e+06	3.5695e+06	3.57092e+06	3.58924e+06	3.68765e+06
P23917	P23917		mak		1.81148e+06	1.90585e+06	1.87111e+06	1.74063e+06	1.97504e+06	1.9458e+06
P24169	P24169		speF		5.43093e+06	5.23608e+06	5.52634e+06	5.40942e+06	5.60086e+06	5.64641e+06
P24171	P24171		dcp		2.0755e+06	2.07884e+06	2.08156e+06	2.05962e+06	2.0371e+06	2.02133e+06
P24173	P24173		rfaC		671256	554865	567495	576085	584710	249531
P24178	P24178		yffB		4.58888e+06	4.711e+06	4.64526e+06	4.50287e+06	4.67915e+06	5.01155e+06
P24182	P24182		accC		1.62717e+07	1.61275e+07	1.60491e+07	1.61846e+07	1.64997e+07	1.49929e+07
P24183	P24183		fdnG		4.53042e+06	4.37824e+06	4.49919e+06	4.43392e+06	4.52639e+06	4.29134e+06
P24186	P24186		folD		5.59184e+06	5.75909e+06	5.54165e+06	5.51637e+06	5.55552e+06	5.09427e+06
P24188	P24188		yceA		1.45093e+06	1.32539e+06	1.28573e+06	1.27906e+06	1.36497e+06	1.59321e+06
P24192	P24192		hypD		6.5456e+06	5.43326e+06	5.84855e+06	5.83126e+06	6.00744e+06	5.0012e+06
P24193	P24193		hypE		3.05784e+06	3.22085e+06	3.26615e+06	3.44664e+06	3.15874e+06	3.30974e+06
P24202	P24202		mrr		2.23131e+06	2.22141e+06	2.15981e+06	2.03915e+06	2.25299e+06	2.1883e+06
P24203	P24203		yjiA		3.65129e+06	3.96408e+06	3.71266e+06	3.90502e+06	3.90126e+06	3.43567e+06
P24205	P24205		msbB		2.31414e+06	2.25598e+06	2.43591e+06	2.31962e+06	2.42093e+06	2.39092e+06
P24215	P24215		uxuA		2.61864e+06	2.53305e+06	2.65944e+06	2.48544e+06	2.41075e+06	2.4025e+06
P24216	P24216		fliD		2.26012e+06	2.36332e+06	2.38498e+06	2.24056e+06	2.18209e+06	2.32396e+06
P24224	P24224		acpS		2.12821e+06	2.11989e+06	2.02158e+06	2.10975e+06	2.04668e+06	2.10001e+06
P24228	P24228		dacB		1.8148e+06	1.92459e+06	2.04324e+06	1.99745e+06	1.9231e+06	1.7867e+06
P24230	P24230		recG		361658	555000	341350	455015	279155	469035
P24232	P24232		hmp		1.53294e+06	1.62751e+06	1.63467e+06	1.62786e+06	1.6775e+06	1.83467e+06
P24251	P24251		crl		6.97961e+06	7.00043e+06	7.09548e+06	7.34035e+06	7.04077e+06	7.44696e+06
P24252	P24252		ybgA		1.56854e+06	1.66074e+06	1.47758e+06	1.718e+06	1.82181e+06	1.7073e+06
P24255	P24255		rpoN		1.26073e+06	1.37235e+06	1.31852e+06	1.2261e+06	1.27202e+06	1.23699e+06
P24554	P24554		radA		1.31063e+06	1.30563e+06	1.45641e+06	1.36605e+06	1.4539e+06	1.35523e+06
P25397	P25397		tehB		3.13797e+06	3.19986e+06	3.09894e+06	3.08433e+06	3.23219e+06	2.23818e+06
P25437	P25437		frmA		8.04245e+06	8.24679e+06	8.37394e+06	8.55048e+06	8.3489e+06	6.91075e+06
P25516	P25516		acnA		3.40195e+06	3.51854e+06	3.53894e+06	3.53587e+06	3.34539e+06	3.70824e+06
P25519	P25519		hflX		3.98493e+06	4.01641e+06	3.95695e+06	4.1125e+06	4.2032e+06	3.82862e+06
P25522	P25522		mnmE		4.62541e+06	4.45145e+06	4.65414e+06	4.44077e+06	4.49e+06	4.39954e+06
P25524	P25524		codA		2.51846e+06	2.35474e+06	2.39872e+06	2.34639e+06	2.43787e+06	2.62557e+06
P25526	P25526		gabD		3.57991e+06	3.36706e+06	3.32962e+06	2.95945e+06	3.24334e+06	3.35791e+06
P25534	P25534		ubiH		884812	838515	951126	1.03395e+06	869189	841375
P25535	P25535		visC		2.96937e+06	2.85947e+06	3.02899e+06	2.86293e+06	2.87321e+06	2.63554e+06
P25536	P25536		yhdE		2.67506e+06	2.71006e+06	2.68729e+06	2.69212e+06	2.62439e+06	2.69749e+06
P25539	P25539		ribD		4.07497e+06	4.17274e+06	4.08642e+06	3.97984e+06	4.07744e+06	3.73593e+06
P25552	P25552		gppA		2.67907e+06	2.80853e+06	2.83931e+06	2.77442e+06	2.73531e+06	3.0112e+06
P25553	P25553		aldA		219556	275094	302502	280143	251244	269805
P25714	P25714		yidC		7.73238e+06	7.62009e+06	7.68707e+06	7.31445e+06	7.87969e+06	8.24892e+06
P25736	P25736		endA		1.84976e+06	1.74473e+06	1.80479e+06	1.66838e+06	1.69447e+06	1.551e+06
P25740	P25740		rfaG		437835	468545	387102	442695	430398	361562
P25745	P25745		mnmA		4.30794e+06	4.18688e+06	4.27556e+06	4.32406e+06	4.24908e+06	4.10216e+06
P25746	P25746		hflD		3.68189e+06	3.88141e+06	3.98305e+06	3.68403e+06	3.82528e+06	3.57245e+06
P25798	P25798		fliF		1.28139e+06	1.26805e+06	1.19461e+06	1.27738e+06	1.23152e+06	1.19794e+06
P25888	P25888		rhlE		3.23812e+06	3.14489e+06	3.37902e+06	3.12609e+06	3.18733e+06	3.21728e+06
P25894	P25894		yggG		1.03224e+06	960804	931455	854124	912898	471797
P25906	P25906		ydbC		1.10348e+06	1.15929e+06	1.02775e+06	1.06648e+06	1.01527e+06	1.07462e+06
P26602	P26602		ubiC		2.14753e+06	1.94091e+06	2.22905e+06	1.98875e+06	1.89608e+06	1.96017e+06
P26608	P26608		fliS		2.89349e+06	2.69844e+06	2.79858e+06	2.95735e+06	2.90872e+06	2.39561e+06
P26612	P26612		amyA		742754	763805	742564	742360	739515	789887
P26616	P26616		maeA		1.14373e+07	1.14065e+07	1.11489e+07	1.11979e+07	1.18141e+07	1.12224e+07
P26646	P26646		acuI		6.47641e+06	6.55004e+06	6.31406e+06	6.40584e+06	6.50514e+06	5.98511e+06
P26647	P26647		plsC		1.17966e+06	1.22696e+06	1.21201e+06	1.04985e+06	1.1515e+06	1.37366e+06
P26648	P26648		ftsP		1.00555e+06	1.15205e+06	1.05273e+06	1.08787e+06	1.0088e+06	926783
P27238	P27238		yfeD		1.07986e+06	1.05007e+06	1.02692e+06	1.03443e+06	1.11833e+06	
P27245	P27245		marR		314203	390550	346147	292945	349788	303530
P27248	P27248		gcvT		1.00885e+07	1.00203e+07	9.7654e+06	9.7088e+06	1.01391e+07	9.67084e+06
P27249	P27249		glnD		294889	269799	238524	212144	256602	223623
P27250	P27250		yjgB		384746	354117	306496	337484	310031	357021
P27278	P27278		nadR		613157	753831	657160	663472	667754	727100
P27298	P27298		prlC		1.03554e+07	9.99682e+06	1.0233e+07	1.01719e+07	1.00132e+07	1.00244e+07
P27302	P27302		tktA		3.23557e+07	3.22474e+07	3.1991e+07	3.22258e+07	3.19854e+07	2.97712e+07
P27303	P27303		emrA		1.65802e+06	1.60624e+06	1.6955e+06	1.57871e+06	1.61897e+06	1.70367e+06
P27306	P27306		sthA		1.06241e+06	984803	983505	983301	1.02523e+06	986602
P27431	P27431		ycfD		3.06841e+06	3.1715e+06	3.13318e+06	3.05724e+06	3.02341e+06	3.14455e+06
P27434	P27434		rodZ		1.05452e+07	1.02018e+07	1.04668e+07	1.05533e+07	1.07052e+07	9.75352e+06
P27828	P27828		wecB		2.05009e+06	1.93056e+06	1.93684e+06	1.87575e+06	1.92759e+06	1.83693e+06
P27829	P27829		wecC		3.75536e+06	3.78349e+06	3.6918e+06	3.60365e+06	3.61937e+06	3.76326e+06
P27830	P27830		rffG		1.54832e+06	1.42334e+06	1.49076e+06	1.51016e+06	1.43464e+06	1.19851e+06
P27832	P27832		wecD		499870	629844	518569	591564	511383	612449
P27833	P27833		rffA		2.29042e+06	2.40256e+06	2.2996e+06	2.32176e+06	2.25978e+06	2.32482e+06
P27836	P27836		wecG		1.15153e+06	1.29753e+06	1.24608e+06	1.2255e+06	1.21948e+06	1.22849e+06
P27838	P27838		cyaY		1.95005e+06	1.98721e+06	1.80951e+06	1.56967e+06	1.73711e+06	1.7146e+06
P27848	P27848		yigL		5.19507e+06	5.06899e+06	5.56844e+06	5.21354e+06	5.36195e+06	5.75639e+06
P27859	P27859		tatD		1.45399e+06	1.47936e+06	1.45167e+06	1.47822e+06	1.5147e+06	1.71029e+06
P28248	P28248		dcd		3.44394e+06	3.25344e+06	3.42044e+06	3.23426e+06	3.30716e+06	3.16066e+06
P28249	P28249		asmA		1.53282e+06	1.49249e+06	1.42063e+06	1.39119e+06	1.38139e+06	1.56452e+06
P28304	P28304		qorA		4.63387e+06	4.47828e+06	4.64855e+06	4.462e+06	4.5338e+06	3.9655e+06
P28305	P28305		pabC		612075	684716	845795	568271	739841	643210
P28629	P28629		adiA		1.71089e+06	1.7279e+06	1.71565e+06	1.65319e+06	1.71663e+06	1.66145e+06
P28631	P28631		holB		83939.8	38106.4	59295.8	54637.6	37957.2	44319.3
P28634	P28634		tsaA		488815	426108	430274	369024	453490	553081
P28635	P28635		metQ		1.3174e+07	1.29774e+07	1.33887e+07	1.28835e+07	1.31886e+07	1.25455e+07
P28903	P28903		nrdD		6.21943e+06	6.04108e+06	6.22012e+06	6.19813e+06	6.23522e+06	6.2693e+06
P28904	P28904		treC		2.6124e+06	2.65528e+06	2.57062e+06	2.61954e+06	2.60189e+06	2.40207e+06
P28905	P28905		holC		4.08809e+06	4.34312e+06	4.16058e+06	3.98532e+06	4.2053e+06	4.01073e+06
P29012	P29012		dadX		1.36595e+06	1.3614e+06	1.42748e+06	1.29304e+06	1.41063e+06	1.34409e+06
P29018	P29018		cydD		1.42883e+06	1.32574e+06	1.52671e+06	1.38532e+06	1.32409e+06	1.26201e+06
P29131	P29131		ftsN		950658	920149	979516	829079	996118	912576
P29208	P29208		menC		3.07416e+06	3.01149e+06	3.12083e+06	3.04138e+06	3.05566e+06	2.94391e+06
P29217	P29217		yceH		4.08412e+06	4.10201e+06	3.95359e+06	4.03827e+06	3.848e+06	4.28045e+06
P29680	P29680		hemE		6.64433e+06	6.79695e+06	6.60645e+06	6.42039e+06	6.63999e+06	6.64647e+06
P29744	P29744		flgL		2.79444e+06	2.47002e+06	2.67714e+06	2.32847e+06	2.68922e+06	2.49113e+06
P29745	P29745		pepT		5.88587e+06	5.84688e+06	6.06582e+06	5.95508e+06	5.86756e+06	5.91126e+06
P30011	P30011		nadC		2.13129e+06	2.03532e+06	2.0972e+06	2.12005e+06	2.05795e+06	2.12071e+06
P30014	P30014		rnt		5.5199e+06	5.73111e+06	5.55085e+06	5.33459e+06	5.49425e+06	5.3431e+06
P30125	P30125		leuB		961498	900805	921836	858386	831820	975000
P30126	P30126		leuD		562557	497265	490565	429879	438124	374196
P30128	P30128		greB		2.33772e+06	2.27347e+06	2.17343e+06	2.28156e+06	2.1861e+06	2.24731e+06
P30130	P30130		fimD		1.6261e+06	1.63723e+06	1.58892e+06	1.55547e+06	1.65329e+06	2.01848e+06
P30131	P30131		hypF		713588	636078	654665	602279	851505	611767
P30177	P30177		ybiB		8.67328e+06	9.26145e+06	8.74335e+06	8.83356e+06	8.86029e+06	7.89004e+06
P30178	P30178		ybiC		2.06239e+06	2.31964e+06	2.11365e+06	2.22835e+06	2.31292e+06	2.13702e+06
P30744	P30744		sdaB		6.57464e+06	6.72092e+06	6.58042e+06	6.66366e+06	6.43573e+06	6.38594e+06
P30749	P30749		moaE		3.54388e+06	3.63542e+06	3.80444e+06	3.51968e+06	3.61417e+06	3.37968e+06
P30750	P30750		metN		1.87917e+06	1.86109e+06	1.81146e+06	1.67765e+06	1.6997e+06	1.78234e+06
P30843	P30843		basR		1.79601e+06	1.93783e+06	1.81599e+06	1.86313e+06	1.98006e+06	2.02101e+06
P30847	P30847		baeS		57992.7		395371	216542		147867
P30850	P30850		rnb		6.74024e+06	6.56314e+06	6.71688e+06	6.61128e+06	6.63277e+06	6.57164e+06
P30852	P30852		smf		1.93165e+06	2.00625e+06	2.01038e+06	1.91403e+06	1.71051e+06	1.8739e+06
P30855	P30855		evgS		842031	1.0316e+06	860378	914261	923634	777984
P30859	P30859		artI		3.41183e+06	3.46571e+06	3.46203e+06	3.1715e+06	3.37652e+06	3.03669e+06
P30870	P30870		glnE		1.74472e+06	1.58878e+06	1.73646e+06	1.65601e+06	1.71483e+06	1.59784e+06
P30871	P30871		ygiF		3.55539e+06	3.47585e+06	3.68134e+06	3.72602e+06	3.54497e+06	3.52187e+06
P30958	P30958		mfd		6.43308e+06	6.51615e+06	6.70926e+06	6.37213e+06	6.43306e+06	6.74347e+06
P31057	P31057		panB		6.38882e+06	6.03468e+06	6.07282e+06	6.17797e+06	6.34179e+06	5.57022e+06
P31060	P31060		modF		242991	206971	258106	211913	211213	247232
P31063	P31063		yedD		5.64405e+06	5.43526e+06	5.86012e+06	6.09036e+06	5.85116e+06	4.89742e+06
P31068	P31068		fliH		1.11284e+06	1.10622e+06	1.14142e+06	1.18081e+06	1.27906e+06	746155
P31069	P31069		kch		1.64293e+06	1.31108e+06	981535	1.37215e+06	1.13747e+06	936611
P31119	P31119		aas		2.57909e+06	2.48793e+06	2.56217e+06	2.5525e+06	2.51335e+06	2.26669e+06
P31120	P31120		glmM		1.12026e+07	1.12068e+07	1.11226e+07	1.14372e+07	1.07548e+07	1.0756e+07
P31142	P31142		sseA		7.64918e+06	7.7905e+06	7.86398e+06	7.90269e+06	7.62843e+06	7.68009e+06
P31224	P31224		acrB		4.84184e+06	4.71829e+06	4.83033e+06	4.77329e+06	4.81102e+06	4.4802e+06
P31433	P31433		yicH		1.35509e+06	1.48273e+06	1.37999e+06	1.36005e+06	1.29319e+06	1.55863e+06
P31441	P31441		ade		459868	524958	534403	467617	507650	518074
P31455	P31455		yidR		2.9664e+06	2.91491e+06	2.80424e+06	2.79316e+06	2.75375e+06	2.94143e+06
P31460	P31460		dgoR		1.55596e+06	1.55604e+06	1.69977e+06	1.70668e+06	1.56221e+06	1.72342e+06
P31467	P31467		yieH		2.25303e+06	2.18713e+06	2.25184e+06	1.9768e+06	2.11264e+06	2.34929e+06
P31473	P31473		ravA		3.70184e+06	3.94388e+06	3.58355e+06	3.9654e+06	3.94974e+06	3.66806e+06
P31475	P31475		yieP		1.53028e+06	1.4008e+06	1.48914e+06	1.58771e+06	1.34735e+06	1.39556e+06
P31545	P31545		efeB		1.41463e+06	1.199e+06	1.37293e+06	1.11112e+06	1.33301e+06	1.48846e+06
P31550	P31550		thiB		1.79384e+06	1.94548e+06	1.75441e+06	1.74621e+06	1.76583e+06	1.84115e+06
P31554	P31554		lptD		6.98383e+06	7.06619e+06	6.92452e+06	6.70776e+06	7.00524e+06	6.85779e+06
P31658	P31658		hchA		5.21072e+06	5.49695e+06	5.07495e+06	5.10984e+06	5.22031e+06	4.98614e+06
P31663	P31663		panC		3.13794e+06	3.12384e+06	3.16028e+06	2.88626e+06	2.91586e+06	3.04199e+06
P31677	P31677		otsA		538617	512028	491592	484558	496900	309574
P31678	P31678		otsB		502448	562249	501483	498195	500993	369371
P31680	P31680		djlA		1.3326e+06	1.31173e+06	1.56159e+06	1.50799e+06	1.41552e+06	1.40517e+06
P31697	P31697		fimC		4.88061e+06	4.8504e+06	4.8418e+06	4.85141e+06	4.91826e+06	4.77868e+06
P31802	P31802		narP		3.15054e+06	3.05071e+06	3.20356e+06	3.22518e+06	2.99499e+06	2.4859e+06
P31808	P31808		yciK		3.19418e+06	3.18516e+06	3.1719e+06	3.1423e+06	3.17595e+06	3.36302e+06
P31825	P31825		yfiC		809960	843163	850963	831839	851483	954882
P31979	P31979		nuoF		1.34297e+07	1.33833e+07	1.31997e+07	1.34997e+07	1.3462e+07	1.28504e+07
P32099	P32099		lplA		2.12064e+06	2.20452e+06	2.00438e+06	2.02572e+06	2.2316e+06	2.1375e+06
P32131	P32131		hemN		3.59322e+06	3.44886e+06	3.48244e+06	3.40822e+06	3.44901e+06	3.27524e+06
P32132	P32132		typA		4.47194e+07	4.41113e+07	4.49957e+07	4.48573e+07	4.42624e+07	4.22881e+07
P32144	P32144		yihW		1.10027e+06	1.09084e+06	1.16717e+06	1.09228e+06	1.06205e+06	513506
P32157	P32157		yiiM		3.43753e+06	3.5401e+06	3.43076e+06	3.54157e+06	3.38152e+06	3.6159e+06
P32160	P32160		yiiQ		1.27954e+06	1.27187e+06	1.24594e+06	1.20816e+06	1.24342e+06	1.23649e+06
P32162	P32162		yiiS		2.42867e+06	2.51695e+06	2.40586e+06	2.62904e+06	2.66607e+06	2.03885e+06
P32173	P32173		mobA		717807	615983	754384	688028	705010	605014
P32176	P32176		fdoG		6.13046e+07	6.2103e+07	6.16976e+07	5.88643e+07	6.10317e+07	5.82522e+07
P32177	P32177		fdhD		947146	843838	756658	972651	882395	751818
P32662	P32662		gph		2.90128e+06	3.0047e+06	2.72419e+06	2.98978e+06	3.08592e+06	3.27858e+06
P32664	P32664		nudC		1.2336e+06	1.16932e+06	1.23542e+06	1.14167e+06	1.18111e+06	1.44676e+06
P32680	P32680		yjaG		2.02675e+06	2.00116e+06	2.01376e+06	1.87902e+06	1.9208e+06	1.89008e+06
P32684	P32684		rluF		1.19707e+06	1.22692e+06	1.20604e+06	1.14681e+06	1.18902e+06	881609
P32685	P32685		yjbD		823043	892808	891379	920302	884423	623698
P32695	P32695		dusA		1.33268e+06	1.27642e+06	1.37014e+06	1.35745e+06	1.35612e+06	1.44741e+06
P32703	P32703		yjcE		657475	564445	872389	875492	659755	306872
P33018	P33018		yeiG		492661	484475	462760	521421	499062	539444
P33025	P33025		psuG		1.8488e+06	1.87244e+06	1.87898e+06	1.87859e+06	1.80867e+06	1.97217e+06
P33030	P33030		yeiR		1.62315e+06	1.70822e+06	1.70602e+06	1.66939e+06	1.54522e+06	1.7323e+06
P33136	P33136		mdoG		1.27536e+07	1.25767e+07	1.30818e+07	1.24766e+07	1.25594e+07	1.17457e+07
P33195	P33195		gcvP		5.91932e+06	5.71532e+06	5.76937e+06	5.62117e+06	5.79085e+06	5.54593e+06
P33218	P33218		yebE		5.39788e+06	5.63525e+06	5.81101e+06	5.48334e+06	5.13361e+06	5.33753e+06
P33219	P33219		yebF		433509	471838	494460	420468	407146	441577
P33221	P33221		purT		719006	779851	697441	721420	768156	806355
P33225	P33225		torA		2.9136e+06	2.3446e+06	2.89723e+06	2.65394e+06	2.32728e+06	3.1515e+06
P33235	P33235		flgK		2.55592e+06	2.59072e+06	2.66013e+06	2.48736e+06	2.563e+06	2.66937e+06
P33355	P33355		yehS		1.94228e+06	2.14509e+06	1.96718e+06	1.99697e+06	1.81331e+06	2.07269e+06
P33362	P33362		osmF		2.28037e+06	2.01235e+06	2.17834e+06	2.1042e+06	2.34814e+06	2.40329e+06
P33363	P33363		bglX		3.8638e+06	3.91663e+06	3.9405e+06	4.08858e+06	3.81006e+06	3.99692e+06
P33570	P33570		tktB		2.53665e+06	2.66901e+06	2.52612e+06	2.48272e+06	2.60309e+06	2.59548e+06
P33590	P33590		nikA		3.90553e+06	3.67418e+06	3.75915e+06	3.71062e+06	3.78148e+06	3.85555e+06
P33599	P33599		nuoC		1.65925e+07	1.67312e+07	1.67515e+07	1.66521e+07	1.67275e+07	1.64102e+07
P33602	P33602		nuoG		1.6556e+07	1.67329e+07	1.66006e+07	1.66635e+07	1.6691e+07	1.53453e+07
P33643	P33643		rluD		3.42476e+06	3.50366e+06	3.3599e+06	3.39606e+06	3.56015e+06	3.87104e+06
P33644	P33644		yfiH		401211	405659	314073	466401	395030	401346
P33650	P33650		feoB		3.25445e+06	3.10763e+06	3.09859e+06	3.02831e+06	3.07278e+06	3.3221e+06
P33667	P33667		selU		827308	885976	912451	743562	832793	863781
P33898	P33898		gapC		3.61706e+06	3.53319e+06	3.7431e+06	3.6326e+06	3.26215e+06	3.95289e+06
P33913	P33913		yejA		505370	539215	521996	504579	580106	612099
P33916	P33916		yejF		268466	270244	246326	276081	300667	233687
P33920	P33920		yejK		2.70879e+06	2.72289e+06	2.73054e+06	2.69068e+06	2.69565e+06	2.52994e+06
P33937	P33937		napA		4.9989e+06	5.1218e+06	4.89817e+06	4.91301e+06	4.87585e+06	4.66447e+06
P34209	P34209		ydcF		1.11096e+06	1.20558e+06	1.01803e+06	1.15379e+06	1.12969e+06	1.2961e+06
P35340	P35340		ahpF		1.05171e+07	1.04569e+07	1.04968e+07	1.02096e+07	1.04748e+07	9.41356e+06
P36548	P36548		amiA		768416	767780	741283	786591	715710	907611
P36553	P36553		hemF		863385	925541				920243
P36566	P36566		smtA		502758	465435	524791	435426	502350	416425
P36649	P36649		cueO		2.23237e+06	2.08516e+06	2.40788e+06	2.18563e+06	2.14902e+06	2.11328e+06
P36659	P36659		cbpA		2.77209e+06	2.66043e+06	2.7089e+06	2.49674e+06	2.68794e+06	2.46159e+06
P36672	P36672		treB		1.22087e+06	1.2852e+06	1.14221e+06	1.17108e+06	1.21952e+06	1.26755e+06
P36673	P36673		treR		896158	943397	1.00085e+06	944718	993146	757616
P36680	P36680		zapD		3.3727e+06	3.2853e+06	3.28736e+06	3.30543e+06	3.33583e+06	3.38047e+06
P36683	P36683		acnB		1.39698e+07	1.43314e+07	1.40071e+07	1.44052e+07	1.4355e+07	1.33404e+07
P36767	P36767		rdgC		5.12759e+06	5.29269e+06	5.13538e+06	5.5267e+06	5.14636e+06	5.59055e+06
P36771	P36771		lrhA		3.46675e+06	3.27645e+06	3.40136e+06	3.80983e+06	3.61118e+06	2.29877e+06
P36879	P36879		yadG		1.10155e+06	952765	1.0815e+06	971592	1.08403e+06	802174
P36928	P36928		yegD		1.39268e+06	1.27788e+06	1.33913e+06	1.31538e+06	1.31174e+06	1.2747e+06
P36929	P36929		rsmB		2.70805e+06	2.79176e+06	2.90273e+06	2.58771e+06	2.56368e+06	2.95837e+06
P36938	P36938		pgm		7.98049e+06	8.09963e+06	7.81784e+06	8.057e+06	7.90938e+06	7.12146e+06
P36979	P36979		rlmN		3.56004e+06	3.58636e+06	3.48561e+06	3.54811e+06	3.54306e+06	3.77624e+06
P36995	P36995		cspB		718490	953167	812360	916725	826506	
P36999	P36999		rlmA		1.03613e+06	1.10354e+06	1.08062e+06	1.0501e+06	1.08906e+06	851041
P37005	P37005		lasT		1.41431e+06	1.41202e+06	1.37132e+06	1.34023e+06	1.31882e+06	1.40803e+06
P37025	P37025		ligT		334116	383040	328340	356793	365559	200832
P37028	P37028		btuF		671325	677062	647950	635439	662865	699595
P37051	P37051		purU		5.9132e+06	6.21051e+06	5.74438e+06	5.84028e+06	5.83321e+06	5.86309e+06
P37052	P37052		ychJ		919850	954536	915598	893654	1.00583e+06	821775
P37095	P37095		pepB		1.35603e+07	1.35065e+07	1.36501e+07	1.36877e+07	1.36346e+07	1.24308e+07
P37128	P37128		nudK		1.24382e+06	1.32103e+06	1.19489e+06	1.18124e+06	1.2275e+06	1.12982e+06
P37177	P37177		ptsP		983582	1.11464e+06	1.05508e+06	1.08645e+06	973309	1.25506e+06
P37182	P37182		hybD		4.15115e+06	4.04407e+06	4.32001e+06	4.14867e+06	3.90548e+06	3.06295e+06
P37194	P37194		slp		4.89978e+07	4.87847e+07	4.93948e+07	4.76752e+07	4.88534e+07	4.57364e+07
P37329	P37329		modA		4.18538e+06	4.12237e+06	4.12936e+06	4.26478e+06	4.05788e+06	3.65589e+06
P37330	P37330		glcB		4.50504e+06	4.24503e+06	4.43058e+06	4.1221e+06	4.5022e+06	3.69398e+06
P37342	P37342		yjjI		3.41761e+06	3.3149e+06	3.33509e+06	3.25986e+06	3.23659e+06	3.1339e+06
P37349	P37349		dhaM		3.42022e+06	3.404e+06	3.40471e+06	3.49485e+06	3.42416e+06	3.25883e+06
P37440	P37440		ucpA		6.81509e+06	7.19722e+06	7.03743e+06	7.22839e+06	7.23197e+06	5.71404e+06
P37590	P37590		pmrD		1.89539e+06	2.58491e+06	2.56034e+06	1.98768e+06	2.61514e+06	1.80724e+06
P37613	P37613		yhhK		4.85973e+06	4.00085e+06	4.81169e+06	5.05601e+06	4.98751e+06	4.15129e+06
P37617	P37617		zntA		1.71581e+06	1.67587e+06	1.8347e+06	1.68715e+06	1.66087e+06	1.74162e+06
P37626	P37626		yhiI		1.90447e+06	1.99257e+06	1.95226e+06	1.92687e+06	1.96742e+06	1.84636e+06
P37631	P37631		yhiN		5.55592e+06	5.40136e+06	5.25556e+06	5.40831e+06	4.78417e+06	5.77729e+06
P37634	P37634		rlmJ		3.16215e+07	3.17731e+07	3.17002e+07	3.19466e+07	3.09497e+07	2.74545e+07
P37636	P37636		mdtE		3.90788e+06	3.84672e+06	3.84733e+06	3.78794e+06	3.88358e+06	3.88003e+06
P37637	P37637		mdtF		979429	859158	926689	904793	909088	983241
P37646	P37646		yhjH		514767	595483	450181	518878	378246	509344
P37647	P37647		kdgK		2.6727e+06	2.66249e+06	2.57028e+06	2.50224e+06	2.5749e+06	2.66938e+06
P37648	P37648		yhjJ		4.64232e+06	4.55152e+06	4.48725e+06	4.56249e+06	4.5764e+06	4.55762e+06
P37650	P37650		bcsC		1.24747e+06	1.24708e+06	1.26122e+06	1.24788e+06	1.19859e+06	1.21461e+06
P37651	P37651		bcsZ		2.59788e+07	2.59289e+07	2.62641e+07	2.53594e+07	2.56695e+07	2.48664e+07
P37652	P37652		bcsB		4.89707e+06	5.15326e+06	5.09833e+06	5.19439e+06	5.1284e+06	5.44859e+06
P37655	P37655		bcsQ		1.10709e+06	1.03655e+06	1.12998e+06	952820	915062	1.05272e+06
P37657	P37657		bcsE		1.30954e+06	1.24665e+06	1.23584e+06	1.21955e+06	1.17712e+06	1.2528e+06
P37665	P37665		yiaD		5.7237e+06	5.95219e+06	5.81093e+06	5.61115e+06	5.68909e+06	5.75148e+06
P37666	P37666		ghrB		1.11936e+07	1.20167e+07	1.11713e+07	1.14622e+07	1.1898e+07	1.01893e+07
P37671	P37671		yiaJ		241834	253871	206376	300667	153530	153752
P37685	P37685		aldB		1.27298e+06	1.27827e+06	1.33208e+06	1.36155e+06	1.16223e+06	1.4084e+06
P37689	P37689		gpmI		2.99236e+07	2.86173e+07	2.93572e+07	2.83916e+07	2.89541e+07	2.77467e+07
P37690	P37690		envC		1.38052e+06	1.32834e+06	1.38932e+06	1.35258e+06	1.30284e+06	1.27171e+06
P37692	P37692		rfaF		2.67855e+06	2.79956e+06	2.76387e+06	2.63836e+06	2.6614e+06	2.61196e+06
P37765	P37765		rluB		3.91427e+06	3.78713e+06	3.76329e+06	3.62849e+06	3.76884e+06	4.00432e+06
P37773	P37773		mpl		8.53491e+06	8.72913e+06	8.56397e+06	8.90509e+06	8.53798e+06	8.1685e+06
P37902	P37902		gltI		2.22186e+06	2.15342e+06	2.21476e+06	2.17334e+06	2.06681e+06	2.03924e+06
P37903	P37903		uspF		8.82563e+06	9.10714e+06	8.8671e+06	8.96416e+06	9.24894e+06	9.35394e+06
P37908	P37908		yfjD		679893	741546	756174	731396	753290	748655
P38038	P38038		cysJ		6.15877e+06	5.80349e+06	6.00998e+06	5.62126e+06	5.60889e+06	5.70458e+06
P38097	P38097		yegE		1.51538e+06	1.39289e+06	1.38018e+06	1.50471e+06	1.45334e+06	
P38134	P38134		etk		2.95258e+07	2.94233e+07	3.01626e+07	2.91084e+07	2.85937e+07	3.03781e+07
P38489	P38489		nfnB		5.82373e+06	6.19324e+06	5.83619e+06	6.17438e+06	6.0338e+06	5.40303e+06
P38506	P38506		ygdG		1.01482e+06	902703	1.06347e+06	1.06855e+06	938485	1.17234e+06
P38521	P38521		yggL		792532	723836	743462	643086	684198	871459
P39099	P39099		degQ		5.33296e+06	5.23937e+06	5.21671e+06	4.9432e+06	5.07451e+06	5.19001e+06
P39160	P39160		uxuB		1.40693e+06	1.47071e+06	1.46031e+06	1.50782e+06	1.35088e+06	1.35101e+06
P39172	P39172		znuA		3.88248e+06	3.80687e+06	3.98683e+06	3.85285e+06	4.00488e+06	3.69304e+06
P39173	P39173		yeaD		1.74275e+07	1.69574e+07	1.72463e+07	1.68549e+07	1.74084e+07	1.59975e+07
P39177	P39177		uspG		2.73174e+07	2.78778e+07	2.74505e+07	2.57557e+07	2.72032e+07	2.18179e+07
P39199	P39199		prmB		8.25584e+06	8.35211e+06	8.25617e+06	8.9031e+06	8.28642e+06	7.82267e+06
P39265	P39265		alsB		911610	918943	934105	822992	980362	1.12862e+06
P39280	P39280		epmB		1.32188e+06	1.3392e+06	1.38741e+06	1.53939e+06	1.3295e+06	1.70667e+06
P39285	P39285		yjeP		279687	357004	237314	310235	201479	200165
P39286	P39286		rsgA		3.17651e+06	3.03074e+06	2.89278e+06	3.14398e+06	3.14761e+06	3.10577e+06
P39298	P39298		yjfP		794631	960695	808845	975607	833163	871229
P39300	P39300		ulaG		548843	567130	483167	574148	558872	698249
P39304	P39304		ulaD		664929	636299	675638	653476	655188	763609
P39310	P39310		ytfB		904660	1.02813e+06	893825	891988	1.03438e+06	748469
P39315	P39315		qorB		3.09762e+06	3.17213e+06	3.04388e+06	3.103e+06	3.02283e+06	3.4404e+06
P39321	P39321		tamB		1.71127e+06	1.73884e+06	1.76532e+06	1.72893e+06	1.71694e+06	1.86025e+06
P39325	P39325		ytfQ		1.63119e+06	1.58272e+06	1.61625e+06	1.86308e+06	1.57471e+06	1.72433e+06
P39337	P39337		yjgM		625372	754846	622574	702858	615565	533252
P39342	P39342		yjgR		1.5763e+06	1.59603e+06	1.80798e+06	1.51376e+06	1.4324e+06	1.45654e+06
P39347	P39347		intB		864665	927104	874698	895827	976233	1.1401e+06
P39377	P39377		iadA		3.79549e+06	3.817e+06	3.89667e+06	3.82762e+06	3.7845e+06	3.97541e+06
P39384	P39384		yjiM		989137	1.20205e+06	1.17417e+06	1.15804e+06	1.08173e+06	1.12255e+06
P39391	P39391		yjiT		1.36657e+06	1.45607e+06	1.46986e+06	1.42687e+06	1.43898e+06	1.64911e+06
P39393	P39393		yjiV		994350	918102	938364	906057	965832	917670
P39396	P39396		yjiY		6.56093e+06	6.22356e+06	6.47597e+06	6.10884e+06	6.04163e+06	6.77702e+06
P39401	P39401		mdoB		1.43001e+06	1.50991e+06	1.48452e+06	1.48807e+06	1.41435e+06	1.50673e+06
P39406	P39406		rsmC		1.07467e+07	1.13936e+07	1.08528e+07	1.13871e+07	1.12062e+07	1.15502e+07
P39407	P39407		yjjU		483434	493850	465946	446711	469878	432483
P39411	P39411		yjjX		2.90112e+06	2.7326e+06	2.87917e+06	2.76624e+06	2.8211e+06	3.08784e+06
P39451	P39451		adhP		2.02475e+06	1.87213e+06	2.00636e+06	1.71955e+06	1.7428e+06	1.91196e+06
P39829	P39829		garD		517622	547731	501081	527039	570162	655000
P39830	P39830		ybaL		1.11621e+06	1.00771e+06	1.06822e+06	939336	872387	848368
P39831	P39831		ydfG		8.81699e+06	8.69081e+06	8.48529e+06	8.53629e+06	8.71242e+06	7.61324e+06
P39838	P39838		rcsD		2.27099e+06	2.27227e+06	2.56017e+06	2.24157e+06	2.34359e+06	2.14322e+06
P40120	P40120		mdoD		4.02525e+06	4.0103e+06	4.15228e+06	4.11174e+06	4.12747e+06	4.0791e+06
P40191	P40191		pdxK		1.36902e+06	1.39394e+06	1.35917e+06	1.41833e+06	1.31115e+06	1.62588e+06
P40710	P40710		nlpE		2.96851e+06	2.88584e+06	3.03673e+06	2.87095e+06	2.99019e+06	3.11163e+06
P40719	P40719		qseC		353329	354199	331791	363162	271739	388373
P40874	P40874		solA		3.22408e+06	3.35887e+06	3.19856e+06	3.42102e+06	3.27778e+06	3.21593e+06
P41052	P41052		mltB		1.11656e+06	1.02937e+06	1.10233e+06	974051	1.02462e+06	1.05559e+06
P41159ups|LEP_HUMAN_UPS Leptin (Chain 22-167) - Homo sapiens (Human)	P41159ups|LEP_HUMAN_UPS Leptin (Chain 22-167) - Homo sapiens (Human)				3.85067e+06	9.65896e+06	3.54729e+06	8.60163e+06	9.31222e+06	3.63025e+06
P41407	P41407		azoR		3.73337e+06	3.62214e+06	3.69942e+06	3.58675e+06	3.31442e+06	3.4664e+06
P41409	P41409		rihA		1.12392e+06	1.24494e+06	1.21715e+06	1.19972e+06	1.15088e+06	796878
P42596	P42596		rlmG		2.31344e+06	2.2622e+06	2.302e+06	2.32055e+06	2.29708e+06	2.09681e+06
P42599	P42599		ygjR		295726	304990	288802	241332	258263	279187
P42604	P42604		uxaA		563735	607010	586193	547814	512371	514124
P42616	P42616		yqjC		220200	214655	286932	188973	150174	
P42620	P42620		yqjG		996418	962806	971879	928746	1.0033e+06	846608
P42632	P42632		tdcE		1.6536e+07	1.61784e+07	1.6465e+07	1.63931e+07	1.59407e+07	1.56011e+07
P42641	P42641		obgE		8.38768e+06	8.22005e+06	8.24886e+06	7.89392e+06	7.92945e+06	7.50195e+06
P43329	P43329		hrpA		1.26375e+06	1.25468e+06	1.30704e+06	1.28355e+06	1.26381e+06	1.34887e+06
P43337	P43337		nudL		1.6125e+06	1.68821e+06	1.67427e+06	1.62077e+06	1.61129e+06	1.47462e+06
P43533	P43533		flgN		1.36567e+06	1.48653e+06	1.55354e+06	1.48524e+06	1.34085e+06	1.2329e+06
P43671	P43671		pqiB		739821	621114	692834	669875	668794	685444
P43672	P43672		uup		2.14327e+06	2.06899e+06	2.14727e+06	2.05805e+06	2.03092e+06	1.98891e+06
P43674	P43674		ycaL		2.81975e+06	2.3953e+06	3.26092e+06	3.12077e+06	2.83603e+06	3.326e+06
P45395	P45395		kdsD		2.49092e+06	2.68745e+06	2.61405e+06	2.60819e+06	2.6063e+06	2.15034e+06
P45464	P45464		lpoA		5.64863e+06	5.55319e+06	5.71572e+06	5.70122e+06	5.55269e+06	5.74586e+06
P45469	P45469		yraR		929449	920935	885872	1.02265e+06	905501	809288
P45470	P45470		yhbO		1.04352e+06	996122	1.05266e+06	975209	914112	988920
P45475	P45475		yhbV		1.41231e+06	1.31675e+06	1.38063e+06	1.27876e+06	1.3335e+06	1.23853e+06
P45523	P45523		fkpA		3.25934e+07	3.28087e+07	3.26032e+07	3.31594e+07	3.2647e+07	3.22024e+07
P45530	P45530		tusB		977316	935883	918456	938652	847712	835122
P45531	P45531		tusC		369859	301704	340496	335188	320974	415487
P45568	P45568		dxr		2.6524e+06	2.89035e+06	2.54158e+06	2.71968e+06	2.66608e+06	2.69464e+06
P45577	P45577		proQ		1.41184e+07	1.44976e+07	1.44556e+07	1.45663e+07	1.45787e+07	1.36543e+07
P45578	P45578		luxS		2.17225e+07	2.4063e+07	2.20713e+07	2.38473e+07	2.38885e+07	1.82155e+07
P45748	P45748		rimN		4.57902e+06	4.46406e+06	4.67416e+06	4.43161e+06	4.39471e+06	4.3005e+06
P45771	P45771		yrdD		2.52339e+06	2.26736e+06	2.53381e+06	2.78039e+06	2.16067e+06	2.44509e+06
P45795	P45795		yrdB		1.40109e+06	1.49479e+06	1.26928e+06	1.5121e+06	1.54614e+06	1.72669e+06
P45799	P45799		nudE		1.90004e+06	1.87658e+06	1.86e+06	1.83116e+06	1.81636e+06	1.82827e+06
P45955	P45955		ybgF		1.46486e+06	1.5539e+06	1.52008e+06	1.49737e+06	1.50113e+06	1.50929e+06
P46125	P46125		yedI		436391	464478	488732	382867	469413	452063
P46130	P46130		ybhC		9.5884e+06	9.60492e+06	9.3677e+06	9.03082e+06	9.23462e+06	9.86894e+06
P46142	P46142		yggM		9.41689e+06	9.26759e+06	9.63414e+06	9.2322e+06	9.45884e+06	
P46474	P46474		yhdP		763426	773565	834644	761944	741831	775087
P46837	P46837		yhgF		9.79318e+06	9.65406e+06	9.68116e+06	9.70628e+06	9.7235e+06	9.37403e+06
P46853	P46853		yhhX		5.62839e+06	5.87926e+06	5.93426e+06	5.68348e+06	5.86059e+06	5.74308e+06
P46854	P46854		yhhY		3.87122e+07	3.79321e+07	3.896e+07	4.32944e+07	3.96856e+07	3.8731e+07
P46887	P46887		yecH		229301	325426	262757	282881	318007	219068
P46889	P46889		ftsK		1.97221e+06	1.95294e+06	2.05731e+06	1.94096e+06	1.92197e+06	1.92447e+06
P50456	P50456		mlc		1.80245e+06	1.83363e+06	1.76936e+06	1.85373e+06	1.86748e+06	2.00947e+06
P51025	P51025		frmB		2.55649e+06	2.54264e+06	2.59618e+06	2.44829e+06	2.72422e+06	2.03986e+06
P51965ups|UB2E1_HUMAN_UPS Ubiquitin-conjugating enzyme E2 E1 (Chain 1-193, N terminal His tag)- Homo sapiens (Human)	P51965ups|UB2E1_HUMAN_UPS Ubiquitin-conjugating enzyme E2 E1 (Chain 1-193, N terminal His tag)- Homo sapiens (Human)				2.59426e+06	4.5119e+06	2.3686e+06	4.07531e+06	4.45941e+06	2.56844e+06
P52006	P52006		nudI		1.27583e+06	1.30712e+06	1.27635e+06	1.25102e+06	1.25486e+06	1.2749e+06
P52007	P52007		yecM		1.98264e+06	1.95157e+06	1.91969e+06	1.85557e+06	1.92351e+06	1.75386e+06
P52060	P52060		yggU		434644	501103	503358	533542	504233	457587
P52061	P52061		rdgB		7.26217e+06	7.99068e+06	7.45794e+06	7.80972e+06	7.90699e+06	7.87567e+06
P52062	P52062		yggW		1.68415e+06	1.7961e+06	1.62569e+06	1.69441e+06	1.55094e+06	1.67702e+06
P52076	P52076		qseB		1.13283e+06	1.02639e+06	1.23538e+06	1.21564e+06	1.10962e+06	1.09744e+06
P52095	P52095		ldcC		757194	696995	710734	773242	661433	665011
P52108	P52108		rstA		4.71964e+06	4.73648e+06	4.77832e+06	4.78124e+06	4.74841e+06	4.82969e+06
P52119	P52119		ratB		4.23726e+06	4.0309e+06	4.36002e+06	4.02071e+06	4.00004e+06	4.63231e+06
P52613	P52613		fliJ		465875	454741	538175	487456	490642	462209
P52614	P52614		fliK		1.52299e+06	1.38588e+06	1.50946e+06	1.46538e+06	1.47533e+06	1.51662e+06
P52627	P52627		fliZ		496649	447961	487159	450521	518031	391991
P52643	P52643		ldhA		1.10331e+07	1.09724e+07	1.06899e+07	1.072e+07	1.10527e+07	9.7921e+06
P52644	P52644		hslJ		310867	279245	278634	276870	273610	286543
P52647	P52647		ydbK		2.11222e+06	2.14946e+06	2.19201e+06	2.19067e+06	2.07601e+06	2.13867e+06
P52697	P52697		pgl		2.32797e+07	2.32117e+07	2.40761e+07	2.33575e+07	2.2572e+07	1.79357e+07
P55135	P55135		rlmD		1.2012e+06	1.4096e+06	1.17935e+06	1.20467e+06	1.33531e+06	1.37381e+06
P55957ups|BID_HUMAN_UPS BH3-interacting domain death agonist (Chain 1-195) - Homo sapiens (Human)	P55957ups|BID_HUMAN_UPS BH3-interacting domain death agonist (Chain 1-195) - Homo sapiens (Human)				1.81232e+06	4.28802e+06	1.78957e+06	4.35754e+06	4.18991e+06	1.768e+06
P56262	P56262		ysgA		1.54047e+06	1.43942e+06	1.64521e+06	1.58397e+06	1.54829e+06	1.28551e+06
P60061	P60061		adiC		1.81792e+06	1.64116e+06	1.80849e+06	1.76828e+06	1.85249e+06	1.90201e+06
P60240	P60240		rapA		4.68917e+06	4.62042e+06	4.65901e+06	4.59602e+06	4.5469e+06	4.13348e+06
P60293	P60293		mukF		3.91762e+06	4.00207e+06	3.78196e+06	3.82173e+06	3.88553e+06	3.90329e+06
P60340	P60340		truB		8.75867e+06	8.56389e+06	8.75786e+06	8.75644e+06	8.41036e+06	8.96282e+06
P60390	P60390		rsmH		5.77291e+06	5.51978e+06	5.39046e+06	5.68747e+06	5.56429e+06	5.26443e+06
P60422	P60422		rplB		1.4621e+08	1.45504e+08	1.44682e+08	1.47204e+08	1.48274e+08	1.28843e+08
P60438	P60438		rplC		2.54934e+08	2.5329e+08	2.5846e+08	2.47319e+08	2.54395e+08	2.37707e+08
P60472	P60472		ispU		1.5634e+06	1.34528e+06	1.43644e+06	1.40381e+06	1.42332e+06	1.47236e+06
P60546	P60546		gmk		7.25461e+06	7.60245e+06	7.31723e+06	7.28898e+06	7.35789e+06	7.81156e+06
P60560	P60560		guaC		4.63861e+06	4.80687e+06	4.56388e+06	4.66898e+06	4.6827e+06	4.43644e+06
P60595	P60595		hisH		1.5225e+06	1.6307e+06	1.65729e+06	1.51299e+06	1.62527e+06	1.85661e+06
P60624	P60624		rplX		1.55417e+08	1.51033e+08	1.58078e+08	1.52835e+08	1.51743e+08	1.54626e+08
P60651	P60651		speB		9.58539e+06	9.92501e+06	9.47795e+06	9.72897e+06	9.77415e+06	8.47865e+06
P60664	P60664		hisF		3.02652e+06	3.0615e+06	2.95964e+06	2.91087e+06	2.97064e+06	3.26508e+06
P60716	P60716		lipA		7.78346e+06	7.94411e+06	7.92849e+06	8.03433e+06	8.10134e+06	7.08449e+06
P60720	P60720		lipB		749701	732833	750935	780790	699480	734461
P60723	P60723		rplD		1.6742e+08	1.78009e+08	1.75757e+08	1.80202e+08	1.76842e+08	1.70676e+08
P60752	P60752		msbA		3.71373e+06	3.61017e+06	3.69609e+06	3.76201e+06	3.45113e+06	3.81637e+06
P60757	P60757		hisG		3.00091e+06	3.05015e+06	3.08236e+06	2.90721e+06	2.94069e+06	3.27911e+06
P60785	P60785		lepA		1.04253e+07	1.00031e+07	1.03535e+07	1.00792e+07	1.00169e+07	9.87242e+06
P60906	P60906		hisS		1.14202e+07	1.11402e+07	1.11615e+07	1.09576e+07	1.11232e+07	1.0618e+07
P60955	P60955		lgt		449558	381779	320886	408849	345919	493604
P61175	P61175		rplV		1.93207e+08	1.83444e+08	1.95164e+08	1.82999e+08	1.89747e+08	1.93665e+08
P61316	P61316		lolA		4.25833e+06	4.43401e+06	4.20779e+06	4.21242e+06	4.22716e+06	3.96598e+06
P61320	P61320		lolB		3.47601e+06	3.65004e+06	3.48861e+06	3.51364e+06	3.51677e+06	3.00392e+06
P61517	P61517		can		8.79274e+06	8.76775e+06	8.64529e+06	8.74385e+06	8.58777e+06	8.28906e+06
P61626ups|LYSC_HUMAN_UPS Lysozyme C (Chain 19-148) - Homo sapiens (Human)	P61626ups|LYSC_HUMAN_UPS Lysozyme C (Chain 19-148) - Homo sapiens (Human)				8.28494e+06	1.69029e+07	7.96021e+06	1.67917e+07	1.74684e+07	8.26912e+06
P61714	P61714		ribE		2.76834e+07	2.94683e+07	2.80122e+07	2.8211e+07	2.88063e+07	2.70069e+07
P61769ups|B2MG_HUMAN_UPS Beta-2-microglobulin (Chain 21-119) - Homo sapiens (Human)	P61769ups|B2MG_HUMAN_UPS Beta-2-microglobulin (Chain 21-119) - Homo sapiens (Human)				1.64241e+06	3.78751e+06	1.73868e+06	4.00124e+06	3.89272e+06	1.44628e+06
P61887	P61887		rmlA2		1.0313e+06	1.01887e+06	987994	1.08733e+06	1.04403e+06	1.07188e+06
P61889	P61889		mdh		1.66282e+07	1.60008e+07	1.68711e+07	1.60989e+07	1.62462e+07	1.58046e+07
P61949	P61949		fldA		4.99062e+06	4.71092e+06	4.80734e+06	4.65508e+06	4.73965e+06	4.26111e+06
P62399	P62399		rplE		2.63791e+08	2.67324e+08	2.58174e+08	2.64872e+08	2.65167e+08	2.42047e+08
P62517	P62517		mdoH		819419	911672	748761	804229	761561	762740
P62556	P62556		sopA		4.48285e+06	4.56916e+06	4.36342e+06	4.3705e+06	4.6083e+06	4.32486e+06
P62558	P62558		sopB		7.19919e+06	7.56119e+06	7.10685e+06	7.45531e+06	7.33973e+06	7.56137e+06
P62615	P62615		ispE		1.8665e+06	1.50578e+06	1.88891e+06	1.81152e+06	1.5114e+06	1.6523e+06
P62617	P62617		ispF		3.32131e+06	3.15563e+06	3.42181e+06	3.37249e+06	3.26297e+06	3.27943e+06
P62620	P62620		ispG		6.774e+06	6.30953e+06	6.52027e+06	6.25024e+06	6.39141e+06	6.11682e+06
P62623	P62623		ispH		1.30594e+06	1.28763e+06	1.30882e+06	1.25978e+06	1.30599e+06	1.40441e+06
P62672	P62672		apaG		513574	503224	487188	536946	479110	560640
P62707	P62707		gpmA		4.5172e+07	4.40737e+07	4.38917e+07	4.39847e+07	4.39939e+07	4.3524e+07
P62768	P62768		yaeH		6.31009e+06	6.09616e+06	6.27823e+06	6.25951e+06	6.3453e+06	6.13874e+06
P62937ups|PPIA_HUMAN_UPS Peptidyl-prolyl cis-trans isomerase A (Chain 1-165, N terminal His tag)- Homo sapiens (Human)	P62937ups|PPIA_HUMAN_UPS Peptidyl-prolyl cis-trans isomerase A (Chain 1-165, N terminal His tag)- Homo sapiens (Human)				1.81254e+06	3.91912e+06	1.82281e+06	3.75383e+06	3.7991e+06	1.81113e+06
P62988ups|UBIQ_HUMAN_UPS Ubiquitin (Chain 1-76, N-terminal His tag) - Homo sapiens (Human)	P62988ups|UBIQ_HUMAN_UPS Ubiquitin (Chain 1-76, N-terminal His tag) - Homo sapiens (Human)				1.21464e+06	2.03096e+06	1.19648e+06	1.83888e+06	2.0009e+06	1.17718e+06
P63020	P63020		nfuA		8.73925e+06	8.88106e+06	9.29162e+06	8.70353e+06	8.62144e+06	6.96758e+06
P63165ups|SUMO1_HUMAN_UPS Small ubiquitin-related modifier 1 (Chain 1-97, N-terminal GST tag) - Homo sapiens (Human)	P63165ups|SUMO1_HUMAN_UPS Small ubiquitin-related modifier 1 (Chain 1-97, N-terminal GST tag) - Homo sapiens (Human)				1.47194e+06	3.30887e+06	1.47978e+06	3.40158e+06	3.21795e+06	1.38356e+06
P63177	P63177		rlmB		3.07934e+06	3.25597e+06	3.13955e+06	3.12088e+06	3.21594e+06	3.10982e+06
P63204	P63204		gadE		309300	294049		246292	318893	370488
P63224	P63224		gmhA		2.20333e+07	2.12817e+07	2.2119e+07	2.12961e+07	2.16397e+07	1.98678e+07
P63228	P63228		gmhB		3.27966e+06	3.42339e+06	3.23506e+06	3.30311e+06	3.25805e+06	3.59222e+06
P63235	P63235		gadC		2.89544e+06	2.99683e+06	3.03511e+06	3.10174e+06	3.01404e+06	3.02975e+06
P63279ups|UBC9_HUMAN_UPS SUMO-conjugating enzyme UBC9 (Chain 1-158) - Homo sapiens (Human)	P63279ups|UBC9_HUMAN_UPS SUMO-conjugating enzyme UBC9 (Chain 1-158) - Homo sapiens (Human)				3.73053e+06	5.93695e+06	2.90863e+06	5.72412e+06	5.77489e+06	2.83209e+06
P63284	P63284		clpB		1.94935e+07	1.96276e+07	1.9507e+07	1.96025e+07	1.97878e+07	1.83614e+07
P63386	P63386		mlaF		1.10892e+06	1.00243e+06	1.13749e+06	1.02309e+06	1.14441e+06	916016
P63389	P63389		yheS		2.59502e+06	2.55715e+06	2.44505e+06	2.52049e+06	2.46888e+06	2.4476e+06
P63417	P63417		yhbS		8.93591e+06	9.27141e+06	9.11641e+06	9.11356e+06	9.0805e+06	8.79862e+06
P63883	P63883		amiC		1.97273e+06	1.91017e+06	1.9166e+06	1.8948e+06	1.89581e+06	1.80471e+06
P64423	P64423		zntB		433246	409808	347037	483844	412813	570332
P64429	P64429		ypfJ		1.15473e+06	1.18157e+06	1.18807e+06	1.06541e+06	1.22771e+06	1.14321e+06
P64451	P64451		ydcL		3.40374e+06	3.46317e+06	3.41756e+06	3.35371e+06	3.48761e+06	3.74538e+06
P64455	P64455		ydcY		6.76019e+06	6.78543e+06	6.19352e+06	5.79131e+06	4.69376e+06	8.74634e+06
P64463	P64463		ydfZ		3.26649e+07	3.37565e+07	3.34249e+07	3.31539e+07	3.43129e+07	2.86168e+07
P64467	P64467		cnu		2.72007e+06	2.78981e+06	2.72102e+06	2.69142e+06	2.69224e+06	2.58338e+06
P64476	P64476		ydiH		1.81261e+06	1.64755e+06	1.61973e+06	1.60907e+06	1.74769e+06	1.99238e+06
P64483	P64483		yeaK		4.55889e+06	4.89471e+06	4.79905e+06	4.63401e+06	4.97969e+06	4.57629e+06
P64493	P64493		yoaF		1.45911e+06	1.51894e+06	1.35887e+06	1.27475e+06	1.39029e+06	1.23985e+06
P64499	P64499		yebO		3.69505e+06	3.77468e+06	3.85334e+06	3.80377e+06	3.79763e+06	3.62554e+06
P64506	P64506		yebY		1.63637e+06	1.9349e+06	1.57053e+06	1.91225e+06	1.87222e+06	1.66875e+06
P64519	P64519		yodD		813865	793402	937335	674990	922078	1.22578e+06
P64530	P64530		rcnR		183155	218066	196413	214405	250843	192419
P64534	P64534		rcnB		2.95308e+06	2.77324e+06	3.04051e+06	2.90825e+06	3.02712e+06	2.93231e+06
P64540	P64540		yfcL		8.4016e+06	8.69985e+06	7.81076e+06	8.05101e+06	8.63888e+06	6.7147e+06
P64545	P64545		yfgG		822965	829260	787295	724190	821601	798921
P64548	P64548		yfiR		545257	506511	437164	515968	470159	510333
P64554	P64554		queE		4.27832e+06	4.27016e+06	4.15556e+06	4.16181e+06	4.19491e+06	4.21198e+06
P64559	P64559		cptB		670539	755552	694662	686747	717577	559794
P64581	P64581		yqjD		2.99769e+07	3.02734e+07	2.98211e+07	3.12225e+07	3.09401e+07	2.9698e+07
P64585	P64585		yqjE		886902	742543	882612	850987	753592	
P64588	P64588		yqjI		1.94516e+06	1.96977e+06	1.92612e+06	1.97077e+06	1.84926e+06	2.06447e+06
P64596	P64596		yraP		8.37246e+06	8.35934e+06	8.61599e+06	8.27975e+06	8.44452e+06	8.0835e+06
P64599	P64599		yhbT		4.88014e+06	4.89172e+06	5.08288e+06	4.95361e+06	4.75382e+06	4.49539e+06
P64602	P64602		mlaB		1.92717e+06	1.87825e+06	1.80771e+06	1.94528e+06	1.98286e+06	2.00853e+06
P64604	P64604		mlaD		1.49317e+07	1.51154e+07	1.48108e+07	1.47681e+07	1.47058e+07	1.52344e+07
P64612	P64612		yhcM		3.50358e+06	3.2663e+06	3.57172e+06	3.04728e+06	3.28625e+06	3.11784e+06
P64624	P64624		yheO		3.26803e+06	3.20807e+06	3.55803e+06	3.13268e+06	3.1988e+06	2.36381e+06
P64636	P64636		yrfG		2.79978e+06	2.69602e+06	3.04642e+06	2.93184e+06	2.73894e+06	2.90424e+06
P65367	P65367		yqcA		2.96439e+06	2.87761e+06	2.84196e+06	2.69567e+06	3.00196e+06	2.76734e+06
P65556	P65556		yfcD		2.6899e+06	2.73034e+06	2.48383e+06	2.41406e+06	2.51414e+06	2.2391e+06
P65870	P65870		queD		3.19815e+06	3.17398e+06	3.20302e+06	3.19462e+06	3.1463e+06	2.79102e+06
P66817	P66817		diaA		3.47728e+06	3.04962e+06	3.07908e+06	3.04048e+06	2.97461e+06	3.07542e+06
P66948	P66948		yfgC		1.93198e+06	1.94855e+06	1.88328e+06	1.92998e+06	1.92141e+06	2.1618e+06
P67080	P67080		yggS		3.32245e+06	3.26744e+06	3.34046e+06	3.53395e+06	3.15558e+06	2.94809e+06
P67087	P67087		rsmI		3.18682e+06	3.21033e+06	3.29592e+06	3.21808e+06	3.32238e+06	3.11046e+06
P67095	P67095		yfcE		911304	968594	900028	884963	813597	735004
P67244	P67244		yqhA		670516	615453	737432	596175	625868	479224
P67338	P67338		yoaH		711610	680510	655817	628193	719035	798722
P67603	P67603		yqfB		3.50915e+06	3.50368e+06	3.5808e+06	3.63182e+06	3.56584e+06	3.04132e+06
P67660	P67660		yhaJ		3.25893e+06	3.18866e+06	3.40235e+06	3.51577e+06	3.14749e+06	3.34744e+06
P67826	P67826		cutC		1.92947e+06	1.97773e+06	2.06625e+06	1.99007e+06	2.02814e+06	1.8453e+06
P67910	P67910		hldD		3.37391e+07	3.43521e+07	3.35869e+07	3.39376e+07	3.38523e+07	3.16909e+07
P68066	P68066		grcA		3.04709e+08	3.02669e+08	3.11493e+08	3.12881e+08	3.04356e+08	2.89446e+08
P68187	P68187		malK		1.49649e+06	1.62649e+06	1.61719e+06	1.48121e+06	1.47465e+06	1.76644e+06
P68191	P68191		sra		1.30102e+06	1.30081e+06	1.23429e+06	1.17498e+06	1.24586e+06	1.0365e+06
P68206	P68206		yjbJ		2.33962e+06	2.87238e+06	2.2996e+06	2.59874e+06	2.85407e+06	1.49266e+06
P68398	P68398		tadA		1.60531e+06	2.06158e+06	2.17055e+06	1.91937e+06	1.62464e+06	1.6183e+06
P68567	P68567		rsmJ		3.41401e+06	3.17133e+06	3.35995e+06	3.19432e+06	3.33396e+06	3.51317e+06
P68679	P68679		rpsU		8.47022e+07	8.13088e+07	8.50599e+07	8.28703e+07	8.24604e+07	7.80842e+07
P68688	P68688		grxA		2.61988e+06	2.54893e+06	2.3904e+06	2.50176e+06	2.53109e+06	794345
P68699	P68699		atpE		2.80251e+06	3.39032e+06	3.27782e+06	3.39374e+06	3.11412e+06	1.96096e+06
P68767	P68767		pepA		8.33583e+06	8.23902e+06	8.54446e+06	8.46416e+06	8.09539e+06	8.10446e+06
P68871ups|HBB_HUMAN_UPS Hemoglobin subunit beta (Chain 2-147) - Homo sapiens (Human)	P68871ups|HBB_HUMAN_UPS Hemoglobin subunit beta (Chain 2-147) - Homo sapiens (Human)				5.70746e+06	1.15704e+07	5.73166e+06	1.16304e+07	1.14927e+07	5.84844e+06
P68919	P68919		rplY		8.88986e+07	8.43312e+07	9.0523e+07	8.33957e+07	8.22914e+07	9.60392e+07
P69222	P69222		infA		1.69648e+07	1.63463e+07	1.67106e+07	1.56659e+07	1.6782e+07	1.55564e+07
P69228	P69228		baeR		3.76764e+06	3.75296e+06	3.88141e+06	3.86599e+06	3.75596e+06	4.00195e+06
P69330	P69330		citD		1.14594e+07	1.17423e+07	1.12886e+07	1.10804e+07	1.14727e+07	1.1191e+07
P69346	P69346		yefM		1.01614e+06	1.04128e+06	1.07302e+06	1.11785e+06	1.00628e+06	1.02839e+06
P69407	P69407		rcsB		7.52982e+06	7.1816e+06	7.53407e+06	7.62505e+06	7.21063e+06	5.55593e+06
P69411	P69411		rcsF		6.99038e+06	7.0004e+06	6.97867e+06	6.72355e+06	7.17145e+06	6.43256e+06
P69425	P69425		tatB		2.87789e+06	2.80296e+06	2.815e+06	2.55244e+06	2.63454e+06	3.03207e+06
P69428	P69428		tatA		2.34585e+07	2.80646e+07	2.83784e+07	2.57117e+07	2.97348e+07	2.51098e+07
P69441	P69441		adk		3.74251e+07	3.81433e+07	3.77372e+07	3.88547e+07	3.75044e+07	3.86997e+07
P69488	P69488		cutA		813212	781017	810110	889310	728615	738886
P69490	P69490		ccmE		622319	583132	650973	600736	676378	711960
P69503	P69503		apt		2.7687e+07	2.71062e+07	2.83303e+07	2.56202e+07	2.60638e+07	3.05613e+07
P69741	P69741		hybO		2.57338e+06	2.51114e+06	2.54805e+06	2.62165e+06	2.4926e+06	1.67644e+06
P69776	P69776		lpp		4.37908e+07	4.18195e+07	4.21773e+07	4.12031e+07	4.31837e+07	3.35362e+07
P69783	P69783		crr		2.5622e+08	2.59997e+08	2.57565e+08	2.69761e+08	2.57657e+08	2.44196e+08
P69786	P69786		ptsG		5.82641e+06	5.65368e+06	5.65527e+06	5.32132e+06	5.49552e+06	5.52175e+06
P69795	P69795		chbB		569947	679337	477088	603038	634528	467578
P69797	P69797		manX		1.35697e+07	1.33804e+07	1.35405e+07	1.3764e+07	1.36163e+07	1.3517e+07
P69801	P69801		manY		1.20335e+06	1.15538e+06	1.22076e+06	1.13202e+06	1.17157e+06	1.42885e+06
P69805	P69805		manZ		8.22376e+06	7.69548e+06	7.31647e+06	6.82146e+06	7.40667e+06	7.31837e+06
P69811	P69811		fruB		1.17792e+07	1.16852e+07	1.15263e+07	1.14053e+07	1.16123e+07	1.0423e+07
P69829	P69829		ptsN		1.23e+06	1.25248e+06	1.29447e+06	1.16964e+06	1.39085e+06	1.02216e+06
P69853	P69853		dmsD		1.6747e+06	1.58646e+06	1.49148e+06	1.49987e+06	1.4899e+06	1.38491e+06
P69874	P69874		potA		4.53578e+06	4.52217e+06	4.42504e+06	4.27666e+06	4.58476e+06	4.96138e+06
P69902	P69902		frc		2.63768e+06	2.9098e+06	2.64932e+06	2.70613e+06	2.68002e+06	2.66559e+06
P69905ups|HBA_HUMAN_UPS Hemoglobin subunit alpha (Chain 2-142) - Homo sapiens (Human)	P69905ups|HBA_HUMAN_UPS Hemoglobin subunit alpha (Chain 2-142) - Homo sapiens (Human)				2.2736e+06	5.15468e+06	2.22853e+06	4.97689e+06	5.02396e+06	2.26425e+06
P69908	P69908		gadA		3.42433e+06	3.3106e+06	3.39768e+06	3.63149e+06	3.4807e+06	3.15577e+06
P69910	P69910		gadB		4.80024e+07	4.78295e+07	4.64055e+07	4.61251e+07	4.71711e+07	4.51343e+07
P69913	P69913		csrA		1.90343e+07	1.72299e+07	1.74979e+07	1.64035e+07	1.61823e+07	1.98462e+07
P69924	P69924		nrdB		3.75169e+06	3.99613e+06	3.88005e+06	3.97849e+06	3.79481e+06	3.74657e+06
P69931	P69931		hda		1.35761e+06	1.54187e+06	1.46659e+06	1.38038e+06	1.44192e+06	1.27857e+06
P75691	P75691		yahK		1.66515e+06	1.59319e+06	1.729e+06	1.65948e+06	1.60038e+06	1.54756e+06
P75694	P75694		yahO		380738	400578	401916	379160	309531	
P75726	P75726		citF		5.59181e+06	5.64251e+06	5.48399e+06	5.64385e+06	5.73829e+06	5.20367e+06
P75728	P75728		ubiF		1.32993e+06	1.3617e+06	1.37466e+06	1.30304e+06	1.39377e+06	1.40932e+06
P75736	P75736		ybfF		2.45996e+06	2.51609e+06	2.47811e+06	2.55947e+06	2.51704e+06	2.16913e+06
P75745	P75745		ybgK		1.69324e+06	1.62053e+06	1.70361e+06	1.75249e+06	1.67867e+06	1.80023e+06
P75746	P75746		ybgL		909878	698840	1.30751e+06	1.13119e+06	854345	693268
P75767	P75767		ybhK		412998	401636	439437	382966	433581	284392
P75777	P75777		ybhG		3.04092e+06	3.17722e+06	2.98976e+06	3.14467e+06	3.15698e+06	3.3605e+06
P75780	P75780		fiu		585004	645518	603461	580450	516023	675423
P75782	P75782		rlmF		1.0744e+06	1.03589e+06	1.01447e+06	974394	978416	1.11438e+06
P75797	P75797		gsiB		1.79978e+06	1.85448e+06	1.79767e+06	1.73242e+06	1.79925e+06	1.8956e+06
P75809	P75809		ybjI		1.33882e+06	1.41897e+06	1.35036e+06	1.32056e+06	1.33547e+06	1.55384e+06
P75818	P75818		ybjP		6.12387e+06	6.56298e+06	6.24158e+06	6.58185e+06	6.34589e+06	6.4006e+06
P75821	P75821		ybjS		5.39137e+06	5.19647e+06	5.96877e+06	4.99639e+06	5.55529e+06	5.72117e+06
P75823	P75823		ltaE		6.94269e+06	6.7555e+06	7.00961e+06	7.00155e+06	6.93084e+06	6.6841e+06
P75829	P75829		ybjX		2.36767e+06	2.27529e+06	2.34098e+06	2.19515e+06	2.30316e+06	2.18639e+06
P75838	P75838		ycaO		1.01431e+07	1.00685e+07	1.01825e+07	1.02848e+07	1.00772e+07	1.01207e+07
P75849	P75849		ycbL		5.54036e+06	4.92831e+06	5.39531e+06	5.01858e+06	5.18616e+06	5.15683e+06
P75856	P75856		elfD		1.53621e+06	1.40754e+06	1.56724e+06	1.51037e+06	1.40636e+06	1.47976e+06
P75863	P75863		ycbX		1.30224e+06	1.34029e+06	1.31834e+06	1.30719e+06	1.32019e+06	1.3763e+06
P75864	P75864		rlmL		1.93938e+06	1.90001e+06	2.00205e+06	1.93107e+06	1.88238e+06	1.81666e+06
P75867	P75867		ycbZ		1.85588e+06	1.69641e+06	1.74025e+06	1.81564e+06	1.69279e+06	1.36422e+06
P75874	P75874		yccU		3.03542e+06	3.11728e+06	3.03603e+06	3.06256e+06	3.08884e+06	2.70365e+06
P75876	P75876		rlmI		5.41484e+06	5.29482e+06	5.41696e+06	5.35851e+06	5.33273e+06	5.19243e+06
P75882	P75882		gfcD		6.6872e+06	6.48198e+06	6.58259e+06	6.60874e+06	6.55107e+06	6.51742e+06
P75883	P75883		gfcC		2.00342e+06	1.90026e+06	2.15717e+06	2.05917e+06	1.86635e+06	1.89661e+06
P75884	P75884		gfcB		1.92272e+06	1.79763e+06	1.82482e+06	1.87942e+06	1.8082e+06	1.8474e+06
P75913	P75913		ghrA		1.20728e+06	1.20806e+06	1.29162e+06	1.24993e+06	1.22315e+06	1.20625e+06
P75914	P75914		ycdX		5.83658e+06	6.48568e+06	6.52576e+06	6.33955e+06	6.20064e+06	6.65774e+06
P75915	P75915		ycdY		9.46117e+06	9.66114e+06	9.73265e+06	1.03995e+07	9.68933e+06	9.43775e+06
P75931	P75931		yceM		843106	761657	777313	856224	851089	795624
P75937	P75937		flgE		4.08844e+06	3.80735e+06	4.06148e+06	3.85236e+06	3.90095e+06	4.12118e+06
P75949	P75949		nagZ		1.67719e+06	1.5903e+06	1.56687e+06	1.66297e+06	1.59824e+06	1.50728e+06
P75954	P75954		ycfS		932124	933706	921867	873462	984636	1.08473e+06
P75957	P75957		lolD		4.92596e+06	4.97657e+06	4.90437e+06	4.93063e+06	5.27121e+06	4.27591e+06
P75959	P75959		nagK		2.22406e+06	2.242e+06	2.27479e+06	2.18704e+06	2.31763e+06	2.4672e+06
P75960	P75960		cobB		3.68532e+06	3.66766e+06	3.82706e+06	3.65589e+06	3.84957e+06	3.60809e+06
P76002	P76002		pliG		1.51208e+06	1.44724e+06	1.5113e+06	1.30595e+06	1.51174e+06	1.46919e+06
P76004	P76004		ycgM		1.51454e+06	1.26869e+06	1.48573e+06	1.33078e+06	1.36634e+06	1.12629e+06
P76007	P76007		cvrA		4.04556e+06	4.02932e+06	4.17908e+06	3.87218e+06	3.72951e+06	2.92665e+06
P76008	P76008		ldcA		1.76132e+06	1.73117e+06	1.70134e+06	1.74524e+06	1.64444e+06	1.47646e+06
P76014	P76014		dhaL		4.29578e+06	3.9983e+06	4.36328e+06	4.23892e+06	3.88803e+06	4.11392e+06
P76015	P76015		dhaK		2.54555e+06	2.61445e+06	2.63206e+06	2.47336e+06	2.65877e+06	2.44045e+06
P76027	P76027		oppD		1.67407e+06	1.7379e+06	1.62263e+06	1.61045e+06	1.56509e+06	1.64292e+06
P76034	P76034		yciT		1.65809e+06	1.68862e+06	1.63269e+06	1.67663e+06	1.6861e+06	1.69004e+06
P76046	P76046		ycjX		448225	299338	485032	398872	425666	280350
P76049	P76049		ycjY		2.31481e+06	2.39033e+06	2.43025e+06	2.05774e+06	2.32847e+06	2.7497e+06
P76053	P76053		smrA		795343	908727	888809	658066	807900	724573
P76055	P76055		ttcA		2.1591e+06	2.30399e+06	2.19014e+06	2.18461e+06	2.16572e+06	2.28413e+06
P76104	P76104		ydcP		1.15654e+06	1.10513e+06	1.2307e+06	1.14243e+06	1.22513e+06	1.09189e+06
P76116	P76116		yncE		6.30669e+06	6.20091e+06	6.28956e+06	5.94651e+06	6.22592e+06	5.66482e+06
P76149	P76149		sad		1.50354e+06	1.34724e+06	1.56111e+06	1.52537e+06	1.34013e+06	1.21362e+06
P76170	P76170		ynfB		2.73505e+06	2.78944e+06	2.74328e+06	2.50523e+06	2.7499e+06	2.92431e+06
P76177	P76177		ydgH		1.45952e+07	1.48461e+07	1.45588e+07	1.44733e+07	1.4755e+07	1.43243e+07
P76187	P76187		ydhF		2.59113e+06	2.74961e+06	2.75816e+06	2.39827e+06	2.73665e+06	2.52614e+06
P76192	P76192		ydhV		1.69997e+06	1.62637e+06	1.67402e+06	1.65107e+06	1.65693e+06	1.55916e+06
P76193	P76193		ynhG		2.0673e+06	1.98743e+06	2.06827e+06	2.03773e+06	2.14228e+06	1.75616e+06
P76204	P76204		ydiV		1.08226e+06	1.07953e+06	1.12635e+06	1.11893e+06	1.05727e+06	1.14989e+06
P76206	P76206		ydiY		1.14171e+06	1.43804e+06	1.35417e+06	1.2819e+06	1.11459e+06	1.71016e+06
P76220	P76220		ydjY		827610	897857	857189	799379	832867	807616
P76223	P76223		ynjB		1.98625e+06	1.96594e+06	2.06067e+06	1.8515e+06	1.93987e+06	2.15162e+06
P76227	P76227		ynjH		3.805e+06	4.13258e+06	3.8017e+06	3.84939e+06	4.1389e+06	3.69507e+06
P76243	P76243		yeaO		2.00522e+06	2.06538e+06	2.04433e+06	2.03209e+06	2.02094e+06	2.05125e+06
P76245	P76245		yeaP		832858	765273	830740	823520	842584	775166
P76256	P76256		yeaZ		2.86868e+06	2.79736e+06	2.99798e+06	2.94518e+06	3.04711e+06	2.67668e+06
P76268	P76268		kdgR		6.4307e+06	6.60028e+06	6.49927e+06	6.46775e+06	6.50316e+06	6.21624e+06
P76270	P76270		msrC		4.44994e+06	3.88745e+06	4.25802e+06	3.9047e+06	3.91991e+06	4.27964e+06
P76272	P76272		yebT		820869	765120	872552	921966	775244	814222
P76273	P76273		rsmF		3.71063e+06	3.66692e+06	3.88954e+06	3.53835e+06	3.3967e+06	3.63108e+06
P76290	P76290		cmoA		2.28262e+06	2.26618e+06	2.2784e+06	2.26801e+06	2.39662e+06	2.27949e+06
P76291	P76291		cmoB		2.1516e+06	2.28222e+06	2.28542e+06	2.12702e+06	2.19254e+06	2.13914e+06
P76297	P76297		flhE		713979	629773	699672	703741	731294	691754
P76316	P76316		dcyD		1.52577e+06	1.39312e+06	1.48407e+06	1.4899e+06	1.50695e+06	1.25035e+06
P76344	P76344		zinT		565648	595901	534634	529565	584834	806601
P76372	P76372		wzzB		1.23223e+07	1.19649e+07	1.22095e+07	1.18716e+07	1.21176e+07	1.21287e+07
P76402	P76402		yegP		3.76398e+06	4.00689e+06	3.87986e+06	3.67982e+06	3.85053e+06	3.98293e+06
P76403	P76403		yegQ		2.53854e+06	2.60851e+06	2.4849e+06	2.49995e+06	2.54343e+06	2.41376e+06
P76406	P76406		yegR		330491	359809	323668	323085	352107	349019
P76440	P76440		preT		1.47433e+06	1.34215e+06	1.57134e+06	1.20349e+06	1.32319e+06	1.4646e+06
P76445	P76445		yeiU		2.20888e+06	2.06027e+06	2.09072e+06	1.9997e+06	2.03309e+06	2.24825e+06
P76491	P76491		yfbR		794913	951487	841980	953697	953238	866145
P76502	P76502		sixA		6.5609e+06	8.19833e+06	6.97973e+06	7.38387e+06	7.1294e+06	7.30826e+06
P76506	P76506		mlaA		5.8232e+06	5.87026e+06	5.88825e+06	5.92874e+06	5.94573e+06	5.79484e+06
P76520	P76520		yfdX		407986	521114	429334	539705	492528	492332
P76535	P76535		murQ		2.31856e+06	2.18262e+06	2.19438e+06	2.0706e+06	2.03871e+06	2.1143e+06
P76536	P76536		yfeX		9.17396e+06	9.23914e+06	9.20338e+06	9.12009e+06	9.34497e+06	9.57271e+06
P76537	P76537		yfeY		2.77434e+06	2.60391e+06	2.66728e+06	2.71205e+06	2.75376e+06	2.57322e+06
P76539	P76539		ypeA		2.05732e+06	2.12896e+06	2.10605e+06	2.21734e+06	2.11055e+06	2.15956e+06
P76558	P76558		maeB		3.13636e+06	3.20043e+06	3.1946e+06	3.01388e+06	3.1498e+06	2.97662e+06
P76561	P76561		ypfH		850341	884513	757045	699220	824678	628970
P76569	P76569		yfgD		1.6205e+06	1.64888e+06	1.57103e+06	1.62127e+06	1.5593e+06	1.73052e+06
P76576	P76576		yfgM		6.23217e+06	6.26181e+06	6.05431e+06	5.85599e+06	6.24466e+06	5.75159e+06
P76578	P76578		yfhM		2.17458e+06	1.8674e+06	2.039e+06	2.08397e+06	1.86211e+06	2.09915e+06
P76594	P76594		yfiQ		2.12216e+06	1.88538e+06	2.12744e+06	1.90532e+06	1.74679e+06	2.35011e+06
P76658	P76658		hldE		1.00164e+07	1.00115e+07	9.89065e+06	1.00913e+07	9.99289e+06	9.80423e+06
P76938	P76938		epmC		1.68263e+06	1.75112e+06	1.53432e+06	1.4894e+06	1.60428e+06	1.52076e+06
P77129	P77129		ylbE		1.10402e+06	986801	856605	780518	871216	1.05559e+06
P77150	P77150		pdxY		3.96823e+06	3.75962e+06	3.73945e+06	3.80171e+06	3.83383e+06	3.21363e+06
P77173	P77173		zipA		2.54711e+06	2.41523e+06	2.52436e+06	2.49153e+06	2.376e+06	1.30183e+06
P77182	P77182		mnmC		1.33469e+06	1.20558e+06	1.31268e+06	1.34602e+06	1.32944e+06	1.26371e+06
P77202	P77202		dsbG		246150	233737	234982	193550	361686	715766
P77212	P77212		ykgC		246364	233542	253321	317704	295243	356041
P77247	P77247		yniC		1.94922e+06	1.96132e+06	1.97947e+06	1.87376e+06	1.89603e+06	2.16792e+06
P77252	P77252		ykgE		1.23068e+06	1.32797e+06	1.20736e+06	1.20016e+06	1.21453e+06	1.13378e+06
P77258	P77258		nemA		4.44741e+06	4.96111e+06	4.66764e+06	4.69501e+06	4.64639e+06	4.97899e+06
P77279	P77279		ybbL		2.24841e+06	2.40804e+06	2.57895e+06	2.50365e+06	2.46646e+06	2.69415e+06
P77285	P77285		rnfG		439200	487224	421012	457624	519656	499892
P77330	P77330		borD		3.22748e+07	3.20812e+07	3.19443e+07	3.14793e+07	3.27631e+07	2.7172e+07
P77338	P77338		kefA		1.65304e+06	1.46111e+06	1.74133e+06	1.56723e+06	1.26761e+06	1.85358e+06
P77348	P77348		mppA		2.20312e+06	2.06758e+06	2.12626e+06	2.08936e+06	2.09759e+06	2.06624e+06
P77376	P77376		ydgJ		2.23495e+06	2.23616e+06	2.17236e+06	2.27762e+06	2.21135e+06	2.09882e+06
P77395	P77395		ybbN		2.62247e+06	2.48159e+06	2.57463e+06	2.45093e+06	2.45983e+06	2.46773e+06
P77398	P77398		arnA		401999	524664	451034	544538	513214	384550
P77432	P77432		lsrK		1.55035e+06	817081	1.79513e+06	926411	1.58495e+06	1.90265e+06
P77433	P77433		ykgG		1.45237e+06	1.48117e+06	1.45053e+06	1.44572e+06	1.51329e+06	1.47862e+06
P77434	P77434		alaC		2.09099e+06	1.96381e+06	2.0048e+06	1.89431e+06	1.92306e+06	2.12344e+06
P77444	P77444		sufS		454416	499106	467722	487446	465818	504753
P77454	P77454		glsA1		1.91265e+06	1.74384e+06	1.88793e+06	1.8075e+06	1.86829e+06	1.60808e+06
P77475	P77475		yqaB		2.34841e+06	2.57038e+06	2.19179e+06	2.40589e+06	2.3511e+06	1.90276e+06
P77488	P77488		dxs		2.11822e+06	2.09232e+06	2.12268e+06	2.11859e+06	2.04843e+06	2.11106e+06
P77499	P77499		sufC		1.64385e+06	1.49491e+06	1.69488e+06	1.66198e+06	1.56975e+06	1.5396e+06
P77529	P77529		ydjN		4.95975e+06	4.79576e+06	5.11374e+06	5.05365e+06	4.82221e+06	5.03824e+06
P77536	P77536		ykgF		1.47671e+06	1.42235e+06	1.56641e+06	1.41873e+06	1.40869e+06	1.53309e+06
P77552	P77552		ydhQ		2.77222e+06	2.8502e+06	2.71274e+06	2.73248e+06	2.76832e+06	2.54783e+06
P77561	P77561		ydeP		692201	673958	782644	716425	729072	604268
P77562	P77562		yaiW		1.35471e+06	1.32427e+06	1.3642e+06	1.37854e+06	1.29541e+06	1.36072e+06
P77567	P77567		nhoA		244230	288271	302279	261449	270342	292337
P77570	P77570		anmK		977271	1.03805e+06	1.12081e+06	1.00878e+06	1.05801e+06	1.05217e+06
P77611	P77611		rnfC		1.16138e+06	1.06976e+06	1.15979e+06	1.12594e+06	1.05717e+06	917261
P77625	P77625		yfbT		9.13006e+06	9.12282e+06	9.22916e+06	9.00398e+06	9.14434e+06	7.98076e+06
P77690	P77690		arnB		1.07654e+06	807497	866821	948851	947144	777888
P77717	P77717		ybaY		2.05925e+06	2.10995e+06	2.24596e+06	1.88305e+06	2.01078e+06	2.07506e+06
P77718	P77718		thiI		2.50871e+06	2.56339e+06	2.47465e+06	2.45226e+06	2.39611e+06	2.42551e+06
P77735	P77735		yajO		4.22766e+06	4.05224e+06	4.12867e+06	4.2975e+06	4.12928e+06	4.06634e+06
P77737	P77737		oppF		1.86049e+06	1.8643e+06	1.98173e+06	1.89953e+06	1.85204e+06	1.838e+06
P77739	P77739		yniA		1.23904e+06	1.15782e+06	1.21572e+06	1.16516e+06	1.15025e+06	979262
P77748	P77748		ydiJ		1.61616e+06	1.69174e+06	1.51709e+06	1.75661e+06	1.70495e+06	1.76288e+06
P77754	P77754		spy		374610	251225	314669	342089	361407	
P77756	P77756		queC		1.50791e+06	1.42243e+06	1.69374e+06	1.55476e+06	1.44509e+06	1.67823e+06
P77757	P77757		arnC		475801	570565	589055	581479	506380	530182
P77774	P77774		bamB		1.34119e+07	1.38187e+07	1.30727e+07	1.27107e+07	1.35166e+07	1.28084e+07
P77781	P77781		ydiI		350282	331534	309892	288020	388620	388571
P77804	P77804		ydgA		1.03344e+07	1.02971e+07	1.01354e+07	9.94885e+06	1.00842e+07	9.66363e+06
P77808	P77808		yfaY		5.09834e+06	5.17081e+06	4.97524e+06	5.20225e+06	5.15389e+06	4.65455e+06
P78055	P78055		fsaA		371408	332521	277375	365789	443939	484861
P78067	P78067		ynjE		3.2384e+06	3.06163e+06	3.13997e+06	3.12596e+06	3.0035e+06	2.66174e+06
P99999ups|CYC_HUMAN_UPS Cytochrome c (Chain 2-105) - Homo sapiens (Human)	P99999ups|CYC_HUMAN_UPS Cytochrome c (Chain 2-105) - Homo sapiens (Human)				1.43634e+06	3.24414e+06	1.4102e+06	3.09564e+06	2.93028e+06	1.40065e+06
Q06830ups|PRDX1_HUMAN_UPS Peroxiredoxin 1 (Chain 2-199) - Homo sapiens (Human)	Q06830ups|PRDX1_HUMAN_UPS Peroxiredoxin 1 (Chain 2-199) - Homo sapiens (Human)				2.33647e+06	5.05663e+06	2.22971e+06	5.27154e+06	4.9916e+06	2.05353e+06
Q15843ups|NEDD8_HUMAN_UPS NEDD8 (Chain 1-81) - Homo sapiens (Human)	Q15843ups|NEDD8_HUMAN_UPS NEDD8 (Chain 1-81) - Homo sapiens (Human)				5.92491e+06	1.24596e+07	5.85728e+06	1.2115e+07	1.23583e+07	5.61815e+06
Q2M7R5	Q2M7R5		yibT		2.31702e+06	2.37202e+06	2.46533e+06	2.25314e+06	2.38871e+06	2.60693e+06
Q46798	Q46798		ygeR		1.29745e+06	1.20234e+06	1.29192e+06	1.34567e+06	1.23737e+06	1.24022e+06
Q46829	Q46829		bglA		1.30893e+07	1.31115e+07	1.34391e+07	1.25585e+07	1.28427e+07	1.24142e+07
Q46835	Q46835		yghG		910562	880902	814158	982868	857777	860866
Q46845	Q46845		yghU		658140	657241	671355	652341	628925	627921
Q46851	Q46851		gpr		1.12503e+06	1.20328e+06	1.42836e+06	1.18691e+06	1.19679e+06	1.19208e+06
Q46856	Q46856		yqhD		4.69247e+06	4.46164e+06	4.70876e+06	4.60146e+06	4.67771e+06	4.4199e+06
Q46857	Q46857		dkgA		5.55822e+06	5.70509e+06	5.66812e+06	5.76135e+06	5.63517e+06	5.25685e+06
Q46868	Q46868		yqiC		1.0637e+07	1.01223e+07	1.06453e+07	1.03887e+07	1.0529e+07	1.09584e+07
Q46871	Q46871		yqjH		3.05658e+06	2.94204e+06	3.09454e+06	2.93408e+06	2.98218e+06	2.97781e+06
Q46893	Q46893		ispD		2.86368e+06	2.80525e+06	3.0113e+06	2.65412e+06	2.78037e+06	2.89577e+06
Q46919	Q46919		yqcC		600294	589256	615112	643776	617632	667735
Q46920	Q46920		queF		4.57331e+06	4.5471e+06	4.59782e+06	4.55304e+06	4.59252e+06	4.37587e+06
Q46925	Q46925		csdA		911646	990954	986111	1.0399e+06	956265	1.00343e+06
Q46927	Q46927		ygdL		1.56405e+06	1.5704e+06	1.5613e+06	1.54836e+06	1.55611e+06	1.40063e+06
Q46948	Q46948		yajL		4.53288e+06	4.62456e+06	4.62766e+06	4.36131e+06	4.54602e+06	4.95693e+06
Q47147	Q47147		yafJ		1.64378e+06	1.59421e+06	1.54821e+06	1.61299e+06	1.69149e+06	1.62751e+06
Q47157	Q47157		yafO		272916	384393	347024	404230	385879	352367
Q47319	Q47319		yfiP		631708	606349	630610	677931	702618	694914
Q47538	Q47538		tauB		367723	326830	344962	300379	366829	
Q47622	Q47622		sapA		2.02574e+06	2.06754e+06	1.94691e+06	1.96339e+06	2.00689e+06	2.24691e+06
Q47679	Q47679		yafV		980183	946551	903580	870867	922368	1.00305e+06
Q47710	Q47710		yqjK		808328	792265	787350	732483	689779	755094
Q57154	Q57154		repB		1.15561e+06	1.13998e+06	1.14074e+06	1.20393e+06	1.11542e+06	1.01524e+06
Q57261	Q57261		truD		3.25511e+06	3.21856e+06	3.22209e+06	3.06886e+06	3.22464e+06	3.24147e+06
Q59385	Q59385		copA		4.99286e+06	4.90431e+06	5.17805e+06	4.94536e+06	4.97759e+06	4.96398e+06
Q93K97	Q93K97		nudF		6.89969e+07	6.85008e+07	7.0066e+07	7.07868e+07	6.59089e+07	6.14104e+07
