Protein.Group	Protein.Ids	Protein.Names	Genes	First.Protein.Description	/home/lerost/DIA_tools_manuscript/input_files/PXD026600/RD139_Wide_UPS1_5fmol_inj2.mzML	/home/lerost/DIA_tools_manuscript/input_files/PXD026600/RD139_Wide_UPS1_5fmol_inj1.mzML	/home/lerost/DIA_tools_manuscript/input_files/PXD026600/RD139_Wide_UPS1_5fmol_inj3.mzML	/home/lerost/DIA_tools_manuscript/input_files/PXD026600/RD139_Wide_UPS1_50fmol_inj1.mzML	/home/lerost/DIA_tools_manuscript/input_files/PXD026600/RD139_Wide_UPS1_50fmol_inj2.mzML	/home/lerost/DIA_tools_manuscript/input_files/PXD026600/RD139_Wide_UPS1_50fmol_inj3.mzML
O00762ups|UBE2C_HUMAN_UPS Ubiquitin-conjugating enzyme E2 C (Chain 1-179, N-terminal His tag)- Homo sapiens (Human)	O00762ups|UBE2C_HUMAN_UPS Ubiquitin-conjugating enzyme E2 C (Chain 1-179, N-terminal His tag)- Homo sapiens (Human)				1.37646e+06	1.41044e+06	1.3387e+06	1.18551e+07	1.1848e+07	1.18051e+07
O76070ups|SYUG_HUMAN_UPS Gamma-synuclein (Chain 1-127) - Homo sapiens (Human)	O76070ups|SYUG_HUMAN_UPS Gamma-synuclein (Chain 1-127) - Homo sapiens (Human)				2.89235e+06	2.62773e+06	2.54666e+06	2.0155e+07	1.943e+07	2.1028e+07
P00167ups|CYB5_HUMAN_UPS Cytochrome b5 (Chain 1-134, N-terminal His tag) - Homo sapiens (Human)	P00167ups|CYB5_HUMAN_UPS Cytochrome b5 (Chain 1-134, N-terminal His tag) - Homo sapiens (Human)				2.66017e+06	2.65897e+06	2.53932e+06	1.86407e+07	1.81916e+07	1.77263e+07
P00350	P00350		gnd		3.94473e+07	3.95877e+07	3.89557e+07	3.94786e+07	3.92997e+07	3.91594e+07
P00363	P00363		frdA		4.34425e+07	4.29271e+07	4.25923e+07	4.18311e+07	4.1866e+07	4.20196e+07
P00370	P00370		gdhA		1.93865e+06	1.89712e+06	1.86684e+06	1.99965e+06	1.96343e+06	1.93554e+06
P00393	P00393		ndh		5.43095e+06	5.52719e+06	5.35891e+06	5.36902e+06	5.387e+06	5.41213e+06
P00441ups|SODC_HUMAN_UPS Superoxide dismutase [Cu-Zn] (Chain 2-154) - Homo sapiens (Human)	P00441ups|SODC_HUMAN_UPS Superoxide dismutase [Cu-Zn] (Chain 2-154) - Homo sapiens (Human)				1.24424e+06	1.20424e+06	1.21267e+06	7.6252e+06	7.47474e+06	7.53053e+06
P00448	P00448		sodA		4.27512e+06	4.43455e+06	4.32723e+06	4.38546e+06	4.41489e+06	4.2588e+06
P00452	P00452		nrdA		1.01386e+07	1.01229e+07	1.00606e+07	1.01247e+07	9.91189e+06	1.00143e+07
P00490	P00490		malP		5.91424e+06	5.84172e+06	5.70118e+06	5.39066e+06	5.40108e+06	5.47277e+06
P00509	P00509		aspC		1.58131e+07	1.56498e+07	1.54658e+07	1.53415e+07	1.53847e+07	1.55946e+07
P00547	P00547		thrB		762363	690516	744582	754685	789702	910273
P00550	P00550		mtlA		1.31859e+06	1.31105e+06	1.36314e+06	1.18405e+06	1.23968e+06	1.34573e+06
P00561	P00561		thrA		3.23271e+06	3.3209e+06	3.24079e+06	3.22839e+06	3.26469e+06	3.34499e+06
P00562	P00562		metL		2.55762e+06	2.46959e+06	2.58668e+06	2.44179e+06	2.53938e+06	2.46761e+06
P00579	P00579		rpoD		8.87065e+06	8.75915e+06	8.58036e+06	8.80397e+06	8.67774e+06	8.84608e+06
P00582	P00582		polA		4.53348e+06	4.60872e+06	4.53684e+06	4.39076e+06	4.50749e+06	4.43763e+06
P00709ups|LALBA_HUMAN_UPS Alpha-lactalbumin (Chain 20-142) - Homo sapiens (Human)	P00709ups|LALBA_HUMAN_UPS Alpha-lactalbumin (Chain 20-142) - Homo sapiens (Human)				2.08329e+06	2.1014e+06	2.03922e+06	9.25881e+06	9.2428e+06	8.93512e+06
P00803	P00803		lepB		5.41114e+06	5.36269e+06	5.23662e+06	5.37764e+06	4.85015e+06	5.11228e+06
P00805	P00805		ansB		2.23541e+07	2.26902e+07	2.20502e+07	2.09764e+07	2.11937e+07	2.14468e+07
P00811	P00811		ampC		1.57445e+06	1.53475e+06	1.51589e+06	1.57596e+06	1.46094e+06	1.5018e+06
P00861	P00861		lysA		116601	202359	277245	262177	238924	
P00864	P00864		ppc		1.0628e+07	1.0447e+07	1.03397e+07	1.03889e+07	1.03277e+07	1.05625e+07
P00887	P00887		aroH		1.62189e+06	1.72197e+06	1.60279e+06	1.62634e+06	1.78293e+06	1.62817e+06
P00888	P00888		aroF		2.04723e+06	1.98869e+06	2.04096e+06	2.00102e+06	1.96694e+06	2.00233e+06
P00892	P00892		ilvG		560852	542837	508843	439353	373371	407641
P00914	P00914		phrB		744406	678023	666818	714110	731722	628478
P00915ups|CAH1_HUMAN_UPS Carbonic anhydrase 1 (Chain 2-261) - Homo sapiens (Human)	P00915ups|CAH1_HUMAN_UPS Carbonic anhydrase 1 (Chain 2-261) - Homo sapiens (Human)				2.32934e+06	2.38572e+06	2.15926e+06	1.59335e+07	1.5806e+07	1.58926e+07
P00918ups|CAH2_HUMAN_UPS Carbonic anhydrase 2 (Chain 2-260) - Homo sapiens (Human)	P00918ups|CAH2_HUMAN_UPS Carbonic anhydrase 2 (Chain 2-260) - Homo sapiens (Human)				3.59303e+06	3.48219e+06	3.13276e+06	2.81691e+07	2.85122e+07	2.83995e+07
P00934	P00934		thrC		4.58471e+06	4.77493e+06	4.64702e+06	4.58726e+06	4.5241e+06	4.56189e+06
P00935	P00935		metB		1.07696e+06	1.00075e+06	1.10153e+06	1.08359e+06	990348	1.02925e+06
P00936	P00936		cyaA		1.21877e+06	1.19284e+06	1.11097e+06	1.15752e+06	1.1589e+06	1.20712e+06
P00946	P00946		manA		1.0875e+07	1.11409e+07	1.10575e+07	1.08964e+07	1.12646e+07	1.09088e+07
P00954	P00954		trpS		1.42045e+07	1.40965e+07	1.3382e+07	1.45529e+07	1.44988e+07	1.41169e+07
P00956	P00956		ileS		2.55664e+07	2.58484e+07	2.54538e+07	2.56907e+07	2.54383e+07	2.52595e+07
P00957	P00957		alaS		1.50148e+07	1.50568e+07	1.47544e+07	1.46854e+07	1.47454e+07	1.47029e+07
P00959	P00959		metG		1.90635e+07	1.91799e+07	1.87735e+07	1.90795e+07	1.93206e+07	1.92944e+07
P00960	P00960		glyQ		4.89704e+06	4.83194e+06	4.91943e+06	4.46478e+06	4.69672e+06	4.68392e+06
P00961	P00961		glyS		1.4267e+07	1.41713e+07	1.40488e+07	1.45361e+07	1.44356e+07	1.45157e+07
P00962	P00962		glnS		1.49056e+07	1.48139e+07	1.49396e+07	1.4532e+07	1.42072e+07	1.39641e+07
P00963	P00963		asnA		2.52316e+07	2.49897e+07	2.57235e+07	2.42593e+07	2.48495e+07	2.44684e+07
P00968	P00968		carB		5.4999e+06	5.50495e+06	5.34229e+06	5.29526e+06	5.25426e+06	5.31514e+06
P01008ups|ANT3_HUMAN_UPS Antithrombin-III (Chain 33-464) - Homo sapiens (Human)	P01008ups|ANT3_HUMAN_UPS Antithrombin-III (Chain 33-464) - Homo sapiens (Human)				3.77136e+06	3.73115e+06	4.03273e+06	2.82157e+07	2.97195e+07	2.84764e+07
P01031ups|CO5_HUMAN_UPS Complement C5 (C5a anaphylatoxin) (Chain 678-751) - Homo sapiens (Human)	P01031ups|CO5_HUMAN_UPS Complement C5 (C5a anaphylatoxin) (Chain 678-751) - Homo sapiens (Human)				2.71657e+06	2.39382e+06	1.6607e+06	2.58732e+07	2.8445e+07	2.78993e+07
P01112ups|RASH_HUMAN_UPS GTPase HRas (Chain 1-189) - Homo sapiens (Human)	P01112ups|RASH_HUMAN_UPS GTPase HRas (Chain 1-189) - Homo sapiens (Human)				3.53718e+06	3.64104e+06	3.7165e+06	1.94948e+07	2.03477e+07	2.00056e+07
P01127ups|PDGFB_HUMAN_UPS Platelet-derived growth factor B chain (Chain 82-190) - Homo sapiens (Human)	P01127ups|PDGFB_HUMAN_UPS Platelet-derived growth factor B chain (Chain 82-190) - Homo sapiens (Human)				2.92224e+06	2.88182e+06	2.98208e+06	2.33224e+07	2.29704e+07	2.33723e+07
P01133ups|EGF_HUMAN_UPS Pro-Epidermal growth factor (EGF) (Chain 971-1023) - Homo sapiens (Human)	P01133ups|EGF_HUMAN_UPS Pro-Epidermal growth factor (EGF) (Chain 971-1023) - Homo sapiens (Human)				1.63435e+06	1.69219e+06	1.57537e+06	1.45163e+07	1.44176e+07	1.36663e+07
P01344ups|IGF2_HUMAN_UPS Insulin-like growth factor II (Chain 25-91) - Homo sapiens (Human)	P01344ups|IGF2_HUMAN_UPS Insulin-like growth factor II (Chain 25-91) - Homo sapiens (Human)				4.11335e+06	4.32906e+06	4.19757e+06	3.78897e+07	3.97051e+07	3.87257e+07
P01375ups|TNFA_HUMAN_UPS Tumor necrosis factor, soluble form (Chain 77-233) - Homo sapiens (Human)	P01375ups|TNFA_HUMAN_UPS Tumor necrosis factor, soluble form (Chain 77-233) - Homo sapiens (Human)				1.22286e+06	1.12074e+06	1.1403e+06	1.18036e+07	1.15918e+07	1.17883e+07
P01579ups|IFNG_HUMAN_UPS Interferon Gamma (Chain 23-166) - Homo sapiens (Human)	P01579ups|IFNG_HUMAN_UPS Interferon Gamma (Chain 23-166) - Homo sapiens (Human)				2.79996e+06	2.9244e+06	2.95676e+06	2.5719e+07	2.59416e+07	2.59118e+07
P02144ups|MYG_HUMAN_UPS Myoglobin (Chain 2-154) - Homo sapiens (Human)	P02144ups|MYG_HUMAN_UPS Myoglobin (Chain 2-154) - Homo sapiens (Human)				2.80434e+06	2.84357e+06	2.74706e+06	2.41535e+07	2.42922e+07	2.34559e+07
P02358	P02358		rpsF		1.34838e+08	1.3731e+08	1.3499e+08	1.34774e+08	1.32852e+08	1.33543e+08
P02359	P02359		rpsG		1.29785e+08	1.27947e+08	1.26768e+08	1.29607e+08	1.2652e+08	1.24373e+08
P02413	P02413		rplO		1.48007e+08	1.46634e+08	1.4916e+08	1.35191e+08	1.38856e+08	1.36249e+08
P02741ups|CRP_HUMAN_UPS C-reactive protein (Chain 19-224) - Homo sapiens (Human)	P02741ups|CRP_HUMAN_UPS C-reactive protein (Chain 19-224) - Homo sapiens (Human)				413386	496222	346099	2.54283e+06	2.54123e+06	2.58282e+06
P02753ups|RETBP_HUMAN_UPS Retinol-binding protein 4 (Chain 19-201) - Homo sapiens (Human)	P02753ups|RETBP_HUMAN_UPS Retinol-binding protein 4 (Chain 19-201) - Homo sapiens (Human)				878809	995642	994333	4.65881e+06	4.70948e+06	4.66884e+06
P02768ups|ALBU_HUMAN_UPS Serum albumin (Chain 26-609) - Homo sapiens (Human)	P02768ups|ALBU_HUMAN_UPS Serum albumin (Chain 26-609) - Homo sapiens (Human)				4.05987e+06	4.08908e+06	4.04007e+06	3.2579e+07	3.28722e+07	3.33677e+07
P02787ups|TRFE_HUMAN_UPS Serotransferrin (Chain 20-698) - Homo sapiens (Human)	P02787ups|TRFE_HUMAN_UPS Serotransferrin (Chain 20-698) - Homo sapiens (Human)				4.1428e+06	4.31241e+06	4.21734e+06	3.26089e+07	3.29496e+07	3.18653e+07
P02788ups|TRFL_HUMAN_UPS Lactotransferrin (Chain 20-710) - Homo sapiens (Human)	P02788ups|TRFL_HUMAN_UPS Lactotransferrin (Chain 20-710) - Homo sapiens (Human)				2.92123e+06	3.22546e+06	3.04193e+06	2.27194e+07	2.23803e+07	2.31921e+07
P02918	P02918		mrcA		1.40258e+06	1.38772e+06	1.41209e+06	1.3393e+06	1.29976e+06	1.41167e+06
P02919	P02919		mrcB		1.73192e+06	1.48543e+06	1.56589e+06	1.70631e+06	1.65679e+06	1.71618e+06
P02925	P02925		rbsB		9.87014e+06	9.77822e+06	9.85373e+06	1.00095e+07	9.86769e+06	9.61845e+06
P02930	P02930		tolC		2.67581e+07	2.68925e+07	2.64664e+07	2.52185e+07	2.54486e+07	2.53991e+07
P02931	P02931		ompF		4.23953e+07	4.135e+07	4.28181e+07	3.80187e+07	3.65831e+07	3.97595e+07
P02932	P02932		phoE		1.5138e+06	1.39018e+06	1.68751e+06	1.25047e+06	1.43403e+06	1.48346e+06
P02942	P02942		tsr		6.95013e+06	6.7548e+06	6.79796e+06	6.87067e+06	7.04477e+06	6.87369e+06
P02943	P02943		lamB		1.50313e+06	1.48715e+06	1.44319e+06	1.44181e+06	1.50297e+06	1.39267e+06
P03004	P03004		dnaA		2.29451e+06	2.22268e+06	2.3544e+06	2.50859e+06	2.37333e+06	2.34591e+06
P03007	P03007		dnaQ		1.44435e+06	1.57679e+06	1.3403e+06	1.53972e+06	1.42565e+06	1.51216e+06
P03018	P03018		uvrD		2.03318e+06	1.93903e+06	1.98547e+06	1.96154e+06	2.0201e+06	1.94931e+06
P03023	P03023		lacI		285976	236968	286595	152956	258042	277587
P03024	P03024		galR		1.2444e+06	1.54273e+06	1.11014e+06	1.70235e+06	1.39496e+06	1.74871e+06
P03817	P03817		mioC		7.55264e+06	7.47449e+06	7.24967e+06	7.80032e+06	7.18726e+06	7.6775e+06
P03841	P03841		malM		1.03911e+07	1.02882e+07	1.04043e+07	1.00259e+07	9.87945e+06	9.84966e+06
P04036	P04036		dapB		5.69451e+06	5.76931e+06	5.61413e+06	5.6952e+06	5.64492e+06	5.69334e+06
P04040ups|CATA_HUMAN_UPS Catalase (Chain 2-527) - Homo sapiens (Human)	P04040ups|CATA_HUMAN_UPS Catalase (Chain 2-527) - Homo sapiens (Human)				1.67782e+06	1.63784e+06	1.60094e+06	9.6695e+06	9.83095e+06	9.68684e+06
P04079	P04079		guaA		1.9635e+07	1.94245e+07	1.96046e+07	1.92185e+07	1.94042e+07	1.90546e+07
P04335	P04335		frsA		4.0541e+06	4.20534e+06	4.02736e+06	4.09778e+06	4.0805e+06	4.1277e+06
P04425	P04425		gshB		7.81218e+06	7.80242e+06	7.67477e+06	7.63877e+06	7.7544e+06	7.83038e+06
P04693	P04693		tyrB		4.07387e+06	4.05971e+06	3.89057e+06	4.08361e+06	4.34943e+06	4.37702e+06
P04805	P04805		gltX		2.30042e+07	2.30973e+07	2.26642e+07	2.3231e+07	2.31593e+07	2.35039e+07
P04825	P04825		pepN		1.6232e+07	1.63293e+07	1.65095e+07	1.6504e+07	1.66512e+07	1.68046e+07
P04846	P04846		nlpA		3.37529e+06	3.39379e+06	3.27219e+06	3.45115e+06	3.42596e+06	3.57696e+06
P04949	P04949		fliC		3.80776e+07	3.74667e+07	3.65858e+07	3.42944e+07	3.45999e+07	3.2823e+07
P04951	P04951		kdsB		6.4573e+06	6.17054e+06	6.36527e+06	6.36378e+06	6.32209e+06	6.24118e+06
P04982	P04982		rbsD		1.39159e+06	1.47189e+06	1.45834e+06	1.23272e+06	1.12891e+06	1.23516e+06
P04994	P04994		xseA		729272	853674	750984	741822	758307	625120
P04995	P04995		sbcB		1.09037e+07	1.12421e+07	1.10109e+07	1.14411e+07	1.16e+07	1.10314e+07
P05020	P05020		pyrC		6.22271e+06	6.19881e+06	6.17337e+06	5.95393e+06	5.98339e+06	5.89325e+06
P05041	P05041		pabB		1.68859e+06	1.84679e+06	1.70972e+06	1.87155e+06	1.88556e+06	1.76489e+06
P05055	P05055		pnp		4.39791e+07	4.36672e+07	4.28011e+07	4.2871e+07	4.28928e+07	4.25908e+07
P05100	P05100		tag		2.27799e+06	1.90905e+06	2.28392e+06	2.05267e+06	2.21987e+06	1.97351e+06
P05194	P05194		aroD		939848	1.01833e+06	1.03239e+06	1.14585e+06	1.1072e+06	1.08766e+06
P05413ups|FABPH_HUMAN_UPS Fatty acid-binding protein, heart (Chain 2-133) - Homo sapiens (Human)	P05413ups|FABPH_HUMAN_UPS Fatty acid-binding protein, heart (Chain 2-133) - Homo sapiens (Human)				4.6098e+06	4.98114e+06	4.6282e+06	3.68668e+07	3.6849e+07	3.60189e+07
P05458	P05458		ptrA		1.548e+06	1.5592e+06	1.5419e+06	1.48225e+06	1.507e+06	1.55247e+06
P05459	P05459		pdxB		6.20876e+06	6.3105e+06	6.2346e+06	6.21559e+06	6.03617e+06	6.2965e+06
P05637	P05637		apaH		2.29007e+06	2.25994e+06	2.12765e+06	2.07388e+06	2.16682e+06	2.0789e+06
P05719	P05719		hsdS		2.21152e+06	2.13943e+06	1.97709e+06	1.88375e+06	2.24691e+06	1.99953e+06
P05791	P05791		ilvD		3.45936e+06	3.55048e+06	3.45063e+06	3.44437e+06	3.37547e+06	3.4357e+06
P05793	P05793		ilvC		5.36641e+06	5.69802e+06	5.42718e+06	5.40519e+06	5.31365e+06	5.66568e+06
P05825	P05825		fepA		2.15719e+06	2.20995e+06	2.10451e+06	2.03733e+06	2.15121e+06	2.05482e+06
P05852	P05852		gcp		2.59459e+06	2.54623e+06	2.61642e+06	2.516e+06	2.61411e+06	2.61191e+06
P06129	P06129		btuB		1.46715e+07	1.45376e+07	1.48819e+07	1.49548e+07	1.45812e+07	1.41661e+07
P06136	P06136		ftsQ		796535	748548	739213	780065	798623	866432
P06149	P06149		dld		7.19836e+06	7.21961e+06	7.051e+06	7.21234e+06	7.32806e+06	6.98412e+06
P06282	P06282		cdh		2.74993e+06	2.75204e+06	2.77804e+06	2.8112e+06	2.89738e+06	2.82208e+06
P06396ups|GELS_HUMAN_UPS Gelsolin (Chain 28-782) - Homo sapiens (Human)	P06396ups|GELS_HUMAN_UPS Gelsolin (Chain 28-782) - Homo sapiens (Human)				3.17317e+06	3.1418e+06	3.01831e+06	2.14513e+07	2.15068e+07	2.19278e+07
P06610	P06610		btuE		6.49883e+06	6.57091e+06	6.55938e+06	7.22382e+06	7.10611e+06	6.81652e+06
P06612	P06612		topA		5.62924e+06	5.80889e+06	5.64789e+06	5.57728e+06	5.63401e+06	5.61482e+06
P06616	P06616		era		3.64898e+06	3.5335e+06	3.56971e+06	3.52792e+06	3.59725e+06	3.44488e+06
P06709	P06709		birA		968346	969020	954992	943029	954292	933769
P06710	P06710		dnaX		1.47372e+06	1.54308e+06	1.51614e+06	1.42988e+06	1.37472e+06	1.4923e+06
P06715	P06715		gor		5.16706e+06	5.28558e+06	5.15598e+06	5.25978e+06	5.24131e+06	5.40113e+06
P06721	P06721		metC		656808	667607	616322	612656	593831	680342
P06722	P06722		mutH		1.07601e+06	1.04783e+06	1.12815e+06	1.08329e+06	1.12142e+06	1.32026e+06
P06732ups|KCRM_HUMAN_UPS Creatine kinase M-type (Chain 1-381) - Homo sapiens (Human)	P06732ups|KCRM_HUMAN_UPS Creatine kinase M-type (Chain 1-381) - Homo sapiens (Human)				1.85967e+06	1.76089e+06	1.73154e+06	1.51247e+07	1.50062e+07	1.49378e+07
P06846	P06846		ebgR		1.29776e+06	1.27692e+06	1.4037e+06	1.3176e+06	1.29096e+06	1.33159e+06
P06959	P06959		aceF		5.72438e+07	5.79872e+07	5.67792e+07	5.49094e+07	5.53718e+07	5.52006e+07
P06961	P06961		cca		1.139e+06	1.09019e+06	1.12506e+06	1.08123e+06	1.08414e+06	1.15876e+06
P06968	P06968		dut		1.03533e+07	1.06092e+07	1.0423e+07	9.58185e+06	9.62752e+06	9.90113e+06
P06971	P06971		fhuA		1.317e+07	1.3142e+07	1.34118e+07	1.31771e+07	1.33833e+07	1.33239e+07
P06974	P06974		fliM		1.88557e+06	1.79747e+06	1.92533e+06	1.84122e+06	1.82233e+06	1.86279e+06
P06983	P06983		hemC		1.32763e+07	1.34719e+07	1.33608e+07	1.19396e+07	1.18699e+07	1.10078e+07
P06986	P06986		hisC		4.61964e+06	4.66079e+06	4.84086e+06	4.74737e+06	4.90063e+06	4.80267e+06
P06987	P06987		hisB		1.32465e+06	1.35946e+06	1.39521e+06	1.40589e+06	1.28292e+06	1.14936e+06
P06988	P06988		hisD		1.20921e+07	1.16385e+07	1.1598e+07	1.06876e+07	1.07003e+07	1.05983e+07
P06992	P06992		rsmA		3.08683e+06	3.1854e+06	3.1321e+06	3.29424e+06	3.29889e+06	3.42966e+06
P06993	P06993		malT		297375	311192	271725	319949	281188	248472
P06996	P06996		ompC		2.52086e+08	2.54657e+08	2.44413e+08	2.23704e+08	2.17965e+08	2.27934e+08
P06999	P06999		pfkB		3.11248e+06	3.06848e+06	2.98867e+06	2.68801e+06	2.86324e+06	2.81184e+06
P07000	P07000		pldB		606114	576560	542553	627520	620384	515102
P07001	P07001		pntA		4.13788e+06	4.27823e+06	4.24712e+06	4.15877e+06	4.08095e+06	4.19897e+06
P07003	P07003		poxB		2.35912e+06	2.34759e+06	2.31269e+06	2.27763e+06	2.14755e+06	2.0641e+06
P07004	P07004		proA		2.80154e+07	2.76392e+07	2.74485e+07	2.74006e+07	2.67188e+07	2.68309e+07
P07012	P07012		prfB		1.30581e+07	1.30319e+07	1.29476e+07	1.27356e+07	1.28682e+07	1.26673e+07
P07014	P07014		sdhB		5.4241e+06	5.48272e+06	5.45374e+06	5.37929e+06	5.34391e+06	5.3886e+06
P07017	P07017		tar		1.04779e+07	1.03968e+07	1.0284e+07	1.08477e+07	1.064e+07	1.09949e+07
P07021	P07021		yfiB		1.39009e+06	1.4221e+06	1.43353e+06	1.45095e+06	1.36226e+06	1.51121e+06
P07023	P07023		tyrA		2.5635e+06	2.44965e+06	2.51814e+06	2.67675e+06	2.52835e+06	2.57435e+06
P07024	P07024		ushA		5.10136e+06	5.20893e+06	4.99466e+06	5.08307e+06	5.03079e+06	5.00826e+06
P07026	P07026		sdiA		1.71645e+06	1.74653e+06	1.73444e+06	1.76575e+06	1.88692e+06	1.9067e+06
P07117	P07117		putP		410849	413654	416225	469230	381607	513769
P07118	P07118		valS		2.38737e+07	2.38333e+07	2.369e+07	2.41062e+07	2.3996e+07	2.38015e+07
P07330	P07330		cheB		1.19787e+06	1.16579e+06	1.17252e+06	1.15512e+06	1.07689e+06	1.20793e+06
P07363	P07363		cheA		5.23403e+06	5.09516e+06	4.87773e+06	5.05627e+06	5.12108e+06	5.04171e+06
P07395	P07395		pheT		1.6876e+07	1.65946e+07	1.61084e+07	1.60455e+07	1.60781e+07	1.59795e+07
P07604	P07604		tyrR		2.33756e+06	2.28389e+06	2.42772e+06	2.39341e+06	2.3539e+06	2.36594e+06
P07639	P07639		aroB		3.08124e+06	3.06236e+06	3.05286e+06	3.19134e+06	3.09951e+06	2.86152e+06
P07648	P07648		recC		1.09641e+06	1.08362e+06	1.18823e+06	1.23804e+06	1.10169e+06	1.16906e+06
P07649	P07649		truA		1.77325e+06	1.70252e+06	1.77703e+06	1.79314e+06	1.8395e+06	1.90042e+06
P07650	P07650		deoA		6.72805e+06	6.75518e+06	6.62715e+06	6.63207e+06	6.43864e+06	6.54709e+06
P07658	P07658		fdhF		1.01752e+06	961716	1.00145e+06	968131	1.06943e+06	973051
P07762	P07762		glgB		3.78996e+06	3.8543e+06	3.86478e+06	3.87224e+06	3.82674e+06	3.75083e+06
P07813	P07813		leuS		1.54457e+07	1.55289e+07	1.56275e+07	1.55539e+07	1.57857e+07	1.53278e+07
P07821	P07821		fhuC		1.12926e+06	970893	1.11051e+06	944824	1.07721e+06	455560
P07822	P07822		fhuD		367029	404063	376182	406606	434412	340359
P07862	P07862		ddlB		4.36361e+06	4.38793e+06	4.34791e+06	4.34889e+06	4.32223e+06	4.26461e+06
P07913	P07913		tdh		4.5184e+06	4.35563e+06	4.56518e+06	4.54938e+06	4.63189e+06	4.68465e+06
P08178	P08178		purM		1.90913e+06	1.8014e+06	1.79692e+06	1.77801e+06	2.07527e+06	1.83572e+06
P08179	P08179		purN		1.12167e+06	1.09745e+06	1.18272e+06	1.15905e+06	1.14771e+06	1.04311e+06
P08189	P08189		fimF		1.2324e+06	1.18955e+06	1.16749e+06	1.07773e+06	1.16995e+06	1.13923e+06
P08190	P08190		fimG		2.19595e+06	2.29187e+06	2.27473e+06	2.53645e+06	2.1703e+06	2.34504e+06
P08191	P08191		fimH		2.85492e+06	3.06962e+06	2.95866e+06	2.91604e+06	2.9198e+06	3.06833e+06
P08192	P08192		folC		3.18858e+06	3.2716e+06	3.26407e+06	3.27828e+06	3.2968e+06	3.22732e+06
P08200	P08200		icd		2.42979e+07	2.36916e+07	2.37013e+07	2.37483e+07	2.38627e+07	2.27814e+07
P08201	P08201		nirB		4.57853e+06	4.61752e+06	4.65261e+06	4.53387e+06	4.66558e+06	4.70295e+06
P08244	P08244		pyrF		6.71455e+06	6.78318e+06	6.91056e+06	6.7518e+06	6.52969e+06	6.8398e+06
P08245	P08245		yciH		1.17152e+06	1.20616e+06	1.16616e+06	1.17144e+06	1.20809e+06	1.33312e+06
P08263ups|GSTA1_HUMAN_UPS Glutathione S-transferase A1 (Chain 2-222) - Homo sapiens (Human)	P08263ups|GSTA1_HUMAN_UPS Glutathione S-transferase A1 (Chain 2-222) - Homo sapiens (Human)				2.43844e+06	2.38862e+06	2.41805e+06	1.95356e+07	1.97246e+07	1.86649e+07
P08312	P08312		pheS		1.45525e+07	1.44188e+07	1.42732e+07	1.3829e+07	1.36945e+07	1.39485e+07
P08331	P08331		cpdB		3.29822e+06	3.23043e+06	3.3936e+06	3.22486e+06	3.17567e+06	3.45689e+06
P08337	P08337		mutT		1.05766e+06	1.00493e+06	1.00595e+06	784645	850983	768007
P08373	P08373		murB		1.65449e+06	1.67151e+06	1.66659e+06	1.73978e+06	1.73828e+06	1.70695e+06
P08390	P08390		usg		5.59312e+06	5.25822e+06	5.33871e+06	5.26545e+06	5.17048e+06	5.2234e+06
P08395	P08395		sppA		5.81677e+06	5.50657e+06	5.98717e+06	5.76136e+06	6.03189e+06	5.7863e+06
P08506	P08506		dacC		6.02372e+06	6.05253e+06	6.1048e+06	5.93763e+06	5.87895e+06	5.91501e+06
P08622	P08622		dnaJ		7.10739e+06	7.22256e+06	7.13353e+06	6.91464e+06	6.93532e+06	6.97865e+06
P08660	P08660		lysC		2.44668e+06	2.45707e+06	2.41906e+06	2.44313e+06	2.51277e+06	2.53247e+06
P08758ups|ANXA5_HUMAN_UPS Annexin A5 (Chain 2-320) - Homo sapiens (Human)	P08758ups|ANXA5_HUMAN_UPS Annexin A5 (Chain 2-320) - Homo sapiens (Human)				2.35951e+06	2.32406e+06	2.32084e+06	2.04793e+07	2.02574e+07	2.05597e+07
P08839	P08839		ptsI		3.47776e+07	3.54414e+07	3.43798e+07	3.48727e+07	3.48249e+07	3.39971e+07
P08956	P08956		hsdR		2.2561e+06	2.31843e+06	2.3189e+06	2.28796e+06	2.33564e+06	2.42785e+06
P08957	P08957		hsdM		1.15603e+07	1.15813e+07	1.13857e+07	1.16866e+07	1.1582e+07	1.16114e+07
P08997	P08997		aceB		1.15535e+06	1.06633e+06	1.21834e+06	1.18435e+06	1.14307e+06	1.19203e+06
P09029	P09029		purK		1.1457e+06	1.18884e+06	1.20819e+06	1.23996e+06	1.27883e+06	1.28874e+06
P09030	P09030		xthA		2.53769e+06	2.58647e+06	2.56224e+06	2.5481e+06	2.42412e+06	2.47142e+06
P09053	P09053		avtA		2.06221e+06	2.15622e+06	2.03684e+06	2.06016e+06	2.04427e+06	2.03027e+06
P09126	P09126		hemD		1.75728e+06	1.72521e+06	1.74536e+06	1.6907e+06	1.63401e+06	1.77161e+06
P09127	P09127		hemX		1.13094e+07	1.16243e+07	1.15279e+07	1.14564e+07	1.14614e+07	1.12065e+07
P09130	P09130		traD		521089		573756	566705		690592
P09147	P09147		galE		1.02243e+07	1.0476e+07	1.0306e+07	9.71003e+06	9.96616e+06	1.01097e+07
P09148	P09148		galT		2.60282e+06	2.64085e+06	2.61948e+06	2.49265e+06	2.7853e+06	2.5971e+06
P09152	P09152		narG		5.56724e+06	5.51065e+06	5.65657e+06	5.62852e+06	5.54439e+06	5.544e+06
P09155	P09155		rnd		4.16418e+06	4.03063e+06	4.09678e+06	4.03683e+06	4.07153e+06	4.04023e+06
P09158	P09158		speE		7.29641e+06	7.25379e+06	7.19743e+06	6.9848e+06	7.26531e+06	7.3545e+06
P09169	P09169		ompT		4.20639e+06	4.29409e+06	4.15019e+06	4.01899e+06	4.15761e+06	4.13783e+06
P09211ups|GSTP1_HUMAN_UPS Glutathione S-transferase P (Chain 2-210) - Homo sapiens (Human)	P09211ups|GSTP1_HUMAN_UPS Glutathione S-transferase P (Chain 2-210) - Homo sapiens (Human)				1.12351e+06	927224	1.22304e+06	8.20801e+06	8.68354e+06	8.52884e+06
P09323	P09323		nagE		738716	696087	754169	771803	758717	706843
P09372	P09372		grpE		4.48581e+07	4.53166e+07	4.6966e+07	4.88485e+07	4.70774e+07	4.73316e+07
P09373	P09373		pflB		2.87684e+08	2.88899e+08	2.85797e+08	2.80717e+08	2.78217e+08	2.7759e+08
P09394	P09394		glpQ		5.60877e+06	5.47105e+06	5.35252e+06	5.3781e+06	5.41247e+06	5.35321e+06
P09424	P09424		mtlD		2.20949e+06	2.18691e+06	2.13256e+06	2.16899e+06	2.20985e+06	2.14115e+06
P09546	P09546		putA		3.60793e+06	3.78177e+06	3.67334e+06	3.69413e+06	3.51678e+06	3.67325e+06
P09549	P09549		dedD		1.55209e+06	1.49383e+06	1.4741e+06	1.46592e+06	1.57227e+06	1.41687e+06
P09551	P09551		argT		753383	851240	736687	807616	825322	874646
P09831	P09831		gltB		5.34367e+06	5.33837e+06	5.31256e+06	5.39566e+06	5.39045e+06	5.47121e+06
P09832	P09832		gltD		2.18744e+06	2.24407e+06	2.20047e+06	2.22616e+06	2.20917e+06	2.24181e+06
P0A698	P0A698		uvrA		6.21781e+06	6.2711e+06	6.15886e+06	6.21487e+06	6.15693e+06	6.24966e+06
P0A6A0	P0A6A0		ubiB		1.64716e+06	1.68111e+06	1.71542e+06	1.67947e+06	1.74467e+06	1.72378e+06
P0A6A3	P0A6A3		ackA		9.48593e+07	9.51469e+07	9.44908e+07	9.3278e+07	9.11986e+07	9.27707e+07
P0A6A8	P0A6A8		acpP		1.50085e+08	1.50909e+08	1.43174e+08	1.4397e+08	1.41136e+08	1.46007e+08
P0A6B4	P0A6B4		alr		2.80875e+06	2.88336e+06	2.87543e+06	2.83896e+06	2.88567e+06	2.8332e+06
P0A6B7	P0A6B7		iscS		1.76556e+07	1.76015e+07	1.76088e+07	1.71029e+07	1.74668e+07	1.74164e+07
P0A6C1	P0A6C1		nfo		2.34791e+06	2.31446e+06	2.36189e+06	2.2208e+06	2.35362e+06	2.25621e+06
P0A6D0	P0A6D0		argR		1.27733e+06	1.27526e+06	1.21015e+06	1.29197e+06	1.07159e+06	1.24681e+06
P0A6D3	P0A6D3		aroA		5.40656e+06	5.21785e+06	5.44245e+06	5.47943e+06	5.41165e+06	5.31018e+06
P0A6D7	P0A6D7		aroK		7.95861e+06	7.93508e+06	7.85543e+06	7.83581e+06	7.86271e+06	7.7909e+06
P0A6E1	P0A6E1		aroL		117229	212828	134270	119629	123869	121308
P0A6E4	P0A6E4		argG		1.21599e+06	1.33765e+06	1.2815e+06	1.22672e+06	1.27571e+06	1.30321e+06
P0A6E6	P0A6E6		atpC		1.07563e+07	1.07476e+07	1.11547e+07	1.01532e+07	1.02534e+07	1.00271e+07
P0A6E9	P0A6E9		bioD2		6.62841e+06	6.31216e+06	6.39036e+06	6.31478e+06	6.2146e+06	6.42353e+06
P0A6F1	P0A6F1		carA		1.07647e+07	1.11977e+07	1.0869e+07	1.08341e+07	1.05101e+07	1.0865e+07
P0A6F3	P0A6F3		glpK		3.97244e+06	4.04122e+06	4.0151e+06	3.9958e+06	3.95716e+06	3.96586e+06
P0A6F5	P0A6F5		groL		1.10005e+08	1.08981e+08	1.10753e+08	1.05612e+08	1.06094e+08	1.05946e+08
P0A6F9	P0A6F9		groS		9.35502e+07	9.3552e+07	9.14359e+07	7.07355e+07	7.30767e+07	6.9268e+07
P0A6G3	P0A6G3		pncC		2.19656e+06	2.20596e+06	2.26704e+06	2.29499e+06	2.30495e+06	2.23446e+06
P0A6G7	P0A6G7		clpP		2.04724e+07	2.04104e+07	2.05375e+07	2.10006e+07	1.97765e+07	2.02143e+07
P0A6H1	P0A6H1		clpX		1.84415e+07	1.86574e+07	1.82098e+07	1.81562e+07	1.81295e+07	1.82206e+07
P0A6H5	P0A6H5		hslU		2.36874e+07	2.33867e+07	2.37008e+07	2.30717e+07	2.30617e+07	2.33394e+07
P0A6H8	P0A6H8		cls		590073	617595	665134	642829	608531	598309
P0A6I0	P0A6I0		cmk		1.03067e+07	1.03845e+07	1.00863e+07	1.07611e+07	1.03557e+07	9.96521e+06
P0A6I3	P0A6I3		coaA		3.70304e+06	3.69277e+06	3.70107e+06	3.4183e+06	3.31272e+06	3.6075e+06
P0A6I6	P0A6I6		coaD		1.15017e+06	1.2292e+06	1.08197e+06	989345	1.08272e+06	1.11088e+06
P0A6I9	P0A6I9		coaE		1.63753e+06	1.39836e+06	1.3772e+06	1.41685e+06	1.61272e+06	1.12408e+06
P0A6J1	P0A6J1		cysC		3.35163e+06	3.4425e+06	3.4899e+06	3.41569e+06	3.5503e+06	3.54146e+06
P0A6J8	P0A6J8		ddlA		1.11034e+07	1.10902e+07	1.09375e+07	1.08096e+07	1.10339e+07	1.11349e+07
P0A6K1	P0A6K1		dapF		749950	641842	599966	718721	607585	697703
P0A6K3	P0A6K3		def		1.00685e+07	1.00794e+07	1.00704e+07	9.81366e+06	1.01291e+07	1.01578e+07
P0A6K6	P0A6K6		deoB		1.94943e+07	1.92216e+07	1.9603e+07	1.88568e+07	1.8921e+07	1.94208e+07
P0A6L0	P0A6L0		deoC		1.18208e+07	1.17081e+07	1.2219e+07	1.18747e+07	1.19491e+07	1.19466e+07
P0A6L2	P0A6L2		dapA		2.2174e+07	2.24823e+07	2.153e+07	2.20533e+07	2.2111e+07	2.19738e+07
P0A6L4	P0A6L4		nanA		1.02616e+06	932345	1.18824e+06	865134	899960	1.18292e+06
P0A6L7	P0A6L7		uxaB		1.38792e+06	1.43724e+06	1.48162e+06	1.4753e+06	1.47799e+06	1.52131e+06
P0A6L9	P0A6L9		hscB		5.41329e+06	5.41256e+06	5.27946e+06	5.42259e+06	5.65489e+06	5.53737e+06
P0A6M4	P0A6M4		dtd		2.25429e+06	2.48082e+06	2.40067e+06	2.26335e+06	2.07016e+06	2.24862e+06
P0A6M8	P0A6M8		fusA		1.5605e+08	1.54694e+08	1.55681e+08	1.47174e+08	1.47037e+08	1.45458e+08
P0A6N4	P0A6N4		efp		7.15202e+07	7.23579e+07	7.02022e+07	6.86934e+07	6.6165e+07	6.92631e+07
P0A6N8	P0A6N8		yeiP		1.43342e+07	1.53862e+07	1.45733e+07	1.49961e+07	1.5205e+07	1.5383e+07
P0A6P1	P0A6P1		tsf		2.06869e+08	2.07196e+08	2.02633e+08	1.87543e+08	1.87155e+08	1.90946e+08
P0A6P5	P0A6P5		der		4.64733e+06	4.55765e+06	4.70452e+06	4.70789e+06	4.73833e+06	4.81034e+06
P0A6P7	P0A6P7		engB		8.6274e+06	8.64138e+06	8.84842e+06	8.66271e+06	8.55904e+06	9.02503e+06
P0A6P9	P0A6P9		eno		1.45636e+08	1.47222e+08	1.43779e+08	1.35843e+08	1.39239e+08	1.39532e+08
P0A6Q3	P0A6Q3		fabA		1.49334e+07	1.46661e+07	1.50285e+07	1.47357e+07	1.46731e+07	1.39913e+07
P0A6Q6	P0A6Q6		fabZ		2.52368e+07	2.6847e+07	2.54364e+07	2.74264e+07	2.80222e+07	2.72445e+07
P0A6R0	P0A6R0		fabH		1.73151e+07	1.7417e+07	1.77758e+07	1.80313e+07	1.88445e+07	1.82141e+07
P0A6R3	P0A6R3		fis		6.36934e+06	6.02571e+06	5.88386e+06	6.33172e+06	6.18297e+06	5.8158e+06
P0A6S0	P0A6S0		flgH		2.76167e+06	2.72831e+06	2.72373e+06	2.69192e+06	2.80414e+06	2.6493e+06
P0A6S5	P0A6S5		ftsB		841859	695924	785441	683126	643698	752154
P0A6S7	P0A6S7		gpsA		5.10393e+06	5.07779e+06	5.05024e+06	5.0404e+06	5.09298e+06	5.12215e+06
P0A6T1	P0A6T1		pgi		3.20419e+07	3.25873e+07	3.17908e+07	3.18323e+07	3.21233e+07	3.17853e+07
P0A6T3	P0A6T3		galK		4.65051e+06	4.64025e+06	4.63588e+06	4.5941e+06	4.62798e+06	4.53043e+06
P0A6T5	P0A6T5		folE		4.28628e+06	4.27874e+06	4.39573e+06	4.40486e+06	4.70792e+06	4.40046e+06
P0A6T9	P0A6T9		gcvH		1.99358e+06	2.02068e+06	1.97281e+06	1.93662e+06	2.01257e+06	2.18953e+06
P0A6U3	P0A6U3		mnmG		6.69655e+06	6.93159e+06	6.61899e+06	6.6287e+06	6.67119e+06	6.47274e+06
P0A6U5	P0A6U5		rsmG		5.79419e+06	5.88044e+06	5.8035e+06	5.97278e+06	6.02975e+06	6.13553e+06
P0A6U8	P0A6U8		glgA		3.20703e+06	3.08404e+06	3.0596e+06	3.24041e+06	3.22452e+06	3.13199e+06
P0A6V1	P0A6V1		glgC		7.32013e+06	7.54174e+06	7.32414e+06	7.21599e+06	7.32528e+06	7.31702e+06
P0A6V8	P0A6V8		glk		9.86132e+06	9.66566e+06	9.63064e+06	9.92316e+06	9.77604e+06	1.01684e+07
P0A6W0	P0A6W0		glsA2		1.56691e+06	1.54627e+06	1.6546e+06	1.46586e+06	1.34102e+06	1.47205e+06
P0A6W3	P0A6W3		mraY		1.28236e+06	1.28e+06	1.34858e+06	1.22865e+06	1.35957e+06	1.25878e+06
P0A6W5	P0A6W5		greA		1.93497e+07	1.9107e+07	1.97791e+07	1.95638e+07	1.96703e+07	1.8847e+07
P0A6W9	P0A6W9		gshA		5.48084e+06	5.48255e+06	5.30883e+06	5.0996e+06	5.3329e+06	5.40702e+06
P0A6X1	P0A6X1		hemA		379002	362502	381788	285454	293450	349474
P0A6X3	P0A6X3		hfq		1.08009e+06	1.12554e+06	1.00403e+06	1.0352e+06	1.16337e+06	1.13791e+06
P0A6X7	P0A6X7		ihfA		4.98956e+07	5.08563e+07	5.08389e+07	5.04916e+07	5.05359e+07	5.32538e+07
P0A6Y1	P0A6Y1		ihfB		1.19606e+07	1.1883e+07	1.14685e+07	1.12562e+07	1.17762e+07	1.20387e+07
P0A6Y5	P0A6Y5		hslO		5.55492e+06	5.76908e+06	5.89751e+06	5.97597e+06	5.99663e+06	6.01885e+06
P0A6Y8	P0A6Y8		dnaK		4.82441e+07	4.89178e+07	4.78379e+07	4.78153e+07	4.7873e+07	4.76653e+07
P0A6Z1	P0A6Z1		hscA		5.04603e+06	5.0903e+06	4.86136e+06	4.61048e+06	4.56207e+06	4.65373e+06
P0A6Z3	P0A6Z3		htpG		2.62996e+07	2.63656e+07	2.63915e+07	2.6393e+07	2.60241e+07	2.66583e+07
P0A6Z6	P0A6Z6		nikR		1.34194e+06	1.40059e+06	1.25779e+06	1.13497e+06	1.20482e+06	1.30095e+06
P0A705	P0A705		infB		2.1619e+07	2.15787e+07	2.17907e+07	2.14844e+07	2.1197e+07	2.20074e+07
P0A707	P0A707		infC		4.92549e+07	5.01552e+07	5.01011e+07	4.98353e+07	4.897e+07	4.50771e+07
P0A715	P0A715		kdsA		2.33147e+07	2.37688e+07	2.27862e+07	2.33912e+07	2.36506e+07	2.3703e+07
P0A717	P0A717		prs		5.24622e+07	5.07682e+07	4.98215e+07	4.88439e+07	4.79419e+07	4.92498e+07
P0A720	P0A720		tmk		2.99786e+06	3.08273e+06	3.09638e+06	3.14074e+06	3.15633e+06	3.24936e+06
P0A722	P0A722		lpxA		1.20572e+07	1.22487e+07	1.19413e+07	1.20681e+07	1.1783e+07	1.23676e+07
P0A725	P0A725		lpxC		812976	1.02909e+06	919297	671957	988755	957271
P0A729	P0A729		yceF		2.25691e+06	2.38039e+06	2.2576e+06	2.26463e+06	2.3543e+06	2.37277e+06
P0A731	P0A731		mgsA		3.70428e+06	3.70673e+06	3.90854e+06	3.48887e+06	3.4838e+06	3.72827e+06
P0A734	P0A734		minE		3.56142e+07	3.5714e+07	3.73356e+07	3.52277e+07	3.54849e+07	3.43226e+07
P0A738	P0A738		moaC		2.32157e+06	2.27623e+06	2.27204e+06	2.48753e+06	2.41375e+06	2.21931e+06
P0A744	P0A744		msrA		5.8124e+06	6.10504e+06	5.99655e+06	5.87732e+06	6.13934e+06	5.84747e+06
P0A746	P0A746		msrB		1.17709e+06	1.19585e+06	1.22606e+06	986263	1.14948e+06	1.08806e+06
P0A749	P0A749		murA		9.49932e+06	9.47593e+06	9.86338e+06	8.8916e+06	9.45452e+06	9.82816e+06
P0A752	P0A752		nadD		547905	654648	649094	656576	538192	657394
P0A759	P0A759		nagB		4.98899e+06	4.95498e+06	4.90727e+06	5.15805e+06	5.03798e+06	4.84777e+06
P0A763	P0A763		ndk		1.61263e+07	1.52915e+07	1.56417e+07	1.48565e+07	1.52129e+07	1.4804e+07
P0A780	P0A780		nusB		1.30673e+07	1.31503e+07	1.28009e+07	1.37965e+07	1.37745e+07	1.39656e+07
P0A784	P0A784		orn		2.73407e+06	2.72093e+06	2.80377e+06	2.5734e+06	2.62296e+06	2.52687e+06
P0A786	P0A786		pyrB		2.80177e+06	2.75128e+06	2.73642e+06	2.77009e+06	2.75441e+06	2.85095e+06
P0A790	P0A790		panD		7.92681e+06	7.83317e+06	7.513e+06	6.76085e+06	7.92203e+06	7.46343e+06
P0A794	P0A794		pdxJ		6.55155e+06	6.81185e+06	6.88545e+06	6.51953e+06	6.42111e+06	6.67688e+06
P0A796	P0A796		pfkA		2.25585e+07	2.20844e+07	2.20639e+07	2.18431e+07	2.1495e+07	2.12442e+07
P0A799	P0A799		pgk		1.75956e+08	1.75055e+08	1.72542e+08	1.65867e+08	1.65109e+08	1.63031e+08
P0A7A2	P0A7A2		gpmB		5.34801e+06	5.45068e+06	4.93234e+06	4.64471e+06	4.88313e+06	4.98705e+06
P0A7A5	P0A7A5		pcm		1.06272e+06	1.06109e+06	1.08122e+06	1.11419e+06	1.00161e+06	1.08374e+06
P0A7A7	P0A7A7		plsB		3.20881e+06	3.17837e+06	3.13837e+06	3.24414e+06	3.33212e+06	3.20362e+06
P0A7A9	P0A7A9		ppa		8.69111e+07	8.73492e+07	8.90097e+07	8.67647e+07	8.84012e+07	8.57327e+07
P0A7B1	P0A7B1		ppk		1.59051e+06	1.53764e+06	1.63351e+06	1.49125e+06	1.42574e+06	1.58152e+06
P0A7B5	P0A7B5		proB		4.92196e+06	4.90619e+06	5.02783e+06	4.8522e+06	4.70872e+06	4.84196e+06
P0A7B8	P0A7B8		hslV		1.59779e+07	1.53446e+07	1.44563e+07	1.42838e+07	1.40258e+07	1.44179e+07
P0A7C2	P0A7C2		lexA		4.88458e+06	4.97062e+06	4.93344e+06	4.8367e+06	4.84426e+06	4.9416e+06
P0A7C6	P0A7C6		pepE		5.98992e+06	5.96327e+06	5.69027e+06	5.82119e+06	5.72909e+06	5.7555e+06
P0A7D1	P0A7D1		pth		5.64834e+06	5.61465e+06	5.61151e+06	5.25143e+06	5.22086e+06	5.22043e+06
P0A7D4	P0A7D4		purA		3.81723e+07	3.76767e+07	3.85235e+07	3.74806e+07	3.7885e+07	3.83451e+07
P0A7D7	P0A7D7		purC		1.01116e+07	1.00521e+07	9.82404e+06	1.00886e+07	1.0261e+07	1.0403e+07
P0A7E1	P0A7E1		pyrD		7.19334e+06	7.22839e+06	7.3314e+06	7.68044e+06	7.33248e+06	7.45124e+06
P0A7E3	P0A7E3		pyrE		4.92706e+06	4.91203e+06	4.79584e+06	5.01608e+06	4.87633e+06	4.95676e+06
P0A7E5	P0A7E5		pyrG		1.58702e+07	1.60196e+07	1.57826e+07	1.57701e+07	1.55374e+07	1.61401e+07
P0A7E9	P0A7E9		pyrH		8.20084e+06	8.59757e+06	8.23828e+06	7.5815e+06	7.58708e+06	7.8386e+06
P0A7F3	P0A7F3		pyrI		2.13404e+06	2.25484e+06	2.24009e+06	2.20611e+06	2.26562e+06	2.31985e+06
P0A7F6	P0A7F6		speD		2.12451e+06	2.0971e+06	1.99421e+06	1.85331e+06	1.8312e+06	2.0138e+06
P0A7F9	P0A7F9		queA		3.90379e+06	3.67268e+06	3.95348e+06	3.81172e+06	3.8435e+06	3.85901e+06
P0A7G2	P0A7G2		rbfA		2.61069e+07	2.65051e+07	2.74989e+07	2.50019e+07	2.52204e+07	2.44598e+07
P0A7G6	P0A7G6		recA		1.16126e+07	1.19831e+07	1.15109e+07	1.1535e+07	1.16552e+07	1.12138e+07
P0A7H6	P0A7H6		recR		734961	693589	646451	769372	769847	878250
P0A7I0	P0A7I0		prfA		4.25368e+06	4.3075e+06	4.44427e+06	4.40836e+06	4.48423e+06	4.38473e+06
P0A7I4	P0A7I4		prfC		9.53062e+06	9.39616e+06	9.51851e+06	9.50903e+06	9.4681e+06	9.36257e+06
P0A7I7	P0A7I7		ribA		1.00585e+07	1.02006e+07	9.76595e+06	9.14392e+06	9.68191e+06	9.83014e+06
P0A7J0	P0A7J0		ribB		1.32119e+07	1.35342e+07	1.31444e+07	1.29631e+07	1.30426e+07	1.31747e+07
P0A7J3	P0A7J3		rplJ		5.38709e+08	5.29403e+08	5.27992e+08	5.47764e+08	5.45296e+08	5.35969e+08
P0A7J7	P0A7J7		rplK		1.52285e+08	1.48312e+08	1.47332e+08	1.46047e+08	1.46803e+08	1.53769e+08
P0A7K2	P0A7K2		rplL		2.08752e+08	2.08428e+08	2.07186e+08	2.09991e+08	2.12868e+08	2.17122e+08
P0A7K6	P0A7K6		rplS		6.76177e+07	6.82345e+07	6.48653e+07	6.34587e+07	6.32221e+07	6.18917e+07
P0A7L0	P0A7L0		rplA		1.75921e+08	1.74565e+08	1.7395e+08	1.56325e+08	1.55694e+08	1.5459e+08
P0A7L3	P0A7L3		rplT		4.35969e+07	4.20085e+07	4.25951e+07	4.25199e+07	4.11786e+07	4.15126e+07
P0A7L8	P0A7L8		rpmA		1.2212e+08	1.25384e+08	1.25426e+08	1.15184e+08	1.19175e+08	1.1911e+08
P0A7M2	P0A7M2		rpmB		8.0917e+07	7.90386e+07	7.63166e+07	8.1265e+07	7.87033e+07	7.98046e+07
P0A7M6	P0A7M6		rpmC		2.60395e+07	2.6461e+07	2.52482e+07	2.66912e+07	2.74421e+07	2.77208e+07
P0A7M9	P0A7M9		rpmE		3.01179e+07	3.10814e+07	3.03047e+07	3.0469e+07	3.0513e+07	2.98699e+07
P0A7N4	P0A7N4		rpmF		4.83358e+07	4.87844e+07	4.58369e+07	4.47499e+07	4.3736e+07	4.54656e+07
P0A7N9	P0A7N9		rpmG		1.2598e+08	1.2501e+08	1.27168e+08	1.21374e+08	1.08493e+08	1.22882e+08
P0A7P5	P0A7P5		rpmH		2.79888e+07	2.79899e+07	2.64852e+07	2.70205e+07	2.83406e+07	2.69854e+07
P0A7Q1	P0A7Q1		rpmI		7.80435e+06	7.57361e+06	7.43967e+06	7.88284e+06	7.76616e+06	7.64514e+06
P0A7R1	P0A7R1		rplI		3.1646e+08	3.08231e+08	3.00842e+08	2.93603e+08	2.87029e+08	2.88471e+08
P0A7R5	P0A7R5		rpsJ		1.68976e+08	1.72585e+08	1.74941e+08	1.53465e+08	1.51139e+08	1.53425e+08
P0A7R9	P0A7R9		rpsK		1.14923e+08	1.14692e+08	1.13016e+08	1.06659e+08	1.04265e+08	1.05065e+08
P0A7S3	P0A7S3		rpsL		8.07171e+07	8.07126e+07	8.04464e+07	7.66023e+07	7.14637e+07	7.56899e+07
P0A7S9	P0A7S9		rpsM		3.83785e+07	3.79261e+07	3.79169e+07	3.84152e+07	3.89933e+07	3.80446e+07
P0A7T3	P0A7T3		rpsP		5.33452e+07	5.3959e+07	5.22189e+07	4.9244e+07	4.95685e+07	4.77385e+07
P0A7T7	P0A7T7		rpsR		5.72385e+07	5.66494e+07	5.89831e+07	5.59809e+07	5.77831e+07	5.70778e+07
P0A7U3	P0A7U3		rpsS		1.13081e+08	1.16699e+08	1.17898e+08	1.01296e+08	9.99384e+07	9.64849e+07
P0A7U7	P0A7U7		rpsT		3.01889e+07	2.92615e+07	2.90485e+07	2.96138e+07	2.96046e+07	2.99452e+07
P0A7V0	P0A7V0		rpsB		1.53239e+08	1.54476e+08	1.54089e+08	1.47734e+08	1.51971e+08	1.46542e+08
P0A7V3	P0A7V3		rpsC		9.51962e+07	9.33704e+07	9.20846e+07	8.96835e+07	9.07282e+07	8.82862e+07
P0A7V8	P0A7V8		rpsD		1.94772e+08	1.98338e+08	1.92576e+08	1.96203e+08	1.9829e+08	1.99918e+08
P0A7W1	P0A7W1		rpsE		1.46693e+08	1.44152e+08	1.38684e+08	1.30982e+08	1.30836e+08	1.2853e+08
P0A7W7	P0A7W7		rpsH		4.03574e+07	3.96907e+07	3.85004e+07	3.80411e+07	3.75949e+07	3.67908e+07
P0A7X3	P0A7X3		rpsI		6.5695e+07	6.52344e+07	6.6728e+07	6.63793e+07	6.46397e+07	6.60867e+07
P0A7X6	P0A7X6		rimM		6.43987e+06	6.22463e+06	6.43743e+06	6.37467e+06	6.28376e+06	6.35486e+06
P0A7Y0	P0A7Y0		rnc		9.71224e+06	9.8215e+06	9.39711e+06	9.79247e+06	9.74381e+06	9.60453e+06
P0A7Y8	P0A7Y8		rnpA		4.89814e+06	4.93185e+06	5.09804e+06	5.21726e+06	4.96993e+06	4.7264e+06
P0A7Z0	P0A7Z0		rpiA		1.87349e+07	1.87675e+07	1.89318e+07	1.93245e+07	1.88025e+07	1.87443e+07
P0A7Z4	P0A7Z4		rpoA		1.13184e+08	1.11913e+08	1.12869e+08	1.07684e+08	1.05582e+08	1.06502e+08
P0A800	P0A800		rpoZ		4.71389e+07	4.80996e+07	4.52347e+07	4.13351e+07	4.24144e+07	4.19637e+07
P0A805	P0A805		frr		3.26457e+07	3.39207e+07	3.17771e+07	3.42869e+07	3.34343e+07	3.35874e+07
P0A809	P0A809		ruvA		576208	634471	500830	542072	535387	554642
P0A812	P0A812		ruvB		1.17127e+06	1.17196e+06	1.13771e+06	1.19395e+06	1.21694e+06	1.21812e+06
P0A817	P0A817		metK		2.74933e+07	2.7203e+07	2.68402e+07	2.5711e+07	2.52477e+07	2.61053e+07
P0A821	P0A821		selA		1.43349e+06	1.4093e+06	1.41211e+06	1.37614e+06	1.42515e+06	1.40945e+06
P0A823	P0A823		sfsA		874791	779118	853440	826767	796597	856325
P0A825	P0A825		glyA		2.94443e+07	2.92954e+07	2.94589e+07	2.81731e+07	2.7965e+07	2.84645e+07
P0A832	P0A832		smpB		4.91033e+06	5.11371e+06	5.23936e+06	5.48416e+06	5.53667e+06	5.10378e+06
P0A836	P0A836		sucC		6.07499e+06	6.0664e+06	5.85351e+06	5.82837e+06	5.79758e+06	5.9594e+06
P0A840	P0A840		surE		1.50065e+06	1.53614e+06	1.49805e+06	1.52841e+06	1.57197e+06	1.558e+06
P0A843	P0A843		tatE		8.22696e+06	8.73328e+06	8.08131e+06	8.55572e+06	8.43976e+06	8.47685e+06
P0A847	P0A847		tgt		3.7813e+06	3.76462e+06	3.64941e+06	3.72537e+06	3.90439e+06	3.79784e+06
P0A850	P0A850		tig		1.36249e+08	1.33903e+08	1.33154e+08	1.29477e+08	1.32151e+08	1.30124e+08
P0A853	P0A853		tnaA		3.53709e+06	3.4598e+06	3.50354e+06	3.48346e+06	3.43307e+06	3.42662e+06
P0A855	P0A855		tolB		1.12796e+07	1.13482e+07	1.12369e+07	1.06088e+07	1.08288e+07	1.09544e+07
P0A858	P0A858		tpiA		7.22011e+07	7.16447e+07	7.19945e+07	7.22563e+07	7.06339e+07	6.86785e+07
P0A862	P0A862		tpx		2.65533e+07	2.65832e+07	2.68978e+07	2.69752e+07	2.69699e+07	2.72753e+07
P0A867	P0A867		talA		4.50204e+06	4.67374e+06	4.60639e+06	4.45057e+06	4.42326e+06	4.52417e+06
P0A870	P0A870		talB		4.79453e+07	4.74399e+07	4.79562e+07	4.6085e+07	4.69396e+07	4.71386e+07
P0A873	P0A873		trmD		4.11144e+06	4.35653e+06	4.17057e+06	4.40848e+06	4.27673e+06	4.36097e+06
P0A877	P0A877		trpA		1.53268e+06	1.51225e+06	1.49853e+06	1.61327e+06	1.56646e+06	1.53853e+06
P0A879	P0A879		trpB		689495	665770	701383	623406	634118	654466
P0A881	P0A881		trpR		2.18607e+06	2.14472e+06	2.1886e+06	2.21003e+06	2.0815e+06	2.11333e+06
P0A884	P0A884		thyA		5.79998e+06	5.82441e+06	5.58281e+06	5.86701e+06	5.84894e+06	5.88851e+06
P0A887	P0A887		ubiE		9.13023e+06	9.32259e+06	8.89304e+06	8.78297e+06	8.7196e+06	8.58939e+06
P0A890	P0A890		tusA		2.20438e+06	2.18237e+06	2.29331e+06	2.12572e+06	2.07072e+06	2.13807e+06
P0A894	P0A894		yhbJ		1.41009e+06	1.45302e+06	1.4526e+06	1.39486e+06	1.36528e+06	1.42636e+06
P0A898	P0A898		ybeY		3.57655e+06	3.58843e+06	3.42514e+06	3.42436e+06	3.37864e+06	3.18136e+06
P0A8A0	P0A8A0		yebC		3.45761e+06	3.41982e+06	3.24257e+06	3.48259e+06	3.41859e+06	3.71245e+06
P0A8A2	P0A8A2		yeeN		9.02282e+06	9.31572e+06	9.27937e+06	8.86299e+06	9.02039e+06	9.38688e+06
P0A8A4	P0A8A4		ppsR		2.16406e+06	2.09451e+06	2.12344e+06	2.21254e+06	2.15696e+06	2.05182e+06
P0A8A8	P0A8A8		rimP		387396	383857	351028	275957	283786	317965
P0A8B2	P0A8B2		yfcN		1.63634e+06	1.66295e+06	1.62808e+06	1.5987e+06	1.77489e+06	1.73586e+06
P0A8B5	P0A8B5		ybaB		1.56324e+06	1.63356e+06	1.76514e+06	1.63927e+06	1.60884e+06	1.51112e+06
P0A8C1	P0A8C1		ybjQ		1.43174e+06	1.3397e+06	1.74856e+06	1.59892e+06	1.47296e+06	1.86605e+06
P0A8C4	P0A8C4		ygfB		3.56531e+06	3.49748e+06	3.58326e+06	3.52917e+06	3.64137e+06	3.66376e+06
P0A8D0	P0A8D0		nrdR		1.46562e+06	1.44697e+06	1.48918e+06	1.49789e+06	1.46287e+06	1.46634e+06
P0A8D3	P0A8D3		yaiI		1.97048e+06	1.99207e+06	1.92332e+06	1.87702e+06	1.92656e+06	1.84866e+06
P0A8D6	P0A8D6		ymdB		1.82755e+06	1.72709e+06	1.677e+06	1.70373e+06	1.72974e+06	1.77245e+06
P0A8E1	P0A8E1		ycfP		9.23191e+06	9.15402e+06	9.01707e+06	9.67504e+06	9.53266e+06	9.17046e+06
P0A8E7	P0A8E7		yajQ		1.56205e+07	1.59739e+07	1.53224e+07	1.51422e+07	1.52682e+07	1.49382e+07
P0A8F0	P0A8F0		upp		3.09173e+07	3.13258e+07	3.12136e+07	3.04872e+07	3.09378e+07	3.02097e+07
P0A8F4	P0A8F4		udk		7.47348e+06	7.53595e+06	7.5522e+06	7.6988e+06	7.99999e+06	7.94938e+06
P0A8F8	P0A8F8		uvrB		1.87835e+06	2.01844e+06	1.89634e+06	1.93797e+06	1.93631e+06	1.83055e+06
P0A8G0	P0A8G0		uvrC		557069	477268	502835	496401	569543	490250
P0A8G3	P0A8G3		uxaC		1.8167e+06	1.86757e+06	1.80896e+06	1.82312e+06	1.84796e+06	1.89372e+06
P0A8G6	P0A8G6		wrbA		9.13e+06	9.14202e+06	9.42117e+06	9.30103e+06	9.36739e+06	9.28355e+06
P0A8G9	P0A8G9		xseB		9.27215e+06	8.74355e+06	8.65536e+06	9.81094e+06	9.83266e+06	1.0181e+07
P0A8H8	P0A8H8		yacG		2.17283e+06	2.14914e+06	2.09914e+06	2.18292e+06	2.18832e+06	2.02544e+06
P0A8I1	P0A8I1		yqgF		1.46823e+06	1.53827e+06	1.48955e+06	1.3502e+06	1.44072e+06	1.3931e+06
P0A8I3	P0A8I3		yaaA		3.47018e+06	3.49355e+06	3.5074e+06	3.52638e+06	3.57031e+06	3.43947e+06
P0A8I5	P0A8I5		trmB		6.1852e+06	5.90344e+06	6.03246e+06	6.22013e+06	5.95998e+06	6.06862e+06
P0A8I8	P0A8I8		rlmH		2.76175e+06	2.58156e+06	2.77918e+06	2.66965e+06	2.6481e+06	2.6616e+06
P0A8J2	P0A8J2		dnaT		1.08851e+06	1.13845e+06	1.0583e+06	1.54328e+06	1.6738e+06	1.51041e+06
P0A8J4	P0A8J4		ybeD		1.18072e+07	1.22792e+07	1.27742e+07	1.23036e+07	1.24294e+07	1.20145e+07
P0A8J8	P0A8J8		rhlB		5.31427e+06	5.33376e+06	5.17702e+06	5.08394e+06	5.27563e+06	5.2596e+06
P0A8K1	P0A8K1		psd		4.31244e+06	4.41921e+06	4.07061e+06	4.45434e+06	4.43777e+06	4.50772e+06
P0A8K5	P0A8K5		yaeP		1.56497e+06	1.51448e+06	1.56213e+06	1.44861e+06	1.5044e+06	1.38392e+06
P0A8L1	P0A8L1		serS		3.36313e+07	3.32361e+07	3.24675e+07	3.417e+07	3.27579e+07	3.2921e+07
P0A8L5	P0A8L5		ycgN		1.23701e+06	1.16417e+06	1.0526e+06	1.08948e+06	1.07154e+06	1.24432e+06
P0A8L7	P0A8L7		yciU		2.57169e+06	2.78525e+06	1.82237e+06	2.67541e+06	2.45232e+06	2.67418e+06
P0A8M0	P0A8M0		asnS		2.85594e+07	2.87295e+07	2.82293e+07	2.87473e+07	2.88613e+07	2.88091e+07
P0A8M3	P0A8M3		thrS		1.16026e+07	1.17379e+07	1.17037e+07	1.16096e+07	1.12434e+07	1.16994e+07
P0A8M6	P0A8M6		yeeX		7.83446e+06	8.36197e+06	7.21981e+06	7.79501e+06	8.17656e+06	7.99379e+06
P0A8N0	P0A8N0		matP		1.3482e+07	1.17007e+07	1.31739e+07	1.27825e+07	1.2442e+07	1.30859e+07
P0A8N3	P0A8N3		lysS		3.82921e+07	3.78663e+07	3.77312e+07	3.70794e+07	3.82235e+07	3.78521e+07
P0A8N5	P0A8N5		lysU		2.0267e+07	2.0442e+07	2.02431e+07	1.96707e+07	1.95183e+07	1.99641e+07
P0A8N7	P0A8N7		epmA		3.08111e+06	3.20053e+06	3.09749e+06	3.22649e+06	3.22468e+06	3.09153e+06
P0A8P3	P0A8P3		yggX		2.09836e+07	2.12055e+07	2.06612e+07	2.14383e+07	2.16762e+07	2.17416e+07
P0A8Q0	P0A8Q0		frdC		2.91632e+06	3.00074e+06	2.99629e+06	3.10594e+06	2.93097e+06	2.70221e+06
P0A8Q6	P0A8Q6		clpS		1.40275e+06	1.61536e+06	1.48773e+06	1.22093e+06	1.45261e+06	1.38958e+06
P0A8R0	P0A8R0		rraA		2.05278e+07	1.94641e+07	2.00131e+07	1.9076e+07	1.96618e+07	1.97827e+07
P0A8R9	P0A8R9		hdfR		1.06687e+06	1.02183e+06	1.02838e+06	985290	1.04753e+06	1.03268e+06
P0A8S1	P0A8S1		iciA		2.83539e+06	2.94251e+06	2.95415e+06	3.08397e+06	3.24426e+06	3.03573e+06
P0A8T1	P0A8T1		prmA		8.28649e+06	7.92777e+06	8.40249e+06	8.13835e+06	7.17287e+06	6.40283e+06
P0A8T7	P0A8T7		rpoC		5.48383e+07	5.46016e+07	5.44348e+07	5.33295e+07	5.40463e+07	5.33795e+07
P0A8U0	P0A8U0		syd		346933	458085	517336	541578	537748	493528
P0A8U6	P0A8U6		metJ		8.71116e+06	8.7263e+06	8.88806e+06	8.80476e+06	8.85857e+06	8.60296e+06
P0A8V0	P0A8V0		rbn		393995	431965	424772	451036	435141	
P0A8V2	P0A8V2		rpoB		6.74535e+07	6.76845e+07	6.66776e+07	6.45806e+07	6.599e+07	6.63958e+07
P0A8V6	P0A8V6		fadR		6.65006e+06	7.03049e+06	6.92494e+06	6.97615e+06	7.13485e+06	6.67882e+06
P0A8W0	P0A8W0		nanR		2.86002e+06	2.85056e+06	2.71436e+06	2.85183e+06	2.87628e+06	3.02463e+06
P0A8W2	P0A8W2		slyA		1.07844e+07	1.10468e+07	1.06581e+07	1.06042e+07	1.11822e+07	1.10616e+07
P0A8W5	P0A8W5		yqgE		3.03608e+06	2.96998e+06	2.92661e+06	3.14662e+06	3.16374e+06	3.18662e+06
P0A8W8	P0A8W8		yfbU		1.79363e+07	1.81658e+07	1.82734e+07	1.84509e+07	1.83769e+07	1.84765e+07
P0A8X0	P0A8X0		yjgA		6.49184e+06	6.57479e+06	6.44699e+06	6.45242e+06	6.39611e+06	6.29769e+06
P0A8X2	P0A8X2		yceI		1.15629e+06	1.09528e+06	1.10349e+06	1.11033e+06	1.15766e+06	1.19058e+06
P0A8Y1	P0A8Y1		yjjG		1.22132e+06	1.27267e+06	1.22402e+06	1.32215e+06	1.41933e+06	1.34226e+06
P0A8Y3	P0A8Y3		yihX		3.17497e+06	3.17329e+06	3.09099e+06	3.25812e+06	3.24273e+06	3.19652e+06
P0A8Y5	P0A8Y5		yidA		4.78909e+06	5.07827e+06	4.88404e+06	4.84059e+06	5.02484e+06	5.25171e+06
P0A8Z0	P0A8Z0		yciA		2.30427e+06	2.35557e+06	2.38132e+06	2.41647e+06	2.23193e+06	2.48237e+06
P0A8Z3	P0A8Z3		ybgC		4.022e+06	3.94268e+06	4.35875e+06	3.79193e+06	2.6555e+06	3.85332e+06
P0A8Z7	P0A8Z7		yqiA		281908	242108	288423	437060	391375	410231
P0A901	P0A901		blc		1.03298e+06	983669	933586	937644	1.02038e+06	1.10667e+06
P0A903	P0A903		bamC		2.51039e+07	2.48669e+07	2.43417e+07	2.50534e+07	2.53264e+07	2.40994e+07
P0A905	P0A905		slyB		3.14415e+07	3.04487e+07	3.06207e+07	2.95962e+07	2.9576e+07	2.90612e+07
P0A908	P0A908		mipA		2.18116e+06	2.03575e+06	2.09501e+06	1.93811e+06	1.98237e+06	1.95834e+06
P0A910	P0A910		ompA		6.62602e+08	6.67806e+08	6.48944e+08	6.44319e+08	6.3563e+08	6.2278e+08
P0A912	P0A912		pal		4.07e+07	4.08266e+07	4.10342e+07	4.02779e+07	4.01777e+07	4.06247e+07
P0A915	P0A915		ompW		1.55846e+07	1.537e+07	1.61413e+07	1.46389e+07	1.50776e+07	1.49433e+07
P0A917	P0A917		ompX		1.46633e+07	1.45302e+07	1.39043e+07	1.39876e+07	1.39656e+07	1.38832e+07
P0A921	P0A921		pldA		1.86151e+06	1.84603e+06	1.71391e+06	1.69567e+06	1.7177e+06	1.48166e+06
P0A927	P0A927		tsx		1.01333e+07	9.9928e+06	1.00781e+07	9.96873e+06	9.62972e+06	9.25908e+06
P0A932	P0A932		gfcE		1.75397e+07	1.77114e+07	1.78272e+07	1.75198e+07	1.72282e+07	1.68109e+07
P0A935	P0A935		mltA		5.75707e+06	6.10999e+06	5.69441e+06	6.13923e+06	5.77757e+06	5.6158e+06
P0A937	P0A937		bamE		9.08428e+06	8.98854e+06	8.89848e+06	8.32277e+06	8.08315e+06	8.45126e+06
P0A940	P0A940		bamA		1.42093e+07	1.4411e+07	1.38111e+07	1.35273e+07	1.39966e+07	1.37353e+07
P0A944	P0A944		rimI		883473	866772	700987	821718	851730	853151
P0A948	P0A948		rimJ		462268	463057	449737	459616	505159	378474
P0A951	P0A951		speG		1.06258e+06	1.18841e+06	1.13664e+06	1.02794e+06	1.13582e+06	1.02546e+06
P0A953	P0A953		fabB		4.89757e+07	4.88509e+07	4.92769e+07	4.74693e+07	4.7296e+07	4.59154e+07
P0A955	P0A955		eda		2.99807e+07	3.0064e+07	3.01827e+07	2.95756e+07	2.8913e+07	2.93668e+07
P0A959	P0A959		alaA		2.13388e+06	2.09624e+06	2.14721e+06	2.08614e+06	2.06177e+06	1.927e+06
P0A962	P0A962		ansA		1.67743e+06	1.62613e+06	1.56876e+06	1.61958e+06	1.75501e+06	1.60214e+06
P0A964	P0A964		cheW		1.64293e+07	1.59788e+07	1.54275e+07	1.62934e+07	1.51607e+07	1.66023e+07
P0A968	P0A968		cspD		1.06685e+06	1.09178e+06	1.12116e+06	1.07346e+06	1.08417e+06	1.03816e+06
P0A972	P0A972		cspE		2.56603e+08	2.58101e+08	2.54592e+08	1.64245e+08	1.61792e+08	1.66973e+08
P0A978	P0A978		cspG		3.46967e+06	3.57508e+06	3.62905e+06	3.28401e+06	3.43209e+06	3.71738e+06
P0A988	P0A988		dnaN		4.66684e+06	4.67416e+06	4.58069e+06	4.69611e+06	4.62655e+06	4.58321e+06
P0A991	P0A991		fbaB		9.0185e+06	9.01708e+06	8.67751e+06	8.24586e+06	8.63518e+06	8.49173e+06
P0A993	P0A993		fbp		1.89011e+07	1.883e+07	1.93437e+07	1.93567e+07	1.87459e+07	1.91532e+07
P0A996	P0A996		glpC		3.11488e+06	3.16585e+06	3.27601e+06	3.11561e+06	3.23036e+06	3.11584e+06
P0A998	P0A998		ftnA		4.23593e+07	4.30884e+07	4.33663e+07	4.23249e+07	4.33444e+07	4.13213e+07
P0A9A2	P0A9A2		ftnB		889865	995837	689513	1.06068e+06	1.05539e+06	1.05211e+06
P0A9A6	P0A9A6		ftsZ		1.57462e+07	1.5653e+07	1.57134e+07	1.55808e+07	1.55431e+07	1.59602e+07
P0A9A9	P0A9A9		fur		1.87031e+07	1.86205e+07	1.83216e+07	1.9131e+07	1.9096e+07	1.98837e+07
P0A9B2	P0A9B2		gapA		3.76691e+08	3.76821e+08	3.73154e+08	3.46613e+08	3.53777e+08	3.49787e+08
P0A9B6	P0A9B6		epd		1.72191e+06	1.7084e+06	1.59473e+06	1.7451e+06	1.65168e+06	1.81197e+06
P0A9C0	P0A9C0		glpA		2.26388e+06	2.22737e+06	2.18992e+06	2.10585e+06	2.14281e+06	2.14155e+06
P0A9C3	P0A9C3		galM		6.54962e+06	6.52156e+06	6.31422e+06	6.57452e+06	6.46991e+06	6.44608e+06
P0A9C5	P0A9C5		glnA		4.35947e+07	4.45155e+07	4.36671e+07	4.13973e+07	4.35517e+07	4.28526e+07
P0A9C9	P0A9C9		glpX		5.59633e+06	5.49036e+06	5.56517e+06	5.42549e+06	5.40925e+06	5.73748e+06
P0A9D2	P0A9D2		gstA		7.4613e+06	7.20317e+06	7.51422e+06	7.81382e+06	7.56023e+06	7.57366e+06
P0A9D4	P0A9D4		cysE		2.99222e+06	3.17245e+06	3.17091e+06	3.07221e+06	3.01273e+06	2.96015e+06
P0A9D8	P0A9D8		dapD		3.62135e+07	3.6642e+07	3.56805e+07	3.66436e+07	3.67927e+07	3.59843e+07
P0A9E5	P0A9E5		fnr		8.05322e+06	8.57633e+06	7.92475e+06	7.55075e+06	7.94551e+06	7.57577e+06
P0A9F1	P0A9F1		mntR		1.0468e+06	1.04141e+06	1.08354e+06	1.06361e+06	882175	1.09396e+06
P0A9F3	P0A9F3		cysB		3.73894e+06	3.79463e+06	3.69302e+06	3.79704e+06	4.00789e+06	3.76577e+06
P0A9F6	P0A9F6		gcvA		174286	230397	176761	183898	193646	210167
P0A9G2	P0A9G2		nhaR		1.27371e+06	1.30561e+06	1.34292e+06	1.15973e+06	1.113e+06	1.21606e+06
P0A9G4	P0A9G4		cueR		431916	466022	559009	550811	622952	597960
P0A9G6	P0A9G6		aceA		6.83868e+06	6.80995e+06	6.43137e+06	6.64246e+06	6.63401e+06	6.64685e+06
P0A9G8	P0A9G8		modE		3.24932e+06	3.18103e+06	3.17958e+06	3.17659e+06	3.32624e+06	3.02088e+06
P0A9H1	P0A9H1		mug		2.9166e+06	3.07185e+06	3.05794e+06	2.99554e+06	2.9954e+06	3.02678e+06
P0A9H5	P0A9H5		btuR		900959	845031	877145	839470	770977	707176
P0A9H7	P0A9H7		cfa		3.27286e+06	3.29616e+06	3.22427e+06	3.17792e+06	3.20471e+06	3.29509e+06
P0A9H9	P0A9H9		cheZ		2.07614e+06	2.20015e+06	2.09495e+06	2.10314e+06	2.25001e+06	2.11729e+06
P0A9I1	P0A9I1		citE		6.40892e+06	6.86537e+06	6.48899e+06	6.33017e+06	6.47216e+06	6.38578e+06
P0A9I3	P0A9I3		gcvR		2.33808e+06	2.38113e+06	2.35577e+06	2.33299e+06	2.30394e+06	2.22009e+06
P0A9I8	P0A9I8		nirD		2.8873e+06	2.92535e+06	2.8006e+06	2.98989e+06	2.86498e+06	2.85875e+06
P0A9J0	P0A9J0		rng		2.75269e+06	2.85831e+06	2.70384e+06	2.66792e+06	2.70965e+06	2.5837e+06
P0A9J4	P0A9J4		panE		2.86699e+06	3.05341e+06	2.69411e+06	2.62179e+06	2.88472e+06	2.59168e+06
P0A9J6	P0A9J6		rbsK		4.07433e+06	3.80762e+06	3.87592e+06	3.68806e+06	3.68002e+06	3.9778e+06
P0A9J8	P0A9J8		pheA		1.99713e+06	1.88718e+06	1.94052e+06	2.1074e+06	2.11216e+06	2.20707e+06
P0A9K3	P0A9K3		ybeZ		6.1984e+06	6.29409e+06	6.24458e+06	5.96898e+06	5.97416e+06	6.03498e+06
P0A9K7	P0A9K7		phoU		4.49576e+06	4.66601e+06	4.59114e+06	4.92149e+06	5.1242e+06	4.8846e+06
P0A9K9	P0A9K9		slyD		9.33967e+07	9.27045e+07	9.15321e+07	8.87848e+07	8.53796e+07	8.52674e+07
P0A9L3	P0A9L3		fklB		1.99463e+07	1.97196e+07	2.01632e+07	2.09994e+07	2.08454e+07	2.1067e+07
P0A9L5	P0A9L5		ppiC		2.86336e+06	2.8011e+06	2.66195e+06	2.40287e+06	2.44515e+06	2.5145e+06
P0A9L8	P0A9L8		proC		3.17593e+06	3.00669e+06	3.1803e+06	3.31433e+06	2.84906e+06	2.84059e+06
P0A9M0	P0A9M0		lon		1.09604e+07	1.09455e+07	1.08436e+07	1.04072e+07	1.0375e+07	1.0636e+07
P0A9M2	P0A9M2		hpt		5.90025e+06	5.95717e+06	6.02204e+06	6.10718e+06	6.26342e+06	6.16148e+06
P0A9M5	P0A9M5		gpt		8.85313e+07	8.40551e+07	8.70548e+07	8.37212e+07	8.27752e+07	8.57199e+07
P0A9M8	P0A9M8		pta		3.89035e+07	3.7923e+07	3.94279e+07	3.80551e+07	3.7771e+07	3.78093e+07
P0A9N4	P0A9N4		pflA		5.0312e+06	5.05372e+06	5.12191e+06	5.21328e+06	5.10529e+06	5.09286e+06
P0A9N8	P0A9N8		nrdG		468646	421815	433292	461925	510471	451932
P0A9P0	P0A9P0		lpdA		3.33067e+07	3.32228e+07	3.30544e+07	3.18597e+07	3.18226e+07	3.12642e+07
P0A9P4	P0A9P4		trxB		9.7833e+06	1.00502e+07	9.9575e+06	9.99001e+06	9.78872e+06	9.85656e+06
P0A9P6	P0A9P6		deaD		1.04747e+07	1.05688e+07	1.04964e+07	1.04947e+07	1.03313e+07	1.04011e+07
P0A9Q1	P0A9Q1		arcA		2.43303e+07	2.43909e+07	2.36455e+07	2.41162e+07	2.37405e+07	2.31146e+07
P0A9Q5	P0A9Q5		accD		2.45917e+07	2.49717e+07	2.44907e+07	2.43096e+07	2.40252e+07	2.42423e+07
P0A9Q7	P0A9Q7		adhE		1.99873e+08	2.0065e+08	1.98517e+08	1.94444e+08	1.93597e+08	1.92404e+08
P0A9Q9	P0A9Q9		asd		2.02503e+07	2.03687e+07	2.0237e+07	2.0096e+07	2.05228e+07	1.98295e+07
P0A9R4	P0A9R4		fdx		8.05564e+06	8.39204e+06	8.04131e+06	8.35765e+06	8.43104e+06	8.37888e+06
P0A9R7	P0A9R7		ftsE		2.91807e+06	2.96418e+06	2.90411e+06	2.94071e+06	2.88213e+06	2.95344e+06
P0A9S1	P0A9S1		fucO		626600	658249	656034	628243	626441	630941
P0A9S5	P0A9S5		gldA		1.55168e+07	1.55383e+07	1.53454e+07	1.56186e+07	1.56214e+07	1.65183e+07
P0A9T0	P0A9T0		serA		7.09195e+06	6.97423e+06	7.0509e+06	7.14922e+06	7.2978e+06	7.29484e+06
P0A9T4	P0A9T4		tas		9.65632e+06	9.39441e+06	9.37036e+06	9.70185e+06	9.49547e+06	9.16466e+06
P0A9T6	P0A9T6		ybaQ		1.20154e+06	1.38398e+06	1.29383e+06	1.17613e+06	1.33644e+06	1.23488e+06
P0A9T8	P0A9T8		ybbA		799266	767848	790542	817840	910746	776434
P0A9U1	P0A9U1		ybhF		899755	840676	715275	777179	744716	780115
P0A9U3	P0A9U3		ybiT		6.22512e+06	6.28336e+06	6.23402e+06	6.06934e+06	6.13132e+06	6.15694e+06
P0A9V1	P0A9V1		lptB		5.10277e+06	4.90342e+06	4.96906e+06	5.01847e+06	4.8859e+06	4.99783e+06
P0A9W0	P0A9W0		ulaR		1.13688e+06	1.18625e+06	1.23694e+06	1.19405e+06	1.44585e+06	1.33482e+06
P0A9W3	P0A9W3		yjjK		8.8114e+06	8.95351e+06	8.59007e+06	8.97447e+06	8.76854e+06	8.68629e+06
P0A9W6	P0A9W6		yrbA		1.14765e+07	1.13538e+07	1.15697e+07	1.18148e+07	1.16884e+07	1.19596e+07
P0A9W9	P0A9W9		yrdA		5.31873e+06	5.20074e+06	5.29399e+06	5.37984e+06	5.278e+06	5.49983e+06
P0A9X4	P0A9X4		mreB		2.80313e+07	2.78209e+07	2.7588e+07	2.77696e+07	2.75709e+07	2.85498e+07
P0A9X9	P0A9X9		cspA		3.2844e+07	3.31209e+07	3.24383e+07	3.09942e+07	3.15871e+07	3.24679e+07
P0A9Y6	P0A9Y6		cspC		2.0752e+08	2.0828e+08	2.0734e+08	1.98469e+08	1.974e+08	2.05659e+08
P0A9Z1	P0A9Z1		glnB		1.40812e+07	1.42176e+07	1.38781e+07	1.33709e+07	1.31688e+07	1.32609e+07
P0AA04	P0AA04		ptsH		6.27948e+07	6.25297e+07	6.41262e+07	4.16858e+07	4.09875e+07	3.95659e+07
P0AA10	P0AA10		rplM		7.05971e+07	7.25966e+07	7.04441e+07	6.81977e+07	6.69279e+07	6.62319e+07
P0AA16	P0AA16		ompR		8.06528e+06	8.11037e+06	8.24501e+06	8.01713e+06	8.00458e+06	7.90322e+06
P0AA25	P0AA25		trxA		2.79856e+07	2.82779e+07	2.86926e+07	2.8514e+07	2.85733e+07	2.94359e+07
P0AA31	P0AA31		yedF		3.89536e+06	4.09232e+06	4.12896e+06	3.74802e+06	3.90095e+06	3.62434e+06
P0AA39	P0AA39		rluC		998466	906184	914497	1.00273e+06	937989	915734
P0AA43	P0AA43		rsuA		4.93049e+06	4.87167e+06	4.89829e+06	4.62303e+06	4.76222e+06	4.56373e+06
P0AA53	P0AA53		qmcA		1.77311e+06	2.18276e+06	2.02315e+06	1.92657e+06	2.09572e+06	2.02089e+06
P0AA86	P0AA86		dsbE		3.44481e+06	3.19213e+06	3.40008e+06	3.37724e+06	3.36658e+06	3.32579e+06
P0AA91	P0AA91		yeaY		1.50283e+06	1.46094e+06	1.51733e+06	1.45881e+06	1.54482e+06	1.52081e+06
P0AA93	P0AA93		ypdA		384156	402408	350898	401854	396063	433957
P0AA95	P0AA95		yacC		1.24884e+06	1.12674e+06	1.23654e+06	1.18787e+06	1.16738e+06	1.17451e+06
P0AA97	P0AA97		yaeQ		1.25023e+06	1.12279e+06	1.13279e+06	1.02703e+06	1.2227e+06	1.19463e+06
P0AAA1	P0AAA1		yagU		3.61556e+06	3.68727e+06	3.83827e+06	3.97289e+06	3.45464e+06	3.60548e+06
P0AAB4	P0AAB4		ubiD		1.82134e+06	1.8624e+06	1.80302e+06	1.79026e+06	1.74533e+06	1.74167e+06
P0AAB6	P0AAB6		galF		1.34326e+07	1.35347e+07	1.35715e+07	1.38639e+07	1.3512e+07	1.32988e+07
P0AAB8	P0AAB8		uspD		3.96909e+06	3.74753e+06	3.94123e+06	3.65712e+06	3.93065e+06	4.10639e+06
P0AAC0	P0AAC0		uspE		5.50272e+06	5.55584e+06	5.34137e+06	5.17257e+06	5.0862e+06	5.12157e+06
P0AAC8	P0AAC8		iscA		6.91846e+06	6.80008e+06	6.89874e+06	7.04418e+06	6.94956e+06	7.31819e+06
P0AAD6	P0AAD6		sdaC		699619	599524	697534	790785	775911	815277
P0AAF6	P0AAF6		artP		1.11613e+06	998883	1.19873e+06	1.09745e+06	1.04117e+06	1.00861e+06
P0AAG3	P0AAG3		gltL		553623	550418	393918	505647	492421	605988
P0AAH0	P0AAH0		pstB		1.01977e+06	1.00308e+06	1.0254e+06	1.01731e+06	1.00887e+06	855932
P0AAH8	P0AAH8		sapF		508482	590663	551695	613355	513389	592338
P0AAI3	P0AAI3		ftsH		1.2048e+07	1.21196e+07	1.1744e+07	1.16293e+07	1.15996e+07	1.19236e+07
P0AAI5	P0AAI5		fabF		3.31066e+07	3.37851e+07	3.34872e+07	3.19486e+07	3.28814e+07	3.27313e+07
P0AAI9	P0AAI9		fabD		9.78733e+06	9.95162e+06	9.76207e+06	1.00508e+07	1.02481e+07	1.01547e+07
P0AAJ3	P0AAJ3		fdnH		4.47507e+06	4.39564e+06	4.51259e+06	4.53317e+06	4.29618e+06	4.2864e+06
P0AAJ5	P0AAJ5		fdoH		3.98238e+06	4.04985e+06	3.82549e+06	3.8986e+06	3.60673e+06	3.86083e+06
P0AAJ8	P0AAJ8		hybA		1.87587e+06	1.96932e+06	1.99076e+06	1.87766e+06	1.90727e+06	1.87874e+06
P0AAK1	P0AAK1		hycB		1.38562e+06	1.37444e+06	1.46677e+06	1.54146e+06	1.57058e+06	1.47879e+06
P0AAL3	P0AAL3		napG		2.22368e+06	2.43165e+06	2.1565e+06	2.44142e+06	2.14082e+06	2.29095e+06
P0AAN1	P0AAN1		hybE		1.0579e+06	1.07094e+06	1.09975e+06	1.09729e+06	1.13011e+06	1.00199e+06
P0AAN3	P0AAN3		hypB		2.52596e+06	2.58077e+06	2.6069e+06	2.60304e+06	2.57675e+06	2.6719e+06
P0AAN5	P0AAN5		yaiA		1.41223e+06	1.33922e+06	1.31388e+06	1.38719e+06	1.28436e+06	1.16713e+06
P0AAN9	P0AAN9		iraP		475626	613063	575917	620335	727477	662687
P0AAP3	P0AAP3		frmR		3.27351e+06	3.15227e+06	3.12764e+06	3.10738e+06	3.26074e+06	3.38812e+06
P0AAQ2	P0AAQ2		yajD		4.61325e+06	4.77596e+06	4.61618e+06	4.59765e+06	4.4557e+06	5.02026e+06
P0AAR3	P0AAR3		ybaK		5.59379e+06	5.83712e+06	5.81848e+06	5.32205e+06	5.81293e+06	5.93982e+06
P0AAS0	P0AAS0		ylaC		367606	319828	344757	417697	308655	302462
P0AAS7	P0AAS7		ybcJ		2.6043e+06	2.64702e+06	2.64639e+06	2.60197e+06	2.60472e+06	2.6541e+06
P0AAT2	P0AAT2		ybdF		646440	620828	620302	575492	650447	584624
P0AAT4	P0AAT4		mscM		1.91899e+06	1.98589e+06	1.98551e+06	1.91347e+06	1.90722e+06	1.88021e+06
P0AAT6	P0AAT6		rsfS		2.92073e+06	2.99286e+06	2.84194e+06	3.04663e+06	2.99511e+06	2.96421e+06
P0AAT9	P0AAT9		ybeL		7.74359e+06	7.59831e+06	7.48708e+06	7.18062e+06	7.16873e+06	7.49789e+06
P0AAU7	P0AAU7		ybfE		1.42205e+06	1.34307e+06	1.49939e+06	1.41673e+06	1.45768e+06	1.50871e+06
P0AAV4	P0AAV4		ybgJ		1.13487e+06	1.19649e+06	1.17292e+06	1.23066e+06	1.22206e+06	1.21883e+06
P0AAX8	P0AAX8		ybiS		4.73941e+06	4.68768e+06	4.71683e+06	4.61293e+06	4.59749e+06	4.5558e+06
P0AAZ4	P0AAZ4		rarA		1.50984e+06	1.57218e+06	1.57566e+06	1.45489e+06	1.51431e+06	1.62748e+06
P0AAZ7	P0AAZ7		ycaR		6.90995e+06	6.70626e+06	6.75131e+06	6.98812e+06	6.93961e+06	7.03493e+06
P0AB03	P0AB03		ycbJ		707876	586370	712468	842722	857506	634141
P0AB10	P0AB10		ymbA		677103	550167	736255	452653	581915	547900
P0AB12	P0AB12		yccF		651601	879798	802924	785449	669354	701336
P0AB14	P0AB14		yccJ		2.73353e+06	2.86434e+06	2.732e+06	2.91267e+06	3.13211e+06	3.03874e+06
P0AB18	P0AB18		tusE		1.54872e+06	1.69973e+06	1.6101e+06	1.43118e+06	1.40105e+06	1.42948e+06
P0AB24	P0AB24		efeO		4.00043e+06	3.94847e+06	3.97785e+06	4.16159e+06	3.8883e+06	3.88201e+06
P0AB26	P0AB26		yceB		2.42611e+06	2.49623e+06	2.41892e+06	2.42093e+06	2.3642e+06	2.06008e+06
P0AB28	P0AB28		yceD		8.99812e+06	9.00735e+06	8.89726e+06	8.98838e+06	8.87642e+06	8.91673e+06
P0AB38	P0AB38		lpoB		6.14709e+06	6.01241e+06	6.38832e+06	4.70932e+06	4.71184e+06	4.69304e+06
P0AB43	P0AB43		ycgL		1.02342e+06	957749	959360	1.14579e+06	1.06603e+06	1.0489e+06
P0AB46	P0AB46		ymgD		1.99531e+06	1.89274e+06	1.89988e+06	1.98087e+06	1.75921e+06	1.85534e+06
P0AB52	P0AB52		ychN		2.62949e+06	2.498e+06	2.56333e+06	2.50723e+06	2.4967e+06	2.3929e+06
P0AB55	P0AB55		yciI		3.98385e+06	3.9389e+06	3.98883e+06	3.78511e+06	4.04945e+06	3.88388e+06
P0AB61	P0AB61		yciN		4.80826e+06	4.89258e+06	4.97565e+06	5.06251e+06	4.99754e+06	5.09916e+06
P0AB67	P0AB67		pntB		1.92842e+06	2.03869e+06	1.98539e+06	2.00995e+06	1.89672e+06	1.80797e+06
P0AB71	P0AB71		fbaA		1.24564e+08	1.24872e+08	1.25523e+08	1.18565e+08	1.21907e+08	1.19325e+08
P0AB77	P0AB77		kbl		1.76424e+07	1.7827e+07	1.74672e+07	1.74235e+07	1.73022e+07	1.74604e+07
P0AB80	P0AB80		ilvE		7.1399e+06	7.23244e+06	7.01776e+06	7.35299e+06	7.20639e+06	7.15152e+06
P0AB83	P0AB83		nth		1.48034e+06	1.57111e+06	1.48867e+06	1.15598e+06	1.65523e+06	1.46687e+06
P0AB89	P0AB89		purB		9.98338e+06	1.02805e+07	1.02365e+07	9.7741e+06	9.89972e+06	9.83009e+06
P0AB91	P0AB91		aroG		3.21691e+06	3.35864e+06	3.3775e+06	3.30654e+06	3.07619e+06	3.23739e+06
P0AB96	P0AB96		arsC		386911	396490	293382	384791	343060	440828
P0AB98	P0AB98		atpB		214547	147175	202097			
P0ABA0	P0ABA0		atpF		2.92926e+07	2.90902e+07	2.92419e+07	2.88094e+07	2.84446e+07	2.93331e+07
P0ABA4	P0ABA4		atpH		2.13225e+07	2.10505e+07	2.10376e+07	2.12885e+07	2.17268e+07	2.1659e+07
P0ABA6	P0ABA6		atpG		3.2007e+07	3.21375e+07	3.10988e+07	3.13644e+07	3.32022e+07	3.28572e+07
P0ABB0	P0ABB0		atpA		7.41346e+07	7.44395e+07	7.34462e+07	7.28343e+07	7.19972e+07	7.34153e+07
P0ABB4	P0ABB4		atpD		6.79567e+07	6.75582e+07	6.71603e+07	6.62344e+07	6.59475e+07	6.69316e+07
P0ABB8	P0ABB8		mgtA		966767	1.07508e+06	909296	1.04459e+06	811399	1.08251e+06
P0ABC3	P0ABC3		hflC		1.18893e+07	1.20265e+07	1.20889e+07	1.18116e+07	1.16978e+07	1.16886e+07
P0ABC7	P0ABC7		hflK		1.3995e+07	1.4212e+07	1.43799e+07	1.401e+07	1.42973e+07	1.44737e+07
P0ABD3	P0ABD3		bfr		6.90879e+06	7.11539e+06	7.09375e+06	7.26174e+06	7.11247e+06	7.51536e+06
P0ABD5	P0ABD5		accA		1.39859e+07	1.36599e+07	1.35039e+07	1.37487e+07	1.38582e+07	1.37374e+07
P0ABD8	P0ABD8		accB		3.65068e+07	3.55101e+07	3.46116e+07	3.45651e+07	3.34367e+07	3.50391e+07
P0ABE2	P0ABE2		bolA		2.29102e+06	2.39152e+06	2.30081e+06	2.30999e+06	2.36471e+06	2.52044e+06
P0ABF1	P0ABF1		pcnB		2.61064e+06	2.71769e+06	2.55245e+06	2.73408e+06	2.71094e+06	2.74859e+06
P0ABF6	P0ABF6		cdd		7.29117e+06	7.39956e+06	7.25677e+06	7.15184e+06	7.29795e+06	7.12884e+06
P0ABG4	P0ABG4		ftsW		266140	233015	278517	268477	332644	313182
P0ABH0	P0ABH0		ftsA		2.91574e+06	2.97938e+06	2.75242e+06	2.7088e+06	2.72609e+06	2.69186e+06
P0ABH7	P0ABH7		gltA		1.09093e+07	1.06346e+07	1.06663e+07	1.06708e+07	1.07583e+07	1.05843e+07
P0ABH9	P0ABH9		clpA		1.00149e+07	1.02605e+07	1.02108e+07	1.0103e+07	1.02666e+07	1.01752e+07
P0ABI4	P0ABI4		corA		1.85336e+06	1.78073e+06	1.77665e+06	1.81226e+06	1.76568e+06	1.82e+06
P0ABI8	P0ABI8		cyoB		2.60484e+06	2.67254e+06	2.38328e+06	2.81172e+06	2.60304e+06	2.62221e+06
P0ABJ1	P0ABJ1		cyoA		2.29345e+06	2.49409e+06	2.449e+06	2.293e+06	2.33558e+06	2.31801e+06
P0ABJ9	P0ABJ9		cydA		2.62431e+07	2.58475e+07	2.5617e+07	2.62052e+07	2.58656e+07	2.51887e+07
P0ABK2	P0ABK2		cydB		6.18307e+06	6.53795e+06	6.14683e+06	6.89062e+06	6.30118e+06	6.20091e+06
P0ABK5	P0ABK5		cysK		3.33746e+07	3.29629e+07	3.27715e+07	3.17822e+07	3.1515e+07	3.24427e+07
P0ABL5	P0ABL5		napC		653023	668286	718549	509188	683201	743225
P0ABN1	P0ABN1		dgkA		451347	344789	378249	448799	434532	394346
P0ABN5	P0ABN5		dcuA		1.41545e+07	1.40094e+07	1.37485e+07	1.34871e+07	1.33307e+07	1.39843e+07
P0ABN9	P0ABN9		dcuB		6.87362e+06	7.24699e+06	6.71628e+06	7.02176e+06	6.79229e+06	7.19522e+06
P0ABP8	P0ABP8		deoD		5.51693e+07	5.52354e+07	5.53644e+07	5.5707e+07	5.51915e+07	5.51774e+07
P0ABQ0	P0ABQ0		coaBC		2.73064e+06	2.79132e+06	2.78135e+06	3.03159e+06	2.85359e+06	2.4237e+06
P0ABQ2	P0ABQ2		garR		2.80199e+06	2.85205e+06	2.63733e+06	2.9696e+06	2.94652e+06	3.37194e+06
P0ABQ4	P0ABQ4		folA		2.5247e+06	2.47229e+06	2.62777e+06	2.58854e+06	2.51726e+06	2.53386e+06
P0ABS1	P0ABS1		dksA		2.41391e+07	2.34478e+07	2.27402e+07	2.29736e+07	2.24697e+07	2.34079e+07
P0ABS5	P0ABS5		dnaG		846552	894125	918298	933431	1.09714e+06	838553
P0ABT2	P0ABT2		dps		4.64712e+07	4.70409e+07	4.62393e+07	4.62526e+07	4.78518e+07	4.76888e+07
P0ABT5	P0ABT5		dusB		631278	567473	609722	542685	741387	637525
P0ABU0	P0ABU0		menB		2.4793e+07	2.47098e+07	2.44052e+07	2.45878e+07	2.43144e+07	2.3359e+07
P0ABU2	P0ABU2		ychF		1.8933e+07	1.91427e+07	1.88812e+07	1.85964e+07	1.83995e+07	1.84294e+07
P0ABU5	P0ABU5		elbB		2.20066e+07	2.21406e+07	2.13946e+07	2.2073e+07	2.18516e+07	2.19026e+07
P0ABU7	P0ABU7		exbB		2.48231e+06	2.35023e+06	2.36784e+06	2.27027e+06	2.28559e+06	2.27319e+06
P0ABU9	P0ABU9		tolQ		2.02115e+06	1.99327e+06	1.97849e+06	1.96308e+06	2.06078e+06	1.99568e+06
P0ABV2	P0ABV2		exbD		2.25048e+06	2.23682e+06	2.23827e+06	2.29089e+06	2.29715e+06	2.2948e+06
P0ABV6	P0ABV6		tolR		7.42227e+06	7.45772e+06	7.3536e+06	8.05156e+06	7.57258e+06	7.89503e+06
P0ABX2	P0ABX2		flgC		1.14198e+06	1.06432e+06	1.09812e+06	1.14233e+06	1.19956e+06	1.20341e+06
P0ABX5	P0ABX5		flgG		1.32397e+06	1.15375e+06	1.30606e+06	1.43975e+06	1.28615e+06	1.37576e+06
P0ABX8	P0ABX8		fliL		2.95137e+06	2.91461e+06	2.60795e+06	2.56766e+06	2.69792e+06	2.58111e+06
P0ABZ1	P0ABZ1		fliG		2.70791e+06	2.63584e+06	2.64939e+06	2.71888e+06	2.77712e+06	2.74094e+06
P0ABZ4	P0ABZ4		kdsC		4.76168e+06	4.87179e+06	4.59284e+06	4.53238e+06	4.31154e+06	4.3684e+06
P0ABZ6	P0ABZ6		surA		1.25664e+07	1.21334e+07	1.20022e+07	1.21483e+07	1.22171e+07	1.24461e+07
P0AC02	P0AC02		bamD		2.32358e+07	2.2835e+07	2.28906e+07	2.2972e+07	2.22883e+07	2.30709e+07
P0AC13	P0AC13		folP		8.10515e+06	7.82274e+06	7.77198e+06	7.80227e+06	7.65008e+06	7.51579e+06
P0AC19	P0AC19		folX		5.95397e+06	5.75898e+06	5.90007e+06	5.72163e+06	5.69923e+06	5.56594e+06
P0AC28	P0AC28		ygfA		466486	443314	396336	398351	356416	408692
P0AC30	P0AC30		ftsX		2.21375e+06	2.26642e+06	2.33451e+06	2.27877e+06	2.14003e+06	2.32581e+06
P0AC33	P0AC33		fumA		2.372e+06	2.49895e+06	2.18647e+06	2.37225e+06	2.38325e+06	2.49876e+06
P0AC38	P0AC38		aspA		7.32708e+07	7.4171e+07	7.35038e+07	7.15956e+07	7.18298e+07	7.32509e+07
P0AC41	P0AC41		sdhA		4.1976e+06	4.04264e+06	4.14827e+06	4.2131e+06	4.61756e+06	4.191e+06
P0AC47	P0AC47		frdB		1.0132e+07	1.02762e+07	1.00435e+07	1.03212e+07	1.08232e+07	1.06089e+07
P0AC51	P0AC51		zur		1.90269e+06	1.9238e+06	1.9335e+06	1.89995e+06	1.97772e+06	2.01558e+06
P0AC53	P0AC53		zwf		1.23009e+07	1.24399e+07	1.22514e+07	1.22382e+07	1.24612e+07	1.24995e+07
P0AC59	P0AC59		grxB		7.88926e+06	8.29832e+06	8.06261e+06	7.59943e+06	7.66465e+06	7.43962e+06
P0AC62	P0AC62		grxC		2.1134e+07	2.15272e+07	2.07512e+07	2.06457e+07	2.06242e+07	1.95351e+07
P0AC69	P0AC69		grxD		2.60043e+07	2.48404e+07	2.50255e+07	2.4404e+07	2.49645e+07	2.4383e+07
P0AC75	P0AC75		waaA		2.61938e+06	2.32494e+06	2.74132e+06	2.733e+06	2.60916e+06	2.66706e+06
P0AC84	P0AC84		gloB		911953	873203	883649	849087	863308	923400
P0AC86	P0AC86		glgP		1.86295e+06	1.83657e+06	1.83408e+06	1.80417e+06	1.81328e+06	1.76365e+06
P0AC92	P0AC92		gnsA		6.10236e+06	5.77608e+06	5.80609e+06	6.22581e+06	6.0747e+06	6.10044e+06
P0ACA3	P0ACA3		sspA		3.11698e+07	3.09978e+07	3.11094e+07	3.12973e+07	3.23213e+07	3.08308e+07
P0ACA7	P0ACA7		gstB		2.46355e+06	2.47406e+06	2.5447e+06	2.43192e+06	2.46861e+06	2.42465e+06
P0ACB0	P0ACB0		dnaB		2.60485e+06	2.58074e+06	2.58006e+06	2.55301e+06	2.65063e+06	2.71542e+06
P0ACB2	P0ACB2		hemB		8.5027e+06	8.88469e+06	8.45974e+06	8.1054e+06	8.09462e+06	8.13835e+06
P0ACB4	P0ACB4		hemG		2.50857e+06	2.69835e+06	2.44572e+06	2.72995e+06	2.56594e+06	2.51684e+06
P0ACB7	P0ACB7		hemY		6.03555e+06	6.07207e+06	6.11764e+06	6.03526e+06	6.10632e+06	6.2617e+06
P0ACC3	P0ACC3		erpA		9.61992e+06	9.50771e+06	9.46806e+06	9.29716e+06	9.41413e+06	9.02494e+06
P0ACC7	P0ACC7		glmU		1.59466e+07	1.61317e+07	1.56529e+07	1.52995e+07	1.52304e+07	1.52036e+07
P0ACD4	P0ACD4		nifU		1.57655e+07	1.6317e+07	1.62667e+07	1.59489e+07	1.52309e+07	1.63969e+07
P0ACD8	P0ACD8		hyaB		5.52889e+06	5.46461e+06	5.48103e+06	5.46319e+06	5.60074e+06	5.68273e+06
P0ACE0	P0ACE0		hybC		1.0481e+07	1.03996e+07	1.0679e+07	1.03398e+07	1.04862e+07	1.04573e+07
P0ACE3	P0ACE3		hha		3.61306e+06	3.79492e+06	3.65956e+06	3.4061e+06	3.54306e+06	3.57879e+06
P0ACE7	P0ACE7		hinT		1.26439e+07	1.26553e+07	1.26652e+07	1.25653e+07	1.28385e+07	1.25354e+07
P0ACF0	P0ACF0		hupA		5.04771e+08	5.00431e+08	5.01307e+08	5.15355e+08	5.18043e+08	4.99373e+08
P0ACF4	P0ACF4		hupB		4.30098e+07	4.37586e+07	4.20082e+07	4.0089e+07	4.1315e+07	4.11411e+07
P0ACF8	P0ACF8		hns		5.52442e+07	5.63756e+07	5.66788e+07	5.40919e+07	5.42423e+07	5.43817e+07
P0ACG1	P0ACG1		stpA		1.32579e+07	1.31586e+07	1.3415e+07	1.27896e+07	1.30676e+07	1.27356e+07
P0ACI0	P0ACI0		rob		3.64315e+06	3.48808e+06	3.52467e+06	3.78694e+06	3.72744e+06	3.82282e+06
P0ACI6	P0ACI6		asnC		320008	252871	218798	342178	291238	306032
P0ACJ0	P0ACJ0		lrp		1.20503e+07	1.23667e+07	1.20682e+07	1.14023e+07	1.20938e+07	1.18087e+07
P0ACJ8	P0ACJ8		crp		2.7876e+07	2.79636e+07	2.72521e+07	2.8474e+07	2.79612e+07	2.7365e+07
P0ACK2	P0ACK2		agaR		1.1888e+06	1.06744e+06	1.04252e+06	1.13904e+06	1.13131e+06	1.18293e+06
P0ACL0	P0ACL0		glpR		2.06343e+06	2.12339e+06	2.19761e+06	1.95652e+06	2.0276e+06	2.12006e+06
P0ACL2	P0ACL2		exuR		2.8295e+06	2.81995e+06	2.67823e+06	2.61558e+06	2.71483e+06	2.84716e+06
P0ACL9	P0ACL9		pdhR		3.55927e+06	3.39484e+06	3.35902e+06	3.22076e+06	3.29714e+06	3.48084e+06
P0ACM2	P0ACM2		ydfH		748903	746771	703465	698332	725329	696992
P0ACN2	P0ACN2		ytfH		471940	456260	371323	550686	399755	379236
P0ACN4	P0ACN4		allR		1.2775e+07	1.15154e+07	1.13068e+07	1.08141e+07	1.10004e+07	1.15255e+07
P0ACN7	P0ACN7		cytR		1.47274e+06	1.53892e+06	1.57378e+06	1.33774e+06	1.27937e+06	1.49757e+06
P0ACP1	P0ACP1		cra		3.39976e+06	3.44997e+06	3.40333e+06	3.29798e+06	3.49297e+06	3.43873e+06
P0ACP5	P0ACP5		gntR		747097	805242	786174	726277	718584	725653
P0ACP7	P0ACP7		purR		4.99876e+06	5.00068e+06	4.92897e+06	5.00384e+06	5.19664e+06	5.11246e+06
P0ACQ4	P0ACQ4		oxyR		4.33918e+06	4.34538e+06	4.51264e+06	4.37083e+06	4.42194e+06	4.43768e+06
P0ACR4	P0ACR4		yeiE		2.73235e+06	2.75661e+06	2.75279e+06	2.65805e+06	2.7471e+06	2.75728e+06
P0ACR9	P0ACR9		mprA		8.60296e+06	8.68169e+06	8.63926e+06	8.89033e+06	8.9663e+06	9.43213e+06
P0ACS7	P0ACS7		rpiR		781991	795097	831270	845460	796719	808288
P0ACT6	P0ACT6		uidR		673067	616564	634738	631281	765045	693624
P0ACU0	P0ACU0		ybiH		522502	617082	588737	699622	672523	629304
P0ACU5	P0ACU5		fabR		3.18982e+06	3.24461e+06	3.16269e+06	3.10105e+06	3.17195e+06	3.23414e+06
P0ACU7	P0ACU7		yjdC		2.15061e+06	2.00931e+06	2.00565e+06	1.96591e+06	2.12319e+06	2.02073e+06
P0ACV8	P0ACV8		ymjA		628632	572125	548409	575996	614745	606930
P0ACX5	P0ACX5		ydhZ		2.41823e+06	2.53478e+06	2.39598e+06	2.55432e+06	2.2287e+06	2.0472e+06
P0ACY1	P0ACY1		ydjA		1.17772e+07	1.15724e+07	1.18751e+07	1.15783e+07	1.1623e+07	1.13542e+07
P0ACY3	P0ACY3		yeaG		1.46213e+06	1.48748e+06	1.4207e+06	1.42788e+06	1.3949e+06	1.33505e+06
P0ACY9	P0ACY9		yebG		699893	809757	788968	872514	799733	906236
P0ACZ2	P0ACZ2		etp		2.12237e+06	2.15274e+06	2.15021e+06	2.24517e+06	2.09951e+06	2.03581e+06
P0ACZ4	P0ACZ4		evgA		2.4644e+06	2.43821e+06	2.46004e+06	2.41873e+06	2.44104e+06	2.40937e+06
P0AD05	P0AD05		yecA		3.71561e+06	3.67056e+06	3.39032e+06	4.10474e+06	3.95798e+06	3.90032e+06
P0AD07	P0AD07		yecF		3.9663e+06	3.93639e+06	3.97938e+06	3.95309e+06	3.84497e+06	3.87353e+06
P0AD10	P0AD10		yecJ		3.66797e+06	3.70299e+06	3.65726e+06	3.78839e+06	3.73934e+06	3.56951e+06
P0AD12	P0AD12		yeeZ		1.06572e+07	1.0626e+07	1.0994e+07	1.05994e+07	1.06132e+07	1.09866e+07
P0AD24	P0AD24		yejL		4.08993e+06	4.47457e+06	4.29845e+06	4.14217e+06	3.53058e+06	4.27561e+06
P0AD33	P0AD33		yfcZ		4.70399e+07	4.78071e+07	4.69353e+07	4.56945e+07	4.5575e+07	4.87322e+07
P0AD37	P0AD37		yfeC		1.18862e+06	1.09631e+06	1.18806e+06	1.19467e+06	1.21303e+06	1.26746e+06
P0AD44	P0AD44		yfhG		1.10573e+06	1.17314e+06	1.02446e+06	1.11342e+06	1.08615e+06	1.06474e+06
P0AD49	P0AD49		raiA		8.26481e+06	8.396e+06	8.80522e+06	8.3071e+06	8.09152e+06	7.89708e+06
P0AD57	P0AD57		ispB		1.1994e+06	1.30273e+06	1.30281e+06	1.28271e+06	1.32059e+06	1.37671e+06
P0AD59	P0AD59		ivy		2.78695e+06	2.66725e+06	2.81878e+06	2.8585e+06	2.80218e+06	2.74459e+06
P0AD61	P0AD61		pykF		5.02058e+07	5.0418e+07	4.94368e+07	4.85459e+07	4.78723e+07	4.84898e+07
P0AD68	P0AD68		ftsI		1.61638e+06	1.6551e+06	1.54641e+06	1.50321e+06	1.5449e+06	1.34473e+06
P0ADA1	P0ADA1		tesA		915102	1.01149e+06	921598	1.08159e+06	879074	1.02102e+06
P0ADA3	P0ADA3		nlpD		6.37088e+06	6.51782e+06	6.53093e+06	6.7005e+06	6.61314e+06	6.77489e+06
P0ADA5	P0ADA5		yajG		1.39908e+07	1.37871e+07	1.47818e+07	1.39578e+07	1.45466e+07	1.44213e+07
P0ADA7	P0ADA7		osmB		2.07867e+06	1.96334e+06	1.94322e+06	1.93584e+06	1.7619e+06	1.35151e+06
P0ADB1	P0ADB1		osmE		2.72156e+07	2.78308e+07	2.75608e+07	2.78753e+07	2.77791e+07	2.66811e+07
P0ADB7	P0ADB7		ecnB		1.242e+07	1.23872e+07	1.36212e+07	1.24853e+07	1.16291e+07	1.20224e+07
P0ADC1	P0ADC1		lptE		1.09776e+06	1.1149e+06	1.14013e+06	1.21036e+06	1.22651e+06	1.16186e+06
P0ADC3	P0ADC3		lolC		2.06518e+06	2.18162e+06	2.21154e+06	2.13476e+06	1.99249e+06	2.38595e+06
P0ADC6	P0ADC6		lptG		904552	872181	967540	1.1506e+06	1.03299e+06	1.03144e+06
P0ADE4	P0ADE4		tamA		4.84708e+06	4.62733e+06	4.93247e+06	4.8098e+06	4.68029e+06	4.73567e+06
P0ADE6	P0ADE6		ygaU		853199	771698	747401	809595	787403	768330
P0ADE8	P0ADE8		ygfZ		1.03951e+07	1.04937e+07	1.08569e+07	1.09015e+07	1.0961e+07	1.05853e+07
P0ADF6	P0ADF6		edd		3.4145e+06	3.63068e+06	3.17719e+06	3.13238e+06	3.10239e+06	3.19774e+06
P0ADG4	P0ADG4		suhB		1.3269e+07	1.34231e+07	1.34891e+07	1.26752e+07	1.26529e+07	1.26663e+07
P0ADG7	P0ADG7		guaB		3.42727e+07	3.43023e+07	3.42863e+07	3.31621e+07	3.3486e+07	3.30153e+07
P0ADH5	P0ADH5		fimB		731947	762622	716268	728787	698433	732127
P0ADI4	P0ADI4		entB		1.11961e+06	1.14152e+06	1.01726e+06	1.2193e+06	1.15512e+06	1.0249e+06
P0ADI7	P0ADI7		yecD		8.11329e+06	7.98662e+06	7.77264e+06	7.3289e+06	7.53782e+06	7.29836e+06
P0ADK0	P0ADK0		yiaF		1.13383e+07	1.14145e+07	1.11706e+07	1.1701e+07	1.16365e+07	1.1375e+07
P0ADK8	P0ADK8		yibL		9.81706e+06	9.50267e+06	9.81058e+06	9.51677e+06	9.62536e+06	8.21524e+06
P0ADN2	P0ADN2		yifE		5.80492e+06	5.91246e+06	5.91916e+06	5.78676e+06	6.08985e+06	6.06008e+06
P0ADP0	P0ADP0		yigB		1.29332e+06	1.32703e+06	1.29404e+06	1.24439e+06	1.32195e+06	1.2738e+06
P0ADP7	P0ADP7		yigP		1.38121e+06	1.22954e+06	1.45585e+06	1.23617e+06	1.19595e+06	1.44345e+06
P0ADP9	P0ADP9		yihD		4.61284e+06	4.73593e+06	4.45058e+06	4.62915e+06	4.86375e+06	4.6901e+06
P0ADQ2	P0ADQ2		yiiD		7.88275e+06	7.83721e+06	8.1052e+06	7.91064e+06	7.74027e+06	8.09162e+06
P0ADQ7	P0ADQ7		ygaM		6.54345e+06	6.63236e+06	6.70142e+06	7.09678e+06	6.80606e+06	6.92846e+06
P0ADR6	P0ADR6		rlmM		3.51678e+06	3.33621e+06	3.53182e+06	3.50542e+06	3.74977e+06	3.46847e+06
P0ADR8	P0ADR8		ygdH		1.02563e+07	1.02199e+07	1.00337e+07	1.00504e+07	1.0181e+07	1.04046e+07
P0ADS2	P0ADS2		zapA		1.48232e+07	1.36039e+07	1.51016e+07	1.51292e+07	1.48158e+07	1.4858e+07
P0ADS6	P0ADS6		yggE		6.18334e+06	6.25477e+06	6.04639e+06	6.02818e+06	6.02233e+06	5.86211e+06
P0ADS9	P0ADS9		yggN		2.50427e+06	2.65104e+06	2.58273e+06	2.7317e+06	2.54282e+06	2.44375e+06
P0ADT2	P0ADT2		ygiB		943957	987787	951181	915849	844714	1.03971e+06
P0ADT5	P0ADT5		ygiC		3.09207e+06	3.22139e+06	3.0159e+06	3.17918e+06	3.11887e+06	3.13548e+06
P0ADT8	P0ADT8		ygiM		4.35038e+06	4.32474e+06	4.48026e+06	4.35042e+06	4.30892e+06	4.40424e+06
P0ADU2	P0ADU2		ygiN		9.29126e+06	9.51686e+06	9.42096e+06	9.39339e+06	9.54281e+06	9.49176e+06
P0ADU5	P0ADU5		ygiW		7.2736e+06	7.4487e+06	7.63595e+06	7.51167e+06	7.66647e+06	7.09778e+06
P0ADV1	P0ADV1		lptA		3.45427e+06	3.56062e+06	3.20227e+06	3.20156e+06	3.09142e+06	2.88899e+06
P0ADV5	P0ADV5		yhbW		1.00787e+06	1.05323e+06	954796	1.18589e+06	1.00732e+06	1.06334e+06
P0ADV7	P0ADV7		mlaC		1.00128e+07	9.93504e+06	9.95618e+06	9.56196e+06	9.56366e+06	9.97549e+06
P0ADW3	P0ADW3		yhcB		3.50116e+07	3.53501e+07	3.48893e+07	3.60047e+07	3.56185e+07	3.39158e+07
P0ADW8	P0ADW8		yheV		1.05974e+06	1.13009e+06	895815	883559	858612	923634
P0ADX1	P0ADX1		yhfA		7.82515e+06	7.69528e+06	7.24016e+06	7.34647e+06	7.28422e+06	7.48446e+06
P0ADX9	P0ADX9		rsmD		1.29592e+06	1.03784e+06	1.33992e+06	1.231e+06	1.39229e+06	1.23808e+06
P0ADY1	P0ADY1		ppiD		2.30873e+07	2.28667e+07	2.27705e+07	2.25526e+07	2.28359e+07	2.30708e+07
P0ADY3	P0ADY3		rplN		3.66044e+07	3.69687e+07	3.68934e+07	3.60927e+07	3.645e+07	3.36588e+07
P0ADY7	P0ADY7		rplP		6.06064e+07	6.0602e+07	6.04093e+07	5.82566e+07	5.81443e+07	5.7366e+07
P0ADZ0	P0ADZ0		rplW		7.26428e+06	7.50263e+06	7.46633e+06	7.10624e+06	6.64672e+06	7.00523e+06
P0ADZ4	P0ADZ4		rpsO		1.46626e+08	1.4346e+08	1.44372e+08	1.45967e+08	1.45403e+08	1.41321e+08
P0ADZ7	P0ADZ7		yajC		1.94874e+07	2.07864e+07	2.08261e+07	1.68196e+07	1.67037e+07	1.90025e+07
P0AE01	P0AE01		trmJ		6.411e+06	6.7222e+06	6.4167e+06	6.16303e+06	6.32506e+06	6.24851e+06
P0AE06	P0AE06		acrA		1.99497e+07	2.01616e+07	1.94373e+07	2.01221e+07	1.98622e+07	1.97022e+07
P0AE08	P0AE08		ahpC		2.13226e+07	2.15417e+07	2.16139e+07	2.09252e+07	2.12266e+07	2.16563e+07
P0AE12	P0AE12		amn		1.27525e+06	1.27679e+06	1.25705e+06	1.06086e+06	1.17091e+06	1.12573e+06
P0AE18	P0AE18		map		1.08332e+07	1.10855e+07	1.08309e+07	1.00893e+07	1.00973e+07	1.00537e+07
P0AE22	P0AE22		aphA		1.70121e+06	1.71666e+06	1.64293e+06	1.60987e+06	1.68036e+06	1.67684e+06
P0AE39	P0AE39		ypdB		1.35947e+06	1.39837e+06	1.4346e+06	1.26081e+06	1.32748e+06	1.26182e+06
P0AE45	P0AE45		ytfL		1.01242e+06	1.09103e+06	1.10109e+06	919085	874052	918323
P0AE48	P0AE48		ytfP		4.85075e+06	4.80348e+06	4.85695e+06	4.94545e+06	4.93376e+06	4.69073e+06
P0AE52	P0AE52		bcp		1.68776e+07	1.66886e+07	1.61936e+07	1.56478e+07	1.5973e+07	1.58291e+07
P0AE67	P0AE67		cheY		1.45166e+06	1.53269e+06	1.40684e+06	1.67456e+06	1.69302e+06	1.77696e+06
P0AE70	P0AE70		mazF		1.1959e+06	1.04241e+06	1.15932e+06	1.38856e+06	1.28517e+06	1.26333e+06
P0AE74	P0AE74		citT		873530	898235	793467	879806	743121	917667
P0AE78	P0AE78		corC		912379	882982	862714	905016	868560	859678
P0AE82	P0AE82		cpxA		1.75028e+06	1.73308e+06	1.65356e+06	1.67367e+06	1.65439e+06	1.71022e+06
P0AE85	P0AE85		cpxP		843997	863297	942836	869664	915226	887876
P0AE88	P0AE88		cpxR		4.23019e+06	4.2101e+06	4.07922e+06	4.4737e+06	4.17736e+06	4.13565e+06
P0AE91	P0AE91		creA		3.87346e+06	3.81935e+06	4.02448e+06	3.79921e+06	3.82408e+06	3.71436e+06
P0AEA8	P0AEA8		cysG		1.58664e+06	1.47375e+06	1.62233e+06	1.56506e+06	1.49366e+06	1.38699e+06
P0AEB2	P0AEB2		dacA		7.60326e+06	7.56034e+06	7.68643e+06	7.53695e+06	7.54259e+06	7.42483e+06
P0AEB7	P0AEB7		yoaB		1.03254e+07	1.03331e+07	1.07509e+07	1.09888e+07	1.10217e+07	1.00076e+07
P0AEC3	P0AEC3		arcB		1.41189e+06	1.41061e+06	1.55918e+06	1.30003e+06	1.43933e+06	1.60827e+06
P0AED0	P0AED0		uspA		1.45229e+07	1.45448e+07	1.40501e+07	1.20004e+07	1.201e+07	1.23888e+07
P0AED5	P0AED5		uvrY		3.47425e+06	3.50654e+06	3.4585e+06	3.58781e+06	3.31691e+06	3.41821e+06
P0AED7	P0AED7		dapE		6.0583e+06	6.04652e+06	5.80782e+06	5.76338e+06	5.85863e+06	5.96973e+06
P0AED9	P0AED9		dcm		473327	407306	425490	369097	378887	440443
P0AEE1	P0AEE1		dcrB		8.1898e+06	7.99131e+06	8.33578e+06	8.40366e+06	8.3883e+06	8.26918e+06
P0AEE3	P0AEE3		degS		900376	871195	777852	644154	839836	735600
P0AEE5	P0AEE5		mglB		1.8586e+06	1.96806e+06	1.87208e+06	2.19721e+06	1.90689e+06	1.8016e+06
P0AEE8	P0AEE8		dam		475350	508683	585573	515501	462412	436614
P0AEF0	P0AEF0		dnaC		6.28683e+06	6.70661e+06	6.24473e+06	6.74435e+06	6.58012e+06	
P0AEF4	P0AEF4		dpiA		1.13712e+06	1.13331e+06	1.12803e+06	1.15446e+06	1.09379e+06	1.11765e+06
P0AEG4	P0AEG4		dsbA		4.04528e+06	4.25763e+06	3.85142e+06	4.13139e+06	3.95639e+06	3.85462e+06
P0AEG6	P0AEG6		dsbC		1.91438e+06	1.85519e+06	1.96864e+06	1.9108e+06	1.77229e+06	1.89886e+06
P0AEH1	P0AEH1		rseP		8.88611e+06	8.87434e+06	8.00638e+06	8.45195e+06	8.40961e+06	7.60721e+06
P0AEH3	P0AEH3		elaA		3.12829e+06	3.22347e+06	3.02603e+06	2.57147e+06	2.82428e+06	2.05822e+06
P0AEH5	P0AEH5		elaB		8.28706e+06	8.12252e+06	8.46758e+06	8.07303e+06	7.78026e+06	9.38434e+06
P0AEI1	P0AEI1		miaB		1.09833e+07	1.08738e+07	1.10673e+07	1.13557e+07	1.1505e+07	1.1331e+07
P0AEI4	P0AEI4		rimO		5.07828e+06	5.19668e+06	5.1541e+06	5.14117e+06	5.25857e+06	5.13373e+06
P0AEI6	P0AEI6		nudJ		3.19754e+06	3.21679e+06	3.21998e+06	3.26035e+06	3.03181e+06	3.09686e+06
P0AEK2	P0AEK2		fabG		7.67908e+07	7.73571e+07	7.59371e+07	6.95835e+07	7.14853e+07	7.17127e+07
P0AEK4	P0AEK4		fabI		5.89985e+07	5.87791e+07	5.81925e+07	5.93797e+07	5.87757e+07	5.76732e+07
P0AEL6	P0AEL6		fepB		2.55886e+06	2.70966e+06	2.76583e+06	2.62791e+06	2.54508e+06	2.58117e+06
P0AEM0	P0AEM0		fkpB		2.0996e+06	2.08919e+06	2.04357e+06	2.15184e+06	2.16149e+06	2.14356e+06
P0AEM4	P0AEM4		flgM		2.23639e+06	2.14948e+06	2.16498e+06	2.24646e+06	2.27326e+06	2.13772e+06
P0AEM6	P0AEM6		fliA		2.43341e+06	2.26945e+06	2.3902e+06	2.57703e+06	2.62148e+06	2.67397e+06
P0AEM9	P0AEM9		fliY		6.04519e+06	6.0005e+06	6.15259e+06	5.93679e+06	6.14616e+06	6.30752e+06
P0AEN1	P0AEN1		fre		1.0224e+07	1.04351e+07	1.04279e+07	1.0351e+07	1.02768e+07	1.06353e+07
P0AEN4	P0AEN4		ftsL		2.11518e+06	2.17344e+06	2.21047e+06	2.10725e+06	2.01686e+06	2.11345e+06
P0AEN8	P0AEN8		fucU		5.68292e+06	5.44414e+06	5.3634e+06	5.24135e+06	5.60751e+06	5.60738e+06
P0AEP3	P0AEP3		galU		7.03604e+07	6.91543e+07	6.85582e+07	7.16157e+07	7.18519e+07	6.87109e+07
P0AEQ3	P0AEQ3		glnH		9.45007e+06	9.48981e+06	9.52919e+06	9.16238e+06	9.46166e+06	9.47702e+06
P0AEQ6	P0AEQ6		glnP		4.04912e+06	3.72592e+06	3.88112e+06	3.86141e+06	4.03631e+06	4.10422e+06
P0AES0	P0AES0		gsp		2.33362e+06	2.27618e+06	2.32559e+06	2.40904e+06	2.25584e+06	2.41357e+06
P0AES2	P0AES2		gudD		1.97459e+06	2.0529e+06	1.98819e+06	2.02605e+06	2.08115e+06	1.98671e+06
P0AES4	P0AES4		gyrA		1.48235e+07	1.4851e+07	1.46744e+07	1.43888e+07	1.46067e+07	1.42953e+07
P0AES6	P0AES6		gyrB		8.48652e+06	8.43443e+06	8.41886e+06	8.41705e+06	8.54215e+06	8.4465e+06
P0AET2	P0AET2		hdeB		9.38751e+06	9.20592e+06	9.68655e+06	1.04967e+07	1.02461e+07	9.76881e+06
P0AET8	P0AET8		hdhA		2.9363e+06	2.98879e+06	3.06017e+06	2.85263e+06	2.85467e+06	3.00337e+06
P0AEU0	P0AEU0		hisJ		3.63839e+06	3.61285e+06	3.54968e+06	3.49329e+06	3.63863e+06	3.43694e+06
P0AEU7	P0AEU7		skp		2.31329e+07	2.29028e+07	2.16722e+07	2.0327e+07	1.92472e+07	1.99265e+07
P0AEV1	P0AEV1		hnr		225537	218320	253548	249799	246744	288340
P0AEV4	P0AEV4		hycA		630077	686970	571818	582865	674647	617342
P0AEV9	P0AEV9		hycI		393283	389287	347151	397899	366168	605444
P0AEW6	P0AEW6		gsk		2.27248e+06	2.27489e+06	2.3011e+06	2.20174e+06	2.23039e+06	2.23728e+06
P0AEW9	P0AEW9		fruK		1.79919e+07	1.78839e+07	1.75731e+07	1.73676e+07	1.78776e+07	1.7175e+07
P0AEX5	P0AEX5		prkB		2.02923e+06	2.11137e+06	1.93877e+06	1.90607e+06	2.05665e+06	1.95916e+06
P0AEX9	P0AEX9		malE		6.3776e+06	6.79647e+06	6.58578e+06	6.62492e+06	6.68892e+06	6.67916e+06
P0AEY3	P0AEY3		mazG		2.04286e+06	2.17651e+06	2.0767e+06	2.02807e+06	2.00148e+06	2.12851e+06
P0AEY5	P0AEY5		mdaB		2.36625e+06	2.83536e+06	2.76107e+06	2.05014e+06	2.41924e+06	2.57833e+06
P0AEZ3	P0AEZ3		minD		1.07551e+07	1.06021e+07	1.06116e+07	1.02739e+07	1.00688e+07	1.00316e+07
P0AEZ9	P0AEZ9		moaB		1.18771e+07	1.17858e+07	1.21759e+07	1.23236e+07	1.17126e+07	1.17677e+07
P0AF03	P0AF03		mog		1.45975e+07	1.41769e+07	1.41759e+07	1.39779e+07	1.44856e+07	1.45076e+07
P0AF06	P0AF06		motB		803751	754527	664187	732401	799149	779586
P0AF08	P0AF08		mrp		4.29476e+06	4.27044e+06	4.22805e+06	4.13083e+06	4.10288e+06	3.81094e+06
P0AF12	P0AF12		mtnN		2.71698e+07	2.74716e+07	2.80541e+07	2.43646e+07	2.60344e+07	2.62432e+07
P0AF18	P0AF18		nagA		2.84e+06	2.73123e+06	2.64722e+06	2.66025e+06	2.68739e+06	2.55128e+06
P0AF20	P0AF20		nagC		1.41996e+06	1.30444e+06	1.35659e+06	1.33963e+06	1.26406e+06	1.31453e+06
P0AF24	P0AF24		nagD		1.82893e+06	1.90923e+06	1.92831e+06	1.80279e+06	1.84664e+06	1.7748e+06
P0AF28	P0AF28		narL		1.04129e+07	1.06929e+07	1.0798e+07	1.07198e+07	1.05514e+07	1.02316e+07
P0AF36	P0AF36		zapB		7.58807e+06	7.78481e+06	7.75185e+06	7.16751e+06	6.88108e+06	7.16392e+06
P0AF48	P0AF48		yjbQ		892123	783378	981169	781995	920400	826562
P0AF50	P0AF50		yjbR		8.33222e+06	7.37782e+06	7.76599e+06	6.8089e+06	6.96891e+06	7.00707e+06
P0AF52	P0AF52		yjcD		528510	531418	518535	537782	582589	563475
P0AF59	P0AF59		yjdI		690254	650034	809172	657752	726585	712203
P0AF61	P0AF61		yjdK		2.04502e+06	2.12989e+06	1.91554e+06	1.18675e+06	1.53374e+06	1.66082e+06
P0AF63	P0AF63		nsrR		1.46046e+06	1.46584e+06	1.48946e+06	1.49505e+06	1.5228e+06	1.50607e+06
P0AF67	P0AF67		yjeE		3.85564e+06	4.04628e+06	3.85146e+06	3.80573e+06	3.72986e+06	3.70518e+06
P0AF70	P0AF70		yjeI		6.28359e+06	6.42301e+06	6.20653e+06	6.28378e+06	5.89526e+06	5.73781e+06
P0AF90	P0AF90		rraB		7.03797e+06	7.29283e+06	7.44247e+06	6.59864e+06	7.53762e+06	7.50174e+06
P0AF93	P0AF93		ridA		1.12414e+08	1.13012e+08	1.11292e+08	9.8535e+07	1.0523e+08	1.04745e+08
P0AF96	P0AF96		tabA		2.82946e+06	2.81136e+06	2.49753e+06	2.75505e+06	2.61929e+06	2.74971e+06
P0AF98	P0AF98		lptF		1.38425e+06	1.37535e+06	1.46676e+06	1.67551e+06	1.69167e+06	1.65968e+06
P0AFA7	P0AFA7		nhaB		1.18737e+06	1.06191e+06	1.06011e+06	1.09038e+06	1.23209e+06	1.10846e+06
P0AFB1	P0AFB1		nlpI		2.13575e+06	1.98614e+06	1.94904e+06	1.9945e+06	2.08677e+06	2.22772e+06
P0AFB5	P0AFB5		glnL		1.08773e+06	1.09016e+06	1.1989e+06	1.07025e+06	1.13307e+06	1.08807e+06
P0AFB8	P0AFB8		glnG		1.70244e+06	1.82824e+06	1.7391e+06	1.86419e+06	1.83542e+06	1.84328e+06
P0AFC0	P0AFC0		nudB		524116	510074	517770	395204	466669	456425
P0AFC3	P0AFC3		nuoA		2.36443e+06	2.21597e+06	2.34374e+06	2.30491e+06	2.37095e+06	2.45862e+06
P0AFC7	P0AFC7		nuoB		7.25002e+06	6.98038e+06	7.2428e+06	7.31675e+06	7.07893e+06	6.18355e+06
P0AFD1	P0AFD1		nuoE		2.48014e+06	2.31352e+06	2.34131e+06	2.61089e+06	2.59126e+06	2.60197e+06
P0AFD4	P0AFD4		nuoH		2.61814e+06	2.45187e+06	2.57077e+06	2.5683e+06	2.54887e+06	2.52709e+06
P0AFD6	P0AFD6		nuoI		8.67436e+06	8.57559e+06	8.50186e+06	8.50754e+06	8.2686e+06	8.25658e+06
P0AFF2	P0AFF2		nupC		1.13836e+06	1.12999e+06	1.10096e+06	1.14113e+06	1.03036e+06	1.08292e+06
P0AFF6	P0AFF6		nusA		1.66324e+07	1.67383e+07	1.66936e+07	1.64943e+07	1.66696e+07	1.64836e+07
P0AFG0	P0AFG0		nusG		1.46245e+07	1.4858e+07	1.54922e+07	1.48866e+07	1.45949e+07	1.51891e+07
P0AFG3	P0AFG3		sucA		9.0458e+06	9.11407e+06	9.1332e+06	9.39274e+06	9.38354e+06	9.59408e+06
P0AFG6	P0AFG6		sucB		9.49142e+06	9.45302e+06	9.50973e+06	9.26559e+06	9.73345e+06	9.39604e+06
P0AFG8	P0AFG8		aceE		1.14369e+08	1.15432e+08	1.1232e+08	1.0974e+08	1.1195e+08	1.11017e+08
P0AFH0	P0AFH0		ogt		456588			475991	441890	547917
P0AFH8	P0AFH8		osmY		2.75557e+07	2.70085e+07	2.74833e+07	2.67421e+07	2.63455e+07	2.6487e+07
P0AFI0	P0AFI0		oxc		3.38948e+06	3.09739e+06	3.20483e+06	3.33249e+06	4.59902e+06	3.35472e+06
P0AFI2	P0AFI2		parC		3.90851e+06	3.78005e+06	3.83118e+06	3.86129e+06	3.95738e+06	3.81649e+06
P0AFI5	P0AFI5		pbpG		2.06544e+06	2.04529e+06	2.11962e+06	2.00283e+06	2.17797e+06	2.13148e+06
P0AFI7	P0AFI7		pdxH		7.60732e+06	7.45587e+06	7.12617e+06	7.49901e+06	7.58854e+06	7.65239e+06
P0AFJ1	P0AFJ1		phnA		1.82601e+06	1.85418e+06	1.80718e+06	1.62141e+06	1.68601e+06	1.55908e+06
P0AFJ7	P0AFJ7		pitA		1.8648e+06	1.91555e+06	1.77736e+06	1.7796e+06	1.86124e+06	1.67222e+06
P0AFK0	P0AFK0		pmbA		5.11845e+06	5.23252e+06	5.21996e+06	5.05266e+06	5.20624e+06	5.02488e+06
P0AFK9	P0AFK9		potD		5.11911e+06	5.16096e+06	5.09341e+06	5.57735e+06	5.5213e+06	5.43717e+06
P0AFL3	P0AFL3		ppiA		5.02686e+06	5.15836e+06	5.10402e+06	5.08783e+06	5.29162e+06	5.27009e+06
P0AFL6	P0AFL6		ppx		1.40904e+06	1.40526e+06	1.40784e+06	1.42934e+06	1.39019e+06	1.53246e+06
P0AFM2	P0AFM2		proX		1.51445e+06	1.52427e+06	1.57444e+06	1.58841e+06	1.56286e+06	1.45369e+06
P0AFM6	P0AFM6		pspA		3.47467e+06	3.63701e+06	3.6065e+06	3.44501e+06	3.67642e+06	3.43572e+06
P0AFP4	P0AFP4		ybbO		950424	965920	962879	880871	883526	858612
P0AFP6	P0AFP6		ybgI		9.99448e+06	1.01832e+07	9.9923e+06	9.94694e+06	9.6714e+06	9.34988e+06
P0AFQ7	P0AFQ7		ycfH		5.19226e+06	5.24526e+06	5.30085e+06	5.13365e+06	5.14376e+06	5.33365e+06
P0AFR4	P0AFR4		yciO		6.83818e+06	6.62422e+06	6.62504e+06	6.52053e+06	6.68339e+06	6.62162e+06
P0AFU4	P0AFU4		glrR		663414	680399	644401	686416	727406	628568
P0AFU8	P0AFU8		ribC		9.45595e+06	9.44344e+06	9.26589e+06	9.30927e+06	9.03463e+06	8.78448e+06
P0AFW8	P0AFW8		rof		3.35932e+06	3.23855e+06	3.0814e+06	3.23321e+06	3.28811e+06	3.15637e+06
P0AFX0	P0AFX0		hpf		959262	923589	855625	961962	895998	927291
P0AFX7	P0AFX7		rseA		965082	1.01265e+06	823062	1.14586e+06	1.10276e+06	1.23973e+06
P0AFX9	P0AFX9		rseB		2.8203e+06	2.87832e+06	2.69875e+06	3.01774e+06	2.93451e+06	3.07401e+06
P0AFY8	P0AFY8		seqA		1.06084e+07	1.05547e+07	1.05992e+07	1.06902e+07	1.05763e+07	1.05585e+07
P0AFZ1	P0AFZ1		sseB		2.36359e+06	2.55066e+06	2.40432e+06	2.50078e+06	2.39186e+06	2.48872e+06
P0AFZ3	P0AFZ3		sspB		7.13502e+06	7.18151e+06	7.13008e+06	6.8524e+06	7.0475e+06	7.06169e+06
P0AG00	P0AG00		wzzE		3.0943e+06	3.15561e+06	3.26642e+06	3.12828e+06	3.12869e+06	3.00101e+06
P0AG07	P0AG07		rpe		1.23233e+07	1.18096e+07	1.24055e+07	1.23617e+07	1.21256e+07	1.25235e+07
P0AG14	P0AG14		sohB		1.26456e+06	1.27555e+06	1.2169e+06	1.30994e+06	1.31032e+06	1.26865e+06
P0AG16	P0AG16		purF		1.00479e+06	998425	977892	934483	908974	1.06587e+06
P0AG18	P0AG18		purE		1.46448e+06	1.64767e+06	1.42294e+06	1.60207e+06	1.60661e+06	1.08092e+06
P0AG20	P0AG20		relA		1.60428e+06	1.68375e+06	1.64245e+06	1.62107e+06	1.58131e+06	1.68338e+06
P0AG24	P0AG24		spoT		4.96215e+06	4.54009e+06	4.43571e+06	4.3563e+06	4.61613e+06	4.74352e+06
P0AG27	P0AG27		yibN		1.36577e+07	1.39152e+07	1.38351e+07	1.37594e+07	1.38221e+07	1.37072e+07
P0AG30	P0AG30		rho		2.35668e+07	2.34521e+07	2.33894e+07	2.27207e+07	2.30263e+07	2.28051e+07
P0AG40	P0AG40		ribF		1.96152e+06	1.95213e+06	1.97742e+06	2.08648e+06	2.12748e+06	2.04382e+06
P0AG44	P0AG44		rplQ		1.5433e+08	1.54933e+08	1.49219e+08	1.49705e+08	1.4946e+08	1.50993e+08
P0AG48	P0AG48		rplU		1.13581e+08	1.09995e+08	1.12428e+08	1.11509e+08	1.08153e+08	1.08236e+08
P0AG51	P0AG51		rpmD		1.06137e+08	1.05756e+08	1.09553e+08	1.01496e+08	1.05589e+08	9.79078e+07
P0AG55	P0AG55		rplF		2.13786e+08	2.10167e+08	2.15201e+08	2.0077e+08	2.01135e+08	1.98451e+08
P0AG59	P0AG59		rpsN		2.39346e+07	2.43445e+07	2.29895e+07	2.3513e+07	2.37779e+07	2.43742e+07
P0AG63	P0AG63		rpsQ		1.86995e+08	1.97252e+08	1.96893e+08	1.78336e+08	1.79509e+08	1.87456e+08
P0AG67	P0AG67		rpsA		3.63217e+08	3.69284e+08	3.62445e+08	3.38072e+08	3.3915e+08	3.48939e+08
P0AG78	P0AG78		sbp		766908	741866	781912	788452	772931	821186
P0AG82	P0AG82		pstS		3.66772e+06	3.6503e+06	3.66024e+06	3.47351e+06	3.54212e+06	3.51983e+06
P0AG84	P0AG84		yghA		588093	573304	574735	620921	539818	510876
P0AG86	P0AG86		secB		2.48473e+07	2.52837e+07	2.49316e+07	2.43528e+07	2.45463e+07	2.42954e+07
P0AG90	P0AG90		secD		6.79083e+06	6.72887e+06	6.59568e+06	6.6698e+06	6.64631e+06	6.6944e+06
P0AG93	P0AG93		secF		1.3004e+06	1.33463e+06	1.32339e+06	1.25789e+06	1.40018e+06	1.30827e+06
P0AG96	P0AG96		secE		1.56936e+06	1.33666e+06	1.52388e+06	1.35799e+06	1.39424e+06	1.43266e+06
P0AG99	P0AG99		secG		9.55807e+06	9.41823e+06	9.67545e+06	9.9807e+06	1.00955e+07	9.90133e+06
P0AGA2	P0AGA2		secY		4.48114e+06	4.52782e+06	4.49603e+06	4.20435e+06	4.13482e+06	4.31584e+06
P0AGB0	P0AGB0		serB		4.14297e+06	4.38073e+06	4.06821e+06	4.36705e+06	4.33879e+06	4.19246e+06
P0AGB6	P0AGB6		rpoE		3.54239e+06	3.67822e+06	3.53238e+06	3.76867e+06	3.73328e+06	3.66488e+06
P0AGC3	P0AGC3		slt		1.30141e+06	1.35385e+06	1.27622e+06	1.25936e+06	1.27557e+06	1.29964e+06
P0AGC7	P0AGC7		smp		586898	496564	536094	651451	497957	
P0AGD1	P0AGD1		sodC		604609	545412	616176	611147	536578	556366
P0AGD3	P0AGD3		sodB		7.55886e+07	7.75723e+07	7.76626e+07	7.60989e+07	7.76283e+07	7.69195e+07
P0AGD7	P0AGD7		ffh		4.77374e+06	4.65984e+06	4.63688e+06	4.3969e+06	4.33768e+06	4.39991e+06
P0AGE0	P0AGE0		ssb		2.55271e+07	2.55366e+07	2.50696e+07	2.49477e+07	2.52873e+07	2.46979e+07
P0AGE6	P0AGE6		yieF		9.88286e+06	9.91448e+06	1.004e+07	9.99449e+06	1.00444e+07	9.8528e+06
P0AGE9	P0AGE9		sucD		7.87236e+06	8.21632e+06	8.04086e+06	7.75508e+06	7.76536e+06	7.89249e+06
P0AGF2	P0AGF2		ygdK		1.32099e+06	1.4146e+06	1.33783e+06	1.44787e+06	1.36489e+06	1.40052e+06
P0AGG0	P0AGG0		thiL		3.23858e+06	3.36639e+06	3.30741e+06	3.17169e+06	3.3056e+06	3.2469e+06
P0AGG2	P0AGG2		tesB		1.6107e+06	2.03594e+06	1.7701e+06	1.91489e+06	1.85467e+06	2.05508e+06
P0AGG4	P0AGG4		trxC		2.12479e+06	2.0091e+06	2.18647e+06	2.14656e+06	2.24891e+06	2.03866e+06
P0AGG8	P0AGG8		tldD		3.19845e+06	3.17146e+06	3.19813e+06	2.97888e+06	3.03326e+06	3.11146e+06
P0AGI8	P0AGI8		trkA		1.54316e+06	1.69943e+06	1.82148e+06	1.9789e+06	1.96284e+06	1.91902e+06
P0AGJ2	P0AGJ2		trmH		1.47841e+06	1.48808e+06	1.52782e+06	1.49994e+06	1.57161e+06	1.5472e+06
P0AGJ5	P0AGJ5		yfiF		1.29512e+07	1.28984e+07	1.27958e+07	1.29656e+07	1.24597e+07	1.23814e+07
P0AGJ7	P0AGJ7		trmL		2.32285e+06	2.42042e+06	2.32534e+06	2.27259e+06	2.33336e+06	2.47721e+06
P0AGJ9	P0AGJ9		tyrS		8.41461e+06	8.21722e+06	8.36819e+06	8.39298e+06	8.37698e+06	8.38989e+06
P0AGK4	P0AGK4		yhbY		1.97109e+07	1.99947e+07	2.01432e+07	1.99223e+07	2.07109e+07	2.00064e+07
P0AGK8	P0AGK8		iscR		2.19378e+06	2.15751e+06	2.03578e+06	2.26075e+06	2.07065e+06	2.02561e+06
P0AGL2	P0AGL2		tdcF		1.05752e+06	1.0104e+06	1.00734e+06	1.0015e+06	970040	1.12945e+06
P0AGL5	P0AGL5		ratA		2.65163e+06	2.77764e+06	2.61452e+06	3.00747e+06	3.02685e+06	3.06128e+06
P0AGL7	P0AGL7		rsmE		4.20976e+06	4.43721e+06	4.11534e+06	4.48415e+06	4.35154e+06	4.41066e+06
P0AGM5	P0AGM5		sirB1		383534	541814	474095	406533	566591	626068
P0C018	P0C018		rplR		3.61941e+07	3.7578e+07	3.87948e+07	3.42721e+07	3.35937e+07	3.64389e+07
P0C037	P0C037		yaiE		1.26813e+07	1.09976e+07	1.21754e+07	1.31902e+07	1.08698e+07	1.24126e+07
P0C054	P0C054		ibpA		4.37203e+06	4.16145e+06	4.48631e+06	4.09959e+06	4.35958e+06	4.00635e+06
P0C093	P0C093		slmA		3.52014e+06	3.22209e+06	3.64281e+06	3.45916e+06	3.49611e+06	3.45799e+06
P0C0K3	P0C0K3		rdoA		2.18488e+06	2.12386e+06	2.16138e+06	2.13485e+06	2.22384e+06	2.26379e+06
P0C0L2	P0C0L2		osmC		6.92116e+06	6.98616e+06	6.49651e+06	6.05543e+06	6.48648e+06	6.21012e+06
P0C0L7	P0C0L7		proP		2.4437e+06	2.41573e+06	2.36073e+06	2.58556e+06	2.46766e+06	2.55251e+06
P0C0L9	P0C0L9		iscX		2.10118e+06	2.03002e+06	2.11428e+06	2.06198e+06	2.09476e+06	2.05405e+06
P0C0R7	P0C0R7		rlmE		4.04794e+06	3.85073e+06	3.85476e+06	3.97624e+06	4.04263e+06	4.11292e+06
P0C0S1	P0C0S1		mscS		8.5353e+06	8.36295e+06	8.58487e+06	7.3676e+06	7.67166e+06	7.86958e+06
P0C0T5	P0C0T5		mepA		694643	595956	560861	742917	684271	917404
P0C0V0	P0C0V0		degP		1.39296e+07	1.42566e+07	1.37498e+07	1.34114e+07	1.33087e+07	1.27418e+07
P0C960	P0C960		emtA		113847	161719	184724	104678	56327.1	89058
P0CB39	P0CB39		eptC		1.79213e+06	1.93724e+06	1.77469e+06	1.62108e+06	1.75699e+06	1.83876e+06
P0CE47	P0CE47		tufA		1.27392e+09	1.29606e+09	1.27523e+09	1.26455e+09	1.25261e+09	1.25976e+09
P0CG19	P0CG19		rph		9.48488e+06	9.20954e+06	9.6964e+06	9.01527e+06	8.8341e+06	8.81704e+06
P0CK95	P0CK95		yghJ		4.68659e+06	4.73051e+06	4.85356e+06	4.8806e+06	4.90555e+06	4.87481e+06
P10100	P10100		rlpA		3.4395e+06	3.34403e+06	3.4846e+06	3.39166e+06	3.51016e+06	3.3154e+06
P10121	P10121		ftsY		7.53751e+06	7.60445e+06	7.57151e+06	7.18844e+06	7.16224e+06	7.11186e+06
P10145ups|IL8_HUMAN_UPS Interleukin-8, IL-8 (Chain 28-99) - Homo sapiens (Human)	P10145ups|IL8_HUMAN_UPS Interleukin-8, IL-8 (Chain 28-99) - Homo sapiens (Human)				689373	563109	679710	4.89426e+06	4.87197e+06	4.80616e+06
P10346	P10346		glnQ		2.33001e+06	2.2882e+06	2.46363e+06	2.58285e+06	2.33613e+06	2.14721e+06
P10371	P10371		hisA		3.14527e+06	2.98421e+06	3.30748e+06	2.7267e+06	2.60257e+06	2.81008e+06
P10378	P10378		entE		348781	359356	370053	411691	405201	417842
P10384	P10384		fadL		1.39891e+07	1.40345e+07	1.37732e+07	1.35484e+07	1.3847e+07	1.37402e+07
P10408	P10408		secA		4.96166e+06	5.01599e+06	4.86811e+06	4.91036e+06	4.78959e+06	5.0263e+06
P10441	P10441		lpxB		1.10811e+06	1.08194e+06	1.06629e+06	1.14218e+06	1.21988e+06	1.03376e+06
P10442	P10442		rnhB		401372	517825	496921	535854	523856	576191
P10443	P10443		dnaE		558589	582435	529496	602473	635656	555867
P10599ups|THIO_HUMAN_UPS Thioredoxin (Chain 2-105, N-terminal His tag)- Homo sapiens (Human)	P10599ups|THIO_HUMAN_UPS Thioredoxin (Chain 2-105, N-terminal His tag)- Homo sapiens (Human)				2.21421e+06	2.30214e+06	1.93381e+06	2.90889e+06	2.97486e+06	2.6568e+06
P10636-8ups|TAU_HUMAN_UPS Microtubule-associated protein tau {Isoform Tau-F (Tau-4)} (Chain 2-441) - Homo sapiens (Human)	P10636-8ups|TAU_HUMAN_UPS Microtubule-associated protein tau {Isoform Tau-F (Tau-4)} (Chain 2-441) - Homo sapiens (Human)				1.49583e+06	1.67252e+06	1.84654e+06	1.2119e+07	1.12502e+07	1.0779e+07
P10903	P10903		narK		2.46401e+06	2.46829e+06	2.40365e+06	2.51284e+06	2.53325e+06	2.27226e+06
P10907	P10907		ugpC		250325	319541	222791		327312	346654
P10908	P10908		ugpQ		443321	531267	470354	448375	471023	420628
P11289	P11289		yfiL		907041	820044	835230	780002	817116	781856
P11349	P11349		narH		3.45448e+06	3.55885e+06	3.45102e+06	3.4674e+06	3.34392e+06	3.44207e+06
P11447	P11447		argH		1.86079e+06	1.7495e+06	1.76002e+06	1.83266e+06	1.83292e+06	1.82405e+06
P11557	P11557		damX		8.19683e+06	8.42004e+06	8.43747e+06	8.05985e+06	7.86592e+06	8.33485e+06
P11868	P11868		tdcD		582799	576414	469569	523915	493454	785702
P11875	P11875		argS		1.2849e+07	1.24425e+07	1.25559e+07	1.25686e+07	1.26408e+07	1.24312e+07
P11880	P11880		murF		4.85239e+06	5.27494e+06	4.76723e+06	4.62488e+06	4.69252e+06	4.74754e+06
P11988	P11988		bglB		1.28882e+06	1.22832e+06	1.51879e+06	1.69249e+06	1.65725e+06	1.48192e+06
P12008	P12008		aroC		4.12061e+06	3.95202e+06	3.94962e+06	3.77692e+06	3.7293e+06	3.88995e+06
P12081ups|SYHC_HUMAN_UPS Histidyl-tRNA synthetase, cytoplasmic (Chain 1-509, C terminal His tag) - Homo sapiens (Human)	P12081ups|SYHC_HUMAN_UPS Histidyl-tRNA synthetase, cytoplasmic (Chain 1-509, C terminal His tag) - Homo sapiens (Human)				3.08174e+06	3.02586e+06	3.27115e+06	2.63519e+07	2.70389e+07	2.76519e+07
P12281	P12281		moeA		6.27087e+06	6.6863e+06	6.57314e+06	6.64266e+06	6.29077e+06	6.25395e+06
P12282	P12282		moeB		6.9336e+06	7.10459e+06	5.96781e+06	7.23458e+06	7.15107e+06	8.02995e+06
P12295	P12295		ung		2.25538e+06	2.29032e+06	2.18476e+06	2.30229e+06	2.21988e+06	2.24257e+06
P12758	P12758		udp		2.8184e+07	2.86305e+07	2.86609e+07	2.80641e+07	2.72742e+07	2.80562e+07
P12994	P12994		ybhB		1.10993e+06	1.20073e+06	888510	1.21948e+06	1.09279e+06	1.03674e+06
P13001	P13001		bioH		1.20876e+06	1.32429e+06	1.2532e+06	1.23287e+06	1.14411e+06	1.10726e+06
P13009	P13009		metH		2.23013e+06	2.23632e+06	2.3271e+06	2.27263e+06	2.25164e+06	2.19764e+06
P13016	P13016		ampD		1.7541e+06	1.7936e+06	1.64788e+06	1.73138e+06	1.74358e+06	1.7028e+06
P13024	P13024		fdhE		4.39286e+06	4.44184e+06	4.40956e+06	4.48271e+06	4.3702e+06	4.36656e+06
P13029	P13029		katG		4.237e+07	4.26503e+07	4.23962e+07	4.33634e+07	4.30145e+07	4.20692e+07
P13033	P13033		glpB		1.0306e+06	978332	1.00785e+06	958151	1.03676e+06	1.18216e+06
P13035	P13035		glpD		4.50095e+06	4.69671e+06	4.45439e+06	4.4616e+06	4.56018e+06	4.30979e+06
P13445	P13445		rpoS		5.10587e+06	4.84859e+06	4.80763e+06	4.67434e+06	4.73815e+06	4.89049e+06
P13458	P13458		sbcC		570621	657452	608572	605267	609762	683851
P13979	P13979		traT		3.60199e+06	3.56129e+06	3.64743e+06	3.49979e+06	3.63722e+06	3.78036e+06
P14081	P14081		selB		3.17086e+06	3.04095e+06	3.17802e+06	3.18528e+06	3.04117e+06	3.15848e+06
P14175	P14175		proV		1.34289e+06	1.39259e+06	1.22733e+06	1.20471e+06	1.27113e+06	1.34135e+06
P14294	P14294		topB		1.07815e+06	831914	1.0879e+06	1.00557e+06	1.237e+06	958219
P14375	P14375		zraR		488766	500632	534389	446330	505207	524203
P14407	P14407		fumB		2.38016e+07	2.38101e+07	2.34821e+07	2.35677e+07	2.4133e+07	2.41825e+07
P14900	P14900		murD		4.20235e+06	4.22883e+06	3.9983e+06	4.1409e+06	3.83752e+06	3.94593e+06
P15005	P15005		mcrB		918706	931998	926928	891990	992629	890536
P15034	P15034		pepP		3.79658e+06	3.71589e+06	3.87697e+06	3.55323e+06	3.57182e+06	3.6375e+06
P15038	P15038		helD		388439	396300	383890	465774	480655	467490
P15042	P15042		ligA		7.93291e+06	8.14891e+06	8.003e+06	7.90287e+06	7.81953e+06	8.18979e+06
P15047	P15047		entA		596251	563104	645236	647052	720869	541734
P15067	P15067		glgX		1.57925e+06	1.5929e+06	1.51508e+06	1.7672e+06	1.60447e+06	1.61106e+06
P15070	P15070		fliN		4.53279e+06	4.87025e+06	4.42366e+06	4.22041e+06	4.9774e+06	4.43003e+06
P15082	P15082		srlR		638104	599528	704036	596350	574058	518076
P15254	P15254		purL		3.21062e+06	3.19692e+06	3.11697e+06	3.14086e+06	3.17696e+06	3.22831e+06
P15286	P15286		flk		689105	651134	681724	678610	669655	774928
P15288	P15288		pepD		1.93368e+07	1.9663e+07	1.90666e+07	1.86486e+07	1.90664e+07	1.89901e+07
P15559ups|NQO1_HUMAN_UPS NAD(P)H dehydrogenase [quinone] 1 (Chain 2-274) - Homo sapiens (Human)	P15559ups|NQO1_HUMAN_UPS NAD(P)H dehydrogenase [quinone] 1 (Chain 2-274) - Homo sapiens (Human)				2.42127e+06	2.32612e+06	2.29899e+06	1.82584e+07	1.84629e+07	1.8255e+07
P15639	P15639		purH		4.83486e+06	4.94671e+06	4.82436e+06	4.93182e+06	5.04115e+06	4.99651e+06
P15640	P15640		purD		2.74046e+06	2.5969e+06	2.63842e+06	2.55341e+06	2.67777e+06	2.54678e+06
P15770	P15770		aroE		3.34352e+06	3.51481e+06	3.33471e+06	3.33406e+06	3.30441e+06	3.49887e+06
P15877	P15877		gcd		175387	130497	128022	147353	185438	215611
P15977	P15977		malQ		2.80629e+06	2.78532e+06	3.0085e+06	2.7908e+06	2.99836e+06	2.81886e+06
P16083ups|NQO2_HUMAN_UPS Ribosyldihydronicotinamide dehydrogenase [quinone] (Chain 2-231) - Homo sapiens (Human)	P16083ups|NQO2_HUMAN_UPS Ribosyldihydronicotinamide dehydrogenase [quinone] (Chain 2-231) - Homo sapiens (Human)				2.15608e+06	2.04105e+06	2.51505e+06	1.56574e+07	1.56814e+07	1.54608e+07
P16095	P16095		sdaA		1.86687e+06	1.81226e+06	1.91196e+06	1.8121e+06	1.89101e+06	1.78516e+06
P16384	P16384		miaA		2.2548e+06	2.22636e+06	2.25336e+06	2.33434e+06	2.26987e+06	2.22984e+06
P16431	P16431		hycE		3.2094e+06	3.28633e+06	3.16477e+06	3.12944e+06	3.17033e+06	3.05134e+06
P16432	P16432		hycF		351470	402392	411338	349537	429362	394400
P16433	P16433		hycG		5.88618e+06	5.74833e+06	6.14692e+06	5.6308e+06	5.48058e+06	5.16288e+06
P16456	P16456		selD		6.94126e+06	6.79597e+06	6.71074e+06	6.70916e+06	6.75502e+06	6.59679e+06
P16528	P16528		iclR		1.95942e+06	1.84408e+06	1.91703e+06	1.95962e+06	1.89569e+06	1.9344e+06
P16659	P16659		proS		1.20259e+07	1.19671e+07	1.20117e+07	1.23787e+07	1.2533e+07	1.23249e+07
P16676	P16676		cysA		895948	974630	844672	981605	799912	959788
P16700	P16700		cysP		8.277e+06	8.46504e+06	8.49921e+06	8.31676e+06	8.26115e+06	8.37738e+06
P16703	P16703		cysM		3.54838e+06	3.43414e+06	3.19378e+06	3.61079e+06	3.65787e+06	3.53388e+06
P16869	P16869		fhuE		116911	106880	100735	154070	79670.4	119420
P16926	P16926		mreC		1.54839e+06	1.59329e+06	1.66067e+06	1.67029e+06	1.72471e+06	1.63201e+06
P17109	P17109		menD		2.78207e+06	2.9452e+06	2.81965e+06	2.91187e+06	2.81255e+06	2.67225e+06
P17115	P17115		gutQ		2.0067e+06	1.91571e+06	1.91671e+06	2.00076e+06	2.00829e+06	1.98395e+06
P17117	P17117		nfsA		4.18636e+06	4.45903e+06	4.27501e+06	4.35007e+06	4.43805e+06	4.6522e+06
P17169	P17169		glmS		4.31272e+07	4.36963e+07	4.35957e+07	4.40038e+07	4.37205e+07	4.41752e+07
P17315	P17315		cirA		2.36522e+06	2.43781e+06	2.52736e+06	2.41543e+06	2.49849e+06	2.24121e+06
P17443	P17443		murG		2.99904e+06	3.08873e+06	3.14182e+06	3.10528e+06	3.30106e+06	3.2533e+06
P17445	P17445		betB		826177	771778	794109	852005	759473	855081
P17846	P17846		cysI		5.91862e+06	5.88241e+06	5.77713e+06	5.85733e+06	5.89798e+06	5.84299e+06
P17854	P17854		cysH		6.85529e+06	6.81482e+06	6.46763e+06	6.62252e+06	6.78279e+06	6.54997e+06
P17952	P17952		murC		2.81839e+06	2.88084e+06	2.96113e+06	2.76523e+06	2.74792e+06	2.8691e+06
P17993	P17993		ubiG		3.69417e+06	3.75526e+06	3.73014e+06	3.71163e+06	3.77463e+06	3.79002e+06
P18133	P18133		pncB		1.8092e+06	1.84643e+06	1.81099e+06	1.73556e+06	1.86428e+06	1.83567e+06
P18196	P18196		minC		2.67714e+06	2.39219e+06	2.56851e+06	2.60218e+06	2.71779e+06	2.86535e+06
P18355	P18355				2.07079e+06	2.1286e+06	2.15441e+06	1.57768e+06	1.65605e+06	1.71323e+06
P18390	P18390		yjjA		1.49407e+06	1.54611e+06	1.45007e+06	1.44159e+06	1.5759e+06	1.47964e+06
P18775	P18775		dmsA		2.97301e+06	2.88481e+06	2.88092e+06	2.90141e+06	3.05157e+06	2.90208e+06
P18776	P18776		dmsB		2.12468e+06	2.15923e+06	2.16665e+06	2.04232e+06	2.03464e+06	2.21942e+06
P18843	P18843		nadE		1.19112e+07	1.19316e+07	1.17553e+07	1.22004e+07	1.22945e+07	1.2115e+07
P19318	P19318		narY		627081	583849	594539	727252	679728	785766
P19624	P19624		pdxA		553101	505958	565961	502516	527861	485843
P19926	P19926		agp		3.61387e+06	3.6423e+06	3.52851e+06	3.53722e+06	3.54774e+06	3.42651e+06
P19930	P19930		hyaD		875105	715797	723327	859660	762644	639485
P19931	P19931		hyaE		1.34149e+06	1.27835e+06	1.39975e+06	1.41633e+06	1.56399e+06	1.3631e+06
P19932	P19932		hyaF		1.22878e+06	1.15849e+06	1.04696e+06	979154	1.0294e+06	1.12652e+06
P19934	P19934		tolA		1.56487e+06	1.61451e+06	1.59307e+06	1.43922e+06	1.60374e+06	1.65071e+06
P20083	P20083		parE		1.76539e+06	1.745e+06	1.87689e+06	1.66785e+06	1.76871e+06	1.7338e+06
P20099	P20099		bisC		1.1618e+06	1.08483e+06	1.2075e+06	1.77214e+06	1.77599e+06	2.1097e+06
P20605	P20605		fic		1.44543e+06	1.4907e+06	1.31517e+06	1.49012e+06	1.49009e+06	1.60452e+06
P20966	P20966		fruA		8.79143e+06	8.8965e+06	8.83428e+06	8.29306e+06	8.29972e+06	8.66636e+06
P21156	P21156		cysD		2.53394e+06	2.46267e+06	2.4841e+06	2.51733e+06	2.55056e+06	2.54459e+06
P21165	P21165		pepQ		2.07023e+07	2.05574e+07	2.1049e+07	2.07e+07	2.05665e+07	2.01157e+07
P21170	P21170		speA		7.18108e+06	7.2833e+06	7.13002e+06	7.02913e+06	6.93238e+06	7.16801e+06
P21179	P21179		katE		617988	662328	619047	703099	655241	634330
P21338	P21338		rna		2.06685e+06	2.41693e+06	1.99397e+06	2.31042e+06	2.26321e+06	2.11605e+06
P21365	P21365		yciC		1.32e+06	1.18669e+06	1.11925e+06	1.03839e+06	1.32522e+06	1.02061e+06
P21367	P21367		ycaC		1.55636e+06	1.74254e+06	1.65956e+06	1.61952e+06	1.64771e+06	1.6149e+06
P21369	P21369		pncA		965594	998940	1.03371e+06	1.03927e+06	1.0437e+06	1.13555e+06
P21420	P21420		nmpC		2.9741e+07	2.96985e+07	2.97457e+07	2.76679e+07	2.8912e+07	2.85917e+07
P21499	P21499		rnr		4.21748e+06	4.21304e+06	4.11108e+06	4.2049e+06	4.29696e+06	4.27655e+06
P21507	P21507		srmB		7.73829e+06	7.73731e+06	7.68165e+06	7.80184e+06	7.89583e+06	7.96263e+06
P21513	P21513		rne		9.61751e+06	9.7896e+06	9.58801e+06	9.40172e+06	9.27998e+06	9.45797e+06
P21599	P21599		pykA		2.37109e+07	2.38509e+07	2.39687e+07	2.35005e+07	2.35711e+07	2.35808e+07
P21645	P21645		lpxD		6.79607e+06	6.72566e+06	6.72807e+06	6.38625e+06	6.76086e+06	6.02397e+06
P21829	P21829		ybhA		2.56461e+06	2.64658e+06	2.63951e+06	2.51612e+06	2.52826e+06	2.59603e+06
P21866	P21866		kdpE		1.27605e+06	1.37519e+06	1.24765e+06	2.06921e+06	2.12385e+06	2.13796e+06
P21888	P21888		cysS		1.28368e+07	1.26824e+07	1.2586e+07	1.28622e+07	1.2558e+07	1.27479e+07
P21889	P21889		aspS		7.78114e+06	7.69942e+06	7.69378e+06	7.62377e+06	7.63298e+06	7.64744e+06
P21893	P21893		recJ		867639	1.17402e+06	1.24195e+06	1.15838e+06	1.17725e+06	1.09112e+06
P22106	P22106		asnB		2.2828e+06	2.25388e+06	2.32366e+06	2.30976e+06	2.23129e+06	2.12223e+06
P22186	P22186		mraZ		2.24929e+06	2.30666e+06	2.23428e+06	2.41304e+06	2.34187e+06	2.42079e+06
P22188	P22188		murE		7.45812e+06	7.44406e+06	7.25222e+06	7.4674e+06	7.34505e+06	7.27433e+06
P22255	P22255		cysQ		7.69124e+06	7.74052e+06	7.37241e+06	7.48532e+06	7.304e+06	7.60335e+06
P22256	P22256		gabT		1.25971e+06	1.13251e+06	1.29031e+06	1.39211e+06	1.32459e+06	1.29595e+06
P22259	P22259		pckA		7.76605e+06	7.91662e+06	7.83475e+06	7.79105e+06	7.65177e+06	7.59742e+06
P22333	P22333		add		1.87684e+07	1.87978e+07	1.86435e+07	1.85468e+07	1.86329e+07	1.84504e+07
P22523	P22523		mukB		4.13389e+06	4.11897e+06	4.06289e+06	3.98454e+06	4.03793e+06	4.09741e+06
P22524	P22524		mukE		6.00496e+06	6.02704e+06	5.84159e+06	6.07465e+06	6.12863e+06	6.01722e+06
P22525	P22525		ycbB		3.74915e+06	3.7002e+06	3.53642e+06	3.6149e+06	3.65912e+06	3.71315e+06
P22634	P22634		murI		817944	803976	813931	668284	555078	532331
P22707	P22707		finO		1.10831e+06	1.02731e+06	1.16081e+06	994728	1.05959e+06	1.12892e+06
P22939	P22939		ispA		4.7981e+06	5.133e+06	5.05266e+06	4.60592e+06	4.70097e+06	5.0039e+06
P23003	P23003		trmA		1.65234e+06	1.66692e+06	1.69142e+06	1.75292e+06	1.68636e+06	1.71947e+06
P23256	P23256		malY		623063	695805	559774	459597	548836	485885
P23305	P23305		yigA		1.61709e+06	1.55327e+06	1.72809e+06	1.56898e+06	1.57053e+06	1.61575e+06
P23331	P23331		tdk		2.62257e+06	2.75847e+06	2.88102e+06	2.67676e+06	2.90032e+06	2.98009e+06
P23367	P23367		mutL		444143	491395	419781	456563	495514	485924
P23538	P23538		ppsA		4.98377e+06	5.04414e+06	5.10844e+06	4.89823e+06	4.9005e+06	4.9677e+06
P23721	P23721		serC		9.6343e+06	9.54519e+06	9.60952e+06	9.37928e+06	9.40185e+06	9.41756e+06
P23827	P23827		eco		1.27774e+07	1.26774e+07	1.31872e+07	1.26225e+07	1.26949e+07	1.24183e+07
P23830	P23830		pssA		6.12156e+06	6.21848e+06	6.20016e+06	6.40104e+06	6.20183e+06	6.38936e+06
P23836	P23836		phoP		2.04068e+07	2.06913e+07	2.08276e+07	2.03011e+07	1.98727e+07	2.05053e+07
P23837	P23837		phoQ		1.2525e+06	1.14989e+06	1.20218e+06	1.17589e+06	1.15036e+06	1.17438e+06
P23839	P23839		yicC		4.51759e+06	4.52097e+06	4.32592e+06	4.36268e+06	4.29123e+06	4.22036e+06
P23843	P23843		oppA		2.00725e+07	1.98982e+07	1.96615e+07	1.99277e+07	2.03173e+07	1.96278e+07
P23845	P23845		cysN		3.61778e+06	3.78905e+06	3.73665e+06	3.65034e+06	3.62879e+06	3.69553e+06
P23847	P23847		dppA		1.0822e+06	1.18641e+06	1.05976e+06	1.09463e+06	927491	1.05232e+06
P23857	P23857		pspE		1.69091e+06	1.60464e+06	1.68972e+06	1.32862e+06	1.60454e+06	1.62471e+06
P23865	P23865		prc		6.20768e+06	6.29287e+06	6.22854e+06	6.10243e+06	6.33216e+06	6.48395e+06
P23869	P23869		ppiB		4.55613e+07	4.81495e+07	4.59184e+07	4.54056e+07	4.48626e+07	4.32729e+07
P23871	P23871		hemH		2.7462e+06	2.52729e+06	2.6019e+06	2.7423e+06	2.73609e+06	2.76814e+06
P23882	P23882		fmt		7.52692e+06	7.21342e+06	7.16841e+06	7.38058e+06	7.62753e+06	7.38511e+06
P23886	P23886		cydC		1.09128e+06	962403	1.07539e+06	1.04911e+06	1.05939e+06	1.0882e+06
P23893	P23893		hemL		2.57619e+07	2.59435e+07	2.6104e+07	2.64225e+07	2.62346e+07	2.58922e+07
P23894	P23894		htpX		4.39623e+06	4.37206e+06	4.33113e+06	4.51848e+06	4.36524e+06	4.57733e+06
P23908	P23908		argE		1.4524e+06	1.50055e+06	1.59624e+06	1.46695e+06	1.54159e+06	1.4533e+06
P23909	P23909		mutS		3.56099e+06	3.52954e+06	3.48581e+06	3.58323e+06	3.48204e+06	3.56973e+06
P23917	P23917		mak		1.14594e+06	1.11451e+06	1.07081e+06	1.02583e+06	1.00925e+06	984031
P24169	P24169		speF		4.53445e+06	4.48064e+06	4.72135e+06	4.62192e+06	4.48546e+06	4.63683e+06
P24171	P24171		dcp		2.03092e+06	2.04605e+06	1.98402e+06	1.98945e+06	1.99601e+06	2.05613e+06
P24173	P24173		rfaC		615708	572576	497040	578151	593472	500341
P24178	P24178		yffB		4.36171e+06	4.43978e+06	4.46953e+06	4.21134e+06	4.26273e+06	3.96056e+06
P24182	P24182		accC		1.85365e+07	1.82962e+07	1.83463e+07	1.82704e+07	1.82531e+07	1.84127e+07
P24183	P24183		fdnG		4.27579e+06	4.34273e+06	4.29453e+06	4.3472e+06	4.36451e+06	4.39848e+06
P24186	P24186		folD		6.33994e+06	6.37461e+06	6.32617e+06	5.92106e+06	6.01516e+06	6.01117e+06
P24188	P24188		yceA		1.24791e+06	1.40958e+06	1.50354e+06	1.46077e+06	1.50175e+06	1.53248e+06
P24192	P24192		hypD		1.23291e+06	1.27656e+06	1.3416e+06	1.2441e+06	1.34878e+06	1.06324e+06
P24193	P24193		hypE		2.89418e+06	2.75161e+06	2.77779e+06	2.94719e+06	2.62731e+06	2.83529e+06
P24202	P24202		mrr		2.07664e+06	2.14626e+06	1.95565e+06	2.14852e+06	2.03037e+06	2.18318e+06
P24203	P24203		yjiA		3.8562e+06	3.53113e+06	3.77413e+06	4.02214e+06	3.6212e+06	3.11357e+06
P24205	P24205		msbB		2.59628e+06	2.40972e+06	2.50261e+06	2.39508e+06	2.38919e+06	2.4752e+06
P24215	P24215		uxuA		2.84037e+06	2.88907e+06	2.8025e+06	2.85228e+06	2.80352e+06	2.98311e+06
P24216	P24216		fliD		1.29434e+06	1.33008e+06	1.41424e+06	1.28931e+06	1.30608e+06	1.37915e+06
P24224	P24224		acpS		1.93234e+06	1.94036e+06	1.87171e+06	1.84438e+06	1.9563e+06	1.8898e+06
P24228	P24228		dacB		1.83145e+06	1.84217e+06	1.88441e+06	1.8397e+06	1.77985e+06	1.82714e+06
P24230	P24230		recG		652180	624802	706509	627947	689127	601402
P24232	P24232		hmp		1.52858e+06	1.31346e+06	1.35424e+06	1.54612e+06	1.4083e+06	1.51861e+06
P24251	P24251		crl		6.63889e+06	6.57351e+06	6.42383e+06	7.05865e+06	6.84225e+06	6.5749e+06
P24252	P24252		ybgA		1.54042e+06	1.60258e+06	1.42468e+06	1.60158e+06	1.5904e+06	1.55334e+06
P24255	P24255		rpoN		1.46109e+06	1.58866e+06	1.52851e+06	1.58943e+06	1.40933e+06	1.44181e+06
P24554	P24554		radA		1.5335e+06	1.50156e+06	1.63617e+06	1.58713e+06	1.60692e+06	1.67951e+06
P25397	P25397		tehB		3.66164e+06	3.64584e+06	3.41272e+06	3.74768e+06	3.64785e+06	3.65192e+06
P25437	P25437		frmA		7.75424e+06	7.76811e+06	7.92446e+06	7.67841e+06	7.62264e+06	7.62291e+06
P25516	P25516		acnA		3.30708e+06	3.10938e+06	3.18163e+06	3.11332e+06	3.18387e+06	3.13646e+06
P25519	P25519		hflX		3.71899e+06	3.75306e+06	3.68772e+06	3.66676e+06	3.60396e+06	3.71607e+06
P25522	P25522		mnmE		4.4645e+06	4.40912e+06	4.35525e+06	4.22307e+06	4.19692e+06	4.27439e+06
P25524	P25524		codA		2.26281e+06	2.35445e+06	2.29342e+06	2.24508e+06	2.18875e+06	2.379e+06
P25526	P25526		gabD		1.2072e+06	1.18508e+06	1.11505e+06	1.03518e+06	1.04791e+06	1.03408e+06
P25535	P25535		visC		1.985e+06	2.12844e+06	2.08533e+06	2.13774e+06	2.00497e+06	2.0858e+06
P25536	P25536		yhdE		2.51058e+06	2.57381e+06	2.52562e+06	2.66385e+06	2.70029e+06	2.75836e+06
P25539	P25539		ribD		4.38282e+06	4.45459e+06	4.33464e+06	4.59867e+06	4.25552e+06	4.46454e+06
P25552	P25552		gppA		8.26293e+06	8.55351e+06	8.48376e+06	8.87902e+06	7.88765e+06	8.9529e+06
P25553	P25553		aldA		245987	188506	177297	247468	244437	222105
P25714	P25714		yidC		7.17372e+06	7.55918e+06	7.07414e+06	6.29325e+06	6.30301e+06	6.25501e+06
P25736	P25736		endA		1.30981e+06	1.42854e+06	1.37439e+06	1.40934e+06	1.29004e+06	1.34342e+06
P25745	P25745		mnmA		4.33856e+06	4.45749e+06	4.20119e+06	3.9766e+06	4.15005e+06	4.29317e+06
P25746	P25746		hflD		4.81376e+06	4.9964e+06	4.92417e+06	5.23461e+06	5.108e+06	5.3506e+06
P25772	P25772		ligB		670632	640316	788303	735759	713335	508688
P25798	P25798		fliF		885782	954401	879539	849429	881827	917941
P25888	P25888		rhlE		4.8646e+07	4.7815e+07	4.85221e+07	4.74413e+07	4.84136e+07	4.8459e+07
P25894	P25894		yggG		1.11485e+06	1.0757e+06	1.09715e+06	1.059e+06	1.04037e+06	1.0719e+06
P25906	P25906		ydbC		1.4224e+06	1.44627e+06	1.34553e+06	1.13627e+06	1.21309e+06	1.36114e+06
P26602	P26602		ubiC		1.22239e+06	1.24238e+06	1.30186e+06	1.25271e+06	1.33042e+06	1.31481e+06
P26608	P26608		fliS		4.33136e+06	4.03855e+06	4.26435e+06	3.38506e+06	3.31666e+06	3.38972e+06
P26612	P26612		amyA		1.7081e+06	1.68589e+06	1.75421e+06	1.68621e+06	1.83827e+06	1.7859e+06
P26616	P26616		maeA		1.11246e+07	1.11427e+07	1.13842e+07	1.13027e+07	1.12715e+07	1.08532e+07
P26646	P26646		acuI		6.35376e+06	6.17303e+06	6.16029e+06	6.14642e+06	6.12999e+06	6.18528e+06
P26647	P26647		plsC		1.19352e+06	1.1968e+06	1.26392e+06	1.19168e+06	1.3293e+06	1.16406e+06
P26648	P26648		ftsP		888676	924751	880951	970574	917221	829419
P27238	P27238		yfeD		1.04898e+06	1.01521e+06	1.10549e+06	1.10767e+06	1.10191e+06	1.13028e+06
P27248	P27248		gcvT		1.01417e+07	1.01407e+07	9.84162e+06	9.67326e+06	9.78417e+06	9.60692e+06
P27249	P27249		glnD		276245	278806	328106	250382	242158	248640
P27250	P27250		yjgB		699314	639904	721713	759909	707454	793576
P27278	P27278		nadR		893215	815340	848262	848686	938550	817683
P27298	P27298		prlC		1.82417e+07	1.83706e+07	1.82971e+07	1.82121e+07	1.77011e+07	1.74771e+07
P27302	P27302		tktA		3.26881e+07	3.25187e+07	3.25518e+07	3.20096e+07	3.20899e+07	3.07856e+07
P27303	P27303		emrA		1.52548e+06	1.43841e+06	1.536e+06	1.43889e+06	1.47683e+06	1.38795e+06
P27306	P27306		sthA		1.28838e+06	1.27011e+06	1.40611e+06	1.15384e+06	1.22294e+06	1.09927e+06
P27431	P27431		ycfD		4.87595e+06	5.09237e+06	4.71464e+06	4.98547e+06	4.67017e+06	5.15939e+06
P27434	P27434		rodZ		1.04993e+07	1.0598e+07	1.05519e+07	1.06971e+07	1.08653e+07	1.04544e+07
P27550	P27550		acs		1.22318e+06	1.0186e+06	1.13196e+06	1.15596e+06	1.24095e+06	1.04449e+06
P27828	P27828		wecB		2.05205e+06	1.98002e+06	2.14362e+06	2.10962e+06	2.08053e+06	1.9561e+06
P27829	P27829		wecC		3.5478e+06	3.64593e+06	3.86271e+06	3.28064e+06	3.60509e+06	3.60141e+06
P27830	P27830		rffG		1.56689e+06	1.5722e+06	1.56802e+06	1.53137e+06	1.44083e+06	1.47642e+06
P27833	P27833		rffA		2.69369e+06	2.68151e+06	2.69706e+06	2.65443e+06	2.61649e+06	2.72318e+06
P27836	P27836		wecG		602752	558553	569223	614085	594309	527751
P27838	P27838		cyaY		1.65688e+06	1.71852e+06	1.65719e+06	1.61962e+06	1.51648e+06	1.35123e+06
P27848	P27848		yigL		6.27457e+06	5.99208e+06	5.43196e+06	4.07144e+06	5.61942e+06	3.22067e+06
P27859	P27859		tatD		1.85744e+06	1.82889e+06	1.86977e+06	1.66584e+06	1.74346e+06	1.82059e+06
P28248	P28248		dcd		3.26366e+06	3.35794e+06	3.32544e+06	3.21737e+06	3.0719e+06	3.0676e+06
P28249	P28249		asmA		3.42757e+06	3.29955e+06	3.03002e+06	2.66329e+06	2.94582e+06	2.97695e+06
P28304	P28304		qorA		3.65965e+06	3.67366e+06	3.79596e+06	3.86352e+06	3.77351e+06	3.72906e+06
P28305	P28305		pabC		766167	716960	816762	825238	877045	900426
P28306	P28306		yceG		764210	780327	736286	707480	765898	951432
P28629	P28629		adiA		2.00718e+06	2.13791e+06	2.033e+06	1.9457e+06	1.97371e+06	2.02067e+06
P28631	P28631		holB		99124.9	89200	73593.7	29856.1		53146.2
P28635	P28635		metQ		1.31034e+07	1.30255e+07	1.3635e+07	1.40615e+07	1.41881e+07	1.38443e+07
P28903	P28903		nrdD		5.7065e+06	5.6762e+06	5.57806e+06	5.64092e+06	5.60664e+06	5.63026e+06
P28904	P28904		treC		2.57755e+06	2.71217e+06	2.71074e+06	2.74187e+06	2.91539e+06	2.84351e+06
P28905	P28905		holC		1.23891e+06	1.1756e+06	1.19767e+06	1.17896e+06	1.19205e+06	1.11546e+06
P29012	P29012		dadX		1.33378e+06	1.3938e+06	1.30593e+06	1.34197e+06	1.32215e+06	1.46282e+06
P29018	P29018		cydD		633354	739137	595002	613653	659284	750356
P29131	P29131		ftsN		1.98197e+06	1.88911e+06	2.02016e+06	1.89856e+06	1.66501e+06	1.92377e+06
P29208	P29208		menC		3.05933e+06	3.09858e+06	3.13918e+06	2.97803e+06	3.01636e+06	3.05081e+06
P29217	P29217		yceH		2.94706e+06	2.97939e+06	3.00125e+06	2.78716e+06	2.95604e+06	2.83134e+06
P29680	P29680		hemE		5.04209e+06	5.1438e+06	5.24317e+06	5.12078e+06	5.30433e+06	5.1624e+06
P29744	P29744		flgL		2.77692e+06	2.89444e+06	2.84429e+06	2.59903e+06	2.84135e+06	2.6649e+06
P29745	P29745		pepT		4.26689e+06	4.16437e+06	4.24097e+06	4.22463e+06	4.20649e+06	4.12475e+06
P30011	P30011		nadC		1.97707e+06	2.01274e+06	2.08019e+06	1.88382e+06	1.93909e+06	2.02947e+06
P30014	P30014		rnt		4.74714e+06	4.61515e+06	4.76152e+06	4.50589e+06	4.58492e+06	4.63801e+06
P30125	P30125		leuB		755200	901209	694409	672555	714414	846394
P30128	P30128		greB		2.07406e+06	2.18656e+06	2.02598e+06	2.17373e+06	2.04896e+06	2.09476e+06
P30130	P30130		fimD		1.67945e+06	1.66852e+06	1.65212e+06	1.62332e+06	1.75894e+06	1.58571e+06
P30131	P30131		hypF		588807	587031	543965		585718	654377
P30177	P30177		ybiB		9.20014e+06	9.61285e+06	9.10547e+06	9.60739e+06	9.69788e+06	9.63538e+06
P30178	P30178		ybiC		2.33417e+06	2.34719e+06	2.38847e+06	2.38369e+06	2.44226e+06	2.55618e+06
P30744	P30744		sdaB		5.89068e+06	5.65838e+06	5.90637e+06	5.84862e+06	6.00956e+06	5.879e+06
P30749	P30749		moaE		3.68169e+06	3.97837e+06	3.88926e+06	3.52678e+06	3.76543e+06	3.39282e+06
P30750	P30750		metN		1.83004e+06	1.80813e+06	1.76266e+06	1.67913e+06	1.84108e+06	1.72397e+06
P30843	P30843		basR		2.33192e+06	2.35677e+06	2.29177e+06	2.17428e+06	2.1873e+06	2.44751e+06
P30847	P30847		baeS		394541	364647	375460	283523	223181	210639
P30850	P30850		rnb		7.13789e+06	7.17986e+06	7.16453e+06	6.92579e+06	6.9657e+06	6.95425e+06
P30852	P30852		smf		1.92121e+06	1.79868e+06	1.97899e+06	1.79943e+06	1.76101e+06	1.83369e+06
P30859	P30859		artI		2.44831e+06	2.48771e+06	2.36647e+06	2.18144e+06	2.26157e+06	2.23811e+06
P30864	P30864		yafC		641229	612391	584858	608063	582410	602862
P30870	P30870		glnE		808837	794498	744938	679116	783909	751251
P30871	P30871		ygiF		4.00159e+06	3.93655e+06	3.62779e+06	3.78849e+06	3.97348e+06	3.79681e+06
P30958	P30958		mfd		6.8846e+06	6.6051e+06	6.5715e+06	6.3891e+06	6.74201e+06	6.62095e+06
P31057	P31057		panB		5.63171e+06	5.88312e+06	5.5615e+06	5.44734e+06	5.61147e+06	5.64599e+06
P31060	P31060		modF		326074	254723	222990	274963	301925	276512
P31063	P31063		yedD		6.3971e+06	5.76144e+06	5.99236e+06	5.7314e+06	5.20272e+06	5.50725e+06
P31068	P31068		fliH		1.18265e+06	1.0022e+06	1.08805e+06	909941	959315	959392
P31069	P31069		kch		1.15816e+06	1.12074e+06	1.22738e+06	1.25712e+06	1.09389e+06	1.13764e+06
P31119	P31119		aas		2.27106e+06	2.17335e+06	1.9832e+06	2.31284e+06	2.30567e+06	2.26241e+06
P31120	P31120		glmM		1.24559e+07	1.24215e+07	1.23353e+07	1.23778e+07	1.20457e+07	1.22289e+07
P31133	P31133		potF		523485	562452	545974	544966	613864	660325
P31142	P31142		sseA		7.10872e+06	7.20221e+06	7.18928e+06	7.29189e+06	7.46284e+06	7.38252e+06
P31224	P31224		acrB		4.27056e+06	4.26112e+06	4.42957e+06	4.40666e+06	4.50523e+06	4.32129e+06
P31433	P31433		yicH		2.36761e+06	2.29346e+06	2.41059e+06	2.31502e+06	2.312e+06	2.40589e+06
P31455	P31455		yidR		2.63894e+06	2.58365e+06	2.46644e+06	2.59895e+06	2.63049e+06	2.6469e+06
P31467	P31467		yieH		2.00861e+06	1.97014e+06	1.99752e+06	2.11337e+06	1.97924e+06	2.02714e+06
P31473	P31473		ravA		1.39977e+06	1.4681e+06	1.37864e+06	1.31324e+06	1.42278e+06	1.43425e+06
P31475	P31475		yieP		1.35799e+06	1.27341e+06	1.35923e+06	1.30634e+06	1.33095e+06	1.29385e+06
P31545	P31545		efeB		1.06347e+06	1.08809e+06	1.0548e+06	1.03749e+06	1.11205e+06	1.15196e+06
P31550	P31550		thiB		1.59052e+06	1.77001e+06	1.69111e+06	1.65264e+06	1.76652e+06	1.75374e+06
P31551	P31551		caiD		1.24387e+06	1.16005e+06	1.17989e+06	1.19391e+06	1.17942e+06	1.2096e+06
P31554	P31554		lptD		6.60774e+06	6.70745e+06	6.74892e+06	6.66588e+06	6.54123e+06	6.53095e+06
P31658	P31658		hchA		1.03126e+07	1.02953e+07	1.02382e+07	1.03617e+07	1.06607e+07	1.00374e+07
P31663	P31663		panC		3.04204e+06	3.03135e+06	3.1612e+06	2.95122e+06	2.89728e+06	3.06649e+06
P31677	P31677		otsA		823433	720156	690421	755363	698811	746805
P31678	P31678		otsB				569993	556418		513678
P31680	P31680		djlA		2.23644e+06	2.20377e+06	2.29943e+06	2.17684e+06	2.45236e+06	2.34707e+06
P31697	P31697		fimC		3.70717e+06	3.71181e+06	3.69803e+06	3.68393e+06	3.55352e+06	3.43646e+06
P31802	P31802		narP		3.06393e+06	3.02633e+06	3.00282e+06	3.20098e+06	2.80377e+06	3.32263e+06
P31808	P31808		yciK		3.43047e+06	3.4849e+06	3.35996e+06	3.26927e+06	3.38091e+06	3.30081e+06
P31825	P31825		yfiC		618577	691097	689607	685540	652739	664334
P31979	P31979		nuoF		1.13981e+07	1.14896e+07	1.13465e+07	1.15248e+07	1.1563e+07	1.12142e+07
P32099	P32099		lplA		2.06851e+06	1.9942e+06	2.13492e+06	1.91712e+06	2.1486e+06	1.66319e+06
P32131	P32131		hemN		3.47424e+06	3.4148e+06	3.41238e+06	3.32606e+06	3.32724e+06	3.31125e+06
P32132	P32132		typA		3.92023e+07	3.97937e+07	3.79144e+07	3.74127e+07	3.78032e+07	3.83666e+07
P32144	P32144		yihW		3.23025e+06	3.29394e+06	3.08952e+06	2.99349e+06	2.87019e+06	2.72035e+06
P32157	P32157		yiiM		3.44041e+06	3.48221e+06	3.49477e+06	3.46102e+06	3.39192e+06	3.35848e+06
P32160	P32160		yiiQ		1.06474e+06	1.07343e+06	1.0626e+06	1.08435e+06	1.11932e+06	1.09527e+06
P32162	P32162		yiiS		1.93406e+06	2.01092e+06	1.94956e+06	2.14276e+06	1.79207e+06	1.90146e+06
P32173	P32173		mobA		620552	601786	572399	609441	593766	674744
P32176	P32176		fdoG		5.57414e+06	5.61196e+06	5.51951e+06	5.49838e+06	5.56933e+06	5.51535e+06
P32662	P32662		gph		1.23334e+06	1.26571e+06	1.15135e+06	1.16455e+06	1.10268e+06	1.07707e+06
P32664	P32664		nudC		1.11952e+06	1.17376e+06	1.13406e+06	1.04608e+06	1.11804e+06	1.12752e+06
P32680	P32680		yjaG		1.97758e+06	1.90158e+06	1.86605e+06	1.86335e+06	1.92615e+06	1.95086e+06
P32681	P32681		yjaH		185623	265604	246790	239477	252287	
P32684	P32684		rluF		2.13762e+06	2.13582e+06	2.1345e+06	2.27363e+06	2.18596e+06	2.16774e+06
P32685	P32685		yjbD		902040	1.16017e+06	1.05108e+06	868667	821841	1.03989e+06
P32695	P32695		dusA		2.84952e+06	2.79148e+06	2.74648e+06	2.93303e+06	2.69404e+06	2.78392e+06
P32703	P32703		yjcE		1.0972e+06	1.22316e+06	1.14006e+06	991280	1.05661e+06	1.10531e+06
P33011	P33011		yeeA		2.08889e+06	1.90191e+06	2.04063e+06	1.90641e+06	2.31434e+06	2.19181e+06
P33018	P33018		yeiG		285073	322366	298895	297770	360198	315023
P33025	P33025		psuG		2.46292e+06	2.7644e+06	2.60472e+06	2.56053e+06	2.5596e+06	2.5873e+06
P33030	P33030		yeiR		1.52995e+06	1.51897e+06	1.45568e+06	1.4925e+06	1.50149e+06	1.53073e+06
P33136	P33136		mdoG		1.43372e+07	1.44178e+07	1.38992e+07	1.35094e+07	1.35066e+07	1.36105e+07
P33195	P33195		gcvP		5.55314e+06	5.74287e+06	5.58348e+06	5.74068e+06	5.65671e+06	5.8496e+06
P33218	P33218		yebE		5.161e+06	5.17254e+06	4.76968e+06	5.3743e+06	5.00138e+06	4.40796e+06
P33219	P33219		yebF		409228	432603	428057	398068	310850	438791
P33225	P33225		torA		3.29389e+06	3.26029e+06	3.28381e+06	2.9675e+06	3.05369e+06	2.94076e+06
P33232	P33232		lldD		920545	916432	979452		555720	593295
P33235	P33235		flgK		1.03984e+07	1.01837e+07	1.02758e+07	9.53304e+06	9.97779e+06	9.4922e+06
P33355	P33355		yehS		2.10294e+06	2.06575e+06	2.03013e+06	2.01059e+06	1.98382e+06	1.87122e+06
P33362	P33362		osmF		2.09276e+06	2.14202e+06	2.06672e+06	2.01685e+06	2.07676e+06	2.00423e+06
P33363	P33363		bglX		3.95081e+06	3.91425e+06	3.94195e+06	3.99345e+06	3.94127e+06	4.09058e+06
P33371	P33371		dusC		649995	605428	563579	563485	582713	
P33570	P33570		tktB		2.63e+06	2.73307e+06	2.7222e+06	2.67699e+06	2.62881e+06	2.6308e+06
P33590	P33590		nikA		3.85187e+06	3.91927e+06	3.9848e+06	3.65455e+06	3.886e+06	3.8494e+06
P33593	P33593		nikD		611572	663927	606254	628564	563908	624642
P33599	P33599		nuoC		1.42007e+07	1.41189e+07	1.4276e+07	1.43546e+07	1.42862e+07	1.41317e+07
P33602	P33602		nuoG		1.30983e+07	1.30946e+07	1.28718e+07	1.29081e+07	1.32443e+07	1.30192e+07
P33643	P33643		rluD		3.67094e+06	3.66383e+06	3.35102e+06	3.55591e+06	3.31683e+06	3.65108e+06
P33644	P33644		yfiH		418553	449303	419009	375959	453581	338730
P33650	P33650		feoB		2.38223e+06	2.32055e+06	2.3583e+06	2.40146e+06	2.36744e+06	2.45853e+06
P33667	P33667		selU		892652	853465	860771	814345	920832	941331
P33898	P33898		gapC		1.67964e+06	1.73198e+06	1.73305e+06	1.59731e+06	1.75873e+06	1.62748e+06
P33916	P33916		yejF		946840	1.05085e+06	905317	980245	909399	897960
P33920	P33920		yejK		2.63848e+06	2.62973e+06	2.58721e+06	2.69008e+06	2.71426e+06	2.77539e+06
P33937	P33937		napA		4.80999e+06	4.77411e+06	4.79808e+06	4.77417e+06	4.58308e+06	4.78177e+06
P34209	P34209		ydcF		1.0126e+06	1.06581e+06	1.0172e+06	1.1274e+06	1.17561e+06	1.18025e+06
P35340	P35340		ahpF		1.00989e+07	1.01822e+07	1.00301e+07	9.86534e+06	9.92697e+06	9.76919e+06
P36548	P36548		amiA		1.58538e+06	1.44349e+06	1.56763e+06	1.55343e+06	1.58841e+06	1.55602e+06
P36553	P36553		hemF		764649	807556	829622	844794	837470	1.0094e+06
P36566	P36566		smtA		3.73806e+06	3.69006e+06	3.37353e+06	3.13537e+06	2.87602e+06	3.04414e+06
P36649	P36649		cueO		217852	246876	204247	234142	201369	173206
P36655	P36655		dsbD		544365	582760		586288	552489	476239
P36659	P36659		cbpA		3.6129e+06	3.58478e+06	3.35323e+06	3.46453e+06	3.4877e+06	3.4552e+06
P36672	P36672		treB		1.37741e+06	1.34019e+06	1.25107e+06	1.34883e+06	1.2884e+06	1.28648e+06
P36673	P36673		treR		882533	866821	927218	900657	795641	906749
P36680	P36680		zapD		4.6302e+06	5.30809e+06	4.89084e+06	4.61946e+06	5.00853e+06	4.84881e+06
P36683	P36683		acnB		1.05844e+07	1.05992e+07	1.08196e+07	1.08554e+07	1.06485e+07	1.05508e+07
P36767	P36767		rdgC		6.02059e+06	5.9837e+06	5.88207e+06	5.77937e+06	5.8859e+06	5.9762e+06
P36771	P36771		lrhA		2.5565e+06	2.46881e+06	2.73038e+06	2.84295e+06	2.83515e+06	2.69058e+06
P36879	P36879		yadG		1.96918e+06	1.90691e+06	1.77327e+06	1.96919e+06	1.97595e+06	1.88813e+06
P36928	P36928		yegD		1.71358e+06	1.74346e+06	1.6963e+06	1.74254e+06	1.74762e+06	1.76821e+06
P36929	P36929		rsmB		3.03871e+06	2.90013e+06	3.10876e+06	2.92557e+06	2.9771e+06	2.90003e+06
P36938	P36938		pgm		2.51136e+07	2.5323e+07	2.47881e+07	2.52623e+07	2.47244e+07	2.45218e+07
P36979	P36979		rlmN		3.49954e+06	3.43603e+06	3.55192e+06	3.76315e+06	3.72391e+06	3.71718e+06
P36999	P36999		rlmA		1.06318e+06	1.01737e+06	1.01492e+06	1.09295e+06	1.05906e+06	905314
P37005	P37005		lasT		2.3623e+06	2.34347e+06	2.54006e+06	2.74807e+06	2.64178e+06	2.63589e+06
P37024	P37024		hrpB		559380	530647	544678	624421	460595	470428
P37025	P37025		ligT		328069	294920	341977	334567	372406	332282
P37028	P37028		btuF		590958	559289	563568	552968	510781	483956
P37051	P37051		purU		4.03451e+06	4.10877e+06	3.8889e+06	3.99651e+06	4.01021e+06	3.9834e+06
P37052	P37052		ychJ		910768	975185	961341	948033	942750	944128
P37095	P37095		pepB		1.58057e+07	1.56585e+07	1.56779e+07	1.54514e+07	1.55733e+07	1.54503e+07
P37128	P37128		nudK		1.01956e+06	985200	1.04543e+06	1.03765e+06	968715	1.07038e+06
P37177	P37177		ptsP		1.04259e+06	1.00775e+06	1.00557e+06	1.02216e+06	1.05028e+06	1.02889e+06
P37182	P37182		hybD		4.00479e+06	3.79613e+06	3.73827e+06	3.95617e+06	3.77857e+06	3.84514e+06
P37194	P37194		slp		5.43515e+07	5.38421e+07	5.10313e+07	5.26251e+07	5.14998e+07	5.38335e+07
P37197	P37197		yhjA		425105	363554	301411	358493	410447	265662
P37325	P37325		ybcH		298877	292708	203770	387367	246456	265482
P37329	P37329		modA		4.32803e+06	4.24097e+06	4.19484e+06	4.1365e+06	4.18683e+06	4.14253e+06
P37330	P37330		glcB		3.78424e+06	3.76529e+06	3.79295e+06	3.99362e+06	3.88596e+06	4.07783e+06
P37342	P37342		yjjI		2.55857e+06	2.60183e+06	2.48249e+06	2.47967e+06	2.53321e+06	2.53272e+06
P37349	P37349		dhaM		2.70314e+06	2.82858e+06	2.73004e+06	2.62538e+06	2.77821e+06	2.74555e+06
P37355	P37355		menH		650155	684732	612775	525577	542425	428765
P37440	P37440		ucpA		6.98425e+06	7.05037e+06	7.00985e+06	6.40411e+06	6.99008e+06	7.04082e+06
P37590	P37590		pmrD		2.05826e+06	2.56714e+06	2.1894e+06	2.14867e+06	1.87918e+06	2.17204e+06
P37613	P37613		yhhK		4.54526e+06	4.38146e+06	4.31984e+06	4.446e+06	4.43009e+06	4.4565e+06
P37617	P37617		zntA		2.08968e+06	2.07639e+06	2.11634e+06	2.0577e+06	2.16953e+06	2.12838e+06
P37626	P37626		yhiI		1.45336e+06	1.30409e+06	1.41831e+06	1.38478e+06	1.40984e+06	1.39577e+06
P37631	P37631		yhiN		1.26924e+06	1.19394e+06	1.15803e+06	1.24623e+06	1.13463e+06	1.16494e+06
P37634	P37634		rlmJ		2.9673e+07	3.01954e+07	2.9628e+07	2.96485e+07	2.93004e+07	3.04578e+07
P37636	P37636		mdtE		5.21035e+06	5.33137e+06	5.29044e+06	5.36798e+06	5.2925e+06	5.17576e+06
P37637	P37637		mdtF		1.41474e+06	1.47409e+06	1.46559e+06	1.29225e+06	1.44504e+06	1.44737e+06
P37641	P37641		yhjC		1.01755e+06	750962	976796	939246	875150	1.03692e+06
P37646	P37646		yhjH		156753	134797	122550	206029	146611	141364
P37647	P37647		kdgK		5.69252e+06	5.70021e+06	5.69821e+06	5.46667e+06	5.70695e+06	5.3806e+06
P37648	P37648		yhjJ		3.79619e+06	3.91255e+06	3.81769e+06	3.76443e+06	3.77059e+06	3.70761e+06
P37650	P37650		bcsC		1.38489e+06	1.47693e+06	1.57104e+06	1.34634e+06	1.28648e+06	1.36074e+06
P37651	P37651		bcsZ		2.16353e+06	2.19296e+06	2.11597e+06	2.1241e+06	2.16801e+06	2.24091e+06
P37652	P37652		bcsB		3.13318e+06	3.14477e+06	3.16204e+06	3.22368e+06	3.21147e+06	3.11519e+06
P37655	P37655		bcsQ		5.11722e+06	4.85563e+06	5.14279e+06	4.68267e+06	4.54527e+06	4.42357e+06
P37657	P37657		bcsE		1.27101e+06	1.26516e+06	1.30821e+06	1.33896e+06	1.27359e+06	1.32371e+06
P37659	P37659		bcsG		60224.6		91190.1		51679	
P37665	P37665		yiaD		1.27712e+07	1.29349e+07	1.31263e+07	1.26543e+07	1.24007e+07	1.20301e+07
P37666	P37666		ghrB		1.02871e+07	1.01405e+07	9.85086e+06	1.01931e+07	9.98607e+06	9.92468e+06
P37671	P37671		yiaJ		213754	146390	155546	175173	194195	119070
P37673	P37673		yiaL			833836				
P37685	P37685		aldB		1.45804e+06	1.32355e+06	1.55177e+06	1.35113e+06	1.24962e+06	1.21159e+06
P37689	P37689		gpmI		4.15433e+07	4.05062e+07	4.13239e+07	3.94524e+07	3.9878e+07	3.85724e+07
P37690	P37690		envC		2.81753e+06	3.07888e+06	2.97831e+06	3.01846e+06	2.97608e+06	3.24306e+06
P37692	P37692		rfaF		2.89851e+06	2.70936e+06	2.97337e+06	2.97804e+06	2.80488e+06	2.94603e+06
P37747	P37747		glf		921436	232314	806899	820648	685114	938412
P37765	P37765		rluB		8.52072e+06	8.41062e+06	8.66691e+06	8.7014e+06	8.60662e+06	8.34194e+06
P37773	P37773		mpl		7.96167e+06	7.90028e+06	8.15696e+06	8.09613e+06	7.9583e+06	8.51084e+06
P37902	P37902		gltI		1.56827e+06	1.53472e+06	1.59256e+06	1.59969e+06	1.62153e+06	1.62338e+06
P37903	P37903		uspF		8.36823e+06	8.53805e+06	8.4062e+06	8.39763e+06	8.65737e+06	8.34959e+06
P37908	P37908		yfjD		893283	913228	889184	827944	876739	812670
P38038	P38038		cysJ		3.89373e+06	3.86688e+06	3.79972e+06	3.84378e+06	3.72734e+06	3.84046e+06
P38134	P38134		etk		4.9432e+06	4.96983e+06	4.99503e+06	4.8275e+06	5.03803e+06	4.8809e+06
P38489	P38489		nfnB		5.91012e+06	5.76418e+06	5.89665e+06	6.06838e+06	5.84338e+06	5.81696e+06
P38506	P38506		ygdG		789485	683293	702142	647062	725357	633144
P38521	P38521		yggL		482314	467668	531404	536834	425447	381483
P39099	P39099		degQ		6.09227e+06	6.23212e+06	6.07289e+06	5.73145e+06	5.67788e+06	5.84069e+06
P39160	P39160		uxuB		1.31301e+06	1.2422e+06	1.43883e+06	1.43273e+06	1.43743e+06	1.46633e+06
P39172	P39172		znuA		4.7747e+06	4.89112e+06	4.54021e+06	4.83743e+06	4.92967e+06	4.96265e+06
P39173	P39173		yeaD		3.18705e+07	3.21173e+07	3.22754e+07	3.16655e+07	3.1882e+07	3.12132e+07
P39176	P39176		erfK		2.57092e+06	3.36159e+06	2.39464e+06	2.70897e+06	2.27758e+06	2.24945e+06
P39177	P39177		uspG		3.89989e+07	3.86265e+07	3.68307e+07	3.99699e+07	3.83086e+07	3.62144e+07
P39199	P39199		prmB		4.54101e+06	4.71563e+06	4.2777e+06	4.19736e+06	4.32912e+06	4.42264e+06
P39274	P39274		yjdJ		4.08044e+06	3.58065e+06	3.83753e+06	3.6839e+06	4.13036e+06	3.98079e+06
P39280	P39280		epmB		1.30932e+06	1.21358e+06	1.33256e+06	1.2716e+06	1.29708e+06	1.30092e+06
P39285	P39285		yjeP		709426	730219	681684	721803	758632	832483
P39286	P39286		rsgA		2.29976e+07	2.66501e+07	2.58591e+07	2.45563e+07	2.50077e+07	2.45435e+07
P39298	P39298		yjfP		781482	640106	664001	605154	780390	813138
P39300	P39300		ulaG		835207	780255	913133	876513	1.06636e+06	1.05889e+06
P39310	P39310		ytfB		1.33901e+06	1.30536e+06	1.22576e+06	1.27875e+06	1.29843e+06	1.288e+06
P39315	P39315		qorB		3.23081e+06	3.16421e+06	3.17214e+06	3.15207e+06	3.14507e+06	3.17736e+06
P39321	P39321		tamB		1.33236e+06	1.34796e+06	1.37073e+06	1.37261e+06	1.37764e+06	1.28654e+06
P39325	P39325		ytfQ		1.81393e+06	1.94933e+06	1.84265e+06	2.01304e+06	1.93627e+06	1.86402e+06
P39337	P39337		yjgM		512539	407040	533485	509675	582348	503496
P39342	P39342		yjgR		1.28882e+06	1.33464e+06	1.2153e+06	1.1898e+06	1.24998e+06	1.19161e+06
P39347	P39347		intB		832365	800274	870206	861047	984278	963513
P39361	P39361		sgcR		874341	810175	746484	1.07256e+06	953336	1.09464e+06
P39377	P39377		iadA		5.13945e+06	5.04275e+06	4.8989e+06	5.14441e+06	5.07994e+06	5.02025e+06
P39384	P39384		yjiM		1.43642e+06	1.41739e+06	1.37389e+06	1.37539e+06	1.38388e+06	1.35779e+06
P39391	P39391		yjiT		534178	580289	541604	625742	622866	604351
P39393	P39393		yjiV		875504	962374	939226	847915	870753	810527
P39396	P39396		yjiY		5.63257e+06	5.57182e+06	5.37824e+06	5.67318e+06	5.69863e+06	5.54665e+06
P39401	P39401		mdoB		1.38079e+06	1.41524e+06	1.42533e+06	1.47229e+06	1.46018e+06	1.43267e+06
P39406	P39406		rsmC		1.0911e+07	1.08107e+07	1.08925e+07	1.06833e+07	1.05186e+07	1.06653e+07
P39407	P39407		yjjU		801073	792248	752249	767590	690296	660493
P39408	P39408		yjjV		683837	696420	620727	634989	532497	630098
P39411	P39411		yjjX		2.48828e+06	2.72449e+06	2.65257e+06	2.82967e+06	2.93116e+06	2.84313e+06
P39451	P39451		adhP		3.89697e+06	3.82431e+06	4.16149e+06	3.42951e+06	4.07518e+06	4.05397e+06
P39829	P39829		garD		365407	451954	425118	418679	266976	358592
P39830	P39830		ybaL		1.06045e+06	1.03377e+06	1.09228e+06	1.06217e+06	1.10467e+06	1.1039e+06
P39831	P39831		ydfG		9.76082e+06	9.75307e+06	9.7829e+06	9.84152e+06	9.69255e+06	9.37641e+06
P39838	P39838		rcsD		569072	615371	537694	655663	573603	559353
P40120	P40120		mdoD		8.54162e+06	8.59019e+06	8.48477e+06	8.51913e+06	8.91864e+06	8.60449e+06
P40191	P40191		pdxK		1.8456e+06	1.98442e+06	1.97249e+06	2.01733e+06	1.8963e+06	1.9623e+06
P40710	P40710		nlpE		3.89961e+06	4.15146e+06	3.9496e+06	3.87871e+06	3.7151e+06	3.76802e+06
P40719	P40719		qseC		364187	349132	373884	350399	316625	365489
P40874	P40874		solA		2.98251e+06	3.03004e+06	3.04512e+06	3.08418e+06	3.11014e+06	3.12179e+06
P41052	P41052		mltB		1.02685e+06	1.0551e+06	979745	968752	978123	1.01463e+06
P41159ups|LEP_HUMAN_UPS Leptin (Chain 22-167) - Homo sapiens (Human)	P41159ups|LEP_HUMAN_UPS Leptin (Chain 22-167) - Homo sapiens (Human)				2.26365e+06	2.11202e+06	1.85938e+06	1.31821e+07	1.60231e+07	1.5821e+07
P41407	P41407		azoR		2.98438e+06	3.12799e+06	3.14004e+06	3.17159e+06	3.43003e+06	3.16346e+06
P41409	P41409		rihA		1.26806e+06	1.32795e+06	1.33262e+06	1.35008e+06	1.37167e+06	1.37528e+06
P42589	P42589		ygjH		1.10285e+06	1.29841e+06	1.27155e+06	997543	1.09868e+06	1.33949e+06
P42596	P42596		rlmG		2.26677e+06	2.32661e+06	2.1314e+06	2.31093e+06	2.44507e+06	2.18554e+06
P42597	P42597		ygjP		2.32444e+06	2.27347e+06	1.9346e+06	2.69064e+06	3.05197e+06	3.02656e+06
P42599	P42599		ygjR			900821	981497	916177		1.00618e+06
P42616	P42616		yqjC		214163	228481	118952	165757	173691	173495
P42620	P42620		yqjG		1.03476e+06	976960	1.0498e+06	1.0059e+06	948797	1.02557e+06
P42628	P42628		yhaO		1.02066e+07	1.07659e+07	1.07106e+07	1.06867e+07	1.0355e+07	1.04523e+07
P42632	P42632		tdcE		1.783e+07	1.86209e+07	1.76824e+07	1.74624e+07	1.77136e+07	1.76664e+07
P42641	P42641		obgE		7.6794e+06	8.29618e+06	7.82722e+06	7.47715e+06	7.16933e+06	7.51504e+06
P43329	P43329		hrpA		1.46164e+06	1.44318e+06	1.48227e+06	1.47802e+06	1.52037e+06	1.52227e+06
P43337	P43337		nudL		622098	633324	574598	583081	624454	653195
P43533	P43533		flgN		1.43285e+06	1.38998e+06	1.26899e+06	1.50906e+06	1.4927e+06	1.42832e+06
P43671	P43671		pqiB		1.08511e+06	1.08096e+06	1.02637e+06	1.09567e+06	1.11128e+06	1.08954e+06
P43672	P43672		uup		2.2375e+06	2.22467e+06	2.35902e+06	2.25664e+06	2.28493e+06	2.37993e+06
P45395	P45395		kdsD		2.7352e+06	2.55849e+06	2.55453e+06	2.6167e+06	2.67691e+06	2.87168e+06
P45464	P45464		lpoA		5.08549e+06	5.09267e+06	5.13919e+06	5.04428e+06	5.06286e+06	5.04792e+06
P45469	P45469		yraR		988018	965180	860708	955091	938829	863174
P45470	P45470		yhbO		916200	928338	931451	915775	871910	970220
P45475	P45475		yhbV		1.28142e+06	1.19815e+06	1.18309e+06	1.04172e+06	1.17821e+06	1.15446e+06
P45523	P45523		fkpA		3.21441e+07	3.2487e+07	3.15298e+07	3.12338e+07	3.14271e+07	3.21591e+07
P45530	P45530		tusB		1.11986e+06	1.10421e+06	1.09751e+06	1.15379e+06	1.13324e+06	1.1259e+06
P45531	P45531		tusC		734388	662593	786411	626126	727607	680008
P45568	P45568		dxr		2.23543e+06	2.29429e+06	2.15253e+06	2.48878e+06	2.66734e+06	2.36144e+06
P45577	P45577		proQ		1.42997e+07	1.44149e+07	1.42951e+07	1.40601e+07	1.4206e+07	1.40961e+07
P45578	P45578		luxS		2.35771e+07	2.30556e+07	2.24673e+07	2.37193e+07	2.33858e+07	2.34729e+07
P45748	P45748		rimN		4.23026e+06	4.37415e+06	4.15024e+06	4.03919e+06	4.20928e+06	4.33376e+06
P45771	P45771		yrdD		1.57952e+06	1.77007e+06	1.53218e+06	1.87392e+06	1.92227e+06	2.02188e+06
P45795	P45795		yrdB		3.17148e+06	3.42549e+06	3.46151e+06	3.40123e+06	3.26926e+06	3.37623e+06
P45799	P45799		nudE		1.92177e+06	1.75831e+06	1.80843e+06	1.79849e+06	1.85014e+06	1.7999e+06
P45955	P45955		ybgF		1.47006e+06	1.43695e+06	1.36385e+06	1.28759e+06	1.32623e+06	1.41894e+06
P46122	P46122		yajI		598136	724969	656687	576398	615871	525824
P46125	P46125		yedI		474737	449206	484294	442383	520310	402941
P46130	P46130		ybhC		8.62463e+06	8.81282e+06	9.0499e+06	8.15328e+06	7.95332e+06	8.28984e+06
P46142	P46142		yggM		9.12973e+06	9.38575e+06	9.15012e+06	9.09358e+06	9.60142e+06	8.49674e+06
P46474	P46474		yhdP		505936	483629	523423	436576	532982	611864
P46837	P46837		yhgF		7.76906e+06	7.75588e+06	7.54209e+06	7.60125e+06	7.52675e+06	7.76313e+06
P46852	P46852		yhhW		1.241e+06	1.31179e+06	1.12458e+06	1.18767e+06	1.29141e+06	1.24342e+06
P46853	P46853		yhhX		6.42736e+06	6.68789e+06	6.58441e+06	6.46185e+06	6.29467e+06	6.40847e+06
P46854	P46854		yhhY		3.19846e+06	3.33588e+06	3.14461e+06	3.17789e+06	3.28392e+06	3.28702e+06
P46859	P46859		gntK		1.32597e+06	1.30473e+06	1.48851e+06	1.33373e+06	1.29657e+06	1.32875e+06
P46889	P46889		ftsK		2.15615e+06	2.23881e+06	2.20218e+06	2.08702e+06	2.22468e+06	2.16287e+06
P50456	P50456		mlc		1.17483e+06	1.15103e+06	1.19514e+06	1.19402e+06	1.12383e+06	1.3452e+06
P51024	P51024		yaiL		934770	1.08246e+06	940555	1.10488e+06	1.04192e+06	1.16757e+06
P51025	P51025		frmB		6.10927e+06	6.04643e+06	5.48531e+06	6.37708e+06	5.94404e+06	6.43751e+06
P51965ups|UB2E1_HUMAN_UPS Ubiquitin-conjugating enzyme E2 E1 (Chain 1-193, N terminal His tag)- Homo sapiens (Human)	P51965ups|UB2E1_HUMAN_UPS Ubiquitin-conjugating enzyme E2 E1 (Chain 1-193, N terminal His tag)- Homo sapiens (Human)				2.46543e+06	2.04053e+06	2.81776e+06	6.94688e+06	7.09897e+06	6.92825e+06
P52006	P52006		nudI		1.03696e+06	1.20409e+06	1.15148e+06	1.21141e+06	1.29962e+06	1.28253e+06
P52007	P52007		yecM		1.82738e+06	1.78651e+06	1.85625e+06	1.86326e+06	1.90179e+06	1.81826e+06
P52060	P52060		yggU		407209	508434	410374	529530	428972	321945
P52061	P52061		rdgB		7.6311e+06	7.80607e+06	7.8121e+06	7.74155e+06	7.72438e+06	7.60729e+06
P52076	P52076		qseB		915661	908618	949381	930242	935217	977379
P52108	P52108		rstA		3.56096e+06	3.56715e+06	3.55307e+06	3.80437e+06	3.76379e+06	3.69981e+06
P52119	P52119		ratB		4.18839e+06	4.2453e+06	4.18562e+06	3.72032e+06	3.93422e+06	3.99367e+06
P52612	P52612		fliI		508566	482816	507139	505867	474197	508238
P52613	P52613		fliJ		293563	334450	237211	265978	290391	226637
P52614	P52614		fliK		297000	322923	362076	288088	329158	313977
P52627	P52627		fliZ		215466	243066	241986	256977	265239	223880
P52643	P52643		ldhA		8.49252e+06	8.6002e+06	8.58787e+06	8.37578e+06	8.41607e+06	8.06804e+06
P52644	P52644		hslJ		405244	417610	394803	380876	438176	429597
P52647	P52647		ydbK		1.8892e+06	1.92793e+06	1.95686e+06	1.99949e+06	1.94614e+06	1.96984e+06
P52697	P52697		pgl		2.33909e+07	2.39549e+07	2.34295e+07	2.29401e+07	2.37051e+07	2.29191e+07
P55135	P55135		rlmD		1.00459e+06		929196		1.22825e+06	828676
P55957ups|BID_HUMAN_UPS BH3-interacting domain death agonist (Chain 1-195) - Homo sapiens (Human)	P55957ups|BID_HUMAN_UPS BH3-interacting domain death agonist (Chain 1-195) - Homo sapiens (Human)				1.40709e+06	1.23509e+06	1.28522e+06	9.8142e+06	9.84828e+06	9.97951e+06
P56262	P56262		ysgA		1.47522e+06	1.53518e+06	1.3905e+06	1.5439e+06	1.37116e+06	1.39679e+06
P60061	P60061		adiC		1.42851e+06	1.35358e+06	1.38359e+06	1.40772e+06	1.32414e+06	1.54664e+06
P60240	P60240		rapA		4.28109e+06	4.26005e+06	4.17001e+06	4.20755e+06	4.14827e+06	4.10921e+06
P60293	P60293		mukF		2.22082e+06	2.24565e+06	2.16625e+06	2.21521e+06	2.21498e+06	2.16504e+06
P60340	P60340		truB		7.63573e+06	7.81725e+06	7.87592e+06	7.88038e+06	8.00634e+06	7.90873e+06
P60390	P60390		rsmH		4.7768e+06	4.85628e+06	4.48992e+06	4.5089e+06	4.72217e+06	4.58149e+06
P60422	P60422		rplB		1.30301e+08	1.2961e+08	1.31088e+08	1.26908e+08	1.25636e+08	1.25811e+08
P60438	P60438		rplC		2.48996e+08	2.50068e+08	2.56998e+08	2.27986e+08	2.33703e+08	2.26658e+08
P60546	P60546		gmk		6.15015e+06	6.29536e+06	6.535e+06	6.30706e+06	6.51641e+06	6.46256e+06
P60560	P60560		guaC		8.27728e+06	8.20344e+06	8.37966e+06	8.21688e+06	8.10391e+06	8.21042e+06
P60595	P60595		hisH		1.33284e+06	1.34207e+06	1.21636e+06	1.40992e+06	1.36893e+06	1.30439e+06
P60624	P60624		rplX		1.62306e+08	1.63169e+08	1.65497e+08	1.6473e+08	1.62901e+08	1.64133e+08
P60651	P60651		speB		1.33166e+07	1.36077e+07	1.34398e+07	1.31269e+07	1.31713e+07	1.2772e+07
P60664	P60664		hisF		3.15137e+06	3.0615e+06	3.13577e+06	3.12663e+06	3.0288e+06	2.8717e+06
P60716	P60716		lipA		7.25649e+06	7.21436e+06	7.06618e+06	7.29545e+06	7.19776e+06	7.33169e+06
P60720	P60720		lipB				207700			
P60723	P60723		rplD		2.48424e+08	2.44935e+08	2.40961e+08	2.4004e+08	2.46681e+08	2.49818e+08
P60752	P60752		msbA		4.17841e+06	4.0404e+06	4.0544e+06	4.08463e+06	4.19125e+06	4.1481e+06
P60757	P60757		hisG		4.51041e+06	4.56787e+06	4.65951e+06	4.6231e+06	4.80057e+06	4.76888e+06
P60785	P60785		lepA		1.04901e+07	1.03873e+07	1.04908e+07	1.0117e+07	1.03441e+07	1.03087e+07
P60906	P60906		hisS		1.1884e+07	1.15319e+07	1.17386e+07	1.16266e+07	1.15767e+07	1.14185e+07
P60955	P60955		lgt		223671	181141	216917			
P61175	P61175		rplV		2.15956e+08	2.19784e+08	2.15284e+08	2.08221e+08	2.07181e+08	2.07626e+08
P61316	P61316		lolA		4.06713e+06	4.15381e+06	4.01276e+06	4.15102e+06	4.28151e+06	4.2222e+06
P61320	P61320		lolB		3.34707e+06	3.24075e+06	3.29686e+06	3.32662e+06	3.3825e+06	3.33232e+06
P61517	P61517		can		7.66641e+06	7.45115e+06	7.74757e+06	8.09299e+06	7.81394e+06	7.46033e+06
P61626ups|LYSC_HUMAN_UPS Lysozyme C (Chain 19-148) - Homo sapiens (Human)	P61626ups|LYSC_HUMAN_UPS Lysozyme C (Chain 19-148) - Homo sapiens (Human)				2.64617e+06	2.74424e+06	2.70655e+06	1.71798e+07	1.68959e+07	1.68865e+07
P61714	P61714		ribE		4.23329e+07	4.33415e+07	4.24925e+07	3.9618e+07	4.07062e+07	4.04878e+07
P61769ups|B2MG_HUMAN_UPS Beta-2-microglobulin (Chain 21-119) - Homo sapiens (Human)	P61769ups|B2MG_HUMAN_UPS Beta-2-microglobulin (Chain 21-119) - Homo sapiens (Human)				760255	868101	769374	5.95478e+06	6.10341e+06	6.16394e+06
P61887	P61887		rmlA2		1.08074e+06	1.01393e+06	1.06405e+06	1.1469e+06	1.12173e+06	992577
P61889	P61889		mdh		1.57086e+07	1.60284e+07	1.562e+07	1.38222e+07	1.43727e+07	1.40002e+07
P61949	P61949		fldA		6.04564e+06	6.10866e+06	6.09515e+06	5.88269e+06	5.76458e+06	5.93955e+06
P62399	P62399		rplE		1.45008e+08	1.42738e+08	1.42813e+08	1.34675e+08	1.34112e+08	1.36719e+08
P62556	P62556		sopA		3.98326e+06	4.16154e+06	4.07063e+06	4.12969e+06	4.11222e+06	4.0121e+06
P62558	P62558		sopB		6.43476e+06	6.37264e+06	6.34002e+06	6.21246e+06	6.3006e+06	6.44491e+06
P62615	P62615		ispE		2.90671e+06	2.74095e+06	2.90706e+06	2.80119e+06	2.60786e+06	2.79681e+06
P62617	P62617		ispF		3.22461e+06	3.07311e+06	3.30292e+06	3.17484e+06	3.3138e+06	3.4479e+06
P62620	P62620		ispG		6.61644e+06	6.69125e+06	6.54219e+06	6.48386e+06	6.43139e+06	6.51171e+06
P62623	P62623		ispH		5.19706e+06	5.10524e+06	5.2577e+06	5.25291e+06	5.17604e+06	5.18935e+06
P62672	P62672		apaG		490682	472963	530483	449049	478798	469292
P62707	P62707		gpmA		4.10804e+07	4.08972e+07	4.06218e+07	4.02692e+07	3.99599e+07	4.20371e+07
P62768	P62768		yaeH		5.34877e+06	5.44526e+06	5.42887e+06	5.30851e+06	5.44234e+06	5.43507e+06
P62937ups|PPIA_HUMAN_UPS Peptidyl-prolyl cis-trans isomerase A (Chain 1-165, N terminal His tag)- Homo sapiens (Human)	P62937ups|PPIA_HUMAN_UPS Peptidyl-prolyl cis-trans isomerase A (Chain 1-165, N terminal His tag)- Homo sapiens (Human)				1.10294e+06	1.07936e+06	1.11449e+06	6.6309e+06	6.84497e+06	6.80769e+06
P62988ups|UBIQ_HUMAN_UPS Ubiquitin (Chain 1-76, N-terminal His tag) - Homo sapiens (Human)	P62988ups|UBIQ_HUMAN_UPS Ubiquitin (Chain 1-76, N-terminal His tag) - Homo sapiens (Human)				759198	847063	807460	3.69073e+06	3.73703e+06	3.97605e+06
P63020	P63020		nfuA		8.62886e+06	8.73599e+06	8.68879e+06	8.04719e+06	8.48004e+06	8.72074e+06
P63165ups|SUMO1_HUMAN_UPS Small ubiquitin-related modifier 1 (Chain 1-97, N-terminal GST tag) - Homo sapiens (Human)	P63165ups|SUMO1_HUMAN_UPS Small ubiquitin-related modifier 1 (Chain 1-97, N-terminal GST tag) - Homo sapiens (Human)				3.31273e+06	3.77284e+06	3.22337e+06	1.82822e+07	1.82863e+07	1.89012e+07
P63177	P63177		rlmB		3.27778e+06	3.19101e+06	3.23362e+06	3.41109e+06	3.18581e+06	3.09691e+06
P63224	P63224		gmhA		1.95285e+07	2.04671e+07	1.95723e+07	1.83895e+07	1.88518e+07	1.86067e+07
P63228	P63228		gmhB		4.36904e+06	4.3331e+06	4.48532e+06	3.68876e+06	4.29486e+06	4.17981e+06
P63235	P63235		gadC		3.03015e+06	3.10821e+06	3.12973e+06	3.02783e+06	3.31103e+06	3.35309e+06
P63279ups|UBC9_HUMAN_UPS SUMO-conjugating enzyme UBC9 (Chain 1-158) - Homo sapiens (Human)	P63279ups|UBC9_HUMAN_UPS SUMO-conjugating enzyme UBC9 (Chain 1-158) - Homo sapiens (Human)				2.10635e+06	1.81139e+06	1.50678e+06	9.43356e+06	9.28633e+06	8.45162e+06
P63284	P63284		clpB		2.47762e+07	2.48755e+07	2.45027e+07	2.48363e+07	2.48528e+07	2.49322e+07
P63386	P63386		mlaF		925820	923226	969328	973274	815405	887356
P63389	P63389		yheS		3.9258e+06	3.97389e+06	3.79383e+06	3.85538e+06	3.97216e+06	3.94895e+06
P63417	P63417		yhbS		9.41776e+06	9.60173e+06	9.09645e+06	9.04459e+06	9.15576e+06	9.02525e+06
P63883	P63883		amiC		1.19832e+06	1.07872e+06	1.16048e+06	1.12779e+06	1.20551e+06	1.16664e+06
P64423	P64423		zntB		412717	414889	461856		432919	392025
P64429	P64429		ypfJ		1.27634e+06	1.22798e+06	1.27312e+06	1.08123e+06	1.25094e+06	1.18964e+06
P64451	P64451		ydcL		2.07235e+06	2.08062e+06	1.88851e+06	1.86062e+06	1.91783e+06	1.86127e+06
P64455	P64455		ydcY		3.8816e+06	3.36967e+06	3.95249e+06	3.18188e+06	3.8481e+06	4.90218e+06
P64463	P64463		ydfZ		4.61409e+07	4.76577e+07	4.65483e+07	4.73338e+07	4.70414e+07	4.80099e+07
P64467	P64467		cnu		2.71369e+06	2.81417e+06	2.85869e+06	2.88149e+06	2.52166e+06	2.83454e+06
P64476	P64476		ydiH		1.58101e+06	1.59678e+06	1.69025e+06	1.8638e+06	1.81975e+06	1.82163e+06
P64483	P64483		yeaK		4.34671e+06	4.52632e+06	4.44488e+06	4.34308e+06	4.35758e+06	4.64554e+06
P64493	P64493		yoaF		967588	809563	896240	949712	937364	851980
P64499	P64499		yebO		4.88951e+06	5.13266e+06	4.15653e+06	4.46302e+06	4.39293e+06	4.51857e+06
P64506	P64506		yebY		1.32403e+06	1.33063e+06	1.36808e+06	1.54873e+06	1.44033e+06	1.45084e+06
P64519	P64519		yodD		520600	576334	525262	437866	422055	403977
P64534	P64534		rcnB		2.4523e+06	2.56593e+06	2.56941e+06	2.58673e+06	2.68371e+06	2.73432e+06
P64540	P64540		yfcL		7.79004e+06	8.15634e+06	8.19984e+06	7.8993e+06	7.69361e+06	7.14294e+06
P64545	P64545		yfgG		771283	665056	794207	805408	753588	706611
P64548	P64548		yfiR		406534	448741	452779	472424	443721	434868
P64554	P64554		queE		3.92176e+06	3.86126e+06	3.82305e+06	3.78113e+06	3.59649e+06	3.62617e+06
P64559	P64559		cptB		572424	589806	518927	490662	622249	554274
P64581	P64581		yqjD		3.53063e+07	3.45788e+07	3.4515e+07	3.28621e+07	3.40119e+07	3.53348e+07
P64585	P64585		yqjE		901619	834035	858623	923351	916293	735759
P64588	P64588		yqjI		5.2866e+06	5.63918e+06	5.95898e+06	6.67359e+06	6.50098e+06	6.35504e+06
P64596	P64596		yraP		8.43384e+06	8.50328e+06	8.66749e+06	8.49128e+06	8.47105e+06	8.85108e+06
P64599	P64599		yhbT		5.10722e+06	4.90938e+06	4.91851e+06	4.83039e+06	4.71544e+06	4.82142e+06
P64604	P64604		mlaD		1.3388e+07	1.40652e+07	1.39093e+07	1.3812e+07	1.31188e+07	1.29462e+07
P64612	P64612		yhcM		1.30147e+06	1.29035e+06	1.26026e+06	1.22606e+06	1.32282e+06	1.29389e+06
P64624	P64624		yheO		4.67324e+06	4.57114e+06	4.65697e+06	4.54504e+06	4.64663e+06	4.87559e+06
P64636	P64636		yrfG		2.31041e+06	2.73942e+06	2.77421e+06	2.60873e+06	2.70389e+06	2.56061e+06
P65367	P65367		yqcA		2.7711e+06	2.78274e+06	2.88435e+06	2.66633e+06	2.73446e+06	2.95316e+06
P65556	P65556		yfcD		1.92087e+06	2.06736e+06	1.99451e+06	1.80356e+06	1.72206e+06	1.7067e+06
P65870	P65870		queD		3.64042e+06	3.61796e+06	3.51521e+06	3.34995e+06	3.42783e+06	3.3401e+06
P66817	P66817		diaA		3.23029e+06	3.03326e+06	3.08037e+06	2.94981e+06	2.89121e+06	3.07935e+06
P66948	P66948		yfgC		1.91415e+06	1.82619e+06	1.9156e+06	1.85382e+06	1.89628e+06	2.02934e+06
P67080	P67080		yggS		3.46585e+06	3.34151e+06	3.44886e+06	3.27248e+06	3.31781e+06	3.49529e+06
P67087	P67087		rsmI		2.59202e+06	2.64241e+06	2.55813e+06	2.5639e+06	2.5653e+06	2.55204e+06
P67095	P67095		yfcE		3.21159e+06	3.41697e+06	3.22407e+06	3.12068e+06	3.2381e+06	3.14486e+06
P67244	P67244		yqhA		476341	404302	406034	317213	325740	310254
P67338	P67338		yoaH		640000	579306	619420	622858	630477	673671
P67603	P67603		yqfB		1.42556e+07	1.3741e+07	1.31609e+07	1.41827e+07	1.43122e+07	1.3965e+07
P67660	P67660		yhaJ		1.50189e+06	1.56949e+06	1.5549e+06	1.52601e+06	1.62126e+06	1.42303e+06
P67699	P67699		yddM		816602	671726	622662	741512	723641	647268
P67826	P67826		cutC		1.67286e+06	1.77075e+06	1.56533e+06	1.89454e+06	1.65296e+06	1.70451e+06
P67910	P67910		hldD		1.8634e+07	1.86275e+07	1.84397e+07	1.8118e+07	1.82907e+07	1.84699e+07
P68066	P68066		grcA		2.94716e+08	3.04064e+08	2.98596e+08	3.04334e+08	3.0266e+08	3.03258e+08
P68187	P68187		malK		2.0065e+06	2.01129e+06	1.94726e+06	2.07274e+06	2.05119e+06	1.96017e+06
P68191	P68191		sra		1.14003e+06	1.10991e+06	1.09691e+06	993274	1.07924e+06	1.00156e+06
P68206	P68206		yjbJ		2.21121e+06	2.29362e+06	2.38733e+06	2.54503e+06	2.12984e+06	1.84979e+06
P68398	P68398		tadA		495095	568886	687838	495325	476030	562680
P68567	P68567		rsmJ		998014	1.15415e+06	1.13989e+06	1.1624e+06	1.2193e+06	1.43153e+06
P68679	P68679		rpsU		7.91161e+07	7.89069e+07	7.34678e+07	8.22329e+07	8.11984e+07	8.02571e+07
P68688	P68688		grxA		1.15926e+06	1.09853e+06	1.19222e+06	989147	1.11241e+06	1.03234e+06
P68699	P68699		atpE		3.7921e+06	3.74176e+06	3.82262e+06	4.04474e+06	3.9638e+06	4.01016e+06
P68767	P68767		pepA		8.24931e+06	8.42341e+06	8.25675e+06	8.0478e+06	8.03554e+06	8.05635e+06
P68871ups|HBB_HUMAN_UPS Hemoglobin subunit beta (Chain 2-147) - Homo sapiens (Human)	P68871ups|HBB_HUMAN_UPS Hemoglobin subunit beta (Chain 2-147) - Homo sapiens (Human)				4.18573e+06	3.46733e+06	4.32501e+06	1.60272e+07	1.59798e+07	1.55762e+07
P68919	P68919		rplY		7.20387e+07	7.41112e+07	7.4245e+07	6.35577e+07	6.38717e+07	6.62729e+07
P69222	P69222		infA		8.03284e+06	8.06987e+06	7.8607e+06	7.10882e+06	6.93668e+06	6.85915e+06
P69228	P69228		baeR		1.69644e+06	1.67787e+06	1.60953e+06	1.81389e+06	1.85655e+06	1.82162e+06
P69330	P69330		citD		9.92606e+06	9.46402e+06	9.72804e+06	9.58718e+06	9.70103e+06	9.7055e+06
P69346	P69346		yefM		900660	966272	803113	826839	857540	805373
P69407	P69407		rcsB		7.96813e+06	7.79879e+06	7.49493e+06	7.02625e+06	6.9482e+06	7.30289e+06
P69411	P69411		rcsF		6.50678e+06	6.5459e+06	6.73816e+06	6.50463e+06	6.44611e+06	6.24897e+06
P69425	P69425		tatB		2.57481e+06	2.60777e+06	2.70462e+06	2.6214e+06	2.6375e+06	2.67782e+06
P69428	P69428		tatA		2.65529e+07	2.68851e+07	2.70573e+07	2.73093e+07	2.63781e+07	2.90724e+07
P69441	P69441		adk		3.53345e+07	3.41049e+07	3.43788e+07	3.40353e+07	3.38051e+07	3.44019e+07
P69451	P69451		fadD		2.07939e+06	1.97366e+06	2.09148e+06	2.16795e+06	2.05009e+06	2.07573e+06
P69503	P69503		apt		2.68263e+07	2.61503e+07	2.63612e+07	2.3863e+07	2.44802e+07	2.5037e+07
P69506	P69506		ytfE		234659	173156	201677	167747	74802	166974
P69739	P69739		hyaA		942072	978091	802506	907931	909976	881260
P69741	P69741		hybO		2.38864e+06	2.37485e+06	2.31937e+06	2.21984e+06	2.31343e+06	2.26287e+06
P69776	P69776		lpp		5.83205e+07	6.08667e+07	5.68959e+07	5.43312e+07	5.08768e+07	4.91088e+07
P69783	P69783		crr		2.58787e+08	2.57953e+08	2.5534e+08	2.45561e+08	2.56019e+08	2.56622e+08
P69786	P69786		ptsG		5.34622e+06	5.24292e+06	5.25629e+06	5.18862e+06	5.18284e+06	5.002e+06
P69791	P69791		chbA		430857	266201	274168	361118	341519	270734
P69795	P69795		chbB		494397	577489	516413	510556	581320	651025
P69797	P69797		manX		1.28874e+07	1.28275e+07	1.2858e+07	1.28414e+07	1.26939e+07	1.26033e+07
P69801	P69801		manY		1.50639e+06	1.30087e+06	1.44989e+06	1.35683e+06	1.13715e+06	1.14784e+06
P69805	P69805		manZ		6.65303e+06	6.77403e+06	6.76155e+06	6.63166e+06	6.56734e+06	6.32505e+06
P69811	P69811		fruB		1.40738e+07	1.41646e+07	1.42809e+07	1.31771e+07	1.35801e+07	1.28083e+07
P69829	P69829		ptsN		877605	830607	912716	844495	781905	778668
P69853	P69853		dmsD		1.55373e+06	1.50259e+06	1.48379e+06	1.46135e+06	1.48726e+06	1.52281e+06
P69874	P69874		potA		2.88547e+06	2.89145e+06	2.84977e+06	2.66566e+06	2.79002e+06	2.76405e+06
P69902	P69902		frc		2.48936e+06	2.49444e+06	2.62029e+06	2.48289e+06	2.47819e+06	2.63615e+06
P69905ups|HBA_HUMAN_UPS Hemoglobin subunit alpha (Chain 2-142) - Homo sapiens (Human)	P69905ups|HBA_HUMAN_UPS Hemoglobin subunit alpha (Chain 2-142) - Homo sapiens (Human)				2.81916e+06	1.78524e+06	1.99723e+06	1.24559e+07	1.19994e+07	1.19895e+07
P69908	P69908		gadA		3.37024e+06	3.36633e+06	3.4311e+06	3.05408e+06	3.06866e+06	3.1426e+06
P69910	P69910		gadB		4.29221e+07	4.32195e+07	4.21371e+07	4.24171e+07	4.2952e+07	4.11542e+07
P69913	P69913		csrA		1.0606e+07	1.01945e+07	1.05343e+07	8.39514e+06	1.01647e+07	9.74407e+06
P69924	P69924		nrdB		7.47485e+06	7.623e+06	7.2502e+06	7.82588e+06	7.68209e+06	7.74972e+06
P69931	P69931		hda		1.58118e+06	1.51028e+06	1.49989e+06	1.57624e+06	1.61439e+06	1.53836e+06
P75691	P75691		yahK		1.70479e+06	1.65005e+06	1.70642e+06	1.68203e+06	1.63162e+06	1.70167e+06
P75694	P75694		yahO		915883	1.02023e+06	908372	961739	1.16818e+06	1.02069e+06
P75713	P75713		ylbA		464962	472796	489440	517127	422070	457562
P75726	P75726		citF		5.57952e+06	5.59401e+06	5.57879e+06	5.71797e+06	5.65988e+06	5.78786e+06
P75728	P75728		ubiF		1.40646e+06	1.35161e+06	1.21787e+06	1.31556e+06	1.25164e+06	1.18761e+06
P75736	P75736		ybfF		2.50773e+06	2.53843e+06	2.4208e+06	2.47797e+06	2.47474e+06	2.40543e+06
P75745	P75745		ybgK		1.36903e+06	1.32435e+06	1.26802e+06	1.42229e+06	1.25826e+06	1.28114e+06
P75746	P75746		ybgL		1.30203e+06	914095	1.15407e+06	1.06298e+06	891977	1.07367e+06
P75767	P75767		ybhK		735000	704306	712752	631198	780176	784204
P75777	P75777		ybhG		3.17355e+06	3.29051e+06	2.84415e+06	2.88612e+06	3.01739e+06	2.99996e+06
P75780	P75780		fiu		701592	667243	731577	636816	652652	674919
P75782	P75782		rlmF		893677	947104	910171	952652	1.02112e+06	911470
P75792	P75792		ybiV		304935	358513	308181	373234	373670	327000
P75797	P75797		gsiB		829941	804790	773947	743570	853565	845512
P75809	P75809		ybjI		1.20261e+06	1.27893e+06	1.2714e+06	1.22778e+06	1.27706e+06	1.33659e+06
P75818	P75818		ybjP		5.91523e+06	5.99445e+06	6.15605e+06	6.23758e+06	6.10465e+06	5.94723e+06
P75821	P75821		ybjS		1.45927e+06	1.33611e+06	1.50949e+06	1.52069e+06	1.4134e+06	1.49024e+06
P75823	P75823		ltaE		5.22935e+06	5.25137e+06	5.22408e+06	5.37787e+06	5.58424e+06	5.41858e+06
P75829	P75829		ybjX		2.36933e+06	2.44652e+06	2.36476e+06	2.31391e+06	2.35241e+06	2.26415e+06
P75838	P75838		ycaO		9.7642e+06	9.8366e+06	9.75133e+06	9.76263e+06	9.70002e+06	9.71259e+06
P75849	P75849		ycbL		5.36018e+06	5.09288e+06	4.94107e+06	4.53977e+06	4.80147e+06	4.71497e+06
P75863	P75863		ycbX		1.33194e+06	1.44331e+06	1.31783e+06	1.34053e+06	1.33042e+06	1.33375e+06
P75864	P75864		rlmL		1.68017e+06	1.7663e+06	1.72863e+06	1.81677e+06	1.81056e+06	1.78968e+06
P75867	P75867		ycbZ		1.83185e+06	1.97875e+06	1.81734e+06	1.70375e+06	1.83579e+06	1.7821e+06
P75874	P75874		yccU		3.13884e+06	3.12319e+06	3.18396e+06	3.23694e+06	3.19151e+06	3.21417e+06
P75876	P75876		rlmI		5.8028e+06	5.73291e+06	5.77223e+06	5.71256e+06	5.70118e+06	5.84509e+06
P75882	P75882		gfcD		4.25314e+07	4.18721e+07	4.11512e+07	4.18449e+07	4.17026e+07	4.26107e+07
P75883	P75883		gfcC		1.44318e+06	1.52398e+06	1.51792e+06	1.63515e+06	1.62373e+06	1.52994e+06
P75884	P75884		gfcB		1.79518e+06	1.71415e+06	1.71111e+06	1.63448e+06	1.64428e+06	1.67834e+06
P75913	P75913		ghrA		1.20275e+06	1.21105e+06	1.24067e+06	1.19155e+06	1.2765e+06	1.29904e+06
P75914	P75914		ycdX		6.04487e+06	5.81686e+06	6.31847e+06	6.17148e+06	6.31877e+06	5.954e+06
P75915	P75915		ycdY		8.96572e+06	8.86911e+06	8.30737e+06	9.65935e+06	9.09382e+06	8.67007e+06
P75931	P75931		yceM		1.52862e+06	1.47817e+06	1.36679e+06	1.52232e+06	1.34139e+06	1.60489e+06
P75937	P75937		flgE		4.39335e+06	4.20048e+06	3.87816e+06	3.65073e+06	3.4881e+06	3.59411e+06
P75949	P75949		nagZ		1.68208e+06	1.59445e+06	1.56231e+06	1.66677e+06	1.61461e+06	1.52759e+06
P75954	P75954		ycfS		1.06933e+06	1.00519e+06	1.00929e+06	997278	961577	1.21295e+06
P75957	P75957		lolD		2.2566e+06	2.11135e+06	2.09233e+06	2.25389e+06	2.38581e+06	2.19998e+06
P75959	P75959		nagK		2.36543e+06	2.2639e+06	2.19759e+06	2.42332e+06	2.12649e+06	2.22274e+06
P75960	P75960		cobB		3.56837e+06	3.54138e+06	3.50108e+06	3.62155e+06	3.62071e+06	3.77093e+06
P75992	P75992		ymgA		168375	166298	141796	151094	151573	107115
P76002	P76002		pliG		761891	679564	718531	616688	650059	644112
P76004	P76004		ycgM		1.46685e+06	1.37277e+06	1.52491e+06	1.41965e+06	1.52193e+06	1.53048e+06
P76007	P76007		cvrA		3.39925e+06	3.44132e+06	3.67718e+06	3.27921e+06	4.07704e+06	4.33789e+06
P76008	P76008		ldcA		1.74075e+06	1.71786e+06	1.73583e+06	1.69759e+06	1.73081e+06	1.75581e+06
P76014	P76014		dhaL		6.4505e+06	6.47856e+06	6.95561e+06	6.31531e+06	5.95405e+06	6.14399e+06
P76015	P76015		dhaK		2.45191e+06	2.41061e+06	2.41969e+06	2.38187e+06	2.33062e+06	2.3489e+06
P76027	P76027		oppD		1.03127e+06	1.0664e+06	1.05039e+06	1.04613e+06	1.01421e+06	1.05132e+06
P76034	P76034		yciT		1.89614e+06	1.82165e+06	1.83441e+06	1.90654e+06	1.88231e+06	1.93993e+06
P76046	P76046		ycjX		222837	248222	186042	122607	118421	140698
P76049	P76049		ycjY		2.2242e+06	2.17911e+06	2.21508e+06	2.27128e+06	2.23494e+06	2.33799e+06
P76053	P76053		smrA		891892	948564	899447	1.00205e+06	919521	1.03752e+06
P76055	P76055		ttcA		1.97314e+06	1.96074e+06	2.12824e+06	1.94032e+06	1.98407e+06	1.92724e+06
P76104	P76104		ydcP		1.22788e+06	1.28258e+06	1.22579e+06	1.11664e+06	1.10327e+06	1.13175e+06
P76116	P76116		yncE		5.47803e+06	5.30529e+06	5.19491e+06	5.12482e+06	4.95547e+06	5.11087e+06
P76149	P76149		sad		1.35834e+06	1.36478e+06	1.38883e+06	1.30485e+06	1.26502e+06	1.29036e+06
P76170	P76170		ynfB		2.42796e+06	2.38552e+06	2.48719e+06	2.43698e+06	2.5045e+06	2.40627e+06
P76177	P76177		ydgH		1.24214e+07	1.25097e+07	1.28393e+07	1.22702e+07	1.25204e+07	1.24306e+07
P76187	P76187		ydhF		3.16838e+06	3.25122e+06	3.20368e+06	3.48157e+06	3.47595e+06	3.64202e+06
P76192	P76192		ydhV		1.99532e+06	1.9487e+06	1.85404e+06	1.99171e+06	1.92931e+06	1.92069e+06
P76193	P76193		ynhG		2.30199e+06	2.22763e+06	2.17865e+06	2.29882e+06	2.31474e+06	2.11374e+06
P76196	P76196		ydiL		1.71677e+06	1.98956e+06	1.52177e+06	1.41464e+06	2.07594e+06	2.23142e+06
P76204	P76204		ydiV		1.11016e+06	1.12389e+06	1.10022e+06	1.08159e+06	1.09383e+06	1.1602e+06
P76206	P76206		ydiY		1.21891e+06	1.26874e+06	1.4523e+06	1.33267e+06	1.56431e+06	1.40347e+06
P76220	P76220		ydjY		554047	519531	523619	564884	555542	581181
P76223	P76223		ynjB		2.00839e+06	1.96601e+06	2.06166e+06	2.11235e+06	2.02518e+06	2.04961e+06
P76227	P76227		ynjH		3.3674e+06	3.74065e+06	3.9472e+06	3.90669e+06	3.51346e+06	3.55854e+06
P76235	P76235		yeaH		478394	491661	455672	499152	535757	539492
P76243	P76243		yeaO		1.73371e+06	1.70291e+06	1.69819e+06	1.86902e+06	1.78298e+06	1.92486e+06
P76245	P76245		yeaP		915840	972394	819372	953601	879546	852281
P76256	P76256		yeaZ		3.32059e+06	3.16743e+06	3.2284e+06	3.12785e+06	2.85089e+06	2.98961e+06
P76268	P76268		kdgR		6.40292e+06	6.32517e+06	6.27089e+06	6.48774e+06	6.4012e+06	6.5486e+06
P76270	P76270		msrC		4.28193e+06	4.30263e+06	4.40195e+06	3.90975e+06	4.12179e+06	4.05004e+06
P76273	P76273		rsmF		544663	565340	602206	457853	460958	514635
P76290	P76290		cmoA		2.12768e+06	2.18553e+06	2.20468e+06	2.10197e+06	2.19639e+06	2.1546e+06
P76291	P76291		cmoB		1.94904e+06	1.87968e+06	1.87256e+06	1.97872e+06	2.01552e+06	1.90374e+06
P76297	P76297		flhE		515675	556990	509666	580222	511612	505635
P76316	P76316		dcyD		2.95106e+06	2.91502e+06	2.98293e+06	2.65469e+06	2.91861e+06	2.97014e+06
P76372	P76372		wzzB		7.6318e+06	8.393e+06	7.86819e+06	7.86848e+06	7.68258e+06	7.96992e+06
P76402	P76402		yegP		3.48665e+06	3.42207e+06	3.50118e+06	3.43109e+06	3.2146e+06	3.3133e+06
P76403	P76403		yegQ		2.75862e+06	2.81007e+06	2.83869e+06	2.79676e+06	2.72757e+06	2.76038e+06
P76406	P76406		yegR		1.54929e+06	1.64249e+06	1.31797e+06	1.3916e+06	1.19588e+06	1.26056e+06
P76440	P76440		preT		1.53699e+06	1.43383e+06	1.27949e+06	1.35311e+06	1.49508e+06	1.46439e+06
P76445	P76445		yeiU		2.22348e+06	2.05704e+06	2.08714e+06	2.11534e+06	2.07754e+06	2.17808e+06
P76471	P76471		yfaZ		672068	782042	896392	705736	842998	903061
P76491	P76491		yfbR		1.36159e+06	1.2426e+06	1.25084e+06	1.67297e+06	1.61122e+06	1.67717e+06
P76502	P76502		sixA		5.91126e+06	6.00445e+06	6.00174e+06	6.24935e+06	6.08235e+06	5.5665e+06
P76506	P76506		mlaA		6.94892e+06	7.17117e+06	7.17505e+06	7.23934e+06	7.29644e+06	7.49044e+06
P76520	P76520		yfdX		414670	486928	423622	452355	456166	565708
P76535	P76535		murQ		3.24717e+06	3.18918e+06	2.90965e+06	2.97617e+06	3.09264e+06	2.82395e+06
P76536	P76536		yfeX		1.58146e+07	1.58636e+07	1.57299e+07	1.51749e+07	1.54552e+07	1.55035e+07
P76537	P76537		yfeY		2.55604e+06	2.67155e+06	2.68239e+06	2.65671e+06	2.60568e+06	2.58244e+06
P76539	P76539		ypeA		1.86954e+06	1.93482e+06	1.94646e+06	1.86155e+06	1.90465e+06	1.83955e+06
P76541	P76541		eutL		577731	413205	573700	434185	483791	423879
P76548	P76548		yffQ		2.02628e+06	8.20798e+06	8.70635e+06	2.34127e+06	2.46886e+06	2.42196e+06
P76558	P76558		maeB		2.4045e+06	2.43075e+06	2.46104e+06	2.38317e+06	2.41419e+06	2.38141e+06
P76561	P76561		ypfH		632750	595928	600773	643155	588031	498916
P76569	P76569		yfgD		2.41154e+06	2.42737e+06	2.29762e+06	2.28819e+06	2.41201e+06	2.46013e+06
P76576	P76576		yfgM		9.81764e+06	9.91093e+06	9.6937e+06	9.59032e+06	9.75769e+06	9.54172e+06
P76578	P76578		yfhM		786668	609897	533777	447332	535787	461680
P76594	P76594		yfiQ		1.93714e+06	1.87967e+06	1.8451e+06	1.92549e+06	1.91442e+06	1.92133e+06
P76658	P76658		hldE		1.17598e+08	1.19237e+08	1.17132e+08	1.16086e+08	1.15634e+08	1.15683e+08
P76938	P76938		epmC		2.55899e+06	2.97082e+06	2.80783e+06	2.60992e+06	2.6192e+06	2.87253e+06
P77150	P77150		pdxY		5.5455e+06	5.27016e+06	5.74364e+06	5.09541e+06	5.20412e+06	5.01383e+06
P77173	P77173		zipA		2.38072e+06	2.42267e+06	2.37567e+06	2.38057e+06	2.32361e+06	2.39847e+06
P77182	P77182		mnmC		1.13724e+06	1.40568e+06	1.15693e+06	1.28894e+06	1.24635e+06	1.19316e+06
P77202	P77202		dsbG		1.77906e+06	1.73387e+06	1.70697e+06	1.61058e+06	1.7122e+06	1.77754e+06
P77212	P77212		ykgC		284967	237869	250868	290245	262529	261961
P77247	P77247		yniC		1.49994e+06	1.49091e+06	1.4321e+06	1.34966e+06	1.33391e+06	1.45683e+06
P77252	P77252		ykgE		1.07837e+06	1.17128e+06	1.0985e+06	1.08363e+06	1.08251e+06	1.10571e+06
P77258	P77258		nemA		4.16366e+06	4.17592e+06	4.15645e+06	4.44476e+06	4.39361e+06	4.26481e+06
P77279	P77279		ybbL		2.38762e+06	2.45178e+06	2.5183e+06	2.29225e+06	2.25044e+06	2.50872e+06
P77280	P77280		ydjJ		632890	690788		617186	702497	683340
P77285	P77285		rnfG		2.41344e+06	2.30468e+06	2.48112e+06	2.44692e+06	2.40285e+06	2.64298e+06
P77295	P77295		ygaV		365216	387390	376818	323636	431068	311140
P77330	P77330		borD		3.32061e+07	3.32097e+07	3.17298e+07	2.61772e+07	2.7796e+07	2.72842e+07
P77338	P77338		kefA		531332	557912	378094	494655	423484	324477
P77348	P77348		mppA		2.07198e+06	1.98851e+06	2.09519e+06	2.08018e+06	2.06765e+06	1.99624e+06
P77376	P77376		ydgJ		2.77972e+06	2.79621e+06	2.68546e+06	2.58716e+06	2.6034e+06	2.42611e+06
P77395	P77395		ybbN		2.18926e+06	2.18077e+06	2.17062e+06	2.36168e+06	2.16981e+06	2.36272e+06
P77398	P77398		arnA		945201	1.01696e+06	888127	1.25186e+06	1.09873e+06	1.00903e+06
P77433	P77433		ykgG		1.45956e+06	1.43539e+06	1.46094e+06	1.52682e+06	1.44726e+06	1.42593e+06
P77434	P77434		alaC		2.00612e+06	1.95743e+06	1.96748e+06	1.98931e+06	1.96383e+06	1.90201e+06
P77444	P77444		sufS		399873	335009	415601	309495	315350	310729
P77454	P77454		glsA1		1.57066e+06	1.66116e+06	1.52851e+06	1.61031e+06	1.5313e+06	1.58592e+06
P77475	P77475		yqaB		3.19654e+06	3.33795e+06	3.11617e+06	2.88072e+06	2.84574e+06	3.26857e+06
P77488	P77488		dxs		3.18709e+06	3.10749e+06	3.18967e+06	3.15786e+06	3.14807e+06	3.18451e+06
P77499	P77499		sufC		1.47674e+06	1.42639e+06	1.44035e+06	1.48249e+06	1.44502e+06	1.35735e+06
P77522	P77522		sufB		2.27242e+06	2.4517e+06	2.20664e+06	1.53874e+06	1.79363e+06	2.02868e+06
P77529	P77529		ydjN		4.81955e+06	5.15247e+06	5.22771e+06	5.32156e+06	5.1553e+06	4.86301e+06
P77536	P77536		ykgF		1.34911e+06	1.48331e+06	1.4059e+06	1.45467e+06	1.45037e+06	1.59708e+06
P77552	P77552		ydhQ		3.95545e+06	4.01696e+06	4.02865e+06	3.80657e+06	4.06193e+06	3.91836e+06
P77561	P77561		ydeP		740578	789274	902684	785346	793859	722929
P77562	P77562		yaiW		1.22939e+06	1.33979e+06	1.24682e+06	1.35404e+06	1.29846e+06	1.38117e+06
P77567	P77567		nhoA		225293	245044	225295	272289	223066	301702
P77570	P77570		anmK		1.75696e+06	1.91401e+06	1.93791e+06	1.8357e+06	1.69977e+06	1.87694e+06
P77611	P77611		rnfC		960136	958286	970454	1.00645e+06	947634	924870
P77625	P77625		yfbT		7.98927e+06	8.05562e+06	8.28861e+06	7.90926e+06	8.2265e+06	8.12633e+06
P77667	P77667		sufA		518818	494577	483478	441918	509885	495154
P77690	P77690		arnB		1.11336e+06	1.19518e+06	1.15038e+06	1.13116e+06	1.06345e+06	1.13439e+06
P77717	P77717		ybaY		2.01281e+06	2.10549e+06	2.11926e+06	1.8942e+06	1.94983e+06	1.91636e+06
P77718	P77718		thiI		2.77204e+06	2.82093e+06	2.86475e+06	2.9455e+06	2.97424e+06	2.90337e+06
P77735	P77735		yajO		3.64648e+06	3.7015e+06	3.56688e+06	3.83736e+06	3.71888e+06	3.62098e+06
P77736	P77736		yahD		395524	355851	329210	424062	458512	346444
P77737	P77737		oppF		2.04605e+06	2.06647e+06	1.9914e+06	2.16005e+06	1.96605e+06	2.0118e+06
P77739	P77739		yniA		1.46671e+06	1.57339e+06	1.34606e+06	1.4801e+06	1.45206e+06	1.61301e+06
P77748	P77748		ydiJ		3.16239e+06	3.18908e+06	3.2306e+06	3.45392e+06	3.33116e+06	3.34905e+06
P77756	P77756		queC		1.68628e+06	1.70157e+06	1.70234e+06	1.55769e+06	1.63929e+06	1.59555e+06
P77757	P77757		arnC		617451	658914	564184	743237	661869	780529
P77774	P77774		bamB		1.41735e+07	1.45144e+07	1.48443e+07	1.4762e+07	1.47867e+07	1.47938e+07
P77781	P77781		ydiI		204207	242718	242281	292033	251473	169767
P77804	P77804		ydgA		9.22992e+06	9.44268e+06	9.41052e+06	8.96145e+06	9.18764e+06	9.18405e+06
P77808	P77808		yfaY		4.51476e+06	4.56654e+06	4.5943e+06	4.70865e+06	4.79234e+06	4.76673e+06
P78067	P78067		ynjE		2.77674e+06	2.63763e+06	2.66527e+06	2.76563e+06	2.76384e+06	2.69212e+06
P99999ups|CYC_HUMAN_UPS Cytochrome c (Chain 2-105) - Homo sapiens (Human)	P99999ups|CYC_HUMAN_UPS Cytochrome c (Chain 2-105) - Homo sapiens (Human)				699877	710669	721345	5.24504e+06	5.24083e+06	5.17892e+06
Q06830ups|PRDX1_HUMAN_UPS Peroxiredoxin 1 (Chain 2-199) - Homo sapiens (Human)	Q06830ups|PRDX1_HUMAN_UPS Peroxiredoxin 1 (Chain 2-199) - Homo sapiens (Human)				1.28518e+06	1.26482e+06	1.24405e+06	1.00766e+07	1.03574e+07	1.05518e+07
Q15843ups|NEDD8_HUMAN_UPS NEDD8 (Chain 1-81) - Homo sapiens (Human)	Q15843ups|NEDD8_HUMAN_UPS NEDD8 (Chain 1-81) - Homo sapiens (Human)				3.08632e+06	2.85385e+06	2.82949e+06	2.03577e+07	2.14552e+07	2.20353e+07
Q2M7R5	Q2M7R5		yibT		2.7003e+06	2.55966e+06	2.87086e+06	2.20389e+06	2.35755e+06	2.38599e+06
Q2MB16	Q2MB16		yobH		827472	882658	835468	833041	847520	838714
Q46798	Q46798		ygeR		1.32393e+06	1.32312e+06	1.35001e+06	1.53777e+06	1.48097e+06	1.51935e+06
Q46807	Q46807		yqeA		609700	596999		488515	573892	512041
Q46829	Q46829		bglA		1.30623e+07	1.31507e+07	1.32463e+07	1.35083e+07	1.34886e+07	1.35753e+07
Q46835	Q46835		yghG		3.32293e+06	3.11357e+06	3.27686e+06	3.22729e+06	3.23184e+06	2.96898e+06
Q46845	Q46845		yghU		538998	571028	627010	569038	553282	547134
Q46856	Q46856		yqhD		3.9837e+06	3.92176e+06	4.00213e+06	3.86772e+06	4.04153e+06	3.90353e+06
Q46857	Q46857		dkgA		3.62513e+06	3.53261e+06	3.71593e+06	3.69063e+06	3.64034e+06	3.41069e+06
Q46861	Q46861		ygiQ		674901	514822	605344	565797	490641	549136
Q46868	Q46868		yqiC		9.99864e+06	9.81245e+06	9.65216e+06	8.99189e+06	9.28054e+06	9.17346e+06
Q46871	Q46871		yqjH		3.79329e+06	3.76229e+06	3.72316e+06	3.8751e+06	3.85247e+06	3.68703e+06
Q46893	Q46893		ispD		2.36418e+06	2.33397e+06	2.39513e+06	2.27125e+06	2.31918e+06	2.30512e+06
Q46908	Q46908		ygcR		458220	428419	380393	338563	374895	414310
Q46919	Q46919		yqcC		612305	506352	591969	635995	621117	594016
Q46920	Q46920		queF		4.49453e+06	4.54909e+06	4.59513e+06	4.42416e+06	4.4732e+06	4.45792e+06
Q46925	Q46925		csdA		995767	1.03297e+06	1.01945e+06	1.08284e+06	1.08731e+06	1.15314e+06
Q46927	Q46927		ygdL		1.45256e+06	1.35591e+06	1.48109e+06	1.53134e+06	1.30192e+06	1.5056e+06
Q46948	Q46948		yajL		5.16452e+06	5.00894e+06	5.45573e+06	5.31696e+06	4.98404e+06	5.05744e+06
Q47083	Q47083		cbl		443314	424634	480931	417230	439294	425559
Q47147	Q47147		yafJ		1.64002e+06	1.55464e+06	1.65762e+06	1.55439e+06	1.62084e+06	1.62653e+06
Q47157	Q47157		yafO		355846	325581	289327	350794	312683	528296
Q47208	Q47208		fdrA		5.24098e+06	5.02835e+06	5.19624e+06	4.86891e+06	4.86748e+06	4.56954e+06
Q47319	Q47319		yfiP		655988	565084	653883	592292	618552	485067
Q47622	Q47622		sapA		2.03814e+06	2.07326e+06	2.04818e+06	2.15341e+06	2.07068e+06	2.04415e+06
Q47679	Q47679		yafV		1.23165e+06	1.20851e+06	1.2616e+06	1.28338e+06	1.26883e+06	1.25238e+06
Q47710	Q47710		yqjK		521650	608353	706367	723752	593776	761175
Q57154	Q57154		repB		966168	1.01678e+06	1.02577e+06	1.03706e+06	1.0808e+06	1.05503e+06
Q57261	Q57261		truD		4.26817e+06	4.33039e+06	4.18991e+06	4.14874e+06	4.09845e+06	4.18137e+06
Q59385	Q59385		copA		5.30431e+06	5.44984e+06	5.48404e+06	5.20945e+06	5.45612e+06	5.16411e+06
Q7DFV3	Q7DFV3		ymgG		1.37074e+06	1.45283e+06	1.52594e+06	1.99214e+06	2.06871e+06	2.06145e+06
Q93K97	Q93K97		nudF		2.74911e+06	2.74932e+06	2.71392e+06	2.68338e+06	2.65055e+06	2.72561e+06
