q_value	posterior_error_prob	Protein.Group	num_peptides	protein_id_posterior_error_prob	log2_FC	diff_exp_prob_0.2	0_1fmol:RD139_Wide_UPS1_0_1fmol_inj1	0_1fmol:RD139_Wide_UPS1_0_1fmol_inj2	0_1fmol:RD139_Wide_UPS1_0_1fmol_inj3	2_5fmol:RD139_Wide_UPS1_2_5fmol_inj1	2_5fmol:RD139_Wide_UPS1_2_5fmol_inj2	2_5fmol:RD139_Wide_UPS1_2_5fmol_inj3	peptides	FDR_pass	FC_pass	Organism	Human	Ecoli	Yeast	Search Engine	Quantitation	Imputation	FC_thr
6.06e-05	6.06e-05	P68871ups|HBB_HUMAN_UPS	4.0	2.938e-05	-1.007	3.122e-05	0.6663	0.7557	0.7084	1.465	1.358	1.409	LLVVYPWTQR;VNVDEVGGEALGR;SAVTALWGK;VVAGVANALAHK	True	True	Human	True	False	False	diann231	Triqler	Triqler	0.2
0.03956	0.07907	P12081ups|SYHC_HUMAN_UPS	8.0	4.058e-06	-0.4134	0.07906	0.8143	0.8143	0.8143	1.216	1.251	1.218	HGAEVIDTPVFELK;YDLTVPFAR;IFSIVEQR;ASAELIEEEVAK;GLAPEVADR;EKVFDVIIR;VFDVIIR;DQGGELLSLR	True	True	Human	True	False	False	diann231	Triqler	Triqler	0.2
0.06555	0.1175	P0A7W1	14.0	7.356e-08	-0.3042	0.1175	0.8707	0.9568	0.8783	1.092	1.058	1.183	ATIDGLENMNSPEMVAAK;ATIDGLENMNSPEMVAAKR;AVLEVAGVHNVLAK;AYGSTNPINVVR;IFSFTALTVVGDGNGR;NMINVALNNGTLQHPVK;RNMINVALNNGTLQHPVK;VFMQPASEGTGIIAGGAMR;AREVPAAIQK;SVEEILGK;GKSVEEILGK;NMINVALNNGTLQHPVKGVHTGSR;VGFGYGK;LIAVNRVSK	False	True	Ecoli	False	True	False	diann231	Triqler	Triqler	0.2
0.08217	0.132	P0AAD6	2.0	0.0003927	-0.3784	0.1317	0.8478	0.8803	0.8736	1.125	1.086	1.255	METTQTSTIASK;EGFNGMVIK	False	True	Ecoli	False	True	False	diann231	Triqler	Triqler	0.2
0.1025	0.1837	P09373	60.0	2e-10	-0.2812	0.1837	0.8963	0.961	0.8702	1.126	1.05	1.128	AGAPFGPGANPMHGR;DAIPTQSVLTITSNVVYGK;DGISYTFSIVPNALGK;DGISYTFSIVPNALGKDDEVR;DKLAQFTSLQADLENGVNLEQTIR;DQKGAVASLTSVAK;EMLLDAMENPEKYPQLTIR;FLRTPEYDELFSGDPIWATESIGGMGLDGR;FNSLTKEQQQDVITR;GDWQNEVNVR;GDWQNEVNVRDFIQK;IQKLHTYR;IVGLQTEAPLK;KSGVLTGLPDAYGR;KTHNQGVFDVYTPDILR;LAQFTSLQADLENGVNLEQTIR;LATAWEGFTKGDWQNEVNVR;LHTYRDAIPTQSVLTITSNVVYGK;LPLNFKK;LREEIAEQHR;NYTPYEGDESFLAGATEATTTLWDK;RAGAPFGPGANPMHGR;RVALYGIDYLMK;SEPIKGDVLNYDEVMER;SQNGAAMSFGR;THAPVDFDTAVASTITSHDAGYINK;THNQGVFDVYTPDILR;TMLYAINGGVDEK;TMLYAINGGVDEKLK;TNLAGLMDGYFHHEASIEGGQHLNVNVMNR;TPEYDELFSGDPIWATESIGGMGLDGR;VDDLAVDLVER;VMEGVKLENR;YGYDISGPATNAQEAIQWTYFGYLAAVK;YSYEASLMALHDRDVIR;ALIPFGGIK;DAIPTQSVLTITSNVVYGKK;ITEQEAQEMVDHLVMK;IVGLQTEAPLKR;KIFTEYR;SGVLTGLPDAYGR;VALYGIDYLMKDK;TSTFLDVYIER;ELDPMIKK;LATAWEGFTK;VALYGIDYLMK;MDHFMDWLAK;IFTEYRK;RALIPFGGIK;LPFAYAK;FLNTLYTMGPSPEPNMTILWSEK;ELDPMIK;LKMQVGPK;VDDLAVDLVERFMK;ITEQEAQEMVDHLVMKLR;LPFAYAKDGISYTFSIVPNALGK;TSTFLDVYIERDLK;AGKITEQEAQEMVDHLVMK;DFIQKNYTPYEGDESFLAGATEATTTLWDK;AYNRELDPMIK	False	True	Ecoli	False	True	False	diann231	Triqler	Triqler	0.2
0.1221	0.2199	P0AD59	5.0	4.444e-06	-0.2849	0.2199	0.9355	0.9532	0.8141	1.128	1.083	1.128	IAVMWSEK;LTWLNVNDALSIDGK;TVLFAALTGSLENHPDGFNFK;SNQMTGLFSTIDEK;LPAWVMK	False	True	Ecoli	False	True	False	diann231	Triqler	Triqler	0.2
0.1373	0.2285	P0ADT2	3.0	0.001439	-0.3064	0.2274	0.8727	0.9862	0.7338	1.205	1.081	1.216	TAMAPKPATTTTVTR;LMGGGAGFAQQPLFSSK;YTDATGKNYGAAQPGR	False	True	Ecoli	False	True	False	diann231	Triqler	Triqler	0.2
0.1502	0.2406	P0AC92;P77695	2.0	0.0001432	-0.2896	0.2405	0.9272	0.9155	0.8447	1.112	1.069	1.173	EKMTGLESYDVK;MTGLESYDVK	False	True		False	False	False	diann231	Triqler	Triqler	0.2
0.1663	0.2951	P68206	2.0	0.0003948	-0.2845	0.2949	0.8924	0.9576	0.8309	1.114	1.084	1.166	LTDDDMTIIEGKR;LTDDDMTIIEGK	False	True	Ecoli	False	True	False	diann231	Triqler	Triqler	0.2
0.1815	0.3183	P0AF70	1.0	0.000912	-0.3072	0.3177	0.8689	0.8846	0.8531	1.151	1.136	1.166	QSNWLSGQHGEEGGSMR	False	True	Ecoli	False	True	False	diann231	Triqler	Triqler	0.2
0.1963	0.3442	P0A8I5	4.0	4.149e-06	-0.2534	0.3442	0.9064	0.9585	0.8524	1.116	1.03	1.175	IVQVPFAELVK;LGHGVWDLMFER;RIVQVPFAELVK;MVQLFFPDPWHK	False	True	Ecoli	False	True	False	diann231	Triqler	Triqler	0.2
0.2097	0.3572	P0A9Q9	12.0	1.792e-07	-0.2426	0.3572	0.9449	0.946	0.8653	1.159	1.011	1.103	DVSIPTVEELLAAHNPWAK;ELTPAAVTGTLTTPVGR;ESGWQGYWIDAASSLR;LRESGWQGYWIDAASSLR;MKDDAIIILDPVNQDVITDGLNNGIR;NVGFIGWR;SGELPVDNFGVPLAGSLIPWIDK;ELLTQMGHLYGHVADELATPSSAILDIER;GMVGSVLMQR;VVPNDREITMR;MKNVGFIGWR;KDVSIPTVEELLAAHNPWAK	False	True	Ecoli	False	True	False	diann231	Triqler	Triqler	0.2
0.222	0.3696	P06732ups|KCRM_HUMAN_UPS	7.0	6.231e-06	-0.2716	0.3696	0.8736	0.8736	0.8736	1.11	1.084	1.245	LSVEALNSLTGEFK;SFLVWVNEEDHLR;LGSSEVEQVQLVVDGVK;FEEILTR;VLTLELYK;GTGGVDTAAVGSVFDVSNADR;RGTGGVDTAAVGSVFDVSNADR	False	True	Human	True	False	False	diann231	Triqler	Triqler	0.2
0.2333	0.3807	P39172	4.0	0.0001235	-0.2516	0.3806	0.9031	0.9412	0.9162	0.9412	1.086	1.256	QFGLTPLGHFTVNPEIQPGAQR;LVELMPQSR;GYFVFHDAYGYFEK;MGTLDPLGTNIK	False	True	Ecoli	False	True	False	diann231	Triqler	Triqler	0.2
0.2444	0.3991	P45578	8.0	9.249e-07	-0.2339	0.3991	0.9312	0.9705	0.8565	1.058	1.09	1.12	INSNEELALPK;PLLDSFTVDHTR;TGFYMSLIGTPDEQR;TMNTPHGDAITVFDLR;AAMEDVLK;EKLQELHI;INSNEELALPKEK;TGFYMSLIGTPDEQRVADAWK	False	True	Ecoli	False	True	False	diann231	Triqler	Triqler	0.2
0.2562	0.4343	P0ADY3	8.0	1.28e-06	-0.2278	0.4343	0.8691	0.9972	0.9134	1.043	1.075	1.126	IQEQTMLNVADNSGAR;MIQEQTMLNVADNSGAR;YAGVGDIIK;IISLAPEVL;MIQEQTMLNVADNSGARR;ITIKEAIPR;RYAGVGDIIK;IFGPVTR	False	True	Ecoli	False	True	False	diann231	Triqler	Triqler	0.2
0.2668	0.4359	P0ADY7	7.0	4.654e-07	-0.2266	0.4359	0.9098	0.9748	0.8868	1.107	1.043	1.101	EAFKLAAAK;GKGNVEYWVALIQPGK;GLAQGTDVSFGSFGLK;GNVEYWVALIQPGK;LAAAKLPIK;NRGLAQGTDVSFGSFGLK;VLYEMDGVPEELAR	False	True	Ecoli	False	True	False	diann231	Triqler	Triqler	0.2
0.2774	0.4567	P0A825	17.0	2.949e-08	-0.2245	0.4567	0.9289	0.9792	0.87	1.113	1.006	1.129	AMVEVFLER;AVALKEAMEPEFK;LYNIVPYGIDATGHIDYADLEK;MIIGGFSAYSGVVDWAK;QEEHIELIASENYTSPR;VMQAQGSQLTNK;VRQEEHIELIASENYTSPR;VVSGGTDNHLFLVDLVDK;VVSGGTDNHLFLVDLVDKNLTGK;NSVPNDPKSPFVTSGIR;VGTPAITR;EAMEPEFK;EMNIADYDAELWQAMEQEK;KLNSAVFPGGQGGPLMHVIAGK;GGLILAK;LNSAVFPGGQGGPLMHVIAGK;SPFVTSGIR	False	True	Ecoli	False	True	False	diann231	Triqler	Triqler	0.2
0.2872	0.4651	P02788ups|TRFL_HUMAN_UPS	7.0	7.281e-06	-0.2439	0.4651	0.8814	0.8814	0.8814	1.18	1.086	1.139	IDSGLYLGSGYFTAIQNLR;LRPVAAEVYGTER;DGAGDVAFIR;ADAVTLDGGFIYEAGLAPYK;YLGPQYVAGITNLKK;KGGSFQLNELQGLK;FQLFGSPSGQK	False	True	Human	True	False	False	diann231	Triqler	Triqler	0.2
0.2964	0.4713	P21338	5.0	0.0001672	-0.2244	0.4712	0.8362	0.9861	0.9668	1.224	1.018	1.007	ADFLTVHGLWPGLPK;RDFDAAFAK;FLADNYGK;LSEVMPGAGGR;LQTETTNKADFLTVHGLWPGLPK	False	True	Ecoli	False	True	False	diann231	Triqler	Triqler	0.2
0.3052	0.4803	P02942	13.0	8.796e-08	-0.2181	0.4803	0.9189	0.9909	0.8832	1.094	1.022	1.112	HIAGGDLVKPIEVDGSNEMGQLAESLR;LTEAVAVFR;NGANAIYSGASEIATGNNDLSSR;NWADYEALPR;QASHLALSASETAQR;QYVAYMEQNDR;GIDQVGLAVAEMDR;INEFFDQPTQGYQDGFEK;QQQSTLNGSWVALLQTR;VVDNVVQTMR;TVGDVRNGANAIYSGASEIATGNNDLSSR;QAEKNWADYEALPR;ASLVAPMNR	False	True	Ecoli	False	True	False	diann231	Triqler	Triqler	0.2
0.3139	0.4963	P0ABB4	28.0	3.62e-09	-0.2157	0.4963	0.9126	1.015	0.8626	1.102	1.046	1.087	AAPSYEELSNSQELLETGIK;DVLLFVDNIYR;FLSQPFFVAEVFTGSPGK;GIMEGEYDHLPEQAFYMVGSIEEAVEK;GLDVKDLEHPIEVPVGK;IVQVIGAVVDVEFPQDAVPR;LVLEVQQQLGGGIVR;MPSAVGYQPTLAEEMGVLQER;NIAIEHSGYSVFAGVGER;QIASLGIYPAVDPLDSTSR;QLDPLVVGQEHYDTAR;TVNMMELIR;VGLFGGAGVGK;VSLVYGQMNEPPGNR;VYDALEVQNGNER;YTLAGTEVSALLGR;DLEHPIEVPVGK;IMNVLGEPVDMKGEIGEEER;TIAMGSSDGLRR;YVSLKDTIR;VALTGLTMAEK;GVQSILQR;TREGNDFYHEMTDSNVIDK;DEGRDVLLFVDNIYR;TIAMGSSDGLR;IMNVLGEPVDMK;FLSQPFFVAEVFTGSPGKYVSLK;GEIGEEERWAIHR	False	True	Ecoli	False	True	False	diann231	Triqler	Triqler	0.2
0.3224	0.5107	P0A9L8	2.0	0.0001122	-0.2186	0.5106	0.9156	1.006	0.8192	1.066	1.098	1.132	FAAQAVMGSAK;AAVIEAMTK	False	True	Ecoli	False	True	False	diann231	Triqler	Triqler	0.2
0.3304	0.5123	P62988ups|UBIQ_HUMAN_UPS	1.0	0.09487	-0.2379	0.4612	0.8826	0.9128	0.9003	1.064	1.134	1.143	ESTLHLVLR	False	True	Human	True	False	False	diann231	Triqler	Triqler	0.2
0.3378	0.5156	P0A8A0	5.0	6.334e-06	-0.2133	0.5156	0.9807	0.9487	0.8563	1.084	1.098	1.055	DALEAAGLKADSAEVSMIPSTK;ADSAEVSMIPSTK;IIRELVTAAK;VRDALEAAGLK;DALEAAGLK	False	True	Ecoli	False	True	False	diann231	Triqler	Triqler	0.2
0.3446	0.5162	P0AFC7	9.0	1.538e-06	-0.2141	0.5162	0.9145	0.9943	0.8726	1.122	1.018	1.103	QEIVTDPLEQEVNK;RPLSWVVGDQGVYR;LNDMVNWGR;MAPVIQR;IDPNGENDRYPLQK;MDYTLTR;LYDQMLEPK;FGAEVLR;IAVTNLR	False	True	Ecoli	False	True	False	diann231	Triqler	Triqler	0.2
0.3513	0.5242	P16095	9.0	1.937e-06	-0.2115	0.5242	0.8895	1.007	0.9033	1.069	1.049	1.101	VGIGPSSSHTVGPMK;GMNTEGVLPGPLR;GMNTEGVLPGPLRVPR;VAVDVYGSLSLTGK;HEVDFPR;GLLDSVTR;MISLFDMFK;LLLAQGR;QFVDDLVEKGLLDSVTR	False	True	Ecoli	False	True	False	diann231	Triqler	Triqler	0.2
0.3578	0.5328	P12758	12.0	7.589e-08	-0.2113	0.5328	0.9031	0.9818	0.9076	1.073	1.063	1.09	AGMVAGVIVNR;IAALMDKPVK;IGTTGAIQPHINVGDVLVTTASVR;NDLQGATLAIVPGDPDR;NDLQGATLAIVPGDPDRVEK;SDVFHLGLTK;SIGATTHVGVTASSDTFYPGQER;SIGATTHVGVTASSDTFYPGQERYDTYSGR;SKSDVFHLGLTK;TQQEIPNAETMK;TQQEIPNAETMKQTESHAVK;LASHREFTTWR	False	True	Ecoli	False	True	False	diann231	Triqler	Triqler	0.2
0.3638	0.5329	P76578	12.0	2.333e-06	-0.1937	0.5329	0.848	1.19	0.8307	1.048	0.9908	1.149	DLYRPGETVILNGLLR;FAVQSYAALVLAR;TTLFIPVR;EAVSALPGFEFGDIAAENLSR;AGEQGYSVPTDAINR;ASVDIGISR;LHIAAPTAGK;VSFPVEWGAYR;AGEQGYSVPTDAINRGNER;HDLYLSTLVVRPGDK;FDLNPAR;AVGVLHLPLGDENR	False	False	Ecoli	False	True	False	diann231	Triqler	Triqler	0.2
0.3697	0.5406	P0A8B5	3.0	6.78e-05	-0.2089	0.5406	1.001	0.913	0.8567	1.061	1.017	1.185	MQEEIAQLEVTGESGAGLVK;MASVSSGMQLPPGFK;GGLGNLMK	False	True	Ecoli	False	True	False	diann231	Triqler	Triqler	0.2
0.3756	0.5539	P61320	11.0	1.042e-06	-0.2056	0.5539	0.9439	1.012	0.8355	1.026	1.073	1.139	GAFAYISDQQK;LLLTNPLGSTELELNAQPGNVQLVDNK;LTGMPIPLNSLR;LSEITYSQNGK;QWILGLPGDATDYKLDDQYR;FFWQQTGQDR;VVYGGYDTK;LLLTNPLGSTELELNAQPGNVQLVDNKGQR;GPGKSPDSPQWR;FFWQQTGQDRYR;QWILGLPGDATDYK	False	True	Ecoli	False	True	False	diann231	Triqler	Triqler	0.2
0.3825	0.5942	P06996;P77747;P76335	1.0	0.002218	-0.1935	0.5933	0.9346	0.9456	0.8977	1.085	1.071	1.084	NMSTYVDYK	False	False		False	False	False	diann231	Triqler	Triqler	0.2
0.389	0.5975	P05637	9.0	2.946e-06	-0.1966	0.5975	0.9508	0.9892	0.8538	1.163	1.063	1.007	LVLGNHDLHLLAVFAGISR;LTPLLEAPDADELLNWLRR;WEDKQYFVQPSNR;DRLTPLLEAPDADELLNWLR;LTPLLEAPDADELLNWLR;GPGSLDVLR;FITNAFTR;QYFVQPSNR;DTLWLTGDLVAR	False	False	Ecoli	False	True	False	diann231	Triqler	Triqler	0.2
0.3952	0.5992	P0AE67	3.0	0.0001534	-0.1945	0.5992	0.9595	0.973	0.8354	1.156	1.02	1.088	FLVVDDFSTMR;FLVVDDFSTMRR;ENIIAAAQAGASGYVVKPFTAATLEEK	False	False	Ecoli	False	True	False	diann231	Triqler	Triqler	0.2
0.4011	0.6027	P69811	23.0	1.226e-08	-0.1966	0.6027	0.9265	1.003	0.8807	1.043	1.047	1.119	AINEQPLNLGQGIWLSDSAEGNLR;EQQTSTFLGNGIAIPHGTTDTR;FTAQGADAEQALK;LADLLLDNKADR;LKEAGAVDATFVTK;MFQLSVQDIHPGEK;QFNSDITVTNLDGTGKPANGR;QLTHVLSDDSVAEQLK;QVAAALVQAGNVAEGYVNGMLAR;EAGAVDATFVTK;PGTMLVNTIK;VVALGVKK;NEHGLHARPGTMLVNTIK;ADAATLLALLTSDDAPTDDVLSAEFVVR;EQQTSTFLGNGIAIPHGTTDTRDQVLK;LADLLLDNK;SATTAEELRALLMGEK;VVALGVK;AIGDAIAAGLGEGA;LRFTAQGADAEQALK;ALLMGEK;RLADLLLDNK;QLTHVLSDDSVAEQLKSATTAEELR	False	False	Ecoli	False	True	False	diann231	Triqler	Triqler	0.2
0.4069	0.6112	P0ADH5	4.0	8.773e-06	-0.1904	0.6112	0.9183	1.039	0.8515	1.028	1.048	1.142	NFLTHSEIESLLK;TSYPHAESEWVFLSR;HTVWYTASNAGR;FYGIWDR	False	False	Ecoli	False	True	False	diann231	Triqler	Triqler	0.2
0.4126	0.6174	P65556	6.0	6.249e-06	-0.194	0.6174	0.9938	0.911	0.8719	1.224	1.045	0.991	LASTEWVDIVNEENEVIAQASR;RLASTEWVDIVNEENEVIAQASR;EAEEELGIAGVPFAEHGQFYFEDK;ALALWMK;ATYIVVHDGMGK;DFLPGMLDATAGGVVQADEQLLESARR	False	False	Ecoli	False	True	False	diann231	Triqler	Triqler	0.2
0.418	0.6184	P0A6F5	35.0	1.404e-09	-0.2005	0.6184	0.9154	0.9902	0.9005	1.063	1.051	1.096	AAVEEGVVAGGGVALIR;AGKPLLIIAEDVEGEALATLVVNTMR;AIAQVGTISANSDETVGK;AMLQDIATLTGGTVISEEIGMELEK;ANDAAGDGTTTATVLAQAIITEGLK;ARVEDALHATR;ATLEDLGQAKR;AVTAAVEELK;DTTTIIDGVGEEAAIQGR;EGVITVEDGTGLQDELDVVEGMQFDR;EIELEDKFENMGAQMVK;EMLPVLEAVAK;GIDKAVTAAVEELK;GYLSPYFINKPETGAVELESPFILLADK;ISNIREMLPVLEAVAK;LIAEAMDKVGK;NVVLDKSFGAPTITK;QQIEEATSDYDR;QQIEEATSDYDREK;VGAATEVEMK;VGAATEVEMKEK;VVINKDTTTIIDGVGEEAAIQGR;AVAAGMNPMDLKR;LADLRGQNEDQNVGIK;LAGGVAVIK;SFGAPTITK;SFGAPTITKDGVSVAR;GVNVLADAVK;LIAEAMDK;ATLEDLGQAK;VGKEGVITVEDGTGLQDELDVVEGMQFDR;AVAAGMNPMDLK;GGDGNYGYNAATEEYGNMIDMGILDPTK;AMEAPLR;AMEAPLRQIVLNCGEEPSVVANTVK	False	True	Ecoli	False	True	False	diann231	Triqler	Triqler	0.2
0.4234	0.6261	P21156	5.0	2.967e-06	-0.1905	0.6261	0.9143	1.022	0.8629	1.09	1.035	1.099	AFYPGTLPFPLLHVDTGWK;YGFDAAFGGAR;KAFYPGTLPFPLLHVDTGWK;QLEAESIHIIR;DSSVMLHLAR	False	False	Ecoli	False	True	False	diann231	Triqler	Triqler	0.2
0.4286	0.6342	P0ACA3	12.0	1.087e-07	-0.1944	0.6342	0.927	0.9774	0.893	1.142	1.022	1.059	DSFLASLTEAER;ELTLWESR;FPHPPLMPVYPVAR;IEKDWYTLMNTIINGSASEADAAR;IIMEYLDER;IIMEYLDERFPHPPLMPVYPVAR;LPQLGIEFSGPGAK;SVMTLFSGPTDIYSHQVR;VFERDSFLASLTEAER;ELKGYMTR;EELLAIAPVFGQK;DSFLASLTEAEREMR	False	False	Ecoli	False	True	False	diann231	Triqler	Triqler	0.2
0.4337	0.6355	P0A6P1	27.0	3.745e-09	-0.1892	0.6355	0.8985	1.02	0.9034	1.045	1.049	1.101	AEITASLVK;AGNVAADGVIK;ALTEANGDIELAIENMR;AQFEEERVALVAK;DAGFQAFADKVLDAAVAGK;EHNAEVTGFIR;EYQVQLDIAMQSGKPK;FEVGEGIEKVETDFAAEVAAMSK;FTGEVSLTGQPFVMEPSK;IGENINIRR;ITDVEVLKAQFEEER;KFTGEVSLTGQPFVMEPSK;RVAALEGDVLGSYQHGAR;TVGQLLKEHNAEVTGFIR;VAALEGDVLGSYQHGAR;VETDFAAEVAAMSK;VLDAAVAGK;ALTEANGDIELAIENMRK;KAGNVAADGVIK;KALTEANGDIELAIENMR;IGENINIR;ITDVEVLK;FTGEVSLTGQPFVMEPSKTVGQLLK;DAGFQAFADK;FEVGEGIEK;IGVLVAAK;TVGQLLK	False	False	Ecoli	False	True	False	diann231	Triqler	Triqler	0.2
0.4386	0.6389	P07021	4.0	1.211e-05	-0.1898	0.6389	0.9232	0.9784	0.8939	1.094	1.042	1.086	LLPESQQQIQTMAAK;LASTGLTHAR;SNLTTQGLGK;ANVVADAWAMGGQIPR	False	False	Ecoli	False	True	False	diann231	Triqler	Triqler	0.2
0.4433	0.6417	P0ADT5	12.0	4.969e-07	-0.1843	0.6417	0.9235	1.031	0.872	1.089	1.004	1.103	GQFTDLQDQVISNLFK;QSWLTHQPSLYSR;FYPHIFVE;VIASDELMTK;LDLAWDGTGEPK;HTWSFVR;LYPWEFMLR;YVVKPIFSR;ALITQDMSR;VSITERPDWR;WLEPAWK;EGANVSIIENGK	False	False	Ecoli	False	True	False	diann231	Triqler	Triqler	0.2
0.4479	0.6478	P05523	3.0	0.005122	-0.1731	0.646	0.9099	0.9202	0.9826	1.03	0.9826	1.201	LRWPVSEEIYR;FGAWLWTK;GIEPHLVGATILHAVVR	False	False	Ecoli	False	True	False	diann231	Triqler	Triqler	0.2
0.4525	0.6535	P0A796	15.0	5.981e-08	-0.195	0.6535	0.8908	0.9857	0.9184	1.118	1.052	1.055	ATVLGHIQR;IGVLTSGGDAPGMNAAIR;ISVVEVMGR;KIGVLTSGGDAPGMNAAIR;MGAYAIDLLLAGYGGR;SALTEGLEVMGIYDGYLGLYEDR;FPEFRDENIR;GGSPVPYDR;GGTFLGSAR;AVAIENLK;YSVSDMINR;AVAIENLKK;GIDALVVIGGDGSYMGAMR;EDLVNEIK;ETRATVLGHIQR	False	False	Ecoli	False	True	False	diann231	Triqler	Triqler	0.2
0.4569	0.6545	P0AA53	4.0	2.113e-05	-0.1836	0.6545	1.005	0.9224	0.8817	1.053	1.048	1.109	TLQPGLSLVVPFMDR;YTEALQQIGSSSNSK;AYILEAEGIR;QSAFLQAEAR	False	False	Ecoli	False	True	False	diann231	Triqler	Triqler	0.2
0.4612	0.6571	P0A9B6	6.0	3.753e-06	-0.1888	0.6571	0.9078	1.002	0.8957	1.073	1.034	1.106	AASQSIIPVDTK;FFPQFNDRFEAIAVR;QERDQLFVGDDAIR;RAEITVVAINELADAAGMAHLLK;DQLFVGDDAIR;SLQSLPWR	False	False	Ecoli	False	True	False	diann231	Triqler	Triqler	0.2
0.4653	0.6573	P25736	2.0	0.0002114	-0.1803	0.6572	0.9292	0.9739	0.8735	1.019	1.107	1.121	VEWEHVVPAWQFGHQR;DQYNLTLSR	False	False	Ecoli	False	True	False	diann231	Triqler	Triqler	0.2
0.4692	0.6596	P0AA04	5.0	1.728e-06	-0.1855	0.6596	0.9456	0.9716	0.8645	1.138	1.019	1.086	GFTSEITVTSNGK;LQTLGLTQGTVVTISAEGEDEQK;LQTLGLTQGTVVTISAEGEDEQKAVEHLVK;MFQQEVTITAPNGLHTR;MFQQEVTITAPNGLHTRPAAQFVK	False	False	Ecoli	False	True	False	diann231	Triqler	Triqler	0.2
0.4732	0.6682	P0AC02	12.0	1.311e-07	-0.1846	0.6682	0.9136	1.021	0.8855	1.085	1.015	1.099	GAWVAVVNRVEGMLR;GLTNMALDDSALQGFFGVDR;GYPNSQYTTDATK;GYPNSQYTTDATKR;LAKYEYSVAEYYTER;NADLPLAQAAIDR;YEYSVAEYYTER;AAFSDFSK;GAWVAVVNR;LNPTHPNIDYVMYMR;LVFLKDR;DALPLMENAYR	False	False	Ecoli	False	True	False	diann231	Triqler	Triqler	0.2
0.477	0.6689	P76561	1.0	0.1188	-0.184	0.6243	0.8296	0.9993	0.8896	1.125	1.081	1.114	SMQFALDHLR	False	False	Ecoli	False	True	False	diann231	Triqler	Triqler	0.2
0.4808	0.6721	P0AAB6	9.0	2.584e-07	-0.1862	0.6721	0.9447	0.988	0.8774	1.124	1.016	1.069	AVIPVAGLGMHMLPATK;IQLTDAIAELAK;IQLTDAIAELAKK;IVEFIEKPDQPQTLDSDIMAVGR;NAVENHFDTSYELESLLEQR;PAIGDNPFVVVLPDVVIDDASADPLR;YNLAAMIAR;YVLSADIWPELER;RMPGDLSEYSVIQTK	False	False	Ecoli	False	True	False	diann231	Triqler	Triqler	0.2
0.4844	0.6723	P00918ups|CAH2_HUMAN_UPS	6.0	7.496e-06	-0.1787	0.6723	0.9097	0.9097	0.9097	1.164	1.077	1.06	AVQQPDGLAVLGIFLK;VVDVLDSIK;QSPVDIDTHTAK;YDPSLKPLSVSYDQATSLR;GGPLDGTYR;SADFTNFDPR	False	False	Human	True	False	False	diann231	Triqler	Triqler	0.2
0.488	0.6774	P0A932	14.0	1.728e-07	-0.1839	0.6774	0.9573	0.9868	0.8691	1.075	1.023	1.107	AKPIMSQANPELEQQIANYEYR;IANIYQLNAK;LDSVIESPQVDVSVAAFR;LLHPGDILFIPR;MVNIYPVTPGLIDQLR;SASDTGNWVNADGAIFYPYIGR;VNLYALMQR;NVVLTQNGVK;TKVNLYALMQR;WNRVISLLVPTISGVHDLTETSR;VFVMGEVGK;IGIGDVLMVTVWDHPELTTPAGQYR;NDDLKVFVMGEVGK;WIQTWPN	False	False	Ecoli	False	True	False	diann231	Triqler	Triqler	0.2
0.4914	0.6776	P08390	9.0	8.676e-07	-0.1854	0.6776	0.8896	1.0	0.9042	1.137	1.023	1.068	LLNGIPIDEEDFFGR;NDYGMPEQVQFWSVADNVR;QFPVGEIYALAR;ISVTSLISASAQGK;FGGALMAVK;ISVTSLISASAQGKK;RIVDEVR;QLAFNMLPLLPDSEGSVREER;QLAFNMLPLLPDSEGSVR	False	False	Ecoli	False	True	False	diann231	Triqler	Triqler	0.2
0.4948	0.6783	P60723	15.0	5.907e-08	-0.1884	0.6783	0.9139	0.999	0.8981	1.085	1.025	1.097	DAQSALTVSETTFGR;DATGIDPVSLIAFDK;DATGIDPVSLIAFDKVVMTADAVK;DFNEALVHQVVVAYAAGAR;SGGVTFAAR;SGGVTFAARPQDHSQK;SGSIKSPIWR;VVMTADAVK;QDRLIVVEK;MELVLKDAQSALTVSETTFGR;VDVRDATGIDPVSLIAFDK;SILSELVR;SILSELVRQDR;FSVEAPK;QVEEMLA	False	False	Ecoli	False	True	False	diann231	Triqler	Triqler	0.2
0.498	0.6802	P0A9P4	14.0	1.186e-07	-0.1915	0.6802	0.9456	0.974	0.8812	1.071	1.036	1.11	LLILGSGPAGYTAAVYAAR;TLEEVTGDQMGVTGVR;VAVIGGGNTAVEEALYLSNIASEVHLIHR;VAVIGGGNTAVEEALYLSNIASEVHLIHRR;VQSGIHGNATQTSIPGVFAAGDVMDHIYR;YLGLPSEEAFK;YLDGLADAK;YLGLPSEEAFKGR;FETEIIFDHINK;LMDKVENGNIILHTNR;ANLQPVLITGMEK;VDLQNRPFR;GGQLTTTTEVENWPGDPNDLTGPLLMER;VENGNIILHTNR	False	False	Ecoli	False	True	False	diann231	Triqler	Triqler	0.2
0.5012	0.6804	P0ABA4	9.0	5.651e-07	-0.1728	0.6804	0.9315	1.047	0.8502	1.094	1.016	1.086	AAFDFAVEHQSVER;LNALPDVLEQFIHLR;SVMAGVIIR;SEFITVARPYAK;IDKSVMAGVIIR;WQDMLAFAAEVTK;AGDMVIDGSVR;SEFITVAR;LADVLQS	False	False	Ecoli	False	True	False	diann231	Triqler	Triqler	0.2
0.5043	0.6877	P23843	22.0	1.562e-08	-0.1758	0.6877	0.9142	1.021	0.8934	1.054	1.018	1.117	AEQQLDKDSAIVPVYYYVNAR;AIDDHTLEVTLSEPVPYFYK;LVNQEWK;NNGSEVQSLDPHKIEGVPESNISR;SPAFDSIMAETLK;TVINQVTYLPIASEVTDVNR;WSDGTPVTAQDFVYSWQR;WTQPGNIVTNGAYTLKDWVVNER;HQGTFDVAR;LAIAASSLWK;LLVHPSTSPVPK;SPTYWNNAK;LTQPEWFGWSQEKR;VWTFHLR;LTQPEWFGWSQEK;DLFEGLLVSDLDGHPAPGVAESWDNKDAK;WTQPGNIVTNGAYTLK;DWVVNER;VWTFHLRK;LGMDRDIIVNK;AQGNMPAYGYTPPYTDGAK;KLAIAASSLWK	False	False	Ecoli	False	True	False	diann231	Triqler	Triqler	0.2
0.5074	0.6908	P76290	7.0	2.951e-06	-0.1712	0.6908	0.9226	1.029	0.8749	1.031	1.002	1.165	LGDWTFDER;SHRDTLFSAPIAR;VAEVFPDMIQR;DTLFSAPIAR;IIAIDNSPAMIER;APTPVDVIEGDIR;FSFEDAK	False	False	Ecoli	False	True	False	diann231	Triqler	Triqler	0.2
0.5105	0.6922	P02787ups|TRFE_HUMAN_UPS	6.0	0.0002838	-0.1668	0.6921	0.9095	0.9095	0.9095	1.091	1.01	1.206	EGYYGYTGAFR;HQTVPQNTGGKNPDPWAK;SKEFQLFSSPHGK;DGAGDVAFVK;MYLGYEYVTAIR;YLGEEYVK	False	False	Human	True	False	False	diann231	Triqler	Triqler	0.2
0.5134	0.696	P0AA16	11.0	2.243e-07	-0.183	0.696	0.8828	1.011	0.9189	1.034	1.065	1.108	ILVVDDDMR;QANELPGAPSQEEAVIAFGK;RQANELPGAPSQEEAVIAFGK;YIQTVWGLGYVFVPDGSKA;YLTEQGFQVR;ALVSHPREPLSR;IVGLEIGADDYIPKPFNPR;SIDVQISR;FKLNLGTR;DKLMNLAR;RMVEEDPAHPR	False	False	Ecoli	False	True	False	diann231	Triqler	Triqler	0.2
0.5165	0.7044	P77150	2.0	6.146e-05	-0.171	0.7044	1.004	0.928	0.8574	1.065	1.055	1.114	AMQEYELQVVAAQDR;ELIAQGPQIVLVK	False	False	Ecoli	False	True	False	diann231	Triqler	Triqler	0.2
0.5194	0.7048	P0ACJ8	8.0	6.651e-07	-0.1741	0.7048	0.9159	1.039	0.8757	1.033	1.062	1.094	IAQTLLNLAK;VGNLAFLDVTGR;MLEDQNLISAHGK;STLIHQGEKAETLYYIVK;FRQLIQVNPDILMR;QLIQVNPDILMR;TIVVYGTR;AETLYYIVK	False	False	Ecoli	False	True	False	diann231	Triqler	Triqler	0.2
0.5223	0.7065	P02358	10.0	1.435e-07	-0.1866	0.7065	0.8939	0.9784	0.9373	1.045	1.057	1.105	AHYVLMNVEAPQEVIDELETTFR;HAVTEASPMVK;IHRLEDWGR;TKHAVTEASPMVK;HYEIVFMVHPDQSEQVPGMIER;LEDWGRR;QLAYPINK;RQLAYPINK;YTAAITGAEGK;FNDAVIR	False	False	Ecoli	False	True	False	diann231	Triqler	Triqler	0.2
0.5251	0.7069	P0AAI5	10.0	3.004e-07	-0.1718	0.7069	0.9403	1.024	0.8562	1.084	1.01	1.108	ALLAGQSGISLIDHFDTSAYATK;DGFVLGDGAGMLVLEEYEHAK;IIAYGDADVMVAGGAEK;NDNPQAASRPWDK;TIFGEAASR;VVVTGLGMLSPVGNTVESTWK;ASTPLGVGGFGAAR;IGAAIGSGIGGLGLIEENHTSLMNGGPR;RVVVTGLGMLSPVGNTVESTWK;DAGIEASQIGYVNAHGTSTPAGDK	False	False	Ecoli	False	True	False	diann231	Triqler	Triqler	0.2
0.5279	0.71	P22106	9.0	2.009e-06	-0.1634	0.71	0.8673	1.068	0.9157	1.086	1.048	1.037	EVAAQQVSDQQLETAR;LSIVDVNAGAQPLYNQQK;HRGPDWSGIYASDNAILAHER;TIKEFPAGSYLWSQDGEIR;THVLAVNGEIYNHQALR;FLDVAMR;AIEWDEAFK;AMSAWGVEAR;VPFLDKK	False	False	Ecoli	False	True	False	diann231	Triqler	Triqler	0.2
0.5306	0.7124	P62399	19.0	1.735e-08	-0.1774	0.7124	0.9405	0.9916	0.8921	1.083	1.001	1.109	ALLAAFDFPFR;EQIIFPEIDYDKVDR;GLDITITTTAKSDEEGR;ITLNMGVGEAIADK;ITLNMGVGEAIADKK;KLMTEFNYNSVMQVPR;LHDYYKDEVVK;LLDNAAADLAAISGQK;LLDNAAADLAAISGQKPLITK;LMTEFNYNSVMQVPR;ALLAAFDFPFRK;LITIAVPR;EQIIFPEIDYDK;VRGLDITITTTAK;MWEFFER;GNYSMGVR;GLDITITTTAK;AKLHDYYK;SFDGRGNYSMGVR	False	False	Ecoli	False	True	False	diann231	Triqler	Triqler	0.2
0.5332	0.7145	P0AD44	5.0	1.883e-05	-0.1695	0.7145	0.9164	1.049	0.8562	1.072	1.055	1.073	DGQALQLQLAEER;STETNPLYWLR;KLENLTDIER;LQQSSDSELDTLR;IEALSTEIPAQVRPLYQLWR	False	False	Ecoli	False	True	False	diann231	Triqler	Triqler	0.2
0.5359	0.7213	P0A8U6	5.0	4.467e-06	-0.1658	0.7213	0.8816	1.047	0.9123	1.07	1.03	1.079	AEWSGEYISPYAEHGKK;KITVSIPLK;SDEIPEAAKEIMR;ITVSIPLK;AEWSGEYISPYAEHGK	False	False	Ecoli	False	True	False	diann231	Triqler	Triqler	0.2
0.5385	0.7223	P56258	2.0	0.04494	-0.1544	0.7093	0.872	0.9265	0.9822	1.069	1.107	1.065	GDLSFFAK;TVLIHVLGSDIPHHNR	False	False	Ecoli	False	True	False	diann231	Triqler	Triqler	0.2
0.5411	0.7239	P67603	5.0	1.336e-05	-0.1784	0.7239	0.946	0.9451	0.9193	1.111	1.034	1.059	FQDDILAGRK;HAEQENMTLTELKK;MQPNDITFFQR;TITIRDESESHFK;FQDDILAGR	False	False	Ecoli	False	True	False	diann231	Triqler	Triqler	0.2
0.5436	0.725	P0ABD5	23.0	1.085e-08	-0.1774	0.725	0.9753	0.9721	0.8691	1.105	1.028	1.068	AQLLADLADLDVLSTEDLK;AYADDKAIVGGIAR;FKMPIITFIDTPGAYPGVGAEER;IDSLTAVSR;IFADLGAWQIAQLAR;KIFADLGAWQIAQLAR;LAFDEFDELAGDR;LIDSIIPEPLGGAHR;MPIITFIDTPGAYPGVGAEER;QDEKLDINIDEEVHR;SADKAPLAAEAMGIIAPR;SLNFLDFEQPIAELEAK;HPQRPYTLDYVR;LAFDEFDELAGDRAYADDK;LDGRPVMIIGHQK;LDINIDEEVHR;NFGMPAPEGYRK;AQLLADLADLDVLSTEDLKNR;NFGMPAPEGYR;LMQMAER;LIDSIIPEPLGGAHRNPEAMAASLK;NPEAMAASLK;AIVGGIAR	False	False	Ecoli	False	True	False	diann231	Triqler	Triqler	0.2
0.5461	0.7287	P06987	8.0	5.976e-06	-0.1764	0.7287	0.939	0.9792	0.8959	1.087	1.014	1.102	ANSYVIGDR;VGDLSTEMIEHFFR;INTGVGFFDHMLDQIATHGGFR;QAIRVEGDTLPSSK;YLAEQAMDR;AEFTYQR;GDLYIDDHHTVEDTGLALGEALK;MEINVKGDLYIDDHHTVEDTGLALGEALK	False	False	Ecoli	False	True	False	diann231	Triqler	Triqler	0.2
0.5486	0.7307	P39393	8.0	3.026e-05	-0.1666	0.7307	0.9558	0.9562	0.9129	1.163	0.9784	1.053	SQQATIPGPEWHLNDELVVR;GSVVEILSWHQR;SENVWTDINDR;LLMLGAGFK;TVELNEFILPAK;LSEMLLFR;TQTSTAPNANADLEK;ESNFTQLDDELKNWIGSR	False	False	Ecoli	False	True	False	diann231	Triqler	Triqler	0.2
0.551	0.732	P0AB77	17.0	2.266e-08	-0.1796	0.732	0.9518	0.9787	0.8862	1.096	1.017	1.087	ALGGASGGYTAAR;EGIYVTGFFYPVVPK;ELQKEGIYVTGFFYPVVPK;HVLIATDGVFSMDGVIANLK;KEVVEWLR;SRPYLFSNSLAPAIVAASIK;TQMSAAHTPEQITR;YANNDMQELEAR;MRGEFYQQLTNDLETAR;AEGLFKEER;GEFYQQLTNDLETAR;VDIITGTLGK;VLEMVEAGSELRDR;ALGGASGGYTAARK;VLEMVEAGSELR;IRTQMSAAHTPEQITR;EVVEWLR	False	False	Ecoli	False	True	False	diann231	Triqler	Triqler	0.2
0.5534	0.7348	P09372	8.0	1.872e-06	-0.1754	0.7348	0.939	0.9854	0.889	1.083	1.036	1.083	AHKFALEK;ALEVADKANPDMSAMVEGIELTLK;FINELLPVIDSLDR;TELDIEK;SMLDVVR;VKAEMENLR;VANLEAQLAEAQTR;RTELDIEK	False	False	Ecoli	False	True	False	diann231	Triqler	Triqler	0.2
0.5557	0.7351	P0A9M5	9.0	5.194e-07	-0.1725	0.7351	0.956	0.9954	0.8689	1.081	1.023	1.094	AEGDGEGFIVIDDLVDTGGTAVAIR;GGLVPGALLAR;RAEGDGEGFIVIDDLVDTGGTAVAIR;YIVTWDMLQIHAR;AHFVTIFAK;SEKYIVTWDMLQIHAR;LMPSEQWK;AHFVTIFAKPAGR;GIIAVSR	False	False	Ecoli	False	True	False	diann231	Triqler	Triqler	0.2
0.558	0.7371	P0A9N8	3.0	0.001163	-0.1526	0.7368	0.8473	0.9613	1.008	1.108	0.968	1.136	FVQDLKDPSLIWR;GSSNQVVHHLR;QGISLSGGDPLHPQNVPDILK	False	False	Ecoli	False	True	False	diann231	Triqler	Triqler	0.2
0.5603	0.7405	P09373;P42632	4.0	1.126e-05	-0.1604	0.7405	0.897	0.9977	0.9463	0.9826	1.079	1.114	GAVASLTSVAK;IIGDYRR;QMQFFGAR;GRIIGDYR	False	False		False	False	False	diann231	Triqler	Triqler	0.2
0.5626	0.7441	P37440	9.0	6.96e-07	-0.1676	0.7441	0.8898	1.023	0.9181	1.042	1.042	1.102	HGANLILLDISPEIEK;TALITGALQGIGEGIAR;GVWNVTK;QSNPEDPESVLTEMAK;AAIVGLTK;SLAVEYAQSGIR;AVLPEMIAR;DPASVAAAIKR;TPMAESIAR	False	False	Ecoli	False	True	False	diann231	Triqler	Triqler	0.2
0.5648	0.7445	P0ADC6	3.0	0.0004877	-0.1533	0.7444	0.8441	1.026	0.9492	1.02	1.127	1.058	LSQVDESDLTNPK;TNLTPDKLGVVALDPDALSISGLHNYVK;QITGSQTVSGTWK	False	False	Ecoli	False	True	False	diann231	Triqler	Triqler	0.2
0.567	0.7477	P0AFD6	7.0	1.25e-06	-0.165	0.7477	0.9765	0.9786	0.8681	1.094	0.9967	1.105	ELLVGFGTQVR;MTLKELLVGFGTQVR;DGRWYPEFFR;IVLTRDPDGEER;SIWMIGLHAFAK;WYPEFFR;MYPEEPVYLPPR	False	False	Ecoli	False	True	False	diann231	Triqler	Triqler	0.2
0.5692	0.7481	P08263ups|GSTA1_HUMAN_UPS	6.0	0.0004067	-0.1518	0.748	0.924	0.924	0.924	1.03	1.089	1.13	YFPAFEK;AILNYIASKYNLYGK;FLQPGSPR;ISNLPTVK;SHGQDYLVGNK;AILNYIASK	False	False	Human	True	False	False	diann231	Triqler	Triqler	0.2
0.5713	0.7498	P75828	3.0	0.007745	-0.1204	0.7479	0.9723	1.086	0.7513	1.092	1.217	0.9487	QLDFLAR;VEIVGFR;YLDIINR	False	False	Ecoli	False	True	False	diann231	Triqler	Triqler	0.2
0.5734	0.7521	P0CK95	29.0	9.88e-09	-0.1614	0.7521	0.9365	1.026	0.8826	1.07	1.016	1.085	ATGIWVYER;AWDKNELAYITEAPSLVEPENVTR;DTATFNLPFISLGQVGEGK;GQAVVNISNAAFPILMAR;SNANVPVTVTVALADDLTGR;SVVNNDPQGYPNR;YPAVDGALPYTIDSK;LLDAAGLSMALNK;TGYLTLGGSQR;YAFIDEADHKTEDSLK;LYQHELYFR;GANIDQLIHR;STIALTELGDEVR;GWNLFQLMHR;FKVPYGGLIYIK;IFAAFPGLK;FHVFHDSTNFYGSTGNAR;LSSVDLER;WFSLTTR;SWWDLNIK;AMVQAADLGTNIQR;PGTGVPVTGGMYVPQYTQLSLNADTAK;LMVIGNPHYNSILR;NVNDGQIQGVINK;NDKNYWLAFGEK;YAFIDEADHK;EKIFAAFPGLK;LEVASWLEDVDGKQETR;SNANVPVTVTVALADDLTGREK	False	False	Ecoli	False	True	False	diann231	Triqler	Triqler	0.2
0.5755	0.7534	P39831	7.0	2.169e-06	-0.1752	0.7534	0.9503	0.9815	0.8803	1.096	1.042	1.066	LQELKDELGDNLYIAQLDVR;NHGHIINIGSTAGSWPYAGGNVYGATK;VTDIEPGLVGGTEFSNVR;ASVEDWETMIDTNNK;GLVYMTR;QFSLNLR;AVLPGMVER	False	False	Ecoli	False	True	False	diann231	Triqler	Triqler	0.2
0.5775	0.7538	P46889	8.0	6.151e-06	-0.1399	0.7538	0.8885	1.13	0.8675	1.069	1.041	1.032	GVAADPDDVLFSGNR;DIAGEPVVADLAK;FRDNPSPLTVVLGK;KVEELIAR;ELASYGIK;IAFTVSSK;DQEVHAVVQDWK;SVGVNAMILSMLYK	False	False	Ecoli	False	True	False	diann231	Triqler	Triqler	0.2
0.5795	0.7555	P0A715	17.0	6.449e-08	-0.1613	0.7555	0.9299	1.03	0.8791	1.036	1.058	1.084	AIDDLVKGFEELDTSK;IITDVHEPSQAQPVADVVDVIQLPAFLAR;LGIPYVFK;RAQVAELAR;AGMAVGLAGLFIEAHPDPEHAK;GFEELDTSK;IFQELKQTFGVK;TGAVINVK;VVSIGDINVANDLPFVLFGGMNVLESR;AQVAELAR;QTDLVEAMAK;SSIHSYRGPGLEEGMK;AIDDLVK;GANFGYDNLVVDMLGFSIMKK;KPQFVSPGQMGNIVDK;GPGLEEGMKIFQELK;DPFGAASGGR	False	False	Ecoli	False	True	False	diann231	Triqler	Triqler	0.2
0.5815	0.7594	P69776	3.0	2.924e-05	-0.1551	0.7594	0.9606	0.9558	0.9031	1.076	1.078	1.04	IDQLSSDVQTLNAK;VDQLSNDVNAMR;IDQLSSDVQTLNAKVDQLSNDVNAMR	False	False	Ecoli	False	True	False	diann231	Triqler	Triqler	0.2
0.5834	0.7595	P0A6M8	41.0	8.053e-10	-0.1655	0.7595	0.9284	1.024	0.8899	1.058	1.034	1.081	AGPLAGYPVVDMGIR;AKPVLLEPIMK;ASYTMEFLK;ASYTMEFLKYDEAPSNVAQAVIEAR;EFNVEANVGKPQVAYR;GGVIPGEYIPAVDK;GGVIPGEYIPAVDKGIQEQLK;GITITSAATTAFWSGMAK;GMLKGQESEVTGVK;GQYGHVVIDMYPLEPGSNPK;GYEFINDIKGGVIPGEYIPAVDK;HASDDEPFSALAFK;IATDPFVGNLTFFR;IGEVHDGAATMDWMEQEQER;IHAEVPLSEMFGYATQLR;INIIDTPGHVDFTIEVER;LGANPVPLQLAIGAEEHFTGVVDLVK;LHFGSYHDVDSSELAFK;MEFPEPVISIAVEPK;NIGISAHIDAGK;NIGISAHIDAGKTTTTER;QYEPHRINIIDTPGHVDFTIEVER;VEVETPEENTGDVIGDLSR;VYSGVVNSGDTVLNSVK;YDEAPSNVAQAVIEAR;YLGGEELTEAEIK;YLGGEELTEAEIKGALR;YRNIGISAHIDAGK;ILFYTGVNHK;MGANFLK;IAFVNKMDR;VEVETPEENTGDVIGDLSRR;AGDIAAAIGLK;LAKEDPSFR;GYEFINDIK;LAASIAFK;TRLGANPVPLQLAIGAEEHFTGVVDLVK;LAASIAFKEGFK;MGLALGR;GQESEVTGVK;GRASYTMEFLK	False	False	Ecoli	False	True	False	diann231	Triqler	Triqler	0.2
0.5854	0.7624	P37626	7.0	7.032e-06	-0.1411	0.7624	0.9234	1.102	0.8545	1.02	1.048	1.076	EAQSAVAAAQALLEQR;GAISAQQLDDDRAAAESAR;VAEPGEVLAAGGR;TNIIQAQTR;TGLPGVAWVR;IAADIDDSELKAPR;LILDAAPDLR	False	False	Ecoli	False	True	False	diann231	Triqler	Triqler	0.2
0.5873	0.763	P02768ups|ALBU_HUMAN_UPS	6.0	9.117e-06	-0.148	0.763	0.9256	0.9256	0.9256	1.113	1.033	1.096	KVPQVSTPTLVEVSR;RHPDYSVVLLLR;YLYEIAR;RHPYFYAPELLFFAK;LVNEVTEFAK;VFDEFKPLVEEPQNLIK	False	False	Human	True	False	False	diann231	Triqler	Triqler	0.2
0.5892	0.7635	P36999	2.0	0.0002721	-0.1535	0.7634	0.993	0.9021	0.924	1.101	1.01	1.086	VVKPGGWVITATPGPR;LRGDEAVALLQMTPFAWR	False	False	Ecoli	False	True	False	diann231	Triqler	Triqler	0.2
0.591	0.7647	P0ADC1	3.0	0.0003832	-0.1522	0.7646	0.8774	1.038	0.8986	1.066	1.031	1.112	SFFDNPQMALAK;LNGVELLDKETTR;AAEQLIR	False	False	Ecoli	False	True	False	diann231	Triqler	Triqler	0.2
0.5928	0.7656	P10346	4.0	2.282e-05	-0.166	0.7655	0.9153	0.9942	0.9149	1.069	1.024	1.098	AHHYPSELSGGQQQR;IAEDGNPQVLIKNPPSQR;LQEFLQHVS;LIFIDKGR	False	False	Ecoli	False	True	False	diann231	Triqler	Triqler	0.2
0.5946	0.7681	P0A6B7	22.0	1.039e-08	-0.1588	0.7681	0.9278	1.031	0.8887	1.084	1.017	1.067	ALGLNDELAHSSIR;EGFEVTYLAPQR;EIVFTSGATESDNLAIK;FGWQAEEAVDIAR;FTTEEEIDYTIELVR;FTTEEEIDYTIELVRK;GIIYHVDATQSVGKLPIDLSQLK;LPIDLSQLK;LRDLSPLWEMYK;MKLPIYLDYSATTPVDPR;QGVDLNSIEWAHH;SGTLPVHQIVGMGEAYR;VRIEAQMHGGGHER;GIIYHVDATQSVGK;IAKEEMATEMER;NQIADLVGADPR;QLEREGFEVTYLAPQR;DLSPLWEMYK;GIGALYVR;VDLMSFSGHK;LPIYLDYSATTPVDPR;NGIIDLK	False	False	Ecoli	False	True	False	diann231	Triqler	Triqler	0.2
0.5964	0.7688	P0ACG1	7.0	1.322e-06	-0.1549	0.7688	1.008	0.9835	0.8445	1.084	1.026	1.074	ADGINPEELLGNSSAAAPR;EFSIDVLEEMLEK;SVMLQSLNNIR;TPKPIAQALAEGK;ISTWLELMK;PIAQALAEGK;SLDDFLI	False	False	Ecoli	False	True	False	diann231	Triqler	Triqler	0.2
0.5982	0.7704	P39337	1.0	0.001173	-0.144	0.7702	0.9822	0.9554	0.8525	1.114	1.038	1.081	MYFLPAIR	False	False	Ecoli	False	True	False	diann231	Triqler	Triqler	0.2
0.5999	0.7708	P78067	13.0	5.439e-07	-0.1728	0.7708	0.9249	0.994	0.9053	1.045	1.043	1.102	HDTTVILYGR;LPHFEQLVYPQWLHDLQQGK;VIEAAWGAPK;LLDGGWQTWSDAGLPVER;EVTAKPAGDWK;AEPDFGVK;HGIRHDTTVILYGR;SWPEFIGTTSGYSYIKPK;VAQIMLYAGVK;SADDITAMWK;QDASLVSIR;VKAEPDFGVK;AGLTHISILSDALSEPSR	False	False	Ecoli	False	True	False	diann231	Triqler	Triqler	0.2
0.6016	0.7723	P0AFI7	9.0	8.353e-07	-0.149	0.7723	0.9864	1.002	0.8534	1.136	0.9964	1.047	DLPADPLTLFER;FQQGEVPLPSFWGGFR;VSLEQIEFWQGGEHR;VSLLFPWHTLER;DSQIGAWVSK;QKFQQGEVPLPSFWGGFR;ENDAWKIDR;GMVFYTNLGSR;SDNDELQQIAHLR	False	False	Ecoli	False	True	False	diann231	Triqler	Triqler	0.2
0.6033	0.7724	P0A905	6.0	9.142e-07	-0.1679	0.7724	0.9115	1.011	0.9124	1.064	1.04	1.075	KDDGNTIMVVQK;QVQNVSYGTIVNVR;TQGVELEIR;VVLASNGSQVTVSPR;TQGVELEIRK;SLATAAGAVAGGVAGQGVQSAMNK	False	False	Ecoli	False	True	False	diann231	Triqler	Triqler	0.2
0.6049	0.775	P0AC81	2.0	0.00371	-0.1235	0.7741	1.014	1.01	0.8665	1.009	1.04	1.075	GGTTVIAFVEDPDGYKIELIEEK;LLHTMLR	False	False	Ecoli	False	True	False	diann231	Triqler	Triqler	0.2
0.6066	0.7759	P23893	13.0	1.336e-07	-0.175	0.7759	0.9064	0.9909	0.9236	1.067	1.047	1.079	AFTGVGGTPLFIEK;AGSGALTLGQPNSPGVPADFAK;IIGGGMPVGAFGGR;MVNSGTEATMSAIR;NAVIEAAER;SKSENLYSAAR;ADGAYLYDVDGK;ELIPGGVNSPVR;GLSFGAPTEMEVK;AYIDYVGSWGPMVLGHNHPAIR;SENLYSAAR;IIGGGMPVGAFGGRR;MAQLVTELVPTMDMVR	False	False	Ecoli	False	True	False	diann231	Triqler	Triqler	0.2
0.6082	0.776	P02918	9.0	9.886e-06	-0.1484	0.776	0.902	1.057	0.8928	1.138	1.024	1.008	NSPPQYAGPIR;SALNTNIFGEPGWQGTGWR;GLTLASMLNDVPISR;YGESAYEDGYR;IYTTITR;AASVALFSGHASQGASTITQQLAR;DEILELYLNK;AFIATEDSR;SNVLENNDVEDVAISR	False	False	Ecoli	False	True	False	diann231	Triqler	Triqler	0.2
0.6098	0.7768	P24255	5.0	1.019e-05	-0.1611	0.7768	0.9317	1.01	0.8592	1.073	1.066	1.081	LIISDHLDLLANHDFR;ETQDSETLDTADALEQK;YFFSSHVNTEGGGEASSTAIR;LSQQLAMTPQLQQAIR;TTPWLEEAR	False	False	Ecoli	False	True	False	diann231	Triqler	Triqler	0.2
0.6114	0.7793	P33030	6.0	2.306e-05	-0.125	0.7793	0.9836	1.081	0.7993	1.015	1.05	1.105	TNLITGFLGSGK;GLAALSLPEHQR;LLIEPTGLGHPK;QGDDLHIETQNVAPPDSR;QILDLLTAPVYEPWIDLR;IPEGLVR	False	False	Ecoli	False	True	False	diann231	Triqler	Triqler	0.2
0.6129	0.7805	P52060	2.0	0.002644	-0.1345	0.7799	0.9741	0.9858	0.8293	1.023	1.091	1.125	VAITAPPVDGQANSHLVK;IINPQQIPPEIAALIN	False	False	Ecoli	False	True	False	diann231	Triqler	Triqler	0.2
0.6145	0.7807	P76471	1.0	0.03989	-0.1397	0.7716	0.8762	0.9422	0.9877	1.044	1.044	1.125	YTIMRPVSIEAGYR	False	False	Ecoli	False	True	False	diann231	Triqler	Triqler	0.2
0.616	0.7814	P69908	3.0	9.634e-05	-0.1574	0.7813	0.9029	0.9799	0.9397	1.064	1.049	1.077	LLTDFRSELLDSR;AISTIAESKR;AISTIAESK	False	False	Ecoli	False	True	False	diann231	Triqler	Triqler	0.2
0.6175	0.7849	P0A8T7	80.0	5.811e-11	-0.1565	0.7849	0.9339	1.013	0.9023	1.076	1.015	1.073	AILWMIVPK;AIVQLEDGVQISSGDTLAR;AQTKTEEFDAIK;ASLATESFISAASFQETTR;ATIVNAGSSDFLEGEQVEYSR;EEAVVWDILDEVIR;EEAVVWDILDEVIREHPVLLNR;EGLNVLQYFISTHGAR;EPAILAEISGIVSFGK;FATSDLNDLYR;FTDMIDGQTITR;GDVISDGPEAPHDILR;GEGMVLTGPK;GHIINKGEAIGVIAAQSIGEPGTQLTMR;GLKENVIVGR;GLPYSIVNQALGK;HEIISEAEAEVAEIQEQFQSGLVTAGER;IALASPDMIR;IGLLLDMPLR;ILGLKPTVIFADQIMYTGFAYAAR;INDKHIEVIVR;ITEYEKDANGELVAK;KATIVNAGSSDFLEGEQVEYSR;KGLADTALK;KHEIISEAEAEVAEIQEQFQSGLVTAGER;LGIQAFEPVLIEGK;LIPAGTGYAYHQDR;LLDLAAPDIIVR;MALELFKPFIYGK;MGAEAIQALLK;MGHIELASPTAHIWFLK;MLQEAVDALLDNGR;QTDELTGLSSLVVLDSAER;QVSFNSIYMMADSGAR;RLLDLAAPDIIVR;RLVITPVDGSDPYEEMIPK;SGASVGIDDMVIPEKK;SGLASLHAR;SVITVGPYLR;TEEFDAIKIALASPDMIR;TFHIGGAASR;VADLFEAR;VERGDVISDGPEAPHDILR;VIDIWAAANDR;VLTEAAVAGK;VPYGAVLAK;VTAEDVLKPGTADILVPR;YIVNEVQDVYR;YNKVIDIWAAANDR;ESYKVPYGAVLAK;EHPVLLNR;GLMAKPDGSIIETPITANFR;GLPYSIVNQALGKK;IGLLLDMPLRDIER;LVITPVDGSDPYEEMIPK;MVEREEAVVWDILDEVIR;QLNVFEGER;QLNVFEGERVER;SGASVGIDDMVIPEK;VLTEAAVAGKR;MLQEAVDALLDNGRR;IVDAQGNDVLIPGTDMPAQYFLPGK;HIEVIVR;TEEFDAIK;FRQNLLGK;FATSDLNDLYRR;GLADTALK;LRGVHAVTR;SWSFGEVK;EPAILAEISGIVSFGKETK;WRQLNVFEGER;GLATTIK;DITGGLPR;DLLGITK;DLRPALK;GEAIGVIAAQSIGEPGTQLTMR;LIDEFGR;VIDIWAAANDRVSK;SLADMIK;TSLKDTTVGR	False	False	Ecoli	False	True	False	diann231	Triqler	Triqler	0.2
0.619	0.7855	P45470	3.0	0.000209	-0.146	0.7855	0.9562	0.931	0.9554	1.099	1.018	1.05	SIDEVTPAEFDALLLPGGHSPDYLR;IAVLITDEFEDSEFTSPADEFRK;AGHEVITIEK	False	False	Ecoli	False	True	False	diann231	Triqler	Triqler	0.2
0.6205	0.7864	P23869	5.0	2.858e-06	-0.1614	0.7864	0.909	0.9877	0.9336	1.061	1.024	1.099	EGFYNNTIFHR;EPIKNEANNGLK;TFDDKAPETVK;VINGFMIQGGGFEPGMK;SGMHQDVPKEDVIIESVTVSE	False	False	Ecoli	False	True	False	diann231	Triqler	Triqler	0.2
0.6221	0.7968	P0A717	12.0	7.028e-08	-0.1657	0.7968	0.9373	1.001	0.8931	1.08	1.027	1.076	FSDGEVSVQINENVR;ISNEESISAMFEH;ITAVIPYFGYAR;LLNDTDMAIIDKR;LYTSLGDAAVGR;TLTLSGMLAEAIR;TLTLSGMLAEAIRR;VFAYATHPIFSGNAANNLR;VVADFLSSVGVDR;RVFAYATHPIFSGNAANNLR;LFAGNATPELAQR;RISNEESISAMFEH	False	False	Ecoli	False	True	False	diann231	Triqler	Triqler	0.2
0.6236	0.797	P37666	10.0	4.003e-07	-0.1609	0.797	0.9301	1.001	0.9031	1.051	1.019	1.111	AHFGFNMPILYNAR;GPVVDENALIAALQK;SSAIFINAGR;ATSTISVGYDNFDVDALTAR;AGEWTASIGPDWYGTDVHHK;TLGIVGMGR;MKPSVILYK;ALPDDLLQR;IGMALAQR;ATSTISVGYDNFDVDALTARK	False	False	Ecoli	False	True	False	diann231	Triqler	Triqler	0.2
0.6251	0.7973	P0A7J0	5.0	3.944e-06	-0.1565	0.7973	0.9137	1.009	0.9087	1.072	1.029	1.082	HNMALVTIEDLVAYR;MNQTLLSSFGTPFER;VENALAALR;VENALAALREGR;NQTLLSSFGTPFER	False	False	Ecoli	False	True	False	diann231	Triqler	Triqler	0.2
0.6265	0.7982	P0AFX0	4.0	7.053e-05	0.1521	0.7982	1.019	1.125	1.025	0.9356	0.9591	0.9487	INQVYVVLK;INQVYVVLKVEK;LEQYFDR;MQLNITGNNVEITEALR	False	False	Ecoli	False	True	False	diann231	Triqler	Triqler	0.2
0.628	0.7993	P75745	6.0	0.0001894	-0.1464	0.7993	0.9644	0.9395	0.9346	1.087	0.9742	1.116	ASQDAFWR;YFEQLAWR;SPWQLSSQSNR;VGIGGLEGR;QLLWGNR;LDDNAVWTGWR	False	False	Ecoli	False	True	False	diann231	Triqler	Triqler	0.2
0.6295	0.7993	P0AG84	5.0	0.0004201	-0.09835	0.7993	0.8706	1.221	0.8655	1.019	0.9717	1.097	KALVTGGDSGIGR;AVLLPGDLSDEKFAR;EGADVAISYLPVEEEDAQDVKK;ALVTGGDSGIGR;AAILNYSR	False	False	Ecoli	False	True	False	diann231	Triqler	Triqler	0.2
0.6309	0.8007	P0ACL9	4.0	9.264e-06	-0.1412	0.8007	0.997	0.968	0.881	1.154	1.015	1.004	HALEGIAAYYAALR;HLAFIEEILLDR;QNFELLYSR;IFEAIMAGKPEEAR	False	False	Ecoli	False	True	False	diann231	Triqler	Triqler	0.2
0.6323	0.8023	P0A9M2	9.0	1.191e-06	-0.1584	0.8023	0.9681	0.9857	0.883	1.051	1.032	1.094	DVLIVEDIIDSGNTLSK;EILSLREPK;GKDVLIVEDIIDSGNTLSK;YKDSGSDMVLVGLLR;HLPYIGK;DSGSDMVLVGLLR;HTVEVMIPEAEIK;EVQVSHEVDFMTASSYGSGMSTTR;ILKDLDEDIR	False	False	Ecoli	False	True	False	diann231	Triqler	Triqler	0.2
0.6337	0.8035	P00363	28.0	7.332e-09	-0.1634	0.8035	0.914	1.007	0.9147	1.06	1.03	1.089	AAIAAAQANPNAK;AATAGNGNEAAIEAQAAGVEQR;DKVSQAFWHEWR;FDEHFVLDILVDDGHVR;GDVVYLDLR;GEGGILVNK;ITTLPPAKR;LGSNSLAELVVFGR;LKDLVNQDGGENWAK;MQTFQADLAIVGAGGAGLR;TIDKLAELQER;VSQAFWHEWR;YLQDYGMGPETPLGEPK;ANAVVMATGGAGR;DADGTTRLEYSDVK;TWFAADKTGFHMLHTLFQTSLQFPQIQR;NKYMELGPR;GLVAMNMMEGTLVQIR;TPELMQK;VSQAFWHEWRK;DDVNFLK;YMELGPR;TWFAADK;TGFHMLHTLFQTSLQFPQIQR;VYGGEADAADKAEAANK;ITTLPPAK;FGGMKIER;LAELQER	False	False	Ecoli	False	True	False	diann231	Triqler	Triqler	0.2
0.6351	0.8039	P0AEN4	4.0	0.0001895	-0.122	0.8038	0.9134	1.108	0.8806	1.064	0.9819	1.074	DALDIEWR;HALPGVIGDDLLR;NLILEENALGDHSR;EQLVLER	False	False	Ecoli	False	True	False	diann231	Triqler	Triqler	0.2
0.6365	0.8045	P0A9P0	30.0	2.434e-09	-0.1556	0.8045	0.9269	1.009	0.9099	1.06	1.014	1.093	APAEPQRYDAVLVAIGR;EDGIYVTMEGK;EKGISYETATFPWAASGR;FNLMLETK;FTGANTLEVEGENGK;GISYETATFPWAASGR;GVHEGHVAAEVIAGK;GVHEGHVAAEVIAGKK;IWDSTDALELK;IWDSTDALELKEVPER;STEIKTQVVVLGAGPAGYSAAFR;TNVPHIFAIGDIVGQPMLAHK;TQVVVLGAGPAGYSAAFR;TVINFDNAIIAAGSRPIQLPFIPHEDPR;VINQLTGGLAGMAK;VIPSIAYTEPEVAWVGLTEK;VTAVEAKEDGIYVTMEGK;YDAVLVAIGR;ALAEHGIVFGEPK;KFNLMLETK;LIFDKESHR;AGVEVDDRGFIR;TVINFDNAIIAAGSR;PIQLPFIPHEDPR;ALLHVAK;EKVINQLTGGLAGMAK;NLDAGKAGVEVDDR;VKVVNGLGK;VIPSIAYTEPEVAWVGLTEKEAK;MSTEIKTQVVVLGAGPAGYSAAFR	False	False	Ecoli	False	True	False	diann231	Triqler	Triqler	0.2
0.6378	0.8047	P0AEG6	4.0	6.354e-05	-0.1485	0.8047	0.9263	0.9568	0.9428	1.069	1.044	1.073	SSDIQPAPVAGMK;TVLTNSGVLYITDDGK;LHEQMADYNALGITVR;AFDDVMAGK	False	False	Ecoli	False	True	False	diann231	Triqler	Triqler	0.2
0.6391	0.8058	P0AAN5	1.0	0.001033	-0.1344	0.8056	0.9175	0.9487	0.9688	1.041	1.036	1.1	GKPGQTVTWYQLR	False	False	Ecoli	False	True	False	diann231	Triqler	Triqler	0.2
0.6404	0.8065	P0A850	46.0	5.238e-10	-0.1474	0.8065	0.9425	1.022	0.8935	1.059	1.012	1.084	AGEEFTIDVTFPEEYHAENLK;AGEEFTIDVTFPEEYHAENLKGK;ANDIDVPAALIDSEIDVLRR;EKINPAGAPTYVPGEYK;ELPELTAEFIK;ELPELTAEFIKR;FGVEDGSVEGLRAEVR;GLIEEMASAYEDPKEVIEFYSK;INPAGAPTYVPGEYK;MQVSVETTQGLGR;MQVSVETTQGLGRR;NVALEEQAVEAVLAK;QALELPRELFEEQAK;QDVLGDLMSR;RFGVEDGSVEGLR;RVVVGLLLGEVIR;SELVNVAKK;VEERELPELTAEFIK;VKSQAIEGLVK;VTIDFTGSVDGEEFEGGK;VTITIAADSIETAVK;VTITIAADSIETAVKSELVNVAK;VVVGLLLGEVIR;ASDFVLAMGQGR;GKVPMNIVAQR;NFIDAIIK;NFIDAIIKEK;NKELMDNMR;RVTITIAADSIETAVK;VPMNIVAQR;VTEKETTFNELMNQQA;MIPGFEDGIKGHK;SELVNVAK;FGVEDGSVEGLR;SQAIEGLVK;VRIDGFR;ELFEEQAKR;FAINLKK;ELFEEQAK;ANDIDVPAALIDSEIDVLR;QALELPR;ELMDNMRNVALEEQAVEAVLAK;MIPGFEDGIK;ELMDNMR;EVIEFYSK;SQAIEGLVKANDIDVPAALIDSEIDVLR	False	False	Ecoli	False	True	False	diann231	Triqler	Triqler	0.2
0.6418	0.8075	P77213	1.0	0.003563	-0.1334	0.8068	0.9805	0.9345	0.9215	1.041	1.042	1.091	IGASSAIEALHR	False	False	Ecoli	False	True	False	diann231	Triqler	Triqler	0.2
0.643	0.8089	P0C0T5	2.0	0.008862	-0.1308	0.8072	0.8601	0.9854	0.9823	1.01	1.028	1.157	IFVNPAIK;WTSAQLLRPQALDLVSR	False	False	Ecoli	False	True	False	diann231	Triqler	Triqler	0.2
0.6443	0.809	P0AEK4	16.0	4.425e-08	-0.1514	0.809	0.9466	1.011	0.8924	1.002	1.047	1.116	EGAELAFTYQNDK;EGAELAFTYQNDKLK;FDGFVHSIGFAPGDQLDGDYVNAVTR;IAHDISSYSFVAMAK;ILVTGVASK;SMLNPGSALLTLSYLGAER;TLAASGIKDFR;VNAISAGPIR;YMANAMGPEGVR;AIPNYNVMGLAK;RILVTGVASK;LSIAYGIAQAMHR;ILVTGVASKLSIAYGIAQAMHR;EGFKIAHDISSYSFVAMAK;VWPKFDGFVHSIGFAPGDQLDGDYVNAVTR;GFLSGKR	False	False	Ecoli	False	True	False	diann231	Triqler	Triqler	0.2
0.6456	0.8092	P06610	8.0	1.522e-06	-0.1558	0.8092	0.9208	0.987	0.9277	1.096	1.013	1.068	LIAAAPTAVAPEESGFYAR;APLYPDDILWNFEK;DIDGEVTTLEK;GRAPLYPDDILWNFEK;MQDSILTTVVKDIDGEVTTLEK;FSPDMTPEDPIVMESIK;IEVNGEGRHPLYQK;MQDSILTTVVK	False	False	Ecoli	False	True	False	diann231	Triqler	Triqler	0.2
0.6469	0.8137	P0ACI6	2.0	0.003528	-0.131	0.8131	0.9526	0.9768	0.8686	1.11	1.019	1.094	GILEALMGNAR;SAKDYPSALAK	False	False	Ecoli	False	True	False	diann231	Triqler	Triqler	0.2
0.6481	0.8155	P21889	30.0	3.898e-09	-0.1419	0.8155	0.9617	1.007	0.8861	1.095	0.9972	1.067	AAPENAVANAYDMVINGYEVGGGSVR;ADRQPEFTQIDVETSFMTAPQVR;ADVLPLDSNHVNTEEAR;DLGSLIFIDMR;DMATGEIEVLASSLTIINR;EGIVQVFFDPDRADALK;FGFLLDALK;FYALPQSPQLFK;GKFYALPQSPQLFK;GVDLGDFPVMTFAEAER;GVDLGDFPVMTFAEAERR;KQIDEYGNFVK;RDLGSLIFIDMR;SVEFAVFAGPANDPK;VGKDLGLTDESK;GLEGINSPVAK;VPGGASLTR;AKGLEGINSPVAK;DLGLTDESK;VAALRVPGGASLTR;HLWLEVK;YGTPPHAGLAFGLDR;AKITSLVR;EVMEALVR;IVADAMGALR;QLLMMSGFDR;QIDEYGNFVK;NPMELTDVADLLK;DYLVPSR;VPGGASLTRK	False	False	Ecoli	False	True	False	diann231	Triqler	Triqler	0.2
0.6494	0.8155	P67244	2.0	0.0004793	0.1174	0.8155	1.064	1.088	1.014	0.9888	0.8828	0.9763	VAASIVAISSIHLLR;FLENAMYASR	False	False	Ecoli	False	True	False	diann231	Triqler	Triqler	0.2
0.6506	0.816	P0ABZ6	16.0	2.647e-08	-0.1585	0.816	0.9627	0.9873	0.881	1.067	1.019	1.098	EFSQDPGSANQGGDLGWATPDIFDPAFR;FSEEAASWMQEQR;HILLKPSPIMTDEQAR;IQELPGIFAQALSTAK;ISDEQLDQAIANIAK;KFSEEAASWMQEQR;KGDIVGPIR;LAYDGLNYNTYR;LIMDQIILQMGQK;NISVTEVHAR;QQLPDDATLR;VKLEQIAADIK;SGVGFHILK;VAAVVNNGVVLESDVDGLMQSVK;GQMSAPVHSSFGWHLIELLDTR;EMIISEVR	False	False	Ecoli	False	True	False	diann231	Triqler	Triqler	0.2
0.6518	0.8162	Q46861	2.0	0.005106	0.1231	0.8152	1.096	1.111	0.9721	0.9672	0.8714	1.003	ATLVYTQR;TYVLLPSFEK	False	False	Ecoli	False	True	False	diann231	Triqler	Triqler	0.2
0.653	0.8164	P0AAI3	24.0	7.758e-09	-0.1575	0.8164	0.9535	0.9979	0.8933	1.071	1.011	1.086	ALGVTFFLPEGDAISASR;ESTAYHEAGHAIIGR;GTPGFSGADLANLVNEAALFAAR;KVDYSTFLQEVNNDQVR;LGPLLYAEEEGEVFLGR;LLDNLLTK;LVPEHDPVHK;QKLESQISTLYGGR;QVVVGLPDVR;RVPLAPDIDAAIIAR;TPNPGNTMSEQLGDK;VDYSTFLQEVNNDQVR;VPLAPDIDAAIIAR;VVSMVEFEK;YTTYIPVQDPK;GVLMVGPPGTGK;YETIDAPQIDDLMAR;LESQISTLYGGR;VRDMFEQAK;LAEEIIYGPEHVSTGASNDIK;MLTEDQIK;NMVTQWGFSEK;DSNRYTTYIPVQDPK;KAAPCIIFIDEIDAVGR	False	False	Ecoli	False	True	False	diann231	Triqler	Triqler	0.2
0.6542	0.8184	P25397	9.0	1.674e-06	-0.1613	0.8184	0.9269	0.9956	0.9052	1.092	1.037	1.057	SIENLDNLHTR;VKYNEDVGELHR;THSEVLEAVK;YNEDVGELHR;TIPGLIANMQR;YYEGWER;RYYEGWER;FATMLAR;IKSIENLDNLHTR	False	False	Ecoli	False	True	False	diann231	Triqler	Triqler	0.2
0.6554	0.8188	P23721	17.0	2.25e-08	-0.1356	0.8188	0.9957	1.01	0.8482	1.088	1.028	1.048	AELLYGVIDNSDFYR;ALTDFMVEFER;AQIFNFSSGPAMLPAEVLK;ASIYNAMPLEGVK;DLLNVPSNYK;DWNGLGTSVMEVSHR;GQFAAVPLNILGDK;NIGPAGLTIVIVR;NIGPAGLTIVIVREDLLGK;TTADYVDAGYWAASAIK;YGVIYAGAQK;ALTDFMVEFERR;MNVPFQLADSALDKLFLEESFAAGLHALK;AELLYGVIDNSDFYRNDVAK;LFLEESFAAGLHALK;EFIQVAEEAEKDFR;VTVDGLR	False	False	Ecoli	False	True	False	diann231	Triqler	Triqler	0.2
0.6566	0.8194	P60422	15.0	4.16e-08	-0.1516	0.8194	0.9065	1.032	0.9175	1.043	1.041	1.072	AGDQIQSGVDAAIKPGNTLPMR;ATLGEVGNAEHMLR;GTAMNPVDHPHGGGEGR;NFGKHPVTPWGVQTK;NIPVGSTVHNVEMKPGK;NKDGIPAVVER;SAGTYVQIVAR;SANIALVLYK;SANIALVLYKDGER;HPVTPWGVQTK;GKPFAPLLEK;TDKFIVR;DGAYVTLR;DGIPAVVER;RYILAPK	False	False	Ecoli	False	True	False	diann231	Triqler	Triqler	0.2
0.6577	0.8205	P0AEK2	11.0	1.164e-07	-0.162	0.8205	0.9693	0.9793	0.8856	1.068	1.032	1.08	AEFGEVDILVNNAGITR;AIAETLAAR;GITVNVVAPGFIETDMTR;GLMLNVTDPASIESVLEK;IITIGSVVGTMGNGGQANYAAAK;IRAEFGEVDILVNNAGITR;MKDEEWNDIIETNLSSVFR;AGILAQVPAGR;AGLIGFSK;IALVTGASR;VIGTATSENGAQAISDYLGANGK	False	False	Ecoli	False	True	False	diann231	Triqler	Triqler	0.2
0.6589	0.8208	P0ADS6	11.0	3.389e-07	-0.1405	0.8208	0.9272	1.046	0.8873	1.065	1.021	1.068	QLDKLNSLLDGALK;SVSLGVAQPDAYKDK;VAQYISFLELNQIAK;VAQYISFLELNQIAKK;YHVSNYQPSPMVR;LGPVYSVR;TVEVTLR;KAAIDNAIHQAQELANGFHR;KLGPVYSVR;LNSLLDGALK;AGLNEIR	False	False	Ecoli	False	True	False	diann231	Triqler	Triqler	0.2
0.66	0.8218	P11880	4.0	9.876e-06	-0.1374	0.8218	1.001	1.001	0.8394	1.065	1.049	1.065	LAFGELAAWVR;FDAHDFADQAK;AGGAGALLVSRPLDIDLPQLIVK;SAAMEEVVR	False	False	Ecoli	False	True	False	diann231	Triqler	Triqler	0.2
0.6612	0.8242	P0A953	15.0	3.484e-08	-0.167	0.8242	0.9415	0.9861	0.9059	1.043	1.042	1.094	AVITGLGIVSSIGNNQQEVLASLR;EVFGDKSPAISATK;FQVFGADAMR;GAHIYAEIVGYGATSDGADMVAPSGEGAVR;SGITFSQELK;SHVWGNVK;VGLIAGSGGGSPR;AVGPYVVTK;DGFVIAGGGGMVVVEELEHALAR;LDTTGLIDR;TYDAHRDGFVIAGGGGMVVVEELEHALAR;AVITGLGIVSSIGNNQQEVLASLREGR;SGITFSQELKDSGMR;LDTTGLIDRK;FQVFGADAMRGPR	False	False	Ecoli	False	True	False	diann231	Triqler	Triqler	0.2
0.6623	0.8243	P0A7F3	7.0	1.735e-05	-0.1452	0.8243	0.9602	1.02	0.8842	1.048	1.083	1.017	IDNYEVVGK;GTVIDHIPAQIGFK;DLIKIENTFLSEDQVDQLALYAPQATVNR;SRPSLPER;EFSHNVVLAN;LQVEAIKR;IENTFLSEDQVDQLALYAPQATVNR	False	False	Ecoli	False	True	False	diann231	Triqler	Triqler	0.2
0.6634	0.8246	P13979	7.0	2.104e-06	-0.1209	0.8246	0.93	1.086	0.8727	1.066	1.012	1.051	FEEAKPVLEDQLAK;TKATVTTDNVAALR;ATVTTDNVAALR;TVFLQIK;GYQVVTSPDKAYYWIQANVLK;TQMSETIWLEPASER;ESQGWLNR	False	False	Ecoli	False	True	False	diann231	Triqler	Triqler	0.2
0.6645	0.8247	P0A6P7	9.0	3.743e-07	-0.1504	0.8247	0.9453	1.009	0.8885	1.057	1.021	1.094	ALGEYLEKR;HLPSDTGIEVAFAGR;KAQLNMVR;LVDLPGYGYAEVPEEMKR;SSALNTLTNQK;TQLINLFEVADGKR;TNLNYQQTHFVMSAPDIR;ALGEYLEK;TQLINLFEVADGK	False	False	Ecoli	False	True	False	diann231	Triqler	Triqler	0.2
0.6656	0.8273	P0A9Q5	16.0	1.849e-07	-0.1362	0.8273	0.9683	1.028	0.8644	1.052	1.024	1.079	ALIGFAGPR;LHSLLDEGSLVELGSELEPK;LHSLLDEGSLVELGSELEPKDVLK;LMNLPAPNPEAPR;NRLHSLLDEGSLVELGSELEPK;KASIPEGVWTK;ASIPEGVWTK;LKLASILAK;EKLPPGFQR;LASILAK;EGVVVPPVPDQEPEA;GAIDMIVR;SEFLIEK;ETGEKDALVVMK;LPPGFQR;IKSNITPTR	False	False	Ecoli	False	True	False	diann231	Triqler	Triqler	0.2
0.6667	0.8277	P0AF03	5.0	6.257e-06	-0.1337	0.8277	0.9311	1.06	0.8806	1.026	1.053	1.066	QALILNLPGQPK;QISLHFVPTAILSR;KQALILNLPGQPK;IGLVSISDR;DVTPDATLAVADR	False	False	Ecoli	False	True	False	diann231	Triqler	Triqler	0.2
0.6678	0.8282	P0A855	17.0	2.69e-08	-0.1552	0.8282	0.9384	1.011	0.8959	1.071	1.034	1.062	HNGAPAFSPDGSK;IAYVVQTNGGQFPYELR;ITWEGSQNQDADVSSDGK;LAYVTFESGR;SALVIQTLANGAVR;SPQPLMSPAWSPDGSK;TGSLNLYVMDLASGQIR;VSDYDGYNQFVVHR;YAGHTASDEVFEK;ARLPATDGQVK;LPATDGQVKFPAWSPYL;SNNTEPTWFPDSQNLAFTSDQAGRPQVYK;NSGKFNPLDR;YAGHTASDEVFEKLTGIK;LAFALSK;FPAWSPYL;QVASFPR	False	False	Ecoli	False	True	False	diann231	Triqler	Triqler	0.2
0.6688	0.8284	P69931	9.0	8.971e-06	-0.1222	0.8283	0.9796	1.03	0.8769	1.151	1.018	0.9642	LRGFELPEDVGR;LQPLSDEDKLQALQLR;TLFMTLDQLDR;QLNLGLPDLASR;QEHSGYIYLWAR;GDAVGYVPLDKR;LLITGDRPPR;GFELPEDVGR;LDWGQIYK	False	False	Ecoli	False	True	False	diann231	Triqler	Triqler	0.2
0.6699	0.829	P15877	3.0	0.002717	0.1057	0.8286	1.016	1.202	0.9769	0.9772	0.8778	0.9769	LFALDAASGK;GDYVTPTQPFSELSFRPTK;YASSILALNATTGK	False	False	Ecoli	False	True	False	diann231	Triqler	Triqler	0.2
0.6709	0.8295	P0AED0	4.0	4.123e-06	-0.1385	0.8295	0.9253	1.016	0.9102	1.038	1.092	1.031	AVSMARPYNAK;AYKHILIAVDLSPESK;HILIAVDLSPESK;QLINTVHVDMLIVPLRDEEE	False	False	Ecoli	False	True	False	diann231	Triqler	Triqler	0.2
0.672	0.8303	P77522	4.0	0.00049	0.1157	0.8302	1.119	1.106	0.9874	1.045	0.7979	0.9822	NNSAQLEHEATTSR;LLAISLEHSVG;EVAVDAIFDSVSVATTYR;DVFSELPLEFAVEAQK	False	False	Ecoli	False	True	False	diann231	Triqler	Triqler	0.2
0.673	0.8305	P0AD68	8.0	5.25e-05	-0.138	0.8305	0.9343	1.029	0.8886	1.033	1.026	1.104	SGRPLAVSVPVK;LQALVYR;VDPPVPGER;ALANALNIPLDQLSAR;ATNLGLVGER;SFDKWLTGQPGER;YIAYTAGVAPASQPR;RQEEHANFISWR	False	False	Ecoli	False	True	False	diann231	Triqler	Triqler	0.2
0.674	0.8313	P0A9K9	4.0	4.123e-06	-0.1305	0.8313	0.9926	1.006	0.8564	1.078	1.033	1.05	DLVVSLAYQVR;DVFMGVDELQVGMR;FNVEVVAIR;VPKDVFMGVDELQVGMR	False	False	Ecoli	False	True	False	diann231	Triqler	Triqler	0.2
0.675	0.8313	P14900	8.0	6.214e-07	-0.1553	0.8313	0.919	1.014	0.9136	1.057	1.029	1.08	LSGQHNYTNALAALALADAAGLPR;SADFSPLAR;STVTTLVGEMAK;ALTTFTGLPHR;MTPPGLDKLPEAVER;FEVVLEHNGVR;EAQAPIVAITGSNGK;ATNVGSTEAALNGLHVDGTLHLLLGGDGK	False	False	Ecoli	False	True	False	diann231	Triqler	Triqler	0.2
0.676	0.8314	Q46927	4.0	9.994e-05	-0.134	0.8314	0.8792	0.99	0.9862	1.03	1.032	1.096	NKIPLVTTGGAGGQIDPTQIQVTDLAK;SVVISDAWR;LKSDFGVVK;TIQDPLAAK	False	False	Ecoli	False	True	False	diann231	Triqler	Triqler	0.2
0.677	0.8325	P76372	6.0	5.214e-06	-0.1481	0.8325	0.9259	1.001	0.9093	1.02	1.052	1.106	TQEVVAQEQKDLR;VSDLQETLIGR;NQQLPLTVSYVGQTAEGAQMK;LAQYIQQVDDKVNQELEK;NLQDSLR;QNLLDIESLKVDDLDIHAYR	False	False	Ecoli	False	True	False	diann231	Triqler	Triqler	0.2
0.678	0.8328	P0AB89	17.0	5.205e-08	-0.1452	0.8328	0.948	1.017	0.8885	1.058	1.015	1.087	DEVILPYWR;NLGVGIGYALIAYQSTLK;QLIDGIKDLAVQYR;TARDEVILPYWR;THGQPATPSTIGK;YGIEKPYEK;AITMVDELK;QLNQVEILGK;GIFSEYGLLK;QFIDGLALPEEEKAR;AVEYFLK;MELSSLTAVSPVDGR;DLTDSTVLR;YGDKVSALR;AMTPANYIGR;DLAVQYR;EMANVAYR	False	False	Ecoli	False	True	False	diann231	Triqler	Triqler	0.2
0.6789	0.8334	P0A7R9	7.0	6.08e-07	-0.1377	0.8334	0.9219	1.046	0.8956	1.044	1.031	1.076	KQVSDGVAHIHASFNNTIVTITDR;KSTPFAAQVAAER;QGNALGWATAGGSGFR;QVSDGVAHIHASFNNTIVTITDR;ALNAAGFR;STPFAAQVAAER;NLEVMVK	False	False	Ecoli	False	True	False	diann231	Triqler	Triqler	0.2
0.6799	0.8337	P0A8D0	4.0	1.698e-05	-0.1365	0.8337	0.9798	0.9875	0.8558	1.132	1.022	1.045	FTTFEVAELVMPR;SNDVREPFNEEK;SFEDIKEFGEEIAR;RPVSSDDVEMAINHIK	False	False	Ecoli	False	True	False	diann231	Triqler	Triqler	0.2
0.6808	0.835	P60438	9.0	3.344e-07	-0.1495	0.835	0.913	1.013	0.9251	1.05	1.013	1.099	GAVPGATGSDLIVKPAVK;IFTEDGVSIPVTVIEVEANR;MIGLVGKK;VTKPEAGHFAK;VTQVKDLANDGYR;VTVQSLDVVR;MIGLVGK;VGMTRIFTEDGVSIPVTVIEVEANR;VTVQSLDVVRVDAER	False	False	Ecoli	False	True	False	diann231	Triqler	Triqler	0.2
0.6818	0.836	P0A812	6.0	6.493e-06	-0.128	0.836	0.989	1.023	0.8533	1.105	1.032	1.016	LISAGTTLPEDVADR;LRGDALDHLLIFGPPGLGK;SIKIDLPPFTLIGATTR;IDLPPFTLIGATTR;LEFYQVPDLQYIVSR;LLEEYVGQPQVR	False	False	Ecoli	False	True	False	diann231	Triqler	Triqler	0.2
0.6827	0.8363	P0A858	12.0	1.019e-07	-0.1668	0.8363	0.9385	0.9811	0.9083	1.074	1.033	1.078	DIGAQYIIIGHSER;DIGAQYIIIGHSERR;HMVHELVSNLR;HMVHELVSNLRK;TQGAAAFEGAVIAYEPVWAIGTGK;TYHKESDELIAK;ADAFAVIVK;FIRDHIAK;HPLVMGNWK;QIDAVLK;MRHPLVMGNWK;ESDELIAKK	False	False	Ecoli	False	True	False	diann231	Triqler	Triqler	0.2
0.6836	0.8374	P69441	16.0	4.465e-08	-0.1619	0.8374	0.9359	0.9942	0.8983	1.078	1.03	1.078	DIMDAGKLVTDELVIALVK;EAGINVDYVLEFDVPDELIVDR;LVEYHQMTAPLIGYYSK;LVTDELVIALVK;MRIILLGAPGAGK;NGFLLDGFPR;VEGKDDVTGEELTTR;VDGTKPVAEVR;GTQAQFIMEK;IILLGAPGAGK;DDVTGEELTTR;FNPPKVEGK;IILLGAPGAGKGTQAQFIMEK;TIPQADAMK;YGIPQISTGDMLR;RIILLGAPGAGK	False	False	Ecoli	False	True	False	diann231	Triqler	Triqler	0.2
0.6846	0.838	P0A6R3	2.0	6.223e-05	-0.1169	0.838	0.9745	0.9226	0.9592	1.122	1.02	1.013	VNSDVLTVSTVNSQDQVTQKPLR;AALMMGINR	False	False	Ecoli	False	True	False	diann231	Triqler	Triqler	0.2
0.6855	0.8382	P0AG63	3.0	3.628e-05	-0.142	0.8382	0.9278	0.9993	0.9243	1.041	1.026	1.092	FVKHPIYGK;TKSWTLVR;SIVVAIER	False	False	Ecoli	False	True	False	diann231	Triqler	Triqler	0.2
0.6864	0.8388	P37353	4.0	0.0007096	-0.1246	0.8387	0.9472	0.9794	0.9053	1.056	0.9901	1.139	AVLLGGAAIPVELTEQAR;LDNLFFSGGEGIQPEEVER;EVKIVNNEVWLR;LNDEQLNWR	False	False	Ecoli	False	True	False	diann231	Triqler	Triqler	0.2
0.6873	0.8397	P0AB98	2.0	0.0003509	-0.08657	0.8397	0.9674	1.15	0.7589	1.118	0.9465	1.12	ATSGVPGKFQTAIELVIGFVNGSVK;ASENMTPQDYIGHHLNNLQLDLR	False	False	Ecoli	False	True	False	diann231	Triqler	Triqler	0.2
0.6882	0.8403	P0AD01	2.0	0.001112	-0.1306	0.8401	0.9198	1.019	0.914	1.043	1.034	1.083	FEEALTGWR;GLTPQTLR	False	False	Ecoli	False	True	False	diann231	Triqler	Triqler	0.2
0.6891	0.8406	P52647	13.0	2.742e-07	-0.1181	0.8406	0.9751	1.056	0.8469	1.046	1.011	1.084	QLTATGFWPLYR;VPFIHFFDGFR;ALNPEHPVIR;SRVPFIHFFDGFR;GTSANPDTYFQSR;LAGELTPFVLHVAAR;NWQALALAR;FYVINAAK;LEHVEEEKINYDFFLNLPEIDR;LLTQLYGDR;LYRPFSAK;ATPLGAVTK;NVWGDTPR	False	False	Ecoli	False	True	False	diann231	Triqler	Triqler	0.2
0.69	0.842	P02942;P07017	1.0	0.000912	-0.1231	0.8419	0.9575	0.9583	0.9453	1.069	1.02	1.057	VTDIMGEIASASDEQSR	False	False		False	False	False	diann231	Triqler	Triqler	0.2
0.6908	0.8429	P0A912	7.0	4.697e-07	-0.1537	0.8429	0.9333	0.9935	0.9108	1.024	1.038	1.115	GVSADQISIVSYGK;LQMQQLQQNNIVYFDLDKYDIR;SDFAQMLDAHANFLR;SNPSYKVTVEGHADER;VTVEGHADERGTPEYNISLGER;GTPEYNISLGERR;GTPEYNISLGER	False	False	Ecoli	False	True	False	diann231	Triqler	Triqler	0.2
0.6917	0.8453	P0A8M6	4.0	2.027e-05	-0.1261	0.8453	0.9537	1.01	0.8934	1.013	1.011	1.135	METTKPSFQDVLEFVR;ETTKPSFQDVLEFVR;GDYEDRVDDYIIK;VDDYIIK	False	False	Ecoli	False	True	False	diann231	Triqler	Triqler	0.2
0.6926	0.8457	P04994	3.0	9.053e-05	-0.11	0.8457	0.9849	1.048	0.8376	1.036	1.109	1.007	FGNAVTHLEAVSPLSTLAR;ANITLYEPR;IQQLEYR	False	False	Ecoli	False	True	False	diann231	Triqler	Triqler	0.2
0.6935	0.8459	P0AG07	7.0	7.935e-07	-0.13	0.8459	1.008	0.9899	0.867	1.112	0.9885	1.052	IVPDFAAAGASIITFHPEASEHVDR;MKQYLIAPSILSADFAR;NYGITAPIDVHLMVKPVDR;QYLIAPSILSADFAR;RIDESGFDIR;IDESGFDIR;VNNIGEIAAAGADMFVAGSAIFDQPDYKK	False	False	Ecoli	False	True	False	diann231	Triqler	Triqler	0.2
0.6943	0.8464	P99999ups|CYC_HUMAN_UPS	2.0	0.01256	-0.1077	0.8444	0.815	0.9183	1.125	1.068	1.021	1.09	TGPNLHGLFGR;ADLIAYLK	False	False	Human	True	False	False	diann231	Triqler	Triqler	0.2
0.6952	0.8476	P0A6G7	5.0	5.129e-06	-0.1339	0.8476	0.9338	1.029	0.8914	1.093	1.025	1.042	FLSAPEAVEYGLVDSILTHR;FLSAPEAVEYGLVDSILTHRN;VMIHQPLGGYQGQATDIEIHAR;SFDIYSR;MNELMALHTGQSLEQIER	False	False	Ecoli	False	True	False	diann231	Triqler	Triqler	0.2
0.696	0.8478	P0A903	14.0	4.052e-08	-0.1522	0.8478	0.9318	1.006	0.9053	1.073	1.022	1.075	ALDIRPPAQPLALVSGAR;DDAGQTLTTDWVQWNR;DDAGQTLTTDWVQWNRLDEDEQYR;GNTLWPQVVSVLQAK;GPFNVVWQR;LQVGDLDNR;SSLQFIDPK;TQFTGDTASLLVENGR;YQISVKPQGYQQAVTVK;LPAALEK;YSTEMMNVISAGLDK;GHTLTQSQNDALVAVFQAAFSK;LLNLEQAGKPVADAASMQR;ASTTMDVQSAADDTGLPMLVVR	False	False	Ecoli	False	True	False	diann231	Triqler	Triqler	0.2
0.6969	0.8481	P0AE01	8.0	8.468e-07	-0.1387	0.8481	0.9074	1.035	0.9143	1.054	1.022	1.08	ARPESQELNILR;ERVGLTNEELQK;GILASIEQQNK;SVAEAANTPVALVFGR;VGLTNEELQK;IVLVETSHTGNMGSVAR;TLPWPMLDPR;FYGHLEQTLLATGFIR	False	False	Ecoli	False	True	False	diann231	Triqler	Triqler	0.2
0.6977	0.8487	P0CE47;P0CE48	31.0	2.336e-09	-0.1453	0.8487	0.9276	1.013	0.9171	1.039	1.02	1.095	AFDQIDNAPEEK;AFDQIDNAPEEKAR;AIDKPFLLPIEDVFSISGR;ARGITINTSHVEYDTPTR;ELLSQYDFPGDDTPIVR;FESEVYILSK;GIIKVGEEVEIVGIK;GTVVTGRVER;ILELAGFLDSYIPEPER;LLDEGRAGENVGVLLR;MVVTLIHPIAMDDGLR;NMITGAAQMDGAILVVAATDGPMPQTR;QVGVPYIIVFLNK;TKPHVNVGTIGHVDHGK;TTDVTGTIELPEGVEMVMPGDNIK;VGEEVEIVGIKETQK;AGENVGVLLR;DEGGRHTPFFK;FESEVYILSKDEGGR;GITINTSHVEYDTPTR;TTLTAAITTVLAK;VGEEVEIVGIK;PFLLPIEDVFSISGR;ALEGDAEWEAKILELAGFLDSYIPEPER;ALEGDAEWEAK;GQVLAKPGTIK;EHILLGR;GYRPQFYFR;CDMVDDEELLELVEMEVR;PHTKFESEVYILSK;PHVNVGTIGHVDHGK	False	False		False	False	False	diann231	Triqler	Triqler	0.2
0.6985	0.8488	P0A9X9	6.0	1.289e-06	0.1477	0.8488	1.042	1.128	0.9993	0.9345	0.9395	0.9697	GFGFITPDDGSKDVFVHFSAIQNDGYK;SLDEGQKVSFTIESGAK;VSFTIESGAK;VSFTIESGAKGPAAGNVTSL;DVFVHFSAIQNDGYK;GPAAGNVTSL	False	False	Ecoli	False	True	False	diann231	Triqler	Triqler	0.2
0.6993	0.8494	P75809	3.0	5.706e-05	0.1096	0.8494	1.174	1.056	0.9191	1.009	0.9305	0.9344	FGLNLSDELIPQVQK;EGVLDVIDK;LEYVDNFDNLEDIFFK	False	False	Ecoli	False	True	False	diann231	Triqler	Triqler	0.2
0.7002	0.8503	P08200	20.0	2.22e-08	-0.1268	0.8503	0.9692	1.008	0.891	1.109	0.9836	1.053	EEFGGELIDGGPWLK;ENSEDIYAGIEWK;FTEGAFKDWGYQLAR;GPLTTPVGGGIR;HMGWTEAADLIVK;KISWMEIYTGEK;LNVPENPIIPYIEGDGIGVDVTPAMLK;STQVYGQDVWLPAETLDLIR;VAIKGPLTTPVGGGIR;YAGQDKVNPGSIILSAEMMLR;AAIEYAIANDRDSVTLVHK;TVTYDFER;YYQGTPSPVK;YYQGTPSPVKHPELTDMVIFR;FLREEMGVK;VNPGSIILSAEMMLR;ISWMEIYTGEK;AAIEYAIANDR;SLNVALR;DWGYQLAR	False	False	Ecoli	False	True	False	diann231	Triqler	Triqler	0.2
0.701	0.8504	P04425	15.0	5.947e-08	-0.1016	0.8504	1.034	1.004	0.8581	1.106	0.9689	1.048	DSSFAMLLEAQR;EKGLIFVGLDIIGDR;GLIFVGLDIIGDR;HSDIILKPLDGMGGASIFR;KDPPFDTEFIYATYILER;LFTAWFSDLTPETLVTR;VKEGDPNLGVIAETLTEHGTR;GEPRPLTESDWK;LGIVMDPIANINIK;DPPFDTEFIYATYILER;LGIVMDPIANINIKK;DSSFAMLLEAQRR;EGDPNLGVIAETLTEHGTR;GTLIVNKPQSLR;KDSSFAMLLEAQR	False	False	Ecoli	False	True	False	diann231	Triqler	Triqler	0.2
0.7018	0.8511	P25798	7.0	3.033e-05	-0.1212	0.8511	0.9767	1.052	0.8391	1.079	1.049	1.025	FGISQFSEQVNYQR;LGAEVMSQR;VVALVIR;FSEASGAIEVPADKVHELR;SLEWLNR;ALEGELSR;SPSASVTVNLLPGR	False	False	Ecoli	False	True	False	diann231	Triqler	Triqler	0.2
0.7026	0.8517	P23367	2.0	0.0005351	-0.09674	0.8516	1.032	0.9897	0.8652	0.9027	1.167	1.074	DGNISLLSLPVAER;ELVENSLDAGATR	False	False	Ecoli	False	True	False	diann231	Triqler	Triqler	0.2
0.7034	0.8517	P07813	30.0	4.307e-09	-0.1322	0.8517	0.9605	1.014	0.8916	1.07	0.9997	1.077	AKITVPVDATEEQVR;ALMQEALLAVVR;APTDGEQDRALMQEALLAVVR;ETDTFDTFMESSWYYAR;FFTELYKK;GEGDIDNAPWPVADEK;ITAYADELLNDLDKLDHWPDTVK;ITVPVDATEEQVR;KVIYVPGK;MLGFGYDWSR;NNTAPAPWTYDNIAYMK;NVLQPIGWDAFGLPAEGAAVK;NWVSPVDAIVER;NWVSPVDAIVERDEK;TFEVTEDESKEK;VQLHWDEKR;YLDGVTVRK;NYTIGDVIAR;ITVPVDATEEQVRER;MQEQYRPEEIESK;LRDWGVSR;DAAGHELVYTGMSK;EIPQWFIK;FFTELYK;VQLHWDEK;SKNNGIDPQVMVER;VIYVPGK;YLDGVTVR;AKDAAGHELVYTGMSK;LTAMGVGER	False	False	Ecoli	False	True	False	diann231	Triqler	Triqler	0.2
0.7041	0.8522	P0A7R1	19.0	2.01e-08	-0.1197	0.8522	0.932	1.054	0.9031	1.02	1.007	1.098	AEKINALETVTIASK;AGDEGKLFGSIGTR;DIADAVTAAGVEVAK;DIADAVTAAGVEVAKSEVR;INALETVTIASK;VANLGSLGDQVNVK;LAEVLAAANAR;MQVILLDK;MQVILLDKVANLGSLGDQVNVK;NIEFFEAR;NIEFFEARR;KNIEFFEAR;NFLVPQGK;TTGEHEVSFQVHSEVFAK;SEVRLPNGVLR;LFGSIGTR;QVILLDK;VIVNVVAE;LPNGVLR	False	False	Ecoli	False	True	False	diann231	Triqler	Triqler	0.2
0.7049	0.8525	P30744	7.0	7.936e-07	-0.1398	0.8525	0.9763	1.002	0.8718	1.057	1.037	1.07	IGIGPSSSHTVGPMK;MISVFDIFK;YLLVASAIGSLYK;GISTEGVLPGK;NLLKDVTR;QFTDDLIAR;NELALHSKEELEQHLANVWEVMR	False	False	Ecoli	False	True	False	diann231	Triqler	Triqler	0.2
0.7057	0.8531	P46852	3.0	0.001327	-0.1189	0.8529	0.9775	1.008	0.8478	1.101	1.001	1.086	RVWIQVVK;VWIQVVK;QLVLSPDAR	False	False	Ecoli	False	True	False	diann231	Triqler	Triqler	0.2
0.7065	0.8559	P05020	11.0	3.187e-07	-0.1432	0.8559	0.9622	1.013	0.875	1.06	1.049	1.055	TVVPYTSEIYGR;VFLGTDSAPHAR;AIVMPNLAPPVTTVEAAVAYR;VVFEHITTK;EEQQVAESIALTDDTLVPFLAGETVR;GFNEGVFTAAK;LAATITPQHLMFNR;ELVASGFNR;FIESVMEPLR;IGMPLLVHGEVTHADIDIFDR;RPDDWHLHLR	False	False	Ecoli	False	True	False	diann231	Triqler	Triqler	0.2
0.7072	0.8568	P75726	15.0	1.596e-07	-0.1348	0.8568	0.944	1.033	0.8917	1.052	1.03	1.061	EGFSMQTGTGGASLAVTR;GLLAEPVQIHSHGGR;LLTGEPQPIEFTDR;SAADVIVNSGYFK;VVSIEWLR;IYTSGLRGPLAEEISR;NPNHIEISANQYANWGSK;ADFALGGITATMVDLHEK;GPLAEEISR;LLDVQSFDSHAAQSLAR;LLTGEPQPIEFTDRVVAVVR;KLLDVQSFDSHAAQSLAR;SGLQDGMTVSFHHAFR;IYTSGLR;GGDLTVNMVMDVIAK	False	False	Ecoli	False	True	False	diann231	Triqler	Triqler	0.2
0.708	0.861	P0A6P9	25.0	4.038e-09	-0.1475	0.861	0.9298	1.01	0.9156	1.057	1.018	1.081	AFTSEEFTHFLEELTK;AVAAVNGPIAQALIGK;AVAAVNGPIAQALIGKDAK;DAGYTAVISHR;DGKYVLAGEGNK;DQAGIDKIMIDLDGTENK;EALELRDGDK;FGANAILAVSLANAK;FNQIGSLTETLAAIK;GIANSILIKFNQIGSLTETLAAIK;GMPLYEHIAELNGTPGK;GNPTVEAEVHLEGGFVGMAAAPSGASTGSR;IEEALGEKAPYNGR;ILKEGIEK;IMIDLDGTENK;IQLVGDDLFVTNTK;MGSEVFHHLAK;QYPIVSIEDGLDESDWDGFAYQTK;SGETEDATIADLAVGTAAGQIK;SKFGANAILAVSLANAK;VLGDKIQLVGDDLFVTNTK;YVLAGEGNK;GIANSILIK;IMIDLDGTENKSK;YVLAGEGNKAFTSEEFTHFLEELTK	False	False	Ecoli	False	True	False	diann231	Triqler	Triqler	0.2
0.7088	0.8613	P0AF48	1.0	0.01249	-0.1084	0.8596	0.9672	0.967	0.9241	1.1	0.979	1.074	IQTGTWQGIWLGEHR	False	False	Ecoli	False	True	False	diann231	Triqler	Triqler	0.2
0.7096	0.8613	P45577	12.0	1.489e-07	-0.1458	0.8613	0.9566	1.0	0.8916	1.065	1.009	1.092	AGQNAMDATVLEITK;APREEQHTPVSDISALTVGQALK;EEQHTPVSDISALTVGQALK;EVIAFLAER;IGIFQDLVDR;VQLNSGMSLIVR;YLYGVKPGATR;IGIFQDLVDRVAGEMNLSK;LYTSSWR;VAGEMNLSK;AGQNAMDATVLEITKDGVR;VQLNSGMSLIVRAEHLVF	False	False	Ecoli	False	True	False	diann231	Triqler	Triqler	0.2
0.7104	0.862	P0ACY3	13.0	9.185e-07	-0.09044	0.862	1.062	0.994	0.8508	1.047	0.9656	1.102	LKEPENSSIYSK;VVKVWPSILQQIAIAK;DFRNEIVNFVLR;KQILYLLGPVGGGK;NEIVNFVLR;TEPGDENNQDISALVGK;VWPSILQQIAIAK;NPNWTSYEK;RLHEFGGDITK;NNKNNEAFLDR;VYDGESLKDTDPK;NNEAFLDR;LHEFGGDITK	False	False	Ecoli	False	True	False	diann231	Triqler	Triqler	0.2
0.7111	0.8621	P0A9F1	6.0	1.932e-05	-0.08294	0.8621	1.041	1.067	0.8131	1.036	1.008	1.06	ELIDDYVELISDLIR;GVFLTAEGEK;HQIVENFLLVLGVSPEIAR;LGVSQPTVAK;KVTQLVNVEEHVEGFR;ERHQIVENFLLVLGVSPEIAR	False	False	Ecoli	False	True	False	diann231	Triqler	Triqler	0.2
0.7119	0.863	P0AAR3	6.0	7.024e-06	-0.1255	0.863	1.018	0.9732	0.8608	1.083	0.9958	1.087	LGLNPDQVYK;HLAVAVTPVAGQLDLKK;STGYLVGGISPLGQK;RLPTIIDAPAQEFATIYVSGGK;LPTIIDAPAQEFATIYVSGGKR;KLGLNPDQVYK	False	False	Ecoli	False	True	False	diann231	Triqler	Triqler	0.2
0.7126	0.8635	P13016	5.0	3.62e-06	-0.137	0.8635	0.9605	0.9986	0.8957	1.078	1.038	1.04	DGEIVQYVPFDKR;MLLEQGWLVGAR;AWHAGVSQYQGR;TDPGPAFDWAR;KTDPGPAFDWAR	False	False	Ecoli	False	True	False	diann231	Triqler	Triqler	0.2
0.7134	0.864	P09030	10.0	3.266e-07	-0.1218	0.864	0.9654	1.038	0.8698	1.03	1.022	1.091	FVSFNINGLR;LMSWGLVDTFR;ARPHQLEAIVEK;DHPIKFPAK;FSWFDYR;AQFYQNLQNYLETELKR;HQPDVIGLQETK;LGYNVFYHGQK;GFPGDDEEAQRR;GHYGVALLTK	False	False	Ecoli	False	True	False	diann231	Triqler	Triqler	0.2
0.7141	0.8641	P30749	5.0	1.101e-05	-0.1321	0.8641	0.9407	0.992	0.9222	1.026	1.075	1.054	IGELWPGDEIVFVGVTSAHR;SSAFEAGQFIMDYLK;EATPEGDRWVEAR;ALAEIVDEAR;NRWPLGR	False	False	Ecoli	False	True	False	diann231	Triqler	Triqler	0.2
0.7149	0.8644	P32144	4.0	0.002439	-0.1112	0.864	0.9176	1.013	0.9717	0.9638	1.024	1.121	SHNSGIIGPSAASFVADFR;SLTELTGNPR;IITNSLR;KLSEQGLITR	False	False	Ecoli	False	True	False	diann231	Triqler	Triqler	0.2
0.7156	0.8648	P36672	2.0	0.0003607	-0.1284	0.8647	0.9468	0.9802	0.9335	1.063	1.041	1.043	FVLNQPANARPK;EIEQLPMVK	False	False	Ecoli	False	True	False	diann231	Triqler	Triqler	0.2
0.7163	0.865	P0A873	5.0	5.411e-06	-0.1155	0.865	0.8987	1.06	0.9241	1.028	0.9906	1.115	KLDQAGVSELATNQK;RPELLENLALTEEQAR;NGLLSIQSWSPR;AITDYGVTGR;VIYLSPQGR	False	False	Ecoli	False	True	False	diann231	Triqler	Triqler	0.2
0.717	0.8652	P0A8E5	1.0	0.01081	-0.1105	0.8637	0.9938	0.9312	0.9253	1.106	1.033	1.022	MDYEFLR	False	False	Ecoli	False	True	False	diann231	Triqler	Triqler	0.2
0.7177	0.8653	P0A7J7	9.0	6.523e-07	-0.1512	0.8653	0.9614	0.98	0.9075	1.05	1.039	1.072	AADMTGADIEAMTR;GLPIPVVITVYADR;TPPAAVLLKK;TPPAAVLLK;TDSIEKGLPIPVVITVYADR;AQLQEIAQTK;SFTFVTK;GLPIPVVITVYADRSFTFVTK;SMGLVVED	False	False	Ecoli	False	True	False	diann231	Triqler	Triqler	0.2
0.7185	0.8667	P26646	8.0	5.363e-07	-0.1516	0.8667	0.9546	0.9888	0.8936	1.083	1.031	1.062	DEFAESRPLEK;FHAGQEVLLTGWGVGENHWGGLAEQAR;LGYQVVAVSGR;LVADLPESFYTQAAK;MQALLLEQQDGK;NFPMIPGIDFAGTVR;VKGDWLVAMPQGLDAR;QVWAGAIDTVGDK	False	False	Ecoli	False	True	False	diann231	Triqler	Triqler	0.2
0.7192	0.8673	P76569	5.0	4.158e-05	0.1131	0.8673	1.048	1.128	0.9874	1.018	0.9632	0.8733	ENGVEPEVVLYLETPADAATLR;ETLNLLKENGVEPEVVLYLETPADAATLR;ETLNLLK;ELNLADSSLSEEALIQAMVDNPK;SRETLNLLK	False	False	Ecoli	False	True	False	diann231	Triqler	Triqler	0.2
0.7199	0.8679	P0AEB7	2.0	0.0001268	-0.1123	0.8679	0.9825	1.002	0.887	1.046	1.038	1.054	AWDAWVVAGHAPVR;SSILDATIFLADKNDFAAMNK	False	False	Ecoli	False	True	False	diann231	Triqler	Triqler	0.2
0.7206	0.8682	P75767	5.0	0.0003225	-0.11	0.8682	0.9687	0.8795	1.046	1.013	1.027	1.077	ALDHLSVRPLEAINLIR;IVIQEVLEASDIPYRHDR;ELSLPAANLK;LTGIVTTTDNGGSTGR;VVALGGGHGLGR	False	False	Ecoli	False	True	False	diann231	Triqler	Triqler	0.2
0.7213	0.8684	P0A707	6.0	2.461e-06	-0.1368	0.8684	0.9386	0.9886	0.9179	1.095	1.009	1.062	FRPGTDEGDYQVK;LTGLEGEQLGIVSLR;VKDDLQELAVVESFPTK;EMAHQQIGMEVLNR;QMIMVLAPK;GREMAHQQIGMEVLNR	False	False	Ecoli	False	True	False	diann231	Triqler	Triqler	0.2
0.722	0.8698	Q46835	3.0	0.0001202	-0.1139	0.8698	0.8851	1.043	0.9299	1.033	1.062	1.063	SAGYTLVLAQSSGTTVK;KQAQNISQNLPIK;MTIISEAGTQTTQTPDAFLTSYQR	False	False	Ecoli	False	True	False	diann231	Triqler	Triqler	0.2
0.7227	0.8705	P32176	34.0	3.699e-09	-0.115	0.8705	0.955	1.049	0.887	1.041	1.0	1.08	ALADITDPATGAVIVK;APGSDKWQQISWEEAFDR;ASADPQGNPWDPKR;ASIFHIEGDPDHPVNR;DANYIAQNAEGVTVNR;DIDTIGIPIHWGYEGVAK;GADAPGIALTDGEILSGIFLR;GAGLVDFIHSESR;GHSNIQGLTDLGLLSQSLPGYMTLPSEK;GQQLSSFAQLR;HALLNAILQPEQFVEIGESLANK;IFKDDAEALGK;KGFIANTLTPFVGDANTQTPEFK;NANLVVVMGGNAAEAHPVGFR;SFLVNVEKV;TAAVADYYAPIR;LGIAQGDTVK;EDYGFEDGLFTGYDAEK;ALADITDPATGAVIVKK;LTEHFHYWTK;FLVTIDPLNTETSNFWQNHGELNEVDSSK;ADKFPYVGTTYR;LIVIDPR;DNADPSGLGNTLGWAWAWPLNRR;IQTEVFR;RDNADPSGLGNTLGWAWAWPLNR;LKFPEYR;GFIANTLTPFVGDANTQTPEFK;EDYGFEDGLFTGYDAEKR;EYTEAYTNASLIVR;ASADPQGNPWDPK;SFLVNVEK;ANGKDIDTIGIPIHWGYEGVAK;DNADPSGLGNTLGWAWAWPLNR	False	False	Ecoli	False	True	False	diann231	Triqler	Triqler	0.2
0.7233	0.8709	P0A6K6	20.0	9.825e-09	-0.1318	0.8709	0.9435	1.028	0.9003	1.068	1.012	1.059	ATGLDALFDATIK;ATGLDALFDATIKEMK;DVAGYAAGLELFDR;DVAGYAAGLELFDRR;EAGDNTIVFTNFVDFDSSWGHR;EAGDNTIVFTNFVDFDSSWGHRR;EELTNGGYNIGR;EHIPVLVYGPK;ETFADIGQTLAK;GPLNLPNLTR;RDVAGYAAGLELFDR;TGNRHDLAVEPPAPTVLQK;VIARPFIGDK;VKATGLDALFDATIK;YFGTSDMEYGK;AFIMVLDSFGIGATEDAER;KGPLNLPNLTR;LVDEKHGQVVSVGK;HDLAVEPPAPTVLQK;RLPELMSLLR	False	False	Ecoli	False	True	False	diann231	Triqler	Triqler	0.2
0.724	0.8713	P0AB96	1.0	0.05877	-0.1024	0.8633	0.8819	0.9893	0.9893	1.048	1.03	1.074	NTLEMIR	False	False	Ecoli	False	True	False	diann231	Triqler	Triqler	0.2
0.7247	0.8718	P0A955	7.0	2.439e-06	-0.1247	0.8718	0.9053	1.044	0.9217	1.029	1.036	1.077	ALQAIAGPFSQVR;KLEHAVPMAK;TSAESILTTGPVVPVIVVK;ALVAGGVR;EAVEGAKL;FFPAEANGGVK;VLEVTLR	False	False	Ecoli	False	True	False	diann231	Triqler	Triqler	0.2
0.7254	0.8721	P64540	3.0	0.0002598	-0.1216	0.8721	0.9255	1.0	0.9158	1.11	1.005	1.058	AIGAGELSPR;MIAEFESR;ILALIDGMVDHASDDELFASGYLR	False	False	Ecoli	False	True	False	diann231	Triqler	Triqler	0.2
0.726	0.8724	P21515	3.0	0.002015	-0.05938	0.8721	0.8593	1.151	0.924	1.011	1.013	1.068	RIDVLTDNLPEVR;FWQFYPR;IDVLTDNLPEVR	False	False	Ecoli	False	True	False	diann231	Triqler	Triqler	0.2
0.7267	0.8732	P07012	17.0	4.888e-08	-0.1513	0.8732	0.9131	1.005	0.928	1.065	1.028	1.072	ERLEEVNAELEQPDVWNEPER;GFKTEIIEESEGEVAGIK;ISGDYAYGWLR;LEEVNAELEQPDVWNEPER;NTQAVLDGSLDQFIEASLK;SSLEAVVDTLDQMK;TEIIEESEGEVAGIK;GYLDYDAKK;HTSFSSAFVYPEVDDDIDIEINPADLR;RHTSFSSAFVYPEVDDDIDIEINPADLR;LEEVNAELEQPDVWNEPERAQALGK;MFEINPVNNR;LAQLEFR;GYLDYDAK;QAMEDNKSDIGWGSQIR;SYVLDDSR;SDIGWGSQIR	False	False	Ecoli	False	True	False	diann231	Triqler	Triqler	0.2
0.7274	0.8735	P37025	1.0	0.03218	-0.105	0.8693	0.9959	0.9327	0.9056	1.139	1.032	1.012	GLIQLANMLR	False	False	Ecoli	False	True	False	diann231	Triqler	Triqler	0.2
0.728	0.8735	P33371	4.0	0.0005179	-0.09992	0.8735	0.9341	1.035	0.9624	0.9211	1.012	1.153	VQLLGQFPQWLAENAAR;GALNIPNLSR;VLNNSPDIAR;VVDQLLPVK	False	False	Ecoli	False	True	False	diann231	Triqler	Triqler	0.2
0.7287	0.8736	P0AEY5	7.0	1.585e-05	-0.1274	0.8736	0.9286	1.014	0.9098	1.054	1.106	1.002	YIDDVFTEGHGTLYASDGR;ANQFLGMEPLPTFIANDVIK;HLVEIFG;FAHSNGQLNDTLTEVADGTLR;SNILIINGAKK;SNILIINGAK;KFAHSNGQLNDTLTEVADGTLR	False	False	Ecoli	False	True	False	diann231	Triqler	Triqler	0.2
0.7293	0.8742	P69791	1.0	0.06207	-0.102	0.8659	0.9931	0.9406	0.9148	1.055	1.133	0.9784	ELITELIELHEK	False	False	Ecoli	False	True	False	diann231	Triqler	Triqler	0.2
0.73	0.8743	P64519	1.0	0.0009733	0.07784	0.8741	1.121	1.139	0.876	1.043	0.9435	0.9081	EVSVDVDALLAAINEISESEVHR	False	False	Ecoli	False	True	False	diann231	Triqler	Triqler	0.2
0.7306	0.8743	P0AEL6	4.0	0.0001103	-0.1007	0.8743	0.9351	1.075	0.8813	1.036	1.02	1.069	VADDQGFLR;LPAGLNASQSQGK;QVYALGTETFR;LDYYSAMQVLDR	False	False	Ecoli	False	True	False	diann231	Triqler	Triqler	0.2
0.7312	0.8745	P0ACZ2	5.0	3.509e-05	-0.1256	0.8745	0.9565	0.9464	0.9517	1.069	0.9905	1.096	HPADATAADVAANHGVSLEGHAGR;EIPDPYRK;NYDLILAMESEHIAQVTAIAPEVR;SAGVHGLVK;EIPDPYR	False	False	Ecoli	False	True	False	diann231	Triqler	Triqler	0.2
0.7319	0.8747	P0ADW3	6.0	9.592e-07	-0.1401	0.8747	0.9279	1.009	0.9184	1.027	1.032	1.096	LAESEASNDQAPVQMPR;LRQQQALQYELEK;SAELLDTMAHDYR;SSSSLLPELSAEANPFR;QQQALQYELEK;DYSEGASGLLR	False	False	Ecoli	False	True	False	diann231	Triqler	Triqler	0.2
0.7325	0.8771	P0AD05	3.0	2.547e-05	-0.1236	0.8771	0.9822	0.963	0.9236	1.078	1.022	1.039	LNEFPEQFEPLFGLR;MSPEAFEESVDAIR;LAALDLHAYWMAHPQEK	False	False	Ecoli	False	True	False	diann231	Triqler	Triqler	0.2
0.7331	0.8775	P0A9Q1	15.0	3.462e-08	-0.1229	0.8775	0.9535	1.028	0.8962	1.059	0.9955	1.08	ELREQANVALMFLTGR;EQANVALMFLTGR;FNGWELDINSR;HFESTPDTPEIIATIHGEGYR;KHFESTPDTPEIIATIHGEGYR;MQTPHILIVEDELVTR;SLIGPDGEQYKLPR;SVESYKFNGWELDINSR;TMNLGTVSEER;TMNLGTVSEERR;TVDVTIRR;SLIGPDGEQYK;ILGLEIGADDYITKPFNPR;TVDVTIR;NGLLLAR	False	False	Ecoli	False	True	False	diann231	Triqler	Triqler	0.2
0.7337	0.8776	P39177	5.0	1.736e-06	-0.1222	0.8776	0.9465	1.025	0.8897	1.08	0.9982	1.074	HAEFLAQDDGVIHLLHVLPGSASLSLHR;HANLPVLVVR;NPSISTHLLGSNASSVIR;TIIMPVDVFEMELSDK;LQTMVSHFTIDPSR	False	False	Ecoli	False	True	False	diann231	Triqler	Triqler	0.2
0.7344	0.8778	P0A6L2	10.0	1.928e-07	-0.1499	0.8778	0.9404	1.003	0.9076	1.05	1.037	1.073	AIAEHTDLPQILYNVPSR;ELGLVATDTLR;ELGLVATDTLRLPMTPITDSGR;IPVIAGTGANATAEAISLTQR;LAAEGHFAEAR;LFVEPNPIPVK;LPMTPITDSGR;VKNIIGIK;LMPLHNK;LPMTPITDSGRETVR	False	False	Ecoli	False	True	False	diann231	Triqler	Triqler	0.2
0.735	0.8785	P78055	3.0	0.000918	-0.1036	0.8784	0.9526	0.934	0.9758	1.03	1.03	1.085	IFPLAGVTTNPSIIAAGK;FEQDWQGAFGR;VLAASFK	False	False	Ecoli	False	True	False	diann231	Triqler	Triqler	0.2
0.7356	0.8787	P39391	5.0	1.619e-05	0.1118	0.8787	1.04	1.147	0.9675	0.9637	0.9142	0.9833	SSDVLIVLPR;NFLGTLFSEGGLPFR;FLAVFSR;VISTLPDIQSIDVTR;QSGFSALSLAR	False	False	Ecoli	False	True	False	diann231	Triqler	Triqler	0.2
0.7362	0.8789	P0A6E6	4.0	4.123e-06	-0.137	0.8789	0.9512	0.9556	0.9384	1.078	1.033	1.053	AEEHISSSHGDVDYAQASAELAK;AMTYHLDVVSAEQQMFSGLVEK;IQVTGSEGELGIYPGHAPLLTAIKPGMIR;KAEEHISSSHGDVDYAQASAELAK	False	False	Ecoli	False	True	False	diann231	Triqler	Triqler	0.2
0.7368	0.8789	P0A6T1	25.0	5.778e-09	-0.1272	0.8789	0.9708	1.009	0.8906	1.077	1.002	1.062	DQGKDPATLDYVVPFK;EITPFSLGALIALYEHK;FAAYFQQGNMESNGK;FSATFDDQMLVDYSK;HFAALSTNAK;KVNPETTLFLVASK;LLSNFFAQTEALAFGK;MKTFSEAIISGEWK;NINPTQTAAWQALQK;SNTPILVDGK;SNTPILVDGKDVMPEVNAVLEK;SREVVEQEYR;TFTTQETMTNAHSAR;VNPETTLFLVASK;AVLHVALR;HFDEMKDVTIADLFAK;ITEETLAK;NRITEETLAK;TFSEAIISGEWK;VFEGNRPTNSILLR;DVTIADLFAK;TFSEAIISGEWKGYTGK;DVMPEVNAVLEK;ITEETLAKLQDLAK;AITDVVNIGIGGSDLGPYMVTEALRPYK	False	False	Ecoli	False	True	False	diann231	Triqler	Triqler	0.2
0.7374	0.8789	P77258	12.0	2.003e-07	-0.1051	0.8789	0.997	1.035	0.8533	1.078	0.9981	1.056	DWIANPDLVAR;FHGPIIGAGAYTVEK;GLIDAVAFGR;ISHASLQPGGQAPVAPSALSAGTR;LVLEVVDAGIEEWGADR;SIEPGDIPTPLMAEYYR;GLIDAVAFGRDWIANPDLVAR;ALELEEIPGIVNDFR;ASAGLIISEATQISAQAK;EAGFDLVELHSAHGYLLHQFLSPSSNHR;IFMAPLTR;AESFYGGGAEGYTDYPTL	False	False	Ecoli	False	True	False	diann231	Triqler	Triqler	0.2
0.738	0.879	P64624	5.0	9.988e-05	-0.1103	0.879	0.9549	1.04	0.8763	1.04	1.004	1.101	IGSPITDLALR;KIGSPITDLALR;QIVLNLYEK;HTVYLYIR;GIFDIKDAINQVADR	False	False	Ecoli	False	True	False	diann231	Triqler	Triqler	0.2
0.7386	0.879	P27838	3.0	6.571e-05	-0.1149	0.879	0.9057	0.9712	0.9887	1.107	0.9856	1.054	SGETFWDLLEQAATQQAGETVSFR;QEPLHQVWLATK;IIINRQEPLHQVWLATK	False	False	Ecoli	False	True	False	diann231	Triqler	Triqler	0.2
0.7392	0.8795	P0A7X3	7.0	1.129e-06	-0.1254	0.8795	0.8749	1.029	0.9476	1.041	1.028	1.096	ALMEYDESLR;GGGISGQAGAIR;ALMEYDESLRSELR;VFIKPGNGK;LDLYITVK;SLEQYFGR;QPLELVDMVEK	False	False	Ecoli	False	True	False	diann231	Triqler	Triqler	0.2
0.7397	0.8806	P0A8K5	2.0	0.0002506	-0.101	0.8806	0.9956	0.9782	0.9031	1.091	1.019	1.023	VLNEMAADDALSEAVR;AAYAAANLLVSDYVNE	False	False	Ecoli	False	True	False	diann231	Triqler	Triqler	0.2
0.7403	0.8807	P0AD70	4.0	0.0005921	-0.1078	0.8806	0.8953	1.05	0.9348	1.038	1.046	1.048	NIGAFVVVTR;EQPGGAAHRPVFVWPTR;LLDQGTVK;MQTLIYQR	False	False	Ecoli	False	True	False	diann231	Triqler	Triqler	0.2
0.7409	0.8809	P0A7J3	9.0	3.334e-07	-0.145	0.8809	0.9124	1.011	0.9286	1.056	1.033	1.07	AAAFEGELIPASQIDR;ALNLQDKQAIVAEVSEVAK;GVTVDKMTELR;QAIVAEVSEVAK;DAFVGPTLIAYSMEHPGAAAR;LATLPTYEEAIAR;GALSAVVADSR;LFKEFAK;FEVKAAAFEGELIPASQIDR	False	False	Ecoli	False	True	False	diann231	Triqler	Triqler	0.2
0.7415	0.881	P12994	2.0	0.0001368	-0.1181	0.881	0.9394	0.9647	0.9625	1.094	1.005	1.043	TGYDGAAPPKGETHR;VLPQGFGSGLVAMPDGVLQTR	False	False	Ecoli	False	True	False	diann231	Triqler	Triqler	0.2
0.742	0.8814	P23830	10.0	1.162e-06	-0.09428	0.8814	0.9797	1.075	0.8521	1.069	1.013	1.029	LQYYVNTDQLVVR;DLQSIADYPVK;LDLENAILIHDPQLELAPQR;DAAYHFQGDADNDQLSVTPLVGLGK;EALGVLHFK;ISQSVDDVDFFYAPADFRETLLEK;NIIQLLR;ISQSVDDVDFFYAPADFR;VLVDWHR;QRPELDVR	False	False	Ecoli	False	True	False	diann231	Triqler	Triqler	0.2
0.7426	0.8815	P0A9W3	29.0	4.735e-09	-0.1097	0.8815	0.9524	1.043	0.8985	1.011	1.014	1.094	AADALRLPDWDAK;ESIEEAVSEVVNALK;ESIEEAVSEVVNALKR;FEELNSTEYQKR;IGVLGLNGAGK;IGYLPQEPQLNPEHTVR;LASVDQFR;LLLEKPDMLLLDEPTNHLDAESVAWLER;LLQVGGNMLLLDEPTNDLDIETLR;MISGQEQPDSGTITLGETVK;NISLSFFPGAK;RNETNELFIPPGPR;TLGADALEPK;FLHDFEGTVVAITHDR;NETNELFIPPGPR;TVWEEVSGGLDIMK;VLEVSNLRK;TLGADALEPKR;FEELNSTEYQK;AQFVYTMHR;IATHILDYQDEGKVEFFEGNFTEYEEYK;GAIVGIIGPNGAGK;LDEVYALYADPDADFDKLAAEQGR;VLEVSNLR;LARFEELNSTEYQK;LPDWDAK;LEEIIQAHDGHNLNVQLER;IGNTEMPSR;LGDKVLEVSNLR	False	False	Ecoli	False	True	False	diann231	Triqler	Triqler	0.2
0.7432	0.882	P22707	2.0	0.006637	0.0618	0.8812	0.9234	1.303	0.9525	0.9739	1.006	0.8905	DVLLEDVAQR;TIINVTTPPK	False	False	Ecoli	False	True	False	diann231	Triqler	Triqler	0.2
0.7437	0.882	P0AFX7	1.0	0.001779	-0.1026	0.8818	0.9397	1.016	0.9157	1.049	1.037	1.051	TWESYHLIR	False	False	Ecoli	False	True	False	diann231	Triqler	Triqler	0.2
0.7443	0.8821	P0A8U2	1.0	0.008921	0.0821	0.881	1.088	1.149	0.8729	0.9603	0.9379	1.018	AFGRPLDFVFYR	False	False	Ecoli	False	True	False	diann231	Triqler	Triqler	0.2
0.7448	0.8824	P69503	11.0	9.645e-08	0.124	0.8824	1.089	1.091	0.9611	0.9763	0.9492	0.9446	AYALSIDLLVER;DVTSLLEDPK;DVTSLLEDPKAYALSIDLLVER;GFLFGAPVALGLGVGFVPVR;QGITSYSLVPFPGH;RLGGEVADAAFIINLFDLGGEQR;SIQDYPKPGILFR;TATAQQLEYLK;VLVVDDLLATGGTIEATVK;LGGEVADAAFIINLFDLGGEQR;ETISETYDLEYGTDQLEIHVDAIKPGDK	False	False	Ecoli	False	True	False	diann231	Triqler	Triqler	0.2
0.7454	0.8825	P0A6A0	4.0	2.176e-05	0.1002	0.8825	1.077	1.113	0.9353	1.032	0.9453	0.9145	TLIDELNLLR;YLAENFIAFFNR;VIRPDILPVIK;GVQVFFTQVFR	False	False	Ecoli	False	True	False	diann231	Triqler	Triqler	0.2
0.7459	0.8829	P00914	5.0	0.0001672	-0.1029	0.8829	0.8857	0.9579	1.043	1.098	1.004	1.025	VLALYIATPR;DLLIDWR;GIPLLFR;QWLPELR;LSASLATGGLSPR	False	False	Ecoli	False	True	False	diann231	Triqler	Triqler	0.2
0.7465	0.8842	P00956	38.0	1.682e-09	-0.134	0.8842	0.944	1.021	0.9037	1.043	1.026	1.072	ATPQWFVSMDQK;AYEAYDFHEVVQR;DLVESVMQR;EILGDEADQYVK;EYAATQVDGQR;FVLLTSGATVADYNDAPADAQQSEVLK;GALLHVEK;GEVNKVIEQAR;GVQWIPDWGQAR;HKTPIIFR;LWVASTDYTGEMAVSDEILKR;QVLTHGFTVDGQGR;QVLTHGFTVDGQGRK;REPGMLAR;RVEVDGIQAWWDLDAK;SALAEAEVEYYDK;SIGNTVSPQDVMNK;STLNLPETGFPMR;TLELMEEVAK;TSPSIDVAFQAVDQDALK;WTDDDLYGIIR;YGLETANPVGPDGTYLPGTYPTLDGVNVFK;AAQEDILK;FAVSNVNGPISLVIWTTTPWTLPANR;LTALGDELR;GAELELLR;AKFAVSNVNGPISLVIWTTTPWTLPANR;TWGVPMSLFVHK;AAQEDILKAYEAYDFHEVVQR;FLLANLNGFDPAK;FTAAEFR;STLNLPETGFPMRGDLAK;IIGNGHLHK;VEVDGIQAWWDLDAK;IGVTDYTILGTVK;LGVLGDWSHPYLTMDFK;LGADILR;TFILHDGPPYANGSIHIGHSVNK	False	False	Ecoli	False	True	False	diann231	Triqler	Triqler	0.2
0.747	0.8843	P75946	2.0	0.01904	-0.07898	0.882	1.096	0.9694	0.8922	1.143	1.037	0.8906	FYWYDAR;QEPVTVHYR	False	False	Ecoli	False	True	False	diann231	Triqler	Triqler	0.2
0.7475	0.8843	P52643	13.0	2.45e-07	-0.1299	0.8843	0.9313	1.03	0.9015	1.088	1.029	1.033	GALIDSQAAIEALKNQK;SNDVIQDDVFR;SNDVIQDDVFRR;VPAYDPEAVAEHAIGMMMTLNRR;GALIDSQAAIEALK;TRDANFSLEGLTGFTMYGK;DANFSLEGLTGFTMYGK;NGVMIVNTSR;VPAYDPEAVAEHAIGMMMTLNR;IGSLGMDVYENERDLFFEDK;DLFFEDK;IGSLGMDVYENER;IGVAMLR	False	False	Ecoli	False	True	False	diann231	Triqler	Triqler	0.2
0.7481	0.8847	P06136	3.0	0.0008404	-0.04745	0.8846	0.9524	1.161	0.8486	0.9635	0.9873	1.12	IHLVEYVPIAR;ISYVDLR;LVLTGER	False	False	Ecoli	False	True	False	diann231	Triqler	Triqler	0.2
0.7486	0.8853	P67826	3.0	0.0001807	-0.07952	0.8853	0.9255	1.137	0.879	0.9924	1.039	1.048	EGGLTPSLGVLK;DAPIIMAGAGVR;IMELIAHR	False	False	Ecoli	False	True	False	diann231	Triqler	Triqler	0.2
0.7491	0.8858	P27836	4.0	1.793e-05	-0.1026	0.8858	1.025	0.8968	0.9161	1.168	1.003	1.014	GLQLIGWR;VAGADLWEELMAR;IWQTLGLEWLYR;YADGISVVR	False	False	Ecoli	False	True	False	diann231	Triqler	Triqler	0.2
0.7497	0.8859	P0AG78	4.0	2.827e-05	-0.1045	0.8859	0.9791	1.036	0.8709	1.056	1.026	1.044	NVEVLDSGAR;RLPDNSAPYTSTIVFLVR;YLYSPEGQEIAAK;DIQLLNVSYDPTR	False	False	Ecoli	False	True	False	diann231	Triqler	Triqler	0.2
0.7502	0.886	P0A9T6	5.0	0.0001051	-0.09296	0.8859	1.001	1.055	0.8565	1.011	1.019	1.073	TQEELGRIETVAEYLAR;NSVSALINNNRK;IETVAEYLAR;NSVSALINNNR;KPTTPGDILLYEYLEPLDLK	False	False	Ecoli	False	True	False	diann231	Triqler	Triqler	0.2
0.7507	0.886	Q57154	6.0	3.084e-05	-0.08848	0.886	0.9653	1.08	0.8613	1.007	1.013	1.092	SPVFSQNQTVR;LGVFVPTLK;IAGTVISFSR;LFELYQFDRK;EIGYLDYTEIQR;AEGFDKVEITGPR	False	False	Ecoli	False	True	False	diann231	Triqler	Triqler	0.2
0.7512	0.8864	P31554	29.0	5.369e-09	-0.1235	0.8864	0.9439	1.039	0.8976	1.036	1.027	1.068	DTNVWEGDYQMVGR;FKVGPVPIFYSPYLQLPVGDK;FNISVGQIYYFTESR;FSVGYAVQNFNATVSTK;GWANLNTK;IASANQVTTGVTSR;IYDDAAVER;IYGQAVHFVNTR;LDNVATSNSSIEYR;LLATHYQQTNLDWYNSR;LQADEVQLHQK;VHLEPTINLPLSNNWGSINTEAK;TGDDNITWENDDKTGSLVWAGDTYWR;VGPVPIFYSPYLQLPVGDK;YASPEYIQATLPK;VGPVPIFYSPYLQLPVGDKR;AQYLYVPYR;YYSTAEQYK;VSDPSYFNDFDNKYGSSTDGYATQK;TVDALGNVHYDDNQVILKGPK;GLSSNYGLGTQEMLR;FNVDYTK;GNIMWENEFR;LVQLNYR;SGFLIPNAK;TVDALGNVHYDDNQVILK;VSDPSYFNDFDNK;GDYPDDAVFTGSVDIMQGNSR;SNILPYQNTL	False	False	Ecoli	False	True	False	diann231	Triqler	Triqler	0.2
0.7517	0.8866	P0A7X6	10.0	2.64e-07	-0.09164	0.8866	0.9942	1.058	0.8599	1.052	0.9977	1.053	AGQWQQVQLESWK;LVPFLDGQVIK;QLTAQAPVDPIVLGK;SKQLTAQAPVDPIVLGK;VFSSTEDAESIFDYQPWFIQK;SIEVDWDPGF;LVPFLDGQVIKK;ANLKDAFGIK;MGSSYGIR;DAFGIKER	False	False	Ecoli	False	True	False	diann231	Triqler	Triqler	0.2
0.7522	0.887	P02144ups|MYG_HUMAN_UPS	4.0	4.386e-05	-0.09681	0.887	0.9508	0.9508	0.9508	1.049	1.037	1.07	HGATVLTALGGILK;ALELFRK;VEADIPGHGQEVLIR;HGATVLTALGGILKK	False	False	Human	True	False	False	diann231	Triqler	Triqler	0.2
0.7527	0.8873	Q46919	1.0	0.002677	0.07087	0.887	1.11	1.082	0.9382	1.085	0.937	0.8729	LQLQALEALLR	False	False	Ecoli	False	True	False	diann231	Triqler	Triqler	0.2
0.7532	0.8878	P0A8X0	14.0	1.082e-07	-0.1391	0.8878	0.9459	1.012	0.9024	1.084	1.027	1.039	HNQQVVLFHK;HNQQVVLFHKLENLR;LIDQGDDAIAEVLNLWPDADR;LIDQGDDAIAEVLNLWPDADRQQLR;NALDKIPLDADLR;TKQPEDWLDDVPGDDIEDEDDEIIWVSK;LGAEIVDLGK;QIFQYLR;DRLIDQGDDAIAEVLNLWPDADR;AAIELAQR;RQLQLIGK;QLQLIGK;IPLDADLR;DVEPIRQALDK	False	False	Ecoli	False	True	False	diann231	Triqler	Triqler	0.2
0.7538	0.8879	P69797	17.0	3.613e-08	-0.1106	0.8879	0.9818	1.012	0.8856	1.095	0.9929	1.045	DDDPSFDELVALAVETGR;GVLFLVDTWGGSPFNAASR;IIVVSDEVAADTVR;IIVVSDEVAADTVRK;ITSVNVGGMAFR;KTLLTQVAPPGVTAHVVDVAK;LDTTKGVLFLVDTWGGSPFNAASR;TLLTQVAPPGVTAHVVDVAK;VMLLFTNPTDVER;TIAIVIGTHGWAAEQLLK;DDDPSFDELVALAVETGREGVK;LIHGQVATR;IDDRLIHGQVATR;TAEMLLGEQENVGWIDFVPGENAETLIEK;TQVNNAVSVDEKDIEAFK;GIELEVRK;GIELEVR	False	False	Ecoli	False	True	False	diann231	Triqler	Triqler	0.2
0.7543	0.889	P0ADF6	6.0	2.422e-05	-0.06681	0.8889	0.8837	1.138	0.9341	1.049	0.9716	1.044	AGLLHEDVNTVAGFGLSR;LMPPLGVLLDR;VPSAIHVTPEAYDGGLLAK;LYPNGPADINHFQAAGGVPVLVR;ELFSALR;VRDGDIIR	False	False	Ecoli	False	True	False	diann231	Triqler	Triqler	0.2
0.7548	0.8891	P64506	1.0	0.000912	-0.09856	0.889	0.9739	0.9851	0.9022	1.092	0.9979	1.061	MSLAPFIER	False	False	Ecoli	False	True	False	diann231	Triqler	Triqler	0.2
0.7552	0.8892	P0A7D4	27.0	4.604e-09	-0.1223	0.8892	0.9509	1.025	0.9028	1.054	1.0	1.078	ENVTSIIGNGVVLSPAALMK;EVTTTPLAADDWK;GNNVVVLGTQWGDEGK;GNNVVVLGTQWGDEGKGK;GVEPIYETMPGWSESTFGVK;IEELTGVPIDIISTGPDR;LDVLDGLKEVK;RIEELTGVPIDIISTGPDR;TGWLDTVAVR;TVLHLIPSGILR;VGDLFDKETFAEK;YQGGHNAGHTLVINGEK;YVDYVLGILK;YVDYVLGILKAYSTR;SGLPQAALNYIK;SGLPQAALNYIKR;TETMILRDPFDA;TGWLDTVAVRR;IVDLLTER;LDVLDGLK;GIGPAYEDK;RTGWLDTVAVR;GVEPIYETMPGWSESTFGVKDR;GKIVDLLTER;LKEVMEYHNFQLVNYYK;DRSGLPQAALNYIK;GIGPAYEDKVAR	False	False	Ecoli	False	True	False	diann231	Triqler	Triqler	0.2
0.7557	0.8897	P0ABP8	12.0	1.005e-07	-0.1388	0.8897	0.961	0.9979	0.8955	1.045	1.017	1.096	AKYIAETFLEDAR;ATPHINAEMGDFADVVLMPGDPLR;ELITDFGVK;FKDHDFAAIADFDMVR;YGILGVEMEAAGIYGVAAEFGAK;YIAETFLEDAR;DHDFAAIADFDMVR;YIAETFLEDAREVNNVR;ELITDFGVKK;GMLGFTGTYK;IALESVLLGDKE;VGNLFSADLFYSPDGEMFDVMEK	False	False	Ecoli	False	True	False	diann231	Triqler	Triqler	0.2
0.7562	0.8901	P0A9X9;P0A978	2.0	6.146e-05	0.1197	0.8901	1.061	1.082	1.001	0.9642	0.93	0.9713	GFGFITPDDGSK;WFNADKGFGFITPDDGSK	False	False		False	False	False	diann231	Triqler	Triqler	0.2
0.7567	0.8906	P0A8W8	10.0	4.054e-07	-0.1361	0.8906	0.9436	1.014	0.9006	1.048	1.032	1.073	LILSNQYK;RVTFLGFDAATEAR;TIIDIMEMYHALHVSWSNLQDQQSIDER;VTFLGFDAATEAR;RLQTIIER;GYGLQMR;FMVNVEGR;LQTIIER;QYHLSANEINQIINA;YTHFDAGTHGFNAQTPMWEK	False	False	Ecoli	False	True	False	diann231	Triqler	Triqler	0.2
0.7572	0.891	P05194	5.0	1.514e-05	-0.09538	0.891	0.9403	1.088	0.8723	0.9886	1.02	1.112	EADFDILEWR;EGGEQAISTEAYIALNR;DLVIGTGAPK;ASAPGQISVNDLR;TVLTILHQA	False	False	Ecoli	False	True	False	diann231	Triqler	Triqler	0.2
0.7577	0.891	P00968	32.0	7.227e-09	-0.1071	0.891	0.9754	1.039	0.8774	1.026	1.017	1.078	EIGVETGGSNVQFAVNPK;EIGYPLVVRPSYVLGGR;EVVLPFNKFPGVDPLLGPEMR;IWYIADAFR;LAFELQVR;LAVGYTLDELMNDITGGR;NNEVYLIEVNPR;TPASFEPSIDYVVTK;VAEVGITGLNADFLR;AMEIVYDEADLRR;LYFEPVTLEDVLEIVR;ELLIDESLIGWK;VSLDDPEALTK;ATGFPIAK;VHEGRPHIQDR;LIVIEMNPR;GLMNVQFAVK;TFAEAFAK;ALEAAGVPVIGTSPDAIDR;GLDLSPTK;NASMAVLR;QGFELDATHGTAIVLGEAGINPR;SVGEVMAIGR;EVIPPYYSVK;LLKQGFELDATHGTAIVLGEAGINPR;IMVLGGGPNR;GVIVQYGGQTPLK;IGLETAR;KIGLETAR;GLEVGATGFDPK;TVPFVSK;VISVQEMHAQIK	False	False	Ecoli	False	True	False	diann231	Triqler	Triqler	0.2
0.7582	0.8911	P64596	10.0	2.411e-07	-0.12	0.8911	0.9399	1.042	0.8993	1.059	1.025	1.045	INVTAYQGK;QGQPIGLGEASNDTWITTK;SVGTQVDDGTLEVR;VLLVGQSPNAELSAR;VTTAFTFIK;VTTENGEVFLMGLVTER;SQLLTSDLVK;QIAMGVDGANEVYNEIR;AKQIAMGVDGANEVYNEIR;RVTTAFTFIK	False	False	Ecoli	False	True	False	diann231	Triqler	Triqler	0.2
0.7587	0.8919	P00954	11.0	2.014e-07	-0.1392	0.8919	0.9394	1.017	0.9085	1.056	1.035	1.054	AVTDSDEPPVVR;AVYEAIGFVAKP;RAVTDSDEPPVVR;SDDNRNNVIGLLEDPK;TKPIVFSGAQPSGELTIGNYMGALR;GEVADAVSGMLTELQER;VMSLLEPTKK;FRNDEAFLQQVMK;VPEPFIPK;AGVSNLLDILSAVTGQSIPELEK;FNALYGEIFKVPEPFIPK	False	False	Ecoli	False	True	False	diann231	Triqler	Triqler	0.2
0.7591	0.8919	P0ADM8	2.0	0.01931	-0.08604	0.8898	0.8591	0.9978	0.9861	1.088	1.082	1.005	DLQLLPIAGR;LSVWELDGK	False	False	Ecoli	False	True	False	diann231	Triqler	Triqler	0.2
0.7596	0.8921	P24188	3.0	0.001927	-0.09519	0.8919	1.048	0.8968	0.9409	1.101	1.014	1.014	AQLYAFDPALEGLR;VWHIEGGIIEYAR;NFVFDER	False	False	Ecoli	False	True	False	diann231	Triqler	Triqler	0.2
0.7601	0.8923	P0A9X1	2.0	0.01348	-0.06798	0.8908	0.8761	1.001	1.001	1.046	1.001	1.087	VVLGLVTPDEGVIKR;LYLDTTLPLTVNR	False	False	Ecoli	False	True	False	diann231	Triqler	Triqler	0.2
0.7606	0.8925	P0ACR9	4.0	4.123e-06	-0.1263	0.8925	0.9165	0.9667	0.969	1.024	1.016	1.12	ASRHEDFPYQEILLTR;HEDFPYQEILLTR;IADELEKR;MDSSFTPIEQMLK	False	False	Ecoli	False	True	False	diann231	Triqler	Triqler	0.2
0.761	0.8927	P17169	34.0	1.886e-09	-0.1196	0.8927	0.9517	1.03	0.9006	1.068	1.006	1.055	DVAEILLEGLR;DVAEILLEGLRR;EIYEQPNAIK;EIYEQPNAIKNTLTGR;ESDLALMTNAGTEIGVASTK;FIFLEEGDIAEITR;FIFLEEGDIAEITRR;GAYGTVIMDSR;GDQYPIALEGALK;GYDSAGLAVVDAEGHMTR;GYTFVSETDTEVIAHLVNWELK;HGPLALIDADMPVIVVAPNNELLEK;HPDTLLAAR;IEALAEDFSDKHHALFLGR;ISHGQVDLSELGPNADELLSK;LKSNIEEVR;NSLMITLSQSGETADTLAGLR;RFIFLEEGDIAEITR;RNSLMITLSQSGETADTLAGLR;RQDIESNLQYDAGDK;SGSPLVIGLGMGENFIASDQLALLPVTR;VQMLAQAAEEHPLHGGTGIAHTR;QDIESNLQYDAGDKGIYR;SVNIFDKTGAEVK;GAYGTVIMDSRHPDTLLAAR;RSVNIFDK;IEALAEDFSDK;EISYIHAEAYAAGELK;IEQMLSQDKR;LKEISYIHAEAYAAGELK;SVNIFDK;QDIESNLQYDAGDK;GYTFVSETDTEVIAHLVNWELKQGGTLR;HHALFLGR	False	False	Ecoli	False	True	False	diann231	Triqler	Triqler	0.2
0.7615	0.8927	P0A9U3	21.0	2.953e-08	-0.0988	0.8927	0.956	1.067	0.8867	1.022	1.004	1.078	ELWEVKQER;TLVGDLQPDSGTVK;VIDFSGNYEDYLR;VYPGNYDEYMTAATQAR;YGEMDGYSAEAR;ILEITPER;ILGGDLEPTLGNVSLDPNER;LRQDQFAFEEFTVLDTVIMGHK;NLNLLLEVGEK;GFDNGPLFK;NALEVEGLTK;AGELLLGVGIPVEQHYGPMSEVAPGWK;AQIAELQSFVSR;LAVLGTNGVGK;IKLEEVK;VADLEVK;EFVSSLATR;KAQIAELQSFVSR;YGLIGANGSGK;LLFSQDDIK;WLEQVLNER	False	False	Ecoli	False	True	False	diann231	Triqler	Triqler	0.2
0.7619	0.8929	P30855	3.0	0.001414	0.07711	0.8927	1.03	1.175	0.9167	0.9654	0.9101	1.026	VTLDPLR;SQTATLLHTDSQQR;GINADYLNLLKR	False	False	Ecoli	False	True	False	diann231	Triqler	Triqler	0.2
0.7624	0.8937	P33650	5.0	2.47e-05	-0.09031	0.8937	0.9084	1.096	0.9073	1.055	1.015	1.035	AYAGEASQHLDAALAR;TTLFNQLTGSR;IEIDALSAR;LTIGLIGNPNSGK;IVDNINDSALASVSR	False	False	Ecoli	False	True	False	diann231	Triqler	Triqler	0.2
0.7629	0.8937	P32157	5.0	7.379e-06	-0.1201	0.8937	0.9588	1.025	0.8874	1.049	1.013	1.078	IQAYPEGKPSAIAK;LLSAAGLSK;WGEALIQVSQPR;EHYLYWAR;LNYHFDISDIAQLMQNTGK	False	False	Ecoli	False	True	False	diann231	Triqler	Triqler	0.2
0.7633	0.8938	P0A8D6	5.0	1.044e-05	-0.1025	0.8938	1.014	1.013	0.8643	1.092	1.014	1.018	AVVHTVGPVWR;GGEQNEDQLLQDAYLNSLR;IHVVQGDITK;LVAANSYTSVAFPAISTGVYGYPR;TVSEFITR	False	False	Ecoli	False	True	False	diann231	Triqler	Triqler	0.2
0.7638	0.8939	P18775	15.0	8.538e-08	-0.1268	0.8939	0.9081	1.026	0.938	1.035	1.019	1.086	AYILGEGPDGVAK;EAIPELPTFEEFRK;EGSYSLPFVR;LVVLFGNNPGETR;YVETDNTGDDNYDGLHQVR;RLGVEQQFTEGR;AFREDPQANPLTTPSGK;EIGSTKPAFISQGWGPQR;IFNDRGEVHIEAK;LGVEQQFTEGR;QYPLQLTGFHYK;TPEWASQITGVPADK;EAIPELPTFEEFR;MSGGGVTYYLEQAR;VHSTYGNVDVLK	False	False	Ecoli	False	True	False	diann231	Triqler	Triqler	0.2
0.7642	0.894	P77808	8.0	1.463e-06	-0.1238	0.894	0.9754	1.012	0.8842	1.056	1.011	1.073	NTVGDNLDDLVTILR;RNTVGDNLDDLVTILR;SQHADVLIVNGGLGPTSDDLSALAAATAK;VAGQSVIFEGTEGLPAQISR;SSMPIIELK;VMVEHEILPR;LWLDVKR;LTGPASEQQAMEK	False	False	Ecoli	False	True	False	diann231	Triqler	Triqler	0.2
0.7647	0.8945	P0A9Z1	6.0	2.975e-06	-0.1198	0.8945	0.9621	1.015	0.8882	1.071	1.031	1.043	IFVFDVAR;GAEYMVDFLPK;IRTGEEDDAAI;IGDGKIFVFDVAR;LDDVREALAEVGITGMTVTEVK;IDAIIKPFK	False	False	Ecoli	False	True	False	diann231	Triqler	Triqler	0.2
0.7651	0.8946	P46474	3.0	0.0005535	-0.06148	0.8945	0.9811	0.9769	0.9623	1.009	0.9194	1.169	DLTFWQLR;LTADGEWVNNPGNER;AELAIPQLTWLNDPR	False	False	Ecoli	False	True	False	diann231	Triqler	Triqler	0.2
0.7656	0.8954	P0AG55	11.0	8.01e-08	-0.1136	0.8954	0.9323	1.049	0.9105	1.043	1.003	1.074	ALLNSMVIGVTEGFTK;ALLNSMVIGVTEGFTKK;APVVVPAGVDVK;DGYADGWAQAGTAR;HADNTLTFGPR;INGQVITIK;KLQLVGVGYR;LQLVGVGYR;QVIGQVAADLR;TLNDAVEVK;VAKAPVVVPAGVDVK	False	False	Ecoli	False	True	False	diann231	Triqler	Triqler	0.2
0.766	0.8957	P0A7I4	20.0	1.726e-08	-0.1163	0.8957	0.973	1.022	0.8864	1.049	1.008	1.073	DIRDPMELLDEVENELK;DVVISDALTFMAGDR;FTGIPNFAPELFR;GLNNPDLDAAVGEDLAQQLRDELELVK;GVYHLYKDETYLYQSGK;KNESQLALDGGDNLAYIATSMVNLR;LKSEYNVEAVYESVNVATAR;LRDTPILTFMNK;TAKDVVISDALTFMAGDR;TFAIISHPDAGK;VLLFGQAIQTAGTVK;FTGIPNFAPELFRR;LAQERYPDVQFHQTR;TVEASEDKFTGFVFK;YPDVQFHQTR;KLMEVTR;TLSPYLQEVAK;RTFAIISHPDAGK;FTGFVFK;TLSPYLQEVAKR	False	False	Ecoli	False	True	False	diann231	Triqler	Triqler	0.2
0.7664	0.8961	P0AFB1	8.0	2.372e-06	-0.0934	0.8961	1.001	1.041	0.849	1.07	0.9986	1.058	KSEVLAVPLQPTLQQEVILAR;YYLSLGDLDSATALFK;LAVANNVHNFVEHR;ALTDDERAQLLYER;GVLYDSLGLR;SEVLAVPLQPTLQQEVILAR;GIALYYGGR;MEQILASR	False	False	Ecoli	False	True	False	diann231	Triqler	Triqler	0.2
0.7669	0.8962	P0ACY1	10.0	1.755e-07	-0.1041	0.8962	0.9797	1.032	0.8836	1.066	0.9826	1.068	APLIITVVAK;EQDKIVGFLYLGTPQLK;LAEPAPTGEQLQNILR;MDALELLINR;MDALELLINRR;SGALTESPVVR;NAPFRAPLIITVVAK;ASTSINVPDPTPFVTYF;IVGFLYLGTPQLK;SMQPWHFFVIEGEGR	False	False	Ecoli	False	True	False	diann231	Triqler	Triqler	0.2
0.7673	0.8963	P0ABM9	3.0	0.0003894	-0.1043	0.8962	1.018	0.8982	0.9623	1.005	1.058	1.068	NSDAALGYAEALTR;IWQQATAQAPALLDR;QLTEELR	False	False	Ecoli	False	True	False	diann231	Triqler	Triqler	0.2
0.7678	0.8969	P76008	6.0	1.431e-06	-0.1127	0.8969	1.012	0.9757	0.8989	1.068	0.9681	1.089	LLADIDWQALVAR;LSIPLITGLDFGHEQR;FAGTETERLEDLNSLAR;LTDAGHQVNNVEVIAR;MLLQLYHAGILPR;IENGILVLEDINEHPFRVER	False	False	Ecoli	False	True	False	diann231	Triqler	Triqler	0.2
0.7682	0.897	P04036	8.0	1.781e-06	-0.1252	0.897	0.9617	1.016	0.8873	1.052	1.028	1.066	EGSSLLGSDAGELAGAGK;QLIQAALALEGVQLGAALER;VPGTIGFATVR;EGHTGERVPGTIGFATVR;GMVIGTTGFDEAGK;VMGDYTDIEIIEAHHR;SALWLSGK;ESGLFDMR	False	False	Ecoli	False	True	False	diann231	Triqler	Triqler	0.2
0.7686	0.8974	P0ABK2	2.0	6.783e-05	-0.1016	0.8974	0.932	0.9795	0.9587	1.035	1.054	1.048	TVGELHLR;STMDHYAASNPLNK	False	False	Ecoli	False	True	False	diann231	Triqler	Triqler	0.2
0.769	0.8974	P0A805	10.0	5.032e-07	-0.1037	0.8974	0.9027	1.054	0.9457	0.9752	1.051	1.085	AIMASDLGLNPNSAGSDIR;ASPSLLDGIVVEYYGTPTPLR;QLASVTVEDSR;SQDDVQKLTDAAIK;AIMASDLGLNPNSAGSDIRVPLPPLTEER;IEAALADKEAELMQF;VPLPPLTEER;VPLPPLTEERR;KIEAALADK;TLKINVFDR	False	False	Ecoli	False	True	False	diann231	Triqler	Triqler	0.2
0.7695	0.8974	P77460	1.0	0.0254	-0.09883	0.8947	0.9551	0.9666	0.9575	0.996	1.038	1.095	NAAQALTDDGTLYGATILGDGVVHNSFGQK	False	False	Ecoli	False	True	False	diann231	Triqler	Triqler	0.2
0.7699	0.898	P36929	1.0	0.02611	-0.08359	0.8952	0.9156	1.059	0.9132	1.009	1.065	1.051	GLINGVLR	False	False	Ecoli	False	True	False	diann231	Triqler	Triqler	0.2
0.7703	0.8982	P07023	6.0	2.579e-06	-0.1004	0.8982	0.9408	1.034	0.9179	1.036	0.9571	1.13	FGLPIYVPER;RLELVAEVGEVK;KVEHWFGDYAQR;RAEAEALGVPPDLIEDVLR;SRFGLPIYVPER;ILEQHDWDR	False	False	Ecoli	False	True	False	diann231	Triqler	Triqler	0.2
0.7707	0.8985	P31806	3.0	0.002347	-0.07329	0.8982	1.008	1.083	0.8477	0.8908	1.093	1.109	LVIIGGDHGTAGAIR;DVTGQLHFDSLGLDSWLAGQETK;VITPHPGEAAR	False	False	Ecoli	False	True	False	diann231	Triqler	Triqler	0.2
0.7712	0.8988	Q06830ups|PRDX1_HUMAN_UPS	4.0	0.0002619	-0.09067	0.8988	0.9546	0.9546	0.9546	1.069	1.006	1.069	GLFIIDDKGILR;GLFIIDDK;QITVNDLPVGR;IGHPAPNFK	False	False	Human	True	False	False	diann231	Triqler	Triqler	0.2
0.7716	0.8991	P60716	12.0	2.032e-07	-0.1351	0.8991	0.92	1.004	0.9397	1.065	0.9936	1.089	ALDILTATPPDVFNHNLENVPR;FKEAHPEIPTK;HGVTMLTLGQYLQPSR;IETLVPDFR;QVRPGADYNWSLK;YVVITSVDRDDLR;IKLPADSTR;EAHPEIPTK;HHLPVQR;SKPIVMER;LAQTIADMALR;MALIPVK	False	False	Ecoli	False	True	False	diann231	Triqler	Triqler	0.2
0.772	0.8992	P0AEY3	5.0	5.096e-06	-0.1281	0.8992	0.9508	1.014	0.8961	1.052	1.051	1.047	AQHSALDDIPR;RHPHVFADSSAENSSEVLAR;WEQIKTEER;HPHVFADSSAENSSEVLAR;LLTIMQR	False	False	Ecoli	False	True	False	diann231	Triqler	Triqler	0.2
0.7724	0.8993	P46118	2.0	0.03805	0.06866	0.8953	1.06	1.094	0.9252	1.039	0.9072	0.9887	FNVPVVYSDDIVLQR;NLVELAQLAR	False	False	Ecoli	False	True	False	diann231	Triqler	Triqler	0.2
0.7728	0.8994	P25888	13.0	1.554e-07	-0.09737	0.8994	0.9296	1.071	0.9153	0.9795	1.038	1.079	AVAEQGYREPTPIQQQAIPAVLEGR;ELAAQIGENVR;GGVDVLVATPGR;GLDIEELPHVVNYELPNVPEDYVHR;SFDSLGLSPDILR;LLHNPLEIEVAR;TAGFTLPLLQHLITR;VLVATDIAAR;LRGGVDVLVATPGR;LLDLEHQNAVKLDQVEILVLDEADR;ALILTPTR;NTASDQVTQHVHFVDK;GNWQQVLVFTR	False	False	Ecoli	False	True	False	diann231	Triqler	Triqler	0.2
0.7732	0.8998	P0A988	11.0	8.657e-07	-0.1373	0.8998	0.9296	0.971	0.9578	1.011	1.085	1.054	GLPEGAEIAVQLEGER;KGVIELMR;AHVGDFIFTSK;VALVQPHEPGATTVPAR;LYVSENQLK;VQIGSNNIR;LIEATQFSMAHQDVR;YYLNGMLFETEGEELR;MLDGGDNPLR;LVDGRFPDYR;VALVQPHEPGATTVPARK	False	False	Ecoli	False	True	False	diann231	Triqler	Triqler	0.2
0.7736	0.8999	P68767	11.0	2.877e-07	-0.1049	0.8999	0.9434	1.061	0.8972	1.065	0.9979	1.048	AIQHGLAIAAGIK;AYRPGDVLTTMSGQTVEVLNTDAEGR;ETLYSFDQLK;GNASEDARPIVLVGK;LSPIAEQLDKISDGYISALLR;YNWAHLDIAGTAWR;ISDGYISALLR;KYNWAHLDIAGTAWR;MVFNVPTR;RLSPIAEQLDK;LSPIAEQLDK	False	False	Ecoli	False	True	False	diann231	Triqler	Triqler	0.2
0.774	0.9001	P09980	1.0	0.03218	-0.06927	0.8967	0.9174	0.9947	0.9947	1.113	0.9947	0.9947	VLTNPDDDSAFLR	False	False	Ecoli	False	True	False	diann231	Triqler	Triqler	0.2
0.7744	0.9005	P45532	1.0	0.02974	0.07681	0.8975	1.125	1.074	0.9514	0.9587	0.8882	1.022	EGVYNANQLTSPASDEFDLVR	False	False	Ecoli	False	True	False	diann231	Triqler	Triqler	0.2
0.7748	0.9006	P0AEV9	2.0	6.146e-05	-0.08351	0.9006	1.003	1.008	0.8659	1.092	0.9427	1.109	GNWVVIDGGSAPENDIVAIR;LLIVDATDMGLNPGEIR	False	False	Ecoli	False	True	False	diann231	Triqler	Triqler	0.2
0.7752	0.9009	P0A8N5	18.0	2.789e-08	-0.1121	0.9009	0.9579	1.041	0.8912	1.066	1.016	1.038	ALAESIGITVEK;DSLPEGVYNDQFK;EIGNGFSELNDAEDQAER;GANEAIDFNDELR;KWDLGDIIGAR;QQGVAFPNDFRR;TLAQEVLGTTK;VTYGEHVFDFGKPFEK;WDLGDIIGAR;DSLPEGVYNDQFKK;YLDLIANDK;DVILFPAMRPQK;YLDLIANDKSR;QQGVAFPNDFR;SKILAAIR;MIMLFTNSHTIR;EIGNGFSELNDAEDQAERFQEQVNAK;FHGLQDQEVR	False	False	Ecoli	False	True	False	diann231	Triqler	Triqler	0.2
0.7756	0.901	P37689	21.0	2.182e-08	-0.1116	0.901	0.9862	1.019	0.8764	1.053	1.019	1.057	AEGQPDAAMEDGDALIFMNFR;AFVNADFDGFAR;AYDLLTLAQGEFQADTAVAGLQAAYAR;EEQQDNAIFSAK;IYLHAFLDGRDTPPR;KPMVLVILDGYGYR;QMGNSEVGHVNLGAGR;TPVMDALWANRPHTLIDASGLEVGLPDR;VATYDLQPEMSSAELTEK;IVYQDLTR;IYLHAFLDGR;VVNVDFVMLTEYAADIK;AFFANPVLTGAVDK;ILINSPK;TAVAYPPASLVNTFGEWMAK;LDVEIKDR;VASIIGR;YAHVTFFFNGGVEESFKGEDR;AFVNADFDGFARK;VATYDLQPEMSSAELTEKLVAAIK;AFFANPVLTGAVDKAK	False	False	Ecoli	False	True	False	diann231	Triqler	Triqler	0.2
0.776	0.9017	P00547	2.0	0.005771	-0.1004	0.9011	0.9633	1.032	0.8781	1.063	1.023	1.053	LLALMGELEGR;AILPAQYR	False	False	Ecoli	False	True	False	diann231	Triqler	Triqler	0.2
0.7764	0.9017	P07649	3.0	0.0002673	-0.09619	0.9017	1.009	1.027	0.855	1.049	1.043	1.031	DAAWTLGVNANLPGDIAVR;GVTHFYEPLDAER;LRPAVLSK	False	False	Ecoli	False	True	False	diann231	Triqler	Triqler	0.2
0.7768	0.9019	P0ACZ4	8.0	3.953e-07	-0.1212	0.9019	0.9823	1.002	0.8757	1.083	1.011	1.06	EGMNNIIAAIEAAK;MNAIIIDDHPLAIAAIR;NDIEILAELTEGGSAVQR;SLMDLYTFAQR;FVGSLTSDQQK;QYSGIIIIVSAK;YILDGKDNNDIAEK;FVGSLTSDQQKLDSLSK	False	False	Ecoli	False	True	False	diann231	Triqler	Triqler	0.2
0.7772	0.9021	P0ACS7	3.0	7.856e-05	-0.08865	0.9021	0.9037	1.099	0.9143	1.025	1.025	1.048	TGAIVDFFSPGALK;LLGFSGFR;VFNITLR	False	False	Ecoli	False	True	False	diann231	Triqler	Triqler	0.2
0.7776	0.9021	P0AC16	1.0	0.02483	0.07998	0.8996	1.038	1.144	0.9886	1.001	0.9886	0.8607	VAEEVAELLLAR	False	False	Ecoli	False	True	False	diann231	Triqler	Triqler	0.2
0.778	0.9022	P0AFJ5	1.0	0.03106	-0.06288	0.899	0.9886	0.9886	0.8654	1.21	0.9886	0.9886	DIPVVMLTAR	False	False	Ecoli	False	True	False	diann231	Triqler	Triqler	0.2
0.7784	0.9026	P0A7A2	5.0	7.346e-05	-0.0937	0.9026	0.8622	0.9923	1.039	1.082	0.9977	1.042	GEQQAMQVATR;IQGQSDSPLTAK;RIQGQSDSPLTAK;AKELGITHIISSDLGR;MLQVYLVR	False	False	Ecoli	False	True	False	diann231	Triqler	Triqler	0.2
0.7787	0.9026	Q47679	4.0	0.0001233	-0.1008	0.9026	0.9954	1.011	0.8819	0.9962	1.069	1.058	SLHWQALLTAR;VINPQGEIIATADAHQATR;NLNDYDLALYVANWPAPR;FLLVEPGGTVHFYDKR	False	False	Ecoli	False	True	False	diann231	Triqler	Triqler	0.2
0.7791	0.9027	P77775	2.0	0.09584	0.06963	0.8924	1.123	1.035	0.9808	1.028	0.9808	0.8701	WYDLEEALADVVR;TGVVLAPDGGILGK	False	False	Ecoli	False	True	False	diann231	Triqler	Triqler	0.2
0.7795	0.9028	P00959	32.0	5.142e-09	-0.1137	0.9028	0.9577	1.039	0.8936	1.046	1.016	1.058	AEAFLNTELTWDGIQQPLLGHK;ASTWLNHFDADSLR;DIFLLSPDAGAKPGHQVK;FDGVLASELADPQLYK;HTIMVANLAPR;IDDIDLNLEDFVQR;MQEWFESGLQQWDISR;QLSELIYSR;QVEALVEASKEEVK;RFDGVLASELADPQLYK;TFTDAAEVIGEAWESR;VALIENAEFVEGSDK;YVDEQAPWVVAK;SAYPDPQALIGR;VLMTYLKPVLPK;RGDSVSFDEYWK;SVVSGATPVMR;VALIENAEFVEGSDKLLR;EIMALADLANR;LTLDLGGEKR;GMFLPDRFVK;VNADIVNKVVNLASR;GDSVSFDEYWK;LTLDLGGEK;LKENGFIK;AAAAPVTGPLADDPIQETITFDDFAK;DAPYFGFEIPNAPGK;LSSRIDDIDLNLEDFVQR;TFTDAAEVIGEAWESREFGK;TISQLYDPEK;DIFLLSPDAGAK;GMFLPDR	False	False	Ecoli	False	True	False	diann231	Triqler	Triqler	0.2
0.7799	0.9029	P39310	5.0	1.713e-05	-0.119	0.9029	0.9631	1.016	0.8874	1.034	1.031	1.079	EAQLDIQSQSQPPTEEQLR;VWHAPDNFR;TMAQLFR;IRQNASGVVTGLTIDTGNNQQVLFTR;QPDGSFIR	False	False	Ecoli	False	True	False	diann231	Triqler	Triqler	0.2
0.7802	0.903	P24182	20.0	1.542e-08	-0.118	0.903	0.938	1.031	0.9177	1.038	1.003	1.082	HVEIQVLADGQGNAIYLAER;IAAGQPLSIKQEEVHVR;INAEDPNTFLPSPGK;IQVEHPVTEMITGVDLIKEQLR;MKNALQELIIDGIK;NALQELIIDGIK;VVEEAPAPGITPELR;VVEEAPAPGITPELRR;VVRGDAELAQSISMTR;IAAGQPLSIK;IGYPVIIK;IQVEHPVTEMITGVDLIK;SGFIFIGPK;TVAVHSSADRDLK;FHAPGGFGVR;VSAIAAMKK;GDAELAQSISMTR;RIGYPVIIK;TNVDLQIR;IVIANRGEIALR	False	False	Ecoli	False	True	False	diann231	Triqler	Triqler	0.2
0.7806	0.9031	P27829	8.0	6.017e-06	-0.1207	0.9031	0.94	1.031	0.9102	1.056	1.013	1.059	SIAPVLKK;VLPGQVMVELIK;TAVEGGFLR;GALVILESTSPVGSTEK;SFATISVIGLGYIGLPTAAAFASR;EVNDHKPFWVIDQVK;VLPGQVMVELIKNDR;PNIDDLR	False	False	Ecoli	False	True	False	diann231	Triqler	Triqler	0.2
0.781	0.9033	P64448	2.0	0.03278	-0.09344	0.9001	0.9244	0.9788	0.9988	0.9693	1.075	1.062	ADKDVEELLETR;IEHEIIIK	False	False	Ecoli	False	True	False	diann231	Triqler	Triqler	0.2
0.7814	0.9037	P0ACG8	1.0	0.1088	-0.0848	0.892	0.9225	1.036	0.8743	1.016	1.021	1.153	LDKWLWAAR	False	False	Ecoli	False	True	False	diann231	Triqler	Triqler	0.2
0.7817	0.9039	P60651	5.0	1.945e-06	-0.1152	0.9039	0.9336	1.019	0.9335	1.088	0.9659	1.072	EGLIDPNHSVQIGIR;MLSFGGDHFVTLPLLR;QVSTNLAWEHNR;STLGHQYDNSLVSNAFGFLR;FPWNFDMR	False	False	Ecoli	False	True	False	diann231	Triqler	Triqler	0.2
0.7817	0.904	decoy_P37672	1.0	0.1006	0.06857	0.8933	0.9932	1.147	0.9932	0.9932	0.896	0.9932	IAEYVTSMDR	False	False		False	False	False	diann231	Triqler	Triqler	0.2
0.7821	0.9046	P0AFM2	5.0	5.043e-06	-0.1157	0.9046	0.9301	0.9981	0.9462	1.044	1.008	1.082	AHQQQFDGWVNEALAAQK;GITVNPVQSTITEETFQTLLVSR;ASEGDIQGHVDGWIK;EGVFVNGAAQGYLIDKK;AWAEKNPAAAK	False	False	Ecoli	False	True	False	diann231	Triqler	Triqler	0.2
0.7825	0.9046	P25534	2.0	0.03064	0.05082	0.9016	1.113	1.054	0.9826	0.8132	1.094	0.9748	ELQSAFGWR;EATIGVTDSLVHLFANR	False	False	Ecoli	False	True	False	diann231	Triqler	Triqler	0.2
0.7828	0.9047	P25740	4.0	0.001273	-0.09874	0.9046	0.8813	1.023	0.9765	1.036	1.052	1.042	YFPFGGLQR;YRHYAAFER;KFEALAEK;SNVHFFSGR	False	False	Ecoli	False	True	False	diann231	Triqler	Triqler	0.2
0.7832	0.9052	P75874	4.0	1.548e-05	-0.1118	0.9052	1.023	0.9656	0.891	1.027	1.024	1.082	NSEAAWGVAQEAIAIGAK;YLLDQGYHVIPVSPK;TLWMQLGVINEQAAVLAR;DAGLNVVMDR	False	False	Ecoli	False	True	False	diann231	Triqler	Triqler	0.2
0.7835	0.9052	P32131	11.0	1.576e-07	-0.07808	0.9052	1.034	1.015	0.855	1.108	0.9761	1.03	EIELDVLDHLR;EIGFTSTNIDLIYGLPK;EQDEEFIFALLNHAR;LVNREQDEEFIFALLNHAR;QYYQQVDEQGNALWR;SVQQIDWDLALIQK;VAELNPDRLSVFNYAHLPTIFAAQR;QTPESFAFTLKR;ADQYLDALEQEIVHR;DGLVDVDEK;YTSYPTALEFSEDFGEQAFLQAVAR	False	False	Ecoli	False	True	False	diann231	Triqler	Triqler	0.2
0.7839	0.9054	P0A6F1	10.0	5.785e-07	-0.08478	0.9054	0.9139	1.105	0.9202	1.052	0.9903	1.033	LTIVPAQTSAEDVLK;NTEDLSSYLKR;SALLVLEDGTQFHGR;SLFDGTLQGIHR;HNIVAIADIDTR;DLPLIASNFR;RHNIVAIADIDTR;NTEDLSSYLK;EVTTAEAYSWTQGSWTLTGGLPEAK;NVVMITAQNHGFAVDEATLPANLR	False	False	Ecoli	False	True	False	diann231	Triqler	Triqler	0.2
0.7843	0.9055	P0AE14	2.0	0.006223	0.06939	0.9049	0.9712	1.162	0.9831	1.024	0.9754	0.9019	LAGVVYALIGHGEK;LAQFSLAR	False	False	Ecoli	False	True	False	diann231	Triqler	Triqler	0.2
0.7846	0.9056	P0A7G2	6.0	1.182e-06	-0.1277	0.9056	0.9199	1.011	0.9344	1.065	1.02	1.06	EIALILQR;IVPELTFFYDNSLVEGMR;MSNLVTSVVK;VYVTFLNDKDEDAVK;ALQEASGFIR;MSNLVTSVVKHDEER	False	False	Ecoli	False	True	False	diann231	Triqler	Triqler	0.2
0.785	0.9056	P0ABL5	2.0	0.03617	0.08511	0.902	1.053	1.041	0.9764	0.9083	1.077	0.9549	IFGVIDTPQKFEAHR;IFGVIDTPQK	False	False	Ecoli	False	True	False	diann231	Triqler	Triqler	0.2
0.7853	0.9057	P60955	3.0	0.0006294	-0.0569	0.9056	1.145	0.9383	0.9094	1.067	0.8999	1.065	TEDILLLQTNPQWQSIFDTYGVLPR;VDPNFPFAMLFPGSR;LGNFINGELWGR	False	False	Ecoli	False	True	False	diann231	Triqler	Triqler	0.2
0.7857	0.9057	P0AAX8	13.0	8.174e-08	-0.1358	0.9057	0.9373	1.02	0.9122	1.047	1.027	1.067	FLFEKVPVGTR;GTNTVIVLPIGIGQLGK;GTNTVIVLPIGIGQLGKDTPINWTTK;KAGPTWTPTAK;SVQTVTGQPDVDQVVLDEAIKNR;VQFIDEPVK;VQFIDEPVKATTEPDGSR;YIEVHNPLSTTEAQFEGQEIVPITLTK;SVQTVTGQPDVDQVVLDEAIK;GGTVLNIPQQLILPDTVHEGIVINSAEMR;AGPTWTPTAK;AAGEPLPAVVPAGPDNPMGLYALYIGR;DTPINWTTK	False	False	Ecoli	False	True	False	diann231	Triqler	Triqler	0.2
0.786	0.9058	P33927	2.0	0.004593	-0.06549	0.9054	0.861	1.079	0.9732	1.042	0.9652	1.1	GGVATIGVTR;EVTGPNWR	False	False	Ecoli	False	True	False	diann231	Triqler	Triqler	0.2
0.7864	0.906	P77398	5.0	4.366e-05	0.08076	0.906	1.115	1.045	0.9365	1.064	0.934	0.9222	AITQLILNLVEGSPIK;LLREDHYEVYGLDIGSDAISR;ADAGAIVAQLR;VFELDFEENLR;FTVWSSR	False	False	Ecoli	False	True	False	diann231	Triqler	Triqler	0.2
0.7867	0.9062	P0A959	9.0	1.069e-06	-0.04213	0.9062	1.042	1.069	0.8486	1.103	1.009	0.95	LNIGNPAPFGFDAPDEILVDVIR;VDDIELSLSK;VLLVQGTAFNWPWPDHFR;MVLDFLLQEK;ELLMEIVEIAR;FLSGYHQL;GYIEGLEMLASMR;GALYMFPK;TYRVAGFR	False	False	Ecoli	False	True	False	diann231	Triqler	Triqler	0.2
0.7871	0.9062	P23890	2.0	0.001149	-0.1027	0.9061	0.9909	0.9667	0.9288	1.054	1.0	1.066	ASELLGEIVQSSPEFTYAR;VGEWLVTPSINQISR	False	False	Ecoli	False	True	False	diann231	Triqler	Triqler	0.2
0.7874	0.9063	P0A8I8	6.0	2.418e-06	-0.1025	0.9063	1.008	1.008	0.8528	1.087	1.011	1.05	AAAEQSWSLSALTLPHPLVR;VLVAESLYR;MPDWVQTGFTEYLR;AWSITTNHPYHRE;IVTLDIPGKPWDTPQLAAELER;DMPFELIEIPAGKR	False	False	Ecoli	False	True	False	diann231	Triqler	Triqler	0.2
0.7877	0.9064	P0A8P1	1.0	0.1133	0.0691	0.8944	0.9946	1.128	0.9946	0.9056	0.9946	0.9946	AVLWPESLHISR	False	False	Ecoli	False	True	False	diann231	Triqler	Triqler	0.2
0.7881	0.9066	P15286	2.0	0.001822	-0.08361	0.9064	0.9649	0.9999	0.9289	1.097	0.9562	1.064	QLLAQLGEYLR;AELWAGIR	False	False	Ecoli	False	True	False	diann231	Triqler	Triqler	0.2
0.7884	0.9066	P0AB91	5.0	3.796e-06	-0.1102	0.9066	1.001	0.9946	0.8699	1.082	1.014	1.053	ELLPPVALLEK;ELLPPVALLEKFPATENAANTVAHAR;FPATENAANTVAHAR;AIIGVMVESHLVEGNQSLESGEPLAYGK;AGLPAQVMIDFSHANSSK	False	False	Ecoli	False	True	False	diann231	Triqler	Triqler	0.2
0.7888	0.9069	P37902	6.0	4.684e-06	0.08927	0.9069	0.9755	1.168	0.9784	0.9608	0.9404	0.9932	ESSVPFSYYDNQQK;QAAFSDTIFVVGTR;NGVIVVGHR;AVVVTSGTTSEVLLNK;LIPITSQNR;ALFKEPNDK	False	False	Ecoli	False	True	False	diann231	Triqler	Triqler	0.2
0.7891	0.9069	P33644	1.0	0.001871	-0.07696	0.9067	0.9108	0.9925	0.9925	1.003	1.031	1.078	AGTEVAAAHAGWR	False	False	Ecoli	False	True	False	diann231	Triqler	Triqler	0.2
0.7894	0.9074	P29208	5.0	1.694e-05	-0.03924	0.9074	0.8919	1.141	0.9442	1.045	0.9348	1.065	AVVIKPTLTGSLEK;WQIPMDAGVVLR;AWTPLKGQQFAK;IAAWLTPDTIPGLDTLDLMQAQQVR;VGLYEAVR	False	False	Ecoli	False	True	False	diann231	Triqler	Triqler	0.2
0.7898	0.9076	P52061	4.0	3.253e-05	-0.07903	0.9076	0.9929	1.084	0.8253	1.068	1.0	1.053	EPAGTGGFGYDPIFFVPSEGK;LLETMKDVPDDQR;VTALPAIADDSGLAVDVLGGAPGIYSAR;LLLDALR	False	False	Ecoli	False	True	False	diann231	Triqler	Triqler	0.2
0.7901	0.9077	P0A9H3	3.0	0.003896	-0.09583	0.9073	0.9857	0.9734	0.9275	1.047	0.9515	1.128	AFDLNLR;NAYGILGGIPQSEFQHATIAK;ALTDFKR	False	False	Ecoli	False	True	False	diann231	Triqler	Triqler	0.2
0.7904	0.908	P35340	19.0	1.497e-08	-0.1093	0.908	0.9488	1.048	0.9002	1.055	1.009	1.05	ASLSAFDYLIR;DAYDVLIVGSGPAGAAAAIYSAR;EAQSLLEQIR;FGGQILDTVDIENYISVPKTEGQK;HTAIDGGTFQNEITDR;IKHTAIDGGTFQNEITDR;KPSFLITNPGSNQGPR;LTKPVELIATLDDSAK;MGEIIIDAK;NMNVPGEDQYR;NVDIILNAQTTEVK;NVDIILNAQTTEVKGDGSK;QIIIATGEGAK;VHVDEYDVDVIDSQSASK;FGGQILDTVDIENYISVPK;MTLTEIVAK;SIIVATGAK;VVGLEYR;ADQVLQDKLR	False	False	Ecoli	False	True	False	diann231	Triqler	Triqler	0.2
0.7907	0.9081	P0A7Y0	10.0	4.185e-07	-0.1023	0.9081	0.9482	1.044	0.9007	1.017	1.013	1.088	HLPLPTYLVVQVR;KLGYTFNHQELLQQALTHR;LGYTFNHQELLQQALTHR;LILNWYQTR;GNTLAELAR;KAEQAAAEQALK;MNPIVINR;TRLQEYLQGR;LQEYLQGR;LGPGELK	False	False	Ecoli	False	True	False	diann231	Triqler	Triqler	0.2
0.7911	0.9083	P07118	48.0	9.254e-10	-0.1189	0.9083	0.9548	1.024	0.9023	1.043	1.017	1.068	AVVAAVDALGLLEEIKPHDLTVPYGDR;EAFIDKIWEWK;EKLEGYAEAK;ESAQVFDTKGNESDVYSSEIPAEFQK;EVAKIEGEISR;FTMDEGLSNAVK;GGVVIEPMLTDQWYVR;GNESDVYSSEIPAEFQK;GTRHTLVTVLEGLLR;HALPMINILTFDGDIR;HTLVTVLEGLLR;ITPAHDFNDYEVGKR;LAHPIIPFITETIWQR;LANEGFVAR;LESITVLPADDKGPVSVTK;LGNSVDWERER;LIEQQAVIAAL;LYKEDLIYR;TAISDLEVENR;YVILPLVNR;ESAQVFDTK;SKGNVIDPLDMVDGISLPELLEK;FTLAALASTGR;AEMNIAPGKPLELLLR;GNVIDPLDMVDGISLPELLEKR;YKDLIGK;NTLWQVGTDHAGIATQMVVER;TYNPQDIEQPLYEHWEK;WILAEFNQTIK;RLGNSVDWER;IPAWYDEAGNVYVGR;AYREALDSFR;RIPIVGDEHADMEK;GFLQTLAR;AKLIEQQAVIAAL;IPAWYDEAGNVYVGRNEDEVR;YVILPLVNRR;DINWDMKR;LVNWDPK;RLVNWDPK;IEGEISRIENK;TAISDLEVENRESK;QAIVAVR;LGNSVDWER;QLWWGHR;DYLVVATTRPETLLGDTGVAVNPEDPR;GSMWHIR;QFPNGIEPHGTDALR	False	False	Ecoli	False	True	False	diann231	Triqler	Triqler	0.2
0.7914	0.9083	P33355	6.0	5.064e-06	0.02747	0.9083	1.121	1.054	0.88	1.071	0.9249	0.9715	ILALGNVEATAEQIAVWLR;TDDILAILTEQQFR;IAFSLKTDDILAILTEQQFR;INNNIVLK;RINNNIVLK;MLSNDILR	False	False	Ecoli	False	True	False	diann231	Triqler	Triqler	0.2
0.7917	0.9083	P31063	4.0	0.0001169	-0.1038	0.9083	0.9887	0.9717	0.9349	1.078	0.967	1.068	ALVSPEAIGSLIVTK;LTLMSDDLTNVTVKR;ELYEVER;VIAVPGK	False	False	Ecoli	False	True	False	diann231	Triqler	Triqler	0.2
0.792	0.9085	P76346	1.0	0.007995	-0.09073	0.9077	0.9458	1.01	0.9318	1.05	1.015	1.054	FPSLWQR	False	False	Ecoli	False	True	False	diann231	Triqler	Triqler	0.2
0.7924	0.9086	Q47622	8.0	9.927e-06	-0.08383	0.9086	0.8826	1.077	0.9512	1.086	0.9974	1.022	ASSGLIVDTLAAQFYDR;VVIVPVEGR;LLDVDPYTYR;GLVLSPFGNASFAGVYR;TDWFTPTR;QPVGTGPYQLSEYR;IEAYDEAQSILAQELPILPLASSLR;SLGLENLTLK	False	False	Ecoli	False	True	False	diann231	Triqler	Triqler	0.2
0.7927	0.9087	P0AFZ1	4.0	1.345e-05	-0.1057	0.9087	0.9791	1.028	0.8778	1.02	1.056	1.051	SETKNELEDLLEK;GISHFITEHIAPFYER;GISHFITEHIAPFYERR;AATEPAHRPAFFR	False	False	Ecoli	False	True	False	diann231	Triqler	Triqler	0.2
0.793	0.9088	P0A6L9	4.0	4.269e-06	-0.1128	0.9088	0.9823	0.9963	0.9011	1.096	0.9978	1.037	LESFIKR;MDYFTLFGLPAR;YQLDTQALSLR;AEYLLSLHGFDLASEQHTVR	False	False	Ecoli	False	True	False	diann231	Triqler	Triqler	0.2
0.7933	0.9089	P27302;P33570	2.0	6.223e-05	-0.106	0.9089	0.9578	0.9811	0.9419	1.066	1.021	1.038	VAVEAGIADYWYK;ALSMDAVQK	False	False		False	False	False	diann231	Triqler	Triqler	0.2
0.7936	0.909	P0ADX9	5.0	0.0001937	-0.08323	0.909	0.9501	1.086	0.8808	1.045	1.017	1.035	YAAGATLIEMDR;GTPHNIVFVDPPFR;GTPHNIVFVDPPFRR;LPVPDSPGLRPTTDR;IIGGQWR	False	False	Ecoli	False	True	False	diann231	Triqler	Triqler	0.2
0.7939	0.909	P39263	1.0	0.09909	0.06735	0.899	0.9946	0.9946	1.111	0.9946	0.9197	0.9946	KVVDPHSFR	False	False	Ecoli	False	True	False	diann231	Triqler	Triqler	0.2
0.7942	0.9093	P30131	1.0	0.001345	-0.05591	0.9092	0.9466	1.098	0.8781	1.134	0.9243	1.045	IDSVEREPFIWSQLPTEFTIR	False	False	Ecoli	False	True	False	diann231	Triqler	Triqler	0.2
0.7946	0.9097	P0C037	2.0	0.0002506	-0.1103	0.9097	0.9855	0.9435	0.9511	1.065	1.02	1.041	SIGFSSSSTGR;MLQSNEYFSGK	False	False	Ecoli	False	True	False	diann231	Triqler	Triqler	0.2
0.7949	0.9101	P23839	11.0	4.321e-07	-0.118	0.9101	0.9258	1.037	0.9187	1.044	1.029	1.055	LEDAQVQLENNRLEQELVLLAQR;MQSDEGEINPVDILR;SINAEVTNSAIELK;YEPDVSAQGELILNEK;LEDAQVQLENNR;GEWGSATWEMR;YLETYFRLPEQFR;VLIEQMR;YLETYFR;SLEPVVR;LEQELVLLAQR	False	False	Ecoli	False	True	False	diann231	Triqler	Triqler	0.2
0.7952	0.9105	P76502	3.0	0.0001598	-0.05882	0.9105	0.9358	1.041	0.9433	1.173	0.9266	1.002	VLVSPFLR;MQVFIMR;LMANWLK	False	False	Ecoli	False	True	False	diann231	Triqler	Triqler	0.2
0.7955	0.9106	P0AFM9	2.0	0.004725	-0.08555	0.9102	0.9637	1.007	0.9349	1.082	1.008	1.01	IQALESILDAEHPNWR;LAQLADEAKR	False	False	Ecoli	False	True	False	diann231	Triqler	Triqler	0.2
0.7958	0.9107	P0AEQ6	3.0	4.417e-05	0.1046	0.9107	1.053	1.11	0.9584	0.9634	0.9418	0.9834	QGQEIIAGNFR;YVILPLALR;EAGLALGLSR	False	False	Ecoli	False	True	False	diann231	Triqler	Triqler	0.2
0.7961	0.9109	P22333	12.0	1.466e-07	-0.1384	0.9109	0.9467	1.002	0.9101	1.065	1.022	1.064	ASINTDDPGVQGVDIIHEYTVAAPAAGLSR;DAGWHITVHAGEAAGPESIWQAIR;DQITALDLAGDELGFPGSLFLSHFNR;MIDTTLPLTDIHR;RVAFENIEDAAR;TFLEHGIR;VAFENIEDAAR;HLDGNIRPQTILELGR;IDTTLPLTDIHR;LIGIMSR;QAQINGLEMAFLSAEEKR;FSPGYMAMAHQLPVAGVVEAVIDGVR	False	False	Ecoli	False	True	False	diann231	Triqler	Triqler	0.2
0.7964	0.9109	P0AG51	6.0	1.291e-06	-0.1083	0.9109	0.9029	1.046	0.944	1.002	1.035	1.082	ATLLGLGLR;ATLLGLGLRR;GMINAVSFMVK;HKATLLGLGLR;IGHTVEREDTPAIR;SAIGRLPK	False	False	Ecoli	False	True	False	diann231	Triqler	Triqler	0.2
0.7967	0.9112	P09831	39.0	4.215e-09	-0.09461	0.9112	0.9762	1.045	0.883	1.063	1.001	1.043	DVPTNEGVLGEIALSSLPR;ETLSIVGWR;FYLDLADLR;IGGASFEDFQQDLLNLSK;LVPFEDLPDEEVGSR;LVSEPGVGTIATGVAK;SGTVLLVLSDR;SPILLYSDFK;TLQQAVQSGEYSDYQEYAK;VTNYFEFIAR;WPLAQPFR;YVHGGEYHAYNPDVVR;FGVTPAYLVNADVIQIK;YLAHNGEINTITGNR;ILHSAETDDDLKSR;AYADLITIAGYDGGTGASPLSSVK;GEEILANWSTFATK;FSTNTVPR;TDLLKELDGFTAK;IEQIFVNAPAGWRPR;MGISTIASYR;QFNYSAEELDSVIR;RIVEEELQR;TAIHALAR;TFWFDIR;IIYDYFR;KPISQGGLLK;LVNERPATTLR;TGVDIIK;DLLAITPGENAVNIADVEPASELFK;VGPGELMVIDTR;QQFAQVTNPPIDPLR;GLITEHVQHTGSQR;IGGASFEDFQQDLLNLSKR;LVDTHAIAK;FALVKPK;GRVGPGELMVIDTR;DLLAITPGENAVNIADVEPASELFKR;LVDLIGR	False	False	Ecoli	False	True	False	diann231	Triqler	Triqler	0.2
0.797	0.9114	P76389	2.0	0.02932	-0.07963	0.9087	0.9719	0.9973	0.9102	0.9719	1.094	1.066	VQIIPLRK;FLSANQTLR	False	False	Ecoli	False	True	False	diann231	Triqler	Triqler	0.2
0.7973	0.9114	P38038	16.0	1.168e-07	-0.1098	0.9114	0.9529	1.026	0.9062	1.027	1.003	1.095	AGGASSFLADRVEEEGEVR;DAPLVASLSVNQK;FSPAQLDAEALINLLRPLTPR;LLIVVTSTQGEGEPPEEAVALHK;SETLLPLVGDK;LLDRVDADVEYQAAASEWR;LQHYAATTPIVDMVR;VFIEHNDNFR;TTQVPPSALLPLNPEQLAR;IDLAWSR;LAELGGER;SRAPVAAPSQSVATGAVNEIHTSPYSK;LREQGAELWR;EQGAELWR;VAEALRDDLLAAK;LYSIASSQAEVENEVHVTVGVVR	False	False	Ecoli	False	True	False	diann231	Triqler	Triqler	0.2
0.7976	0.9115	P69228	11.0	6.644e-07	-0.09726	0.9115	0.9351	1.034	0.929	1.092	0.9587	1.064	ELQQQDAESPLIIDEGR;LGQLLIDYLR;AASYAPTLISHGDQVLPYVR;EQLLNHLYDDYR;KLESLDAEQSFIR;ILIVEDEPK;AVYGVGYR;MLDLTPAEFR;TELPIDENTPR;ILIVEDEPKLGQLLIDYLR;VFSREQLLNHLYDDYR	False	False	Ecoli	False	True	False	diann231	Triqler	Triqler	0.2
0.7979	0.9117	P0A9A6	23.0	8.828e-09	-0.1167	0.9117	0.9538	1.028	0.9045	1.063	1.013	1.047	DLGILTVAVVTKPFNFEGK;EPDYLDIPAFLR;EPDYLDIPAFLRK;GAVQGIAELITRPGLMNVDFADVR;GISLLDAFGAANDVLK;GLGAGANPEVGR;GVLVNITAGFDLR;HVDSLITIPNDK;HVDSLITIPNDKLLK;IEGVEFFAVNTDAQALR;IEGVEFFAVNTDAQALRK;KTAVGQTIQIGSGITK;LDEFETVGNTIR;TAVGQTIQIGSGITK;VIGVGGGGGNAVEHMVR;VVNDNAPQTAKEPDYLDIPAFLR;YQQHGMAPLTQEQKPVAK;RPEITLVTNK;QVQQPVMDR;MAFAEQGITELSK;VTVVATGIGMDK;ERIEGVEFFAVNTDAQALR;AFASDNATVVIGTSLDPDMNDELR	False	False	Ecoli	False	True	False	diann231	Triqler	Triqler	0.2
0.7982	0.9118	P15640	7.0	9.944e-06	-0.1118	0.9118	0.9672	1.01	0.9013	1.099	0.9879	1.046	ASLGVVMAAGGYPGDYR;HKIPTAEYQNFTEVEPALAYLR;IFGPTAGAAQLEGSK;IIWPTVK;VLVIGNGGR;EHALAWK;IDLTIVGPEAPLVK	False	False	Ecoli	False	True	False	diann231	Triqler	Triqler	0.2
0.7985	0.9119	P0A9K7	4.0	1.261e-05	-0.0357	0.9119	1.024	1.128	0.821	1.089	0.9586	1.01	FSQQHQPLLVSLESLGR;HISGQFNAELESIR;KVDQEYEGIVR;HTIQMLHDVLDAFAR	False	False	Ecoli	False	True	False	diann231	Triqler	Triqler	0.2
0.7988	0.9125	P0AEH1	5.0	0.0003164	-0.06671	0.9124	0.9775	1.098	0.8684	0.9921	0.986	1.097	AVDGIETPDWDAVR;GPQIEPVLENVQPNSAASK;SLALEIER;VIPLPDEYK;LNNLSGPISIAK	False	False	Ecoli	False	True	False	diann231	Triqler	Triqler	0.2
0.7991	0.9127	P0AFD1	3.0	1.276e-05	-0.112	0.9127	0.9288	1.001	0.944	1.049	1.0	1.086	LNIKPGQTTFDGR;MHENQQPQTEAFELSAAER;AASIEALK	False	False	Ecoli	False	True	False	diann231	Triqler	Triqler	0.2
0.7994	0.9128	P21645	3.0	0.0004683	-0.08762	0.9127	0.9479	1.015	0.9199	0.9945	1.031	1.101	NPYLTYAR;MAQILDTTPQPAQNIAPSAVIDATAK;SAALVVKNPYLTYAR	False	False	Ecoli	False	True	False	diann231	Triqler	Triqler	0.2
0.7997	0.913	P08758ups|ANXA5_HUMAN_UPS	4.0	2.211e-05	-0.07413	0.913	0.9591	0.9591	0.9591	1.055	0.9883	1.087	GLGTDEESILTLLTSR;SEIDLFNIRK;WGTDEEKFITIFGTR;SEIDLFNIR	False	False	Human	True	False	False	diann231	Triqler	Triqler	0.2
0.8	0.913	P08506	15.0	6.256e-08	-0.1227	0.913	0.9357	1.028	0.9154	1.058	1.018	1.055	ASYTLTEPQLTAPLKK;LGLTNTTFQTVHGLDAPGQFSTAR;LISVVLGAK;TGTTAGAGYNLVASATQGDMR;VWFGDKSEVNLGAGEAGSVTIPR;DAWATGNPALR;FFETVTPIKPDATFVTQR;AWILMDYASGK;ALIHDVPEEYAIHK;EKEFTFNK;KLGLTNTTFQTVHGLDAPGQFSTAR;IMTSYVVGQALK;VLAEGNADEKLDPASLTK;ALIHDVPEEYAIHKEK;LLWSSNLNVDGMK	False	False	Ecoli	False	True	False	diann231	Triqler	Triqler	0.2
0.8003	0.9134	P0A817	15.0	9.686e-08	-0.09328	0.9134	0.9541	1.061	0.8948	1.029	1.001	1.072	ETAAYGHFGR;FFINPTGR;IADQISDAVLDAILEQDPK;KIIVDTYGGMAR;SLQEAVMEEIIKPILPAEWLTSATK;SQVTFQYDDGK;VPSEQLTLLVR;NIVAAGLADR;NGTLPWLRPDAK;IIVDTYGGMAR;PILPAEWLTSATK;QSPDINQGVDR;EHFPWEK;IVGIDAVVLSTQHSEEIDQK;AKHLFTSESVSEGHPDK	False	False	Ecoli	False	True	False	diann231	Triqler	Triqler	0.2
0.8006	0.9136	P09127	21.0	1.333e-08	-0.09781	0.9136	0.9493	1.057	0.903	1.039	0.9992	1.063	DDTAVPLLAPNQDIYLR;EAVDTTSQPVATEK;KLWSDQDVTTAAALLK;LLVAAQAVPR;LNQLSNQVDNLR;QALENVSTWVR;RDDTAVPLLAPNQDIYLR;SWQNFMDNFITIR;TWLLAQADFLVK;AITDDIASLSAVSQVDYDGIILK;EAVDTTSQPVATEKK;QQAVNQTATSDALANQLTALQK;RAITDDIASLSAVSQVDYDGIILK;AYYDTDDATTK;TSAVVEETREAVDTTSQPVATEK;LWSDQDVTTAAALLK;AELEGIIK;AQESQKAELEGIIK;TEQEKTSAVVEETR;SWQNFMDNFITIRR;SADASLADMNDPSLITVR	False	False	Ecoli	False	True	False	diann231	Triqler	Triqler	0.2
0.8008	0.914	P00579	20.0	5.746e-08	-0.1272	0.914	0.946	1.014	0.9114	1.034	1.02	1.085	EGEIDIAKR;GLQFLDLIQEGNIGLMK;LHDVSEEVHR;LQQIEEETGLTIEQVK;LVISIAKK;AVDKFEYR;AATHDVLAGLTAR;EGEIDIAK;QFDYLVNSMR;EKFAELR;EPTPEELAER;IPVHMIETINKLNR;LVISIAK;EMGTVELLTR;EMVEANLR;IPVHMIETINK;QMLQEMGREPTPEELAER;LQQIEEETGLTIEQVKDINR;MEQNPQSQLK;KNFITLFTGNETSDTWFNAAIAMNK	False	False	Ecoli	False	True	False	diann231	Triqler	Triqler	0.2
0.8011	0.9143	P0AD40	1.0	0.3055	-0.0818	0.8766	0.9546	0.9117	0.9943	1.169	0.9943	0.9943	LIDLPEEYLLWFAR	False	False	Ecoli	False	True	False	diann231	Triqler	Triqler	0.2
0.8014	0.9146	P77804	22.0	1.258e-08	-0.1152	0.9146	0.9642	1.02	0.8996	1.044	1.011	1.071	AISLSGEAQSGR;EAPQTLAQEVDR;GDPVITIAPLSWK;GVFSSQLQLLVKPIAGK;IDAVNEYNQK;NSQGESALNLSLFLKDPATTK;TDGSSTLASFGER;TINSQLDYSLNSLK;VAFSGGEFQLNADRDGK;VQLTFNNLK;VTEAFFSALPLMLK;AISLSGEAQSGRIDAVNEYNQK;LTAPESNLEVSYQNYHR;SGQSVIFNESVDHGPFPLAQLK;ELALLEGMEISGK;SGQSVIFNESVDHGPFPLAQLKK;IETHLEDMVAQANAQLK;GETPFEINSR;MTISVEGK;VQLTFNNLKTDGSSTLASFGER;LTTLQDNTITTSLQYANGQITLNGQK;VQNQDLGSGKLTLK	False	False	Ecoli	False	True	False	diann231	Triqler	Triqler	0.2
0.8017	0.9146	P0AFG0	8.0	3.849e-07	-0.1242	0.9146	0.9805	0.9977	0.8879	1.063	1.016	1.066	ATPVELDFSQVEKA;LKVSVSIFGR;TLFEPGEMVR;VNDGPFADFNGVVEEVDYEK;WYVVQAFSGFEGR;VATSLREHIK;VSVSIFGR;VNDGPFADFNGVVEEVDYEKSR	False	False	Ecoli	False	True	False	diann231	Triqler	Triqler	0.2
0.802	0.9147	P75728	3.0	0.0001456	0.1034	0.9147	1.068	0.9928	1.067	0.9522	0.9407	0.9869	DVDALIDVLVNAR;ISAISAASVSLLK;LVIGADGANSQVR	False	False	Ecoli	False	True	False	diann231	Triqler	Triqler	0.2
0.8023	0.9147	P0AEE8	2.0	0.0004886	0.01786	0.9147	1.123	1.107	0.7751	1.084	0.9886	0.9688	AVLFLYLNR;GEFNVPFGR	False	False	Ecoli	False	True	False	diann231	Triqler	Triqler	0.2
0.8026	0.9149	P76010	3.0	0.005077	0.06649	0.9144	1.017	1.081	0.9989	0.9335	0.9231	1.057	QNPLAVLGVLR;IIFSLER;FLNVSPTVER	False	False	Ecoli	False	True	False	diann231	Triqler	Triqler	0.2
0.8028	0.915	P0A991	12.0	2.361e-07	-0.1207	0.915	0.9712	1.009	0.8955	1.041	1.013	1.081	AGLINSGGAAGGETDLSDAVR;AINYGYTDDRVYSK;DADNLLQHR;LINAVQDVYLDSK;LTSENPIDLVR;AGGMGLILGR;AINYGYTDDR;TDIAQLLGKDADNLLQHR;TDIAQLLGK;VMIDNNRPPAVLR;NMQTLYNTGR;QIEEISAAFER	False	False	Ecoli	False	True	False	diann231	Triqler	Triqler	0.2
0.8031	0.9151	P61517	9.0	6.748e-07	-0.1259	0.9151	0.9572	1.0	0.9115	1.063	0.9952	1.083	DLDVTATNRETLEQR;LTGLEPGELFVHR;MLVEEDPGFFEK;VTIHGWAYGIHDGLLR;YRHGISNLK;VPAERLTGLEPGELFVHR;MKDIDTLISNNALWSK;DLDVTATNR;HSSLLGEMPQER	False	False	Ecoli	False	True	False	diann231	Triqler	Triqler	0.2
0.8034	0.9151	P0ABJ1	2.0	0.001355	-0.09197	0.915	0.9768	1.012	0.8923	1.074	1.007	1.048	AAFDQWVAK;LAAPSEYNQVEYFSNVKPDLFADVINK	False	False	Ecoli	False	True	False	diann231	Triqler	Triqler	0.2
0.8037	0.9152	P40710	2.0	0.0005206	-0.09675	0.9151	0.9601	0.999	0.9239	1.008	1.044	1.072	EEPSSFASYGTWAR;FMVANNAELER	False	False	Ecoli	False	True	False	diann231	Triqler	Triqler	0.2
0.804	0.9159	P33602	30.0	3.892e-09	-0.1103	0.9159	0.9566	1.035	0.901	1.039	1.012	1.066	ADAVVVLENDLHR;ANISVHEPR;APLVMVVDHQR;ASVESNFALR;EGGIYTPALR;EIESYDAVLVLGEDVTQTGAR;ELVGEENFYTGIAHGEQER;EVDWTQLDHVIDAVVAK;IAPYYHLFGSDELSQR;IDVIVQALAGAK;IPELAGIKDAAPDATFR;KVIGIGSPR;LFETSENGLDYFTSVPAR;LGFAIAHALDNSAPAVDGIEPELQSK;RGDDFITLNAEQAMQGAADILR;VADWQIAAILNIGQR;WLHSLHSTLLSR;GADVGITMIAR;SQVPFAWAPGWNSPQAWNK;HPLFVTNVDDTRLDDIAAWTYR;DAAPDATFR;NQDLGPFISHEMNR;FGYGYVNLK;LDDIAAWTYR;IPELAGIK;TAIMENAHLVLSAASFAESDGTVINNEGR;VLREGGIYTPALR;VIGIGSPR;FQPQDGKWR;MPQPYIK	False	False	Ecoli	False	True	False	diann231	Triqler	Triqler	0.2
0.8042	0.9159	P39407	5.0	6.034e-05	-0.03675	0.9159	1.026	1.098	0.8308	1.063	0.9874	1.019	IPVTLGNIAPLSLRPFQPGR;EFFDPLR;QNWLDVIR;ASSAIPGFYR;YFLATVGK	False	False	Ecoli	False	True	False	diann231	Triqler	Triqler	0.2
0.8045	0.9159	P05459	15.0	6.692e-08	-0.1273	0.9159	0.9219	1.011	0.9331	1.019	1.035	1.089	FIGHEQHVALDTLLPAPEFGR;LGEVTAVPGRPIPVAQLADADALMVR;LGFNAVHHPAR;LVHLVYDVR;VAGIPGEFDKLR;VNESLLAGKPIK;RLVHLVYDVR;FVGTATAGTDHVDEAWLK;ILVDENMPYAR;TVGIVGVGNVGR;VAGIPGEFDK;ITLHGPLDQPTLK;GTTQVFEAYSK;ITLHGPLDQPTLKR;LEALGIK	False	False	Ecoli	False	True	False	diann231	Triqler	Triqler	0.2
0.8048	0.9161	P0AFG8	53.0	3.621e-10	-0.107	0.9161	0.9499	1.024	0.9237	1.042	0.9941	1.074	AQYLIDQLLAEAR;ARNEQDGGDLVYFQGHISPGVYAR;ATVILAHTIK;DWLQAIESVIR;DWLQAIESVIREEGVER;DYGVGSDVYSVTSFTELAR;EAAEILAKDYGVGSDVYSVTSFTELAR;EHFFGKYPETAALVADWTDEQIWALNR;EISTTIAFVR;FNIDADKVNPR;GIYKLETIEGSK;GKATVILAHTIK;GKVQLLGSGSILR;HHFEVDASYVVVAALGELAK;HHFEVDASYVVVAALGELAKR;IINELEGIFEGAGWNVIK;KIYAAFK;LIQLMNETVDGDYQTFK;LTQEQLDNFRQEVHGNGLSSYPHPK;NEQDGGDLVYFQGHISPGVYAR;QIGIYSPNGQQYTPQDR;QKLHGYLPSR;QPNFTEKLELPSLQDFGALLEEQSK;SAIRWNAIMTVLR;TFGMEGLFR;VQLLGSGSILR;WNAIMTVLR;WNMLHPLETPR;YPETAALVADWTDEQIWALNR;AQYLIDQLLAEARK;SERFPNDVDPIETR;DRLVPIIADEAR;LTQEQLDNFR;LVPIIADEAR;TYVPADDYR;VLGTDGFGR;EAAEILAK;LELPSLQDFGALLEEQSK;GAITIATR;LHGYLPSR;IYAAFKK;FPNDVDPIETR;EQVAYYKEDEK;LPYITFPEGSEEHTYLHAQR;ALNVMLK;GFLIGGTSGR;VPYIAQVMNDAPAVASTDYMK;WDELLRK;LFAEQVR;VMWGSRWDELLR;QTVYAFLGDGEMDEPESK;FNVPVSDADIEK;DRFNVPVSDADIEK	False	False	Ecoli	False	True	False	diann231	Triqler	Triqler	0.2
0.8051	0.9162	P27862	2.0	0.0711	-0.08959	0.9098	0.9889	0.987	0.9262	1.052	1.037	1.014	AYGGGVNQALR;AFVESVR	False	False	Ecoli	False	True	False	diann231	Triqler	Triqler	0.2
0.8053	0.917	P0ADE8	14.0	1.01e-07	-0.1059	0.917	0.9417	1.052	0.9071	1.043	1.013	1.053	DGDGFAWIER;EGATTLLWFEHPAER;LFRDGDGFAWIER;VLLGVAGFQAR;VTIAPDDER;DGDGFAWIERR;VTIAPDDERVLLGVAGFQAR;LPEAGEDLELK;RTGTVLAAVK;AFTPFPPR;AFTPFPPRQPTASAR;EPQLTELKK;TGTVLAAVK;QVVKEGATTLLWFEHPAER	False	False	Ecoli	False	True	False	diann231	Triqler	Triqler	0.2
0.8056	0.9174	P31697;P77249	1.0	0.001383	-0.0873	0.9173	0.9966	0.9563	0.9424	1.057	1.002	1.051	ESLFWMNVK	False	False		False	False	False	diann231	Triqler	Triqler	0.2
0.8059	0.9175	P0AEP3	11.0	9.402e-08	-0.1234	0.9175	0.9417	1.016	0.9117	1.088	1.018	1.035	AWLEEEMGIKK;ETVEAYHMK;GVELAPGESVPMVGVVEKPK;KAVIPVAGLGTR;LGYMQAFVEYGIR;YVLSADIWPLLAK;ADVAPSNLAIVGR;HNTLGTEFK;NSIENHFDTSFELEAMLEKR;TPPGAGDEIQLTDAIDMLIEK;AVIPVAGLGTR	False	False	Ecoli	False	True	False	diann231	Triqler	Triqler	0.2
0.8061	0.9178	P77499	6.0	4.772e-06	-0.09733	0.9178	0.9241	1.058	0.9193	1.009	1.035	1.066	GKDLLALSPEDR;ILDYIKPDYVHVLYQGR;SFIIVTHYQR;VVADGVNSLR;DLLALSPEDR;SVNVGFSGGEK	False	False	Ecoli	False	True	False	diann231	Triqler	Triqler	0.2
0.8064	0.9182	P0A890	3.0	0.0001949	-0.1119	0.9182	0.9637	0.9873	0.9247	1.042	1.018	1.072	TDLFSSPDHTLDALGLR;NMQPGETLLIIADDPATTR;ETDGLPYR	False	False	Ecoli	False	True	False	diann231	Triqler	Triqler	0.2
0.8067	0.9184	P37650	15.0	4.649e-07	-0.08346	0.9184	0.902	1.07	0.957	0.9853	1.015	1.083	LPATDNASLNTQR;SQSDSGASVAVGWR;LALDPGSVWITYR;LAQQAEALENQGK;DYAPSHFLLYVR;AAYQNVLTR;WAQAAALQR;LSQDLWQAGQR;LGEATHREDLVQQSLYR;RPISSSLLAFGGQK;AIPELQQAVR;IDLTLADWAQQRR;GLANIYR;LPATDNASLNTQRR;LSQLAPSSNAYK	False	False	Ecoli	False	True	False	diann231	Triqler	Triqler	0.2
0.807	0.9184	P0AF18	6.0	6.462e-06	-0.08995	0.9184	0.8926	1.052	0.963	0.9935	1.011	1.101	LANAGIVVSAGHSNATLK;VANLTAFTPDFK;IFTGHEFLDDHAVVIADGLIK;VTLAPEMVPAEVISK;MYALTQGR;GTHNPNFVR	False	False	Ecoli	False	True	False	diann231	Triqler	Triqler	0.2
0.8072	0.9184	P0A9C3	13.0	1.604e-07	-0.1174	0.9184	0.946	1.028	0.9081	1.025	1.04	1.062	GYDHAFLLQAK;IIASEFLADDDQR;MLNETPALAPDGQPYR;SVAGTSFDFR;VYTTAPALQFYSGNFLGGTPSR;YTFDGETVTLSPSQGVNQLHGGPEGFDK;VAAHVWSADEK;IPLSDGSVR;IIASEFLADDDQRK;WQIVNQNDR;VAAHVWSADEKLQLK;LTDDNRISITYR;QVLFALSSDDGDQGFPGNLGATVQYR	False	False	Ecoli	False	True	False	diann231	Triqler	Triqler	0.2
0.8075	0.9185	P63284	50.0	4.929e-10	-0.1058	0.9185	0.9352	1.055	0.9174	1.03	1.01	1.062	AAGATTANITQAIEQMR;AGLADPNRPIGSFLFLGPTGVGK;AIDLIDEAASSIR;AIQQQIENPLAQQILSGELVPGK;ASLSGTQTIK;ELVLGVVSHNFRPEFINR;GYEIHISDEALK;IINGEVPEGLK;LKGVLNDLAK;LLSENGYDPVYGAR;NKVTDAEIAEVLAR;NTVVIMTSNLGSDLIQER;QEGNVILFIDELHTMVGAGK;QLEAATQLEGK;QLPDKAIDLIDEAASSIR;QYSELEEEWKAEK;RVLALDMGALVAGAK;TAIVEGLAQR;TDINQALNRLPQVEGTGGDVQPSQDLVR;TKNNPVLIGEPGVGK;VFVAEPSVEDTIAILR;VIGQNEAVDAVSNAIR;VLALDMGALVAGAK;VTDAEIAEVLAR;WTGIPVSR;YELHHHVQITDPAIVAAATLSHR;LVGAPPGYVGYEEGGYLTEAVR;NNPVLIGEPGVGK;VIGQNEAVDAVSNAIRR;YTIDLTER;GDNFISSELFVLAALESR;LEVNEDRIVAVQ;LVGAPPGYVGYEEGGYLTEAVRR;KYTIDLTER;GTLADILK;MQIDSKPEELDR;TDINQALNR;TIQVLQR;IINGEVPEGLKGR;LEQQALMK;MSELQYGKIPELEK;YRGEFEER;AEQGKLDPVIGR;IDEVVVFHPLGEQHIASIAQIQLK;IDMSEFMEK;QYIEKDAALER;RPYSVILLDEVEK;IDEVVVFHPLGEQHIASIAQIQLKR;FGELDYAHMK;LDMLNEELSDKER	False	False	Ecoli	False	True	False	diann231	Triqler	Triqler	0.2
0.8078	0.9187	P0A8W5	5.0	6.786e-06	-0.1008	0.9187	0.9909	1.0	0.8996	1.103	0.9647	1.054	GFILHTPPSNFASSIR;LIGVDILTMPGVAGHA;DVLETLGTDKQPSDVLVALGYASWEK;ISDNTVMTTSR;IEGILEK	False	False	Ecoli	False	True	False	diann231	Triqler	Triqler	0.2
0.808	0.919	P0AF63	7.0	1.142e-05	-0.09743	0.919	0.9326	1.058	0.9065	1.051	1.037	1.026	ALIYMASLPEGR;AGYVTAVR;MQLTSFTDYGLR;LGKPASAIR;MTSISEVTDVYGVSR;IINQLSR;AVQSFLTELDNYTLADLVEENQPLYK	False	False	Ecoli	False	True	False	diann231	Triqler	Triqler	0.2
0.8083	0.9195	P05706	1.0	0.03218	-0.06087	0.9168	0.9952	0.9952	0.9441	1.08	0.9952	0.9952	TVIYQTTITR	False	False	Ecoli	False	True	False	diann231	Triqler	Triqler	0.2
0.8086	0.9197	P76245	3.0	0.0003298	0.08582	0.9197	1.07	1.05	0.9877	0.9829	0.9553	0.9601	AIFENLTTLFSLAR;LNTLQQNGEVIGR;EALVEQLR	False	False	Ecoli	False	True	False	diann231	Triqler	Triqler	0.2
0.8088	0.9198	P0AF12	5.0	4.6e-06	-0.118	0.9198	0.9714	0.9868	0.9148	1.069	1.018	1.047	IGIIGAMEEEVTLLR;VGDIVVSDEAR;AISDVADQQSHLSFDEFLAVAAK;QSSLMVESLVQK;GLIVSGDAFINGSVGLAK	False	False	Ecoli	False	True	False	diann231	Triqler	Triqler	0.2
0.8091	0.9198	P68699	1.0	0.02109	0.07155	0.9181	1.088	1.066	0.9511	1.012	0.9264	0.9666	QPDLIPLLR	False	False	Ecoli	False	True	False	diann231	Triqler	Triqler	0.2
0.8094	0.92	P0AED7	7.0	7.269e-06	-0.08082	0.92	0.9637	1.071	0.8832	1.051	1.014	1.03	YTVDWWLSGQPFLTAR;LQAIGFTVER;WINPPFEPTIR;AQVLALLEK;VVEALMAR;LVDAVVNAVEHYNEIKPQLLTTGGTSDGR;GSLAAMVVAAER	False	False	Ecoli	False	True	False	diann231	Triqler	Triqler	0.2
0.8096	0.9202	P64554	7.0	2.536e-06	-0.1103	0.9202	0.9948	0.9974	0.887	1.088	1.006	1.038	ESDKWGAASSEDLLAVIGR;EVSLFSILAK;LEDREVSLFSILAK;GGYEVLSQALER;DIEALDELLATLTDDKPR;HTWEKLEDR;VIALQPISQK	False	False	Ecoli	False	True	False	diann231	Triqler	Triqler	0.2
0.8099	0.9203	P16083ups|NQO2_HUMAN_UPS	3.0	0.0001611	-0.06854	0.9202	0.9683	0.9683	0.9683	1.027	0.994	1.079	VLAPQISFAPEIASEEER;SLASDITDEQKK;NVAVDELSR	False	False	Human	True	False	False	diann231	Triqler	Triqler	0.2
0.8101	0.9203	P31120	17.0	4.939e-08	-0.09254	0.9203	0.9291	1.058	0.9292	1.032	0.9868	1.075	IGAENSGHVILLDK;MFPQILVNVR;QLGIPFAR;SGTEPLIR;TTTGDGIVAGLQVLAAMAR;VGDAPITPDFVLK;YTAGSGDPLEHESVK;ADLGIAFDGDGDR;ATFPNELSLSELK;KYFGTDGIR;KSGTEPLIR;VMVEGEDEAQVTEFAHR;VGDRYVLEK;LGWAAGK;AEAGIVISASHNPFYDNGIK;YFGTDGIR;FFSIDGTK	False	False	Ecoli	False	True	False	diann231	Triqler	Triqler	0.2
0.8104	0.9205	P16700	20.0	2.607e-08	-0.09867	0.9205	0.9712	1.031	0.898	1.028	1.001	1.082	ELFAALNPPFEQQWAK;GLGDVLISFESEVNNIR;GLGDVLISFESEVNNIRK;LPNNSSPFYSTMGFLVR;NVEVFDTGGR;QALAILQGLK;YTYLAAWGAADK;ADVVTYNQVTDVQILHDK;NIHDWNDLVR;QYEAQGFEVVIPK;THFTSGGELDK;TNILAEFPVAWVDK;TEQFMTQFLK;FGSWPEVMK;TNILAEFPVAWVDKNVQANGTEK;LIPADWQSR;LIFPNPK;ADVVTYNQVTDVQILHDKGK;THFTSGGELDKLLAAGR;KQYEAQGFEVVIPK	False	False	Ecoli	False	True	False	diann231	Triqler	Triqler	0.2
0.8106	0.9206	P22634	5.0	6.415e-05	-0.09753	0.9206	0.9917	1.022	0.8839	1.073	1.052	0.9896	LTANGIVGLLATR;LHGEDVSLDALKR;SYTHELIAR;LVDSGAAIAR;YGFETLEK	False	False	Ecoli	False	True	False	diann231	Triqler	Triqler	0.2
0.8109	0.9206	P28249	9.0	2.734e-06	-0.06691	0.9206	0.9995	0.9838	0.942	1.061	0.9105	1.118	LENVEIGTILK;WHVWPQLSILSGR;AAENFDNVTR;SGLLEITQLQGK;SGYQLQLDGPLR;IDEPAYQGLQGFTADILLQASNVR;AFNYPISLTGK;DNTLPDLSDDRGWSFDISSLK;ETPVPLR	False	False	Ecoli	False	True	False	diann231	Triqler	Triqler	0.2
0.8112	0.9208	P08179	3.0	0.0002045	-0.1001	0.9208	0.9323	1.006	0.9588	1.042	0.9975	1.069	VQTQEHAIYPLVISWFADGR;ADAFGLER;YPGLHTHR	False	False	Ecoli	False	True	False	diann231	Triqler	Triqler	0.2
0.8114	0.921	P64476	3.0	0.000144	0.02207	0.921	1.184	1.0	0.8778	1.096	0.9131	0.961	STQLDPTQLAIEFLR;STQLDPTQLAIEFLRR;RDQSNLSPAQYLK	False	False	Ecoli	False	True	False	diann231	Triqler	Triqler	0.2
0.8117	0.921	P32132	28.0	3.827e-09	-0.09719	0.921	0.9275	1.053	0.9297	1.009	1.012	1.078	AFAYGLKPIVVINK;ASGTDEAVVLVPPIR;AVAFALFGLQDR;EGFELAVSRPK;ELVHNVALRVEETEDADAFR;GKLFLGHGAEVYEGQIIGIHSR;INIVDTPGHADFGGEVER;KQEPYENVTLDVEEQHQGSVMQALGER;LFLGHGAEVYEGQIIGIHSR;LLQQSGTFDSR;LNKELVHNVALR;MTLEQALEFIDDDELVEVTPTSIR;TTLVDKLLQQSGTFDSR;VEETEDADAFR;VKPNQQVTIIDSEGK;VMDSNDLEKER;VRLDYVIPSR;ELVHNVALR;GELHLSVLIENMR;NIAIIAHVDHGK;QNGVLISNGQGK;NTAIKWNDYR;VLGHLGLER;VSGRGELHLSVLIENMR;LDYVIPSR;GITILAK;QILDRLNK;VIFREIDGR	False	False	Ecoli	False	True	False	diann231	Triqler	Triqler	0.2
0.8119	0.9212	P0A814	1.0	0.2704	-0.07212	0.892	1.031	0.9815	0.8441	1.066	1.12	0.9815	AIILGIDPGSR	False	False	Ecoli	False	True	False	diann231	Triqler	Triqler	0.2
0.8122	0.9212	P07648	5.0	0.0001031	0.07197	0.9212	1.054	1.049	0.9412	1.083	0.8966	0.9893	FLLPLFR;LYISYIGR;FVSEDVLALLDVPVLAAR;AHSEFVQPLPFTLPETVPLETLQR;FDITEEGLR	False	False	Ecoli	False	True	False	diann231	Triqler	Triqler	0.2
0.8124	0.9215	P06149	17.0	7.248e-08	-0.09185	0.9215	0.9378	1.071	0.9083	1.052	1.009	1.033	GAQYPAEHNVGHLYK;GPAYTEMSLFAR;HAHDYDYVHR;VRDIEADTPAR;DKYEHHLLLK;LTLVNHLGIDLGETPEQILSK;SGQGDALAVVFPGSLLELWR;SWLVDYFK;GEQVLAYPGTTLYSLEK;FAAAGAAIR;FFRPHFTDR;AFLNELAR;DIYDIAEK;LAVFAVR;YQAVHSDEVEDILALDIALRR;MPFFFNLK;LGTDKMPFFFNLK	False	False	Ecoli	False	True	False	diann231	Triqler	Triqler	0.2
0.8127	0.9215	P0A7D1	9.0	3.817e-07	-0.1054	0.9215	0.937	1.038	0.9223	0.9972	1.02	1.096	AVAAMASFFR;HNAGAWFVDLLAER;LIDEAIDEAAR;LIVGLANPGAEYAATR;LGNNPNFHR;LLVPTTFMNLSGK;VVGFVLGKPPVSEQK;FFGYTSR;VTLGGEDVR	False	False	Ecoli	False	True	False	diann231	Triqler	Triqler	0.2
0.8129	0.9216	P26608	6.0	1.058e-05	-0.06137	0.9216	1.031	1.072	0.813	1.014	1.049	1.047	AINIIENGLR;NDVSAVEEVEALMR;LLQANLR;NIADAWKESLLSPSLIQDPV;ESLLSPSLIQDPV;NIADAWK	False	False	Ecoli	False	True	False	diann231	Triqler	Triqler	0.2
0.8132	0.9219	P0A9B2;P33898	1.0	0.0009349	-0.07235	0.9218	0.9022	1.053	0.9467	1.024	1.019	1.065	VGINGFGR	False	False		False	False	False	diann231	Triqler	Triqler	0.2
0.8134	0.922	P0AEE1	6.0	8.488e-07	-0.08779	0.922	0.9933	1.03	0.8741	1.078	0.9817	1.056	AQTTAENIINTLVIQ;AVIVIMGDDPKEDLAVLAK;LGTQANNMHVWSDATGQK;LSFSLPADMTDQSGK;MQQLDSIISAK;SRDPQLQVVTNK	False	False	Ecoli	False	True	False	diann231	Triqler	Triqler	0.2
0.8137	0.922	P0ADK8	3.0	6.704e-05	-0.1043	0.922	0.9335	1.015	0.933	1.026	1.02	1.08	ATLEAEIAR;LSDRLDAIR;GLVVVHPMTALGR	False	False	Ecoli	False	True	False	diann231	Triqler	Triqler	0.2
0.8139	0.9221	P0ABQ4	6.0	1.755e-06	-0.1155	0.9221	0.9584	1.004	0.9109	1.054	1.034	1.047	MISLIAALAVDR;NTLNKPVIMGR;NIILSSQPGTDDR;VYEQFLPK;NIILSSQPGTDDRVTWVK;HTWESIGRPLPGR	False	False	Ecoli	False	True	False	diann231	Triqler	Triqler	0.2
0.8139	0.9221	decoy_P19636	1.0	0.2078	0.0632	0.9017	0.9964	0.9964	1.109	0.9145	0.9964	0.9964	FSADHLR	False	False		False	False	False	diann231	Triqler	Triqler	0.2
0.8142	0.9222	P33234	1.0	0.003699	0.07346	0.9219	1.034	1.117	0.9684	0.9348	0.952	1.004	ALLFTVLSR	False	False	Ecoli	False	True	False	diann231	Triqler	Triqler	0.2
0.8144	0.9222	P0ADA5	7.0	2.248e-06	-0.107	0.9222	0.9292	1.044	0.9185	1.012	1.048	1.057	ASYNVEGAFQASNK;DNQIVTLTASR;FLLQEVLEK;VTRDNQIVTLTASR;ADIAIIATAQNGNK;NIADAVNSVLTDTIADMSQDTSIHEFIK;GYMVGPNGPVNLQIIVSQLYADVSQGNVR	False	False	Ecoli	False	True	False	diann231	Triqler	Triqler	0.2
0.8146	0.9224	P0AB38	3.0	4.056e-05	-0.1114	0.9223	0.9552	0.9628	0.9614	1.058	1.011	1.057	QQLGLSPQDSLGTR;TNGSLNAAEATETLR;MLGADGVTAGSVLLVDSVNNR	False	False	Ecoli	False	True	False	diann231	Triqler	Triqler	0.2
0.8149	0.9224	P27828	8.0	3.07e-06	-0.111	0.9224	0.9513	1.018	0.8951	1.085	1.015	1.048	TGDLYSPWPEEANR;DTTERPEAVTAGTVR;IPVGHVEAGLR;ILEALKNNR;MILVTGHR;KMILVTGHR;SELAANYPFIDPDKK;MILVTGHRR	False	False	Ecoli	False	True	False	diann231	Triqler	Triqler	0.2
0.8151	0.9224	P0AFK0	18.0	3.873e-08	-0.1152	0.9224	0.9434	1.028	0.9138	1.021	1.038	1.064	GLASTPFDSEGVR;GSASSTDLSPQAIAR;ITNTEGGSFNSHYGVK;KGSASSTDLSPQAIAR;KILEEAVSTALELASGK;QILPDWLTIEEHPHLLK;STFLLDSLGK;NIVTVGNDIETR;TVQAALDIAR;STGHAGGIHNWR;DIIKDGILTQWLLTSYSAR;IAGQGLSFEQMLK;TTGISVSTR;KSTFLLDSLGK;DGILTQWLLTSYSAR;YGEVENVEFNSDGALGITVYHQNR;DYAYTIGR;GLASTPFDSEGVRTER	False	False	Ecoli	False	True	False	diann231	Triqler	Triqler	0.2
0.8154	0.9224	P32685	2.0	0.0005099	-0.07748	0.9224	0.9639	0.9746	0.9502	1.14	0.9789	1.004	QAYKPDPEASFSWSANTSTR;VLTNSETNSIKK	False	False	Ecoli	False	True	False	diann231	Triqler	Triqler	0.2
0.8156	0.9226	P08189	1.0	0.0009733	-0.06852	0.9225	1.028	0.9008	0.9451	1.132	1.02	0.99	QFNNIGATTPVVPFR	False	False	Ecoli	False	True	False	diann231	Triqler	Triqler	0.2
0.8158	0.9226	P76227	2.0	0.0002508	-0.08977	0.9226	0.96	0.9883	0.9462	1.035	1.035	1.039	DDKTLSTNPLVWR;TLSTNPLVWR	False	False	Ecoli	False	True	False	diann231	Triqler	Triqler	0.2
0.8161	0.9231	P77791	1.0	0.199	0.06028	0.904	0.9918	1.124	0.9918	0.9918	0.9918	0.9197	NSGAELGKPVTIGNNVWIGGR	False	False	Ecoli	False	True	False	diann231	Triqler	Triqler	0.2
0.8163	0.9232	P24178	4.0	1.497e-05	-0.1025	0.9232	0.9532	1.037	0.8962	1.032	1.01	1.084	RWLEANNIDYR;WLEANNIDYR;MVTLYGIK;VTLYGIK	False	False	Ecoli	False	True	False	diann231	Triqler	Triqler	0.2
0.8166	0.9233	P0AB20	1.0	0.03603	0.05056	0.9204	1.042	1.121	0.8912	0.9568	0.9226	1.089	FGIGQQVR	False	False	Ecoli	False	True	False	diann231	Triqler	Triqler	0.2
0.8168	0.9234	P0A749	13.0	2.126e-07	-0.1076	0.9234	0.972	1.025	0.893	1.048	1.009	1.063	ASIWALGPLVAR;EPEIVDTANFLITLGAK;LQGEVTISGAK;LSGAQVMATDLR;NAQPDTLDAVLAK;VLPDRIETGTFLVAAAISR;IETGTFLVAAAISR;NAALPILFAALLAEEPVEIQNVPK;IVIEGVER;ALGANIER;ISGQGTDRIVIEGVER;LLSQLGAK;FMHVPELSR	False	False	Ecoli	False	True	False	diann231	Triqler	Triqler	0.2
0.817	0.9235	P0A853	10.0	3.201e-07	-0.1089	0.9235	0.9727	1.027	0.8876	1.038	1.013	1.073	AVEIGSFLLGR;FAENAYFIK;GAEQIYIPVLIK;NIFGYQYTIPTHQGR;KYDIPVVMDSAR;EAEYKDWTIEQITR;SYYALAESVK;GNFDLEGLER;AYREEAIIK;HLPEPFR	False	False	Ecoli	False	True	False	diann231	Triqler	Triqler	0.2
0.8173	0.9236	P76491	1.0	0.0009349	-0.06585	0.9235	1.024	0.9386	0.9007	1.154	1.003	0.9978	IALLAMYHDASEVLTGDLPTPVK	False	False	Ecoli	False	True	False	diann231	Triqler	Triqler	0.2
0.8175	0.9239	Q57261	11.0	1.746e-07	-0.1006	0.9239	0.9565	1.033	0.9066	1.077	0.9895	1.047	ADVNQVVDGDALQLAGR;ANPEDFVVVEDLGFEPDGEGEHILVR;FWLPAGSFATSVVR;GNAFTLVLR;GSWFVATTEELAELQR;SALFNQIVAER;LGALKGNAFTLVLR;SFWLSAAR;FVADALAK;WAQTNTPVR;GSWFVATTEELAELQRR	False	False	Ecoli	False	True	False	diann231	Triqler	Triqler	0.2
0.8177	0.9243	P37648	10.0	1.203e-06	-0.1156	0.9243	0.9704	1.018	0.8964	1.039	1.003	1.082	ETPAPVPTLSPLR;IALTQSGGLDAAQAR;SLQNQVVDIAPEQYQK;LRQDFLNSLTVEMLNQDLR;AEAVSIMTDAVR;EALFWHVQQALSASNSK;LLVNTGSLAESTQQSGYSHAIPR;IKDFYQK;ETPAPVPTLSPLRAEAVSIMTDAVR;GLPEEEFNALVAQK	False	False	Ecoli	False	True	False	diann231	Triqler	Triqler	0.2
0.818	0.9248	P0AGL5	2.0	0.00507	-0.01627	0.9244	1.094	1.097	0.8	1.07	1.05	0.9271	ILESTPGQMTAAVDVSK;LIELAFGR	False	False	Ecoli	False	True	False	diann231	Triqler	Triqler	0.2
0.8182	0.9248	P31680	2.0	0.002675	0.05301	0.9246	0.9278	1.193	0.985	0.9142	1.016	0.9877	AVLYVIAEELGISR;AQFDQFLR	False	False	Ecoli	False	True	False	diann231	Triqler	Triqler	0.2
0.8184	0.9249	P0AGE6	7.0	1.094e-06	-0.08449	0.9249	0.964	1.069	0.8836	1.042	1.001	1.053	LPDQPLAGKPVLIQTSSMGVIGGAR;LQVVTLLGSLR;QADGVVIVTPEYNYSVPGGLK;SEKLQVVTLLGSLR;LQVVTLLGSLRK;NAIDWLSR;KGSFNGMVAR	False	False	Ecoli	False	True	False	diann231	Triqler	Triqler	0.2
0.8187	0.925	P0AGC3	12.0	4.613e-07	-0.09352	0.925	0.941	1.056	0.913	1.014	1.046	1.039	IDAVAFVESIPFSETR;WNTGQSEEAWQGAK;YWQADLLLER;SEWANLVK;NVLAYDAYYR;ASGKQDPLAYLER;GLNTWLAR;ELWLTGK;FVNELAR;SQSTSLIER;TWLGNSAGR;VRELMYWNLDNTAR	False	False	Ecoli	False	True	False	diann231	Triqler	Triqler	0.2
0.8189	0.925	P00957	42.0	7.578e-10	-0.1011	0.925	0.9244	1.026	0.9504	1.005	1.016	1.086	AGELIGMVAQQVGGK;AGGKHNDLENVGYTAR;EASGFGADYNAMIR;ELQQLKEQAAAQESANLSSK;GDSNNLADKVR;GGGRPDMAQAGGTDAAALPAALASVK;HNDLENVGYTAR;IAAVLQHVNSNYDIDLFR;IISESGTAAGVR;LLVSELSGVEPK;LNHSATHLMHAALR;LSGDTLDGETAFR;LVGPLIDVMGSAGEDLKR;NIKVDEAGFEAAMEEQR;NLPIETNIMDLEAAK;QAFLDFFHSK;QQAQVEQVLKTEEEQFAR;RIEAVTGEGAIATVHADSDR;VDEAGFEAAMEEQR;VGDAVQADVDEAR;VGDAVQADVDEARR;VSLIAGVSK;YGQAIGHIGK;FDFSHNEAMKPEEIR;GLALLDEELAK;GLALLDEELAKLSGDTLDGETAFR;LSEVAHLLK;QQAQVEQVLK;TGDIGLFR;TLIQAVAK;VDSASEFKGYDHLELNGK;VIADHIR;VTALFVDGK;GANFSFAVEDTQK;QVLGTHVSQK;AREASGFGADYNAMIR;GAMALFGEK;VSLIAGVSKDVTDR;IEAVTGEGAIATVHADSDR;AIDVNGVK;GAMALFGEKYDER;IISESGTAAGVRR	False	False	Ecoli	False	True	False	diann231	Triqler	Triqler	0.2
0.8191	0.9252	P0A887	10.0	3.069e-07	-0.1257	0.9252	0.9282	1.016	0.9313	1.036	1.021	1.076	AYDAYSFHVLPR;GQTVLDLAGGTGDLTAK;IGSLVANDADSYR;LLVLEFSKPIIEPLSK;RGQTVLDLAGGTGDLTAK;VDKSQETTHFGFQTVAK;VVLADINESMLK;SQETTHFGFQTVAK;YDVMNDLMSFGIHR;YLAESIR	False	False	Ecoli	False	True	False	diann231	Triqler	Triqler	0.2
0.8194	0.9253	P04995	8.0	1.773e-06	-0.1194	0.9253	0.9713	0.966	0.9288	1.115	1.001	1.028	LFDYLFTHR;NLPALDITFVDKR;GNTSWVAPLAWHPENR;WDLLDVMR;NFPGTLDYAEQQR;IVLETEPR;NLPALDITFVDK;AKGENEAAFAAR	False	False	Ecoli	False	True	False	diann231	Triqler	Triqler	0.2
0.8196	0.9254	P09158	5.0	1.181e-05	-0.1058	0.9254	0.97	0.9906	0.9205	1.001	1.08	1.045	HLSTEIIQAR;TDHQDLIIFENAAFGR;HVLIIGGGDGAMLR;QYLPNHNAGSYDDPR;FLASGLK	False	False	Ecoli	False	True	False	diann231	Triqler	Triqler	0.2
0.8198	0.9255	P21888	21.0	3.666e-08	-0.1171	0.9255	0.9373	1.021	0.9214	1.07	1.005	1.055	ATHHIAEIIELTEQLIAK;DRLNEMGIVLEDGPQGTTWR;GTDKTVAPAGGEAFEAR;QDLDQLQAGAR;SQLNYSEENLK;TFVAFDVVAR;AKDWAAADAAR;GHAYVADNGDVMFDVPTDPTYGVLSR;SLGNFFTVR;TVAPAGGEAFEAR;SQLNYSEENLKQAR;DWAAADAAR;IFNTLTR;NITDIDDKIIK;YFLMSGHYR;YYDAETVR;YYDAETVRYFLMSGHYR;LKAEDMAAANAMASHLR;LNEMGIVLEDGPQGTTWR;DFDALNILRPDMEPR;SLGNFFTVRDVLK	False	False	Ecoli	False	True	False	diann231	Triqler	Triqler	0.2
0.82	0.9257	P0ADU2	4.0	9.631e-06	-0.1084	0.9257	0.9743	1.017	0.8892	1.061	1.034	1.034	AYSEAVKGDVLEMNIR;QAVLDQFAK;MLTVIAEIR;GDVLEMNIR	False	False	Ecoli	False	True	False	diann231	Triqler	Triqler	0.2
0.8203	0.9258	P0A9P6	28.0	7.92e-09	-0.06712	0.9258	0.9806	1.077	0.8797	1.041	0.9893	1.045	AEFETTFADLGLK;ALLFVENR;APQILVLAPTR;ELAVQVAEAMTDFSK;FLEAEDFDAAIIFVR;HIVGAIANEGDISSR;IQPTAEGEELDLETLAAALLK;LLDHLKR;LSGLVLDEADEMLR;LTIPEVELPNAELLGK;TAAFSLPLLQNLDPELKAPQILVLAPTR;VQQQLESSDLDQYR;QGPQIVVGTPGR;TAAFSLPLLQNLDPELK;LFASHSTIELPK;TKNATLEVAEALER;LTIPEVELPNAELLGKR;IEVGRDDGVEVR;NATLEVAEALER;GVNVVALYGGQR;LDILIATDVAAR;FMKEPQEVR;IQSSVTTRPDISQSYWTVWGMR;TLIVPPDAPMRPK;DVLGMAQTGSGK;ISLVVNYDIPMDSESYVHR;GMPGEVLQHFTR;DVGDMQLYR	False	False	Ecoli	False	True	False	diann231	Triqler	Triqler	0.2
0.8205	0.9262	P0AEB2	22.0	9.936e-09	-0.1257	0.9262	0.9576	1.005	0.9081	1.059	1.015	1.065	AGYNLVASATEGQMR;ASLGVDKDVYLTIPR;ASYVLNSSELHAPLQK;DMALIGQALIR;DVPNEYSIYKEK;EFASEPVWFGDSDR;FKETDLVTIGNDAWATGNPVFK;KLLTWGFR;NGLLWDNSLNVDGIK;NQVVGTINFQLDGK;NTHFQTVHGLDADGQYSSAR;VGKEFASEPVWFGDSDR;VLAEQNADVR;ETDLVTIGNDAWATGNPVFK;LISAVMGGR;FFETVNPLK;EFTFNGIR;DVPNEYSIYK;TGHTDKAGYNLVASATEGQMR;TIEQRPLVVLQEIPEGNFFGK;EKEFTFNGIR;GSSLMFLKPGMQVPVSQLIR	False	False	Ecoli	False	True	False	diann231	Triqler	Triqler	0.2
0.8207	0.9263	P76335	3.0	0.002249	0.05224	0.9261	1.14	1.032	0.8811	1.017	0.9795	0.9676	PSIAYLQSK;YVDIGATYYFNK;TQNFEVVAQYQFDFGLRPSIAYLQSK	False	False	Ecoli	False	True	False	diann231	Triqler	Triqler	0.2
0.8209	0.9264	P07604	9.0	1.059e-06	-0.06845	0.9264	0.9698	1.076	0.8918	1.057	0.9842	1.033	FADEQGVPRPK;NHTAAQLINGFNFLR;ELLDLLVLR;GIEIDPIGR;YAWPGNVR;NLVELVQK;LAADLNTVLTR;SVLTQLYR;FLNDGTFR	False	False	Ecoli	False	True	False	diann231	Triqler	Triqler	0.2
0.8212	0.9264	P0A7F9	7.0	1.008e-05	-0.0964	0.9264	0.895	1.037	0.9475	1.025	1.048	1.058	VIAVGTTSVR;FFSYGDAMFITYNPQAINER;ASGGKIEVLVER;SLESAAQAAK;VTDFSFELPESLIAHYPMPER;NDLIEPFFDDTQIFIYPGFQYK;RVTDFSFELPESLIAHYPMPER	False	False	Ecoli	False	True	False	diann231	Triqler	Triqler	0.2
0.8214	0.9264	P0AES4	31.0	1.582e-09	-0.09477	0.9264	0.9558	1.041	0.913	1.034	0.9942	1.07	AGDDAARPEWLEPEFGVR;DGLYYLTEQQAQAILDLR;EITPVNIEEELK;ETIIVHEIPYQVNK;GDGAILTATQNGYGKR;GRPIVNLLPLEQDER;IMNLKDIIAAFVR;ITAILPVTEFEEGVK;LGEGDKVVSLIVPR;SSYLDYAMSVIVGR;TAEDENVVGLQR;TALVANPWQLGNVAAMLER;VLYAMNVLGNDWNK;VSEISIVGR;VYQLPEATR;YHPHGDSAVYDTIVR;YQPLSEYEAQR;GDGAILTATQNGYGK;MAQPFSLR;NTQGVILIR;TGRETIIVHEIPYQVNK;TRVSEISIVGR;VVSLIVPR;RGIEEAYR;YQPLSEYEAQRR;DIIAAFVR;TIFELRK;RTIFELR;IKEEDFIDR;VVGDVIGK;KTVLTEFNR	False	False	Ecoli	False	True	False	diann231	Triqler	Triqler	0.2
0.8216	0.9264	P16525	3.0	0.006325	0.04293	0.926	1.115	1.018	0.9854	1.06	1.053	0.8017	YKPQAQPLR;HLPGLITLNAYR;VFSLPEVK	False	False	Ecoli	False	True	False	diann231	Triqler	Triqler	0.2
0.8218	0.9264	P0A8G3	9.0	1.783e-06	-0.1035	0.9264	0.9719	1.023	0.8853	1.043	1.006	1.082	RGWVQQYHIGALR;TAVLVFLGAEYAR;VSDHALDVVMFAEANEAELDSILAR;FADLQTALTK;RPFGITGK;LGEVSDTDIRR;VLPSWRPDK;GWVQQYHIGALR;LGEVSDTDIR	False	False	Ecoli	False	True	False	diann231	Triqler	Triqler	0.2
0.822	0.9264	P16659	28.0	4.357e-09	-0.1194	0.9264	0.9634	1.01	0.9047	1.058	1.014	1.059	AAATQEMTLVDTPNAK;AEKLPQVASPLTFATEEEIR;AGPGSLGPVNMPIPVVIDR;AQGIEVLLDDRK;GIEVGHIFQLGTK;KLASGLYTWLPTGVR;LASGLYTWLPTGVR;LPQVASPLTFATEEEIR;NLDNDDIEYK;RGIEVGHIFQLGTK;TIAELVEQFNLPIEK;TSQYLLSTLK;VVAAAIEQNYDER;WEQYGPELLR;DAYSFHTSQESLQETYDAMYAAYSK;ETPADAEVISHQLMLR;GDHELNEVKAEK;GERPFVLGPTHEEVITDLIR;TVAAMSDFAAGANIDGK;QLPLNFYQIQTK;VQELAEKLYSELR;NLDNDDIEYKYR;AQGIEVLLDDR;GIVWPDAIAPFQVAILPMNMHK;SFRVQELAEK;TSQYLLSTLKETPADAEVISHQLMLR;ERPGVMFADMELIGIPHTIVLGDR;SREFLMK	False	False	Ecoli	False	True	False	diann231	Triqler	Triqler	0.2
0.8223	0.9265	P69490	1.0	0.1088	0.073	0.9175	1.125	1.006	0.9876	0.9431	0.9555	0.9936	SNIDLFYTPGEILYGKR	False	False	Ecoli	False	True	False	diann231	Triqler	Triqler	0.2
0.8225	0.9265	P0AAH0	3.0	0.00169	-0.06118	0.9264	0.9982	1.064	0.838	1.079	1.038	1.003	VQWALTK;NINLDIAK;AEGEILLDGDNILTNSQDIALLR	False	False	Ecoli	False	True	False	diann231	Triqler	Triqler	0.2
0.8227	0.9266	P05055	34.0	2.105e-09	-0.1141	0.9266	0.9592	1.015	0.9122	1.065	1.004	1.053	AAVAGIAMGLVK;AKPGQDFFPLTVNYQER;DGISALQMDIK;EGDNYVVLSDILGDEDHLGDMDFK;EGLVHISQIADK;EGLVHISQIADKR;EGRPSEGETLIAR;EIMQVALNQAK;GETQALVTATLGTAR;IVDFGAFVAIGGGK;IVDFGAFVAIGGGKEGLVHISQIADK;LHILGVMEQAINAPR;LSIKEATEQSQPAAAPEAPAAEQGE;MLNPIVR;RIEEITAEIEVGR;THGSALFTR;VGYINDQYVLNPTQDELKESK;VTDYLQMGQEVPVK;WDWQPEPVNEALNAR;YAQVDVIK;ALTEETGTTIEIEDDGTVK;DAQVLDELMGER;EATEQSQPAAAPEAPAAEQGE;IEEITAEIEVGR;GDISEFAPR;KFQYGQHTVTLETGMMAR;THGSALFTRGETQALVTATLGTAR;VGYINDQYVLNPTQDELK;TDTFLFHYNFPPYSVGETGMVGSPK;GVLAVMPDMDKFPYTVR;DGISALQMDIKIEGITK;IPGSFFR;MLNPIVRK;FQYGQHTVTLETGMMAR	False	False	Ecoli	False	True	False	diann231	Triqler	Triqler	0.2
0.8229	0.9266	P31119	13.0	1.046e-06	-0.04031	0.9266	0.981	1.106	0.8805	0.9684	1.042	1.038	FANPYDFYR;EHGVPELAVPR;ETLYESLLSAMYR;LWHLPEQLTQVR;LLSVPGIEEGGR;FDEQGFVQIQGR;IEGAELTHFSR;LVEQGRPVVIFPEGR;SGATVIPVR;SDASKGEALVLFTTDNELTR;IVPELVYDR;GWYDTGDIVR;SILANVEQIK	False	False	Ecoli	False	True	False	diann231	Triqler	Triqler	0.2
0.8231	0.9268	P0AF52	1.0	0.09487	-0.05082	0.9191	0.9846	1.033	0.9466	1.067	0.866	1.123	TGGSLDAWFK	False	False	Ecoli	False	True	False	diann231	Triqler	Triqler	0.2
0.8233	0.9269	P0A8Q6	1.0	0.2075	-0.06479	0.9078	0.9896	0.9896	0.9584	0.9117	1.052	1.111	GKTNDWLDFDQLAEEK	False	False	Ecoli	False	True	False	diann231	Triqler	Triqler	0.2
0.8236	0.927	P06396ups|GELS_HUMAN_UPS	4.0	0.0001243	-0.03683	0.9269	0.9651	1.04	0.9456	0.9113	1.035	1.117	HVVPNEVVVQR;AGKEPGLQIWR;AGALNSNDAFVLK;VPVDPATYGQFYGGDSYIILYNYR	False	False	Human	True	False	False	diann231	Triqler	Triqler	0.2
0.8238	0.927	P27302	18.0	1.66e-08	-0.1236	0.927	0.9226	1.013	0.9429	1.032	1.014	1.084	AGTHDSHGAPLGDAEIALTR;AINEDAAGNYIHYGVR;AYPQEAAEFTRR;DIDGHDAASIKR;FEAYGWHVIR;HNPQNPSWADRDR;QDGPTALILSR;QNLAQQERTEEQLANIAR;QVMVYTHDSIGLGEDGPTHQPVEQVASLR;TEEQLANIAR;VVSMPSTDAFDKQDAAYR;YAPFEIPSEIYAQWDAK;YGVERQDGPTALILSR;AYPQEAAEFTR;KELANAIR;TIIGFGSPNK;HNPQNPSWADR;YAPFEIPSEIYAQWDAKEAGQAK	False	False	Ecoli	False	True	False	diann231	Triqler	Triqler	0.2
0.824	0.9271	P77348	13.0	1.881e-07	-0.08188	0.9271	1.005	1.022	0.8871	1.051	0.9731	1.073	ASWVGDYNEPSTFLTLLTSTHSGNISR;GYPINNPEDVAYSR;HIKDEPASLDPAK;WADGTPVTAQDFVYSWQR;NTGNFDVIR;IWTFTLR;VLAQASTENTVK;LVVVPNTHYWDNAK;VTFLPINQESAATKR;YLAGDIDITESFPK;TLLSAAGYGPQKPLK;LTLLYNTSENHQK;LIKPWLK	False	False	Ecoli	False	True	False	diann231	Triqler	Triqler	0.2
0.8242	0.9274	P28861	2.0	0.02276	-0.05682	0.9258	0.9901	0.9901	0.9519	1.005	0.9901	1.076	VQNWTDALFSLTVHAPVLPFTAGQFTK;AYSYVNSPDNPDLEFYLVTVPDGK	False	False	Ecoli	False	True	False	diann231	Triqler	Triqler	0.2
0.8244	0.9275	P0A6Z6	4.0	2.431e-05	0.05959	0.9275	1.022	1.136	0.9058	0.9967	1.02	0.9358	VTITLDDDLLETLDSLSQR;SALAQEATQQHGTQGFAVLSYVYEHEKR;VTITLDDDLLETLDSLSQRR;SEAIRDILR	False	False	Ecoli	False	True	False	diann231	Triqler	Triqler	0.2
0.8246	0.9275	P23847	2.0	0.0003152	-0.07934	0.9274	0.8412	1.025	1.01	1.043	1.009	1.09	ELNADDVVFSFDR;IVTYEWGEYLKR	False	False	Ecoli	False	True	False	diann231	Triqler	Triqler	0.2
0.8248	0.9276	P0A8M3	27.0	8.514e-09	-0.1417	0.9276	0.9275	0.9996	0.9311	1.039	1.035	1.078	DEEGLEIIR;ETFANRGESYK;HYDHAVSPMDVALDIGPGLAK;IYGTAWADKK;LKEYQYQEVK;LSASYVGEDNER;LVYDMYSTFGFEK;PVITLPDGSQR;TGHWDNYKDAMFTTSSENR;TLTQEDVEALEK;TLTQEDVEALEKR;AEADLAVALEENNIPFEYQLGEGAFYGPK;NEPSGSLHGLMR;TAGAYWR;KVPVMIHR;ALNAYLQR;MAIGPVIDNGFYYDVDLDR;ELEVFVR;SYRDLPLR;IYGTAWADK;KVSWHEAR;QLWPHTK;GKDLGSMDVNEVIEK;AILGSMER;DLGSMDVNEVIEK;EYQYQEVK;GPHVPNMR	False	False	Ecoli	False	True	False	diann231	Triqler	Triqler	0.2
0.825	0.9278	P0A8N3	22.0	1.247e-08	-0.1027	0.9278	0.9588	1.042	0.9026	1.022	1.022	1.063	AIAESIGIHVEK;DDLPEGVYNEQFK;DDLPEGVYNEQFKK;EIGNGFSELNDAEDQAQR;EQGIAFPNDFR;EQGIAFPNDFRR;KWDLGDILGAK;SEQHAQGADAVVDLNNELK;TEVTYGDVTLDFGKPFEK;WDLGDILGAK;YLDLISNDESR;YRPETDMADLDNFDSAK;TLAQDILGK;IQLYVARDDLPEGVYNEQFK;FLDQVAAK;LANLREQGIAFPNDFR;SQILSGIR;DVILFPAMRPVK;YLDLISNDESRNTFK;EKLANLR;FHGLQDQEAR;MVMLFTNSHTIR	False	False	Ecoli	False	True	False	diann231	Triqler	Triqler	0.2
0.8253	0.9279	P14407	15.0	6.304e-08	-0.09403	0.9279	0.9605	1.051	0.8989	1.036	1.008	1.054	HGGFYLGSIGGPAAVLAQQSIK;LASAHYYDELPTEGNEHGQAFR;LSLTGTIIVGR;QVAAILHDPEASENDKYVALQFLR;TPAGYPSGSLGPTTAGR;SNKPFIYQAPFPMGK;LGLGAQFGGK;ELPQYIKDHPIYYAGPAK;LKELIDAGK;LKNFLVEK;DVQLEQELLEEAQK;DVQLEQELLEEAQKLGLGAQFGGK;EGIWIEK;IEVEDFPAFILVDDKGNDFFQQIVNK;INREGIWIEK	False	False	Ecoli	False	True	False	diann231	Triqler	Triqler	0.2
0.8255	0.9279	P06612	23.0	2.134e-08	-0.0688	0.9279	0.9878	1.069	0.8764	1.023	1.0	1.056	ADHIYLATDLDREGEAIAWHLR;APLVEELYR;EQTQAAVSLLEK;FSEASLVK;SDAYFVLR;TTINLVPENEVLNVLEGEDAETNALR;YDSTTLTVGAGDFR;ATGWSAFYVDGK;YLADAPQQDPEGNK;GYISDNFGKK;TDSTNLSQDAVNMVR;YLPESPNQYASK;ALVIVESPAK;AVLDHFFSDFTQQLDK;DGAAGVFLAANTFPK;ETRAPLVEELYR;GYISDNFGK;VVFNEITK;YLGSDYVVK;QAFNKPGELNIDR;LYQLIWR;ADHIYLATDLDR;KYLPESPNQYASK	False	False	Ecoli	False	True	False	diann231	Triqler	Triqler	0.2
0.8257	0.9279	P0ADV5	6.0	3.188e-05	0.0641	0.9279	1.101	1.049	0.9245	1.061	0.9383	0.941	TDKTIAFSLLDLAPIPEGSSAR;TIAFSLLDLAPIPEGSSAR;DVAELVDWFDAR;HGLQSILR;IDLGLGR;EAFSHSLDLAR	False	False	Ecoli	False	True	False	diann231	Triqler	Triqler	0.2
0.8259	0.928	P29217	5.0	7.705e-06	0.09451	0.928	1.057	1.094	0.9717	0.9333	0.9744	0.9791	LDSLLAHLGD;LSAAEVALITTLLLR;VEALEIEVAELK;QRLDSLLAHLGD;EDGPFVVR	False	False	Ecoli	False	True	False	diann231	Triqler	Triqler	0.2
0.8261	0.928	P77625	7.0	9.89e-07	-0.08211	0.928	0.9854	1.045	0.8769	1.067	1.029	1.009	AGIPWAIVTSGSMPVAR;GFLFDLDGTLVDSLPAVER;IAGLPAPEVFVTAER;LNEVDLVLHSLEQITVTK;SEADIAAEFTR;AWSNWAR;HKIAGLPAPEVFVTAER	False	False	Ecoli	False	True	False	diann231	Triqler	Triqler	0.2
0.8263	0.9281	P0AEC3	6.0	2.062e-05	0.007608	0.9281	0.9511	1.082	0.9921	1.021	0.8649	1.109	SFLDASPDLVFYR;ILLDTELTAEQEK;FTQQGQVTVR;TPLNGIVGLSR;IKGAAGSVGLR;LLAQYYVDLMMK	False	False	Ecoli	False	True	False	diann231	Triqler	Triqler	0.2
0.8265	0.9281	P0AE18	11.0	3.256e-07	-0.1261	0.9281	0.931	1.017	0.9258	1.056	1.046	1.033	FVEAEGFSVVR;GFHEEPQVLHYDSR;ITQESLYLALR;KDDTIPAIISHDE;LLKDGDIVNIDVTVIK;DDTIPAIISHDE;LAAEVLEMIEPYVKPGVSTGELDR;MVKPGINLR;AISIKTPEDIEK;EIGAAIQKFVEAEGFSVVR;DGDIVNIDVTVIKDGFHGDTSK	False	False	Ecoli	False	True	False	diann231	Triqler	Triqler	0.2
0.8267	0.9282	P77212	1.0	0.002391	-0.06321	0.928	0.9531	1.06	0.9168	1.057	0.9909	1.031	ESGADIQVVTLPVAAIPR	False	False	Ecoli	False	True	False	diann231	Triqler	Triqler	0.2
0.8269	0.9283	P0A910	14.0	1.007e-07	-0.1197	0.9283	0.9206	1.002	0.9525	1.013	1.02	1.101	AQSVVDYLISK;ATLKPEGQAALDQLYSQLSNLDPK;FGQGEAAPVVAPAPAPAPEVQTK;GSVENGAYKAQGVQLTAK;MPYKGSVENGAYK;NHDTGVSPVFAGGVEYAITPEIATR;DGSVVVLGYTDR;RVEIEVK;RAQSVVDYLISK;LGGMVWR;DNTWYTGAK;GIKDVVTQPQA;GIPADKISAR;LGYPITDDLDIYTR	False	False	Ecoli	False	True	False	diann231	Triqler	Triqler	0.2
0.8271	0.9286	P06993	3.0	0.003205	-0.05689	0.9284	0.9226	1.132	0.8981	1.005	1.038	1.023	AQLLWAWAR;YGEVNTLLAR;LLNHPEVPELIR	False	False	Ecoli	False	True	False	diann231	Triqler	Triqler	0.2
0.8273	0.9292	P33937	20.0	1.965e-08	-0.09489	0.9292	0.9661	1.044	0.8985	1.06	1.007	1.033	AFPEAVLFIHPLDAK;AFVAEYTLEK;AVIFALPFEPAAEAPDEEYDLWLSTGR;GLFEEYAWFGR;GVWANNLVYNLHLLTGK;IGLHAVAQDR;LPADMVVTNEK;LTQPLLR;RGEVISIVETR;SDLWQLVQFSR;YSEGNDPYVK;GHGHDLAPFDDYHK;LTLDATDPLSK;RLSNQNVTVAVLSTYQHR;LSNQNVTVAVLSTYQHR;KWNIPSGTIPAK;VISYWTMGFNQHTR;WNIPSGTIPAK;GATDIGYGLRPTHPLEK;TLYEVLYATPEVSKFPVSELAEDQLNDESR	False	False	Ecoli	False	True	False	diann231	Triqler	Triqler	0.2
0.8275	0.9293	P0A7Y4	1.0	0.03753	-0.07575	0.9265	0.9136	1.024	0.9603	1.042	1.007	1.061	NVDLWQR	False	False	Ecoli	False	True	False	diann231	Triqler	Triqler	0.2
0.8277	0.9295	P75938	1.0	0.000912	-0.07245	0.9295	0.8859	0.9957	1.002	0.9927	1.066	1.07	AVPVEGLSLPTR	False	False	Ecoli	False	True	False	diann231	Triqler	Triqler	0.2
0.8279	0.9297	P60869	1.0	0.03603	-0.05574	0.9271	0.9076	1.094	0.9363	1.039	1.053	0.9833	VYLPVIR	False	False	Ecoli	False	True	False	diann231	Triqler	Triqler	0.2
0.8281	0.9298	P33643	5.0	6.425e-06	-0.1059	0.9298	0.912	0.9895	0.971	1.019	1.005	1.115	GASEAFISTLR;LDQALAEMFPDYSR;VQLTATVSENQLGQR;LVESLQR;IKEWILDQR	False	False	Ecoli	False	True	False	diann231	Triqler	Triqler	0.2
0.8283	0.9298	P28631	2.0	0.008639	-0.04394	0.9292	1.022	0.8742	0.9872	1.179	0.9529	1.009	VVWVTDAALLTDAAANALLK;LSAGSPGAALALFQGDNWQAR	False	False	Ecoli	False	True	False	diann231	Triqler	Triqler	0.2
0.8285	0.9299	P0AE08	13.0	6.392e-08	-0.1189	0.9299	0.9116	1.019	0.9493	1.054	1.004	1.071	ATFVVDPQGIIQAIEVTAEGIGR;EGEATLAPSLDLVGK;EGEATLAPSLDLVGKI;IKYAMIGDPTGALTR;LGVDVYAVSTDTHFTHK;NFDNMREDEGLADR;NGEFIEITEK;NGEFIEITEKDTEGR;WKEGEATLAPSLDLVGK;YAMIGDPTGALTR;AWHSSSETIAK;DASDLLR;DASDLLRK	False	False	Ecoli	False	True	False	diann231	Triqler	Triqler	0.2
0.8287	0.9299	P0AB80	9.0	1.05e-06	-0.1085	0.9299	0.9636	1.021	0.9048	1.037	0.9995	1.084	AGGNYLSSLLVGSEAR;AGGNYLSSLLVGSEARR;DGVLFTPPFTSSALPGITR;SVDGIQVGEGR;KADYIWFNGEMVR;AAPNTIPTAAK;ELGIEVR;VHVMSHALHYGTSVFEGIR;ESLYLADEVFMSGTAAEITPVR	False	False	Ecoli	False	True	False	diann231	Triqler	Triqler	0.2
0.8289	0.93	P0A8V2	76.0	1.018e-10	-0.1146	0.93	0.9472	1.032	0.9094	1.047	1.023	1.05	ADKPLVGTGMER;ALNYTTEQILDLFFEK;AVAVDSGVTAVAK;AVAVDSGVTAVAKR;AVLVAGGVEAEK;AVLVAGGVEAEKLDK;DLSEELQILEAGLFSR;DSSLRVPNGVSGTVIDVQVFTR;EAAESLFENLFFSEDRYDLSAVGR;EAEIKELLK;FIEQDPEGQYGLEAAFR;GDVLADGPSTDLGELALGQNMR;GGVVQYVDASR;GSWLDFEFDPK;GSWLDFEFDPKDNLFVR;IETLFTNDLDHGPYISETLR;INPIEDMPYDENGTPVDIVLNPLGVPSR;ITQGDDLAPGVLK;KDLSEELQILEAGLFSR;KITQGDDLAPGVLK;LDESGIVYIGAEVTGGDILVGK;LGDLPTSGQIR;LGPEEITADIPNVGEAALSK;LIEVPVEYIAGK;LSALVEIYR;NGKGEVDDIDHLGNR;QKVDLSTFSDEEVMR;RGGVVQYVDASR;RIETLFTNDLDHGPYISETLR;RPQVLDVPYLLSIQLDSFQK;SKGESSLFSR;SPGVFFDSDKGK;STGSYSLVTQQPLGGK;SVFPIQSYSGNSELQYVSYR;SVGEMAENQFR;VAFMPWNGYNFEDSILVSER;VDLSTFSDEEVMR;VDPTNDRLSALVEIYR;VNEDEMYPGEAGIDIYNLTK;VPNGVSGTVIDVQVFTR;VTPKGETQLTPEEK;EAAESLFENLFFSEDR;GVTYSAPLR;LQMELVPER;LRGETASFDIEANGK;EAPEGTVKDIK;AYDLGADVR;ISALGPGGLTR;LPATIILR;ALEIEEMQLK;ERAGFEVR;IVIKVNEDEMYPGEAGIDIYNLTK;KLPATIILR;VIVSQLHR;RISALGPGGLTR;SPGVFFDSDK;GETASFDIEANGK;EFFGSSQLSQFMDQNNPLSEITHK;LNHLVDDKMHAR;DNKLQMELVPER;IETLFTNDLDHGPYISETLRVDPTNDR;LREFIQR;MNIGQILETHLGMAAK;MVYSYTEK;SLLREEIEGSGILSK;TGEQFERPVTVGYMYMLK;VIFEIRDNK;GEVDDIDHLGNRR;GMPIATPVFDGAK;LRLVIYER;GESSLFSR;QAVPTLR;PQVLDVPYLLSIQLDSFQK;VYLAVKR;ALMGANMQR;DTKLGPEEITADIPNVGEAALSK	False	False	Ecoli	False	True	False	diann231	Triqler	Triqler	0.2
0.8291	0.93	P75777	7.0	2.146e-06	-0.09008	0.93	0.9396	1.074	0.9089	1.026	1.005	1.057	AVEPGTVLNEGGTVFTVSLTRPVWVR;IVVTDADDALR;QAQAAYDYAQNFYNR;TISANDLENAR;TVNLSFR;VGGRVESLAVDEGDAIK;VLLYTDGRPDK	False	False	Ecoli	False	True	False	diann231	Triqler	Triqler	0.2
0.8293	0.9301	P75937	7.0	2.502e-06	-0.1203	0.9301	0.9503	0.9863	0.9304	1.067	1.008	1.066	TQDQILNTLVNLR;VAGITQDFTDGTTTNTGR;TGDNNWQVYTQDSSDPNSIAK;LVDSNGSVFYSR;ELVNMIVAQR;SGTASFADMFAGSK;GLDVAISQNGFFR	False	False	Ecoli	False	True	False	diann231	Triqler	Triqler	0.2
0.8295	0.9304	P07363	13.0	2.162e-07	-0.1177	0.9304	0.9758	1.007	0.8933	1.05	1.063	1.022	GEYLPIVELWK;ILLPLTLAILDGMSVR;NSLDHGIELPEKR;EADLHPLAGGER;TEATQGIVVILQSGGRR;DLQESVMSIR;VFNVAGAK;YALLVDQLIGQHQVVVK;IIDPLTHLVR;LKAGEVDLLEEELGHLTTLTDVVK;QLALEAKGETPSAVTR;ISTPPVLK;QVELTLVGSSTELDK	False	False	Ecoli	False	True	False	diann231	Triqler	Triqler	0.2
0.8297	0.9306	P24173	3.0	0.002099	0.06263	0.9305	1.023	1.031	1.029	1.001	0.9575	0.962	ELIGLLADSGIR;FDWVVEEGFAQIPSWHAAVER;EPLASLFYNR	False	False	Ecoli	False	True	False	diann231	Triqler	Triqler	0.2
0.8299	0.9306	P0ADU5	5.0	6.074e-06	-0.08438	0.9306	0.9594	1.064	0.8951	1.022	1.02	1.05	DASGTINVDIDHKR;ISDDLYVFK;SLRDDTWVTLR;WNGVTVTPK;DTVEIQGEVDKDWNSVEIDVK	False	False	Ecoli	False	True	False	diann231	Triqler	Triqler	0.2
0.8301	0.9307	P77338	3.0	0.001002	-0.02754	0.9306	0.8587	1.133	0.9761	1.01	1.038	1.005	ILSTLSLR;TAQEAVSPDEAAR;LEQFEVNQQR	False	False	Ecoli	False	True	False	diann231	Triqler	Triqler	0.2
0.8303	0.9308	P09152;P19319	5.0	3.119e-06	-0.1066	0.9308	0.9017	1.003	0.9719	1.053	1.006	1.074	GASYSWYLYSANR;TRPDLPNHEPR;ALNFLTPHQK;FRDIQAQPR;TPDAHFFTEVR	False	False		False	False	False	diann231	Triqler	Triqler	0.2
0.8305	0.9309	P64493	1.0	0.000912	-0.0382	0.9309	1.117	0.9371	0.9101	1.102	1.013	0.9394	LPGGETIDEWALWR	False	False	Ecoli	False	True	False	diann231	Triqler	Triqler	0.2
0.8307	0.9312	P0ADZ7	5.0	6.912e-06	-0.08575	0.9312	0.992	1.04	0.8736	1.044	1.017	1.044	DFVAAVLPK;GDEVLTNGGLVGR;LMDSIAKGDEVLTNGGLVGR;VAENGYIAIALNDTTEVVIKR;RDFVAAVLPK	False	False	Ecoli	False	True	False	diann231	Triqler	Triqler	0.2
0.8309	0.9315	P0ABD8	5.0	5.235e-06	-0.08504	0.9315	1.0	1.027	0.8811	1.084	1.029	0.9904	KLIELVEESGISELEISEGEESVR;LIELVEESGISELEISEGEESVR;SPMVGTFYR;AFIEVGQK;AILVESGQPVEFDEPLVVIE	False	False	Ecoli	False	True	False	diann231	Triqler	Triqler	0.2
0.8311	0.9316	P75830	1.0	0.03603	0.05711	0.929	1.037	1.074	0.957	0.9913	0.9545	0.9913	AWFTVLGDPLTR	False	False	Ecoli	False	True	False	diann231	Triqler	Triqler	0.2
0.8313	0.9317	P0CB39	8.0	2.196e-05	0.004296	0.9317	0.977	1.163	0.9037	0.9927	1.038	0.9457	TLVLVIGESTQR;LLNENNALPPLANFKDESGNEPR;SVVNPQFK;NALIDYDTLPYGDQVGNQ;NTMLTVFSR;MSLYGYPR;WIGNPYKK;ETTPELDALHK	False	False	Ecoli	False	True	False	diann231	Triqler	Triqler	0.2
0.8315	0.9317	P60061	2.0	6.223e-05	-0.08742	0.9317	0.975	1.041	0.8754	1.023	1.042	1.055	VSASPFGDAAR;AAADDGLFPPIFAR	False	False	Ecoli	False	True	False	diann231	Triqler	Triqler	0.2
0.8317	0.9321	P18393	1.0	0.03218	0.03354	0.9299	1.103	0.9903	0.9903	1.07	0.9903	0.8723	AFSNPFDDPQGAFYILR	False	False	Ecoli	False	True	False	diann231	Triqler	Triqler	0.2
0.8318	0.9321	P0AFG6	18.0	2.864e-08	-0.1137	0.9321	0.9496	1.021	0.9121	1.069	1.019	1.038	DVDTLGMADIEKK;GLVTPVLR;LGFMSFYVK;LLAEHNLDASAIK;QQASLEEQNNDALSPAIR;QQASLEEQNNDALSPAIRR;QYGEAFEKR;SSVDILVPDLPESVADATVATWHK;ESVGFLVTIK;LLAEHNLDASAIKGTGVGGR;ELLEDPTRLLLDV;RLLAEHNLDASAIK;AVVEALKR;ESVGFLVTIKELLEDPTR;AVVEALK;ELLEDPTR;IKELAVK;DVDTLGMADIEK	False	False	Ecoli	False	True	False	diann231	Triqler	Triqler	0.2
0.832	0.9323	P00490	32.0	7.847e-09	-0.07213	0.9323	0.9628	1.054	0.917	1.025	0.9711	1.079	AQPFAKPVANQR;AYDINLTDLLEEEIDPALGNGGLGR;HNEALDVQVGIGGK;HVNYISMEFLIGR;LTGNNLLNLGWYQDVQDSLK;QVEAPDDWHR;SQPIFNDKQFQEALSR;VADVINNDPLVGDKLK;VGEENIFIFGHTVEQVK;AAILNTAR;FNDGDFLR;LIPAADISEQISTAGK;TGIEINPQAIFDIQIKR;VADVINNDPLVGDK;NIIFAINK;VLYPNDNHTAGK;HMQIINEINTR;FKTLVEK;GYDPVKWR;QFQEALSR;QVDVLYR;QVDVLYRDQEAWTR;VLDAVLKELESGK;VLIDEHQMSWDDAWAITSK;AAPGYYLAK;LWQATHAHPFDLTK;VLYPNDNHTAGKK;YGLNSAAEMTPR;VFLFGAK;SNYPWFR;VLDAVLK;TFAYTNHTLMPEALER	False	False	Ecoli	False	True	False	diann231	Triqler	Triqler	0.2
0.8322	0.9327	P0A6B4	11.0	2.968e-07	-0.09857	0.9327	0.9781	1.022	0.8965	1.046	0.9862	1.082	AGDPVILWGEGLPVER;AGEPVGYGGTWVSER;AGGITKPVLLLEGFFDAR;VSAYELITR;ANAYGHGLLETAR;TLPDADAFGVAR;LGVRPEQAEAFYHR;QPVNIVSHFAR;LGVVAMGYGDGYPR;LRELAPASK;AAPSGTPVLVNGR	False	False	Ecoli	False	True	False	diann231	Triqler	Triqler	0.2
0.8324	0.9327	P27832	1.0	0.06351	-0.06367	0.9282	0.9838	0.9281	0.9922	1.118	0.9616	1.027	ITSEAPLLTPDALAPWSR	False	False	Ecoli	False	True	False	diann231	Triqler	Triqler	0.2
0.8326	0.9329	P32664	6.0	1.678e-05	-0.03262	0.9329	0.9906	1.101	0.8525	0.9808	0.9864	1.111	RDDSILLAQHTR;GVQLAEFYR;ELLEANWYR;GELPYGEAANFDLVGQR;QVIDLDVGLFQLAGR;DDSILLAQHTR	False	False	Ecoli	False	True	False	diann231	Triqler	Triqler	0.2
0.8328	0.933	P15977	6.0	1.669e-05	-0.03577	0.933	1.05	1.045	0.8444	1.001	0.9885	1.089	AYEPFIELLR;TLGLYPDEVVLR;AFNLPTKLPEGYHTLTLTQDDQR;SEKNWGIGDFGDLK;GGSFIGLNPIHALYPANPESASPYSPSSR;VLYFENDHEK	False	False	Ecoli	False	True	False	diann231	Triqler	Triqler	0.2
0.833	0.933	P0A6D5	1.0	0.2323	-0.04983	0.9127	0.9896	0.9067	0.9896	1.15	0.9896	0.9896	DVTAKYELIGLMAYPIR	False	False	Ecoli	False	True	False	diann231	Triqler	Triqler	0.2
0.8332	0.933	P77747	1.0	0.1074	0.06851	0.925	0.9888	1.067	1.058	0.9954	0.8814	1.021	YADIGATYYFNK	False	False	Ecoli	False	True	False	diann231	Triqler	Triqler	0.2
0.8334	0.933	P0A9A2	3.0	0.0006806	-0.07974	0.933	1.008	0.9652	0.9641	1.076	0.9294	1.067	DLEKEQQHDGLLLQTILDEVR;LNSLEELFQK;SSTLAQLADEAKELNDDSTVNFLR	False	False	Ecoli	False	True	False	diann231	Triqler	Triqler	0.2
0.8335	0.9333	P69924	16.0	9.028e-08	-0.08676	0.9333	0.9849	1.038	0.8862	1.066	0.9947	1.041	AYTTFSQTK;MQAVGLDLPFQTR;NIVNDPSVVFDDIVTNEQIQK;QLSFFWRPEEVDVSR;YDQQKYDIFEK;YQTLLDSIQGR;DRIDYQALPEHEK;SYTHIIR;LIARDEALHLTGTQHMLNLLR;NIVNDPSVVFDDIVTNEQIQKR;DEALHLTGTQHMLNLLR;NDQLKEPMFFGQPVNVAR;DWADYLFR;IDYQALPEHEK;HIFISNLK;TVTVSLR	False	False	Ecoli	False	True	False	diann231	Triqler	Triqler	0.2
0.8337	0.9333	P30847	1.0	0.08689	-0.05811	0.927	1.003	0.8878	0.9904	1.04	0.9566	1.14	APVDLIPLLEVAGGAFR	False	False	Ecoli	False	True	False	diann231	Triqler	Triqler	0.2
0.8339	0.9334	P69346	1.0	0.000912	-0.06905	0.9333	0.9358	1.002	0.9697	0.9705	1.041	1.088	AVEDHAPILITR	False	False	Ecoli	False	True	False	diann231	Triqler	Triqler	0.2
0.8341	0.9334	P37637	5.0	0.0002884	-0.04849	0.9334	0.9552	1.047	0.9066	0.933	1.023	1.156	VYVQAGTPFR;VLQQVTDYYLTK;VELGAEDYSTVAR;YNLVPSDVISQIK;LSAYFPASLK	False	False	Ecoli	False	True	False	diann231	Triqler	Triqler	0.2
0.8343	0.9335	P0A6K1	3.0	0.0003801	-0.0104	0.9335	1.011	1.097	0.9804	1.143	0.9786	0.8217	HLGVGFDQLLVVEPPYDPELDFHYR;MVLTVTDDDLVR;VNMGEPNFEPSAVPFR	False	False	Ecoli	False	True	False	diann231	Triqler	Triqler	0.2
0.8345	0.9337	P0AGL2	3.0	9.895e-05	0.0766	0.9337	1.013	1.142	0.9548	0.964	0.956	0.9821	LEIEAIAVR;LSLENVK;AIVVAAGLSVGDIIK	False	False	Ecoli	False	True	False	diann231	Triqler	Triqler	0.2
0.8347	0.9339	P37095	17.0	3.316e-08	-0.1014	0.9339	0.9364	1.047	0.9253	1.051	0.9985	1.051	APVEQWSAGATGLGVR;AVDLISNVAGDR;DTINAPAEELGPSQLAQR;KAPVEQWSAGATGLGVR;KVEVMNTDAEGR;LLASAAQENEPFWR;LMIIDWVR;TALGNDYHALFSFDDALAGR;HVQLSGEGWDADR;LPLAEFHR;LGDIITYR;GITFDSGGYSIK;KIDGLGIK;AVDLISNVAGDRVTYR;ATYSINNDGITLHLNGADDLGLIQR;TIANLLTA;LVLADGLIDASAQKPEMIIDAATLTGAAK	False	False	Ecoli	False	True	False	diann231	Triqler	Triqler	0.2
0.8348	0.9341	P0ABT5	1.0	0.1647	-0.05005	0.9211	0.9153	0.992	0.992	1.138	0.992	0.9838	SILTEVVNAVDVPVTLK	False	False	Ecoli	False	True	False	diann231	Triqler	Triqler	0.2
0.835	0.9342	P39829	3.0	0.001615	-0.02399	0.9341	1.043	1.085	0.8291	1.05	1.052	0.9647	YGEVIGYAVR;VALLDIPANGEIIR;VPEPLPPLEGYTFEGYR	False	False	Ecoli	False	True	False	diann231	Triqler	Triqler	0.2
0.8352	0.9342	P33934	1.0	0.03218	0.04555	0.932	0.9915	1.101	0.9915	0.8912	1.056	0.982	APVLDEQSPVQVTSR	False	False	Ecoli	False	True	False	diann231	Triqler	Triqler	0.2
0.8354	0.9344	P75746	2.0	0.004738	-0.07211	0.9341	1.023	0.9276	0.9802	1.069	1.01	0.9951	EAQLADAIAR;GYQADGSLVPR	False	False	Ecoli	False	True	False	diann231	Triqler	Triqler	0.2
0.8356	0.9344	Q47083	1.0	0.1923	-0.0574	0.9188	0.9231	0.9938	0.9938	1.11	0.9938	0.9947	LSNDPQLVAFPWFR	False	False	Ecoli	False	True	False	diann231	Triqler	Triqler	0.2
0.8358	0.9344	P0AA39	9.0	2.352e-06	-0.01139	0.9344	0.9877	1.149	0.8824	0.969	1.001	1.03	LDRDTSGVLLVAK;VAEREEEAVSPHLQK;LFLHAAALK;QLTEAGTGLNR;YAFATLVR;DYLALVR;FLELVHR;SVQAPLLK;VHTQYAGHPIAFDDR	False	False	Ecoli	False	True	False	diann231	Triqler	Triqler	0.2
0.8359	0.9345	P24228	5.0	1.201e-05	-0.03909	0.9345	1.069	1.007	0.8734	1.023	0.9206	1.128	TGSLQGVYNLAGFITTASGQR;SEPLPLAFAVQDGASYAGAILKDELK;VITALAALIQLGPDFR;FNVPGTWR;QQAGVDIGNTIIADGSGLSR	False	False	Ecoli	False	True	False	diann231	Triqler	Triqler	0.2
0.8361	0.9345	P0A7R5	11.0	1.457e-07	-0.07623	0.9345	0.9128	1.078	0.946	0.9962	1.01	1.068	FTVLISPHVNK;FTVLISPHVNKDAR;LIDQATAEIVETAK;LIDQATAEIVETAKR;DARDQYEIR;ERFTVLISPHVNK;LVDIVEPTEKTVDALMR;TVDALMR;LVDIVEPTEK;GPIPLPTR;GPIPLPTRK	False	False	Ecoli	False	True	False	diann231	Triqler	Triqler	0.2
0.8363	0.9346	P76115	1.0	0.2705	0.05313	0.9104	0.9909	1.134	0.9909	0.9909	0.9909	0.9147	ATGATGDGTQPGDVDYTVSTTR	False	False	Ecoli	False	True	False	diann231	Triqler	Triqler	0.2
0.8365	0.9347	P0A6U8	12.0	1.712e-07	-0.09982	0.9347	0.9731	1.028	0.8946	1.059	1.007	1.048	IWSPETDLLLASR;TGGLADVIGALPAAQIADGVDAR;VDDKVPLFAVVSR;VLLPAFPDIR;YGTLPLVR;VLLPAFPDIRR;LSGVLNGVDEK;AFVLWSRPSLWR;AGLYYADHITAVSPTYAR;GVTDAQVVSR;EITEPQFAYGMEGLLQQR;AFVLWSR	False	False	Ecoli	False	True	False	diann231	Triqler	Triqler	0.2
0.8367	0.9352	P22525	11.0	3.173e-07	-0.05408	0.9352	1.045	1.031	0.8696	1.048	0.9837	1.035	FQAWQGLGADGAIGPATR;AAYDNELVEAVKR;EAIDPWQVDWSTITASNLPFR;TQIESQLPAGYKPVYLNQLQLLYAAR;AGVLALNIQR;AFQQQLAEVAIAGFQPQFNK;ITLPGDDTPTDAVVSPSAVTVETAETK;ATLRPGQWSNDVPALR;QSIPVNLYYLTAFVGADGR;TDIYNYDLPAR;DWLNVTPAQR	False	False	Ecoli	False	True	False	diann231	Triqler	Triqler	0.2
0.8368	0.9352	P0A9M8	32.0	2.4e-09	-0.1022	0.9352	0.9529	1.043	0.9076	1.031	1.024	1.05	ANSSTTTAAEPLK;ATVFIFPDLNTGNTTYK;DAEVVLVEGLVPTR;DAEVVLVEGLVPTRK;GALVDDIVYTIALTAIQSAQQQ;HLNATIINEGDINTR;HLNATIINEGDINTRR;HQFAQSLNYEIAK;IIMLIPTGTSVGLTSVSLGVIR;IVLPEGDEPR;KHQFAQSLNYEIAK;LNAPVDEQGR;LQESSPLPVLGAVPWSFDLIATR;NTNITGVIVNK;NTNITGVIVNKLNAPVDEQGR;SADLISIGPMLQGMR;SRIIMLIPTGTSVGLTSVSLGVIR;TGGDAPDQTTTIVR;VAASQGVELGAGIEIVDPEVVR;VAMLSYSTGTSGAGSDVEK;LSVFKPIAQPR;RLSPPAFR;VAMLSYSTGTSGAGSDVEKVR;YQLTELAR;TLNAEIVFVMSQGTDTPEQLKER;SIPHMLEHFR;RPDLMIDGPLQYDAAVMADVAK;VQEYVANYINADWIESLTATSER;MSYVEGLLSSNQK;RIVLPEGDEPR;TLNAEIVFVMSQGTDTPEQLK;LSPPAFR	False	False	Ecoli	False	True	False	diann231	Triqler	Triqler	0.2
0.837	0.9353	P39838	5.0	3.032e-05	0.02832	0.9353	1.101	1.051	0.8779	1.045	1.015	0.9283	ADPLAFWLSDQLAR;AINEEIVSLLPLGLLVHDQESNR;QLANQADVLVR;TQIFIIR;AEMLQQANALDER	False	False	Ecoli	False	True	False	diann231	Triqler	Triqler	0.2
0.8372	0.9353	P0AG86	5.0	4.016e-06	-0.1108	0.9353	0.9772	0.9825	0.919	1.047	1.044	1.037	DISFEAPNAPHVFQK;SEQNNTEMTFQIQR;DWQPEVKLDLDTASSQLADDVYEVVLR;DWQPEVK;DISFEAPNAPHVFQKDWQPEVK	False	False	Ecoli	False	True	False	diann231	Triqler	Triqler	0.2
0.8374	0.9356	P27859	4.0	4.702e-05	-0.07242	0.9356	0.9077	1.086	0.9356	1.066	1.005	1.012	LLIETDAPYLLPR;ELLPLIPAEK;GEDAAWLAATTDANVK;RNEPAHLPHILQR	False	False	Ecoli	False	True	False	diann231	Triqler	Triqler	0.2
0.8375	0.9358	P28306	4.0	0.0001829	0.0008626	0.9358	1.059	0.9812	0.9982	1.103	0.8297	1.054	VFQWLLR;AVDSAWEGR;TPYLYFVADGK;LLESGKEAQFPLR	False	False	Ecoli	False	True	False	diann231	Triqler	Triqler	0.2
0.8377	0.9358	P0A738	3.0	0.0001566	-0.0829	0.9358	0.9346	0.9525	1.002	1.02	1.013	1.085	VEVNLQAEPEHNR;HHKGDVFATAR;AEAFVTMR	False	False	Ecoli	False	True	False	diann231	Triqler	Triqler	0.2
0.8379	0.9359	P02943	9.0	7.221e-07	-0.1178	0.9359	0.9883	0.9679	0.9114	1.089	1.002	1.052	GLSQGSGVAFDNEK;NLIEWLPGSTIWAGKR;ITLAQQWQAGDSIWSRPAIR;NLIEWLPGSTIWAGK;SSEAGGSSSFASNNIYDYTNETANDVFDVR;LAQMEINPGGTLELGVDYGR;DGWLFTAEHTQSVLK;VFATYAK;LSLAATR	False	False	Ecoli	False	True	False	diann231	Triqler	Triqler	0.2
0.8381	0.9359	P69908;P69910	16.0	3.749e-08	-0.08085	0.9359	0.973	1.042	0.9033	1.079	0.9831	1.029	DDVAFQIINDELYLDGNAR;DGEDPGYTLYDLSER;GFEMDFAELLLEDYK;GWQVPAFTLGGEATDIVVMR;LKDGEDPGYTLYDLSER;LQGIAQQNSFK;LRGWQVPAFTLGGEATDIVVMR;NWIDKEEYPQSAAIDLR;PAGQVIAQYYEFLR;VQNASYQVAAYLADEIAK;YLSDHPKLQGIAQQNSFK;LMDLSINK;GFEMDFAELLLEDYKASLK;YWDVELR;RFPLHEMR;FPLHEMRDDVAFQIINDELYLDGNAR	False	False		False	False	False	diann231	Triqler	Triqler	0.2
0.8383	0.9365	P0ADI4	2.0	0.004593	-0.08236	0.9362	0.9224	1.045	0.9435	1.035	1.033	1.028	NPTIDAWWK;LTPDADDTVLVK	False	False	Ecoli	False	True	False	diann231	Triqler	Triqler	0.2
0.8384	0.9369	P08395	14.0	1.159e-07	-0.1259	0.9369	0.9834	0.9533	0.92	1.096	1.019	1.038	FITLVADAR;LQENSLFDIVNTIR;LVDALASSAEIEK;QLLGASSDRLQENSLFDIVNTIR;VNSPGGSVTASEVIR;WIGELWQNYLNTVAANR;IAQGHVWTGQDAK;VSTHVFR;DSGKPVYAVGENYSQGQYYLASFANK;AISYYDYALK;QIPAEQVFPGAQGLLEGLTK;SLLDKLK;GALLLDISGVIVDKPDSSQR;NITGIVMDLK	False	False	Ecoli	False	True	False	diann231	Triqler	Triqler	0.2
0.8386	0.937	P76658	22.0	2.159e-08	-0.1005	0.937	0.9731	1.028	0.8983	1.054	1.031	1.024	GALASVQQMIQLAR;GATLLTPNLSEFEAVVGK;INQALSSIGALVLSDYAK;ISPEAPVPVVK;LDFEEGFEGVDPQPLHER;LGTSTVSPIELENAVR;LIADYELSALLVTR;LIAGILPDLLVK;LVGLTGIDDAAR;VNTIEERPGGAANVAMNIASLGANAR;GGDYKPEEIAGSK;LIVAVNSDASTKR;YRGATLLTPNLSEFEAVVGK;VTLPEFER;LIVAVNSDASTK;YWYGPTSR;KAGVPVLIDPK;MKVTLPEFER;SLADVNVK;GDSRPVNPLEQR;SLADVNVKCDFVSVPTHPTITK;AGVPVLIDPK	False	False	Ecoli	False	True	False	diann231	Triqler	Triqler	0.2
0.8388	0.937	P0ADT8	10.0	2.324e-07	-0.08687	0.937	0.9502	1.061	0.9096	1.025	1.023	1.039	LKNELIVAQK;LVGTVNAGEEVTLLQTDANTNYAQVK;TLTDKLTNIDNTWNQR;YVSDELNTWVR;LTNIDNTWNQR;VAQSDSVINGLKEENQK;VDAASVQLDDKQR;SRVPDLENQVK;QLSTEPSLR;TAWIPLK	False	False	Ecoli	False	True	False	diann231	Triqler	Triqler	0.2
0.839	0.9374	O76070ups|SYUG_HUMAN_UPS	3.0	7.164e-05	-0.05337	0.9374	0.9712	0.9712	0.9712	1.101	0.9818	1.01	TVEEAENIAVTSGVVR;TKENVVQSVTSVAEK;TKEQANAVSEAVVSSVNTVATK	False	False	Human	True	False	False	diann231	Triqler	Triqler	0.2
0.8391	0.9375	P0AB24	14.0	2.693e-07	-0.0802	0.9375	0.9844	1.046	0.8891	1.023	1.004	1.064	ALEWEILK;AYVMAETTQLVTDTK;ISGEEDRYSHTDLWDFQANVEGSQK;TQFIIQNHSQK;VVGGAAGLIEEVAASK;ALFGDNTTK;ANPELLAK;GPITALAEDLAQLR;IVDLLRPQLQK;ENIAPGFSQK;KVDTILAK;AFTDAIK;ISELAFPPSK;ALYAPTR	False	False	Ecoli	False	True	False	diann231	Triqler	Triqler	0.2
0.8393	0.9376	P36659	5.0	8.877e-06	-0.08703	0.9376	0.9279	1.058	0.9251	1.012	1.022	1.065	FKEVAEAWEVLSDEQR;YHPDVSKEPDAEAR;KQTGDLYAVLK;VTVPTLK;ESILLTIPPGSQAGQR	False	False	Ecoli	False	True	False	diann231	Triqler	Triqler	0.2
0.8395	0.9378	P0A996	11.0	1.451e-06	-0.08649	0.9378	0.9275	1.062	0.9291	1.027	1.013	1.051	ENYPTSQAIGAPLFR;KQAITNVESIR;QLLDAALK;TLPLKPLPLK;VNPGYPGPK;GLRDHIELATR;YSFGTFR;QAITNVESIR;LKDGALYDEALK;DHIELATR;IGDIIQR	False	False	Ecoli	False	True	False	diann231	Triqler	Triqler	0.2
0.8397	0.9379	P28635	13.0	5.03e-08	0.1068	0.9379	1.047	1.092	0.9755	0.9829	0.934	0.9771	DGIFVEDKESPYVNLIVTR;DKYGLDVELVTFNDYVLPNEALSK;FVQAYQSDEVYEAANK;IKSLDELQDGSQVAVPNDPTNLGR;IVELEAPQLPR;LKDGVGLLPTVLDVVENPK;LVAVGNTFVYPIAGYSK;SLDDAQIALAVINTTYASQIGLTPAK;SLDELQDGSQVAVPNDPTNLGR;VGVIVGAEQQVAEVAQK;LVAVGNTFVYPIAGYSKK;DGVGLLPTVLDVVENPK;SLLLLQK	False	False	Ecoli	False	True	False	diann231	Triqler	Triqler	0.2
0.8398	0.9379	P0AE06	13.0	1.242e-07	-0.0854	0.9379	0.9661	1.055	0.8974	1.027	1.011	1.053	AQAAANIAQLTVNR;AQEVTADNNQQAASGAQPEQSKS;ARLEEGLNPNAILVPQQGVTR;LEEGLNPNAILVPQQGVTR;QEYDQALADAQQANAAVTAAK;TEPLQITTELPGR;VVISGLQK;AIFPNPDHTLLPGMFVR;IAEVRPQVSGIILK;LLGTQYISK;VSLITSDGIK;WLVTEGLK;AQAAANIAQLTVNRYQK	False	False	Ecoli	False	True	False	diann231	Triqler	Triqler	0.2
0.84	0.9379	P09833	1.0	0.3046	0.0829	0.9107	1.018	1.074	1.021	0.9913	0.9218	0.9803	VGYVFQDAR	False	False	Ecoli	False	True	False	diann231	Triqler	Triqler	0.2
0.8402	0.938	P52007	8.0	5.751e-06	-0.07185	0.938	1.041	0.9967	0.8958	1.079	0.9392	1.062	ALALLSDEGLSLPGISVK;ANWQSIDELQDIASDLPR;LPNPTLAVTDGK;YPHEGWEHIEIVLPGDPETLNAR;FHPWSIEEIVASEQSA;LGLNITPLTADHISLR;RLGLNITPLTADHISLR;RYPHEGWEHIEIVLPGDPETLNAR	False	False	Ecoli	False	True	False	diann231	Triqler	Triqler	0.2
0.8403	0.938	P0A7V0	18.0	1.832e-08	-0.09625	0.938	0.9404	1.048	0.9184	1.024	1.013	1.065	AGVHFGHQTR;AVTLYLGAVAATVR;DLETQSQDGTFDK;DLETQSQDGTFDKLTK;DMGGLPDALFVIDADHEHIAIK;ELEKLENSLGGIK;GKILFVGTK;LKDLETQSQDGTFDK;SQDLASQAEESFVEAE;TVPMFNEALAELNK;WLGGMLTNWK;LENSLGGIK;NKVHIINLEK;VHIINLEK;ILFVGTKR;MKPFIFGAR;ILFVGTK;PFIFGAR	False	False	Ecoli	False	True	False	diann231	Triqler	Triqler	0.2
0.8405	0.9381	P0ADN2	6.0	2.361e-06	-0.07389	0.9381	0.8697	1.021	1.007	0.9836	1.021	1.114	HGYAFNELDLGK;HGYAFNELDLGKR;YFDNKHYPR;EAQLLER;FHTLSGGKPQVEGAEDYTDSDD;HGDFTIK	False	False	Ecoli	False	True	False	diann231	Triqler	Triqler	0.2
0.8407	0.9381	P0A729	5.0	1.024e-05	-0.08303	0.9381	0.9914	1.026	0.8746	1.09	0.9957	1.036	SEGFGITLFER;HLSEAEIDNYVR;LILASTSPWR;HLSEAEIDNYVRK;LILASTSPWRR	False	False	Ecoli	False	True	False	diann231	Triqler	Triqler	0.2
0.8409	0.9382	P28248	5.0	1.307e-05	-0.06799	0.9382	1.003	1.06	0.8622	1.033	1.034	1.022	GHTAAFIDLSGPKDEVSAALDR;DIEAWLDEGR;LGLMVHVTAHR;LSINPRPPVER;INGATVDVR	False	False	Ecoli	False	True	False	diann231	Triqler	Triqler	0.2
0.841	0.9382	P0AC84	4.0	1.446e-05	-0.0571	0.9382	1.038	1.035	0.8607	1.03	0.9767	1.075	TEDIDLINVINEETLLQQPEER;NQITLPVILK;FALSILPHDLSINDYYR;QINVFLR	False	False	Ecoli	False	True	False	diann231	Triqler	Triqler	0.2
0.8412	0.9382	P62617	2.0	6.873e-05	-0.0724	0.9382	1.016	1.02	0.8937	1.024	1.08	0.9764	IGHGFDVHAFGGEGPIIIGGVR;GLLAHSDGDVALHALTDALLGAAALGDIGK	False	False	Ecoli	False	True	False	diann231	Triqler	Triqler	0.2
0.8414	0.9384	P37024	1.0	0.05877	-0.0319	0.9346	1.051	0.9885	0.9142	1.121	0.9054	1.038	VPLVLELLSPAQRPLQITR	False	False	Ecoli	False	True	False	diann231	Triqler	Triqler	0.2
0.8415	0.9387	P0A921	6.0	2.067e-06	-0.0749	0.9387	0.984	1.055	0.8877	1.04	1.018	1.025	EAIASYDWAENAR;GILGPNSVLGASYTQK;IGYHLGDAVLSAK;LYTQVYSGYGESLIDYNFNQTR;FQLSLAFPLWR;GQYNWNTGYGGAELGLSYPITK	False	False	Ecoli	False	True	False	diann231	Triqler	Triqler	0.2
0.8417	0.9387	P18843	14.0	6.423e-08	-0.08411	0.9387	0.9658	1.052	0.9017	1.044	0.9951	1.051	RPPITVFDDFWK;SLVLGISGGQDSTLAGK;YGDGGTDINPLYR;EAGIELSDFVR;GAVLASEQALR;TIENWYLK;VLTVNIK;PQINAEEEIRR;SYLQTYPFIK;LETGNESLQFIAVR;GAVLASEQALREAGIELSDFVR;MTLQQQIIK;TLQQQIIK;AQYSIAGMTSGVVVGTDHAAEAITGFFTK	False	False	Ecoli	False	True	False	diann231	Triqler	Triqler	0.2
0.8419	0.9388	P62601	2.0	0.001229	-0.05185	0.9388	1.032	0.9533	0.8667	1.185	0.974	1.015	MDPLDILIR;AGAASGWDYSSR	False	False	Ecoli	False	True	False	diann231	Triqler	Triqler	0.2
0.842	0.9388	P0AFJ1	4.0	1.77e-05	-0.08333	0.9388	0.9535	1.032	0.9142	1.033	1.018	1.057	DANGNLLADGDSVTIIK;LKSEFVK;IDGFGPMK;DANGNLLADGDSVTIIKDLK	False	False	Ecoli	False	True	False	diann231	Triqler	Triqler	0.2
0.8422	0.9389	P16528	5.0	6.567e-06	-0.05588	0.9389	0.96	1.087	0.8991	0.9978	0.9825	1.087	AFLAQLSEEQVTK;KPAVATAPATGQVQSLTR;NLLAIVHPILR;GYSFDDEEHALGLR;LLEWIAESNGSVALTELAQQAGLPNSTTHR	False	False	Ecoli	False	True	False	diann231	Triqler	Triqler	0.2
0.8424	0.9392	P0A9I1	14.0	1.074e-07	-0.08847	0.9392	0.9755	1.037	0.8983	1.043	1.002	1.052	EPGSTGLLAAIESPLGITR;LIGIALGAEDYVR;SAGIQAFDTVYSDANNEAGFLQEAAHIK;SPEGTELLFAR;VNALDSEWGVNDLEAVVR;QIDLLHNLYAPTQK;RVVEAAEAAAR;TDTAQDVLDIEKEILR;AELSGIREE;EGLGVVSLNGK;MVYHALQHPLYR;MVDGPVIDR;DIETIVR;TERSPEGTELLFAR	False	False	Ecoli	False	True	False	diann231	Triqler	Triqler	0.2
0.8425	0.9393	P76520	2.0	0.0003152	-0.06837	0.9393	0.9182	1.03	0.9693	1.022	0.9952	1.073	LALFHGDPEK;ELTNEASALLSDDSTEWAK	False	False	Ecoli	False	True	False	diann231	Triqler	Triqler	0.2
0.8427	0.9393	P0ABG4	1.0	0.00436	0.03593	0.9391	1.112	1.022	0.9161	1.083	0.957	0.9268	WIDLGLLR	False	False	Ecoli	False	True	False	diann231	Triqler	Triqler	0.2
0.8429	0.9394	P0A6K3	6.0	1.432e-06	-0.07938	0.9394	0.9669	1.061	0.8878	1.055	1.015	1.025	IIVIDVSENRDER;LFMDYLSPLK;LVLINPELLEK;SVLQVLHIPDER;VAKPVEEVNAEIQR;IVDDMFETMYAEEGIGLAATQVDIHQR	False	False	Ecoli	False	True	False	diann231	Triqler	Triqler	0.2
0.843	0.9395	P75876	13.0	1.423e-07	-0.07476	0.9395	0.9858	1.051	0.8839	1.024	1.004	1.062	DVQFIEQFR;RHPWVFSGAVAR;TGYYLDQR;AEFVRDDVFK;ASLGETIDIVDHQGK;GAYSPASQIR;IIADAAIDAGRDVQFIEQFR;IIADAAIDAGR;LLVDIQHGHK;QAADHPVIATYPEGLYLK;HPWVFSGAVAR;QNVELNKLDLSK;FGNFLVLQLLSAGAEYQR	False	False	Ecoli	False	True	False	diann231	Triqler	Triqler	0.2
0.8432	0.9397	P06959	37.0	1.539e-09	-0.08233	0.9397	0.9618	1.044	0.9169	1.039	0.9837	1.063	AEAAPAATGGGIPGMLPWPK;AEGKSEFAENDAYVHATPLIR;AIEIKVPDIGADEVEITEILVK;AVAAALEQMPR;DVNVPDIGSDEVEVTEILVK;EDVQAYVK;EFGVNLAK;FITIINNTLSDIR;FNSSLSEDGQR;KYINIGVAVDTPNGLVVPVFK;QEAAPAAAPAPAAGVK;SEFAENDAYVHATPLIR;VPDIGADEVEITEILVK;YINIGVAVDTPNGLVVPVFK;EVNVPDIGGDEVEVTEVMVK;FGEIEEVELGR;FITIINNTLSDIRR;ITPVVFIMK;RAEAAPAATGGGIPGMLPWPK;TDITELEAFRK;VDFSKFGEIEEVELGR;KGIIELSR;ELMTISKK;LMLPISLSFDHR;EAAPAAAPAAAAAK;NWVMIPHVTHFDKTDITELEAFR;ILREDVQAYVK;SAMEPVWNGKEFVPR;ELMTISK;SAMEPVWNGK;TDITELEAFR;TGSLIMIFEVEGAAPAAAPAK;VNVGDKVSTGSLIMVFEVAGEAGAAAPAAK;ELKVNVGDK;GIIELSR;SEFAENDAYVHATPLIRR;NWVMIPHVTHFDK	False	False	Ecoli	False	True	False	diann231	Triqler	Triqler	0.2
0.8433	0.9397	P22255	7.0	1.397e-06	-0.08335	0.9397	0.9768	1.049	0.8898	1.075	0.9904	1.03	ADNSPVTAADIAAHTVIMDGLR;ESFLNPGFR;YWLVDPLDGTK;DARPPLVVISR;SHADAELKEYLQQLGEHQTTSIGSSLK;YWLVDPLDGTKEFIK;TLTPDVPVLSEEDPPGWEVR	False	False	Ecoli	False	True	False	diann231	Triqler	Triqler	0.2
0.8435	0.9398	P0A7B8	7.0	9.159e-06	-0.07456	0.9398	0.9869	1.003	0.9213	0.9862	0.9755	1.14	ALLENTELSAR;TTIVSVRR;KLEMHQGHLVK;LYNDKVIAGFAGGTADAFTLFELFER;VIAGFAGGTADAFTLFELFER;TTIVSVR;AAVELAKDWR	False	False	Ecoli	False	True	False	diann231	Triqler	Triqler	0.2
0.8437	0.9399	P31473	6.0	1.061e-05	0.04377	0.9399	1.076	1.087	0.8963	1.044	0.9293	0.9839	AGPAILNTLLTAINER;LLQASAFFSGR;AHPHLLAER;IEASLQDVGAQIR;LLVAASNELPEADSSLEALYDR;LGAIVQR	False	False	Ecoli	False	True	False	diann231	Triqler	Triqler	0.2
0.8438	0.9399	P75954	3.0	0.0002387	-0.06846	0.9399	1.021	1.013	0.8757	1.038	0.9928	1.072	EGIVINIAELR;AGSVLTIPLQTLLPDAPR;TLFSQVTPGTK	False	False	Ecoli	False	True	False	diann231	Triqler	Triqler	0.2
0.844	0.94	P03004	12.0	8.093e-07	0.01	0.94	1.01	1.097	0.93	1.036	0.8833	1.061	SGWDNVPAPAEPTYR;VIANANFTGR;SVDALLIDDIQFFANK;ALQNNAIEEFKR;FVLDWVR;AITIDFVR;QVADNPGGAYNPLFLYGGTGLGK;HTFDNFVEGK;LVTIDNIQK;ELTNHSLPEIGDAFGGR;FGWGLTVAIEPPELETR;SVDALLIDDIQFFANKER	False	False	Ecoli	False	True	False	diann231	Triqler	Triqler	0.2
0.8442	0.94	P09394	13.0	1.847e-07	-0.08758	0.94	0.9451	1.049	0.9226	0.998	1.018	1.077	AGVNGLFTDFPDK;GASGYLPEHTLPAK;LTGMVQDAQQNK;NIGIYPEIK;VHTFEEEIEFVQGLNHSTGK;YYAIDFTLDEIK;APWFHHQEGKDIAAK;VTDVADRFPDR;SDKLPEYTPDVNQLYDALYNK;APWFHHQEGK;QVAEYADGIGPDYHMLIEETSQPGNIK;LVVHPYTVR;FTEGFDIENGKK	False	False	Ecoli	False	True	False	diann231	Triqler	Triqler	0.2
0.8443	0.94	P10636-8ups|TAU_HUMAN_UPS	3.0	0.0001193	-0.0582	0.94	0.9716	0.9716	0.9716	1.055	0.9762	1.059	SGYSSPGSPGTPGSR;STPTAEDVTAPLVDEGAPGK;IGSLDNITHVPGGGNK	False	False	Human	True	False	False	diann231	Triqler	Triqler	0.2
0.8445	0.94	P0A8N0	2.0	6.976e-05	0.004376	0.94	1.163	0.9839	0.9057	1.081	0.9279	0.9622	TLSETIVQLIEDAENKEK;SIDLEFIVWQR	False	False	Ecoli	False	True	False	diann231	Triqler	Triqler	0.2
0.8446	0.9401	P0ABK5	23.0	5.841e-09	-0.1025	0.9401	0.9512	1.034	0.9143	1.036	1.011	1.061	AEEIVASNPEK;AEEIVASNPEKYLLLQQFSNPANPEIHEK;GAIQKAEEIVASNPEK;GVLKPGVELVEPTSGNTGIALAYVAAAR;IFEDNSLTIGHTPLVR;IQGIGAGFIPANLDLK;LMEEEGILAGISSGAAVAAALK;LQEDESFTNK;LQEDESFTNKNIVVILPSSGER;LTLTMPETMSIER;LVDKVIGITNEEAISTAR;NIVVILPSSGER;RLMEEEGILAGISSGAAVAAALK;SKIFEDNSLTIGHTPLVR;VIGITNEEAISTAR;YLLLQQFSNPANPEIHEK;YLSTALFADLFTEK;YLSTALFADLFTEKELQQ;NPSFSVK;IGANMIWDAEKR;VIGITNEEAISTARR;ALGANLVLTEGAK;LTLTMPETMSIERR	False	False	Ecoli	False	True	False	diann231	Triqler	Triqler	0.2
0.8448	0.9403	P0AC98	1.0	0.03753	0.02944	0.9379	1.044	1.137	0.8702	0.9155	0.9873	1.07	TVLPIGESH	False	False	Ecoli	False	True	False	diann231	Triqler	Triqler	0.2
0.845	0.9403	P63224	9.0	4.866e-07	-0.1042	0.9403	0.9567	1.024	0.9063	1.05	1.006	1.065	AAVLLADSFK;EGDVLLGISTSGNSANVIK;MAGTADIEIR;NELNEAAETLANFLKDDANIHAIQR;VITLTGK;YVEAVGREGDVLLGISTSGNSANVIK;VPHFGYADR;MYQDLIR;DDANIHAIQR	False	False	Ecoli	False	True	False	diann231	Triqler	Triqler	0.2
0.8451	0.9403	P13482	3.0	0.0003746	-0.05919	0.9403	1.047	0.9692	0.8952	1.071	1.016	1.011	SAAASGWDFSSR;EHIDGLWPVLTR;SNPNRPATEIYR	False	False	Ecoli	False	True	False	diann231	Triqler	Triqler	0.2
0.8453	0.9405	P37651	5.0	5.096e-06	-0.0894	0.9405	0.9473	1.031	0.9217	1.039	0.9801	1.091	FGAPWTTLR;FNPSYLPPTLAQYFTR;VGFAEDNSWR;GFSPDWVR;LLLETAPK	False	False	Ecoli	False	True	False	diann231	Triqler	Triqler	0.2
0.8454	0.9406	P0AAG3	1.0	0.06351	0.02525	0.9366	0.8834	1.177	0.995	0.9761	0.995	0.995	VGLSAHANKFPAQLSGGQQQR	False	False	Ecoli	False	True	False	diann231	Triqler	Triqler	0.2
0.8456	0.9407	P76344	1.0	0.03603	0.05112	0.9385	1.002	1.071	1.036	1.096	0.8329	0.9847	YIQFSDHIIAPR	False	False	Ecoli	False	True	False	diann231	Triqler	Triqler	0.2
0.8458	0.9407	P0AB01	1.0	0.2218	-0.05552	0.9238	0.9952	0.9512	0.9952	0.9952	0.9952	1.072	LIFTGGVAK	False	False	Ecoli	False	True	False	diann231	Triqler	Triqler	0.2
0.8459	0.9408	P23857	2.0	0.0002506	-0.07955	0.9407	0.9842	1.017	0.9049	1.015	1.049	1.037	IATAVPDKNDTVK;VPEQYQQEHVQGAINIPLKEVK	False	False	Ecoli	False	True	False	diann231	Triqler	Triqler	0.2
0.8461	0.9408	P32695	7.0	6.568e-06	-0.08186	0.9408	0.9264	1.061	0.9308	0.9858	1.039	1.067	AGADINVLEHALK;ELSQGTYLGHITR;DVVSIPVTVK;HMLGLFQGIPGAR;KAWLSGLSPK;EIPPLDYPR;NTLLYTEMVTTGAIIHGK	False	False	Ecoli	False	True	False	diann231	Triqler	Triqler	0.2
0.8462	0.9409	P10408	37.0	2.526e-09	-0.08076	0.9409	0.9777	1.042	0.8992	1.059	0.9957	1.035	AHALFTR;DGEVIIVDEHTGR;EAYAADITYGTNNEYGFDYLR;EGVQIQNENQTLASITFQNYFR;GEVLENLIPEAFAVVR;GLVLIEELLVK;GQPVLVGTISIEK;GVHVVTVNDYLAQR;HFDVQLLGGMVLNER;ILAQSIEVYQR;IQAIIEDIKER;KLHYALVDEVDSILIDEAR;LAQMQQLSHQDDDSAAAAALAAQTGER;LEKGEVLENLIPEAFAVVR;LHYALVDEVDSILIDEAR;NELLDVSDVSETINSIR;TLTATLPAYLNALTGK;NELLDVSDVSETINSIREDVFK;RWSDGLHQAVEAK;SELVSNELTK;QLLEYDDVANDQRR;QEKEDSETFQGEGHFSVDEK;TPLIISGPAEDSSEMYKR;DNMAFSPEER;FHANEAAIVAQAGYPAAVTIATNMAGR;GTDIVLGGSWQAEVAALENPTAEQIEK;IIPHLIR;IKADWQVR;LDTVVVPTNRPMIR;MPEEVEELEQQR;AGIKHNVLNAK;DLPDLVYMTEAEK;GQPVLVGTISIEKSELVSNELTK;FYLSMEDALMR;MPEEVEELEQQRR;YEVISTLSK;KEEVVGAEMMR	False	False	Ecoli	False	True	False	diann231	Triqler	Triqler	0.2
0.8464	0.9411	P37325	2.0	0.01031	-0.04259	0.9404	0.932	0.9832	1.053	1.005	0.9063	1.139	YGDAFTQPEQR;LQGFDTLVLQWTR	False	False	Ecoli	False	True	False	diann231	Triqler	Triqler	0.2
0.8465	0.9411	P18355	1.0	0.3094	-0.08433	0.9148	0.9614	0.9846	0.9682	0.9917	1.036	1.062	SQAVRLPK	False	False	Ecoli	False	True	False	diann231	Triqler	Triqler	0.2
0.8467	0.9412	P01008ups|ANT3_HUMAN_UPS	3.0	0.0001918	-0.04698	0.9412	0.9739	0.9739	0.9739	1.008	0.9908	1.084	ANRPFLVFIR;TSDQIHFFFAK;LQPLDFKENAEQSR	False	False	Human	True	False	False	diann231	Triqler	Triqler	0.2
0.8468	0.9413	P03007	3.0	0.008155	0.02367	0.9408	1.139	1.014	0.8534	1.001	1.013	1.001	VTDSLAVAR;IIEIGAVEVVNRR;LDLVQKK	False	False	Ecoli	False	True	False	diann231	Triqler	Triqler	0.2
0.847	0.9413	P42641	7.0	7.632e-07	-0.05612	0.9413	1.002	1.063	0.8761	1.045	0.998	1.028	AIAEALGWEDKYYLISAASGLGVK;GGWHGLGNTR;SFVVADIPGLIEGAAEGAGLGIR;VADYPFTTLVPSLGVVR;VLLHLIDIDPIDGTDPVENAR;IIISELEK;DVTIKVPVGTR	False	False	Ecoli	False	True	False	diann231	Triqler	Triqler	0.2
0.8472	0.9415	P24193	5.0	3.061e-05	-0.08311	0.9415	0.9725	1.043	0.8874	1.056	1.023	1.029	AAGIAIVTGDTK;TLDLPHAEPLPR;AVVTSMAETAR;LDLAQLVAEGDR;DAALIGEVVER	False	False	Ecoli	False	True	False	diann231	Triqler	Triqler	0.2
0.8473	0.9415	P31663	13.0	3.699e-07	-0.02548	0.9415	1.04	1.073	0.8557	1.034	1.021	0.9928	AVILVAAWLGDAR;KVDLVFAPSVK;MLIIETLPLLR;RAVILVAAWLGDAR;DFQQLALIR;KIAPGLYK;AKDGLALSSR;DLDEIITIAGQELNEK;NGYLTAEQR;VDLVFAPSVK;LIIETLPLLR;VLSSIADKLQAGER;IAPGLYK	False	False	Ecoli	False	True	False	diann231	Triqler	Triqler	0.2
0.8475	0.9417	P45531	3.0	0.0003341	-0.05655	0.9417	1.04	0.9567	0.9397	1.087	0.9682	1.016	ELANYDVILRF;GLDPQTPFVVEATPLEADALRR;DYIATFK	False	False	Ecoli	False	True	False	diann231	Triqler	Triqler	0.2
0.8476	0.9417	P41052	4.0	8.435e-05	0.05676	0.9417	1.03	1.099	0.924	1.064	0.9786	0.9182	ILDALATLSFNYPR;QQLQEILSQAK;RLDSVLR;YSISQLAAAGLTPQQPLGNHQQASLLR	False	False	Ecoli	False	True	False	diann231	Triqler	Triqler	0.2
0.8478	0.9418	P30864	1.0	0.3374	-0.05748	0.9122	0.9941	0.9383	0.9941	1.091	0.9941	0.9941	AAEQLGQANSAVSR	False	False	Ecoli	False	True	False	diann231	Triqler	Triqler	0.2
0.8479	0.9419	P31545	4.0	0.0003453	-0.05162	0.9419	0.88	1.13	0.9498	1.021	1.003	1.033	FAFLTQGGAAPETPNPR;EGFISDHAAR;ETPINLLGFK;HTPDLLSVR	False	False	Ecoli	False	True	False	diann231	Triqler	Triqler	0.2
0.8481	0.942	P0A8P3	9.0	6.979e-07	-0.1113	0.942	0.9318	1.006	0.9414	1.075	1.004	1.051	EAEGQDFQLYPGELGK;EVHIEGYTPEDKK;LLEQEMVNFLFEGK;EAWAQWQHK;KLLEQEMVNFLFEGK;RIYNEISK;QTMLINEK;EAEGQDFQLYPGELGKR;IYNEISKEAWAQWQHK	False	False	Ecoli	False	True	False	diann231	Triqler	Triqler	0.2
0.8482	0.942	P30177	8.0	3.056e-06	-0.1017	0.942	0.9513	1.027	0.9119	1.052	1.055	1.011	LSSVSHPEYIGR;VLTETIFELMGITPTLHGGQAQAK;LATPFAEGEALR;ALLMHGTEGEVYANPQR;FFSDIGGR;DPETTAQWIER;IIKEIGR;QDTAGSELLPQAK	False	False	Ecoli	False	True	False	diann231	Triqler	Triqler	0.2
0.8484	0.942	P0AFR2	3.0	0.000393	0.06805	0.942	1.086	1.093	0.8464	0.9929	0.9958	1.007	WDAVPVLDAGGLDAFQR;AGIQPIPGR;LAPVVVDVPDDVLVLR	False	False	Ecoli	False	True	False	diann231	Triqler	Triqler	0.2
0.8485	0.942	P77182	3.0	0.0006068	-0.08396	0.942	0.9788	1.018	0.8989	1.054	0.9851	1.075	FFSNAFTFAR;LHFISFEKFPLTR;LARPGGTLATFTSAGFVR	False	False	Ecoli	False	True	False	diann231	Triqler	Triqler	0.2
0.8487	0.942	P41409	5.0	1.98e-05	-0.08476	0.942	0.9652	1.038	0.8941	1.034	1.005	1.075	QGFVDLLADR;QGFVDLLADRLK;MLTLLNR;WVGVETQGK;AQIHVEDTER	False	False	Ecoli	False	True	False	diann231	Triqler	Triqler	0.2
0.8488	0.9423	P62623	8.0	6.002e-06	0.01627	0.9423	1.028	1.116	0.8896	1.015	0.9992	0.9657	AISIVENALAIYGAPIYVR;MQILLANPR;GAIFIEQISEVPDGAILIFSAHGVSQAVR;VDIREVD;LQQLGGGEAIPLEGREENIVFEVPK;LQQLGGGEAIPLEGR;YVVDSLR;ALAEQAEVVLVVGSK	False	False	Ecoli	False	True	False	diann231	Triqler	Triqler	0.2
0.849	0.9423	P30860	1.0	0.03603	-0.06261	0.9402	0.9944	0.9738	0.9668	0.9944	1.015	1.058	TNPQLGVATEK	False	False	Ecoli	False	True	False	diann231	Triqler	Triqler	0.2
0.8491	0.9424	P62768	12.0	9.484e-08	-0.06768	0.9424	0.931	1.061	0.9423	0.9915	0.9965	1.087	EVQEISPNLR;HLESVVTNK;ISEIEADLEK;ISEIEADLEKLTR;KTVVADGVGQGYK;SLGITNPEEIDR;TVVADGVGQGYKEVQEISPNLR;TVVADGVGQGYK;DKGEFFAK;SLGITNPEEIDRYSLR;YSLRQEANNDILK;KILDDLR	False	False	Ecoli	False	True	False	diann231	Triqler	Triqler	0.2
0.8493	0.9424	P76112	1.0	0.001078	-0.05991	0.9424	0.9381	1.046	0.9415	1.014	1.015	1.052	IAWFEAR	False	False	Ecoli	False	True	False	diann231	Triqler	Triqler	0.2
0.8494	0.9425	P32166	1.0	0.1374	0.06013	0.9333	1.038	1.048	0.9907	1.052	0.9661	0.9125	TQAWLESLRPK	False	False	Ecoli	False	True	False	diann231	Triqler	Triqler	0.2
0.8496	0.9426	P02919	14.0	8.602e-07	-0.0498	0.9426	0.9822	1.075	0.894	1.026	0.9697	1.065	IFTTFDSVAQDAAEK;SGFPDLLVDTLLATEDR;LNTWIADAPIALR;AVLANLTAGR;KLSDLETAIVVVDR;NLFLSSER;VMLVDALTR;TVQGASTLTQQLVK;RPFDFPDSK;VWQLPAAVYGR;GGVISPQPAFMQLVR;PFDFPDSK;VLYQSFPQAER;LLEATQYR	False	False	Ecoli	False	True	False	diann231	Triqler	Triqler	0.2
0.8497	0.9426	P0A867	13.0	1.002e-07	-0.06992	0.9426	0.9755	1.057	0.8949	1.045	0.9845	1.053	AAGLSQYEHLIDDAIAWGK;HLVDLYQQQGVEK;IYDWYQAR;LAVNFGAEILK;LTIAPNLLK;QFTTVVADSGDIESIR;AAGLSQYEHLIDDAIAWGKK;HYHPQDATTNPSLLLK;LASTWEGIR;LFAVDQR;MNELDGIKQFTTVVADSGDIESIR;KPMDPYVVEEDPGVK;NIYDYYK	False	False	Ecoli	False	True	False	diann231	Triqler	Triqler	0.2
0.8499	0.9428	P27306	5.0	7.769e-05	-0.1016	0.9428	0.8987	1.002	0.985	1.05	1.013	1.06	SSFADILNHADNVINQQTR;IIEFNQNPLYSDHSR;IAAQALVK;VAALNGLNR;TGNTDSLALQNIGLETDSR	False	False	Ecoli	False	True	False	diann231	Triqler	Triqler	0.2
0.8499	0.9428	decoy_P75779	1.0	0.1674	-0.06069	0.9313	0.9942	0.9468	0.9942	0.9942	1.022	1.052	EGLEQAEWVDQR	False	False		False	False	False	diann231	Triqler	Triqler	0.2
0.85	0.9429	P0AEJ4	1.0	0.1088	-0.001563	0.9359	1.087	0.9315	0.9914	1.102	0.9914	0.9117	AWLPVPVTR	False	False	Ecoli	False	True	False	diann231	Triqler	Triqler	0.2
0.8502	0.9429	P52076	6.0	1.495e-05	-0.08191	0.9429	1.006	0.9847	0.9312	0.9798	1.075	1.029	EFALLELLMR;GQREPVLILTAR;KLGSDFIR;IATLAGEPLTLKPK;TVHGIGYTLGEK;LGSDFIR	False	False	Ecoli	False	True	False	diann231	Triqler	Triqler	0.2
0.8503	0.9429	P0A6M4	3.0	0.0002081	-0.0896	0.9429	0.9639	0.97	0.9697	0.9992	1.032	1.069	GASPDRAEALYDYFVER;AEALYDYFVER;MIALIQR	False	False	Ecoli	False	True	False	diann231	Triqler	Triqler	0.2
0.8505	0.943	P33018	1.0	0.001101	0.004419	0.9429	1.119	0.9005	0.9897	1.055	0.9604	0.9897	IQPGYDHSYYFIASFIEDHLR	False	False	Ecoli	False	True	False	diann231	Triqler	Triqler	0.2
0.8506	0.943	P0A7U3	7.0	1.056e-06	-0.08592	0.943	0.9842	1.039	0.8871	1.051	1.013	1.036	QHVPVFVTDEMVGHK;RSTIFPNMIGLTIAVHNGR;STIFPNMIGLTIAVHNGR;GPFIDLHLLK;KGPFIDLHLLK;LGEFAPTR;GPFIDLHLLKK	False	False	Ecoli	False	True	False	diann231	Triqler	Triqler	0.2
0.8507	0.9432	P0AAV6	1.0	0.03989	-0.04878	0.9408	0.9958	0.9958	0.9512	0.9958	0.9945	1.071	VQTGDGINNDVDTKTDGTTQ	False	False	Ecoli	False	True	False	diann231	Triqler	Triqler	0.2
0.8509	0.9432	P0AA86	1.0	0.000912	-0.05868	0.9432	0.9358	1.042	0.9493	1.046	0.9929	1.039	AEHQYLNQLSAQGIR	False	False	Ecoli	False	True	False	diann231	Triqler	Triqler	0.2
0.851	0.9433	P08201	20.0	3.549e-08	-0.05705	0.9433	0.9777	1.077	0.8929	1.042	0.9806	1.042	GAVVGGGLLGLEAAGALK;NTLEIVQEGVEAR;RGAVVGGGLLGLEAAGALK;VFGLVAPGYK;YGVGDSVGLGVELENR;QELFHLIR;TAPWLENLEGGIDYLK;TFEELLAK;FADGSELEVDFIVFSTGIRPR;MAQVAVDHILGSENAFEGADLSAK;LAMFGAQKDDLPEIWR;LLGVDVGGIGDAHGR;EFNLYTK;DGTYSVIPR;IPVTLVEDNA;SPGGEITPEGLMAVGR;VHLSSYFSHHTAEELSLVR;DDLPEIWR;VEGIKTFEELLAK;DVGIIATEK	False	False	Ecoli	False	True	False	diann231	Triqler	Triqler	0.2
0.8512	0.9433	P40874	13.0	1.154e-07	-0.09509	0.9433	0.9605	1.026	0.9176	1.075	0.9856	1.043	FASVLGEIAADFAQDKK;SDFDLTPFR;VFAWYQADGR;VPDNYIGLFETDSGFLR;HAYGEGEKYVPLVLR;WPEIRVPDNYIGLFETDSGFLR;KVFAWYQADGR;DLLPELPVQPVRK;NKFPAFTGELPNGDQYYGFPAENDALK;LDAQGIMAR;TWIQLAK;YVPLVLR;DLLPELPVQPVR	False	False	Ecoli	False	True	False	diann231	Triqler	Triqler	0.2
0.8513	0.9434	P07024	13.0	3.349e-07	-0.1063	0.9434	0.9578	1.019	0.9093	1.035	1.017	1.071	FPLLSANIYQK;IAVIGLTTDDTAK;IGNPEYFTDIEFR;LDNKPGYVNTGFIDAEVLK;MATLNFNATGGDGYPR;NEYGEYGLAAQK;VLYTPEIAENQQMISLLSPFQNK;SSPLDVSVYEPK;FVQTNMGR;TLVDGIRK;ITVLHTNDHHGHFWR;IKGEPVDPAK;LNDLKIK	False	False	Ecoli	False	True	False	diann231	Triqler	Triqler	0.2
0.8515	0.9434	P32680	7.0	6.687e-06	-0.07419	0.9434	1.013	0.9775	0.914	1.139	0.9835	0.9861	ILDLIWETLTVK;LSGETLEHAVEVSK;ILDLIWETLTVKDAK;EAGESNIGIIFQQ;TSITTVAMLEMTQAGR;RILDLIWETLTVK;MLQNPIHLR	False	False	Ecoli	False	True	False	diann231	Triqler	Triqler	0.2
0.8516	0.9434	P0A8Y5	8.0	3.092e-07	-0.07797	0.9434	1.014	1.024	0.8788	1.039	1.009	1.045	AADGSTVAQTALSYDDYR;GVNVVLTTGRPYAGVHNYLK;LIAIDMDGTLLLPDHTISPAVK;EVGSHFHALDR;SAPYFLEILDK;SAPYFLEILDKR;SNLEDGVAFAIEK;EVANFVTK	False	False	Ecoli	False	True	False	diann231	Triqler	Triqler	0.2
0.8517	0.9435	P0AGM5	1.0	0.0009186	-0.04138	0.9434	1.002	1.032	0.9028	1.077	0.9298	1.07	LSDALWLDQVLK	False	False	Ecoli	False	True	False	diann231	Triqler	Triqler	0.2
0.8519	0.9435	P0AAV4	2.0	0.0002842	0.0514	0.9435	1.051	1.07	0.9491	1.043	0.9976	0.8997	WWEESEALEPESR;NPESLALDAIER	False	False	Ecoli	False	True	False	diann231	Triqler	Triqler	0.2
0.852	0.9436	P0A763	6.0	1.29e-06	-0.1201	0.9436	0.9495	0.999	0.9265	1.047	1.017	1.069	ADYADSLTENGTHGSDSVESAAR;DLLGATNPANALAGTLR;HRDLLGATNPANALAGTLR;TFSIIKPNAVAK;FEAAGFK;MLHLTVEQAR	False	False	Ecoli	False	True	False	diann231	Triqler	Triqler	0.2
0.8522	0.9437	P0ADN6	1.0	0.1188	-0.03042	0.9361	0.9654	0.9942	0.9942	0.9378	0.9942	1.124	ATGDGPSQVNY	False	False	Ecoli	False	True	False	diann231	Triqler	Triqler	0.2
0.8523	0.9437	P76204	2.0	0.00101	-0.06991	0.9437	0.9279	1.061	0.9292	0.9909	1.036	1.064	AVFDGLFTR;SFEPFIR	False	False	Ecoli	False	True	False	diann231	Triqler	Triqler	0.2
0.8525	0.9437	P46859	2.0	0.008103	-0.03489	0.9433	1.063	1.042	0.8125	0.9906	1.079	1.039	SAVASEVAHQLHAAFLDGDFLHPR;GDFDVIESR	False	False	Ecoli	False	True	False	diann231	Triqler	Triqler	0.2
0.8526	0.9438	P23882	8.0	1.378e-06	-0.1023	0.9438	0.9435	1.027	0.9213	1.05	1.016	1.05	IDWSLSAAQLER;IIFAGTPDFAAR;REWFVPGNR;EWFVPGNR;QLADGTAKPEVQDETLVTYAEK;AVLEMPR;LAELGPQGLITTLK;PEVQDETLVTYAEK	False	False	Ecoli	False	True	False	diann231	Triqler	Triqler	0.2
0.8527	0.9439	P67601	1.0	0.004873	-0.03218	0.9437	1.033	1.013	0.9125	1.098	0.8977	1.063	NGPTLLAIPLLR	False	False	Ecoli	False	True	False	diann231	Triqler	Triqler	0.2
0.8529	0.944	P20083	6.0	1.285e-06	-0.09285	0.944	0.9623	1.04	0.9043	1.061	0.9881	1.055	LSAEDIWDR;NTGTSVHFWPDETFFDSPR;TELFLVEGDSAGGSAK;TQTYNADAIEVLTGLEPVR;TQTYNADAIEVLTGLEPVRR;HGHVYVALPPLYR	False	False	Ecoli	False	True	False	diann231	Triqler	Triqler	0.2
0.853	0.944	P0C960	1.0	0.0009349	0.03971	0.944	1.061	1.062	0.9033	0.9666	1.067	0.9525	AGAAWGVDPQLITAIIAIESGGNPNAVSK	False	False	Ecoli	False	True	False	diann231	Triqler	Triqler	0.2
0.8532	0.9441	P0AEI6	5.0	1.312e-05	-0.0992	0.9441	0.9507	1.011	0.9333	1.026	0.9962	1.091	ALWNQPAGHLEADETLVEAAAR;WVSAEEILQASNLR;ELWEETGISAQPQHFIR;SPLVAESIR;FLVVEETINGK	False	False	Ecoli	False	True	False	diann231	Triqler	Triqler	0.2
0.8533	0.9441	P07330	5.0	0.0002643	-0.08578	0.9441	0.9531	1.029	0.9238	1.014	1.02	1.068	LIAIGASTGGTEAIR;ALELGAIDFVTKPQLGIR;VLPGHAYIAPGDR;AGPLLSSEK;ISAGQAIRI	False	False	Ecoli	False	True	False	diann231	Triqler	Triqler	0.2
0.8534	0.9442	P0A951	4.0	6.848e-05	-0.0619	0.9442	1.037	0.9294	0.9295	1.049	0.9801	1.086	YVHQLDNNASVMR;AGLVELVEINHVHR;LYLIVDKENEK;RAEFQIIISPEYQGK	False	False	Ecoli	False	True	False	diann231	Triqler	Triqler	0.2
0.8536	0.9444	P31133	3.0	0.006797	-0.02111	0.9441	0.9735	1.073	0.9227	0.9503	0.996	1.096	VVYDVFDSNEVLEGK;NLDPELLK;AVLGENAPVDSWDLILKPENLEK	False	False	Ecoli	False	True	False	diann231	Triqler	Triqler	0.2
0.8537	0.9447	P67338	1.0	0.05877	-0.02327	0.9413	0.9876	1.088	0.8823	0.9517	1.028	1.077	IVARFEDEDE	False	False	Ecoli	False	True	False	diann231	Triqler	Triqler	0.2
0.8538	0.9447	P18133	10.0	1.635e-06	-0.09811	0.9447	0.9114	1.023	0.969	1.078	1.006	1.021	ADYLNWLR;VQLSFGIGTR;HDSGDPVEWGEK;DFGVEFASR;TLVFSDNLDLRK;LVDFSALTAGLDMSR;LQQESWFVGTSNYDLAR;TLVFSDNLDLR;EVQETIVKR;LGIDPQSK	False	False	Ecoli	False	True	False	diann231	Triqler	Triqler	0.2
0.854	0.9448	P77748	5.0	5.239e-06	-0.04799	0.9448	1.006	1.077	0.855	1.015	1.003	1.061	ILTGSEGTLAFITEAR;YSSLIFTPR;TFNFFINQPLVR;STADVALIAR;GVDPLKLEQELPESGVSLR	False	False	Ecoli	False	True	False	diann231	Triqler	Triqler	0.2
0.8541	0.9449	Q47319	2.0	0.00815	-0.01299	0.9445	1.069	1.03	0.8514	1.092	0.9342	1.045	LIADILPDTVAFQWSR;TENAVLQLR	False	False	Ecoli	False	True	False	diann231	Triqler	Triqler	0.2
0.8543	0.945	P76027	5.0	2.575e-05	-0.1019	0.945	0.9597	1.013	0.9149	1.058	1.022	1.04	AGETLGIVGESGSGK;VTFSTPDGDVTAVNDLNFSLR;SQTAFALMGLLAANGR;DVFYQPVHPYSIGLLNAVPR;AEAFEESVR	False	False	Ecoli	False	True	False	diann231	Triqler	Triqler	0.2
0.8544	0.945	P0A6F3	20.0	2.233e-08	-0.08435	0.945	0.9422	1.049	0.9291	1.041	0.9872	1.06	ADISSDQIAAIGITNQR;ATLESIAYQTR;DVLEAMQADSGIR;GVNANHIIR;SSEVYGQTNIGGK;VDGGAVANNFLMQFQSDILGTR;VHVTDYTNASR;WILDHVEGSR;EFRPGIETTER;YIVALDQGTTSSR;RSSEVYGQTNIGGK;LINDAYDSEYFATK;RGELLFGTVDTWLIWK;KYIVALDQGTTSSR;AVVMDHDANIISVSQR;GAIFGLTR;VKWILDHVEGSR;MLEVLDIPR;ETTIVWEK;VQNTNGVYVVPAFTGLGAPYWDPYAR	False	False	Ecoli	False	True	False	diann231	Triqler	Triqler	0.2
0.8545	0.9451	P37028	3.0	0.001969	-0.01395	0.9449	1.073	1.005	0.8936	1.141	0.9128	0.9968	IVALKPDLVIAWR;VFLQFGINPPFTSGK;IPVIPLTSDWFER	False	False	Ecoli	False	True	False	diann231	Triqler	Triqler	0.2
0.8547	0.9451	P0AF26	3.0	0.002401	-0.005604	0.945	0.9501	1.066	0.9959	0.8577	1.093	1.057	ATSLLLFEHVHGESR;FAGAVAPQYLNITTGGQH;NLPKEDAHALGIFLR	False	False	Ecoli	False	True	False	diann231	Triqler	Triqler	0.2
0.8548	0.9451	P36553	1.0	0.03603	0.01247	0.9431	0.9357	1.093	0.9945	0.9945	0.9945	0.9945	GYTDAYLPIVER	False	False	Ecoli	False	True	False	diann231	Triqler	Triqler	0.2
0.8549	0.9452	P0A9H7	12.0	2.15e-07	-0.1147	0.9452	0.9574	0.9978	0.9263	1.081	0.9932	1.052	ARDIQLWQVVFSR;DIQLWQVVFSR;FLAAWPEIADNYSER;NLKPEGIFLLHTIGSK;NYDTYFAVVDR;AGIAINGSAPADIR;IANELLSR;EHYDLGNDLFSR;AGLENQLPHHFKDTLR;IVSVGMFEHVGPK;DLNDQFDR;LQLKPGMR	False	False	Ecoli	False	True	False	diann231	Triqler	Triqler	0.2
0.8551	0.9452	P0ACB2	11.0	1.486e-07	-0.1106	0.9452	0.951	1.011	0.9183	1.077	1.018	1.033	AGADLIFSYFALDLAEKK;FAALAGAIDEEKVVLESLGSIK;FASSFYGPFR;QAVVAAAAGADFIAPSAAMDGQVQAIR;TDLIQRPR;TELPIGAYQVSGEYAMIK;QALDAAGFK;AGADLIFSYFALDLAEK;SVMTFGISHHTDETGSDAWREDGLVAR;ERTELPIGAYQVSGEYAMIK;VVLESLGSIKR	False	False	Ecoli	False	True	False	diann231	Triqler	Triqler	0.2
0.8552	0.9452	P25746	9.0	1.692e-06	-0.07128	0.9452	0.9916	1.049	0.8817	1.026	1.028	1.035	IQVTGSPAVLQSPQVQAK;VGLETLLGVLNASSR;AAVLWHQVGGGR;YTLSLMVLER;ATLLAGIR;QGLNAELTR;QILAHLTPEL;LQLMFSR;GALDTLGNR	False	False	Ecoli	False	True	False	diann231	Triqler	Triqler	0.2
0.8553	0.9453	P76506	6.0	2.17e-05	-0.09395	0.9453	0.958	1.038	0.9141	1.014	1.005	1.079	SDPLEGFNR;DYVPQPAR;QSSDPYIMVR;WTLEGIETR;AQLLDSDGLLR;FGSTLGHYGVGYGPYVQLPFYGSFTLR	False	False	Ecoli	False	True	False	diann231	Triqler	Triqler	0.2
0.8555	0.9453	P0A6I9	3.0	0.0009651	-0.0558	0.9452	0.9731	0.9762	0.9972	0.94	1.01	1.112	VLVVDVSPETQLKR;LAVADDVIDNNGAPDAIASDVAR;EHVEQILAAQATR	False	False	Ecoli	False	True	False	diann231	Triqler	Triqler	0.2
0.8556	0.9453	P31064	1.0	0.2711	0.03358	0.925	1.163	0.9114	0.997	0.9523	0.997	0.997	FTLLPIFR	False	False	Ecoli	False	True	False	diann231	Triqler	Triqler	0.2
0.8557	0.9453	P17993	6.0	1.135e-06	-0.1039	0.9453	0.973	1.016	0.8976	1.042	1.044	1.036	FIKPAELLGWVDQTSLK;LHALESGIQVDYVQETVEEHAAK;WWDLEGEFKPLHR;EGATVTGLDMGFEPLQVAK;SPVNHNVDHEEIAKFEAVASR;LGYIAER	False	False	Ecoli	False	True	False	diann231	Triqler	Triqler	0.2
0.8559	0.9453	P0A7A5	6.0	9.141e-05	0.076	0.9453	0.9778	1.041	1.067	0.9505	1.032	0.9385	GGEFIIDTVEAVR;HGDGWQGWQAR;RVQALLDQLR;RGGEFIIDTVEAVR;GLQWQAR;NLDLHNVSTR	False	False	Ecoli	False	True	False	diann231	Triqler	Triqler	0.2
0.856	0.9454	P77454	2.0	0.000536	-0.03608	0.9453	0.9676	1.11	0.8956	1.007	0.9878	1.045	FALESISK;QLGYNVFKG	False	False	Ecoli	False	True	False	diann231	Triqler	Triqler	0.2
0.8561	0.9454	P0C018	5.0	2.334e-06	-0.0887	0.9454	0.8773	0.9966	1.016	1.005	1.035	1.082	HIYAQVIAPNGSEVLVAASTVEK;KLQELGATR;VQALADAAR;LQELGATR;GIKDVSFDR	False	False	Ecoli	False	True	False	diann231	Triqler	Triqler	0.2
0.8563	0.9454	P0ACM5	3.0	0.002067	0.03891	0.9453	0.9898	1.116	0.9346	1.043	0.9331	0.9948	GFSQQVVLR;IPVLVIK;ILAADNTPLYIK	False	False	Ecoli	False	True	False	diann231	Triqler	Triqler	0.2
0.8564	0.9456	P75821	2.0	0.004998	-0.06389	0.9453	0.9259	1.06	0.9612	1.02	0.9775	1.063	VLVTGATSGLGR;RLGEWAVAWGVR	False	False	Ecoli	False	True	False	diann231	Triqler	Triqler	0.2
0.8565	0.9457	P68191	2.0	6.223e-05	-0.06952	0.9457	0.9074	0.999	0.9999	0.9604	1.042	1.102	IVTEGDKSSVVNNPTGR;HILGLDHK	False	False	Ecoli	False	True	False	diann231	Triqler	Triqler	0.2
0.8567	0.9457	P69853	4.0	1.162e-05	0.07445	0.9457	1.022	1.09	0.9659	1.033	0.9342	0.9628	LTLAQWQSQLLIPVAVKPLFR;FLDVFIEK;ESVLFGDSTLALR;THFSQQDNFSVAAR	False	False	Ecoli	False	True	False	diann231	Triqler	Triqler	0.2
0.8567	0.9457	decoy_P77374	1.0	0.3771	-0.05133	0.9128	0.9923	0.9923	0.9264	1.113	0.9923	0.9923	LTAEIGARK	False	False		False	False	False	diann231	Triqler	Triqler	0.2
0.8568	0.9458	P0A6H8	2.0	6.146e-05	0.0698	0.9458	1.085	1.043	0.9709	0.9987	0.9628	0.9466	AFFTELLAAGVK;GVDVSIILPR	False	False	Ecoli	False	True	False	diann231	Triqler	Triqler	0.2
0.8569	0.9458	P0A6E4	9.0	3.071e-05	-0.03931	0.9458	0.9452	1.086	0.9393	0.9603	0.973	1.11	GAVPYAYTANLGQPDEEDYDAIPR;GIYEAPGMALLHIAYER;NLDITDTR;GDSVFSPDDR;LLTGIHNEDTIEQYHAHGR;TGLLSSSAASGVPQVENLENKGQ;WFDSQALMLR;FWDESVKIPAEEVTVR;IVNPIMGVK	False	False	Ecoli	False	True	False	diann231	Triqler	Triqler	0.2
0.8571	0.9459	P25526	5.0	5.022e-05	-0.05359	0.9459	1.028	1.007	0.8868	1.149	0.9835	0.9643	AGVPAGVFNVVTGSAGAVGNELTSNPLVR;GGNFFQPTILVDVPANAK;KLSFTGSTEIGR;VSKEETFGPLAPLFR;GEISYAASFIEWFAEEGKR	False	False	Ecoli	False	True	False	diann231	Triqler	Triqler	0.2
0.8572	0.9459	P0ABH0	13.0	7.671e-07	-0.04072	0.9459	0.9715	1.103	0.8947	1.026	0.9926	1.024	VIPYAGNVVTSDIAYAFGTPPSDAEAIK;VLHVIPQEYAIDYQEGIKNPVGLSGVR;YTELLNLVNEEILQLQEK;VTASVGSWIK;IGAPLNITGLTDYAQEPYYSTAVGLLHYGK;QTLAEVIEPR;VTASVGSWIKR;GGVNDLESVVK;LVVGLEIGTAK;KLVVGLEIGTAK;VIPYAGNVVTSDIAYAFGTPPSDAEAIKVR;ESHLNGEAEVEKR;LNSWLRK	False	False	Ecoli	False	True	False	diann231	Triqler	Triqler	0.2
0.8573	0.9459	P24202	8.0	1.421e-06	-0.1122	0.9459	0.9451	0.9977	0.9416	1.069	0.9936	1.061	DVHEAAADALGLDDSQR;VITSGQLVYK;YLATKPEGAAAR;GVFITTSGFTSQAR;TVPTYDKFIEPVLR;DFAQSVEGMVLVDGER;RGVFITTSGFTSQAR;LGYGGHRDDLQR	False	False	Ecoli	False	True	False	diann231	Triqler	Triqler	0.2
0.8575	0.946	P39321	10.0	2.023e-06	-0.06735	0.946	1.014	1.031	0.8738	1.04	0.9862	1.067	YGVGIFDSIATLTLR;FHAYGQDLIVR;IQGEPVSGQLNLAGSFDR;LTGDLNVVQDK;VDVPWAR;GTVEAPQLLADITAR;ALLDWQQAISWR;FQTPVGPWSLTR;GLLIALPK;LTNNGQFDGQVQVTDPQGR	False	False	Ecoli	False	True	False	diann231	Triqler	Triqler	0.2
0.8576	0.946	P0A8F8	5.0	7.186e-06	-0.06412	0.946	0.9927	1.024	0.9115	1.108	0.9532	1.022	LSLFDPLTGQIVSTIPR;VVDILALGQNIAK;YLHSDIDTVER;VLVTTLTK;LNSAFKPSGDQPEAIR	False	False	Ecoli	False	True	False	diann231	Triqler	Triqler	0.2
0.8577	0.946	P07822	2.0	0.004829	-0.04159	0.9457	1.046	1.032	0.8684	1.094	1.002	0.9722	GARPLLLTTLIDPR;LWVSEPPLPDSVIDVGLR	False	False	Ecoli	False	True	False	diann231	Triqler	Triqler	0.2
0.8578	0.946	P02930	16.0	2.696e-08	-0.1097	0.946	0.9524	1.017	0.9224	1.047	1.006	1.062	AQYDTVLANEVTAR;FNVGLVAITDVQNAR;NNLDNAVEQLR;QAQDGHLPTLDLTASTGISDTSYSGSK;QAQYNFVGASEQLESAHR;QAVVSAQSSLDAMEAGYSVGTR;QITGNYYPELAALNVENFK;SPLLPQLGLGADYTYSNGYR;SSFNNINASISSINAYK;TIVDVLDATTTLYNAK;YNYLINQLNIK;LSNPELRK;NLSLLQAR;VGLSFSLPIYQGGMVNSQVK;LSNPELR;QELANARYNYLINQLNIK	False	False	Ecoli	False	True	False	diann231	Triqler	Triqler	0.2
0.858	0.9461	P10903	1.0	0.14	-0.06955	0.9374	0.9851	0.9684	0.9678	1.039	0.9719	1.073	ATGAVITDWRPEDPAFWQQR	False	False	Ecoli	False	True	False	diann231	Triqler	Triqler	0.2
0.8581	0.9462	P37765	12.0	2.983e-07	-0.07718	0.9462	0.9552	1.058	0.9096	1.026	1.009	1.05	GGWTELDLAQTNYLR;GVQLEDGPAAFK;RLWEAVGVQVSR;YGDIPLPK;IDGHLISVR;IRIDGHLISVR;EIESIIEAGR;VFGQVDDAK;LWEAVGVQVSR;NDPEGRPTVFDR;VFGQVDDAKLR;FSGGEGINQWYNVTLTEGR	False	False	Ecoli	False	True	False	diann231	Triqler	Triqler	0.2
0.8582	0.9463	P0AFP9	1.0	0.03218	-0.01637	0.9445	0.9909	0.9938	0.9938	1.136	0.905	0.9938	KLDTFQTAPLQLILDGR	False	False	Ecoli	False	True	False	diann231	Triqler	Triqler	0.2
0.8583	0.9463	P0ADP7	4.0	2.594e-05	0.06217	0.9463	1.105	0.999	1.012	0.9428	0.9782	0.9704	YVAEAITEEWR;PFKPLVTAGIESLLNTFLYR;GFSTSLILVFSER;FLHHGIKR	False	False	Ecoli	False	True	False	diann231	Triqler	Triqler	0.2
0.8585	0.9463	P00962	28.0	1.012e-08	-0.1101	0.9463	0.9518	1.01	0.9244	1.031	1.009	1.081	GLAYVDELTPEQIR;GVIHWVSAAHALPVEIR;HSTAEKPVFNR;LFSVPNPGAADDFLSVINPESLVIK;LYDWVLDNITIPVHPR;QGFAEPSLK;RLYDWVLDNITIPVHPR;SEAEARPTNFIR;SVEENLALFEK;QVPFSGEIWIDR;RGYTAASIR;QIIDEDLASGK;LNLLVTDK;AMAVIDPVK;VKGVIHWVSAAHALPVEIR;LNLEYTVMSK;KLNLLVTDK;LNLEYTVMSKR;TVGLRDTWAK;EYRGTLTQPGK;GYTAASIR;LRNAYVIK;LYDRLFSVPNPGAADDFLSVINPESLVIK;DRSVEENLALFEK;NDVEWLGFHWSGNVR;GLAYVDELTPEQIREYR;MPTISGLR;HVEGWDDPR	False	False	Ecoli	False	True	False	diann231	Triqler	Triqler	0.2
0.8586	0.9463	P21499	31.0	1.722e-08	-0.06172	0.9463	0.9737	1.064	0.9067	1.026	0.9786	1.061	GVISSVTGFGFFVR;IHDKPSTEAITSFR;SVLAELGLELPGGNKPEPR;THEIPYIWPQAVEQQVAGLKEEVPEEAK;YFTEAGVGFVVPDDSR;GGISFESEEAK;KIDFSLISSER;LDDLFIDGLVHVSSLDNDYYR;DGQLVFTR;VNFEPDSAFRGEK;DGYGFLR;EFILEHLTKR;IDFSLISSER;VEAVNMDER;AKEPALFR;EAEKYANPIPSR;EFILEHLTK;FYEAVMSSHAR;LGDRVEVR;LSFDILIPPDQIMGAR;SQDPFQER;QAIYDPENR;FIFNAER;GHFGLALQSYAHFTSPIR;KVNFEPDSAFR;YANPIPSR;DGQLVFTRR;DLPLVTIDGEDAR;HLEELHNLYK;RYPDLTLHR;DYAELLESVADRPDAEMLQTMLLR	False	False	Ecoli	False	True	False	diann231	Triqler	Triqler	0.2
0.8587	0.9464	P69330	5.0	7.64e-06	-0.05916	0.9464	0.9934	1.06	0.8811	1.041	0.9754	1.062	TTILDVLAR;ARLEALLAR;IAPLDTQDIDLQINSSVEK;QFGDAIR;IAPLDTQDIDLQINSSVEKQFGDAIR	False	False	Ecoli	False	True	False	diann231	Triqler	Triqler	0.2
0.8589	0.9464	P0AES0	11.0	3.694e-07	-0.06814	0.9464	0.9978	1.038	0.8842	1.073	0.9954	1.022	EVSDREFAAVPIR;GLDELGWDAAGQLIDGEGR;TGYAVKPIAGR;TWAWETAFDQIR;VLKDDNLLALFDIPK;EVVNDNILPLQAFPNGSPR;APVAGALLIWDK;AILPILWSLFPHHR;DTGHVAIITQLHGNK;GDESLVIKK;EFAAVPIR	False	False	Ecoli	False	True	False	diann231	Triqler	Triqler	0.2
0.859	0.9465	P24181	1.0	0.215	-0.04709	0.9319	0.9165	0.9979	0.9944	0.9776	0.9944	1.131	LPPKEATEK	False	False	Ecoli	False	True	False	diann231	Triqler	Triqler	0.2
0.8591	0.9466	P69795	2.0	0.01416	-0.04262	0.9458	0.9711	0.9659	1.017	1.06	0.9316	1.062	LLPNKPVEVIDSLLYGK;VDGLGVLK	False	False	Ecoli	False	True	False	diann231	Triqler	Triqler	0.2
0.8592	0.9466	P02413	13.0	6.449e-08	-0.1243	0.9466	0.947	0.9991	0.9243	1.05	1.02	1.067	AANIIGIQIEFAK;GFEGGQMPLYR;LNTLSPAEGSK;LNTLSPAEGSKK;RGFEGGQMPLYR;VEGGVVDLNTLK;VILAGEVTTPVTVR;MRLNTLSPAEGSK;FGFTSRK;RLNTLSPAEGSK;AAIEAAGGKIEE;LSDLAKVEGGVVDLNTLK;GFEGGQMPLYRR	False	False	Ecoli	False	True	False	diann231	Triqler	Triqler	0.2
0.8594	0.9466	P31677	2.0	0.008915	-0.04564	0.9462	0.9841	1.015	0.9398	0.9841	1.007	1.075	LDLVQFQRPAWDGYLR;GDVQAYQDIR	False	False	Ecoli	False	True	False	diann231	Triqler	Triqler	0.2
0.8595	0.9467	P04825	25.0	7.799e-09	-0.08105	0.9467	0.9605	1.044	0.9192	1.033	0.987	1.065	AALEQLKGLENLSGDLYEK;EGLTVFRDQEFSSDLGSR;EVALELYVDR;FLAFGETHLADVLVSK;HITYYLDRPDVLAR;HQQGQPLSLPVHVADAFR;MIHTLLGEENFQK;TDTATDKDYLDIER;TVVTAVSQAVR;VIGHEYFHNWTGNR;WDAAQSLLATYIK;WSDQQLTFLMR;WYSQSGTPIVTVKDDYNPETEQYTLTISQR;DDYNPETEQYTLTISQR;GMQLYFER;LIEPLIR;DWFQLSLK;GLNIFNSK;WFILQATSPAANVLETVR;EVALELYVDRGNLDR;SFTMSNPNR;SGREVALELYVDR;DQEFSSDLGSR;GLENLSGDLYEK;YPFLLSNGNR	False	False	Ecoli	False	True	False	diann231	Triqler	Triqler	0.2
0.8596	0.9467	P0AC69	4.0	7.821e-06	-0.09669	0.9467	0.9751	0.9781	0.9449	1.071	0.9768	1.06	FAYVDILQNPDIR;GELQQLIK;QIAENPILLYMK;GELQQLIKETAAK	False	False	Ecoli	False	True	False	diann231	Triqler	Triqler	0.2
0.8597	0.9467	P0AFU8	7.0	1.219e-06	-0.07203	0.9467	0.9223	1.071	0.9387	1.022	1.007	1.048	GFIGIDGISLTVGEVTPTR;LVSIDEKPNFR;VNIEIDPQTQAVVDTVER;VGDWVNVER;MFTGIVQGTAK;ITNLGDLK;YILYKGFIGIDGISLTVGEVTPTR	False	False	Ecoli	False	True	False	diann231	Triqler	Triqler	0.2
0.8598	0.9468	P46125	2.0	0.006286	-0.02758	0.9464	1.022	1.046	0.9038	1.06	0.9178	1.063	ELPVVWGVAK;LAAQDPLKFEK	False	False	Ecoli	False	True	False	diann231	Triqler	Triqler	0.2
0.86	0.9468	P29012	2.0	0.0004572	-0.06041	0.9468	1.002	1.03	0.8847	1.027	1.031	1.034	VLTVWQQLR;IGIVAAGYADGYPR	False	False	Ecoli	False	True	False	diann231	Triqler	Triqler	0.2
0.8601	0.947	P21165	15.0	3.269e-08	-0.09535	0.947	0.9392	1.046	0.9273	1.053	1.003	1.039	ADGIGSLLPAAR;AGVSYVDYHIQFHQR;ALQLGIEASNINPK;DTDVPYSNIVALNEHAAVLHYTK;DVNDEQLALIATMK;GNIGYIGPVPER;GVIDYLHYYR;IEALKPFGGIR;IEDNVVIHENNVENMTR;NHIATLQER;SFLLDAGAEYNGYAADLTR;SDNDYAQLVK;SGMSEFDINIAYLTATGHR;SDNDYAQLVKDVNDEQLALIATMK;MESLASLYK	False	False	Ecoli	False	True	False	diann231	Triqler	Triqler	0.2
0.8602	0.9471	P77735	4.0	5.482e-06	-0.07691	0.9471	0.9258	1.009	0.9784	1.002	0.9811	1.114	ALEGGINFFDTANSYSDGSSEEIVGR;LGMDYVDILQIHR;VGDLPEGLSR;LTGVSEELGATR	False	False	Ecoli	False	True	False	diann231	Triqler	Triqler	0.2
0.8603	0.9471	P27249	3.0	0.0009369	-0.04045	0.9471	0.9052	0.9849	0.9793	1.015	0.9312	1.212	LNYSGEGNEPVER;SFLELIALDQPGLLAR;ELYFATEK	False	False	Ecoli	False	True	False	diann231	Triqler	Triqler	0.2
0.8605	0.9473	P0A790	2.0	0.0002506	-0.07339	0.9472	0.9412	1.053	0.9248	1.022	1.013	1.054	FSTYAIAAER;AIPVQVA	False	False	Ecoli	False	True	False	diann231	Triqler	Triqler	0.2
0.8606	0.9473	P52614	1.0	0.005738	-0.04631	0.947	0.9805	1.033	0.9326	1.067	0.9406	1.055	AALEAALPVLR	False	False	Ecoli	False	True	False	diann231	Triqler	Triqler	0.2
0.8607	0.9474	P05458	11.0	4.723e-07	-0.02871	0.9474	0.9631	1.121	0.9079	1.017	0.978	1.026	LADAIAEPLLDKK;TAFYLEVENDALPGAVDR;GIIIHYVPALPR;KYDHPELIVDESNLR;ADVSLILR;AFFPTAEAK;SKTDELITYLIGNR;KPEITVPVVTDAQK;IWYISPK;ILPSITLK;AVIYSNKPLPELAK	False	False	Ecoli	False	True	False	diann231	Triqler	Triqler	0.2
0.8608	0.9474	P0A6I3	9.0	1.016e-06	0.03967	0.9474	1.072	1.073	0.9034	1.033	0.9543	0.9761	LKGINEDLSLEEVAEIYLPLSR;LLNFYISSNLRR;VLQALLSR;EINWLNLK;IPYIISIAGSVAVGK;RVELITTDGFLHPNQVLK;QNILPTR;ASLILTK;DSVPMTLSEDEIAR	False	False	Ecoli	False	True	False	diann231	Triqler	Triqler	0.2
0.861	0.9474	P28905	4.0	0.000671	-0.06794	0.9474	0.9809	1.03	0.9353	1.079	0.9706	1.01	DILISLR;LDEALWARPAESFVPHNLAGEGPR;LDEALWAR;VAGFNLNTATWK	False	False	Ecoli	False	True	False	diann231	Triqler	Triqler	0.2
0.8611	0.9475	P0A935	8.0	5.325e-07	-0.09718	0.9475	0.9592	1.024	0.9217	1.059	0.9793	1.066	ELLEQNPSFVFFKPQSFAPVK;GQHFDIYQGIGPEAGHR;HWGETHSEAEVR;LYGNQSNVYNAVQEWLR;QGEFQYPIYR;GASAVPLVGR;AGWYNHYGR;VLIDRGEVK	False	False	Ecoli	False	True	False	diann231	Triqler	Triqler	0.2
0.8612	0.9475	P46837	29.0	4.071e-09	-0.06847	0.9475	0.9641	1.055	0.9191	1.026	0.9786	1.065	ERAEDEAINVFAR;ILAATQQALK;INHGDNPLDASTVHPEAYPVVER;LLDEGNTVPFIAR;LQDPLAELVK;LVATDTIYPHTGQAAK;NLHDLLMAAPAGLR;RLQDPLAELVK;SIGVGQYQHDVSQTQLAR;VIVSEAGASVYSASELAAQEFPDLDVSLR;EITGGLDDTQLR;FAEDAALLAK;FGVPTVTDIIK;FVEDPHTVVK;GVVSWTWR;LNNAPADSWR;IIAGEIQARPEQVDAAVR;TELEDLYLPYKPK;AEDEAINVFAR;ASDFTDEKFGVPTVTDIIK;VLEVDLQR;VRDYLWK;ILAATQQALKDLMGNSSELR;HNVELVAIGNGTASR;DYFDHHEPLSTVPSHR;FRDYFDHHEPLSTVPSHR;FYLDVQK;KGVVSWTWR;VKVLEVDLQR	False	False	Ecoli	False	True	False	diann231	Triqler	Triqler	0.2
0.8613	0.9478	P75864	14.0	6.477e-07	-0.07289	0.9478	0.9718	1.046	0.9015	1.035	0.9887	1.066	GPYGTVLSNPPYGER;LYDADLPEYNVAVDR;LDSEPALIALHSLLGR;YADWVVVQEYAPPK;VNVWLHK;LVYQSLMWSR;TLSQDFAR;ETASIALDLSGDGLHLR;TYLEWAER;DAIVDAFTR;KGLAEYSSHFYGSDSDAR;VKDAIVDAFTR;EANEQFDLIFIDPPTFSNSK;EANEQFDLIFIDPPTFSNSKR	False	False	Ecoli	False	True	False	diann231	Triqler	Triqler	0.2
0.8614	0.9478	P0ABB8	4.0	0.0001077	-0.0292	0.9478	0.9933	1.094	0.8802	1.015	0.9939	1.036	NLLDTAVLEGTDEESAR;ILTGDSELVAAK;DLFVAQASLTGESLPVEK;IDEIPFDFER	False	False	Ecoli	False	True	False	diann231	Triqler	Triqler	0.2
0.8616	0.9479	P26616	22.0	1.375e-08	-0.09989	0.9479	0.9531	1.034	0.9137	1.05	1.024	1.032	AWIQYQGFK;ENLSDWDTDSDVLSLLDVVR;FGLLTDKMPNLLPFQTK;ITDDEYYEFVDEFIQAVK;NIQDTNETLFYR;NVKPDILIGVSGQTGLFTEEIIR;RENLSDWDTDSDVLSLLDVVR;SLYIPYAGPVLLEFPLLNK;TEIDKHIYLR;QRWPDVLLQFEDFAQK;GVFISYQNR;FSEIYRR;AIAFAVGK;ILGLGDQGIGGMGIPIGK;VIVVTDGER;SRGVFISYQNR;WPDVLLQFEDFAQK;NAMPLLNR;VEATPQDIIAWTEGNALVATGSPFNPVVWK;HNMDDILQNVPNHNIK;GSAFSMEER;QKVFMVDR	False	False	Ecoli	False	True	False	diann231	Triqler	Triqler	0.2
0.8617	0.9479	P0AGJ2	4.0	1.101e-05	-0.08089	0.9479	0.9348	1.043	0.9335	1.031	1.008	1.056	TADAVGVHEVHAVWPGSR;TIGDAVAHLK;LLFEGGYPVLAK;GQGMQILATHLSDNAVDFR	False	False	Ecoli	False	True	False	diann231	Triqler	Triqler	0.2
0.8618	0.948	P25553	1.0	0.0009349	-0.04419	0.9479	0.9687	1.064	0.9043	1.027	0.9769	1.069	GVFNLVLGR	False	False	Ecoli	False	True	False	diann231	Triqler	Triqler	0.2
0.8619	0.948	P00452	32.0	4.123e-09	-0.09257	0.948	0.9629	1.036	0.9107	1.037	1.005	1.055	ALDALLDYQDYPIPAAK;AVELFSLMMQER;FIDQSISANTNYDPSR;FYDAVSTFK;INLDKIHR;NQNLLVTKR;RTLGIGVINFAYYLAK;TFEAIQYYLLK;TLGIGVINFAYYLAK;TSDIHETIIK;VKAVELFSLMMQER;VLDWAAEGLHNVSISQVELR;AYGQFEPPALYDHVVK;DAPDYQYLAAR;SHIQFYDGIK;ALDALLDYQDYPIPAAKR;AGIGINAGR;GILPIDTYK;TLYYQNTR;LAIFHLR;GILPIDTYKK;ISLPTPIMSGVR;HMDYGVQINK;RFYDAVSTFK;AAADLISR;FIDQSISANTNYDPSRFPSGK;ALGSPIR;NSTLSALMPSETSSQISNATNGIEPPR;KAYGQFEPPALYDHVVK;VPMQQLLKDLLTAYK;DLLTAYK;DLDTIANEPLHYDWEALR	False	False	Ecoli	False	True	False	diann231	Triqler	Triqler	0.2
0.862	0.9481	P43674	1.0	0.01192	-0.03786	0.9475	0.9978	1.05	0.8685	0.9859	1.017	1.096	DAISATSGVASQLSR	False	False	Ecoli	False	True	False	diann231	Triqler	Triqler	0.2
0.8622	0.9482	P21829	5.0	5.096e-06	-0.08163	0.9482	0.9567	1.048	0.9115	1.044	0.9785	1.072	FALTHDDLPQLQHFGK;KTLLPSSIEALAR;VIALDLDGTLLTPK;TLLPSSIEALAR;VIALDLDGTLLTPKK	False	False	Ecoli	False	True	False	diann231	Triqler	Triqler	0.2
0.8623	0.9482	P11868	2.0	0.1084	0.03705	0.9419	0.9905	1.051	0.9905	1.007	0.9905	0.9717	ESGLLGISGLSSDLR;LDGIIFTGGIGENSSLIR	False	False	Ecoli	False	True	False	diann231	Triqler	Triqler	0.2
0.8624	0.9483	P69905ups|HBA_HUMAN_UPS	3.0	6.609e-05	-0.04578	0.9483	0.9751	0.9751	0.9751	1.034	1.016	1.027	VGAHAGEYGAEALER;VLSPADKTNVK;MFLSFPTTK	False	False	Human	True	False	False	diann231	Triqler	Triqler	0.2
0.8625	0.9483	P0AEK0	2.0	0.01915	0.02571	0.9473	1.048	0.9822	1.008	0.988	0.9088	1.074	AVSDVAERDPGYLR;RLWPGIK	False	False	Ecoli	False	True	False	diann231	Triqler	Triqler	0.2
0.8626	0.9483	P0AAL3	2.0	0.02445	0.01805	0.947	0.9938	1.115	0.9118	1.005	0.9155	1.076	LATLASGLSAGTPYFVAR;VLPLSLAK	False	False	Ecoli	False	True	False	diann231	Triqler	Triqler	0.2
0.8627	0.9485	P0AGJ5	11.0	8.672e-08	-0.1074	0.9485	0.9463	1.018	0.926	1.024	1.01	1.084	APGDETPEKADHGGISGK;AWFIQSVTPR;AYHVVDEAELTK;GVVVQDAALLESGAAIR;KAYHVVDEAELTK;QAGYTVVTTSSEQGKPLFK;SFIDPEVLR;TAEGGAEHVQPITGDNIVNVLDDFR;SFIDPEVLRR;KWEDSPWR;MVLVLGQEYEGLPDAARDPNDLR	False	False	Ecoli	False	True	False	diann231	Triqler	Triqler	0.2
0.8629	0.9485	P0AB43	7.0	8.687e-06	-0.07273	0.9485	0.8986	1.014	1.01	0.9908	0.9954	1.102	GFGQPQLAMILPLDGR;RDQTYLYVEK;QALTEQGYYLQLPPPPEDLLK;LVNADIEK;VKQALTEQGYYLQLPPPPEDLLK;DQTYLYVEK;DQTYLYVEKK	False	False	Ecoli	False	True	False	diann231	Triqler	Triqler	0.2
0.863	0.9486	P0AGG4	3.0	3.481e-05	-0.0526	0.9486	1.014	1.014	0.8792	1.095	0.9323	1.083	SIPTIMIFK;NFAPIFEDVAQER;APFDSWLNESL	False	False	Ecoli	False	True	False	diann231	Triqler	Triqler	0.2
0.8631	0.9486	P61626ups|LYSC_HUMAN_UPS	1.0	0.08262	-0.03116	0.944	0.9929	0.9929	0.9929	1.059	1.057	0.9126	STDYGIFQINSR	False	False	Human	True	False	False	diann231	Triqler	Triqler	0.2
0.8631	0.9486	decoy_P0C079	1.0	0.148	-0.05416	0.9397	0.9789	0.9948	0.9756	1.063	0.9948	0.9948	IADELKDR	False	False		False	False	False	diann231	Triqler	Triqler	0.2
0.8632	0.9487	P33920	17.0	4.798e-08	-0.09247	0.9487	0.9729	1.027	0.9052	1.069	1.008	1.026	AYGLFSEESELAQTLR;DEQNLELVLR;DSLLEPTETVVEMVAELHR;GYELEESFPADR;IDLTEWETNPESTR;IFWDPATDTLTIK;QGEEDFLAFSR;RDEQNLELVLR;GLLQAVDDFTAEAQLDK;GLLQAVDDFTAEAQLDKAER;SLDINQIALHQLIK;VNENLDINPTHYLDINHADIVAR;ELAGVSEVSFTEFAAEK;VADFFMDFLGASEGLNAK;GTPPNLRDQLQR;KVADFFMDFLGASEGLNAK;NKAYGLFSEESELAQTLR	False	False	Ecoli	False	True	False	diann231	Triqler	Triqler	0.2
0.8633	0.9489	P62558	10.0	3.396e-07	-0.09073	0.9489	0.9533	1.04	0.9114	1.031	1.012	1.06	HQFAPGATVLYKGDK;LQNEFAGNISALADAENISR;SVVALFSHPGELSAR;VLVGELDDEQMAALSR;LGNDYRPTSAYER;AFTDKEELLK;FTLEVLR;FTLEVLRGDSVEK;HQFAPGATVLYK;LQNEFAGNISALADAENISRK	False	False	Ecoli	False	True	False	diann231	Triqler	Triqler	0.2
0.8634	0.9489	P29680	7.0	6.412e-06	-0.09541	0.9489	0.9658	1.011	0.9242	1.064	1.049	0.9926	ADVDKLPIPDPEDELGYVMNAVR;VPVTLFTK;RVPVTLFTK;AFTVIKK;ELKGEVPLIGFSGSPWTLATYMVEGGSSK;AGAQAVMIFDTWGGVLTGR;IVDGLLRENDGR	False	False	Ecoli	False	True	False	diann231	Triqler	Triqler	0.2
0.8636	0.949	P39830	3.0	4.803e-05	0.05002	0.949	1.049	1.054	0.9738	1.057	0.8824	0.9956	AHYDDEVAYITER;LLASDIPLVVIETSR;AKNPDIEIIAR	False	False	Ecoli	False	True	False	diann231	Triqler	Triqler	0.2
0.8637	0.949	P0CG19	3.0	1.265e-05	-0.09279	0.949	0.9548	0.9878	0.951	1.048	1.019	1.043	GQGQGWITAEYGMLPR;HAEGSVLVEFGDTK;SNNQVRPVTLTR	False	False	Ecoli	False	True	False	diann231	Triqler	Triqler	0.2
0.8638	0.9491	P27434	9.0	3.73e-07	-0.1106	0.9491	0.9438	1.019	0.9226	1.037	1.027	1.058	DGNLNLTGQAPYK;DIEEDKAPADLASTFLR;EQLGLSQQAVAER;KDGNLNLTGQAPYK;LVHIPEEELLPGLEK;IGAPAAVQIQYQGKPVDLSR;MNTEATHDQNEALTTGAR;VAPMQSFSLGK;LTLNAEQSPAQ	False	False	Ecoli	False	True	False	diann231	Triqler	Triqler	0.2
0.8639	0.9491	P0A720	10.0	1.025e-06	-0.0957	0.9491	0.9593	1.018	0.9256	0.992	1.019	1.094	SIHTIDATQPLEAVMDAIR;YIVIEGLEGAGK;YLELAAQDK;SVGDEVITDKAEVLMFYAAR;GELDRIEQESFDFFNR;GIDQHMLATLR;SKYIVIEGLEGAGK;SLVLDIK;IEQESFDFFNR;DAVLGDFRPDLTLYLDVTPEVGLK	False	False	Ecoli	False	True	False	diann231	Triqler	Triqler	0.2
0.864	0.9491	P12282	2.0	0.03149	-0.04496	0.9474	0.9646	1.043	0.9486	1.039	0.9367	1.077	VPLVSGAAIR;GFDFDGQEALKDSR	False	False	Ecoli	False	True	False	diann231	Triqler	Triqler	0.2
0.8641	0.9491	P75966	4.0	0.001367	-0.04057	0.949	0.9981	1.107	0.8657	1.046	0.9618	1.04	IYYVQVEGIPTQDALEALR;VILFNKPYDVLPQFTDEAGR;LDRDSEGLLVLTNNGALQAR;EFIPVQGVYAAGR	False	False	Ecoli	False	True	False	diann231	Triqler	Triqler	0.2
0.8643	0.9492	P64581	3.0	1.276e-05	-0.09438	0.9492	0.9451	1.008	0.9422	1.058	1.001	1.052	LGETGDAIAK;SLSDTLEEVLSSSGEK;YRLGETGDAIAK	False	False	Ecoli	False	True	False	diann231	Triqler	Triqler	0.2
0.8644	0.9492	P0AD61	29.0	2.526e-09	-0.09489	0.9492	0.9319	1.032	0.9432	1.027	1.004	1.069	AEAGDVANAILDGTDAVMLSGESAK;EITSTDDFYR;ELALQSGLAHK;GAVETAEKLDAPLIVVATQGGK;GDLGVEIPVEEVIFAQK;GVNLPGVSIALPALAEK;GVVPQLVKEITSTDDFYR;IENQEGLNNFDEILEASDGIMVAR;KYFPDATILALTTNEK;LDAPLIVVATQGGK;LEGGNDVSLK;LGKELALQSGLAHK;LNFSHGDYAEHGQR;TAAILLDTKGPEIR;TAHQLVLSK;TMKLEGGNDVSLK;VLNNGDLGENK;VLNNGDLGENKGVNLPGVSIALPALAEK;VVITATQMLDSMIK;YFPDATILALTTNEK;AHGGENIHIISK;GDVVVMVSGALVPSGTTNTASVHVL;SDVIEIR;TAAILLDTK;KVVITATQMLDSMIK;MLDAGMNVMR;SDVIEIREHLK;GVVPQLVK;RSDVIEIR	False	False	Ecoli	False	True	False	diann231	Triqler	Triqler	0.2
0.8645	0.9493	P0A6D3	9.0	3.983e-07	-0.06744	0.9493	0.9751	1.065	0.8966	1.025	1.003	1.045	ALLLAALAHGK;ERPIGHLVDALR;ITYLEQENYPPLR;TFPDYFEQLAR;VDGTINLPGSK;TVLTNLLDSDDVR;FADVLEK;MESLTLQPIAR;LFAMATELR	False	False	Ecoli	False	True	False	diann231	Triqler	Triqler	0.2
0.8646	0.9493	P0ABC3	18.0	3.352e-08	-0.0682	0.9493	0.9712	1.064	0.9015	1.052	0.994	1.028	DALNSGSAGTEDEVTTPAADNAIAEAAER;GKVPVINPNSMAALGIEVVDVR;KDLIVDSYIK;LFADAFSKDPDFYAFIR;QINLPTEVSEAIYNR;YYLATGGGDISQAEVLLK;IKQINLPTEVSEAIYNR;DPDFYAFIR;LDVKDIVTDSR;IPFIETVK;DDDNKPLVYEPGLHFK;YYLATGGGDISQAEVLLKR;SEIGRLDVK;DLIVDSYIK;LFADAFSK;AYENSFSGNQDVMVMSPDSDFFR;VPVINPNSMAALGIEVVDVR;GRLTLEVR	False	False	Ecoli	False	True	False	diann231	Triqler	Triqler	0.2
0.8647	0.9493	P0AG44	6.0	1.123e-06	-0.1097	0.9493	0.964	1.002	0.9167	1.033	1.036	1.055	AGDNAPMAYIELVDR;RVVEPLITLAK;AGDNAPMAYIELVDRSEK;VVEPLITLAK;LFNELGPR;NMAGSLVR	False	False	Ecoli	False	True	False	diann231	Triqler	Triqler	0.2
0.8648	0.9494	P37646	2.0	0.02142	0.009579	0.9483	0.9974	1.081	0.978	0.8865	1.072	0.9974	ELFVMLR;ISNPEASIESLQER	False	False	Ecoli	False	True	False	diann231	Triqler	Triqler	0.2
0.8649	0.9494	P0AB28	5.0	1.877e-06	-0.08035	0.9494	0.9458	1.057	0.9175	1.006	1.017	1.066	LDYQGIYTPDQVER;LPLTLDPVR;RLDYQGIYTPDQVER;VKLPLTLDPVR;LAVLNGDAK	False	False	Ecoli	False	True	False	diann231	Triqler	Triqler	0.2
0.865	0.9494	P52613	1.0	0.002164	-0.06326	0.9493	0.9785	1.006	0.9334	1.051	1.0	1.035	VDIALNSWR	False	False	Ecoli	False	True	False	diann231	Triqler	Triqler	0.2
0.8652	0.9494	P07862	11.0	2.207e-07	-0.05617	0.9494	0.9919	1.058	0.8958	1.007	0.9848	1.072	EGGIDAYPVDPK;EVSLNSGAAVLAGLR;LLWQGAGLPVAPWVALTR;SKLLWQGAGLPVAPWVALTR;TDKIAVLLGGTSAER;VVAENALQDALR;LAFQHDEEVLIEK;VFIALHGR;EVDVTQLK;IAVLLGGTSAER;QAGMSFSQLVVR	False	False	Ecoli	False	True	False	diann231	Triqler	Triqler	0.2
0.8653	0.9495	P0A9U1	2.0	0.0004281	-0.03424	0.9495	1.026	1.059	0.8553	1.063	0.9655	1.049	LLEFTSLGPFTGR;FFSGVYGLR	False	False	Ecoli	False	True	False	diann231	Triqler	Triqler	0.2
0.8654	0.9496	P16694	1.0	0.1133	0.03705	0.9431	1.002	1.096	0.9901	1.036	0.8969	0.9901	HADLADLEHIR	False	False	Ecoli	False	True	False	diann231	Triqler	Triqler	0.2
0.8655	0.9496	P76558	11.0	7.834e-07	-0.07853	0.9496	0.9654	1.052	0.8949	0.9957	1.043	1.06	AAYAVVDDGKR;AGVDFEIVNNESDPR;IQVSPTKPLATQR;RVVLPEGEEAR;ALISNPTVIGAIMVQR;QALELVR;APMILALANPEPEILPPLAK;VVLPEGEEAR;ISYNLLR;QSALDFHEFPVPGK;GALDVGATAINEEMK	False	False	Ecoli	False	True	False	diann231	Triqler	Triqler	0.2
0.8656	0.9497	P43337	2.0	0.0002551	-0.06149	0.9497	1.014	0.9565	0.9592	1.041	1.028	1.006	QAAVLIPIVR;SLTLDDFLSR	False	False	Ecoli	False	True	False	diann231	Triqler	Triqler	0.2
0.8657	0.9497	P75883	4.0	4.575e-05	0.08233	0.9497	0.9969	1.112	0.9835	0.9696	0.9736	0.9712	YADLNDQIVSVLTQR;LPVKLDPDFVR;QQLLNLNITGR;LDPDFVR	False	False	Ecoli	False	True	False	diann231	Triqler	Triqler	0.2
0.8658	0.9497	P32177	2.0	0.004315	-0.03165	0.9495	0.9867	1.053	0.9259	0.9411	1.123	0.9839	EIENVTNITGVR;SQEGESWQQGAVLVSSR	False	False	Ecoli	False	True	False	diann231	Triqler	Triqler	0.2
0.8659	0.9498	P0AFN2	2.0	0.01694	-0.01767	0.9489	0.9881	0.9881	1.013	0.8885	1.066	1.068	MAGINLNKK;YVTSDTFTLR	False	False	Ecoli	False	True	False	diann231	Triqler	Triqler	0.2
0.8661	0.9499	P0A9W6	3.0	1.913e-05	-0.07432	0.9499	0.9506	1.016	0.951	0.9813	1.001	1.108	IHAVSIK;QQTVYGPLMEYIADNR;AYTPAEWAR	False	False	Ecoli	False	True	False	diann231	Triqler	Triqler	0.2
0.8662	0.9502	P33363	21.0	2.406e-08	-0.06325	0.9502	0.9826	1.067	0.8903	1.017	1.018	1.036	IPLFFAYDVLHGQR;ITLKPGETQTVSFPIDIEALK;LISVGPDNPK;LKIPLFFAYDVLHGQR;SATIAVVGPLADSKR;TVFPISLGLASSFNLDAVK;VTASVQVTNTGKR;HFAAYGAVEGGK;GITVSDHGAIK;DAFVTELLKK;TDITIPQSQR;DAFVTELLK;YDAEPGKFNVFIGTDSAR;GITVSDHGAIKELIK;HGTAADPEDAVR;YDMGLFNDPYSHLGPK;ESLVLLK;GIIDFLNQYEEAVK;EMIKDGQVGAIFNTVTR;YLPGLIK;LPMSFPR	False	False	Ecoli	False	True	False	diann231	Triqler	Triqler	0.2
0.8663	0.9502	P14294	3.0	0.00233	-0.03641	0.9501	1.025	1.076	0.7907	1.042	1.069	1.029	AGIIELLFK;LFIAEKPSLAR;YLPEEHFAGR	False	False	Ecoli	False	True	False	diann231	Triqler	Triqler	0.2
0.8664	0.9502	P0AFT5	2.0	0.0006352	-0.01561	0.9502	0.926	1.131	0.9385	1.087	0.9616	0.9737	LRPDVLFLDIQMPR;VLIVDDEPLAR	False	False	Ecoli	False	True	False	diann231	Triqler	Triqler	0.2
0.8665	0.9502	Q46920	11.0	2.806e-07	-0.1027	0.9502	0.9612	1.014	0.9162	1.024	1.007	1.086	SNSDFVPSTTR;FNNWDEVR;GGLDINPWR;STDYRDTYDASLLQGVPR;IFNDLLR;VVEETLVSHLLK;LYLNSFNQTR;SSYANHQALAGLTLGK;SLNRDPLGLK;RGGLDINPWR;GLPQVAVGHVELDYTSVNLIESK	False	False	Ecoli	False	True	False	diann231	Triqler	Triqler	0.2
0.8666	0.9503	P17411	1.0	0.4251	-0.05602	0.9136	0.9365	0.9951	0.9951	1.089	0.9951	0.9951	NIFDLPFSEGLIR	False	False	Ecoli	False	True	False	diann231	Triqler	Triqler	0.2
0.8667	0.9503	P26612	1.0	0.0009349	-0.06544	0.9503	0.9703	0.9943	0.9543	1.012	1.003	1.07	AGQYSQFIWDFK	False	False	Ecoli	False	True	False	diann231	Triqler	Triqler	0.2
0.8668	0.9504	P0A9D8	19.0	2.201e-08	-0.07076	0.9504	0.9653	1.06	0.909	1.03	0.99	1.055	AEITPANADTVTR;EAVNQVIALLDSGALR;INDNQVIEGAESR;IYDRETGEIHYGR;MQQLQNIIETAFER;RAEITPANADTVTR;VGINELLR;VPAGSVVVSGNLPSK;VPAGSVVVSGNLPSKDGK;YFDKVPMK;KAVLLSFR;GKVGINELLR;IDGQWVTHQWLK;MQQLQNIIETAFERR;AVLLSFR;VAEKIDGQWVTHQWLK;VVPPAAVR;QQLQNIIETAFER;IDGQWVTHQWLKK	False	False	Ecoli	False	True	False	diann231	Triqler	Triqler	0.2
0.8669	0.9504	P36649	1.0	0.05877	-0.0135	0.9473	0.994	0.994	0.994	0.953	0.994	1.075	IQLTIGAGQSTFGGK	False	False	Ecoli	False	True	False	diann231	Triqler	Triqler	0.2
0.867	0.9505	P64606	1.0	0.368	-0.04069	0.9217	0.9893	0.9893	0.9278	0.9893	0.9893	1.125	AGLMLFNALVGKPEFR	False	False	Ecoli	False	True	False	diann231	Triqler	Triqler	0.2
0.8671	0.9506	P0ACU7	4.0	0.0004334	-0.06903	0.9506	0.9125	0.9972	1.019	1.047	1.063	0.9684	VDYPLDELRR;FWPDKEAILYDALR;SAAYDFTHELLTTLEVDDPAMVAK;LAEDILR	False	False	Ecoli	False	True	False	diann231	Triqler	Triqler	0.2
0.8673	0.9507	P09147	11.0	1.689e-07	-0.109	0.9507	0.9721	1.0	0.9217	1.068	0.9839	1.062	AQPDWSIALLR;AVGESVQKPLEYYDNNVNGTLR;IPYVESFPTGTPQSPYGK;NFIFSSSATVYGDQPK;LMVEQILTDLQK;REGDLPAYWADASK;SKLMVEQILTDLQK;DSLAIFGNDYPTEDGTGVR;SVLPVIER;LANKPGVHIYNLGAGVGNSVLDVVNAFSK;LGGKHPTFVEGDIR	False	False	Ecoli	False	True	False	diann231	Triqler	Triqler	0.2
0.8674	0.9507	P0A9T0	12.0	1.277e-07	-0.05671	0.9507	0.9595	1.068	0.9252	0.9725	1.006	1.078	AAGYTNIEFHK;GALDDEQLKESIR;LAAGSFEAR;RGIPVFNAPFSNTR;YSDNGSTLSAVNFPEVSLPLHGGR;FLLVEGVHQK;SRTHLTEDVINAAEK;GIPVFNAPFSNTR;THLTEDVINAAEK;EISLMKPGSLLINASR;DAHFIGLR;ESIRDAHFIGLR	False	False	Ecoli	False	True	False	diann231	Triqler	Triqler	0.2
0.8675	0.9509	P21169	2.0	0.166	-0.04275	0.9411	0.9544	0.9928	1.001	0.9928	0.9928	1.07	VVTNALLTR;LAIIQLGTYDGTVYNAR	False	False	Ecoli	False	True	False	diann231	Triqler	Triqler	0.2
0.8676	0.951	P36930	2.0	0.005994	0.06987	0.9507	1.063	1.056	0.9627	0.9447	1.025	0.9562	FQLASAPK;GFNQVLPIEK	False	False	Ecoli	False	True	False	diann231	Triqler	Triqler	0.2
0.8677	0.951	P0A9A9	7.0	1.447e-06	-0.1149	0.951	0.933	0.9968	0.9479	1.03	1.019	1.081	LIDMGEEIGLATVYR;VIEFSDDSIEAR;VLNQFDDAGIVTR;RLIDMGEEIGLATVYR;ILEVLQEPDNHHVSAEDLYKR;AGLKVTLPR;ILEVLQEPDNHHVSAEDLYK	False	False	Ecoli	False	True	False	diann231	Triqler	Triqler	0.2
0.8678	0.9512	P0A9E5	5.0	3.136e-06	-0.08539	0.9512	0.9585	1.04	0.9114	1.071	0.9929	1.036	GDIGNYLGLTVETISR;LAAFIYNLSR;GKYITIENNDALAQLAGHTR;LAAFIYNLSRR;YITIENNDALAQLAGHTR	False	False	Ecoli	False	True	False	diann231	Triqler	Triqler	0.2
0.8679	0.9512	P0AA57	2.0	0.01143	0.04003	0.9506	0.932	1.11	1.01	0.9781	0.9853	0.9934	GHYTFSVK;TKGHYTFSVK	False	False	Ecoli	False	True	False	diann231	Triqler	Triqler	0.2
0.868	0.9513	P07001	11.0	1.033e-06	-0.08273	0.9513	0.9703	1.034	0.9106	0.9837	1.029	1.082	AIVEAAHEFGR;AQSLDALSSMANIAGYR;DGNITVDFDDVVIR;AFDTRPEVK;TVEQLLK;NVTVMAMDSVPR;EVDIIVTTALIPGKPAPK;EKDGNITVDFDDVVIR;AGEITWPAPPIQVSAQPQAAQK;VIGYTDLPGR;FFTGQITAAGK	False	False	Ecoli	False	True	False	diann231	Triqler	Triqler	0.2
0.8681	0.9513	P31441	3.0	0.001716	0.03077	0.9512	0.9337	1.155	1.007	0.8729	1.014	1.04	GEPIDAQTLQAEESAR;HFGLNHLGLLAPGK;LIEQHNVPLHVAYR	False	False	Ecoli	False	True	False	diann231	Triqler	Triqler	0.2
0.8682	0.9513	P11349;P19318	2.0	6.349e-05	-0.06466	0.9513	0.9104	1.049	0.9688	1.039	1.038	1.003	LALPLHPEYR;YLAIANYEDR	False	False		False	False	False	diann231	Triqler	Triqler	0.2
0.8683	0.9513	P0ADG7	17.0	3.049e-08	-0.1024	0.9513	0.9499	1.027	0.9224	1.038	1.01	1.059	AKYPDLQIIGGNVATAAGAR;EALTFDDVLLVPAHSTVLPNTADLSTQLTK;HESGVVTDPQTVLPTTTLR;ISGAGIQESHVHDVTITK;KHESGVVTDPQTVLPTTTLR;LAIALAQEGGIGFIHK;LKEIIHQQMGGLR;NGFAGYPVVTEENELVGIITGR;VDALVAAGVDVLLIDSSHGHSEGVLQR;YFQSDNAADKLVPEGIEGR;YPDLQIIGGNVATAAGAR;ELTERNGFAGYPVVTEENELVGIITGR;LNIPMLSAAMDTVTEAR;ERLVTVR;GMGSLGAMSK;LVPEGIEGR;FVTDLNQPVSVYMTPK	False	False	Ecoli	False	True	False	diann231	Triqler	Triqler	0.2
0.8684	0.9513	P69425	4.0	1.172e-05	-0.03384	0.9513	0.9722	1.107	0.8968	0.9918	0.9844	1.061	ASLTNLTPELK;SLATTVQNELTQELK;LQEFQDSLK;TVAGWIR	False	False	Ecoli	False	True	False	diann231	Triqler	Triqler	0.2
0.8685	0.9513	P0AAT6	5.0	6.011e-06	-0.07887	0.9513	0.9568	1.047	0.9232	1.024	0.9897	1.067	ALQDFVIDKIDDLK;HVMSIADHVVQESR;RLYELEK;ALQDFVIDK;GQDIIALDVQGK	False	False	Ecoli	False	True	False	diann231	Triqler	Triqler	0.2
0.8687	0.9517	P75780	1.0	0.000912	0.04226	0.9516	1.039	1.074	0.9541	0.9819	0.9222	1.038	LLLTAALFR	False	False	Ecoli	False	True	False	diann231	Triqler	Triqler	0.2
0.8688	0.9519	P00561	13.0	5.852e-07	-0.09469	0.9519	0.96	1.036	0.9028	1.058	1.031	1.021	GYGAGNDVTAAGVFADLLR;FGGTSVANAER;SISVVVNNDDATTGVR;IAEVDGNDPLFK;EGLLEPLAVTER;ANINIVAIAQGSSER;LLAVGHYLESTVDIAESTR;NTGNPQAPGTLIGASRDEDELPVK;VADILESNAR;GHNVTVIDPVEK;KLLILAR;LLAVGHYLESTVDIAESTRR;EPFNLGR	False	False	Ecoli	False	True	False	diann231	Triqler	Triqler	0.2
0.8689	0.952	Q46798	3.0	0.002458	0.01591	0.9518	0.953	1.108	1.026	0.9819	1.081	0.8698	SSDTGTYSGSVYTVK;VVYVGNQLR;ATAIDPLR	False	False	Ecoli	False	True	False	diann231	Triqler	Triqler	0.2
0.869	0.952	P0A944	4.0	0.0001055	-0.07416	0.952	0.9715	1.039	0.9064	1.018	1.003	1.071	ALLEHLIDELEKR;AHAFPWSEK;GVATLWLEVR;MNTISSLETTDLPAAYHIEQR	False	False	Ecoli	False	True	False	diann231	Triqler	Triqler	0.2
0.8691	0.9521	P37005	5.0	1.833e-05	0.09088	0.9521	1.05	1.065	0.9956	0.9576	0.9532	0.9841	ITIILVAPAR;LVDWLQQR;LLHDIEK;YHYYATPVELVPLLEEK;LGLLEQR	False	False	Ecoli	False	True	False	diann231	Triqler	Triqler	0.2
0.8692	0.9522	P52062	1.0	0.1443	0.02699	0.9441	1.073	1.036	0.9505	0.9901	1.061	0.9018	ISIGVQSFSEEK	False	False	Ecoli	False	True	False	diann231	Triqler	Triqler	0.2
0.8693	0.9522	P0AEM9	20.0	2.367e-08	-0.08504	0.9522	0.9354	1.05	0.9331	1.013	1.019	1.057	AVNDAIAEMQK;KTNDTLAVTGEAFSR;KVGVGLGTNYEEWLR;KYDFSTPYTISGIQALVK;LAALDLVK;TNDTLAVTGEAFSR;TYDDDPTKYQDLR;VGVGLGTNYEEWLR;YDFSTPYTISGIQALVK;IDAILVDR;LAALDLVKK;VGRIDAILVDR;HLGVEASLKPTK;DGTLQALSEK;RIDVVINQVTISDER;WFGADVTK;IDVVINQVTISDER;LTGFEVEFAQQLAK;QNVQGVDVR;DGTLQALSEKWFGADVTK	False	False	Ecoli	False	True	False	diann231	Triqler	Triqler	0.2
0.8694	0.9523	P19318	1.0	0.03753	-0.06308	0.9505	0.9525	0.9872	0.9957	0.9919	1.04	1.036	IDAINITEVR	False	False	Ecoli	False	True	False	diann231	Triqler	Triqler	0.2
0.8695	0.9524	P0AE88	9.0	1.054e-06	-0.09383	0.9524	0.9588	1.021	0.9149	1.034	0.9953	1.085	EHLSQEVLGKR;ILLVDDDRELTSLLK;QTHQTPVIMLTAR;DGHPWFK;VLGLELGADDYLPKPFNDR;EHLSQEVLGK;RLTPFDR;AIDMHISNLR;AIDMHISNLRR	False	False	Ecoli	False	True	False	diann231	Triqler	Triqler	0.2
0.8696	0.9526	P0A6S0	5.0	1.071e-05	-0.06279	0.9525	0.9639	1.065	0.8954	1.008	1.029	1.049	TISGSNTVPSTQVADAR;QIAINQGTEFIR;YLQGLFGNAR;TNFGFDTVPR;FSGVVNPR	False	False	Ecoli	False	True	False	diann231	Triqler	Triqler	0.2
0.8697	0.9526	P0A7H6	1.0	0.03218	-0.04292	0.951	0.9928	0.9864	0.9148	1.164	0.9781	0.9804	MAFTLLQR	False	False	Ecoli	False	True	False	diann231	Triqler	Triqler	0.2
0.8698	0.9526	P0A8C1	1.0	0.03218	0.02587	0.951	0.9918	1.079	0.9917	0.8854	0.9887	1.077	EIAFEELGSQAR	False	False	Ecoli	False	True	False	diann231	Triqler	Triqler	0.2
0.8699	0.9526	P0AGE0	8.0	5.729e-07	-0.1024	0.9526	0.9366	1.028	0.9307	1.032	1.015	1.065	GSQVYIEGQLR;GVNKVILVGNLGQDPEVR;KGSQVYIEGQLR;VILVGNLGQDPEVR;LAEVASEYLR;LAEVASEYLRK;ATGEMKEQTEWHR;YMPNGGAVANITLATSESWR	False	False	Ecoli	False	True	False	diann231	Triqler	Triqler	0.2
0.87	0.9527	P75820	2.0	0.003729	0.01757	0.9525	1.061	1.061	0.8622	1.036	0.9744	1.02	LNDTSIGIELENR;VNFYLAGR	False	False	Ecoli	False	True	False	diann231	Triqler	Triqler	0.2
0.8701	0.9528	P33590	17.0	6.388e-08	-0.07505	0.9528	0.9578	1.063	0.9119	1.023	1.007	1.045	APTNELAVR;AVAFETGDIDLLYGNEGLLPLDTFAR;FSNGEPFDAEAAAENFR;IELSFIGTDALSK;SAYYPFLQELALPRPFR;YQADGSVIPWLAK;LNQYDVFVR;FIAPSQFK;FSQNPAYHTQLSQPIETVMLALNTAK;ITFNVIPDPTTR;HAWLELANQIVDVK;AGWTLPAGK;EALNYAVNKK;FGMIFHR;NENYWGEKPAIK;KITFNVIPDPTTR;QIGADVSLIGEEESSIYAR	False	False	Ecoli	False	True	False	diann231	Triqler	Triqler	0.2
0.8702	0.9528	P0A8Z0	3.0	1.265e-05	-0.07613	0.9528	0.95	1.042	0.9235	1.007	1.031	1.054	STTHNVPQGDLVLR;YKATEALFK;YVAVDPEGKPR	False	False	Ecoli	False	True	False	diann231	Triqler	Triqler	0.2
0.8703	0.9529	P21866	2.0	0.02396	-0.02465	0.9517	1.068	1.031	0.8212	1.085	1.008	1.012	LLAVLLNNAGK;GLLEAATR	False	False	Ecoli	False	True	False	diann231	Triqler	Triqler	0.2
0.8704	0.9529	P01112ups|RASH_HUMAN_UPS	2.0	0.001288	-0.01399	0.9528	0.9986	0.9986	0.9986	0.9202	1.032	1.058	TRQGVEDAFYTLVR;SALTIQLIQNHFVDEYDPTIEDSYRK	False	False	Human	True	False	False	diann231	Triqler	Triqler	0.2
0.8705	0.9529	P0AFH0	2.0	0.001835	-0.02565	0.9528	0.9713	1.027	0.9669	0.9527	1.116	0.9751	AVEWEEYSER;HEGYLLL	False	False	Ecoli	False	True	False	diann231	Triqler	Triqler	0.2
0.8706	0.9529	P33913	7.0	3.658e-05	-0.07326	0.9529	1.054	0.9588	0.9389	1.062	0.9467	1.049	TNSYFQNTEYAAR;TEQLYDTLFTTSDDEPGSYYPLIAESAR;WLAFNIQRPVFSDR;GGQITLSALGTFDNFNR;AIAPLTVR;FHDGSPITAR;LGINMDIR	False	False	Ecoli	False	True	False	diann231	Triqler	Triqler	0.2
0.8707	0.9529	P25894	2.0	0.0001311	-0.05425	0.9529	0.9063	1.058	0.9679	0.9881	1.001	1.09	ATIAPANSEYAK;QEAEADDYSYDLLR	False	False	Ecoli	False	True	False	diann231	Triqler	Triqler	0.2
0.8708	0.953	P09155	12.0	5.711e-06	-0.04147	0.953	1.035	1.043	0.8756	1.017	1.003	1.038	TDWLARPLTER;TLLALVEK;AFPAIALDTEFVR;ERDLAVNFVVR;AILRDPSITK;QINQLLNWHWK;LKPQNNLPELISGWR;SLITDVSETHK;RQEVVAPEDAWR;ISAELLASR;DITNAWQLR;EEHLWSVAR	False	False	Ecoli	False	True	False	diann231	Triqler	Triqler	0.2
0.8709	0.953	P07004	15.0	1.183e-07	-0.08987	0.953	0.978	1.024	0.9093	1.056	0.9875	1.054	EHGTQHSDAILTR;FVNEVDSSAVYVNASTR;IVSDLDDAIAHIR;LKGIADDVR;NIADSFLPALSK;WIGIGDYTIR;WIGIGDYTIRA;FTDGGQFGLGAEVAVSTQK;TGNAVILR;ALVSEMLR;GPMGLEALTTYK;AEEYDDEFLSLDLNVK;YIDMLIPR;MDKYIDMLIPR;LALTPAR	False	False	Ecoli	False	True	False	diann231	Triqler	Triqler	0.2
0.871	0.953	P76291	10.0	1.212e-06	-0.01136	0.953	1.009	1.067	0.9087	1.015	0.9247	1.089	AHLLPLGIEQLPALK;IADVSVTTTEEQR;KGPFSLYGVNIDTEWR;VLPHLSDLTGR;AFDTVFSMGVLYHR;NVYFIPSALALK;RAVLIAR;QWSNAVEFLPEIKPYR;GPFSLYGVNIDTEWR;IADVSVTTTEEQRR	False	False	Ecoli	False	True	False	diann231	Triqler	Triqler	0.2
0.8712	0.9532	P75694	2.0	0.04588	0.003258	0.9509	0.8949	1.037	1.057	0.9818	0.9549	1.087	IHGTANIYK;GADVLVLTSGQTDNK	False	False	Ecoli	False	True	False	diann231	Triqler	Triqler	0.2
0.8713	0.9532	P0A7Z0	7.0	5.407e-07	-0.1121	0.9532	0.9596	1.009	0.9142	1.063	1.035	1.028	EKIIASVAEK;FPLPVEVIPMAR;GADVALIGTPDGVK;GQIEGAVSSSDASTEK;GQIEGAVSSSDASTEKLK;QVDILGKFPLPVEVIPMAR;IIASVAEK	False	False	Ecoli	False	True	False	diann231	Triqler	Triqler	0.2
0.8714	0.9533	P43329	20.0	6.485e-08	-0.08172	0.9533	0.9655	1.035	0.9215	1.031	0.9874	1.066	LLEELGAITTDEQASAYK;LLLLNIPSPIK;LPIEPISQASANQR;TDYLNYLR;NFVPAPNYAEAFLGR;HALVEGDWQTR;VTVYGLPIVAAR;HTEILPLYAR;LGLYFNPYGK;FSIFPGSGLFK;TYSEPHWER;IIITSATIDPER;LRAEVEELEHK;LYSEDDFLSRPEFTDPEILR;GLIGHTQPR;RLLLLNIPSPIK;ETPDLLNFEK;LFDNPLEQK;YVIDPGTAR;HFNNAPIIEVSGR	False	False	Ecoli	False	True	False	diann231	Triqler	Triqler	0.2
0.8715	0.9533	P77717	5.0	6.216e-06	0.07752	0.9533	1.022	1.082	0.9841	0.924	0.964	1.032	LVFITDTVQPVINQGGTK;VALPPDAVLTVTLSDASLADAPSK;QSPFSFVLSFNPADVQPNAR;QKVALPPDAVLTVTLSDASLADAPSK;ILLSAAITVNDK	False	False	Ecoli	False	True	False	diann231	Triqler	Triqler	0.2
0.8716	0.9533	P0AFY8	11.0	1.404e-07	-0.08899	0.9533	0.9533	1.028	0.9291	1.027	0.9856	1.085	ELLLSDEYAEQKR;FSAASQPAAPVTK;HIGESASDILR;HVPGTPYWVITNTNTGRK;TIEVDDELYSYIASHTK;VASPAIVEAKPVK;VYFAADEQTLLK;HIGESASDILRR;HVPGTPYWVITNTNTGR;ELLLSDEYAEQK;VASPAIVEAK	False	False	Ecoli	False	True	False	diann231	Triqler	Triqler	0.2
0.8717	0.9533	P06715	12.0	1.335e-07	-0.03365	0.9533	0.9938	1.093	0.8888	1.032	0.9866	1.018	EPANDNINLEAAGVK;FNWETLIASR;HYDYIAIGGGSGGIASINR;IHTSYENVLGK;SSFTAMYTAVTTHR;TKHYDYIAIGGGSGGIASINR;VAVVGAGYIAVELAGVINGLGAK;YQNTNIEGIYAVGDNTGAVELTPVAVAAGR;KVMWHAAQIR;THLFVRK;EAIHMYGPDYGFDTTINKFNWETLIASR;DFDNTVAIHPTAAEEFVTMR	False	False	Ecoli	False	True	False	diann231	Triqler	Triqler	0.2
0.8718	0.9533	P07650	21.0	1.991e-08	-0.09292	0.9533	0.9446	1.039	0.9245	1.013	1.033	1.053	AVYADTEGFVSEMDTR;DGHALSDEEIR;DITATVDSIPLITASILAK;EAVQFLTGEYR;LADKAPESTPTVYR;MFLAQEIIR;EAVQFLTGEYRNPR;GLGHTGGTLDKLESIPGFDIFPDDNR;KLAEGLDALVMDVK;LGDQVDGQRPLAVIHAK;SLHLNGPIVDK;DSGTVLDWK;GPTDFVENYAK;YLPTAMLTK;FFINGIR;AKLQAVLDNGK;LQAVLDNGK;DVGVAIIGQTSSLAPADKR;VSLTMAMR;LAEGLDALVMDVK;TTALLTDMNQVLASSAGNAVEVR	False	False	Ecoli	False	True	False	diann231	Triqler	Triqler	0.2
0.8719	0.9534	P77689	1.0	0.06351	-0.02862	0.9502	0.9647	1.128	0.8954	0.9619	1.027	1.039	LVFVDGR	False	False	Ecoli	False	True	False	diann231	Triqler	Triqler	0.2
0.872	0.9534	P76594	1.0	0.05877	0.06834	0.9505	1.013	1.045	1.024	0.9524	0.9989	0.9701	NLALLEELGEK	False	False	Ecoli	False	True	False	diann231	Triqler	Triqler	0.2
0.8721	0.9534	P0A9B2	24.0	6.121e-09	-0.1008	0.9534	0.9514	1.028	0.9222	1.035	1.014	1.056	AGIALNDNFVK;DNTPMFVK;FDGTVEVK;FDGTVEVKDGHLIVNGK;GASQNIIPSSTGAAK;LTGMAFRVPTPNVSVVDLTVR;LVSWYDNETGYSNK;LVSWYDNETGYSNKVLDLIAHISK;RSDIEIVAINDLLDADYMAYMLK;VINDNFGIIEGLMTTVHATTATQK;VLDLIAHISK;VPTPNVSVVDLTVR;VPTPNVSVVDLTVRLEK;WDEVGVDVVAEATGLFLTDETAR;WDEVGVDVVAEATGLFLTDETARK;TVDGPSHKDWR;VTAERDPANLK;YDSTHGRFDGTVEVK;VVMTGPSKDNTPMFVK;VLPELNGK;TIKVGINGFGR;LTGMAFR;GGRGASQNIIPSSTGAAK;AATYEQIKAAVK	False	False	Ecoli	False	True	False	diann231	Triqler	Triqler	0.2
0.8722	0.9536	P0A6Z3	41.0	1.19e-09	-0.09371	0.9536	0.9533	1.035	0.9234	1.012	1.023	1.06	ALSNPDLYEGDGELR;DEVIDHLGTIAK;EEKDGETVISWEK;EGEDEFLDDWR;EGEDEFLDDWRVR;EGPAEDFANQEAIAK;EILQDSTVTR;FASTHTDSSAQTVSLEDYVSR;GLIDSSDLPLNVSR;GTEITLHLR;HIAHDFNDPLTWSHNR;HIAHDFNDPLTWSHNRVEGK;IYYITADSYAAAK;LADEVDESAKEAEK;SFLESLGSDQAK;VFIMDDAEQFMPNYLR;YIFELNPDHVLVK;YIFELNPDHVLVKR;YSDHIALPVEIEKR;AAGEKPENGVFWESAGEGEYTVADITK;GTLEDPNLFIR;GTLEDPNLFIRR;SEITDEEYKEFYK;YSDHIALPVEIEK;SSPHLELLR;GTEITLHLREGEDEFLDDWR;DDAEKYQTFWQQFGLVLK;ELISNASDAADKLR;ALSNPDLYEGDGELRVR;ALTPFIDR;AQALWTR;DGETVISWEK;VLQMLEK;ELISNASDAADK;EDRGTEITLHLR;SSPHLELLRK;RVLQMLEK;LTDTPAIVSTDADEMSTQMAK;TLTISDNGVGMTRDEVIDHLGTIAK;RMNQLLVS;MNQLLVS	False	False	Ecoli	False	True	False	diann231	Triqler	Triqler	0.2
0.8723	0.9536	P0AFU4	3.0	0.0003699	-0.0378	0.9536	0.962	1.131	0.8873	1.01	0.9882	1.038	LTSEGYSVVTAESGAEGLR;TEDIPLLANHLLR;PFVRAFSTDAMK	False	False	Ecoli	False	True	False	diann231	Triqler	Triqler	0.2
0.8724	0.9536	P0A6J5	4.0	9.501e-05	0.04101	0.9536	1.068	1.052	0.9205	1.027	0.8957	1.051	DIAVLEDAGVPYQLLESSR;LDGTQFQLK;LAEVEPALAEVAHK;GIVDIPVYPLK	False	False	Ecoli	False	True	False	diann231	Triqler	Triqler	0.2
0.8725	0.9537	P77781	3.0	0.002058	0.06096	0.9536	1.033	1.053	0.9721	0.9548	1.043	0.9497	HQVWQIEIFDEK;HQVWQIEIFDEKGR;VVGLEINANHVR	False	False	Ecoli	False	True	False	diann231	Triqler	Triqler	0.2
0.8726	0.9537	P0A9N4	4.0	9.639e-06	-0.0944	0.9537	0.9564	0.999	0.9403	1.052	0.9954	1.063	IELLPYHELGK;YVVVPGWSDDDDSAHR;VKGILEQYGHK;QMNDEIHQNLVGVSNHR	False	False	Ecoli	False	True	False	diann231	Triqler	Triqler	0.2
0.8727	0.9537	P23898	2.0	0.07316	-0.03784	0.95	0.9426	1.019	0.9839	0.9839	0.9989	1.077	LSDSITVIAGLNDQLQSWHGTPYR;DRFDLQLPR	False	False	Ecoli	False	True	False	diann231	Triqler	Triqler	0.2
0.8728	0.9538	P77444	3.0	5.214e-05	-0.05205	0.9538	0.9453	1.094	0.9146	1.024	1.016	1.016	LGVIAFNLGK;SAEELVFVR;ADFPVLSR	False	False	Ecoli	False	True	False	diann231	Triqler	Triqler	0.2
0.8729	0.954	P0ACP7	13.0	1.07e-07	-0.07828	0.954	0.9527	1.04	0.9262	1.042	0.9762	1.071	ANVSTTTVSHVINK;DSLGETAFNMLLDR;VPESWIVQGDFEPESGYR;YFTPALTTIHQPK;EEPQSIEVHPR;RANVSTTTVSHVINK;VPQDVSLIGYDNVR;EIGVIPGPLER;ADFTDAVIDNAFEGGYMAGR;GYTLILGNAWNNLEK;SVADGPFR;ELHYSPSAVAR;NAVWAAIK	False	False	Ecoli	False	True	False	diann231	Triqler	Triqler	0.2
0.873	0.954	P0A784	8.0	1.017e-06	-0.0913	0.954	0.9754	1.019	0.9198	1.002	1.002	1.089	EAELATLEFLK;ESVAELAYYR;WKPEILDGFTK;YMPELEAYFHYR;YLDVSTLK;YLDVSTLKELAR;THTASGLVER;QWVPAGK	False	False	Ecoli	False	True	False	diann231	Triqler	Triqler	0.2
0.873	0.954	decoy_P45756	1.0	0.3807	0.03572	0.9258	1.128	0.9901	0.9901	0.9227	0.9901	0.9901	SLNASLQTLVDQNLPWIASGK	False	False		False	False	False	diann231	Triqler	Triqler	0.2
0.873	0.954	P0AD37	4.0	0.0004171	-0.0003024	0.954	1.047	1.071	0.8713	1.051	0.9621	1.012	QFTSLLLR;EGIIGLLQR;LVHVNEQVR;NAERPEGQGEAPALSGDAPLEVLLVTLAK	False	False	Ecoli	False	True	False	diann231	Triqler	Triqler	0.2
0.8731	0.9541	P27250	4.0	7.545e-05	0.01924	0.9541	0.9348	1.131	0.9855	0.9821	0.9403	1.039	SVSGSATGTPYELR;INDAIQHVR;VVALGSAAQDK;VGVIGIGGLGHIAIK	False	False	Ecoli	False	True	False	diann231	Triqler	Triqler	0.2
0.8732	0.9541	P30126	2.0	0.003574	-0.03691	0.9539	1.015	0.9974	0.9184	0.9619	1.004	1.114	EHAPWALTDYGFK;LSDAEVDELFALVK	False	False	Ecoli	False	True	False	diann231	Triqler	Triqler	0.2
0.8733	0.9542	P0A7H0	1.0	0.3578	0.04942	0.9286	0.9972	0.9972	1.06	0.9972	0.9972	0.9539	TSVLEAIYTLGHGR	False	False	Ecoli	False	True	False	diann231	Triqler	Triqler	0.2
0.8734	0.9542	P30843	3.0	0.000215	-0.02256	0.9542	1.048	0.9684	0.9294	1.14	0.959	0.9692	YTLPVLILTAR;KYTLPVLILTAR;EYALLSR	False	False	Ecoli	False	True	False	diann231	Triqler	Triqler	0.2
0.8735	0.9543	P32681	1.0	0.08262	-0.001869	0.9502	0.9926	1.0	0.9926	1.03	0.9926	0.9926	DSGDNVHLLAVFSPWR	False	False	Ecoli	False	True	False	diann231	Triqler	Triqler	0.2
0.8736	0.9543	P0ACA1	2.0	0.004119	0.02931	0.9541	0.9539	1.119	0.9858	0.9295	0.9723	1.051	KLSILLLEK;EQARPAAQQSEDELLR	False	False	Ecoli	False	True	False	diann231	Triqler	Triqler	0.2
0.8737	0.9543	P67080	9.0	4.442e-06	-0.07218	0.9543	0.9791	1.052	0.8922	1.009	1.055	1.022	SGIQLAELDELAAAVAELPR;SPEEITLLAVSK;IGTAIFGAR;GLMAIPAPESEYVR;QMAVAFAGLK;NDIAHNLAQVR;QFGENYVQEGVDK;TKPASAIAEAIDAGQR;QFGENYVQEGVDKIR	False	False	Ecoli	False	True	False	diann231	Triqler	Triqler	0.2
0.8738	0.9545	P0ADZ4	5.0	6.447e-06	-0.07009	0.9545	0.944	1.065	0.9223	1.005	1.018	1.054	DANDTGSTEVQVALLTAQINHLQGHFAEHK;KLLDYLK;LLDYLKR;IVSEFGR;YTQLIER	False	False	Ecoli	False	True	False	diann231	Triqler	Triqler	0.2
0.8739	0.9545	P0AE60	3.0	0.0003076	-0.06466	0.9545	0.9279	0.9998	1.007	0.9863	1.052	1.032	SPAFTVPESAQR;QIISYVPR;GKYVAFVLMGESFLR	False	False	Ecoli	False	True	False	diann231	Triqler	Triqler	0.2
0.874	0.9546	P0A8Z7	1.0	0.4333	-0.05306	0.9198	0.9484	0.9945	0.9945	1.078	0.9945	0.9945	STLLYLHGFNSSPR	False	False	Ecoli	False	True	False	diann231	Triqler	Triqler	0.2
0.8741	0.9546	P0ABP3	1.0	0.3311	-0.04261	0.9321	0.9949	0.9949	0.9453	0.9949	0.9753	1.101	ISPFEVVKR	False	False	Ecoli	False	True	False	diann231	Triqler	Triqler	0.2
0.8742	0.9546	P39347	1.0	0.000912	-0.0428	0.9546	1.015	1.01	0.8886	1.086	1.036	0.9756	SLEDNLFAALGER	False	False	Ecoli	False	True	False	diann231	Triqler	Triqler	0.2
0.8743	0.9546	P0AB10	2.0	6.146e-05	-0.07155	0.9546	1.001	0.9993	0.9059	1.041	1.025	1.034	VIVSGEWLLNHQGQLIK;YVIANNNLWASPLDQQLR	False	False	Ecoli	False	True	False	diann231	Triqler	Triqler	0.2
0.8744	0.9547	P38134	24.0	1.31e-08	-0.07298	0.9547	0.9459	1.061	0.9292	1.005	1.006	1.06	AVLEQIVNVDNQLNELTFR;AVYLQLLNR;DGVALTIADIK;LEKDGVALTIADIK;NIPFLAVDNPADSAVEAVR;QAAQDSQSLEFLQR;TELEAINALQETFTVSER;VSAMPSTQQEVLR;IIDPAVTQPQPVKPK;AKPGTQFVLSQR;LEQAGVNIK;VLFIDADLRR;DSVDLNLEAK;EAEISQLYK;GGFDVITR;EAEISQLYKK;EVSLSMQR;NLFSNQQR;TIAELNLR;TIAELNLRDIVEQK;YFPIVGR;TKNIPFLAVDNPADSAVEAVR;GAILNGVIKR;NMNTPPGSTQENEIDLLR	False	False	Ecoli	False	True	False	diann231	Triqler	Triqler	0.2
0.8745	0.9547	P77330	3.0	3.101e-05	-0.05611	0.9547	0.9694	1.05	0.8991	1.017	1.031	1.043	ETITHHFFVSGIGQK;ETITHHFFVSGIGQKK;TETQQTFVNGLLGFITLGIYTPLEAR	False	False	Ecoli	False	True	False	diann231	Triqler	Triqler	0.2
0.8746	0.9548	P26365	1.0	0.3311	-0.06086	0.9325	0.9646	0.991	0.9799	0.9927	0.9927	1.083	ITLSFIGDPDYAFSHQSK	False	False	Ecoli	False	True	False	diann231	Triqler	Triqler	0.2
0.8747	0.9549	P00934	14.0	1.057e-07	-0.07663	0.9549	0.9525	1.032	0.9351	1.029	0.9762	1.083	ELGYAAVDDETTQQTMR;FIAATNVNDTVPR;FKESVEAILGETLDLPK;ILSAFIGDEIPQEILEER;ELGYTSEPHAAVAYR;ELKELGYTSEPHAAVAYR;VVILYPR;ADLPLLSHNLPADFAALRK;DHNEQVSFAQAVTQGLGK;FLHDGQWSPK;ADLPLLSHNLPADFAALR;GKISPLQEK;NQLVVSVPSGNFGDLTAGLLAK;SLGLPVKR	False	False	Ecoli	False	True	False	diann231	Triqler	Triqler	0.2
0.8748	0.9549	P75957	3.0	4.288e-05	-0.04272	0.9549	0.9996	1.072	0.8664	1.036	1.018	1.02	LVLADEPTGNLDAR;NADSIFQLLGELNR;LQGTAFLVVTHDLQLAK	False	False	Ecoli	False	True	False	diann231	Triqler	Triqler	0.2
0.8749	0.955	P0ABV6	4.0	3.672e-05	-0.002861	0.955	0.9646	1.137	0.9139	1.018	0.9653	1.015	LPPEQVVAEVSSR;TVFLIGGAK;ALNLLHSAGVK;DVPYDEIIK	False	False	Ecoli	False	True	False	diann231	Triqler	Triqler	0.2
0.875	0.955	P11557	9.0	2.9e-07	-0.09825	0.955	0.9439	1.017	0.9333	0.9973	1.031	1.085	AVSTLPADVQAK;KAVSTLPADVQAK;NPWAKPLR;SAPSSHYTLQLSSSSNYDNLNGWAK;RTEPAAPVASTK;NGQPWYVLVSGVYASKEEAK;NEEPEIEEEIDESEDETVDEERVER;NYVVYETTR;ENLKNYVVYETTR	False	False	Ecoli	False	True	False	diann231	Triqler	Triqler	0.2
0.8751	0.955	P0A9R4	3.0	9.502e-05	-0.07743	0.955	0.9911	1.015	0.9007	1.055	1.009	1.037	VTDEDLVVEIPR;AWGLEPESR;EGFDSLPESSEQEDDMLDKAWGLEPESR	False	False	Ecoli	False	True	False	diann231	Triqler	Triqler	0.2
0.8752	0.9551	P76046	2.0	0.001656	0.05178	0.955	1.04	1.103	0.9942	1.025	0.8394	1.019	LSDGAPLTVYPGEVPAR;LDAALEFLIGDKLR	False	False	Ecoli	False	True	False	diann231	Triqler	Triqler	0.2
0.8753	0.9551	P45568	2.0	0.006231	-0.01519	0.9548	0.9581	1.099	0.9233	1.046	0.9436	1.042	GLEYIEAR;FTDIAALNLSVLEK	False	False	Ecoli	False	True	False	diann231	Triqler	Triqler	0.2
0.8753	0.9551	decoy_P0AD14	1.0	0.1443	0.007897	0.9476	0.9442	1.076	0.9961	0.9961	0.9961	0.9961	AYETGEVVYADGNEVPIR	False	False		False	False	False	diann231	Triqler	Triqler	0.2
0.8754	0.9552	P39401	8.0	2.539e-06	-0.02665	0.9552	0.9905	1.089	0.8918	1.04	0.9635	1.038	LNLVYIYGESLER;NSGYQNYFVQGANLR;FQLADFAPR;TLAWKPDIIR;DNFVWVDR;SVVADPHYR;VEPLPESEYSAPLR;NNLFFVIR	False	False	Ecoli	False	True	False	diann231	Triqler	Triqler	0.2
0.8755	0.9552	P0AEU7	6.0	1.297e-06	-0.1019	0.9552	0.9487	1.013	0.928	1.039	1.032	1.045	IAIVNMGSLFQQVAQK;SVANSQDIDLVVDANAVAYNSSDVK;TGVSNTLENEFKGR;LEKDVMAQR;TGVSNTLENEFK;DITADVLK	False	False	Ecoli	False	True	False	diann231	Triqler	Triqler	0.2
0.8755	0.9552	P24205	4.0	0.0001052	-0.06495	0.9552	0.9317	1.003	0.9829	1.052	1.006	1.029	VVPLFPIYDGK;VDWQGLEIIEEMRR;NDGIKPFIQSVR;ATLPAIGR	False	False	Ecoli	False	True	False	diann231	Triqler	Triqler	0.2
0.8756	0.9552	P77247	6.0	2.318e-06	-0.06838	0.9552	0.9691	1.062	0.8969	1.052	1.011	1.019	IDMVVDLWYAR;LSSLTELTAK;RNELPDTLGLR;VLTMFDLR;NELPDTLGLR;EQGLLVGLASASPLHMLEK	False	False	Ecoli	False	True	False	diann231	Triqler	Triqler	0.2
0.8757	0.9553	P41159ups|LEP_HUMAN_UPS	1.0	0.002946	-0.002305	0.9552	0.9945	0.9945	0.9945	1.087	0.9474	0.9873	VTGLDFIPGLHPILTLSK	False	False	Human	True	False	False	diann231	Triqler	Triqler	0.2
0.8758	0.9554	P16431;P77329	1.0	0.0009349	-0.04267	0.9554	0.9923	1.066	0.8679	1.007	1.026	1.055	VPAAVWGER	False	False		False	False	False	diann231	Triqler	Triqler	0.2
0.8759	0.9554	P0A9D4	3.0	5.333e-05	-0.06692	0.9554	0.9266	1.053	0.9477	0.9664	1.036	1.08	ILGNIEVGR;IGAGSVVLQPVPPHTTAAGVPAR;IGHWLWNQGR	False	False	Ecoli	False	True	False	diann231	Triqler	Triqler	0.2
0.876	0.9555	P0A7C2	8.0	8.341e-07	-0.1103	0.9555	0.9591	0.9992	0.9306	1.032	1.008	1.078	DIGIMDGDLLAVHK;KGVIEIVSGASR;LLQEEEEGLPLVGR;QQSFTIEGLAVGVIR;GVIEIVSGASR;IDDEVTVKR;QQEVFDLIR;IDDEVTVK	False	False	Ecoli	False	True	False	diann231	Triqler	Triqler	0.2
0.8761	0.9555	P76223	9.0	6.246e-07	-0.08629	0.9555	0.9531	1.043	0.9193	1.083	0.9977	1.013	EANLLQTGWAETLPNWR;GQTVWFNAWGGDTAINR;IASGDLPASSYSFGFR;VVANFLLSPDAQLR;TLKEANLLQTGWAETLPNWR;DVTPQPPQTPQALLEFAK;TGGSVDLLWVNGENFR;LSLTFNPAHAQQK;VVANFLLSPDAQLRK	False	False	Ecoli	False	True	False	diann231	Triqler	Triqler	0.2
0.8762	0.9555	P33599	31.0	2.81e-09	-0.08563	0.9555	0.9608	1.037	0.9195	1.035	0.9999	1.054	ADHPLTTPPPKER;ATEFSPFELTK;ATGIDFDVR;ATGIDFDVRK;EALEWGTTGAGLR;EGLPAADFSVFYHLISIDR;EQLLEVGDFLK;ETWDLFGITFDGHPNLR;ETWDLFGITFDGHPNLRR;FGPDAFTVQATR;GINSYYLTSDGSTMSYR;IYDLVEAITGFR;NRFGPDAFTVQATR;QKIYDLVEAITGFR;REQLLEVGDFLK;TDLTAQEPAWQTR;TGVPVVWIK;VALAENDLHVPTFTK;VMLSELFR;DHLDDPVIGELR;THREGLPAADFSVFYHLISIDR;EQLLEVGDFLKK;AALQNTILK;IGGVAHDLPR;LAGITVPDRVNVIR;LFPNANWYER;TGVPVVWIKR;EGLPAADFSVFYHLISIDRNR;LAGITVPDR;VMLKVEELR;ADHPLTTPPPK	False	False	Ecoli	False	True	False	diann231	Triqler	Triqler	0.2
0.8763	0.9556	P0ADW8	1.0	0.2701	0.04894	0.9391	0.9565	1.045	1.055	0.993	0.993	0.9621	KDEQVIGIFHPD	False	False	Ecoli	False	True	False	diann231	Triqler	Triqler	0.2
0.8764	0.9556	P00915ups|CAH1_HUMAN_UPS	2.0	0.0005291	-0.02238	0.9556	0.9857	0.9857	0.9857	0.9779	0.9839	1.085	ESISVSSEQLAQFR;GGPFSDSYR	False	False	Human	True	False	False	diann231	Triqler	Triqler	0.2
0.8765	0.9558	P0A870	22.0	7.714e-09	-0.1145	0.9558	0.9503	1.008	0.9242	1.039	1.024	1.061	AQQIVDATDKLAVNIGLEILK;EHGYETVVMGASFR;ELAESEGAIER;ELAESEGAIERK;ITESEFLWQHNQDPMAVDKLAEGIR;KLIDDAVAWAK;KLSYTGEVK;LAVNIGLEILK;LIDDAVAWAK;LSYDTEASIAK;LSYTGEVK;LTIAPALLK;LYNDAGISNDR;LYQPQDATTNPSLILNAAQIPEYR;LYQPQDATTNPSLILNAAQIPEYRK;QYTTVVADTGDIAAMK;EYAPAEDPGVVSVSEIYQYYK;LASTWQGIR;TDKLTSLR;ITESEFLWQHNQDPMAVDK;LTIAPALLKELAESEGAIER;AAEQLEKEGINCNLTLLFSFAQAR	False	False	Ecoli	False	True	False	diann231	Triqler	Triqler	0.2
0.8766	0.9559	P06988	5.0	0.0001929	-0.07093	0.9559	0.9998	1.033	0.8839	1.025	1.012	1.055	QLAELPR;NIETFHTAQK;LPPVDVETQPGVR;VSAEEIAAASER;TVNDILDNVK	False	False	Ecoli	False	True	False	diann231	Triqler	Triqler	0.2
0.8767	0.9559	P0AE22	3.0	1.459e-05	-0.07692	0.9559	0.9652	1.043	0.9109	1.023	1.009	1.057	IFYGDSDNDITAAR;RGDAIFFVTGR;GDAIFFVTGR	False	False	Ecoli	False	True	False	diann231	Triqler	Triqler	0.2
0.8767	0.956	P0ABF1	18.0	1.217e-07	-0.02738	0.956	0.9394	1.081	0.9616	0.9744	0.9712	1.082	AAYDLLALR;DFDVTTNATPEQVR;EESEAEQAVARPQVTVIPR;RDFTINSLYYSVADFTVR;DNIFGSIEEDAQR;DNIFGSIEEDAQRR;DIWQLQLR;AGYEAWLVGGGVR;DFTINSLYYSVADFTVR;IIEQVLK;LIGNPETR;AAYDLLALRAEVER;LATLLNDIPPAR;ISPETAEPIPR;DFDVTTNATPEQVRK;LAHVMFGPEIIEVATFR;LFEESLK;GMLNELDEEPSPR	False	False	Ecoli	False	True	False	diann231	Triqler	Triqler	0.2
0.8768	0.956	P06846	7.0	4.947e-06	-0.05259	0.956	1.0	1.054	0.9008	1.03	0.9603	1.065	ALPLLVFVPSK;GGFSSSSGYELAK;NVTGILIVGKPTPALR;FTFPPLSTVR;GLNIPQDISLISVNDIPTAR;ATLKDIAIEAGVSLATVSR;EVAFAEYGR	False	False	Ecoli	False	True	False	diann231	Triqler	Triqler	0.2
0.8769	0.956	P37329	12.0	1.364e-07	-0.05395	0.956	0.9544	1.091	0.9138	1.025	1.006	1.02	EKGVDVVSSFASSSTLAR;GVDVVSSFASSSTLAR;KVEYPVAVVEGHNNATVK;LAVGDPEHVPAGIYAK;LGAWDTLSPK;VVATFPEDSHK;QTLLGNSLVVVAPK;TNWTSLLNGGR;QIEAGAPADLFISADQK;GPQAAEIFKR;VVATFPEDSHKK;AFYDYLK	False	False	Ecoli	False	True	False	diann231	Triqler	Triqler	0.2
0.877	0.956	P21369	3.0	0.0003278	0.03947	0.956	1.043	1.053	0.961	1.019	0.9528	0.9755	FTVLDALQLGYK;GENPLVDSYSAFFDNGRR;AIAAVFHK	False	False	Ecoli	False	True	False	diann231	Triqler	Triqler	0.2
0.8771	0.9561	P0ABN1	1.0	0.06351	-0.05118	0.9531	0.873	1.013	1.011	1.015	1.019	1.081	IGSEYHELSGR	False	False	Ecoli	False	True	False	diann231	Triqler	Triqler	0.2
0.8772	0.9561	P17854	11.0	2.716e-07	-0.09311	0.9561	0.959	1.032	0.9146	1.034	1.02	1.048	ANLPVLAIQR;ATESAAWQEAR;VLPIIDWDNR;YHPLWDEGYLSVGDTHTTR;ELNAQTWFAGLR;ELNAQTWFAGLRR;FIDELTDKLK;VLPIIDWDNRTIYQYLQK;SKLDLNALNELPK;TIYQYLQK;LWEQGVEGIEK	False	False	Ecoli	False	True	False	diann231	Triqler	Triqler	0.2
0.8773	0.9562	P69451	1.0	0.1934	-0.01179	0.9457	0.9946	0.9946	0.9946	0.9469	0.9946	1.079	GTVVNFVVK	False	False	Ecoli	False	True	False	diann231	Triqler	Triqler	0.2
0.8774	0.9562	P0A9X4	14.0	1.002e-07	-0.1215	0.9562	0.9505	0.9979	0.9298	1.032	1.018	1.079	DGVIADFFVTEK;GMVLTGGGALLR;GQGIVLNEPSVVAIR;IGGDRFDEAIINYVR;IKHEIGSAYPGDEVR;NYGSLIGEATAER;FDEAIINYVR;GQGIVLNEPSVVAIRQDR;NLAEGVPR;RNYGSLIGEATAER;QVHSNSFMRPSPR;MLQHFIK;TPGNIAAIRPMK;GRNLAEGVPR	False	False	Ecoli	False	True	False	diann231	Triqler	Triqler	0.2
0.8775	0.9562	P63177	7.0	1.679e-06	-0.09425	0.9562	0.9502	1.038	0.9216	1.067	1.006	1.025	FQEVFILK;LLPLIHALESQGVVIQLANR;SDGAVHQGIIAR;SADAAGVHAVIVPK;QYLDEKSDGAVHQGIIAR;SEMIYGIHAVQALLER;MLQEENIWIVGTAGEADHTLYQSK	False	False	Ecoli	False	True	False	diann231	Triqler	Triqler	0.2
0.8776	0.9563	P17445	6.0	2.468e-05	0.03959	0.9563	1.014	1.113	0.9341	1.005	0.9181	1.028	ANDTDYGLAAGIVTADLNR;AGDVFDPQTNFGPLVSFPHR;RANDTDYGLAAGIVTADLNR;VSFTGGVASGK;ETSFVYTR;RAVDILR	False	False	Ecoli	False	True	False	diann231	Triqler	Triqler	0.2
0.8777	0.9563	P04968	5.0	0.0002213	-0.06819	0.9563	0.9705	0.9457	0.9882	1.083	1.015	1.003	ADSQPLSGAPEGAEYLR;LYSFEFPESPGALLR;AALDAGHPVDLPR;VGLFAEGVAVKR;SVTEFNYR	False	False	Ecoli	False	True	False	diann231	Triqler	Triqler	0.2
0.8777	0.9564	P37330	7.0	4.28e-06	-0.09139	0.9564	0.9446	0.9924	0.9643	1.003	1.004	1.099	VAFINTGFLDR;YALNAANAR;IQAALDEWHR;ELGYLVPQPER;TPAQFVGYR;TGSVYIVKPK;ISSQHIANWLR	False	False	Ecoli	False	True	False	diann231	Triqler	Triqler	0.2
0.8778	0.9564	P16681	1.0	0.1848	-0.008864	0.9465	0.9957	0.9957	0.9957	1.078	0.944	0.9957	ASYSGFTLVLDSQQVEEGKR	False	False	Ecoli	False	True	False	diann231	Triqler	Triqler	0.2
0.8779	0.9564	P0ACB0	12.0	1.561e-07	-0.08173	0.9564	0.9583	1.043	0.9168	1.036	0.9951	1.058	ELNVPVVALSQLNR;LQESGSPIDLITLAESLER;NIYIDDSSGLTPTEVR;NTPSAANISAYADIVR;TGQLDDEDWAR;TSEDLLDLAESR;LTFNGQWSR;GIAEIIIGK;NIADVLDATVAR;QGQLDSVGGFAYLAELSK;VVADDFYTRPHR;IEQLFQQPHDGVTGVNTGYDDLNKK	False	False	Ecoli	False	True	False	diann231	Triqler	Triqler	0.2
0.878	0.9565	P00894	4.0	0.0007129	-0.05179	0.9564	0.9763	1.072	0.9072	1.036	1.045	0.9736	VIGLFSQR;GYNIESLTVAPTDDPTLSR;ILSVLLENESGALSR;VSELGQGAHVER	False	False	Ecoli	False	True	False	diann231	Triqler	Triqler	0.2
0.8781	0.9565	P0A6I0	13.0	2.361e-07	-0.08112	0.9565	0.9599	1.046	0.9145	1.028	1.003	1.056	AFRELPGLIADGR;AVAPLVPAADALVLDSTTLSIEQVIEK;TAIAPVITIDGPSGAGK;TQEVANAASQVAAFPR;FVSTNGNLEVILEGEDVSGEIR;ELPGLIADGR;GFSVNFER;IFLDASSEER;DMGTVVFPDAPVK;VLALAALHHHVDVASEDALVPLASHLDVR;LLAEIKER;MLQLQEK;VREALLR	False	False	Ecoli	False	True	False	diann231	Triqler	Triqler	0.2
0.8782	0.9565	P0AFT2	2.0	0.01991	0.008112	0.9557	1.057	0.9943	0.9516	1.085	0.916	1.007	VALPPLSNSFISLVK;AILPQAAR	False	False	Ecoli	False	True	False	diann231	Triqler	Triqler	0.2
0.8783	0.9566	P64423	1.0	0.001101	-0.02086	0.9566	0.9534	1.083	0.9716	0.911	1.072	1.021	LGEGTLITLR	False	False	Ecoli	False	True	False	diann231	Triqler	Triqler	0.2
0.8784	0.9567	P13009	24.0	1.503e-08	-0.06837	0.9567	0.9494	1.064	0.9244	1.038	0.9916	1.041	ATIWELLEVEK;ELPHALISGGVSNVSFSFR;FLNLIAGEPDIAR;ILEDEVVGVEAQR;LGVQEVEASIETLR;TLSGQTTEAFYNSLR;ALADRLAEAFAEYLHER;LAEAFAEYLHER;TASISPDVNDPAFR;THVINVSHHLR;YSEALDVAR;DNDFAFDWQAYTPPVAHR;VGDDIEIYRDETR;IEQNYSGPTVYVQNASR;GVVGLFPANR;QGFTIPLLIGGATTSK;YVAGVLGPTNR;GITEFIEQDTEEAR;LSGLEPLNIGEDSLFVNVGER;TVGVVAALLSDTQRDDFVAR;YYAVAQIQR;QYVQELSR;LLELAEK;TPPVTLEAAR	False	False	Ecoli	False	True	False	diann231	Triqler	Triqler	0.2
0.8784	0.9568	decoy_P75988	1.0	0.1355	0.0381	0.95	0.9958	1.043	0.9958	0.9958	0.9958	0.9747	EFALLHICGKSTAR	False	False		False	False	False	diann231	Triqler	Triqler	0.2
0.8785	0.9568	P0ACE3	2.0	6.146e-05	-0.07678	0.9568	0.9533	1.015	0.9433	1.005	1.017	1.071	LYDKIPSSVWK;NKYELSDNELAVFYSAADHR	False	False	Ecoli	False	True	False	diann231	Triqler	Triqler	0.2
0.8785	0.9569	P60906	21.0	1.728e-08	-0.08258	0.9569	0.9538	1.045	0.9219	1.021	1.01	1.055	ADPVVDIYLVASGADTQSAAMALAER;AGIEHGLLYNQEQR;GMNDYLPGETAIWQR;LLESAGIAYTVNQR;LPIVEQTPLFK;LVLLVQAVNPEFK;LWYIGPMFR;NVLGSYGYSEIR;SGEQTAVAQDSVAAHLR;VAVVLGESEVANGTAVVK;YDGLVEQLGGR;AIGEVTDVVEK;ATPAVGFAMGLER;LRDELPGVK;LPIVEQTPLFKR;NVLGSYGYSEIRLPIVEQTPLFK;AIGEVTDVVEKEMYTFEDR;MYTNPLR;ALGISEHVTLELNSIGSLEAR;GLDYYNR;RMYTNPLR	False	False	Ecoli	False	True	False	diann231	Triqler	Triqler	0.2
0.8786	0.9569	P76270	5.0	2.264e-05	0.08192	0.9569	1.063	1.043	0.9824	0.9728	0.9827	0.9601	NQIIGVLDIDSTVFGR;FTDEDEQGLR;QLVAQLEK;FTDEDEQGLRQLVAQLEK;FFASVAG	False	False	Ecoli	False	True	False	diann231	Triqler	Triqler	0.2
0.8787	0.9569	P0AB83	3.0	0.0004466	-0.0004005	0.9569	0.901	1.145	0.9789	0.9601	0.9956	1.036	AALEALPGVGR;AALEALPGVGRK;RLEILTR	False	False	Ecoli	False	True	False	diann231	Triqler	Triqler	0.2
0.8788	0.957	P00935	2.0	0.0001644	-0.06453	0.957	0.9532	0.9949	0.9702	0.9961	0.9948	1.097	AAAGISETLLR;LVLVESPSNPLLR	False	False	Ecoli	False	True	False	diann231	Triqler	Triqler	0.2
0.8789	0.957	P13001	2.0	0.0004195	0.009357	0.957	1.083	1.022	0.8932	1.095	0.984	0.939	DEWPGIKPDVLAGFQQQLSDDFQR;FLALQTMGTETAR	False	False	Ecoli	False	True	False	diann231	Triqler	Triqler	0.2
0.879	0.957	P05791	12.0	2.993e-07	-0.04515	0.957	0.9577	1.094	0.9153	0.9993	1.008	1.036	AGGVIGILGELDR;VVAGDVVVIR;VYESQDDAVEAILGGK;YYEQNDESALPR;AYASLATSADKGAVR;GIQLQVSDAELAAR;QVSFALR;TAGVDDSILK;LVAEQIEAAGGVAK;IVELTKR;AYASLATSADK;AGGVIGILGELDRAGLLNR	False	False	Ecoli	False	True	False	diann231	Triqler	Triqler	0.2
0.8791	0.9571	P0A8R9	4.0	5.772e-05	-0.07046	0.9571	0.9535	1.041	0.9317	1.064	0.9912	1.025	AAESLYLTQSAVSFR;LKGDLNYLR;QLENQLGVNLFTR;IRQLENQLGVNLFTR	False	False	Ecoli	False	True	False	diann231	Triqler	Triqler	0.2
0.8792	0.9572	P0C0U4	1.0	0.03218	-0.01371	0.9557	0.8988	1.088	0.9912	0.973	1.024	1.035	KLPHFDAVIPR	False	False	Ecoli	False	True	False	diann231	Triqler	Triqler	0.2
0.8793	0.9572	P0C058	2.0	0.0006285	-0.02452	0.9572	1.022	1.083	0.8861	1.035	1.001	0.9845	ITLALAGFR;IAISERPALNS	False	False	Ecoli	False	True	False	diann231	Triqler	Triqler	0.2
0.8793	0.9572	P55135	2.0	0.000511	-0.02897	0.9572	0.9682	1.032	0.9779	1.114	0.9204	0.9976	ALEWLDVQPEDR;VLLDPAR	False	False	Ecoli	False	True	False	diann231	Triqler	Triqler	0.2
0.8794	0.9573	P31697	10.0	2.863e-07	-0.06404	0.9573	0.9349	1.062	0.9396	1.015	0.9869	1.07	FIVTPPLFAMK;ILDATNNQLPQDR;SANSLTLINPTPYYLTVTELNAGTR;SKLTENTLQLAIISR;TINDYGALTPK;LPSDAGSNITYR;LTENTLQLAIISR;RSANSLTLINPTPYYLTVTELNAGTR;LALPPDQAAEK;LYYRPAK	False	False	Ecoli	False	True	False	diann231	Triqler	Triqler	0.2
0.8795	0.9573	P52612	4.0	0.001755	0.03611	0.9572	1.02	1.136	0.8551	0.9753	1.053	0.9828	QLPLGPALLGR;SVVIAAPADVSPLLR;ADVIVVGLIGER;ADWEASLQGLER	False	False	Ecoli	False	True	False	diann231	Triqler	Triqler	0.2
0.8796	0.9573	P45527	4.0	0.0001576	-0.01966	0.9573	0.977	1.094	0.912	1.095	0.9703	0.9662	WQQTPQGLESR;LNEVLIDR;KLQEAVSFVHQHR;VLSIHQVK	False	False	Ecoli	False	True	False	diann231	Triqler	Triqler	0.2
0.8797	0.9573	P0A746	1.0	0.2075	-0.03706	0.9462	0.9911	1.034	0.9133	0.9911	1.009	1.069	NLSEMQFYVTQNHGTEPPFTGR	False	False	Ecoli	False	True	False	diann231	Triqler	Triqler	0.2
0.8798	0.9574	P08337	2.0	0.0004868	0.05351	0.9573	0.988	1.079	1.012	0.9495	1.031	0.9466	LQIAVGIIR;NENNEIFITR	False	False	Ecoli	False	True	False	diann231	Triqler	Triqler	0.2
0.8799	0.9574	P0ABB0	29.0	3.052e-09	-0.08361	0.9574	0.9583	1.038	0.9245	1.017	1.006	1.063	ASTISNVVR;AVDSMIPIGR;DSVGAVVMGPYADLAEGMK;ELAAFSQFASDLDDATR;ELAAFSQFASDLDDATRK;GPLDHDGFSAVEAIAPGVIER;GYLADVELSK;IAQFNVVSEAHNEGTIVSVSDGVIR;IGSFEAALLAYVDR;MQLNSTEISELIK;QKQYAPMSVAQQSLVLFAAER;QSVDQPVQTGYK;QYAPMSVAQQSLVLFAAER;TALAIDAIINQR;TALAQYRELAAFSQFASDLDDATR;VNAEYVEAFTK;VNAEYVEAFTKGEVK;VVNTLGAPIDGK;YAIALNLER;EAFPGDVFYLHSR;ILEVPVGR;LKGILDSFK;DRGEDALIIYDDLSK;PAVNPGISVSR;QISLLLR;ELIIGDR;TALAQYR;GEDALIIYDDLSK;GILDSFK	False	False	Ecoli	False	True	False	diann231	Triqler	Triqler	0.2
0.8799	0.9574	P68398	1.0	0.3846	0.05651	0.9309	0.9936	1.073	0.9936	0.9692	0.9808	0.9936	EVPVGAVLVHNNR	False	False	Ecoli	False	True	False	diann231	Triqler	Triqler	0.2
0.88	0.9575	P37665	6.0	9.749e-07	-0.06898	0.9575	0.9713	1.052	0.9041	1.028	1.003	1.05	ADSVASALITQGVDASR;IRTQGLGPANPIASNSTAEGK;SAIGAGLGSLVGAGIGALSSSK;TQGLGPANPIASNSTAEGK;SAIGAGLGSLVGAGIGALSSSKK;RVEITLSPL	False	False	Ecoli	False	True	False	diann231	Triqler	Triqler	0.2
0.8801	0.9576	P65292	1.0	0.328	-0.05108	0.9369	0.9918	0.9918	0.957	1.029	1.059	0.975	TIVSDGKPQTDNDTGMISYK	False	False	Ecoli	False	True	False	diann231	Triqler	Triqler	0.2
0.8802	0.9577	P06971	18.0	5.4e-08	-0.08873	0.9577	0.9461	1.043	0.9272	1.036	1.011	1.044	EGTVEPLPNGK;GPVSVLYGK;LPTDFNEGAK;VGSYTVVDALVR;VPQSISVVTAEEMALHQPK;YTGSSYGDPANSFK;RLPTDFNEGAK;YAIAPAFTWRPDDK;QVVATATFR;AGTDSLFQTGFDFSDSLDDDGVYSYR;VLVTLGGR;SSPGGLLNMVSK;QTGVYVQDQAQWDK;QVVATATFRF;EDTITVTAAPAPQESAWGPAATIAAR;HMASLWADYTFFDGPLSGLTLGTGGR;EGTVEPLPNGKR;QTGVYVQDQAQWDKVLVTLGGR	False	False	Ecoli	False	True	False	diann231	Triqler	Triqler	0.2
0.8803	0.9577	P0A9Q7	52.0	2.995e-10	-0.0668	0.9577	0.9484	1.061	0.9337	1.021	0.9901	1.053	AADIVLQAAIAAGAPK;AAGVETEVFFEVEADPTLSIVR;AAGVETEVFFEVEADPTLSIVRK;AAYSSGKPAIGVGAGNTPVVIDETADIK;AKDFEDAVEK;ALIVTDRFLFNNGYADQITSVLK;AVASVLMSK;AVTNVAELNALVER;DATNKAADIVLQAAIAAGAPK;DFEDAVEKAEK;EAGVQEADFLANVDK;EYASFTQEQVDK;EYASFTQEQVDKIFR;EYLPASYHEGSK;EYLPASYHEGSKNPVAR;FATHGGYLLQGK;FLFNNGYADQITSVLK;GAELANSFKPDVIIALGGGSPMDAAK;GSLPIALDEVITDGHK;GSLPIALDEVITDGHKR;IAELAGFSVPENTK;ILIGEVTVVDESEPFAHEK;ILINTPASQGGIGDLYNFK;IMWVMYEHPETHFEELALR;LLAWLETLK;LLKEYLPASYHEGSK;MAVAESGMGIVEDK;NAIIFSPHPR;NGALNAAIVGQPAYK;NHFASEYIYNAYK;NHFASEYIYNAYKDEK;PAIGVGAGNTPVVIDETADIKR;QILLDTYYGR;QILLDTYYGRDYVEGETAAK;QTAFSQYDRPQAR;YAEIADHLGLSAPGDR;YPLISELKQILLDTYYGR;ERFATHGGYLLQGK;RAENMLWHK;YPLISELK;RGSLPIALDEVITDGHK;RYAEIADHLGLSAPGDR;AQREYASFTQEQVDK;AVQDVILKNGALNAAIVGQPAYK;VSYFGQK;LSPTLAMYR;AVQDVILK;TFDNGVICASEQSVVVVDSVYDAVR;RALIVTDR;ALIVTDR;AELGIPK;DFEDAVEK	False	False	Ecoli	False	True	False	diann231	Triqler	Triqler	0.2
0.8804	0.9577	P76445	2.0	0.0003765	-0.05386	0.9577	0.9276	1.063	0.9661	1.057	0.96	1.035	VSELLSVPTK;LITFFDK	False	False	Ecoli	False	True	False	diann231	Triqler	Triqler	0.2
0.8805	0.9577	P38521	2.0	0.004606	0.0098	0.9575	1.075	1.054	0.9502	1.081	0.8346	1.03	TSELFDVWWD;FPEGTSEEQIDK	False	False	Ecoli	False	True	False	diann231	Triqler	Triqler	0.2
0.8805	0.9577	decoy_P25549	1.0	0.1401	-0.03609	0.9508	0.9768	0.9957	0.9957	1.042	0.9957	0.9957	EPSFSFK	False	False		False	False	False	diann231	Triqler	Triqler	0.2
0.8805	0.9578	P09546	14.0	6.63e-07	-0.05727	0.9578	0.9565	1.063	0.9368	1.088	0.9885	0.9762	DNSAGLDLANEHR;AENITAQPFDAVIFHGDSDQLR;EVEQALESAVNNAPIWFATPPAER;NTWTLLPR;LVSTHNEASLSR;AGGPLYLYR;LTTDIGPVIDSEAK;LLPGPTGER;IADTSLPLDELVADPVTAVEK;LLANRPESALAVTLAR;GESNILLER;LASLSSALLNSALQK;LAQQEGQTGLPHPK;EVFGPVLHVVR	False	False	Ecoli	False	True	False	diann231	Triqler	Triqler	0.2
0.8806	0.9578	P37908	5.0	2.837e-05	-0.07833	0.9578	0.9282	1.038	0.9466	1.051	1.02	1.022	TVNGVILEALEEIPVAGTR;AADEIYFVPEGTPLSTQLVK;DSLDDAISMLR;AFNWHLPEDDAR;VFPVKPLR	False	False	Ecoli	False	True	False	diann231	Triqler	Triqler	0.2
0.8807	0.9578	P09549	6.0	3.64e-06	-0.08734	0.9578	0.9523	1.037	0.924	1.006	1.057	1.031	AYVVQLGALK;HYQDEFAAIPLVPK;VYTSPSTPVQGK;ILVGPDASK;NADKVNEIVGK;LKGSLGELK	False	False	Ecoli	False	True	False	diann231	Triqler	Triqler	0.2
0.8808	0.9579	P08190	3.0	3.232e-05	-0.03421	0.9579	0.8742	1.091	0.9974	1.042	1.034	0.9747	VTASFSGAADSTGYYK;TVQVDDSSQSAHFPLQVR;NQGTAQNIQLELQDDSGNTLNTGATK	False	False	Ecoli	False	True	False	diann231	Triqler	Triqler	0.2
0.8809	0.9579	P17109	6.0	4.94e-06	-0.06259	0.9579	0.9925	1.007	0.9408	1.102	0.9522	1.014	GASGIDGLLSTAAGVQR;LIDALSQLPAGYPVYSNR;WAAVILEALTR;LGDWWQDDKPWLR;ATSELQQAQIVVQLGSSLTGKR;DAFGEAQLAHR	False	False	Ecoli	False	True	False	diann231	Triqler	Triqler	0.2
0.881	0.9579	P07762	20.0	1.117e-07	-0.05421	0.9579	1.016	1.021	0.9024	1.076	0.972	1.023	ALLPDATDVWVIEPK;DKEGNEIIVASNFTPVPR;EVSNFLVGNALYWIER;GFFSGVIPR;VSVVGQFNYWDGR;RVSVVGQFNYWDGR;QHSLSLTLPPLATIWLVR;FSVWAPNAR;LLFMGNEFAQGR;FGINQPGK;HTDNNFWLSYR;SVLIFVR;YQLAVVWHGQQNLIDDPYR;ANQFDAPISIYEVHLGSWR;ELADQLVPYAK;FGIDALR;VSVVGQFNYWDGRR;EGEWIPNEFGGRENLEAIEFLR;ESGIWELFIPGAHNGQLYK;VDAVASMIYR	False	False	Ecoli	False	True	False	diann231	Triqler	Triqler	0.2
0.8811	0.958	P0AF08	8.0	6.912e-07	-0.08747	0.958	0.9321	1.003	0.9585	1.003	1.056	1.054	AMVAGTLANFQHPTLK;LSHNIATLK;NIIAVSSGK;SSTAVNLALALAAEGAK;LSHNIATLKR;VAAQLYWQGEVIPGEISFR;KGIVMFEK;GTPTVISRPESEFTAIYR	False	False	Ecoli	False	True	False	diann231	Triqler	Triqler	0.2
0.8811	0.9581	P0ACT6	1.0	0.01451	0.006176	0.9575	1.061	1.07	0.8546	1.02	0.9847	1.026	EALIQAIILQDQER	False	False	Ecoli	False	True	False	diann231	Triqler	Triqler	0.2
0.8812	0.9581	P0ADR6	6.0	1.663e-05	-0.05442	0.9581	0.98	1.041	0.9068	1.012	0.969	1.103	ELPFSSLIFAR;KFTVPLR;EIFGFAR;RIWAAVGGR;LKFPADAPSR;DAGVLANYETPK	False	False	Ecoli	False	True	False	diann231	Triqler	Triqler	0.2
0.8813	0.9581	P09152	15.0	5.383e-08	-0.08744	0.9581	0.9621	1.022	0.9322	1.046	0.974	1.07	AYTPAWAEQITGVSR;EFHLDNPSQYFTDYVR;IVNLPGSEITQQR;NGLVTWETQQTDYPR;TVAVTPDYAEIAK;AADLVDALGQENNPEWK;AWAALSEFTGR;YLLGTEHGIQGK;YTGHLIDFNVR;ETDIVTLPIQHDSAAELAQPLDVKDWK;NIDWLDGEGNDQVQESVK;GKWNLEQR;GGPVVWLSEADAK;SSWQEVNELIAASNVYTIK;EFHLDNPSQYFTDYVRR	False	False	Ecoli	False	True	False	diann231	Triqler	Triqler	0.2
0.8814	0.9582	P33593	1.0	0.4765	-0.05169	0.9201	0.9942	0.9942	0.9492	0.9942	1.078	0.9942	NIALQAAQPLVHGVSLTLQR	False	False	Ecoli	False	True	False	diann231	Triqler	Triqler	0.2
0.8815	0.9582	P39280	4.0	0.0003212	-0.002658	0.9582	0.9276	1.123	0.9738	1.05	0.9195	1.021	LPIVIPAR;VGVTLLNQSVLLR;RVGVTLLNQSVLLR;GNPDDPLLR	False	False	Ecoli	False	True	False	diann231	Triqler	Triqler	0.2
0.8816	0.9582	P31979	17.0	4.579e-08	-0.07891	0.9582	0.9626	1.034	0.9259	1.038	0.9834	1.064	AIAEATEAGLLGK;ALTGLSPDEIVNQVK;EILEDYAGGMR;GEYIEAAVNLRR;KALTGLSPDEIVNQVK;NLEEFFAR;NPGLWELPFGTTAR;TPETHPLTWR;VKNPGLWELPFGTTAR;GGAGFSTGLK;DGLPWSVK;YFREEFEAGIK;GEYIEAAVNLR;RAIAEATEAGLLGK;EILEDYAGGMRDGLK;NIMGTGFDFELFVHTGAGR;LMGFSGR	False	False	Ecoli	False	True	False	diann231	Triqler	Triqler	0.2
0.8816	0.9582	P24230	1.0	0.1443	0.03137	0.9512	1.059	1.054	0.9104	0.9905	0.9905	1.003	TLVAALAALR	False	False	Ecoli	False	True	False	diann231	Triqler	Triqler	0.2
0.8817	0.9583	P32684	3.0	0.002092	-0.05538	0.9582	1.003	1.035	0.8931	1.018	1.023	1.037	EAPFVFR;ITLVQGLNR;VNGQLIEPR	False	False	Ecoli	False	True	False	diann231	Triqler	Triqler	0.2
0.8818	0.9583	P0A6Z1	19.0	3.354e-08	0.02719	0.9583	0.9395	1.099	0.9989	0.9879	0.9382	1.046	ALLQISEPGLSAAPHQR;ELLDAAIAAK;HLLPSVVHYQQQGHSVGYDAR;NVDKQTQDFAAR;QVIDDAAAHLSEVAQGDDVDAIEQAIK;TNAALDTANTISSVK;TNAALDTANTISSVKR;VLESLHGALAADAALLSAAER;LAGLHVLR;SGQAETLADHEGR;MLAEQKVEAAR;GIPALPAGGAHIR;ALKGHSVDEV;GVFEVLATGGDSALGGDDFDHLLADYIR;SLADIQQR;VSADILK;NTTIPVAR;RLAAGIDLGTTNSLVATVR;LAAGIDLGTTNSLVATVR	False	False	Ecoli	False	True	False	diann231	Triqler	Triqler	0.2
0.8819	0.9584	P0AF98	2.0	0.000198	-0.06002	0.9584	0.9249	1.064	0.9482	1.03	1.021	1.018	GNARPSVVVADSGHLTQLR;FEGTALLR	False	False	Ecoli	False	True	False	diann231	Triqler	Triqler	0.2
0.882	0.9584	P60560	6.0	2.354e-05	-0.08006	0.9584	0.9254	1.025	0.9589	1.015	1.013	1.069	LPLRGPVENTAR;HVGGVAEYR;AFGGGADFVMLGGMLAGHEESGGR;DVLIRPK;TVKLPLR;HVMVSTGTSDADFEK	False	False	Ecoli	False	True	False	diann231	Triqler	Triqler	0.2
0.8821	0.9584	P52096	1.0	0.1188	0.0359	0.9528	1.009	1.055	0.9936	0.9936	1.03	0.9239	QVHHIAIIATDYAVSK	False	False	Ecoli	False	True	False	diann231	Triqler	Triqler	0.2
0.8821	0.9584	P08244	6.0	4.799e-06	0.0203	0.9584	0.9898	1.11	0.9477	1.029	0.9085	1.028	AVTNSPVVVALDYHNR;GFDIFLDLK;FKQVFGQEFK;EALVPFGK;QVFGQEFK;AINASLQR	False	False	Ecoli	False	True	False	diann231	Triqler	Triqler	0.2
0.8822	0.9585	P63183	2.0	0.002093	0.02452	0.9584	0.989	1.04	1.031	1.069	0.9032	0.9771	VILLTLR;VQIEQLSPTFWR	False	False	Ecoli	False	True	False	diann231	Triqler	Triqler	0.2
0.8823	0.9585	P07017	14.0	2.233e-07	-0.08178	0.9585	0.9317	1.047	0.9433	1.007	1.018	1.06	EGSDAIYAGTR;EIAAGNTDLSSR;LTQAVSAFR;SLTDTVTHVR;EIAGGNLANTLTIDGR;VTQQNASLVQESAAAAAALEEQASR;ALIEDSVSR;SFVVSNQLR;GIDQVALAVSEMDR;VDTGSVLVESAGETMNNIVNAVTR;VELLDSARK;QASQLAQSASDTAQHGGK;VELLDSAR;TLAQAATHYKK	False	False	Ecoli	False	True	False	diann231	Triqler	Triqler	0.2
0.8824	0.9585	P31658	4.0	8.738e-06	-0.0814	0.9585	0.93	1.037	0.9461	1.07	1.017	1.007	ILVIAADER;KLLTGDSPFAANALGK;LLTGDSPFAANALGK;VMPFFEQHK	False	False	Ecoli	False	True	False	diann231	Triqler	Triqler	0.2
0.8825	0.9585	P31678	1.0	0.004922	-0.03131	0.9583	0.9671	1.046	0.9303	0.9865	0.9869	1.091	IGTGATQASWR	False	False	Ecoli	False	True	False	diann231	Triqler	Triqler	0.2
0.8825	0.9585	P11875	28.0	6.106e-09	-0.08413	0.9585	0.9483	1.047	0.9257	1.029	1.009	1.048	AEIDEEQLAAAPVIIREDR;GLAVESEGATVVFLDEFK;HYDEDEEFAER;KAEIDEEQLAAAPVIIR;KHYDEDEEFAER;LANAVGIGAVK;LGLDTLGIETVERM;LLQFEETLTVVAR;LQSGDEYFR;MNIQALLSEK;QTIVVDYSAPNVAK;YRYETLHADR;LKLAQLTAK;VLYYIDSR;QHQHLMQAWAIVR;LGLDTLGIETVER;STIIGDAAVR;LVDITMTQNQITYDR;LNVTLTR;LGVATPEK;EMHVGHLR;VLSVFRK;LGVATPEKQTIVVDYSAPNVAK;QLAEQVLTHLDLNGIASK;LQSGDEYFREMWR;AKGLAVESEGATVVFLDEFK;GLAVESEGATVVFLDEFKNK;LGMAPRQLAEQVLTHLDLNGIASK	False	False	Ecoli	False	True	False	diann231	Triqler	Triqler	0.2
0.8826	0.9585	P06611	3.0	0.003394	-0.03537	0.9584	0.9631	1.082	0.9205	1.001	1.02	1.021	LGPLSGEVR;STNQLSGGEWQR;GSIQFAGQPLEAWSATK	False	False	Ecoli	False	True	False	diann231	Triqler	Triqler	0.2
0.8827	0.9586	P0AFB5	4.0	0.0002627	-0.04312	0.9586	0.9257	1.087	0.9423	0.9826	1.027	1.045	LLGPQLPGTR;EGGTGLGLSIAR;ALPDPSLLEYTK;NALQALGPEGGEIILR	False	False	Ecoli	False	True	False	diann231	Triqler	Triqler	0.2
0.8828	0.9586	P0A7T7	6.0	1.262e-06	-0.09313	0.9586	0.9406	1.022	0.9331	1.032	1.026	1.053	FTAEGVQEIDYK;FTAEGVQEIDYKDIATLK;NYITESGKIVPSR;YLSLLPYTDR;YLSLLPYTDRHQ;ARYLSLLPYTDR	False	False	Ecoli	False	True	False	diann231	Triqler	Triqler	0.2
0.8829	0.9587	P0ADZ0	6.0	2.221e-06	-0.09101	0.9587	0.9381	1.016	0.9483	1.018	1.019	1.066	KAYVTLK;AYVTLKEGQNLDFVGGAE;VLRAPHVSEK;EGQNLDFVGGAE;LFEVEVEVVNTLVVK;SNTIVLK	False	False	Ecoli	False	True	False	diann231	Triqler	Triqler	0.2
0.883	0.9588	P0AEC8	1.0	0.002101	-0.05234	0.9587	0.9708	0.9782	0.9924	1.022	1.046	0.9923	LLLINTVPVR	False	False	Ecoli	False	True	False	diann231	Triqler	Triqler	0.2
0.883	0.9589	P00926	3.0	0.001632	-0.0675	0.9588	0.973	1.029	0.9206	1.046	1.039	0.9988	TLFLGYSVAGQR;FAPYLAK;DSHLPISGSIK	False	False	Ecoli	False	True	False	diann231	Triqler	Triqler	0.2
0.8831	0.9589	P0AG80	2.0	0.002588	-0.04181	0.9588	0.9873	0.9948	0.9779	1.028	0.97	1.044	GNYEQNLSAGIAAFR;TPQQALDTAVER	False	False	Ecoli	False	True	False	diann231	Triqler	Triqler	0.2
0.8832	0.9589	Q47710	1.0	0.000912	-0.05291	0.9589	0.926	0.9874	1.015	1.033	0.9986	1.044	AQLLSQIQQQR	False	False	Ecoli	False	True	False	diann231	Triqler	Triqler	0.2
0.8833	0.9589	P0AG00	4.0	5.112e-06	-0.05304	0.9589	1.008	1.048	0.8757	1.06	1.007	1.013	LIAETAPDANNLLR;QYVAFASQR;LENLQAVGPAFDLDYDQNR;EFWLQTDYYK	False	False	Ecoli	False	True	False	diann231	Triqler	Triqler	0.2
0.8834	0.9591	P29018	4.0	0.0008745	-0.02843	0.959	1.039	1.04	0.8449	0.9876	1.066	1.04	DLSPESWR;TLAGPLNFTLPAGQR;IFGRGEAEIESIR;SSLLNALSGFLSYQGSLR	False	False	Ecoli	False	True	False	diann231	Triqler	Triqler	0.2
0.8834	0.9591	P0ADS2	3.0	1.276e-05	-0.07777	0.9591	0.9525	1.007	0.9502	1.065	0.984	1.047	DALNQAADDLNQR;MLQQTIEQALLEQGR;SAQPVDIQIFGR	False	False	Ecoli	False	True	False	diann231	Triqler	Triqler	0.2
0.8835	0.9591	P30750	2.0	0.001004	0.05238	0.9591	1.012	1.054	1.018	0.9739	0.895	1.057	LEFTGQSVDAPLLSETAR;FIQSTLHLDIPEDYQER	False	False	Ecoli	False	True	False	diann231	Triqler	Triqler	0.2
0.8836	0.9591	P04391	1.0	0.166	-0.02611	0.951	0.9928	1.032	0.9433	0.9928	0.9928	1.049	LLDFTPAELNSLLQLAAK	False	False	Ecoli	False	True	False	diann231	Triqler	Triqler	0.2
0.8837	0.9591	P75849	2.0	6.301e-05	0.06861	0.9591	1.018	1.084	0.9792	0.9535	0.9778	0.9922	LAALVDPGGDAEK;LLISGDVIFK	False	False	Ecoli	False	True	False	diann231	Triqler	Triqler	0.2
0.8838	0.9592	P0A7G6	11.0	1.382e-07	-0.07887	0.9592	0.9621	1.046	0.9205	1.04	0.9871	1.052	AEIEGEIGDSHMGLAAR;AGAWYSYKGEK;ALAAALGQIEK;ANATAWLKDNPETAK;IGAVKEGENVVGSETR;IVEIYGPESSGK;QSNTLLIFINQIR;SGAVDVIVVDSVAALTPK;TTLTLQVIAAAQR;IGVMFGNPETTTGGNALK;AGAWYSYK	False	False	Ecoli	False	True	False	diann231	Triqler	Triqler	0.2
0.8838	0.9592	P37671	1.0	0.2711	-0.01034	0.9441	0.9951	0.9951	0.9951	1.084	0.9951	0.9409	NTITELPAMFDELAHIR	False	False	Ecoli	False	True	False	diann231	Triqler	Triqler	0.2
0.8839	0.9592	P0A7T3	9.0	2.593e-07	-0.0726	0.9592	0.9474	1.057	0.9243	1.019	0.9958	1.065	EEGTRLDLDR;IAHWVGQGATISDRVAALIK;LDLDRIAHWVGQGATISDR;RPFYQVVVADSR;VGFFNPIASEKEEGTR;IAHWVGQGATISDR;VGFFNPIASEK;VAALIKEVNK;PFYQVVVADSR	False	False	Ecoli	False	True	False	diann231	Triqler	Triqler	0.2
0.884	0.9593	P09053	5.0	7.972e-05	-0.04226	0.9593	1.0	1.043	0.9018	0.9949	0.9634	1.109	LSETVIKPFYYQR;TFSLFGDKFTR;VQETIAIIR;ILAEEIER;LGLPGSR	False	False	Ecoli	False	True	False	diann231	Triqler	Triqler	0.2
0.8841	0.9593	P0A9D2	6.0	1.303e-06	-0.02264	0.9593	1.02	1.052	0.9073	1.1	0.9524	0.981	FTIADAYLFTVLR;LNLEGLEHIAAFMQR;QLLAPVNSISR;RLENGDDYFAVNPK;YKTIEWLNYIATELHK;TIEWLNYIATELHK	False	False	Ecoli	False	True	False	diann231	Triqler	Triqler	0.2
0.8842	0.9593	P0ADU7	2.0	0.004119	0.05595	0.9591	1.03	1.052	0.9996	0.9236	1.025	0.9752	LTIVESTR;NDAPGETVSYQVANAQYR	False	False	Ecoli	False	True	False	diann231	Triqler	Triqler	0.2
0.8842	0.9594	P23003	4.0	2.616e-05	-0.0621	0.9594	1.028	0.959	0.9462	0.96	1.011	1.104	NLETLSQTHKVER;AQNLNVHLIGR;VLATEIAKPSVAAAQYNIAANHIDNVQIIR;NLETLSQTHK	False	False	Ecoli	False	True	False	diann231	Triqler	Triqler	0.2
0.8843	0.9594	P77536	5.0	6.311e-05	-0.02913	0.9594	0.9866	1.094	0.9023	1.067	0.9668	0.9957	LTGYNTWLTGPR;DLPEADGESFR;YILQVAQR;SEVLASEFR;MSIKTSNTDFK	False	False	Ecoli	False	True	False	diann231	Triqler	Triqler	0.2
0.8844	0.9596	P75782	2.0	0.05366	0.0004417	0.9573	0.9863	1.104	0.9363	0.9844	0.9844	1.013	GENLPPLYR;ALTDVGAVK	False	False	Ecoli	False	True	False	diann231	Triqler	Triqler	0.2
0.8845	0.9596	P37613	5.0	4.085e-06	-0.05907	0.9596	0.9897	1.051	0.9067	1.058	0.9574	1.047	GVGQYLLEEVLR;RGVGQYLLEEVLR;VTLSGTEGALDSLR;IWPEYSPSSLQVDDNHR;MKLTIIR	False	False	Ecoli	False	True	False	diann231	Triqler	Triqler	0.2
0.8846	0.9597	P13033	5.0	2.683e-05	-0.06898	0.9597	1.041	0.9576	0.9149	1.043	1.025	1.026	FAVLASGSFFSGGLVAER;STWLSSPEVPVWPLPAKK;NHADIPLRPR;STWLSSPEVPVWPLPAK;NGVVNEIWTR	False	False	Ecoli	False	True	False	diann231	Triqler	Triqler	0.2
0.8846	0.9597	P64517	1.0	0.3016	-0.04245	0.9423	0.9952	0.9702	0.9952	0.9952	0.9952	1.051	WYDGYGVK	False	False	Ecoli	False	True	False	diann231	Triqler	Triqler	0.2
0.8847	0.9597	P0AEF0	2.0	0.01116	-0.002169	0.9593	0.9837	1.005	1.002	0.9837	0.9407	1.09	TGEELLAWQK;VIINQIVDRR	False	False	Ecoli	False	True	False	diann231	Triqler	Triqler	0.2
0.8848	0.9598	P0AF36	8.0	2.142e-06	-0.09692	0.9598	0.9357	1.009	0.9692	0.9953	1.024	1.073	NNSLSQEVQNAQHQR;NNSLSQEVQNAQHQREELER;ENNHLKEQQNGWQER;EQQNGWQERLQALLGR;VQQAIDTITLLQMEIEELK;LQALLGR;EELERENNHLK;LQALLGRMEEV	False	False	Ecoli	False	True	False	diann231	Triqler	Triqler	0.2
0.8849	0.9598	P0AAH8	1.0	0.004118	0.0469	0.9596	1.01	1.056	1.0	1.031	0.9382	0.9689	ISQILDFPLR	False	False	Ecoli	False	True	False	diann231	Triqler	Triqler	0.2
0.8849	0.9598	P01127ups|PDGFB_HUMAN_UPS	2.0	0.00335	-0.02547	0.9597	0.9842	0.9842	0.9842	1.001	0.9729	1.076	TEVFEISR;TRTEVFEISR	False	False	Human	True	False	False	diann231	Triqler	Triqler	0.2
0.885	0.9599	P39298	2.0	0.0003093	0.0002695	0.9598	1.054	1.055	0.8918	1.03	1.037	0.9447	ITPEALDAAVTFFR;LQQALSETGRDK	False	False	Ecoli	False	True	False	diann231	Triqler	Triqler	0.2
0.8851	0.9599	P0AEV7	1.0	0.03603	0.01122	0.9584	0.8713	1.065	1.042	0.9569	1.006	1.074	VVFSQLSR	False	False	Ecoli	False	True	False	diann231	Triqler	Triqler	0.2
0.8852	0.9599	P0A8G6	11.0	1.616e-07	-0.08193	0.9599	0.9536	1.04	0.9248	1.045	0.9892	1.055	AVAEGASKVDGAEVVVK;GGTPYGATTIAGGDGSR;GGTPYGATTIAGGDGSRQPSQEELSIAR;QPSQEELSIAR;TFLDQTGGLWASGALYGK;TQTAPVATPQELADYDAIIFGTPTR;YQGEYVAGLAVK;VDGAEVVVK;FGNMSGQMRTFLDQTGGLWASGALYGK;VDGAEVVVKR;AGGKTQTAPVATPQELADYDAIIFGTPTR	False	False	Ecoli	False	True	False	diann231	Triqler	Triqler	0.2
0.8853	0.9599	P10121	21.0	1.428e-08	-0.002362	0.9599	1.053	1.044	0.8967	1.036	0.9561	1.024	AAAVEQLQVWGQR;ADDFIEALFARED;ENLGSGFISLFR;GFFSWLGFGQK;GGVIFSVADQFGIPIR;IITNLTEGASR;KIITNLTEGASR;NIDVLIADTAGR;NNIPVIAQHTGADSASVIFDAIQAAK;RGFFSWLGFGQK;TKENLGSGFISLFR;LFHEAVGLTGITLTK;SVMLAAGDTFR;KIDDDLFEELEEQLLIADVGVETTR;EQTPEKETEVQNEQPVVEEIVQAQEPVK;IDDDLFEELEEQLLIADVGVETTRK;VDEPLNVEGK;ADDFIEALFAR;QFEQQGKSVMLAAGDTFR;IEDLRPFK;YIGVGER	False	False	Ecoli	False	True	False	diann231	Triqler	Triqler	0.2
0.8853	0.9599	P0A6Y8	43.0	8.212e-10	-0.08198	0.9599	0.9472	1.049	0.9286	1.018	1.013	1.051	AKIELSSAQQTDVNLPYITADATGPK;AKLESLVEDLVNR;ASSGLNEDEIQK;HSQVFSTAEDNQSAVTIHVLQGER;HSQVFSTAEDNQSAVTIHVLQGERK;IELSSAQQTDVNLPYITADATGPK;IIAADNGDAWVEVK;IINEPTAAALAYGLDK;KDVNPDEAVAIGAAVQGGVLTGDVK;KFEELVQTR;LESLVEDLVNR;LINYLVEEFK;LINYLVEEFKK;MAPPQISAEVLK;MAPPQISAEVLKK;MQELAQVSQK;NQGDHLLHSTR;NQGDHLLHSTRK;QAVTNPQNTLFAIK;QAVTNPQNTLFAIKR;RFQDEEVQR;SIEPLKVALQDAGLSVSDIDDVILVGGQTR;SLGQFNLDGINPAPR;TAEDYLGEPVTEAVITVPAYFNDAQR;VALQDAGLSVSDIDDVILVGGQTR;VLENAEGDRTTPSIIAYTQDGETLVGQPAK;RIINEPTAAALAYGLDK;TFEVLATNGDTHLGGEDFDSR;TTPSIIAYTQDGETLVGQPAK;IINEPTAAALAYGLDKGTGNR;TTPSIIAYTQDGETLVGQPAKR;VAEFFGKEPR;IAGLEVKR;NDPLAMQR;KVAEFFGK;DVSIMPFK;KTAEDYLGEPVTEAVITVPAYFNDAQR;IAGLEVK;RQAVTNPQNTLFAIK;VAEFFGK;FEELVQTR;FQDEEVQRDVSIMPFK;DQGIDLR	False	False	Ecoli	False	True	False	diann231	Triqler	Triqler	0.2
0.8854	0.9599	P0AFW4	1.0	0.1647	0.04766	0.952	1.001	1.069	0.992	0.9512	0.9685	1.023	TLVYPAK	False	False	Ecoli	False	True	False	diann231	Triqler	Triqler	0.2
0.8855	0.96	P33224	3.0	9.686e-05	-0.03391	0.96	1.028	1.054	0.8512	1.035	1.037	1.011	LSEQIQNDLLLR;LANVNPPELLR;VHNLAWEEDAR	False	False	Ecoli	False	True	False	diann231	Triqler	Triqler	0.2
0.8856	0.96	P15042	19.0	3.064e-08	-0.09453	0.96	0.9465	1.031	0.9299	1.043	1.008	1.049	ELETKHPELITPDSPTQR;GDGTTGEDITSNVR;MESIEQQLTELR;TGAITPVAR;VNSLAQQEQLGFVAR;AGDVIPQVVNVVLSERPEDTR;SAQNVVNALEK;VGAAPLAAFSQIR;LEPVHVAGVLVSNATLHNADEIER;VEEDRPTLGFDIDGVVIK;FLYALGIR;GEVFLPQAGFEK;WGLPVSDR;DVEFQVGR;KTDLVIAGEAAGSK;LHGENIPAR;TVVLTGSLSQMSR;IIDQLVEK;AIPLKLHGENIPAR	False	False	Ecoli	False	True	False	diann231	Triqler	Triqler	0.2
0.8856	0.96	P00805	19.0	1.49e-08	-0.06946	0.96	0.9563	1.054	0.9262	1.042	0.9854	1.043	ALVDAGYDGIVSAGVGNGNLYK;GVLVVMNDTVLDGR;GVLVVMNDTVLDGRDVTK;HTSDTPFDVSK;KHTSDTPFDVSK;SVNYGPLGYIHNGK;TNTTDVATFK;VGIVYNYANASDLPAK;VGVENLVNAVPQLK;VLLQLALTQTK;VPTGATTQDAEVDDAK;VPTGATTQDAEVDDAKYGFVASGTLNPQK;YGFVASGTLNPQK;DPQQIQQIFNQY;SSRVPTGATTQDAEVDDAK;VLLQLALTQTKDPQQIQQIFNQY;HTSDTPFDVSKLNELPK;SVFDTLATAAK;VGVENLVNAVPQLKDIANVK	False	False	Ecoli	False	True	False	diann231	Triqler	Triqler	0.2
0.8857	0.96	P33916	2.0	0.001027	0.03269	0.96	1.023	0.9722	1.043	1.077	0.9424	0.9501	LNVLQIIEEGLR;SVTALSILR	False	False	Ecoli	False	True	False	diann231	Triqler	Triqler	0.2
0.8858	0.9601	P33232	3.0	0.002008	-0.0226	0.9601	0.9728	1.084	0.9164	0.9787	0.9681	1.092	ALPAIADAVK;GILDPEDAR;GDIAILADSGIR	False	False	Ecoli	False	True	False	diann231	Triqler	Triqler	0.2
0.8859	0.9602	P46854	1.0	0.001101	0.04908	0.9601	1.052	1.025	0.9882	1.022	0.9721	0.9448	VDRIELTVFVDNAPAIK	False	False	Ecoli	False	True	False	diann231	Triqler	Triqler	0.2
0.8859	0.9602	P0C054	6.0	2.414e-06	-0.05697	0.9602	0.9579	1.068	0.9224	1.05	0.9645	1.046	GANLVNGLLYIDLER;KFQLAENIHVR;NFDLSPLYR;TYLYQGIAER;FQLAENIHVR;LFNHLENNQSQSNGGYPPYNVELVDENHYR	False	False	Ecoli	False	True	False	diann231	Triqler	Triqler	0.2
0.886	0.9603	P08368	1.0	0.3643	0.005111	0.9376	0.9972	0.9249	1.093	0.9972	0.9972	0.9972	AINPDLSPINTHR	False	False	Ecoli	False	True	False	diann231	Triqler	Triqler	0.2
0.886	0.9605	decoy_P0AEH3	1.0	0.2911	0.04048	0.9442	0.9975	1.044	0.9975	0.9975	0.9679	0.9975	SGDDLEPVVIDR	False	False		False	False	False	diann231	Triqler	Triqler	0.2
0.8861	0.9605	P37624	1.0	0.06351	-0.03666	0.9578	0.9267	1.066	0.9652	1.012	1.043	0.9938	SSLLSLISGAR	False	False	Ecoli	False	True	False	diann231	Triqler	Triqler	0.2
0.8862	0.9605	P66948	6.0	3.441e-06	-0.08516	0.9605	0.9244	1.031	0.9502	1.036	1.028	1.038	LDQAISLLSSASSQVK;TNPVLQLNLANAYLQGGQPQEAANILNR;NQLTSDLLDEWAK;YSSRPPEILLTHPLPESR;IGIQVLQR;AEGYALAGR	False	False	Ecoli	False	True	False	diann231	Triqler	Triqler	0.2
0.8862	0.9605	P60390	8.0	4.436e-07	-0.08177	0.9605	0.9486	1.039	0.9254	1.031	1.007	1.056	FSIIHGPFSALGEYVAER;IWVNSELEEIEQALK;LLAIDRDPQAIAVAK;LMPGEEEVAENPR;SSLNVLAPGGR;LILSQLGEEGR;IDGILLDLGVSSPQLDDAER;LSIISFHSLEDR	False	False	Ecoli	False	True	False	diann231	Triqler	Triqler	0.2
0.8863	0.9605	P0AET2	2.0	9.838e-05	-0.06071	0.9605	0.9954	0.9887	0.9274	1.052	0.995	1.047	GGDTVTLNETDLTQIPK;AMTPVAWWMLHEETVYK	False	False	Ecoli	False	True	False	diann231	Triqler	Triqler	0.2
0.8864	0.9606	P29745	14.0	1.426e-07	-0.07593	0.9606	0.9576	1.04	0.9222	1.015	0.9948	1.078	NVNPQIVENYR;TLLGADDKAGIAEIMTALAVLQQK;VAFTPDEEVGK;VAFTPDEEVGKGAK;HFDVDAFDAR;FLNYVSLDTQSK;IAELTAQRK;IVGNNVHPGTAK;IAELTAQR;QVPSTEGQWK;VVEHPHILDIAQQAMR;ADMHYIIR;AGIAEIMTALAVLQQK;AVQVIVR	False	False	Ecoli	False	True	False	diann231	Triqler	Triqler	0.2
0.8865	0.9606	P36566	2.0	0.0002506	-0.0495	0.9606	0.9966	0.9723	0.9698	1.056	0.9811	1.027	VLDAGGGEGQTAIK;NFDDIAEK	False	False	Ecoli	False	True	False	diann231	Triqler	Triqler	0.2
0.8866	0.9606	P75857	1.0	0.1443	-0.02963	0.954	0.9746	0.9954	0.9954	0.9802	0.9954	1.061	DLSLGISWNYSK	False	False	Ecoli	False	True	False	diann231	Triqler	Triqler	0.2
0.8866	0.9607	P75882	17.0	5.592e-08	-0.04573	0.9607	0.9918	1.047	0.9191	1.055	0.9546	1.04	GPASIFGGIEYQTPWNPLR;ILVNNLPQGVEK;QLAGTAPGQSEPLQQQR;AESHDAGDISFSDIFR;DIAGTGLFDGEYLVASK;FYSTSVALFPWLEGTIR;VEAEDLSAFGR;LPQASHFNVGAVYR;DTPKPAYQPAPESEGLQYTTVANQLTALK;SSLLPADSTLPR;LWEEGYWLPQVAFGK;IAPEGEFSVNYR;AVVSWTPLTR;GNTLMFGFTLR;LSVGQYLAK;TNFNDLRPALR;IAPEGEFSVNYRDNDQYR	False	False	Ecoli	False	True	False	diann231	Triqler	Triqler	0.2
0.8867	0.9607	P21179	6.0	2.433e-06	-0.05829	0.9607	0.9403	1.056	0.9441	1.071	0.9611	1.036	GPTLLEDFILR;LFWLSQTPFEQR;SADLLAILK;AGSRGPTLLEDFILR;FSTVQGGAGSADTVR;LIPEELVPVQR	False	False	Ecoli	False	True	False	diann231	Triqler	Triqler	0.2
0.8868	0.9608	P0ABZ1	9.0	7.437e-07	0.007131	0.9608	1.022	1.068	0.915	1.082	0.9813	0.9436	AASLLEDILETR;AQAADILALFDER;TQQEEAVITAVR;LLQEVDSESLLIALK;RAQAADILALFDER;TAAEIINLMK;SVILLMTIGEDR;AILLIVR;EFDGELAQK	False	False	Ecoli	False	True	False	diann231	Triqler	Triqler	0.2
0.8869	0.9608	P51025	1.0	0.000912	-0.03682	0.9608	0.8729	1.074	0.9939	1.023	1.025	1.024	YAAEHNIIVVAPDTSPR	False	False	Ecoli	False	True	False	diann231	Triqler	Triqler	0.2
0.8869	0.9609	P0AF06	3.0	0.001008	0.03941	0.9608	1.016	1.112	0.9162	1.017	1.013	0.9375	ISLLVLNK;IDLVQEGLR;TPLATAVTGGDR	False	False	Ecoli	False	True	False	diann231	Triqler	Triqler	0.2
0.887	0.9609	P0AE72	2.0	0.01716	0.005399	0.9602	0.9867	1.03	0.9867	0.9867	1.014	0.9969	LIIEPVR;WGNSPAVR	False	False	Ecoli	False	True	False	diann231	Triqler	Triqler	0.2
0.8871	0.9609	P52627	1.0	0.03218	0.0006339	0.9596	1.075	0.9517	0.9899	1.055	0.944	0.9915	TQSDFFDIIGFK	False	False	Ecoli	False	True	False	diann231	Triqler	Triqler	0.2
0.8872	0.9609	Q15843ups|NEDD8_HUMAN_UPS	2.0	6.146e-05	-0.02568	0.9609	0.986	0.986	0.986	1.005	1.018	1.02	EIEIDIEPTDKVER;ILGGSVLHLVLALR	False	False	Human	True	False	False	diann231	Triqler	Triqler	0.2
0.8872	0.9609	P05719	5.0	1.098e-05	-0.07118	0.9609	0.9289	1.044	0.9633	1.064	0.9575	1.05	AENPDLISGENSAAALLEK;IIAEKLDTLLAQVDSTK;VNNLTQSILAK;SQVVLLPPVK;LDTLLAQVDSTK	False	False	Ecoli	False	True	False	diann231	Triqler	Triqler	0.2
0.8873	0.961	P15559ups|NQO1_HUMAN_UPS	2.0	0.0008246	-0.02532	0.961	0.9863	0.9863	0.9863	0.9887	1.027	1.027	ALIVLAHSER;SIPTDNQIK	False	False	Human	True	False	False	diann231	Triqler	Triqler	0.2
0.8874	0.961	P09996	1.0	0.311	0.0391	0.9435	0.9933	1.065	0.9933	0.9933	0.9428	1.016	LGVDTSTASSLLAEQLPK	False	False	Ecoli	False	True	False	diann231	Triqler	Triqler	0.2
0.8874	0.9611	P0AE82	7.0	4.021e-05	-0.05428	0.9611	0.969	1.066	0.8999	1.047	0.9986	1.029	AEDSPLGGLR;NAADEVAQGNLR;LLLVTTEGR;LQLGTALLR;LVIWLPLYK;DRESGGTGLGLAIVETAIQQHR;DGITITVDDDGPGVSPEDR	False	False	Ecoli	False	True	False	diann231	Triqler	Triqler	0.2
0.8875	0.9611	P67910	23.0	8.184e-09	-0.05854	0.9611	0.9611	1.058	0.9282	1.016	0.9848	1.059	AAGYDKPFK;AESFQAVADATLAYHK;EYEKPLNVYGYSK;GITDILVVDNLK;GITDILVVDNLKDGTK;GQIEYIPFPDKLK;GRYQAFTQADLTNLR;MIIVTGGAGFIGSNIVK;QILPEANSQIVGFR;TVAEGVTEYMAWLNR;TVAEGVTEYMAWLNRDA;YQAFTQADLTNLR;TSDFIESR;AESFQAVADATLAYHKK;EIPFLYASSAATYGGR;YFNVYGPR;GQIEYIPFPDK;LFEGSENFK;FLFDEYVR;LFEGSENFKR;KGQIEYIPFPDK;IIVTGGAGFIGSNIVK;ALNDKGITDILVVDNLK	False	False	Ecoli	False	True	False	diann231	Triqler	Triqler	0.2
0.8876	0.9611	P0ADY1	23.0	1.901e-08	-0.09148	0.9611	0.9408	1.032	0.9393	1.019	1.015	1.061	ALDAYYALQQK;AMVQGITQNNAQIVFEALMSNLRK;AVLDELNKGGDFAALAK;EATIDVNALAAK;GETDELAALVAQQR;GQFENAFNSER;LGISDEQVK;LIDEALLDQYAR;QAIFATPAFQVDGK;SGRDPISQAAFALPLPAK;SSVGFLIVR;VSDAASNDTESLAGAEQAAGVK;SLDEVRDDIAAK;GAEAMQAAGLK;GQLSGVIK;ATQTGWFSK;YSIIQTK;TRYSIIQTK;EKSADIISAR;ELKLGISDEQVK;EKGQLSGVIK;SADIISAR;PLADVQEQVK	False	False	Ecoli	False	True	False	diann231	Triqler	Triqler	0.2
0.8877	0.9612	P0AEC5	2.0	0.04917	-0.004718	0.9592	0.9498	1.032	1.052	0.9766	1.018	0.9757	ESIGQLISVLHR;LLPALTEFCHHKQNTLLPVTDESK	False	False	Ecoli	False	True	False	diann231	Triqler	Triqler	0.2
0.8877	0.9612	P07014	8.0	9.172e-07	-0.06339	0.9612	0.9961	1.041	0.8932	1.031	1.028	1.019	DTETDSRLDGLSDAFSVFR;IVIRPLPGLPVIR;LDGLSDAFSVFR;IKPYLLNNGQNPPAR;EKDPSLSFR;MRLEFSIYR;YNPDVDDAPR;DLVVDMGQFYAQYEK	False	False	Ecoli	False	True	False	diann231	Triqler	Triqler	0.2
0.8878	0.9613	P0ACC1	2.0	0.02155	-0.02263	0.9604	0.9882	0.9884	0.9882	0.9715	0.9863	1.081	EAISQLQASESPR;NALVSGGFLLLEHGWQQGEAVR	False	False	Ecoli	False	True	False	diann231	Triqler	Triqler	0.2
0.8879	0.9613	P0ABH9	26.0	6.737e-09	-0.05852	0.9613	0.9702	1.049	0.9252	1.021	0.9806	1.061	AIDVIDEAGAR;AIEALTEAIK;ALGIELLR;GVSLEVSQEAR;HLPDKAIDVIDEAGAR;KDEPTQSSDPGSQPNSEEQAGGEER;KNNPLLVGESGVGK;LDVVNFISHGTR;MENFTTNLNQLAR;NEVTGANVLVAIFSEQESQAAYLLR;NNPLLVGESGVGK;TAIAEGLAWR;TVNVADIESVVAR;VGGIDPLIGR;AVFHVQSSGR;NVVLVMTTNAGVR;TEVTVQLSK;IDITEPSIEETVQIINGLKPK;NWLAEKGYDR;IFTPEFR;VIGSTTYQEFSNIFEKDR;MLVFGQDK;AAVELAVK;VIGSTTYQEFSNIFEK;NELTYGFQSAQK;AGLGHEHKPVGSFLFAGPTGVGK	False	False	Ecoli	False	True	False	diann231	Triqler	Triqler	0.2
0.888	0.9614	P68919	6.0	1.714e-06	-0.04362	0.9614	0.9913	1.072	0.9004	1.037	0.966	1.043	AANKFPAIIYGGK;AEFYSEVLTIVVDGK;MFTINAEVR;MFTINAEVRK;FPAIIYGGK;FTINAEVR	False	False	Ecoli	False	True	False	diann231	Triqler	Triqler	0.2
0.888	0.9614	P23865	25.0	1.41e-08	-0.04987	0.9614	0.9962	1.054	0.897	1.035	0.9927	1.033	ADQIPVLKEETQHATVSER;ALVVGEPTFGK;EIDPHTNYLSPR;FSASASEIFAAAMQDYGR;LAQTNSEDVFSLAMTAFAR;LDDVVALIK;LDDVVALIKGPK;QNVSSVIIDLR;SGKLDVFYDLYNLAQK;VGVLDIPGFYVGLTDDVK;VKFDELSLK;YLNLLDYSHNVLLASDVEQFAK;NIVSLNYAVR;NEAELNALWDSK;VREDSDTDGQVFYK;SGDLTAFEPELLKEHNAR;IFDRYLNLLDYSHNVLLASDVEQFAK;GPLVVLVDR;VRLEILPAGK;QFDLDQAFSAK;IAKDPEFQNIMK;LEILPAGK;SGDLTAFEPELLK;GTVQQYR;TELGDELR	False	False	Ecoli	False	True	False	diann231	Triqler	Triqler	0.2
0.8881	0.9614	P03024	2.0	0.001025	-0.02937	0.9614	0.9153	1.097	0.9532	0.9902	1.04	1.015	LAGVSVATVSR;ILPGFENR	False	False	Ecoli	False	True	False	diann231	Triqler	Triqler	0.2
0.8882	0.9615	P0A698	23.0	3.715e-08	-0.0451	0.9615	0.9726	1.076	0.9136	1.0	0.9881	1.059	DLGNTVIVVEHDEDAIR;LGQSATTLSGGEAQR;NINLVIPR;SNPATYTGVFTPVR;STLINDTLFPIAQR;DKLIVVTGLSGSGK;KLQTLMDVGLTYIR;LLGTLIHLR;TLENLASQGYIR;HTIEVVVDR;SSLAFDTLYAEGQRR;LASQIGAGLVGVMYVLDEPSIGLHQR;SSLAFDTLYAEGQR;STVGTITEIHDYLR;LMLLAPIIK;VIQNPELSLAGGAIR;EFFDAVPALAR;ELFAGVPESR;VIDIDQSPIGR;HTIEVVVDRFK;DIQGLEHFDKVIDIDQSPIGR;YNRETLEIK;YVESLSAYAR	False	False	Ecoli	False	True	False	diann231	Triqler	Triqler	0.2
0.8883	0.9615	P16926	6.0	4.012e-05	0.08015	0.9615	1.054	1.062	0.974	0.9718	0.9718	0.9714	YLLLLWGADR;AYTVIQARPTAGLQR;ELLDGVSQTLASR;DQLELENR;LRELLGSPLR;ALRQELLLK	False	False	Ecoli	False	True	False	diann231	Triqler	Triqler	0.2
0.8883	0.9615	P0A6L0	11.0	2.125e-07	-0.08844	0.9615	0.9551	1.03	0.9191	1.049	1.017	1.036	AAIAYGADEVDVVFPYR;ALMAGNEQVGFDLVK;FGASSLLASLLK;TLKEQGTPEIR;TVGFKPAGGVR;VIIETGELKDEALIR;YLAIADELFGADWADAR;VAVNATPESAR;IMMEVIR;AGADFIK;IATVTNFPHGNDDIDIALAETR	False	False	Ecoli	False	True	False	diann231	Triqler	Triqler	0.2
0.8884	0.9616	P0AC47	8.0	3.787e-07	-0.09738	0.9616	0.9624	1.02	0.9197	1.052	1.002	1.051	DYTDGMKVEALANFPIER;HVDPAAAIQQGK;TADQGTNIQTPAQMAK;VEALANFPIER;DFLIATLKPR;DNLAPDLSYR;NLKIEVVR;HVDPAAAIQQGKVESSK	False	False	Ecoli	False	True	False	diann231	Triqler	Triqler	0.2
0.8885	0.9616	P06721	3.0	0.003272	-0.02208	0.9615	1.049	0.9828	0.9439	1.048	0.9348	1.05	VAEWLAEHPQVAR;LHIGLEDVDDLIADLDAGFAR;KLDTQLVNAGR	False	False	Ecoli	False	True	False	diann231	Triqler	Triqler	0.2
0.8885	0.9617	P36928	7.0	1.982e-05	-0.0813	0.9617	0.9859	1.018	0.9012	1.014	1.029	1.06	IGGNDLDIALAFK;EAVSEWLYR;WAEVVFR;ALAEQLPGIPIAGGDDFGSVTAGLAR;ILEQVQLALDNAQEKPDVIYLTGGSAR;LLNDLVR;HHDVPADDDETQALLRR	False	False	Ecoli	False	True	False	diann231	Triqler	Triqler	0.2
0.8886	0.9618	P76243	5.0	3.733e-06	-0.0658	0.9618	0.9218	1.059	0.952	1.01	0.9947	1.072	EQYLAELAQHEQEGKR;VYDPAEQSDGYR;NTTQNHALVLADWLR;KQPLTLLYSAK;RVYDPAEQSDGYR	False	False	Ecoli	False	True	False	diann231	Triqler	Triqler	0.2
0.8887	0.9618	P75915	6.0	2.099e-06	-0.09321	0.9618	0.9766	1.002	0.9176	1.051	0.9999	1.059	LAANWPLEQDELLTR;QPQDPLLVPLFTLIR;SAWVEGATEAEVR;VEAHATTPFWR;VLGSLYYR;VLGSLYYRQPQDPLLVPLFTLIR	False	False	Ecoli	False	True	False	diann231	Triqler	Triqler	0.2
0.8888	0.9618	P0A8X2	5.0	0.0001742	-0.06007	0.9618	0.9869	1.012	0.9233	0.9904	1.031	1.061	LIGQGDDPWGGKR;TDLGPASQEVDLIISVEGVQQK;SADFLNTAK;LKDFNIK;YPQATFTSTSVKK	False	False	Ecoli	False	True	False	diann231	Triqler	Triqler	0.2
0.8888	0.9619	P33570	10.0	1.221e-06	-0.03327	0.9619	0.9982	1.071	0.8981	0.9835	0.9981	1.061	AGKEEAHGAPLGEEEVALAR;YINELQANPAK;GSVSLKEDPAGNYIHYGVR;TVIGFGSPNK;AHPQLAEEFTR;EAILEAQSVK;HNGPTALILSR;EIYHAWDAR;TPDQVKEIAR;AHPQLAEEFTRR	False	False	Ecoli	False	True	False	diann231	Triqler	Triqler	0.2
0.8889	0.9619	P15288	20.0	1.856e-08	-0.07217	0.9619	0.9774	1.039	0.9093	1.038	1.001	1.042	EAVPAGFETFK;GAYPGWQPDANSPVMHLVR;GGHSGGEIHVGLGNANK;LIDFNGGTLR;LLNATPNGVIR;NLALLLDSVANDK;NLALLLDSVANDKAALIAK;NNDTVHDFTKDPIQPYIDGEWVK;SELSQLSPQPLWDIFAK;DQVGNILIR;FLAGHAEELDLR;SRDTFIR;GFHVERDQVGNILIR;GLKGGHSGGEIHVGLGNANK;DYVVSMLDSLGK;EKNLALLLDSVANDK;KPVVLQAHLDMVPQK;DPIQPYIDGEWVK;SLVNTYQEILKNELAEK;EAFATIAVAADK	False	False	Ecoli	False	True	False	diann231	Triqler	Triqler	0.2
0.889	0.9619	P27431	4.0	7.188e-05	-0.0509	0.9619	1.002	1.045	0.8902	1.053	0.9974	1.022	ELISGFADYVLQR;ELGGNYYSDPDVPPR;HELDIAPPEPPYQPDEIYDALK;MEYQLTLNWPDFLER	False	False	Ecoli	False	True	False	diann231	Triqler	Triqler	0.2
0.8891	0.9619	P0AGC0	1.0	0.5337	-0.05195	0.9184	0.9946	0.9946	0.9457	0.9946	1.081	0.9946	AIGAADGIK	False	False	Ecoli	False	True	False	diann231	Triqler	Triqler	0.2
0.8891	0.962	P0AEI1	21.0	3.105e-08	-0.07733	0.962	0.9458	1.047	0.9342	1.03	0.997	1.052	AARPDIQISSDFIVGFPGETTEDFEK;AHYVDIIFGPQTLHR;EVNLLGQNVNAWR;FVDVEITDVYPNSLR;GEEVSRPSDDILFEIAQLAAQGVR;GENYDGTTGSFADLLR;VAETPESVIAR;VVNFEGTPDMIGK;LVAAIDGIDR;LYILQER;VFHQLGR;ILVEGTSR;INQQAMAWSR;GDRSPVVDISFPEIEK;FTTSHPIEFTDDIIEVYR;LPEMINSVR;KSIMELSGR;SIMELSGR;DTPELVSFLHLPVQSGSDR;EVNLLGQNVNAWRGENYDGTTGSFADLLR;ILNLMGR	False	False	Ecoli	False	True	False	diann231	Triqler	Triqler	0.2
0.8892	0.962	P0AAJ3	4.0	2.488e-05	-0.08098	0.962	0.9772	1.003	0.9375	0.9704	1.058	1.061	SATNSITPPSQVR;IDTSVSLWK;AMETQDIIKR;EMLELAEQR	False	False	Ecoli	False	True	False	diann231	Triqler	Triqler	0.2
0.8893	0.9621	P0AAH4	1.0	0.3578	-0.01348	0.941	0.989	0.989	0.989	0.954	0.989	1.096	NLTIEFK	False	False	Ecoli	False	True	False	diann231	Triqler	Triqler	0.2
0.8893	0.9621	P75870	1.0	0.03603	-0.03651	0.9607	0.9915	1.033	0.9267	0.9912	1.005	1.058	HSDVLFR	False	False	Ecoli	False	True	False	diann231	Triqler	Triqler	0.2
0.8894	0.9621	P0A8R4	2.0	0.00292	-0.02962	0.962	0.9569	1.048	0.9755	0.9256	1.034	1.068	ASQPSNIASQAEETPPPHY;LKASQPSNIASQAEETPPPHY	False	False	Ecoli	False	True	False	diann231	Triqler	Triqler	0.2
0.8895	0.9622	P0A9T4	9.0	4.772e-07	-0.1135	0.9622	0.9606	0.9917	0.9279	1.042	1.027	1.057	AVAAYVDIAR;HGLDPAQMALAFVR;IVTIQNPYSLLNR;YLHLADKHDLPR;EKLIIASK;YIGVSNETAFGVMR;RHGLDPAQMALAFVR;EALHDSLKR;GIRPDQALDR	False	False	Ecoli	False	True	False	diann231	Triqler	Triqler	0.2
0.8896	0.9623	P0A725	3.0	0.0005002	-0.01397	0.9623	0.9629	1.021	1.044	0.8745	1.102	1.011	VTLTLRPAPANTGVIYR;VLNEDGLRFEDEFVR;RTDLNPPVDFPADAK	False	False	Ecoli	False	True	False	diann231	Triqler	Triqler	0.2
0.8896	0.9623	P0ABA0	15.0	3.642e-08	-0.08111	0.9623	0.9544	1.04	0.928	1.013	1.009	1.062	AEAQVIIEQANK;AEAQVIIEQANKR;AKAEAQVIIEQANK;EIADGLASAER;IVAQAQAEIEAER;IVAQAQAEIEAERK;KQVAILAVAGAEK;QKEIADGLASAER;QVAILAVAGAEK;TKIVAQAQAEIEAER;AHKDLDLAK;SVDEAANSDIVDK;SVDEAANSDIVDKLVAEL;RSQILDEAK;SQILDEAK	False	False	Ecoli	False	True	False	diann231	Triqler	Triqler	0.2
0.8897	0.9623	P31808	6.0	4.282e-06	-0.0605	0.9623	0.9734	1.061	0.905	1.002	1.006	1.061	SDAGSLVFTSSSVGR;YGATVILLGR;IILVTGASDGIGR;IAVNYPR;ANWGAYAASK;ASAFPTEDPQKLK	False	False	Ecoli	False	True	False	diann231	Triqler	Triqler	0.2
0.8898	0.9623	P52097	1.0	0.03218	-0.006215	0.9611	0.9421	1.041	0.9923	1.079	0.962	0.9903	VQLAQEGLGIEAQAR	False	False	Ecoli	False	True	False	diann231	Triqler	Triqler	0.2
0.8898	0.9624	P0A8E7	11.0	9.082e-08	-0.09603	0.9624	0.9575	1.026	0.9201	1.03	1.021	1.052	GIEGSSLDVPENIVHSGK;LKVQAQIQGDEIR;NVEASFELNDASK;PSFDIVSEVDLQEAR;RGIEGSSLDVPENIVHSGK;SRDDLQAVMAMVR;VLSESDFQVNQLLDILR;VQAQIQGDEIR;GGDLGQPFQFK;TWFVEAK;DDLQAVMAMVR	False	False	Ecoli	False	True	False	diann231	Triqler	Triqler	0.2
0.8899	0.9624	P0AD53	1.0	0.3222	-0.04909	0.9445	0.9751	0.9859	0.9945	1.058	0.9945	0.9945	SSTLAEPASDIK	False	False	Ecoli	False	True	False	diann231	Triqler	Triqler	0.2
0.89	0.9624	P76342	1.0	0.1123	-0.04238	0.9576	0.8931	1.041	0.9907	1.003	1.042	1.038	FIGGGLK	False	False	Ecoli	False	True	False	diann231	Triqler	Triqler	0.2
0.89	0.9624	P0ACB7	10.0	4.346e-07	-0.09897	0.9624	0.9251	1.023	0.9542	1.062	1.01	1.033	AAELAGNDTIPVEITR;HGEWQEASLAFR;LAEGDYQQVEK;LLLPIPR;NADHAEQPVVNYLLAAEAAQQR;NADHAEQPVVNYLLAAEAAQQRGDEAR;LAEQAYIR;LKTNNPEQLEK;TGAWSSLLDIIPSMAK;NVGDRPLLWSTLGQSLMK	False	False	Ecoli	False	True	False	diann231	Triqler	Triqler	0.2
0.8901	0.9625	P0AB58	3.0	0.000412	-0.002256	0.9624	0.9159	1.086	1.01	0.9441	0.9719	1.085	TAEWAEFLQR;LLAIQQLGR;IGALQQLLQIYQATSEWQKAIDVAER	False	False	Ecoli	False	True	False	diann231	Triqler	Triqler	0.2
0.8902	0.9625	P08331	17.0	3.618e-08	-0.05604	0.9625	0.9684	1.047	0.9344	1.058	0.9584	1.041	AGEIHPAADNNWR;AYVEHYIQGDPDLAKLPVLSAAAPFK;FAGTGDSHIAFASPDENR;FPYVNANVIDAR;LPVLSAAAPFK;NAADLYLYPNTLIVVK;TASLINDAR;VATDDIGFAIYQVDLSK;KNDPASYVEVEK;LVETLKADHDATR;TYNFDVIDGVNYQIDVTQPAR;SVLAAWIADESKR;QFVSKPIGK;ALNTLDYTVGTLGNHEFNYGLDYLK;IGYIGVVPPQIMGWDK;GADVVVVLAHSGLSADPYK;AGDIHPVYK	False	False	Ecoli	False	True	False	diann231	Triqler	Triqler	0.2
0.8903	0.9625	P0A799	26.0	5.533e-09	-0.07426	0.9625	0.9908	1.021	0.9126	1.047	0.9899	1.045	ADEQILDIGDASAQELAEILK;ADLNVPVK;DYLDGVDVAEGELVVLENVR;IADQLIVGGGIANTFIAAQGHDVGK;IRASLPTIELALK;ISYISTGGGAFLEFVEGK;LTVLDSLSK;LVKDYLDGVDVAEGELVVLENVR;MTDLDLAGK;SLYEADLVDEAK;SLYEADLVDEAKR;SVNDVKADEQILDIGDASAQELAEILK;TILWNGPVGVFEFPNFR;TILWNGPVGVFEFPNFRK;VATEFSETAPATLK;VMVTSHLGRPTEGEYNEEFSLLPVVNYLK;ADLNVPVKDGK;MTDLDLAGKR;VSTKLTVLDSLSK;ASLPTIELALK;VLPAVAMLEER;EPARPMVAIVGGSK;PTEGEYNEEFSLLPVVNYLK;ASLPTIELALKQGAK;KYAALCDVFVMDAFGTAHR;PMVAIVGGSK	False	False	Ecoli	False	True	False	diann231	Triqler	Triqler	0.2
0.8903	0.9626	P0A908	8.0	9.431e-07	-0.07975	0.9626	0.9726	0.9594	0.9856	1.057	0.9583	1.073	LSDEVTDSPMVDK;SWTGLISTGITYK;TTLAGDTLDNSNGIVWDMAWLYR;SWTGLISTGITYKF;LSITAYWSPLYFK;FSLGAGVGVVEHPYK;YTNGGLTVTPGIGVQWNSENQNEYYYGVSR;STMMAGLSYAHFTQYGYLR	False	False	Ecoli	False	True	False	diann231	Triqler	Triqler	0.2
0.8904	0.9627	P0AFZ3	4.0	4.149e-06	-0.05904	0.9627	0.9866	1.047	0.9041	1.052	0.9989	1.019	AVGNLELANDEVR;DGQIVLNIAPR;QVSVPLAAVLAIYAR;MDLSQLTPR	False	False	Ecoli	False	True	False	diann231	Triqler	Triqler	0.2
0.8905	0.9627	P22523	39.0	2.173e-09	-0.07573	0.9627	0.9714	1.037	0.9175	1.024	1.002	1.055	AIQYNQAIAALNR;FATLSFDVQK;FIGSHLAVAFESDPEAEIR;FPEVPLFGR;FVQQFGNQLAK;HLAEQVQPLR;KNAVDEEIER;LIEASLYGGISSAITR;LLFLDEAAR;QQAFALTEVVQR;SLTLINWNGFFAR;TDDPVEAIEQMEIELSR;YSRFPEVPLFGR;EAIVERDEVGAR;ELAYLSADDLR;LNLLADDSLADRVDEIR;NFDIDELEALHQELEAR;IERYEADLDELQIR;SLRDYLLPENSGVR;TPQTIGEELLDYR;YEADLDELQIR;LAVADNEHLRDVLR;TFDLDELVTTLSGGNGAGK;LTFSEALAK;ELQDIGVR;AEAAELEVDELKSQLADYQQALDVQQTR;IASLSDSVSNAR;IESLHAEREVLSER;LNPQIDMGQR;IQFFVAVYQHLR;LTEELTSR;ELLNDLQR;IRQDIIR;DELHAQLSNNR;RDELHAQLSNNR;KVFQNTEHVHVVGLR;SVANIIRK;LAVADNEHLR;NEAWDVAR	False	False	Ecoli	False	True	False	diann231	Triqler	Triqler	0.2
0.8905	0.9629	P11988	1.0	0.001283	-0.04669	0.9629	1.011	0.9947	0.926	1.016	0.9996	1.057	SSEWGWQIDPVGLR	False	False	Ecoli	False	True	False	diann231	Triqler	Triqler	0.2
0.8906	0.9629	P38506	3.0	8.055e-05	0.01152	0.9629	1.01	1.085	0.9283	0.9942	0.9821	1.007	AVHLLIVDALNLIR;VPGVAGIGPK;LQTDLHIDGNLQQLR	False	False	Ecoli	False	True	False	diann231	Triqler	Triqler	0.2
0.8907	0.963	P27245	1.0	0.004246	-0.00922	0.9628	1.074	0.987	0.9232	0.9597	0.9941	1.071	VLSVDLGALTR	False	False	Ecoli	False	True	False	diann231	Triqler	Triqler	0.2
0.8907	0.963	P0A8Y1	2.0	8.105e-05	-0.07335	0.963	0.9833	0.9851	0.9421	1.045	1.004	1.045	IFDYALEQAGNPDR;IGIITNGFSALQQVR	False	False	Ecoli	False	True	False	diann231	Triqler	Triqler	0.2
0.8908	0.963	P64483	3.0	0.0001381	-0.05949	0.963	0.9242	1.063	0.9529	1.008	1.031	1.029	LVADPLLFER;IAQPELVNFR;LKLVADPLLFER	False	False	Ecoli	False	True	False	diann231	Triqler	Triqler	0.2
0.8909	0.9631	O00762ups|UBE2C_HUMAN_UPS	2.0	0.0003079	-0.01182	0.9631	0.9884	0.9884	0.9884	0.9993	0.9691	1.069	LSLEFPSGYPYNAPTVK;WVGTIHGAAGTVYEDLR	False	False	Human	True	False	False	diann231	Triqler	Triqler	0.2
0.891	0.9633	P68187	8.0	2.614e-06	-0.03848	0.9633	0.9487	1.091	0.9267	1.038	1.008	0.9969	TLVAEPSVFLLDEPLSNLDAALR;VNQVAEVLQLAHLLDR;FVAGFIGSPK;IVVLDAGR;QQVWLPVESR;ASVQLQNVTK;VAQVGKPLELYHYPADR;AWGEVVVSK	False	False	Ecoli	False	True	False	diann231	Triqler	Triqler	0.2
0.891	0.9633	P04040ups|CATA_HUMAN_UPS	2.0	0.0008813	-0.02218	0.9633	0.986	0.986	0.986	0.9949	1.015	1.033	FNTANDDNVTQVR;NLSVEDAAR	False	False	Human	True	False	False	diann231	Triqler	Triqler	0.2
0.8911	0.9633	P77721	2.0	0.002877	-0.03582	0.9632	0.9681	1.002	0.995	1.019	0.9802	1.038	VTVSNLSGIFQVTEETIRR;DLEKLEDEGFLTR	False	False	Ecoli	False	True	False	diann231	Triqler	Triqler	0.2
0.8912	0.9634	P42604	1.0	0.000912	-0.04181	0.9633	0.9717	1.038	0.9396	0.9904	1.037	1.028	AGSSVVVDVLR	False	False	Ecoli	False	True	False	diann231	Triqler	Triqler	0.2
0.8912	0.9634	P00861	2.0	0.0003113	-0.02775	0.9634	1.062	0.9409	0.9601	1.062	1.05	0.9345	HGIWYTDLPAALDVIQR;VDSVSLGEIER	False	False	Ecoli	False	True	False	diann231	Triqler	Triqler	0.2
0.8913	0.9635	P0C0K3	9.0	2.009e-06	0.01609	0.9635	1.079	1.046	0.8925	0.9803	0.9982	1.014	ATDELIAAVTAHWR;KLFEDATLIPSGLK;NFPWLTGEDYWLR;VDSGLTPLNSYENR;VYQFQDEDR;ATDELIAAVTAHWREDFTVLR;WADPAFPK;QTATFIEQAK;EDFTVLR	False	False	Ecoli	False	True	False	diann231	Triqler	Triqler	0.2
0.8914	0.9635	P64636	3.0	4.742e-05	0.01803	0.9635	1.104	1.014	0.9284	0.9402	0.9578	1.069	AVLREDTIPFLEALK;TLFIDDSEAILDAAAQFGIR;LEHTGLDAHLDLLLSTHTFGYPK	False	False	Ecoli	False	True	False	diann231	Triqler	Triqler	0.2
0.8914	0.9635	P05825	15.0	9.44e-08	-0.0746	0.9635	1.014	1.007	0.9042	1.042	0.9897	1.05	AGNAQTTGDLAGANYIAGAGAYTYNEPGR;APSLYQTNPNYILYSK;DGWLAGVTWFR;LYGNLDKTQADAWDINQGHQSAR;TNFSLTGPLGDEFSFR;EISPYSIVGLSATWDVTK;NVSLTGGVDNLFDKR;WDFAPLQSLELEAGYSR;AGTYATTLPAGR;LSIIPEYTLNSTLSWQAR;IPEGLAGGTEGKFNEK;FDHHSIVGNNWSPALNISQGLGDDFTLK;IPEGLAGGTEGK;EIGLEFKR;TMPGVNLTGNSTSGQR	False	False	Ecoli	False	True	False	diann231	Triqler	Triqler	0.2
0.8915	0.9635	P23256	1.0	0.03218	-0.03363	0.9623	0.984	1.007	0.9928	1.067	1.046	0.911	GVAGLINAIR	False	False	Ecoli	False	True	False	diann231	Triqler	Triqler	0.2
0.8916	0.9635	P21893	5.0	2.165e-05	0.04281	0.9635	1.103	1.036	0.9059	0.9977	0.9568	1.012	LAASDLGFALGPR;AVEILYNAFR;SLGIPVIVTDHHLPGDTLPAAEAIINPNLR;LDINEFR;VLANELDALNQTR	False	False	Ecoli	False	True	False	diann231	Triqler	Triqler	0.2
0.8916	0.9636	P0A9S1	3.0	0.00252	-0.02429	0.9635	1.033	1.034	0.9032	0.9501	0.9973	1.093	AATGVDALTHAIEGYITR;AIGIISNNPEFADVR;AIEIIAGALR	False	False	Ecoli	False	True	False	diann231	Triqler	Triqler	0.2
0.8917	0.9636	P42632	15.0	1.45e-07	-0.09373	0.9636	0.9593	1.017	0.9273	1.063	0.9881	1.052	DFIQHNYTPYEGDESFLAEATPATTELWEK;DGISYTFSIVPAALGK;LEKGEDLEATIR;NAVPTQSILTITSNVVYGQK;VALYGISYLVR;TASFLDIYIER;ERELQFADLQSR;SGVLTGLPDGYGR;KSGVLTGLPDGYGR;LPFTYAK;ELQFADLQSR;GTDWKNEINVR;RAGTPFAPGANPMHGR;IVGLQTDAPLKR;DGISYTFSIVPAALGKEDPVR	False	False	Ecoli	False	True	False	diann231	Triqler	Triqler	0.2
0.8918	0.9636	P0AC59	8.0	3.876e-07	-0.09158	0.9636	0.9828	1.004	0.9181	1.05	0.9864	1.065	EASAGNFADLLAHSDGLIK;LIVKPNAVNGELSEDDIQLFPLLR;NIPVELHVLLNDDAETPTR;NLTLVAGINWPSR;SAFDEFSTPAAR;SPAIEEWLR;RSPAIEEWLR;SPAIEEWLRK	False	False	Ecoli	False	True	False	diann231	Triqler	Triqler	0.2
0.8918	0.9636	P06282	4.0	8.556e-05	-0.03743	0.9636	1.008	1.053	0.892	0.9747	1.052	1.029	WLPLPGGLR;NLLTLNR;AVSLAINSR;VTESELVQR	False	False	Ecoli	False	True	False	diann231	Triqler	Triqler	0.2
0.8919	0.9637	P63204	1.0	0.2701	0.02485	0.9502	0.9618	1.08	0.9945	0.9945	0.9945	0.9792	APIYFVSR	False	False	Ecoli	False	True	False	diann231	Triqler	Triqler	0.2
0.892	0.9638	P0A7W7	6.0	2.224e-06	-0.08685	0.9638	0.9405	1.006	0.9608	1.013	1.004	1.083	VMAGLGIAVVSTSK;LKVAIANVLK;SMQDPIADMLTR;VAIANVLK;AVVESIQR;VAIANVLKEEGFIEDFK	False	False	Ecoli	False	True	False	diann231	Triqler	Triqler	0.2
0.8921	0.9639	P24216	8.0	7.845e-07	-0.08104	0.9639	0.9346	1.009	0.9714	0.9638	1.054	1.075	SALTTFQTANTALSK;AGVSASIINVGNGEYR;ATLTPISNQQSSFTAK;DASGVGALIVGDGKK;ASISSLGVGSGLDLSSILDSLTAAQK;AQTAIKDWVNAYNSLIDTFSSLTK;DYNAASDRIDAQVAR;LSAYGTLK	False	False	Ecoli	False	True	False	diann231	Triqler	Triqler	0.2
0.8921	0.964	P62672	2.0	0.005423	-0.04942	0.9638	0.985	1.04	0.9195	1.011	0.9854	1.066	LAVPTLIH;APVQLLGR	False	False	Ecoli	False	True	False	diann231	Triqler	Triqler	0.2
0.8922	0.964	P0ABA6	15.0	3.519e-08	-0.08038	0.964	0.9729	1.024	0.9212	1.036	0.9864	1.066	ALLDTLLR;SWDYLYEPDPK;VGYLVVSTDR;VIGHLAHGNLEYK;VIGHLAHGNLEYKHPYLEDR;YVESQVYQGVVENLASEQAAR;ALLDTLLRR;KVIGHLAHGNLEYK;QASITQELTEIVSGAAAV;RVGYLVVSTDR;FINTMSQVPTISQLLPLPASDDDDLKHK;LYIVSNK;AATDNGGSLIK;VMLQAYDEGRLDK;ELQLVYNK	False	False	Ecoli	False	True	False	diann231	Triqler	Triqler	0.2
0.8923	0.964	P28632	1.0	0.0009349	-0.0004154	0.964	0.9808	0.9411	1.084	0.9757	0.966	1.06	ALTVSPDQVLQLTPEK	False	False	Ecoli	False	True	False	diann231	Triqler	Triqler	0.2
0.8923	0.9641	P05100	2.0	0.0008063	-0.03746	0.964	0.9668	1.061	0.9266	1.016	1.004	1.03	LVQDAGIIR;GKIQAIIGNAR	False	False	Ecoli	False	True	False	diann231	Triqler	Triqler	0.2
0.8924	0.9641	P0ADC3	4.0	5.489e-05	-0.06307	0.9641	0.9207	1.014	0.9872	0.9662	1.05	1.07	VAPITTGDVVLQSAR;AAATQPAEALRYE;YPAGNITGWR;KGELFQAVR	False	False	Ecoli	False	True	False	diann231	Triqler	Triqler	0.2
0.8925	0.9641	P67660	6.0	2.699e-05	0.02828	0.9641	0.9931	1.081	0.9571	0.9718	0.9224	1.086	ANTQLAIITEVLAGAWER;VLLEAADKLTTDAEALAR;ADIVIAPDMHFR;ERPVLTVQLLDK;ALTLEALR;LTVSTIEDKR	False	False	Ecoli	False	True	False	diann231	Triqler	Triqler	0.2
0.8925	0.9641	P77318	1.0	0.3374	0.002832	0.9459	0.9906	0.9906	1.026	1.095	0.9165	0.9906	GYISDQLTDEAIGVVDR	False	False	Ecoli	False	True	False	diann231	Triqler	Triqler	0.2
0.8926	0.9642	P77265	1.0	0.343	0.04018	0.9455	1.045	0.9964	0.9964	0.9708	0.9964	0.9964	STLLSLIQR	False	False	Ecoli	False	True	False	diann231	Triqler	Triqler	0.2
0.8927	0.9642	P76516	1.0	0.166	0.03013	0.9571	0.9944	0.9944	1.043	0.9944	0.9548	1.021	AYEIALVSLEVEPDER	False	False	Ecoli	False	True	False	diann231	Triqler	Triqler	0.2
0.8927	0.9642	P40191	5.0	9.87e-06	-0.03646	0.9642	0.9892	1.073	0.8949	1.016	0.9827	1.054	DLDSAIAAAK;SLLSDTLK;SSLLLFNDK;YTQQHESDELILPPLAEA;ALQADIVAVQSQVVYGSVGNSIAVPAIK	False	False	Ecoli	False	True	False	diann231	Triqler	Triqler	0.2
0.8928	0.9642	P75856	1.0	0.03218	0.0269	0.9631	1.005	1.072	0.9628	0.9613	0.9599	1.044	LVYSEGEEQISLGVR	False	False	Ecoli	False	True	False	diann231	Triqler	Triqler	0.2
0.8929	0.9643	P0AE70	4.0	0.0003409	-0.01473	0.9643	0.9308	1.077	0.9536	0.978	0.9753	1.097	GYPFEVVLSGQER;KGTVAPEELQLIK;DGVALADQVK;GTVAPEELQLIK	False	False	Ecoli	False	True	False	diann231	Triqler	Triqler	0.2
0.8929	0.9643	P25665	1.0	0.54	-0.0482	0.9225	0.9937	0.9528	0.9937	0.9937	1.077	0.9937	LAAITAQDSQR	False	False	Ecoli	False	True	False	diann231	Triqler	Triqler	0.2
0.893	0.9643	P0ABZ4	2.0	6.146e-05	0.03071	0.9643	1.027	1.096	0.915	0.9432	0.982	1.049	LIAFSDLLEK;VGLSVAVADAHPLLIPR	False	False	Ecoli	False	True	False	diann231	Triqler	Triqler	0.2
0.8931	0.9644	Q46851	3.0	0.006749	-0.001227	0.9641	0.9326	1.108	0.9943	1.05	1.023	0.906	ALYVGISSYSPER;VWLANPER;IPLLIHQPSYNLLNR	False	False	Ecoli	False	True	False	diann231	Triqler	Triqler	0.2
0.8931	0.9644	P00946	11.0	1.384e-07	-0.05272	0.9644	1.006	1.035	0.9024	1.034	0.9778	1.052	ENAAGIPMDAAER;FEAKPANQLLTQPVK;FGELPFLFK;GSQQLQLKPGESAFIAANESPVTVK;LINSVQNYAWGSK;LISEFYPEDSGLFSPLLLNVVK;RFGELPFLFK;SALDSQQGEPWQTIR;YIDIPELVANVK;STLLGEAVAK;DVIESDKSTLLGEAVAK	False	False	Ecoli	False	True	False	diann231	Triqler	Triqler	0.2
0.8932	0.9644	P0A7A7	17.0	1.481e-07	-0.05469	0.9644	0.9732	1.052	0.9125	1.007	0.9856	1.079	LLNLPLSILVK;TLQLLAAGAR;ILGFTWNR;LYQGINVHNAER;YAITFWLLSANPSINR;YVFIHGGPR;LGAFFIR;NNIAHMLVLPSLMAAIVTQHR;ADLLTLR;EYLGELFSR;GYSVEYFVEGGR;LYSTVFREYLGELFSR;FSPSVSLR;LFHDYLDLHR;EQAVLMTYYR;LPARQDLFNK;LYSTVFR	False	False	Ecoli	False	True	False	diann231	Triqler	Triqler	0.2
0.8933	0.9644	P05041	4.0	4.133e-05	-0.05777	0.9644	0.9698	1.043	0.9218	1.027	0.9752	1.072	TTTTDDPLQVLQQVLDR;APFSAFLR;AAFPGGSITGAPK;LEQGAILSLSPER	False	False	Ecoli	False	True	False	diann231	Triqler	Triqler	0.2
0.8933	0.9645	P76440	2.0	0.0002771	-0.06382	0.9645	0.9507	1.009	0.9762	1.027	0.9992	1.04	LPQSVLDAEIAR;LDAFAELEPQR	False	False	Ecoli	False	True	False	diann231	Triqler	Triqler	0.2
0.8934	0.9645	P13035	15.0	6.584e-08	-0.08738	0.9645	0.9407	1.027	0.9449	1.022	1.001	1.071	DLIVIGGGINGAGIAADAAGR;ESVLPGGAIEGDRDDYAAR;LVLANAQMVVR;QAYILQNEDKR;VSQWLVEYTQQR;YLEHYEFR;YLVDHEWVR;GSHIVVPR;GLVNATGPWVK;IGLFMYDHLGKR;LTPYYQGIGPAWTK;TSLPGSTGLR;FGANSVLKPEIK;LVSEALAER;RYPFLTESLAR	False	False	Ecoli	False	True	False	diann231	Triqler	Triqler	0.2
0.8935	0.9646	P15005	3.0	0.0002996	-0.05515	0.9645	1.002	0.9939	0.9239	1.036	1.063	0.9871	SLAVVDYALR;FSFIDIEPGFDTPQFR;YIFIIDEINR	False	False	Ecoli	False	True	False	diann231	Triqler	Triqler	0.2
0.8935	0.9646	P0A6W3	2.0	0.002705	0.009249	0.9645	0.9709	1.115	0.9363	0.9743	1.032	0.9816	LSFGQVVR;LVWLAEHLVKYYSGFNVFSYLTFR	False	False	Ecoli	False	True	False	diann231	Triqler	Triqler	0.2
0.8936	0.9647	P22939	3.0	0.0002031	0.04125	0.9646	1.016	1.029	1.006	0.9829	0.9537	1.015	STYPALLGLEQAR;QLAEQSLDTSALEALADYIIQR;LGALSAGDKGR	False	False	Ecoli	False	True	False	diann231	Triqler	Triqler	0.2
0.8937	0.9647	P0A8A8	3.0	0.0001571	0.05499	0.9647	1.052	1.062	0.9176	0.998	1.029	0.9503	FVGEEVTLVLR;KWQGVIK;ANLVPHF	False	False	Ecoli	False	True	False	diann231	Triqler	Triqler	0.2
0.8937	0.9647	P13029	41.0	7.66e-10	-0.07694	0.9647	0.9759	1.028	0.9185	1.03	1.0	1.053	AASAAGLSIHVPFAPGR;ADLVFGSNSVLR;AQQLTLTAPEMTALVGGMR;ARLDVSTTESLLIDK;ASLADIIVLAGVVGVEK;AVAEVYASSDAHEK;EFSKLDYYGLK;ESGKASLADIIVLAGVVGVEK;FAPLNSWPDNVSLDK;FDPEFEK;FVKDFVAAWVK;KPTMLVTDLTLR;LDVSTTESLLIDK;QDQTDIEMFELLEPIADGFR;RFLNDPQAFNEAFAR;SNPLGEDFDYRK;SPAGAIQFEAVDAPEIIPDPFDPSK;SPAGAIQFEAVDAPEIIPDPFDPSKK;TFGFGAGREDVWEPDLDVNWGDEK;VDLLNQHSNR;VGVLSNDFFVNLLDMR;VMNLDRFDLL;AWLTHRHPEALAK;DFVAAWVK;DWDVNAAAVR;FLNDPQAFNEAFAR;LALMPQR;FAIADSGLSVSELVSVAWASASTFR;LDYYGLKK;ATDESKELFEGR;VLGANFDGSK;SNPLGEDFDYR;ALPVLEK;LALMPQRDWDVNAAAVR;TFGFGAGR;DWWPNQLR;RLLWPIK;YEWVQTR;EDVWEPDLDVNWGDEK;ISWADLFILAGNVALENSGFR;LDYYGLK	False	False	Ecoli	False	True	False	diann231	Triqler	Triqler	0.2
0.8938	0.9647	P37690	6.0	3.126e-05	-0.006758	0.9647	0.9561	1.083	0.9598	0.9911	0.9282	1.094	SLAAQLDAAFR;AGQPIALVGSSGGQGRPSLYFEIR;LQAYFGYLNQAR;GQAFWPVR;QSEQQTLLYEQR;ASLLAQLK	False	False	Ecoli	False	True	False	diann231	Triqler	Triqler	0.2
0.8938	0.9647	P76220	3.0	5.315e-05	0.02215	0.9647	0.9697	1.139	0.9459	1.021	0.9703	0.9657	VEYDGLSNSQPLR;FGGNLTAAEEK;LDISVNWQGAAK	False	False	Ecoli	False	True	False	diann231	Triqler	Triqler	0.2
0.8939	0.9647	P23930	1.0	0.08262	-0.02079	0.9615	0.9262	1.043	0.9915	1.055	0.9836	1.006	EVLTTNVTPTTGLTPYAR	False	False	Ecoli	False	True	False	diann231	Triqler	Triqler	0.2
0.894	0.9647	P60240	24.0	2.957e-08	-0.04988	0.9647	0.975	1.064	0.9179	0.9918	1.002	1.056	AVNPNIRDDELTAIESNR;LDTEESGVALR;NEADEKLSAELSR;TAQSVLVR;TVTLLFPSTGENR;AATALQLEQVLR;VEWLMGYLTSHR;VLLADEVGLGK;EDAQFITWEHPLIR;TSLIPHQLNIAHDVGRR;LVNAVQQDVHAILQLGEAQIEK;LPLPTQYQTAIK;FALFDDER;FLPPTPVR;LIVVTHQ;LVFSKPQDR;NGLDLILSGDTGSSTISLLK;PFTLGQR;LFAGQIDR;NGNNLAAQVEFETFNR;FHDFAQFVEEQKNYR;AAVFHEGMSIIER;LLEIHSNGGEK;MPYSGLR	False	False	Ecoli	False	True	False	diann231	Triqler	Triqler	0.2
0.894	0.9648	P37685	6.0	1.092e-05	-0.04403	0.9648	0.9861	1.002	0.9505	0.9918	0.9617	1.117	VFQEEIFGPVLAVTTFK;ALVQESIYER;ETSAADVPLAIDHFR;DIDLALDAAHK;EGADVLTGGR;DKWAHTSVQDR	False	False	Ecoli	False	True	False	diann231	Triqler	Triqler	0.2
0.8941	0.9648	P45807	1.0	0.03753	0.03105	0.9635	0.9912	1.006	1.041	0.9347	1.049	0.9822	ALDIVKR	False	False	Ecoli	False	True	False	diann231	Triqler	Triqler	0.2
0.8942	0.9649	P0AEA8	6.0	0.0002071	-0.03207	0.9649	0.9702	1.065	0.9134	0.9793	1.035	1.045	LKGGDPFIFGR;EKLESLLPLHLGQVAK;TGGELDWENLAAEK;LLLDAGAR;GGDPFIFGR;AASFIMPSIIDR	False	False	Ecoli	False	True	False	diann231	Triqler	Triqler	0.2
0.8942	0.9649	P64534	4.0	2.392e-05	-0.06128	0.9649	0.9743	1.033	0.9163	1.0	1.027	1.056	AYDGEIFYHR;YELSSFIADFK;HFKPGDTVPEMYR;NLPAPDAGTHWTYMGGAYVLISDTDGK	False	False	Ecoli	False	True	False	diann231	Triqler	Triqler	0.2
0.8943	0.965	P69783	11.0	1.735e-07	-0.1025	0.965	0.9536	1.004	0.9326	1.064	1.002	1.05	DTGTIEIIAPLSGEIVNIEDVPDVVFAEK;IVGDGIAIKPTGNK;LSGSVTVGETPVIR;STLTPVVISNMDEIK;STLTPVVISNMDEIKELIK;VGDTVIEFDLPLLEEK;VKVGDTVIEFDLPLLEEK;MVAPVDGTIGK;KDTGTIEIIAPLSGEIVNIEDVPDVVFAEK;VGDTVIEFDLPLLEEKAK;GLFDKLK	False	False	Ecoli	False	True	False	diann231	Triqler	Triqler	0.2
0.8944	0.965	P0A8W0	8.0	3.906e-06	0.02295	0.965	1.025	1.095	0.9078	0.9541	0.9756	1.055	ALEINSQSLDNNAAFIR;LFFESSLVR;DFLSHPGGIAHFEQLR;EFGEGEQLPSER;ELMAFFNVGRPSVR;YAAEHATDEQIDLLAK;VSRPSADTIIGELSGMAK;GLVQINNGER	False	False	Ecoli	False	True	False	diann231	Triqler	Triqler	0.2
0.8944	0.965	decoy_P0AB85	1.0	0.4767	-0.04041	0.9332	0.923	1.011	0.9937	0.9937	0.9937	1.092	LSEQEGIMR	False	False		False	False	False	diann231	Triqler	Triqler	0.2
0.8944	0.965	P76938	2.0	0.0005149	-0.04821	0.965	0.9312	1.02	0.9933	1.043	0.9763	1.041	LIKGDDEPIYLPADAEVPYNR;ALQNYYHTPELTAEQFPWPEALN	False	False	Ecoli	False	True	False	diann231	Triqler	Triqler	0.2
0.8945	0.9651	P0ABQ0	10.0	9.014e-07	-0.01899	0.9651	1.05	1.028	0.8974	1.073	0.9589	1.003	AAATQHNLEVLASR;ELLGQLLLDEIVTR;KELLGQLLLDEIVTR;WADLVILAPATADLIAR;MGFAIAAAAAR;ELLGQLLLDEIVTRYDEK;GANVTLVSGPVSLPTPPFVK;RGANVTLVSGPVSLPTPPFVK;EPLDPVR;IVLGVSGGIAAYK	False	False	Ecoli	False	True	False	diann231	Triqler	Triqler	0.2
0.8946	0.9651	P0ACQ4	9.0	3.118e-07	-0.06611	0.9651	1.002	1.021	0.903	1.083	0.9961	1.004	DLEYLVALAEHR;KLEDELGVMLLER;KVLFTQAGMLLVDQAR;MNIRDLEYLVALAEHR;SRYEQLAEAIR;TIGLVYRPGSPLR;VLFTQAGMLLVDQAR;ATSLETLR;NMVAAGSGITLLPALAVPPER	False	False	Ecoli	False	True	False	diann231	Triqler	Triqler	0.2
0.8946	0.9652	P77756	1.0	0.000912	0.05003	0.9651	1.046	1.029	0.9863	0.9981	0.9581	0.9856	VLDVTLLNELAVSSLTR	False	False	Ecoli	False	True	False	diann231	Triqler	Triqler	0.2
0.8947	0.9652	P0AD24	2.0	6.223e-05	-0.06149	0.9652	0.9472	1.039	0.9474	0.9943	1.034	1.044	ALQSSINEDKAH;QAIANSFAR	False	False	Ecoli	False	True	False	diann231	Triqler	Triqler	0.2
0.8948	0.9652	P64503	1.0	0.3311	-0.05465	0.948	0.9724	0.9932	0.9775	1.047	0.9736	1.039	IGAFEIDDGELHGESPGDR	False	False	Ecoli	False	True	False	diann231	Triqler	Triqler	0.2
0.8948	0.9652	P0AB46	3.0	1.326e-05	-0.05356	0.9652	1.009	1.037	0.8974	0.9983	1.058	1.008	IEQSPELSAK;TDSAQVAEIVAVMGNASVASR;DLKIEQSPELSAK	False	False	Ecoli	False	True	False	diann231	Triqler	Triqler	0.2
0.8949	0.9653	P0AD33	3.0	1.781e-05	-0.06548	0.9653	0.9583	1.023	0.9362	1.023	1.005	1.059	AEAEQTLAALTEK;VFANRAEAEQTLAALTEK;ITPTFTEESDGVR	False	False	Ecoli	False	True	False	diann231	Triqler	Triqler	0.2
0.8949	0.9653	P07364	2.0	0.01821	0.01244	0.9647	0.992	1.029	0.992	0.992	1.039	0.9585	AGIVLADHKR;NLTPQQLQR	False	False	Ecoli	False	True	False	diann231	Triqler	Triqler	0.2
0.895	0.9653	P39176;P0AAX8	1.0	0.000912	0.04068	0.9653	0.9717	1.068	1.015	0.9693	1.012	0.9672	LYAIHGTNANFGIGLR	False	False		False	False	False	diann231	Triqler	Triqler	0.2
0.8951	0.9653	P0ABX2	3.0	1.366e-05	0.007875	0.9653	0.9569	1.094	0.9582	1.038	0.931	1.032	LNVAASNLANADSVTGPDGQPYR;ALLNIFDIAGSALTAQSQR;VADVIESQAPDKLVYEPGNPLADAK	False	False	Ecoli	False	True	False	diann231	Triqler	Triqler	0.2
0.8951	0.9654	P19624	4.0	2.921e-05	-0.0385	0.9654	0.9429	1.081	0.9398	1.061	0.9777	1.006	GKADVGSFITALNLAIK;GVNITLGLPFIR;GVINDAGIPFTGHTEFFEER;LNGPLPADTLFQPK	False	False	Ecoli	False	True	False	diann231	Triqler	Triqler	0.2
0.8952	0.9654	P0AC78	1.0	0.09487	-0.007103	0.9618	0.9961	0.9961	0.9961	0.9961	0.9859	1.03	VGLVDKPNFR	False	False	Ecoli	False	True	False	diann231	Triqler	Triqler	0.2
0.8953	0.9654	P0ACU0	1.0	0.2	-0.02442	0.9568	1.031	0.9919	0.9371	0.9987	1.053	0.9919	LFAQPQPDR	False	False	Ecoli	False	True	False	diann231	Triqler	Triqler	0.2
0.8953	0.9655	P15082	2.0	0.004589	-0.03388	0.9653	1.009	0.9563	0.9886	0.9597	0.9707	1.126	DLVILEHAGTVIR;QAAILEYLQK	False	False	Ecoli	False	True	False	diann231	Triqler	Triqler	0.2
0.8954	0.9655	P0A898	1.0	0.000912	-0.03886	0.9655	0.9565	1.042	0.9565	1.012	0.9978	1.039	VVDTAESHSLNLTYR	False	False	Ecoli	False	True	False	diann231	Triqler	Triqler	0.2
0.8955	0.9655	P31068	1.0	0.000912	-0.01309	0.9655	0.9674	1.083	0.9445	0.9752	0.9888	1.049	VSADEGDLDASVATR	False	False	Ecoli	False	True	False	diann231	Triqler	Triqler	0.2
0.8955	0.9655	P25519	16.0	7.14e-08	-0.0377	0.9655	1.026	1.028	0.9031	1.061	0.9771	1.013	IDVADVGETVLADTVGFIR;LSGEVAQHTLR;RIDVADVGETVLADTVGFIR;TGLILDIFAQR;VIDRTGLILDIFAQR;VYAADQLFATLDPTLR;ATGASVVLFDHALSPAQER;VWLSAQTGAGIPQLFQALTER;LQVELAQLR;VYAADQLFATLDPTLRR;IKADVPTVSLVGYTNAGK;AVEIAEAVK;GWTHLER;MPIVDWR;QATLLLHVIDAADVR;THEGKLQVELAQLR	False	False	Ecoli	False	True	False	diann231	Triqler	Triqler	0.2
0.8956	0.9656	P39176	5.0	0.0001057	-0.0154	0.9656	1.001	1.044	0.9458	1.079	0.9186	1.022	YLFDNVPVGTR;KQEAPTWTPTPNTR;KVPLPVTPSLR;VQIIDQPVK;AFINGQEVDVNR	False	False	Ecoli	False	True	False	diann231	Triqler	Triqler	0.2
0.8956	0.9656	P14081	9.0	4.757e-06	-0.02535	0.9656	1.029	1.057	0.9013	1.02	0.9642	1.038	GAGLVVTGTALSGEVK;AQSDADALSVHLER;AEPLFGDEPWWVR;LFITAATEGR;LAIQILEYFDR;DALLFPEK;GAVNLADFAWAR;TTLLQAITGVNADRLPEEK;IALNIAGDAEKEQINR	False	False	Ecoli	False	True	False	diann231	Triqler	Triqler	0.2
0.8957	0.9656	P0ADV7	7.0	6.97e-07	-0.08853	0.9656	0.9452	1.03	0.9328	1.021	1.009	1.068	LKNEQPQIR;TIVDQELLPYVQVK;TKGIDGLTAQLK;YAGALVLGQYYK;GIDGLTAQLK;QNEWGTLLR;VTIIDPNGRPPVR	False	False	Ecoli	False	True	False	diann231	Triqler	Triqler	0.2
0.8958	0.9657	P0ACM2	4.0	3.487e-05	-0.06162	0.9657	0.9431	1.032	0.9598	1.025	1.059	0.9859	TVETQLNPTQPVNQQIYR;LAENGLIQIRPQR;QHLDIFSALQKR;ISMAQVR	False	False	Ecoli	False	True	False	diann231	Triqler	Triqler	0.2
0.8958	0.9658	P75792	2.0	0.008182	-0.02048	0.9655	0.9829	1.099	0.9063	1.033	1.037	0.9529	IVIGELLK;QLFHGELTR	False	False	Ecoli	False	True	False	diann231	Triqler	Triqler	0.2
0.8959	0.9658	P28630	2.0	0.01446	-0.008563	0.9653	1.046	0.9734	0.988	1.01	1.07	0.9192	AAYLLLGNDPLLLQESQDAVR;LYPEQLR	False	False	Ecoli	False	True	False	diann231	Triqler	Triqler	0.2
0.896	0.9658	P77202	1.0	0.003754	-0.008645	0.9657	1.063	1.026	0.8849	1.032	1.016	0.9887	TWQQYEASGGK	False	False	Ecoli	False	True	False	diann231	Triqler	Triqler	0.2
0.896	0.9658	P0AD21	1.0	0.3846	0.0129	0.9445	0.9945	1.075	0.9511	0.9945	0.9945	0.9945	TSLQLSIVHR	False	False	Ecoli	False	True	False	diann231	Triqler	Triqler	0.2
0.8961	0.9659	Q46893	4.0	3.171e-05	-0.0482	0.9659	0.965	1.075	0.9209	0.9743	1.017	1.056	VTRPEDLALAEFYLTR;VVIAISPGDSR;LLALSETSR;TGGILAAPVR	False	False	Ecoli	False	True	False	diann231	Triqler	Triqler	0.2
0.8961	0.9659	P02932	1.0	0.001852	0.02694	0.9659	1.06	1.008	0.9788	1.046	0.9851	0.9273	GKDIEGIGDEDLVNYIDVGATYYFNK	False	False	Ecoli	False	True	False	diann231	Triqler	Triqler	0.2
0.8962	0.9659	P06996	15.0	5.219e-08	-0.0725	0.9659	0.9637	1.043	0.9207	1.016	1.037	1.025	AETYTGGLKYDANNIYLAAQYTQTYNATR;AQNFEAVAQYQFDFGLRPSLAYLQSK;DAGINTDNIVALGLVYQF;FQDVGSFDYGR;INLLDDNQFTR;NMSTYVDYKINLLDDNQFTR;NTDFFGLVDGLNFAVQYQGK;YDANNIYLAAQYTQTYNATR;QNGDGVGGSITYDYEGFGIGGAISSSKR;QNGDGVGGSITYDYEGFGIGGAISSSK;VGSLGWANK;GNGFATYR;VAFAGLK;GNGFATYRNTDFFGLVDGLNFAVQYQGK;VDGLHYFSDNKDVDGDQTYMR	False	False	Ecoli	False	True	False	diann231	Triqler	Triqler	0.2
0.8963	0.966	P17443	11.0	7.138e-07	-0.04563	0.966	0.9987	1.053	0.8949	1.006	1.004	1.052	GSQQSVEQAYAEAGQPQHK;TDVLALPLPQQR;SGALTVSEIAAAGLPALFVPFQHK;HGIEIDFIR;AASIPDATER;ALIAAPLR;VLVVGGSQGAR;LGDSVTIWHQSGK;IIEQPQLSVDAVANTLAGWSR;SGALTVSEIAAAGLPALFVPFQHKDR;ILNQTMPQVAAK	False	False	Ecoli	False	True	False	diann231	Triqler	Triqler	0.2
0.8963	0.966	P0A7B1	14.0	4.729e-07	-0.02965	0.966	0.9879	1.071	0.9095	1.002	0.9735	1.065	LYAASSSGVPVNLLVR;NQIFLINER;LYTDYSLLTADAR;AQLAIYDYIK;ANLVNKPLPR;DMPNALVEVLR;ELSWLSFNER;VLDIIDILFSDTVK;YIDKELSNR;YHNFKDFINFPNVGK;IEVATPLLDPR;QASFDPSVLAIK;YALLEIPSDKVPR;FVNLPPEAPR	False	False	Ecoli	False	True	False	diann231	Triqler	Triqler	0.2
0.8964	0.966	P28903	16.0	1.975e-07	-0.08841	0.966	0.9356	1.028	0.9433	1.052	1.005	1.041	LDTAEFGVVPGVTDK;NNLGVISLNLPR;TAEEWNIPDAEGYANSR;DLLAGIVAK;LIQESILR;IKEAILR;GLVEQTNASLLNENANKDSK;LNADDDVSEIFK;AKGIAIVER;IALEAKGDEATFWK;IDEVLAPFVTASYNK;KTAEEWNIPDAEGYANSR;GDEATFWK;LDTAEFGVVPGVTDKGYYTNSFHLDVEK;GMLTQGFK;SFLGVWENENGEQIHDGR	False	False	Ecoli	False	True	False	diann231	Triqler	Triqler	0.2
0.8965	0.9661	P0AG48	9.0	5.592e-07	-0.07928	0.9661	0.9863	1.022	0.9084	1.017	1.009	1.064	IGVPFVDGGVIKAEVVAHGR;VSEGQTVRLEK;IGVPFVDGGVIK;MYAVFQSGGK;QQGHRQWFTDVK;YAVFQSGGK;LEKLDIATGETVEFAEVLMIANGEEVK;QWFTDVK;LDIATGETVEFAEVLMIANGEEVK	False	False	Ecoli	False	True	False	diann231	Triqler	Triqler	0.2
0.8965	0.9662	P0A843	3.0	4.168e-05	-0.06327	0.9662	0.945	1.036	0.9552	1.0	1.025	1.043	TLGGDLGAAIK;GADVDLQAEK;KGADVDLQAEK	False	False	Ecoli	False	True	False	diann231	Triqler	Triqler	0.2
0.8966	0.9662	P40719	4.0	8.821e-05	-0.0461	0.9662	1.053	0.9403	0.9572	1.016	0.9668	1.074	TGQPLLLSLLVR;LVDQLLTLSR;NLLDNAVR;SPLTALK	False	False	Ecoli	False	True	False	diann231	Triqler	Triqler	0.2
0.8966	0.9662	P0AE28	1.0	0.05877	0.01579	0.9641	0.9974	0.9974	1.019	0.9974	0.9974	0.992	NTIFLEPSR	False	False	Ecoli	False	True	False	diann231	Triqler	Triqler	0.2
0.8967	0.9662	P0ACP5	6.0	2.998e-05	-0.02538	0.9662	1.007	1.073	0.8999	0.9958	0.9965	1.036	IAAALDELGYIPNRAPDILSNATSR;AIGVLLPSLTNQVFAEVLR;FLRNPEQVSVALR;NPEQVSVALR;HIAYLGAR;IAAALDELGYIPNR	False	False	Ecoli	False	True	False	diann231	Triqler	Triqler	0.2
0.8968	0.9662	Q46857	10.0	8.605e-07	-0.07999	0.9662	0.9602	1.033	0.9225	1.017	0.9995	1.075	IQTESWSPLAQGGK;NASVNREELFITTK;TPAQIVIR;LIDETGVTPVINQIELHPLMQQR;EALLDSLK;EALLDSLKK;QLHAWNATHK;WHLDSGLVVIPK;ALEVGYR;LGPDPDQFGG	False	False	Ecoli	False	True	False	diann231	Triqler	Triqler	0.2
0.8968	0.9662	P0A9H1	4.0	8.569e-05	0.0329	0.9662	0.9791	1.036	1.015	1.051	0.952	0.9712	LVEAYRELDQALVVR;LVDRPTVQANEVSK;ELDQALVVR;VIYQAGFTDR	False	False	Ecoli	False	True	False	diann231	Triqler	Triqler	0.2
0.8969	0.9663	P11447	7.0	2.404e-06	-0.07738	0.9663	0.9565	1.034	0.9214	1.035	1.019	1.04	EAHHIVGEAVVEAIR;LAEQDIVGSVAWSK;NPDALELIR;NSLDSVSDRDHVLELLSAAAIGMVHLSR;GGVSPQQVAQAIAFAQAR;ARPQQILESDAEDIHSWVEGK;GLPLAYNK	False	False	Ecoli	False	True	False	diann231	Triqler	Triqler	0.2
0.8969	0.9663	P0AET8	2.0	0.0009233	-0.006173	0.9663	0.9559	1.07	0.9876	0.9107	1.014	1.072	SVITPEIEQK;VNGIAPGAILTDALK	False	False	Ecoli	False	True	False	diann231	Triqler	Triqler	0.2
0.897	0.9663	P0AFA7	2.0	0.0001269	-0.03884	0.9663	0.9823	1.015	0.9619	0.991	0.9593	1.096	EVLQQFDDQSR;AAGWHFGDFFLR	False	False	Ecoli	False	True	False	diann231	Triqler	Triqler	0.2
0.8971	0.9663	P34210;P09169	1.0	0.02201	-0.04372	0.9656	0.9342	0.9966	1.007	1.008	1.001	1.058	KVSQLDWK	False	False		False	False	False	diann231	Triqler	Triqler	0.2
0.8971	0.9664	P00509	27.0	6.398e-09	-0.0575	0.9664	0.9593	1.065	0.9237	1.002	1.005	1.052	AEQYLLENETTK;AEQYLLENETTKNYLGIDGIPEFGR;AIWEQELTDMR;ANYSNPPAHGASVVATILSNDALR;GLEEDAEGLR;KAEQYLLENETTK;LREEFGVYAVASGR;NYLGIDGIPEFGR;QLFVNTLQEK;RVWVSNPSWPNHK;TAQTPGGTGALR;VAADFLAK;VWVSNPSWPNHK;NFGLYNER;SVFNSAGLEVR;GWLPLFDFAYQGFAR;GANRDFSFIIK;ELIVASSYSK;INLGIGVYK;AIWEQELTDMRQR;DFSFIIK;TPVLTSVK;INLGIGVYKDETGK;QNGMFSFSGLTK;DETGKTPVLTSVK;MFENITAAPADPILGLADLFR;FENITAAPADPILGLADLFR	False	False	Ecoli	False	True	False	diann231	Triqler	Triqler	0.2
0.8972	0.9664	P22259	17.0	3.501e-08	-0.03946	0.9664	0.9854	1.058	0.9179	1.032	0.9685	1.045	EQGLNSENFVAFNLTER;FITEVAWQAHFVK;GDVAVFFGLSGTGK;GVLTNLGAVAVDTGIFTGR;LTADQTQYHFLSGFTAK;NTYASPEQWQEK;VIFLTADAFGVLPPVSR;EAEPEIYNAIR;EAEPEIYNAIRR;LFIDNFDKYTDTPAGAALVAAGPK;NTYASPEQWQEKAETLAK;EDGTIDFDDGSKTENTR;DDTTRDTFWWADK;DTFWWADK;DALLENVTVR;NDNKPLSPETWQHLK;DTFWWADKGK	False	False	Ecoli	False	True	False	diann231	Triqler	Triqler	0.2
0.8972	0.9664	P01579ups|IFNG_HUMAN_UPS	1.0	0.000912	-0.007447	0.9664	0.9943	0.9943	0.9943	0.9908	0.9935	1.034	LTNYSVTDLNVQR	False	False	Human	True	False	False	diann231	Triqler	Triqler	0.2
0.8972	0.9664	decoy_P46482	1.0	0.215	-0.02804	0.9572	0.9816	0.9973	0.9973	0.9973	1.03	0.9973	LGNQQENIWPAGTTATVVVTDK	False	False		False	False	False	diann231	Triqler	Triqler	0.2
0.8973	0.9664	P76273	3.0	9.08e-05	-0.02268	0.9664	0.9332	1.066	0.9846	1.004	0.9693	1.049	NWSPESNQEIAATQR;DKELWLFPVGIEALIGK;QAATGVGLNWDENLR	False	False	Ecoli	False	True	False	diann231	Triqler	Triqler	0.2
0.8974	0.9665	P18392	2.0	0.003749	-0.01136	0.9664	0.9455	1.023	1.029	1.002	0.9933	1.01	VLDNLLNNALR;ATLIVEDDGPGIAPENR	False	False	Ecoli	False	True	False	diann231	Triqler	Triqler	0.2
0.8974	0.9666	P21170	17.0	4.349e-08	-0.05545	0.9666	0.9687	1.054	0.9227	1.042	0.9752	1.045	AHRPIIDELQER;AVTAHHTVLVSNIIGVER;MSEIAIVLDEAERLNVVPR;NEYTVPTAPAEDAPR;SINAAFKR;VDLAQLVK;ESYGYNGDYFLVYPIK;FGLAATQVLQLVETLR;SKFGLAATQVLQLVETLR;MSEIAIVLDEAER;VIESLIHSGEPLGLEAGSK;FYVELHK;ARESYGYNGDYFLVYPIK;TLLTQFR;VYLVIEK;TLLTQFRDQVK;LALIGEK	False	False	Ecoli	False	True	False	diann231	Triqler	Triqler	0.2
0.8975	0.9666	P55957ups|BID_HUMAN_UPS	2.0	0.0004658	-0.01649	0.9666	0.9888	0.9888	0.9888	1.017	1.012	1.005	IEADSESQEDIIR;ELDALGHELPVLAPQWEGYDELQTDGNR	False	False	Human	True	False	False	diann231	Triqler	Triqler	0.2
0.8976	0.9666	P0A7M9	2.0	0.0002551	-0.05476	0.9666	0.9594	1.05	0.9227	1.007	1.028	1.039	RFNIPGSK;FNIPGSK	False	False	Ecoli	False	True	False	diann231	Triqler	Triqler	0.2
0.8976	0.9666	P37052	1.0	0.1308	0.04678	0.9616	1.009	1.043	1.004	0.99	0.9918	0.9637	ENGQWYYIDGTRPQFGR	False	False	Ecoli	False	True	False	diann231	Triqler	Triqler	0.2
0.8977	0.9666	P42616	1.0	0.03218	-0.02201	0.9655	1.001	0.9677	0.9921	1.086	0.983	0.9746	LAEAQEELKK	False	False	Ecoli	False	True	False	diann231	Triqler	Triqler	0.2
0.8977	0.9666	decoy_P16679	1.0	0.253	-0.03106	0.9553	0.9805	0.9964	0.9964	0.9964	1.035	0.9964	GSAIVGIFHDEANR	False	False		False	False	False	diann231	Triqler	Triqler	0.2
0.8977	0.9667	P23871	6.0	4.41e-06	-0.07654	0.9667	0.9853	1.031	0.914	1.032	0.9955	1.049	TGILLANLGTPDAPTPEAVKR;YADEGDDYPQR;HGEPDLLLLSYHGIPQR;SIPGISFIR;LLWWPLLR;GVILPLR	False	False	Ecoli	False	True	False	diann231	Triqler	Triqler	0.2
0.8978	0.9667	P13656	1.0	0.006443	0.02378	0.9665	1.038	1.066	0.9112	0.9742	1.019	0.9993	VFVDWTGTK	False	False	Ecoli	False	True	False	diann231	Triqler	Triqler	0.2
0.8979	0.9667	P37051	9.0	1.125e-06	-0.05225	0.9667	0.9617	1.057	0.9281	0.9833	0.9933	1.085	ANYGGLDVEIAAVIGNHDTLR;IINIHHSFLPAFIGAR;TELEGIFNDSTLLADLDSALPEGSVR;VLTPEFVAR;FPNKIINIHHSFLPAFIGAR;MADAIDAYQPDYVVLAK;VFVYGNR;HELNIVQNNEFVDHR;IVILVTK	False	False	Ecoli	False	True	False	diann231	Triqler	Triqler	0.2
0.8979	0.9667	P23845	11.0	6.661e-07	-0.01837	0.9667	0.9627	1.093	0.9319	1.025	0.9605	1.036	FIIADTPGHEQYTR;IREDYLTFAGQLPGNLDIR;YQVDINNLTQR;YQQNPVTGGLIFIDR;VLPSGVESNVAR;VKVLPSGVESNVAR;EQGITIDVAYR;LDLALLVDGLQAER;GYAGTLASGR;HFPHWGAR;QIYEDQLSSLHNDSKR	False	False	Ecoli	False	True	False	diann231	Triqler	Triqler	0.2
0.898	0.9667	P76576	7.0	1.306e-06	-0.07313	0.9667	0.9453	1.037	0.9344	1.015	1.005	1.071	AAAQLQQGLADTSDENLK;AAAQLQQGLADTSDENLKAVINLR;SASLAYQNAVTAVSEGKPDSIPAAEK;SAWEAGVK;NTYGALASLELAQQFVDKNELEK;MEIYENENDQVEAVKR;GEGWAAIVADLR	False	False	Ecoli	False	True	False	diann231	Triqler	Triqler	0.2
0.898	0.9668	P45523	17.0	2.135e-08	-0.05359	0.9668	0.9509	1.075	0.9314	1.02	0.9895	1.041	AGVPGIPPNSTLVFDVELLDVKPAPK;DSDTVVVNYK;GEPLSFRLDGVIPGWTEGLK;GTLIDGKEFDNSYTR;IKLVIPPELAYGK;LDGVIPGWTEGLK;LDKDQLIAGVQDAFADK;LSDQEIEQTLQAFEAR;SAYALGASLGR;SKLSDQEIEQTLQAFEAR;TSSTGLVYQVVEAGK;TSSTGLVYQVVEAGKGEAPK;YMENSLKEQEK;GEAPKDSDTVVVNYK;LVIPPELAYGK;DQLIAGVQDAFADK;GEPLSFR	False	False	Ecoli	False	True	False	diann231	Triqler	Triqler	0.2
0.8981	0.9668	P33225	1.0	0.007802	0.03472	0.9665	1.008	1.061	0.9879	0.9859	0.9351	1.027	GQVLAGAVVSDR	False	False	Ecoli	False	True	False	diann231	Triqler	Triqler	0.2
0.8982	0.9668	P33344	1.0	0.3119	-0.004638	0.9517	1.069	0.9335	0.993	0.993	0.993	1.023	HLFSSPVK	False	False	Ecoli	False	True	False	diann231	Triqler	Triqler	0.2
0.8982	0.9668	P76909	1.0	0.1354	-0.01371	0.9616	0.9583	1.03	0.9923	0.9756	0.9923	1.055	ALLLDEPFSR	False	False	Ecoli	False	True	False	diann231	Triqler	Triqler	0.2
0.8983	0.9668	P09211ups|GSTP1_HUMAN_UPS	2.0	0.004315	-0.01741	0.9667	0.9873	0.9873	0.9873	0.9937	1.011	1.035	PPYTVVYFPVR;ALPGQLKPFETLLSQNQGGK	False	False	Human	True	False	False	diann231	Triqler	Triqler	0.2
0.8983	0.9668	P21599	22.0	1.056e-08	-0.0607	0.9668	0.9716	1.054	0.9169	1.013	1.002	1.05	GDLGVEIGDPELVGIQK;GLPADVVPGDILLLDDGR;GVTPVHFDSANDGVAAASEAVNLLR;HRLDVQFDNVEEAIAMSAMYAANHLK;HVAILGDLQGPK;IVTTLGPATDRDNNLEK;LDVQFDNVEEAIAMSAMYAANHLK;TAALIGVDYLAVSFPR;TLNLTALYR;VFTEVTVGGPLSNNK;VIAAGANVVR;GLPADVVPGDILLLDDGRVQLK;GVTAIITMTESGR;IPSINVSK;LGGGLSAEALTEK;LGGGLSAEALTEKDK;ISSGLPIFAMSR;VFLNIGDK;VLEVQGMK;VFLNIGDKFLLDANLGK;FLLDANLGK;ADIKTAALIGVDYLAVSFPR	False	False	Ecoli	False	True	False	diann231	Triqler	Triqler	0.2
0.8984	0.9669	P0A6W9	10.0	3.962e-07	-0.04602	0.9669	0.9459	1.058	0.9478	0.9882	0.9894	1.078	EEPLEILREEDFVAER;LQINSNVLQIENELYAPIRPK;SLDINPFSPIGVDEQQVR;VAQTLDSINGGEAYQK;LSDLGYTNK;SGESPSDALLR;AFAEAYR;GGIEYIEVR;SQSNLGITFNDLYEYVAGLK;ISAGYFR	False	False	Ecoli	False	True	False	diann231	Triqler	Triqler	0.2
0.8984	0.9669	P0A6P5	18.0	5.052e-08	-0.05916	0.9669	0.9819	1.047	0.9103	1.023	0.9939	1.051	EGISDQDLSLLGFILNSGR;LGFIDFAR;TRDALVADFPGLTR;YAHAGGYNPPIVVIHGNQVK;DALVADFPGLTR;DGREYVLIDTAGVR;EYVLIDTAGVR;LAIVGRPNVGK;MVPVVALVGRPNVGK;VHFISALHGSGVGNLFESVR;SLDVMGSPIR;TDGLDPDQAVVDFYSLGLGEIYPIAASHGR;EQVKETLDFR;SLVIVVNKWDGLSQEVK;EKPTFLVANK;DLPDSYKR;DSIYIPMER;NTLTPTQMR	False	False	Ecoli	False	True	False	diann231	Triqler	Triqler	0.2
0.8985	0.9669	P0ABX5	1.0	0.000912	0.008117	0.9669	1.089	0.9835	0.9541	1.042	0.9576	0.9807	AVFEDLLYQTIR	False	False	Ecoli	False	True	False	diann231	Triqler	Triqler	0.2
0.8986	0.9669	P0A8V0	2.0	0.009813	0.006199	0.9666	0.9258	1.015	1.081	0.9699	1.008	1.007	LIITHVSSR;ISGSWTDYPLEIVEIGAGEILDDGLRK	False	False	Ecoli	False	True	False	diann231	Triqler	Triqler	0.2
0.8986	0.9669	P77488	11.0	1.344e-06	-0.09697	0.9669	0.9945	0.988	0.9186	1.009	1.043	1.053	LPVLFAIDR;SFDIAKYPTLALVDSTQELR;VFSGVPPIKELLK;YLLDSVSR;AYDQVLHDVAIQKLPVLFAIDR;GNAVGVELTPLEK;LAILNFGTLMPEAAK;AGIVGADGQTHQGAFDLSYLR;YPTLALVDSTQELR;GNAVGVELTPLEKLPIGK;SSGGLPSYSK	False	False	Ecoli	False	True	False	diann231	Triqler	Triqler	0.2
0.8987	0.967	Q46925	3.0	3.644e-05	0.008568	0.967	0.9841	1.094	0.9257	1.042	0.9444	1.02	LPDVDLLPELITPR;SDVDALVNAVDR;SLATLAEDALAK	False	False	Ecoli	False	True	False	diann231	Triqler	Triqler	0.2
0.8987	0.9671	P39160	2.0	0.0003356	-0.004264	0.9671	0.9759	1.08	0.9413	0.9358	1.024	1.052	SAIGYIVEALR;VAVLGLAQAR	False	False	Ecoli	False	True	False	diann231	Triqler	Triqler	0.2
0.8988	0.9671	P0A6G3	2.0	9.169e-05	-0.06172	0.9671	0.963	1.018	0.9488	1.029	0.9766	1.07	VITDIAGSSAWFER;GFVTYSNEAK	False	False	Ecoli	False	True	False	diann231	Triqler	Triqler	0.2
0.8989	0.9671	P19934	4.0	2.588e-05	-0.04424	0.9671	0.9193	1.047	0.9835	0.958	1.043	1.057	IPKPPSQAVYEVFK;AAAEADDIFGELSSGK;KAEAAEAAAAEAR;FYDASSYAGK	False	False	Ecoli	False	True	False	diann231	Triqler	Triqler	0.2
0.8989	0.9671	P0AFI5	2.0	0.004738	-0.04418	0.967	0.9244	1.04	0.9688	1.005	0.9847	1.085	AAASLAHHYPGGYK;FVEPTGLSVHNVSTAR	False	False	Ecoli	False	True	False	diann231	Triqler	Triqler	0.2
0.899	0.9672	P05793	14.0	2.246e-07	-0.06856	0.9672	0.9699	1.041	0.9212	1.009	1.007	1.058	ANYFNTLNLR;DGAALGYSHGFNIVEVGEQIRK;DSGLDISYALRK;TAFETAPQYEGK;DSGLDISYALR;AGVLESSFVAEVK;AYALSEQLKEIMAPLFQK;LLTWREETGK;DITVVMVAPK;LIQFGWETITEALK;AYALSEQLK;DGAALGYSHGFNIVEVGEQIR;EETGKTAFETAPQYEGK;IGEQEYFDK	False	False	Ecoli	False	True	False	diann231	Triqler	Triqler	0.2
0.899	0.9672	P0ABD3	8.0	4.069e-07	-0.0942	0.9672	0.9794	0.9927	0.9254	1.06	0.9919	1.057	EAIGYADSVHDYVSR;ILFLEGLPNLQDLGK;LLGNELVAINQYFLHAR;LNIGEDVEEMLR;MGLQNYLQAQIREEG;SDLALELDGAK;VINYLNK;MGLQNYLQAQIR	False	False	Ecoli	False	True	False	diann231	Triqler	Triqler	0.2
0.8991	0.9672	P76004	3.0	4.761e-05	0.04213	0.9672	1.049	1.058	0.962	1.007	0.9145	1.018	AIAGYGVALDLTLR;IVPLIAYMSK;KAIAGYGVALDLTLR	False	False	Ecoli	False	True	False	diann231	Triqler	Triqler	0.2
0.8991	0.9672	P42599	2.0	0.005656	0.003531	0.9671	1.004	1.018	0.9916	0.9822	0.9822	1.023	ENQVVLFEAFK;FAVIGTNWITR	False	False	Ecoli	False	True	False	diann231	Triqler	Triqler	0.2
0.8992	0.9673	P45475	5.0	2.032e-05	-0.03037	0.9673	1.062	0.9569	0.944	1.041	0.9359	1.07	QIVLSTLALVQASSELGELKR;LSPQGTDTFAMLDAFR;NQFEVEVLSYGHLPLAYSAR;VGDWLEMAK;RLAGLELQA	False	False	Ecoli	False	True	False	diann231	Triqler	Triqler	0.2
0.8993	0.9674	P32703	2.0	0.006349	0.0121	0.9672	1.063	1.057	0.8733	1.013	1.014	0.9927	LAADTEENIDNQLLTEVSSR;AELYHLR	False	False	Ecoli	False	True	False	diann231	Triqler	Triqler	0.2
0.8993	0.9674	P0AD10	3.0	4.881e-05	-0.03056	0.9674	1.034	1.028	0.9016	1.055	0.9714	1.018	AIALIELK;QILDVLDVIAPVEVR;NIDFTNHPAAADPVTMR	False	False	Ecoli	False	True	False	diann231	Triqler	Triqler	0.2
0.8994	0.9674	P62517	3.0	0.01685	-0.007811	0.9668	1.009	1.077	0.8992	1.036	0.9691	1.02	LVLLSDPVTMAR;LNPLALR;YSSWVSYYEGIK	False	False	Ecoli	False	True	False	diann231	Triqler	Triqler	0.2
0.8994	0.9674	P33136	20.0	2.321e-08	-0.05084	0.9674	0.9647	1.069	0.9233	0.9933	1.011	1.046	DEDKLHAPDNAWVQQTR;DKNDEIVSMLGASYFR;GLAIDTALPSGEEFPR;INEVTATAVKR;KLPEDTPVTAQTSIGDNGEIVESTVR;LTIYALLDSPR;RLTIYALLDSPR;VIGAGQVYGLSAR;YADYQQIQFNHDK;INEVTATAVK;AALVNADQTLSETWSYQLPANE;HLAVSSFSMENPQGFGLLQR;DLGFAGFK;SNLPSVFR;FVVMPGR;TPFKLEFYHQGMYFDTPVK;VLYPINSK;YTITFSR;AYWNNLK;LHAPDNAWVQQTR	False	False	Ecoli	False	True	False	diann231	Triqler	Triqler	0.2
0.8995	0.9674	P10100	3.0	4.94e-05	-0.06057	0.9674	0.9364	1.045	0.9561	1.042	0.9948	1.031	FEPLNATANQDYQR;IQLGPFASK;LQTEAQLQSFITTAQ	False	False	Ecoli	False	True	False	diann231	Triqler	Triqler	0.2
0.8996	0.9674	P0A9V5	1.0	0.4142	-0.03401	0.9444	0.9493	1.081	0.9458	0.9921	1.038	1.0	LIQANPALSK	False	False	Ecoli	False	True	False	diann231	Triqler	Triqler	0.2
0.8996	0.9674	P0ADB1	3.0	1.265e-05	-0.06467	0.9674	0.9728	1.019	0.9315	1.018	1.014	1.049	AQVAQIAGKPSSEVSMIHAR;DQFVQPVVK;TKDQFVQPVVK	False	False	Ecoli	False	True	False	diann231	Triqler	Triqler	0.2
0.8997	0.9675	P0ABU0	7.0	1.172e-06	-0.08764	0.9675	0.9689	1.004	0.9275	1.034	1.006	1.066	GDYGGYKDDSGVHHLNVLDFQR;QALDMGLVNTVVPLADLEKETVR;VGSFDGGWGASYMAR;YDDNIGVIILTGAGDK;NAFRPLTVK;ITINRPQVR;EMIQALADAR	False	False	Ecoli	False	True	False	diann231	Triqler	Triqler	0.2
0.8997	0.9675	P77561	4.0	1.723e-05	-0.04314	0.9675	0.983	1.065	0.9129	1.046	0.9735	1.027	ISGLSQTQIAELADAYAAAER;LQSYSDPNQVEFYTSGR;HSYILPVLGR;TSNEAAFLYQLFAR	False	False	Ecoli	False	True	False	diann231	Triqler	Triqler	0.2
0.8998	0.9675	P26602	6.0	0.0004615	-0.0253	0.9675	1.03	1.037	0.8888	0.9788	1.007	1.069	TVVPVSTLSGPELALQK;EGFVEQNEIPEELPLLPK;DFIEIGR;SHPALTQLR;YLFTSSTLTR;LSGKPLLLTELFLPASPLY	False	False	Ecoli	False	True	False	diann231	Triqler	Triqler	0.2
0.8998	0.9675	P37774	2.0	0.02871	-0.03094	0.9665	0.9748	1.004	0.9911	1.032	0.9911	1.008	SINLLEQPEAGTITVGDITIDTAR;QHVGFVFQNFNLFPHR	False	False	Ecoli	False	True	False	diann231	Triqler	Triqler	0.2
0.8999	0.9675	P15034	13.0	1.44e-07	-0.07554	0.9675	0.9834	1.017	0.9156	1.004	1.015	1.072	DLTAEIWFGR;EIYDIVLESLETSLR;LGQDAAPEKLGVDR;SDDTHNHSVLFNR;VRDLTAEIWFGR;SPEEIAVLRR;QALVEQMQPGSAALIFAAPEVTR;SPEEIAVLR;LFKSPEEIAVLR;IEDDIVITETGNENLTASVVK;IMVSGLVK;DLTAEIWFGRR;FTQAQREIYDIVLESLETSLR	False	False	Ecoli	False	True	False	diann231	Triqler	Triqler	0.2
0.9	0.9676	P51024	1.0	0.2413	0.009895	0.9573	0.9549	0.9925	1.064	1.084	0.9819	0.9319	LTLQEQLLK	False	False	Ecoli	False	True	False	diann231	Triqler	Triqler	0.2
0.9	0.9677	P16433;P77668	1.0	0.000912	-0.03643	0.9676	1.033	0.9701	0.9563	1.031	1.035	0.9779	HADILLFTGAVTR	False	False		False	False	False	diann231	Triqler	Triqler	0.2
0.9001	0.9677	P00960	9.0	1.081e-06	0.00235	0.9677	1.057	1.052	0.9009	0.995	1.01	0.9935	AAHSFNLLDAR;AVAEAYYASR;EAQQLLALENPLPLPAYER;TFQGLILTLQDYWAR;LQHYYQFQVVIKPSPDNIQELYLGSLK;LAMYIQGVDSVYDLVWSDGPLGK;ELGMDPTIHDIR;AAHSFNLLDARK;ELGPEPMAAAYVQPSR	False	False	Ecoli	False	True	False	diann231	Triqler	Triqler	0.2
0.9001	0.9677	P0A7E3	11.0	2.386e-07	-0.0665	0.9677	0.9585	1.056	0.9244	1.01	1.009	1.049	DHGEGGNLVGSALQGR;EAKDHGEGGNLVGSALQGR;KSPYFFNAGLFNTGR;QFIEFALSK;SPYFFNAGLFNTGR;VMLVDDVITAGTAIR;GRGEISAIQEVER;AYREEFGV;FGEFTLK;ESMEIIQANGATLAGVLISLDRQER;DLALLGR	False	False	Ecoli	False	True	False	diann231	Triqler	Triqler	0.2
0.9002	0.9677	P31827	1.0	0.2841	0.03894	0.9549	0.9942	1.04	1.007	0.9942	0.9942	0.9715	KNFYTLSFNQELADNFGVTAGLSR	False	False	Ecoli	False	True	False	diann231	Triqler	Triqler	0.2
0.9002	0.9678	P63279ups|UBC9_HUMAN_UPS	1.0	0.1647	-0.01099	0.9614	0.9942	0.9942	0.9942	0.9624	1.01	1.046	GTPWEGGLFK	False	False	Human	True	False	False	diann231	Triqler	Triqler	0.2
0.9003	0.9678	P39265	2.0	0.003729	0.009742	0.9677	1.034	1.031	0.9573	1.037	0.9589	0.985	VLVVGTDGIPEAR;ALDVATNVLQR	False	False	Ecoli	False	True	False	diann231	Triqler	Triqler	0.2
0.9004	0.9678	P0ABF6	7.0	5.474e-07	-0.08872	0.9678	0.9521	1.023	0.9372	1.017	1.004	1.074	EAHALRDYLPDAFGPK;TLLMDEQDHGYALTGDALSQAAIAAANR;TPLSNFNVGAIAR;ADAPLIQWDATSATLK;AVLAEKADAPLIQWDATSATLK;DYLPDAFGPK;GYDYPDIQR	False	False	Ecoli	False	True	False	diann231	Triqler	Triqler	0.2
0.9004	0.9679	P0AC53	26.0	7.282e-09	-0.07116	0.9679	0.9651	1.042	0.9221	1.038	1.002	1.037	EALETFMKETIDEGLWDTLSAR;ETVLNLLALR;FANSLFVNNWDNR;GIQALFVR;GQYTAGFAQGK;IDHYLGKETVLNLLALR;KVPGYLEEEGANK;LDLSYSETFNQTHLADAYER;SSNTETFVAIR;TPELNLFKESWQDLPQNK;WAGVPFYLR;LQPDEGVDIQVLNK;VPGYLEEEGANK;ESWQDLPQNK;TPELNLFK;ETIDEGLWDTLSAR;KLLPSLYQLEK;LQPDEGVDIQVLNKVPGLDHK;RDEVEEAWK;LLLETMR;LLPSLYQLEK;VDIDNWR;ADWDKAAYTK;EALETFMK;LGAMLDQK;TIDHVEITVAEEVGIEGR	False	False	Ecoli	False	True	False	diann231	Triqler	Triqler	0.2
0.9005	0.9679	P31551	2.0	0.02168	0.04064	0.9672	1.022	1.049	1.004	1.039	0.9142	0.9787	LGIVPDSGGVLR;YIRSGVLK	False	False	Ecoli	False	True	False	diann231	Triqler	Triqler	0.2
0.9005	0.9679	P0A8N7	7.0	1.076e-05	-0.05411	0.9679	0.9449	1.061	0.9454	1.067	0.9603	1.03	YLEIDPLSADKTQLR;EKPTFVYHFPASQASLAQISTEDHR;GLPQHPIDQNLIEALK;VAERFEVYYK;GIELANGFHELTDAR;SETASWQPSASIPNLLK;AAIMAEIR	False	False	Ecoli	False	True	False	diann231	Triqler	Triqler	0.2
0.9006	0.9679	P0AFI9	1.0	0.3226	0.01707	0.9527	0.9559	1.075	0.9943	0.9943	0.9904	0.9943	LSDFAATLPR	False	False	Ecoli	False	True	False	diann231	Triqler	Triqler	0.2
0.9006	0.968	P77757	1.0	0.14	-0.004498	0.9628	0.9969	0.9969	0.9969	1.018	0.9969	0.9941	STFIPILANIFAR	False	False	Ecoli	False	True	False	diann231	Triqler	Triqler	0.2
0.9007	0.968	P75797	4.0	6.464e-05	-0.06653	0.968	1.012	0.926	0.9841	1.038	1.021	1.023	LDSITWRPVADNNTR;FQDGTDFNAAAVK;AAQDIIWQESPWIPLVVEK;EALNYAINRPALVK	False	False	Ecoli	False	True	False	diann231	Triqler	Triqler	0.2
0.9007	0.968	P0AC28	1.0	0.01569	-0.003342	0.9675	1.079	1.007	0.9085	1.004	0.9907	1.019	LDVLITPLVAFDEYGQR	False	False	Ecoli	False	True	False	diann231	Triqler	Triqler	0.2
0.9008	0.968	P0AA10	14.0	6.489e-08	-0.102	0.968	0.9344	1.015	0.9519	1.026	1.007	1.072	AEYTPHVDTGDYIIVLNADK;AEYTPHVDTGDYIIVLNADKVAVTGNK;HKAEYTPHVDTGDYIIVLNADK;QATFEEMIAR;TDKVYYHHTGHIGGIK;TFTAKPETVK;VYYHHTGHIGGIK;RDWYVVDATGK;VYAGNEHNHAAQQPQVLDI;LKVYAGNEHNHAAQQPQVLDI;DWYVVDATGK;LATELAR;LATELARR;VIEIAVK	False	False	Ecoli	False	True	False	diann231	Triqler	Triqler	0.2
0.9009	0.968	P07395	36.0	2.167e-09	-0.04592	0.968	0.9725	1.066	0.9239	1.035	0.9784	1.031	AEANPALHPGQSAAIYLK;AEANPALHPGQSAAIYLKGER;EADLSLKR;EGETLVLLDGTEAK;FDMEIEEDLVEEVAR;FVPDTQAPLGIR;GDLESVLDLTGK;IGFVGVVHPELER;KVGVNQVVGVNLFDVYR;LDDNTIEISVTPNR;LIGHHIADEQVTDILR;LIGHHIADEQVTDILRR;LNADTLVIADHNK;LSLWTGLLATVVYNQNR;SLAISLILQDTSR;TLEEEEIAATVAK;TLLNDKGYQEVITYSFVDPK;VAVATIGAVLPGDFK;VGVNQVVGVNLFDVYR;VYGYNNIPDEPVQASLIMGTHR;IEGGIVVR;HGLHTDASHRYER;RATITLR;GYQEVITYSFVDPK;GDLESVLDLTGKLNEVEFR;FSELWLR;LNEVEFR;TLVFELEWNK;TLVFELEWNKLADR;FQASLRD;IFESGLR;IGFVGVVHPELERK;EYLKLDDNTIEISVTPNR;MKFSELWLR;ETVDFYDLK;APTPLWMK	False	False	Ecoli	False	True	False	diann231	Triqler	Triqler	0.2
0.9009	0.9681	P02925	12.0	1.219e-07	-0.07043	0.9681	0.9618	1.049	0.925	1.021	0.994	1.056	EADKLGYNLVVLDSQNNPAK;ELANVQDLTVR;ERGEGFQQAVAAHK;FNVLASQPADFDR;ILLINPTDSDAVGNAVK;LAATIAQLPDQIGAK;VIELQGIAGTSAAR;SDVMVVGFDGTPDGEK;IAGDYIAK;QATKGEVVSHIASDNVLGGK;GEVVSHIASDNVLGGK;MANQANIPVITLDR	False	False	Ecoli	False	True	False	diann231	Triqler	Triqler	0.2
0.901	0.9681	P33919	1.0	0.2832	-0.03211	0.9555	0.9782	0.9927	0.9927	0.9613	1.012	1.066	LLGLTATPFR	False	False	Ecoli	False	True	False	diann231	Triqler	Triqler	0.2
0.901	0.9681	P69407	9.0	5.158e-07	-0.08943	0.9681	0.941	1.021	0.9411	1.036	1.033	1.033	KFTPESVSR;LFAEGFLVTEIAK;LFAEGFLVTEIAKK;LGVENDIALLNYLSSVTLSPADKD;QGAPTDLPK;LDAHVLITDLSMPGDKYGDGITLIK;LSPKESEVLR;FTPESVSR;YGDGITLIK	False	False	Ecoli	False	True	False	diann231	Triqler	Triqler	0.2
0.9011	0.9682	P67095	2.0	6.146e-05	-0.06724	0.9682	0.9811	1.001	0.9414	1.054	0.9888	1.037	GEIFHFNPGSVSIPK;NALPEGYAPAK	False	False	Ecoli	False	True	False	diann231	Triqler	Triqler	0.2
0.9011	0.9682	P31455	6.0	4.965e-06	-0.008676	0.9682	0.9139	1.099	0.983	1.006	0.988	1.019	NVGVAAPFGPVNVQK;TTPTPQPGSDEINR;GGSHVHVFSPNGER;AYPGLVNVPR;VNIHTGEVEVIYR;QITFAPR	False	False	Ecoli	False	True	False	diann231	Triqler	Triqler	0.2
0.9012	0.9682	P16432	2.0	0.01997	0.006204	0.9675	1.041	0.977	1.001	0.977	0.9427	1.067	KEDFLQQSR;TGTATSSYPLEPIAVDK	False	False	Ecoli	False	True	False	diann231	Triqler	Triqler	0.2
0.9012	0.9682	P76149	2.0	0.003579	-0.003974	0.9681	0.9528	1.053	0.9991	1.012	0.9902	0.996	FIIEEGIASAFTER;IAAVTVTGSVR	False	False	Ecoli	False	True	False	diann231	Triqler	Triqler	0.2
0.9013	0.9682	P0A901	3.0	0.002179	0.0329	0.9681	1.052	1.07	0.9425	1.019	0.9309	0.9947	VSFFGPFYGGYNVIALDR;YLGTWYEIAR;AYFTGAPTR	False	False	Ecoli	False	True	False	diann231	Triqler	Triqler	0.2
0.9014	0.9682	P0A6H5	27.0	5.522e-09	-0.0654	0.9682	0.9502	1.064	0.9301	1.014	1.009	1.04	EIVSELDKHIIGQDNAK;EVDSIIRDLTDAAVK;HLDALVADEDLSR;IAEAAWQVNESTENIGAR;ILDVLIPPAK;ILTEPNASITVQYK;LANAPFIKVEATK;LLIEEEAAK;LVNPEELKQDAIDAVEQHGIVFIDEIDK;NILMIGPTGVGK;NNWGQTEQQQEPSAAR;TDHILFIASGAFQIAKPSDLIPELQGR;VELQALTTSDFER;YRAEELAEER;LANAPFIK;RLHTVLER;RSVAIALR;FTEVGYVGK;FTEVGYVGKEVDSIIR;PSDLIPELQGR;LHTVLER;TDHILFIASGAFQIAK;ALMATEGVNIEFTDSGIKR;EVDSIIR;RIAEAAWQVNESTENIGAR;VEATKFTEVGYVGK;EIVSELDK	False	False	Ecoli	False	True	False	diann231	Triqler	Triqler	0.2
0.9014	0.9682	P21345	1.0	0.2524	-0.02089	0.9575	0.9946	0.9946	0.986	0.9946	1.062	0.9703	EVLGKFDK	False	False	Ecoli	False	True	False	diann231	Triqler	Triqler	0.2
0.9015	0.9682	P25522	16.0	7.67e-08	-0.0417	0.9682	0.968	1.076	0.9206	1.03	0.9886	1.024	AFLNDKLDLAQAEAIADLIDASSEQAAR;AQLLGAWAGELLAEELR;ILTIPGLR;SALNSLQGAFSAR;SDNDTIVAQATPPGR;VNHLVEALTHLR;LAQQNLSEITGEFTSDDLLGR;LPAKLPITVVR;EAAIVTDIAGTTR;IARPGEFSER;TGEGVDVLR;AWQEIEQADR;VVIAGRPNAGK;LPITVVR;HLQALEQAAEHLQQGK;SSLLNALAGR	False	False	Ecoli	False	True	False	diann231	Triqler	Triqler	0.2
0.9015	0.9682	P39315	3.0	1.487e-05	-0.04562	0.9682	0.9937	1.033	0.9237	1.087	0.9645	1.006	TVPASQIVAIVR;LLLISSSEVGQR;VYELAGDSAWTLTQLAAELTK	False	False	Ecoli	False	True	False	diann231	Triqler	Triqler	0.2
0.9016	0.9683	P05413ups|FABPH_HUMAN_UPS	1.0	0.02038	-0.006009	0.9676	0.9952	0.9952	0.9952	0.9857	1.014	1.015	SLGVGFATR	False	False	Human	True	False	False	diann231	Triqler	Triqler	0.2
0.9016	0.9683	P0AES2	8.0	3.299e-06	-0.09814	0.9683	0.9713	0.9978	0.9336	1.03	1.012	1.061	GGVLAGEEEAESIVALAQR;TLEDAIPLVVGK;LKGGVLAGEEEAESIVALAQR;DNSGHTGVGEIPGGEK;GLQTFDLR;NVLTLVR;ITAIDTHWIWQEGNQR;YGFNDFK	False	False	Ecoli	False	True	False	diann231	Triqler	Triqler	0.2
0.9017	0.9683	P0AGG0	5.0	1.196e-05	-0.04618	0.9683	1.015	1.034	0.8978	1.057	0.987	1.017	IDLALLPFSDALSR;DLANSAIDLSDGLISDLGHIVK;DADYLIKR;ILQGQALR;SGAKPGDWIYVTGTPGDSAAGLAILQNR	False	False	Ecoli	False	True	False	diann231	Triqler	Triqler	0.2
0.9017	0.9684	P0A948	1.0	0.000912	-0.02789	0.9684	0.986	1.029	0.9469	1.013	0.967	1.062	LADYYAENR	False	False	Ecoli	False	True	False	diann231	Triqler	Triqler	0.2
0.9018	0.9685	P0AGC7	1.0	0.05877	-0.03366	0.9665	0.9956	1.022	0.9345	1.046	0.9776	1.028	ILDAGVYDEQGDLIAR	False	False	Ecoli	False	True	False	diann231	Triqler	Triqler	0.2
0.9019	0.9685	P75818	5.0	1.509e-05	-0.05095	0.9685	0.9326	1.065	0.9485	0.9925	1.001	1.068	TTLPDSAHVASASTIPNR;YLGGSVHATAGTLR;TTLPDSAHVASASTIPNRDAR;NIPLRVDLK;LATLLSDASR	False	False	Ecoli	False	True	False	diann231	Triqler	Triqler	0.2
0.9019	0.9686	P0ACE7	5.0	2.858e-06	-0.08788	0.9686	0.9516	1.013	0.9433	1.027	1.018	1.052	AEETIFSK;EIPSDIVYQDDLVTAFR;IAEQEGIAEDGYR;REIPSDIVYQDDLVTAFR;LIMNTNR	False	False	Ecoli	False	True	False	diann231	Triqler	Triqler	0.2
0.9019	0.9686	decoy_Q46953	1.0	0.3131	-0.03463	0.9543	0.9945	1.01	0.9625	0.9945	0.9945	1.046	LVEQIYGLTLNDTPFSDETLHK	False	False		False	False	False	diann231	Triqler	Triqler	0.2
0.902	0.9686	P25437	4.0	8.296e-06	-0.05953	0.9686	0.9892	1.025	0.9151	1.038	1.03	1.008	AAVAFAPGKPLEIVEIDVAPPK;VQPGDSVAVFGLGAIGLAVVQGAR;IIAIDTNPK;GLMPDGTTR	False	False	Ecoli	False	True	False	diann231	Triqler	Triqler	0.2
0.902	0.9686	P23836	12.0	1.215e-07	-0.09232	0.9686	0.9822	0.9989	0.9257	1.079	0.9913	1.03	GQGYLFELR;IQAQYPQEVITTVR;KIQAQYPQEVITTVR;LTAFEYTIMETLIR;NSGLASQVISLPPFQVDLSR;SNDVSLPILVLTAR;VLVVEDNALLR;NSGLASQVISLPPFQVDLSRR;DSLMLQLYPDAELR;ESHTIDVLMGR;RELSINDEVIK;VVSKDSLMLQLYPDAELR	False	False	Ecoli	False	True	False	diann231	Triqler	Triqler	0.2
0.9021	0.9687	P15639	13.0	1.146e-07	-0.04519	0.9687	0.9685	1.056	0.934	1.027	0.9644	1.057	AGIVEFAQALSAR;AYKTDPTSAFGGIIAFNR;EASVATATQVQGK;ELDAETAQAIISR;GVELLSTGGTAR;TDPTSAFGGIIAFNR;TLNLNFIK;QFVEVIIAPSASEEALK;ALLSVSDKAGIVEFAQALSAR;VHGGILGR;VNGGLLVQDR;ALLSVSDK;DLGMVGAEELR	False	False	Ecoli	False	True	False	diann231	Triqler	Triqler	0.2
0.9021	0.9687	P0A6E1	1.0	0.1647	-0.006666	0.9625	0.9962	0.9962	0.9962	1.026	0.9896	0.9962	ETAALEAVTAPSTVIATGGGIILTEFNR	False	False	Ecoli	False	True	False	diann231	Triqler	Triqler	0.2
0.9022	0.9687	P75914	7.0	2.349e-06	-0.06659	0.9687	0.9653	1.046	0.9191	1.015	0.9967	1.065	HQVALEINNSSFLHSR;LLNFLESR;VVDGVGILR;ILDAVDFPPER;ATNTQAMIATIASGNVHIISHPGNPK;ILNVSPR;RLLNFLESR	False	False	Ecoli	False	True	False	diann231	Triqler	Triqler	0.2
0.9022	0.9687	P52644	2.0	0.0003571	0.009041	0.9687	1.058	1.028	0.9224	1.002	0.9456	1.052	IAVTPEQLQHHR;EGAQVDLTANQLTLATAK	False	False	Ecoli	False	True	False	diann231	Triqler	Triqler	0.2
0.9023	0.9687	P50466;P02942;P07017;P07018	1.0	0.000912	-0.03386	0.9687	0.9706	1.035	0.9526	0.9905	1.007	1.048	GFAVVAGEVR	False	False		False	False	False	diann231	Triqler	Triqler	0.2
0.9023	0.9688	P0AEB2;P08506	1.0	0.000912	-0.03425	0.9688	1.011	1.013	0.9227	1.044	0.9881	1.026	LLTWGFR	False	False		False	False	False	diann231	Triqler	Triqler	0.2
0.9024	0.9688	P0ACC7	13.0	7.261e-08	-0.06774	0.9688	0.9387	1.035	0.9518	1.024	0.9853	1.071	DAKPQGGIGLLTVK;EIVAVHPQR;GATIAAGTTVTR;LDDPTGYGR;LLLAGVMLR;LSEVEGVNNR;LTNNNAQGEYYITDIIALAYQEGR;NVGENALAISR;TIIGDDVFVGSDTQLVAPVTVGK;VTGIVEHKDATDEQR;VLHTLAGK;LLLAGVMLRDPAR;LRPGAELLEGAHVGNFVEMK	False	False	Ecoli	False	True	False	diann231	Triqler	Triqler	0.2
0.9025	0.9688	P0AB12	1.0	0.609	-0.04478	0.9203	0.993	0.9434	0.993	1.09	0.993	0.993	VVSVETAQAAR	False	False	Ecoli	False	True	False	diann231	Triqler	Triqler	0.2
0.9025	0.9689	decoy_P24082	1.0	0.3771	0.04312	0.95	1.036	0.9949	1.014	0.9662	0.9949	0.9949	SVDFAEAVSQLAALAAAGKDVAALNGVDNR	False	False		False	False	False	diann231	Triqler	Triqler	0.2
0.9025	0.9689	P24554	5.0	3.453e-05	0.05523	0.9689	1.032	1.071	0.9593	1.013	0.9502	0.9796	VLGGGVVPGSAILIGGNPGAGK;LSDISLEELPR;KLSDALSVFDDL;FSTGFKEFDR;AIVPAANVPK	False	False	Ecoli	False	True	False	diann231	Triqler	Triqler	0.2
0.9026	0.9689	P61316	11.0	1.263e-07	-0.08133	0.9689	0.9559	1.035	0.9287	1.03	1.007	1.049	DATGNTPFMLIAR;DGTIHQFSAVEQDDQR;FTFTPPQGVTVDDQR;FTFTPPQGVTVDDQRK;LDKVSSFHASFTQK;NQSSDWQQYNIK;VSSFHASFTQK;VTDGSGAAVQEGQGDLWVK;QFTINVGR;RPNLFNWHMTQPDESILVSDGK;TLWFYNPFVEQATATWLK	False	False	Ecoli	False	True	False	diann231	Triqler	Triqler	0.2
0.9026	0.969	P39099	15.0	1.131e-07	-0.05867	0.969	0.9594	1.055	0.9296	1.011	0.9911	1.061	GAFVSEVLPGSGSAK;GYVLTNNHVINQAQK;ISIQLNDGREFDAK;LTQIAIADSDKLR;SGLNLEGLENFIQTDASINR;TLAQQLIDFGEIKR;VLAAKPAIIALQIVR;GNESIYLLMR;VLPAVVSVR;IPEEFKK;LIGSDDQSDIALLQIQNPSK;AGDIITSLNGKPLNSFAELR;AFNLDVQR;ISIQLNDGR;VGDFAVAVGNPFGLGQTATSGIVSALGR	False	False	Ecoli	False	True	False	diann231	Triqler	Triqler	0.2
0.9027	0.969	P01375ups|TNFA_HUMAN_UPS	2.0	0.0008551	-0.01455	0.969	0.989	0.989	0.989	1.012	1.013	1.008	VNLLSAIK;ANALLANGVELR	False	False	Human	True	False	False	diann231	Triqler	Triqler	0.2
0.9027	0.9691	P43533	2.0	0.0002506	-0.02142	0.9691	1.038	1.025	0.8934	1.035	0.9886	1.028	SSLLATLDYLEQLR;SSLLATLDYLEQLRR	False	False	Ecoli	False	True	False	diann231	Triqler	Triqler	0.2
0.9028	0.9691	P0AE78	3.0	0.0001953	0.02208	0.9691	0.9702	1.116	0.9565	0.9824	0.9746	1.009	NRDELLALIR;DLLPFMR;GETIDIDGYQFK	False	False	Ecoli	False	True	False	diann231	Triqler	Triqler	0.2
0.9028	0.9692	P0AEC0	2.0	0.0004989	0.02401	0.9692	1.059	1.007	0.9566	1.002	1.034	0.9467	GELDEIIGIVR;HQSTLPLR	False	False	Ecoli	False	True	False	diann231	Triqler	Triqler	0.2
0.9029	0.9692	P0AC62	4.0	4.319e-06	-0.05578	0.9692	0.9621	1.051	0.9213	1.017	0.988	1.069	ANVEIYTK;GGLDPLLK;GVSFQELPIDGNAAK;GVSFQELPIDGNAAKR	False	False	Ecoli	False	True	False	diann231	Triqler	Triqler	0.2
0.9029	0.9692	P0A6A3	15.0	3.588e-08	-0.1291	0.9692	0.9643	0.9652	0.9358	1.059	1.036	1.047	DAASFAPLHNPAHLIGIEEALK;EGTRPAVVIPTNEELVIAQDASR;LDAVVFTGGIGENAAMVR;LGVLGFEVDHER;NVAVFDTAFHQTMPEESYLYALPYNLYK;RYGAHGTSHFYVTQEAAK;SGDIDPAIIFHLHDTLGMSVDAINK;SGDIDPAIIFHLHDTLGMSVDAINKLLTK;YGAHGTSHFYVTQEAAK;YIGAYTALMDGR;YTSSVVIDESVIQGIK;YVEDNYATKEDAK;SFPQLKDK;DKNVAVFDTAFHQTMPEESYLYALPYNLYK;YIGAYTALMDGRLDAVVFTGGIGENAAMVR	False	False	Ecoli	False	True	False	diann231	Triqler	Triqler	0.2
0.903	0.9693	P45795	1.0	0.000912	-0.01909	0.9692	1.05	1.001	0.9171	1.033	1.031	0.9741	FTGDTPEQWLASFR	False	False	Ecoli	False	True	False	diann231	Triqler	Triqler	0.2
0.903	0.9693	P28305	3.0	0.001442	0.03315	0.9692	1.002	1.074	0.96	0.9444	0.9775	1.048	GYSTLNSGPATR;ILSVTAYPAHYDR;VSLLSAHIQR	False	False	Ecoli	False	True	False	diann231	Triqler	Triqler	0.2
0.9031	0.9693	P0A9M0	33.0	2.068e-09	-0.06651	0.9693	0.9779	1.042	0.9149	1.023	1.009	1.039	DIHVHVPEGATPK;DLEEIPDNVIADLDIHPVK;DLEEIPDNVIADLDIHPVKR;DVVVYPHMVIPLFVGR;GQVLPIGGLK;HIEINGDNLHDYLGVQR;IEIPVLPLR;IEIPVLPLRDVVVYPHMVIPLFVGR;ILEYLAVQSR;IPPEVLTSLNSIDDPAR;KGELTVDDSAIIGIIR;LGINPDFYEKR;LSGYTEDEKLNIAK;QAQEILDTDHYGLER;SERIEIPVLPLR;TAISQFEGYIK;VGVKNPLFLLDEIDK;AEYLESPTIDEREQEVLVR;GELTVDDSAIIGIIR;ISALSDNGEHFSAK;LADTIAAHMPLK;NPLFLLDEIDK;TVLIPFENKR;AEYLESPTIDER;LGINPDFYEK;TSLGQSIAK;GKLTYTGSLGEVMQESIQAALTVVR;GYIDWMVQVPWNAR;GQVLPIGGLKEK;VLVEGLQR;KIPPEVLTSLNSIDDPAR;IEEVLTLALQNEPSGMQVVTAK;ADVAMTGEITLR	False	False	Ecoli	False	True	False	diann231	Triqler	Triqler	0.2
0.9031	0.9694	P0A884	8.0	6.305e-07	-0.05582	0.9694	1.004	1.035	0.9041	1.039	1.001	1.024	FNLQDGFPLVTTK;FNLQDGFPLVTTKR;AWPTPDGR;HIDQITTVLNQLK;FEDFEIEGYDPHPGIK;TGTGTLSIFGHQMR;HIDQITTVLNQLKNDPDSR;IIVSAWNVGELDK	False	False	Ecoli	False	True	False	diann231	Triqler	Triqler	0.2
0.9032	0.9694	P37349	7.0	6.189e-07	-0.06018	0.9694	0.9873	1.046	0.8992	1.032	1.004	1.039	ELSQQYQQLDDEYLQAR;QLAEDNFGETEEVAPPTLRPVPPVSGK;VNLVIVSHSSR;YIDVDDLLHR;LIAKGPEAEEALIAFR;LGEGVGELAR;GPEAEEALIAFR	False	False	Ecoli	False	True	False	diann231	Triqler	Triqler	0.2
0.9033	0.9695	P0A937	1.0	0.000912	-0.03248	0.9694	0.9453	1.048	0.9703	1.014	1.024	1.003	VVYRPDINQGNYLTANDVSK	False	False	Ecoli	False	True	False	diann231	Triqler	Triqler	0.2
0.9033	0.9695	P0A993	14.0	6.628e-08	-0.04668	0.9695	0.9658	1.068	0.928	1.028	0.9766	1.04	AGLVDILGASGAENVQGEVQQK;DINKAGLVDILGASGAENVQGEVQQK;GGIYLYPSTASHPDGK;ILDIIPETLHQR;QHEFSHATGELTALLSAIK;RVTPVGTPVTEEDFLQPGNK;VTPVGTPVTEEDFLQPGNK;YIGSLVADFHR;LDLFANEK;TLGEFIVEK;SFFVGNDHMVEDVER;FIREFPDA;TYSINEGNYIK;AGLVDILGASGAENVQGEVQQKLDLFANEK	False	False	Ecoli	False	True	False	diann231	Triqler	Triqler	0.2
0.9034	0.9695	P0C0V0	14.0	7.396e-08	-0.07139	0.9695	0.9509	1.053	0.9319	1.025	1.002	1.044	GAFVSQVLPNSSAAK;KGDVIIGANQQAVK;NLTSQMVEYGQVK;SDIALIQIQNPK;SGLNAENYENFIQTDAAINR;VGDYTVAIGNPFGLGETVTSGIVSALGR;VMPSVVSINVEGSTTVNTPR;AGDVITSLNGKPISSFAALR;AQVGTMPVGSK;TGTPAAQIGLK;GKDQGVVVNNVK;VLDSKPSVLALNIQR;NLTSQMVEYGQVKR;LTLGLLR	False	False	Ecoli	False	True	False	diann231	Triqler	Triqler	0.2
0.9034	0.9695	P0A8J8	15.0	6.967e-08	-0.07421	0.9695	0.947	1.026	0.9512	1.052	0.9708	1.06	ELAVQIHADAEPLAEATGLK;IKEELFYPSNEEK;LGLAYGGDGYDK;LLQTLIEEEWPDR;VGLLTGDVAQK;VLESGVDILIGTTGR;YNPDALMTDLPKPLR;GDLDILVATDVAAR;ILDEFTRGDLDILVATDVAAR;LNMLFSATLSYR;AIIFANTK;FSDFALHPK;ALIMAPTR;TMAFLTSTFHYLLSHPAIADR;ILDEFTR	False	False	Ecoli	False	True	False	diann231	Triqler	Triqler	0.2
0.9035	0.9695	P31142	12.0	5.92e-08	-0.06418	0.9695	0.993	1.021	0.9142	1.049	0.976	1.054	ADLPVEPVK;EGELKTTDELDAIFFGR;ELGVNQDKHLIVYDEGNLFSAPR;FNAEVDEPRPGLR;GHIPGALNVPWTELVR;HLIVYDEGNLFSAPR;LYDGAWSEWGAR;RGHIPGALNVPWTELVR;TTDELDAIFFGR;VSILGGGLAGWQR;VTDVLLASHENTAQIIDAR;DDLLLEEGAVELPEGEFNAAFNPEAVVK	False	False	Ecoli	False	True	False	diann231	Triqler	Triqler	0.2
0.9035	0.9696	P03023	2.0	0.008259	-0.00893	0.9693	0.9668	1.03	0.9794	1.073	1.012	0.944	GNQLLPVSLVK;LLGQTSVDR	False	False	Ecoli	False	True	False	diann231	Triqler	Triqler	0.2
0.9036	0.9696	P76053	2.0	0.004318	0.01895	0.9694	0.99	1.059	0.9466	0.9544	0.9654	1.094	SGKYPQQASLNLLR;NVLIIHGK	False	False	Ecoli	False	True	False	diann231	Triqler	Triqler	0.2
0.9036	0.9696	P60720	2.0	0.008628	0.006033	0.9693	1.018	1.084	0.9544	0.9059	1.02	1.027	ADAPGVYVGEK;GGQVTYHGPGQQVMYVLLNLKR	False	False	Ecoli	False	True	False	diann231	Triqler	Triqler	0.2
0.9037	0.9696	P0AFM6	5.0	5.096e-06	-0.07892	0.9696	0.9913	0.9979	0.9302	1.051	0.9911	1.044	FADIVNANINALLEK;SLDDQFAELKADDAISEQLAQLK;SLEHEVTLVDDTLAR;FADIVNANINALLEKAEDPQK;RIDQMEAEAESHSFGK	False	False	Ecoli	False	True	False	diann231	Triqler	Triqler	0.2
0.9037	0.9696	P76015	7.0	1.273e-06	-0.03654	0.9696	1.01	1.049	0.8963	1.022	1.017	1.013	AHPSLTLHQDPVYVTR;GVANTVLIEK;LINDVQDVLDEQLAGLAK;VIALVNNLGATPLSELYGVYNR;NYTGDILNFETATELLHDSGVK;RGVANTVLIEK;QPLQSGDRVIALVNNLGATPLSELYGVYNR	False	False	Ecoli	False	True	False	diann231	Triqler	Triqler	0.2
0.9038	0.9696	P0AAS0	3.0	0.000151	-0.03269	0.9696	1.052	0.9999	0.896	1.061	1.001	0.9993	KGELSFYDIFTLAR;LLTETIESLNTR;FSISFIR	False	False	Ecoli	False	True	False	diann231	Triqler	Triqler	0.2
0.9038	0.9697	P42597	1.0	0.215	0.002762	0.9614	0.9827	1.026	0.998	0.998	0.998	0.998	NALGLHTAVSR	False	False	Ecoli	False	True	False	diann231	Triqler	Triqler	0.2
0.9039	0.9697	P0A6Y1	3.0	1.276e-05	-0.02782	0.9697	0.9103	1.047	1.015	0.9406	1.042	1.055	LATQQSHIPAK;YVPHFKPGK;GFGSFSLHYR	False	False	Ecoli	False	True	False	diann231	Triqler	Triqler	0.2
0.9039	0.9697	P0A821	12.0	7.282e-07	-0.04786	0.9697	0.9433	1.054	0.9518	1.025	0.9673	1.066	EAQSALRPVINLTGTVLHTNLGR;SLYSQLPAIDR;SPVTLEYDLDDAGR;SAEVIQIQAQR;DSSFLSLR;WRELPVPVIGR;GELVEIGGAFR;GSHLESLAAR;AIDEAELVALGK;VHTSNYSIQGFTK;MTLAALEATLR;ELPVPVIGR	False	False	Ecoli	False	True	False	diann231	Triqler	Triqler	0.2
0.904	0.9698	P0ABT2	18.0	1.755e-08	-0.05422	0.9698	0.9753	1.05	0.9221	1.021	0.9843	1.054	AIGEAKDDDTADILTAASR;AVQLGGVALGTTQVINSK;DDDTADILTAASR;DLDKFLWFIESNIE;ELADRYAIVANDVR;GANFIAVHEMLDGFR;KATVELLNR;QVIQFIDLSLITK;SKATNLLYTR;SYPLDIHNVQDHLK;SYPLDIHNVQDHLKELADR;TALIDHLDTMAER;YAIVANDVR;YAIVANDVRK;ATNLLYTR;ATVELLNR;QAHWNMR;QAHWNMRGANFIAVHEMLDGFR	False	False	Ecoli	False	True	False	diann231	Triqler	Triqler	0.2
0.904	0.9698	P0A731	1.0	0.000912	-0.0474	0.9697	0.9785	1.004	0.9636	1.016	1.004	1.036	HQPLLEQHVLYATGTTGNLISR	False	False	Ecoli	False	True	False	diann231	Triqler	Triqler	0.2
0.9041	0.9698	P0ADE6	5.0	3.067e-05	-0.07105	0.9698	0.9432	1.026	0.9561	1.016	1.03	1.033	TATPATASQFYTVK;ATVTGDGLSQEAK;GLFNFVK;TGIPDADKVNIQIADGK;ILVAVGNISGIASVDDQVK	False	False	Ecoli	False	True	False	diann231	Triqler	Triqler	0.2
0.9041	0.9698	P08997	1.0	0.001408	-0.02452	0.9697	0.9712	1.059	0.9444	0.9972	1.001	1.032	VIASELGEER	False	False	Ecoli	False	True	False	diann231	Triqler	Triqler	0.2
0.9042	0.9698	P0AFF2	3.0	5.197e-05	0.004433	0.9698	0.9973	1.099	0.9185	0.9993	0.9867	1.007	GLNEEQGNVVSR;IASTLSPR;LVSNEFVAMMDLQK	False	False	Ecoli	False	True	False	diann231	Triqler	Triqler	0.2
0.9043	0.9698	P0ACL2	5.0	3.319e-05	0.002916	0.9698	0.8924	1.083	1.029	0.9839	1.033	0.989	IEQGVYLVGDKLPAER;GSGIHVVSNQPR;KGSGIHVVSNQPR;FIADEKNVSR;QLIESNIAEFAATQVTK	False	False	Ecoli	False	True	False	diann231	Triqler	Triqler	0.2
0.9043	0.9698	P15038	4.0	0.0003415	-0.06245	0.9698	0.969	1.01	0.9627	1.0	1.03	1.031	GEASPEQILLLAFGR;NLDVPVAR;QVESSPLNPAQAR;AGWLLAR	False	False	Ecoli	False	True	False	diann231	Triqler	Triqler	0.2
0.9044	0.9698	P0A7I0	9.0	1.262e-06	-0.0556	0.9698	0.9965	1.041	0.9077	1.049	1.018	0.9949	AGTGGDEAALFAGDLFR;EYAQLSDVSR;LEALHERHEEVQALLGDAQTIADQER;HEEVQALLGDAQTIADQER;INLTLYR;TYNFPQGR;NAFLEVR;SSGAGGQHVNTTDSAIR;ALSVLGAR	False	False	Ecoli	False	True	False	diann231	Triqler	Triqler	0.2
0.9044	0.9699	P77279	3.0	5.235e-05	-0.05547	0.9699	1.01	1.023	0.8902	1.045	1.023	1.017	ILNNINFSLR;NIAELSGGEK;IVASLISPTSGTLLFEGEDVSTLKPEIYR	False	False	Ecoli	False	True	False	diann231	Triqler	Triqler	0.2
0.9045	0.9699	P75713	2.0	0.02319	0.00503	0.9692	1.051	0.9611	0.9864	0.9964	1.021	0.9864	HGNFALLTPDGLVK;GEAFSYIYSK	False	False	Ecoli	False	True	False	diann231	Triqler	Triqler	0.2
0.9045	0.9699	P77475	2.0	0.0003834	-0.04987	0.9699	0.9843	1.03	0.9251	1.033	0.9991	1.033	IAQAIIELNQADLDPHALAR;YAGLIFDMDGTILDTEPTHR	False	False	Ecoli	False	True	False	diann231	Triqler	Triqler	0.2
0.9046	0.9699	P00562	19.0	5.965e-08	-0.0581	0.9699	0.9716	1.048	0.9178	1.034	0.9919	1.043	AQVRPLAVGVHNDR;LAAPVLHAR;LVVTGFISR;TGFEFVLAGVVDSR;TLQPVSGSEIDLQLR;ILDEAGLPGELR;IGLVLFGK;DVTAGAIQSDINR;WYRDNPLVIR;WLELFAR;KLVILAR;TGFEFVLAGVVDSRR;LDEASELAR;AAQPQVDEGLSYPLLQQLLVQHPGKR;LAALLDSGINDAVYAEVVGHGEVWSAR;TGPTESLIQGLHQSVFR;DNPLVIR;EMGLVLR;SLLSYDGLDASR	False	False	Ecoli	False	True	False	diann231	Triqler	Triqler	0.2
0.9046	0.9699	P0AC30	9.0	1.489e-06	-0.04979	0.9699	0.9672	1.057	0.9195	0.9849	1.042	1.037	LDFQGTESLNTLR;ITQINGIDEVR;KTNVFNEQVR;LDFQGTESLNTLRDR;LAALTGLVGR;TNVFNEQVR;TLDDDAAAGVVAQLQAEQGVEK;EDALGEFR;NVNQAATQYYPSPQITVYLQK	False	False	Ecoli	False	True	False	diann231	Triqler	Triqler	0.2
0.9047	0.97	P0ACK5	3.0	0.002493	-0.02615	0.97	0.9726	1.055	0.943	0.9932	1.053	0.9873	DLNNHSAPVVLLGGYIVLEPR;IGQLLQELKR;IGQLLQELK	False	False	Ecoli	False	True	False	diann231	Triqler	Triqler	0.2
0.9047	0.9701	P0A7L3	7.0	9.926e-07	0.08872	0.9701	1.035	1.084	0.9812	0.9796	0.9608	0.9656	FINGLKK;ILADIAVFDK;ILADIAVFDKVAFTALVEK;KILADIAVFDK;VAFTALVEK;VAFQAVIK;QFRQLWIAR	False	False	Ecoli	False	True	False	diann231	Triqler	Triqler	0.2
0.9048	0.9702	P07658	12.0	7.152e-07	-0.0133	0.9702	0.9919	0.9977	1.002	1.065	0.9051	1.046	AAEQYVIDEYNK;LGIEDEALVWVHSR;TDWQIISEIATR;YGPDAIQTTGSSR;IVEGYTPESVEDITGVSASEIR;GGKLEPVSWDEALNYVAER;GYYGWDFINDTQILTPR;TASAADVILPSTSWGEHEGVFTAADR;AWGVESLPAHTGYR;TEGFEEYRK;RLGIEDEALVWVHSR;WDLKTDWQIISEIATR	False	False	Ecoli	False	True	False	diann231	Triqler	Triqler	0.2
0.9048	0.9702	P63883	9.0	1.817e-06	0.02485	0.9702	1.024	1.088	0.9069	1.014	0.9581	1.019	NEDIFIPLQVR;YLAQTQNASDLIGGVSK;TATFQQEVAESILAGIK;VGQFDPQTVR;APDIPSILVETAFISNVEEER;VVVDIEDVNLNSVLK;QPSGSSVFALSTK;EKDVVLQIAR;QNVKPQLFALAPVAGFK	False	False	Ecoli	False	True	False	diann231	Triqler	Triqler	0.2
0.9049	0.9703	P64548	1.0	0.008837	0.001696	0.97	1.032	1.051	0.8973	0.9778	1.036	1.014	FAVNLDALSR	False	False	Ecoli	False	True	False	diann231	Triqler	Triqler	0.2
0.9049	0.9704	P0A7K2	13.0	8.152e-08	0.067	0.9704	0.9974	1.092	0.9929	0.9343	0.9689	1.021	ALEEAGAEVEVK;DLVESAPAALK;DLVESAPAALKEGVSK;EAKDLVESAPAALK;EGVSKDDAEALK;KALEEAGAEVEVK;TEFDVILK;AAGANKVAVIK;GATGLGLKEAK;MSITKDQIIEAVAAMSVMDVVELISAMEEK;GATGLGLK;FGVSAAAAVAVAAGPVEAAEEK;VAVIKAVR	False	False	Ecoli	False	True	False	diann231	Triqler	Triqler	0.2
0.905	0.9704	Q46800	1.0	0.2137	0.01957	0.9623	0.9968	1.023	0.9968	0.9968	0.9902	0.9968	GITLAEDGSLR	False	False	Ecoli	False	True	False	diann231	Triqler	Triqler	0.2
0.905	0.9704	P39387	1.0	0.2279	0.001218	0.9617	0.999	0.9799	1.025	0.999	0.999	0.999	QPLPERER	False	False	Ecoli	False	True	False	diann231	Triqler	Triqler	0.2
0.9051	0.9704	P75838	12.0	1.833e-07	-0.04889	0.9704	1.017	1.017	0.9107	1.05	0.9659	1.047	AALASALGEYFER;ELLGLATGSDNGWYTLR;IIAESISLPEIPADVLAR;KAALASALGEYFER;TQTFIPGKDAALEDSIAR;VRELLGLATGSDNGWYTLR;VQGLSEVFER;AFYDPENELTGSMLIDLQSGNEDR;WFPLTENDDVPEGLLDDRLR;DAALEDSIAR;TVTELLQGR;WFPLTENDDVPEGLLDDR	False	False	Ecoli	False	True	False	diann231	Triqler	Triqler	0.2
0.9051	0.9704	P76192	9.0	1.988e-06	-0.01327	0.9704	0.9789	1.079	0.9432	1.008	0.9291	1.071	VGELSHLADGSYAIAER;VNLTTGNITLEDSSK;SVFDLGPAAEK;NYRGDLALEAK;WNLGEEYWGYAK;FAGYDVIIIEGK;LGLEDIAADLAAHNLLPA;VNITSLSTFTK;ADFLWGK	False	False	Ecoli	False	True	False	diann231	Triqler	Triqler	0.2
0.9052	0.9704	P0A6Q3	9.0	4.525e-07	-0.08124	0.9704	0.9588	1.032	0.9265	1.021	1.021	1.047	ESYTKEDLLASGR;FTGQVLPTAK;LIMGLADGEVLVDGR;RLIMGLADGEVLVDGR;ALGVGEVK;VGLFQDTSAF;EDLLASGRGELFGAK;FTGQVLPTAKK;GELFGAK	False	False	Ecoli	False	True	False	diann231	Triqler	Triqler	0.2
0.9052	0.9705	P63389	15.0	2.939e-07	-0.05683	0.9705	0.939	1.062	0.9445	1.004	1.001	1.057	LDAIDAWSIR;LLAGELAPVSGEIGLAK;LAQQQAMYESQQER;VLLDNATATINPGQK;APESLPNPLLK;LGDSELYDQSR;STTDDLYLVHDR;AASLLHGLGFSNEQLERPVSDFSGGWR;STLLALLK;LNAQLAQAEEK;ADESPIQHLAR;IILDSIK;VAHLQSYIDR;LGYFAQHQLEYLR;MELIAPAHVDNPFR	False	False	Ecoli	False	True	False	diann231	Triqler	Triqler	0.2
0.9053	0.9705	P0A8A2	8.0	4.566e-07	-0.05874	0.9705	0.9223	1.05	0.9642	0.9972	1.018	1.055	DVTEEEGNIVIYTEPTDLHK;GGGDETFVQGR;QGEPDPELNTSLK;YEGFGPNGSMIIAETLTSNVNR;AKGGGDETFVQGR;FGVEIYAAAK;WANIVAK;VYHNVANL	False	False	Ecoli	False	True	False	diann231	Triqler	Triqler	0.2
0.9053	0.9705	P0A9J6	4.0	2.484e-05	-0.0205	0.9705	1.011	1.063	0.8984	1.001	0.9704	1.066	TIVALNPAPAR;TVLITLGSR;FAHAAAAIAVTR;GAQPSVPWREEIDAFLDR	False	False	Ecoli	False	True	False	diann231	Triqler	Triqler	0.2
0.9054	0.9705	P0A734	10.0	2.588e-07	0.0105	0.9705	1.016	1.089	0.9125	0.9994	0.99	1.001	ALLDFFLSR;DGDISILELNVTLPEAEELK;RSDAEPHYLPQLR;LQIIVAERR;SDAEPHYLPQLRK;ALLDFFLSRK;YVQIDPEMVTVQLEQK;SDAEPHYLPQLR;ERLQIIVAER;LQIIVAER	False	False	Ecoli	False	True	False	diann231	Triqler	Triqler	0.2
0.9054	0.9705	P0AE91	6.0	4.945e-06	-0.07671	0.9705	0.964	1.034	0.9245	1.037	1.003	1.044	IVVEAFDDPDVK;NAISAVPVMPWRQ;NALAYLAYSDKVVEGSPK;NALAYLAYSDK;NAISAVPVMPWR;AQGEVVFK	False	False	Ecoli	False	True	False	diann231	Triqler	Triqler	0.2
0.9055	0.9705	P0A7E9	7.0	1.924e-06	-0.07211	0.9705	0.9968	0.9857	0.941	1.058	0.9736	1.05	VFNMNKPGALR;VMDLAAFTLAR;LSGEALQGTEGFGIDASILDR;GIEIEADVVLK;DHKLPIR;VDGVFTADPAKDPTATMYEQLTYSEVLEK;EGTLITE	False	False	Ecoli	False	True	False	diann231	Triqler	Triqler	0.2
0.9055	0.9706	P0AFX9	6.0	2.594e-06	0.01825	0.9706	1.027	1.053	0.9532	1.052	0.8949	1.031	ANLPPLLSVPVGEK;LYSDGLFSFSVNVNR;VDLLDRDGETLEQFR;LSPYYDFISVGR;ATPSSTDQMLR;FSWTPTWLPQGFSEVSSSR	False	False	Ecoli	False	True	False	diann231	Triqler	Triqler	0.2
0.9056	0.9706	P39384	3.0	0.000232	0.06375	0.9706	1.047	1.045	0.9713	0.9993	0.9707	0.9696	SLVTDLPAIFDQFSEAR;FDKEALINELDAMTAR;VVYGATFR	False	False	Ecoli	False	True	False	diann231	Triqler	Triqler	0.2
0.9056	0.9706	P0A6X3	2.0	0.0003837	0.006819	0.9706	1.041	1.028	0.9424	1.02	0.9207	1.056	ERVPVSIYLVNGIK;AKGQSLQDPFLNALR	False	False	Ecoli	False	True	False	diann231	Triqler	Triqler	0.2
0.9057	0.9706	P0A8D3	3.0	3.942e-05	-0.0444	0.9706	1.002	1.048	0.8823	1.026	1.003	1.049	ASGIQTGGPDSLSQR;VAAGFDVADNEIVR;DFMDTLR	False	False	Ecoli	False	True	False	diann231	Triqler	Triqler	0.2
0.9057	0.9706	P27298	32.0	2.303e-09	-0.05857	0.9706	0.974	1.048	0.9216	1.033	0.9913	1.038	AEFGVDELQPWDIAYYSEK;AVNGLFEVVK;DFELSGIGLPK;DLRDGDHYATLNTAQK;EAYEQTLPLLSEYSTWVGQHEGLYK;ETGQSFLDNILSR;FFELYDENNELR;GSFYLDLYAR;IFSPVSHLNSVK;ILPEHVVPAVTK;KDVDVWHPDVR;LHAEFRPDQGAK;LSELGNQYSNNVLDATMGWTK;LVTDEAELAGMPESALAAAK;MAENPQQVLDFLTDLAK;MAENPQQVLDFLTDLAKR;NYQAALFILR;QLEFGLFDFR;TNPLLTPFELPPFSK;AVDNALRDFELSGIGLPK;DVDVWHPDVR;FEEEGIFNR;DGDHYATLNTAQK;DGDHYATLNTAQKK;LVAVVPSPSWGR;AVNGLFEVVKR;KLVAVVPSPSWGR;ILETLAEIK;RIYGITAK;IYGITAK;HELAQLLGFENYAFK;ILETLAEIKK	False	False	Ecoli	False	True	False	diann231	Triqler	Triqler	0.2
0.9058	0.9706	P17115	4.0	1.447e-05	-0.04408	0.9706	0.9826	1.057	0.9103	0.9869	1.01	1.061	ELDLIIPR;SEALLNAGR;GFNEEDFAR;LGDDFVR	False	False	Ecoli	False	True	False	diann231	Triqler	Triqler	0.2
0.9058	0.9706	P0A6W0	4.0	0.0002451	-0.02539	0.9706	1.002	1.037	0.9299	0.9628	1.008	1.066	GLSGVSDISYDTVVAR;TFVFLANQGK;VADYIPALATVDGSR;NAAIAWLMK	False	False	Ecoli	False	True	False	diann231	Triqler	Triqler	0.2
0.9059	0.9707	P04982	1.0	0.000912	-0.04479	0.9706	0.9866	1.009	0.9515	1.016	1.012	1.027	GTVLNSDISSVISR	False	False	Ecoli	False	True	False	diann231	Triqler	Triqler	0.2
0.9059	0.9707	P0AFB8	12.0	2.293e-07	-0.04807	0.9707	0.9547	1.074	0.9314	1.004	1.021	1.022	GIVWVVDDDSSIR;IIAATHQNLEQR;LLHPETEAALTR;ELVAHALHR;SGHQNLLSEAQPELER;VLADGQFYR;DLIESELFGHEK;TLLTTALR;HFLQVAAR;TPDVLLSDIR;LAWPGNVR;VHLPPLR	False	False	Ecoli	False	True	False	diann231	Triqler	Triqler	0.2
0.906	0.9707	P64499	3.0	3.751e-05	-0.05106	0.9707	1.013	1.012	0.9075	1.057	0.9894	1.027	TNEQIELLEALLDQQK;TNEQIELLEALLDQQKR;SVEDEDIIR	False	False	Ecoli	False	True	False	diann231	Triqler	Triqler	0.2
0.906	0.9708	P10378	4.0	0.0005417	0.00277	0.9707	1.06	1.017	0.8979	1.075	1.021	0.9403	IAAEEIENLLLR;GYWQDLPLTDILTR;SELNAYASQIEPALLIADR;LLQVGGAR	False	False	Ecoli	False	True	False	diann231	Triqler	Triqler	0.2
0.9061	0.9708	P40120	12.0	2.071e-07	-0.05583	0.9708	0.9751	1.053	0.9216	1.015	0.9877	1.053	AVDDTYQYGLSAR;FAVDFVGGDLK;LQFNAYTDNNPK;QLEGQSDLGFAGFR;RDVVSFLGASYFR;GIEPVITLSSGEAK;AGDEFAFQYR;RFAVDFVGGDLK;GFGLLQLDR;EIHFRPELFK;VFKAPELAR;RPSLWVEPR	False	False	Ecoli	False	True	False	diann231	Triqler	Triqler	0.2
0.9061	0.9708	P64585	1.0	0.000912	-0.03553	0.9708	0.979	1.023	0.9545	1.043	1.015	0.9875	QLLEEESREQ	False	False	Ecoli	False	True	False	diann231	Triqler	Triqler	0.2
0.9062	0.9708	P0ADQ7	2.0	0.0004387	-0.03169	0.9708	0.9644	1.002	0.996	0.9426	1.01	1.091	SWGSDAKGEAEAAR;SKAQALLK	False	False	Ecoli	False	True	False	diann231	Triqler	Triqler	0.2
0.9062	0.9709	P0AD57	5.0	1.717e-05	-0.07114	0.9709	0.9827	1.017	0.9013	1.028	1.008	1.071	ATANAAFGNAASVLVGDFIYTR;IRPMIAVLAAR;AIAALQVLPDTPWR;GKATANAAFGNAASVLVGDFIYTR;EALIGLAHIAVQR	False	False	Ecoli	False	True	False	diann231	Triqler	Triqler	0.2
0.9063	0.9709	Q47157	1.0	0.6221	-0.04998	0.9231	0.9272	0.9868	0.9922	1.119	0.9922	0.9922	DGVLPDIFGR	False	False	Ecoli	False	True	False	diann231	Triqler	Triqler	0.2
0.9063	0.9709	P76256	4.0	2.954e-05	-0.06597	0.9709	0.9567	1.041	0.94	1.002	1.05	1.015	TVAVEHAEPVYLR;GPGSFTGVR;ILPMVQDILTTSGTSLTDINALAYGR;VLAAIDAR	False	False	Ecoli	False	True	False	diann231	Triqler	Triqler	0.2
0.9064	0.971	P12295	9.0	5.46e-07	-0.04987	0.971	0.9686	1.08	0.9205	1.038	0.985	1.015	ANELTWHDVLAEEK;ANELTWHDVLAEEKQQPYFLNTLQTVASER;APHPSPLSAHR;QGVLLLNTVLTVR;QQPYFLNTLQTVASER;FTELGDVK;DVFNAFR;QSGVTIYPPQK;QSGVTIYPPQKDVFNAFR	False	False	Ecoli	False	True	False	diann231	Triqler	Triqler	0.2
0.9064	0.971	P37747	2.0	0.00845	-0.01416	0.9707	1.025	1.012	0.9384	0.9557	1.007	1.068	YGAHIFHTNDKYIWDYVNDLVEFNR;ELPAFIIKR	False	False	Ecoli	False	True	False	diann231	Triqler	Triqler	0.2
0.9065	0.971	P37631	6.0	7.436e-06	-0.002349	0.971	0.9766	1.094	0.9305	1.02	0.9603	1.027	IAEQFGLNVLPTR;TAEVTLGGVDTNELSSR;LQQLGQIPDVSLK;NTLAVHLPK;LVIATGGLSMPGLGASPFGYK;FTQWDFIDLVNK	False	False	Ecoli	False	True	False	diann231	Triqler	Triqler	0.2
0.9065	0.971	P22564	1.0	0.000912	-6.669e-05	0.971	1.01	1.025	0.9641	1.075	0.9963	0.9355	NALQLLHFWNAEIPLAQGAAVPLVR	False	False	Ecoli	False	True	False	diann231	Triqler	Triqler	0.2
0.9066	0.971	P04335	12.0	7.626e-07	-0.0573	0.971	0.9553	1.056	0.941	1.008	0.9793	1.067	LLEIPFNPVYR;TQANLSETLFKPR;ALPNVPWVDHTR;FKHPETSTLVR;GLQEITDWIEKR;LAYLESPR;TIPHWYR;NDPFSPEEDSR;VAAFGFR;FGANVAVR;EILDVQAR;VQGLLGR	False	False	Ecoli	False	True	False	diann231	Triqler	Triqler	0.2
0.9066	0.971	P30178	3.0	0.0001379	0.01823	0.971	1.081	0.9766	0.9809	1.067	0.9833	0.9201	KDNFPLLLDYATSAIAFGK;FDAQTLHSFIQAVFR;EAGAAVTLDGDR	False	False	Ecoli	False	True	False	diann231	Triqler	Triqler	0.2
0.9067	0.9711	P0ADK0	10.0	1.724e-07	-0.08558	0.9711	0.9454	1.001	0.9548	1.034	0.9899	1.081	KAFIDFLQNTVMR;LIAPLPAQHQAFNQAWTTAVTATQ;LPTLTADQKK;LQADAAHSALK;VPQDYVTQSGPLR;SGERLPTLTADQK;AFIDFLQNTVMR;LPTLTADQK;EMNGSLGVLAQQLQNAK;QSDDLKPVFDQAFTK	False	False	Ecoli	False	True	False	diann231	Triqler	Triqler	0.2
0.9067	0.9711	P77334	1.0	0.2	-0.01696	0.9639	0.9929	0.9966	0.9966	1.021	0.9966	0.9966	WVILDVVR	False	False	Ecoli	False	True	False	diann231	Triqler	Triqler	0.2
0.9068	0.9712	P09377	1.0	0.2832	-0.02522	0.9598	0.985	0.9969	0.9969	0.9969	0.9969	1.028	KSSLQENLENSASR	False	False	Ecoli	False	True	False	diann231	Triqler	Triqler	0.2
0.9068	0.9712	P31069	6.0	3.586e-05	-0.02141	0.9712	1.038	0.9673	1.008	1.054	0.8752	1.071	MVHPDIILSPQLFGSEILAR;GQNVTVISNLPEDDIKQLEQR;AILALSDNDADNAFVVLSAK;GQNVTVISNLPEDDIK;TVLAVSDSK;LGDNADVIPGDSNDSSVLK	False	False	Ecoli	False	True	False	diann231	Triqler	Triqler	0.2
0.9068	0.9712	decoy_P17446	1.0	0.2776	0.01064	0.9601	0.9948	1.023	0.9948	0.9948	1.044	0.9517	LQALPQGSAEHR	False	False		False	False	False	diann231	Triqler	Triqler	0.2
0.9069	0.9712	P76402	3.0	1.265e-05	-0.05729	0.9712	0.9557	1.013	0.971	1.014	1.01	1.039	AANHQIIGSSQMYATAQSR;AGNGETILTSELYTSK;AGWFELSK	False	False	Ecoli	False	True	False	diann231	Triqler	Triqler	0.2
0.9069	0.9712	P77434	6.0	2.158e-06	0.005933	0.9712	1.038	1.065	0.904	1.021	0.9714	1.009	DVAVEFFTLSK;IDRLPPYVFNITAELK;SVPLVEGVDFFNELER;FALIENR;ADGLLPASSK;TLVSALAR	False	False	Ecoli	False	True	False	diann231	Triqler	Triqler	0.2
0.907	0.9713	P37657	4.0	1.356e-05	0.02436	0.9713	1.023	1.088	0.9229	0.9706	1.003	1.001	INDLDTALNHIFPLPTGDIFSNR;SLFGLASLR;GVLVALRPVPGIR;LLDDAVER	False	False	Ecoli	False	True	False	diann231	Triqler	Triqler	0.2
0.907	0.9713	P06986	8.0	9.07e-07	-0.002398	0.9713	0.9875	1.094	0.9211	1.016	0.9689	1.021	AFALAGLR;GADEGIELLIR;SLWDQGIILR;NLTPYQSAR;STVTITDLAR;EYLIAALK;TLLELTR;TVPTLDNWQLDLQGISDKLDGVK	False	False	Ecoli	False	True	False	diann231	Triqler	Triqler	0.2
0.9071	0.9713	P0A836	16.0	2.863e-08	-0.04431	0.9713	0.9823	1.063	0.9169	1.027	0.9915	1.026	AVLVNIFGGIVR;DLALIEINPLVITK;ELYLGAVVDR;GLTDAAQQVVAAVEGK;IGAGPWVVK;KLADSGLNIIAAK;LGADGNALFR;LHGGEPANFLDVGGGATK;LVTYQTDANGQPVNQILVEAATDIAK;LADSGLNIIAAK;AFAENWLGK;VAEETPHLIHK;IFMGLATIFLER;IILSDDKVK;VALDPLTGPMPYQGR;AFAENWLGKR	False	False	Ecoli	False	True	False	diann231	Triqler	Triqler	0.2
0.9071	0.9714	P24224	1.0	0.000912	-0.009503	0.9713	1.004	1.038	0.939	1.058	0.9609	1.005	AILGLGTDIVEIAR	False	False	Ecoli	False	True	False	diann231	Triqler	Triqler	0.2
0.9072	0.9714	P0ACJ0	11.0	4.34e-07	-0.06637	0.9714	0.9334	1.049	0.9476	1.013	1.012	1.052	GAPDVFEQFNTAVQK;ISNVELSKR;LLGETLLR;IDRNILNELQK;NILNELQK;LPGVNDTR;ISNVELSK;KLLGETLLR;VPDMSAYRK;LLGETLLRLPGVNDTR;DLDRIDR	False	False	Ecoli	False	True	False	diann231	Triqler	Triqler	0.2
0.9072	0.9714	P04693	5.0	3.726e-06	-0.07495	0.9714	0.9696	1.022	0.9261	1.026	1.004	1.058	VATIQTLGGSGALK;VDAYAGDPILTLMER;VGADFLKR;IFSLYGER;VGADFLK	False	False	Ecoli	False	True	False	diann231	Triqler	Triqler	0.2
0.9073	0.9714	P17952	7.0	1.799e-06	-0.07407	0.9714	0.9553	1.023	0.9387	1.02	0.9911	1.078	DASVVVVSSAISADNPEIVAAHEAR;HNALNAAAAVAVATEEGIDDEAILR;RFDFLGEFPLEPVNGK;VTLNAPGR;LKPQTPEEEQHD;ALESFQGTGR;AGWPDKNLVMLFQPHR	False	False	Ecoli	False	True	False	diann231	Triqler	Triqler	0.2
0.9073	0.9714	P41407	5.0	1.339e-05	-0.03126	0.9714	1.069	0.9543	0.942	1.088	0.9483	1.009	DLAANPIPVLDGELVGALRPSDAPLTPR;SSILAGYSQSNQLSDYFVEQWR;NYFDLVAR;QQEALALSDELIAELK;AIVITSR	False	False	Ecoli	False	True	False	diann231	Triqler	Triqler	0.2
0.9074	0.9715	P0A7E5	18.0	2.177e-08	-0.07183	0.9715	0.9735	1.038	0.9205	1.013	1.01	1.051	GIAAASLAAILEAR;GLDAILVPGGFGYR;LIDSQDVETR;MTTNYIFVTGGVVSSLGK;QLYNAPTIVER;RGDYLGATVQVIPHITNAIK;TTNYIFVTGGVVSSLGK;YIELPDAYK;YIELPDAYKSVIEALK;AVISLKDVDSIYK;DVDSIYKIPGLLK;HRYEVNNMLLK;DGHPLFAGFVK;IYSDVLRK;SVIEALK;IYSDVLR;QIEDAGLR;GLNVTIMK	False	False	Ecoli	False	True	False	diann231	Triqler	Triqler	0.2
0.9074	0.9715	P76007	2.0	0.0004835	-0.03368	0.9715	0.9488	1.022	0.9776	0.9833	1.005	1.066	LFSQSPPVALDQR;FFGDFILEASAK	False	False	Ecoli	False	True	False	diann231	Triqler	Triqler	0.2
0.9075	0.9715	P06983	14.0	1.44e-07	-0.08736	0.9715	0.9786	1.006	0.9216	1.048	0.9941	1.059	ALVGAPDGSQIIR;ELLAALNHHETALR;GAPQDAEQMGISLAEELLNNGAR;LDNGEYDAIILAVAGLK;LDNGEYDAIILAVAGLKR;LSKLDNGEYDAIILAVAGLK;EDPRDAFVSNNYDSLDALPAGSIVGTSSLR;GDVILDTPLAK;ELEVALLENR;RGAPQDAEQMGISLAEELLNNGAR;RPDLIIR;MLDNVLR;ALVGAPDGSQIIRGER;QSPLALWQAHYVK	False	False	Ecoli	False	True	False	diann231	Triqler	Triqler	0.2
0.9075	0.9716	P67087	7.0	1.202e-06	-0.07557	0.9716	0.9719	1.029	0.9168	1.012	1.02	1.056	LLDSLEDIVAVLGESR;LQEGQNIALVSDAGTPLINDPGYHLVR;TLIFYESTHR;AQEEDLPADALR;TLALLQAELPLKK;HTGLLLQHFGINAR;AAALAAEIHGVKK	False	False	Ecoli	False	True	False	diann231	Triqler	Triqler	0.2
0.9075	0.9716	P0A752	1.0	0.000912	-0.006913	0.9716	0.9311	1.054	1.005	1.025	0.9625	1.027	NAPSYTAQTLK	False	False	Ecoli	False	True	False	diann231	Triqler	Triqler	0.2
0.9076	0.9717	P0A7V3	18.0	2.497e-08	-0.05561	0.9717	0.9379	1.04	0.9674	1.003	0.9874	1.07	ADIDYNTSEAHTTYGVIGVK;EFADNLDSDFK;EFADNLDSDFKVR;GEILGGMAAVEQPEKPAAQPK;GIKVEVSGR;IVIERPAK;KVVADIAGVPAQINIAEVR;LGIVKPWNSTWFANTK;LVADSITSQLER;VVADIAGVPAQINIAEVR;EGRVPLHTLR;LVADSITSQLERR;VPLHTLR;VTIHTARPGIVIGK;LGGAEIAR;TEWYREGR;VVADIAGVPAQINIAEVRK;PGIVIGK	False	False	Ecoli	False	True	False	diann231	Triqler	Triqler	0.2
0.9076	0.9717	P0AEL0	2.0	0.003684	0.01176	0.9716	0.981	1.049	0.9845	0.981	1.003	1.003	KIVVNEEVGDTGR;IVVNEEVGDTGR	False	False	Ecoli	False	True	False	diann231	Triqler	Triqler	0.2
0.9077	0.9717	P0A6X7	9.0	7.913e-07	0.06752	0.9717	1.053	1.058	0.9708	0.9563	0.9436	1.024	ELVELFFEEIRR;LSGFGNFDLR;TGEDIPITAR;VVTFRPGQK;ELVELFFEEIR;AEMSEYLFDKLGLSK;AEMSEYLFDK;DAKELVELFFEEIR;LSGFGNFDLRDK	False	False	Ecoli	False	True	False	diann231	Triqler	Triqler	0.2
0.9077	0.9717	P37342	10.0	1.021e-06	-0.0754	0.9717	0.9693	1.031	0.9166	1.033	1.011	1.045	EFTANVSGNDLVR;ISAQLAEFVANTPVK;TNTTWLGEEAAR;SESLDDFFTR;YVLPDYAR;EGLINPER;YGKEAAANEVGYR;QVSPNLTFIYDPEITPDDLLLEVAK;AMLHAQSGISSDIGTTPGAR;TLPDAFMHANIGPSDSPITR	False	False	Ecoli	False	True	False	diann231	Triqler	Triqler	0.2
0.9078	0.9717	P77234	1.0	0.3846	0.02972	0.9541	0.9957	1.035	0.9957	0.9832	0.9957	0.9957	DYALAFFWYK	False	False	Ecoli	False	True	False	diann231	Triqler	Triqler	0.2
0.9078	0.9717	P68688	2.0	0.0006328	0.02198	0.9717	0.9613	1.049	1.028	0.9727	0.9712	1.021	LSNERDDFQYQYVDIR;AEGITKEDLQQK	False	False	Ecoli	False	True	False	diann231	Triqler	Triqler	0.2
0.9079	0.9718	P04951	7.0	1.34e-06	-0.07585	0.9718	0.9759	1.029	0.9131	1.03	1.022	1.037	IIVATDHEDVAR;SFVVIIPAR;VVLDAEGYALYFSR;HLGIYGYR;ATIPWDRDR;QVGMATLAVPIHNAEEAFNPNAVK;VLWYGEK	False	False	Ecoli	False	True	False	diann231	Triqler	Triqler	0.2
0.9079	0.9718	P0A9R7	7.0	2.162e-06	-0.04548	0.9718	0.9572	1.066	0.9296	1.02	0.994	1.04	AVVNKPAVLLADEPTGNLDDALSEGILR;NFPIQLSGGEQQR;TVYDNVAIPLIIAGASGDDIR;IWFSGHDITR;TVYDNVAIPLIIAGASGDDIRR;VSAALDKVGLLDK;LFEEFNR	False	False	Ecoli	False	True	False	diann231	Triqler	Triqler	0.2
0.908	0.9718	P0ABQ2	4.0	3.7e-05	-0.05625	0.9718	0.9521	1.006	0.9658	1.02	0.9961	1.064	AGVNPDLVYQAIR;AGYSLVVADRNPEAIADVIAAGAETASTAK;GGLAGSTVLDAK;NFKPGFR	False	False	Ecoli	False	True	False	diann231	Triqler	Triqler	0.2
0.908	0.9719	P60293	16.0	1.291e-07	-0.02563	0.9719	0.9948	1.075	0.9069	1.004	0.9908	1.037	FTSEQAEGNAIYR;HVSDAFEQTSETIGVR;QVPLDLGLVVR;YSVAEIFDSIDLTQR;LGVAQADFTGLPAK;SEFSQTVPELVAWAR;QSVQTYFDEPWALTYANADR;VQAHVIDKY;ELQDTLEAAGDKLQANLLR;EYLSQYPR;LVFDLQSK;WQPINDYGAK;LTPLGIGITDYYIR;AADAAEEGGDEFHWHR;LSMQLSIVAGELKR;NVYAPLK	False	False	Ecoli	False	True	False	diann231	Triqler	Triqler	0.2
0.9081	0.9719	P0AG82	16.0	5.541e-08	-0.06885	0.9719	0.9701	1.039	0.9225	1.047	0.9996	1.028	ETGNKVNYQGIGSSGGVK;FFDWAYK;LISADGKPVSPTEENFANAAK;LNPGLKLPSQNIAVVR;LPGAIGYVEYAYAK;RADGSGTSFVFTSYLAK;TLGDIYLGK;VNEEWKNNVGTGSTVK;GNDGIAAFVQR;LPSQNIAVVR;QANDLDYASLPDSVVEQVR;SGELVLDGK;VNYQGIGSSGGVK;WPIGLGGK;KWDDEAIAK;QIIANTVDFGASDAPLSDEK	False	False	Ecoli	False	True	False	diann231	Triqler	Triqler	0.2
0.9081	0.9719	P32173	2.0	6.349e-05	-0.0282	0.9719	0.9992	1.024	0.9474	1.085	0.9777	0.9729	AIEPLLLEYLQAGER;AIEPLLLEYLQAGERR	False	False	Ecoli	False	True	False	diann231	Triqler	Triqler	0.2
0.9082	0.9719	P0A8M0	26.0	6.275e-09	-0.07789	0.9719	0.9448	1.036	0.9455	1.016	1.009	1.054	IYTFGPTFR;KFENPVYWGVDLSSEHER;LIAYVTGVQNVR;LIAYVTGVQNVRDVIPFPR;MSVVPVADVLQGR;TVAAMDVLAPGIGEIIGGSQR;VAVDSEVTVR;VEVAGWVEDPDTYPMAAK;VRHTLAQALHR;VSTLDLENLPR;VVASPGQGQQFEIQASK;YGTVPHSGFGLGFER;HSIEYLR;RHSIEYLR;SVVPVADVLQGR;TNLIGAVAR;TVAAMDVLAPGIGEIIGGSQREER;YLAEEHFK;LDVLDER;DVIPFPR;EERLDVLDER;VDFDKDFFGK;RYGTVPHSGFGLGFER;HTLAQALHR;EDYWWYR;YLAEEHFKAPVVVK	False	False	Ecoli	False	True	False	diann231	Triqler	Triqler	0.2
0.9082	0.9719	P0AA97	2.0	0.0003841	-0.03227	0.9719	0.9477	1.065	0.9488	1.011	1.002	1.031	ATVNVADLDRNQFLDASLTLAR;AAQIWWQQNQSK	False	False	Ecoli	False	True	False	diann231	Triqler	Triqler	0.2
0.9083	0.972	P22186	2.0	0.0001892	-0.05256	0.972	0.9808	1.031	0.9313	1.015	1.023	1.024	LLIAPVLR;GATLVNLDSK	False	False	Ecoli	False	True	False	diann231	Triqler	Triqler	0.2
0.9083	0.972	P0ACD8	17.0	6.563e-08	-0.0543	0.972	0.9725	1.05	0.9224	1.026	0.9882	1.047	FVEGGQLGIFR;GSDTNIQQLNEQER;LNLVQSIITR;STQYETQGYTINNAGR;TLIAYHKGDAATVESVDR;SSPGYFFDVQNR;TSELAQSLSSWPK;GLEIILQGR;IHAVFGGK;DAWAFVER;GVGFTEAPR;LVVDPITR;KFVEGGQLGIFR;LPPEANLMGFAHYLEALDFQR;MAIPEQPLEILR;RLVVDPITR;GLEIILQGRDPR	False	False	Ecoli	False	True	False	diann231	Triqler	Triqler	0.2
0.9084	0.972	P46122	1.0	0.0666	-0.03709	0.97	1.029	0.9846	0.9389	1.023	1.016	1.011	LESQIGTLR	False	False	Ecoli	False	True	False	diann231	Triqler	Triqler	0.2
0.9084	0.9721	P77562	3.0	0.0001807	-0.0105	0.972	0.9315	1.094	0.9848	0.9832	1.039	0.9755	LALDGDLIR;AIDVASVVR;FADFNAGWYASR	False	False	Ecoli	False	True	False	diann231	Triqler	Triqler	0.2
0.9085	0.9722	P0A7V8	15.0	5.663e-08	-0.03839	0.9722	0.9551	1.071	0.9428	0.9978	0.9859	1.054	AALELAEQR;AIMVNGRVVNIASYQVSPNDVVSIR;EGTDLFLK;EKPTWLEVDAGK;GNTGENLLALLEGR;LKGNTGENLLALLEGR;VKAALELAEQR;VVNIASYQVSPNDVVSIR;LSDYGVQLR;SDLSADINEHLIVELYSK;RIYGVLER;REGTDLFLK;LDNVVYR;IYGVLER;VVNIASYQVSPNDVVSIREK	False	False	Ecoli	False	True	False	diann231	Triqler	Triqler	0.2
0.9085	0.9722	decoy_P0AFA2	1.0	0.1755	-0.02142	0.9663	0.9944	0.9779	1.011	0.9944	1.029	0.9944	NPLNASWAQTR	False	False		False	False	False	diann231	Triqler	Triqler	0.2
0.9085	0.9722	P61714	10.0	1.921e-07	-0.04412	0.9722	1.007	1.043	0.9055	1.041	0.9881	1.022	AGNKGAEAALTALEMINVLK;DENITVVWVPGAYELPLAAGALAK;FNNFINDSLLEGAIDALKR;GAEAALTALEMINVLK;MNIIEANVATPDAR;TGKYDAVIALGTVIR;YDAVIALGTVIR;IGQVKDENITVVWVPGAYELPLAAGALAK;FNNFINDSLLEGAIDALK;VAITIAR	False	False	Ecoli	False	True	False	diann231	Triqler	Triqler	0.2
0.9085	0.9722	P10442	2.0	0.01373	-0.04626	0.9718	0.98	0.9816	0.9904	1.01	1.007	1.032	ALSWSLGR;AVAGLHIAPEYVLIDGNR	False	False	Ecoli	False	True	False	diann231	Triqler	Triqler	0.2
0.9086	0.9723	P00936	3.0	0.002169	-0.009962	0.9722	0.9802	1.053	0.9705	1.038	0.9265	1.038	VTEYLTAIEDFTR;EQVIPFR;TLLLEAYSWEYPNPR	False	False	Ecoli	False	True	False	diann231	Triqler	Triqler	0.2
0.9086	0.9723	P25535	5.0	3.604e-05	-0.05429	0.9723	0.9789	1.005	0.9472	0.9821	0.9942	1.099	ALNIAFDNR;LADTLPGVKPQLIR;NKADIPLTFWDYQHHALVATIR;LVIGADGANSWLR;DIGQYIYLR	False	False	Ecoli	False	True	False	diann231	Triqler	Triqler	0.2
0.9086	0.9723	decoy_P12999	1.0	0.2758	-0.01253	0.9617	0.9944	0.9944	0.9944	1.019	0.9641	1.035	QGIAAAFAR	False	False		False	False	False	diann231	Triqler	Triqler	0.2
0.9087	0.9723	P0AF20	7.0	8.98e-06	-0.006773	0.9723	0.9844	1.08	0.9288	0.9419	1.016	1.058	IQIAEQSQLAPASVTK;SAIGAFALVK;QLNSAAVYR;NFHAIGVR;TNLPVVR;HDATITLFDLSSK;AISIVTETR	False	False	Ecoli	False	True	False	diann231	Triqler	Triqler	0.2
0.9087	0.9723	P0AG20	15.0	5.849e-07	-0.02429	0.9723	1.028	1.047	0.8961	1.009	1.01	1.018	AGEFDPEKWIASLGITSQK;NLAFDELFDVR;EHYIEEFVGHLR;ATHTDSVSSEQVDNVRR;SVVNLIHGVR;TVEIQIR;YLHPTEYKR;QILDDELEHLGISLK;LNQVPDVIDAR;VNVLGVASR;DWLNPNLGYVTTSR;DITTILANEK;QPNPSRDWLNPNLGYVTTSR;ATHTDSVSSEQVDNVR;VYVFTPK	False	False	Ecoli	False	True	False	diann231	Triqler	Triqler	0.2
0.9088	0.9723	P0AEW9	13.0	1.195e-07	-0.02352	0.9723	1.016	1.056	0.9003	1.026	1.002	1.007	DGEVTDFNFSGFEVTPADWER;DNQDGFQQLFSELGIANR;LATAVAALAVSQSNVGITDRPQLAAMMAR;LTEKDGEVTDFNFSGFEVTPADWER;VLKDLGIDVTVGGFLGK;EALVAGLK;ELEIWAGR;DVIEAAHALR;DLGIDVTVGGFLGK;AAPWLVKPNR;FQVVQGR;VDLQPFN;DNQDGFQQLFSELGIANRFQVVQGR	False	False	Ecoli	False	True	False	diann231	Triqler	Triqler	0.2
0.9088	0.9723	P0ABU9	4.0	2.175e-05	-0.06834	0.9723	0.9867	0.9845	0.943	1.078	0.9862	1.027	ANSHAPEAVVEGASR;EAEAFEDKFWSGIELSR;QAFTVSESNKG;VNKLELNYDNFMEEFTAILHR	False	False	Ecoli	False	True	False	diann231	Triqler	Triqler	0.2
0.9089	0.9723	P0A915	6.0	8.488e-07	-0.009071	0.9723	1.027	1.046	0.9121	1.08	0.9523	0.9923	ATGDIATVHHLPPTLMAQWYFGDASSK;DSWGAAGQVGVDYLINR;EAGLSDLSLK;FRPYVGAGINYTTFFDNGFNDHGK;LDPWVFMFSAGYR;LDPWVFMFSAGYRF	False	False	Ecoli	False	True	False	diann231	Triqler	Triqler	0.2
0.9089	0.9723	P64564	2.0	0.007543	-0.02264	0.9721	1.036	0.9995	0.9305	1.024	1.018	0.9957	VTQPIIGPLRR;VTQPIIGPLR	False	False	Ecoli	False	True	False	diann231	Triqler	Triqler	0.2
0.909	0.9723	P04805	22.0	7.948e-09	-0.0913	0.9723	0.9653	1.016	0.9244	1.044	1.008	1.047	DDGYLPEALLNYLVR;FANPQEGSVVFDDQIR;GPIEFSNQELDDLIIR;HGAVSVMQYRDDGYLPEALLNYLVR;IEDTDLER;LEALREEQMAK;LGWSHGDQEIFTR;NHGGEFVLR;TALYSWLFAR;VAVTGAGQSPALDVTVHAIGK;YFYEDFAEFDADAAK;YFYEDFAEFDADAAKK;YNAVIDQMLEEGTAYK;FAPSPTGYLHVGGAR;NGPQLADLVK;YFTLNAVSK;QPLEVVR;TRFAPSPTGYLHVGGAR;QPLEVVRDK;GPIEFSNQELDDLIIRR;HGAVSVMQYR;FDRYNAVIDQMLEEGTAYK	False	False	Ecoli	False	True	False	diann231	Triqler	Triqler	0.2
0.909	0.9723	P07821	2.0	0.009938	-0.02859	0.9721	0.9947	0.9815	0.9854	0.996	1.005	1.038	TLLHPLSLTFPAGK;GLTVIAVLHDINMAAR	False	False	Ecoli	False	True	False	diann231	Triqler	Triqler	0.2
0.9091	0.9723	P27303	12.0	7.406e-07	-0.02592	0.9723	0.9416	1.091	0.9553	0.9708	1.033	1.015	LEDQPAVQQAATEVR;IGLSTLVSVNTTNR;STPVAVSTAR;EGDVLVTLDPTDAR;IGQPVTITTDIYGDDVK;VWADNTDFVKEGDVLVTLDPTDAR;VWADNTDFVK;LIDDIVK;RVPLGNANLIGR;EISLAPVNK;QLQANIEVQK;QLEQYPLR	False	False	Ecoli	False	True	False	diann231	Triqler	Triqler	0.2
0.9091	0.9724	P13024	8.0	7.267e-07	-0.05556	0.9724	0.9988	1.031	0.9014	1.057	0.9866	1.033	LRELAENNPLGDYLR;TADMIPPLLFPR;IIPQDELGSSEKR;SSINPFLFPGEGE;IEAVADDLASLVLDAR;ELAENNPLGDYLR;EASAQGKPPLDIHVLPR;IIPQDELGSSEK	False	False	Ecoli	False	True	False	diann231	Triqler	Triqler	0.2
0.9092	0.9724	P52095	1.0	0.0613	-0.03052	0.9706	0.9593	0.9917	1.011	0.9894	1.031	1.02	NALGILGGIPR	False	False	Ecoli	False	True	False	diann231	Triqler	Triqler	0.2
0.9092	0.9725	P31825	1.0	0.002527	-0.01756	0.9724	0.9975	0.9859	0.992	1.059	0.9953	0.9722	VGTDGILLGAWAPVAGVK	False	False	Ecoli	False	True	False	diann231	Triqler	Triqler	0.2
0.9092	0.9725	P32162	2.0	0.004797	0.01622	0.9724	1.081	0.9357	1.02	1.016	0.9614	0.9917	LKELAAATSSADEGASVAYK;EEAESFMTK	False	False	Ecoli	False	True	False	diann231	Triqler	Triqler	0.2
0.9093	0.9725	P10908	4.0	0.0002193	-0.0538	0.9725	0.9245	1.013	0.9927	1.011	1.034	1.029	DGEIFLLHDDNLER;ILVYTVNKPQR;VDAGSWYSK;GLLLDEWRDDWR	False	False	Ecoli	False	True	False	diann231	Triqler	Triqler	0.2
0.9093	0.9725	P39325	3.0	0.001169	0.005649	0.9725	1.037	1.032	0.92	1.082	0.9248	1.014	DAEIPVFLLDR;LIGDWLVK;DILTGSIDGVPDIYK	False	False	Ecoli	False	True	False	diann231	Triqler	Triqler	0.2
0.9094	0.9725	P08192	12.0	2.121e-07	-0.06402	0.9725	0.962	1.048	0.924	1.008	1.017	1.048	VGVYSSPHLVR;VQGQELPESAHTASFAEIESAR;ASGLEVSENAIRDGIASAILPGR;TLESILMAAGYK;LGVLKPAPFVFTVAGTNGK;SEKPAIVGEPEMPSTIADVAQEK;FQIVSESPR;VIFDVAHNPHAAEYLTGR;TIDLGLER;DGIASAILPGR;QAQLDVVILEVGLGGR;ASGLEVSENAIR	False	False	Ecoli	False	True	False	diann231	Triqler	Triqler	0.2
0.9094	0.9725	P0AA31	1.0	0.000912	0.0334	0.9725	1.033	1.03	0.978	0.9852	0.9583	1.018	NHGYTVLDIQQDGPTIR	False	False	Ecoli	False	True	False	diann231	Triqler	Triqler	0.2
0.9095	0.9725	P34209	2.0	0.0002184	-0.02629	0.9725	0.9627	1.03	0.9747	0.9991	0.9448	1.096	YLSLLTGELPR;FSIALLNQAVER	False	False	Ecoli	False	True	False	diann231	Triqler	Triqler	0.2
0.9095	0.9726	P23894	3.0	3.935e-05	-0.05211	0.9726	0.9717	1.024	0.9428	1.07	0.9988	0.9966	SVGGEVIEQPR;WLVNTVATQAR;QAGIAMPQVAIYHAPDINAFATGAR	False	False	Ecoli	False	True	False	diann231	Triqler	Triqler	0.2
0.9096	0.9727	P08956	17.0	1.914e-07	-0.04612	0.9727	0.9734	1.061	0.9239	1.03	0.9765	1.043	ISPQGEVINDTLEDDQDFEVADFNR;IAFVDDNILSVFHK;IIGLATFNR;TLNLSEEESR;GLVIPAFNR;LAVWYYR;LAALEAQLAEK;TAVIDGFLIDQDPPIQIITR;IALTATPALHTVQIFGEPVYR;VVLDDDVFK;SPNAQPALQAVINRPR;GYILDKEQTEGELQFR;FLIDAQLR;NAQEGVYLSKGEQVER;IHVATVQSLVK;GLTDKFPEDSTK;SQLDYVSAYR	False	False	Ecoli	False	True	False	diann231	Triqler	Triqler	0.2
0.9096	0.9727	P0ACE0	19.0	2.521e-08	-0.05908	0.9727	0.9588	1.051	0.9371	1.021	0.9853	1.052	AAESALNIDVPVNAQYIR;DGIISNYQAVVPSTWNSGPR;GAVNYLSVPEFPTDSK;GVSTWHLNSPEEFTK;LNEIVAIYQK;LTGNTLEVAQLHSTLGR;TPHIQNLAVGGVANPINLDGLGVLNLER;TVEVGPLANMLVK;ESTQNKLNEIVAIYQK;GKGAVNYLSVPEFPTDSK;GVGFLEAPR;DANRVVALLGGK;DAWMIVQR;GDHTTFVKPNIPATGEFK;ITIDPVTR;NFNDDVGPYEQSLVGTPVADPNKPLEVVR;VVALLGGK;AWASGTMWR;VDTAVIAAFYPEWLTR	False	False	Ecoli	False	True	False	diann231	Triqler	Triqler	0.2
0.9097	0.9727	P0AAN1	1.0	0.0009251	-0.01872	0.9727	0.9661	1.043	0.9776	0.957	1.026	1.034	TEEIAGFQTSPK	False	False	Ecoli	False	True	False	diann231	Triqler	Triqler	0.2
0.9097	0.9727	P0A8P6	3.0	0.01145	-0.03163	0.9724	1.034	1.006	0.9277	1.042	0.9741	1.021	LLDIDINDPLAVR;QLSPITLLNYQR;FAEWGIK	False	False	Ecoli	False	True	False	diann231	Triqler	Triqler	0.2
0.9098	0.9727	P60752	8.0	8.077e-07	-0.02568	0.9727	0.993	1.072	0.913	0.9957	0.9876	1.046	AIQAALDELQK;DSPILILDEATSALDTESER;TSLVIAHR;SLTNVNAQFQR;NVTFTYPGR;NQVALVSQNVHLFNDTVANNIAYAR;STIASLITR;EYTLASLR	False	False	Ecoli	False	True	False	diann231	Triqler	Triqler	0.2
0.9098	0.9727	P24171	13.0	1.106e-07	-0.0682	0.9727	0.9651	1.038	0.9241	1.042	1.002	1.035	DFVEFPSQINEHWATHPQVFAR;FDIPVYHPDVR;SGGLVVNDIAQLAGMSEQEIALAAEAAR;VLNTEAATLTSQFNQR;YATLSGTNTPR;LFIAGWTR;LVEVIHQR;AQQATLLGFPHYAAWK;EKLFIAGWTR;TPEAALNFMR;VDAVWQR;ASDELASIQAVIDK;FVLAGAK	False	False	Ecoli	False	True	False	diann231	Triqler	Triqler	0.2
0.9098	0.9728	P0AE45	7.0	4.642e-06	0.01552	0.9728	1.055	1.052	0.9024	1.042	0.9445	1.015	KDDITSDDIYAVVEAGALAGVLR;LLADEGNINAQR;VLANQSLALNSGVQIR;IDQLLVTR;FAGYKFEVVDIDNYR;KQEHELIENVFELESR;FEVVDIDNYR	False	False	Ecoli	False	True	False	diann231	Triqler	Triqler	0.2
0.9099	0.9728	P39286	6.0	1.759e-06	-0.06635	0.9728	0.9736	1.022	0.9394	1.034	0.9711	1.066	EKPDYDDNLFGEPDEGIVISR;GIVEAVHER;SSLLNALLGLQK;LYHFPHGGDVIDSPGVR;ISIFAGQSGVGK;EAVEEGKIAETR	False	False	Ecoli	False	True	False	diann231	Triqler	Triqler	0.2
0.9099	0.9728	P0ACX5	1.0	0.0009349	-0.001514	0.9728	1.008	1.048	0.9414	0.9567	1.012	1.038	HIVIAGVLR	False	False	Ecoli	False	True	False	diann231	Triqler	Triqler	0.2
0.91	0.9728	P04949	15.0	6.444e-08	-0.06563	0.9728	0.9266	1.032	0.9739	0.9947	1.014	1.064	AQIIQQAGNSVLAK;AQVINTNSLSLITQNNINK;INSAKDDAAGQAIANR;IQDADYATEVSNMSK;LDEIDRVSGQTQFNGVNVLAK;LDSAVTNLNNTTTNLSEAQSR;NANDGISVAQTTEGALSEINNNLQR;NQSALSSSIER;VSGQTQFNGVNVLAK;ANQVPQQVLSLLQG;DDAAGQAIANR;IQVGANDNQTITIDLK;SRLDEIDR;AQVINTNSLSLITQNNINKNQSALSSSIER;ELTVQATTGTNSESDLSSIQDEIK	False	False	Ecoli	False	True	False	diann231	Triqler	Triqler	0.2
0.91	0.9729	P0AG18	3.0	0.0001966	-0.04238	0.9728	0.9671	1.053	0.9434	0.9812	1.055	1.006	AQTDEVLENPDPR;GIPVGTLAIGK;TLVPVLGVPVQSAALSGVDSLYSIVQMPR	False	False	Ecoli	False	True	False	diann231	Triqler	Triqler	0.2
0.9101	0.9729	P0A6U3	18.0	3.789e-08	-0.07341	0.9729	0.9673	1.025	0.9323	1.009	0.9982	1.073	AVVLTVGTFLDGK;ELGLVDDERWAR;FNEKLENIER;IVRPGYAIEYDFFDPR;LNDHKPASIGQASR;LSADKEGWAPAR;NENTLLPATLDYR;STWVTPSAEAAAEVNAHLTAPLSR;IHIGLDNYSGGR;LTTLTPFAPALTDEQAAEQVEIQVK;AIDQAGIQFR;ELGLVDDER;DLKPTLESK;EASGEDLLR;QVSGLSNEVIAK;AGDPPSIPLSR;QQDEIEKQLR;YEGYIAR	False	False	Ecoli	False	True	False	diann231	Triqler	Triqler	0.2
0.9101	0.9729	P64545	1.0	0.000912	0.02977	0.9729	0.999	1.05	0.9918	0.9796	0.9583	1.024	EAQQSTLSVESPVQR	False	False	Ecoli	False	True	False	diann231	Triqler	Triqler	0.2
0.9102	0.9729	P0A9I8	2.0	0.000119	-0.04717	0.9729	1.004	0.9283	1.014	1.039	0.9861	1.033	VKDGVVQLR;GLIAEHQGELWVASPLKK	False	False	Ecoli	False	True	False	diann231	Triqler	Triqler	0.2
0.9102	0.9729	P0AEV4	3.0	0.0001917	0.0492	0.9729	1.02	1.095	0.9486	0.9843	0.9676	0.991	DREQVLEHYLEK;IAGVYDSLYTAIENNVPVNLSQLVK;TIWEISEK	False	False	Ecoli	False	True	False	diann231	Triqler	Triqler	0.2
0.9103	0.9729	P15070	1.0	0.06351	0.02523	0.9711	1.007	1.071	0.9575	0.9979	0.9701	1.0	ITDIITPSER	False	False	Ecoli	False	True	False	diann231	Triqler	Triqler	0.2
0.9103	0.973	P46853	11.0	1.405e-07	-0.01962	0.973	0.9812	1.077	0.9279	1.002	0.9712	1.048	ANPDDTFEAQLFYGDLK;DSWHVAHIFR;ESEVLTNLEILER;NKANPDDTFEAQLFYGDLK;NVLVEKPFTPTLAQAK;YGIDQQETSLK;HAKPEEQAPIYSHIHFTSDLDEVLNDPDVK;YHLPYVLNRK;KDSWHVAHIFR;ELFALAK;YHLPYVLNR	False	False	Ecoli	False	True	False	diann231	Triqler	Triqler	0.2
0.9103	0.973	P0AA93	3.0	0.0002326	0.0188	0.973	0.9605	1.02	1.013	0.9451	0.975	1.093	INPHFLFNALNAISSSIR;QLIFNLSR;RLEPGTEIAFYIPNQR	False	False	Ecoli	False	True	False	diann231	Triqler	Triqler	0.2
0.9104	0.973	P0A8U0	3.0	0.0001265	-0.0342	0.973	0.9355	1.015	1.008	0.9584	0.9929	1.098	LTLLQTWSEDDFRR;MDDLTAQALKDFTAR;VQENLIGHLVTQKR	False	False	Ecoli	False	True	False	diann231	Triqler	Triqler	0.2
0.9104	0.973	P00582	41.0	2.188e-09	-0.06178	0.973	0.9747	1.022	0.9411	1.069	0.9791	1.02	AHEIAGEEFNLSSTK;AINFGLIYGMSAFGLAR;ALELLKPLLEDEK;AMGLPLLAVSGVEADDVIGTLAR;ATAAEVFGLPLETVTSEQR;ATAAEVFGLPLETVTSEQRR;GKNQLTFNQIALEEAGR;KAHEIAGEEFNLSSTK;LSSTDPNLQNIPVR;NQLTFNQIALEEAGR;TAQALLQGLGGLDTLYAEPEK;TFRDELFEHYK;TPGGAPSTSEEVLEELALDYPLPK;VHTSYHQAVTATGR;VLHNHSEELTLR;VQIPQNPLILVDGSSYLYR;EQGYVETLDGRR;GILANYGIELR;EQGYVETLDGR;TITFEEIAGK;QLQTILFEK;TAQALLQGLGGLDTLYAEPEKIAGLSFR;YAAEDADVTLQLHLK;WTADVEAGK;LEQNKEVAYLSYQLATIK;AQIEPLHAMVK;KTPGGAPSTSEEVLEELALDYPLPK;LYLPDIK;AMIAVDAWLQAEQPR;AYHAFPPLTNSAGEPTGAMYGVLNMLR;DKGLLTAFAEGK;IMAHLSR;MVQIPQNPLILVDGSSYLYR;GIAFDTMLESYILNSVAGR;QAFIAPEDYVIVSADYSQIELR;HKGPLNVFENIEMPLVPVLSR;YMDLYFER;IAGLSFR;STYTDKLPLMINPK;LSSTDPNLQNIPVRNEEGR;HKTITFEEIAGK	False	False	Ecoli	False	True	False	diann231	Triqler	Triqler	0.2
0.9105	0.9731	P69222	4.0	4.123e-06	-0.06846	0.9731	0.9578	1.015	0.9497	1.03	0.9955	1.056	AKEDNIEMQGTVLETLPNTMFR;ILTGDKVTVELTPYDLSK;VELENGHVVTAHISGK;VTVELTPYDLSK	False	False	Ecoli	False	True	False	diann231	Triqler	Triqler	0.2
0.9105	0.9731	P0AEM4	3.0	4.592e-05	-0.05712	0.9731	0.9839	0.9793	0.9689	1.049	1.01	1.01	TSPLKPVSTVQPR;TTASTSTSVTLSDAQAK;LMQPGSSDINLER	False	False	Ecoli	False	True	False	diann231	Triqler	Triqler	0.2
0.9106	0.9731	P64530	3.0	0.001796	0.01481	0.9731	0.9389	1.113	0.9876	0.983	0.9699	1.017	IQGQVVALKK;VLDSYIK;GAVNGLMR	False	False	Ecoli	False	True	False	diann231	Triqler	Triqler	0.2
0.9106	0.9732	P16431	13.0	7.203e-07	-0.004567	0.9732	1.003	1.078	0.913	0.9813	0.9928	1.04	FALGFAEAPR;LFVDGENIIDADYR;NNVVPIGPLHVTSDEPGHFR;AATYANWPTLR;LVLPDDWPDELYPLRK;LDPEIAR;VNYLPEVVEFLYYK;AILLEVER;MAEILTGAR;VEVDANKPEYPSVTPR;TYGLNLIGGIR;LVLPDDWPDELYPLR;KTYGLNLIGGIR	False	False	Ecoli	False	True	False	diann231	Triqler	Triqler	0.2
0.9107	0.9732	P61175	11.0	1.196e-07	-0.02801	0.9732	0.9436	1.093	0.9504	1.018	0.9785	1.025	IFVDEGPSMK;IFVDEGPSMKR;KVSQALDILTYTNK;RTSHITVVVSDR;VLESAIANAEHNDGADIDDLK;VLESAIANAEHNDGADIDDLKVTK;VSQALDILTYTNK;VSQALDILTYTNKK;TSHITVVVSDR;KVLESAIANAEHNDGADIDDLK;LVADLIR	False	False	Ecoli	False	True	False	diann231	Triqler	Triqler	0.2
0.9107	0.9732	P21420;P02931;P77747;P02932	1.0	0.02433	-0.02691	0.9726	0.9817	1.045	0.9404	1.013	1.004	1.019	LAFAGLK	False	False		False	False	False	diann231	Triqler	Triqler	0.2
0.9107	0.9732	P69910	3.0	2.476e-05	-0.0531	0.9732	0.9378	1.014	0.9965	0.9746	1.006	1.077	SISTIAESK;QVTDLRSELLDSR;SISTIAESKR	False	False	Ecoli	False	True	False	diann231	Triqler	Triqler	0.2
0.9108	0.9732	P75867	7.0	7.023e-06	-0.05586	0.9732	0.9786	1.036	0.9309	0.9691	1.034	1.057	IGQINALSVIEFPGHPR;LQFALEQLLHTR;QGVIIPTANVR;YTGEQETLPLSPQWILR;WVTFTAR;EWREGFLAER;VILVGER	False	False	Ecoli	False	True	False	diann231	Triqler	Triqler	0.2
0.9108	0.9733	P64455	1.0	0.0009349	-0.04124	0.9732	0.9861	1.009	0.9565	1.015	1.02	1.014	SHLDEVIAR	False	False	Ecoli	False	True	False	diann231	Triqler	Triqler	0.2
0.9109	0.9733	P0AE06;P24180	1.0	0.0009349	-0.03121	0.9733	0.9631	1.032	0.969	1.007	0.9978	1.033	INLAYTK	False	False		False	False	False	diann231	Triqler	Triqler	0.2
0.9109	0.9733	P0ABU7	6.0	3.19e-06	-0.05379	0.9733	0.9523	1.059	0.9373	0.993	1.029	1.035	DLDLEASAAAHPVR;EQQLLAEAR;AMLGDVAAQVLLLQSR;SLSLHLLNEAQNELELSEGSDDNEGIKER;SLNQANDIAADFGSK;SVEFFNQK	False	False	Ecoli	False	True	False	diann231	Triqler	Triqler	0.2
0.911	0.9733	P0ACY9	2.0	0.0005727	-0.04506	0.9733	0.9661	1.013	0.9687	1.018	1.009	1.027	TGKLPSPQVVGAESEEEDASHAA;YVVIREGEEK	False	False	Ecoli	False	True	False	diann231	Triqler	Triqler	0.2
0.911	0.9733	P0A6W5	12.0	1.114e-07	-0.06177	0.9733	0.9683	1.046	0.9252	1.038	0.9875	1.041	EHGDLKENAEYHAAR;IVGDDEADFKQNLISVNSPIAR;LSNAQVIDVTK;VIFGATVTVLNLDSDEEQTYR;IVGDDEADFK;TPGGEVEFEVIKVEYL;GLIGKEEDDVVVIK;RPEIIAAIAEAR;LREELDFLK;QNLISVNSPIAR;MQAIPMTLR;EELDFLK	False	False	Ecoli	False	True	False	diann231	Triqler	Triqler	0.2
0.9111	0.9734	P0A9I3	3.0	4.436e-05	-0.06713	0.9734	0.998	0.9601	0.9691	1.016	1.029	1.03	AAQLHIQITAHSPASADAANIEQAFK;TLSSQHYLVITALGADRPGIVNTITR;FTALFDAHHMNIAELVSR	False	False	Ecoli	False	True	False	diann231	Triqler	Triqler	0.2
0.9111	0.9734	P0AAT9	5.0	1.518e-05	-0.04698	0.9734	0.938	1.068	0.9505	0.9828	1.02	1.047	DIDALVEQAR;NGERDIDALVEQAR;TGELTRTEVDELTR;ELVASLSER;TEVDELTR	False	False	Ecoli	False	True	False	diann231	Triqler	Triqler	0.2
0.9111	0.9734	P16676	3.0	0.0001373	0.03256	0.9734	0.9861	1.086	0.972	1.016	0.9865	0.959	VGFVFQHYALFR;IETRDEELALAQSA;ALAVEPQILLLDEPFGALDAQVR	False	False	Ecoli	False	True	False	diann231	Triqler	Triqler	0.2
0.9112	0.9734	P0AAT2	2.0	0.000619	-0.02948	0.9734	0.9786	1.034	0.9623	1.079	0.9295	1.024	IFMLSSELR;GVPFINLK	False	False	Ecoli	False	True	False	diann231	Triqler	Triqler	0.2
0.9112	0.9735	P30859	8.0	6.646e-07	-0.08478	0.9735	0.9353	1.013	0.9581	1.064	1.009	1.026	EKQVLFTTPYYDNSALFVGQQGK;FIMDKHPEITTVPYDSYQNAK;QVLFTTPYYDNSALFVGQQGK;DGTYETIYNKWFQK;VTDKDYFGTGLGIAVR;YTSVDQLK;DGTYETIYNK;HPEITTVPYDSYQNAK	False	False	Ecoli	False	True	False	diann231	Triqler	Triqler	0.2
0.9113	0.9735	P21514	1.0	0.3643	0.007822	0.9583	0.996	1.037	0.9798	0.996	0.996	0.996	AIFDSLHQHNITFALDDFGTGYATYR	False	False	Ecoli	False	True	False	diann231	Triqler	Triqler	0.2
0.9113	0.9735	P77570	4.0	2.072e-05	-0.04226	0.9735	1.01	1.028	0.9134	1.088	0.9605	1.009	VAQLASLSWPIPVSLK;EYFNYGWLER;TGITVVGDFR;TLAGLPGNLPSVTGASQETVLGAIFPANP	False	False	Ecoli	False	True	False	diann231	Triqler	Triqler	0.2
0.9114	0.9735	P00963	9.0	3.076e-07	-0.07444	0.9735	0.9544	1.029	0.9408	1.043	0.9857	1.053	ALPDAQFEVVHSLAK;DLGAVFLVGIGGK;GEMPQTIGGGIGQSR;LGLIEVQAPILSR;STVEAIWAGIK;HQLALTGDEDRLELEWHQALLR;LSPLHSVYVDQWDWER;YPDLDAK;QTLGQHDFSAGEGLYTHMK	False	False	Ecoli	False	True	False	diann231	Triqler	Triqler	0.2
0.9114	0.9736	P0AEX9	18.0	4.46e-08	0.01282	0.9736	1.024	1.063	0.9258	1.034	0.955	1.005	AGLTFLVDLIK;DKPLGAVALK;EFLENYLLTDEGLEAVNK;FGGYAQSGLLAEITPDK;FPQVAATGDGPDIIFWAHDR;LIAYPIAVEALSLIYNKDLLPNPPK;TWEEIPALDKELK;VNYGVTVLPTFK;LIAYPIAVEALSLIYNK;AFQDKLYPFTWDAVR;GQPSKPFVGVLSAGINAASPNK;LYPFTWDAVR;YDIKDVGVDNAGAK;TWEEIPALDK;AGLTFLVDLIKNK;TAVINAASGR;FGGYAQSGLLAEITPDKAFQDK;DVGVDNAGAK	False	False	Ecoli	False	True	False	diann231	Triqler	Triqler	0.2
0.9115	0.9736	P0AE85	2.0	0.0001906	-0.03089	0.9736	0.9747	1.067	0.9267	0.9982	1.002	1.038	LVTAENFDENAVR;LLTPEQQAVLNEK	False	False	Ecoli	False	True	False	diann231	Triqler	Triqler	0.2
0.9115	0.9736	P0AAZ4	6.0	2.176e-05	-0.07575	0.9736	0.9479	1.021	0.9477	1.014	1.01	1.064	VLKPELLTEIAGER;ERPDYDVPVHLR;IITAGGDPLYVAR;TTLAEVIAR;TILFVDEVHR;YYFPTNR	False	False	Ecoli	False	True	False	diann231	Triqler	Triqler	0.2
0.9115	0.9736	P0A940	38.0	1.2e-09	-0.04864	0.9736	0.9637	1.054	0.9385	0.9998	0.9956	1.054	ALFATGNFEDVR;AVVTPLPR;DGDTLLVQVK;ERPTIASITFSGNK;FEGNDTSKDAVLR;FNIDSTQVSLTPDKK;GFQSNTIGPK;GIYVTVNITEGDQYK;LFYNDFQADDADLSDYTNK;LGFFETVDTDTQR;LGFFETVDTDTQRVPGSPDQVDVVYK;NDYQTYAELSVTNPYFTVDGVSLGGR;SYGTDVTLGFPINEYNSLR;TGDTVNDEDISNTIR;VAVGAALLSMPVR;VTIPGSDNEYYK;VTLDTATYVPIDDDHKWVVLGR;YDGDKAEQFQFNIGK;DIHFEGLQR;EMPFYENFYAGGSSTVR;GLEDFYYSVGK;GYFPTDGSR;LAGDLETLR;VPGSPDQVDVVYK;WGYGDGLGGK;IEPGELYNGTK;VLRDGDTLLVQVK;LSGVEVSGNLAGHSAEIEQLTK;LRVNVDAGNR;TDDFTFNYGWTYNKLDR;VQSMPEINDADKTVK;TRWGYGDGLGGK;DEVPWWNVVGDRK;TTIADIEK;YGYAYPR;DEVPWWNVVGDR;QMEGAWLGSDLVDQGKER;GYARFNIDSTQVSLTPDK	False	False	Ecoli	False	True	False	diann231	Triqler	Triqler	0.2
0.9116	0.9736	P29744	3.0	1.287e-05	-0.05115	0.9736	0.9935	1.033	0.9114	1.045	0.9962	1.027	VSLEESVLSQVTTAIQNAQEK;AELGTQLNELESLDSLGSDR;NSLNNVLTVR	False	False	Ecoli	False	True	False	diann231	Triqler	Triqler	0.2
0.9116	0.9737	P76340	1.0	0.199	0.01384	0.9671	0.9927	1.055	0.9768	0.9931	0.9911	0.9931	ILLIEDNQR	False	False	Ecoli	False	True	False	diann231	Triqler	Triqler	0.2
0.9117	0.9737	P37652	13.0	1.074e-06	-0.06315	0.9737	0.9671	1.05	0.9241	1.052	0.9908	1.023	SSGLDLTYQTLNVK;AFANAGFPFSR;GIAQGNILFR;SVIALLADSPR;ATMFGSVAVIR;GESVVVNEVKPLLPR;IPVLQGLLDGKTDVSIPALK;QTPFPGIVPDESDR;LLVVFGR;GQNFPVLYNQLPDR;TDRPVTFGELK;LTFAQIAPPPGSMVLR;KPYDAPNWVR	False	False	Ecoli	False	True	False	diann231	Triqler	Triqler	0.2
0.9117	0.9737	P0ACN7	4.0	0.0003338	0.00968	0.9737	1.02	1.059	0.9297	1.08	0.9675	0.953	GDFTFEAGSK;TFIDLIITK;LPFDASIEEQR;LQGYVQALR	False	False	Ecoli	False	True	False	diann231	Triqler	Triqler	0.2
0.9118	0.9737	P0AE39	4.0	1.761e-05	0.03268	0.9737	1.061	1.063	0.924	1.043	0.9235	0.9971	ENDTINLVKDER;LKDLDFEVPVSR;EIEPWFNNTYILR;IREIEPWFNNTYILR	False	False	Ecoli	False	True	False	diann231	Triqler	Triqler	0.2
0.9118	0.9737	P69913	3.0	4.001e-05	-0.03584	0.9737	0.923	1.037	1.005	1.006	1.004	1.029	EVSVHREEIYQR;RVGETLMIGDEVTVTVLGVK;VGETLMIGDEVTVTVLGVK	False	False	Ecoli	False	True	False	diann231	Triqler	Triqler	0.2
0.9118	0.9738	P26648	6.0	5.923e-05	-0.04206	0.9738	0.9579	1.037	0.9279	1.046	1.001	1.037	IDVTAQQGTWER;SLPIPNHYGVDDFPVIIQDK;LLPTEIMAGSPIR;ADEPQAFHIEGVMFQIR;QNAATLWYHANTPNR;SLPIPNHYGVDDFPVIIQDKR	False	False	Ecoli	False	True	False	diann231	Triqler	Triqler	0.2
0.9119	0.9738	P0A8S1	5.0	5.195e-06	-0.06074	0.9738	0.9479	1.039	0.9494	1.04	0.9741	1.056	ELASGELIDLTPGLFQR;LNLQVEDETR;TLQALDAVIR;KVTDALLDYGHK;LNLQVEDETRTQER	False	False	Ecoli	False	True	False	diann231	Triqler	Triqler	0.2
0.9119	0.9738	P0AC92	2.0	0.000255	-0.04445	0.9738	1.031	0.9817	0.9346	1.061	0.9768	1.02	QAETEIADFIAQK;MNIEELKK	False	False	Ecoli	False	True	False	diann231	Triqler	Triqler	0.2
0.912	0.9738	P77690	3.0	0.002894	0.0476	0.9737	1.025	1.048	0.9766	0.9864	0.983	0.9826	AIIPVHYAGAPADIDAIR;APQAEVLTPGYK;FPTLSLPNTEWNSER	False	False	Ecoli	False	True	False	diann231	Triqler	Triqler	0.2
0.912	0.9738	P38051	2.0	0.00895	-0.001773	0.9736	1.015	1.008	0.9736	1.053	0.9717	0.9813	FTSLDQAQR;LYAGAGIVR	False	False	Ecoli	False	True	False	diann231	Triqler	Triqler	0.2
0.9121	0.9738	P77739	6.0	2.072e-05	-0.0609	0.9738	0.9696	0.975	0.9854	0.9784	0.9994	1.098	IGWQLELAAEK;GIAFGNIDAIVEHIQQR;LLSEQLGEGEIELR;ELLPGFTAEADQLELLSR;LHQWSDQPQFGLDFDNALSTTPQPNTWQR;WSTFFAEQR	False	False	Ecoli	False	True	False	diann231	Triqler	Triqler	0.2
0.9121	0.9739	P0AFJ7	3.0	0.0001531	-0.05881	0.9739	0.9903	0.9529	0.9871	1.039	0.9899	1.044	IHLTPAER;TRDAINNVEAYFEQHPALLK;DAINNVEAYFEQHPALLK	False	False	Ecoli	False	True	False	diann231	Triqler	Triqler	0.2
0.9122	0.974	P65294	1.0	0.06207	-0.004394	0.9722	0.9927	0.9686	1.034	0.9943	1.019	0.9927	DDVSQIIER	False	False	Ecoli	False	True	False	diann231	Triqler	Triqler	0.2
0.9122	0.974	P24203	6.0	5.838e-06	0.07851	0.974	1.057	1.042	0.984	0.9906	0.9417	0.989	HILNEQHGYK;MNPIAVTLLTGFLGAGK;AAFAGLRK;IAVIENEFGEVSVDDQLIGDR;FHFIADKQNDISSIVVELDYPVDISEVSR;LLFQGVQR	False	False	Ecoli	False	True	False	diann231	Triqler	Triqler	0.2
0.9122	0.9741	decoy_P37760	1.0	0.2294	0.006428	0.9664	1.066	1.0	0.946	0.9919	1.019	0.9805	FVQNFALVLPDWQVGQK	False	False		False	False	False	diann231	Triqler	Triqler	0.2
0.9122	0.9741	P0A6R0	7.0	4.671e-07	-0.05371	0.9741	0.9777	1.041	0.9233	1.045	0.9841	1.034	HIAAPNETVSTMGFEAATR;IIGTGSYLPEQVR;IKPGQLVLLEAFGGGFTWGSALVR;SQLDWLVPHQANLR;VAVTELAHIVDETLAANNLDR;YALVVGSDVLAR;MVDTSDEWIVTR	False	False	Ecoli	False	True	False	diann231	Triqler	Triqler	0.2
0.9123	0.9742	P0AA37	1.0	0.02885	-0.02522	0.9734	0.9857	1.015	0.9686	1.055	1.004	0.9746	VVLKPITGR	False	False	Ecoli	False	True	False	diann231	Triqler	Triqler	0.2
0.9123	0.9742	P63228	3.0	3.296e-05	0.01864	0.9742	1.016	1.07	0.9361	1.07	0.9397	0.978	MGFALVVVTNQSGIAR;TGKPITPEAENAADWVLNSLADLPQAIK;SVPAIFLDR	False	False	Ecoli	False	True	False	diann231	Triqler	Triqler	0.2
0.9124	0.9742	P0A968	1.0	0.000912	-0.0349	0.9742	0.9631	1.009	0.9877	0.9855	1.019	1.038	AGQSVQFDVHQGPK	False	False	Ecoli	False	True	False	diann231	Triqler	Triqler	0.2
0.9124	0.9742	P27550	5.0	0.0005777	-0.01532	0.9742	0.9174	1.045	0.9857	0.9936	0.9894	1.077	FANTLLELGIK;IGAVHSVIFGGFSPEAVAGR;LGTAEIESALVAHPK;HTIPANIADR;IAEAAVVGIPHNIK	False	False	Ecoli	False	True	False	diann231	Triqler	Triqler	0.2
0.9125	0.9742	P31475	4.0	1.891e-05	-0.04759	0.9742	0.993	1.018	0.9349	1.041	0.9531	1.066	PLSAQQLAAQK;ILKGEYEPGTILPGEIELGEQFGVSR;NLSYVLAEK;LDLHQAIVDAIIQSDGDAAFK	False	False	Ecoli	False	True	False	diann231	Triqler	Triqler	0.2
0.9125	0.9742	P33025	4.0	0.0002725	-0.02207	0.9742	0.9646	1.088	0.9269	1.018	1.008	1.002	DLPFVVAAGK;TSPFDVSIR;VGLSKEEIELLGR;ESTPFLLAR	False	False	Ecoli	False	True	False	diann231	Triqler	Triqler	0.2
0.9125	0.9743	P75959	3.0	6.323e-05	-0.05112	0.9743	0.9196	1.041	0.9798	1.007	1.028	1.031	IALGVFDSGR;HLLPVAR;GAAFLHLTD	False	False	Ecoli	False	True	False	diann231	Triqler	Triqler	0.2
0.9126	0.9743	P37692	8.0	1.874e-06	-0.04397	0.9743	0.9811	1.059	0.9177	1.044	0.9847	1.021	KGDAAEGYHQSLIDITPQR;SALVPFFAGIPHR;QLIDEGYQVVLFGSAK;AYVLPNSFK;TAQDLPQPLLWPQLQVSEGEK;YGLLNDVR;VLEELNALLLQEEA;VLDKEAWPLMVER	False	False	Ecoli	False	True	False	diann231	Triqler	Triqler	0.2
0.9126	0.9743	P0A881	2.0	0.0002673	-0.03271	0.9743	0.9693	1.05	0.9514	1.052	0.9523	1.031	ELKNELGAGIATITR;IVEELLR	False	False	Ecoli	False	True	False	diann231	Triqler	Triqler	0.2
0.9127	0.9743	P0ABU2	15.0	5.079e-08	-0.08041	0.9743	0.9391	1.029	0.9533	1.015	1.006	1.062	ALDLSAEEK;AQTISFEDFITYK;AWTIPVGATAPQAAGK;ETEAIGHVVR;GASKGEGLGNQFLTNIR;GEGLGNQFLTNIR;LDQLAEIVKPQR;LLNLQTYFTAGVK;STLFNALTK;TLPTTMEFVDIAGLVK;AQTISFEDFITYKGEQGAK;AELAVLEK;GEGLGNQFLTNIRETEAIGHVVR;AGYKLLNLQTYFTAGVK;IHTDFEKGFIR	False	False	Ecoli	False	True	False	diann231	Triqler	Triqler	0.2
0.9127	0.9743	P0AES6	37.0	2.989e-09	-0.06488	0.9743	0.9692	1.032	0.9334	1.023	0.9924	1.055	DAIAADQLFTTLMGDAVEPR;EGLIAVVSVK;ELIYQPTLTEADLSDEQTVTR;ELSFLNSGVSIR;FDVHTNAEQNLFEPIVR;GALDLAGLPGK;GHVYIAQPPLYK;GIPTGIHPEEGVSAAEVIMTVLHAGGK;GLLEEDAFIER;LRELSFLNSGVSIR;LVSEYNATQK;QIYEHGVPQAPLAVTGETEK;SAVEQQMNELLAEYLLENPTDAK;THGVDTDYPLDHEFITGGEYR;THGVDTDYPLDHEFITGGEYRR;TLLLTFFYR;VTVKDAIAADQLFTTLMGDAVEPR;RGLSIQR;GLLEEDAFIERGER;DGGTHLAGFR;YHSIIIMTDADVDGSHIR;WVNALVSELNDKEQHGSQWK;NQAILPLK;RAFIEENALK;AFVEYLNK;KNQAILPLK;LELVIQR;VRTHGVDTDYPLDHEFITGGEYR;NQAILPLKGK;DGKEDHFHYEGGIK;KGALDLAGLPGK;AFIEENALK;QMPEIVER;VSGGLHGVGVSVVNALSQK;VSGGLHGVGVSVVNALSQKLELVIQR;EGLIAVVSVKVPDPK;LRGLLEEDAFIER	False	False	Ecoli	False	True	False	diann231	Triqler	Triqler	0.2
0.9128	0.9744	P46142	1.0	0.03218	-0.02583	0.9735	0.9562	1.044	0.9717	1.005	0.9995	1.027	NSIPALEK	False	False	Ecoli	False	True	False	diann231	Triqler	Triqler	0.2
0.9128	0.9744	P75884	5.0	6.567e-06	-0.0659	0.9744	0.9581	1.034	0.9377	1.064	0.9864	1.026	IFVVLGYIEQEQSK;LNNNLLEVTNSGQDPLR;DILWSEDNHFR;QWQNTFWVDSATGQVR;LNEGQRIFVVLGYIEQEQSK	False	False	Ecoli	False	True	False	diann231	Triqler	Triqler	0.2
0.9128	0.9744	P0ACV0	1.0	0.3311	-0.01277	0.9617	0.9942	0.9942	0.9942	0.9725	1.012	1.034	KGEVVWYAPDHDYGPR	False	False	Ecoli	False	True	False	diann231	Triqler	Triqler	0.2
0.9128	0.9744	decoy_P37649	1.0	0.1059	-0.001572	0.9714	1.018	0.9954	0.9888	0.9954	1.008	0.9954	EVVGHQLALYR	False	False		False	False	False	diann231	Triqler	Triqler	0.2
0.9129	0.9745	P07000	1.0	0.0009349	0.006016	0.9745	1.033	1.004	0.9648	0.9728	0.9714	1.058	ALPFAINVLTHSR	False	False	Ecoli	False	True	False	diann231	Triqler	Triqler	0.2
0.9129	0.9745	P30958	19.0	1.802e-07	-0.01319	0.9745	0.9647	1.075	0.9532	0.9805	0.9672	1.067	ANVDILTLTATPIPR;LYVPVSSLHLISR;VRDVAAELLDIYAQR;FGLLPDPAR;LAELVPEAR;NLAELHIGQPVVHLEHGVGR;EALGELLAR;VFDVDSQR;FKDLGLLIVDEEHR;MPSLLPDDFIPDVNTR;AGREPSLEDLTSQQTEVELR;FQADTLAR;RDPEHIYQQVSK;TLLDIAR;AAIELFR;VDELFSELKNWPR;RLEAIASLEDLGAGFALATHDLEIR;YAGGAEENAPLHK;LSTLYQLPTMQR	False	False	Ecoli	False	True	False	diann231	Triqler	Triqler	0.2
0.913	0.9745	P76235	1.0	0.05877	-0.004913	0.9729	0.9934	0.9786	1.023	0.9934	1.024	0.989	VPFIDTFDLR	False	False	Ecoli	False	True	False	diann231	Triqler	Triqler	0.2
0.913	0.9745	P64602	1.0	0.000912	-0.03533	0.9745	0.9806	1.006	0.9741	1.022	1.037	0.9815	LYNLPADVLPR	False	False	Ecoli	False	True	False	diann231	Triqler	Triqler	0.2
0.913	0.9746	P75960	5.0	2.858e-06	-0.07469	0.9746	0.952	1.022	0.9457	1.059	0.9939	1.033	LHGAHTVELNLEPSQVGNEFAEK;LQDALGDRFLLVTQNIDNLHER;VLVLTGAGISAESGIR;YYGPASQVVPEFVEK;FLLVTQNIDNLHER	False	False	Ecoli	False	True	False	diann231	Triqler	Triqler	0.2
0.9131	0.9746	P0ACC3	5.0	2.352e-06	-0.07244	0.9746	0.9833	1.021	0.9203	1.038	1.025	1.017	SDDVALPLEFTDAAANK;SDDVALPLEFTDAAANKVK;SLIADEDNPNLK;QGVGLVVDPMSLQYLVGGSVDYTEGLEGSR;FIVTNPNAK	False	False	Ecoli	False	True	False	diann231	Triqler	Triqler	0.2
0.9131	0.9746	P0AF90	1.0	0.0009349	0.001997	0.9746	0.931	1.03	1.032	0.9693	1.015	1.027	ANPEQLEEQREETR	False	False	Ecoli	False	True	False	diann231	Triqler	Triqler	0.2
0.9132	0.9746	P77754	2.0	0.02531	0.01384	0.9739	0.9786	1.013	1.038	0.9862	0.9987	0.9862	IYNILTPEQKK;DLNLTDAQK	False	False	Ecoli	False	True	False	diann231	Triqler	Triqler	0.2
0.9132	0.9746	P69874	6.0	2.631e-06	-0.02847	0.9746	0.9375	1.067	0.9614	1.062	0.9767	1.002	LLLLDESLSALDYK;VEEINDDNHAEGLIGYVR;LIAGLETVDSGR;TPAAEITPR;MVQLETFAQR;LHVLLRPEDLR	False	False	Ecoli	False	True	False	diann231	Triqler	Triqler	0.2
0.9133	0.9747	P0ACL0	6.0	1.509e-06	-0.04799	0.9747	1.011	1.026	0.9108	1.039	0.9702	1.051	DLNELAEQNLILR;SRDGGIIGEATLDFISQFR;HHGGAALPSSSVNTPWHDRK;DGGIIGEATLDFISQFR;IILAGGELR;QQGYVSTEELVEHFSVSPQTIR	False	False	Ecoli	False	True	False	diann231	Triqler	Triqler	0.2
0.9133	0.9747	P0AF50	3.0	1.285e-05	-0.03236	0.9747	1.013	1.046	0.9062	1.03	0.9668	1.045	ATQIKVEDVLFAMVK;EVENRPAVSLK;TSPELAELLR	False	False	Ecoli	False	True	False	diann231	Triqler	Triqler	0.2
0.9133	0.9748	decoy_P37906	1.0	0.3791	-0.02056	0.9593	0.9954	0.9866	0.9954	0.9769	0.9954	1.052	GIKIDLR	False	False		False	False	False	diann231	Triqler	Triqler	0.2
0.9133	0.9748	P23886	1.0	0.03989	0.02025	0.9738	1.018	1.042	0.9627	1.03	0.983	0.9667	LLPLSPAGLAR	False	False	Ecoli	False	True	False	diann231	Triqler	Triqler	0.2
0.9134	0.9749	P00888;P0AB91	1.0	0.0009733	-0.03454	0.9748	0.964	0.9951	1.001	0.9841	1.021	1.036	VYFEKPR	False	False		False	False	False	diann231	Triqler	Triqler	0.2
0.9134	0.9749	P07117	1.0	0.3205	0.01861	0.963	1.043	0.9842	0.9946	0.9946	0.9946	0.9902	FAEADAHYHSAPPSR	False	False	Ecoli	False	True	False	diann231	Triqler	Triqler	0.2
0.9135	0.9749	P22188	11.0	2.036e-07	-0.07804	0.9749	0.9771	1.017	0.9228	1.066	0.993	1.03	ATEVNYHDSGATIR;FAASVFTNLSR;FYHEPSDNLR;GHEDYQIVGNQR;NLRDLLAPWVPDAPSR;VAAAGDLFVAVVGHQADGRR;DLLAPWVPDAPSR;EMHGVPVIYLSQLNER;ENDVVLVAGK;VAAAGDLFVAVVGHQADGR;YIPQAIAQGVAAIIAEAKDEATDGEIR	False	False	Ecoli	False	True	False	diann231	Triqler	Triqler	0.2
0.9135	0.9749	P36673	1.0	0.01263	-0.03717	0.9746	0.9686	1.016	0.9739	1.007	1.022	1.014	FLHPEIVTVDPGYAEAGR	False	False	Ecoli	False	True	False	diann231	Triqler	Triqler	0.2
0.9136	0.9749	P0A6N8	4.0	1.698e-05	-0.05446	0.9749	0.9421	1.046	0.9456	1.008	1.017	1.048	FKGDDIVDTVTLTR;NKPATLSTGLVIQVPEYLSPGEK;DIDIQSPTAR;LLLVKDIDIQSPTAR	False	False	Ecoli	False	True	False	diann231	Triqler	Triqler	0.2
0.9136	0.9749	P00811	4.0	6.481e-05	-0.02135	0.9749	0.9278	1.077	0.968	1.008	0.9803	1.046	AVHVSPGALDAEAYGVK;FYQNWQPAWAPGTQR;TLQQGIQLAQSR;TITPLIEQQK	False	False	Ecoli	False	True	False	diann231	Triqler	Triqler	0.2
0.9136	0.9749	P46130	7.0	1.233e-06	-0.08561	0.9749	0.9867	0.9805	0.9343	1.041	1.024	1.037	IGLSLDGGMSPADWR;QNTFFVTNSGVQNR;TLVTNSYIEGDVDIVSGR;TQQEAYVFAPATLSNIYYGFLAVNSR;GAVVFDNTEFR;MWEYNNR;SLDVDANTNGQVVIR	False	False	Ecoli	False	True	False	diann231	Triqler	Triqler	0.2
0.9136	0.9749	decoy_P0C066	2.0	0.04155	-0.01724	0.9738	0.997	0.9872	1.005	1.047	0.9872	0.9779	ANNFADYLLKSR;SLINFDDGTITIETIAGTEPAAHHR	False	False		False	False	False	diann231	Triqler	Triqler	0.2
0.9137	0.9749	P19926	5.0	2.584e-06	-0.08315	0.9749	0.9591	1.014	0.9364	1.009	1.04	1.047	IEYVYQSAEQLR;NADALTLQAPAQR;NGYQDSLFTSPEVAR;NVAKPLVSYIDK;YQQEPGVSGPLK	False	False	Ecoli	False	True	False	diann231	Triqler	Triqler	0.2
0.9137	0.975	P08312	16.0	2.856e-08	-0.0826	0.975	0.949	1.029	0.939	1.018	1.021	1.048	AAISQASDVAALDNVR;AAISQASDVAALDNVRVEYLGK;FRPSYFPFTEPSAEVDVMGK;IENGGLHPVTR;KAELESAALNAR;KGHLTLQMTTLR;LAAETIDVSLPGR;NFFEEDLQIR;SFFENDLR;SHLAELVASAK;GHLTLQMTTLR;LAAETIDVSLPGRR;GTLHDFLR;ELPPEERPAAGAVINEAK;EQVQQALNAR;YGVTDLR	False	False	Ecoli	False	True	False	diann231	Triqler	Triqler	0.2
0.9138	0.975	P76535	2.0	6.146e-05	-0.04475	0.975	0.9413	1.008	0.9925	0.9994	1.004	1.058	IINDEDKTVPLAVER;TPYVIAGLEYAR	False	False	Ecoli	False	True	False	diann231	Triqler	Triqler	0.2
0.9138	0.975	P0ABJ9	12.0	1.191e-07	-0.05746	0.975	0.96	1.054	0.9323	1.015	1.008	1.036	ELMVQHEER;FAIQIPYALGIIATR;RYTPNVADATEAQIQQATK;SVDTPVIGLK;YHFEQSSTTTQPAR;YTPNVADATEAQIQQATK;DLGYGLLLK;VAPLYFAFR;AYSLLEQLR;DLGYGLLLKR;GRDFAFAK;LGPSSLK	False	False	Ecoli	False	True	False	diann231	Triqler	Triqler	0.2
0.9138	0.9751	P00892	1.0	0.000912	0.002149	0.975	0.9598	1.012	1.027	0.9605	0.9982	1.045	HSFLVQSLEELPR	False	False	Ecoli	False	True	False	diann231	Triqler	Triqler	0.2
0.9139	0.9751	P0ABC7	14.0	7.836e-08	-0.07216	0.9751	0.9657	1.036	0.9246	1.011	1.028	1.041	AAFDDAIAAR;AQTILEAQGEVAR;EAEAYTNEVQPR;ELAASGVMLTSDENVVR;YLYSVTSPDDSLR;DQGPPDLDDIFRK;DQGPPDLDDIFR;AAFDDAIAARENEQQYIR;VEMNVQYR;VTNPEKYLYSVTSPDDSLR;LYIETMEK;SDNGASNLLR;GGRDQGPPDLDDIFR;GTGSGGGSSSQGPRPQLGGR	False	False	Ecoli	False	True	False	diann231	Triqler	Triqler	0.2
0.9139	0.9751	P0A9K3	14.0	7.939e-08	-0.07813	0.9751	0.9698	1.027	0.9253	1.039	1.007	1.037	AVITGDVTQIDLPR;EITLEPADNAR;ILLTRPAVEAGEK;IVNAYEAWEEAEQK;LGFLPGDLSQK;NVIEVAPLAYMR;TPNQAQYIANILDHDITFGVGPAGTGK;TYLAVAAAVDALER;VLEQSAESVPEYGK;GQIQDIEPEQIHLAIK;IVNAYEAWEEAEQKR;LGIEINR;SLYVDTAPMR;HAIEVLADVEEISFNFFHSEDVVR	False	False	Ecoli	False	True	False	diann231	Triqler	Triqler	0.2
0.914	0.9751	P0A7N9	3.0	2.372e-05	-0.07457	0.9751	0.945	1.003	0.9691	1.025	1.021	1.04	IKLVSSAGTGHFYTTTK;LVSSAGTGHFYTTTK;KFDPVVR	False	False	Ecoli	False	True	False	diann231	Triqler	Triqler	0.2
0.914	0.9751	P0AAB8	1.0	0.000912	0.02254	0.9751	0.995	1.054	0.9878	1.016	0.9531	0.9974	HIGVAISGNEEDALLVNK	False	False	Ecoli	False	True	False	diann231	Triqler	Triqler	0.2
0.9141	0.9751	P0A9T8	2.0	0.0001803	0.0145	0.9751	0.9465	1.069	1.004	0.9512	1.002	1.034	ALLEQLGLGK;RGETIALVGESGSGK	False	False	Ecoli	False	True	False	diann231	Triqler	Triqler	0.2
0.9141	0.9751	P36683	30.0	5.216e-09	-0.0636	0.9751	0.9609	1.043	0.9355	1.016	1.0	1.05	AIELLGTMQGGYNIHPLIDALDDAK;DLVHAIPLYAIK;EGIEPDQPGVVGPIK;GFPLAYVGDVVGTGSSR;GGVSLRPGDGVIHSWLNR;ILEIEGLPDLKVEQAFELTDASAER;LLDAHKGQLPTR;LNKEPIIEYLNSNIVLLK;LWVAPPTR;NHETGELLATFELK;TDVLIDEVR;VADGATVVSTSTR;VEQAFELTDASAER;ALSHTLLMFDNFYDVEEK;DVAESDRGFSLAQK;EALGLPHSDVFR;SPLLTPEK;LTVTVFK;WMIAEGYGDRR;ILEIEGLPDLK;QGLLTVEKK;QIEALQQKGFPLAYVGDVVGTGSSR;AGGRIPLIIGR;AREALGLPHSDVFR;GFPLAYVGDVVGTGSSRK;EGIEPDQPGVVGPIKQIEALQQK;QGLLTVEK;IPLIIGR;LTVTVFKVTGETNTDDLSPAPDAWSR;YLNFNQLSQYTEK	False	False	Ecoli	False	True	False	diann231	Triqler	Triqler	0.2
0.9141	0.9751	P29013	1.0	0.1351	-0.002515	0.9713	0.9959	1.014	0.9908	1.008	0.9959	0.9959	YGVDEVER	False	False	Ecoli	False	True	False	diann231	Triqler	Triqler	0.2
0.9142	0.9752	P0ACH1	1.0	0.3361	0.003979	0.9626	1.015	0.9971	0.9965	0.9971	0.9971	0.9971	YHDPQTHEFIDR	False	False	Ecoli	False	True	False	diann231	Triqler	Triqler	0.2
0.9142	0.9752	P03817	1.0	0.0009389	-0.02439	0.9752	0.9727	1.035	0.9643	0.9955	0.9994	1.035	FGAIGIGSR	False	False	Ecoli	False	True	False	diann231	Triqler	Triqler	0.2
0.9142	0.9753	decoy_P31061	1.0	0.3479	0.004282	0.9621	1.018	0.9944	0.9971	0.9971	0.9971	0.9971	ADALDELIPGLLSEYER	False	False		False	False	False	diann231	Triqler	Triqler	0.2
0.9143	0.9753	P15723	1.0	0.379	-0.02162	0.9602	0.9967	0.9886	0.9967	0.9967	1.025	0.9967	TQVFPLER	False	False	Ecoli	False	True	False	diann231	Triqler	Triqler	0.2
0.9143	0.9753	P17117	3.0	0.001676	0.004043	0.9752	1.014	1.052	0.9377	1.08	0.9755	0.9488	ESRPFILDYLHK;DTWSDHIR;GALAQYDEQLAEYYLTR	False	False	Ecoli	False	True	False	diann231	Triqler	Triqler	0.2
0.9143	0.9753	P0AGG2	5.0	1.559e-05	0.03193	0.9753	0.9965	1.096	0.9514	0.9771	1.021	0.9645	KPIIYDVETLR;NLLTLLNLEK;LVHSFHSYFLRPGDSK;GQSEDLGLR;QVFGGQVVGQALYAAK	False	False	Ecoli	False	True	False	diann231	Triqler	Triqler	0.2
0.9144	0.9753	P18196	6.0	2.575e-05	-0.06319	0.9753	0.9407	1.036	0.9561	1.007	1.0	1.066	IAQAPAFLK;LIDTPVR;GSSFTLSVVHLHEAEPK;PAPTPQAPAQNTTPVTK;SNTPIELK;VIHQALEDKIAQAPAFLK	False	False	Ecoli	False	True	False	diann231	Triqler	Triqler	0.2
0.9144	0.9753	P0A6E9	8.0	1.617e-06	-0.06956	0.9753	0.9793	1.035	0.918	1.017	1.009	1.048	KLPAPLIGELPYLPR;INPGLAHYAEIIDVLGK;LPAPLIGELPYLPR;ALLQALASQGK;TVAGYKPVAK;FFITGTDTSVGK;ELGQYIR;SVLAVDRVTV	False	False	Ecoli	False	True	False	diann231	Triqler	Triqler	0.2
0.9145	0.9754	P0AEZ3	18.0	2.487e-08	-0.06481	0.9754	0.9737	1.04	0.9232	1.021	1.014	1.034	ASNQGEPVILDINADAGK;IKLVGVIPEDQSVLR;LVGVIPEDQSVLR;TENLYILPASQTR;TTSSAAIATGLAQK;TVVIDFDIGLR;VSRGDMLSMEDVLEILR;GDMLSMEDVLEILR;IIVVTSGK;LLGEERPFR;VVYDFVNVIQGDATLNQALIK;DSDRILGILASK;KTVVIDFDIGLR;ILGILASK;AENGEEPIKEHLLLTR;RTENLYILPASQTR;ASNQGEPVILDINADAGKAYADTVER;RVVYDFVNVIQGDATLNQALIK	False	False	Ecoli	False	True	False	diann231	Triqler	Triqler	0.2
0.9145	0.9754	P0AE74	2.0	0.0007207	0.01584	0.9754	0.9868	1.084	0.9613	1.047	0.949	0.9789	TGGTVFPVIK;NLPPLFK	False	False	Ecoli	False	True	False	diann231	Triqler	Triqler	0.2
0.9145	0.9754	P67662	1.0	0.3537	0.004025	0.962	0.9648	1.067	0.9857	0.9923	1.001	0.9923	VVEFGSFTAAAR	False	False	Ecoli	False	True	False	diann231	Triqler	Triqler	0.2
0.9145	0.9754	decoy_P77503	1.0	0.5531	0.03806	0.945	0.994	1.059	0.9938	0.9677	0.9938	0.9938	VSAYDFHHRFALDTQQTR	False	False		False	False	False	diann231	Triqler	Triqler	0.2
0.9146	0.9755	P0AD07	1.0	0.000912	-0.03332	0.9755	1.004	1.003	0.951	1.026	0.9991	1.018	QLALIEDETQAAVFSK	False	False	Ecoli	False	True	False	diann231	Triqler	Triqler	0.2
0.9146	0.9755	P75835	1.0	0.5631	-0.03906	0.9439	0.996	0.9719	0.996	0.996	1.045	0.996	VLLGDADSK	False	False	Ecoli	False	True	False	diann231	Triqler	Triqler	0.2
0.9147	0.9755	P0A8L1	21.0	2.099e-08	-0.04256	0.9755	0.984	1.059	0.9183	1.02	0.9943	1.031	AELDALQAEIR;ARGEDIEPLR;DIALTIPNLPADEVPVGKDENDNVEVSR;LVHTLNGSGLAVGR;TLVAVMENYQQADGR;TYDLEVWIPAQNTYR;VLQLLGLPYR;VLQLLGLPYRK;GEIIDEDDLPIK;LDVDKLGALEER;LGEELDAAKAELDALQAEIR;GEDIEPLRLEVNK;EFDFEVR;MLDPNLLR;LGEELDAAK;GEDIEPLR;DHVTLGEMHSGLDFAAAVK;DIALTIPNLPADEVPVGK;LDPNLLR;LGALEER;LEVNKLGEELDAAK	False	False	Ecoli	False	True	False	diann231	Triqler	Triqler	0.2
0.9147	0.9755	decoy_Q47155	1.0	0.4336	-0.01467	0.9568	1.009	0.9789	0.994	1.069	0.994	0.9585	AALIATDR	False	False		False	False	False	diann231	Triqler	Triqler	0.2
0.9147	0.9756	P08839	30.0	2.417e-09	-0.06688	0.9756	0.9694	1.037	0.9271	1.03	1.002	1.04	AKASAQLETIK;ALLLKEDEIVIDR;ASAQLETIK;AVQEQVASEKAELAK;DALPTEEEQFAAYK;EENPFLGWR;EIEIYKQELR;EVDFFSIGTNDLTQYTLAVDR;HMTADAAAHEVIEGQASALEELDDEYLKER;IIDLSAIQDEVILVAADLTPSETAQLNLKK;IMFPMIISVEEVR;KISADQVDQEVER;KVLGFITDAGGR;MISGILASPGIAFGK;NDDYLILDAVNNQVYVNPTNEVIDK;SLELPAIVGTGSVTSQVK;TEFLFMDR;TEFLFMDRDALPTEEEQFAAYK;VLAEQALAQPTTDELMTLVNK;VLAEQALAQPTTDELMTLVNKFIEEK;ISADQVDQEVER;NGAEGVGLYR;VLGFITDAGGR;EILRDQLR;AFDESIEIGVMVETPAAATIAR;EDEIVIDRK;DVEGAERNGAEGVGLYR;IIDLSAIQDEVILVAADLTPSETAQLNLK;ISGILASPGIAFGK;TMDIGGDKELPYMNFPK	False	False	Ecoli	False	True	False	diann231	Triqler	Triqler	0.2
0.9148	0.9756	P0A8W2	4.0	6.813e-05	-0.0405	0.9756	0.9861	1.053	0.9166	1.029	0.9781	1.044	AIGIEQPSLVR;LTEKAEPLISEMEAVINK;TLDQLEEK;AEPLISEMEAVINK	False	False	Ecoli	False	True	False	diann231	Triqler	Triqler	0.2
0.9148	0.9756	P18776;P0AAJ1	1.0	0.000912	-0.02717	0.9756	1.0	1.009	0.9577	0.977	1.021	1.037	TTQYGFFIDSSR	False	False		False	False	False	diann231	Triqler	Triqler	0.2
0.9148	0.9756	P0AFP4	4.0	1.61e-05	-0.06084	0.9756	0.9607	0.9944	0.9772	0.9973	0.9815	1.094	FTDNVNQTQSDKPVENPGIAAR;YALEAWSDALR;VSLIEPGPIR;FTLGPEAVVDKVR	False	False	Ecoli	False	True	False	diann231	Triqler	Triqler	0.2
0.9149	0.9757	P17846	30.0	4.022e-09	-0.06713	0.9757	0.9774	1.035	0.9213	1.029	1.014	1.028	AYAEIWLDQEKVATTDEEPILGQTYLPR;EAGEGFGDFTVR;EREAGEGFGDFTVR;FLPSFIDNIDNLMAK;GIDDNWHLTLFIENGR;ISEHLLPR;ITANQNLIIAGVPESEK;LVGFNLLVGGGLSIEHGNKK;MYKENITEPEILASLDELIGR;QWQAIDKFAGENTIYGSIR;SEKHPGPLVVEGK;TASEFGYLPLEHTLAVAEAVVTTQR;VATTDEEPILGQTYLPR;YNLHLGGNR;AYAEIWLDQEK;GTIAEDLNDGLTGGFKGDNFLLIR;ITANQNLIIAGVPESEKAK;HGVSDEHIVMR;LPGGVITTK;KISEHLLPR;AMLAEVGLVGK;FAGENTIYGSIR;AGIIRPVLDPAR;ESGLMNAVTPQR;GDNFLLIR;TGLLEIAK;VGVETFK;VGVETFKAEVER;FEPIRPYEFTGR;QTFQFHGILK	False	False	Ecoli	False	True	False	diann231	Triqler	Triqler	0.2
0.9149	0.9757	P45464	15.0	4.767e-08	-0.05406	0.9757	0.9495	1.058	0.9423	1.007	1.016	1.033	ALIAQEPLLGAK;IALLLPLNGQAAVFGR;INWQLLAIR;NGSQSGATLYASSR;SNTPLNVLALNQPENIENR;VANAFAQEWQK;ITPADLEQNQQAR;QAPLVLIPR;TIQQGFEAAK;IDASQGRPSIDLLR;DFAGAQNLLAK;LGGGTVLQQK;FGSTSELR;MLPTQLVNVK;AGIADWQK	False	False	Ecoli	False	True	False	diann231	Triqler	Triqler	0.2
0.915	0.9757	P16703	6.0	9.627e-06	-0.06989	0.9757	0.977	1.01	0.9334	1.067	1.009	1.008	STLEQTIGNTPLVK;EQSKPVTIVGLQPEEGSSIPGIR;ITHFVSSMGTTGTITGVSR;AYGAELILVTK;LLDQFNNPDNPYAHYTTTGPEIWQQTGGR;DLALEMANR	False	False	Ecoli	False	True	False	diann231	Triqler	Triqler	0.2
0.915	0.9757	P62620	20.0	2.478e-08	-0.04687	0.9757	0.9818	1.052	0.9213	1.011	0.9988	1.04	ASDVFLAVESYR;INPGNIGNEER;IYVGNVPIGDGAPIAVQSMTNTR;QEFDVIGTVNALEQR;QIDQPLHLGITEAGGAR;QQVNVPLVADIHFDYR;SAIGLGLLLSEGIGDTLR;TTDVEATVNQIK;VSVPTMDAAEAFK;RIDVQQVEK;SGLYEDGVR;VSLAADPVEEIKVGFDILK;IGVNAGSLEK;IGVNAGSLEKDLQEK;SGLYEDGVRK;VSLAADPVEEIK;IDVQQVEK;VGADIVR;LNFDQFK;YGEPTPQALLESAMR	False	False	Ecoli	False	True	False	diann231	Triqler	Triqler	0.2
0.915	0.9757	P11454	3.0	0.004489	-0.009529	0.9756	0.9665	1.041	0.971	1.011	0.9908	1.021	FIADPFAPGER;ATLFVAER;GVKPGDSVAVALPR	False	False	Ecoli	False	True	False	diann231	Triqler	Triqler	0.2
0.9151	0.9758	P0AEV1	1.0	0.3537	-0.01613	0.9625	0.9982	0.9902	0.9982	1.017	0.9982	0.9982	LPELGALLK	False	False	Ecoli	False	True	False	diann231	Triqler	Triqler	0.2
0.9151	0.9758	P0AA41	2.0	0.006486	0.009113	0.9756	0.9778	1.04	1.003	1.026	0.9505	1.005	YGLVELEPK;SGAEHFGLQR	False	False	Ecoli	False	True	False	diann231	Triqler	Triqler	0.2
0.9152	0.9758	P63386	2.0	0.0005322	-0.03163	0.9758	0.9734	1.014	0.9699	1.042	1.003	0.9993	IVAHGSAQALQANPDPR;QFLDGIADGPVPFR	False	False	Ecoli	False	True	False	diann231	Triqler	Triqler	0.2
0.9152	0.9758	P0AG59	8.0	1.212e-06	-0.09064	0.9758	0.9462	1.012	0.9505	1.022	1.012	1.062	AIISDVNASDEDR;AIISDVNASDEDRWNAVLK;GEIPGLKK;QTGRPHGFLR;GEIPGLK;VALADKYFAK;EAAMRGEIPGLK;PHGFLRK	False	False	Ecoli	False	True	False	diann231	Triqler	Triqler	0.2
0.9152	0.9758	P77649	1.0	0.3505	-0.003168	0.9628	0.9976	0.9976	0.9976	0.9976	0.9909	1.019	AAFDDWFAR	False	False	Ecoli	False	True	False	diann231	Triqler	Triqler	0.2
0.9153	0.9758	P0ABV2	3.0	0.0008944	-0.03228	0.9758	0.9775	1.075	0.9251	0.9769	1.018	1.034	KDTTIFFR;IGLVGEETAK;DTTIFFR	False	False	Ecoli	False	True	False	diann231	Triqler	Triqler	0.2
0.9153	0.9758	P0AF61	2.0	6.146e-05	0.04086	0.9758	1.058	1.014	0.9884	1.045	0.9682	0.9323	NKFNTYVVSFDYPSSYSSVFLR;QLNENSFAITTSLAASEIEDLIR	False	False	Ecoli	False	True	False	diann231	Triqler	Triqler	0.2
0.9154	0.9758	P64604	6.0	1.417e-06	-0.05966	0.9758	0.9414	1.045	0.9561	0.9884	1.008	1.067	GDDNKNSGDAPAAAPGNNETTEPVGTTK;SPVSIGGVVVGR;TEPTYTLYATFDNIGGLK;YNHIPDTSSLSIR;VADITLDPK;VTLEIEQR	False	False	Ecoli	False	True	False	diann231	Triqler	Triqler	0.2
0.9154	0.9759	P0A9W0	2.0	0.005852	-0.009093	0.9757	0.932	1.036	1.034	0.9973	1.016	0.9886	LGISPATAR;LVVLVDSSK	False	False	Ecoli	False	True	False	diann231	Triqler	Triqler	0.2
0.9154	0.9759	P25741	2.0	0.1066	0.01189	0.973	1.026	0.9895	0.9895	1.017	0.9895	0.9895	ISVIDLHR;GLNPLTR	False	False	Ecoli	False	True	False	diann231	Triqler	Triqler	0.2
0.9155	0.9759	P0AEE5	3.0	3.049e-05	-0.05748	0.9759	0.9788	0.9984	0.957	1.061	0.9672	1.042	ALAINLVDPAAAGTVIEK;SSIPVFGVDALPEALALVK;GQNVPVVFFNKEPSR	False	False	Ecoli	False	True	False	diann231	Triqler	Triqler	0.2
0.9155	0.9759	P0ACV8	1.0	0.000912	0.02841	0.9759	1.047	1.012	0.9761	0.9909	0.971	1.005	TPLAHYFQLLLTR	False	False	Ecoli	False	True	False	diann231	Triqler	Triqler	0.2
0.9156	0.9759	P31060	3.0	0.0007473	-0.01985	0.9759	0.9883	1.046	0.9421	1.005	0.971	1.052	LSFEQLQK;SSLQILQGTFR;LVQQWLDILGIDKR	False	False	Ecoli	False	True	False	diann231	Triqler	Triqler	0.2
0.9156	0.9759	P76403	10.0	6.663e-07	-0.07768	0.9759	0.9617	1.008	0.9486	1.019	0.9872	1.081	AIDDAAAGKPFDTSLLETLEGLAHR;HTHDDYQNYEYGYSVSDR;QQFVGEFTGER;YAFAYGADAVYAGQPR;FYVVVNIAPHNAK;RHTHDDYQNYEYGYSVSDR;MFKPELLSPAGTLK;GYTEGFLR;KGDLAAVAVK;FWQQMGLTR	False	False	Ecoli	False	True	False	diann231	Triqler	Triqler	0.2
0.9156	0.976	P62615	3.0	0.0002133	0.0212	0.976	1.014	1.07	0.9424	1.008	0.973	0.997	LLTPVEGVEHEDNLIVR;LNLFLYITGQR;SIETLLK	False	False	Ecoli	False	True	False	diann231	Triqler	Triqler	0.2
0.9157	0.976	P0AD49	7.0	5.186e-07	-0.06286	0.976	0.9889	1.023	0.9124	1.057	1.002	1.023	HEDMYTAINELINKLER;LEKWQTHLINPHIILSK;QMEITPAIR;WQTHLINPHIILSK;AATSVKDANFVEEVEEE;EPQGFVADATINTPNGVLVASGK;DANFVEEVEEE	False	False	Ecoli	False	True	False	diann231	Triqler	Triqler	0.2
0.9157	0.976	P16384	12.0	2.177e-07	-0.08459	0.976	0.9705	1.02	0.9231	1.036	1.014	1.042	ALEVFFISGK;ALLEGLSPLPSADPEVR;AIFLMGPTASGK;ARIEQQAAEQGWESLHR;TALAIELR;ILPVELISVDSALIYK;TLTELTQTSGDALPYQVHQFAIAPASR;TALAIELRK;IPLLVGGTMLYFK;GDLHTDLPSIR;DALAEMADITAAGR;IEQQAAEQGWESLHR	False	False	Ecoli	False	True	False	diann231	Triqler	Triqler	0.2
0.9158	0.976	P0A8R0	5.0	4.106e-06	-0.04228	0.976	0.9723	1.056	0.9288	0.9937	0.9941	1.062	ASFGGQIITVK;LAVQNEWEGLVIYGAVR;RALVDAELAR;ALVDAELAR;VLVVDGGGSVR	False	False	Ecoli	False	True	False	diann231	Triqler	Triqler	0.2
0.9158	0.976	P0A7Z4	19.0	2.014e-08	-0.03385	0.976	0.9774	1.066	0.927	1.022	0.9804	1.033	AATILAEQLEAFVDLR;AATILAEQLEAFVDLRDVR;EGVQEDILEILLNLK;GFGHTLGNALRR;IAYNVEAAR;IHSEEDERPIGR;LVDIEQVSSTHAK;MQGSVTEFLKPR;TDLDKLVIEMETNGTIDPEEAIR;VQGKDEVILTLNK;AEAIHYIGDLVQR;SLTEIKDVLASR;VTLEPLER;DEVILTLNK;GFGHTLGNALR;TEVELLK;TEVELLKTPNLGK;LENWPPASIADE;GYVPASTR	False	False	Ecoli	False	True	False	diann231	Triqler	Triqler	0.2
0.9158	0.976	P0ABX8	8.0	9.17e-07	-0.004308	0.976	1.025	1.056	0.9095	1.011	0.9709	1.035	QDVTDVLYTAFILR;TTLSTPLVAGQPK;QDAAVLATEEGKK;LSEYLPEVR;LLLLFSR;VVPSPVFYALDTFTVNLGDADR;SRLLLLFSR;NLIAEIK	False	False	Ecoli	False	True	False	diann231	Triqler	Triqler	0.2
0.9159	0.976	P0AC86	13.0	5.538e-07	0.01003	0.976	0.9957	1.089	0.9316	0.9548	1.015	1.022	LRQEYFLVSSTIQDILSR;TLQEQYPNDTDLLGR;VLYPDDSTYSGR;RWLAVANPSLSAVLDEHLGR;WLAVANPSLSAVLDEHLGR;LWSAQASSEINLGK;ALFDVQIK;FNQGDYFAAVEDKNHSENVSR;ALFDVQIKR;LAEYIAQQLNVVVNPK;WIETEEILGVAYDQIIPGYDTDATNTLR;QLMNVLHVITR;EYYEKDEELHQVLTQIGSGVFSPEDPGR	False	False	Ecoli	False	True	False	diann231	Triqler	Triqler	0.2
0.9159	0.976	P77569	1.0	0.14	-0.007983	0.9721	0.9914	1.066	0.9333	0.9914	1.001	1.022	LEAILAR	False	False	Ecoli	False	True	False	diann231	Triqler	Triqler	0.2
0.916	0.976	P0AFG3	25.0	1.368e-08	-0.07417	0.976	0.9659	1.027	0.9361	1.065	1.005	1.007	EVIPFGASLR;FLSELTAAEGLER;ISTVPEAVEMQSR;IVINNQVGFTTSNPLDAR;KPQDLFDEFAGK;LFDWGGAENLAYATLVDEGIPVR;LNVLVNVLGK;MVQAPIFHVNADDPEAVAFVTR;VYYDLLEQR;YSSTISDPDTNVK;VATLEDATEMVNLYR;IEQLYPFPHK;VADLDPSFHDLTEADFQETFNVGSFASGK;RPLVVMSPK;HPLAVSSLEELANGTFLPAIGEIDELDPK;GRLNVLVNVLGK;GYEVGGTVR;NNQHDVAIVR;STFQQLPGTGVKPDQFHSQTR;VLQLINAYR;HGHNEADEPSATQPLMYQK;FSLEGGDALIPMLK;KNNQHDVAIVR;EVVLGMAHR;LDRLDEPSSNK	False	False	Ecoli	False	True	False	diann231	Triqler	Triqler	0.2
0.916	0.9761	P00579;P13445	1.0	0.000912	-0.0009292	0.976	1.044	1.005	0.9466	1.034	0.9736	1.0	FSTYATWWIR	False	False		False	False	False	diann231	Triqler	Triqler	0.2
0.916	0.9762	P23909	24.0	1.853e-08	-0.03794	0.9762	0.9765	1.058	0.9347	1.022	0.9716	1.043	AIIDTPPVLVR;ALADGATDYLER;AQHPEILLFYR;DGGVIASGYNEELDEWR;GFGYATLDISSGR;IVTPGTISDEALLQER;QDNLLAAIWQDSK;RPLWEFEIDTAR;SYGLAVAALAGVPK;VGAADDLASGR;DLVGFGVENAPR;QQLNLQFGTR;QALEWIYR;HAFQQLPELR;TTLPHIR;ASQLLDISLTKR;VGFNAVHGYYIQISR;ASQLLDISLTK;VEIGPIDR;ITEGRHPVVEQVLNEPFIANPLNLSPQR;YIIPELK;MGEFAELR;MGDFYELFYDDAKR;LKAQHPEILLFYR	False	False	Ecoli	False	True	False	diann231	Triqler	Triqler	0.2
0.9161	0.9762	P0ABN5	5.0	4.551e-05	0.03033	0.9762	0.9777	1.059	1.004	0.9709	0.9298	1.066	LEEGLVELR;LEEGLVELRGEK;LSDDPIYRK;LSDDPIYR;RLEEGLVELR	False	False	Ecoli	False	True	False	diann231	Triqler	Triqler	0.2
0.9161	0.9762	P0AB67	5.0	4.817e-06	-0.05125	0.9762	1.035	1.008	0.8901	1.02	1.02	1.035	NSHSVIITPGYGMAVAQAQYPVAEITEK;ASVDAILK;FGIHPVAGR;AQNVIVFKR;AQNVIVFK	False	False	Ecoli	False	True	False	diann231	Triqler	Triqler	0.2
0.9162	0.9762	P69739	3.0	0.001737	-0.02768	0.9762	0.9318	1.012	1.035	1.055	1.013	0.9582	AHFDAGEFVQSWDDDAAR;IAWALENKPR;VITDKPIIK	False	False	Ecoli	False	True	False	diann231	Triqler	Triqler	0.2
0.9162	0.9762	Q59385	5.0	4.563e-06	-0.01094	0.9762	0.9724	1.101	0.934	0.9996	0.9946	1.005	VQNALQSVPGVTQAR;LAAALEQGSSHPLAR;AAEFGVLVR;LLDLTPPTAR;GEGDSVHAGTVVQDGSVLFR	False	False	Ecoli	False	True	False	diann231	Triqler	Triqler	0.2
0.9162	0.9762	P69805	6.0	1.319e-06	0.06681	0.9762	1.06	1.023	0.995	1.006	0.9346	0.9859	ANGAEIDDGAINGIK;HLEFFNTQPFVAAPILGVTLALEEQR;SNLFQGSWNFER;RHLEFFNTQPFVAAPILGVTLALEEQR;YYGVAYGYSK;RLYPENNEAR	False	False	Ecoli	False	True	False	diann231	Triqler	Triqler	0.2
0.9162	0.9763	decoy_P0ACR7	1.0	0.5668	0.04419	0.9452	1.012	0.9957	1.04	0.9624	0.9957	0.9957	ELVLTDAGQQLAVR	False	False		False	False	False	diann231	Triqler	Triqler	0.2
0.9163	0.9763	P33667	2.0	0.0003914	-0.003197	0.9763	1.039	1.003	0.967	1.018	0.9287	1.049	ALLIADTPIIDVR;LWVLEDESR	False	False	Ecoli	False	True	False	diann231	Triqler	Triqler	0.2
0.9163	0.9763	P0AAC8	5.0	2.942e-06	-0.083	0.9763	0.9693	1.009	0.9371	1.028	1.017	1.045	SITLSDSAAAR;SLQFLDGTQLDFVK;EGLNEGFK;VNTFLANR;SLQFLDGTQLDFVKEGLNEGFK	False	False	Ecoli	False	True	False	diann231	Triqler	Triqler	0.2
0.9163	0.9763	P0AFW0	1.0	0.06207	-0.01086	0.9748	0.9414	1.041	1.001	0.9747	1.014	1.032	FGASPAIVPSAVIHQLSVYKPK	False	False	Ecoli	False	True	False	diann231	Triqler	Triqler	0.2
0.9164	0.9763	P37773	15.0	1.451e-07	-0.06368	0.9763	0.9818	1.033	0.9201	1.043	0.994	1.034	HVGVAPADAANALGSFINAR;TLILNNLEFDHADIFDDLK;QFHHLVR;WVLAVAGTHGK;IIWPENDINLK;IIAVLEPR;DRWVLAVAGTHGK;TLILNNLEFDHADIFDDLKAIQK;NIPYMSGPQWLHDFVLR;GEANGVTVYDDFAHHPTAILATLAALR;LTTDASEWEVLLDGEK;LTTDASEWEVLLDGEKVGEVK;KLTTDASEWEVLLDGEK;LLDGLAK;DDLAPSLGR	False	False	Ecoli	False	True	False	diann231	Triqler	Triqler	0.2
0.9164	0.9764	P08957	22.0	7.348e-09	-0.04403	0.9764	0.9671	1.065	0.932	1.016	0.9906	1.035	AAVVVPDNVLFEGGK;AFIGLELVPGTR;AHIVATNPPFGSAAGTNITR;ETGQEAEYLPEGYR;EVVQDPAAGTAGFLIEADR;IGQEQLQFYR;LGNTLGSDGENLPK;LPTGIFYAQGVK;QLLEEAFGGVKE;SDSLDISWLK;SQTNDLDDLDGDTQDFQIHR;SRDDFGDMYEGLLQK;TIIHLLKPQPR;TPFTDEHLQPFER;VYGEDPHGLSPR;EVVQDPAAGTAGFLIEADRYVK;SGAGQYFTPRPLIK;SGAGQYFTPR;AFIGLELVPGTRR;TNVLFFTK;ETGQEAEYLPEGYRWDDLK;RTPFTDEHLQPFER	False	False	Ecoli	False	True	False	diann231	Triqler	Triqler	0.2
0.9165	0.9764	P0AG67	42.0	8.881e-10	-0.05285	0.9764	0.982	1.041	0.9228	1.033	0.9936	1.032	AFLPGSLVDVRPVR;ANPWQQFAETHNK;ANPWQQFAETHNKGDR;AVIESENSAERDQLLENLQEGMEVK;AYEDAETVTGVINGK;DRVEDATLVLSVGDEVEAK;DTLHLEGKELEFK;GATVELADGVEGYLR;GDEIAAVVLQVDAER;GDEIAAVVLQVDAERER;GGFTVELNGIR;GVVVAIDKDVVLVDAGLK;HPSEIVNVGDEITVK;KGDEIAAVVLQVDAER;NLTDYGAFVDLGGVDGLLHITDMAWK;NLTDYGAFVDLGGVDGLLHITDMAWKR;QLAEDPFNNWVALNK;QLAEDPFNNWVALNKK;QLGEDPWVAIAK;SESAIPAEQFK;TESFAQLFEESLK;TESFAQLFEESLKEIETR;VEDATLVLSVGDEVEAK;VKGGFTVELNGIR;VKHPSEIVNVGDEITVK;VVNVGDVVEVMVLDIDEER;EIETRPGSIVR;MTESFAQLFEESLK;QLGEDPWVAIAKR;DQLLENLQEGMEVK;HEAWITLEK;DVVLVDAGLKSESAIPAEQFK;GVVVAIDK;RHEAWITLEK;QEDANFSNNAMAEAFK;TRVSLGLK;DVVLVDAGLK;AFLPGSLVDVR;AISLSVR;DTLHLEGK;RISLGLK;ERISLGVK	False	False	Ecoli	False	True	False	diann231	Triqler	Triqler	0.2
0.9165	0.9764	P20099	6.0	7.695e-05	-0.01263	0.9764	0.9904	1.028	0.984	1.035	0.9059	1.065	SELQWLETFYNVAR;IEIFSQR;LHSQLNYSSLR;EAYGPASIFAGSYGWR;HADIVLPATTSFER;FTEGKSELQWLETFYNVAR	False	False	Ecoli	False	True	False	diann231	Triqler	Triqler	0.2
0.9165	0.9765	P37019	1.0	0.4311	-0.007273	0.9586	0.9961	0.9961	0.9961	0.9961	0.9813	1.035	EGPTVQIGGNIGR	False	False	Ecoli	False	True	False	diann231	Triqler	Triqler	0.2
0.9166	0.9765	P76116	9.0	2.88e-07	-0.04279	0.9765	0.9576	1.065	0.9357	1.023	0.9882	1.037	ELVADDATNTVYISGIGK;LYTTNADGELITIDTADNK;QQEATQPDDVIR;TFDTPTHPNSLALSADGK;VAAPESLAVLFNPAR;AAEVLVVDTR;TEEVRPLQPR;TLYVSVK;LLDDGKEHFFINISLDTAR	False	False	Ecoli	False	True	False	diann231	Triqler	Triqler	0.2
0.9166	0.9765	P12281	8.0	4.357e-07	-0.076	0.9765	0.9905	0.9928	0.9319	1.068	0.9822	1.04	LSGNTASGLPAR;LTTAELPVIASLGIAEVPVIR;TILEELGEIAFWK;VALFSTGDELQLPGQPLGDGQIYDTNR;LADIASGQPLPVAGK;LTTAELPVIASLGIAEVPVIRK;RGEDISAGAVVFPAGTR;TPGRLDFQR	False	False	Ecoli	False	True	False	diann231	Triqler	Triqler	0.2
0.9167	0.9765	P42620	7.0	3.04e-05	-0.03411	0.9765	0.9442	1.076	0.9472	1.011	1.011	1.017	NHTIVSNESAEIIR;ISDYLNLYGFLR;VTVPVLWDK;FDPVYVTHFK;LWTTLVR;TINPTGIISIGPWQDLDEPHGR;YLTGNQLTEADIR	False	False	Ecoli	False	True	False	diann231	Triqler	Triqler	0.2
0.9167	0.9765	P0A862	7.0	6.283e-07	-0.07222	0.9765	0.97	1.026	0.9312	1.022	0.9881	1.069	AQTFTLVAK;DLSDVTLGQFAGK;DLSDVTLGQFAGKR;NAEFLQAYGVAIADGPLK;NAEFLQAYGVAIADGPLKGLAAR;SQTVHFQGNPVTVANSIPQAGSK;AQTFTLVAKDLSDVTLGQFAGK	False	False	Ecoli	False	True	False	diann231	Triqler	Triqler	0.2
0.9167	0.9766	P0AC33	7.0	1.293e-06	-0.08667	0.9766	0.9866	0.9771	0.9419	1.01	1.04	1.049	DVELEKELLIEAQNLGLGAQFGGK;TPEGYASGSLGPTTAGR;YSQNAPLDMYK;VAPEALTLLAR;YYDELPTEGNEHGQAFR;VWTGGGDEAALAR;YIPEELRK	False	False	Ecoli	False	True	False	diann231	Triqler	Triqler	0.2
0.9168	0.9766	P0ACN4	5.0	1.138e-05	-0.04179	0.9766	0.9533	1.054	0.9397	0.9972	1.018	1.043	GIAILQYLEK;LTEDRFVSQGELVR;FVSQGELVR;DISTALGLK;SGGSSSVSDISLNLDLPLSTTFR	False	False	Ecoli	False	True	False	diann231	Triqler	Triqler	0.2
0.9168	0.9766	P0ABE2	5.0	5.844e-06	-0.0593	0.9766	0.9522	1.017	0.9584	1.006	0.9804	1.093	AAFQPVFLEVVDESYR;HNVPAGSESHFK;VVLVSDRFTGER;AAFQPVFLEVVDESYRHNVPAGSESHFK;VVLVSDR	False	False	Ecoli	False	True	False	diann231	Triqler	Triqler	0.2
0.9169	0.9766	P0AAF6	2.0	0.0002717	0.004863	0.9766	0.946	1.065	1.007	1.014	0.9954	0.9768	VLNLLEMPR;SGTLNIAGNHFDFTK	False	False	Ecoli	False	True	False	diann231	Triqler	Triqler	0.2
0.9169	0.9767	P00803	6.0	4.405e-06	-0.01102	0.9767	0.9481	1.029	1.002	0.9781	0.9487	1.103	YWGFVPEANLVGR;AVGLPGDKVTYDPVSK;KETLGDVTHR;TLIETGHPK;FAYGIKDPIYQK;QAAAQAAAGDSLDK	False	False	Ecoli	False	True	False	diann231	Triqler	Triqler	0.2
0.9169	0.9767	P43672	11.0	1.333e-06	-0.06575	0.9767	0.9846	1.03	0.9128	1.03	1.018	1.029	HVLGYLQDFLFHPK;TFNGTIIFISHDR;EQGLDDGRIIYEQDLIVAR;IIYEQDLIVAR;DFSAQVLR;NVEGSVYDFVAEGIEEQAEYLKR;LAQEEVWIR;LMLGQLQADSGR;GQQEQYVALKQPAVK;ILNREQGLDDGR;IGRYVGGYHDAR	False	False	Ecoli	False	True	False	diann231	Triqler	Triqler	0.2
0.917	0.9767	P0A7F6	4.0	1.687e-05	0.04661	0.9767	1.063	1.048	0.9514	1.004	0.9903	0.9489	ALNYLIHQLESDIVTIDYR;DGYIAYIDELYNANR;LHGFNNLTK;LIDKTEHPGPLPETVVAHLDK	False	False	Ecoli	False	True	False	diann231	Triqler	Triqler	0.2
0.917	0.9767	P33012	1.0	0.1598	0.006252	0.9723	1.044	0.9726	0.9978	1.027	0.9926	0.9692	EWVAVYYDNPDETPAEK	False	False	Ecoli	False	True	False	diann231	Triqler	Triqler	0.2
0.917	0.9767	decoy_P27127	1.0	0.4849	0.01142	0.9548	0.9945	0.9945	1.026	0.9459	0.9945	1.048	YSAGEIHIEHEKIPASIDEFYQIK	False	False		False	False	False	diann231	Triqler	Triqler	0.2
0.917	0.9768	P0A6T3	7.0	9.296e-07	-0.05281	0.9768	0.9628	1.05	0.9311	1.004	1.011	1.047	DVTIEEFNAVAHELDPIVAK;GVAVVIINSNFKR;TQSLFANAFGYPATHTIQAPGR;TVEAASALEQGDLKR;TLVGSEYNTR;FFQQPALR;GVAVVIINSNFK	False	False	Ecoli	False	True	False	diann231	Triqler	Triqler	0.2
0.9171	0.9768	P0AFR4	6.0	1.667e-06	-0.08853	0.9768	0.9665	1.004	0.9355	1.043	1.018	1.037	DLSELSTYSFVDNVAFR;LINQAVEIVR;NNTPGNYTFILK;SQFFYIHPDNPQQR;EGVGDVKPFL;QVDLIIHGGYLGQKPTTVIDLTDDTPVVVR	False	False	Ecoli	False	True	False	diann231	Triqler	Triqler	0.2
0.9171	0.9768	P36938	20.0	1.218e-08	-0.09461	0.9768	0.9523	1.018	0.9371	1.022	1.044	1.032	AGLTLGVDPLGGSGIEYWK;AGLTLGVDPLGGSGIEYWKR;ANALLADGLK;DKFDLAFANDPDYDR;HSFNEPHILAIAQAIAEER;IGEYYNLNLTIVNDQVDQTFR;ISLDEAMASGHVK;KLVEVPVGFK;LSPEMVSASTLAGDPITAR;LVEVPVGFK;TLVSSAMIDR;FGAPSYNR;LTAAPGNGASIGGLK;NPQEHYNELAK;RFGAPSYNR;EAVEIVSEVLK;YNPPNGGPADTNVTK;FMHLDKDGAIR;RIGEYYNLNLTIVNDQVDQTFR;KGGPLADGIVITPSHNPPEDGGIK	False	False	Ecoli	False	True	False	diann231	Triqler	Triqler	0.2
0.9172	0.9769	P77376	9.0	1.526e-06	-0.0712	0.9769	0.9827	1.018	0.9223	1.053	0.9974	1.032	VGLIGYGYASK;YGLDPQEER;HVVVDKPFTVTLSQAR;HLFNDPNIDLIVIPTPNDTHFPLAK;RWDSDFLTLK;WDSDFLTLK;VEGEERVEETLLTVPGNYPAYYAAIR;VLSVFHNR;ADWPTVTVVSEPK	False	False	Ecoli	False	True	False	diann231	Triqler	Triqler	0.2
0.9172	0.9769	P15770	3.0	3.362e-05	-0.05031	0.9769	0.9697	1.043	0.9426	1.006	0.9969	1.046	GANVTVPFKEEAFAR;SPFIHQQFAQQLNIEHPYGR;ILLIGAGGASR	False	False	Ecoli	False	True	False	diann231	Triqler	Triqler	0.2
0.9172	0.9769	P69801	1.0	0.0202	0.006857	0.9764	0.9996	1.057	0.9527	1.018	0.9937	0.9816	VAGAPAQAAGNNDLDNELD	False	False	Ecoli	False	True	False	diann231	Triqler	Triqler	0.2
0.9173	0.977	P60664	8.0	1.915e-06	-0.01182	0.977	0.9782	1.081	0.939	1.031	0.9555	1.022	AYLATQGVEIR;NHEIIGDIVPLAK;YAEEGADELVFYDITASSDGR;ILSFGADKISINSPALADPTLITR;ISINSPALADPTLITR;RYAEEGADELVFYDITASSDGR;DADVDGALAASVFHK;QIINIGELK	False	False	Ecoli	False	True	False	diann231	Triqler	Triqler	0.2
0.9173	0.977	P76269	1.0	0.2705	-0.01066	0.9685	0.9939	1.001	0.9939	0.9618	1.032	1.018	SGGASGMLGTAR	False	False	Ecoli	False	True	False	diann231	Triqler	Triqler	0.2
0.9174	0.977	P15047	3.0	0.001021	-0.03593	0.977	0.9706	0.9849	0.9968	0.9841	1.05	1.016	NVWVTGAGK;GGAIVTVASDAAHTPR;TLWVSDDAEEQR	False	False	Ecoli	False	True	False	diann231	Triqler	Triqler	0.2
0.9174	0.9771	P0A6L7	6.0	1.985e-05	-0.05103	0.9771	0.9664	1.026	0.9587	1.078	0.9513	1.026	IIQFGEGNFLR;DFPGAQYPER;EISVYSEYDEFLK;ILPQLLAGQK;AIYEEIIPVLDLPRDELESFASAVTGR;GLNEKGEAVSDAR	False	False	Ecoli	False	True	False	diann231	Triqler	Triqler	0.2
0.9174	0.9771	Q46868	8.0	1.629e-06	-0.06835	0.9771	0.9567	1.032	0.9375	1.0	1.02	1.058	EEFDVQTQVLLR;QTLQAQLTR;EKLALLEQR;LALLEQR;GIREFGEDVEK;IRQTLQAQLTR;EFGEDVEK;LDLVSREEFDVQTQVLLR	False	False	Ecoli	False	True	False	diann231	Triqler	Triqler	0.2
0.9175	0.9771	P0AEZ9	7.0	1.15e-06	-0.05372	0.9771	0.9737	1.047	0.925	1.025	0.9823	1.054	MLSFEEIGTSTLQSR;RGEEDDTSGHYLR;SQVSTEFIPTR;TAWENIIAPQLDAR;IAILTVSNR;EVEGFGEVFR;TLIFAMPGSTK	False	False	Ecoli	False	True	False	diann231	Triqler	Triqler	0.2
0.9175	0.9772	P0A7K6	11.0	9.689e-08	-0.05516	0.9772	0.9359	1.049	0.9608	0.9922	1.022	1.045	GLHSAFTVRK;LQAFEGVVIAIR;NRGLHSAFTVR;RLQAFEGVVIAIR;VFQTHSPVVDSISVK;VFQTHSPVVDSISVKR;VWVVEGSKK;GLHSAFTVR;QDVPSFRPGDTVEVK;VWVVEGSK;AKLYYLR	False	False	Ecoli	False	True	False	diann231	Triqler	Triqler	0.2
0.9175	0.9772	P63235	3.0	1.276e-05	-0.06111	0.9772	0.9524	1.037	0.9454	1.019	1.014	1.037	ANTGVTLEPINSQNAPK;GHFFLHPR;NLLPAAFAK	False	False	Ecoli	False	True	False	diann231	Triqler	Triqler	0.2
0.9176	0.9772	P33218	4.0	1.006e-05	0.015	0.9772	1.028	1.067	0.9261	1.031	0.9648	0.9903	LILALVFAAK;LLVPGALGGLAGLLVANK;VLIEQAIEQPLDPQR;SYLNALGDALK	False	False	Ecoli	False	True	False	diann231	Triqler	Triqler	0.2
0.9176	0.9772	P0AGK4	2.0	6.315e-05	0.03945	0.9772	1.014	1.079	0.957	0.9666	0.9838	1.005	TLIVEAIVR;TLVLYRPTK	False	False	Ecoli	False	True	False	diann231	Triqler	Triqler	0.2
0.9177	0.9773	P08622	15.0	1.07e-07	-0.06312	0.9773	0.9596	1.043	0.937	0.9957	1.046	1.024	AKQDYYEILGVSK;EAYEVLTDSQKR;LKVPGETQTGK;QLLQELQESFGGPTGEHNSPR;YNMELTLEEAVR;IPAGVDTGDRIR;QHPIFER;IPAGVDTGDR;LAGEGEAGEHGAPAGDLYVQVQVK;SFFDGVKK;KFFDDLTR;EAYEVLTDSQK;FFDDLTR;QKQLLQELQESFGGPTGEHNSPR;SKSFFDGVK	False	False	Ecoli	False	True	False	diann231	Triqler	Triqler	0.2
0.9177	0.9773	decoy_P16433	1.0	0.4668	-0.03447	0.9574	0.9945	0.9945	0.9771	1.024	0.9945	1.016	MMNLLGPRDANGIPVPMTVDESIASSK	False	False		False	False	False	diann231	Triqler	Triqler	0.2
0.9177	0.9773	P0A8Z3	2.0	0.000463	-0.003617	0.9773	0.9641	1.068	0.979	0.9661	1.031	0.9959	GTSLVFTQR;VAFVVRK	False	False	Ecoli	False	True	False	diann231	Triqler	Triqler	0.2
0.9177	0.9773	P15254	19.0	1.308e-07	-0.05943	0.9773	0.9948	1.011	0.9356	1.038	0.962	1.065	AGLVGFSVSNLR;APVALLDFAASAR;LAVGEALTNIAATQIGDIKR;QALIDANLR;LGLALAEDEIDYLQDAFTK;IPGFEQPWEEDFGKPER;HTITPQLSTEDNALLLIDLGK;ELIPGSELWPR;YGPALASHAPQGK;TFLVTIGDR;ADHVQKGEINVGAK;GVAYYIEAGTLTNEQWQQVTAELHDR;HFDNQPIDLPLDVLLGK;LLLVTPRPGTISPWSSK;IFNADWVIDGEQQPK;EGITIADAVKR;GSPALSAFR;SNDADPGLNVK;SVTGMVAR	False	False	Ecoli	False	True	False	diann231	Triqler	Triqler	0.2
0.9178	0.9774	P0AG90	28.0	7.107e-09	-0.03518	0.9774	0.9659	1.062	0.9421	0.999	0.9875	1.049	AGALIAPIQIVEER;AVLVKQEEVINIANIQSR;EGQPVVLYK;EYAVQQNINILR;IVVELPGIQDTAR;LQEQNIDSLR;LVNTNVDQAAAASGR;NRVNQLGVAEPVVQR;QEEVINIANIQSR;RHPDLVISSQGSNQLR;SVALEEGAILAR;VNQLGVAEPVVQR;YVVALNLAPATPR;ARDEAIAYLSK;KENNYGLSITFR;LVNTNVDQAAAASGRVPGDSEVK;AIVNLLYGGKR;FDSTDTQLR;AIVNLLYGGK;AKEILGATATLEFR;EILGATATLEFR;ENNYGLSITFR;GIPYTTVR;TVQQAIDEGYR;GVAASEQTLIQVQK;GIPYTTVRK;EGQPVVLYKR;HPDLVISSQGSNQLR	False	False	Ecoli	False	True	False	diann231	Triqler	Triqler	0.2
0.9178	0.9774	P77737	5.0	9.079e-05	0.02898	0.9774	0.98	1.106	0.968	0.9903	0.9764	0.9861	VGLLPNLINR;TRPVLEGSFR;VLLEIADLK;AVDGVTLR;VKAMMLK	False	False	Ecoli	False	True	False	diann231	Triqler	Triqler	0.2
0.9178	0.9774	P60472	4.0	8.616e-05	-0.04008	0.9774	0.9895	1.045	0.9264	1.024	1.006	1.014	KSEALTAGNTGLTLNIAANYGGR;RFGGTEPGDETA;WDIVQGVR;SEALTAGNTGLTLNIAANYGGR	False	False	Ecoli	False	True	False	diann231	Triqler	Triqler	0.2
0.9179	0.9774	P39199	8.0	7.824e-07	-0.04331	0.9774	1.004	1.013	0.941	1.006	0.9564	1.085	IFVDEAVNELQTIQDMLR;IPVAYLTNK;SPIGELINNK;VNERIPVAYLTNK;MDKIFVDEAVNELQTIQDMLR;SPIGELINNKFAGLISK;EHFAIYKD;FAGLISK	False	False	Ecoli	False	True	False	diann231	Triqler	Triqler	0.2
0.9179	0.9774	P39187	3.0	0.008043	-0.002192	0.9772	1.009	1.006	0.9735	1.057	0.9923	0.9653	NATLIEAIK;TWNSAQLVGK;VLQHIAGR	False	False	Ecoli	False	True	False	diann231	Triqler	Triqler	0.2
0.918	0.9774	P33362	4.0	2.449e-05	0.01159	0.9774	1.023	1.067	0.9172	1.01	0.9676	1.023	LAASAEFIER;LGQDQLLSLAGGDTAVTIK;LIWLTPAPANNTWTIAVR;KVAADYLK	False	False	Ecoli	False	True	False	diann231	Triqler	Triqler	0.2
0.918	0.9774	decoy_P76503	1.0	0.2844	-0.02444	0.9685	0.9938	0.9827	0.9938	0.9989	1.003	1.028	DTMPVPPAVAEYSTGVR	False	False		False	False	False	diann231	Triqler	Triqler	0.2
0.918	0.9775	P0ADQ2	4.0	4.912e-05	0.01787	0.9775	1.026	1.07	0.9349	1.031	0.9845	0.9598	VPQTEEELER;LGFVNQGEITTPTTTPIR;HLGGTIILADAHIR;LYINADNEASIR	False	False	Ecoli	False	True	False	diann231	Triqler	Triqler	0.2
0.918	0.9775	P77295	1.0	0.4028	-0.003163	0.9623	0.9978	0.9978	0.9978	0.9978	1.021	0.9879	ITGLSASATSQHLAR	False	False	Ecoli	False	True	False	diann231	Triqler	Triqler	0.2
0.9181	0.9775	P76104	6.0	7.952e-06	0.004618	0.9775	0.9947	1.092	0.9216	0.9743	1.011	1.014	IFVTLNTILHDDELEPAQR;EAILHGADAVYIGGPGFGAR;LELLSPAR;KGDIGAFDSPK;FLSDVGFTQIVLAR;LGQTLYYAR	False	False	Ecoli	False	True	False	diann231	Triqler	Triqler	0.2
0.9181	0.9775	P45469	2.0	0.001839	-0.02711	0.9775	0.9629	1.039	0.9589	0.9902	1.034	1.019	SQVLITGATGLVGGHLLR;VNAIAAPTR	False	False	Ecoli	False	True	False	diann231	Triqler	Triqler	0.2
0.9181	0.9775	P0A964	4.0	7.972e-06	0.002351	0.9775	0.9938	1.031	0.9851	0.9863	0.9254	1.086	GVIVPIVDLR;IANTPAFIK;LASEPSGQEFLVFTLGDEEYGIDILK;MLILVNIEK	False	False	Ecoli	False	True	False	diann231	Triqler	Triqler	0.2
0.9182	0.9776	P07026	1.0	0.000912	-0.01099	0.9776	0.9984	1.029	0.956	0.9988	0.9799	1.04	ALGFLSFSR	False	False	Ecoli	False	True	False	diann231	Triqler	Triqler	0.2
0.9182	0.9777	P0AD96	1.0	0.2524	-0.002696	0.9701	0.996	0.996	1.003	0.996	1.017	0.9925	GYQLILR	False	False	Ecoli	False	True	False	diann231	Triqler	Triqler	0.2
0.9183	0.9777	P08660	10.0	2.916e-07	0.01676	0.9777	0.9937	1.095	0.933	1.001	0.9702	1.014	EVFGVLEPFNIR;GFLAEVFGILAR;GGSDYTAALLAEALHASR;LNEGLVITQGFIGSENK;NIQFAILER;VLHPATLLPAVR;RIDEIAFAEAAEMATFGAK;VDIWTDVPGIYTTDPR;SADIVLSDANVR;SDIPVFVGSSK	False	False	Ecoli	False	True	False	diann231	Triqler	Triqler	0.2
0.9183	0.9777	P06129	24.0	7.427e-09	-0.06849	0.9777	0.9752	1.02	0.9357	1.027	0.9862	1.061	FIASYGTSYK;HGTWQTSAGWEFIEGYR;IANLFDKDYETVYGYQTAGR;ISGYRNDVSDLIDYDDHTLK;KLYSQSWDAGLR;LNLAGVSGSADLSQFPIALVQR;LYSQSWDAGLR;MGGVSLWDLAVAYPVTSHLTVR;QWEGAFEGLTAGVNWR;RLPGVDITQNGGSGQLSSIFIR;SAVYGSDAIGGVVNIITTR;SKQWEGAFEGLTAGVNWR;SQLITSYSHSK;STVLAPTTVVTR;YDKDYSSYPYQTVK;GTNASHVLVLIDGVR;NDVSDLIDYDDHTLK;WQSTSVNDVLR;NAITDTPLLR;QDIDRWQSTSVNDVLR;YNGELIK;DYNYDPHYGR;SQLITSYSHSKDYNYDPHYGR;NTGIYLTGLQQVGDFTFEGAAR	False	False	Ecoli	False	True	False	diann231	Triqler	Triqler	0.2
0.9183	0.9777	P0ABR1	1.0	0.3433	-0.01422	0.9661	0.9747	1.02	0.9944	1.023	0.9944	0.9944	TSPLPAGAIDALAGELSR	False	False	Ecoli	False	True	False	diann231	Triqler	Triqler	0.2
0.9184	0.9778	P18390	4.0	1.239e-05	-0.0656	0.9778	0.9825	0.9816	0.9598	1.028	1.0	1.05	LGLNSEEQKEDTNYLDGIQGLLK;DGQQLNLDNIGTTPLAEK;TKDGQQLNLDNIGTTPLAEK;LASVTDAENIKNQVLEK	False	False	Ecoli	False	True	False	diann231	Triqler	Triqler	0.2
0.9184	0.9778	P0AG30	27.0	5.446e-09	-0.04609	0.9778	0.9754	1.049	0.9319	1.032	0.984	1.032	AYNTVVPASGK;DVIILLDSITR;GEVVASTFDEPASR;ILFENLTPLHANSR;KDVIILLDSITR;KEELLTTQEELQK;NKILFENLTPLHANSR;NTPVSELITLGENMGLENLAR;QDIIFAILK;SADSSYLAGPDDIYVSPSQIR;VLTGGVDANALHRPK;VNEVNFDKPENAR;EELLTTQEELQK;KQDIIFAILK;SADSSYLAGPDDIYVSPSQIRR;VLDLASPIGR;SGEDIFGDGVLEILQDGFGFLR;RFFGAAR;RVFPAIDYNR;GLIVAPPK;NVEEGGSLTIIATALIDTGSK;HVQVAEMVIEK;LVKGEVVASTFDEPASR;VFPAIDYNR;TNDDFFEMMKR;GTGNMELHLSR;MNLTELK	False	False	Ecoli	False	True	False	diann231	Triqler	Triqler	0.2
0.9184	0.9778	P10443	6.0	2.154e-05	0.009164	0.9778	1.053	1.019	0.9474	0.9937	0.9247	1.07	FDFLGLR;TGRPDEESYLHAAVELAEAR;ITDLDPLEFDLLFER;LAFLFPDEEER;LAFLFPDEEERLK;SETTAVFQLESR	False	False	Ecoli	False	True	False	diann231	Triqler	Triqler	0.2
0.9185	0.9779	P0AC38	22.0	7.502e-09	-0.06218	0.9779	0.9752	1.04	0.9255	1.011	1.015	1.038	AFSILLKEEVK;AGLNEINLPELQAGSSIMPAK;AIENFYISNNKISDIPEFVR;EVPADAYYGVHTLR;EYSPLAVK;EYSPLAVKK;GEYQYLNPNDHVNK;GLLTEAELDDIFSVQNLMHPAYK;IAVYSSLIK;KAVEFQDILK;LVDAINQLR;LVDAINQLREGFER;TQLQDAVPMTLGQEFR;AIENFYISNNK;AVEFQDILK;ELQTIPK;IEEDLLGTR;SNNIRIEEDLLGTR;TAELLLEVNLGATAIGTGLNTPK;ISDIPEFVR;IAVYSSLIKLVDAINQLR;AFSILLK	False	False	Ecoli	False	True	False	diann231	Triqler	Triqler	0.2
0.9185	0.9779	P09148	9.0	1.592e-06	-0.09511	0.9779	0.9758	0.9434	0.9815	1.037	1.029	1.038	YNPLTGQWILVSPHR;SDLALALKK;RPWQGAQETPAK;TQFNPVDHPHRR;AVSDIHFR;TLPELSVAALTEIVK;TQFNPVDHPHR;SPMLVDYVQR;LQKEYFAEQK	False	False	Ecoli	False	True	False	diann231	Triqler	Triqler	0.2
0.9185	0.978	decoy_P0AAP5	1.0	0.2188	-0.02683	0.9718	0.9942	0.989	0.9915	0.9942	1.022	1.01	SEVAEVLAALDK	False	False		False	False	False	diann231	Triqler	Triqler	0.2
0.9186	0.978	Q9JMR6	1.0	0.06207	0.003055	0.9765	0.9854	1.049	0.9759	0.9638	0.9985	1.03	NIIESIR	False	False	Ecoli	False	True	False	diann231	Triqler	Triqler	0.2
0.9186	0.978	P64467	4.0	1.961e-05	-0.05306	0.978	1.001	1.021	0.9184	1.024	0.9993	1.04	LFDLGQVPK;LYDHLNYTLTDDQELINMYR;ISSLESLEK;KISSLESLEK	False	False	Ecoli	False	True	False	diann231	Triqler	Triqler	0.2
0.9186	0.9781	P0A8E1	8.0	7.391e-07	-0.08726	0.9781	0.9701	0.9861	0.9424	1.043	1.026	1.037	NISPHLQR;TSEELHHYYEIVWDEEQTHK;VLQLQFIDPDVR;HDMQHLLK;IDRPEEYADIATK;LISYSTR;FKNISPHLQR;MIIYLHGFDSNSPGNHEK	False	False	Ecoli	False	True	False	diann231	Triqler	Triqler	0.2
0.9187	0.9782	P27240	1.0	0.3361	-0.01132	0.9671	0.9958	1.048	0.9437	0.9912	1.032	0.9927	IIDLSGK	False	False	Ecoli	False	True	False	diann231	Triqler	Triqler	0.2
0.9187	0.9782	P0A7C6	10.0	3.164e-07	-0.0003173	0.9782	0.9962	1.081	0.9256	1.014	0.9708	1.019	AGEEAVPLEAGHRF;GHATLGGPNTTYVFK;GLLAPITDVVK;GLLAPITDVVKR;AWLEHALPLIAEQLQGR;IRELLVVAPELTIIGLPEGNWITVSK;SAVFIPFAGVTQTWDDYTAK;RSAVFIPFAGVTQTWDDYTAK;ELLVVAPELTIIGLPEGNWITVSK;AWLEHALPLIAEQLQGRR	False	False	Ecoli	False	True	False	diann231	Triqler	Triqler	0.2
0.9187	0.9782	P0AG71	3.0	0.002353	-0.009739	0.9781	0.9763	1.024	0.9851	1.003	1.036	0.9763	LSEQFENLANR;ESALQEHIASVR;GNVLAQAEAFR	False	False	Ecoli	False	True	False	diann231	Triqler	Triqler	0.2
0.9188	0.9783	P64599	7.0	1.054e-06	-0.03501	0.9783	1.007	1.027	0.921	1.059	0.9532	1.04	DIDLQWFTSVVNGK;IVHLGPSLLSVPVK;KQDPDTLFFQR;QVLEQVLSWQFR;QALDDGELEFLEGR;LTPFALKR;WLSIHVR	False	False	Ecoli	False	True	False	diann231	Triqler	Triqler	0.2
0.9188	0.9783	P26647	2.0	9.466e-05	0.03311	0.9783	0.967	1.087	0.9851	0.9712	0.9876	1.007	LAPLFGLK;IAELDKEVAER	False	False	Ecoli	False	True	False	diann231	Triqler	Triqler	0.2
0.9189	0.9783	P0A7E1	16.0	5.939e-08	-0.04797	0.9783	0.9749	1.052	0.9322	1.023	0.9797	1.044	AHYDGVLGINIGK;IAPDLSEEELIQVADSLVR;ITGTPFEALVR;LPIIGVGGIDSVIAAR;LVDAEGLINR;TLQYGEALDDLLTAIK;ALFQLDPERAHEFTFQQLR;IAAGASLVQIYSGFIFK;HNIDGVIATNTTLDR;ALFQLDPER;RITGTPFEALVR;KALFQLDPER;YVPIAVKIAPDLSEEELIQVADSLVR;MYYPFVR;AHEFTFQQLR;IYAYAGYIAINISSPNTPGLR	False	False	Ecoli	False	True	False	diann231	Triqler	Triqler	0.2
0.9189	0.9783	P0A6D0	1.0	0.000912	-0.01159	0.9783	0.9899	1.021	0.9741	0.9742	0.9955	1.047	FSSQGEIVAALQEQGFDNINQSK	False	False	Ecoli	False	True	False	diann231	Triqler	Triqler	0.2
0.9189	0.9784	P03813	1.0	0.2953	-0.01341	0.9693	0.9932	0.9963	0.9963	1.003	1.015	0.9963	VALLGTR	False	False	Ecoli	False	True	False	diann231	Triqler	Triqler	0.2
0.919	0.9784	P07913	7.0	1.97e-06	-0.07049	0.9784	0.9688	1.012	0.9399	1.028	0.9876	1.069	MAALIQSGLDLSPIITHR;NVVITDVNEYR;FSIDDFQK;TIPVPMVVGHEYVGEVVGIGQEVK;LKAEEGIWMTDVPVPELGHNDLLIK;NVVITDVNEYRLELAR;EMFETWYK	False	False	Ecoli	False	True	False	diann231	Triqler	Triqler	0.2
0.919	0.9784	decoy_P0AFA5	1.0	0.5637	-0.03387	0.9505	0.9966	0.977	0.9966	1.038	0.9966	0.9966	DLLLDVFATWLYGWK	False	False		False	False	False	diann231	Triqler	Triqler	0.2
0.919	0.9784	P24186	9.0	6.341e-07	-0.02018	0.9784	0.9834	1.075	0.9242	1.02	0.9955	1.008	APGLAVVLVGSNPASQIYVASK;EGAIVIDVGINR;HHVENADLLIVAVGKPGFIPGDWIK;IHPDKDVDGFHPYNVGR;APGLAVVLVGSNPASQIYVASKR;VVGDVVFEDAAKR;GIVTLLER;EGAIVIDVGINRLENGK;VVGDVVFEDAAK	False	False	Ecoli	False	True	False	diann231	Triqler	Triqler	0.2
0.919	0.9784	P0A6X1	1.0	0.5705	-0.007245	0.9498	0.997	0.997	0.997	1.054	0.96	0.997	AQILADEVGAEVIALSDIDER	False	False	Ecoli	False	True	False	diann231	Triqler	Triqler	0.2
0.9191	0.9785	P0AFF6	30.0	2.141e-09	-0.06045	0.9785	0.9778	1.028	0.9326	1.047	0.989	1.031	AGALIMAAR;DNISLDLGNNAEAVILR;EHEGEIITGVVK;EHEGEIITGVVKK;EILAVVEAVSNEK;EKIFEALESALATATK;ELLEIEGLDEPTVEALR;ELLEIEGLDEPTVEALRER;GVLYSVRPEAR;HQAEAHAAIDTFTK;IEVPEIGEEVIEIK;IFEALESALATATK;IFEALESALATATKK;KYEQEIDVR;LASQLSGWELNVMTVDDLQAK;MNKEILAVVEAVSNEK;SKPEMLIELFR;VNRDNISLDLGNNAEAVILR;VQAVSTELGGER;WLVVDEVTQPTK;WLVVDEVTQPTKEITLEAAR;YEDESLNLGDYVEDQIESVTFDR;GAQLFVTR;SGDFDTFRR;AMVVDQFREHEGEIITGVVK;DNISLDLGNNAEAVILREDMLPR;EITLEAAR;SGDFDTFR;AMVVDQFR;YEQEIDVR	False	False	Ecoli	False	True	False	diann231	Triqler	Triqler	0.2
0.9191	0.9785	P0A9H5	3.0	0.0001488	0.01427	0.9785	1.026	1.049	0.9362	1.034	0.9713	0.9875	DILELADTVSELRPVK;VGVVQFIK;GIIIVFTGNGK	False	False	Ecoli	False	True	False	diann231	Triqler	Triqler	0.2
0.9192	0.9786	P45395	6.0	1.961e-05	-0.03271	0.9786	0.9758	1.05	0.9368	1.003	0.9739	1.067	VRPGILAVEALNLMQSR;SHVELQPGFDFQQAGK;DALLEVTRK;GFTAEDFALSHPGGALGR;DALLEVTR;QLSIADVMTPGGIR	False	False	Ecoli	False	True	False	diann231	Triqler	Triqler	0.2
0.9192	0.9786	P0A809	2.0	0.01157	-0.03338	0.9783	0.9312	1.018	1.01	1.017	1.001	1.025	EDAQLLYGFNNKQER;IARPDASSETLIR	False	False	Ecoli	False	True	False	diann231	Triqler	Triqler	0.2
0.9192	0.9786	P60340	6.0	3.802e-06	-0.01585	0.9786	0.9985	1.055	0.9206	1.0	0.9642	1.069	EARPITVYELLFIR;TSGAPLEGLVR;FSQYLLDSDKR;TIIDDLGEK;KLYEYAR;LAVSKYPVER	False	False	Ecoli	False	True	False	diann231	Triqler	Triqler	0.2
0.9193	0.9786	P0ADB7	1.0	0.000912	-0.02185	0.9786	0.9823	1.025	0.9681	1.014	0.989	1.023	GVGEDISDGGNAISGAATK	False	False	Ecoli	False	True	False	diann231	Triqler	Triqler	0.2
0.9193	0.9786	P24215	6.0	3.212e-05	-0.03415	0.9786	0.9648	0.9971	1.004	1.001	0.9517	1.087	RPGAEADYTEEEIAQAAER;WYGPNDPVSLADVR;NIIAGLPGAEEGYTLDQFRK;LRENFAVFLK;AIIPVAEEVGVR;TDLEYVLPDGSK	False	False	Ecoli	False	True	False	diann231	Triqler	Triqler	0.2
0.9193	0.9786	P0C093	4.0	7.594e-06	-0.001692	0.9786	0.9753	1.088	0.9423	1.03	0.9609	1.01	LAASVGVSEAALYR;WPLIAAQLQ;YRPTDDFDAR;INQLFER	False	False	Ecoli	False	True	False	diann231	Triqler	Triqler	0.2
0.9193	0.9786	decoy_P0AAX6	1.0	0.6603	-0.01148	0.9371	0.9937	0.9937	0.9937	1.092	0.9393	0.9937	PEGTVSATGASNLSDLEDKLAAK	False	False		False	False	False	diann231	Triqler	Triqler	0.2
0.9194	0.9787	P06996;P77747;P77519;P76335	1.0	0.001742	0.003958	0.9786	0.9773	1.05	0.9828	0.9761	0.9951	1.021	DGNKLDLYGK	False	False		False	False	False	diann231	Triqler	Triqler	0.2
0.9194	0.9787	P0A8G9	3.0	3.892e-05	-0.02469	0.9787	1.014	1.026	0.9257	1.064	0.9571	1.019	LESGDLPLEEALNEFER;ALSELEQIVTR;VQILLSDNEDASLTPFTPDNE	False	False	Ecoli	False	True	False	diann231	Triqler	Triqler	0.2
0.9195	0.9787	P0ADV1	5.0	1.009e-05	0.005212	0.9787	0.976	1.115	0.9394	0.9728	0.9874	1.018	VTTVLVPSQLQDK;VTTVLVPSQLQDKNNK;DFVVLTGNAYLQQVDSNIKGDK;RVTTVLVPSQLQDK;PGGEQGKEVIDGYGK	False	False	Ecoli	False	True	False	diann231	Triqler	Triqler	0.2
0.9195	0.9787	P06709	6.0	1.485e-05	0.006686	0.9787	1.055	1.04	0.905	1.02	0.9921	0.9957	LIIGDKEIFGISR;VKWPNDLYLQDR;LAGILVELTGK;AALELFEQEGLAPYLSR;KLAGILVELTGK;DWGVDVFTVPGK	False	False	Ecoli	False	True	False	diann231	Triqler	Triqler	0.2
0.9195	0.9787	P0ACR4	8.0	3.737e-07	0.01306	0.9787	1.076	0.9908	0.9415	1.044	0.9508	1.004	ALALLEQAVEIEQLFR;EIVDYLLLSHLPK;GPVTLEQLAAAPWILR;IYASSTIGNYILPAVIAR;RVIEDQLQAGTLSEVAVPLPR;ALALLEQAVEIEQLFREDNGAIR;QLEVFAEVLK;VIEDQLQAGTLSEVAVPLPR	False	False	Ecoli	False	True	False	diann231	Triqler	Triqler	0.2
0.9196	0.9787	P20605	1.0	0.001303	-0.01671	0.9787	0.9566	1.03	0.9919	1.0	0.9975	1.025	AATIELGPLVR	False	False	Ecoli	False	True	False	diann231	Triqler	Triqler	0.2
0.9196	0.9788	P68066;P09373	1.0	0.0304	0.003198	0.9782	0.9662	1.059	0.9845	0.9907	0.9966	1.006	YPQLTIR	False	False		False	False	False	diann231	Triqler	Triqler	0.2
0.9196	0.9789	P08191	3.0	1.276e-05	-0.009081	0.9789	1.027	1.044	0.9229	1.042	0.9504	1.02	AGSLIAVLILR;YSGSSYPFPTTSETPR;TDKPWPVALYLTPVSSAGGVAIK	False	False	Ecoli	False	True	False	diann231	Triqler	Triqler	0.2
0.9197	0.9789	P52697	8.0	3.088e-07	-0.05535	0.9789	0.9893	1.028	0.9243	1.039	0.9774	1.048	EGFQPTETQPR;SHHISVYEIVGEQGLLHEK;TASLITVFSVSEDGSVLSK;TLWVPALKQDR;WAADIHITPDGR;YLYVGVRPEFR;YLIAAGQK;TLWVPALK	False	False	Ecoli	False	True	False	diann231	Triqler	Triqler	0.2
0.9197	0.9789	P0AEE3	2.0	0.002226	-0.009552	0.9788	0.9543	1.081	0.9632	0.9878	1.001	1.018	IGLNPTGR;AAPAVVNVYNR	False	False	Ecoli	False	True	False	diann231	Triqler	Triqler	0.2
0.9197	0.9789	P0A879	2.0	0.0004478	0.006401	0.9789	1.024	1.043	0.936	1.017	0.9673	1.016	ADYVSITDDEALEAFK;TEIIAETGAGQHGVASALASALLGLK	False	False	Ecoli	False	True	False	diann231	Triqler	Triqler	0.2
0.9198	0.9789	P38489	12.0	2.206e-07	-0.06758	0.9789	0.9425	1.036	0.9472	1.032	1.022	1.026	GYTSLVVVPVGHHSVEDFNATLPK;KLTPEQAEQIK;LVVDQEDADGR;LVVDQEDADGRFATPEAK;MDIISVALKR;MDIISVALK;SRLPQNITLTEV;DLHDDAEWMAK;LTPEQAEQIK;FFADMHRK;DIISVALKR;LPQNITLTEV	False	False	Ecoli	False	True	False	diann231	Triqler	Triqler	0.2
0.9198	0.9789	P0AGI8	4.0	0.0001045	-0.002614	0.9789	1.026	1.048	0.9053	1.007	1.028	0.9921	LIEYPGALQVVNFAEGK;DADKLFHSDAVPIDHLIAPEQLVIDNIYR;GVAEAIEAVAHGDESTSR;VIDEIKLPPGTIIGAVVR	False	False	Ecoli	False	True	False	diann231	Triqler	Triqler	0.2
0.9199	0.979	P04983	1.0	0.4721	-0.00468	0.9601	0.9974	0.9974	0.9974	0.9974	1.028	0.983	VLYGALPR	False	False	Ecoli	False	True	False	diann231	Triqler	Triqler	0.2
0.9199	0.979	P0AB52	3.0	1.276e-05	-0.009952	0.979	1.045	0.9974	0.9423	1.08	0.9453	0.9972	GQKPGEGYNIQQMLEILTAQNVPVK;LFLMSDAVTAGLR;IVIVANGAPYGSESLFNSLR	False	False	Ecoli	False	True	False	diann231	Triqler	Triqler	0.2
0.9199	0.979	P19932	1.0	0.199	0.00437	0.9738	0.9829	1.028	0.9936	0.9936	0.9916	1.011	TIGYGESYINATGLR	False	False	Ecoli	False	True	False	diann231	Triqler	Triqler	0.2
0.92	0.979	P0C0L9	1.0	0.000912	-0.01269	0.979	1.017	1.015	0.9474	1.006	0.9912	1.026	EIGEALYDAYPDLDPK	False	False	Ecoli	False	True	False	diann231	Triqler	Triqler	0.2
0.92	0.9791	P76406	2.0	0.002478	0.02367	0.979	0.9823	1.015	1.039	0.9538	1.013	0.9987	KLDNQYYTEAEASLAR;ISGAENIVK	False	False	Ecoli	False	True	False	diann231	Triqler	Triqler	0.2
0.92	0.9791	P0AB03	1.0	0.3046	-0.01041	0.9699	0.9943	1.021	0.9734	0.9923	0.9943	1.026	APVAESFIWR	False	False	Ecoli	False	True	False	diann231	Triqler	Triqler	0.2
0.9201	0.9791	P39408	2.0	0.007002	-0.01169	0.979	0.958	1.05	0.9833	0.9919	0.9737	1.047	IGVGGTITYPR;IIVPATEAENFAR	False	False	Ecoli	False	True	False	diann231	Triqler	Triqler	0.2
0.9201	0.9792	P27830	4.0	9.221e-06	0.06221	0.9792	1.005	1.067	1.003	0.9917	0.9398	0.9979	DLITFVADRPGHDLR;ILITGGAGFIGSALVR;VGETYNIGGHNER;SIDGPAAFIETNIVGTYTLLEAAR	False	False	Ecoli	False	True	False	diann231	Triqler	Triqler	0.2
0.9201	0.9792	P0AFD4	2.0	0.0003992	-0.009556	0.9792	0.97	1.056	0.9579	1.02	0.9875	1.012	LLGLFQNR;RLLGLFQNR	False	False	Ecoli	False	True	False	diann231	Triqler	Triqler	0.2
0.9202	0.9793	P76297	1.0	0.1598	-0.01465	0.9753	0.991	1.001	0.9944	1.004	1.016	0.9944	FIWEVPGGGR	False	False	Ecoli	False	True	False	diann231	Triqler	Triqler	0.2
0.9202	0.9793	Q46829	12.0	2.104e-07	-0.03363	0.9793	0.9875	1.054	0.9274	1.043	0.9694	1.025	AEGGTGDAISGFEGSVPNPYVK;ASDWGWQIDPVGLR;DFLWGGAVAAHQVEGGWNK;YVFTDVQLR;FAEVVFER;ERYVFTDVQLR;GYYPSYVLNEWER;LFAEMGFK;VVDFFVR;KVVDFFVR;VKYWMTFNEINNQR;YWMTFNEINNQR	False	False	Ecoli	False	True	False	diann231	Triqler	Triqler	0.2
0.9203	0.9794	P39300	1.0	0.03218	-0.02346	0.9787	0.9855	1.012	0.976	1.005	1.037	0.9862	TTPFVLDPFAIR	False	False	Ecoli	False	True	False	diann231	Triqler	Triqler	0.2
0.9203	0.9794	P69902	8.0	2.797e-06	-0.03783	0.9794	0.9974	1.04	0.9178	1.058	0.9743	1.019	QSGSVVEVEQPLR;IERPGVGDVTR;FSAFTPDIK;EISLDPSLR;AIGKPEWITDPAYSTAHAR;DIPDIDALYFTMLNSNKR;LIFGSIK;STPLQGIK	False	False	Ecoli	False	True	False	diann231	Triqler	Triqler	0.2
0.9203	0.9795	P0AC13	12.0	1.186e-07	-0.06982	0.9795	0.9657	1.028	0.9345	1.015	1.003	1.058	LAEFHHFNLPLLVGMSR;LLLDPGFGFGK;NLSHNYSLLAR;VGAHIINDIR;YDDVFAEVNR;YFIEQIAR;EKLLLDPGFGFGK;VIPVVEAIAQR;VHDVKETVEAMR;VVEATLSAK;FEVWISVDTSKPEVIR;SMIGQLLNVGPSER	False	False	Ecoli	False	True	False	diann231	Triqler	Triqler	0.2
0.9204	0.9795	P56262	3.0	9.459e-05	0.02461	0.9795	1.038	1.032	0.9772	1.009	0.9217	1.027	EGDPNDFADIPTLLSGLVAK;VPDSQVLADLDHVASWASR;QSDGPLPVVIVVQEIFGVHEHIR	False	False	Ecoli	False	True	False	diann231	Triqler	Triqler	0.2
0.9204	0.9795	P0ACD4	5.0	1.728e-06	-0.04798	0.9795	0.9231	1.049	0.9859	0.9853	1.006	1.056	NTDIAEELELPPVK;SLDEAQAIK;SLDEAQAIKNTDIAEELELPPVK;VIDHYENPR;VNDEGIIEDAR	False	False	Ecoli	False	True	False	diann231	Triqler	Triqler	0.2
0.9204	0.9795	P36548	4.0	0.001027	-0.03455	0.9795	0.9716	1.03	0.9596	1.016	0.9749	1.052	AAGASVFALSNR;LLGTAAFR;RVVVLDPGHGGIDTGAIGR;HVVLAIAK	False	False	Ecoli	False	True	False	diann231	Triqler	Triqler	0.2
0.9205	0.9795	P21513	35.0	2.199e-09	-0.06534	0.9795	0.9634	1.032	0.9399	1.03	0.9968	1.042	AAESRPAPFLIHQESNVIVR;ALNVEEQSVQETEQEER;APAPEYVPEAPR;EGQEVIVQIDKEER;EYFPANYSAHGRPNIK;FGLLEMSR;GGDIEETAFNTNLEAADEIAR;IEPSLEAAFVDYGAER;LHEEAMALPSEEEFAER;LPSGGSIVIDSTEALTAIDINSAR;LRDLGGLIVIDFIDMTPVR;LYDLDIESPGHEQK;LYTGEIPLFSHYQIESQIESAFQR;QHIAALGRPDFSSK;SAEALQWDLSFR;SAVNAIETR;GAAGGHTATHHASAAPARPQPVE;HGFLPLKEIAR;IKLYTGEIPLFSHYQIESQIESAFQR;IQISHISR;LIEEEALKENTQEVHAIVPVPIASYLLNEK;PAPFLIHQESNVIVR;DNESLSLSILR;QDIGEILIDNPK;DYLRQDIGEILIDNPK;MLINATQQEELR;VALVDGQR;EVRLPSGGSIVIDSTEALTAIDINSAR;AFRDYLR;RSAVNAIETR;LYDLDIESPGHEQKK;HSDWQRPTFAFEGK;EALASLELPEGMGLIVR;TAGVGKSAEALQWDLSFR;HGFLPLK	False	False	Ecoli	False	True	False	diann231	Triqler	Triqler	0.2
0.9205	0.9795	P77285	4.0	4.657e-05	0.01643	0.9795	1.034	1.039	0.9408	1.003	0.9343	1.056	TTIAEQASLQQK;ALFDQVLPAER;VTEHHETPGLGDKIELR;LSDWITHFAGK	False	False	Ecoli	False	True	False	diann231	Triqler	Triqler	0.2
0.9205	0.9796	decoy_P77129	1.0	0.4868	-0.004	0.9602	0.995	0.995	0.995	1.047	0.9843	0.985	FEVAGGMAAGR	False	False		False	False	False	diann231	Triqler	Triqler	0.2
0.9205	0.9796	P0A9C5	24.0	5.137e-09	-0.07204	0.9796	0.9662	1.025	0.9369	1.036	0.9938	1.047	ADEIQIYK;AGGVFTDEAIDAYIALR;AINALANPTTNSYK;AINALANPTTNSYKR;EIPQVAGSLEEALNELDLDREFLK;EQHVTIPAHQVNAEFFEEGK;GGYFPVPPVDSAQDIR;GKEQHVTIPAHQVNAEFFEEGK;LVPGYEAPVMLAYSAR;MTPHPVEFELYYSV;NGVNLFAGDKYAGLSEQALYYIGGVIK;SAEHVLTMLNEHEVK;STGIADTVLFGPEPEFFLFDDIR;YAGLSEQALYYIGGVIK;YVVHNVAHR;FGSSISGSHVAIDDIEGAWNSSTQYEGGNK;IPVVSSPK;KADEIQIYK;RLVPGYEAPVMLAYSAR;SASIRIPVVSSPK;AGGVFTDEAIDAYIALRR;MFDGSSIGGWK;NGVNLFAGDK;TATFMPK	False	False	Ecoli	False	True	False	diann231	Triqler	Triqler	0.2
0.9206	0.9796	P0AG03	1.0	0.1137	-0.001183	0.977	1.031	0.9916	0.9804	0.9928	0.9895	1.015	TLSGIVHSYTDGLLTR	False	False	Ecoli	False	True	False	diann231	Triqler	Triqler	0.2
0.9206	0.9796	P0AB71	16.0	2.966e-08	-0.06247	0.9796	0.9549	1.043	0.9443	1.029	0.9914	1.042	ANEAYLQGQLGNPK;ANEAYLQGQLGNPKGEDQPNK;APVIVQFSNGGASFIAGK;DSVSYGVVK;FTIAASFGNVHGVYKPGNVVLTPTILR;HNLPHNSLNFVFHGGSGSTAQEIK;IFDFVKPGVITGDDVQK;KHNLPHNSLNFVFHGGSGSTAQEIK;KLLPWIDGLLDAGEK;LLPWIDGLLDAGEK;MNIDTDTQWATWEGVLNYYK;VKAPVIVQFSNGGASFIAGK;PGNVVLTPTILR;AFQELNAIDVL;LLPWIDGLLDAGEKHFAATGK;LEKAFQELNAIDVL	False	False	Ecoli	False	True	False	diann231	Triqler	Triqler	0.2
0.9206	0.9796	decoy_P14565	3.0	0.01016	-0.02074	0.9794	0.9975	1.035	0.9341	1.031	0.9937	1.012	DMAALDQR;QGERLSGELITDR;TYTGSALMAMKDAGVNTGR	False	False		False	False	False	diann231	Triqler	Triqler	0.2
0.9206	0.9796	P27238	2.0	0.005049	-0.03868	0.9795	0.9882	1.025	0.9349	1.008	1.03	1.018	TEKFPGVK;VAQFLSR	False	False	Ecoli	False	True	False	diann231	Triqler	Triqler	0.2
0.9207	0.9796	P0A877	7.0	1.125e-05	0.005539	0.9796	0.976	1.092	0.9519	0.9527	1.024	1.01	VGVDSVLVADVPVEESAPFR;KEGAFVPFVTLGDPGIEQSLK;GYTYLLSR;AALPLNHLVAK;LKEYNAAPPLQGFGISAPDQVK;IIEQHINEPEK;EGAFVPFVTLGDPGIEQSLK	False	False	Ecoli	False	True	False	diann231	Triqler	Triqler	0.2
0.9207	0.9796	P0AFL6	7.0	6.627e-06	-0.0464	0.9796	0.9706	1.04	0.9388	1.043	0.9798	1.032	LGVLLNNQR;TASSLANQYHIDSEQAR;LETLTWQFR;QATTTPPTLTLITDDSHWTLR;VIPYPIEIISGNEEAR;KQFLPLIQLLR;NFASLSLPGLSEER	False	False	Ecoli	False	True	False	diann231	Triqler	Triqler	0.2
0.9208	0.9796	P0AB55	3.0	9.313e-05	-0.04773	0.9796	0.99	1.007	0.949	1.037	1.037	0.9828	LQLLHDEGR;MLYVIYAQDK;LSVRPAHLAR	False	False	Ecoli	False	True	False	diann231	Triqler	Triqler	0.2
0.9208	0.9796	P0AFC0	1.0	0.000912	0.02045	0.9796	1.025	1.008	0.9946	0.959	1.013	1.002	TVEFEIFSHLR	False	False	Ecoli	False	True	False	diann231	Triqler	Triqler	0.2
0.9208	0.9797	P00961	39.0	2.097e-09	-0.04383	0.9797	0.99	1.037	0.9262	1.01	0.9941	1.047	AHVKGESTEALLPNMVATSLAK;AWYQDEGYTVDTIQAVLAR;FRAWYQDEGYTVDTIQAVLAR;GDQKYFPVYANDGK;GPAIAQAFDAEGKPSK;HDGEAEDVAVALNEQYQPR;LADAEFFFNTDR;LAMQVVVLR;LLPNFIFVANIESKDPQQIISGNEK;LQTVLFQQQLGTLR;LTTDKGEWLLYR;LYGDKLTNANVVDDVIDFMLGR;NLNLDLQTLTEEAVR;VANLAEAQPDREIEK;VIPATILGIQSDR;DPQQIISGNEK;GESTEALLPNMVATSLAK;VANLAEAQPDR;YFPVYANDGK;LRELFLR;IQALAGWIAEQIGADVNHATR;RLEDNLPR;TFLVEIGTEELPPK;VIADYEER;FMGEPEFTIDNADQYPEILR;YQDALVELAELREPVDAFFDK;LTNANVVDDVIDFMLGR;LLPNFIFVANIESK;GKVIADYEER;LADAEFFFNTDRK;LEDNLPR;MDTLAGIFGIGQHPK;VADISLLQ;GDKDPFALR;GEWLLYR;RAALGVLR;AALGVLR;WGASDVHFVRPVHTVTLLLGDK;VSNILAK	False	False	Ecoli	False	True	False	diann231	Triqler	Triqler	0.2
0.9209	0.9797	P0A8T1	3.0	0.0001379	-0.02821	0.9797	1.016	1.036	0.9016	1.037	1.003	1.013	AIGIDIDPQAIQASR;NGVSDRLELYLPK;DQPEEMKADVVVANILAGPLR	False	False	Ecoli	False	True	False	diann231	Triqler	Triqler	0.2
0.9209	0.9798	P0AGF2	3.0	3.08e-05	0.007547	0.9798	0.9834	1.058	0.9817	1.042	1.003	0.9369	GLLAVLLTAVEGK;TAAELQAQSPLALFDELGLR;TNPQFAGHPFGTTVTAETLR	False	False	Ecoli	False	True	False	diann231	Triqler	Triqler	0.2
0.9209	0.9798	decoy_Q46863	1.0	0.09488	-0.01508	0.9777	0.9769	1.035	0.9721	0.9872	1.0	1.03	AVDLTLYR	False	False		False	False	False	diann231	Triqler	Triqler	0.2
0.9209	0.9798	P0A6T9	3.0	1.287e-05	-0.04393	0.9798	0.9493	1.002	0.996	1.062	0.9775	1.017	YSKEHEWLR;EHEWLRK;IKASDESELESLLDATAYEALLEDE	False	False	Ecoli	False	True	False	diann231	Triqler	Triqler	0.2
0.921	0.9798	P75829	7.0	2.83e-06	0.03667	0.9798	1.0	1.052	0.9905	0.9843	0.9245	1.055	LHRPYLAANLSR;LQVEQIIAVSNETHIYR;TFTPSESLSSLSLFLSLAR;KQLLEALR;WEIPHQEIQNATK;YHYALLR;HYRLPAQIAR	False	False	Ecoli	False	True	False	diann231	Triqler	Triqler	0.2
0.921	0.9798	P0A8V6	11.0	1.871e-07	-0.05521	0.9798	0.9839	1.039	0.915	1.014	1.007	1.047	LDHESVPQLIDNLLSVR;VNNFWETSGLNILETLAR;YGHESGEIWHR;ELSELIGVTR;GLAFASGNPIYGLILNGMK;HYFANPEAR;TNISTIFIR;DGWLTIQHGKPTK;SLALGFYHK;NLPGDLAIQGR;RYGHESGEIWHR	False	False	Ecoli	False	True	False	diann231	Triqler	Triqler	0.2
0.921	0.9799	P0AB14	4.0	4.319e-06	-0.05976	0.9799	1.006	1.001	0.9247	1.054	0.9872	1.032	IWEEGSDEVLVK;NTSPEIAEAIFEVAGYDEK;TDKDSLFWGEQTIER;AHHVGEWASLR	False	False	Ecoli	False	True	False	diann231	Triqler	Triqler	0.2
0.9211	0.9799	P69428	1.0	0.000912	-0.02296	0.9799	0.9945	1.01	0.9696	1.012	0.9895	1.026	LGSIGSDLGASIK	False	False	Ecoli	False	True	False	diann231	Triqler	Triqler	0.2
0.9211	0.9799	P63020	6.0	1.625e-06	-0.07094	0.9799	0.9429	1.012	0.9674	1.02	1.017	1.044	ISDAAQAHFAK;LLANQEEGTQIR;VEYMLQSQINPQLAGHGGR;KVADDAPLMER;QLLNEFPELK;QLLNEFPELKGVR	False	False	Ecoli	False	True	False	diann231	Triqler	Triqler	0.2
0.9211	0.9799	P33898	9.0	1.002e-06	-0.04396	0.9799	0.9884	1.051	0.923	1.03	0.9856	1.027	TVAWYDNEYGFVTQLIR;AAAENIIPHTTGAAK;HDSNYGPFPWSVDFTEDSLIVDGK;SNIDVVAINDLTSPK;AIGLVIPELSGK;TGSVTELVSILGKK;ILAYLLK;TGSVTELVSILGK;SIAVYAEK	False	False	Ecoli	False	True	False	diann231	Triqler	Triqler	0.2
0.9212	0.9799	P76014	3.0	1.337e-05	-0.03942	0.9799	1.012	1.013	0.9222	1.053	0.9849	1.02	NTGMTLLSSVGGASGPLFGTFFIR;LPAIADKDIGFILK;TQIVNWLTR	False	False	Ecoli	False	True	False	diann231	Triqler	Triqler	0.2
0.9212	0.9799	P0ABS5	5.0	1.486e-05	-0.005714	0.9799	1.051	1.035	0.9042	1.009	0.994	1.014	LSTLALPLISQVPGETLR;FAIGFAPPGWDNVLKR;VFINDLLAR;LGILDDSQLER;GLSHEVIAR	False	False	Ecoli	False	True	False	diann231	Triqler	Triqler	0.2
0.9212	0.98	P62556	7.0	5.989e-06	-0.01934	0.98	0.9488	1.076	0.9553	0.9895	0.9939	1.043	AIAIAQFNDDSPEAR;TVFEQAIDQR;IGEAADLVGVSSQAIR;RAEDVFPPVIGVAAHK;TSVSVHLAQDLALK;VGYTIEQINHMR;IGEAADLVGVSSQAIRDAEK	False	False	Ecoli	False	True	False	diann231	Triqler	Triqler	0.2
0.9213	0.98	P07639	10.0	4.203e-07	-0.04257	0.98	0.9739	1.046	0.9314	1.056	0.9839	1.015	DTTLVALGGGVVGDLTGFAAASYQR;FIQVPTTLLSQVDSSVGGK;LGQFSSAETQR;LILPLAIGK;SYPITIASGLFNEPASFLPLK;GVLEQAGVNVDSVILPDGEQYK;AEVVAADERETGLR;AGLPVNGPR;IVVTLGER;ELASGLAEVIK	False	False	Ecoli	False	True	False	diann231	Triqler	Triqler	0.2
0.9213	0.98	P0A8A4	4.0	5.838e-06	-0.04907	0.98	0.9811	1.037	0.9244	1.036	0.9899	1.037	NLDQAQVILLGVSR;LFGLTIDPER;ILDIMGLSR;IAAIDYTLAHDDGISLR	False	False	Ecoli	False	True	False	diann231	Triqler	Triqler	0.2
0.9214	0.98	P45530	3.0	1.276e-05	-0.006829	0.98	1.06	0.9987	0.9372	1.049	0.9396	1.023	LLSEGDELLLLQDGVTAAVDGNR;VYALNEDLIAR;SPWLTDFAALLR	False	False	Ecoli	False	True	False	diann231	Triqler	Triqler	0.2
0.9214	0.98	P00864	40.0	1.101e-09	-0.06184	0.98	0.9659	1.028	0.9436	1.046	0.9894	1.032	ADLWLAEYYDQR;AGIELTLFHGR;AGNDANRQELLTTLQNLSNDELLPVAR;AIPWIFAWTQNR;ELNEQLEENLGYK;ELNEQLEENLGYKLPVEFVPVR;GEAASNPEVIAR;GGAPAHAALLSQPPGSLK;HTEALGELTR;LGMLEMVFAK;LMATQAWLEAR;LPVEFVPVR;LRPSPVDEAK;NIYTDPLNVLQAELLHR;NQPELSEDTIKK;QLIAQSWHTDEIRK;TPSDVLAVHLLLK;VEQALMVTIAGIAAGMR;VLGETIKDALGEHILER;WGFAVVENSLWQGVPNYLR;YLGIGDYESWSEADKQAFLIR;AFSQFLNLANTAEQYHSISPK;AVESLSLELVLTAHPTEITRR;SATPEQELGKLPLGSR;ENKDFVPYFR;VTEQGEMIR;RPTGGVESLR;NWQPSAETR;DGNPNVTADITR;HVLLLSR;DFVPYFR;LMLPAWLGAGTALQK;DWPFFSTR;AVESLSLELVLTAHPTEITR;LPLGSRPAK;MNEQYSALR;QLIAQSWHTDEIR;ATDLFLK;FTSWMGGDRDGNPNVTADITR;NQPELSEDTIK	False	False	Ecoli	False	True	False	diann231	Triqler	Triqler	0.2
0.9214	0.98	P0AGJ9	16.0	2.643e-08	-0.06685	0.98	0.9566	1.032	0.9484	1.024	0.9847	1.059	AQYVLAEQVTR;FQQAGHKPVALVGGATGLIGDPSFK;FYQFWINTADADVYR;GADLMQALVDSELQPSR;GLVAQVTDEEALAER;KLNTEETVQEWVDK;KTIASNAITINGEK;LHQNQVFGLTVPLITK;LVHGEEGLQAAK;LVHGEEGLQAAKR;RLHQNQVFGLTVPLITK;TEGGAVWLDPKK;TIASNAITINGEK;TEGGAVWLDPK;GADLMQALVDSELQPSRGQAR;QSDPEYFFKEEDR	False	False	Ecoli	False	True	False	diann231	Triqler	Triqler	0.2
0.9215	0.98	P23305	7.0	1.176e-05	-0.05178	0.98	0.9872	1.036	0.9313	1.023	1.004	1.023	DLGLAGASLR;AVVDYLIKNPEFFIR;LGQEQHYLGPLNGPELLVVLPEAK;GTVSLVEWHMAR;AVVDYLIK;QSFEPLR;NPEFFIR	False	False	Ecoli	False	True	False	diann231	Triqler	Triqler	0.2
0.9215	0.9801	P64429	3.0	1.347e-05	-0.03272	0.9801	0.9771	1.039	0.9464	1.066	0.9633	1.013	QLQQNATQAEVNR;VVPDSFTHGTSQQR;FTSVILATTEDTWGQQFEK	False	False	Ecoli	False	True	False	diann231	Triqler	Triqler	0.2
0.9215	0.9801	P0AEQ3	15.0	4.525e-08	-0.06069	0.9801	1.012	0.9972	0.9285	1.037	0.9754	1.055	ADAVLHDTPNILYFIK;AIDFSDGYYK;AVGDSLEAQQYGIAFPK;ENGTYNEIYKK;KLVVATDTAFVPFEFK;LVVATDTAFVPFEFK;NVDLALAGITITDER;NVDLALAGITITDERK;QFPNIDNAYMELGTNR;SGLLVMVK;KAIDFSDGYYK;QGDKYVGFDVDLWAAIAK;DLDGKVVAVK;WFGTEPK;KWFGTEPK	False	False	Ecoli	False	True	False	diann231	Triqler	Triqler	0.2
0.9216	0.9802	P77252	2.0	0.000733	-0.001485	0.9802	0.9874	1.051	0.9551	0.9916	1.003	1.014	SYPTYLADEPEWASR;DSVLLLEK	False	False	Ecoli	False	True	False	diann231	Triqler	Triqler	0.2
0.9216	0.9802	P77433	5.0	1.871e-05	-0.04658	0.9802	0.9368	1.04	0.9674	1.032	0.9908	1.038	ELGDQSVVISGDTR;ELGDQSVVISGDTRLEELGISER;KSTILPR;LEELGISER;LEPQAEDAPLNNYANER	False	False	Ecoli	False	True	False	diann231	Triqler	Triqler	0.2
0.9216	0.9803	P0A7S9	12.0	1.617e-07	-0.02868	0.9803	0.9772	1.07	0.9317	0.9982	0.993	1.036	AILAAAGIAEDVK;HAVIALTSIYGVGK;IAGINIPDHKHAVIALTSIYGVGK;ISELSEGQIDTLRDEVAK;SKAILAAAGIAEDVK;FVVEGDLR;FVVEGDLRR;ISELSEGQIDTLR;EISMSIK;EISMSIKR;IAGINIPDHK;REISMSIK	False	False	Ecoli	False	True	False	diann231	Triqler	Triqler	0.2
0.9216	0.9803	decoy_P77257	1.0	0.5806	-0.009772	0.953	0.9955	0.9955	0.9955	0.9955	0.9735	1.046	QIVEISR	False	False		False	False	False	diann231	Triqler	Triqler	0.2
0.9217	0.9803	P0A6F9	8.0	5.698e-07	-0.07517	0.9803	0.9635	1.015	0.9426	0.9945	1.019	1.071	ILENGEVKPLDVK;STRGEVLAVGNGR;VGDIVIFNDGYGVK;GEVLAVGNGR;MNIRPLHDR;SAGGIVLTGSAAAK;SAGGIVLTGSAAAKSTR;SEKIDNEEVLIMSESDILAIVEA	False	False	Ecoli	False	True	False	diann231	Triqler	Triqler	0.2
0.9217	0.9803	P0AEI4	8.0	7.014e-07	-0.06227	0.9803	0.9947	1.015	0.9217	1.064	0.9897	1.02	EILVIIDEVDEEGAIGR;HNPFLSLVPEQGVK;YSPVEGADANALPDQVPEEVKEER;ILPYLDIPLQHASPR;EILVISQDTSAYGVDVK;GDLVSRPIGEVLSEAK;FMQLQQQISAER;LVDAGVKEILVISQDTSAYGVDVK	False	False	Ecoli	False	True	False	diann231	Triqler	Triqler	0.2
0.9217	0.9804	decoy_P0AAF3	1.0	0.4037	0.01962	0.9671	1.022	0.9959	0.9959	0.9959	0.9935	0.9966	EEEIAGELLHEQADGR	False	False		False	False	False	diann231	Triqler	Triqler	0.2
0.9217	0.9804	P31057	3.0	1.276e-05	-0.0507	0.9804	0.9982	1.004	0.9428	0.9893	1.013	1.056	FATITAYDYSFAK;IEGGEWLVETVQMLTER;NFLAETGDIR	False	False	Ecoli	False	True	False	diann231	Triqler	Triqler	0.2
0.9218	0.9804	P0A962	3.0	1.479e-05	-0.05857	0.9804	0.9769	1.015	0.9418	1.05	1.008	1.012	AFLQELQEASDR;AHADGFDAFASPNLPPLLEAGIHIR;SEQGYIPVSGHLQR	False	False	Ecoli	False	True	False	diann231	Triqler	Triqler	0.2
0.9218	0.9805	P21420;P06996	1.0	0.000912	0.004099	0.9804	1.007	1.037	0.9573	1.003	1.003	0.9933	YVDVGATYYFNK	False	False		False	False	False	diann231	Triqler	Triqler	0.2
0.9218	0.9805	P23331	6.0	4.137e-06	-0.04406	0.9805	0.967	1.032	0.9512	0.9837	0.9924	1.08	LDQAGRPYNEGEQVVIGGNER;STALLQSSYNYQER;TVVYTAEIDDR;TVVYTAEIDDRFGAGK;IGLSSPAK;LFNQNSSLFDEIR	False	False	Ecoli	False	True	False	diann231	Triqler	Triqler	0.2
0.9219	0.9805	P76187	5.0	3.016e-05	-0.05448	0.9805	0.9569	1.027	0.9649	0.996	1.039	1.019	HFGVSNFTPAQFALLQSR;ITIAPQGPEFSR;LPSQPLPIIGSGK;LPSQPLPIIGSGKIER;FVMGYWR	False	False	Ecoli	False	True	False	diann231	Triqler	Triqler	0.2
0.9219	0.9805	P39406	7.0	1.019e-06	-0.05207	0.9805	0.9678	1.042	0.9321	1.023	0.9963	1.044	AHTQQFHHWQVLSR;DGLDVGSQLLLSTLTPHTK;ILFAGDLQDDLPAR;SAFTPASEVLLR;ILFAGDLQDDLPARLDTAASR;IVANAFLPYPDVLDETFGFHEVIAQTGR;TLPGVFSR	False	False	Ecoli	False	True	False	diann231	Triqler	Triqler	0.2
0.9219	0.9806	P64559	2.0	0.002598	-0.01056	0.9805	1.032	1.005	0.9451	1.045	0.9974	0.979	ELDISIMPFFEHEYDSLSDDEKR;ERGPVAI	False	False	Ecoli	False	True	False	diann231	Triqler	Triqler	0.2
0.922	0.9806	P18776	3.0	4.08e-05	-0.0003877	0.9806	1.027	1.051	0.926	1.043	0.9868	0.9719	HGDLAAVAPLPR;ALDFGPIDELR;DLTPEVSFR	False	False	Ecoli	False	True	False	diann231	Triqler	Triqler	0.2
0.922	0.9806	P0AG96	3.0	0.0001003	0.03585	0.9806	1.024	1.026	1.0	1.018	0.9312	1.004	LVSFITGLRF;GKATVAFAR;KVIWPTR	False	False	Ecoli	False	True	False	diann231	Triqler	Triqler	0.2
0.9221	0.9806	P63417	6.0	2.575e-06	-0.05341	0.9806	0.986	1.001	0.9536	1.03	0.9678	1.066	LADDALNGVTGLVEYHEHFNRF;VEIPIDAPGIDALLR;FGFELAAHHDLR;VEIPIDAPGIDALLRR;WPGTESAFQVHR;QLVYEGLDSLNEFGYAAVVTLGDPALYSR	False	False	Ecoli	False	True	False	diann231	Triqler	Triqler	0.2
0.9221	0.9806	P30871	11.0	6.821e-07	-0.05169	0.9806	0.9595	1.045	0.9423	1.038	0.9832	1.037	LALTEWLVSK;GYHLAQGNPAR;LANQLVSQTGLR;VQPLFSTDFYR;HTLMLFGGIVPR;EIKPTTILHVAAK;YRDQLPR;IEIEHFR;AWQPFLDAK;FADIHLSR;NEANNQEPFWLHSGKR	False	False	Ecoli	False	True	False	diann231	Triqler	Triqler	0.2
0.9221	0.9807	P10441	5.0	2.292e-05	0.02209	0.9807	1.062	1.028	0.9549	1.03	0.956	0.9747	ATDLVLAFLPFEK;TDYVSLPNLLAGR;TEQRPLTIALVAGETSGDILGAGLIR;TIHYVSPSVWAWR;FVGVAGPR	False	False	Ecoli	False	True	False	diann231	Triqler	Triqler	0.2
0.9222	0.9807	P25516	13.0	3.479e-07	-0.06657	0.9807	0.9744	1.037	0.927	1.057	1.011	0.9991	LREGITATDLVLTVTQMLR;SDTYGWQEDSTYIR;VVIAESFER;SEDQVELVEK;VNPLSPVDLVIDHSVTVDR;VVSDYLAK;YKQEQTPLAVIAGK;SNLIGMGILPLEFPQGVTR;VALPDVPK;KAVTLGLK;IDTATELTYYQNDGILHYVIR;IDIGDLQNLQPGATVPVTLTR;VLLENLLR	False	False	Ecoli	False	True	False	diann231	Triqler	Triqler	0.2
0.9222	0.9807	P09832	6.0	2.609e-06	-0.05632	0.9807	0.938	1.036	0.9695	1.019	0.9836	1.059	IEFVEIYEPFSEGQAK;KIEFVEIYEPFSEGQAK;SQNVYQFIDLQR;GSDLVVTAIAEGR;NAREEGVEFK;IFAGGDIVR	False	False	Ecoli	False	True	False	diann231	Triqler	Triqler	0.2
0.9222	0.9807	P42915	1.0	0.6166	-0.001868	0.9497	0.9951	0.9951	0.9989	0.9951	0.9951	1.021	VLVTVSDR	False	False	Ecoli	False	True	False	diann231	Triqler	Triqler	0.2
0.9223	0.9807	P0ACA7	8.0	1.51e-06	-0.03819	0.9807	0.9689	1.056	0.9397	1.027	0.9718	1.043	KVLLTLEELELPYEQILAGR;VLLTLEELELPYEQILAGR;YLAAQYGQK;MITLWGR;RLWIDSPAR;GILMGLVR;WYQQLTERPAVR;LWIDSPAR	False	False	Ecoli	False	True	False	diann231	Triqler	Triqler	0.2
0.9223	0.9808	P24251	3.0	1.32e-05	-0.008502	0.9808	0.9728	1.071	0.9568	0.948	1.001	1.057	FTALGPYIR;FTYSYQFGLFDK;KFTALGPYIR	False	False	Ecoli	False	True	False	diann231	Triqler	Triqler	0.2
0.9223	0.9808	P37655	5.0	1.155e-05	-0.04063	0.9808	1.011	1.026	0.9133	1.021	1.026	1.008	YQWILIDLPR;LSFNVDFTHR;IGSQVQDDIYQLWLQSQRR;AVLGLQGVR;LHQQALPDGAHILINDFR	False	False	Ecoli	False	True	False	diann231	Triqler	Triqler	0.2
0.9224	0.9808	P71244	1.0	0.6063	0.02237	0.9513	1.001	1.08	0.9901	0.9895	1.034	0.9134	QLIHVENGKHFVIR	False	False	Ecoli	False	True	False	diann231	Triqler	Triqler	0.2
0.9224	0.9808	P24232	4.0	6.338e-05	-0.01143	0.9808	0.9823	1.077	0.9403	1.015	0.9521	1.04	ATIPLLVETGPK;FTAHTWYR;AYGVLANVFINR;ELGQSLPR	False	False	Ecoli	False	True	False	diann231	Triqler	Triqler	0.2
0.9224	0.9808	P60546	6.0	1.336e-06	-0.05487	0.9808	0.9621	1.038	0.9387	1.013	0.9926	1.061	AQGTLYIVSAPSGAGK;DAFLEHAEVFGNYYGTSR;SSLIQALLK;TQPLYDTQVSVSHTTR;SIFILPPSKIELDR;SIFILPPSK	False	False	Ecoli	False	True	False	diann231	Triqler	Triqler	0.2
0.9225	0.9808	P0A6U5	5.0	4.79e-06	-0.06673	0.9808	0.9542	0.9953	0.9798	1.052	0.9927	1.029	HILDSIVVAPYLQGER;VEEFPSEPPFDGVISR;QVQHELKLENIEPVQSR;LQVPALDGER;AYNLTSVRDPNEMLVR	False	False	Ecoli	False	True	False	diann231	Triqler	Triqler	0.2
0.9225	0.9808	P39304	2.0	0.01034	-0.01154	0.9806	1.008	1.023	0.9471	1.017	0.9898	1.017	DAGIGQVVYHR;GIPIHVFIAGR	False	False	Ecoli	False	True	False	diann231	Triqler	Triqler	0.2
0.9225	0.9809	P0AGD1	1.0	0.000912	-0.01494	0.9808	0.9774	1.023	0.9832	0.9864	1.022	1.009	ATDAVIAPR	False	False	Ecoli	False	True	False	diann231	Triqler	Triqler	0.2
0.9226	0.9809	P0AEJ2	1.0	0.4651	0.005823	0.9643	0.9973	0.9973	1.01	1.001	0.9973	0.9973	FSSIPLAGSAR	False	False	Ecoli	False	True	False	diann231	Triqler	Triqler	0.2
0.9226	0.981	P0A8J2	2.0	0.0001277	0.001487	0.981	0.987	1.076	0.9439	1.02	0.999	0.9789	LAELLALEEK;VLTPDVVGIDALVHDHQTVLAK	False	False	Ecoli	False	True	False	diann231	Triqler	Triqler	0.2
0.9226	0.981	P31224	21.0	7.454e-08	-0.09368	0.981	0.9462	0.9948	0.9652	1.041	0.9917	1.066	AQNAQVAAGQLGGTPPVK;FQLTPVDVITAIK;STHHYTDSVGGILR;EKNNVESVFAVNGFGFAGR;GFFGWFNR;KGFFGWFNR;LATGANALDTAAAIR;LTSTEEFGK;TSGVGDVQLFGSQYAMR;GLIEATLDAVR;GQQLNASIIAQTR;NQLLAEAAK;WEYGSPR;IVYPYDTTPFVK;AQALGVSINDINTTLGAAWGGSYVNDFIDR;NNVESVFAVNGFGFAGR;IWMNPNELNK;YNGLPSMEILGQAAPGK;AADGQMVPFSAFSSSR;MEPFFPSGLK;IELGGENYDIIAEFNGQPASGLGIK	False	False	Ecoli	False	True	False	diann231	Triqler	Triqler	0.2
0.9227	0.981	P15067	4.0	5.197e-05	-0.01887	0.981	0.9676	1.056	0.9561	0.9965	0.995	1.032	QLGITALELLPVAQFASEPR;YAQPLSTDEWQNGPK;VHGPWQPAEGHR;GLTYLHPEIPVEIR	False	False	Ecoli	False	True	False	diann231	Triqler	Triqler	0.2
0.9227	0.9811	decoy_P75969	1.0	0.6328	0.03802	0.9485	1.039	1.043	0.9544	0.9921	0.9921	0.9824	ILIPLSTR	False	False		False	False	False	diann231	Triqler	Triqler	0.2
0.9227	0.9811	P0AEF4	3.0	0.0001594	-0.04404	0.9811	0.9913	0.9955	0.9637	1.034	1.026	0.9907	FKPGLILLDNYLPDGR;GEPKDELPTGIDPLTLNAVR;HIPGFSQILLAGNLAQAR	False	False	Ecoli	False	True	False	diann231	Triqler	Triqler	0.2
0.9227	0.9811	P0ABS1	4.0	6.925e-06	-0.04101	0.9811	0.9849	1.045	0.9242	0.9914	1.013	1.047	AAQEEEFSLELR;TVTHMQDEAANFPDPVDR;RILEAWR;NQLRDEVDR	False	False	Ecoli	False	True	False	diann231	Triqler	Triqler	0.2
0.9228	0.9811	P0AGJ7	6.0	1.109e-05	-0.0444	0.9811	0.9907	1.04	0.9246	1.006	0.9845	1.06	AFLEAENPQR;RAGLDYHEFTAVTR;GLPASILDALPAEQK;AGLDYHEFTAVTR;LFALTTK;GTPAHSAVSYQDGDYLMFGPETR	False	False	Ecoli	False	True	False	diann231	Triqler	Triqler	0.2
0.9228	0.9811	P37903	5.0	2.42e-06	-0.0644	0.9811	0.9705	1.002	0.9581	1.014	0.9815	1.078	SQLEEIIKK;TILVPIDISDSELTQR;VHVHVEEGSPK;VHVHVEEGSPKDR;FKLPTDR	False	False	Ecoli	False	True	False	diann231	Triqler	Triqler	0.2
0.9228	0.9811	P01133ups|EGF_HUMAN_UPS	1.0	0.54	-0.009288	0.9589	0.9959	0.9959	0.9959	1.009	0.9628	1.042	DLKWWELR	False	False	Human	True	False	False	diann231	Triqler	Triqler	0.2
0.9228	0.9811	decoy_P24211	1.0	0.05877	-0.01643	0.9799	0.9995	1.012	0.9705	1.022	0.9782	1.019	LTGTPLLEFGR	False	False		False	False	False	diann231	Triqler	Triqler	0.2
0.9229	0.9811	P76170	2.0	0.0004761	0.009695	0.9811	0.9553	1.039	1.02	1.019	0.9764	0.9925	LVIESGDSAQSR;EWDKADAAFDNR	False	False	Ecoli	False	True	False	diann231	Triqler	Triqler	0.2
0.9229	0.9812	P24252	3.0	0.0001431	-0.02678	0.9811	1.001	1.014	0.9407	0.9888	1.01	1.048	LVFLAHSQPEYR;YFELWPR;QQLAALIDSYR	False	False	Ecoli	False	True	False	diann231	Triqler	Triqler	0.2
0.9229	0.9812	P0AA25	7.0	1.11e-06	-0.06161	0.9812	0.9966	1.017	0.9216	1.046	0.9845	1.04	IIHLTDDSFDTDVLK;LNIDQNPGTAPK;MIAPILDEIADEYQGK;SDKIIHLTDDSFDTDVLK;GQLKEFLDANLA;EFLDANLA;GIPTLLLFK	False	False	Ecoli	False	True	False	diann231	Triqler	Triqler	0.2
0.923	0.9812	P0ABU5	3.0	3.007e-05	-0.03498	0.9812	0.9755	1.036	0.9393	0.9943	0.9965	1.063	GEIRPLAQADAAELDALIVPGGFGAAK;NVLIEAAR;IFDFPLR	False	False	Ecoli	False	True	False	diann231	Triqler	Triqler	0.2
0.923	0.9813	P75736	6.0	3.241e-06	-0.07243	0.9813	1.007	0.9807	0.9338	1.013	1.02	1.05	LVAIDIAPVDYHVR;QHLNEEGVIQFLLK;RHDEIFAAINAVSESDAQTR;AHVIAGAGHWVHAEKPDAVLR;SFVDGEWR;FNVPVLWDQYPHIVGWEK	False	False	Ecoli	False	True	False	diann231	Triqler	Triqler	0.2
0.923	0.9813	P0AAU7	3.0	9.285e-05	-0.02957	0.9813	0.9676	0.9941	1.01	0.9795	1.006	1.044	LNAEAVEALNELAESR;TTLDLFAHER;SELIEEMLMQQLAALR	False	False	Ecoli	False	True	False	diann231	Triqler	Triqler	0.2
0.9231	0.9813	P60595	2.0	0.000885	-0.0196	0.9813	1.019	1.019	0.9351	1.061	1.002	0.9696	DNFYGVQFHPER;ELFDLIK	False	False	Ecoli	False	True	False	diann231	Triqler	Triqler	0.2
0.9231	0.9813	P31467	2.0	0.0006718	0.004482	0.9813	0.9675	1.033	1.001	1.022	1.02	0.9591	LFSGYDIQR;ARGWDITA	False	False	Ecoli	False	True	False	diann231	Triqler	Triqler	0.2
0.9231	0.9813	P25772	1.0	0.1133	-0.02818	0.979	0.9896	0.9909	0.9886	1.033	0.991	1.008	AIQFAVGK	False	False	Ecoli	False	True	False	diann231	Triqler	Triqler	0.2
0.9232	0.9814	P77173	6.0	3.83e-06	-0.02173	0.9814	0.9723	1.032	0.9726	0.9627	0.9785	1.087	DDDSYDEDVEDDEGVGEVR;RDDDSYDEDVEDDEGVGEVR;LMLQSAQHIADEVGGVVLDDQRR;EYQDIIR;LREYQDIIR;DFTTPGVTIFMQVPSYGDELQNFK	False	False	Ecoli	False	True	False	diann231	Triqler	Triqler	0.2
0.9232	0.9814	P0A780	8.0	1.083e-06	0.02514	0.9814	1.005	1.088	0.9435	0.9808	0.9752	1.014	LLEELGQVEK;VAINEAIELAK;IALYELSKR;DVDVLYFR;IALYELSK;ELLAGVATNTAYLDGLMKPYLSR;LLEELGQVEKAVLR;SFGAEDSHKFVNGVLDK	False	False	Ecoli	False	True	False	diann231	Triqler	Triqler	0.2
0.9233	0.9814	P0AA43	7.0	1.327e-06	-0.06018	0.9814	0.9691	1.014	0.9531	1.06	0.968	1.04	LLPEHDVAYDGNPLAQQHGPR;TYLVTLESPVADDTAEQFAK;DLTKPAVLEVITPTQVR;FIAQQLGVSR;GNRVTVDGEIVR;VTVDGEIVR;MFAAVGNHVVELHR	False	False	Ecoli	False	True	False	diann231	Triqler	Triqler	0.2
0.9233	0.9815	P0A6H1	22.0	1.13e-08	-0.01347	0.9815	0.9675	1.071	0.955	0.9759	0.9943	1.042	ASEGELLAQVEPEDLIK;DVSGEGVQQALLK;FGLIPEFIGR;KHPQQEFLQVDTSK;LIEGTVAAVPPQGGR;LLDVPFTMADATTLTEAGYVGEDVENIIQK;LPVVATLNELSEEALIQILKEPK;NHLDDYVIGQEQAK;NHLDDYVIGQEQAKK;SDKASEGELLAQVEPEDLIK;VETGSGIGFGATVK;VLAVAVYNHYKR;EEIKEVAPHR;SNILLIGPTGSGK;TLLAETLAR;SALPTPHEIR;GIVYIDEIDKISR;GIVYIDEIDK;QYQALFNLEGVDLEFRDEALDAIAK;VLAVAVYNHYK;HPQQEFLQVDTSK;LIEGTVAAVPPQGGRK	False	False	Ecoli	False	True	False	diann231	Triqler	Triqler	0.2
0.9233	0.9815	P30014	4.0	9.546e-06	0.01273	0.9815	1.075	0.998	0.9374	1.041	0.9872	0.9679	GFYPVVIDVETAGFNAK;NPFHPFATFDTAALAGLALGQTVLSK;TDALLEIAAITLK;RNPFHPFATFDTAALAGLALGQTVLSK	False	False	Ecoli	False	True	False	diann231	Triqler	Triqler	0.2
0.9234	0.9815	P0AAK1	3.0	0.0002309	-0.02071	0.9815	0.9944	1.045	0.924	1.034	0.9861	1.022	VSTLLDWVPGIR;APPAPPAPAR;ALHLVDNTDIAR	False	False	Ecoli	False	True	False	diann231	Triqler	Triqler	0.2
0.9234	0.9815	P0A6J1	3.0	5.503e-05	-0.05619	0.9815	0.968	1.008	0.957	1.043	1.002	1.024	LGVSTYLLDGDNVR;GVVLWFTGLSGSGK;STVAGALEEALHK	False	False	Ecoli	False	True	False	diann231	Triqler	Triqler	0.2
0.9234	0.9815	P0AAI9	9.0	4.922e-07	0.02507	0.9815	0.9991	1.086	0.9502	1.006	0.9578	1.007	ITFNAPTVPVVNNVDVK;QLYNPVQWTK;SVEYMAAQGVEHLYEVGPGK;TWQTQPALLTASVALYR;VLTGLTK;VLTGLTKR;LAVELAK;RIVDTLTASALNEPSAMAAALEL;IVDTLTASALNEPSAMAAALEL	False	False	Ecoli	False	True	False	diann231	Triqler	Triqler	0.2
0.9235	0.9815	P60785	18.0	4.61e-08	-0.008494	0.9815	0.9931	1.07	0.9294	1.005	0.9911	1.017	EYDLDLITTAPTVVYEVETTSR;LEREYDLDLITTAPTVVYEVETTSR;TGVGVQDVLER;VAEEIEDIVGIDATDAVR;VDALALITHR;VDVLINGERVDALALITHR;DIHGAPVGDTLTLAR;ASDGETYQLNFIDTPGHVDFSYEVSR;LSLNDASLFYEPESSSALGFGFR;NFSIIAHIDHGK;AQSVTLDYK;EVIYVDSPSK;GYASLDYNFKR;VDVLINGER;GYASLDYNFK;VMSTGQTYNADR;ALPGFKK;LGIFTPK	False	False	Ecoli	False	True	False	diann231	Triqler	Triqler	0.2
0.9235	0.9815	decoy_Q9JMS9	1.0	0.2932	-0.02741	0.9739	0.9919	0.9927	0.9852	0.9949	1.022	1.014	LENVELNK	False	False		False	False	False	diann231	Triqler	Triqler	0.2
0.9235	0.9815	P68567	4.0	0.001242	0.004335	0.9815	1.007	1.049	0.9722	1.01	1.012	0.9526	VFQSLVGPDLDADGLLEPAR;NPVVAALLDDGLAR;GYADAEIGGWLQER;AVGIKGDYLPDVVDATAGLGR	False	False	Ecoli	False	True	False	diann231	Triqler	Triqler	0.2
0.9235	0.9815	P30852	1.0	0.365	-0.00123	0.9709	0.9881	1.049	0.9649	0.9902	0.9777	1.032	GVLVVEAALR	False	False	Ecoli	False	True	False	diann231	Triqler	Triqler	0.2
0.9236	0.9815	P0AFI0	9.0	4.322e-06	-0.05172	0.9815	0.9797	1.042	0.9304	1.015	1.002	1.035	VNQPQDLGIALAR;DVLRENQDIYLVNEGANTLDNAR;GVGYNVTTTDELR;HALTTGIQSR;ENQDIYLVNEGANTLDNAR;AERPLIILGK;GDGVDLSGAGAPSPTDLLHHAR;SVTSAISLLAK;LSTDTQPLNYFNALSAVR	False	False	Ecoli	False	True	False	diann231	Triqler	Triqler	0.2
0.9236	0.9816	P77552	6.0	1.606e-06	-0.03315	0.9816	0.9307	1.052	0.9708	0.9963	1.008	1.048	AENTVVTGAGWLK;LGTDGLQLYSSGK;TQNLSVNVGGR;TGEVIGATQLTEGELIVEAGGR;EISPDFINVK;LWLITDAATHVQLK	False	False	Ecoli	False	True	False	diann231	Triqler	Triqler	0.2
0.9236	0.9816	P60757	4.0	7.932e-06	-0.002964	0.9816	1.038	1.036	0.9261	0.9982	0.9515	1.057	LDEVIALLPGAERPTILPLAGDQQR;ALGASSILVLPIEK;IATSYPHLLKR;IQGVIQAR	False	False	Ecoli	False	True	False	diann231	Triqler	Triqler	0.2
0.9237	0.9817	P0A776	2.0	0.005037	-0.01431	0.9816	0.9952	1.03	0.968	1.012	1.014	0.9822	WVSYWYPVR;ELFEEVGLSR	False	False	Ecoli	False	True	False	diann231	Triqler	Triqler	0.2
0.9237	0.9817	P0A8B2	4.0	1.698e-05	-0.0516	0.9817	0.9926	0.9727	0.9829	1.07	0.957	1.029	TTLSEEDQALFR;LIQEQADASHYFSDEFQPLLNTEGPVK;ISEVPVKR;YVRPDVSHFEAK	False	False	Ecoli	False	True	False	diann231	Triqler	Triqler	0.2
0.9237	0.9817	P31550	6.0	8.227e-06	-0.02486	0.9817	0.9582	1.065	0.9519	1.033	0.9947	1.001	LVALEDGVSLLNR;ADVVLGLDNNLLDAASK;VYGDDAPQAWQK;ELVESDQNWR;GWSEAYGLFLK;QAWISEWQR	False	False	Ecoli	False	True	False	diann231	Triqler	Triqler	0.2
0.9238	0.9817	P50456	4.0	6.953e-05	0.006815	0.9817	1.022	1.052	0.9209	1.031	0.9644	1.015	AADILFPVISDSIR;LIDQLGPVSR;IISHIDQFFIR;GEIFLALR	False	False	Ecoli	False	True	False	diann231	Triqler	Triqler	0.2
0.9238	0.9818	P75931	1.0	0.03218	-0.002757	0.9812	0.9772	1.028	0.9924	1.027	0.9847	0.9923	IGVVGLGGIAQK	False	False	Ecoli	False	True	False	diann231	Triqler	Triqler	0.2
0.9238	0.9818	P0ABS8	1.0	0.2753	-0.02963	0.9749	0.9983	1.004	0.9618	0.9984	1.033	1.006	LASVNLSR	False	False	Ecoli	False	True	False	diann231	Triqler	Triqler	0.2
0.9239	0.9818	P19931	2.0	0.0004067	-0.02568	0.9818	0.9833	1.03	0.9586	0.9989	1.011	1.02	FPATLVFTGGNYR;GLVEPQQER	False	False	Ecoli	False	True	False	diann231	Triqler	Triqler	0.2
0.9239	0.9818	P0A705	35.0	1.721e-09	-0.04832	0.9818	0.9889	1.036	0.9278	1.008	1.002	1.041	ADVQGSVEAISDSLLK;DNVVIYEGELESLRR;DVVIGETITVGELANK;ENELEEAVMSDRDTGAAAEPR;FKDDVNEVR;GPVATVLVR;GSSLQQGFQKPAQAVNR;IIGSGVGGITETDATLAAASNAILVGFNVR;KVIEAESLDLR;LGAMATINQVIDQETAQLVAEEMGHK;LVQQFADAGIR;LVQQFADAGIRK;MAEENKWTDNAEPTEDSSDYHVTTSQHAR;NSGPDKLTLQR;QQIIGLAEVR;QTLIDHLNQK;TGDVIEVFEIIEIQR;VIEAESLDLR;VKNELSQYGILPEEWGGESQFVHVSAK;VLRDNVVIYEGELESLR;YYSVIYNLIDEVK;APVVTIMGHVDHGK;NELSQYGILPEEWGGESQFVHVSAK;QQIIGLAEVRDVFK;STLNIPGTGGK;GRGPVATVLVR;LSTDEVKVK;TSLLDYIR;AREVALYR;GAQATDIVVLVVAADDGVMPQTIEAIQHAK;KGMASGAVIESFLDK;SVQIEVR;LAAEEQAQREAEEQAR;DNVVIYEGELESLR;DPQEAERLAAEEQAQR	False	False	Ecoli	False	True	False	diann231	Triqler	Triqler	0.2
0.9239	0.9819	P0A9G8	7.0	2.844e-06	-0.04321	0.9819	1.026	1.012	0.915	1.051	1.018	0.9837	HIALSGSISQGAK;LIQLYDLLAQIQQK;LGLDEGKEVLILLK;FSLQTSAR;NQWFGTITAR;AFDVLSDDDALPLNSLLAAISR;LKVAITAQSGAR	False	False	Ecoli	False	True	False	diann231	Triqler	Triqler	0.2
0.924	0.9819	P42589	1.0	0.6063	0.02796	0.954	0.9961	1.032	0.9961	0.9961	0.9961	0.9841	MMPAGVR	False	False	Ecoli	False	True	False	diann231	Triqler	Triqler	0.2
0.924	0.9819	P0A8J4	5.0	3.604e-06	-0.02047	0.9819	1.035	1.022	0.9029	1.029	0.9941	1.024	HAPGDYTPTVKPSSK;LNELLEFPTPFTYK;TKLNELLEFPTPFTYK;VMGQALPELVDQVVEVVQR;GNYHSVSITINATHIEQVETLYEELGK	False	False	Ecoli	False	True	False	diann231	Triqler	Triqler	0.2
0.924	0.982	P0A9W9	8.0	8.544e-07	-0.04932	0.982	0.954	1.051	0.9436	1.029	1.004	1.024	LADDVGIWPLVVIR;RLESGYLYLGSPVK;VMIDDSSVVIGDVR;GDVHYVQIGAR;LESGYLYLGSPVK;DLFPQIGQR;SDVLRPYR;QIRPLSDEEK	False	False	Ecoli	False	True	False	diann231	Triqler	Triqler	0.2
0.9241	0.982	P0A759	4.0	1.325e-05	-0.00486	0.982	0.9741	1.09	0.9496	1.031	0.976	0.986	YFNELEAENIK;LIPLTTAEQVGK;FFDNDVNQVPK;IHLFMGGVGNDGHIAFNEPASSLASR	False	False	Ecoli	False	True	False	diann231	Triqler	Triqler	0.2
0.9241	0.982	P00888	6.0	2.692e-06	-0.02999	0.982	0.992	1.055	0.9287	1.03	0.9964	1.003	FVGINQAGQVALLQTQGNPDGHVILR;RQPAVAESVVAQIK;AAFPLSLQQEAQIADSR;EIHQDLNGQLTAR;SIIGLMIESNIHEGNQSSEQPR;AAFPLSLQQEAQIADSRK	False	False	Ecoli	False	True	False	diann231	Triqler	Triqler	0.2
0.9241	0.982	P77395	8.0	1.351e-06	0.02904	0.982	1.01	1.072	0.9491	1.01	0.9432	1.022	AIPTVYLFQNGQPVDGFQGPQPEEAIR;KTFQEILAALGTGDALASK;TFQEILAALGTGDALASK;YQGLVAQIELLK;NEEALELLFGHLR;RQLYALLY;TIPLQDQDTR;NEEALELLFGHLRK	False	False	Ecoli	False	True	False	diann231	Triqler	Triqler	0.2
0.9242	0.982	P33195	14.0	6.177e-08	-0.03651	0.982	0.9896	1.049	0.9263	1.009	0.9953	1.035	ASQVAILNANYIASR;DIQLATPPQVGAPATEYAALAELK;FFVASDVHPQTLDVVR;LQDAFPVLYTGR;LTDILAAGLQQK;TQTLSQLENSGAFIER;TRAETFGFEVIVDDAQK;QGADIVFGSAQR;EVAVFPAGVADKYWPTVK;AEAAEINLR;SDILNAVGITLDETTTR;AHLAPFVPGHSVVQIEGMLTR;RLDDVYGDR;DDEILTHPVFNR	False	False	Ecoli	False	True	False	diann231	Triqler	Triqler	0.2
0.9242	0.982	P0A7D7	13.0	9.676e-08	-0.05186	0.982	1.01	1.012	0.9206	1.047	0.9814	1.033	FRQSLGGLIEAYEAVAR;GEVVLGDEFSPDGSR;LWDKETLEK;QSLGGLIEAYEAVAR;RLGIEEGIELNPPLFDLFLK;TVYSTENPDLLVLEFR;LEFGLYKGEVVLGDEFSPDGSR;FNYFIMSK;LFDDAGLILVDFK;QSLGGLIEAYEAVARR;LAEAGIPTQMER;KLFDDAGLILVDFK;RLGVQLD	False	False	Ecoli	False	True	False	diann231	Triqler	Triqler	0.2
0.9242	0.982	P0AF24	8.0	1.056e-06	-0.02854	0.982	0.9962	1.038	0.9267	1.069	0.9798	0.9966	AAYFVANGAR;AGFTITDVNPDFVIVGETR;FATAGVDVPDSVFYTSAMATADFLR;GLPLVLLTNYPSQTGQDLANR;AYVVGEGALIHELYK;MQAHSEETVIVGDNLR;FIATNPDTHGR;KAYVVGEGALIHELYK	False	False	Ecoli	False	True	False	diann231	Triqler	Triqler	0.2
0.9243	0.9821	P08245	2.0	6.5e-05	0.006533	0.9821	0.9736	1.067	0.9715	0.9713	1.025	0.9955	LVYSTETGRIDEPK;LVYSTETGR	False	False	Ecoli	False	True	False	diann231	Triqler	Triqler	0.2
0.9243	0.9821	P0A700	1.0	0.3643	-0.01937	0.9718	0.9936	1.003	0.9845	1.022	1.003	0.9936	ALELIEQQAAK	False	False	Ecoli	False	True	False	diann231	Triqler	Triqler	0.2
0.9243	0.9821	P0ABI8	2.0	6.754e-05	-0.03788	0.9821	0.9873	1.01	0.9599	1.026	1.01	1.008	TLEWATSSPPPFYNFAVVPHVHER;DLTGDPWGGR	False	False	Ecoli	False	True	False	diann231	Triqler	Triqler	0.2
0.9243	0.9821	P0A9C0	13.0	3.357e-07	-0.0328	0.9821	0.9702	1.067	0.9365	1.006	0.995	1.03	VISLPAPLR;IIEPAVNPALIGAVK;KPSDADILVPGDTISLIGTTSLR;IDYNEIDDNRVTAEEVDILLR;EHGAVILTAHEVTGLIR;DSQSSDVIIIGGGATGAGIAR;AYSGVRPLVASDDDPSGR;FNVTTSAQSIEQLSTFLNER;GVQPIAWGDALR;YAVTDAESAR;TPAWLSEGR;WKGVQPIAWGDALR;VPDGTVDPFR	False	False	Ecoli	False	True	False	diann231	Triqler	Triqler	0.2
0.9244	0.9821	P32160	4.0	1.257e-05	-0.01533	0.9821	0.9872	1.049	0.9518	0.9675	1.059	0.9906	AIDSSPDKANLTR;YYTETEGALR;INENLYASTALER;KLQSLLTAGK	False	False	Ecoli	False	True	False	diann231	Triqler	Triqler	0.2
0.9244	0.9821	P52126	1.0	0.4251	0.006019	0.9689	1.019	0.9938	0.9947	0.9938	1.026	0.974	QWISEGEKR	False	False	Ecoli	False	True	False	diann231	Triqler	Triqler	0.2
0.9244	0.9822	P0ADX1	2.0	0.0002506	-0.0157	0.9822	0.9936	1.05	0.9388	0.9866	0.9999	1.035	LFTHINLHFIVTGR;AVNITHSYEVVAA	False	False	Ecoli	False	True	False	diann231	Triqler	Triqler	0.2
0.9245	0.9822	P0AG93	4.0	1.23e-05	0.02753	0.9822	1.002	1.002	1.013	0.999	0.9368	1.051	AQEYTVEQLNHGR;VINESTNQNAAVK;RGTPYEIFNVSLTQTLHR;GTPYEIFNVSLTQTLHR	False	False	Ecoli	False	True	False	diann231	Triqler	Triqler	0.2
0.9245	0.9822	P05852	4.0	2.171e-05	-0.03934	0.9822	0.9641	1.046	0.9539	1.044	1.012	0.9846	LHADYGGVVPELASR;LLGLDYPGGPLLSK;LVMAGGVSANR;AGATADLGVSVRPR	False	False	Ecoli	False	True	False	diann231	Triqler	Triqler	0.2
0.9245	0.9822	Q46845	3.0	4.337e-05	-0.03167	0.9822	1.057	0.9916	0.9259	0.9878	1.026	1.017	SAGGAFANINRPVSGPTHEK;IGDGDQFSSGFVEVNPNSK;LLDVLDK	False	False	Ecoli	False	True	False	diann231	Triqler	Triqler	0.2
0.9246	0.9822	P06999	5.0	9.002e-06	-0.04729	0.9822	0.9442	1.001	0.9957	0.9975	0.9913	1.075	FGVAAGSAATLNQGTR;QNLHVHVEASGEQYR;LTQLISAAQK;IYTLTLAPSLDSATITPQIYPEGK;ELSALVNR	False	False	Ecoli	False	True	False	diann231	Triqler	Triqler	0.2
0.9246	0.9823	P04079	26.0	4.876e-09	-0.04953	0.9823	0.9818	1.038	0.9308	1.012	0.9977	1.044	ADAIFIEELR;ADLYDKVSQAFTVFLPVR;DFNPSGIILSGGPESTTEENSPR;EFGYAQVEVVNDSALVR;FLSALAGENDPEAK;FYGVQFHPEVTHTR;HPFPGPGLGVR;IGLELGLPYDMLYR;IINEVNGISR;ILILDFGSQYTQLVAR;KIGLELGLPYDMLYR;KYDWVVSLR;RADAIFIEELR;SHHNVGGLPK;VFVEVFDEEALKLEDVK;VSQAFTVFLPVR;WLAQGTIYPDVIESAASATGK;RFYGVQFHPEVTHTR;VVYDISGKPPATIEWE;AVETIDFMTAHWAHLPYDFLGR;YDWVVSLR;LNEAEQVLDMFGDHFGLNIVHVPAEDR;IIDDAVAR;VFVEVFDEEALK;FLSALAGENDPEAKR;ADAIFIEELRK	False	False	Ecoli	False	True	False	diann231	Triqler	Triqler	0.2
0.9246	0.9823	decoy_P0AFA9	1.0	0.4086	0.014	0.97	1.001	1.026	0.9919	0.9535	1.001	1.028	DALDPHLVTEHHH	False	False		False	False	False	diann231	Triqler	Triqler	0.2
0.9246	0.9823	P0ADP0	6.0	1.261e-05	-0.04107	0.9823	0.9439	1.036	0.9752	1.049	0.9662	1.034	EAEPEIYHDVTR;SFQNEDLQR;ISALTFDLDDTLYDNRPVILR;IDVPQQTHDTLK;SRIDVPQQTHDTLK;LLPHLEISR	False	False	Ecoli	False	True	False	diann231	Triqler	Triqler	0.2
0.9247	0.9823	P32051	1.0	0.6201	0.02916	0.9534	1.033	0.9962	0.9962	0.9825	0.9962	0.9962	TDVELDGDNSRFVGQFNIDTGSALSVNEQK	False	False	Ecoli	False	True	False	diann231	Triqler	Triqler	0.2
0.9247	0.9823	P0AFW8	4.0	1.023e-05	-0.03391	0.9823	0.972	1.043	0.9539	1.006	0.9653	1.064	ITSFSHPEIGTVVVSES;KNVEYLVVEAAGETR;NVEYLVVEAAGETR;LDKITSFSHPEIGTVVVSES	False	False	Ecoli	False	True	False	diann231	Triqler	Triqler	0.2
0.9247	0.9823	P0AAP3	5.0	3.017e-05	-0.062	0.9823	0.9649	1.013	0.9497	1.009	1.007	1.06	AILQQIAAVR;EVSQSVDDTIELVR;GQIDALER;IRGQIDALER;GAANGLMAEVLESHIR	False	False	Ecoli	False	True	False	diann231	Triqler	Triqler	0.2
0.9248	0.9824	P0A6S7	7.0	1.192e-06	-0.03212	0.9824	0.9696	1.063	0.9391	1.004	0.9965	1.033	EAALTLLGR;EALGDQIPLAVISGPTFAK;IGQVVEGYR;NILVVVPSHVFGEVLR;VYSNPDFIGVQLGGAVK;NVIAIGAGMSDGIGFGANAR;LLQDVAR	False	False	Ecoli	False	True	False	diann231	Triqler	Triqler	0.2
0.9248	0.9824	P00350	26.0	5.285e-09	-0.03787	0.9824	0.958	1.048	0.9583	1.012	0.9811	1.046	AASEEYNWDLNYGEIAK;AAVLPANLIQAQR;DYFGAHTYKR;EAYELVAPILTK;EKTEEVIAENPGK;ELSAEGFNFIGTGVSGGEEGALK;GTGKWTSQSALDLGEPLSLITESVFAR;IVSYAQGFSQLR;KLVPYYTVK;LVPYYTVK;NRELSAEGFNFIGTGVSGGEEGALK;SKQQIGVVGMAVMGR;TEEVIAENPGK;TEEVIAENPGKK;WTSQSALDLGEPLSLITESVFAR;YISSLKDQR;GYTVSIFNR;NLALNIESR;DYFGAHTYK;ITDAYAENPQIANLLLAPYFK;RILLMVK;IDKEGVFHTEWLD;RALYLGK;KDEDGNYLVDVILDEAANK;MVHNGIEYGDMQLIAEAYSLLK;QIADDYQQALR	False	False	Ecoli	False	True	False	diann231	Triqler	Triqler	0.2
0.9248	0.9824	P11349	10.0	3.101e-07	-0.05009	0.9824	0.9828	1.045	0.9183	1.012	1.012	1.035	AASTENEKDLYQR;ALEEVGLTEAQAQEMYR;VIEQAIKDGIPLSVIEAAQQSPVYK;YLGVLLYDADAIER;IPVQYLANLLTAGDTKPVLR;RIDAIDVTSK;YLAIANYEDRFVVPSSHR;FNLFNSR;FVVPSSHR;IRYLGVLLYDADAIER	False	False	Ecoli	False	True	False	diann231	Triqler	Triqler	0.2
0.9249	0.9824	P37659	2.0	0.002435	-0.02638	0.9824	1.008	0.9875	0.9774	0.9992	0.9813	1.048	APHQGAPIVIEQPSSFLAISDLVVR;DIPSPSITDVPVGVK	False	False	Ecoli	False	True	False	diann231	Triqler	Triqler	0.2
0.9249	0.9824	P0A8F0	14.0	1.4e-07	-0.06731	0.9824	0.9764	1.028	0.9298	1.017	0.9983	1.055	AGLGMMDGVLENVPSAR;FRELASEVGSLLTYEATADLETEK;ITVVPILR;KITVVPILR;LVSNIDER;NEETLEPVPYFQK;VLVLVAAPEGIAALEK;VTIEGWNGPVEIDQIK;IVEVKHPLVK;ELASEVGSLLTYEATADLETEK;MKIVEVK;ISVVGMYRNEETLEPVPYFQK;ISVVGMYR;HKLGLMR	False	False	Ecoli	False	True	False	diann231	Triqler	Triqler	0.2
0.9249	0.9825	P76177	21.0	1.611e-08	-0.06292	0.9825	0.9768	1.027	0.9318	1.017	1.002	1.05	DQAVLIEPFDTVTVQGFYR;EGAASFYVVDTSDFGNSGNWR;FNAIGEAVK;FSGNYGNMTEVSYQVAK;GAYSFYIVR;GNNLTVSADLYK;ITAFIYKK;IVQSPDVIPADSEAGR;KVEIPGVATTASPSSEVGR;SQPEVNDAITK;VINGVVELPKDQAVLIEPFDTVTVQGFYR;YTVTLPDGTKVEELNK;VVADLYK;AKGAYSFYIVR;VINGVVELPK;ATAAMMVPFDSIK;ITAFIYK;QWQERGNNLTVSADLYK;VEIPGVATTASPSSEVGR;ADKEGAASFYVVDTSDFGNSGNWR;RIVQSPDVIPADSEAGR	False	False	Ecoli	False	True	False	diann231	Triqler	Triqler	0.2
0.925	0.9825	P23538	15.0	1.26e-07	-0.04996	0.9825	0.9828	1.041	0.9267	1.049	1.003	1.002	ALLEFDDQEPQLQNEIR;DIFSLTNEEVQELAK;EAYAQLSADDENASFAVR;LTEGIATLGAAFYPK;QWIIDTPFQPELENAIR;GVALSAGVQR;ALLSMAIR;LEFIINR;LFIVQARPETVR;IYELLDKTDIDDVTQLAK;AVVEELAR;SNEYANLVGGER;SNEYANLVGGERYEPDEENPMLGFR;HVFASLFNDR;MIGVHPR	False	False	Ecoli	False	True	False	diann231	Triqler	Triqler	0.2
0.925	0.9825	P0AFI2	13.0	3.332e-07	-0.07714	0.9825	0.9844	1.012	0.9245	1.033	1.013	1.038	EVAQAAIALIDQPK;SYAIDPITLPSAR;TTLDQLLDIVQGPDYPTEAEIITSR;SNQPVVFVDSTGR;ALPFIGDGLKPVQR;GHDIDAPGLNYK;IDRVEIDSPR;LRPEELQK;GKSNQPVVFVDSTGR;VLEQIAAQMR;IINIPSAEAAR;KEDGAVVISALPHQVSGAR;YSELLLSELGQGTADWVPNFDGTLQEPK	False	False	Ecoli	False	True	False	diann231	Triqler	Triqler	0.2
0.925	0.9825	P0A7Y8	3.0	9.984e-05	-0.01305	0.9825	0.9645	1.06	0.9547	1.033	1.006	0.9855	LLTPSQFTFVFQQPQR;AGTPQITILGR;ALSEALEK	False	False	Ecoli	False	True	False	diann231	Triqler	Triqler	0.2
0.9251	0.9825	P21365	1.0	0.03603	-0.01022	0.9819	0.9834	1.015	0.9917	1.01	0.9792	1.022	SITAQSVYR	False	False	Ecoli	False	True	False	diann231	Triqler	Triqler	0.2
0.9251	0.9825	P0AAN3	7.0	2.103e-06	-0.07087	0.9825	0.9635	1.018	0.9433	1.015	1.011	1.053	ATGTPAIQVNTGK;KQLVLNLVSSPGSGK;SAPFAPAARPK;VDLLPYLNFDVEK;TTLLTETLMR;SAPFAPAAR;QLVLNLVSSPGSGK	False	False	Ecoli	False	True	False	diann231	Triqler	Triqler	0.2
0.9251	0.9826	P27278	6.0	9.501e-05	-0.008596	0.9826	1.021	1.018	0.9563	1.077	0.9493	0.9838	GYLSQLLNAK;TVAILGGESSGK;YWEYIPTEVKPFFVR;FLGLEFPR;SSFDYLK;TIGVVFGK	False	False	Ecoli	False	True	False	diann231	Triqler	Triqler	0.2
0.9252	0.9826	Q46948	4.0	5.268e-06	0.05084	0.9826	1.014	1.058	0.9877	0.949	0.9691	1.026	IIDLLVGR;LLADAPLVEVADGEYDVIVLPGGIK;LLTSQGPGTAIDFGLK;DSTLLVETVK	False	False	Ecoli	False	True	False	diann231	Triqler	Triqler	0.2
0.9252	0.9826	P0A8I3	7.0	1.125e-06	-0.016	0.9826	1.012	1.051	0.9093	1.036	0.9886	1.01	GDVYTGLQAETFSEDDFDFAQQHLR;ISDKLAGINAAR;MLILISPAK;TLDYQSPLTTTR;YTLPELLDNSQQLIHEAR;IISFYAK;LNEALAAQGDNVVINLASDEYFK	False	False	Ecoli	False	True	False	diann231	Triqler	Triqler	0.2
0.9252	0.9826	P0AC51	4.0	0.0001265	-0.01926	0.9826	0.9519	1.063	0.9639	1.01	1.014	1.001	EAEPQAKPPTVYR;TTTQELLAQAEK;LTPQRLEVLR;ALDFLLEQGFVHK	False	False	Ecoli	False	True	False	diann231	Triqler	Triqler	0.2
0.9253	0.9827	P39173	7.0	8.776e-07	-0.04749	0.9827	1.001	1.025	0.916	1.042	0.9965	1.025	EKPAHLAQSIR;IFALPVIEQISPVLSR;KIFALPVIEQISPVLSR;KLDELDLIVVDHPQVK;VSVSGLGDR;NLPWTLK;IFALPVIEQISPVLSRR	False	False	Ecoli	False	True	False	diann231	Triqler	Triqler	0.2
0.9253	0.9827	P0AE48	3.0	1.623e-05	-0.02412	0.9827	0.9684	1.065	0.9442	1.012	1.017	0.9976	IDNATLAELDALR;IFVYGSLR;LIESGDWLDRDK	False	False	Ecoli	False	True	False	diann231	Triqler	Triqler	0.2
0.9253	0.9827	P0AAJ5	4.0	2.387e-05	-0.04893	0.9827	0.9453	1.023	0.9728	0.9975	1.007	1.059	SATNGLTPAPQAR;AYQSQDIIR;FSEVEQNDKLEWLIR;DFQEEVAK	False	False	Ecoli	False	True	False	diann231	Triqler	Triqler	0.2
0.9254	0.9827	P07003	8.0	2.303e-06	-0.08119	0.9827	0.9843	0.9721	0.9543	1.007	1.051	1.035	IIQIDINPASIGAHSK;AGGYLTDGTELHDTNFAR;VDMALVGDIK;GFSLYMLR;ALLPLVEEK;APIVHALR;IKAPIVHALR;AIISGRGDEVIELAK	False	False	Ecoli	False	True	False	diann231	Triqler	Triqler	0.2
0.9254	0.9827	P25906	5.0	7.722e-05	-0.01011	0.9827	1.027	0.9791	0.9818	1.04	0.9463	1.029	NLGLDVLDVVNLR;EALYPYSDDLTIVTK;HVAITVLR;HIGLSNVTPTQVAEAR;RGEDASWLPAFSPAELQK	False	False	Ecoli	False	True	False	diann231	Triqler	Triqler	0.2
0.9254	0.9828	P06961	9.0	4.356e-06	-0.04751	0.9828	0.9605	1.056	0.939	1.036	1.007	1.007	TGFESADYPQGR;HVSPAFGEDPLR;GLTPPELWPR;VEQLALTSEADVR;DFPVFLHPQTHEEYALAR;LFDSIDAWR;LRVPNEIR;IADETLALMR;DALLGLPVK	False	False	Ecoli	False	True	False	diann231	Triqler	Triqler	0.2
0.9255	0.9829	P0ACF0	7.0	4.654e-07	-0.002416	0.9829	1.012	1.054	0.9324	1.031	0.9576	1.018	AALESTLAAITESLK;AALESTLAAITESLKEGDAVQLVGFGTFK;EGDAVQLVGFGTFK;IAAANVPAFVSGK;MNKTQLIDVIAEK;TQLIDVIAEK;TQLIDVIAEKAELSK	False	False	Ecoli	False	True	False	diann231	Triqler	Triqler	0.2
0.9255	0.9829	P76206	3.0	0.0001756	-0.009305	0.9829	0.9402	1.063	0.9922	0.9745	1.01	1.024	FEFGPGVR;DVLTAGYGR;VAYNVTWNSEPPESAPEHTDRR	False	False	Ecoli	False	True	False	diann231	Triqler	Triqler	0.2
0.9255	0.9829	P76049	3.0	0.0001353	-0.008344	0.9829	0.964	1.055	0.9715	0.994	0.9987	1.019	GFVTIAYDASYQGESGGEPR;AQYPTAPGYATLR;TEDISAVIDYLTTLSYVDNTR	False	False	Ecoli	False	True	False	diann231	Triqler	Triqler	0.2
0.9255	0.983	P0AFP6	6.0	1.52e-06	-0.06717	0.983	0.9815	0.9967	0.9504	0.9875	1.014	1.075	EQGLHFYAAGHHATER;IVTGVTASQALLDEAVR;LNSAAISDYAPNGLQVEGK;FGVDAFITGEVSEQTIHSAR;LGADAVIVHHGYFWK;LGADAVIVHHGYFWKGESPVIR	False	False	Ecoli	False	True	False	diann231	Triqler	Triqler	0.2
0.9256	0.983	P36771	2.0	0.0002274	0.02279	0.983	0.9932	1.06	0.9792	0.9678	0.9743	1.028	LLTEHGIQLLGYAR;LAYVASTLPAVR	False	False	Ecoli	False	True	False	diann231	Triqler	Triqler	0.2
0.9256	0.983	P64588	4.0	7.441e-05	0.0143	0.983	1.015	1.031	0.9693	0.9685	1.017	1.001	LVILDILSR;FFGHGELR;AAFDITQLD;KIIAVIDR	False	False	Ecoli	False	True	False	diann231	Triqler	Triqler	0.2
0.9256	0.983	P45748	5.0	2.999e-06	-0.03724	0.983	0.9775	1.053	0.9305	1.013	0.9962	1.035	AQFGAAFPVVPGETGGR;LNPSEIRDALTGELFR;WPGPVTFVFPAPATTPR;DALTGELFR;FDSLAVR	False	False	Ecoli	False	True	False	diann231	Triqler	Triqler	0.2
0.9257	0.9831	P68679	6.0	1.297e-06	0.0104	0.9831	0.9668	1.072	0.9799	0.9524	0.9777	1.057	EFYEKPTTER;ENEPFDVALRR;VRENEPFDVALR;AGVLAEVR;ENEPFDVALR;AGVLAEVRR	False	False	Ecoli	False	True	False	diann231	Triqler	Triqler	0.2
0.9257	0.9831	P64612	5.0	5.593e-05	0.01503	0.9831	1.052	1.019	0.9453	1.057	0.9718	0.9615	FLPAIDAIK;RFIALVDEFYER;FIALVDEFYER;LEIIYQELINSTPPAPR;TWLMDLFYQSLPGER	False	False	Ecoli	False	True	False	diann231	Triqler	Triqler	0.2
0.9257	0.9832	P60624	7.0	4.687e-07	-0.004301	0.9832	0.9534	1.084	0.9665	0.9868	0.9946	1.021	DDEVIVLTGK;DDEVIVLTGKDK;HQKPVPALNQPGGIVEK;RDDEVIVLTGK;VIVEGINLVK;VGFRFEDGK;VIVEGINLVKK	False	False	Ecoli	False	True	False	diann231	Triqler	Triqler	0.2
0.9258	0.9832	P0AFC3	4.0	2.391e-05	-0.04959	0.9832	0.9773	0.9841	0.9817	1.05	0.9937	1.015	NVPFESGIDSVGSAR;MNPETNSIANR;SKNVPFESGIDSVGSAR;IGALDWTPAR	False	False	Ecoli	False	True	False	diann231	Triqler	Triqler	0.2
0.9258	0.9832	P39451	4.0	2.343e-05	0.03115	0.9832	1.009	1.052	0.9793	0.9864	1.022	0.9553	AAFNSAVDAVR;LVLDGIEVVGSLVGTR;QDLTEAFQFAAEGK;IRPGQWIAIYGLGGLGNLALQYAK	False	False	Ecoli	False	True	False	diann231	Triqler	Triqler	0.2
0.9258	0.9832	P0A7P5	2.0	0.0002426	0.004549	0.9832	0.9339	1.069	1.004	0.9896	0.9936	1.014	TFQPSVLKR;TFQPSVLK	False	False	Ecoli	False	True	False	diann231	Triqler	Triqler	0.2
0.9259	0.9832	Q47147	4.0	1.981e-05	-0.04496	0.9832	0.956	1.014	0.9788	0.9843	1.018	1.052	QANRGEVALENTHPFTR;LVQDYPIK;TFKDPQPSFNSPIAK;YIASLADELR	False	False	Ecoli	False	True	False	diann231	Triqler	Triqler	0.2
0.9259	0.9832	P10371	3.0	4.362e-05	-0.006742	0.9832	1.024	0.9999	0.9638	1.042	0.9712	1.001	MIIPALDLIDGTVVR;TLVAGVNVPVQVGGGVR;YPQVAFQSSGGIGDIDDVAALR	False	False	Ecoli	False	True	False	diann231	Triqler	Triqler	0.2
0.9259	0.9833	P0AA95	2.0	6.59e-05	-0.017	0.9833	0.9709	1.056	0.9597	1.041	0.9816	0.9947	DSLSLLAYVK;DLSGIGIPVAK	False	False	Ecoli	False	True	False	diann231	Triqler	Triqler	0.2
0.926	0.9833	P0A7B5	12.0	1.604e-07	-0.0221	0.9833	0.9868	1.055	0.9397	0.9851	0.9824	1.056	EHLGYPELPATIASK;AHIVELVR;ALLDNNIVPVINENDAVATAEIK;WIFGAPPAGEITVDEGATAAILER;VGDNDNLSALAAILAGADK;SNPQAELIKDVYGIDDALR;QLLAAVGQSR;LGTSVLTGGSR;IVIVTSGAIAAGR;AIAGDSVSGLGTGGMSTK;DVYGIDDALR;GLYTADPR	False	False	Ecoli	False	True	False	diann231	Triqler	Triqler	0.2
0.926	0.9833	P0A8N3;P0A8N5	12.0	2.225e-07	-0.009201	0.9833	0.9906	1.067	0.9354	1.005	0.973	1.034	ASFVTLQDVGGR;IAPELYLK;IAPELYLKR;NDVNPEITDRFEFFIGGR;NFRNEGISVR;RLVVGGFER;LVVGGFER;RNDVNPEITDR;FEFFIGGR;ALRPLPDK;IQLYVAR;PFITHHNALDLDMYLR	False	False		False	False	False	diann231	Triqler	Triqler	0.2
0.926	0.9833	P0AF28	11.0	2.214e-07	-0.07953	0.9833	0.9638	1.021	0.9357	1.028	1.021	1.035	ALHQAAAGEMVLSEALTPVLAASLR;ATTERDVNQLTPR;IVVFSVSNHEEDVVTALKR;SNQEPATILLIDDHPMLR;SRVEAAVWVHQER;VEAAVWVHQER;RLDITESTVK;LIAQGLPNK;GADGYLLK;DMEPEDLLK;GADGYLLKDMEPEDLLK	False	False	Ecoli	False	True	False	diann231	Triqler	Triqler	0.2
0.9261	0.9833	P39342	7.0	2.703e-06	-0.04001	0.9833	1.029	1.002	0.9196	1.055	0.9904	1.009	LLNLNDVQSGVLNIIFR;IADDQGLLLLDFKDLR;ATVSDLGPLLLAR;SEPLLIAR;AIQELGTGEALISFLDAK;SFQNQYGNISSASVGAIQR;AITQYIGDNAK	False	False	Ecoli	False	True	False	diann231	Triqler	Triqler	0.2
0.9261	0.9834	P0A8Y3	4.0	4.149e-06	-0.05661	0.9834	0.9528	1.029	0.9593	1.024	0.9914	1.047	LHTTFWPEEYPEIR;VLGAWSDLTR;VVVLSNTNR;DKTTIPDYFAK	False	False	Ecoli	False	True	False	diann231	Triqler	Triqler	0.2
0.9261	0.9834	P52119	4.0	4.175e-06	0.02453	0.9834	0.9689	1.082	0.9768	0.9815	0.9671	1.029	IAVEVAYALPEK;VGIYSRPAK;ASGLLELR;VTLQEGATVEEAIR	False	False	Ecoli	False	True	False	diann231	Triqler	Triqler	0.2
0.9262	0.9834	P76055	3.0	0.0001442	-0.02076	0.9834	1.003	1.038	0.9407	1.033	0.9711	1.018	IVEENTYGIVK;NLQQSAPINFSLVAVNLDQK;QVIADMLR	False	False	Ecoli	False	True	False	diann231	Triqler	Triqler	0.2
0.9262	0.9834	P0A927	10.0	2.043e-07	0.0007334	0.9834	1.035	1.026	0.9327	1.036	0.95	1.027	GIWNHGSPLFMEIEPR;KDWFDFYGYADAPVFFGGNSDAK;NDTYLEYEAFAK;NDTYLEYEAFAKK;TNNSIASSHILALNYDHWHYSVVAR;YQWQNYGAANENEWDGYR;YWHDGGQWNDDAELNFGNGNFNVR;DWFDFYGYADAPVFFGGNSDAK;FSIDKLTNTDLSFGPFK;STGWGGYLVVGYNF	False	False	Ecoli	False	True	False	diann231	Triqler	Triqler	0.2
0.9262	0.9835	P0AFK9	16.0	4.442e-08	-0.03692	0.9835	0.9739	1.057	0.9374	1.032	0.9826	1.022	DGAYDLVVPSTYYVDK;EIEAAYNELKK;LINFLLRPDVAK;QAGTPIDVVWPK;QVAETIGYPTPNLAAR;SVTSWADLWKPEYK;TYKDGAYDLVVPSTYYVDK;VIYSTYESNETMYAK;EGGIFWMDSLAIPANAK;GSLLLTDDAR;GSLLLTDDAREVFQMALR;EVFQMALR;LLSPEVANDK;NGEWQNDVGAASSIYEEYYQK;LGYSGNTTDPK;KLLSPEVANDK	False	False	Ecoli	False	True	False	diann231	Triqler	Triqler	0.2
0.9262	0.9835	P76002	8.0	8.386e-06	-0.05757	0.9835	0.9793	0.9806	0.9789	1.0	1.042	1.021	VHVSISNEGADTYLFGPGIDDSVDLSR;GYDYDTYTFYAK;KYNVDIQIK;NVNVEFRK;YSPELDSHGQYSLPASGKYELR;NVNVEFR;YNVDIQIK;YSPELDSHGQYSLPASGK	False	False	Ecoli	False	True	False	diann231	Triqler	Triqler	0.2
0.9263	0.9835	P03841	6.0	6.376e-06	-0.05413	0.9835	0.957	1.042	0.9485	1.021	1.015	1.02	GVGNSIPDIPDPVAR;LYVLVFTTEKDLQQTTQLLDPAK;STFISSVK;LTPALGQQK;LYVLVFTTEK;DLQQTTQLLDPAK	False	False	Ecoli	False	True	False	diann231	Triqler	Triqler	0.2
0.9263	0.9836	P0A8K1	6.0	3.051e-06	-0.05759	0.9836	0.9328	1.023	0.9738	1.027	0.9988	1.049	LSLQYILPK;NGTFVTTYLSPR;VNLVEQLESLSVTK;TFNEFFVRPLR;IEEDKILQAK;LAGWGASKR	False	False	Ecoli	False	True	False	diann231	Triqler	Triqler	0.2
0.9263	0.9836	P0A8Q0	2.0	6.349e-05	0.01974	0.9836	1.007	1.024	0.9886	1.022	0.9667	0.9933	AANIIVKDEK;TWFELAPK	False	False	Ecoli	False	True	False	diann231	Triqler	Triqler	0.2
0.9264	0.9836	P30128	7.0	8.466e-06	-0.05305	0.9836	0.9719	1.02	0.9554	1.053	0.9671	1.037	IVGYDEIFGR;IVGYDEIFGRK;IVDYSPQQEGK;KVTWAASLGDR;LKQELNYLWR;VTWAASLGDR;MKTPLVTR	False	False	Ecoli	False	True	False	diann231	Triqler	Triqler	0.2
0.9264	0.9836	decoy_P52129	1.0	0.5999	-0.007172	0.9591	0.9962	0.9962	0.9962	0.9962	0.9873	1.028	AQIVQQEVHR	False	False		False	False	False	diann231	Triqler	Triqler	0.2
0.9264	0.9837	P06722	3.0	0.000308	-0.03858	0.9837	0.9928	1.031	0.9407	1.025	0.9961	1.017	NFTSALLAR;ALTEAIGAR;VLWIPVEGER	False	False	Ecoli	False	True	False	diann231	Triqler	Triqler	0.2
0.9264	0.9837	P0AC75	7.0	3.195e-05	0.02344	0.9837	1.036	1.009	0.9988	1.049	0.969	0.9432	EVSSLLTDADYR;ITLIAAQNEEDGAR;IPLVIANAR;DVQHVYLPYDLPDALNR;FPDAINLVR;FDISVTPQLAAK;KIPLVIANAR	False	False	Ecoli	False	True	False	diann231	Triqler	Triqler	0.2
0.9265	0.9837	P27848	4.0	3.456e-05	0.00927	0.9837	1.054	1.01	0.9396	1.029	0.9748	0.997	EAVFQYALYEPGLLEPEGVSK;GINFVFATGR;HHVDVGQIR;HHVDVGQIRDNLEIK	False	False	Ecoli	False	True	False	diann231	Triqler	Triqler	0.2
0.9265	0.9837	decoy_P67699	1.0	0.6418	-0.002143	0.9546	0.9953	0.9953	0.9953	1.06	0.9669	0.9895	PLDIIQESLDELNVSGR	False	False		False	False	False	diann231	Triqler	Triqler	0.2
0.9265	0.9837	P0AGA2	4.0	9.202e-06	-0.03117	0.9837	0.9427	1.033	0.9841	0.9837	0.9971	1.063	AKQPGLDFQSAK;SGAFVPGIRPGEQTAK;IVVNYAK;RIVVNYAK	False	False	Ecoli	False	True	False	diann231	Triqler	Triqler	0.2
0.9265	0.9838	Q2M7R5	2.0	0.0001504	-0.02379	0.9838	1.006	1.023	0.9498	0.9694	1.01	1.044	NAIPSGIPDESVPLYLQR;GKLGENVPLLIDK	False	False	Ecoli	False	True	False	diann231	Triqler	Triqler	0.2
0.9266	0.9838	P0A823	4.0	5.985e-05	0.03904	0.9838	1.022	1.024	0.9985	0.9796	0.9784	0.9987	YAQLLSEAQQR;SVTLAENEQGYFPDAVTER;FLADVITPDGR;AVIFFAVLHSAITR	False	False	Ecoli	False	True	False	diann231	Triqler	Triqler	0.2
0.9266	0.9838	P0AG16	9.0	1.803e-06	-0.01746	0.9838	1.029	1.034	0.9223	1.013	0.9877	1.018	DKNVLLVDDSIVR;DVDQGYLDFLDTLR;VYLASAAPEIR;HINTTSDSEILLNIFASELDNFR;DVDQGYLDFLDTLRNDDAK;DVAPGEAIYITEEGQLFTR;GTTSEQIIEMAR;TFIMPGQQLR;ILGKPYR	False	False	Ecoli	False	True	False	diann231	Triqler	Triqler	0.2
0.9266	0.9838	P23917	4.0	4.732e-05	-0.003829	0.9838	1.045	1.011	0.9357	1.0	0.993	1.018	LVEESDPVAELALR;IGIDLGGTKTEVIALGDAGEQLYR;LVEESDPVAELALRR;TEVIALGDAGEQLYR	False	False	Ecoli	False	True	False	diann231	Triqler	Triqler	0.2
0.9267	0.9838	P09348	3.0	0.0002094	0.005289	0.9838	1.013	1.029	0.9657	1.053	0.9692	0.9734	TLYSSERPSFIELEEHVR;ESEIFASYPR;ALPLLFR	False	False	Ecoli	False	True	False	diann231	Triqler	Triqler	0.2
0.9267	0.9838	P30870	8.0	8.479e-06	-0.0004665	0.9838	1.019	1.064	0.9268	0.9664	1.007	1.023	YIDFSVIQSLR;ITALLVGIVTR;ADEGGITDIEFITQYLVLR;VLDQPTQDGFVYR;RYIDFSVIQSLR;VAYLFLR;TSSGILYEVDAR;GFAVVGYGK	False	False	Ecoli	False	True	False	diann231	Triqler	Triqler	0.2
0.9267	0.9839	P0AA91	3.0	0.0002637	0.007999	0.9839	1.021	1.045	0.9385	1.033	0.9488	1.019	GQLVTVVGPITGAVDGK;IYADVNGFLDPVDFR;GSSPTPQQDLVR	False	False	Ecoli	False	True	False	diann231	Triqler	Triqler	0.2
0.9267	0.9839	P0A6J8	16.0	3.809e-08	-0.02835	0.9839	0.9845	1.057	0.9339	1.024	0.9923	1.013	ANRHNISFAEVESK;DAGLNIAPFITLTR;FDVVLLGIDK;HNISFAEVESK;LGLPLFVKPANQGSSVGVSK;LWQASGLGYTDLITR;SAEHEVSLQSAK;SRFDVVLLGIDK;LLRDAGLNIAPFITLTR;VIVEQGIK;VVVPAAIAPEINDKIR;LIELALER;NIVDAIDKSR;NIVDAIDK;VGIVFGGK;VVVPAAIAPEINDK	False	False	Ecoli	False	True	False	diann231	Triqler	Triqler	0.2
0.9268	0.9839	P0A8F4	7.0	8.463e-07	0.004888	0.9839	1.007	1.074	0.9325	1.012	0.9754	1.005	GSAIDLPVYSYVEHTR;KVIILEGILLLTDAR;QYADIIVPR;RGSAIDLPVYSYVEHTR;TVRPMFLQFIEPSK;SLIASTLYR;IAIDILK	False	False	Ecoli	False	True	False	diann231	Triqler	Triqler	0.2
0.9268	0.9839	P25539	10.0	3.997e-07	-0.08368	0.9839	0.981	0.9973	0.933	1.032	1.009	1.051	AQSHAILTSSATVLADDPALTVR;DGEIVGEGYHQR;IVQQPGETWFAR;WSELDEQTQALYPQQNLR;AGEPHAEVHALR;TGFPYIQLK;LADAPQFK;TAMASGESQWITSPQAR;TLLIPEHK;VVASMQDPNPQVAGR	False	False	Ecoli	False	True	False	diann231	Triqler	Triqler	0.2
0.9268	0.9839	P69829	7.0	5.227e-06	0.001058	0.9839	1.051	1.03	0.9205	1.035	0.9804	0.9895	QLSLPPQVVFEAILTR;THLHTLSLVAK;TNNDTTLQLSSVLNR;AAQSDEELYQIITDTEGTPDEA;THLHTLSLVAKR;ALEIISELAAK;LRAAQSDEELYQIITDTEGTPDEA	False	False	Ecoli	False	True	False	diann231	Triqler	Triqler	0.2
0.9269	0.9839	P24192	2.0	0.01086	-0.04064	0.9837	0.9803	0.9799	0.9959	1.022	1.015	1.009	GLGVIESSGVHLTPDYQR;ASHLSYTAERPLR	False	False	Ecoli	False	True	False	diann231	Triqler	Triqler	0.2
0.9269	0.9839	P0C0L7	7.0	1.094e-05	0.04275	0.9839	0.9595	1.082	0.9975	0.9819	0.9928	0.9901	DVTIIDDGKLR;GATPAASDIQEAK;EILVEHYDNIEQK;VKPITLR;IDDIDHEIADLQAK;EILVEHYDNIEQKIDDIDHEIADLQAK;DVTIIDDGK	False	False	Ecoli	False	True	False	diann231	Triqler	Triqler	0.2
0.9269	0.9839	P61887	3.0	1.358e-05	0.0001696	0.9839	1.05	1.019	0.9337	0.9984	0.9854	1.018	TGYGQYLLELLR;FGVVEFDDNFR;GFAWLDTGTHDSLIEASTFVQTVEKR	False	False	Ecoli	False	True	False	diann231	Triqler	Triqler	0.2
0.927	0.984	P0AAZ7	4.0	9.234e-06	0.02796	0.984	1.024	1.071	0.9353	1.009	0.9728	0.9928	LDNLAFPLR;LDNLAFPLRDGIPVLLETEAR;DGIPVLLETEAR;LWYNQEK	False	False	Ecoli	False	True	False	diann231	Triqler	Triqler	0.2
0.927	0.984	P0AEM0	4.0	1.373e-05	0.02146	0.984	1.054	1.006	0.9693	1.043	0.9731	0.9588	TTFSLEPDAAFGVPSPDLIQYFSR;VGDKTTFSLEPDAAFGVPSPDLIQYFSR;LGDASLSEGLEQHLLGLK;SESVQSNSAVLVHFTLK	False	False	Ecoli	False	True	False	diann231	Triqler	Triqler	0.2
0.927	0.984	P0A6Q6	7.0	7.288e-07	-0.04176	0.984	0.9829	1.044	0.932	1.03	0.9857	1.029	SVGKLEPGELYYFAGIDEAR;TTNTHTLQIEEILELLPHR;VLDFEEGR;FPFLLVDR;LEPGELYYFAGIDEAR;FKGVALVDGK;VLDFEEGRFLR	False	False	Ecoli	False	True	False	diann231	Triqler	Triqler	0.2
0.9271	0.984	P00550	4.0	6.016e-05	-0.02164	0.984	0.9903	1.034	0.958	0.995	0.9566	1.071	LAHTTSVDEVLELLAGRK;NNEHIQVITSLTNALDDESVIER;LVIGIAAR;FGEEEDDIAR	False	False	Ecoli	False	True	False	diann231	Triqler	Triqler	0.2
0.9271	0.984	P37177	8.0	1.466e-05	0.01007	0.984	1.012	1.066	0.9548	1.014	0.97	0.9867	AFLGVPIIQR;IDGIGLYR;TVTLAFDEGIVGLVGR;ITLDQPEIFLIQVR;LTGALEEAANEFRR;LISEEIELSR;ETAAIFDLYSHLLSDTR;QLLGVLVVQQR	False	False	Ecoli	False	True	False	diann231	Triqler	Triqler	0.2
0.9271	0.9841	P0AAS7	3.0	3.08e-05	-0.0275	0.9841	0.951	1.045	0.9671	0.9856	1.008	1.047	LEGWSESGAQAK;IAIAEGQVK;ATFSLGK	False	False	Ecoli	False	True	False	diann231	Triqler	Triqler	0.2
0.9272	0.9841	P0AAN9	3.0	0.0001003	-0.02941	0.9841	1.029	1.002	0.9483	1.059	0.9722	0.9937	LIDQVEGALYEVKPDASIPDDDTELLR;LIDQVEGALYEVK;NLIAELLFK	False	False	Ecoli	False	True	False	diann231	Triqler	Triqler	0.2
0.9272	0.9841	P02359	14.0	5.283e-08	-0.03745	0.9841	0.9773	1.047	0.9401	1.019	0.9814	1.039	FVNILMVDGKK;KSTAESIVYSALETLAQR;LANELSDAAENK;LANELSDAAENKGTAVK;SELEAFEVALENVRPTVEVK;STAESIVYSALETLAQR;VGGSTYQVPVEVR;VGGSTYQVPVEVRPVR;WIVEAARK;FVNILMVDGK;FGSELLAK;KILPDPK;WIVEAAR;RVGGSTYQVPVEVR	False	False	Ecoli	False	True	False	diann231	Triqler	Triqler	0.2
0.9272	0.9841	decoy_P31061;decoy_P31062	1.0	0.5532	0.01884	0.9644	1.028	0.9953	0.9967	0.99	0.9953	0.9953	HKDFLVR	False	False		False	False	False	diann231	Triqler	Triqler	0.2
0.9272	0.9841	P0AE52	6.0	9.108e-07	0.01681	0.9841	0.9699	1.084	0.9662	1.009	0.9688	1.007	AGVDVLGISTDKPEK;FSLPDQDGEQVNLTDFQGQR;VLVYFYPK;ISFLIDADGKIEHVFDDFK;ISFLIDADGK;TSNHHDVVLNWLKEHA	False	False	Ecoli	False	True	False	diann231	Triqler	Triqler	0.2
0.9272	0.9841	P24169	11.0	8.673e-07	0.02884	0.9841	1.002	1.037	0.9851	0.9889	0.9339	1.058	LAVIQLGTYDGTIYNAR;LLLTTPGIDAR;VVLNALLTPGDLVLFDR;VSMNPQEANYAYLR;GEVELVRLPDAEGR;VPAEYLPR;YAGYTLR;SNHHGALLQAGATPVYLETAR;NGEYEAFGVPATILANFLR;QLETAASHYETQLRPPFFR;GEVELVR	False	False	Ecoli	False	True	False	diann231	Triqler	Triqler	0.2
0.9273	0.9841	P09323	2.0	9.494e-05	-0.01175	0.9841	0.9904	1.03	0.9751	0.9553	0.991	1.062	IVVSPAAGTIVK;AVGDGVAVKPTDK	False	False	Ecoli	False	True	False	diann231	Triqler	Triqler	0.2
0.9273	0.9843	P0AF10	1.0	0.6799	0.006146	0.9509	1.008	0.9965	1.006	0.9965	0.9965	0.9965	YAVEPLLDGDGPLGDLSVR	False	False	Ecoli	False	True	False	diann231	Triqler	Triqler	0.2
0.9273	0.9843	P06974	7.0	2.399e-06	-0.05333	0.9843	1.004	1.002	0.9222	1.057	0.9976	1.022	LQALEIINER;MGLFNLLR;NLPVPTNLNLIHLKPLR;QVQHSQLELVANFADISLR;IEHLINPILNSLNEEQPK;SPDITVGAIR;IQPYHEFAR	False	False	Ecoli	False	True	False	diann231	Triqler	Triqler	0.2
0.9274	0.9843	P0A7S3	3.0	3.08e-05	-0.01854	0.9843	0.9855	1.064	0.9354	1.02	0.9879	1.012	LTNGFEVTSYIGGEGHNLQEHSVILIR;ATVNQLVR;VKDLPGVR	False	False	Ecoli	False	True	False	diann231	Triqler	Triqler	0.2
0.9274	0.9844	P0ABH7	14.0	1.354e-07	-0.05506	0.9844	0.9708	1.034	0.9443	1.039	0.9737	1.043	GTLGQDVIDIR;ILILHADHEQNASTSTVR;ITFIDGDEGILLHR;MLEEISSVK;YSIGQPFVYPR;KLYPNVDFYSGIILK;LYPNVDFYSGIILK;HTMIHEQITR;HREIAAFR;HIPEFVR;LFHAFRR;QLYTGYEKR;LMGFGHR;HIPEFVRR	False	False	Ecoli	False	True	False	diann231	Triqler	Triqler	0.2
0.9274	0.9844	P76539	4.0	1.746e-05	-0.04535	0.9844	0.9983	1.011	0.9337	1.0	1.013	1.047	GSAYYLGVHPEFR;VFRQEDFEEVITLWER;GIANALLNR;LGYEHADVLSLGKR	False	False	Ecoli	False	True	False	diann231	Triqler	Triqler	0.2
0.9275	0.9844	P46850	1.0	0.7193	-0.01644	0.9444	0.9916	0.9916	0.9916	0.9107	1.007	1.119	LFSVEDQIR	False	False	Ecoli	False	True	False	diann231	Triqler	Triqler	0.2
0.9275	0.9844	P0A998	5.0	1.736e-06	-0.04603	0.9844	0.9491	1.032	0.966	0.9909	1.003	1.063	LFDYLTDTGNLPR;RHAQEEMTHMQR;SGEGLYFIDK;SIIDKLSLAGK;SGEGLYFIDKELSTLDTQN	False	False	Ecoli	False	True	False	diann231	Triqler	Triqler	0.2
0.9275	0.9844	P61889	15.0	3.214e-08	-0.05167	0.9844	0.9616	1.04	0.9466	1.034	0.9951	1.026	AGGGSATLSMGQAAAR;DIALGEEFVNK;FFSQPLLLGK;GFSGEDATPALEGADVVLISAGVAR;IKGFSGEDATPALEGADVVLISAGVAR;IQNAGTEVVEAK;LFGVTTLDIIR;NKLFGVTTLDIIR;RIQNAGTEVVEAK;SDLFNVNAGIVK;SIGTLSAFEQNALEGMLDTLKK;SNTFVAELK;VAVLGAAGGIGQALALLLK;NLVQQVAK;FGLSLVR	False	False	Ecoli	False	True	False	diann231	Triqler	Triqler	0.2
0.9276	0.9845	P0A917	9.0	2.299e-07	-0.03958	0.9845	0.9908	1.035	0.9266	1.04	0.986	1.026	FQTTEYPTYK;INDWASIYGVVGVGYGK;NQYYGITAGPAYR;SVDVGTWIAGVGYR;SVDVGTWIAGVGYRF;TASSGDYNKNQYYGITAGPAYR;YEEDNSPLGVIGSFTYTEK;YRYEEDNSPLGVIGSFTYTEK;MGGFNLK	False	False	Ecoli	False	True	False	diann231	Triqler	Triqler	0.2
0.9276	0.9845	P69423	1.0	0.7719	-0.02791	0.9323	0.9922	0.9922	0.9488	0.9922	1.087	0.9922	SVEDTQPLITHLIELR	False	False	Ecoli	False	True	False	diann231	Triqler	Triqler	0.2
0.9276	0.9846	P0AED9	5.0	2.59e-05	0.004939	0.9846	1.027	1.031	0.9436	1.024	0.951	1.027	FIDLFAGIGGIR;FIDLFAGIGGIRR;IVLVGFR;FRIPVSDTQAYR;YILTPVLWK	False	False	Ecoli	False	True	False	diann231	Triqler	Triqler	0.2
0.9276	0.9846	P69411	2.0	6.146e-05	-0.02486	0.9846	0.9714	1.044	0.9587	1.022	1.007	0.9989	IYTNAEELVGKPFR;SPVEPVQSTAPQPK	False	False	Ecoli	False	True	False	diann231	Triqler	Triqler	0.2
0.9277	0.9846	P0ADP9	8.0	7.671e-07	-0.01149	0.9846	1.042	1.027	0.9232	1.027	0.9778	1.007	DAVIPGLQKDYEEDFK;DYEEDFKTALLR;ESGFDGELADLTDDILIYHLK;LAKESGFDGELADLTDDILIYHLK;DSAKDAVIPGLQK;DAVIPGLQK;RLNEVIELLQPAWQK;LNEVIELLQPAWQK	False	False	Ecoli	False	True	False	diann231	Triqler	Triqler	0.2
0.9277	0.9846	P32099	4.0	2.791e-05	0.01284	0.9846	0.9709	1.043	0.9974	1.025	0.9599	1.006	AQVFTDSLNPAPLEALAGR;NADTVVIGR;FTWGGVELHFDVEK;QSSWEWNFGQAPAFSHLLDER	False	False	Ecoli	False	True	False	diann231	Triqler	Triqler	0.2
0.9277	0.9847	P0A8G0	3.0	0.0003469	0.001482	0.9846	1.009	1.019	0.9741	1.023	1.003	0.9733	LFLSGKDDQVLTQLISR;TVTSQPGVYR;TLLADSLSELAGR	False	False	Ecoli	False	True	False	diann231	Triqler	Triqler	0.2
0.9278	0.9847	P0AGK8	3.0	3.886e-05	-0.02434	0.9847	1.047	0.9879	0.9519	1.029	0.9722	1.015	DASSIAVGEVISAVDESVDATR;QGISLSYLEQLFSR;GPGGGYLLGK	False	False	Ecoli	False	True	False	diann231	Triqler	Triqler	0.2
0.9278	0.9848	P03018	9.0	1.607e-06	0.0111	0.9848	0.98	1.081	0.9564	0.9918	0.994	1.001	AGLVDFAELLLR;IENLEELVTATR;LQVAFQGQGIK;LTLTYAETR;WLVAAYAR;FLNDFPGAETIR;SNLLVLAGAGSGK;LAYVGVTR;DALSYLR	False	False	Ecoli	False	True	False	diann231	Triqler	Triqler	0.2
0.9278	0.9848	P0AEN8	3.0	5.154e-05	0.007587	0.9848	0.9915	1.075	0.9512	1.008	1.006	0.9731	AFAIVITGER;TISPLISPELLK;YGNILLKK	False	False	Ecoli	False	True	False	diann231	Triqler	Triqler	0.2
0.9279	0.9848	Q46871	4.0	1.233e-05	-0.02981	0.9848	0.9873	1.048	0.9277	1.029	1.006	1.007	IVLGGEALDGFTSR;RFEAEQYDPQR;LAVKPQVSALVSVR;LAQMQIPADDYFIWITGEGK	False	False	Ecoli	False	True	False	diann231	Triqler	Triqler	0.2
0.9279	0.9849	P0AAB4	6.0	7.285e-06	-0.00585	0.9849	1.06	1.002	0.9283	0.9893	0.9859	1.04	DTVLVENTPIDYLDFASPVSGLGSK;ITLPVDPHLEITEIADR;DWNDVIWAITTR;LAVVTIKK;AGGPALLFENPK;QNLGIYR	False	False	Ecoli	False	True	False	diann231	Triqler	Triqler	0.2
0.9279	0.9849	P06968	3.0	1.265e-05	-0.01385	0.9849	0.9543	1.052	0.9766	1.004	0.9623	1.057	EFPLPTYATSGSAGLDLR;GQDSFTIQPGER;VGKEFPLPTYATSGSAGLDLR	False	False	Ecoli	False	True	False	diann231	Triqler	Triqler	0.2
0.928	0.9849	Q9S4X2	1.0	0.729	0.01069	0.9444	0.9933	1.06	0.9933	0.9933	0.9688	0.9933	AAYVGYR	False	False	Ecoli	False	True	False	diann231	Triqler	Triqler	0.2
0.928	0.985	P0A9G6	10.0	7.473e-07	-0.04342	0.985	0.9382	1.046	0.9732	1.007	1.005	1.034	LAADVTGVPTLLVAR;VLVPTQEAIQK;VQQPEFAAAK;THAGIEQAISR;ADQIQWSAGIEPGDPR;RFAQAIHAK;TQQIEELQKEWTQPR;TQQIEELQK;TSEGFFR;KGYINSLGALTGGQALQQAK	False	False	Ecoli	False	True	False	diann231	Triqler	Triqler	0.2
0.928	0.985	P0AAA1	2.0	0.0002506	-0.02225	0.985	0.9797	1.024	0.9754	0.969	1.02	1.034	ITHEPDPEIPLGSNR;MNIFEQTPPNR	False	False	Ecoli	False	True	False	diann231	Triqler	Triqler	0.2
0.928	0.985	P37128	2.0	0.0002601	0.009468	0.985	0.9938	1.034	0.9823	0.9573	1.001	1.034	EAIEETGYEVGEVR;ILSDNYFTLHNITYDLTR	False	False	Ecoli	False	True	False	diann231	Triqler	Triqler	0.2
0.9281	0.9851	P25524	7.0	3.999e-06	-0.04181	0.9851	1.002	0.9815	0.9743	1.041	0.9533	1.052	SNNALQTIINAR;VIASTQPAQTTVYLEQPEAIDYKR;LGADVVGAIPHFEFTR;MSGINFVANPLVNIHLQGR;THVDVSDATLTALK;TFALAQKYDR;WQIANGIQHVR	False	False	Ecoli	False	True	False	diann231	Triqler	Triqler	0.2
0.9281	0.9851	P0A978	4.0	1.898e-05	0.03929	0.9851	1.002	1.065	0.9767	0.9622	0.9785	1.019	DVFVHFTAIQSNEFR;VEFSIEQGQR;TLNENQKVEFSIEQGQR;GFGFITPDDGSKDVFVHFTAIQSNEFR	False	False	Ecoli	False	True	False	diann231	Triqler	Triqler	0.2
0.9281	0.9851	P76537	3.0	3.08e-05	-0.03195	0.9851	0.9555	1.041	0.9729	1.015	0.9779	1.041	VSEQGVGELTASTPLQEQAIADALDGDYR;IDVLDSDIPADTGVK;IGTPFSDLYSK	False	False	Ecoli	False	True	False	diann231	Triqler	Triqler	0.2
0.9282	0.9851	P30130	11.0	7.429e-07	-0.01733	0.9851	0.997	1.051	0.9254	1.014	0.9741	1.044	LTLGDGYTQGDIFDGINFR;SLNESGTNIQLVGYR;YSTSGYFNFADTTYSR;YSITAGEYR;FLADDPQAVADLSR;VALDTNTLADNVDLDNAVANVVPTR;FFQSTLLHGLPAGWTIYGGTQLADR;AFNFGIGK;GFAPVIHGIAR;LNLTIPQAFMSNR;FFQSTLLHGLPAGWTIYGGTQLADRYR	False	False	Ecoli	False	True	False	diann231	Triqler	Triqler	0.2
0.9282	0.9851	P0AAQ2	4.0	6.538e-05	-0.04533	0.9851	0.9808	1.016	0.9574	0.985	1.009	1.055	YTEADQYGTTVIAGEDAQKDVGEAK;EFVYSNLR;YNPFADLK;YTEADQYGTTVIAGEDAQK	False	False	Ecoli	False	True	False	diann231	Triqler	Triqler	0.2
0.9282	0.9851	P14175	7.0	1.456e-05	-0.002909	0.9851	0.9831	1.052	0.9613	0.9676	0.9802	1.061	IFGEHPQR;LLQDEDREYGYVIER;GVDISQVFSAK;FVGAVSIDSLK;TGLSLGVK;LIEPTRGQVLIDGVDIAK;GNKFVGAVSIDSLK	False	False	Ecoli	False	True	False	diann231	Triqler	Triqler	0.2
0.9283	0.9852	P30850	25.0	1.019e-08	-0.02899	0.9852	0.989	1.052	0.9346	1.014	0.9905	1.024	AFTNYLPGFNIPMLPR;ELDAQPTGFLDSR;ESAEPEELVEPFLTR;FAAEIVDISR;FILGEKGEVLDIVAEPR;GFGFLEVDAQK;IIAVIHSEKER;LAIVPDHPLLK;LVYDQVSDWLENTGDWQPESEAIAEQVR;VTDVIDVTIAEVR;LQLIVAIADPTAWIAEGSK;ERESAEPEELVEPFLTR;AKLVYDQVSDWLENTGDWQPESEAIAEQVR;LVDNGAIAFIPAPFLHAVR;HNHALVFK;GEVLDIVAEPR;DVGDWLYAR;IIAVIHSEK;RELDAQPTGFLDSR;LQLIVAIADPTAWIAEGSKLDK;SIIARPVA;GETATRPQDEITVQMAER;GLNHEFKEGDWAVAEMR;ATEKGFGFLEVDAQK;SYFIPPPQMK	False	False	Ecoli	False	True	False	diann231	Triqler	Triqler	0.2
0.9283	0.9852	P0AEG4	6.0	8.316e-06	-0.02213	0.9852	0.98	1.068	0.9332	1.011	0.9992	1.014	GEEYDAAWNSFVVK;YHVNFMGGDLGK;VTVPLFEGVQK;YQLNPQGMDTSNMDVFVQQYADTVK;DVFINAGIKGEEYDAAWNSFVVK;SASDIRDVFINAGIK	False	False	Ecoli	False	True	False	diann231	Triqler	Triqler	0.2
0.9283	0.9854	P0ADL3	3.0	0.006482	-0.005217	0.9853	0.9767	1.049	0.9784	1.016	0.992	0.9902	LAAPITDAQVR;LALGFLR;YNAFFQPAEGVHWLH	False	False	Ecoli	False	True	False	diann231	Triqler	Triqler	0.2
0.9283	0.9855	P0A9V1	10.0	2.304e-07	-0.0229	0.9855	1.006	1.044	0.9226	1.019	0.9896	1.023	DAGNIIIDDDDISLLPLHAR;DSGLGVLITDHNVR;TTTFYMVVGIVPR;VYLGEDFRL;AYIVSQGHLIAHGTPTEILQDEHVKR;GIGYLPQEASIFR;FILLDEPFAGVDPISVIDIKR;RGIGYLPQEASIFR;ANELMEEFHIEHLR;GIGYLPQEASIFRR	False	False	Ecoli	False	True	False	diann231	Triqler	Triqler	0.2
0.9284	0.9855	P75823	8.0	2.091e-06	0.01078	0.9855	0.9768	1.069	0.9744	0.9918	0.9497	1.044	NVLINASPIVR;IKPDDIHFAR;QSGILAAAGIYALK;GLGTPVGSLLVGNR;EAWEFTR;NLALHVDGAR;LVTHLDVSR;LLSLENTHNGK	False	False	Ecoli	False	True	False	diann231	Triqler	Triqler	0.2
0.9284	0.9855	P61949	6.0	1.291e-06	0.03937	0.9855	0.9992	1.079	0.973	0.9789	0.9628	1.011	AITGIFFGSDTGNTENIAK;GATIVGHWPTAGYHFEASK;GLADDDHFVGLAIDEDRQPELTAER;QLGKDVADVHDIAK;QISEELHLDEILNA;DVADVHDIAK	False	False	Ecoli	False	True	False	diann231	Triqler	Triqler	0.2
0.9284	0.9855	P0AED5	3.0	1.265e-05	-0.02176	0.9855	0.9909	1.042	0.9413	1.045	0.9819	1.003	GAAPQEVVSAIR;LNIHGDVELTHLAIR;VNEISEQLNLSPK	False	False	Ecoli	False	True	False	diann231	Triqler	Triqler	0.2
0.9285	0.9856	P68066	14.0	5.92e-08	-0.04978	0.9856	0.9511	1.037	0.9623	0.9976	1.0	1.056	AANDDLLNSFWLLDSEK;ETLEDAVKHPEK;HPEKYPQLTIR;ITGIQITK;MITGIQITK;VEGGQHLNVNVLR;ETLEDAVK;EVPVEVKPEVR;VEGGQHLNVNVLRR;AANDDLLNSFWLLDSEKGEAR;FNSLTPEQQR;LGDIEYR;RETLEDAVK;PEVRVEGGQHLNVNVLR	False	False	Ecoli	False	True	False	diann231	Triqler	Triqler	0.2
0.9285	0.9856	P0ADS9	7.0	5.913e-06	-0.05735	0.9856	0.9617	1.021	0.9564	1.038	0.9948	1.03	EQAKDYQAELR;SDGLTFHYK;STLPWIDEGAK;KALVGNLK;QYSLNAAQR;DDVIVSPQTVQVK;LDAQLKEQMNR	False	False	Ecoli	False	True	False	diann231	Triqler	Triqler	0.2
0.9285	0.9856	P65367	2.0	6.568e-05	-0.005211	0.9856	0.9691	1.048	0.9825	1.019	0.9838	0.9996	QFDALLQEQSAQR;DSLGFQPNLR	False	False	Ecoli	False	True	False	diann231	Triqler	Triqler	0.2
0.9286	0.9856	P0A894	6.0	2.814e-06	-0.01304	0.9856	1.062	0.9704	0.9548	1.037	0.9624	1.018	HGIPIDADYVFDVR;SVYIAEQLADYFR;NLSLESAIDKESDLLEPLR;ERELTMVFESFGFK;HTEVHNFIYQTR;ELTMVFESFGFK	False	False	Ecoli	False	True	False	diann231	Triqler	Triqler	0.2
0.9286	0.9857	P21420	8.0	8.003e-07	-0.05713	0.9857	0.9631	1.013	0.9712	1.056	0.9636	1.038	FGDYGSIDYGR;GETQINDQLTGFGQWEYEFK;LGFKGETQINDQLTGFGQWEYEFK;NNDFFGLVDGLNFAAQYQGK;DSNKLDLYGK;NNDFFGLVDGLNFAAQYQGKNDR;GETQINDQLTGFGQWEYEFKGNR;NMSTFVDYK	False	False	Ecoli	False	True	False	diann231	Triqler	Triqler	0.2
0.9286	0.9857	P0AGL7	5.0	2.468e-06	0.02051	0.9857	1.025	1.058	0.9413	1.015	0.9629	1.003	ASNSINTLPLPVER;SIELGVSLITPLFSER;TETTALTAITALQVR;YQFTDILLGPR;LLIGPEGGLSADEIAMTAR	False	False	Ecoli	False	True	False	diann231	Triqler	Triqler	0.2
0.9286	0.9857	P0AG99	3.0	3.142e-05	0.01927	0.9857	0.9755	1.076	0.9739	0.9799	0.989	1.01	GSEWENLSAPAK;TEQTQPAAPAKPTSDIPN;TNKGSEWENLSAPAK	False	False	Ecoli	False	True	False	diann231	Triqler	Triqler	0.2
0.9287	0.9857	P69786	12.0	2.202e-07	-0.03918	0.9857	0.9874	1.043	0.9313	1.016	0.987	1.039	ATGTSEMAPALVAAFGGK;IKLPEYLGFFAGK;KLGAAGVVVAGSGVQAIFGTK;LGAAGVVVAGSGVQAIFGTK;LSGGFLFK;NAFANLQK;SDNLKTEMDEYIR;LRVSVADVSK;VSVADVSKVDQAGLK;LPEYLGFFAGKR;HLADTGVLGGIISGAIAAYMFNR;TEMDEYIR	False	False	Ecoli	False	True	False	diann231	Triqler	Triqler	0.2
0.9287	0.9857	P0A9F6	2.0	0.003554	-0.006859	0.9857	0.9762	0.9929	1.02	1.023	0.9988	0.9894	SLEDFLGLK;GALTVSLLPSFAIHWLVPR	False	False	Ecoli	False	True	False	diann231	Triqler	Triqler	0.2
0.9287	0.9857	P0ABN9	3.0	9.526e-05	0.01651	0.9857	0.9969	1.041	0.9757	1.032	0.9612	0.9954	FISVPENR;EYVYGDTATLLDK;EYVYGDTATLLDKK	False	False	Ecoli	False	True	False	diann231	Triqler	Triqler	0.2
0.9287	0.9858	decoy_P0AEU3	1.0	0.5761	0.01028	0.9664	0.9949	1.029	0.9891	0.9949	0.9949	0.9981	PYLWTDGLR	False	False		False	False	False	diann231	Triqler	Triqler	0.2
0.9288	0.9858	P00448	7.0	5.617e-07	0.02637	0.9858	0.995	1.048	0.9825	0.9614	0.96	1.058	DFGSVDNFKAEFEK;EFWNVVNWDEAAAR;SYTLPSLPYAYDALEPHFDK;KGTTLQGDLK;NNAGGHANHSLFWK;GTTLQGDLK;DFGSVDNFK	False	False	Ecoli	False	True	False	diann231	Triqler	Triqler	0.2
0.9288	0.9858	P31460	4.0	0.0005788	-0.00762	0.9858	0.9623	1.056	0.9749	1.044	0.9857	0.981	NLVEPAIAR;YHEAVLQSVHNPVLQQLSIAISSLQR;ALFDAIR;LISAMSEVR	False	False	Ecoli	False	True	False	diann231	Triqler	Triqler	0.2
0.9288	0.9858	P0ACK2	4.0	0.0001055	0.0123	0.9858	0.9695	1.069	0.9775	1.021	1.004	0.9624	VILDSGTTTFEIAR;IIVVTDSSK;NDLAFLEK;AAVELIQPGHR	False	False	Ecoli	False	True	False	diann231	Triqler	Triqler	0.2
0.9289	0.9858	P23908	2.0	0.0002596	0.01501	0.9858	1.014	1.026	0.9716	0.993	0.9878	1.008	LPPFIEIYR;NKLPPFIEIYR	False	False	Ecoli	False	True	False	diann231	Triqler	Triqler	0.2
0.9289	0.9859	P39411	2.0	0.0003848	-0.01637	0.9858	1.002	0.9979	0.9807	1.007	0.99	1.023	SATLPLPAVILEK;YTGIDEIGRK	False	False	Ecoli	False	True	False	diann231	Triqler	Triqler	0.2
0.9289	0.9859	P33221	3.0	0.001151	0.01058	0.9859	1.037	1.011	0.9765	0.9921	0.9849	0.9989	AFLGLPVGGIR;LGVEVIAVDR;TLLGTALRPAATR	False	False	Ecoli	False	True	False	diann231	Triqler	Triqler	0.2
0.9289	0.9859	decoy_P76217	1.0	0.7142	-0.0002135	0.9507	0.9955	0.9955	1.008	0.9955	1.01	0.9955	AHIVNWNKPLTGAASTAPFGGIGASGNGR	False	False		False	False	False	diann231	Triqler	Triqler	0.2
0.9289	0.9859	P16677	1.0	0.6166	0.02519	0.9633	0.9812	1.023	1.029	1.014	0.9622	0.9918	VSTLSGGQQQR	False	False	Ecoli	False	True	False	diann231	Triqler	Triqler	0.2
0.929	0.986	P37636	13.0	1.589e-07	-0.02913	0.986	0.9693	1.054	0.9475	1.025	0.9809	1.027	AAVEQATINLQYANVTSPITGVSGK;AIGDQWVVTSGLQAGDR;ATALILDKDDVVQLR;FSDPTVDETTGSVTLR;LDPIYVDLTQSVQDFLR;NFIEGDKVNQGDSLYQIDPAPLQAELNSAK;TQLNEAEANVTVAK;TVPYEVAEIRPQVGGIIIK;QNVLLVPQEGVTHNAQGK;SSVTVGALVTANQADSLVTVQR;VIVSGLQR;AIGDQWVVTSGLQAGDRVIVSGLQR;AIFPNPNGDLLPGMYVTALVDEGSR	False	False	Ecoli	False	True	False	diann231	Triqler	Triqler	0.2
0.929	0.986	P52108	7.0	2.818e-06	-0.03231	0.986	0.9815	1.053	0.9345	0.9901	0.9985	1.048	LLDNAAEPYR;GLQETSLTPYK;TTPPAVLLAR;ALHFGTLTIDPINR;GVSYDGLDR;SVDVAISR;NKGYLFAPHAWE	False	False	Ecoli	False	True	False	diann231	Triqler	Triqler	0.2
0.929	0.986	P55798	1.0	0.637	-0.004447	0.9615	0.9975	0.9975	0.9975	1.02	0.9975	0.9906	QPAPVYQR	False	False	Ecoli	False	True	False	diann231	Triqler	Triqler	0.2
0.9291	0.986	P06616	6.0	2.983e-06	-0.02374	0.986	1.011	1.034	0.9356	1.016	0.9818	1.025	AASSSIGDVELVIFVVEGTR;FLGAELPYSVTVEIER;GGYDINGLILVER;APVILAVNKVDNVQEK;FMASEIIR;HLPEATHHFPEDYITDR	False	False	Ecoli	False	True	False	diann231	Triqler	Triqler	0.2
0.9291	0.9861	P64451	2.0	0.0002506	-0.03442	0.9861	0.9784	0.9818	1.003	1.04	0.9931	1.004	KPLVTTAGPR;LYFEGELIDAATNKPVIK	False	False	Ecoli	False	True	False	diann231	Triqler	Triqler	0.2
0.9291	0.9861	P0AF93	5.0	4.117e-06	-0.03915	0.9861	0.9915	1.033	0.9334	1.035	0.9904	1.02	DLNDFATVNATYEAFFTEHNATFPAR;DVKIEIEAIAVR;TGEVPADVAAQAR;AIVEAAGLK;IEIEAIAVRR	False	False	Ecoli	False	True	False	diann231	Triqler	Triqler	0.2
0.9292	0.9862	P0A7L0	13.0	7.315e-08	-0.03614	0.9862	0.9481	1.057	0.9619	1.014	1.006	1.017	GATVLPHGTGR;KGEMNFDVVIASPDAMR;NDKNGIIHTTIGK;NGIIHTTIGK;QYDINEAIALLK;QYDINEAIALLKELATAK;VAVFTQGANAEAAK;VGTVTPNVAEAVK;VVGQLGQVLGPR;FVESVDVAVNLGIDAR;GEMNFDVVIASPDAMR;GLMPNPK;ENLEALLVALKK	False	False	Ecoli	False	True	False	diann231	Triqler	Triqler	0.2
0.9292	0.9862	P22256	5.0	9.706e-05	0.006722	0.9862	1.002	1.03	0.9656	1.022	0.9696	1.013	SIAGGFPLAGVTGR;ILVPLTIEDAQIR;SGTIAFSGAYHGR;GLGAMIAIELFEDGDHNK;GVGQIHPIFADR	False	False	Ecoli	False	True	False	diann231	Triqler	Triqler	0.2
0.9292	0.9862	P66817	3.0	3.637e-05	-0.01883	0.9862	0.9873	1.031	0.9503	0.9812	1.03	1.022	ALGHAGDVLLAISTR;FETERPSLPAIALNTDNVVLTAIANDR;AAMTLVQSLLNGNK	False	False	Ecoli	False	True	False	diann231	Triqler	Triqler	0.2
0.9292	0.9862	P0AFH8	12.0	7.44e-08	-0.05333	0.9862	0.9459	1.024	0.9733	1.009	0.9891	1.063	AALVDHDNIK;GVEGVTSVSDK;GVEGVTSVSDKLHVR;GYAGDTATTSEIK;LLADDIVPSR;VETTDGVVQLSGTVDSQAQSDR;VGNFMDDSAITAK;VKAALVDHDNIK;VVTLSGFVESQAQAEEAVK;HVKVETTDGVVQLSGTVDSQAQSDR;VETTDGVVQLSGTVDSQAQSDRAESIAK;TDQKVVTLSGFVESQAQAEEAVK	False	False	Ecoli	False	True	False	diann231	Triqler	Triqler	0.2
0.9293	0.9863	P0AG27	5.0	1.728e-06	-0.03844	0.9863	0.9767	1.035	0.947	0.9923	0.9895	1.064	AGFAQVFVLK;EGVAGWAGENLPLVR;GHIAGSINLLPSEIK;KGHIAGSINLLPSEIK;LINKEDAVVVDLR	False	False	Ecoli	False	True	False	diann231	Triqler	Triqler	0.2
0.9293	0.9863	P25714	4.0	4.175e-06	-0.01287	0.9863	1.008	1.044	0.9295	1.015	1.028	0.9797	GGDVEQALLPAYPK;TDVLDLTINTR;DGPDNPANGPRPLYNVEK;ELNSTQPFQLLETSPQFIYQAQSGLTGR	False	False	Ecoli	False	True	False	diann231	Triqler	Triqler	0.2
0.9293	0.9863	P00393	18.0	1.396e-07	-0.03288	0.9863	0.9861	1.045	0.9414	1.015	0.9687	1.048	DHGSLVSLSNFSTVGSLMGNLTR;GLTNEALNVTLVEAGER;INQLVVEPTLQTTR;NHGFQFQLGSVIDIDR;QLHSYGYKGLTNEALNVTLVEAGER;RFHQEMLNLFLK;TGLMMLVGSINR;APDFLKDIGGLETNR;DIGGLETNR;IVIVGGGAGGLEMATQLGHK;VLTQTMVTSADEGGLHTK;NHGFQFQLGSVIDIDREAK;ILPALPPR;TITIAELR;KIAYDTLVMALGSTSNDFNTPGVK;FVYISLYR;DEKGELLVPER;IAYDTLVMALGSTSNDFNTPGVK	False	False	Ecoli	False	True	False	diann231	Triqler	Triqler	0.2
0.9294	0.9864	P64463	3.0	1.653e-05	-0.01583	0.9864	0.9676	1.066	0.954	1.003	0.9973	1.016	ILSIDTEGLTAEQIR;ILSIDTEGLTAEQIRR;LAPLDLIR	False	False	Ecoli	False	True	False	diann231	Triqler	Triqler	0.2
0.9294	0.9866	P39396	5.0	9.87e-06	-0.02547	0.9866	0.9658	1.052	0.9571	1.009	0.9945	1.025	TDKETPYVPIPEGGVK;LLANETDAR;DIGEPSVLNR;DVTAHAAATVSSWGFVISPEQILQTAK;ETPYVPIPEGGVK	False	False	Ecoli	False	True	False	diann231	Triqler	Triqler	0.2
0.9294	0.9866	P0AFL3	4.0	7.459e-06	0.04627	0.9866	1.02	1.055	0.9777	0.9679	0.9604	1.022	APVSVQNFVDYVNSGFYNNTTFHR;TADKDSATSQFFINVADNAFLDHGQR;ISQVPTHDVGPYQNVPSKPVVILSAK;DFGYAVFGK	False	False	Ecoli	False	True	False	diann231	Triqler	Triqler	0.2
0.9295	0.9866	P0A7N4	4.0	4.123e-06	-0.02818	0.9866	0.9643	1.055	0.9571	1.014	0.9788	1.035	HHITADGYYR;RSHDALTAVTSLSVDK;SHDALTAVTSLSVDK;SHDALTAVTSLSVDKTSGEK	False	False	Ecoli	False	True	False	diann231	Triqler	Triqler	0.2
0.9295	0.9866	P0AGD7	14.0	6.509e-08	-0.02183	0.9866	0.9807	1.051	0.9441	1.034	0.9842	1.01	AFNEALPLTGVVLTK;FYDVLLVDTAGR;GDGFDLNDFLEQLR;KGDGFDLNDFLEQLR;LKFYDVLLVDTAGR;MALLEADVALPVVR;TEALEPFHPDR;VLVVSADVYRPAAIK;LTEDNVKDTLR;SLTPGQEFVK;FLGVGEKTEALEPFHPDR;LPGMGQIPDNVK;GGAALSIR;MFDNLTDR	False	False	Ecoli	False	True	False	diann231	Triqler	Triqler	0.2
0.9295	0.9866	P23837	4.0	0.0002751	0.01972	0.9866	0.9771	1.046	0.9992	0.9999	0.9548	1.026	TPLAVLQSTLR;ELHPVAPLLDNLTSALNK;ISQQIGYYLHR;VDTLRPGQGVGLAVAR	False	False	Ecoli	False	True	False	diann231	Triqler	Triqler	0.2
0.9295	0.9867	P0A6N4	5.0	1.728e-06	-0.04749	0.9867	0.942	1.031	0.9753	1.027	1.012	1.016	ATYYSNDFR;GDTAGTGGKPATLSTGAVVK;LLTGTRVEK;PATLSTGAVVK;VPLFVQIGEVIK	False	False	Ecoli	False	True	False	diann231	Triqler	Triqler	0.2
0.9296	0.9867	P52006	3.0	3.263e-05	-0.003054	0.9867	1.05	1.006	0.9475	1.035	0.9809	0.9851	GVFPGQWAISGGGVEPGER;EIREELGEQLLLTEITPWTFSDDIR;INEEFQDYAWVKPEDLVHYDLNVATR	False	False	Ecoli	False	True	False	diann231	Triqler	Triqler	0.2
0.9296	0.9867	P0ACF4	6.0	8.616e-07	-0.01194	0.9867	0.9927	1.059	0.943	1.026	0.9729	1.011	ALDAIIASVTESLK;EGDDVALVGFGTFAVK;NPQTGKEITIAAAK;SQLIDKIAAGADISK;EITIAAAK;ALDAIIASVTESLKEGDDVALVGFGTFAVK	False	False	Ecoli	False	True	False	diann231	Triqler	Triqler	0.2
0.9296	0.9868	P0AGB0	6.0	4.471e-06	-0.0609	0.9868	0.9757	0.9977	0.9656	0.9856	1.021	1.058	LAHEAQLDVAPLGK;SGWLLYGR;FTGNVIGDIVDAQYK;AAGLGIAYHAKPK;GADANILQQVR;GELDFTASLR	False	False	Ecoli	False	True	False	diann231	Triqler	Triqler	0.2
0.9297	0.9868	P0A744	3.0	1.265e-05	-0.02415	0.9868	1.003	1.031	0.9426	1.039	1.01	0.9768	HLVSPADALPGR;LFWQLPGVYSTAAGYTGGYTPNPTYR;SAIYPLTPEQDAAAR	False	False	Ecoli	False	True	False	diann231	Triqler	Triqler	0.2
0.9297	0.9869	P76193	6.0	6.687e-06	-0.03059	0.9869	0.9817	1.052	0.9451	1.03	0.982	1.013	LVGQNQTYTVQEGDKNLQAIAR;QGIIVNLAELR;LPPVVPAGPNNPLGR;IPNPTWTPTAGIR;LAHGNGEYLIHGTSAPDSVGLR;GIKLPPVVPAGPNNPLGR	False	False	Ecoli	False	True	False	diann231	Triqler	Triqler	0.2
0.9297	0.9869	P0ADG4	15.0	4.041e-08	-0.003469	0.9869	1.006	1.057	0.9348	1.007	0.9867	1.012	AAEAVIIDTIRK;DLDGTILATGFPFK;GSNDFVTNVDK;LPHFAVSIAVR;NYETPDAVEASQK;QYATTYINIVGK;TGSAALDLAYVAAGR;VDGFFEIGLRPWDFAAGELLVR;AAEAVIIDTIR;EAGGIVSDFTGGHNYMLTGNIVAGNPR;GSNDFVTNVDKAAEAVIIDTIR;RLPHFAVSIAVR;TEVAVVYDPMRNELFTATR;AKQYATTYINIVGK;RTGSAALDLAYVAAGR	False	False	Ecoli	False	True	False	diann231	Triqler	Triqler	0.2
0.9298	0.9869	P75785	1.0	0.7348	-0.03875	0.9505	0.9783	0.993	0.9947	1.046	0.9947	0.9947	KLYDQLR	False	False	Ecoli	False	True	False	diann231	Triqler	Triqler	0.2
0.9298	0.9869	P0AGB6	7.0	1.843e-06	-0.04202	0.9869	0.9738	1.036	0.9484	0.9976	0.9928	1.055	AFNLLVVR;ALDSFRGDSAFYTWLYR;SEQLTDQVLVER;YVPSGDVPDVVQEAFIK;NYLVAQGR;RPPSSDVDAIEAENFESGGALK;TIESLPEDLR	False	False	Ecoli	False	True	False	diann231	Triqler	Triqler	0.2
0.9298	0.987	P00887	4.0	3.577e-05	0.0001165	0.987	0.9236	1.048	1.018	1.009	0.9934	1.013	IESLVTPAELALR;LASAVDTRF;VNHGLELAR;IAVDAIR	False	False	Ecoli	False	True	False	diann231	Triqler	Triqler	0.2
0.9298	0.9871	P09169	12.0	3.375e-07	-0.08788	0.9871	0.9601	0.9884	0.9594	1.02	1.029	1.047	FNNAAIIK;NGAGIENYNFITTAGLK;VKDQNYYSVAVNAGYYVTPNAK;GGSYIYSSEEGFRDDIGSFPNGER;VYLAEEGGR;VYVEGAWNR;LGLMAGYQESR;GWLLNEPNYR;FKMPYIGLTGSYR;YEDFELGGTFK;VYLAEEGGRK;DQNYYSVAVNAGYYVTPNAK	False	False	Ecoli	False	True	False	diann231	Triqler	Triqler	0.2
0.9299	0.9871	P76034	6.0	1.891e-06	-0.03281	0.9871	0.9628	1.017	0.9835	0.9754	0.9921	1.073	AFIGIDGWQPETGFTGR;AHGFAVSLDSDDVETR;FGAVHSYSIGPVER;RAHGFAVSLDSDDVETR;ATGVSEVTIR;ELAEFAASLVQPGETIFIENGSSNALLAR	False	False	Ecoli	False	True	False	diann231	Triqler	Triqler	0.2
0.9299	0.9871	P0ACI0	6.0	1.335e-06	-0.05111	0.9871	0.986	1.015	0.9472	1.002	0.99	1.064	QFAQTPALYR;SPEWSAFGIRPPLR;LTARPILDIALQYR;DVTGHAIGAYIR;FDSQQTFTR;AGDRPINLR	False	False	Ecoli	False	True	False	diann231	Triqler	Triqler	0.2
0.9299	0.9872	P27833	6.0	1.888e-06	-0.0396	0.9872	0.9947	1.023	0.9425	1.02	0.9967	1.026	LALWQNYYDALAPLAK;LLRLPLFYNLSPVNQR;LPLFYNLSPVNQR;NYTAGGEGGATLINDK;SALINFLK;GQVDKYTWR	False	False	Ecoli	False	True	False	diann231	Triqler	Triqler	0.2
0.93	0.9872	P17315	7.0	1.938e-06	-0.04593	0.9872	1.016	0.9589	0.9708	1.061	0.9737	1.024	HNDFDLNWIPVDSIER;IFEPLALTTGVR;TSASQYALFVEDEWR;EVPGVQLTNEGDNR;GLDSSYTLILVDGKR;GGWATAFK;AYLVYNATDTVTVK	False	False	Ecoli	False	True	False	diann231	Triqler	Triqler	0.2
0.93	0.9872	P0ADR8	18.0	2.711e-08	-0.06159	0.9872	0.9615	1.031	0.9474	1.023	1.001	1.039	AFSGIVAGNVK;FENFDINVLR;GVKLELINPPEEAFVDGR;LYPDQPVEVLAADLR;LYPDQPVEVLAADLRR;RMDDLLQGFVAQHR;TASSDLYQLFR;VLDEFVVHTLGENAR;FENFDINVLRR;IIIDDAAEVAR;LELINPPEEAFVDGR;VGNQLGLR;VLDEFVVHTLGENARR;FPNLNLDNSVHITNLVFSILR;AIEEFGPYK;RLEAFVR;RVGNQLGLR;MDDLLQGFVAQHR	False	False	Ecoli	False	True	False	diann231	Triqler	Triqler	0.2
0.93	0.9873	P23827	5.0	1.862e-06	-0.05683	0.9873	0.9893	1.016	0.9378	1.039	0.9961	1.025	AEEKIDNAVVR;LPIVVYTPDNVDVK;TLEGWGYDYYVFDK;YNSKLPIVVYTPDNVDVK;IAPYPQAEK	False	False	Ecoli	False	True	False	diann231	Triqler	Triqler	0.2
0.93	0.9873	P0C0R7	3.0	3.049e-05	-0.04181	0.9873	0.9779	1.025	0.9541	1.025	0.9922	1.027	SREVYIVATGR;VFQGEGFDEYLR;DVLAPGGSFVVK	False	False	Ecoli	False	True	False	diann231	Triqler	Triqler	0.2
0.9301	0.9873	P36767	7.0	2.071e-06	-0.04013	0.9873	0.9711	1.053	0.9398	1.006	1.003	1.03	KAEDTLALLR;LALDWQQR;DSLKDEVLHSLLPR;SLLEDGGVIR;ILPSPVIK;IAKLEAEQAR;KQDLTSEEITNHIEAGK	False	False	Ecoli	False	True	False	diann231	Triqler	Triqler	0.2
0.9301	0.9873	P0A7A9	10.0	6.194e-07	0.02851	0.9873	0.9794	1.071	0.9833	0.9638	0.9716	1.035	SLLNVPAGK;VEGWENAEAAK;WVKVEGWENAEAAK;ESGALFVDR;AEIVASFER;EYDHIKDVNDLPELLK;AQIAHFFEHYKDLEK;DLPEDIYVVIEIPANADPIKYEIDK;YEIDKESGALFVDR;VEGWENAEAAKAEIVASFER	False	False	Ecoli	False	True	False	diann231	Triqler	Triqler	0.2
0.9301	0.9873	P69741	2.0	0.0002506	0.004573	0.9873	0.9619	1.051	0.9924	1.005	0.9805	1.012	GIHQLANVENQTPR;NRPTFAYGR	False	False	Ecoli	False	True	False	diann231	Triqler	Triqler	0.2
0.9302	0.9875	P0AG40	7.0	2.037e-06	-0.0208	0.9875	1.002	1.045	0.9268	1.028	1.002	0.9997	ALLQGLQEEGR;FAALTAQNFISDLLVK;FLAVGDDFR;TIGFPTANVPLRR;QALADDNLALAESLLGHPFAISGR;HIQVVLR;EGDFLLLQK	False	False	Ecoli	False	True	False	diann231	Triqler	Triqler	0.2
0.9302	0.9875	P28904	12.0	2.256e-07	-0.06203	0.9875	0.9826	1.012	0.9425	1.059	0.9849	1.024	FGDEGEYRVPAAK;GQTLLVIANLSR;LDVVNLISK;SFQDTTGSGTGDLR;LDVVNLISKDPR;WHAESEQYYLHLFAPEQADLNWENPAVR;DGEPETPPNNWR;EWKGQTLLVIANLSR;AHEFLHEMNR;ITDYRDVESLNMFAELR;FGGSAWR;SKFGGSAWR	False	False	Ecoli	False	True	False	diann231	Triqler	Triqler	0.2
0.9302	0.9875	P39377	10.0	2.55e-07	-0.05904	0.9875	0.9669	1.031	0.9428	1.019	1.017	1.026	AVQAGIPLAR;KGGTIDITSSIDEPVAPAEGIAR;LLPTHVNR;LTEAGVTSVVGLLGTDSISR;TITGSVEKDVAIIDR;NVPLFEQALEFAR;TPEVALSR;ALNEEGISAWMLTGAYHVPSR;LTEAGVTSVVGLLGTDSISRHPESLLAK;HPESLLAK	False	False	Ecoli	False	True	False	diann231	Triqler	Triqler	0.2
0.9303	0.9875	P37634	12.0	4.947e-07	-0.01485	0.9875	0.9998	1.05	0.9365	0.982	1.004	1.032	IWQQDDLPAELEAYINVVK;TDYQAVVSGIAEGYKR;YYPGSPLIAR;TGEYLEGIAR;EQDSLQLTELHPSDYPLLR;VEKADGFQQLK;AKLPPVSR;DKPFLYLDTHAGAGR;LVPAGTGHATVSWIVPE;HTVQSLIIESLKEK;GLILIDPPYEMK;YQLGSEHAER	False	False	Ecoli	False	True	False	diann231	Triqler	Triqler	0.2
0.9303	0.9875	P75949	8.0	2.818e-06	-0.05692	0.9875	0.9924	0.997	0.9501	1.048	0.9951	1.02	EILAHPLVGGLILFTR;KGAVSVLDNLSPIK;NYHDPAQLR;GAVSVLDNLSPIKAER;GAVSVLDNLSPIK;NRLVVAVDQEGGR;HFPGHGAVTADSHK;FREGFTR	False	False	Ecoli	False	True	False	diann231	Triqler	Triqler	0.2
0.9303	0.9876	P0AEX5	4.0	2.924e-05	-0.02149	0.9876	0.9833	1.022	0.9797	1.037	0.9523	1.029	GIPSLDESFVVIHFR;VPTVDTSNPFAAK;THLNFQR;HISYFGPEANDFGLLEQTFIEYGQSGK	False	False	Ecoli	False	True	False	diann231	Triqler	Triqler	0.2
0.9303	0.9876	P0C0S1	7.0	1.084e-06	0.03629	0.9876	1.034	1.052	0.9544	1.014	0.9552	0.9951	IIAGNIINFSR;LNELGASSINFVVR;NEFIIGVAYDSDIDQVK;RNEFIIGVAYDSDIDQVK;VWSNSGDLQNVYWDVLER;EFDAAGISFPYPQMDVNFKR;IIVIPNGK	False	False	Ecoli	False	True	False	diann231	Triqler	Triqler	0.2
0.9304	0.9876	P0A7M2	6.0	1.447e-06	-0.03227	0.9876	0.9767	1.047	0.9437	1.013	0.9815	1.042	FLPNLHSHR;KGIDTVLAELR;FWVESEKR;GIDTVLAELR;RFLPNLHSHR;FWVESEK	False	False	Ecoli	False	True	False	diann231	Triqler	Triqler	0.2
0.9304	0.9876	P30011	11.0	8.127e-07	-0.009047	0.9876	0.9938	1.041	0.9565	0.9824	0.9692	1.061	EFAETGVDFISVGALTK;LGLSDAFLIK;TALNFVQTLSGVASK;ENHIIASGSVR;ALLEVSGNVTDK;INLDIPGAVAQALREDLGGTVDANNDITAK;LGLSDAFLIKENHIIASGSVR;RDELLER;VLLTGER;INLDIPGAVAQALR;KTLPGLR	False	False	Ecoli	False	True	False	diann231	Triqler	Triqler	0.2
0.9304	0.9876	Q93K97	6.0	1.29e-06	-0.03667	0.9876	0.9964	1.032	0.9362	1.047	1.003	0.9887	EAIEEAGLIVK;GFFSLDLYR;GHAAVLLPFDPVRDEVVLIEQIR;EAIEEAGLIVKR;TKPVLSFLASPGGTSER;NDVEIIAR	False	False	Ecoli	False	True	False	diann231	Triqler	Triqler	0.2
0.9305	0.9876	P0ACB4	8.0	1.571e-06	-0.03857	0.9876	0.99	1.009	0.9562	1.025	0.9804	1.042	EVVYTDWEQVANFAR;EIAHLTDKPTLK;EIASYLASELKELGIQADVANVHR;TLILFSTR;KEVVYTDWEQVANFAR;IEEPQWENYDR;ELGIQADVANVHR;VVIGASIR	False	False	Ecoli	False	True	False	diann231	Triqler	Triqler	0.2
0.9305	0.9877	P0AAT4	5.0	4.584e-06	-0.04887	0.9877	0.9655	1.031	0.9616	1.003	1.013	1.028	SISIDVTSIR;HQEINEWNR;AHLLKPYLTSR;AYLNEYLR;QQGSTESVLNLR	False	False	Ecoli	False	True	False	diann231	Triqler	Triqler	0.2
0.9305	0.9878	P0A800	9.0	2.572e-07	-0.0575	0.9878	0.9804	1.024	0.9383	1.02	0.9936	1.047	ARVTVQDAVEK;EIEEGLINNQILDVR;ERQEQQEQEAAELQAVTAIAEGR;FDLVLVAAR;QEQQEQEAAELQAVTAIAEGR;VTVQDAVEK;IGNRFDLVLVAAR;QEQQEQEAAELQAVTAIAEGRR;TTVIALR	False	False	Ecoli	False	True	False	diann231	Triqler	Triqler	0.2
0.9305	0.9878	P13445	13.0	9.873e-08	-0.0009106	0.9878	1.025	1.043	0.9301	0.9976	0.9998	1.008	ALVEQEPSDNDLAEEELLSQGATQR;FGLLGYEAATLEDVGR;GLALLDLIEEGNLGLIR;ITSVDTPLGGDSEK;VHDLNEDAEFDENGVEVFDEK;RFGLLGYEAATLEDVGR;WLFELNAK;EILQTQGLNIEALFRE;FGLLGYEAATLEDVGREIGLTR;ELNVYLR;AVEKFDPER;LPIHIVK;LDHEPSAEEIAEQLDKPVDDVSR	False	False	Ecoli	False	True	False	diann231	Triqler	Triqler	0.2
0.9306	0.9878	P0AAJ8	5.0	5.677e-06	-0.05278	0.9878	0.9745	1.006	0.9677	1.034	0.9797	1.04	LALKPGSEYHYPR;YDYNNPFGALHK;EGGGTQVLVLTGVPYENLDLPK;SGDTYLHTVPK;YYPHLYGEK	False	False	Ecoli	False	True	False	diann231	Triqler	Triqler	0.2
0.9306	0.9879	P0A6Y5	5.0	2.881e-06	-0.002697	0.9879	0.9974	1.053	0.9471	1.013	0.96	1.034	LYHEEEVTVYDPQDVEFK;VQGEIPENADLK;YLFENFAVR;TEELLTLPANEVLWR;TLVGNGYVVITITPSEGER	False	False	Ecoli	False	True	False	diann231	Triqler	Triqler	0.2
0.9306	0.9879	P0A7M6	5.0	1.728e-06	-0.0316	0.9879	0.9985	1.024	0.949	1.023	0.9947	1.013	EKSVEELNTELLNLLR;MQAASGQLQQSHLLK;SVEELNTELLNLLR;SVEELNTELLNLLREQFNLR;VKTLLNEK	False	False	Ecoli	False	True	False	diann231	Triqler	Triqler	0.2
0.9307	0.988	P0A6A8	3.0	1.276e-05	-0.001755	0.988	0.9747	1.047	0.9794	1.029	0.966	1.007	ITTVQAAIDYINGHQA;KIIGEQLGVK;IIGEQLGVK	False	False	Ecoli	False	True	False	diann231	Triqler	Triqler	0.2
0.9307	0.9881	P09029	2.0	0.0002025	0.01499	0.9881	0.9965	1.035	0.99	1.012	0.9605	1.008	DVFPIIADR;SEWPAVFDR	False	False	Ecoli	False	True	False	diann231	Triqler	Triqler	0.2
0.9307	0.9881	P0AGD3	9.0	4e-07	0.0326	0.9881	1.023	1.046	0.9704	1.019	0.9346	1.011	AQFTDAAIKNFGSGWTWLVK;DALAPHISAETIEYHYGK;HHQTYVTNLNNLIK;NFGSGWTWLVK;SFELPALPYAK;VAEAIAASFGSFADFK;AQFTDAAIK;SLEEIIR;NARPGYLEHFWALVNWEFVAK	False	False	Ecoli	False	True	False	diann231	Triqler	Triqler	0.2
0.9308	0.9881	P0AEW6	11.0	3.552e-07	-0.03524	0.9881	0.9839	1.045	0.9359	1.002	1.01	1.027	GLPEREDSLEESYWDR;TDLNYLQGVDGPIGR;TQHPLLPGAIAEFNQYEFSR;VSYQVLNQHSPR;KYNVPVVLTLGTK;VDDEFIER;YGLSAGHSLVIEDDVAEALYQELK;TFAISPGHMNQLR;SKHYFPVNAR;HYFPVNAR;AESIPEDVIAGASALVLTSYLVR	False	False	Ecoli	False	True	False	diann231	Triqler	Triqler	0.2
0.9308	0.9881	P21367	5.0	1.029e-05	-0.03545	0.9881	0.968	1.037	0.9612	1.035	0.9973	1.004	LDKNDAAVLLVDHQAGLLSLVR;NNVLALGDLAK;DIEPDKFK;NDIEGLATLFSNHIPDYR;YFNLPTILTTSFETGPNGPLVPELK	False	False	Ecoli	False	True	False	diann231	Triqler	Triqler	0.2
0.9308	0.9881	P29131	5.0	1.468e-05	-0.008248	0.9881	0.966	1.065	0.9675	0.9857	1.003	1.016	APTEPSAGGEVKTPEQLTPEQR;TPEQLTPEQR;QQPTQLVEVPWNEQTPEQR;VVIGPVK;AQLAFEGFDSK	False	False	Ecoli	False	True	False	diann231	Triqler	Triqler	0.2
0.9308	0.9881	P0ABI4	3.0	3.958e-05	0.01612	0.9881	0.9978	1.067	0.963	0.9996	0.984	0.992	VQSELGQSLATRPELEDIEASAR;ALNFLVR;LPGGQLEQAR	False	False	Ecoli	False	True	False	diann231	Triqler	Triqler	0.2
0.9309	0.9882	P0ADI7	5.0	2.073e-06	0.01311	0.9882	1.014	1.048	0.952	1.002	0.9546	1.033	ASGQPVFLVR;TTALVVIDLQEGILPFAGGPHTADEVVNR;VGWSADYAEALKQPVDAPSPAK;QWGAFYGTDLELQLR;VLPENWWQHPAALGATDSDIEIIKR	False	False	Ecoli	False	True	False	diann231	Triqler	Triqler	0.2
0.9309	0.9883	P34749	1.0	0.712	-0.01918	0.9593	0.9972	0.9899	0.9972	0.9972	1.021	0.9972	SLRELGVK	False	False	Ecoli	False	True	False	diann231	Triqler	Triqler	0.2
0.9309	0.9883	P76316	5.0	7.84e-06	0.01876	0.9883	0.9572	1.071	0.9939	0.9853	0.9912	1.005	KLEFLAADALR;VVNLQQAIAK;EGADTLITAGAIQSNHVR;LEFIGAPTPLEYLPR;FSDYLGR	False	False	Ecoli	False	True	False	diann231	Triqler	Triqler	0.2
0.931	0.9883	P0C0L2	6.0	9.714e-07	-0.0399	0.9883	0.9609	1.035	0.9605	0.9825	1.039	1.026	GKGTVSTESGVLNQQPYGFNTR;GQAHWEGDIKR;GTVSTESGVLNQQPYGFNTR;IALKSEVAVPGIDASTFDGIIQK;SEVAVPGIDASTFDGIIQK;AEITLDYQLK	False	False	Ecoli	False	True	False	diann231	Triqler	Triqler	0.2
0.931	0.9884	P0ADA1	4.0	2.726e-05	-0.00795	0.9884	0.9559	1.006	1.047	0.9785	0.985	1.031	WVLVELGGNDGLR;GFQPQQTEQTLR;QLQPLVNHDS;RYNEAFSAIYPK	False	False	Ecoli	False	True	False	diann231	Triqler	Triqler	0.2
0.931	0.9884	P25536	2.0	8.93e-05	-0.0227	0.9884	0.9702	1.028	0.9793	1.001	1.014	1.008	IVTGIEEQRQPQESAQQYVVR;TSLYLASGSPR	False	False	Ecoli	False	True	False	diann231	Triqler	Triqler	0.2
0.931	0.9884	P42596	7.0	1.52e-06	0.02044	0.9884	0.9877	1.074	0.9721	1.019	0.9504	1.002	TLALLEQQLR;VLGPTTTTLAWK;INGELYIVANR;DIHTSTLELFEK;FLDSTADYPQQPGVVLIK;VVFVDESPMAVASSR;TGLDIGAR	False	False	Ecoli	False	True	False	diann231	Triqler	Triqler	0.2
0.9311	0.9884	P43671	8.0	2.628e-06	-0.03203	0.9884	0.9939	0.9991	0.9629	0.9721	0.9954	1.081	NISYQLFINAPYDR;VGSVETSTFDTQKR;AGQLSPGDPVLFR;QTFNDDYRIPVLIR;SNALVFEAK;SVDVGVVESATLADDLTHVEIK;TAFVLYDDQK;KAGQLSPGDPVLFR	False	False	Ecoli	False	True	False	diann231	Triqler	Triqler	0.2
0.9311	0.9885	P0A9H9	10.0	6.244e-07	0.04563	0.9885	1.028	1.047	0.963	1.013	0.9669	0.9846	DSLRELGLDQAIAEAAEAIPDAR;ELGLDQAIAEAAEAIPDAR;WDDWFADPIDLADAR;LYYVVQMTAQAAER;AGVVASQDQVDDLLDSLGF;RENQSLLNGPQVDTSK;MMDVIQEIER;ENQSLLNGPQVDTSK;DRLYYVVQMTAQAAER;QLLMVLLENIPEQESRPK	False	False	Ecoli	False	True	False	diann231	Triqler	Triqler	0.2
0.9311	0.9885	P0AF67	4.0	1.449e-05	-0.03945	0.9885	0.9873	1.021	0.954	1.005	1.005	1.03	VSAVSSAGELLLAR;GFLQALGHQGNVK;VIPLPDEQATLDLGER;LADPEELEFMGIR	False	False	Ecoli	False	True	False	diann231	Triqler	Triqler	0.2
0.9312	0.9885	P0A9J8	6.0	1.289e-05	-0.03291	0.9885	0.9709	1.042	0.9606	0.988	1.026	1.015	SPHVAALGSEAGGTLYGLQVLER;TSENPLLALR;ALKELGEITR;LLALLAER;AINVSDQVPAK;IAFLGPK	False	False	Ecoli	False	True	False	diann231	Triqler	Triqler	0.2
0.9312	0.9886	P28629	11.0	7.741e-07	-0.06705	0.9886	0.9581	1.004	0.9675	1.057	0.9944	1.022	LADALSQQNVTVIK;LLNALSQASYIHVR;TYDFADAPTK;EAYNAIVDNNVELVSIENLPGR;QQNVPVFLLGDREK;TSDRLHFDEAWYGYAR;FYHDYYGENLFR;TSLGSLLDHTGAFGESEK;SWSVVVGTSGSNR;VLIVESEFLHQDTWVGNAVER;LHFDEAWYGYAR	False	False	Ecoli	False	True	False	diann231	Triqler	Triqler	0.2
0.9312	0.9886	P0A8C4	2.0	6.146e-05	-0.01123	0.9886	0.9599	1.033	0.9946	0.9837	1.005	1.026	LDKVTGETGEAIDDLR;VTGETGEAIDDLR	False	False	Ecoli	False	True	False	diann231	Triqler	Triqler	0.2
0.9312	0.9886	P0AG14	4.0	3.516e-05	0.02176	0.9886	0.9997	1.057	0.9582	1.018	0.9662	1.004	TLTLLGENTEEGREK;VWVLDFK;FREELNETHQLFK;NIPLTVTVDK	False	False	Ecoli	False	True	False	diann231	Triqler	Triqler	0.2
0.9313	0.9887	P37194	6.0	1.691e-06	-0.05541	0.9887	0.9822	1.013	0.9459	1.046	0.9932	1.022	NHFVTILGTIQGEQPGFINK;QSGFLDPVNYR;SFVAVHNQPGLYVGQQAR;VPYNFLEVNMQGIQVWHLR;VINVINGK;TDTLLEISVLPLDSYAKPDIEANYQGR	False	False	Ecoli	False	True	False	diann231	Triqler	Triqler	0.2
0.9313	0.9888	Q46856	16.0	5.545e-08	-0.03305	0.9888	1.02	1.008	0.9302	1.048	0.9885	1.009	FAEGILLTLIEDGPK;IQDRFAEGILLTLIEDGPK;QVANGVVDAFVHTVEQYVTKPVDAK;TGVLDQVLDALK;VWNITEGSDDERIDAAIAATR;ALKEPENYDVR;VLITYGGGSVK;VTFLLAVGGGSVLDGTK;NFFEQLGVPTHLSDYGLDGSSIPALLK;FIAAAANYPENIDPWHILQTGGK;VLITYGGGSVKK;MNNFNLHTPTR;QAFHSAHVQPVFAVLDPVYTYTLPPR;LLQYAER;EQKVTFLLAVGGGSVLDGTK;NFFEQLGVPTHLSDYGLDGSSIPALLKK	False	False	Ecoli	False	True	False	diann231	Triqler	Triqler	0.2
0.9313	0.9888	P0A6T5	6.0	3.449e-06	-0.01803	0.9888	0.9845	1.047	0.9501	0.9703	1.004	1.048	DATSATTTTSLGGLFK;EAALVHEALVAR;IVQFFAQRPQVQER;DSVIGLSK;ATVAYIPK;ITLIENK	False	False	Ecoli	False	True	False	diann231	Triqler	Triqler	0.2
0.9314	0.9888	P0A832	3.0	3.706e-05	0.009733	0.9888	0.9995	1.046	0.9711	0.95	1.005	1.032	ANISDSYVLLR;ELDSLYGR;KLLLNQR	False	False	Ecoli	False	True	False	diann231	Triqler	Triqler	0.2
0.9314	0.9889	P0AD12	10.0	3.934e-07	-0.03063	0.9889	0.9898	1.04	0.9425	1.039	0.9968	0.9952	LLGLEPPQFR;MSGIDSYLLR;SGPGDEFYLQAVQELVDSALAHR;SGPGDEFYLQAVQELVDSALAHRIPR;LAGLVGPGRHPGR;IIFTSSTSVYGDAQGTVK;LAGLVGPGR;VLEELEDWLHNLPGTSVDILR;NPVTNSGRVLEELEDWLHNLPGTSVDILR;NVFYPQMAR	False	False	Ecoli	False	True	False	diann231	Triqler	Triqler	0.2
0.9314	0.9889	P65870	4.0	8.564e-06	0.04904	0.9889	1.008	1.035	1.01	0.9626	0.9781	1.008	LDHHYLNDIPGLENPTSEVLAK;LEITGEVDPHTGWIIDFAELK;AAFKPTYER;DFTFEAAHR	False	False	Ecoli	False	True	False	diann231	Triqler	Triqler	0.2
0.9314	0.9889	P21507	17.0	9.679e-08	-0.04606	0.9889	1.002	1.016	0.929	1.013	0.9958	1.048	LLEDPVEVSANPSTR;TAAYLLPALQHLLDFPR;AVETLILDEADR;GIDIPDVSHVFNFDMPR;VIDELRPK;TALLVHLLK;KQTLLFSATLEGDAIQDFAER;KGTAISLVEAHDHLLLGK;YIEEPIK;DVLGSAPTGTGK;ILILTPTR;YIEEPIKAR;ERVHELANWLR;VNVLVATDVAAR;TALLVHLLKQPEATR;VHELANWLR;GFTRPTAIQAAAIPPALDGR	False	False	Ecoli	False	True	False	diann231	Triqler	Triqler	0.2
0.9315	0.989	P0AB18	5.0	1.344e-05	-0.02541	0.989	0.9622	1.042	0.9689	1.004	1.002	1.024	FVRDFYLEFNTSPAIR;DFYLEFNTSPAIR;IAGLPKPVK;EIETDTEGYLK;MLIFEGK	False	False	Ecoli	False	True	False	diann231	Triqler	Triqler	0.2
0.9315	0.9891	P0AGG8	16.0	6.888e-08	-0.01039	0.9891	1.019	1.029	0.9365	1.018	0.9666	1.034	DGSYNIDQGVGVR;EGQSLPVGVGQPTLK;FGYEFFLADLDGEVR;HQDLFAILGQLAER;IIKDGSYNIDQGVGVR;TGFAYADQISLLALEQSAQAAR;FVFSTSEAYLIENGK;SLNLVSEQLLAANGLK;STPQEIIESVEYGIYAPNFGGGQVDITSGK;EEKLDILR;LSVSVLVEEDGKR;GSVAIDDEGTPGQYNVLIENGILK;HQDLFAILGQLAERR;VDNLTVGGTA;VQTLGAVEHSPLYTSVDPLQSMSR;SLNLVSEQLLAANGLKHQDLFAILGQLAER	False	False	Ecoli	False	True	False	diann231	Triqler	Triqler	0.2
0.9315	0.9891	P32662	6.0	1.179e-05	-0.009998	0.9891	0.9864	1.027	0.9725	1.023	0.9649	1.028	GLPLGLVTNKPTPFVAPLLEALDIAK;YYGEVAEEGTFLFPHVADTLGALQAK;KPHPDPLLLVAER;TMGKPPVDDDIPAEEQVR;YFSVVIGGDDVQNK;MNKFEDIR	False	False	Ecoli	False	True	False	diann231	Triqler	Triqler	0.2
0.9316	0.9891	P06992	3.0	2.547e-05	-0.01927	0.9891	0.9764	1.038	0.9674	0.9844	1.006	1.031	ITTEAFNQR;LQTHPFLGPK;LDQLTVIELDRDLAAR	False	False	Ecoli	False	True	False	diann231	Triqler	Triqler	0.2
0.9316	0.9891	P77529	5.0	2.901e-06	-0.03293	0.9891	1.002	1.007	0.963	1.05	0.9895	0.9904	KVWPVLTFAFTSR;LNAIESNYVGK;SSAASIPLNVEAQTR;VSDLSVPQLVLSFIPK;VWPVLTFAFTSR	False	False	Ecoli	False	True	False	diann231	Triqler	Triqler	0.2
0.9316	0.9892	P0AEN1	7.0	1.743e-06	0.01408	0.9892	1.019	1.056	0.9375	1.011	0.985	0.996	SILLTALAR;TGTVLTAVLQDHGTLAEHDIYIAGR;VTSVEAITDTVYR;IVPDAAFSFR;HPGLQVVPVVEQPEAGWR;EDRLFGDAFAFI;AGQYLMVVMDER	False	False	Ecoli	False	True	False	diann231	Triqler	Triqler	0.2
0.9316	0.9892	P0A6I6	3.0	3.57e-05	-0.01468	0.9892	0.9519	1.011	1.013	0.9933	0.9946	1.038	NQHATVLIR;AIYPGTFDPITNGHIDIVTR;EWSFISSSLVK	False	False	Ecoli	False	True	False	diann231	Triqler	Triqler	0.2
0.9317	0.9893	P77774	11.0	1.372e-07	-0.04826	0.9893	0.971	1.032	0.947	1.032	0.9914	1.03	AQVYALNTSDGTVAWQTK;ELGSVNDFIVDGNR;ISQATGSTEIDR;IYLVDQNDR;VDSSGFQTEPVAADGK;VSAVLMEQGQMIWQQR;WTVNLDMPSLSLR;DGTVYSITR;RELGSVNDFIVDGNR;LLTSPVLYNGNLVVGDSEGYLHWINVEDGR;LSDVDTTPVVVNGVVFALAYNGNLTALDLR	False	False	Ecoli	False	True	False	diann231	Triqler	Triqler	0.2
0.9317	0.9894	P37182	7.0	2.927e-06	0.01094	0.9894	0.9947	1.067	0.9538	1.01	0.974	1.005	ESGVEAIPR;ILVLGVGNILLTDEAIGVR;ISPHQLGLADVLSALR;IVEALEQR;FTGEFPK;DEEVPALFTNK;DHLIIADAIVSKK	False	False	Ecoli	False	True	False	diann231	Triqler	Triqler	0.2
0.9317	0.9894	P0A9F3	12.0	1.584e-07	0.02713	0.9894	0.9878	1.071	0.9745	1.011	0.9682	0.9913	AITIEELAQYPLVTYTFGFTGR;HLTQVTPAGQEIIR;YALPNVIK;AIVVTPDHPLAGKK;SELDTAFNR;YIVEVVNHNLNVSSTAEGLYTSQPGISK;SVAGEHTWPDKGSLYIATTHTQAR;DVVDAAVALR;IVFTATDADVIK;KAITIEELAQYPLVTYTFGFTGR;FAPHLTR;VDAHDIFSHSTTK	False	False	Ecoli	False	True	False	diann231	Triqler	Triqler	0.2
0.9318	0.9894	P0AEU0	11.0	4.88e-07	-0.0435	0.9894	0.9801	1.037	0.9395	1.018	1.009	1.02	GIEIVSYQGQDNIYSDLTAGR;NSDIQPTVESLK;VGVLQGTTQETFGNEHWAPK;LFGVGTGMGLR;NSQGELVGFDIDLAK;IGTDPTYAPFESK;KYFDFDVYGG;RQQEIAFTDK;IDAAFQDEVAASEGFLK;QQEIAFTDK;IDAAFQDEVAASEGFLKQPVGK	False	False	Ecoli	False	True	False	diann231	Triqler	Triqler	0.2
0.9318	0.9894	P0A6C1	7.0	3.923e-06	-0.02383	0.9894	0.9802	1.04	0.956	1.033	0.9662	1.028	AAEIDATAFALFTK;VDRHHSLGEGNIGHDAFR;AAPLTTQTIDEFK;TFADFAR;FEHLAAIIDGVEDK;HHSLGEGNIGHDAFR;YIGAHVSAAGGLANAAIR	False	False	Ecoli	False	True	False	diann231	Triqler	Triqler	0.2
0.9318	0.9895	decoy_P0A6A6	1.0	0.7133	0.008382	0.9634	0.9974	1.012	0.9974	0.9985	0.9974	0.9974	DPVLAIIGKTGSAGGTGHVVEFCGEASR	False	False		False	False	False	diann231	Triqler	Triqler	0.2
0.9318	0.9895	P0A9J4	4.0	1.073e-05	0.01641	0.9895	0.9942	1.039	0.9866	0.9979	1.002	0.9815	HTEIDYINGFLLR;IGTGLPRPW;AHGIAVPENTR;AWQVSDAVK	False	False	Ecoli	False	True	False	diann231	Triqler	Triqler	0.2
0.9319	0.9895	P45799	5.0	5.577e-06	0.01774	0.9895	0.9854	1.054	0.9806	1.015	0.9736	0.9937	EAVMIVPIVDDHLILIR;EYAVGTESYELGFSK;SLQKPTILNVETVAR;NVSALFLVR;ELKEEVGFGANDLTFLK	False	False	Ecoli	False	True	False	diann231	Triqler	Triqler	0.2
0.9319	0.9896	P0AB61	6.0	3.422e-06	-0.004335	0.9896	0.966	1.055	0.9731	1.027	0.9636	1.02	EHEDTLAGIEATGVTQR;IIREHEDTLAGIEATGVTQR;NGVLVFTGDYFLDEQGLPTAK;ETQPIDRETLLK;STAVFNMFK;HLAHVLSEK	False	False	Ecoli	False	True	False	diann231	Triqler	Triqler	0.2
0.9319	0.9897	P0A6D7	12.0	9.564e-08	-0.01677	0.9897	0.995	1.046	0.9397	0.9975	0.9886	1.037	EVLEALANERNPLYEEIADVTIR;GVVVYLETTIEK;NIFLVGPMGAGK;QGIVLATGGGSVK;RPLLHVETPPR;TGADVGWVFDLEGEEGFR;VINELTEK;QLAQQLNMEFYDSDQEIEKR;VVANQIIHMLESN;NPLYEEIADVTIR;TGADVGWVFDLEGEEGFRDR;EVLEALANER	False	False	Ecoli	False	True	False	diann231	Triqler	Triqler	0.2
0.9319	0.9897	P20966	10.0	4.602e-07	-0.02601	0.9897	0.9458	1.05	0.9762	1.013	0.9962	1.022	AVAEATPYEPAGK;GHAKPYTAPVAATAPVAASGPK;TLLIIDANLGQAR;AVAHPELFLSEAK;PYTAPVAATAPVAASGPK;TAQELDKAVAEATPYEPAGK;TSTGLALKK;NVWLGDISR;TLLGAAAR;FAGKPMYR	False	False	Ecoli	False	True	False	diann231	Triqler	Triqler	0.2
0.932	0.9898	P0A8I1	3.0	3.142e-05	-0.01837	0.9898	0.9871	1.024	0.9676	0.9929	0.9778	1.053	AQDGTPDWNIIER;SGTLLAFDFGTK;SGLFEQGGYR	False	False	Ecoli	False	True	False	diann231	Triqler	Triqler	0.2
0.932	0.9898	P04846	2.0	6.146e-05	-0.014	0.9898	0.9987	1.002	0.9869	1.019	0.9662	1.028	EGATVAIPNDPTNLGR;GLLPTALDITDNPR	False	False	Ecoli	False	True	False	diann231	Triqler	Triqler	0.2
0.932	0.9898	P25552	9.0	2.221e-06	-0.01846	0.9898	1.004	1.017	0.952	1.012	0.9745	1.043	LAVNAGDFIAK;LIYQGVAHTTGGADQR;QAPQHAAYLVR;EVAGSIQTLTR;LEELEIDGLTLER;NLGQENFDAAEK;LAIIFASR;VAANFFDQVENEWHLEAISR;VVATATLR	False	False	Ecoli	False	True	False	diann231	Triqler	Triqler	0.2
0.9321	0.9898	P0A9L5	6.0	6.132e-06	-0.0332	0.9898	0.9685	1.042	0.96	0.98	1.013	1.04	LALDLLEQIK;LALDLLEQIKNGADFGK;TAAALHILVK;RGGDLGEFR;TAAALHILVKEEK;GGDLGEFR	False	False	Ecoli	False	True	False	diann231	Triqler	Triqler	0.2
0.9321	0.99	P0ACU5	6.0	5.737e-06	-0.03801	0.99	0.9572	1.036	0.9681	1.009	1.016	1.017	EAGIAPTSFYR;SLVEAAFSQLSAER;RSLVEAAFSQLSAER;TSVSTFMEFIGNNPNAFR;SFASLSLR;GAYYWYR	False	False	Ecoli	False	True	False	diann231	Triqler	Triqler	0.2
0.9321	0.9902	P0A9S5	8.0	3.772e-07	-0.0244	0.9902	1.001	1.038	0.9472	1.018	0.9614	1.038	AMLAAEQHVVTPALER;LGEYLKPLAER;LLAAGIGDALATWFEAR;WLVVGDKFVLGFAQSTVEK;YIQGADVINR;YLLLPNNPNMVIVDTK;FVLGFAQSTVEK;WLVVGDK	False	False	Ecoli	False	True	False	diann231	Triqler	Triqler	0.2
0.9321	0.9902	P0A7I7	6.0	3.972e-06	-0.03002	0.9902	0.959	1.046	0.9658	1.006	1.012	1.014	LLGVNEVR;NPNNEHYLDTK;AYALQDQGYDTVEANHQLGFAADER;GILLYHR;NIGLLNK;VPLIVGR	False	False	Ecoli	False	True	False	diann231	Triqler	Triqler	0.2
0.9322	0.9903	P0A840	6.0	2.737e-06	-0.03828	0.9903	0.9594	1.032	0.9707	1.015	1.016	1.008	EFADVQVVAPDR;ILNINVPDLPLDQIK;SGASNSLTLESSLR;GNTLYWIGPPGGK;HLGFPALAVSLDGHK;ILLSNDDGVHAPGIQTLAK	False	False	Ecoli	False	True	False	diann231	Triqler	Triqler	0.2
0.9322	0.9903	P09126	7.0	5.092e-06	-0.01182	0.9903	0.9731	1.045	0.9662	1.012	0.9657	1.041	VADNADNDALLR;SILVTRPSPAGEELVSR;LLVVSER;TTALALHTVSGQK;ELIGDTLTAR;LPDYFAIGR;ELGWQDIK	False	False	Ecoli	False	True	False	diann231	Triqler	Triqler	0.2
0.9322	0.9903	P0AEM6	7.0	1.88e-06	-0.04526	0.9903	0.9872	1.014	0.953	1.037	0.9973	1.013	EVAQAIGQLEQELGR;LGIDIADYR;LPASVELDDLLQAGGIGLLNAVER;YDALQGTAFTTYAVQR;SRDWVPR;VSQLHSQAIKR;ENPLQQLLDSNLR	False	False	Ecoli	False	True	False	diann231	Triqler	Triqler	0.2
0.9323	0.9904	P0AFQ7	8.0	1.61e-06	-0.03006	0.9904	0.9706	1.03	0.9629	0.9974	0.985	1.058	DVAEYMAVLK;ELNKPVIVHTR;LLVETDSPYLAPVPHR;ADTLAILR;ADTLAILREEK;LAAEEGVVALGETGLDYYYTPETK;LFHIDASR;VRQQESFIHHIQIGR	False	False	Ecoli	False	True	False	diann231	Triqler	Triqler	0.2
0.9323	0.9904	P08178	3.0	6.828e-05	-0.01291	0.9904	0.9872	1.017	0.9788	1.028	1.003	0.9868	YREPVLVSGTDGVGTK;DAGVDIDAGNALVGR;VDVHAIAHLTGGGFWENIPR	False	False	Ecoli	False	True	False	diann231	Triqler	Triqler	0.2
0.9323	0.9905	P0AEH5	3.0	1.265e-05	-0.02397	0.9905	1.002	1.009	0.9641	1.02	0.9832	1.023	IDDDLTLLSETLEEVLR;SSGDPADQKYVELK;VSQASDSYYYR	False	False	Ecoli	False	True	False	diann231	Triqler	Triqler	0.2
0.9323	0.9906	P45955	9.0	3.746e-07	-0.05485	0.9906	0.9576	1.017	0.9638	1.01	1.007	1.047	AVYQQVISKYPGTDGAK;GQIQENQYQLNQVVER;KDDAAYYFASVVK;DDAAYYFASVVK;VGVIMQDKGDTAK;SGNANTDYNAAIALVQDK;AVYQQVISK;ISNAHSQLLTQLQQQLSDNQSDIDSLR;SRQDDAMVAFQNFIK	False	False	Ecoli	False	True	False	diann231	Triqler	Triqler	0.2
0.9324	0.9907	P62707	19.0	1.803e-08	-0.02586	0.9907	0.9924	1.035	0.9475	1.03	0.9765	1.022	AETAEKYGDEQVK;AIHTLWNVLDELDQAWLPVEK;ELPLTESLALTIDR;FTGWYDVDLSEK;FTGWYDVDLSEKGVSEAK;GFAVTPPELTK;HYGALQGLNKAETAEK;LLKEEGYSFDFAYTSVLK;LSEKELPLTESLALTIDR;VIPYWNETILPR;YGDEQVKQWR;YYLGNADEIAAK;VIIAAHGNSLR;EEGYSFDFAYTSVLKR;HYGALQGLNK;RGFAVTPPELTK;EEGYSFDFAYTSVLK;GFAVTPPELTKDDER;SWKLNER	False	False	Ecoli	False	True	False	diann231	Triqler	Triqler	0.2
0.9324	0.9907	P77718	12.0	1.983e-07	-0.04179	0.9907	0.9751	1.032	0.9476	1.022	0.9962	1.031	FVAINFEPVVGEILEK;GKHDFSSIDVER;QIGTEDFAR;YVGGGLNQHIESAR;HYDETLAVVR;LFPEITIK;QVAHYLWNR;LQALYLR;YGVQALVTGEALGQVSSQTLTNLR;HWDNIEVR;VVEEANNVDIR;IDDGQMGVILKR	False	False	Ecoli	False	True	False	diann231	Triqler	Triqler	0.2
0.9324	0.9909	P22524	6.0	6.334e-06	-0.0249	0.9909	0.9971	1.031	0.9515	1.019	1.021	0.9834	LANEGIFTQQELYDELLTLADEAK;LAQALANPLFPALDSALR;APEGFFYLRPR;ITESVFR;YNVELIR;STTLIPR	False	False	Ecoli	False	True	False	diann231	Triqler	Triqler	0.2
0.9325	0.9909	P37647	7.0	1.112e-06	-0.03829	0.9909	0.9845	1.032	0.9522	1.002	1.026	1.005	LPGLYYIETDSTGER;RGHLTASTVIQYR;VIDTTAAGDSFSAGYLAVR;GHLTASTVIQYR;GFGGDTLNTSVYIAR;VIFDNNYRPR;EKVIDTTAAGDSFSAGYLAVR	False	False	Ecoli	False	True	False	diann231	Triqler	Triqler	0.2
0.9325	0.991	P28304	8.0	1.48e-06	-0.03791	0.991	0.9725	1.032	0.9536	1.017	1.012	1.016	AIGINFIDTYIR;EELTEASNELFSLIASGVIK;HGGPEVLQAVEFTPADPAENEIQVENK;LIGTVGTAQK;SGLYPPPSLPSGLGTEAAGIVSK;VVYDSVGR;VVYDSVGRDTWER;GSLYVTRPSLQGYITTR	False	False	Ecoli	False	True	False	diann231	Triqler	Triqler	0.2
0.9325	0.991	P0AC19	5.0	7.052e-06	-0.03296	0.991	0.972	1.033	0.9634	1.007	0.9945	1.032	LTQDVLDIAR;TSEDINDALNYR;NIIQHVENNR;AQPAAIIR;EHHWVTYAEVEIDKLHALR	False	False	Ecoli	False	True	False	diann231	Triqler	Triqler	0.2
0.9325	0.991	P75691	4.0	5.687e-05	0.01493	0.991	1.017	1.035	0.962	1.0	0.9977	0.9894	VVAVGDQVEK;ALGADEVVNSR;SFDFILNTVAAPHNLDDFTTLLKR;ADQINEAYER	False	False	Ecoli	False	True	False	diann231	Triqler	Triqler	0.2
0.9326	0.9911	P08373	4.0	1.94e-05	0.02092	0.9911	1.007	1.034	0.981	0.9955	0.9662	1.018	FNVWLEPEVR;EWQPVLTYGDLTR;FAIVAVGLR;DSIFKHEYQDR	False	False	Ecoli	False	True	False	diann231	Triqler	Triqler	0.2
0.9326	0.9912	P0A9G2	3.0	0.0001833	-0.01912	0.9912	1.011	0.9849	0.985	1.003	0.9974	1.019	GLEPSELGELVYR;ESNLLFDVGVADALSK;ESNLLFDVGVADALSKR	False	False	Ecoli	False	True	False	diann231	Triqler	Triqler	0.2
0.9326	0.9912	P0A6V1	8.0	5.456e-07	-0.02342	0.9912	0.9863	1.038	0.9547	1.026	0.9671	1.031	AKPAVHFGGK;DVGTLEAYWK;GTADAVTQNLDIIR;SEEGIVLVTR;SVALILAGGR;GTADAVTQNLDIIRR;YKAEYVVILAGDHIYK;MKGENWYR	False	False	Ecoli	False	True	False	diann231	Triqler	Triqler	0.2
0.9327	0.9912	P0A9J0	11.0	5.791e-07	-0.02161	0.9912	1.02	1.022	0.9355	0.9916	1.004	1.029	NLDDTIFNTNIEATQAIAR;QPIFDLFDVENEIQR;TAELLVNVTPSETR;YQLYGELALAQR;LTTDITLPSR;VAYIDGGILQEIHIER;TAAEGVGEAELASDAAYLKR;YLVFMPGASHVGVSQR;DISELVR;VLPGMQAAFVDIGLDK;VLHSLEQALSK	False	False	Ecoli	False	True	False	diann231	Triqler	Triqler	0.2
0.9327	0.9912	P0A972	7.0	4.734e-07	0.009687	0.9912	0.9785	1.064	0.9759	0.9796	0.9765	1.029	DVFVHFSAIQTNGFK;GFGFITPEDGSKDVFVHFSAIQTNGFK;TLAEGQRVEFEITNGAK;VEFEITNGAK;GFGFITPEDGSK;GNVKWFNESK;GPSAANVIAL	False	False	Ecoli	False	True	False	diann231	Triqler	Triqler	0.2
0.9327	0.9913	P77611	10.0	8.919e-07	-0.0535	0.9913	0.9683	0.9599	1.022	1.0	1.021	1.031	DKDAIAAALAR;KLEQQQANAEPEQQVDPR;AGERPDNSAIIAAR;AAVEAAIAR;KAAVEAAIAR;VVTLTGEAIARPGNVWAR;IHQFGVAGLGGAGFPTGVK;AVIDGEPITER;KAAVAAAIAR;AAVAAAIAR	False	False	Ecoli	False	True	False	diann231	Triqler	Triqler	0.2
0.9327	0.9913	P0A9Y6	7.0	5.92e-07	0.04305	0.9913	1.011	1.056	0.9768	0.9808	0.9643	1.014	DVFVHFSAIQGNGFK;TLAEGQNVEFEIQDGQK;WFNESKGFGFITPADGSK;GFGFITPADGSK;GFGFITPADGSKDVFVHFSAIQGNGFK;TLAEGQNVEFEIQDGQKGPAAVNVTAI;GPAAVNVTAI	False	False	Ecoli	False	True	False	diann231	Triqler	Triqler	0.2
0.9328	0.9913	P36680	6.0	1.557e-06	-0.01235	0.9913	1.01	1.025	0.9548	0.9963	0.9734	1.044	AAGSVLISAPR;LNLSLDSQLYPQISGHK;NVSELLDVFER;NVSELLDVFERGEVR;MQTQVLFEHPLNEK;TELLKELDR	False	False	Ecoli	False	True	False	diann231	Triqler	Triqler	0.2
0.9328	0.9915	P31802	5.0	8.013e-06	-0.003019	0.9915	0.9903	1.043	0.9681	1.022	0.9767	1.001	DSDPEVLLEAIR;VAATILFLQQR;ELDVLHELAQGLSNK;QIASVLNISEQTVK;SRVAATILFLQQR	False	False	Ecoli	False	True	False	diann231	Triqler	Triqler	0.2
0.9328	0.9916	P75913	5.0	8.7e-06	-0.02121	0.9916	0.9797	1.0	0.9966	1.042	0.9813	1.002	AVFALGAGVDSILSK;GVHVVEDDLLAALDSGK;VAQSLQTWR;LPDGAYLLNLAR;TIAQLEKGER	False	False	Ecoli	False	True	False	diann231	Triqler	Triqler	0.2
0.9329	0.9916	P76536	15.0	7.456e-08	-0.02625	0.9916	0.972	1.044	0.959	0.9835	1.006	1.039	ALSGGVGAEELKDFPGYGK;DGVDAGGSYVFVQR;EVAVIKDGVDAGGSYVFVQR;FPDAHLGAVVAFGNNTWR;FTKPVTGGYYFAPSLDK;LHNIEQQLLSMFGDTDGKR;EANEEIDGDERPETSHLTR;DLSGFVDGTENPAGEETRR;AAIWIEANVK;DLSGFVDGTENPAGEETR;ALSGGVGAEELK;EEIHGFR;TFADKLATFEAK;LATFEAK;DFPGYGKGLAPTTQFDVLIHILSLR	False	False	Ecoli	False	True	False	diann231	Triqler	Triqler	0.2
0.9329	0.9918	P0ADA3	8.0	8.975e-07	-0.03033	0.9918	0.9628	1.04	0.9669	1.029	1.009	0.9949	GYGNLIIIK;KGDTLFYIAWITGNDFR;VIETFGASEGGNK;VIETFGASEGGNKGIDIAGSK;VVYAGNALR;GQAIIATADGR;GSYSGSTYTVK;GIDIAGSKGQAIIATADGR	False	False	Ecoli	False	True	False	diann231	Triqler	Triqler	0.2
0.9329	0.9918	P33235	10.0	3.372e-07	0.01925	0.9918	0.9854	1.055	0.9775	1.004	0.9563	1.025	EYDAFITNQLR;ISFDNNQWQVTR;LTGVGAGASPNNLLDQR;NTLGQLALAFAEAFNTQHK;QLAAVPSSADPSR;SFNDAYASLVSDIGNK;LLNTGSLGGILTFR;TTVAYVDGTAGNIEIPEK;SEGLVNQFK;AGFDANGDAGEDFFAIGKPAVLQNTK	False	False	Ecoli	False	True	False	diann231	Triqler	Triqler	0.2
0.9329	0.9918	P0A7L8	5.0	2.993e-06	-0.002986	0.9918	0.9668	1.025	0.9978	0.9745	0.9943	1.044	FGGESVLAGSIIVR;RFGGESVLAGSIIVR;DHTLFAK;KFISIEAE;FEVKGPK	False	False	Ecoli	False	True	False	diann231	Triqler	Triqler	0.2
0.933	0.9919	P31433	5.0	5.218e-06	-0.01656	0.9919	1.009	1.02	0.9506	1.03	0.9803	1.012	GILEATASVSQTPQR;LQGPDWAVTDLDLSLR;SLTDFFAPLR;NADGSWQVENLR;FSAPSHIVLENVTFGR	False	False	Ecoli	False	True	False	diann231	Triqler	Triqler	0.2
0.933	0.992	P10384	14.0	1.034e-07	-0.02305	0.992	0.98	1.045	0.9518	1.01	0.9967	1.02	ATSTSGDTLFQK;AYSGEGAIADDAGNVSR;DASVDVGVSYMHGQSVK;IDFKGNYSSDLNR;INEGPYQFESEGK;LNNAWSFGLGFNAVYAR;TGIAFDDSPVPAQNR;SISIPDQDRFWLSAGTTYAFNK;HEGFKDAYR;SEVKIDFK;IAHLNGNQWGFGWNAGILYELDKNNR;IALGTTYYYDDNWTFR;ATSTSGDTLFQKHEGFK;AWLFGTNFNYAF	False	False	Ecoli	False	True	False	diann231	Triqler	Triqler	0.2
0.933	0.9921	P76268	16.0	6.947e-08	-0.007634	0.9921	0.9944	1.046	0.9538	0.9861	0.9867	1.036	EQGYGEDNEEQEEGLR;ETIHLGALDEDSIVYIHK;FSEERLQEYVAMLHTAAR;TITSTEALLPVLDQVR;VFGILQALGEEREIGITELSQR;EIGITELSQR;TLGYVAQEGESEK;VFGILQALGEER;ALQNVDLIR;LQEYVAMLHTAAR;NPLYSTAIGK;TLGYVAQEGESEKYSLTLK;ANADLDKQPDSVSSVLK;IDSMYNLR;LFELGAR;RNPLYSTAIGK	False	False	Ecoli	False	True	False	diann231	Triqler	Triqler	0.2
0.9331	0.9922	P0AGE9	11.0	1.085e-07	-0.02441	0.9922	0.9578	1.049	0.9723	0.9881	1.0	1.036	DSILEAIDAGIK;FAALEAAGVK;GTADEKFAALEAAGVK;SILIDKNTK;SLADIGEALK;VKLDEAGVR;EHVTKPVVGYIAGVTAPK;GGTTHLGLPVFNTVR;IGIQPGHIHKPGK;SGTLTYEAVK;MGHAGAIIAGGK	False	False	Ecoli	False	True	False	diann231	Triqler	Triqler	0.2
0.9331	0.9922	P0A6V8	9.0	7.838e-07	-0.03419	0.9922	0.997	1.022	0.951	1.007	0.9923	1.033	TKYALVGDVGGTNAR;TYSGLDYPSLEAVIR;VLSGPGLVNLYR;YALVGDVGGTNAR;EYVHDIPVYLIVHDNPGLLGSGAHLR;FKEYVHDIPVYLIVHDNPGLLGSGAHLR;VYLEEHKVEVK;LPENLKPK;AEIGHVSAER	False	False	Ecoli	False	True	False	diann231	Triqler	Triqler	0.2
0.9331	0.9923	P37617	13.0	3.171e-07	-0.02108	0.9923	0.9952	1.025	0.9588	0.9957	0.9752	1.053	LLSPFASFDESALTGESIPVER;LVTLEVLSEPGASAIDR;ALVGSGIEAQVNGER;NDDVLGVIALQDTLR;ATGDKVPAGATSVDR;LVVDADNDIR;GVILTGDNPR;TGTLTVGKPR;AAAAIAGELGLEFK;VTQVAFDK;GLVQMIELAR;GGAALEQLGR;ADAATAISELNALGVK	False	False	Ecoli	False	True	False	diann231	Triqler	Triqler	0.2
0.9332	0.9925	P0A722	7.0	7.543e-07	-0.03606	0.9925	0.9738	1.032	0.9549	1.005	1.005	1.031	AFTDFFAR;DNEIYQFASIGEVNQDLK;IGRDNEIYQFASIGEVNQDLK;TLDEVKPEIAELAETYPEVK;YAGEPTRVEIGDR;IRESVTIHR;EAITAIR	False	False	Ecoli	False	True	False	diann231	Triqler	Triqler	0.2
0.9332	0.9925	P0ACP1	9.0	7.466e-07	-0.002217	0.9925	1.03	1.016	0.946	0.9931	0.9862	1.032	EHNYHPNAVAAGLR;KFPAETVLYLGALPELSVSFLR;SIGLVIPDLENTSYTR;VLEIVLASLDEPR;WANDPFPIVALDR;TTASYVINGK;QVDAIIVSTSLPPEHPFYQR;EAAAQLFEK;MKLDEIAR	False	False	Ecoli	False	True	False	diann231	Triqler	Triqler	0.2
0.9332	0.9925	P00909	1.0	0.8682	-0.01258	0.9432	0.993	0.993	0.9673	1.063	0.993	0.993	ALSVGETLPAR	False	False	Ecoli	False	True	False	diann231	Triqler	Triqler	0.2
0.9332	0.9925	P12008	3.0	3.049e-05	0.01918	0.9925	0.9922	1.02	1.012	1.001	0.998	0.9769	AGNTIGQLFR;GVEIGDGFDVVALR;ILSGVFEGVTTGTSIGLLIENTDQR	False	False	Ecoli	False	True	False	diann231	Triqler	Triqler	0.2
0.9333	0.9925	P24183	28.0	1.232e-08	-0.04189	0.9925	0.9694	1.027	0.96	1.017	0.9913	1.037	EAIYHIEGDPDHPVSR;GAGLLDYVNSENR;GHSNIQGLTDLGLLSTSLPGYLTLPSEK;HALLNAIAQPEQFVEISETLAAAK;KGYIANTLTPNVGDANSQTPEYK;NNNDATLIVVDPR;SGTDITFLSGVLR;DDFAFEDGLFSGYDAEKR;ISWEEAFSR;AFLVNIEKA;QVDLQSYLEANTPK;EQFPYVGTTYR;LYEQDALR;ATLADQVNYWSNYPK;TASVADIYAPIR;FFVSLMK;AFLVNIEK;HYTNASLLVR;KEQFPYVGTTYR;KGQLLSSFAHLR;NDGEILAGIYHHLR;TTTFLYALGWTQHTVGAQNIR;LTEHFHTWTK;ADRDANFIEK;DANFIEKNEQGVTVNR;LKPLNVNGQQVETVGIPIHWGFEGVAR;LRYPEYR;DNSDPSGLGNTLGWAWAWPLNRR	False	False	Ecoli	False	True	False	diann231	Triqler	Triqler	0.2
0.9333	0.9926	P0AB26	5.0	5.374e-06	-0.02654	0.9926	0.9978	1.02	0.9569	1.021	1.001	1.004	DIGLPGVADAHIVLTNLTSQIGR;GIEVKPGEIVIPFTD;NYFNQQPAYVLR;ALPVFDKEK;EMEVVDATVQPEK	False	False	Ecoli	False	True	False	diann231	Triqler	Triqler	0.2
0.9333	0.9928	P0A786	10.0	1.029e-06	-0.04601	0.9928	0.9727	1.024	0.958	0.9948	1.025	1.027	LGASVVGFSDSANTSLGK;QALLALVLNR;VDEIATDVDKTPHAWYFQQAGNGIFAR;LKANPQPELLK;DDLNLVLATAAK;HIISINDLSRDDLNLVLATAAK;VLHPLPR;HIISINDLSR;LDPSEYANVK;TVHSLTQALAK	False	False	Ecoli	False	True	False	diann231	Triqler	Triqler	0.2
0.9334	0.9928	P0A9L3	9.0	2.484e-07	0.01659	0.9928	0.9865	1.065	0.9755	0.9819	0.9845	1.01	EGVNSTESGLQFR;HPAVPVDVVHR;KEGVNSTESGLQFR;LIDGTVFDSSVAR;VINQGEGAIPAR;VINQGEGAIPARTDR;WELTIPQELAYGER;FQAMAAEGVK;QRFQAMAAEGVK	False	False	Ecoli	False	True	False	diann231	Triqler	Triqler	0.2
0.9334	0.9929	P0AE12	10.0	1.259e-06	0.03274	0.9929	1.031	1.022	0.978	0.9978	0.9553	1.018	GSGLTPAQALDKLDALYEQSVVALR;DDHVLDAVLPPDIPIPSIAEVQR;FTHAGSYTTTITRPTLFR;LVSGRPGEEVK;TGTVVTTDDRNWELR;ESQAIGDYVLAHAYLR;TFNEPPFR;VDFSLAR;YVDEFVR;RVDFSLAR	False	False	Ecoli	False	True	False	diann231	Triqler	Triqler	0.2
0.9334	0.993	P0A794	8.0	2.791e-07	-0.03494	0.993	0.976	1.023	0.9615	1.033	0.985	1.023	AELLLGVNIDHIATLR;GTAYPDPVQAAFIAEQAGADGITVHLR;QEVTTEGGLDVAGQR;RQEVTTEGGLDVAGQR;TDAEQAQELAR;AATFAASLGLK;AIAAIPEMHELNIGHAIIGR;VNAGHGLTYHNVK	False	False	Ecoli	False	True	False	diann231	Triqler	Triqler	0.2
0.9334	0.993	P0ABG7	1.0	0.8211	0.01415	0.9611	0.9976	1.016	0.9976	0.9934	0.9976	0.9976	IAIGSGGLR	False	False	Ecoli	False	True	False	diann231	Triqler	Triqler	0.2
0.9335	0.993	P0A847	14.0	9.565e-08	-0.03354	0.993	0.9683	1.024	0.9662	1.019	0.986	1.039	AIEEGKLESFVTDFYQR;AYLHHLDR;GPILTDSGGFQVFSLGDIR;ITEQGVHFR;LNTIHNLR;NGHLFVTDGVVK;NALFGIIQGSVYEDLRDISVK;ERFDSLGNK;NALFGIIQGSVYEDLR;GPILTDSGGFQVFSLGDIRK;KITEQGVHFR;MKFELDTTDGR;GLVDIGFDGYAVGGLAVGEPK;NPINGDPIFLDPEK	False	False	Ecoli	False	True	False	diann231	Triqler	Triqler	0.2
0.9335	0.9931	P16456	8.0	9.993e-07	-0.01772	0.9931	0.9674	1.043	0.9736	1.007	0.9815	1.029	FVDPNLLVGNETR;LPGVEEYIK;ATAAEFGIELTAIGELVPAR;VLETILHSEQAK;LFLTKPLGIGVLTTAEK;LGAVPGGTER;LSPEIAR;MNIAGASFANIEGVK	False	False	Ecoli	False	True	False	diann231	Triqler	Triqler	0.2
0.9335	0.9932	P27248	6.0	1.496e-06	-0.0394	0.9932	0.9708	1.013	0.9741	0.9939	1.011	1.039	AATLFNDAQR;FTDAQGNQHEGIITSGTFSPTLGYSIALAR;VPEGIGETAIVQIR;VTKPVFVR;YLLANDVAK;TDAGMFDVSHMTIVDLR	False	False	Ecoli	False	True	False	diann231	Triqler	Triqler	0.2
0.9336	0.9932	P36879	7.0	1.996e-05	-0.005499	0.9932	0.9827	0.9848	1.02	1.02	1.005	0.9883	ANRLEELFVSLVNEK;LKSETFILDLAPK;LVDTATLEVEVLR;STTIGIISSLVNK;TIALELQQLKK;LEELFVSLVNEK;TIALELQQLK	False	False	Ecoli	False	True	False	diann231	Triqler	Triqler	0.2
0.9336	0.9933	P39874	1.0	0.8302	-0.01521	0.9603	0.9927	0.9975	0.9975	0.9975	0.9975	1.017	SAQLLEGEFLGRLR	False	False	Ecoli	False	True	False	diann231	Triqler	Triqler	0.2
0.9336	0.9933	P15043	1.0	0.8872	0.009645	0.9408	0.9928	1.078	0.9547	0.9928	0.9928	0.9928	FVVHFDIPR	False	False	Ecoli	False	True	False	diann231	Triqler	Triqler	0.2
0.9336	0.9934	P0A7U7	6.0	8.523e-07	-0.03842	0.9934	0.9649	1.011	0.9825	1.009	1.002	1.032	AFNEMQPIVDR;ANLTAQINK;HKANLTAQINK;KVYAAIEAGDK;VYAAIEAGDKAAAQK;VYAAIEAGDK	False	False	Ecoli	False	True	False	diann231	Triqler	Triqler	0.2
0.9337	0.9934	P36979	10.0	8.952e-07	0.02096	0.9934	1.026	1.039	0.9505	1.008	0.9799	1.0	INLIPWNPFPGAPYGR;VSEIIGQVWR;YNIETFLAAVR;YNIETFLAAVRR;INLLDLNR;DGKINLLDLNR;LKEVAEIR;EVAEIRAPEVVEEQR;VLMSYGFTTIVR;SEQLVTPENVTTK	False	False	Ecoli	False	True	False	diann231	Triqler	Triqler	0.2
0.9337	0.9935	P06710	7.0	4.489e-06	-0.03369	0.9935	0.9818	1.021	0.9641	1.02	1.013	1.001	FVDLIEIDAASR;FLLATTDPQKLPVTILSR;ALAFHPR;DLLDNVQYAPAR;ALDVEQIR;IHHAYLFSGTR;GSTVELTIVEDDNPAVR	False	False	Ecoli	False	True	False	diann231	Triqler	Triqler	0.2
0.9337	0.9937	P0ADE4	13.0	1.915e-07	-0.04666	0.9937	0.9862	0.9963	0.9679	1.034	0.9811	1.037	TDLNDTESDSTTLVASR;TENTIETGVGYSTDVGPR;VLPLTGVVSPR;VTPGVPVLIGGTDVVLR;LSATGWFNSVVVAPQFDK;SLTSIALRK;AQLSTIESDEVTPDRR;YWDLSSGWQR;LQVEGLSGQLEK;NPLEQYYLVQGGFKR;ALGYYQPTIEFDLRPPPK;AFWDIDYNSGER;AQLGIALGLHK	False	False	Ecoli	False	True	False	diann231	Triqler	Triqler	0.2
0.9338	0.9938	P0AG24	9.0	1.684e-06	0.02807	0.9938	0.9905	1.03	1.009	0.9805	0.9785	1.012	ETLEIYSPLAHR;TELEELGFEALYPNR;SDLFPDEIYVFTPEGR;SVAELVEGVSK;GADGVLITFAK;KLNEIPQENIQR;SVAELVEGVSKLDK;LLNHALGGSR;VYSAFIR	False	False	Ecoli	False	True	False	diann231	Triqler	Triqler	0.2
0.9338	0.9939	P0A9C9	13.0	1.778e-07	-0.01041	0.9939	0.9886	1.04	0.9612	1.013	0.975	1.024	ELAIEFSR;GTIDLNLPLADNLR;KGNIATTETLLIR;VTESAALAGYK;SDNVIFSATGITK;IGEQELAR;HDAVIAEMQQLGVR;GDLLEGISR;VGTGRGDAVDIAVDPIEGTR;GDAVDIAVDPIEGTR;SDNVIFSATGITKGDLLEGISR;LIVGPGAK;IQSIHYLDR	False	False	Ecoli	False	True	False	diann231	Triqler	Triqler	0.2
0.9338	0.994	P0AC33;P14407	9.0	5.287e-07	0.002227	0.994	0.9735	1.045	0.9847	0.9934	0.9779	1.027	DHPIYYAGPAK;EILAQLSQYPVSTR;EVNTGTNLPAQIDLYAVDGDEYK;GVYNTYIEDNLR;YFAHDIR;TYLYQETK;ALLTPGK;GGGSANKTYLYQETK;YVALQFLR	False	False		False	False	False	diann231	Triqler	Triqler	0.2
0.9338	0.994	P02931	17.0	3.903e-08	-0.01949	0.994	0.9779	1.044	0.962	1.009	0.999	1.011	AEQWATGLKYDANNIYLAANYGETR;AKDVEGIGDVDLVNYFEVGATYYFNK;FTNTSGFANK;KAEQWATGLK;NATPITNKFTNTSGFANK;NSNFFGLVDGLNFAVQYLGK;RSNGDGVGGSISYEYEGFGIVGAYGAADR;YADVGSFDYGR;YDANNIYLAANYGETR;TQDVLLVAQYQFDFGLRPSIAYTK;DGNKVDLYGK;AVGLHYFSK;GNGENSYGGNGDMTYAR;AEQWATGLK;SNGDGVGGSISYEYEGFGIVGAYGAADR;NMSTYVDYIINQIDSDNK;NSNFFGLVDGLNFAVQYLGKNER	False	False	Ecoli	False	True	False	diann231	Triqler	Triqler	0.2
0.9339	0.9941	P09424	7.0	1.808e-06	-0.006346	0.9941	0.9833	1.025	0.9857	1.025	0.9738	1.008	AWVEEHVGFVDSAVDR;FENPYLKDDVER;LIKPLLGTLEYGLPHK;NLIEGIAAAMHFR;ALHFGAGNIGR;LFTLNTGHAITAYLGK;KLFTLNTGHAITAYLGK	False	False	Ecoli	False	True	False	diann231	Triqler	Triqler	0.2
0.9339	0.9942	P25745	6.0	3.768e-06	-0.003552	0.9942	1.015	1.013	0.9653	1.027	0.9869	0.9934	AFLEFAAEDLGADYIATGHYVR;FKAFLEFAAEDLGADYIATGHYVR;KIAEDLGLVTAK;YLPAQPGK;EGTEEPWYVVDKDVENNILVVAQGHEHPR;FREFLGR	False	False	Ecoli	False	True	False	diann231	Triqler	Triqler	0.2
0.9339	0.9942	P75863	8.0	1.557e-06	-0.03657	0.9942	0.9755	1.005	0.977	1.021	1.007	1.016	HNTVPLSFADGYPYLLANEASLR;VGDEVEILATAPAK;FADFATQDAPTEVWGTHFTAR;VQLLEGEVTPLKK;TAQDNGDVDFGQNLIAR;FTPSPVHDGLHLTAPDGSSAYVR;GNNQQVLLEQLENQGIR;IAPDAINKWLSGFFSR	False	False	Ecoli	False	True	False	diann231	Triqler	Triqler	0.2
0.934	0.9942	P0A6S5	1.0	0.8523	-0.003497	0.9609	0.9973	0.9973	0.9973	1.015	0.9973	0.9962	ARNDQLFAEIDDLNGGQEALEER	False	False	Ecoli	False	True	False	diann231	Triqler	Triqler	0.2
0.934	0.9948	P00370	11.0	1.925e-07	-0.004857	0.9948	1.014	1.025	0.9555	0.995	0.9826	1.03	AANAGGVATSGLEMAQNAAR;FLGFEQTFK;HLGADTDVPAGDIGVGGR;VITASDSSGTVVDESGFTK;VSVSGSGNVAQYAIEK;RDPNQTEFAQAVR;DPNQTEFAQAVR;VQFSSAIGPYK;FHPSVNLSILK;EVMTTLWPFLEQNPK;QMSLLER	False	False	Ecoli	False	True	False	diann231	Triqler	Triqler	0.2
0.934	0.9949	P0ACF8	8.0	2.84e-07	-0.03072	0.9949	0.9765	1.026	0.9685	1.001	1.007	1.021	EEESAAAAEVEER;EMLIADGIDPNELLNSLAAVK;LEVVVNER;REEESAAAAEVEER;SLDDFLIK;YSYVDENGETK;YSYVDENGETKTWTGQGR;SLDDFLIKQ	False	False	Ecoli	False	True	False	diann231	Triqler	Triqler	0.2
0.934	0.995	P0AAC0	10.0	2.728e-07	-0.02128	0.995	1.025	0.9865	0.9688	1.04	0.9929	0.9888	ALVAVNLASEEPYHNALNEK;GLPEEVIPDLAEHLQAGIVVLGTVGR;LEAVIFTPTDWHLLR;TAWIHEQAK;YYLNAGVPIEIK;TGISAAFLGNTAEQVIDHLR;VVWHNRPFEAIIQEVISGGHDLVLK;DQPWPEGGK;IKAFLPIYDFSYEMTTLLSPDER;LEAVIFTPTDWHLLRK	False	False	Ecoli	False	True	False	diann231	Triqler	Triqler	0.2
0.9341	0.9951	P76545	1.0	0.8927	0.0254	0.9547	1.029	0.9965	0.9965	0.9856	0.9965	0.9965	YLDFAEDR	False	False	Ecoli	False	True	False	diann231	Triqler	Triqler	0.2
0.9341	0.9964	P0AC41	13.0	2.73e-07	-0.005936	0.9964	0.9955	1.009	0.9863	1.026	0.9775	1.006	AAGLHLQESIAEQGALR;DASESDVEASLDR;LDDTSSEFNTQR;LGGNSLLDLVVFGR;LPGILELSR;IYQRPFGGQSK;DASESDVEASLDRLNR;IYQSTTNAHINTGDGVGMAIR;NHTTIFSEWYALDLVK;LKLDHLGK;TGPEAILELEHMGLPFSR;TGHALLHTLYQQNLK;SIMIEIR	False	False	Ecoli	False	True	False	diann231	Triqler	Triqler	0.2
0.9342	1.0	P33219	1.0	1.0	0.0	1.0	1.0	1.0	1.0	1.0	1.0	1.0	DDKWSVPLTVR	False	False	Ecoli	False	True	False	diann231	Triqler	Triqler	0.2
0.9342	1.0	P39353	1.0	1.0	0.0	1.0	1.0	1.0	1.0	1.0	1.0	1.0	IDMQETAGSLR	False	False	Ecoli	False	True	False	diann231	Triqler	Triqler	0.2
0.9342	1.0	decoy_P00888;decoy_P0AB91	1.0	1.0	0.0	1.0	1.0	1.0	1.0	1.0	1.0	1.0	VPFEKYR	False	False		False	False	False	diann231	Triqler	Triqler	0.2
0.9342	1.0	decoy_P16687	1.0	1.0	0.0	1.0	1.0	1.0	1.0	1.0	1.0	1.0	ATAMALVQR	False	False		False	False	False	diann231	Triqler	Triqler	0.2
0.9342	1.0	decoy_P37686	1.0	1.0	0.0	1.0	1.0	1.0	1.0	1.0	1.0	1.0	EAEFAVLATNLDK	False	False		False	False	False	diann231	Triqler	Triqler	0.2
0.9342	1.0	decoy_P38135	1.0	1.0	0.0	1.0	1.0	1.0	1.0	1.0	1.0	1.0	PLDLILPLQNQLPQLQQIVGVHK	False	False		False	False	False	diann231	Triqler	Triqler	0.2
0.9342	1.0	decoy_P39452	1.0	1.0	0.0	1.0	1.0	1.0	1.0	1.0	1.0	1.0	AWIYAQR	False	False		False	False	False	diann231	Triqler	Triqler	0.2
