Protein.Group	pval	log2fc	-log10(p-value)	color	gene_names_	label	FC_pass	Bonf_pass	BH_thr	BH_pass	Organism	Human	Ecoli	Yeast	FDR_pass	Search Engine	Quantitation	Imputation	FC_thr
P08758ups|ANXA5_HUMAN_UPS	5.682904471021681e-10	3.280354249059343	9.245429644334795	up	Annexin	Annexin	True	True	2.57201646090535e-05	True		False	False	False	True	diann231	AlphaPeptStats	mean	1.660964047443681
P01579ups|IFNG_HUMAN_UPS	3.1877724731753512e-09	3.211359028419654	8.496512683879047	up	Interferon	Interferon	True	True	5.1440329218107e-05	True		False	False	False	True	diann231	AlphaPeptStats	mean	1.660964047443681
P06732ups|KCRM_HUMAN_UPS	4.481755922123503e-09	3.2057142765560016	8.348551798974832	up	Creatine	Creatine	True	True	7.71604938271605e-05	True		False	False	False	True	diann231	AlphaPeptStats	mean	1.660964047443681
O00762ups|UBE2C_HUMAN_UPS	1.0248899885173854e-08	3.2101655353116065	7.989322749187701	up	Ubiquitin-conjugating	Ubiquitin-conjugating	True	True	0.000102880658436214	True		False	False	False	True	diann231	AlphaPeptStats	mean	1.660964047443681
P05413ups|FABPH_HUMAN_UPS	1.6305680728228885e-08	3.068503645482746	7.7876610655889476	up	Fatty	Fatty	True	True	0.0001286008230452675	True		False	False	False	True	diann231	AlphaPeptStats	mean	1.660964047443681
P00918ups|CAH2_HUMAN_UPS	2.3135860721174278e-08	3.295295940666506	7.6357143388481985	up	Carbonic	Carbonic	True	True	0.000154320987654321	True		False	False	False	True	diann231	AlphaPeptStats	mean	1.660964047443681
P12081ups|SYHC_HUMAN_UPS	2.7409872073548312e-08	3.2610795820092484	7.562092991380666	up	Histidyl-tRNA	Histidyl-tRNA	True	True	0.0001800411522633745	True		False	False	False	True	diann231	AlphaPeptStats	mean	1.660964047443681
P01008ups|ANT3_HUMAN_UPS	2.8045827974176007e-08	3.1802896459823025	7.5521317341423275	up	Antithrombin-III	Antithrombin-III	True	True	0.000205761316872428	True		False	False	False	True	diann231	AlphaPeptStats	mean	1.660964047443681
Q06830ups|PRDX1_HUMAN_UPS	5.043975369322708e-08	3.198990841085987	7.297227042835147	up	Peroxiredoxin	Peroxiredoxin	True	True	0.0002314814814814815	True		False	False	False	True	diann231	AlphaPeptStats	mean	1.660964047443681
P02768ups|ALBU_HUMAN_UPS	7.341366285448041e-08	3.2697200550425016	7.134223106976034	up	Serum	Serum	True	True	0.000257201646090535	True		False	False	False	True	diann231	AlphaPeptStats	mean	1.660964047443681
P00915ups|CAH1_HUMAN_UPS	8.061288028857711e-08	3.273734132165149	7.0935955612800194	up	Carbonic	Carbonic	True	True	0.0002829218106995885	True		False	False	False	True	diann231	AlphaPeptStats	mean	1.660964047443681
P68871ups|HBB_HUMAN_UPS	8.582584638704194e-08	2.821142480265909	7.066381905007842	up	Hemoglobin	Hemoglobin	True	True	0.000308641975308642	True		False	False	False	True	diann231	AlphaPeptStats	mean	1.660964047443681
P63279ups|UBC9_HUMAN_UPS	1.3527925527799569e-07	3.1466126461099613	6.86876879622601	up	SUMO-conjugating	SUMO-conjugating	True	True	0.0003343621399176955	True		False	False	False	True	diann231	AlphaPeptStats	mean	1.660964047443681
P15559ups|NQO1_HUMAN_UPS	1.476486205149394e-07	3.173998424861452	6.830770606305055	up	NAD(P)H	NAD(P)H	True	True	0.000360082304526749	True		False	False	False	True	diann231	AlphaPeptStats	mean	1.660964047443681
P02788ups|TRFL_HUMAN_UPS	1.6347104421703395e-07	3.250326826066967	6.78655916318985	up	Lactotransferrin	Lactotransferrin	True	True	0.00038580246913580245	True		False	False	False	True	diann231	AlphaPeptStats	mean	1.660964047443681
P01112ups|RASH_HUMAN_UPS	1.6788521450481918e-07	3.1123815126187004	6.774987550090171	up	GTPase	GTPase	True	True	0.000411522633744856	True		False	False	False	True	diann231	AlphaPeptStats	mean	1.660964047443681
P10636-8ups|TAU_HUMAN_UPS	2.639161503597443e-07	3.4183209120283635	6.578534032297942	up	Microtubule-associated	Microtubule-associated	True	True	0.0004372427983539095	True		False	False	False	True	diann231	AlphaPeptStats	mean	1.660964047443681
P02787ups|TRFE_HUMAN_UPS	2.9073618573653543e-07	3.2986559923579826	6.536500911512406	up	Serotransferrin	Serotransferrin	True	True	0.000462962962962963	True		False	False	False	True	diann231	AlphaPeptStats	mean	1.660964047443681
P16083ups|NQO2_HUMAN_UPS	2.9234159607246356e-07	3.2342969639570676	6.534109386286471	up	Ribosyldihydronicotinamide	Ribosyldihydronicotinamide	True	True	0.0004886831275720165	True		False	False	False	True	diann231	AlphaPeptStats	mean	1.660964047443681
P61626ups|LYSC_HUMAN_UPS	3.0505434879151644e-07	3.0132818523409526	6.515622779415418	up	Lysozyme	Lysozyme	True	True	0.00051440329218107	True		False	False	False	True	diann231	AlphaPeptStats	mean	1.660964047443681
P69905ups|HBA_HUMAN_UPS	3.306786968340064e-07	3.2627870543016826	6.480593782544554	up	Hemoglobin	Hemoglobin	True	True	0.0005401234567901235	True		False	False	False	True	diann231	AlphaPeptStats	mean	1.660964047443681
P08263ups|GSTA1_HUMAN_UPS	3.4589792558242566e-07	3.070732719199551	6.461052042526856	up	Glutathione	Glutathione	True	True	0.000565843621399177	True		False	False	False	True	diann231	AlphaPeptStats	mean	1.660964047443681
P02144ups|MYG_HUMAN_UPS	3.7003767249981855e-07	3.1794181252578113	6.431754059376435	up	Myoglobin	Myoglobin	True	True	0.0005915637860082305	True		False	False	False	True	diann231	AlphaPeptStats	mean	1.660964047443681
Q15843ups|NEDD8_HUMAN_UPS	4.937031759373832e-07	3.04433644928568	6.306534079003592	up	NEDD8	NEDD8	True	True	0.000617283950617284	True		False	False	False	True	diann231	AlphaPeptStats	mean	1.660964047443681
P01127ups|PDGFB_HUMAN_UPS	5.015212770564355e-07	3.1469397926477285	6.299710637295241	up	Platelet-derived	Platelet-derived	True	True	0.0006430041152263374	True		False	False	False	True	diann231	AlphaPeptStats	mean	1.660964047443681
P06396ups|GELS_HUMAN_UPS	5.336827755008608e-07	3.1811925625894055	6.272716813733126	up	Gelsolin	Gelsolin	True	True	0.000668724279835391	True		False	False	False	True	diann231	AlphaPeptStats	mean	1.660964047443681
P62988ups|UBIQ_HUMAN_UPS	5.858845984119902e-07	2.8464696590020573	6.232187918467311	up	Ubiquitin	Ubiquitin	True	True	0.0006944444444444445	True		False	False	False	True	diann231	AlphaPeptStats	mean	1.660964047443681
O76070ups|SYUG_HUMAN_UPS	7.95149389872943e-07	3.1720459069401983	6.099551269956798	up	Gamma-synuclein	Gamma-synuclein	True	True	0.000720164609053498	True		False	False	False	True	diann231	AlphaPeptStats	mean	1.660964047443681
P55957ups|BID_HUMAN_UPS	8.225731773130046e-07	3.1640567539696427	6.084825456187014	up	BH3-interacting	BH3-interacting	True	True	0.0007458847736625515	True		False	False	False	True	diann231	AlphaPeptStats	mean	1.660964047443681
P41159ups|LEP_HUMAN_UPS	1.1215090905553672e-06	3.2985508951266347	5.9501972018295355	up	Leptin	Leptin	True	True	0.0007716049382716049	True		False	False	False	True	diann231	AlphaPeptStats	mean	1.660964047443681
P99999ups|CYC_HUMAN_UPS	1.2846989983814824e-06	3.017027540609476	5.89119861447653	up	Cytochrome	Cytochrome	True	True	0.0007973251028806584	True		False	False	False	True	diann231	AlphaPeptStats	mean	1.660964047443681
P04040ups|CATA_HUMAN_UPS	1.3385689880798665e-06	3.1492861831610774	5.873359240935539	up	Catalase	Catalase	True	True	0.000823045267489712	True		False	False	False	True	diann231	AlphaPeptStats	mean	1.660964047443681
P00167ups|CYB5_HUMAN_UPS	1.9500883361161695e-06	3.236662269839705	5.7099457152944675	up	Cytochrome	Cytochrome	True	True	0.0008487654320987655	True		False	False	False	True	diann231	AlphaPeptStats	mean	1.660964047443681
P0A972	3.962918590819757e-06	-0.4198002027279024	5.401984849169949	non_sig	cspE		False	True	0.000874485596707819	True	Ecoli	False	True	False	True	diann231	AlphaPeptStats	mean	1.660964047443681
P62937ups|PPIA_HUMAN_UPS	4.898925009832762e-06	3.5730396705350564	5.30989920844428	up	Peptidyl-prolyl	Peptidyl-prolyl	True	True	0.0009002057613168725	True		False	False	False	True	diann231	AlphaPeptStats	mean	1.660964047443681
P0AG55	1.355001652798328e-05	-0.13166675249729565	4.8680601750473205	non_sig	rplF		False	True	0.000925925925925926	True	Ecoli	False	True	False	True	diann231	AlphaPeptStats	mean	1.660964047443681
P01375ups|TNFA_HUMAN_UPS	2.4022798988869184e-05	3.1591937939372805	4.619376392661598	up	Tumor	Tumor	True	True	0.0009516460905349795	True		False	False	False	True	diann231	AlphaPeptStats	mean	1.660964047443681
P0A7W1	3.3631031498968314e-05	-0.3028191895778818	4.473259812214355	non_sig	rpsE		False	False	0.000977366255144033	True	Ecoli	False	True	False	True	diann231	AlphaPeptStats	mean	1.660964047443681
P60438	3.621292744213363e-05	-0.15152862197240324	4.441136365528896	non_sig	rplC		False	False	0.0010030864197530865	True	Ecoli	False	True	False	True	diann231	AlphaPeptStats	mean	1.660964047443681
P0A9B2	3.9519551488584094e-05	-0.11809350351387593	4.40318799290876	non_sig	gapA		False	False	0.00102880658436214	True	Ecoli	False	True	False	True	diann231	AlphaPeptStats	mean	1.660964047443681
P63165ups|SUMO1_HUMAN_UPS	4.235535036389679e-05	3.3673911835790413	4.373091721419492	up	Small	Small	True	False	0.0010545267489711935	True		False	False	False	True	diann231	AlphaPeptStats	mean	1.660964047443681
P0AA04	5.485004181804245e-05	-0.8263434908973721	4.260823036980097	non_sig	ptsH		False	False	0.001080246913580247	True	Ecoli	False	True	False	True	diann231	AlphaPeptStats	mean	1.660964047443681
P10145ups|IL8_HUMAN_UPS	5.556180192524421e-05	3.1783581981751468	4.2552236780982	up	Interleukin-8,	Interleukin-8,	True	False	0.0011059670781893003	True		False	False	False	True	diann231	AlphaPeptStats	mean	1.660964047443681
P25522	5.574183021737054e-05	-0.10576966575387203	4.253818775840592	non_sig	mnmE		False	False	0.001131687242798354	True	Ecoli	False	True	False	True	diann231	AlphaPeptStats	mean	1.660964047443681
P0C018	6.826563894974227e-05	-0.653114779140779	4.165797840528402	non_sig	rplR		False	False	0.0011574074074074073	True	Ecoli	False	True	False	True	diann231	AlphaPeptStats	mean	1.660964047443681
P77552	7.95798155912852e-05	0.09340803755085147	4.09919707157038	non_sig	ydhQ		False	False	0.001183127572016461	True	Ecoli	False	True	False	True	diann231	AlphaPeptStats	mean	1.660964047443681
P25746	0.00015047768000522857	0.1510368884699318	3.822527913156071	non_sig	hflD		False	False	0.0012088477366255144	True	Ecoli	False	True	False	True	diann231	AlphaPeptStats	mean	1.660964047443681
P33355	0.00026729272893234057	0.15645133993996296	3.5730128550388676	non_sig	yehS		False	False	0.001234567901234568	True	Ecoli	False	True	False	True	diann231	AlphaPeptStats	mean	1.660964047443681
P0AB71	0.00035680481529331046	-0.1551611337624088	3.447569293193891	non_sig	fbaA		False	False	0.0012602880658436214	True	Ecoli	False	True	False	True	diann231	AlphaPeptStats	mean	1.660964047443681
P69805	0.000474031384017957	-0.1750461549856368	3.3241929042022575	non_sig	manZ		False	False	0.001286008230452675	True	Ecoli	False	True	False	True	diann231	AlphaPeptStats	mean	1.660964047443681
P09211ups|GSTP1_HUMAN_UPS	0.0004794707673650756	3.4583716631442307	3.3192378659887223	up	Glutathione	Glutathione	True	False	0.0013117283950617286	True		False	False	False	True	diann231	AlphaPeptStats	mean	1.660964047443681
P69222	0.00048723295903588644	-0.27162640358166357	3.312263341386535	non_sig	infA		False	False	0.001337448559670782	True	Ecoli	False	True	False	True	diann231	AlphaPeptStats	mean	1.660964047443681
P0A905	0.0005750750005315191	-0.28068016403193496	3.240275511496688	non_sig	slyB		False	False	0.0013631687242798356	True	Ecoli	False	True	False	True	diann231	AlphaPeptStats	mean	1.660964047443681
P60560	0.000670612069197238	-0.10430312616410475	3.1735286347148426	non_sig	guaC		False	False	0.001388888888888889	True	Ecoli	False	True	False	True	diann231	AlphaPeptStats	mean	1.660964047443681
P04949	0.0007245061206205526	-0.13115762305452705	3.1399579412618146	non_sig	fliC		False	False	0.0014146090534979425	True	Ecoli	False	True	False	True	diann231	AlphaPeptStats	mean	1.660964047443681
P09372	0.0007438872689511589	0.193647544320946	3.1284928738384292	non_sig	grpE		False	False	0.001440329218106996	True	Ecoli	False	True	False	True	diann231	AlphaPeptStats	mean	1.660964047443681
P0AEK2	0.0007723549465632218	-0.1393467225967342	3.11218306766019	non_sig	fabG		False	False	0.0014660493827160495	True	Ecoli	False	True	False	True	diann231	AlphaPeptStats	mean	1.660964047443681
P0A6F9	0.0008586883340825688	-0.3068122268667004	3.0661644372736117	non_sig	groS		False	False	0.001491769547325103	True	Ecoli	False	True	False	True	diann231	AlphaPeptStats	mean	1.660964047443681
P06992	0.0009275625771855087	0.06441621849790735	3.0326567814330185	non_sig	rsmA		False	False	0.0015174897119341565	True	Ecoli	False	True	False	True	diann231	AlphaPeptStats	mean	1.660964047443681
P07012	0.0011146287307138934	0.044498566815068585	2.9528697667439383	non_sig	prfB		False	False	0.0015432098765432098	True	Ecoli	False	True	False	True	diann231	AlphaPeptStats	mean	1.660964047443681
P0A7U3	0.0011579399975531716	-0.1965561932170452	2.936313944414028	non_sig	rpsS		False	False	0.0015689300411522635	True	Ecoli	False	True	False	True	diann231	AlphaPeptStats	mean	1.660964047443681
P0AAI9	0.0012316767041968806	0.16329386802240364	2.909503272698246	non_sig	fabD		False	False	0.0015946502057613168	True	Ecoli	False	True	False	True	diann231	AlphaPeptStats	mean	1.660964047443681
P0AFZ3	0.001463039783502783	-0.061819386021767286	2.8347438642227303	non_sig	sspB		False	False	0.0016203703703703705	True	Ecoli	False	True	False	True	diann231	AlphaPeptStats	mean	1.660964047443681
P0A8A0	0.0014849613826939344	0.13879434747144614	2.8282848402868375	non_sig	yebC		False	False	0.001646090534979424	True	Ecoli	False	True	False	True	diann231	AlphaPeptStats	mean	1.660964047443681
P0A6N4	0.0015041390686717198	-0.17139577312531173	2.8227120081828163	non_sig	efp		False	False	0.0016718106995884773	True	Ecoli	False	True	False	True	diann231	AlphaPeptStats	mean	1.660964047443681
P28635	0.0015727925326038438	0.12203764148741314	2.8033285614757264	non_sig	metQ		False	False	0.001697530864197531	True	Ecoli	False	True	False	True	diann231	AlphaPeptStats	mean	1.660964047443681
P0A6P9	0.0015777992698522247	-0.13624446996905704	2.801948249251206	non_sig	eno		False	False	0.0017232510288065844	True	Ecoli	False	True	False	True	diann231	AlphaPeptStats	mean	1.660964047443681
P0A7Z4	0.001651214790443154	-0.07502024606488078	2.7821964299250492	non_sig	rpoA		False	False	0.001748971193415638	True	Ecoli	False	True	False	True	diann231	AlphaPeptStats	mean	1.660964047443681
P0AG67	0.0016641656440239485	-0.1603938228627193	2.7788034480541737	non_sig	rpsA		False	False	0.0017746913580246914	True	Ecoli	False	True	False	True	diann231	AlphaPeptStats	mean	1.660964047443681
P38489	0.0018068940115163552	0.09332804749800161	2.7430673214642933	non_sig	nfnB		False	False	0.001800411522633745	False	Ecoli	False	True	False	False	diann231	AlphaPeptStats	mean	1.660964047443681
P0A9C0	0.001922595362840303	-0.09524855046330316	2.7161121095092744	non_sig	glpA		False	False	0.0018261316872427984	False	Ecoli	False	True	False	False	diann231	AlphaPeptStats	mean	1.660964047443681
P15288	0.0021557406048084097	-0.07389708767292547	2.6664034979740547	non_sig	pepD		False	False	0.001851851851851852	False	Ecoli	False	True	False	False	diann231	AlphaPeptStats	mean	1.660964047443681
P0A7S3	0.0021941504942255825	-0.3908882866340484	2.6587335879872716	non_sig	rpsL		False	False	0.0018775720164609054	False	Ecoli	False	True	False	False	diann231	AlphaPeptStats	mean	1.660964047443681
P0A855	0.002393664696957503	-0.13892389463176258	2.620936685366468	non_sig	tolB		False	False	0.001903292181069959	False	Ecoli	False	True	False	False	diann231	AlphaPeptStats	mean	1.660964047443681
P0A7L8	0.002500888849565288	-0.17237616097409614	2.601905609786151	non_sig	rpmA		False	False	0.0019290123456790122	False	Ecoli	False	True	False	False	diann231	AlphaPeptStats	mean	1.660964047443681
P21420	0.0025404332260010607	-0.06927886869839739	2.5950922158138665	non_sig	nmpC		False	False	0.001954732510288066	False	Ecoli	False	True	False	False	diann231	AlphaPeptStats	mean	1.660964047443681
P11557	0.0025799220620763086	-0.16113197753919195	2.5883934136187268	non_sig	damX		False	False	0.0019804526748971193	False	Ecoli	False	True	False	False	diann231	AlphaPeptStats	mean	1.660964047443681
P65556	0.002729696327917936	-0.19832995400134124	2.563885664477601	non_sig	yfcD		False	False	0.002006172839506173	False	Ecoli	False	True	False	False	diann231	AlphaPeptStats	mean	1.660964047443681
P0A9L5	0.002820101308265928	-0.2117290057519483	2.549735289967668	non_sig	ppiC		False	False	0.0020318930041152263	False	Ecoli	False	True	False	False	diann231	AlphaPeptStats	mean	1.660964047443681
P0A7R5	0.0028945198589297974	-0.15266579660644553	2.538423466448174	non_sig	rpsJ		False	False	0.00205761316872428	False	Ecoli	False	True	False	False	diann231	AlphaPeptStats	mean	1.660964047443681
P0AFK9	0.0029208003083952966	0.137965168374663	2.5344981342029578	non_sig	potD		False	False	0.0020833333333333333	False	Ecoli	False	True	False	False	diann231	AlphaPeptStats	mean	1.660964047443681
P45464	0.002924288042983514	-0.07384212595846051	2.5339798515099625	non_sig	lpoA		False	False	0.002109053497942387	False	Ecoli	False	True	False	False	diann231	AlphaPeptStats	mean	1.660964047443681
P64588	0.0033153090279723642	0.2726719241710711	2.479475983733423	non_sig	yqjI		False	False	0.0021347736625514403	False	Ecoli	False	True	False	False	diann231	AlphaPeptStats	mean	1.660964047443681
P0ACF8	0.0033281844547013552	-0.1385273137693659	2.477792612237367	non_sig	hns		False	False	0.002160493827160494	False	Ecoli	False	True	False	False	diann231	AlphaPeptStats	mean	1.660964047443681
P0A799	0.003347258151969602	-0.09727779839407447	2.475310792078293	non_sig	pgk		False	False	0.0021862139917695473	False	Ecoli	False	True	False	False	diann231	AlphaPeptStats	mean	1.660964047443681
P0AA25	0.0033730186580363496	0.08851615120376266	2.4719812564805825	non_sig	trxA		False	False	0.0022119341563786006	False	Ecoli	False	True	False	False	diann231	AlphaPeptStats	mean	1.660964047443681
P61889	0.0033979418185505375	-0.08379257787562722	2.468784061634947	non_sig	mdh		False	False	0.002237654320987655	False	Ecoli	False	True	False	False	diann231	AlphaPeptStats	mean	1.660964047443681
P0ADG7	0.003483897452497783	-0.07535017380087083	2.457934636807253	non_sig	guaB		False	False	0.002263374485596708	False	Ecoli	False	True	False	False	diann231	AlphaPeptStats	mean	1.660964047443681
P60422	0.00353592912194837	-0.08499255609983791	2.4514964490478848	non_sig	rplB		False	False	0.0022890946502057614	False	Ecoli	False	True	False	False	diann231	AlphaPeptStats	mean	1.660964047443681
P16659	0.0035387651453290714	0.05473863671951307	2.4511482589143667	non_sig	proS		False	False	0.0023148148148148147	False	Ecoli	False	True	False	False	diann231	AlphaPeptStats	mean	1.660964047443681
P77213	0.0037004905806908885	-0.4457041717748851	2.431740696915784	non_sig	ybdK		False	False	0.0023405349794238684	False	Ecoli	False	True	False	False	diann231	AlphaPeptStats	mean	1.660964047443681
P09373	0.003768075836638074	-0.07873619666932186	2.4238803651408354	non_sig	pflB		False	False	0.002366255144032922	False	Ecoli	False	True	False	False	diann231	AlphaPeptStats	mean	1.660964047443681
P0AC59	0.0037825976928275123	-0.16905008316930648	2.4222098466734416	non_sig	grxB		False	False	0.0023919753086419754	False	Ecoli	False	True	False	False	diann231	AlphaPeptStats	mean	1.660964047443681
P64476	0.003911409293622735	0.1329253772180401	2.4076667366785687	non_sig	ydiH		False	False	0.0024176954732510287	False	Ecoli	False	True	False	False	diann231	AlphaPeptStats	mean	1.660964047443681
P0A784	0.003997692212223676	-0.09252295427132395	2.398190645855336	non_sig	orn		False	False	0.0024434156378600825	False	Ecoli	False	True	False	False	diann231	AlphaPeptStats	mean	1.660964047443681
P0A9Q7	0.004286877556835289	-0.0849328702993084	2.367858920769795	non_sig	adhE		False	False	0.002469135802469136	False	Ecoli	False	True	False	False	diann231	AlphaPeptStats	mean	1.660964047443681
P0ABH0	0.004391829075203194	-0.10999300150750102	2.357354570456999	non_sig	ftsA		False	False	0.0024948559670781895	False	Ecoli	False	True	False	False	diann231	AlphaPeptStats	mean	1.660964047443681
P0CB39	0.0044107888769226765	-0.15772254872096525	2.3554837292952304	non_sig	eptC		False	False	0.0025205761316872428	False	Ecoli	False	True	False	False	diann231	AlphaPeptStats	mean	1.660964047443681
P61714	0.004430375204078413	-0.037945368033760474	2.3535594922508243	non_sig	ribE		False	False	0.0025462962962962965	False	Ecoli	False	True	False	False	diann231	AlphaPeptStats	mean	1.660964047443681
P25714	0.004516989966640508	-0.23605485989540753	2.3451508741137226	non_sig	yidC		False	False	0.00257201646090535	False	Ecoli	False	True	False	False	diann231	AlphaPeptStats	mean	1.660964047443681
P0A8F0	0.0047656675630452896	-0.0876624761680489	2.321876255856636	non_sig	upp		False	False	0.0025977366255144035	False	Ecoli	False	True	False	False	diann231	AlphaPeptStats	mean	1.660964047443681
P75937	0.004996695349367161	0.12422161824991917	2.301317128868822	non_sig	flgE		False	False	0.0026234567901234573	False	Ecoli	False	True	False	False	diann231	AlphaPeptStats	mean	1.660964047443681
P0AF70	0.005002724999764278	-0.16118537101993624	2.300793369666542	non_sig	yjeI		False	False	0.0026491769547325105	False	Ecoli	False	True	False	False	diann231	AlphaPeptStats	mean	1.660964047443681
P0AED0	0.0052502487323841	-0.27259361117558356	2.2798201212525138	non_sig	uspA		False	False	0.002674897119341564	False	Ecoli	False	True	False	False	diann231	AlphaPeptStats	mean	1.660964047443681
P37747	0.005341570600462303	-0.26780679332992463	2.272331027086864	non_sig	glf		False	False	0.002700617283950617	False	Ecoli	False	True	False	False	diann231	AlphaPeptStats	mean	1.660964047443681
P06996	0.005381403387296434	-0.13677591076008966	2.2691044522369643	non_sig	ompC		False	False	0.0027263374485596713	False	Ecoli	False	True	False	False	diann231	AlphaPeptStats	mean	1.660964047443681
P0ABU9	0.005471343506385607	-0.10289366745497475	2.2619060181334047	non_sig	tolQ		False	False	0.0027520576131687246	False	Ecoli	False	True	False	False	diann231	AlphaPeptStats	mean	1.660964047443681
P33599	0.00557378612919253	0.03242790392646455	2.253849699543328	non_sig	nuoC		False	False	0.002777777777777778	False	Ecoli	False	True	False	False	diann231	AlphaPeptStats	mean	1.660964047443681
P0ABD3	0.0056000534116353706	0.10165215809658434	2.251807830803105	non_sig	bfr		False	False	0.002803497942386831	False	Ecoli	False	True	False	False	diann231	AlphaPeptStats	mean	1.660964047443681
P0A953	0.00593633244672441	-0.08808149374820573	2.2264817856712327	non_sig	fabB		False	False	0.002829218106995885	False	Ecoli	False	True	False	False	diann231	AlphaPeptStats	mean	1.660964047443681
P0AB80	0.005952500740301518	0.12600617910183942	2.225300541910677	non_sig	ilvE		False	False	0.0028549382716049386	False	Ecoli	False	True	False	False	diann231	AlphaPeptStats	mean	1.660964047443681
P69811	0.006104615527450943	-0.08895172523549633	2.214341682999109	non_sig	fruB		False	False	0.002880658436213992	False	Ecoli	False	True	False	False	diann231	AlphaPeptStats	mean	1.660964047443681
P29744	0.006289014676739171	-0.0906035502347855	2.201417391752706	non_sig	flgL		False	False	0.0029063786008230457	False	Ecoli	False	True	False	False	diann231	AlphaPeptStats	mean	1.660964047443681
P00963	0.006298603274342577	-0.08686511502522976	2.200755745387208	non_sig	asnA		False	False	0.002932098765432099	False	Ecoli	False	True	False	False	diann231	AlphaPeptStats	mean	1.660964047443681
P30177	0.006327893886077943	0.08155833151001346	2.1987408122343375	non_sig	ybiB		False	False	0.0029578189300411522	False	Ecoli	False	True	False	False	diann231	AlphaPeptStats	mean	1.660964047443681
P09029	0.0064391711934165975	0.2311041555032567	2.1911700284926194	non_sig	purK		False	False	0.002983539094650206	False	Ecoli	False	True	False	False	diann231	AlphaPeptStats	mean	1.660964047443681
P18133	0.006812705616423078	-0.06615160997651515	2.166680376938369	non_sig	pncB		False	False	0.0030092592592592597	False	Ecoli	False	True	False	False	diann231	AlphaPeptStats	mean	1.660964047443681
P33030	0.007046705415290431	0.17382878482674968	2.152013883630864	non_sig	yeiR		False	False	0.003034979423868313	False	Ecoli	False	True	False	False	diann231	AlphaPeptStats	mean	1.660964047443681
P0A7J0	0.0071025351731027805	0.08930853795654059	2.1485866068909645	non_sig	ribB		False	False	0.0030606995884773663	False	Ecoli	False	True	False	False	diann231	AlphaPeptStats	mean	1.660964047443681
P24186	0.007127857736516269	-0.07204676195750892	2.147040976881188	non_sig	folD		False	False	0.0030864197530864196	False	Ecoli	False	True	False	False	diann231	AlphaPeptStats	mean	1.660964047443681
P0AEZ3	0.007428242142670712	-0.061747386575270014	2.1291139477551293	non_sig	minD		False	False	0.0031121399176954737	False	Ecoli	False	True	False	False	diann231	AlphaPeptStats	mean	1.660964047443681
P0A932	0.007591088252344496	-0.08649107355473973	2.119695959531508	non_sig	gfcE		False	False	0.003137860082304527	False	Ecoli	False	True	False	False	diann231	AlphaPeptStats	mean	1.660964047443681
P22634	0.007797140834053497	-0.5320818298922418	2.108064621364817	non_sig	murI		False	False	0.0031635802469135803	False	Ecoli	False	True	False	False	diann231	AlphaPeptStats	mean	1.660964047443681
P18390	0.007817562044776809	-0.15135286495464229	2.10692866325455	non_sig	yjjA		False	False	0.0031893004115226336	False	Ecoli	False	True	False	False	diann231	AlphaPeptStats	mean	1.660964047443681
P06986	0.007925149446710963	0.044736107405057624	2.100992539423151	non_sig	hisC		False	False	0.0032150205761316874	False	Ecoli	False	True	False	False	diann231	AlphaPeptStats	mean	1.660964047443681
P45795	0.008167991994849702	0.23629493085564235	2.08788469655708	non_sig	yrdB		False	False	0.003240740740740741	False	Ecoli	False	True	False	False	diann231	AlphaPeptStats	mean	1.660964047443681
P0ADV1	0.008240830902043044	-0.16110395833752378	2.084028997285945	non_sig	lptA		False	False	0.0032664609053497944	False	Ecoli	False	True	False	False	diann231	AlphaPeptStats	mean	1.660964047443681
P0AEI1	0.008303644047449708	0.04837760740897323	2.080731276010759	non_sig	miaB		False	False	0.003292181069958848	False	Ecoli	False	True	False	False	diann231	AlphaPeptStats	mean	1.660964047443681
P23839	0.008463269792953032	-0.1635342669681492	2.0724618144217732	non_sig	yicC		False	False	0.0033179012345679014	False	Ecoli	False	True	False	False	diann231	AlphaPeptStats	mean	1.660964047443681
P06983	0.008816367748309496	-0.07642578383110887	2.0547103028241227	non_sig	hemC		False	False	0.0033436213991769547	False	Ecoli	False	True	False	False	diann231	AlphaPeptStats	mean	1.660964047443681
P68919	0.00883044467698455	-0.15212176271083777	2.0540174259923045	non_sig	rplY		False	False	0.0033693415637860084	False	Ecoli	False	True	False	False	diann231	AlphaPeptStats	mean	1.660964047443681
P0AG96	0.008922623044332943	-0.2165816147464028	2.0495074543438494	non_sig	secE		False	False	0.003395061728395062	False	Ecoli	False	True	False	False	diann231	AlphaPeptStats	mean	1.660964047443681
P00363	0.008945413943398935	-0.09860293913639495	2.0483995579278584	non_sig	frdA		False	False	0.0034207818930041154	False	Ecoli	False	True	False	False	diann231	AlphaPeptStats	mean	1.660964047443681
P10378	0.009133823464337259	0.5902783300473473	2.0393473865548444	non_sig	entE		False	False	0.0034465020576131687	False	Ecoli	False	True	False	False	diann231	AlphaPeptStats	mean	1.660964047443681
P05719	0.009548762432280367	-0.10923039607152063	2.020052911521955	non_sig	hsdS		False	False	0.003472222222222222	False	Ecoli	False	True	False	False	diann231	AlphaPeptStats	mean	1.660964047443681
P25745	0.009859207761747417	-0.10219472846961253	2.0061579814608947	non_sig	mnmA		False	False	0.003497942386831276	False	Ecoli	False	True	False	False	diann231	AlphaPeptStats	mean	1.660964047443681
P33643	0.010108508239140087	-0.19172717200675393	1.9953129305921429	non_sig	rluD		False	False	0.0035236625514403295	False	Ecoli	False	True	False	False	diann231	AlphaPeptStats	mean	1.660964047443681
P0A991	0.010617205871553858	-0.03616586445148684	1.9739897614303352	non_sig	fbaB		False	False	0.0035493827160493828	False	Ecoli	False	True	False	False	diann231	AlphaPeptStats	mean	1.660964047443681
P33225	0.010935771878592316	-0.24606406221592536	1.9611505577765436	non_sig	torA		False	False	0.0035751028806584365	False	Ecoli	False	True	False	False	diann231	AlphaPeptStats	mean	1.660964047443681
P0ADE8	0.011014777296060293	0.092342536757414	1.9580242792730749	non_sig	ygfZ		False	False	0.00360082304526749	False	Ecoli	False	True	False	False	diann231	AlphaPeptStats	mean	1.660964047443681
P0A9P6	0.011243539165016412	0.03313981159938706	1.9490969629749384	non_sig	deaD		False	False	0.0036265432098765435	False	Ecoli	False	True	False	False	diann231	AlphaPeptStats	mean	1.660964047443681
P33898	0.011282496183318192	-0.07107755885233757	1.9475948047224303	non_sig	gapC		False	False	0.003652263374485597	False	Ecoli	False	True	False	False	diann231	AlphaPeptStats	mean	1.660964047443681
P07118	0.011446753622882888	0.04337718842209526	1.94131766472807	non_sig	valS		False	False	0.0036779835390946506	False	Ecoli	False	True	False	False	diann231	AlphaPeptStats	mean	1.660964047443681
P0A8A8	0.011571304374626926	-0.24743489413954833	1.936617682468022	non_sig	rimP		False	False	0.003703703703703704	False	Ecoli	False	True	False	False	diann231	AlphaPeptStats	mean	1.660964047443681
P15034	0.01175114320906383	-0.07175552391715101	1.9299198810316633	non_sig	pepP		False	False	0.003729423868312757	False	Ecoli	False	True	False	False	diann231	AlphaPeptStats	mean	1.660964047443681
P0AG99	0.01178685507932442	0.055626912314988175	1.9286020561339792	non_sig	secG		False	False	0.003755144032921811	False	Ecoli	False	True	False	False	diann231	AlphaPeptStats	mean	1.660964047443681
P0A9S5	0.011791690659924707	0.07040742977611458	1.9284239225014668	non_sig	gldA		False	False	0.0037808641975308646	False	Ecoli	False	True	False	False	diann231	AlphaPeptStats	mean	1.660964047443681
P0AET2	0.011860698211552976	0.1444079801578333	1.9258897443192031	non_sig	hdeB		False	False	0.003806584362139918	False	Ecoli	False	True	False	False	diann231	AlphaPeptStats	mean	1.660964047443681
P0AC92	0.011954125677087268	0.06385884900418759	1.9224821826182323	non_sig	gnsA		False	False	0.003832304526748971	False	Ecoli	False	True	False	False	diann231	AlphaPeptStats	mean	1.660964047443681
P39173	0.012045571439250754	0.1283957408623131	1.919172592342548	non_sig	yeaD		False	False	0.0038580246913580245	False	Ecoli	False	True	False	False	diann231	AlphaPeptStats	mean	1.660964047443681
P0A9C3	0.012174908184916174	0.05511556408246321	1.9145343052619617	non_sig	galM		False	False	0.0038837448559670786	False	Ecoli	False	True	False	False	diann231	AlphaPeptStats	mean	1.660964047443681
P31057	0.012413374191280154	-0.09133919523004863	1.9061101529513098	non_sig	panB		False	False	0.003909465020576132	False	Ecoli	False	True	False	False	diann231	AlphaPeptStats	mean	1.660964047443681
P40874	0.012503140784665915	0.05858088196965383	1.9029808786628601	non_sig	solA		False	False	0.003935185185185186	False	Ecoli	False	True	False	False	diann231	AlphaPeptStats	mean	1.660964047443681
P0AF61	0.01253304963033729	-0.34563732379763934	1.901943240539889	non_sig	yjdK		False	False	0.0039609053497942385	False	Ecoli	False	True	False	False	diann231	AlphaPeptStats	mean	1.660964047443681
P0A915	0.012760431569400044	-0.13188615052103358	1.8941346371321397	non_sig	ompW		False	False	0.003986625514403292	False	Ecoli	False	True	False	False	diann231	AlphaPeptStats	mean	1.660964047443681
P0ADK0	0.012765092415769523	0.10522190742270965	1.8939760366753629	non_sig	yiaF		False	False	0.004012345679012346	False	Ecoli	False	True	False	False	diann231	AlphaPeptStats	mean	1.660964047443681
P08373	0.013000825255804765	0.10270195898377565	1.8860290790264949	non_sig	murB		False	False	0.0040380658436214	False	Ecoli	False	True	False	False	diann231	AlphaPeptStats	mean	1.660964047443681
P75823	0.013540538436333033	0.043664558336761417	1.8683640656893579	non_sig	ltaE		False	False	0.0040637860082304526	False	Ecoli	False	True	False	False	diann231	AlphaPeptStats	mean	1.660964047443681
P0A850	0.013603709052860324	-0.08065278671137577	1.86634266504338	non_sig	tig		False	False	0.004089506172839506	False	Ecoli	False	True	False	False	diann231	AlphaPeptStats	mean	1.660964047443681
P0A6M8	0.013823726702591617	-0.04219876659232469	1.8593748608554632	non_sig	fusA		False	False	0.00411522633744856	False	Ecoli	False	True	False	False	diann231	AlphaPeptStats	mean	1.660964047443681
P18775	0.014263738045891273	0.05999797688495789	1.8457666455946604	non_sig	dmsA		False	False	0.004140946502057614	False	Ecoli	False	True	False	False	diann231	AlphaPeptStats	mean	1.660964047443681
P03023	0.01465665482014321	0.39584864914422724	1.8339651401266912	non_sig	lacI		False	False	0.004166666666666667	False	Ecoli	False	True	False	False	diann231	AlphaPeptStats	mean	1.660964047443681
P0A927	0.014760539868486898	-0.02320238127544627	1.8308977578505772	non_sig	tsx		False	False	0.00419238683127572	False	Ecoli	False	True	False	False	diann231	AlphaPeptStats	mean	1.660964047443681
P21365	0.014906079258034608	0.42970125233342316	1.8266365738856176	non_sig	yciC		False	False	0.004218106995884774	False	Ecoli	False	True	False	False	diann231	AlphaPeptStats	mean	1.660964047443681
P0A7Z0	0.014969199473984904	0.04563022563217345	1.8248014243280923	non_sig	rpiA		False	False	0.004243827160493827	False	Ecoli	False	True	False	False	diann231	AlphaPeptStats	mean	1.660964047443681
P0AAI3	0.015121821759031142	-0.0688766688307112	1.8203958852742912	non_sig	ftsH		False	False	0.004269547325102881	False	Ecoli	False	True	False	False	diann231	AlphaPeptStats	mean	1.660964047443681
P0ACY1	0.015193487734547123	-0.05077458716357697	1.8183425204096786	non_sig	ydjA		False	False	0.004295267489711934	False	Ecoli	False	True	False	False	diann231	AlphaPeptStats	mean	1.660964047443681
P0ABB4	0.01519566515925961	-0.06950257868647114	1.8182802848125026	non_sig	atpD		False	False	0.004320987654320988	False	Ecoli	False	True	False	False	diann231	AlphaPeptStats	mean	1.660964047443681
P0A6P5	0.015249445855242997	0.04666712511362192	1.8167459377193436	non_sig	der		False	False	0.004346707818930042	False	Ecoli	False	True	False	False	diann231	AlphaPeptStats	mean	1.660964047443681
P0A715	0.01532329033127484	0.03870571626844921	1.8146479697370004	non_sig	kdsA		False	False	0.004372427983539095	False	Ecoli	False	True	False	False	diann231	AlphaPeptStats	mean	1.660964047443681
P37631	0.015673977168818784	-0.10360504885368016	1.8048207901738922	non_sig	yhiN		False	False	0.004398148148148148	False	Ecoli	False	True	False	False	diann231	AlphaPeptStats	mean	1.660964047443681
P0A7L0	0.01647855426276534	-0.09688954519305781	1.7830808935640037	non_sig	rplA		False	False	0.004423868312757201	False	Ecoli	False	True	False	False	diann231	AlphaPeptStats	mean	1.660964047443681
P08390	0.016558338206030226	-0.07055848880221305	1.7809832511359942	non_sig	usg		False	False	0.004449588477366255	False	Ecoli	False	True	False	False	diann231	AlphaPeptStats	mean	1.660964047443681
P0C0S1	0.01658321730940291	-0.06003875058192776	1.780331208154241	non_sig	mscS		False	False	0.00447530864197531	False	Ecoli	False	True	False	False	diann231	AlphaPeptStats	mean	1.660964047443681
P0AEG4	0.017074802358159603	0.1960306864132768	1.767644314601478	non_sig	dsbA		False	False	0.0045010288065843625	False	Ecoli	False	True	False	False	diann231	AlphaPeptStats	mean	1.660964047443681
P0AED5	0.01708964971177195	-0.17219253242257793	1.76726683896467	non_sig	uvrY		False	False	0.004526748971193416	False	Ecoli	False	True	False	False	diann231	AlphaPeptStats	mean	1.660964047443681
P0AB18	0.017096115410420772	-0.2007230693282267	1.7671025590506018	non_sig	tusE		False	False	0.004552469135802469	False	Ecoli	False	True	False	False	diann231	AlphaPeptStats	mean	1.660964047443681
P0AEU7	0.017446361467693693	-0.10446653670983608	1.7582951337059718	non_sig	skp		False	False	0.004578189300411523	False	Ecoli	False	True	False	False	diann231	AlphaPeptStats	mean	1.660964047443681
P0AFI0	0.01755859368953013	0.238591058900262	1.7555102707382644	non_sig	oxc		False	False	0.0046039094650205765	False	Ecoli	False	True	False	False	diann231	AlphaPeptStats	mean	1.660964047443681
P15254	0.017575183860291277	-0.06331577082566753	1.7551001229742964	non_sig	purL		False	False	0.004629629629629629	False	Ecoli	False	True	False	False	diann231	AlphaPeptStats	mean	1.660964047443681
P0A800	0.017604672092774103	-0.0808762136096739	1.7543720597517085	non_sig	rpoZ		False	False	0.004655349794238683	False	Ecoli	False	True	False	False	diann231	AlphaPeptStats	mean	1.660964047443681
P62672	0.017625504003044728	-0.2656504646994975	1.7538584554649819	non_sig	apaG		False	False	0.004681069958847737	False	Ecoli	False	True	False	False	diann231	AlphaPeptStats	mean	1.660964047443681
P00960	0.017646677732124732	0.1574283175819673	1.7533370454272152	non_sig	glyQ		False	False	0.0047067901234567906	False	Ecoli	False	True	False	False	diann231	AlphaPeptStats	mean	1.660964047443681
P67338	0.018251179254224637	0.21402509550976134	1.7387090694509735	non_sig	yoaH		False	False	0.004732510288065844	False	Ecoli	False	True	False	False	diann231	AlphaPeptStats	mean	1.660964047443681
P0A7G2	0.018333729910822723	-0.06833135054102968	1.736749170886191	non_sig	rbfA		False	False	0.004758230452674897	False	Ecoli	False	True	False	False	diann231	AlphaPeptStats	mean	1.660964047443681
P28905	0.018366047288049057	-0.14476785479855536	1.735984301816238	non_sig	holC		False	False	0.004783950617283951	False	Ecoli	False	True	False	False	diann231	AlphaPeptStats	mean	1.660964047443681
P02413	0.018367392026190647	-0.11113028484550469	1.7359525045020925	non_sig	rplO		False	False	0.004809670781893004	False	Ecoli	False	True	False	False	diann231	AlphaPeptStats	mean	1.660964047443681
P0A6Q6	0.018373724174091142	0.10216332537178374	1.7358028075302303	non_sig	fabZ		False	False	0.0048353909465020575	False	Ecoli	False	True	False	False	diann231	AlphaPeptStats	mean	1.660964047443681
P0A8L1	0.01859165994295319	0.02976122935481129	1.7306818328272844	non_sig	serS		False	False	0.004861111111111112	False	Ecoli	False	True	False	False	diann231	AlphaPeptStats	mean	1.660964047443681
P24228	0.01897595712718356	-0.24934499137624044	1.721796309526236	non_sig	dacB		False	False	0.004886831275720165	False	Ecoli	False	True	False	False	diann231	AlphaPeptStats	mean	1.660964047443681
P22259	0.019020563356434275	-0.058772018088529165	1.7207766241511038	non_sig	pckA		False	False	0.004912551440329219	False	Ecoli	False	True	False	False	diann231	AlphaPeptStats	mean	1.660964047443681
P0A8A2	0.019140498576751704	-0.11578987934452911	1.718046753794706	non_sig	yeeN		False	False	0.004938271604938272	False	Ecoli	False	True	False	False	diann231	AlphaPeptStats	mean	1.660964047443681
P0A7S9	0.019279399516875594	0.047252161409002014	1.7149064969149639	non_sig	rpsM		False	False	0.004963991769547325	False	Ecoli	False	True	False	False	diann231	AlphaPeptStats	mean	1.660964047443681
P45577	0.01945308156000244	-0.030318388409607877	1.7110115923589007	non_sig	proQ		False	False	0.004989711934156379	False	Ecoli	False	True	False	False	diann231	AlphaPeptStats	mean	1.660964047443681
P0ACC1	0.019477536285330773	0.47895573676130354	1.710465977917041	non_sig	prmC		False	False	0.005015432098765432	False	Ecoli	False	True	False	False	diann231	AlphaPeptStats	mean	1.660964047443681
P0AG24	0.01959998939297089	0.10814747899803123	1.707744163672884	non_sig	spoT		False	False	0.0050411522633744855	False	Ecoli	False	True	False	False	diann231	AlphaPeptStats	mean	1.660964047443681
P17443	0.019797626029542353	0.08959774775776808	1.703386883682014	non_sig	murG		False	False	0.00506687242798354	False	Ecoli	False	True	False	False	diann231	AlphaPeptStats	mean	1.660964047443681
P23893	0.020030406643891864	0.04865181535018692	1.6983102338614071	non_sig	hemL		False	False	0.005092592592592593	False	Ecoli	False	True	False	False	diann231	AlphaPeptStats	mean	1.660964047443681
P07026	0.02019493008176073	0.1149323139765066	1.6947576460918172	non_sig	sdiA		False	False	0.005118312757201647	False	Ecoli	False	True	False	False	diann231	AlphaPeptStats	mean	1.660964047443681
P39391	0.020602194053039227	0.13046612116620082	1.6860865265052187	non_sig	yjiT		False	False	0.0051440329218107	False	Ecoli	False	True	False	False	diann231	AlphaPeptStats	mean	1.660964047443681
P60757	0.020865960211962253	0.08335629294462876	1.6805616250830462	non_sig	hisG		False	False	0.005169753086419753	False	Ecoli	False	True	False	False	diann231	AlphaPeptStats	mean	1.660964047443681
P36929	0.02093220665280852	-0.6171212579849836	1.6791849863472685	non_sig	rsmB		False	False	0.005195473251028807	False	Ecoli	False	True	False	False	diann231	AlphaPeptStats	mean	1.660964047443681
P0ADZ7	0.021404356570683285	-0.06728397550792309	1.669497822816906	non_sig	yajC		False	False	0.00522119341563786	False	Ecoli	False	True	False	False	diann231	AlphaPeptStats	mean	1.660964047443681
P10121	0.021560794944496867	-0.07397998910322912	1.666335230793098	non_sig	ftsY		False	False	0.0052469135802469145	False	Ecoli	False	True	False	False	diann231	AlphaPeptStats	mean	1.660964047443681
Q47710	0.02176511824337028	0.25234857623163265	1.6622389691082946	non_sig	yqjK		False	False	0.005272633744855967	False	Ecoli	False	True	False	False	diann231	AlphaPeptStats	mean	1.660964047443681
P36979	0.021878025095110828	0.10761456977795092	1.6599918838471013	non_sig	rlmN		False	False	0.005298353909465021	False	Ecoli	False	True	False	False	diann231	AlphaPeptStats	mean	1.660964047443681
P64534	0.02207716106956743	0.08725652336404366	1.6560567738364127	non_sig	rcnB		False	False	0.005324074074074075	False	Ecoli	False	True	False	False	diann231	AlphaPeptStats	mean	1.660964047443681
P02930	0.02209398310303308	-0.05517344453646089	1.655725982465776	non_sig	tolC		False	False	0.005349794238683128	False	Ecoli	False	True	False	False	diann231	AlphaPeptStats	mean	1.660964047443681
P0ACC7	0.022155322034467177	-0.08096355032041913	1.6545219329816974	non_sig	glmU		False	False	0.005375514403292181	False	Ecoli	False	True	False	False	diann231	AlphaPeptStats	mean	1.660964047443681
P0ABZ1	0.02264905390105964	0.165917274851882	1.6449499346723764	non_sig	fliG		False	False	0.005401234567901234	False	Ecoli	False	True	False	False	diann231	AlphaPeptStats	mean	1.660964047443681
P64599	0.02281932806368688	-0.07299606302509787	1.6416971479339901	non_sig	yhbT		False	False	0.005426954732510289	False	Ecoli	False	True	False	False	diann231	AlphaPeptStats	mean	1.660964047443681
P07822	0.022995145410230042	-0.12050881152973147	1.63836383981202	non_sig	fhuD		False	False	0.005452674897119343	False	Ecoli	False	True	False	False	diann231	AlphaPeptStats	mean	1.660964047443681
P0AAB8	0.02300565182474299	-0.3991517601192136	1.638165457253405	non_sig	uspD		False	False	0.0054783950617283955	False	Ecoli	False	True	False	False	diann231	AlphaPeptStats	mean	1.660964047443681
P06959	0.02366877229715051	-0.062245422496932434	1.6258242684080906	non_sig	aceF		False	False	0.005504115226337449	False	Ecoli	False	True	False	False	diann231	AlphaPeptStats	mean	1.660964047443681
P0AEX9	0.023718573688558828	0.06433261267333634	1.624911430729905	non_sig	malE		False	False	0.005529835390946502	False	Ecoli	False	True	False	False	diann231	AlphaPeptStats	mean	1.660964047443681
P0AEQ6	0.02387639473095632	0.10997019222347149	1.6220312498482516	non_sig	glnP		False	False	0.005555555555555556	False	Ecoli	False	True	False	False	diann231	AlphaPeptStats	mean	1.660964047443681
P0AA97	0.02410009020469556	-0.3192693226895784	1.6179813318928409	non_sig	yaeQ		False	False	0.0055812757201646095	False	Ecoli	False	True	False	False	diann231	AlphaPeptStats	mean	1.660964047443681
P08839	0.02425156899381	-0.02251137733935593	1.6152601587808497	non_sig	ptsI		False	False	0.005606995884773662	False	Ecoli	False	True	False	False	diann231	AlphaPeptStats	mean	1.660964047443681
P31979	0.02469182467515139	0.04362964713185846	1.6074468154115786	non_sig	nuoF		False	False	0.005632716049382717	False	Ecoli	False	True	False	False	diann231	AlphaPeptStats	mean	1.660964047443681
P62558	0.024696059152019827	0.0757387983658262	1.607372343302239	non_sig	sopB		False	False	0.00565843621399177	False	Ecoli	False	True	False	False	diann231	AlphaPeptStats	mean	1.660964047443681
P0A6P1	0.025270857982966737	-0.08860239072420839	1.5973800128904336	non_sig	tsf		False	False	0.0056841563786008235	False	Ecoli	False	True	False	False	diann231	AlphaPeptStats	mean	1.660964047443681
P0ACR9	0.025516512698139465	0.09851448648284133	1.593178680242541	non_sig	mprA		False	False	0.005709876543209877	False	Ecoli	False	True	False	False	diann231	AlphaPeptStats	mean	1.660964047443681
P0ADW3	0.025727925838329342	0.09321177875816034	1.5895952247992873	non_sig	yhcB		False	False	0.00573559670781893	False	Ecoli	False	True	False	False	diann231	AlphaPeptStats	mean	1.660964047443681
P66817	0.025881447265822147	-0.15994177330860637	1.5870114419914976	non_sig	diaA		False	False	0.005761316872427984	False	Ecoli	False	True	False	False	diann231	AlphaPeptStats	mean	1.660964047443681
P75777	0.025884859716251315	-0.14422106140568758	1.5869541843472998	non_sig	ybhG		False	False	0.005787037037037037	False	Ecoli	False	True	False	False	diann231	AlphaPeptStats	mean	1.660964047443681
P04805	0.0261356600584267	0.041962388839358766	1.5827665272818376	non_sig	gltX		False	False	0.005812757201646091	False	Ecoli	False	True	False	False	diann231	AlphaPeptStats	mean	1.660964047443681
P38134	0.026176782684761958	-0.055330894393016194	1.5820837324268866	non_sig	etk		False	False	0.005838477366255145	False	Ecoli	False	True	False	False	diann231	AlphaPeptStats	mean	1.660964047443681
P46130	0.02623632769471497	-0.1237902145757559	1.581096953348685	non_sig	ybhC		False	False	0.005864197530864198	False	Ecoli	False	True	False	False	diann231	AlphaPeptStats	mean	1.660964047443681
P0A9M0	0.02627628001749646	-0.0722738356908934	1.5804361186490972	non_sig	lon		False	False	0.005889917695473252	False	Ecoli	False	True	False	False	diann231	AlphaPeptStats	mean	1.660964047443681
P0A988	0.02632412303292248	-0.12948826957033788	1.579646088074349	non_sig	dnaN		False	False	0.0059156378600823045	False	Ecoli	False	True	False	False	diann231	AlphaPeptStats	mean	1.660964047443681
P24183	0.026327297397448744	0.049868687346020124	1.5795937206742787	non_sig	fdnG		False	False	0.005941358024691358	False	Ecoli	False	True	False	False	diann231	AlphaPeptStats	mean	1.660964047443681
P36683	0.02638145795233298	0.03204905897944954	1.5787012071536932	non_sig	acnB		False	False	0.005967078189300412	False	Ecoli	False	True	False	False	diann231	AlphaPeptStats	mean	1.660964047443681
P0A7V3	0.026514528805956977	-0.03729745574853993	1.5765160863953562	non_sig	rpsC		False	False	0.005992798353909465	False	Ecoli	False	True	False	False	diann231	AlphaPeptStats	mean	1.660964047443681
P15639	0.02655051311980719	0.07670005270576041	1.5759270812511588	non_sig	purH		False	False	0.006018518518518519	False	Ecoli	False	True	False	False	diann231	AlphaPeptStats	mean	1.660964047443681
P0AF08	0.026648640705067023	-0.11578583081520222	1.5743249385827864	non_sig	mrp		False	False	0.006044238683127572	False	Ecoli	False	True	False	False	diann231	AlphaPeptStats	mean	1.660964047443681
P0A6W5	0.0266513222284983	-0.09945122298047693	1.574281239834563	non_sig	greA		False	False	0.006069958847736626	False	Ecoli	False	True	False	False	diann231	AlphaPeptStats	mean	1.660964047443681
P52643	0.026787307017994432	-0.11915313093136959	1.5720709446975538	non_sig	ldhA		False	False	0.00609567901234568	False	Ecoli	False	True	False	False	diann231	AlphaPeptStats	mean	1.660964047443681
P75954	0.027556180656439156	0.20834136585159513	1.5597809767055821	non_sig	ycfS		False	False	0.006121399176954733	False	Ecoli	False	True	False	False	diann231	AlphaPeptStats	mean	1.660964047443681
P37689	0.02759364962905703	-0.05458531499176544	1.5591908544705713	non_sig	gpmI		False	False	0.006147119341563786	False	Ecoli	False	True	False	False	diann231	AlphaPeptStats	mean	1.660964047443681
P64519	0.027836545938475222	-0.3958340793117756	1.5553846545831798	non_sig	yodD		False	False	0.006172839506172839	False	Ecoli	False	True	False	False	diann231	AlphaPeptStats	mean	1.660964047443681
P76291	0.027869492997687997	0.08923722297387471	1.5548709319077665	non_sig	cmoB		False	False	0.006198559670781894	False	Ecoli	False	True	False	False	diann231	AlphaPeptStats	mean	1.660964047443681
P35340	0.028232291973509925	-0.04666241681228911	1.549253863225994	non_sig	ahpF		False	False	0.0062242798353909475	False	Ecoli	False	True	False	False	diann231	AlphaPeptStats	mean	1.660964047443681
P23367	0.028709873157242737	0.3790963302052539	1.5419687262506636	non_sig	mutL		False	False	0.00625	False	Ecoli	False	True	False	False	diann231	AlphaPeptStats	mean	1.660964047443681
P75913	0.028769913458034427	0.10299220832914457	1.5410614444966961	non_sig	ghrA		False	False	0.006275720164609054	False	Ecoli	False	True	False	False	diann231	AlphaPeptStats	mean	1.660964047443681
P0A7K6	0.02915988151856701	-0.10107411784669296	1.5352142449609592	non_sig	rplS		False	False	0.006301440329218107	False	Ecoli	False	True	False	False	diann231	AlphaPeptStats	mean	1.660964047443681
P0A9I3	0.029463758877531204	-0.22451901110461492	1.5307118482729558	non_sig	gcvR		False	False	0.006327160493827161	False	Ecoli	False	True	False	False	diann231	AlphaPeptStats	mean	1.660964047443681
P37902	0.029727017987089186	-0.12492883011647749	1.5268486540882464	non_sig	gltI		False	False	0.006352880658436214	False	Ecoli	False	True	False	False	diann231	AlphaPeptStats	mean	1.660964047443681
P0A9P4	0.02973410504407771	-0.06806378110665534	1.5267451286383147	non_sig	trxB		False	False	0.006378600823045267	False	Ecoli	False	True	False	False	diann231	AlphaPeptStats	mean	1.660964047443681
P0A9J8	0.02988596011358099	0.16354624272059937	1.5245327875019625	non_sig	pheA		False	False	0.006404320987654322	False	Ecoli	False	True	False	False	diann231	AlphaPeptStats	mean	1.660964047443681
P0AFU8	0.02996347839661213	-0.09301129877445646	1.5234077717213315	non_sig	ribC		False	False	0.006430041152263375	False	Ecoli	False	True	False	False	diann231	AlphaPeptStats	mean	1.660964047443681
P0AB14	0.030052645588372118	0.09958392451082432	1.5221172902550117	non_sig	yccJ		False	False	0.0064557613168724284	False	Ecoli	False	True	False	False	diann231	AlphaPeptStats	mean	1.660964047443681
P0AB38	0.03076974505468111	-0.15359216160227618	1.5118761021212084	non_sig	lpoB		False	False	0.006481481481481482	False	Ecoli	False	True	False	False	diann231	AlphaPeptStats	mean	1.660964047443681
P28248	0.030774350944302503	-0.14757126241406837	1.5118110979183488	non_sig	dcd		False	False	0.006507201646090535	False	Ecoli	False	True	False	False	diann231	AlphaPeptStats	mean	1.660964047443681
P0AC47	0.03094575865005656	0.044858826504036386	1.5093988659039648	non_sig	frdB		False	False	0.006532921810699589	False	Ecoli	False	True	False	False	diann231	AlphaPeptStats	mean	1.660964047443681
P0A9L3	0.03097729357338983	0.09027440040982881	1.5089565283936814	non_sig	fklB		False	False	0.006558641975308642	False	Ecoli	False	True	False	False	diann231	AlphaPeptStats	mean	1.660964047443681
P03018	0.03113162642754786	0.1746287856532973	1.5067981896272231	non_sig	uvrD		False	False	0.006584362139917696	False	Ecoli	False	True	False	False	diann231	AlphaPeptStats	mean	1.660964047443681
P0A7F3	0.03115393820344784	0.22480190590290405	1.506487045893464	non_sig	pyrI		False	False	0.00661008230452675	False	Ecoli	False	True	False	False	diann231	AlphaPeptStats	mean	1.660964047443681
P02942	0.031158723706535458	0.05522854996623394	1.5064203397851237	non_sig	tsr		False	False	0.006635802469135803	False	Ecoli	False	True	False	False	diann231	AlphaPeptStats	mean	1.660964047443681
P27248	0.031210492752243104	-0.10100650549552626	1.505699374625574	non_sig	gcvT		False	False	0.0066615226337448565	False	Ecoli	False	True	False	False	diann231	AlphaPeptStats	mean	1.660964047443681
P31806	0.03185986559437656	-0.2783343866022001	1.4967560606674586	non_sig	nnr		False	False	0.006687242798353909	False	Ecoli	False	True	False	False	diann231	AlphaPeptStats	mean	1.660964047443681
P77279	0.032315616530058364	-0.09472396217170242	1.490587554021114	non_sig	ybbL		False	False	0.006712962962962963	False	Ecoli	False	True	False	False	diann231	AlphaPeptStats	mean	1.660964047443681
P64506	0.032513727445564106	0.23277607714701176	1.487933239170603	non_sig	yebY		False	False	0.006738683127572017	False	Ecoli	False	True	False	False	diann231	AlphaPeptStats	mean	1.660964047443681
P31677	0.032564881714631205	-0.170452225586061	1.4872504949741994	non_sig	otsA		False	False	0.006764403292181071	False	Ecoli	False	True	False	False	diann231	AlphaPeptStats	mean	1.660964047443681
P69783	0.03274587296863136	-0.06381210637779944	1.4848434272719517	non_sig	crr		False	False	0.006790123456790124	False	Ecoli	False	True	False	False	diann231	AlphaPeptStats	mean	1.660964047443681
P32664	0.03299233818027414	0.13523741085483465	1.4815869047393813	non_sig	nudC		False	False	0.006815843621399177	False	Ecoli	False	True	False	False	diann231	AlphaPeptStats	mean	1.660964047443681
P75780	0.033445798264368984	-0.18562375911844242	1.4756584341059265	non_sig	fiu		False	False	0.006841563786008231	False	Ecoli	False	True	False	False	diann231	AlphaPeptStats	mean	1.660964047443681
P68699	0.033473160601558395	0.21832410606236863	1.475303278768277	non_sig	atpE		False	False	0.006867283950617285	False	Ecoli	False	True	False	False	diann231	AlphaPeptStats	mean	1.660964047443681
P23830	0.03458688729481379	0.08073410944963655	1.4610885212904803	non_sig	pssA		False	False	0.0068930041152263375	False	Ecoli	False	True	False	False	diann231	AlphaPeptStats	mean	1.660964047443681
P08312	0.034675650123925754	-0.08026556244078265	1.459975387714326	non_sig	pheS		False	False	0.006918724279835391	False	Ecoli	False	True	False	False	diann231	AlphaPeptStats	mean	1.660964047443681
P0A8E7	0.034693927731207115	-0.0700639098744702	1.4597465305001462	non_sig	yajQ		False	False	0.006944444444444444	False	Ecoli	False	True	False	False	diann231	AlphaPeptStats	mean	1.660964047443681
P0AEV4	0.034833466557794415	-0.45544782656646277	1.4580033032619393	non_sig	hycA		False	False	0.006970164609053499	False	Ecoli	False	True	False	False	diann231	AlphaPeptStats	mean	1.660964047443681
P62620	0.03508380882918743	-0.06281971031858546	1.454893264117148	non_sig	ispG		False	False	0.006995884773662552	False	Ecoli	False	True	False	False	diann231	AlphaPeptStats	mean	1.660964047443681
Q57154	0.03510603001081379	-0.14141903757701257	1.4546182802435959	non_sig	repB		False	False	0.007021604938271605	False	Ecoli	False	True	False	False	diann231	AlphaPeptStats	mean	1.660964047443681
P28631	0.03543426065660134	-0.540143776718093	1.4505766244548304	non_sig	holB		False	False	0.007047325102880659	False	Ecoli	False	True	False	False	diann231	AlphaPeptStats	mean	1.660964047443681
P76273	0.03547042938069896	-0.29213125548650964	1.4501335542249982	non_sig	rsmF		False	False	0.007073045267489712	False	Ecoli	False	True	False	False	diann231	AlphaPeptStats	mean	1.660964047443681
P0AG51	0.03549351308157576	-0.05843637842864524	1.4498510128689674	non_sig	rpmD		False	False	0.0070987654320987656	False	Ecoli	False	True	False	False	diann231	AlphaPeptStats	mean	1.660964047443681
P52061	0.03559156735507302	0.11094706748752259	1.4486528864364117	non_sig	rdgB		False	False	0.007124485596707819	False	Ecoli	False	True	False	False	diann231	AlphaPeptStats	mean	1.660964047443681
P67244	0.035663426683230366	-0.6118832983359184	1.4477769304225736	non_sig	yqhA		False	False	0.007150205761316873	False	Ecoli	False	True	False	False	diann231	AlphaPeptStats	mean	1.660964047443681
P0AGK4	0.03590235448862794	-0.1514654171856087	1.4448770693077873	non_sig	yhbY		False	False	0.007175925925925927	False	Ecoli	False	True	False	False	diann231	AlphaPeptStats	mean	1.660964047443681
P60340	0.036179700459247933	0.0816745000480914	1.4415350330935142	non_sig	truB		False	False	0.00720164609053498	False	Ecoli	False	True	False	False	diann231	AlphaPeptStats	mean	1.660964047443681
P00490	0.03625666427051941	-0.06203793816688119	1.440612154888787	non_sig	malP		False	False	0.007227366255144033	False	Ecoli	False	True	False	False	diann231	AlphaPeptStats	mean	1.660964047443681
P0A7K2	0.03698762242221589	0.05531881646405168	1.4319435843942079	non_sig	rplL		False	False	0.007253086419753087	False	Ecoli	False	True	False	False	diann231	AlphaPeptStats	mean	1.660964047443681
P0A8S1	0.037198197092637254	0.11205532392426676	1.4294781088195436	non_sig	iciA		False	False	0.00727880658436214	False	Ecoli	False	True	False	False	diann231	AlphaPeptStats	mean	1.660964047443681
P39300	0.037209684695001334	0.3646458125974128	1.429344010059122	non_sig	ulaG		False	False	0.007304526748971194	False	Ecoli	False	True	False	False	diann231	AlphaPeptStats	mean	1.660964047443681
P76010	0.03721385996363684	-0.1598860587864337	1.429295280960311	non_sig	ycgR		False	False	0.0073302469135802465	False	Ecoli	False	True	False	False	diann231	AlphaPeptStats	mean	1.660964047443681
P0A738	0.0376840081942888	0.07327962485008044	1.4238429104416996	non_sig	moaC		False	False	0.007355967078189301	False	Ecoli	False	True	False	False	diann231	AlphaPeptStats	mean	1.660964047443681
P0AD68	0.03780265751823517	0.0751769847215229	1.4224776682861593	non_sig	ftsI		False	False	0.007381687242798355	False	Ecoli	False	True	False	False	diann231	AlphaPeptStats	mean	1.660964047443681
P77173	0.038198783303346084	0.13935295588711227	1.4179504698908607	non_sig	zipA		False	False	0.007407407407407408	False	Ecoli	False	True	False	False	diann231	AlphaPeptStats	mean	1.660964047443681
P0A8G9	0.03819942672999803	0.10337461982662433	1.4179431546240675	non_sig	xseB		False	False	0.007433127572016461	False	Ecoli	False	True	False	False	diann231	AlphaPeptStats	mean	1.660964047443681
P69407	0.03842371444050451	-0.07878142991766524	1.4154006539709572	non_sig	rcsB		False	False	0.007458847736625514	False	Ecoli	False	True	False	False	diann231	AlphaPeptStats	mean	1.660964047443681
P37646	0.03842717408618296	-0.10150672961609075	1.4153615521451408	non_sig	yhjH		False	False	0.007484567901234568	False	Ecoli	False	True	False	False	diann231	AlphaPeptStats	mean	1.660964047443681
P0AG59	0.038767265780741744	-0.07046235286122737	1.41153482829922	non_sig	rpsN		False	False	0.007510288065843622	False	Ecoli	False	True	False	False	diann231	AlphaPeptStats	mean	1.660964047443681
P64467	0.03892346834575246	0.08435987936301714	1.4097884680874067	non_sig	cnu		False	False	0.0075360082304526755	False	Ecoli	False	True	False	False	diann231	AlphaPeptStats	mean	1.660964047443681
P0A6F5	0.03910448966869243	-0.03752138839710639	1.407773377478765	non_sig	groL		False	False	0.007561728395061729	False	Ecoli	False	True	False	False	diann231	AlphaPeptStats	mean	1.660964047443681
P0ACN7	0.039773026786385085	-0.19663524793661225	1.4004113573015393	non_sig	cytR		False	False	0.007587448559670782	False	Ecoli	False	True	False	False	diann231	AlphaPeptStats	mean	1.660964047443681
P33916	0.04023964759135948	-0.2300363692588121	1.395345831376536	non_sig	yejF		False	False	0.007613168724279836	False	Ecoli	False	True	False	False	diann231	AlphaPeptStats	mean	1.660964047443681
P45531	0.04097471816387549	-0.1554408944421226	1.387484024951963	non_sig	tusC		False	False	0.0076388888888888895	False	Ecoli	False	True	False	False	diann231	AlphaPeptStats	mean	1.660964047443681
P0A7X3	0.04100318135400934	-0.07450671368300021	1.3871824459414754	non_sig	rpsI		False	False	0.007664609053497942	False	Ecoli	False	True	False	False	diann231	AlphaPeptStats	mean	1.660964047443681
P68191	0.041082804416204016	-0.12992911356196757	1.386339918022386	non_sig	sra		False	False	0.007690329218106996	False	Ecoli	False	True	False	False	diann231	AlphaPeptStats	mean	1.660964047443681
P0ADT2	0.0411305229585229	-0.11579037646505697	1.3858357685711338	non_sig	ygiB		False	False	0.007716049382716049	False	Ecoli	False	True	False	False	diann231	AlphaPeptStats	mean	1.660964047443681
P0AG63	0.041275776472417744	-0.14743749255653782	1.3843047481193294	non_sig	rpsQ		False	False	0.0077417695473251035	False	Ecoli	False	True	False	False	diann231	AlphaPeptStats	mean	1.660964047443681
P0AFL6	0.04172000113132747	0.11430021241526589	1.3796556884686786	non_sig	ppx		False	False	0.007767489711934157	False	Ecoli	False	True	False	False	diann231	AlphaPeptStats	mean	1.660964047443681
P0AB58	0.041768751494759254	-0.4590848266106633	1.3791485059903328	non_sig	yciM		False	False	0.00779320987654321	False	Ecoli	False	True	False	False	diann231	AlphaPeptStats	mean	1.660964047443681
P69913	0.04190378273007869	-0.09999158059846636	1.3777467707175384	non_sig	csrA		False	False	0.007818930041152264	False	Ecoli	False	True	False	False	diann231	AlphaPeptStats	mean	1.660964047443681
P0A759	0.04193170056564397	0.08699395644300267	1.3774575241621605	non_sig	nagB		False	False	0.007844650205761318	False	Ecoli	False	True	False	False	diann231	AlphaPeptStats	mean	1.660964047443681
P0AEP3	0.042212500821392544	0.04978096076798266	1.3745589179058066	non_sig	galU		False	False	0.007870370370370371	False	Ecoli	False	True	False	False	diann231	AlphaPeptStats	mean	1.660964047443681
P0A9T4	0.04227329512786227	-0.062486721570316206	1.3739338983722544	non_sig	tas		False	False	0.007896090534979425	False	Ecoli	False	True	False	False	diann231	AlphaPeptStats	mean	1.660964047443681
P06616	0.04258735776118178	-0.188324503655231	1.3707193039350618	non_sig	era		False	False	0.007921810699588477	False	Ecoli	False	True	False	False	diann231	AlphaPeptStats	mean	1.660964047443681
P69829	0.042621147306115416	-0.16751496683647105	1.3703748638191762	non_sig	ptsN		False	False	0.00794753086419753	False	Ecoli	False	True	False	False	diann231	AlphaPeptStats	mean	1.660964047443681
P0AAB6	0.04271553522249469	0.05170879335287282	1.3694141475892136	non_sig	galF		False	False	0.007973251028806584	False	Ecoli	False	True	False	False	diann231	AlphaPeptStats	mean	1.660964047443681
P26608	0.04285367406155712	-0.1058080860280306	1.3680119378887876	non_sig	fliS		False	False	0.007998971193415638	False	Ecoli	False	True	False	False	diann231	AlphaPeptStats	mean	1.660964047443681
P0A6S0	0.04286880645443282	0.11457725851784062	1.3678586078695765	non_sig	flgH		False	False	0.008024691358024692	False	Ecoli	False	True	False	False	diann231	AlphaPeptStats	mean	1.660964047443681
P67601	0.043215648356861605	-0.36577803342530757	1.3643589669703953	non_sig	yobD		False	False	0.008050411522633746	False	Ecoli	False	True	False	False	diann231	AlphaPeptStats	mean	1.660964047443681
P76046	0.04413654323780179	-0.583640320594462	1.3552016836694987	non_sig	ycjX		False	False	0.0080761316872428	False	Ecoli	False	True	False	False	diann231	AlphaPeptStats	mean	1.660964047443681
P64483	0.04420800136033819	0.14134004231507546	1.3544991190637528	non_sig	yeaK		False	False	0.008101851851851851	False	Ecoli	False	True	False	False	diann231	AlphaPeptStats	mean	1.660964047443681
P0AEW9	0.04461369246379841	-0.06859503257705413	1.350531830775676	non_sig	fruK		False	False	0.008127572016460905	False	Ecoli	False	True	False	False	diann231	AlphaPeptStats	mean	1.660964047443681
P05852	0.044792752878170014	0.0740183623760231	1.3487922458147583	non_sig	gcp		False	False	0.008153292181069959	False	Ecoli	False	True	False	False	diann231	AlphaPeptStats	mean	1.660964047443681
P0A9K9	0.045328035108101405	-0.18581980015714805	1.3436331064476936	non_sig	slyD		False	False	0.008179012345679013	False	Ecoli	False	True	False	False	diann231	AlphaPeptStats	mean	1.660964047443681
P32131	0.04548140788528175	-0.07716195159387951	1.3421661001112741	non_sig	hemN		False	False	0.008204732510288066	False	Ecoli	False	True	False	False	diann231	AlphaPeptStats	mean	1.660964047443681
P37025	0.046071068593189865	0.11677854631232165	1.3365717144079752	non_sig	ligT		False	False	0.00823045267489712	False	Ecoli	False	True	False	False	diann231	AlphaPeptStats	mean	1.660964047443681
P39265	0.04623225074380495	0.3549352927658731	1.3350549631091686	non_sig	alsB		False	False	0.008256172839506174	False	Ecoli	False	True	False	False	diann231	AlphaPeptStats	mean	1.660964047443681
P0ACL9	0.046350703983382535	-0.19793694606822498	1.3339436653214995	non_sig	pdhR		False	False	0.008281893004115227	False	Ecoli	False	True	False	False	diann231	AlphaPeptStats	mean	1.660964047443681
P0A7N9	0.046506367546968005	-0.10189148462914233	1.332487580417846	non_sig	rpmG		False	False	0.008307613168724281	False	Ecoli	False	True	False	False	diann231	AlphaPeptStats	mean	1.660964047443681
P63386	0.04709120973060672	0.13227441996430755	1.3270601527813426	non_sig	mlaF		False	False	0.008333333333333333	False	Ecoli	False	True	False	False	diann231	AlphaPeptStats	mean	1.660964047443681
P0AAC0	0.04712082480125574	-0.07812278104207593	1.3267871162791254	non_sig	uspE		False	False	0.008359053497942387	False	Ecoli	False	True	False	False	diann231	AlphaPeptStats	mean	1.660964047443681
P75957	0.04776455370282995	0.1097896815186914	1.3208942758121607	non_sig	lolD		False	False	0.00838477366255144	False	Ecoli	False	True	False	False	diann231	AlphaPeptStats	mean	1.660964047443681
P50456	0.047786788319965814	0.10995783154458394	1.3206921567942755	non_sig	mlc		False	False	0.008410493827160494	False	Ecoli	False	True	False	False	diann231	AlphaPeptStats	mean	1.660964047443681
P08622	0.048146913881855	-0.054734170953953054	1.317431545030302	non_sig	dnaJ		False	False	0.008436213991769548	False	Ecoli	False	True	False	False	diann231	AlphaPeptStats	mean	1.660964047443681
P0A7R1	0.0481978229181284	-0.08477964069243171	1.3169725782756116	non_sig	rplI		False	False	0.0084619341563786	False	Ecoli	False	True	False	False	diann231	AlphaPeptStats	mean	1.660964047443681
P0ABE2	0.048596546888083035	0.08826923730418912	1.3133945891889496	non_sig	bolA		False	False	0.008487654320987654	False	Ecoli	False	True	False	False	diann231	AlphaPeptStats	mean	1.660964047443681
P0C054	0.048742290100155225	-0.0839254323758496	1.3120940698477346	non_sig	ibpA		False	False	0.008513374485596708	False	Ecoli	False	True	False	False	diann231	AlphaPeptStats	mean	1.660964047443681
P76270	0.04879595257845893	-0.12361411323832883	1.311616199426371	non_sig	msrC		False	False	0.008539094650205761	False	Ecoli	False	True	False	False	diann231	AlphaPeptStats	mean	1.660964047443681
P0AES4	0.04881329405520976	0.03276626244930014	1.3114618839695897	non_sig	gyrA		False	False	0.008564814814814817	False	Ecoli	False	True	False	False	diann231	AlphaPeptStats	mean	1.660964047443681
P75870	0.048832967321721044	-0.2042051815491135	1.3112868851302693	non_sig	yccS		False	False	0.008590534979423869	False	Ecoli	False	True	False	False	diann231	AlphaPeptStats	mean	1.660964047443681
P33650	0.04906393427978352	0.0740075305799337	1.309237630049458	non_sig	feoB		False	False	0.008616255144032922	False	Ecoli	False	True	False	False	diann231	AlphaPeptStats	mean	1.660964047443681
P0ABZ4	0.049594638795125705	-0.06778397689472371	1.304565268419806	non_sig	kdsC		False	False	0.008641975308641976	False	Ecoli	False	True	False	False	diann231	AlphaPeptStats	mean	1.660964047443681
P08189	0.0497570859339922	-0.4714093171668985	1.303145062397739	non_sig	fimF		False	False	0.00866769547325103	False	Ecoli	False	True	False	False	diann231	AlphaPeptStats	mean	1.660964047443681
P0A6D0	0.04983350089638046	-0.12677912723793838	1.3024786017598617	non_sig	argR		False	False	0.008693415637860084	False	Ecoli	False	True	False	False	diann231	AlphaPeptStats	mean	1.660964047443681
P0AF24	0.050291884428109154	0.1344952671712747	1.2985020911359517	non_sig	nagD		False	False	0.008719135802469136	False	Ecoli	False	True	False	False	diann231	AlphaPeptStats	mean	1.660964047443681
P0A780	0.05032984275839199	-0.03211672648985342	1.2981744264331678	non_sig	nusB		False	False	0.00874485596707819	False	Ecoli	False	True	False	False	diann231	AlphaPeptStats	mean	1.660964047443681
P0AF06	0.0505103863926053	0.11687319189589473	1.2966193092240494	non_sig	motB		False	False	0.008770576131687243	False	Ecoli	False	True	False	False	diann231	AlphaPeptStats	mean	1.660964047443681
P0A6C1	0.050514300337066005	-0.038311917271830254	1.2965856579544908	non_sig	nfo		False	False	0.008796296296296297	False	Ecoli	False	True	False	False	diann231	AlphaPeptStats	mean	1.660964047443681
P25888	0.05101762842086493	-0.08358028192234812	1.2922797336460752	non_sig	rhlE		False	False	0.00882201646090535	False	Ecoli	False	True	False	False	diann231	AlphaPeptStats	mean	1.660964047443681
P61769ups|B2MG_HUMAN_UPS	0.05106153155677292	2.2709696103757473	1.2919061629614632	non_sig	Beta-2-microglobulin		True	False	0.008847736625514403	False		False	False	False	False	diann231	AlphaPeptStats	mean	1.660964047443681
P0AE45	0.05149048972161072	-0.1481841405048847	1.2882729776157291	non_sig	ytfL		False	False	0.008873456790123456	False	Ecoli	False	True	False	False	diann231	AlphaPeptStats	mean	1.660964047443681
P0AFP6	0.05184484619600726	-0.05645579086571928	1.28529440957161	non_sig	ybgI		False	False	0.00889917695473251	False	Ecoli	False	True	False	False	diann231	AlphaPeptStats	mean	1.660964047443681
P0A8B5	0.05192646068663918	-0.10504868936260436	1.284611277956566	non_sig	ybaB		False	False	0.008924897119341564	False	Ecoli	False	True	False	False	diann231	AlphaPeptStats	mean	1.660964047443681
P01133ups|EGF_HUMAN_UPS	0.05213080996500669	2.2979728969455593	1.2829055273154473	non_sig	Pro-Epidermal		True	False	0.00895061728395062	False		False	False	False	False	diann231	AlphaPeptStats	mean	1.660964047443681
P0A8M0	0.05235633080489087	0.04435287877695515	1.2810307969384174	non_sig	asnS		False	False	0.008976337448559671	False	Ecoli	False	True	False	False	diann231	AlphaPeptStats	mean	1.660964047443681
P0AGG8	0.052802453461254104	-0.05729777256063073	1.2773458975432885	non_sig	tldD		False	False	0.009002057613168725	False	Ecoli	False	True	False	False	diann231	AlphaPeptStats	mean	1.660964047443681
P76268	0.052988285008365395	0.07724835072116676	1.2758201364104935	non_sig	kdgR		False	False	0.009027777777777779	False	Ecoli	False	True	False	False	diann231	AlphaPeptStats	mean	1.660964047443681
P69924	0.05305709634311044	0.06695359892218278	1.2752565213471005	non_sig	nrdB		False	False	0.009053497942386832	False	Ecoli	False	True	False	False	diann231	AlphaPeptStats	mean	1.660964047443681
P27303	0.05315635887279244	-0.04152310563229378	1.2744447752013133	non_sig	emrA		False	False	0.009079218106995886	False	Ecoli	False	True	False	False	diann231	AlphaPeptStats	mean	1.660964047443681
P0AE18	0.05331096468855818	-0.0685913812683765	1.273183458628161	non_sig	map		False	False	0.009104938271604938	False	Ecoli	False	True	False	False	diann231	AlphaPeptStats	mean	1.660964047443681
P52627	0.05364115114657767	0.2902426420062696	1.270501910700339	non_sig	fliZ		False	False	0.009130658436213992	False	Ecoli	False	True	False	False	diann231	AlphaPeptStats	mean	1.660964047443681
P39407	0.053706403815883215	0.08138561506196851	1.2699739270362647	non_sig	yjjU		False	False	0.009156378600823046	False	Ecoli	False	True	False	False	diann231	AlphaPeptStats	mean	1.660964047443681
P00887	0.05399217142664044	0.044799823630857105	1.2676692059674637	non_sig	aroH		False	False	0.0091820987654321	False	Ecoli	False	True	False	False	diann231	AlphaPeptStats	mean	1.660964047443681
P36930	0.0543805389560288	0.18253031326992186	1.2645564925103907	non_sig	gatR		False	False	0.009207818930041153	False	Ecoli	False	True	False	False	diann231	AlphaPeptStats	mean	1.660964047443681
P21599	0.05476353342777651	-0.04820722148330603	1.2615085382831395	non_sig	pykA		False	False	0.009233539094650205	False	Ecoli	False	True	False	False	diann231	AlphaPeptStats	mean	1.660964047443681
P0A6H5	0.05510275093877757	-0.059286751827801965	1.2588267189756517	non_sig	hslU		False	False	0.009259259259259259	False	Ecoli	False	True	False	False	diann231	AlphaPeptStats	mean	1.660964047443681
P04425	0.05517829235396738	0.05921756562538505	1.2582317441019342	non_sig	gshB		False	False	0.009284979423868312	False	Ecoli	False	True	False	False	diann231	AlphaPeptStats	mean	1.660964047443681
P0A959	0.05521069881111591	-0.19294994732471338	1.2579767558866528	non_sig	alaA		False	False	0.009310699588477366	False	Ecoli	False	True	False	False	diann231	AlphaPeptStats	mean	1.660964047443681
P0ACB2	0.055410916228644	-0.0480855346655531	1.2564046686497974	non_sig	hemB		False	False	0.009336419753086422	False	Ecoli	False	True	False	False	diann231	AlphaPeptStats	mean	1.660964047443681
P0AFI7	0.05545717915610336	0.08713588719347598	1.256042224698565	non_sig	pdxH		False	False	0.009362139917695474	False	Ecoli	False	True	False	False	diann231	AlphaPeptStats	mean	1.660964047443681
P39310	0.05577683289358641	0.12597530959607184	1.2535461493723838	non_sig	ytfB		False	False	0.009387860082304527	False	Ecoli	False	True	False	False	diann231	AlphaPeptStats	mean	1.660964047443681
P0A9Q9	0.05579132815764877	0.039151737925049446	1.2534332997354962	non_sig	asd		False	False	0.009413580246913581	False	Ecoli	False	True	False	False	diann231	AlphaPeptStats	mean	1.660964047443681
P0ABA6	0.056296462470444154	0.045984491933648286	1.2495188942753719	non_sig	atpG		False	False	0.009439300411522635	False	Ecoli	False	True	False	False	diann231	AlphaPeptStats	mean	1.660964047443681
P60472	0.05633617802769589	0.10761940095949285	1.2492126198597369	non_sig	ispU		False	False	0.009465020576131689	False	Ecoli	False	True	False	False	diann231	AlphaPeptStats	mean	1.660964047443681
P0ACM2	0.05640736752415186	-0.19592135047972548	1.248664167894032	non_sig	ydfH		False	False	0.00949074074074074	False	Ecoli	False	True	False	False	diann231	AlphaPeptStats	mean	1.660964047443681
P77150	0.056662390452015605	-0.20796547815874078	1.2467051075737785	non_sig	pdxY		False	False	0.009516460905349794	False	Ecoli	False	True	False	False	diann231	AlphaPeptStats	mean	1.660964047443681
P25397	0.05700854885245197	0.0638368058368819	1.2440600137826359	non_sig	tehB		False	False	0.009542181069958848	False	Ecoli	False	True	False	False	diann231	AlphaPeptStats	mean	1.660964047443681
P16432	0.05738472263415757	-0.15990207031197912	1.2412037131559766	non_sig	hycF		False	False	0.009567901234567902	False	Ecoli	False	True	False	False	diann231	AlphaPeptStats	mean	1.660964047443681
P01344ups|IGF2_HUMAN_UPS	0.05756588331294	2.739001656162742	1.2398348269700776	non_sig	Insulin-like		True	False	0.009593621399176955	False		False	False	False	False	diann231	AlphaPeptStats	mean	1.660964047443681
P37636	0.05762431869493563	-0.052437187609985614	1.2393941963316508	non_sig	mdtE		False	False	0.009619341563786007	False	Ecoli	False	True	False	False	diann231	AlphaPeptStats	mean	1.660964047443681
P0A6J8	0.057705076493485004	0.04872794346127307	1.238785978939099	non_sig	ddlA		False	False	0.009645061728395061	False	Ecoli	False	True	False	False	diann231	AlphaPeptStats	mean	1.660964047443681
P0A917	0.05784034059671878	-0.034813111892390225	1.2377691583338575	non_sig	ompX		False	False	0.009670781893004115	False	Ecoli	False	True	False	False	diann231	AlphaPeptStats	mean	1.660964047443681
P19926	0.057880083520267904	-0.06066463825168	1.2374708508708074	non_sig	agp		False	False	0.009696502057613169	False	Ecoli	False	True	False	False	diann231	AlphaPeptStats	mean	1.660964047443681
P0AFP4	0.05842419837192956	-0.12683693900414283	1.233407237772465	non_sig	ybbO		False	False	0.009722222222222224	False	Ecoli	False	True	False	False	diann231	AlphaPeptStats	mean	1.660964047443681
P60723	0.05851991891487007	0.06766422833041474	1.2326962843042266	non_sig	rplD		False	False	0.009747942386831276	False	Ecoli	False	True	False	False	diann231	AlphaPeptStats	mean	1.660964047443681
P0A6X3	0.058642429018434916	-0.5366939338371637	1.231788049153852	non_sig	hfq		False	False	0.00977366255144033	False	Ecoli	False	True	False	False	diann231	AlphaPeptStats	mean	1.660964047443681
P77434	0.05868607102810402	0.02426310922828634	1.2314649650805864	non_sig	alaC		False	False	0.009799382716049384	False	Ecoli	False	True	False	False	diann231	AlphaPeptStats	mean	1.660964047443681
P0AF93	0.05869075915279963	-0.0800289144788131	1.2314302729410267	non_sig	ridA		False	False	0.009825102880658437	False	Ecoli	False	True	False	False	diann231	AlphaPeptStats	mean	1.660964047443681
P0AFK0	0.05874305338239219	-0.043575171900997134	1.2310434832020523	non_sig	pmbA		False	False	0.009850823045267491	False	Ecoli	False	True	False	False	diann231	AlphaPeptStats	mean	1.660964047443681
P41407	0.059003775842321256	0.17992658054845379	1.229120195560998	non_sig	azoR		False	False	0.009876543209876545	False	Ecoli	False	True	False	False	diann231	AlphaPeptStats	mean	1.660964047443681
P03004	0.060227182192242976	0.09454309775638592	1.220207455391383	non_sig	dnaA		False	False	0.009902263374485597	False	Ecoli	False	True	False	False	diann231	AlphaPeptStats	mean	1.660964047443681
P0A763	0.060384279137977545	-0.06394244860707943	1.2190761139005108	non_sig	ndk		False	False	0.00992798353909465	False	Ecoli	False	True	False	False	diann231	AlphaPeptStats	mean	1.660964047443681
P0A9C5	0.06067100573898631	-0.03455959577783929	1.2170188057272608	non_sig	glnA		False	False	0.009953703703703704	False	Ecoli	False	True	False	False	diann231	AlphaPeptStats	mean	1.660964047443681
P33363	0.06087352465302682	0.04654565024791424	1.2155715513266119	non_sig	bglX		False	False	0.009979423868312758	False	Ecoli	False	True	False	False	diann231	AlphaPeptStats	mean	1.660964047443681
P24205	0.06096346469806492	0.09086427469626912	1.2149303589832126	non_sig	msbB		False	False	0.010005144032921812	False	Ecoli	False	True	False	False	diann231	AlphaPeptStats	mean	1.660964047443681
P0AFJ1	0.061385568435504106	-0.15334671686711587	1.2119337181993715	non_sig	phnA		False	False	0.010030864197530864	False	Ecoli	False	True	False	False	diann231	AlphaPeptStats	mean	1.660964047443681
P0AEN1	0.06145171091248211	0.10677817637798626	1.2114660211663602	non_sig	fre		False	False	0.010056584362139917	False	Ecoli	False	True	False	False	diann231	AlphaPeptStats	mean	1.660964047443681
P76187	0.06267497042822881	0.13851465945382202	1.2029058622817534	non_sig	ydhF		False	False	0.010082304526748971	False	Ecoli	False	True	False	False	diann231	AlphaPeptStats	mean	1.660964047443681
P0ACR4	0.06289146075290249	-0.07176573386298912	1.2014083179832111	non_sig	yeiE		False	False	0.010108024691358027	False	Ecoli	False	True	False	False	diann231	AlphaPeptStats	mean	1.660964047443681
Q46829	0.06310344155285566	0.05462270242052014	1.1999469544380226	non_sig	bglA		False	False	0.01013374485596708	False	Ecoli	False	True	False	False	diann231	AlphaPeptStats	mean	1.660964047443681
P24215	0.06377533302774126	-0.13449055202561055	1.1953472648744605	non_sig	uxuA		False	False	0.010159465020576132	False	Ecoli	False	True	False	False	diann231	AlphaPeptStats	mean	1.660964047443681
P0ADR6	0.06422834416536198	0.1031635200619867	1.1922732741421465	non_sig	rlmM		False	False	0.010185185185185186	False	Ecoli	False	True	False	False	diann231	AlphaPeptStats	mean	1.660964047443681
P0A7M6	0.06432448385686734	0.18016167102554448	1.191623689906014	non_sig	rpmC		False	False	0.01021090534979424	False	Ecoli	False	True	False	False	diann231	AlphaPeptStats	mean	1.660964047443681
P0ACS7	0.06443891819582612	0.1655994029101322	1.1908517591517471	non_sig	rpiR		False	False	0.010236625514403293	False	Ecoli	False	True	False	False	diann231	AlphaPeptStats	mean	1.660964047443681
P61949	0.06520235727746725	-0.05391420018818849	1.18573670282498	non_sig	fldA		False	False	0.010262345679012347	False	Ecoli	False	True	False	False	diann231	AlphaPeptStats	mean	1.660964047443681
P0C0R7	0.06539631185470485	0.0971816893663977	1.1844467438212352	non_sig	rlmE		False	False	0.0102880658436214	False	Ecoli	False	True	False	False	diann231	AlphaPeptStats	mean	1.660964047443681
P0A7T7	0.06608137723436591	0.06936439152763896	1.179920914249229	non_sig	rpsR		False	False	0.010313786008230453	False	Ecoli	False	True	False	False	diann231	AlphaPeptStats	mean	1.660964047443681
P0AAR3	0.06615900732530418	-0.07813033605859232	1.1794110197248113	non_sig	ybaK		False	False	0.010339506172839507	False	Ecoli	False	True	False	False	diann231	AlphaPeptStats	mean	1.660964047443681
P09152	0.06618224373234408	-0.011309183118584087	1.1792585133312306	non_sig	narG		False	False	0.01036522633744856	False	Ecoli	False	True	False	False	diann231	AlphaPeptStats	mean	1.660964047443681
P0ADV5	0.06634178294132954	0.08323552490104902	1.1782128609567852	non_sig	yhbW		False	False	0.010390946502057614	False	Ecoli	False	True	False	False	diann231	AlphaPeptStats	mean	1.660964047443681
P0ACY3	0.06654956594758875	-0.15808580561958152	1.1768547727540213	non_sig	yeaG		False	False	0.010416666666666666	False	Ecoli	False	True	False	False	diann231	AlphaPeptStats	mean	1.660964047443681
P20966	0.06672603143784235	-0.06133760026953894	1.175704704250066	non_sig	fruA		False	False	0.01044238683127572	False	Ecoli	False	True	False	False	diann231	AlphaPeptStats	mean	1.660964047443681
P23871	0.06722856888059484	0.10069854758092234	1.1724461336341043	non_sig	hemH		False	False	0.010468106995884774	False	Ecoli	False	True	False	False	diann231	AlphaPeptStats	mean	1.660964047443681
P76406	0.06739934782753627	0.2649434130514372	1.1713443057832642	non_sig	yegR		False	False	0.010493827160493829	False	Ecoli	False	True	False	False	diann231	AlphaPeptStats	mean	1.660964047443681
P0A8J4	0.06741721748301749	0.08287726337737311	1.1712291761210216	non_sig	ybeD		False	False	0.010519547325102883	False	Ecoli	False	True	False	False	diann231	AlphaPeptStats	mean	1.660964047443681
P0A825	0.06744090095227652	-0.07232545686460767	1.1710766365448122	non_sig	glyA		False	False	0.010545267489711935	False	Ecoli	False	True	False	False	diann231	AlphaPeptStats	mean	1.660964047443681
P0A6U5	0.06771154151713295	0.050761520906817736	1.1693372989663628	non_sig	rsmG		False	False	0.010570987654320988	False	Ecoli	False	True	False	False	diann231	AlphaPeptStats	mean	1.660964047443681
P0AD37	0.06772156526901962	0.10959861298154294	1.1692730124673878	non_sig	yfeC		False	False	0.010596707818930042	False	Ecoli	False	True	False	False	diann231	AlphaPeptStats	mean	1.660964047443681
P0AGC3	0.06814951870816215	0.05611054384590375	1.1665372069331588	non_sig	slt		False	False	0.010622427983539096	False	Ecoli	False	True	False	False	diann231	AlphaPeptStats	mean	1.660964047443681
P0A8N0	0.06819970599947978	-0.2503447396111227	1.1662174975294275	non_sig	matP		False	False	0.01064814814814815	False	Ecoli	False	True	False	False	diann231	AlphaPeptStats	mean	1.660964047443681
P08337	0.0688478790250429	-0.273300485041279	1.1621094343745002	non_sig	mutT		False	False	0.010673868312757202	False	Ecoli	False	True	False	False	diann231	AlphaPeptStats	mean	1.660964047443681
P39286	0.0693620243323388	0.13083404788073594	1.1588782404520441	non_sig	rsgA		False	False	0.010699588477366255	False	Ecoli	False	True	False	False	diann231	AlphaPeptStats	mean	1.660964047443681
P37765	0.06983046430719399	0.0336559670089045	1.1559550702977794	non_sig	rluB		False	False	0.010725308641975309	False	Ecoli	False	True	False	False	diann231	AlphaPeptStats	mean	1.660964047443681
P13024	0.07017952788431545	0.059576393106201664	1.1537895577211583	non_sig	fdhE		False	False	0.010751028806584363	False	Ecoli	False	True	False	False	diann231	AlphaPeptStats	mean	1.660964047443681
P0A7Y0	0.070295267880213	-0.04960278803051921	1.1530739097267357	non_sig	rnc		False	False	0.010776748971193417	False	Ecoli	False	True	False	False	diann231	AlphaPeptStats	mean	1.660964047443681
P0A937	0.07047896573473857	-0.07713494901358331	1.1519404777372064	non_sig	bamE		False	False	0.010802469135802469	False	Ecoli	False	True	False	False	diann231	AlphaPeptStats	mean	1.660964047443681
P0A7E1	0.07071875211673488	0.046355284595200885	1.1504654113659902	non_sig	pyrD		False	False	0.010828189300411522	False	Ecoli	False	True	False	False	diann231	AlphaPeptStats	mean	1.660964047443681
P0A7X6	0.07085112335647749	-0.052317362783288246	1.1496532595498765	non_sig	rimM		False	False	0.010853909465020578	False	Ecoli	False	True	False	False	diann231	AlphaPeptStats	mean	1.660964047443681
P77330	0.0710652460656976	-0.12673153293449957	1.1483427358659957	non_sig	borD		False	False	0.010879629629629631	False	Ecoli	False	True	False	False	diann231	AlphaPeptStats	mean	1.660964047443681
P0A903	0.07266880976775202	-0.028394475406706476	1.138651952996924	non_sig	bamC		False	False	0.010905349794238685	False	Ecoli	False	True	False	False	diann231	AlphaPeptStats	mean	1.660964047443681
P0AAX8	0.07269669535603845	-0.0334617501363752	1.1384853308363823	non_sig	ybiS		False	False	0.010931069958847737	False	Ecoli	False	True	False	False	diann231	AlphaPeptStats	mean	1.660964047443681
P0AGE0	0.07349933436041331	-0.02933996375009329	1.1337165940438114	non_sig	ssb		False	False	0.010956790123456791	False	Ecoli	False	True	False	False	diann231	AlphaPeptStats	mean	1.660964047443681
P0ADH5	0.07355136667479903	0.09899457367113129	1.1334092531361875	non_sig	fimB		False	False	0.010982510288065845	False	Ecoli	False	True	False	False	diann231	AlphaPeptStats	mean	1.660964047443681
P37624	0.07411109237658065	0.2686448848951599	1.1301167853079903	non_sig	yhiH		False	False	0.011008230452674898	False	Ecoli	False	True	False	False	diann231	AlphaPeptStats	mean	1.660964047443681
P69228	0.07429256034192834	0.1292139467763569	1.129054674317738	non_sig	baeR		False	False	0.011033950617283952	False	Ecoli	False	True	False	False	diann231	AlphaPeptStats	mean	1.660964047443681
P0A9X4	0.07459552573233108	0.05292111129937638	1.1272872208923905	non_sig	mreB		False	False	0.011059670781893004	False	Ecoli	False	True	False	False	diann231	AlphaPeptStats	mean	1.660964047443681
P0ADX1	0.07524239130824074	-0.07719917352357797	1.123537410417375	non_sig	yhfA		False	False	0.011085390946502058	False	Ecoli	False	True	False	False	diann231	AlphaPeptStats	mean	1.660964047443681
P77475	0.07544222919108035	-0.18963417758693168	1.1223854874090906	non_sig	yqaB		False	False	0.011111111111111112	False	Ecoli	False	True	False	False	diann231	AlphaPeptStats	mean	1.660964047443681
P69441	0.07590570638613305	-0.04487940568906268	1.1197255737902547	non_sig	adk		False	False	0.011136831275720165	False	Ecoli	False	True	False	False	diann231	AlphaPeptStats	mean	1.660964047443681
P77756	0.07598133344050102	-0.08657409612035138	1.1192930890286006	non_sig	queC		False	False	0.011162551440329219	False	Ecoli	False	True	False	False	diann231	AlphaPeptStats	mean	1.660964047443681
P0ABU2	0.07613857351022559	-0.033251582151613945	1.1183952641442014	non_sig	ychF		False	False	0.011188271604938271	False	Ecoli	False	True	False	False	diann231	AlphaPeptStats	mean	1.660964047443681
P76192	0.07626487754355307	0.08427975709418334	1.117675422737788	non_sig	ydhV		False	False	0.011213991769547325	False	Ecoli	False	True	False	False	diann231	AlphaPeptStats	mean	1.660964047443681
P23331	0.07647330708756371	0.14718562826249126	1.1164901283435098	non_sig	tdk		False	False	0.01123971193415638	False	Ecoli	False	True	False	False	diann231	AlphaPeptStats	mean	1.660964047443681
P37095	0.07690642850665473	0.04259233935992768	1.1140373565798483	non_sig	pepB		False	False	0.011265432098765434	False	Ecoli	False	True	False	False	diann231	AlphaPeptStats	mean	1.660964047443681
P25519	0.07736398764696335	-0.03851739534757215	1.1114611530869092	non_sig	hflX		False	False	0.011291152263374488	False	Ecoli	False	True	False	False	diann231	AlphaPeptStats	mean	1.660964047443681
P0AB77	0.07737223722000625	0.019471385233476468	1.1114148453259818	non_sig	kbl		False	False	0.01131687242798354	False	Ecoli	False	True	False	False	diann231	AlphaPeptStats	mean	1.660964047443681
P0A6Z1	0.07744605743738334	-0.04802516573327864	1.1110006860619184	non_sig	hscA		False	False	0.011342592592592593	False	Ecoli	False	True	False	False	diann231	AlphaPeptStats	mean	1.660964047443681
P66948	0.07765046266267868	0.07869672216414614	1.1098559522824964	non_sig	yfgC		False	False	0.011368312757201647	False	Ecoli	False	True	False	False	diann231	AlphaPeptStats	mean	1.660964047443681
P0A9M8	0.07768823128365611	-0.03176692633580558	1.1096447659568476	non_sig	pta		False	False	0.0113940329218107	False	Ecoli	False	True	False	False	diann231	AlphaPeptStats	mean	1.660964047443681
P05637	0.07793387437471933	-0.08194767995109586	1.108273732874943	non_sig	apaH		False	False	0.011419753086419755	False	Ecoli	False	True	False	False	diann231	AlphaPeptStats	mean	1.660964047443681
P00582	0.07799211209557239	-0.06067070403738839	1.1079493184196783	non_sig	polA		False	False	0.011445473251028807	False	Ecoli	False	True	False	False	diann231	AlphaPeptStats	mean	1.660964047443681
P60390	0.07811495372584826	-0.058514087699531814	1.1072658201691947	non_sig	rsmH		False	False	0.01147119341563786	False	Ecoli	False	True	False	False	diann231	AlphaPeptStats	mean	1.660964047443681
P32685	0.07883999195928713	-0.26400747622259857	1.1032534286853064	non_sig	yjbD		False	False	0.011496913580246914	False	Ecoli	False	True	False	False	diann231	AlphaPeptStats	mean	1.660964047443681
P0A8R0	0.07972053135154346	-0.0764141052884284	1.098429815311813	non_sig	rraA		False	False	0.011522633744855968	False	Ecoli	False	True	False	False	diann231	AlphaPeptStats	mean	1.660964047443681
P0A964	0.08008180507520993	0.06811742552764954	1.0964661462509164	non_sig	cheW		False	False	0.011548353909465021	False	Ecoli	False	True	False	False	diann231	AlphaPeptStats	mean	1.660964047443681
P39099	0.08021380956283093	-0.0767340392854905	1.0957508573935244	non_sig	degQ		False	False	0.011574074074074073	False	Ecoli	False	True	False	False	diann231	AlphaPeptStats	mean	1.660964047443681
P25536	0.08039221903152981	0.15513775694403975	1.0947859835301434	non_sig	yhdE		False	False	0.011599794238683127	False	Ecoli	False	True	False	False	diann231	AlphaPeptStats	mean	1.660964047443681
P45807	0.0806701802008992	-0.23766488470336355	1.0932869729297428	non_sig	ybaM		False	False	0.011625514403292183	False	Ecoli	False	True	False	False	diann231	AlphaPeptStats	mean	1.660964047443681
P0AF36	0.0807038961167496	-0.0877597390139293	1.093105498472961	non_sig	zapB		False	False	0.011651234567901236	False	Ecoli	False	True	False	False	diann231	AlphaPeptStats	mean	1.660964047443681
P0A744	0.08109211400401327	0.0810019604268355	1.091021377737852	non_sig	msrA		False	False	0.01167695473251029	False	Ecoli	False	True	False	False	diann231	AlphaPeptStats	mean	1.660964047443681
P32157	0.08158447040970014	-0.03290604290463861	1.0883925012612357	non_sig	yiiM		False	False	0.011702674897119342	False	Ecoli	False	True	False	False	diann231	AlphaPeptStats	mean	1.660964047443681
P0CG19	0.08225712730815841	-0.09582975783287395	1.0848264615664476	non_sig	rph		False	False	0.011728395061728396	False	Ecoli	False	True	False	False	diann231	AlphaPeptStats	mean	1.660964047443681
P0A867	0.08229470238756573	-0.0481514158659877	1.0846281210197946	non_sig	talA		False	False	0.01175411522633745	False	Ecoli	False	True	False	False	diann231	AlphaPeptStats	mean	1.660964047443681
P64463	0.08232037693047874	0.03774455638849261	1.084492649683279	non_sig	ydfZ		False	False	0.011779835390946503	False	Ecoli	False	True	False	False	diann231	AlphaPeptStats	mean	1.660964047443681
P0A9Q5	0.08259883861070746	0.024976500467833063	1.0830260590780083	non_sig	accD		False	False	0.011805555555555557	False	Ecoli	False	True	False	False	diann231	AlphaPeptStats	mean	1.660964047443681
P0AAV6	0.08266062461317224	-0.4644811264245057	1.0827013173578537	non_sig	ybgS		False	False	0.011831275720164609	False	Ecoli	False	True	False	False	diann231	AlphaPeptStats	mean	1.660964047443681
P07004	0.08350628438525015	-0.05320970985791362	1.0782808398321344	non_sig	proA		False	False	0.011856995884773663	False	Ecoli	False	True	False	False	diann231	AlphaPeptStats	mean	1.660964047443681
P0ABS1	0.08387696322835939	-0.05715639394045624	1.076357301585814	non_sig	dksA		False	False	0.011882716049382716	False	Ecoli	False	True	False	False	diann231	AlphaPeptStats	mean	1.660964047443681
P0AAK1	0.08434810977195374	0.1393114541252345	1.073924645437728	non_sig	hycB		False	False	0.01190843621399177	False	Ecoli	False	True	False	False	diann231	AlphaPeptStats	mean	1.660964047443681
P0A908	0.08470949581538971	0.06030159100576782	1.07206790313954	non_sig	mipA		False	False	0.011934156378600824	False	Ecoli	False	True	False	False	diann231	AlphaPeptStats	mean	1.660964047443681
P0AAH0	0.0856730482780336	-0.111408816439301	1.0671557804695575	non_sig	pstB		False	False	0.011959876543209876	False	Ecoli	False	True	False	False	diann231	AlphaPeptStats	mean	1.660964047443681
P00946	0.08604482122953355	0.0513667764270167	1.065275263385448	non_sig	manA		False	False	0.01198559670781893	False	Ecoli	False	True	False	False	diann231	AlphaPeptStats	mean	1.660964047443681
P00452	0.08677880088113514	0.05011700434704025	1.061586355293511	non_sig	nrdA		False	False	0.012011316872427985	False	Ecoli	False	True	False	False	diann231	AlphaPeptStats	mean	1.660964047443681
P69801	0.08730691350802056	-0.15520974495693096	1.058951364776647	non_sig	manY		False	False	0.012037037037037039	False	Ecoli	False	True	False	False	diann231	AlphaPeptStats	mean	1.660964047443681
P0AC75	0.08737100980237032	0.2447770199812318	1.0586326448414847	non_sig	waaA		False	False	0.012062757201646093	False	Ecoli	False	True	False	False	diann231	AlphaPeptStats	mean	1.660964047443681
P0A7G6	0.08739241067902517	-0.04604105677157477	1.0585262806760323	non_sig	recA		False	False	0.012088477366255145	False	Ecoli	False	True	False	False	diann231	AlphaPeptStats	mean	1.660964047443681
P0ABU0	0.08770005096810532	-0.04257423355164747	1.057000154237603	non_sig	menB		False	False	0.012114197530864198	False	Ecoli	False	True	False	False	diann231	AlphaPeptStats	mean	1.660964047443681
P05041	0.08841266397404608	0.08502760106273755	1.0534855234469505	non_sig	pabB		False	False	0.012139917695473252	False	Ecoli	False	True	False	False	diann231	AlphaPeptStats	mean	1.660964047443681
P0AG18	0.0888481817769836	0.0667493011630107	1.0513514553353553	non_sig	purE		False	False	0.012165637860082306	False	Ecoli	False	True	False	False	diann231	AlphaPeptStats	mean	1.660964047443681
P23837	0.08919013254722612	-0.15244905516934537	1.0496831906612714	non_sig	phoQ		False	False	0.01219135802469136	False	Ecoli	False	True	False	False	diann231	AlphaPeptStats	mean	1.660964047443681
P0ABD5	0.0897322913344494	0.0226923828465182	1.047051242299145	non_sig	accA		False	False	0.012217078189300411	False	Ecoli	False	True	False	False	diann231	AlphaPeptStats	mean	1.660964047443681
P0AAS0	0.09015650605977346	-0.14106208299945422	1.0450029273563917	non_sig	ylaC		False	False	0.012242798353909465	False	Ecoli	False	True	False	False	diann231	AlphaPeptStats	mean	1.660964047443681
P0ADA1	0.09015836798476612	-0.1255362803257043	1.0449939583375645	non_sig	tesA		False	False	0.012268518518518519	False	Ecoli	False	True	False	False	diann231	AlphaPeptStats	mean	1.660964047443681
P0AGD3	0.0906448543413516	0.057027544719655765	1.0426568445699653	non_sig	sodB		False	False	0.012294238683127573	False	Ecoli	False	True	False	False	diann231	AlphaPeptStats	mean	1.660964047443681
P12282	0.09065665938392778	0.18919861630119073	1.0426002883421506	non_sig	moeB		False	False	0.012319958847736626	False	Ecoli	False	True	False	False	diann231	AlphaPeptStats	mean	1.660964047443681
P0A832	0.09107549567163924	0.09689760307691131	1.040598456464065	non_sig	smpB		False	False	0.012345679012345678	False	Ecoli	False	True	False	False	diann231	AlphaPeptStats	mean	1.660964047443681
P33371	0.09173070202422524	-0.1777376048671151	1.0374852827806347	non_sig	dusC		False	False	0.012371399176954732	False	Ecoli	False	True	False	False	diann231	AlphaPeptStats	mean	1.660964047443681
P37665	0.0919001915110915	-0.03479717618544598	1.0366835835853403	non_sig	yiaD		False	False	0.012397119341563788	False	Ecoli	False	True	False	False	diann231	AlphaPeptStats	mean	1.660964047443681
P0ACB7	0.09215031719052819	0.06021186735748785	1.035503165557669	non_sig	hemY		False	False	0.012422839506172841	False	Ecoli	False	True	False	False	diann231	AlphaPeptStats	mean	1.660964047443681
P0AAN1	0.09265187746856114	-0.15870054495949049	1.033145775848864	non_sig	hybE		False	False	0.012448559670781895	False	Ecoli	False	True	False	False	diann231	AlphaPeptStats	mean	1.660964047443681
P08395	0.09320996886016841	-0.02790390366937956	1.0305376371155819	non_sig	sppA		False	False	0.012474279835390947	False	Ecoli	False	True	False	False	diann231	AlphaPeptStats	mean	1.660964047443681
P0A8J2	0.09417179369472353	-0.12996736525676766	1.0260791574734474	non_sig	dnaT		False	False	0.0125	False	Ecoli	False	True	False	False	diann231	AlphaPeptStats	mean	1.660964047443681
P0A898	0.09427868387301162	-0.06850539629522956	1.0255864888405244	non_sig	ybeY		False	False	0.012525720164609054	False	Ecoli	False	True	False	False	diann231	AlphaPeptStats	mean	1.660964047443681
P0A7J7	0.09464938891437069	-0.0500889580511128	1.0238821856301739	non_sig	rplK		False	False	0.012551440329218108	False	Ecoli	False	True	False	False	diann231	AlphaPeptStats	mean	1.660964047443681
P0ADU2	0.09513155419194938	-0.07858372554493798	1.0216754079996615	non_sig	ygiN		False	False	0.012577160493827162	False	Ecoli	False	True	False	False	diann231	AlphaPeptStats	mean	1.660964047443681
P0A7M2	0.09547635587932483	-0.04615652038172158	1.0201041654057816	non_sig	rpmB		False	False	0.012602880658436214	False	Ecoli	False	True	False	False	diann231	AlphaPeptStats	mean	1.660964047443681
P52076	0.09623146577768528	-0.2105790364645479	1.0166828990722228	non_sig	qseB		False	False	0.012628600823045268	False	Ecoli	False	True	False	False	diann231	AlphaPeptStats	mean	1.660964047443681
P67080	0.09660431915761027	-0.04883422816731553	1.0150034559407903	non_sig	yggS		False	False	0.012654320987654321	False	Ecoli	False	True	False	False	diann231	AlphaPeptStats	mean	1.660964047443681
P27306	0.09664821084024279	-0.10931900470228939	1.014806181256762	non_sig	sthA		False	False	0.012680041152263375	False	Ecoli	False	True	False	False	diann231	AlphaPeptStats	mean	1.660964047443681
P0AD05	0.09693002678410696	0.17955881502892268	1.0135416672566246	non_sig	yecA		False	False	0.012705761316872429	False	Ecoli	False	True	False	False	diann231	AlphaPeptStats	mean	1.660964047443681
P24224	0.09699159035186343	-0.12748618200593143	1.0132659195699458	non_sig	acpS		False	False	0.01273148148148148	False	Ecoli	False	True	False	False	diann231	AlphaPeptStats	mean	1.660964047443681
P45470	0.09763631402322911	0.15435283808471567	1.0103886244779996	non_sig	yhbO		False	False	0.012757201646090535	False	Ecoli	False	True	False	False	diann231	AlphaPeptStats	mean	1.660964047443681
P0A7V0	0.09774889352453806	-0.05896652833817484	1.0098881499311463	non_sig	rpsB		False	False	0.01278292181069959	False	Ecoli	False	True	False	False	diann231	AlphaPeptStats	mean	1.660964047443681
P10903	0.09778926631263613	0.14873984345326008	1.0097088122575812	non_sig	narK		False	False	0.012808641975308644	False	Ecoli	False	True	False	False	diann231	AlphaPeptStats	mean	1.660964047443681
P0AE08	0.09798842373804463	-0.07602139985715439	1.0088252284263735	non_sig	ahpC		False	False	0.012834362139917697	False	Ecoli	False	True	False	False	diann231	AlphaPeptStats	mean	1.660964047443681
P32162	0.09846696060184518	0.18548889321288442	1.006709467322924	non_sig	yiiS		False	False	0.01286008230452675	False	Ecoli	False	True	False	False	diann231	AlphaPeptStats	mean	1.660964047443681
P31224	0.09904817682040343	0.05054655727354529	1.0041535141095388	non_sig	acrB		False	False	0.012885802469135803	False	Ecoli	False	True	False	False	diann231	AlphaPeptStats	mean	1.660964047443681
P63228	0.0997349458890972	-0.04619960103169163	1.0011526436180633	non_sig	gmhB		False	False	0.012911522633744857	False	Ecoli	False	True	False	False	diann231	AlphaPeptStats	mean	1.660964047443681
P76049	0.09978854977424952	0.08934739693706817	1.000919288924543	non_sig	ycjY		False	False	0.01293724279835391	False	Ecoli	False	True	False	False	diann231	AlphaPeptStats	mean	1.660964047443681
P00926	0.10142630065042049	-0.16630151993568631	0.9938494143687318	non_sig	dsdA		False	False	0.012962962962962964	False	Ecoli	False	True	False	False	diann231	AlphaPeptStats	mean	1.660964047443681
P63284	0.10182175368947226	0.033619907263485516	0.9921594273232139	non_sig	clpB		False	False	0.012988683127572016	False	Ecoli	False	True	False	False	diann231	AlphaPeptStats	mean	1.660964047443681
P76576	0.10222991717283787	-0.027870104982262944	0.9904219910727574	non_sig	yfgM		False	False	0.01301440329218107	False	Ecoli	False	True	False	False	diann231	AlphaPeptStats	mean	1.660964047443681
P0AEX5	0.10257191752170387	-0.05049328064980685	0.9889715255278025	non_sig	prkB		False	False	0.013040123456790124	False	Ecoli	False	True	False	False	diann231	AlphaPeptStats	mean	1.660964047443681
P0AEE1	0.10382276722056666	0.05275302899276468	0.9837073999167502	non_sig	dcrB		False	False	0.013065843621399178	False	Ecoli	False	True	False	False	diann231	AlphaPeptStats	mean	1.660964047443681
P0A7D1	0.10514131968082904	-0.05013136608340574	0.9782265762380321	non_sig	pth		False	False	0.013091563786008231	False	Ecoli	False	True	False	False	diann231	AlphaPeptStats	mean	1.660964047443681
P0AC86	0.10553484115260092	-0.0983582534152525	0.9766041392068159	non_sig	glgP		False	False	0.013117283950617283	False	Ecoli	False	True	False	False	diann231	AlphaPeptStats	mean	1.660964047443681
P20099	0.10601709226848938	0.3665741087953265	0.9746241113439569	non_sig	bisC		False	False	0.013143004115226337	False	Ecoli	False	True	False	False	diann231	AlphaPeptStats	mean	1.660964047443681
P0A9W6	0.10623990490885996	0.10917907159965878	0.9737123266957102	non_sig	yrbA		False	False	0.013168724279835392	False	Ecoli	False	True	False	False	diann231	AlphaPeptStats	mean	1.660964047443681
P0A887	0.10782965595518987	-0.04561766289590352	0.9672617804624062	non_sig	ubiE		False	False	0.013194444444444446	False	Ecoli	False	True	False	False	diann231	AlphaPeptStats	mean	1.660964047443681
P09126	0.10784504285455906	-0.11829629835567346	0.9671998126420003	non_sig	hemD		False	False	0.0132201646090535	False	Ecoli	False	True	False	False	diann231	AlphaPeptStats	mean	1.660964047443681
P33913	0.10796705185810967	-0.04368787684231634	0.9667087572847888	non_sig	yejA		False	False	0.013245884773662552	False	Ecoli	False	True	False	False	diann231	AlphaPeptStats	mean	1.660964047443681
P21179	0.10855068747892332	0.1399042293047934	0.9643674217041962	non_sig	katE		False	False	0.013271604938271606	False	Ecoli	False	True	False	False	diann231	AlphaPeptStats	mean	1.660964047443681
P0AAT4	0.10914634300717227	-0.13696418645113084	0.9619908109251764	non_sig	mscM		False	False	0.01329732510288066	False	Ecoli	False	True	False	False	diann231	AlphaPeptStats	mean	1.660964047443681
P0A6E6	0.10969366678125331	-0.07592162642378142	0.9598184459107316	non_sig	atpC		False	False	0.013323045267489713	False	Ecoli	False	True	False	False	diann231	AlphaPeptStats	mean	1.660964047443681
P37773	0.11107096285915298	0.04687294851452606	0.954399463275984	non_sig	mpl		False	False	0.013348765432098767	False	Ecoli	False	True	False	False	diann231	AlphaPeptStats	mean	1.660964047443681
P0ABH9	0.112245749605738	0.04175539609592249	0.9498300953823061	non_sig	clpA		False	False	0.013374485596707819	False	Ecoli	False	True	False	False	diann231	AlphaPeptStats	mean	1.660964047443681
P0A901	0.11233256416739294	0.10143759888248027	0.9494943275486254	non_sig	blc		False	False	0.013400205761316872	False	Ecoli	False	True	False	False	diann231	AlphaPeptStats	mean	1.660964047443681
P77625	0.11234547748024083	-0.047785906777022547	0.9494444056205369	non_sig	yfbT		False	False	0.013425925925925926	False	Ecoli	False	True	False	False	diann231	AlphaPeptStats	mean	1.660964047443681
P00888	0.11245790333957094	-0.08425445476694904	0.9490100177192267	non_sig	aroF		False	False	0.01345164609053498	False	Ecoli	False	True	False	False	diann231	AlphaPeptStats	mean	1.660964047443681
P0AD33	0.11300026434243622	0.06416750198981092	0.9469205405667829	non_sig	yfcZ		False	False	0.013477366255144034	False	Ecoli	False	True	False	False	diann231	AlphaPeptStats	mean	1.660964047443681
P26646	0.11312356742460755	0.06199423107149471	0.9464469075748269	non_sig	acuI		False	False	0.013503086419753086	False	Ecoli	False	True	False	False	diann231	AlphaPeptStats	mean	1.660964047443681
P0A8I1	0.11314027930893347	-0.15918757155552044	0.9463827534533185	non_sig	yqgF		False	False	0.013528806584362141	False	Ecoli	False	True	False	False	diann231	AlphaPeptStats	mean	1.660964047443681
P00962	0.113326196394949	-0.02456814169202559	0.9456696873587795	non_sig	glnS		False	False	0.013554526748971195	False	Ecoli	False	True	False	False	diann231	AlphaPeptStats	mean	1.660964047443681
P0C0T5	0.11384665806692493	0.263976430206867	0.9436797134405436	non_sig	mepA		False	False	0.013580246913580249	False	Ecoli	False	True	False	False	diann231	AlphaPeptStats	mean	1.660964047443681
P36928	0.11428777914293561	0.07864859292134696	0.9420002064773467	non_sig	yegD		False	False	0.013605967078189302	False	Ecoli	False	True	False	False	diann231	AlphaPeptStats	mean	1.660964047443681
P64554	0.11448281187648865	0.06801612927155176	0.9412597121671687	non_sig	queE		False	False	0.013631687242798354	False	Ecoli	False	True	False	False	diann231	AlphaPeptStats	mean	1.660964047443681
P0ADQ2	0.11455050269375328	-0.16345670067719098	0.9410030006112567	non_sig	yiiD		False	False	0.013657407407407408	False	Ecoli	False	True	False	False	diann231	AlphaPeptStats	mean	1.660964047443681
P42641	0.11544870816312308	-0.07707825820598302	0.9376109223463378	non_sig	obgE		False	False	0.013683127572016462	False	Ecoli	False	True	False	False	diann231	AlphaPeptStats	mean	1.660964047443681
P0AFB8	0.11565781917980962	0.06591793817863234	0.9368250009231728	non_sig	glnG		False	False	0.013708847736625515	False	Ecoli	False	True	False	False	diann231	AlphaPeptStats	mean	1.660964047443681
P56258	0.11573297224209651	-0.07387383113066548	0.9365428932282518	non_sig	wecF		False	False	0.01373456790123457	False	Ecoli	False	True	False	False	diann231	AlphaPeptStats	mean	1.660964047443681
P0ACE7	0.1167470771603287	0.046537757565900506	0.9327539834730314	non_sig	hinT		False	False	0.013760288065843621	False	Ecoli	False	True	False	False	diann231	AlphaPeptStats	mean	1.660964047443681
P12295	0.11675261255673494	-0.2423136175728402	0.9327333925067843	non_sig	ung		False	False	0.013786008230452675	False	Ecoli	False	True	False	False	diann231	AlphaPeptStats	mean	1.660964047443681
P0A9Q1	0.11680672835122542	-0.05602916503947597	0.9325321400862198	non_sig	arcA		False	False	0.013811728395061729	False	Ecoli	False	True	False	False	diann231	AlphaPeptStats	mean	1.660964047443681
P0A8N3	0.1168903879411224	-0.042521665858089364	0.932221200008062	non_sig	lysS		False	False	0.013837448559670782	False	Ecoli	False	True	False	False	diann231	AlphaPeptStats	mean	1.660964047443681
Q46919	0.11725973397223138	0.6042382442651117	0.9308510954362548	non_sig	yqcC		False	False	0.013863168724279836	False	Ecoli	False	True	False	False	diann231	AlphaPeptStats	mean	1.660964047443681
P02919	0.11803073055590395	0.09528780945140625	0.9280049047845258	non_sig	mrcB		False	False	0.013888888888888888	False	Ecoli	False	True	False	False	diann231	AlphaPeptStats	mean	1.660964047443681
P0AFG0	0.11831296557978593	-0.039603550730856085	0.9269676596729283	non_sig	nusG		False	False	0.013914609053497944	False	Ecoli	False	True	False	False	diann231	AlphaPeptStats	mean	1.660964047443681
P04825	0.11873596178780019	0.023047610509529193	0.9254177255219503	non_sig	pepN		False	False	0.013940329218106997	False	Ecoli	False	True	False	False	diann231	AlphaPeptStats	mean	1.660964047443681
P11988	0.11878170422866685	0.309701045492325	0.9252504479443625	non_sig	bglB		False	False	0.013966049382716051	False	Ecoli	False	True	False	False	diann231	AlphaPeptStats	mean	1.660964047443681
P30850	0.11879718966318183	-0.026737294394848732	0.9251938331612976	non_sig	rnb		False	False	0.013991769547325105	False	Ecoli	False	True	False	False	diann231	AlphaPeptStats	mean	1.660964047443681
P0A8Y5	0.11937942123255696	0.04761496317031089	0.9230705309571282	non_sig	yidA		False	False	0.014017489711934157	False	Ecoli	False	True	False	False	diann231	AlphaPeptStats	mean	1.660964047443681
P0AE85	0.11978574990939558	0.12484550795801752	0.9215948439151321	non_sig	cpxP		False	False	0.01404320987654321	False	Ecoli	False	True	False	False	diann231	AlphaPeptStats	mean	1.660964047443681
P77536	0.11991749311495366	0.10269729569065333	0.9211174590267072	non_sig	ykgF		False	False	0.014068930041152264	False	Ecoli	False	True	False	False	diann231	AlphaPeptStats	mean	1.660964047443681
P0A6L4	0.12047963268757252	-0.227824236628706	0.9190863651971891	non_sig	nanA		False	False	0.014094650205761318	False	Ecoli	False	True	False	False	diann231	AlphaPeptStats	mean	1.660964047443681
P0A794	0.12124156634890645	-0.052204143543178816	0.9163484615134834	non_sig	pdxJ		False	False	0.014120370370370372	False	Ecoli	False	True	False	False	diann231	AlphaPeptStats	mean	1.660964047443681
P0A993	0.12222257532858506	0.030357422175299575	0.9128485695835449	non_sig	fbp		False	False	0.014146090534979424	False	Ecoli	False	True	False	False	diann231	AlphaPeptStats	mean	1.660964047443681
P0A6Y8	0.12259798535539838	-0.0363756514395277	0.9115166664915224	non_sig	dnaK		False	False	0.014171810699588477	False	Ecoli	False	True	False	False	diann231	AlphaPeptStats	mean	1.660964047443681
P61887	0.12324847686180161	0.1326543038173611	0.9092184391468959	non_sig	rmlA2		False	False	0.014197530864197531	False	Ecoli	False	True	False	False	diann231	AlphaPeptStats	mean	1.660964047443681
P31068	0.12331254130182438	0.12627113915781152	0.9089927519427996	non_sig	fliH		False	False	0.014223251028806585	False	Ecoli	False	True	False	False	diann231	AlphaPeptStats	mean	1.660964047443681
P07117	0.12337912372271705	0.19500122946332255	0.9087583185768834	non_sig	putP		False	False	0.014248971193415639	False	Ecoli	False	True	False	False	diann231	AlphaPeptStats	mean	1.660964047443681
P0A6Q3	0.12344252372321123	0.047548005230581225	0.9085352079116903	non_sig	fabA		False	False	0.01427469135802469	False	Ecoli	False	True	False	False	diann231	AlphaPeptStats	mean	1.660964047443681
P04846	0.12387705436411206	0.10914411789519818	0.9070091301526858	non_sig	nlpA		False	False	0.014300411522633746	False	Ecoli	False	True	False	False	diann231	AlphaPeptStats	mean	1.660964047443681
P0A9A9	0.12404064843083756	0.07349026899582967	0.9064359721251452	non_sig	fur		False	False	0.0143261316872428	False	Ecoli	False	True	False	False	diann231	AlphaPeptStats	mean	1.660964047443681
P33570	0.12406516889644471	-0.04955362783281103	0.9063501288905425	non_sig	tktB		False	False	0.014351851851851853	False	Ecoli	False	True	False	False	diann231	AlphaPeptStats	mean	1.660964047443681
P0AE48	0.12445951799012195	0.04142721454378062	0.9049718852946274	non_sig	ytfP		False	False	0.014377572016460907	False	Ecoli	False	True	False	False	diann231	AlphaPeptStats	mean	1.660964047443681
P76004	0.12466352217875294	-0.2774766731720497	0.9042606069387472	non_sig	ycgM		False	False	0.01440329218106996	False	Ecoli	False	True	False	False	diann231	AlphaPeptStats	mean	1.660964047443681
P38521	0.12476006899700874	-0.24209313612782424	0.9039243937336509	non_sig	yggL		False	False	0.014429012345679013	False	Ecoli	False	True	False	False	diann231	AlphaPeptStats	mean	1.660964047443681
P0AEI6	0.12522555815874897	-0.05608664874860381	0.9023070238850084	non_sig	nudJ		False	False	0.014454732510288067	False	Ecoli	False	True	False	False	diann231	AlphaPeptStats	mean	1.660964047443681
P45527	0.12556165832057345	-0.23465225706440052	0.9011429571109062	non_sig	yhbU		False	False	0.01448045267489712	False	Ecoli	False	True	False	False	diann231	AlphaPeptStats	mean	1.660964047443681
P0A9C9	0.1257250937341133	0.05683006238966115	0.9005780319194592	non_sig	glpX		False	False	0.014506172839506174	False	Ecoli	False	True	False	False	diann231	AlphaPeptStats	mean	1.660964047443681
P0AB61	0.12575186053622533	-0.08928739894294324	0.9004855807083089	non_sig	yciN		False	False	0.014531893004115226	False	Ecoli	False	True	False	False	diann231	AlphaPeptStats	mean	1.660964047443681
P23843	0.12620910854233747	-0.044692767088836405	0.8989093008214665	non_sig	oppA		False	False	0.01455761316872428	False	Ecoli	False	True	False	False	diann231	AlphaPeptStats	mean	1.660964047443681
P0AG03	0.12622335439968785	0.31724489029936365	0.8988602825837033	non_sig	ubiX		False	False	0.014583333333333334	False	Ecoli	False	True	False	False	diann231	AlphaPeptStats	mean	1.660964047443681
P0A6D7	0.12647991876652992	-0.0833708421629602	0.8979784220073712	non_sig	aroK		False	False	0.014609053497942387	False	Ecoli	False	True	False	False	diann231	AlphaPeptStats	mean	1.660964047443681
P45395	0.12665474032367668	0.09253360424148127	0.8973785511723738	non_sig	kdsD		False	False	0.014634773662551441	False	Ecoli	False	True	False	False	diann231	AlphaPeptStats	mean	1.660964047443681
P69853	0.12684270223976418	-0.05324214650410397	0.8967345143955203	non_sig	dmsD		False	False	0.014660493827160493	False	Ecoli	False	True	False	False	diann231	AlphaPeptStats	mean	1.660964047443681
P07021	0.1271483523443725	0.10660815559445425	0.8956892632695026	non_sig	yfiB		False	False	0.014686213991769548	False	Ecoli	False	True	False	False	diann231	AlphaPeptStats	mean	1.660964047443681
P0A717	0.12731730247622436	-0.04136728203772577	0.8951125715284238	non_sig	prs		False	False	0.014711934156378602	False	Ecoli	False	True	False	False	diann231	AlphaPeptStats	mean	1.660964047443681
P46854	0.1278241553615845	-0.37828863717212613	0.8933870683296866	non_sig	yhhY		False	False	0.014737654320987656	False	Ecoli	False	True	False	False	diann231	AlphaPeptStats	mean	1.660964047443681
P15038	0.12796551508775425	0.4281479255108742	0.8929070508592318	non_sig	helD		False	False	0.01476337448559671	False	Ecoli	False	True	False	False	diann231	AlphaPeptStats	mean	1.660964047443681
P06721	0.1279684829729206	-0.3517861129662947	0.8928969784486847	non_sig	metC		False	False	0.014789094650205762	False	Ecoli	False	True	False	False	diann231	AlphaPeptStats	mean	1.660964047443681
P25894	0.1280736380898874	-0.24371402789030583	0.8925402536299663	non_sig	yggG		False	False	0.014814814814814815	False	Ecoli	False	True	False	False	diann231	AlphaPeptStats	mean	1.660964047443681
P0AE88	0.12882272274080675	0.054587409196386716	0.8900075260246052	non_sig	cpxR		False	False	0.014840534979423869	False	Ecoli	False	True	False	False	diann231	AlphaPeptStats	mean	1.660964047443681
P76027	0.12885253151761616	-0.12283505541680029	0.8899070446075934	non_sig	oppD		False	False	0.014866255144032923	False	Ecoli	False	True	False	False	diann231	AlphaPeptStats	mean	1.660964047443681
P0AAI5	0.1288626454777447	-0.022896015133426317	0.8898729570763314	non_sig	fabF		False	False	0.014891975308641977	False	Ecoli	False	True	False	False	diann231	AlphaPeptStats	mean	1.660964047443681
P0ADT5	0.12909184613994124	0.07607954966242758	0.8891011883165656	non_sig	ygiC		False	False	0.014917695473251029	False	Ecoli	False	True	False	False	diann231	AlphaPeptStats	mean	1.660964047443681
P0ACF4	0.12918381413805172	-0.03590598145517632	0.8887918971062656	non_sig	hupB		False	False	0.014943415637860082	False	Ecoli	False	True	False	False	diann231	AlphaPeptStats	mean	1.660964047443681
P08957	0.1294000609142096	0.012440664574281612	0.8880655192260597	non_sig	hsdM		False	False	0.014969135802469136	False	Ecoli	False	True	False	False	diann231	AlphaPeptStats	mean	1.660964047443681
P37342	0.12945201664239375	0.05124276113830106	0.8878911796065392	non_sig	yjjI		False	False	0.01499485596707819	False	Ecoli	False	True	False	False	diann231	AlphaPeptStats	mean	1.660964047443681
P09831	0.12987533891562342	0.023548108195456052	0.8864733061220191	non_sig	gltB		False	False	0.015020576131687243	False	Ecoli	False	True	False	False	diann231	AlphaPeptStats	mean	1.660964047443681
P0A840	0.12989778740516206	0.0561104977503355	0.8863982463550906	non_sig	surE		False	False	0.015046296296296295	False	Ecoli	False	True	False	False	diann231	AlphaPeptStats	mean	1.660964047443681
P00562	0.13054254042401023	-0.03603568216223607	0.884247939967038	non_sig	metL		False	False	0.015072016460905351	False	Ecoli	False	True	False	False	diann231	AlphaPeptStats	mean	1.660964047443681
P36680	0.1305991552380945	0.09512301366024545	0.8840596322234304	non_sig	zapD		False	False	0.015097736625514405	False	Ecoli	False	True	False	False	diann231	AlphaPeptStats	mean	1.660964047443681
P31120	0.13080234062502546	0.04833707314885061	0.8833844845175793	non_sig	glmM		False	False	0.015123456790123458	False	Ecoli	False	True	False	False	diann231	AlphaPeptStats	mean	1.660964047443681
P0A8G6	0.1316110009040093	0.05359315469213399	0.8807078080455524	non_sig	wrbA		False	False	0.015149176954732512	False	Ecoli	False	True	False	False	diann231	AlphaPeptStats	mean	1.660964047443681
P37903	0.13176761732307066	0.07356071369129324	0.8801913070854617	non_sig	uspF		False	False	0.015174897119341564	False	Ecoli	False	True	False	False	diann231	AlphaPeptStats	mean	1.660964047443681
P37440	0.13188262559658698	-0.02848120626751438	0.8798124152537963	non_sig	ucpA		False	False	0.015200617283950618	False	Ecoli	False	True	False	False	diann231	AlphaPeptStats	mean	1.660964047443681
P37194	0.13201314955099305	-0.08853736971173021	0.8793828074834902	non_sig	slp		False	False	0.015226337448559672	False	Ecoli	False	True	False	False	diann231	AlphaPeptStats	mean	1.660964047443681
P0A8Z3	0.13240918021170878	0.12241518834985499	0.8780819032869991	non_sig	ybgC		False	False	0.015252057613168725	False	Ecoli	False	True	False	False	diann231	AlphaPeptStats	mean	1.660964047443681
P76471	0.1341079099613271	0.4136943401348283	0.8725456058080185	non_sig	yfaZ		False	False	0.015277777777777779	False	Ecoli	False	True	False	False	diann231	AlphaPeptStats	mean	1.660964047443681
P0ABP8	0.1342058485346844	0.024712794390090664	0.8722285577065572	non_sig	deoD		False	False	0.015303497942386831	False	Ecoli	False	True	False	False	diann231	AlphaPeptStats	mean	1.660964047443681
P10443	0.13425034967355529	-0.06552462613680632	0.8720845744470456	non_sig	dnaE		False	False	0.015329218106995885	False	Ecoli	False	True	False	False	diann231	AlphaPeptStats	mean	1.660964047443681
P07650	0.13432398194617776	-0.04317726420639545	0.8718464423046455	non_sig	deoA		False	False	0.015354938271604938	False	Ecoli	False	True	False	False	diann231	AlphaPeptStats	mean	1.660964047443681
P21170	0.13482912654112372	0.046111613040039856	0.8702162789454975	non_sig	speA		False	False	0.015380658436213992	False	Ecoli	False	True	False	False	diann231	AlphaPeptStats	mean	1.660964047443681
P63224	0.13596316456799032	-0.047184475663769376	0.8665787356863485	non_sig	gmhA		False	False	0.015406378600823046	False	Ecoli	False	True	False	False	diann231	AlphaPeptStats	mean	1.660964047443681
P0A6A8	0.13618207538753982	-0.10064943728912468	0.8658800515463652	non_sig	acpP		False	False	0.015432098765432098	False	Ecoli	False	True	False	False	diann231	AlphaPeptStats	mean	1.660964047443681
P0AD24	0.13650221719548178	-0.09614259540237313	0.8648602943525826	non_sig	yejL		False	False	0.015457818930041153	False	Ecoli	False	True	False	False	diann231	AlphaPeptStats	mean	1.660964047443681
P0AFX7	0.13680755511136394	0.34155773549063895	0.8638899183134587	non_sig	rseA		False	False	0.015483539094650207	False	Ecoli	False	True	False	False	diann231	AlphaPeptStats	mean	1.660964047443681
P39325	0.13690316388618162	0.05713637934941218	0.8635865150330486	non_sig	ytfQ		False	False	0.01550925925925926	False	Ecoli	False	True	False	False	diann231	AlphaPeptStats	mean	1.660964047443681
P0A8V2	0.13701573803103434	-0.042530718163387604	0.8632295456357206	non_sig	rpoB		False	False	0.015534979423868315	False	Ecoli	False	True	False	False	diann231	AlphaPeptStats	mean	1.660964047443681
P31133	0.13815300503769476	0.37398994264784946	0.8596396640801155	non_sig	potF		False	False	0.015560699588477367	False	Ecoli	False	True	False	False	diann231	AlphaPeptStats	mean	1.660964047443681
P0AFH0	0.1384904798935039	0.14571172720766157	0.8585800798256912	non_sig	ogt		False	False	0.01558641975308642	False	Ecoli	False	True	False	False	diann231	AlphaPeptStats	mean	1.660964047443681
Q47147	0.1387587536208758	0.04467652978819814	0.8577396097957246	non_sig	yafJ		False	False	0.015612139917695474	False	Ecoli	False	True	False	False	diann231	AlphaPeptStats	mean	1.660964047443681
P30128	0.1388271031014399	0.14687277125333864	0.8575257386482511	non_sig	greB		False	False	0.015637860082304528	False	Ecoli	False	True	False	False	diann231	AlphaPeptStats	mean	1.660964047443681
P31142	0.13883072769672794	0.04173637068963387	0.8575143999316135	non_sig	sseA		False	False	0.015663580246913583	False	Ecoli	False	True	False	False	diann231	AlphaPeptStats	mean	1.660964047443681
P0AEE8	0.139144950117643	-0.3022031783414043	0.8565325505648527	non_sig	dam		False	False	0.015689300411522635	False	Ecoli	False	True	False	False	diann231	AlphaPeptStats	mean	1.660964047443681
P23894	0.13930612128607772	0.12451142572923146	0.856029799711304	non_sig	htpX		False	False	0.015715020576131687	False	Ecoli	False	True	False	False	diann231	AlphaPeptStats	mean	1.660964047443681
P0A8X2	0.13931380296002266	-0.14562871184665838	0.8560058523312597	non_sig	yceI		False	False	0.015740740740740743	False	Ecoli	False	True	False	False	diann231	AlphaPeptStats	mean	1.660964047443681
P05020	0.139465648628903	-0.043900743695569844	0.8555327490071711	non_sig	pyrC		False	False	0.015766460905349795	False	Ecoli	False	True	False	False	diann231	AlphaPeptStats	mean	1.660964047443681
P31554	0.1399383334400624	0.023879418903295146	0.854063302512591	non_sig	lptD		False	False	0.01579218106995885	False	Ecoli	False	True	False	False	diann231	AlphaPeptStats	mean	1.660964047443681
P30958	0.14007783701434903	0.02381262648734861	0.853630572949633	non_sig	mfd		False	False	0.015817901234567902	False	Ecoli	False	True	False	False	diann231	AlphaPeptStats	mean	1.660964047443681
P0A7R9	0.1402535632243496	-0.06787884540041134	0.8530860964246336	non_sig	rpsK		False	False	0.015843621399176954	False	Ecoli	False	True	False	False	diann231	AlphaPeptStats	mean	1.660964047443681
P0A823	0.14059930343699267	-0.03784492631108094	0.8520168309109298	non_sig	sfsA		False	False	0.01586934156378601	False	Ecoli	False	True	False	False	diann231	AlphaPeptStats	mean	1.660964047443681
P00803	0.14070768359479702	0.07949578150747527	0.8516821864905564	non_sig	lepB		False	False	0.01589506172839506	False	Ecoli	False	True	False	False	diann231	AlphaPeptStats	mean	1.660964047443681
P0A8E1	0.14127751770768215	0.03921362273072049	0.8499269443959436	non_sig	ycfP		False	False	0.015920781893004117	False	Ecoli	False	True	False	False	diann231	AlphaPeptStats	mean	1.660964047443681
P23847	0.14137608998310564	-0.5185619879687522	0.8496240337246788	non_sig	dppA		False	False	0.01594650205761317	False	Ecoli	False	True	False	False	diann231	AlphaPeptStats	mean	1.660964047443681
P64602	0.14190188589513458	0.19061264601716843	0.8480118326721395	non_sig	mlaB		False	False	0.01597222222222222	False	Ecoli	False	True	False	False	diann231	AlphaPeptStats	mean	1.660964047443681
P37908	0.1421586511294988	-0.14021528890939194	0.8472267059807141	non_sig	yfjD		False	False	0.015997942386831276	False	Ecoli	False	True	False	False	diann231	AlphaPeptStats	mean	1.660964047443681
P69791	0.14228035681097698	-0.1891758666298884	0.8468550543602797	non_sig	chbA		False	False	0.016023662551440332	False	Ecoli	False	True	False	False	diann231	AlphaPeptStats	mean	1.660964047443681
P0AGF2	0.14252775852182	0.1345500550428831	0.8461005447864773	non_sig	ygdK		False	False	0.016049382716049384	False	Ecoli	False	True	False	False	diann231	AlphaPeptStats	mean	1.660964047443681
P31455	0.1426680457432962	0.06443866785762964	0.8456732876517549	non_sig	yidR		False	False	0.016075102880658436	False	Ecoli	False	True	False	False	diann231	AlphaPeptStats	mean	1.660964047443681
P11875	0.14303699548275178	-0.014276395637544681	0.8445516208843281	non_sig	argS		False	False	0.01610082304526749	False	Ecoli	False	True	False	False	diann231	AlphaPeptStats	mean	1.660964047443681
P0A6B4	0.1441681118495431	0.04342538653757799	0.8411307894034346	non_sig	alr		False	False	0.016126543209876543	False	Ecoli	False	True	False	False	diann231	AlphaPeptStats	mean	1.660964047443681
P30130	0.14471120137916618	0.1040388191680357	0.8394978509895967	non_sig	fimD		False	False	0.0161522633744856	False	Ecoli	False	True	False	False	diann231	AlphaPeptStats	mean	1.660964047443681
P0ACI6	0.14478297838305965	0.278099624720511	0.8392824935866752	non_sig	asnC		False	False	0.01617798353909465	False	Ecoli	False	True	False	False	diann231	AlphaPeptStats	mean	1.660964047443681
P0ACU5	0.14514534735354132	0.05399916182490472	0.8381968809557554	non_sig	fabR		False	False	0.016203703703703703	False	Ecoli	False	True	False	False	diann231	AlphaPeptStats	mean	1.660964047443681
P0A6L9	0.14545500846615783	0.09200999437853241	0.8372713200562059	non_sig	hscB		False	False	0.01622942386831276	False	Ecoli	False	True	False	False	diann231	AlphaPeptStats	mean	1.660964047443681
P0ABZ6	0.146051615430669	0.017632901558300773	0.8354936350701268	non_sig	surA		False	False	0.01625514403292181	False	Ecoli	False	True	False	False	diann231	AlphaPeptStats	mean	1.660964047443681
P05523	0.14620816266508888	0.11292030773982731	0.8350283804462373	non_sig	mutM		False	False	0.016280864197530866	False	Ecoli	False	True	False	False	diann231	AlphaPeptStats	mean	1.660964047443681
P24171	0.1467574760705382	0.04907218274653502	0.8333997658317582	non_sig	dcp		False	False	0.016306584362139918	False	Ecoli	False	True	False	False	diann231	AlphaPeptStats	mean	1.660964047443681
P21645	0.14682571663823438	-0.1854129933753299	0.8331978707419699	non_sig	lpxD		False	False	0.01633230452674897	False	Ecoli	False	True	False	False	diann231	AlphaPeptStats	mean	1.660964047443681
P0AC28	0.14734356233220394	-0.08257828016791535	0.8316688343961844	non_sig	ygfA		False	False	0.016358024691358025	False	Ecoli	False	True	False	False	diann231	AlphaPeptStats	mean	1.660964047443681
P0AGL5	0.14809454663631516	0.49633986454339407	0.8294609334393681	non_sig	ratA		False	False	0.01638374485596708	False	Ecoli	False	True	False	False	diann231	AlphaPeptStats	mean	1.660964047443681
P0A734	0.1483268075765209	-0.0538728247290301	0.8287803504523301	non_sig	minE		False	False	0.016409465020576133	False	Ecoli	False	True	False	False	diann231	AlphaPeptStats	mean	1.660964047443681
P0A8P3	0.1484283728826693	0.05484606914237489	0.828483073392721	non_sig	yggX		False	False	0.016435185185185188	False	Ecoli	False	True	False	False	diann231	AlphaPeptStats	mean	1.660964047443681
P0A6Z6	0.14847703699344167	-0.2889965942805439	0.8283407078159317	non_sig	nikR		False	False	0.01646090534979424	False	Ecoli	False	True	False	False	diann231	AlphaPeptStats	mean	1.660964047443681
P31545	0.1489620080613991	0.11596260826295435	0.8269244818775897	non_sig	efeB		False	False	0.016486625514403296	False	Ecoli	False	True	False	False	diann231	AlphaPeptStats	mean	1.660964047443681
P39172	0.14901577445832612	0.030300980619497153	0.8267677557649703	non_sig	znuA		False	False	0.016512345679012348	False	Ecoli	False	True	False	False	diann231	AlphaPeptStats	mean	1.660964047443681
P33136	0.14937268590278133	-0.04546674409398932	0.82572880979105	non_sig	mdoG		False	False	0.0165380658436214	False	Ecoli	False	True	False	False	diann231	AlphaPeptStats	mean	1.660964047443681
P60546	0.14948999663315773	0.0369086925630846	0.8253878678905437	non_sig	gmk		False	False	0.016563786008230455	False	Ecoli	False	True	False	False	diann231	AlphaPeptStats	mean	1.660964047443681
P08660	0.14964549533421143	0.07517147015614256	0.8249363518671562	non_sig	lysC		False	False	0.016589506172839507	False	Ecoli	False	True	False	False	diann231	AlphaPeptStats	mean	1.660964047443681
P43672	0.14966716313214407	-0.05758305451138668	0.8248734731025775	non_sig	uup		False	False	0.016615226337448562	False	Ecoli	False	True	False	False	diann231	AlphaPeptStats	mean	1.660964047443681
P0AGA2	0.14970615475557386	-0.05699119256036411	0.8247603444703316	non_sig	secY		False	False	0.016640946502057614	False	Ecoli	False	True	False	False	diann231	AlphaPeptStats	mean	1.660964047443681
P45748	0.14999934316315255	0.07638569820702301	0.8239106426859383	non_sig	rimN		False	False	0.016666666666666666	False	Ecoli	False	True	False	False	diann231	AlphaPeptStats	mean	1.660964047443681
Q59385	0.15093048814063845	0.06992552998686108	0.8212230233534972	non_sig	copA		False	False	0.016692386831275722	False	Ecoli	False	True	False	False	diann231	AlphaPeptStats	mean	1.660964047443681
P06149	0.15209997748858253	0.0716704503340786	0.8178708502243528	non_sig	dld		False	False	0.016718106995884774	False	Ecoli	False	True	False	False	diann231	AlphaPeptStats	mean	1.660964047443681
P0AEH1	0.15238708807281826	0.05637109273976648	0.8170518296912165	non_sig	rseP		False	False	0.01674382716049383	False	Ecoli	False	True	False	False	diann231	AlphaPeptStats	mean	1.660964047443681
P63883	0.15250185866194343	-0.07732206334142688	0.8167248631912498	non_sig	amiC		False	False	0.01676954732510288	False	Ecoli	False	True	False	False	diann231	AlphaPeptStats	mean	1.660964047443681
P0A862	0.15272440512057656	0.06414314960954925	0.8160915578204686	non_sig	tpx		False	False	0.016795267489711933	False	Ecoli	False	True	False	False	diann231	AlphaPeptStats	mean	1.660964047443681
P0A6T5	0.15318847062024532	0.07284888633326503	0.8147739196539905	non_sig	folE		False	False	0.01682098765432099	False	Ecoli	False	True	False	False	diann231	AlphaPeptStats	mean	1.660964047443681
P0AEF4	0.15338112390668246	-0.05654526905520996	0.8142280842435154	non_sig	dpiA		False	False	0.01684670781893004	False	Ecoli	False	True	False	False	diann231	AlphaPeptStats	mean	1.660964047443681
P0AGD7	0.1539743916697464	-0.05853698222459869	0.8125515030681624	non_sig	ffh		False	False	0.016872427983539096	False	Ecoli	False	True	False	False	diann231	AlphaPeptStats	mean	1.660964047443681
P04079	0.15438986769051036	-0.021609403359299506	0.8113812049749731	non_sig	guaA		False	False	0.016898148148148148	False	Ecoli	False	True	False	False	diann231	AlphaPeptStats	mean	1.660964047443681
P68567	0.15452359909619337	0.32091321146256035	0.8110051850119873	non_sig	rsmJ		False	False	0.0169238683127572	False	Ecoli	False	True	False	False	diann231	AlphaPeptStats	mean	1.660964047443681
P17117	0.15453550916218986	-0.11031067205937717	0.8109717126061871	non_sig	nfsA		False	False	0.016949588477366256	False	Ecoli	False	True	False	False	diann231	AlphaPeptStats	mean	1.660964047443681
P77398	0.15540152291244116	0.21421786023607936	0.808544729491161	non_sig	arnA		False	False	0.016975308641975308	False	Ecoli	False	True	False	False	diann231	AlphaPeptStats	mean	1.660964047443681
P76227	0.15548337511259513	0.13843252814906037	0.8083160406104483	non_sig	ynjH		False	False	0.017001028806584363	False	Ecoli	False	True	False	False	diann231	AlphaPeptStats	mean	1.660964047443681
P0A720	0.15573134386150947	0.05908109756039437	0.8076239687027802	non_sig	tmk		False	False	0.017026748971193415	False	Ecoli	False	True	False	False	diann231	AlphaPeptStats	mean	1.660964047443681
P13029	0.1568614730757946	0.02119919728329478	0.8044837108758129	non_sig	katG		False	False	0.017052469135802467	False	Ecoli	False	True	False	False	diann231	AlphaPeptStats	mean	1.660964047443681
P61175	0.1571635803479058	-0.06696698710287663	0.8036480860728349	non_sig	rplV		False	False	0.017078189300411523	False	Ecoli	False	True	False	False	diann231	AlphaPeptStats	mean	1.660964047443681
P0AFL3	0.1574703890345245	0.05175009531263086	0.8028010995755197	non_sig	ppiA		False	False	0.017103909465020575	False	Ecoli	False	True	False	False	diann231	AlphaPeptStats	mean	1.660964047443681
P27830	0.15766234741036567	0.07570925175225085	0.8022720115814617	non_sig	rffG		False	False	0.017129629629629634	False	Ecoli	False	True	False	False	diann231	AlphaPeptStats	mean	1.660964047443681
P0ABD8	0.1577522370118825	-0.08844882990239711	0.8020244735099571	non_sig	accB		False	False	0.017155349794238686	False	Ecoli	False	True	False	False	diann231	AlphaPeptStats	mean	1.660964047443681
P0AB52	0.1592707143216833	0.049896032005936064	0.7978640721444314	non_sig	ychN		False	False	0.017181069958847738	False	Ecoli	False	True	False	False	diann231	AlphaPeptStats	mean	1.660964047443681
P64451	0.15981620629479815	0.08260972493570762	0.7963791827971943	non_sig	ydcL		False	False	0.017206790123456793	False	Ecoli	False	True	False	False	diann231	AlphaPeptStats	mean	1.660964047443681
P25552	0.16036238454773316	0.07809926832864278	0.7948974945253899	non_sig	gppA		False	False	0.017232510288065845	False	Ecoli	False	True	False	False	diann231	AlphaPeptStats	mean	1.660964047443681
P0AEB2	0.16059088801170693	-0.023853659804426997	0.7942791003929648	non_sig	dacA		False	False	0.0172582304526749	False	Ecoli	False	True	False	False	diann231	AlphaPeptStats	mean	1.660964047443681
P0A9D8	0.16078628801322903	0.03067910859084222	0.7937509909986913	non_sig	dapD		False	False	0.017283950617283952	False	Ecoli	False	True	False	False	diann231	AlphaPeptStats	mean	1.660964047443681
P0AEC3	0.16098043538473197	-0.14318669063907308	0.7932269023579414	non_sig	arcB		False	False	0.017309670781893004	False	Ecoli	False	True	False	False	diann231	AlphaPeptStats	mean	1.660964047443681
P0ABX2	0.16104107609308166	0.2773957354104688	0.793063336109181	non_sig	flgC		False	False	0.01733539094650206	False	Ecoli	False	True	False	False	diann231	AlphaPeptStats	mean	1.660964047443681
P0A7V8	0.1610548067011899	0.04988772969281641	0.7930263090768175	non_sig	rpsD		False	False	0.017361111111111112	False	Ecoli	False	True	False	False	diann231	AlphaPeptStats	mean	1.660964047443681
P37613	0.16184844637755874	0.12009920026248011	0.7908914651393298	non_sig	yhhK		False	False	0.017386831275720167	False	Ecoli	False	True	False	False	diann231	AlphaPeptStats	mean	1.660964047443681
P07813	0.1632909188536043	0.03586751268053234	0.7870379671398375	non_sig	leuS		False	False	0.01741255144032922	False	Ecoli	False	True	False	False	diann231	AlphaPeptStats	mean	1.660964047443681
P0A6W9	0.1632942455510952	-0.024069070315480445	0.7870291194240147	non_sig	gshA		False	False	0.01743827160493827	False	Ecoli	False	True	False	False	diann231	AlphaPeptStats	mean	1.660964047443681
P0A9H5	0.1638640660670288	-0.19939110341532285	0.7855162729078167	non_sig	btuR		False	False	0.017463991769547327	False	Ecoli	False	True	False	False	diann231	AlphaPeptStats	mean	1.660964047443681
P26616	0.16612245779400975	0.02742828964366595	0.7795716520957504	non_sig	maeA		False	False	0.01748971193415638	False	Ecoli	False	True	False	False	diann231	AlphaPeptStats	mean	1.660964047443681
P17952	0.166147142155579	-0.06292219729696669	0.7795071244829915	non_sig	murC		False	False	0.017515432098765434	False	Ecoli	False	True	False	False	diann231	AlphaPeptStats	mean	1.660964047443681
P18843	0.16696594688210292	0.021229543472120582	0.7773720952549714	non_sig	nadE		False	False	0.017541152263374486	False	Ecoli	False	True	False	False	diann231	AlphaPeptStats	mean	1.660964047443681
P0AE22	0.16732740934137583	0.04821203696515397	0.7764329128887459	non_sig	aphA		False	False	0.017566872427983538	False	Ecoli	False	True	False	False	diann231	AlphaPeptStats	mean	1.660964047443681
P0A6W0	0.16835433406209685	0.05548169239929024	0.7737756987886664	non_sig	glsA2		False	False	0.017592592592592594	False	Ecoli	False	True	False	False	diann231	AlphaPeptStats	mean	1.660964047443681
P0A7N4	0.16863454884557402	-0.07662873248154156	0.7730534449195772	non_sig	rpmF		False	False	0.017618312757201646	False	Ecoli	False	True	False	False	diann231	AlphaPeptStats	mean	1.660964047443681
P0AFX0	0.16894926136835314	0.060341378961538794	0.7722437025830748	non_sig	hpf		False	False	0.0176440329218107	False	Ecoli	False	True	False	False	diann231	AlphaPeptStats	mean	1.660964047443681
P0A955	0.17021100521656632	-0.030907826847013098	0.7690123634622947	non_sig	eda		False	False	0.017669753086419753	False	Ecoli	False	True	False	False	diann231	AlphaPeptStats	mean	1.660964047443681
P07364	0.17034022494849466	-0.28748575893159156	0.7686827835679828	non_sig	cheR		False	False	0.017695473251028805	False	Ecoli	False	True	False	False	diann231	AlphaPeptStats	mean	1.660964047443681
P0ABX8	0.1706341670204973	-0.06526276874456372	0.7679340032812526	non_sig	fliL		False	False	0.01772119341563786	False	Ecoli	False	True	False	False	diann231	AlphaPeptStats	mean	1.660964047443681
P0A8I3	0.17109276452855987	-0.015315195948762295	0.7667683562786751	non_sig	yaaA		False	False	0.017746913580246913	False	Ecoli	False	True	False	False	diann231	AlphaPeptStats	mean	1.660964047443681
P0AEV9	0.17151033392666473	0.06832583699229389	0.7657097075039014	non_sig	hycI		False	False	0.017772633744855968	False	Ecoli	False	True	False	False	diann231	AlphaPeptStats	mean	1.660964047443681
P0A8D3	0.17181777877787535	0.05656019884558816	0.7649318997269122	non_sig	yaiI		False	False	0.01779835390946502	False	Ecoli	False	True	False	False	diann231	AlphaPeptStats	mean	1.660964047443681
P22256	0.17187304332869074	0.053294153135873046	0.7647922329792014	non_sig	gabT		False	False	0.017824074074074072	False	Ecoli	False	True	False	False	diann231	AlphaPeptStats	mean	1.660964047443681
P0AA86	0.1721077972839931	-0.16464217798353076	0.7641994536660311	non_sig	dsbE		False	False	0.017849794238683128	False	Ecoli	False	True	False	False	diann231	AlphaPeptStats	mean	1.660964047443681
P0A7B8	0.17258421142216393	-0.07315222206372596	0.7629989375076424	non_sig	hslV		False	False	0.01787551440329218	False	Ecoli	False	True	False	False	diann231	AlphaPeptStats	mean	1.660964047443681
P0A8A4	0.17325870613260944	0.043476221934284354	0.7613049331643379	non_sig	ppsR		False	False	0.01790123456790124	False	Ecoli	False	True	False	False	diann231	AlphaPeptStats	mean	1.660964047443681
P0A6L0	0.17363386889771815	0.02313375699161213	0.7603655577267907	non_sig	deoC		False	False	0.01792695473251029	False	Ecoli	False	True	False	False	diann231	AlphaPeptStats	mean	1.660964047443681
P61517	0.17394326490112055	0.028964375965014	0.7595923825122883	non_sig	can		False	False	0.017952674897119342	False	Ecoli	False	True	False	False	diann231	AlphaPeptStats	mean	1.660964047443681
P77295	0.17395509264948364	0.14875179471804856	0.7595628524743453	non_sig	ygaV		False	False	0.017978395061728398	False	Ecoli	False	True	False	False	diann231	AlphaPeptStats	mean	1.660964047443681
P27250	0.1745546041104338	0.21578541487631853	0.7580686916026813	non_sig	yjgB		False	False	0.01800411522633745	False	Ecoli	False	True	False	False	diann231	AlphaPeptStats	mean	1.660964047443681
P0A7W7	0.17466866680416743	-0.050723444221855374	0.7577849945849464	non_sig	rpsH		False	False	0.018029835390946505	False	Ecoli	False	True	False	False	diann231	AlphaPeptStats	mean	1.660964047443681
P0ABK5	0.17580571989768753	-0.03544992630524746	0.7549669991166754	non_sig	cysK		False	False	0.018055555555555557	False	Ecoli	False	True	False	False	diann231	AlphaPeptStats	mean	1.660964047443681
P0AFR2	0.17628629492825978	0.10437044951517294	0.7537814498583084	non_sig	dauA		False	False	0.01808127572016461	False	Ecoli	False	True	False	False	diann231	AlphaPeptStats	mean	1.660964047443681
P22524	0.17733128389347716	0.04698842370959966	0.7512146415913272	non_sig	mukE		False	False	0.018106995884773665	False	Ecoli	False	True	False	False	diann231	AlphaPeptStats	mean	1.660964047443681
P0AG44	0.17766991955790443	-0.0456477326991056	0.7503860942871861	non_sig	rplQ		False	False	0.018132716049382717	False	Ecoli	False	True	False	False	diann231	AlphaPeptStats	mean	1.660964047443681
P0AG40	0.17806300083184964	0.11240032614507811	0.7494263118891596	non_sig	ribF		False	False	0.018158436213991772	False	Ecoli	False	True	False	False	diann231	AlphaPeptStats	mean	1.660964047443681
P40191	0.17809340339790844	0.062164730011300406	0.7493521665611503	non_sig	pdxK		False	False	0.018184156378600824	False	Ecoli	False	True	False	False	diann231	AlphaPeptStats	mean	1.660964047443681
P08190	0.1781904946603417	0.1140552653066571	0.7491154665542773	non_sig	fimG		False	False	0.018209876543209876	False	Ecoli	False	True	False	False	diann231	AlphaPeptStats	mean	1.660964047443681
P0AFG6	0.18000947144534202	0.02768795170959848	0.7447046432954173	non_sig	sucB		False	False	0.01823559670781893	False	Ecoli	False	True	False	False	diann231	AlphaPeptStats	mean	1.660964047443681
P75883	0.1803411792991818	0.08146107915528944	0.7439050946839845	non_sig	gfcC		False	False	0.018261316872427984	False	Ecoli	False	True	False	False	diann231	AlphaPeptStats	mean	1.660964047443681
P09147	0.1813570352784357	0.08742274142274553	0.7414655924224514	non_sig	galE		False	False	0.01828703703703704	False	Ecoli	False	True	False	False	diann231	AlphaPeptStats	mean	1.660964047443681
P15082	0.1816545202392966	-0.07758067601795915	0.7407537908067254	non_sig	srlR		False	False	0.01831275720164609	False	Ecoli	False	True	False	False	diann231	AlphaPeptStats	mean	1.660964047443681
P0A7F6	0.18239699156577277	-0.12133388093726438	0.7389823291499218	non_sig	speD		False	False	0.018338477366255143	False	Ecoli	False	True	False	False	diann231	AlphaPeptStats	mean	1.660964047443681
P0A6Y1	0.18291994111678447	-0.18957500111423187	0.7377389470937813	non_sig	ihfB		False	False	0.0183641975308642	False	Ecoli	False	True	False	False	diann231	AlphaPeptStats	mean	1.660964047443681
P0AAN9	0.18318461637738565	0.18016288836434668	0.7371110006623678	non_sig	iraP		False	False	0.01838991769547325	False	Ecoli	False	True	False	False	diann231	AlphaPeptStats	mean	1.660964047443681
P0AF67	0.18370250491528323	0.038122992288332824	0.73588492173737	non_sig	yjeE		False	False	0.018415637860082306	False	Ecoli	False	True	False	False	diann231	AlphaPeptStats	mean	1.660964047443681
P63389	0.18377080177784996	0.04763760051566024	0.735723489870917	non_sig	yheS		False	False	0.018441358024691358	False	Ecoli	False	True	False	False	diann231	AlphaPeptStats	mean	1.660964047443681
P77258	0.18430947866182618	0.03058579198253497	0.7344523293242105	non_sig	nemA		False	False	0.01846707818930041	False	Ecoli	False	True	False	False	diann231	AlphaPeptStats	mean	1.660964047443681
P0AAT6	0.18505806295599692	0.05312635477719141	0.7326919880019311	non_sig	rsfS		False	False	0.018492798353909465	False	Ecoli	False	True	False	False	diann231	AlphaPeptStats	mean	1.660964047443681
P76245	0.18561739817137538	-0.1308056836299265	0.7313813191963665	non_sig	yeaP		False	False	0.018518518518518517	False	Ecoli	False	True	False	False	diann231	AlphaPeptStats	mean	1.660964047443681
P0A6E1	0.18695095809845322	-0.19162192582696136	0.7282723048033956	non_sig	aroL		False	False	0.018544238683127573	False	Ecoli	False	True	False	False	diann231	AlphaPeptStats	mean	1.660964047443681
Q9JMR6	0.18720331626221623	-0.061859838289091584	0.7276864621063309	non_sig	yuaY		False	False	0.018569958847736625	False	Ecoli	False	True	False	False	diann231	AlphaPeptStats	mean	1.660964047443681
P60716	0.18747236267910597	0.052059173281353566	0.7270627472463514	non_sig	lipA		False	False	0.018595679012345677	False	Ecoli	False	True	False	False	diann231	AlphaPeptStats	mean	1.660964047443681
P0C0L7	0.18818206327667783	0.07012121610728173	0.7254217740607114	non_sig	proP		False	False	0.018621399176954732	False	Ecoli	False	True	False	False	diann231	AlphaPeptStats	mean	1.660964047443681
P40120	0.18940407660693384	0.07556280697290063	0.7226106777675756	non_sig	mdoD		False	False	0.018647119341563784	False	Ecoli	False	True	False	False	diann231	AlphaPeptStats	mean	1.660964047443681
P0AEE3	0.18990436511066924	-0.18546523559334815	0.7214650525263382	non_sig	degS		False	False	0.018672839506172843	False	Ecoli	False	True	False	False	diann231	AlphaPeptStats	mean	1.660964047443681
P0AGB0	0.18997779491871197	0.08262216763091601	0.7212971575094472	non_sig	serB		False	False	0.018698559670781895	False	Ecoli	False	True	False	False	diann231	AlphaPeptStats	mean	1.660964047443681
P0AAP3	0.1911014051299979	0.06424385557303935	0.718736119653721	non_sig	frmR		False	False	0.018724279835390947	False	Ecoli	False	True	False	False	diann231	AlphaPeptStats	mean	1.660964047443681
P37690	0.19119887077734601	-0.06686036530209805	0.7185146770003772	non_sig	envC		False	False	0.018750000000000003	False	Ecoli	False	True	False	False	diann231	AlphaPeptStats	mean	1.660964047443681
P0ADP7	0.1927916271663882	0.15064159300516167	0.7149118311924986	non_sig	yigP		False	False	0.018775720164609055	False	Ecoli	False	True	False	False	diann231	AlphaPeptStats	mean	1.660964047443681
P06846	0.1932355156569388	0.07948317511429792	0.713913049575313	non_sig	ebgR		False	False	0.01880144032921811	False	Ecoli	False	True	False	False	diann231	AlphaPeptStats	mean	1.660964047443681
P0A8R9	0.19328399293666412	-0.04387668207755624	0.713804111140255	non_sig	hdfR		False	False	0.018827160493827162	False	Ecoli	False	True	False	False	diann231	AlphaPeptStats	mean	1.660964047443681
P0AF03	0.1935317099426276	0.0477050359422897	0.7132478661756908	non_sig	mog		False	False	0.018852880658436214	False	Ecoli	False	True	False	False	diann231	AlphaPeptStats	mean	1.660964047443681
P39315	0.1935881717738074	-0.058532136028667026	0.7131211815849398	non_sig	qorB		False	False	0.01887860082304527	False	Ecoli	False	True	False	False	diann231	AlphaPeptStats	mean	1.660964047443681
P14900	0.19375754000082737	0.03935194321561397	0.7127413880885552	non_sig	murD		False	False	0.01890432098765432	False	Ecoli	False	True	False	False	diann231	AlphaPeptStats	mean	1.660964047443681
P0ADV7	0.1941941483877007	-0.02939129897621129	0.7117638607370769	non_sig	mlaC		False	False	0.018930041152263377	False	Ecoli	False	True	False	False	diann231	AlphaPeptStats	mean	1.660964047443681
P0A8M6	0.19445511349848116	0.08020770236853636	0.7111806319201002	non_sig	yeeX		False	False	0.01895576131687243	False	Ecoli	False	True	False	False	diann231	AlphaPeptStats	mean	1.660964047443681
P21893	0.19522398578535582	-0.12571373132382746	0.7094668247109611	non_sig	recJ		False	False	0.01898148148148148	False	Ecoli	False	True	False	False	diann231	AlphaPeptStats	mean	1.660964047443681
P0AAS7	0.19527993904122823	0.10165479740757988	0.7093423691606258	non_sig	ybcJ		False	False	0.019007201646090537	False	Ecoli	False	True	False	False	diann231	AlphaPeptStats	mean	1.660964047443681
P0AD10	0.19576300665151627	0.09930655255803345	0.7082693734369423	non_sig	yecJ		False	False	0.01903292181069959	False	Ecoli	False	True	False	False	diann231	AlphaPeptStats	mean	1.660964047443681
P0A9H3	0.19588984937552298	0.047162432862272397	0.7079880677031326	non_sig	cadA		False	False	0.019058641975308644	False	Ecoli	False	True	False	False	diann231	AlphaPeptStats	mean	1.660964047443681
P16095	0.19598311513528027	0.04262075388402664	0.7077813435386908	non_sig	sdaA		False	False	0.019084362139917696	False	Ecoli	False	True	False	False	diann231	AlphaPeptStats	mean	1.660964047443681
P0C0V0	0.19602590167068984	-0.05656898471802663	0.7076865398198717	non_sig	degP		False	False	0.019110082304526748	False	Ecoli	False	True	False	False	diann231	AlphaPeptStats	mean	1.660964047443681
P37353	0.19625006882317989	0.15610550423065916	0.707190182279413	non_sig	menE		False	False	0.019135802469135803	False	Ecoli	False	True	False	False	diann231	AlphaPeptStats	mean	1.660964047443681
P76561	0.1962850308489825	-0.22882976419180068	0.7071128194400895	non_sig	ypfH		False	False	0.019161522633744855	False	Ecoli	False	True	False	False	diann231	AlphaPeptStats	mean	1.660964047443681
P0A8K1	0.19639751780663003	0.11035017694884175	0.7068640053968074	non_sig	psd		False	False	0.01918724279835391	False	Ecoli	False	True	False	False	diann231	AlphaPeptStats	mean	1.660964047443681
P75849	0.19665549021619907	-0.09485969180753528	0.7062939244776464	non_sig	ycbL		False	False	0.019212962962962963	False	Ecoli	False	True	False	False	diann231	AlphaPeptStats	mean	1.660964047443681
P0A7I4	0.1971799756066468	0.049411921268571746	0.7051371914490807	non_sig	prfC		False	False	0.019238683127572015	False	Ecoli	False	True	False	False	diann231	AlphaPeptStats	mean	1.660964047443681
P27431	0.1974079490852038	0.046417618681164896	0.7046353634478766	non_sig	ycfD		False	False	0.01926440329218107	False	Ecoli	False	True	False	False	diann231	AlphaPeptStats	mean	1.660964047443681
P04693	0.1982691530991342	0.07352089086445446	0.7027448484820731	non_sig	tyrB		False	False	0.019290123456790122	False	Ecoli	False	True	False	False	diann231	AlphaPeptStats	mean	1.660964047443681
P00547	0.19840017392005718	-0.07123630102647738	0.7024579514737352	non_sig	thrB		False	False	0.019315843621399178	False	Ecoli	False	True	False	False	diann231	AlphaPeptStats	mean	1.660964047443681
P45955	0.19955228025901212	0.07218756890051736	0.6999433052227382	non_sig	ybgF		False	False	0.01934156378600823	False	Ecoli	False	True	False	False	diann231	AlphaPeptStats	mean	1.660964047443681
P07658	0.19989937784261388	0.06279218643562601	0.6991885575574215	non_sig	fdhF		False	False	0.019367283950617282	False	Ecoli	False	True	False	False	diann231	AlphaPeptStats	mean	1.660964047443681
P69346	0.2007791192311827	-0.16602048748905673	0.6972814552432035	non_sig	yefM		False	False	0.019393004115226337	False	Ecoli	False	True	False	False	diann231	AlphaPeptStats	mean	1.660964047443681
P0A6H8	0.2012236374370127	-0.08188917747288116	0.6963210047021213	non_sig	cls		False	False	0.01941872427983539	False	Ecoli	False	True	False	False	diann231	AlphaPeptStats	mean	1.660964047443681
P0A7L3	0.20165079051834237	-0.04097455967048802	0.6954000711169082	non_sig	rplT		False	False	0.019444444444444448	False	Ecoli	False	True	False	False	diann231	AlphaPeptStats	mean	1.660964047443681
P20083	0.2021753718855998	0.10217234329993019	0.6942717493662749	non_sig	parE		False	False	0.0194701646090535	False	Ecoli	False	True	False	False	diann231	AlphaPeptStats	mean	1.660964047443681
P37637	0.20225373393959525	-0.04498152356333307	0.6941034518447734	non_sig	mdtF		False	False	0.019495884773662552	False	Ecoli	False	True	False	False	diann231	AlphaPeptStats	mean	1.660964047443681
P76506	0.20226616023337998	0.08739493960307243	0.6940767699885747	non_sig	mlaA		False	False	0.019521604938271608	False	Ecoli	False	True	False	False	diann231	AlphaPeptStats	mean	1.660964047443681
P0AAT9	0.20248298442853324	-0.05522650804395113	0.693611466667998	non_sig	ybeL		False	False	0.01954732510288066	False	Ecoli	False	True	False	False	diann231	AlphaPeptStats	mean	1.660964047443681
P00894	0.2033338042431995	0.08395600643404677	0.6917904139056846	non_sig	ilvH		False	False	0.019573045267489715	False	Ecoli	False	True	False	False	diann231	AlphaPeptStats	mean	1.660964047443681
P08331	0.2042305045960113	-0.029771939903611155	0.6898793896326122	non_sig	cpdB		False	False	0.019598765432098767	False	Ecoli	False	True	False	False	diann231	AlphaPeptStats	mean	1.660964047443681
P46859	0.20453652846501474	-0.2812277388651303	0.6892291194702966	non_sig	gntK		False	False	0.01962448559670782	False	Ecoli	False	True	False	False	diann231	AlphaPeptStats	mean	1.660964047443681
P56262	0.20476510544363594	-0.12142562228413567	0.6887440506476918	non_sig	ysgA		False	False	0.019650205761316875	False	Ecoli	False	True	False	False	diann231	AlphaPeptStats	mean	1.660964047443681
P17315	0.20580728742971222	0.051527350072959166	0.6865392513691262	non_sig	cirA		False	False	0.019675925925925927	False	Ecoli	False	True	False	False	diann231	AlphaPeptStats	mean	1.660964047443681
P37652	0.20614423174714644	0.018638643673583033	0.6858288129627095	non_sig	bcsB		False	False	0.019701646090534982	False	Ecoli	False	True	False	False	diann231	AlphaPeptStats	mean	1.660964047443681
P76008	0.2064627342614059	0.07716584386249536	0.6851583254368796	non_sig	ldcA		False	False	0.019727366255144034	False	Ecoli	False	True	False	False	diann231	AlphaPeptStats	mean	1.660964047443681
P0AA16	0.2081950986478969	-0.04675668439739411	0.681529498913995	non_sig	ompR		False	False	0.01975308641975309	False	Ecoli	False	True	False	False	diann231	AlphaPeptStats	mean	1.660964047443681
P76243	0.20824225956842657	0.1004397309439149	0.6814311324863392	non_sig	yeaO		False	False	0.01977880658436214	False	Ecoli	False	True	False	False	diann231	AlphaPeptStats	mean	1.660964047443681
P07604	0.20846713800351946	0.06727313141442437	0.6809623958871186	non_sig	tyrR		False	False	0.019804526748971193	False	Ecoli	False	True	False	False	diann231	AlphaPeptStats	mean	1.660964047443681
P0AFD4	0.20893565272578818	-0.04478944031818344	0.6799874457979338	non_sig	nuoH		False	False	0.01983024691358025	False	Ecoli	False	True	False	False	diann231	AlphaPeptStats	mean	1.660964047443681
P0AAN5	0.20894988812134424	-0.25357083330963803	0.6799578570558702	non_sig	yaiA		False	False	0.0198559670781893	False	Ecoli	False	True	False	False	diann231	AlphaPeptStats	mean	1.660964047443681
P22525	0.2089828848680989	-0.020575199931478494	0.6798892799736588	non_sig	ycbB		False	False	0.019881687242798356	False	Ecoli	False	True	False	False	diann231	AlphaPeptStats	mean	1.660964047443681
P77202	0.20904840244557904	-0.16006994907220573	0.6797531469928806	non_sig	dsbG		False	False	0.01990740740740741	False	Ecoli	False	True	False	False	diann231	AlphaPeptStats	mean	1.660964047443681
P68767	0.20929791589735017	-0.040640836986955975	0.6792350961657899	non_sig	pepA		False	False	0.01993312757201646	False	Ecoli	False	True	False	False	diann231	AlphaPeptStats	mean	1.660964047443681
P0A7D4	0.2095864721395077	0.01565936222948494	0.6786367525316529	non_sig	purA		False	False	0.019958847736625516	False	Ecoli	False	True	False	False	diann231	AlphaPeptStats	mean	1.660964047443681
P10384	0.21063244837175304	0.04570383806986911	0.676474724018145	non_sig	fadL		False	False	0.019984567901234568	False	Ecoli	False	True	False	False	diann231	AlphaPeptStats	mean	1.660964047443681
P0A968	0.21076409512014654	-0.07851903697873297	0.676203371729519	non_sig	cspD		False	False	0.020010288065843623	False	Ecoli	False	True	False	False	diann231	AlphaPeptStats	mean	1.660964047443681
P0AF52	0.21126373235054782	0.3765879666134815	0.6751750518919595	non_sig	yjcD		False	False	0.020036008230452675	False	Ecoli	False	True	False	False	diann231	AlphaPeptStats	mean	1.660964047443681
P45475	0.21132646249062514	-0.16751159174470232	0.6750461167949445	non_sig	yhbV		False	False	0.020061728395061727	False	Ecoli	False	True	False	False	diann231	AlphaPeptStats	mean	1.660964047443681
Q57261	0.21197405869892996	0.02584961013161191	0.6737172846054671	non_sig	truD		False	False	0.020087448559670783	False	Ecoli	False	True	False	False	diann231	AlphaPeptStats	mean	1.660964047443681
P0AEL6	0.21249780032762342	0.19447338972613792	0.6726455611925852	non_sig	fepB		False	False	0.020113168724279835	False	Ecoli	False	True	False	False	diann231	AlphaPeptStats	mean	1.660964047443681
P11447	0.21346651936875258	0.09289341383873762	0.6706702311477284	non_sig	argH		False	False	0.02013888888888889	False	Ecoli	False	True	False	False	diann231	AlphaPeptStats	mean	1.660964047443681
P23882	0.21471084365205767	0.011375436977981934	0.6681460216125112	non_sig	fmt		False	False	0.020164609053497942	False	Ecoli	False	True	False	False	diann231	AlphaPeptStats	mean	1.660964047443681
P06610	0.21498699234591592	0.0510173464150796	0.6675878160066597	non_sig	btuE		False	False	0.020190329218106994	False	Ecoli	False	True	False	False	diann231	AlphaPeptStats	mean	1.660964047443681
P02943	0.215178563698022	-0.08278561584993582	0.6672009956978661	non_sig	lamB		False	False	0.020216049382716053	False	Ecoli	False	True	False	False	diann231	AlphaPeptStats	mean	1.660964047443681
P03817	0.21569329480588528	0.07947308280006382	0.6661633554726349	non_sig	mioC		False	False	0.020241769547325105	False	Ecoli	False	True	False	False	diann231	AlphaPeptStats	mean	1.660964047443681
P27247	0.21580839338975605	-0.1125134570413664	0.6659316684020954	non_sig	plsX		False	False	0.02026748971193416	False	Ecoli	False	True	False	False	diann231	AlphaPeptStats	mean	1.660964047443681
P0A9M2	0.21629225476666145	0.04237252911966394	0.6649590319817362	non_sig	hpt		False	False	0.020293209876543213	False	Ecoli	False	True	False	False	diann231	AlphaPeptStats	mean	1.660964047443681
P42596	0.21639666872367277	0.09293055958421093	0.6647494291757383	non_sig	rlmG		False	False	0.020318930041152265	False	Ecoli	False	True	False	False	diann231	AlphaPeptStats	mean	1.660964047443681
P11454	0.21680065816331545	0.1681691818085902	0.6639394037007069	non_sig	entF		False	False	0.02034465020576132	False	Ecoli	False	True	False	False	diann231	AlphaPeptStats	mean	1.660964047443681
P0AC13	0.2173940124564461	0.04632281309093145	0.6627524215787733	non_sig	folP		False	False	0.020370370370370372	False	Ecoli	False	True	False	False	diann231	AlphaPeptStats	mean	1.660964047443681
P0ABN9	0.2174981122234471	-0.07036697146040538	0.6625445081553114	non_sig	dcuB		False	False	0.020396090534979427	False	Ecoli	False	True	False	False	diann231	AlphaPeptStats	mean	1.660964047443681
P0A7I0	0.2177878644326227	0.06163347873379621	0.6619663236471988	non_sig	prfA		False	False	0.02042181069958848	False	Ecoli	False	True	False	False	diann231	AlphaPeptStats	mean	1.660964047443681
P0A9A2	0.21803006059112057	-0.2316010862470428	0.6614836245200519	non_sig	ftnB		False	False	0.02044753086419753	False	Ecoli	False	True	False	False	diann231	AlphaPeptStats	mean	1.660964047443681
P10408	0.21860479149518597	-0.03493648868073507	0.6603403231863443	non_sig	secA		False	False	0.020473251028806587	False	Ecoli	False	True	False	False	diann231	AlphaPeptStats	mean	1.660964047443681
P0AES0	0.21887945352368457	0.03996218787913719	0.6597950042616251	non_sig	gsp		False	False	0.02049897119341564	False	Ecoli	False	True	False	False	diann231	AlphaPeptStats	mean	1.660964047443681
P0AGL2	0.21952347596319932	-0.040145209943123206	0.658519029243727	non_sig	tdcF		False	False	0.020524691358024694	False	Ecoli	False	True	False	False	diann231	AlphaPeptStats	mean	1.660964047443681
P0A951	0.21956442761182524	-0.13207057010748002	0.6584380200657021	non_sig	speG		False	False	0.020550411522633746	False	Ecoli	False	True	False	False	diann231	AlphaPeptStats	mean	1.660964047443681
P0ACX5	0.21979854339118543	-0.10790670913276301	0.657975189980165	non_sig	ydhZ		False	False	0.0205761316872428	False	Ecoli	False	True	False	False	diann231	AlphaPeptStats	mean	1.660964047443681
P0A858	0.21982057199777114	0.034643691065515014	0.657931666384592	non_sig	tpiA		False	False	0.020601851851851854	False	Ecoli	False	True	False	False	diann231	AlphaPeptStats	mean	1.660964047443681
P0A7D7	0.22075007245962308	0.034056195868540584	0.6560991451963313	non_sig	purC		False	False	0.020627572016460906	False	Ecoli	False	True	False	False	diann231	AlphaPeptStats	mean	1.660964047443681
P33920	0.22114824765528038	0.04474826788840858	0.6553164975634584	non_sig	yejK		False	False	0.02065329218106996	False	Ecoli	False	True	False	False	diann231	AlphaPeptStats	mean	1.660964047443681
P0A8W5	0.2214032106620411	0.0845071008280378	0.6548160855227998	non_sig	yqgE		False	False	0.020679012345679013	False	Ecoli	False	True	False	False	diann231	AlphaPeptStats	mean	1.660964047443681
P15070	0.2217874636037722	-0.12151103918056094	0.6540630057142478	non_sig	fliN		False	False	0.020704732510288065	False	Ecoli	False	True	False	False	diann231	AlphaPeptStats	mean	1.660964047443681
P24202	0.22209926127167184	0.03940884674529954	0.6534528859637732	non_sig	mrr		False	False	0.02073045267489712	False	Ecoli	False	True	False	False	diann231	AlphaPeptStats	mean	1.660964047443681
P0ADZ0	0.2221402461388962	-0.08505241011377151	0.6533727512552178	non_sig	rplW		False	False	0.020756172839506173	False	Ecoli	False	True	False	False	diann231	AlphaPeptStats	mean	1.660964047443681
P0ABC7	0.22301378124675073	0.05060110753452207	0.6516682986805968	non_sig	hflK		False	False	0.020781893004115228	False	Ecoli	False	True	False	False	diann231	AlphaPeptStats	mean	1.660964047443681
P0ABN5	0.22432550255865144	-0.07062462738895903	0.6491213506216506	non_sig	dcuA		False	False	0.02080761316872428	False	Ecoli	False	True	False	False	diann231	AlphaPeptStats	mean	1.660964047443681
P0ACP7	0.22512243277141888	0.05497746327355557	0.6475812267079515	non_sig	purR		False	False	0.020833333333333332	False	Ecoli	False	True	False	False	diann231	AlphaPeptStats	mean	1.660964047443681
P0A8E5	0.2251892405868542	0.1346986286971834	0.6474523636669912	non_sig	yacL		False	False	0.020859053497942388	False	Ecoli	False	True	False	False	diann231	AlphaPeptStats	mean	1.660964047443681
P02932	0.2254727120969017	-0.20725260346998553	0.6469060112265703	non_sig	phoE		False	False	0.02088477366255144	False	Ecoli	False	True	False	False	diann231	AlphaPeptStats	mean	1.660964047443681
P0ABA0	0.22572838081633492	-0.023715146289330136	0.6464138336690559	non_sig	atpF		False	False	0.020910493827160495	False	Ecoli	False	True	False	False	diann231	AlphaPeptStats	mean	1.660964047443681
P0A8V6	0.22579323010911195	0.03546384510052647	0.6462890835374097	non_sig	fadR		False	False	0.020936213991769547	False	Ecoli	False	True	False	False	diann231	AlphaPeptStats	mean	1.660964047443681
P00561	0.2262105651415019	-0.052180044501461964	0.6454871152571455	non_sig	thrA		False	False	0.020961934156378603	False	Ecoli	False	True	False	False	diann231	AlphaPeptStats	mean	1.660964047443681
P0A6U3	0.22632587987036276	-0.03209731604398769	0.6452657825796897	non_sig	mnmG		False	False	0.020987654320987658	False	Ecoli	False	True	False	False	diann231	AlphaPeptStats	mean	1.660964047443681
P16703	0.2266168350094836	0.15117807187326093	0.6447078302178098	non_sig	cysM		False	False	0.02101337448559671	False	Ecoli	False	True	False	False	diann231	AlphaPeptStats	mean	1.660964047443681
P43329	0.22923105098184451	0.1020396559859762	0.6397265544328611	non_sig	hrpA		False	False	0.021039094650205765	False	Ecoli	False	True	False	False	diann231	AlphaPeptStats	mean	1.660964047443681
P0ABP3	0.23025436738187108	0.03244555475895439	0.6377921235117492	non_sig	dcuC		False	False	0.021064814814814817	False	Ecoli	False	True	False	False	diann231	AlphaPeptStats	mean	1.660964047443681
Q46863	0.23029592364732035	-0.04304365901963436	0.6377137491966152	non_sig	ygiS		False	False	0.02109053497942387	False	Ecoli	False	True	False	False	diann231	AlphaPeptStats	mean	1.660964047443681
P28305	0.23033982648958257	-0.051948068077429355	0.6376309646442376	non_sig	pabC		False	False	0.021116255144032925	False	Ecoli	False	True	False	False	diann231	AlphaPeptStats	mean	1.660964047443681
P77775	0.23055124015340606	0.08234556891329703	0.637232537333828	non_sig	yfcH		False	False	0.021141975308641977	False	Ecoli	False	True	False	False	diann231	AlphaPeptStats	mean	1.660964047443681
P09099	0.2305770941151385	0.08532898903823849	0.6371838383834791	non_sig	xylB		False	False	0.021167695473251032	False	Ecoli	False	True	False	False	diann231	AlphaPeptStats	mean	1.660964047443681
P0AG76	0.23068139188993492	0.0964435523063969	0.6369874367986188	non_sig	sbcD		False	False	0.021193415637860084	False	Ecoli	False	True	False	False	diann231	AlphaPeptStats	mean	1.660964047443681
P0ABR1	0.23084988797922787	0.11212939092430574	0.6366703318558117	non_sig	dinI		False	False	0.021219135802469136	False	Ecoli	False	True	False	False	diann231	AlphaPeptStats	mean	1.660964047443681
P33362	0.23136308108283765	-0.0789727287831603	0.6357059408086059	non_sig	osmF		False	False	0.021244855967078192	False	Ecoli	False	True	False	False	diann231	AlphaPeptStats	mean	1.660964047443681
P60595	0.23166469156884392	0.15234836324479417	0.6351401527672845	non_sig	hisH		False	False	0.021270576131687244	False	Ecoli	False	True	False	False	diann231	AlphaPeptStats	mean	1.660964047443681
P16433	0.23182611057083574	-0.08850280863971349	0.6348376510375845	non_sig	hycG		False	False	0.0212962962962963	False	Ecoli	False	True	False	False	diann231	AlphaPeptStats	mean	1.660964047443681
P0AEJ2	0.2322526366329444	0.20046655099707067	0.6340393470064892	non_sig	entC		False	False	0.02132201646090535	False	Ecoli	False	True	False	False	diann231	AlphaPeptStats	mean	1.660964047443681
P0C058	0.23226637531711125	-0.2011483674557759	0.6340136574886417	non_sig	ibpB		False	False	0.021347736625514403	False	Ecoli	False	True	False	False	diann231	AlphaPeptStats	mean	1.660964047443681
P06710	0.23358818970948875	-0.08971840198315562	0.6315491190667532	non_sig	dnaX		False	False	0.02137345679012346	False	Ecoli	False	True	False	False	diann231	AlphaPeptStats	mean	1.660964047443681
P23857	0.2340238010122928	-0.14891550321160807	0.6307399711255469	non_sig	pspE		False	False	0.02139917695473251	False	Ecoli	False	True	False	False	diann231	AlphaPeptStats	mean	1.660964047443681
P0AD49	0.23415916116640964	-0.07528189822263798	0.6304888463542954	non_sig	raiA		False	False	0.021424897119341566	False	Ecoli	False	True	False	False	diann231	AlphaPeptStats	mean	1.660964047443681
P00441ups|SODC_HUMAN_UPS	0.2342054978885982	1.242323469296192	0.6304029142395102	non_sig	Superoxide		False	False	0.021450617283950618	False		False	False	False	False	diann231	AlphaPeptStats	mean	1.660964047443681
P00709ups|LALBA_HUMAN_UPS	0.2342199290705292	1.2381864515911474	0.6303761548779502	non_sig	Alpha-lactalbumin		False	False	0.02147633744855967	False		False	False	False	False	diann231	AlphaPeptStats	mean	1.660964047443681
P0A921	0.23481678833844463	-0.05956245611960753	0.6292708562229713	non_sig	pldA		False	False	0.021502057613168726	False	Ecoli	False	True	False	False	diann231	AlphaPeptStats	mean	1.660964047443681
P0AG30	0.23532946011099862	-0.016948862543518572	0.6283237015414982	non_sig	rho		False	False	0.021527777777777778	False	Ecoli	False	True	False	False	diann231	AlphaPeptStats	mean	1.660964047443681
P26612	0.23556019501028044	-0.23030855138565443	0.6278980948182644	non_sig	amyA		False	False	0.021553497942386833	False	Ecoli	False	True	False	False	diann231	AlphaPeptStats	mean	1.660964047443681
P75876	0.2359202919018922	-0.06841851672330179	0.6272347031075698	non_sig	rlmI		False	False	0.021579218106995885	False	Ecoli	False	True	False	False	diann231	AlphaPeptStats	mean	1.660964047443681
P69739	0.23799175910111398	0.14625974136637865	0.6234380809219574	non_sig	hyaA		False	False	0.021604938271604937	False	Ecoli	False	True	False	False	diann231	AlphaPeptStats	mean	1.660964047443681
P0A877	0.23810361854569168	-0.12929299780154935	0.6232340044166871	non_sig	trpA		False	False	0.021630658436213993	False	Ecoli	False	True	False	False	diann231	AlphaPeptStats	mean	1.660964047443681
P61320	0.2391530866174839	0.0703878507440372	0.6213240095555946	non_sig	lolB		False	False	0.021656378600823045	False	Ecoli	False	True	False	False	diann231	AlphaPeptStats	mean	1.660964047443681
P36771	0.23934908838096364	-0.09707258079208003	0.6209682222947172	non_sig	lrhA		False	False	0.0216820987654321	False	Ecoli	False	True	False	False	diann231	AlphaPeptStats	mean	1.660964047443681
P76002	0.2414562676956286	-0.1760736579213571	0.617161516748222	non_sig	pliG		False	False	0.021707818930041155	False	Ecoli	False	True	False	False	diann231	AlphaPeptStats	mean	1.660964047443681
P32177	0.24206162058398253	0.2617538423779848	0.6160740634698625	non_sig	fdhD		False	False	0.021733539094650207	False	Ecoli	False	True	False	False	diann231	AlphaPeptStats	mean	1.660964047443681
P68679	0.24273925546513342	0.061298445474086805	0.6148599844703192	non_sig	rpsU		False	False	0.021759259259259263	False	Ecoli	False	True	False	False	diann231	AlphaPeptStats	mean	1.660964047443681
P0ACZ4	0.24314189710997652	0.02649253524121775	0.6141401990510222	non_sig	evgA		False	False	0.021784979423868315	False	Ecoli	False	True	False	False	diann231	AlphaPeptStats	mean	1.660964047443681
P0AGB6	0.2431965035608066	0.04815608270997629	0.614042673211653	non_sig	rpoE		False	False	0.02181069958847737	False	Ecoli	False	True	False	False	diann231	AlphaPeptStats	mean	1.660964047443681
P37641	0.24352683311997989	-0.13315233949130345	0.6134531788686732	non_sig	yhjC		False	False	0.021836419753086422	False	Ecoli	False	True	False	False	diann231	AlphaPeptStats	mean	1.660964047443681
P31680	0.24429706280923472	0.08906966910388547	0.6120817545304926	non_sig	djlA		False	False	0.021862139917695474	False	Ecoli	False	True	False	False	diann231	AlphaPeptStats	mean	1.660964047443681
P25741	0.24487649141099757	0.26861301061262566	0.6110529059350569	non_sig	rfaP		False	False	0.02188786008230453	False	Ecoli	False	True	False	False	diann231	AlphaPeptStats	mean	1.660964047443681
P39830	0.24521398259880386	-0.18264222351664117	0.6104547690950382	non_sig	ybaL		False	False	0.021913580246913582	False	Ecoli	False	True	False	False	diann231	AlphaPeptStats	mean	1.660964047443681
P77212	0.24629394314937933	0.17419936119028634	0.6085462681817903	non_sig	ykgC		False	False	0.021939300411522637	False	Ecoli	False	True	False	False	diann231	AlphaPeptStats	mean	1.660964047443681
P00370	0.2465518209732212	0.06320443135319564	0.6080917855250512	non_sig	gdhA		False	False	0.02196502057613169	False	Ecoli	False	True	False	False	diann231	AlphaPeptStats	mean	1.660964047443681
P0AAZ7	0.24678581880225717	0.03628452088710432	0.6076798000394318	non_sig	ycaR		False	False	0.02199074074074074	False	Ecoli	False	True	False	False	diann231	AlphaPeptStats	mean	1.660964047443681
P09155	0.24680345812106422	0.06263381050350603	0.6076487594184788	non_sig	rnd		False	False	0.022016460905349797	False	Ecoli	False	True	False	False	diann231	AlphaPeptStats	mean	1.660964047443681
P77804	0.247194374618816	-0.03529142110702921	0.6069614166730478	non_sig	ydgA		False	False	0.02204218106995885	False	Ecoli	False	True	False	False	diann231	AlphaPeptStats	mean	1.660964047443681
P0A6I0	0.2485156264562227	0.027240620996867193	0.6046462979956772	non_sig	cmk		False	False	0.022067901234567904	False	Ecoli	False	True	False	False	diann231	AlphaPeptStats	mean	1.660964047443681
P02359	0.24886170175019567	-0.023754135483262218	0.6040419334369121	non_sig	rpsG		False	False	0.022093621399176956	False	Ecoli	False	True	False	False	diann231	AlphaPeptStats	mean	1.660964047443681
P19931	0.24948982540576145	0.060858311344901495	0.6029471609032544	non_sig	hyaE		False	False	0.022119341563786008	False	Ecoli	False	True	False	False	diann231	AlphaPeptStats	mean	1.660964047443681
P0AC33	0.2503896697393504	0.06932718088299339	0.6013835926650507	non_sig	fumA		False	False	0.022145061728395064	False	Ecoli	False	True	False	False	diann231	AlphaPeptStats	mean	1.660964047443681
P32680	0.2511322196267826	0.05053620070112075	0.6000975648320337	non_sig	yjaG		False	False	0.022170781893004116	False	Ecoli	False	True	False	False	diann231	AlphaPeptStats	mean	1.660964047443681
P68688	0.251728387778215	-0.06717728787793575	0.5990678056663934	non_sig	grxA		False	False	0.02219650205761317	False	Ecoli	False	True	False	False	diann231	AlphaPeptStats	mean	1.660964047443681
P00934	0.25192005134282686	-0.03386292222302245	0.5987372638596671	non_sig	thrC		False	False	0.022222222222222223	False	Ecoli	False	True	False	False	diann231	AlphaPeptStats	mean	1.660964047443681
P64448	0.2520213564470814	0.38180178621270144	0.5985626552735142	non_sig	ynbE		False	False	0.022247942386831275	False	Ecoli	False	True	False	False	diann231	AlphaPeptStats	mean	1.660964047443681
P78067	0.2521344079746163	0.056229858339037264	0.5983678835030937	non_sig	ynjE		False	False	0.02227366255144033	False	Ecoli	False	True	False	False	diann231	AlphaPeptStats	mean	1.660964047443681
P0AEI4	0.2522741688282293	0.027061454747556724	0.5981272160289273	non_sig	rimO		False	False	0.022299382716049383	False	Ecoli	False	True	False	False	diann231	AlphaPeptStats	mean	1.660964047443681
P0A8W0	0.2523423040766119	0.033181938126372046	0.5980099358204347	non_sig	nanR		False	False	0.022325102880658438	False	Ecoli	False	True	False	False	diann231	AlphaPeptStats	mean	1.660964047443681
P46852	0.25256342017706834	0.1737781182415894	0.5976295499233677	non_sig	yhhW		False	False	0.02235082304526749	False	Ecoli	False	True	False	False	diann231	AlphaPeptStats	mean	1.660964047443681
P23908	0.25296200355384996	-0.07019353307991594	0.5969447076232224	non_sig	argE		False	False	0.022376543209876542	False	Ecoli	False	True	False	False	diann231	AlphaPeptStats	mean	1.660964047443681
P0ACZ2	0.25325047550842	0.07310537329611577	0.5964497305264618	non_sig	etp		False	False	0.022402263374485597	False	Ecoli	False	True	False	False	diann231	AlphaPeptStats	mean	1.660964047443681
P25553	0.2532736893251378	0.20468285402790798	0.5964099234127584	non_sig	aldA		False	False	0.02242798353909465	False	Ecoli	False	True	False	False	diann231	AlphaPeptStats	mean	1.660964047443681
P0AG80	0.25459517430107326	0.23857703723604473	0.5941498323959422	non_sig	ugpB		False	False	0.02245370370370371	False	Ecoli	False	True	False	False	diann231	AlphaPeptStats	mean	1.660964047443681
P0A847	0.25521317490684825	0.03246157042423192	0.5930969097249628	non_sig	tgt		False	False	0.02247942386831276	False	Ecoli	False	True	False	False	diann231	AlphaPeptStats	mean	1.660964047443681
P0A7Y4	0.2555694077550079	0.13079005974681124	0.592491133449249	non_sig	rnhA		False	False	0.022505144032921812	False	Ecoli	False	True	False	False	diann231	AlphaPeptStats	mean	1.660964047443681
P33025	0.25599751190692066	-0.0766189396071546	0.5917642556660642	non_sig	psuG		False	False	0.022530864197530868	False	Ecoli	False	True	False	False	diann231	AlphaPeptStats	mean	1.660964047443681
P34209	0.25620929357304223	0.08048908796551757	0.591405120983658	non_sig	ydcF		False	False	0.02255658436213992	False	Ecoli	False	True	False	False	diann231	AlphaPeptStats	mean	1.660964047443681
P0A7T3	0.25627503363991516	-0.03657209521676208	0.5912937008019141	non_sig	rpsP		False	False	0.022582304526748975	False	Ecoli	False	True	False	False	diann231	AlphaPeptStats	mean	1.660964047443681
P25534	0.2565881929379799	0.21693711992069709	0.5907633318264803	non_sig	ubiH		False	False	0.022608024691358027	False	Ecoli	False	True	False	False	diann231	AlphaPeptStats	mean	1.660964047443681
P0A9T8	0.2570418866676708	0.12158094308642475	0.5899960997567579	non_sig	ybbA		False	False	0.02263374485596708	False	Ecoli	False	True	False	False	diann231	AlphaPeptStats	mean	1.660964047443681
P0A7M9	0.25766625384882197	0.04026908559696807	0.5889424566020708	non_sig	rpmE		False	False	0.022659465020576135	False	Ecoli	False	True	False	False	diann231	AlphaPeptStats	mean	1.660964047443681
P10908	0.25798726681721956	-0.14747090425515097	0.5884017284843827	non_sig	ugpQ		False	False	0.022685185185185187	False	Ecoli	False	True	False	False	diann231	AlphaPeptStats	mean	1.660964047443681
Q2M7R5	0.2580405031001999	0.06234247982201779	0.5883121200355153	non_sig	yibT		False	False	0.022710905349794242	False	Ecoli	False	True	False	False	diann231	AlphaPeptStats	mean	1.660964047443681
P37685	0.2588915402050178	-0.06669872889091977	0.5868821407675476	non_sig	aldB		False	False	0.022736625514403294	False	Ecoli	False	True	False	False	diann231	AlphaPeptStats	mean	1.660964047443681
P0AB10	0.2592583957282664	-0.17215470876143257	0.5862671706788707	non_sig	ymbA		False	False	0.022762345679012346	False	Ecoli	False	True	False	False	diann231	AlphaPeptStats	mean	1.660964047443681
P0AD61	0.26005411893917785	-0.021776296183851684	0.5849362631412556	non_sig	pykF		False	False	0.0227880658436214	False	Ecoli	False	True	False	False	diann231	AlphaPeptStats	mean	1.660964047443681
P0A962	0.2603283929915218	-0.0884871733695789	0.5844784625205154	non_sig	ansA		False	False	0.022813786008230454	False	Ecoli	False	True	False	False	diann231	AlphaPeptStats	mean	1.660964047443681
P02753ups|RETBP_HUMAN_UPS	0.2613904965736999	1.644547444092911	0.5827102061993485	non_sig	Retinol-binding		False	False	0.02283950617283951	False		False	False	False	False	diann231	AlphaPeptStats	mean	1.660964047443681
P0AFH8	0.2614691131522155	-0.03356147799541276	0.5825796061458824	non_sig	osmY		False	False	0.02286522633744856	False	Ecoli	False	True	False	False	diann231	AlphaPeptStats	mean	1.660964047443681
P0A7F9	0.26236055611666603	0.0678880881464039	0.5811014572099196	non_sig	queA		False	False	0.022890946502057613	False	Ecoli	False	True	False	False	diann231	AlphaPeptStats	mean	1.660964047443681
P0A9N8	0.26266059894231536	0.12070953843691257	0.5806050697541207	non_sig	nrdG		False	False	0.02291666666666667	False	Ecoli	False	True	False	False	diann231	AlphaPeptStats	mean	1.660964047443681
P0A9Y6	0.2626835339778968	-0.062083890711587486	0.5805671496222398	non_sig	cspC		False	False	0.02294238683127572	False	Ecoli	False	True	False	False	diann231	AlphaPeptStats	mean	1.660964047443681
P30750	0.2627804011214642	-0.08937022874112799	0.5804070287705674	non_sig	metN		False	False	0.022968106995884776	False	Ecoli	False	True	False	False	diann231	AlphaPeptStats	mean	1.660964047443681
P21165	0.26311105988149763	-0.02394422998999346	0.57986089594869	non_sig	pepQ		False	False	0.022993827160493828	False	Ecoli	False	True	False	False	diann231	AlphaPeptStats	mean	1.660964047443681
P0AD12	0.2632061366919686	0.04153152240784763	0.5797039892967224	non_sig	yeeZ		False	False	0.02301954732510288	False	Ecoli	False	True	False	False	diann231	AlphaPeptStats	mean	1.660964047443681
P0ADI4	0.26413209737288806	-0.07766304449962647	0.5781788200542778	non_sig	entB		False	False	0.023045267489711935	False	Ecoli	False	True	False	False	diann231	AlphaPeptStats	mean	1.660964047443681
P06282	0.2652736973962358	0.054692600424779414	0.5763058093541584	non_sig	cdh		False	False	0.023070987654320987	False	Ecoli	False	True	False	False	diann231	AlphaPeptStats	mean	1.660964047443681
P0AFG3	0.2654509594107252	0.02617819256187559	0.5760157006636384	non_sig	sucA		False	False	0.023096707818930043	False	Ecoli	False	True	False	False	diann231	AlphaPeptStats	mean	1.660964047443681
P0AC30	0.2666687494667926	-0.04374610536591916	0.5740278756837096	non_sig	ftsX		False	False	0.023122427983539095	False	Ecoli	False	True	False	False	diann231	AlphaPeptStats	mean	1.660964047443681
P0A8C4	0.2672646441594537	0.056989398135332436	0.5730584892869968	non_sig	ygfB		False	False	0.023148148148148147	False	Ecoli	False	True	False	False	diann231	AlphaPeptStats	mean	1.660964047443681
P00448	0.2675120882656177	-0.024481734651246256	0.572656588414951	non_sig	sodA		False	False	0.023173868312757202	False	Ecoli	False	True	False	False	diann231	AlphaPeptStats	mean	1.660964047443681
P0A6S7	0.26765610014342067	0.04874627281405708	0.5724228541731833	non_sig	gpsA		False	False	0.023199588477366254	False	Ecoli	False	True	False	False	diann231	AlphaPeptStats	mean	1.660964047443681
P0A978	0.2679910413000869	0.10934680446738199	0.5718797238031816	non_sig	cspG		False	False	0.023225308641975313	False	Ecoli	False	True	False	False	diann231	AlphaPeptStats	mean	1.660964047443681
P0AFD1	0.2683050881523074	0.049338833076735256	0.5713710912657535	non_sig	nuoE		False	False	0.023251028806584365	False	Ecoli	False	True	False	False	diann231	AlphaPeptStats	mean	1.660964047443681
P0A8N5	0.27039726262550906	-0.03023293929618731	0.5679977093008671	non_sig	lysU		False	False	0.023276748971193417	False	Ecoli	False	True	False	False	diann231	AlphaPeptStats	mean	1.660964047443681
P0AE70	0.2708445015262098	0.2553212369797109	0.5672799766950729	non_sig	mazF		False	False	0.023302469135802473	False	Ecoli	False	True	False	False	diann231	AlphaPeptStats	mean	1.660964047443681
P0A8B2	0.2736091658454757	-0.049351962479363465	0.5628693579408269	non_sig	yfcN		False	False	0.023328189300411525	False	Ecoli	False	True	False	False	diann231	AlphaPeptStats	mean	1.660964047443681
P26602	0.27491278703924854	0.0829999452233281	0.5608050593146543	non_sig	ubiC		False	False	0.02335390946502058	False	Ecoli	False	True	False	False	diann231	AlphaPeptStats	mean	1.660964047443681
P46889	0.27548700691444805	0.11356508355992645	0.5598988794199105	non_sig	ftsK		False	False	0.023379629629629632	False	Ecoli	False	True	False	False	diann231	AlphaPeptStats	mean	1.660964047443681
P09996	0.275496694130937	-0.22278213767256005	0.5598836081708386	non_sig	yidB		False	False	0.023405349794238684	False	Ecoli	False	True	False	False	diann231	AlphaPeptStats	mean	1.660964047443681
P0A9R7	0.2758315288894316	0.06534007170525058	0.5593560933447498	non_sig	ftsE		False	False	0.02343106995884774	False	Ecoli	False	True	False	False	diann231	AlphaPeptStats	mean	1.660964047443681
P76502	0.27617526155424504	0.034280324855906485	0.5588152260168205	non_sig	sixA		False	False	0.02345679012345679	False	Ecoli	False	True	False	False	diann231	AlphaPeptStats	mean	1.660964047443681
P0ADT8	0.2762912996016121	-0.050821399979728454	0.5586327907783947	non_sig	ygiM		False	False	0.023482510288065847	False	Ecoli	False	True	False	False	diann231	AlphaPeptStats	mean	1.660964047443681
P33934	0.27630999843518234	0.11566113905699282	0.558603399605158	non_sig	napH		False	False	0.0235082304526749	False	Ecoli	False	True	False	False	diann231	AlphaPeptStats	mean	1.660964047443681
P75713	0.277032463109095	-0.12149329701282952	0.5574693366284474	non_sig	ylbA		False	False	0.02353395061728395	False	Ecoli	False	True	False	False	diann231	AlphaPeptStats	mean	1.660964047443681
P33590	0.27713611674536986	-0.04274439023446419	0.5573068726980668	non_sig	nikA		False	False	0.023559670781893007	False	Ecoli	False	True	False	False	diann231	AlphaPeptStats	mean	1.660964047443681
P0A8Y1	0.2778461294512139	0.05329618284639537	0.5561956487965003	non_sig	yjjG		False	False	0.02358539094650206	False	Ecoli	False	True	False	False	diann231	AlphaPeptStats	mean	1.660964047443681
P0AE28	0.2782896435488427	-0.35224564891757026	0.5555029554815508	non_sig	aroM		False	False	0.023611111111111114	False	Ecoli	False	True	False	False	diann231	AlphaPeptStats	mean	1.660964047443681
P0A6H1	0.2784161954230424	0.015453392739058103	0.5553055054900521	non_sig	clpX		False	False	0.023636831275720166	False	Ecoli	False	True	False	False	diann231	AlphaPeptStats	mean	1.660964047443681
P0ABL5	0.278681462318951	-0.09822622674724357	0.5548919192678508	non_sig	napC		False	False	0.023662551440329218	False	Ecoli	False	True	False	False	diann231	AlphaPeptStats	mean	1.660964047443681
P0AGJ2	0.27896080943290585	0.05282219529391696	0.5544568054810386	non_sig	trmH		False	False	0.023688271604938273	False	Ecoli	False	True	False	False	diann231	AlphaPeptStats	mean	1.660964047443681
P0ADK8	0.28009321766924056	-0.10547888275374362	0.5526974072938373	non_sig	yibL		False	False	0.023713991769547325	False	Ecoli	False	True	False	False	diann231	AlphaPeptStats	mean	1.660964047443681
P0A812	0.2805096976121673	-0.0585161862168917	0.552052119981259	non_sig	ruvB		False	False	0.02373971193415638	False	Ecoli	False	True	False	False	diann231	AlphaPeptStats	mean	1.660964047443681
P0ACI0	0.2808314206292895	0.043559298778085065	0.5515543030859855	non_sig	rob		False	False	0.023765432098765433	False	Ecoli	False	True	False	False	diann231	AlphaPeptStats	mean	1.660964047443681
P0A6L2	0.2808858075304027	0.030040148652116017	0.5514702040769789	non_sig	dapA		False	False	0.023791152263374485	False	Ecoli	False	True	False	False	diann231	AlphaPeptStats	mean	1.660964047443681
P22939	0.2816131603181657	-0.14382746641753386	0.5503470536492068	non_sig	ispA		False	False	0.02381687242798354	False	Ecoli	False	True	False	False	diann231	AlphaPeptStats	mean	1.660964047443681
P36548	0.28176481427242983	0.12725702510713788	0.5501132408980625	non_sig	amiA		False	False	0.023842592592592592	False	Ecoli	False	True	False	False	diann231	AlphaPeptStats	mean	1.660964047443681
P64429	0.2820163015332434	-0.10450553279893882	0.5497257872078891	non_sig	ypfJ		False	False	0.023868312757201648	False	Ecoli	False	True	False	False	diann231	AlphaPeptStats	mean	1.660964047443681
P07913	0.28239415576755256	0.04077100261108768	0.5491442953828622	non_sig	tdh		False	False	0.0238940329218107	False	Ecoli	False	True	False	False	diann231	AlphaPeptStats	mean	1.660964047443681
P06988	0.28269879237881207	0.10493856047318317	0.5486760467079984	non_sig	hisD		False	False	0.023919753086419752	False	Ecoli	False	True	False	False	diann231	AlphaPeptStats	mean	1.660964047443681
P67826	0.2837597915631128	0.10974088698351991	0.5470491435487411	non_sig	cutC		False	False	0.023945473251028807	False	Ecoli	False	True	False	False	diann231	AlphaPeptStats	mean	1.660964047443681
P75864	0.2839525453334784	0.04112507715274916	0.5467542339735497	non_sig	rlmL		False	False	0.02397119341563786	False	Ecoli	False	True	False	False	diann231	AlphaPeptStats	mean	1.660964047443681
P0ADS2	0.28419076605587285	0.05653789003034149	0.5463900373027454	non_sig	zapA		False	False	0.023996913580246918	False	Ecoli	False	True	False	False	diann231	AlphaPeptStats	mean	1.660964047443681
P77611	0.284651105789706	-0.0404475601152221	0.545687124736907	non_sig	rnfC		False	False	0.02402263374485597	False	Ecoli	False	True	False	False	diann231	AlphaPeptStats	mean	1.660964047443681
P43533	0.2855886022174465	0.09830379754233576	0.5442591291537212	non_sig	flgN		False	False	0.024048353909465022	False	Ecoli	False	True	False	False	diann231	AlphaPeptStats	mean	1.660964047443681
Q46948	0.2869369776442224	-0.06874110919995502	0.5422134805026273	non_sig	yajL		False	False	0.024074074074074078	False	Ecoli	False	True	False	False	diann231	AlphaPeptStats	mean	1.660964047443681
P32684	0.2891026210213206	0.15573438051325184	0.5389479709722458	non_sig	rluF		False	False	0.02409979423868313	False	Ecoli	False	True	False	False	diann231	AlphaPeptStats	mean	1.660964047443681
P76116	0.28911134402382765	0.01721526269376028	0.5389348673390452	non_sig	yncE		False	False	0.024125514403292185	False	Ecoli	False	True	False	False	diann231	AlphaPeptStats	mean	1.660964047443681
P0AG14	0.28976076285949925	-0.06016097234066464	0.5379604236519285	non_sig	sohB		False	False	0.024151234567901237	False	Ecoli	False	True	False	False	diann231	AlphaPeptStats	mean	1.660964047443681
P0AFQ7	0.2899965892908077	0.028382044371365822	0.5376071098972239	non_sig	ycfH		False	False	0.02417695473251029	False	Ecoli	False	True	False	False	diann231	AlphaPeptStats	mean	1.660964047443681
P23930	0.290154683110428	-0.04215884340938203	0.537370415509226	non_sig	lnt		False	False	0.024202674897119344	False	Ecoli	False	True	False	False	diann231	AlphaPeptStats	mean	1.660964047443681
P31663	0.2905970200181203	-0.04967243197434357	0.5367088435697325	non_sig	panC		False	False	0.024228395061728396	False	Ecoli	False	True	False	False	diann231	AlphaPeptStats	mean	1.660964047443681
P0AC53	0.2910593328540099	0.02628373942735962	0.5360184704488036	non_sig	zwf		False	False	0.024254115226337452	False	Ecoli	False	True	False	False	diann231	AlphaPeptStats	mean	1.660964047443681
P37617	0.2911450379976084	-0.044266122544918574	0.5358906071998557	non_sig	zntA		False	False	0.024279835390946504	False	Ecoli	False	True	False	False	diann231	AlphaPeptStats	mean	1.660964047443681
P0A809	0.2923820603258553	-0.07492594037884004	0.5340492778855261	non_sig	ruvA		False	False	0.024305555555555556	False	Ecoli	False	True	False	False	diann231	AlphaPeptStats	mean	1.660964047443681
P37647	0.29247900265988547	0.04813806638950169	0.5339053068681952	non_sig	kdgK		False	False	0.02433127572016461	False	Ecoli	False	True	False	False	diann231	AlphaPeptStats	mean	1.660964047443681
P02918	0.29250335968732954	-0.1243332894646727	0.5338691412560279	non_sig	mrcA		False	False	0.024356995884773663	False	Ecoli	False	True	False	False	diann231	AlphaPeptStats	mean	1.660964047443681
P0A9J0	0.2927602415185892	-0.0353997042342975	0.5334879032335318	non_sig	rng		False	False	0.02438271604938272	False	Ecoli	False	True	False	False	diann231	AlphaPeptStats	mean	1.660964047443681
P39411	0.2941290951719376	0.15699081907247958	0.5314620130732322	non_sig	yjjX		False	False	0.02440843621399177	False	Ecoli	False	True	False	False	diann231	AlphaPeptStats	mean	1.660964047443681
P77338	0.29467242805348304	-0.13034826650193665	0.5306604983693441	non_sig	kefA		False	False	0.024434156378600823	False	Ecoli	False	True	False	False	diann231	AlphaPeptStats	mean	1.660964047443681
Q46857	0.2948007320493831	0.020723167408231546	0.5304714423712873	non_sig	dkgA		False	False	0.02445987654320988	False	Ecoli	False	True	False	False	diann231	AlphaPeptStats	mean	1.660964047443681
P77444	0.2949848843397355	-0.17256715292383262	0.5302002376355104	non_sig	sufS		False	False	0.02448559670781893	False	Ecoli	False	True	False	False	diann231	AlphaPeptStats	mean	1.660964047443681
P65292	0.29564759404797925	-0.18182849702305148	0.5292256508977115	non_sig	ygdI		False	False	0.024511316872427986	False	Ecoli	False	True	False	False	diann231	AlphaPeptStats	mean	1.660964047443681
Q46798	0.29593903616134204	0.12686845097185184	0.5287977449735275	non_sig	ygeR		False	False	0.024537037037037038	False	Ecoli	False	True	False	False	diann231	AlphaPeptStats	mean	1.660964047443681
P0AEG6	0.2964750533578191	-0.08413911993466172	0.528011844103581	non_sig	dsbC		False	False	0.02456275720164609	False	Ecoli	False	True	False	False	diann231	AlphaPeptStats	mean	1.660964047443681
P0A7A7	0.2975133476855982	0.022349001630274756	0.5264935452424412	non_sig	plsB		False	False	0.024588477366255145	False	Ecoli	False	True	False	False	diann231	AlphaPeptStats	mean	1.660964047443681
P28629	0.29810603893006554	-0.02553443311582626	0.5256292260893441	non_sig	adiA		False	False	0.024614197530864197	False	Ecoli	False	True	False	False	diann231	AlphaPeptStats	mean	1.660964047443681
P0AAD6	0.29826813690082316	0.28208272168924253	0.525393138549627	non_sig	sdaC		False	False	0.024639917695473253	False	Ecoli	False	True	False	False	diann231	AlphaPeptStats	mean	1.660964047443681
P60869	0.2989526267198156	-0.1473386963383767	0.5243976263384631	non_sig	ybjL		False	False	0.024665637860082305	False	Ecoli	False	True	False	False	diann231	AlphaPeptStats	mean	1.660964047443681
P0AA41	0.29909249238549046	0.3135778882063427	0.5241944881939411	non_sig	truC		False	False	0.024691358024691357	False	Ecoli	False	True	False	False	diann231	AlphaPeptStats	mean	1.660964047443681
P25906	0.29992170050286115	0.06972094713915311	0.5229921102068197	non_sig	ydbC		False	False	0.024717078189300412	False	Ecoli	False	True	False	False	diann231	AlphaPeptStats	mean	1.660964047443681
P0ADA5	0.300103307145406	0.03015841579360412	0.5227292186135121	non_sig	yajG		False	False	0.024742798353909464	False	Ecoli	False	True	False	False	diann231	AlphaPeptStats	mean	1.660964047443681
P0AE82	0.3003921334812771	0.035369054442430325	0.5223114446053061	non_sig	cpxA		False	False	0.024768518518518523	False	Ecoli	False	True	False	False	diann231	AlphaPeptStats	mean	1.660964047443681
P27828	0.3014814160837575	-0.07157143627105711	0.5207394534774754	non_sig	wecB		False	False	0.024794238683127575	False	Ecoli	False	True	False	False	diann231	AlphaPeptStats	mean	1.660964047443681
P25535	0.30162561897267987	0.065946030748119	0.5205317738568221	non_sig	visC		False	False	0.024819958847736627	False	Ecoli	False	True	False	False	diann231	AlphaPeptStats	mean	1.660964047443681
P24178	0.30170886263084395	-0.047597002717033376	0.5204119323336676	non_sig	yffB		False	False	0.024845679012345682	False	Ecoli	False	True	False	False	diann231	AlphaPeptStats	mean	1.660964047443681
P0A6Y5	0.3021396114190362	0.04107586458245294	0.5197923336708625	non_sig	hslO		False	False	0.024871399176954734	False	Ecoli	False	True	False	False	diann231	AlphaPeptStats	mean	1.660964047443681
P75726	0.3021559279957189	-0.010621121371308107	0.5197688809105611	non_sig	citF		False	False	0.02489711934156379	False	Ecoli	False	True	False	False	diann231	AlphaPeptStats	mean	1.660964047443681
P0ADS6	0.30247974853611437	0.03288842655476287	0.5193036966922786	non_sig	yggE		False	False	0.024922839506172842	False	Ecoli	False	True	False	False	diann231	AlphaPeptStats	mean	1.660964047443681
P19624	0.3026225062660984	-0.14543277543300803	0.519098776300595	non_sig	pdxA		False	False	0.024948559670781894	False	Ecoli	False	True	False	False	diann231	AlphaPeptStats	mean	1.660964047443681
P0ACE0	0.30358559539793617	-0.011238375622031782	0.5177188387963276	non_sig	hybC		False	False	0.02497427983539095	False	Ecoli	False	True	False	False	diann231	AlphaPeptStats	mean	1.660964047443681
P0AG07	0.3038547799927596	0.05281274253970025	0.517333927300372	non_sig	rpe		False	False	0.025	False	Ecoli	False	True	False	False	diann231	AlphaPeptStats	mean	1.660964047443681
P0AC51	0.30489894228253633	0.06834371513089366	0.5158440822323715	non_sig	zur		False	False	0.025025720164609057	False	Ecoli	False	True	False	False	diann231	AlphaPeptStats	mean	1.660964047443681
P33224	0.30626868201140633	-0.15068885981109403	0.5138974103922992	non_sig	aidB		False	False	0.02505144032921811	False	Ecoli	False	True	False	False	diann231	AlphaPeptStats	mean	1.660964047443681
P31658	0.3079631109021517	0.06614515539657262	0.5115013019771999	non_sig	hchA		False	False	0.02507716049382716	False	Ecoli	False	True	False	False	diann231	AlphaPeptStats	mean	1.660964047443681
P02925	0.30819731702453	0.021600896390165047	0.5111711463006412	non_sig	rbsB		False	False	0.025102880658436216	False	Ecoli	False	True	False	False	diann231	AlphaPeptStats	mean	1.660964047443681
P31678	0.30930650584593844	0.12311020900803982	0.5096109451010041	non_sig	otsB		False	False	0.02512860082304527	False	Ecoli	False	True	False	False	diann231	AlphaPeptStats	mean	1.660964047443681
P0AE78	0.30963519050974997	-0.03378423724058166	0.5091496869565343	non_sig	corC		False	False	0.025154320987654324	False	Ecoli	False	True	False	False	diann231	AlphaPeptStats	mean	1.660964047443681
P0AEA8	0.3098638587514436	-0.1326414824092943	0.5088290751325686	non_sig	cysG		False	False	0.025180041152263376	False	Ecoli	False	True	False	False	diann231	AlphaPeptStats	mean	1.660964047443681
P78055	0.30986680600802385	-0.1465504472066499	0.508824944379187	non_sig	fsaA		False	False	0.025205761316872428	False	Ecoli	False	True	False	False	diann231	AlphaPeptStats	mean	1.660964047443681
P06715	0.3100699933204738	0.04111660523999916	0.5085402600957403	non_sig	gor		False	False	0.025231481481481483	False	Ecoli	False	True	False	False	diann231	AlphaPeptStats	mean	1.660964047443681
P0ACJ0	0.31177193688239624	0.0547755299324848	0.5061629789663549	non_sig	lrp		False	False	0.025257201646090535	False	Ecoli	False	True	False	False	diann231	AlphaPeptStats	mean	1.660964047443681
P0ACJ8	0.31251666844471615	0.0303513721672779	0.5051268140942802	non_sig	crp		False	False	0.02528292181069959	False	Ecoli	False	True	False	False	diann231	AlphaPeptStats	mean	1.660964047443681
P33218	0.31259613966783695	0.10613273166330117	0.5050163895008005	non_sig	yebE		False	False	0.025308641975308643	False	Ecoli	False	True	False	False	diann231	AlphaPeptStats	mean	1.660964047443681
P75838	0.3132592457381494	0.012093250872151629	0.5040961020934208	non_sig	ycaO		False	False	0.025334362139917695	False	Ecoli	False	True	False	False	diann231	AlphaPeptStats	mean	1.660964047443681
P0AG90	0.31389588220072673	0.024640376467317537	0.5032143814940702	non_sig	secD		False	False	0.02536008230452675	False	Ecoli	False	True	False	False	diann231	AlphaPeptStats	mean	1.660964047443681
P10371	0.3141939782690983	-0.06914001015006477	0.5028021427510518	non_sig	hisA		False	False	0.025385802469135802	False	Ecoli	False	True	False	False	diann231	AlphaPeptStats	mean	1.660964047443681
P22186	0.3170476246271163	0.053634816399878105	0.49887549627042876	non_sig	mraZ		False	False	0.025411522633744858	False	Ecoli	False	True	False	False	diann231	AlphaPeptStats	mean	1.660964047443681
P17169	0.31721372638878903	0.01152072949984273	0.4986480282714329	non_sig	glmS		False	False	0.02543724279835391	False	Ecoli	False	True	False	False	diann231	AlphaPeptStats	mean	1.660964047443681
P45578	0.317350473746529	0.04946044492412227	0.49846084902688054	non_sig	luxS		False	False	0.02546296296296296	False	Ecoli	False	True	False	False	diann231	AlphaPeptStats	mean	1.660964047443681
P0AEZ9	0.3194679334995429	0.030412754770885897	0.495572727499645	non_sig	moaB		False	False	0.025488683127572017	False	Ecoli	False	True	False	False	diann231	AlphaPeptStats	mean	1.660964047443681
P38506	0.32043410927809923	-0.08654309115348369	0.4942612607438337	non_sig	ygdG		False	False	0.02551440329218107	False	Ecoli	False	True	False	False	diann231	AlphaPeptStats	mean	1.660964047443681
P0AAB4	0.32348375876694735	-0.0701200632761001	0.4901475191837167	non_sig	ubiD		False	False	0.025540123456790128	False	Ecoli	False	True	False	False	diann231	AlphaPeptStats	mean	1.660964047443681
P0A9L8	0.324859516863409	-0.0997635738908258	0.4883044059165518	non_sig	proC		False	False	0.02556584362139918	False	Ecoli	False	True	False	False	diann231	AlphaPeptStats	mean	1.660964047443681
P25798	0.32538957164227383	0.07910174757567034	0.48759636980969856	non_sig	fliF		False	False	0.025591563786008232	False	Ecoli	False	True	False	False	diann231	AlphaPeptStats	mean	1.660964047443681
P07639	0.32553318421979954	-0.06606366376416162	0.4874047337041803	non_sig	aroB		False	False	0.025617283950617287	False	Ecoli	False	True	False	False	diann231	AlphaPeptStats	mean	1.660964047443681
P05793	0.32603834218675093	-0.03907058192836388	0.4867313237941352	non_sig	ilvC		False	False	0.02564300411522634	False	Ecoli	False	True	False	False	diann231	AlphaPeptStats	mean	1.660964047443681
P0ADC6	0.32610448653601354	0.04699491823244273	0.48664322614212663	non_sig	lptG		False	False	0.025668724279835395	False	Ecoli	False	True	False	False	diann231	AlphaPeptStats	mean	1.660964047443681
P0AA93	0.326540097671595	0.17307789447923483	0.4860634816836267	non_sig	ypdA		False	False	0.025694444444444447	False	Ecoli	False	True	False	False	diann231	AlphaPeptStats	mean	1.660964047443681
P32662	0.3265545907253493	0.076631300828776	0.48604420652067015	non_sig	gph		False	False	0.0257201646090535	False	Ecoli	False	True	False	False	diann231	AlphaPeptStats	mean	1.660964047443681
P31473	0.3272172283371286	0.1017659455397073	0.48516383832965204	non_sig	ravA		False	False	0.025745884773662554	False	Ecoli	False	True	False	False	diann231	AlphaPeptStats	mean	1.660964047443681
P0A9W9	0.3276789576562188	0.028403640216222215	0.484551446524878	non_sig	yrdA		False	False	0.025771604938271606	False	Ecoli	False	True	False	False	diann231	AlphaPeptStats	mean	1.660964047443681
Q46893	0.3283235659356813	0.11185743592125874	0.4836979439885463	non_sig	ispD		False	False	0.025797325102880662	False	Ecoli	False	True	False	False	diann231	AlphaPeptStats	mean	1.660964047443681
P31433	0.3286001982336204	0.06540144194854847	0.4833321789053956	non_sig	yicH		False	False	0.025823045267489714	False	Ecoli	False	True	False	False	diann231	AlphaPeptStats	mean	1.660964047443681
P0AFF2	0.3296761584067294	0.11497353704089264	0.48191245912554415	non_sig	nupC		False	False	0.025848765432098766	False	Ecoli	False	True	False	False	diann231	AlphaPeptStats	mean	1.660964047443681
P0A873	0.33025495851399245	0.0837826725095745	0.48115065308028127	non_sig	trmD		False	False	0.02587448559670782	False	Ecoli	False	True	False	False	diann231	AlphaPeptStats	mean	1.660964047443681
P30847	0.3302872465154716	-0.06668218736397691	0.48110819553319806	non_sig	baeS		False	False	0.025900205761316873	False	Ecoli	False	True	False	False	diann231	AlphaPeptStats	mean	1.660964047443681
P09549	0.33053221059142146	-0.03242620613416136	0.48078621181986003	non_sig	dedD		False	False	0.02592592592592593	False	Ecoli	False	True	False	False	diann231	AlphaPeptStats	mean	1.660964047443681
P76223	0.33100075590285283	0.05769490730702387	0.48017101442952903	non_sig	ynjB		False	False	0.02595164609053498	False	Ecoli	False	True	False	False	diann231	AlphaPeptStats	mean	1.660964047443681
P0A6E9	0.33173133776806085	-0.023382154506567332	0.47921349990987494	non_sig	bioD2		False	False	0.025977366255144033	False	Ecoli	False	True	False	False	diann231	AlphaPeptStats	mean	1.660964047443681
P29680	0.3333501607849901	-0.037445716806857376	0.4770993310648396	non_sig	hemE		False	False	0.026003086419753088	False	Ecoli	False	True	False	False	diann231	AlphaPeptStats	mean	1.660964047443681
P21338	0.333908497837589	0.18666237016639897	0.4763725281842907	non_sig	rna		False	False	0.02602880658436214	False	Ecoli	False	True	False	False	diann231	AlphaPeptStats	mean	1.660964047443681
P37648	0.33417838729642524	-0.04449224821582831	0.4760216411614179	non_sig	yhjJ		False	False	0.026054526748971196	False	Ecoli	False	True	False	False	diann231	AlphaPeptStats	mean	1.660964047443681
P15005	0.3345301465224254	0.07506097381653731	0.47556473924623377	non_sig	mcrB		False	False	0.026080246913580248	False	Ecoli	False	True	False	False	diann231	AlphaPeptStats	mean	1.660964047443681
P0A8J8	0.3350276331790015	-0.04129155687835251	0.4749193707475614	non_sig	rhlB		False	False	0.0261059670781893	False	Ecoli	False	True	False	False	diann231	AlphaPeptStats	mean	1.660964047443681
P52644	0.33558112357039477	-0.06169071997524611	0.4742024762097793	non_sig	hslJ		False	False	0.026131687242798355	False	Ecoli	False	True	False	False	diann231	AlphaPeptStats	mean	1.660964047443681
P0A6R3	0.335877393343946	0.08715892263452218	0.4738192259183113	non_sig	fis		False	False	0.026157407407407407	False	Ecoli	False	True	False	False	diann231	AlphaPeptStats	mean	1.660964047443681
P22188	0.3368761376011013	-0.018007698083096102	0.472529750892424	non_sig	murE		False	False	0.026183127572016462	False	Ecoli	False	True	False	False	diann231	AlphaPeptStats	mean	1.660964047443681
P14175	0.337076965533049	0.1249560956533955	0.47227092438110496	non_sig	proV		False	False	0.026208847736625514	False	Ecoli	False	True	False	False	diann231	AlphaPeptStats	mean	1.660964047443681
P0AAC8	0.33749510132103455	0.05832858477776526	0.4717325264912767	non_sig	iscA		False	False	0.026234567901234566	False	Ecoli	False	True	False	False	diann231	AlphaPeptStats	mean	1.660964047443681
P24169	0.33789674337288217	0.05043349806172159	0.47121599390726554	non_sig	speF		False	False	0.026260288065843622	False	Ecoli	False	True	False	False	diann231	AlphaPeptStats	mean	1.660964047443681
P03841	0.3379721352075585	-0.027443677670120792	0.4711191045284113	non_sig	malM		False	False	0.026286008230452674	False	Ecoli	False	True	False	False	diann231	AlphaPeptStats	mean	1.660964047443681
P00350	0.3390503917442966	0.013538806821561167	0.46973574949582564	non_sig	gnd		False	False	0.026311728395061733	False	Ecoli	False	True	False	False	diann231	AlphaPeptStats	mean	1.660964047443681
P64499	0.33949694672488107	0.0701765299185233	0.46916412720527234	non_sig	yebO		False	False	0.026337448559670785	False	Ecoli	False	True	False	False	diann231	AlphaPeptStats	mean	1.660964047443681
P25539	0.3396348999412979	0.05127047513954608	0.46898768923739087	non_sig	ribD		False	False	0.026363168724279837	False	Ecoli	False	True	False	False	diann231	AlphaPeptStats	mean	1.660964047443681
P09323	0.3409376903764067	-0.1526326951660728	0.46732498522553345	non_sig	nagE		False	False	0.026388888888888892	False	Ecoli	False	True	False	False	diann231	AlphaPeptStats	mean	1.660964047443681
P39176	0.34096682260571193	0.07883396325112813	0.46728787748918726	non_sig	erfK		False	False	0.026414609053497944	False	Ecoli	False	True	False	False	diann231	AlphaPeptStats	mean	1.660964047443681
P76170	0.3411208683102536	0.04767935441324411	0.4670917115079746	non_sig	ynfB		False	False	0.026440329218107	False	Ecoli	False	True	False	False	diann231	AlphaPeptStats	mean	1.660964047443681
P00550	0.3426744793605976	-0.09485149232997969	0.46511823839352673	non_sig	mtlA		False	False	0.02646604938271605	False	Ecoli	False	True	False	False	diann231	AlphaPeptStats	mean	1.660964047443681
P39177	0.34291164192864343	-0.08781350245402209	0.4648177702378089	non_sig	uspG		False	False	0.026491769547325104	False	Ecoli	False	True	False	False	diann231	AlphaPeptStats	mean	1.660964047443681
P28634	0.34338360659252176	0.10242411939834639	0.464220442245433	non_sig	tsaA		False	False	0.02651748971193416	False	Ecoli	False	True	False	False	diann231	AlphaPeptStats	mean	1.660964047443681
P30859	0.34390627768750187	-0.04409672396385744	0.4635598964659848	non_sig	artI		False	False	0.02654320987654321	False	Ecoli	False	True	False	False	diann231	AlphaPeptStats	mean	1.660964047443681
P40719	0.3443090185892875	0.23745144466174395	0.4630516015408516	non_sig	qseC		False	False	0.026568930041152267	False	Ecoli	False	True	False	False	diann231	AlphaPeptStats	mean	1.660964047443681
P0AFN2	0.34592584331638904	-0.0958254306349211	0.4610169916414741	non_sig	pspC		False	False	0.02659465020576132	False	Ecoli	False	True	False	False	diann231	AlphaPeptStats	mean	1.660964047443681
P0AEU0	0.34662942492916754	-0.022730790203816298	0.4601345733533412	non_sig	hisJ		False	False	0.02662037037037037	False	Ecoli	False	True	False	False	diann231	AlphaPeptStats	mean	1.660964047443681
P32160	0.3478105082876178	-0.10122311434624365	0.45865730093484375	non_sig	yiiQ		False	False	0.026646090534979426	False	Ecoli	False	True	False	False	diann231	AlphaPeptStats	mean	1.660964047443681
P0AE39	0.34828087188615947	-0.036177291482871965	0.45807037699857955	non_sig	ypdB		False	False	0.026671810699588478	False	Ecoli	False	True	False	False	diann231	AlphaPeptStats	mean	1.660964047443681
P30855	0.3492342916312593	-0.13101514596874964	0.4568831191043681	non_sig	evgS		False	False	0.026697530864197534	False	Ecoli	False	True	False	False	diann231	AlphaPeptStats	mean	1.660964047443681
P25740	0.34936214556946926	-0.051681122230959886	0.4567241539063873	non_sig	rfaG		False	False	0.026723251028806586	False	Ecoli	False	True	False	False	diann231	AlphaPeptStats	mean	1.660964047443681
P0AAL3	0.3500618756938117	0.10011100392571848	0.4558551845145166	non_sig	napG		False	False	0.026748971193415638	False	Ecoli	False	True	False	False	diann231	AlphaPeptStats	mean	1.660964047443681
P61316	0.3505513603325207	0.03653186634309691	0.45524834324682584	non_sig	lolA		False	False	0.026774691358024693	False	Ecoli	False	True	False	False	diann231	AlphaPeptStats	mean	1.660964047443681
P0AEM4	0.3509758431713775	-0.050593623722676284	0.4547227739569796	non_sig	flgM		False	False	0.026800411522633745	False	Ecoli	False	True	False	False	diann231	AlphaPeptStats	mean	1.660964047443681
P0AFA7	0.3527252238401186	0.14112588289387773	0.4525634822580033	non_sig	nhaB		False	False	0.0268261316872428	False	Ecoli	False	True	False	False	diann231	AlphaPeptStats	mean	1.660964047443681
P27829	0.3527522818347831	-0.03275199863164957	0.4525301682609293	non_sig	wecC		False	False	0.026851851851851852	False	Ecoli	False	True	False	False	diann231	AlphaPeptStats	mean	1.660964047443681
P0AEM0	0.3529379629936176	0.10783827564518234	0.45230162519936035	non_sig	fkpB		False	False	0.026877572016460904	False	Ecoli	False	True	False	False	diann231	AlphaPeptStats	mean	1.660964047443681
P51024	0.3538371877991837	0.13423803993344308	0.4511965252780351	non_sig	yaiL		False	False	0.02690329218106996	False	Ecoli	False	True	False	False	diann231	AlphaPeptStats	mean	1.660964047443681
P0ABB0	0.35481728020553116	-0.02756932711603355	0.4499952374447092	non_sig	atpA		False	False	0.026929012345679012	False	Ecoli	False	True	False	False	diann231	AlphaPeptStats	mean	1.660964047443681
P0ADZ4	0.3555105716665353	-0.051923417215856915	0.4491474803120584	non_sig	rpsO		False	False	0.026954732510288067	False	Ecoli	False	True	False	False	diann231	AlphaPeptStats	mean	1.660964047443681
P23909	0.35561177211301853	0.026594706840477045	0.4490238706514847	non_sig	mutS		False	False	0.02698045267489712	False	Ecoli	False	True	False	False	diann231	AlphaPeptStats	mean	1.660964047443681
P0AEW4	0.3556341251395283	-0.12795785937378312	0.44899657264918275	non_sig	cpdA		False	False	0.02700617283950617	False	Ecoli	False	True	False	False	diann231	AlphaPeptStats	mean	1.660964047443681
P23721	0.3559024673624181	0.02584815236264859	0.44866900115555663	non_sig	serC		False	False	0.027031893004115227	False	Ecoli	False	True	False	False	diann231	AlphaPeptStats	mean	1.660964047443681
P75915	0.35596261100939325	0.07201482187588226	0.44859561631098827	non_sig	ycdY		False	False	0.027057613168724282	False	Ecoli	False	True	False	False	diann231	AlphaPeptStats	mean	1.660964047443681
P37349	0.3563584030759919	0.05926119691554632	0.44811299590587506	non_sig	dhaM		False	False	0.027083333333333338	False	Ecoli	False	True	False	False	diann231	AlphaPeptStats	mean	1.660964047443681
P00956	0.356427648214264	0.00942279549837366	0.44802861495736923	non_sig	ileS		False	False	0.02710905349794239	False	Ecoli	False	True	False	False	diann231	AlphaPeptStats	mean	1.660964047443681
P0ACA3	0.3569301138060162	0.011876643883052651	0.44741680954485197	non_sig	sspA		False	False	0.02713477366255144	False	Ecoli	False	True	False	False	diann231	AlphaPeptStats	mean	1.660964047443681
P0ADP9	0.3571050615957069	0.05490850858132745	0.4472039940875141	non_sig	yihD		False	False	0.027160493827160497	False	Ecoli	False	True	False	False	diann231	AlphaPeptStats	mean	1.660964047443681
P07000	0.3577836660404184	0.09783564181658022	0.4463794902371688	non_sig	pldB		False	False	0.02718621399176955	False	Ecoli	False	True	False	False	diann231	AlphaPeptStats	mean	1.660964047443681
P00393	0.3580362767800182	0.016195090058420902	0.44607296774940564	non_sig	ndh		False	False	0.027211934156378605	False	Ecoli	False	True	False	False	diann231	AlphaPeptStats	mean	1.660964047443681
P52007	0.3581000182238164	-0.05383869128551311	0.44599565688672127	non_sig	yecM		False	False	0.027237654320987657	False	Ecoli	False	True	False	False	diann231	AlphaPeptStats	mean	1.660964047443681
P0A6R0	0.35837677774823096	0.030279572566797697	0.44566013969782886	non_sig	fabH		False	False	0.02726337448559671	False	Ecoli	False	True	False	False	diann231	AlphaPeptStats	mean	1.660964047443681
P77285	0.35848145261515446	0.11509511386827143	0.445533309271682	non_sig	rnfG		False	False	0.027289094650205764	False	Ecoli	False	True	False	False	diann231	AlphaPeptStats	mean	1.660964047443681
P0A8M3	0.3592941850411344	-0.012349550916940899	0.44454981153173734	non_sig	thrS		False	False	0.027314814814814816	False	Ecoli	False	True	False	False	diann231	AlphaPeptStats	mean	1.660964047443681
P42620	0.3597371205603503	0.05256496149612744	0.4440147458825272	non_sig	yqjG		False	False	0.02734053497942387	False	Ecoli	False	True	False	False	diann231	AlphaPeptStats	mean	1.660964047443681
P30870	0.36052838013141614	0.08910669456406595	0.4430605427355559	non_sig	glnE		False	False	0.027366255144032924	False	Ecoli	False	True	False	False	diann231	AlphaPeptStats	mean	1.660964047443681
P0ACM5	0.3606247155711661	-0.12464018378815211	0.44294451203307866	non_sig	yegW		False	False	0.027391975308641976	False	Ecoli	False	True	False	False	diann231	AlphaPeptStats	mean	1.660964047443681
P18776	0.3630601425512995	0.0756540503691383	0.4400214261632691	non_sig	dmsB		False	False	0.02741769547325103	False	Ecoli	False	True	False	False	diann231	AlphaPeptStats	mean	1.660964047443681
P0ACN4	0.363523426255691	0.028902964241165563	0.4394675970036859	non_sig	allR		False	False	0.027443415637860083	False	Ecoli	False	True	False	False	diann231	AlphaPeptStats	mean	1.660964047443681
P0A8Z0	0.3638852339949508	0.03374522395884938	0.4390355671799707	non_sig	yciA		False	False	0.02746913580246914	False	Ecoli	False	True	False	False	diann231	AlphaPeptStats	mean	1.660964047443681
P18196	0.3643978417293084	0.0939772478094909	0.43842420394884074	non_sig	minC		False	False	0.02749485596707819	False	Ecoli	False	True	False	False	diann231	AlphaPeptStats	mean	1.660964047443681
P0ADY7	0.36445728176426273	-0.017499145015822393	0.43835336825486004	non_sig	rplP		False	False	0.027520576131687242	False	Ecoli	False	True	False	False	diann231	AlphaPeptStats	mean	1.660964047443681
P27245	0.3649204947438713	0.12334593246140813	0.4378017450096362	non_sig	marR		False	False	0.027546296296296298	False	Ecoli	False	True	False	False	diann231	AlphaPeptStats	mean	1.660964047443681
P31069	0.36540104845055676	-0.12536612296478467	0.4372302108542032	non_sig	kch		False	False	0.02757201646090535	False	Ecoli	False	True	False	False	diann231	AlphaPeptStats	mean	1.660964047443681
P75966	0.36684994406793914	-0.1336321547898578	0.4355115428042467	non_sig	rluE		False	False	0.027597736625514405	False	Ecoli	False	True	False	False	diann231	AlphaPeptStats	mean	1.660964047443681
P0ADB1	0.36770548407608	-0.0567498237919537	0.43449989287734636	non_sig	osmE		False	False	0.027623456790123457	False	Ecoli	False	True	False	False	diann231	AlphaPeptStats	mean	1.660964047443681
P21169	0.36824719135506506	-0.25651357233543237	0.43386055686455355	non_sig	speC		False	False	0.02764917695473251	False	Ecoli	False	True	False	False	diann231	AlphaPeptStats	mean	1.660964047443681
P37024	0.36937968199890714	-0.24635284415511194	0.43252699692620156	non_sig	hrpB		False	False	0.027674897119341565	False	Ecoli	False	True	False	False	diann231	AlphaPeptStats	mean	1.660964047443681
P0ADI7	0.3696118611502289	-0.06673971764709563	0.4322541003592931	non_sig	yecD		False	False	0.027700617283950617	False	Ecoli	False	True	False	False	diann231	AlphaPeptStats	mean	1.660964047443681
P76658	0.36983237660585255	0.016570920007779932	0.43199507163609596	non_sig	hldE		False	False	0.027726337448559672	False	Ecoli	False	True	False	False	diann231	AlphaPeptStats	mean	1.660964047443681
P0A7E9	0.37087982371924627	0.04622696774804069	0.4307667921384588	non_sig	pyrH		False	False	0.027752057613168724	False	Ecoli	False	True	False	False	diann231	AlphaPeptStats	mean	1.660964047443681
P37329	0.3710079983242287	0.014911029002611542	0.43061672760696523	non_sig	modA		False	False	0.027777777777777776	False	Ecoli	False	True	False	False	diann231	AlphaPeptStats	mean	1.660964047443681
P0A7I7	0.3724245991905381	-0.0476108909410371	0.42896164095632694	non_sig	ribA		False	False	0.027803497942386835	False	Ecoli	False	True	False	False	diann231	AlphaPeptStats	mean	1.660964047443681
P31063	0.37264410211784177	-0.028499537825332766	0.42870574800932715	non_sig	yedD		False	False	0.027829218106995887	False	Ecoli	False	True	False	False	diann231	AlphaPeptStats	mean	1.660964047443681
P0ACA7	0.37301016352632616	-0.034015111969949885	0.42827933467049406	non_sig	gstB		False	False	0.027854938271604943	False	Ecoli	False	True	False	False	diann231	AlphaPeptStats	mean	1.660964047443681
P62615	0.3746770118476569	0.14616632585431333	0.4263429520462505	non_sig	ispE		False	False	0.027880658436213995	False	Ecoli	False	True	False	False	diann231	AlphaPeptStats	mean	1.660964047443681
P12008	0.3747089661954657	-0.045107221617048054	0.4263059147988475	non_sig	aroC		False	False	0.027906378600823047	False	Ecoli	False	True	False	False	diann231	AlphaPeptStats	mean	1.660964047443681
P04995	0.37704161880903814	0.06486377199815507	0.4236107086231202	non_sig	sbcB		False	False	0.027932098765432102	False	Ecoli	False	True	False	False	diann231	AlphaPeptStats	mean	1.660964047443681
P0ADX9	0.3774856009251524	0.059469890330017705	0.4230996097513945	non_sig	rsmD		False	False	0.027957818930041154	False	Ecoli	False	True	False	False	diann231	AlphaPeptStats	mean	1.660964047443681
P77754	0.37819304910364465	-0.06856700943520266	0.42228645741501997	non_sig	spy		False	False	0.02798353909465021	False	Ecoli	False	True	False	False	diann231	AlphaPeptStats	mean	1.660964047443681
P24251	0.3782537945176559	0.02927859759898155	0.4222167065835235	non_sig	crl		False	False	0.02800925925925926	False	Ecoli	False	True	False	False	diann231	AlphaPeptStats	mean	1.660964047443681
P69786	0.38031698515893325	-0.029064069145952942	0.41985427833263017	non_sig	ptsG		False	False	0.028034979423868314	False	Ecoli	False	True	False	False	diann231	AlphaPeptStats	mean	1.660964047443681
P76112	0.38061111689727734	0.07849960596811911	0.41951853098164554	non_sig	yncA		False	False	0.02806069958847737	False	Ecoli	False	True	False	False	diann231	AlphaPeptStats	mean	1.660964047443681
P68066	0.3813392867937748	0.057110844605116284	0.4186884500139637	non_sig	grcA		False	False	0.02808641975308642	False	Ecoli	False	True	False	False	diann231	AlphaPeptStats	mean	1.660964047443681
P45530	0.38156962122837607	-0.04478489695324939	0.41842620906769296	non_sig	tusB		False	False	0.028112139917695476	False	Ecoli	False	True	False	False	diann231	AlphaPeptStats	mean	1.660964047443681
P0AB24	0.3818850803123316	0.014727590561911086	0.418067308541051	non_sig	efeO		False	False	0.02813786008230453	False	Ecoli	False	True	False	False	diann231	AlphaPeptStats	mean	1.660964047443681
P33602	0.3823714363485638	-0.020649807172969048	0.4175145575557872	non_sig	nuoG		False	False	0.02816358024691358	False	Ecoli	False	True	False	False	diann231	AlphaPeptStats	mean	1.660964047443681
P0AFI5	0.38261318111302595	-0.09777749822108817	0.4172400725051514	non_sig	pbpG		False	False	0.028189300411522636	False	Ecoli	False	True	False	False	diann231	AlphaPeptStats	mean	1.660964047443681
P06971	0.38272283632167853	-0.021238059219705008	0.4171156235016529	non_sig	fhuA		False	False	0.028215020576131688	False	Ecoli	False	True	False	False	diann231	AlphaPeptStats	mean	1.660964047443681
P67660	0.3829854000862532	0.03566607839671576	0.4168177816001298	non_sig	yhaJ		False	False	0.028240740740740743	False	Ecoli	False	True	False	False	diann231	AlphaPeptStats	mean	1.660964047443681
P0ABX5	0.38362471568084583	-0.11213241964749798	0.41609342043248465	non_sig	flgG		False	False	0.028266460905349795	False	Ecoli	False	True	False	False	diann231	AlphaPeptStats	mean	1.660964047443681
P0ACB0	0.3836581871979505	0.04224667413267369	0.41605552959682507	non_sig	dnaB		False	False	0.028292181069958847	False	Ecoli	False	True	False	False	diann231	AlphaPeptStats	mean	1.660964047443681
P0ACK2	0.3839474655316492	-0.1134907790756472	0.41572819487863927	non_sig	agaR		False	False	0.028317901234567903	False	Ecoli	False	True	False	False	diann231	AlphaPeptStats	mean	1.660964047443681
P46474	0.3841655855773773	0.09200519929386886	0.41548154281443683	non_sig	yhdP		False	False	0.028343621399176955	False	Ecoli	False	True	False	False	diann231	AlphaPeptStats	mean	1.660964047443681
P0C0L9	0.38468592370197957	0.05023127481409517	0.41489370496015016	non_sig	iscX		False	False	0.02836934156378601	False	Ecoli	False	True	False	False	diann231	AlphaPeptStats	mean	1.660964047443681
P60752	0.3847247365435088	0.035684922587851275	0.4148498890792731	non_sig	msbA		False	False	0.028395061728395062	False	Ecoli	False	True	False	False	diann231	AlphaPeptStats	mean	1.660964047443681
P0A9H1	0.3848247379352331	-0.05552541044749404	0.41473701770636395	non_sig	mug		False	False	0.028420781893004114	False	Ecoli	False	True	False	False	diann231	AlphaPeptStats	mean	1.660964047443681
P0AEE5	0.38498199109699716	0.07295842546680475	0.41455958568663664	non_sig	mglB		False	False	0.02844650205761317	False	Ecoli	False	True	False	False	diann231	AlphaPeptStats	mean	1.660964047443681
P23865	0.38504172820667765	0.02379272424953527	0.41449220205545556	non_sig	prc		False	False	0.02847222222222222	False	Ecoli	False	True	False	False	diann231	AlphaPeptStats	mean	1.660964047443681
P76558	0.3862232897759521	-0.030329897612844547	0.41316154123447985	non_sig	maeB		False	False	0.028497942386831277	False	Ecoli	False	True	False	False	diann231	AlphaPeptStats	mean	1.660964047443681
P0AAT2	0.38654331173103046	0.09087761349090329	0.41280183682475874	non_sig	ybdF		False	False	0.02852366255144033	False	Ecoli	False	True	False	False	diann231	AlphaPeptStats	mean	1.660964047443681
P0AEY3	0.3874318431245137	-0.028190350309955647	0.41180468737289494	non_sig	mazG		False	False	0.02854938271604938	False	Ecoli	False	True	False	False	diann231	AlphaPeptStats	mean	1.660964047443681
P11880	0.38801586838103236	-0.05835255098256553	0.4111505130413649	non_sig	murF		False	False	0.02857510288065844	False	Ecoli	False	True	False	False	diann231	AlphaPeptStats	mean	1.660964047443681
P0AA37	0.38808360777141315	-0.11407808703251021	0.41107470099811905	non_sig	rluA		False	False	0.028600823045267492	False	Ecoli	False	True	False	False	diann231	AlphaPeptStats	mean	1.660964047443681
P37005	0.38811153941193366	0.14637306737051148	0.4110434445353653	non_sig	lasT		False	False	0.028626543209876548	False	Ecoli	False	True	False	False	diann231	AlphaPeptStats	mean	1.660964047443681
P63020	0.38817097879995593	-0.042826156670333404	0.41097693730978535	non_sig	nfuA		False	False	0.0286522633744856	False	Ecoli	False	True	False	False	diann231	AlphaPeptStats	mean	1.660964047443681
P04982	0.38962314467313297	-0.1538044084657848	0.40935525275524215	non_sig	rbsD		False	False	0.02867798353909465	False	Ecoli	False	True	False	False	diann231	AlphaPeptStats	mean	1.660964047443681
P16676	0.39047664963245265	-0.10182128442924565	0.40840493166883807	non_sig	cysA		False	False	0.028703703703703707	False	Ecoli	False	True	False	False	diann231	AlphaPeptStats	mean	1.660964047443681
P0A9D2	0.3904997918769919	0.03175229031755222	0.4083791932506964	non_sig	gstA		False	False	0.02872942386831276	False	Ecoli	False	True	False	False	diann231	AlphaPeptStats	mean	1.660964047443681
P08244	0.3906007769823689	-0.03207286038690427	0.4082668971494964	non_sig	pyrF		False	False	0.028755144032921814	False	Ecoli	False	True	False	False	diann231	AlphaPeptStats	mean	1.660964047443681
P07330	0.39075991640410557	-0.0886778641713768	0.408089991978161	non_sig	cheB		False	False	0.028780864197530866	False	Ecoli	False	True	False	False	diann231	AlphaPeptStats	mean	1.660964047443681
P60240	0.39087553177828016	0.03712051972346231	0.40796151489972204	non_sig	rapA		False	False	0.02880658436213992	False	Ecoli	False	True	False	False	diann231	AlphaPeptStats	mean	1.660964047443681
P0ACC3	0.39158395990263706	0.011517577163569825	0.4071751061141641	non_sig	erpA		False	False	0.028832304526748974	False	Ecoli	False	True	False	False	diann231	AlphaPeptStats	mean	1.660964047443681
P07762	0.3930264182381556	0.03721706843375472	0.4055782564707793	non_sig	glgB		False	False	0.028858024691358026	False	Ecoli	False	True	False	False	diann231	AlphaPeptStats	mean	1.660964047443681
P0AB89	0.39414276317511143	-0.02032018565181204	0.40434644307539325	non_sig	purB		False	False	0.02888374485596708	False	Ecoli	False	True	False	False	diann231	AlphaPeptStats	mean	1.660964047443681
P27298	0.3943835584241547	-0.01368829913482017	0.40408119878788085	non_sig	prlC		False	False	0.028909465020576133	False	Ecoli	False	True	False	False	diann231	AlphaPeptStats	mean	1.660964047443681
P32173	0.3949278666205997	-0.09817545976960673	0.40348222080240737	non_sig	mobA		False	False	0.028935185185185185	False	Ecoli	False	True	False	False	diann231	AlphaPeptStats	mean	1.660964047443681
P0AEH5	0.395306341834368	-0.04801756165717208	0.4030662182864797	non_sig	elaB		False	False	0.02896090534979424	False	Ecoli	False	True	False	False	diann231	AlphaPeptStats	mean	1.660964047443681
P76220	0.3960996912232783	0.09573902369875498	0.40219549614677663	non_sig	ydjY		False	False	0.028986625514403293	False	Ecoli	False	True	False	False	diann231	AlphaPeptStats	mean	1.660964047443681
P0A9Z1	0.39782290358751776	-0.016952451932453982	0.40031021715090914	non_sig	glnB		False	False	0.029012345679012348	False	Ecoli	False	True	False	False	diann231	AlphaPeptStats	mean	1.660964047443681
P68187	0.3982494984630023	0.0500348105389925	0.3998447624568691	non_sig	malK		False	False	0.0290380658436214	False	Ecoli	False	True	False	False	diann231	AlphaPeptStats	mean	1.660964047443681
P76520	0.3986253180074407	0.10439828117244332	0.3994351212859637	non_sig	yfdX		False	False	0.029063786008230452	False	Ecoli	False	True	False	False	diann231	AlphaPeptStats	mean	1.660964047443681
P77247	0.4003649577405692	-0.06167168198164674	0.39754394149715805	non_sig	yniC		False	False	0.029089506172839508	False	Ecoli	False	True	False	False	diann231	AlphaPeptStats	mean	1.660964047443681
P76149	0.4004145923267905	0.11185798887490961	0.3974901038912071	non_sig	sad		False	False	0.02911522633744856	False	Ecoli	False	True	False	False	diann231	AlphaPeptStats	mean	1.660964047443681
P0AEY5	0.40046170985603025	-0.05604451680185463	0.39743900265892546	non_sig	mdaB		False	False	0.029140946502057615	False	Ecoli	False	True	False	False	diann231	AlphaPeptStats	mean	1.660964047443681
P11349	0.40120387351862824	0.038312180154850495	0.3966348826315673	non_sig	narH		False	False	0.029166666666666667	False	Ecoli	False	True	False	False	diann231	AlphaPeptStats	mean	1.660964047443681
P37626	0.40217896265572567	-0.04250106133263287	0.3955806504013441	non_sig	yhiI		False	False	0.02919238683127572	False	Ecoli	False	True	False	False	diann231	AlphaPeptStats	mean	1.660964047443681
P0A6N8	0.4023698894477644	-0.046861031325097	0.39537452630193193	non_sig	yeiP		False	False	0.029218106995884775	False	Ecoli	False	True	False	False	diann231	AlphaPeptStats	mean	1.660964047443681
P77757	0.4029410457381482	0.17241149152185287	0.3947584907907492	non_sig	arnC		False	False	0.029243827160493827	False	Ecoli	False	True	False	False	diann231	AlphaPeptStats	mean	1.660964047443681
P22255	0.4074393775481172	0.041963421214958885	0.38993700031024175	non_sig	cysQ		False	False	0.029269547325102882	False	Ecoli	False	True	False	False	diann231	AlphaPeptStats	mean	1.660964047443681
P0AGI8	0.4075604224673185	-0.11773280550981369	0.3898079962519412	non_sig	trkA		False	False	0.029295267489711934	False	Ecoli	False	True	False	False	diann231	AlphaPeptStats	mean	1.660964047443681
P26648	0.4090674881910463	0.11031603963606429	0.38820503592649097	non_sig	ftsP		False	False	0.029320987654320986	False	Ecoli	False	True	False	False	diann231	AlphaPeptStats	mean	1.660964047443681
P33221	0.40984659542672836	0.10365979623368204	0.3873786682229056	non_sig	purT		False	False	0.029346707818930045	False	Ecoli	False	True	False	False	diann231	AlphaPeptStats	mean	1.660964047443681
P75745	0.41043905193808145	0.16517694685667195	0.3867513242258101	non_sig	ybgK		False	False	0.029372427983539097	False	Ecoli	False	True	False	False	diann231	AlphaPeptStats	mean	1.660964047443681
P0AG93	0.4122529389094004	0.05516834288776451	0.3848362396310824	non_sig	secF		False	False	0.029398148148148152	False	Ecoli	False	True	False	False	diann231	AlphaPeptStats	mean	1.660964047443681
P0A948	0.412597396530839	-0.12295492685650089	0.38447351673091784	non_sig	rimJ		False	False	0.029423868312757204	False	Ecoli	False	True	False	False	diann231	AlphaPeptStats	mean	1.660964047443681
P28304	0.41266337321592034	0.023943308767851335	0.3844040761095372	non_sig	qorA		False	False	0.029449588477366256	False	Ecoli	False	True	False	False	diann231	AlphaPeptStats	mean	1.660964047443681
P0A7A2	0.4128495990458249	0.03035612534050003	0.3842081328490315	non_sig	gpmB		False	False	0.029475308641975312	False	Ecoli	False	True	False	False	diann231	AlphaPeptStats	mean	1.660964047443681
P0A836	0.4130791893179896	-0.04201947107190307	0.3839666839680316	non_sig	sucC		False	False	0.029501028806584364	False	Ecoli	False	True	False	False	diann231	AlphaPeptStats	mean	1.660964047443681
P33029	0.41323435412297194	-0.1795466537989654	0.3838035807007152	non_sig	yeiQ		False	False	0.02952674897119342	False	Ecoli	False	True	False	False	diann231	AlphaPeptStats	mean	1.660964047443681
P0AFW8	0.4132580009272208	0.05046507177463866	0.3837787294687831	non_sig	rof		False	False	0.02955246913580247	False	Ecoli	False	True	False	False	diann231	AlphaPeptStats	mean	1.660964047443681
P31551	0.41570393086698865	-0.08083923243315283	0.3812158688164437	non_sig	caiD		False	False	0.029578189300411523	False	Ecoli	False	True	False	False	diann231	AlphaPeptStats	mean	1.660964047443681
P39347	0.4157759552842924	0.09033102121614434	0.38114062993791753	non_sig	intB		False	False	0.02960390946502058	False	Ecoli	False	True	False	False	diann231	AlphaPeptStats	mean	1.660964047443681
P0A881	0.4167023887451666	0.11423186518109318	0.38017400994379946	non_sig	trpR		False	False	0.02962962962962963	False	Ecoli	False	True	False	False	diann231	AlphaPeptStats	mean	1.660964047443681
P0AA39	0.4171290920668211	0.04903594401233491	0.37972951985570547	non_sig	rluC		False	False	0.029655349794238686	False	Ecoli	False	True	False	False	diann231	AlphaPeptStats	mean	1.660964047443681
P0ACK5	0.41722164528470773	-0.15308339674825788	0.37963316864469554	non_sig	deoR		False	False	0.029681069958847738	False	Ecoli	False	True	False	False	diann231	AlphaPeptStats	mean	1.660964047443681
P41409	0.417962358471052	0.054638222629208144	0.3788628288575379	non_sig	rihA		False	False	0.02970679012345679	False	Ecoli	False	True	False	False	diann231	AlphaPeptStats	mean	1.660964047443681
P77735	0.41834143534366963	-0.0476594381560318	0.37846911784848214	non_sig	yajO		False	False	0.029732510288065846	False	Ecoli	False	True	False	False	diann231	AlphaPeptStats	mean	1.660964047443681
P0ADC3	0.42034716163084546	0.08788044352133895	0.3763918807845208	non_sig	lolC		False	False	0.029758230452674898	False	Ecoli	False	True	False	False	diann231	AlphaPeptStats	mean	1.660964047443681
P0A9H7	0.420777904224378	-0.01905372241408898	0.375947073810056	non_sig	cfa		False	False	0.029783950617283953	False	Ecoli	False	True	False	False	diann231	AlphaPeptStats	mean	1.660964047443681
P0ABF1	0.42083679000585245	0.034411827119782856	0.375886300702899	non_sig	pcnB		False	False	0.029809670781893005	False	Ecoli	False	True	False	False	diann231	AlphaPeptStats	mean	1.660964047443681
P0AFC0	0.4211682543836929	-0.13421305806061312	0.37554437126045953	non_sig	nudB		False	False	0.029835390946502057	False	Ecoli	False	True	False	False	diann231	AlphaPeptStats	mean	1.660964047443681
P0A6V1	0.42158689127635857	-0.034174296798870074	0.375112901436047	non_sig	glgC		False	False	0.029861111111111113	False	Ecoli	False	True	False	False	diann231	AlphaPeptStats	mean	1.660964047443681
P0A8I8	0.4216665559313419	0.02885408040253523	0.37503084325939917	non_sig	rlmH		False	False	0.029886831275720165	False	Ecoli	False	True	False	False	diann231	AlphaPeptStats	mean	1.660964047443681
P69874	0.4218097668192337	-0.05475701383166154	0.37488336858280197	non_sig	potA		False	False	0.02991255144032922	False	Ecoli	False	True	False	False	diann231	AlphaPeptStats	mean	1.660964047443681
P39451	0.42207878570291374	0.037414656390588164	0.3746064755728932	non_sig	adhP		False	False	0.029938271604938272	False	Ecoli	False	True	False	False	diann231	AlphaPeptStats	mean	1.660964047443681
P75818	0.4226804616833138	-0.02899763910336972	0.3739878268793725	non_sig	ybjP		False	False	0.029963991769547324	False	Ecoli	False	True	False	False	diann231	AlphaPeptStats	mean	1.660964047443681
P0A6I9	0.42299376405759326	-0.05142504312145135	0.37366603511985025	non_sig	coaE		False	False	0.02998971193415638	False	Ecoli	False	True	False	False	diann231	AlphaPeptStats	mean	1.660964047443681
P0A9K7	0.42331902289477025	0.07001880717649911	0.37333221498311386	non_sig	phoU		False	False	0.03001543209876543	False	Ecoli	False	True	False	False	diann231	AlphaPeptStats	mean	1.660964047443681
P67699	0.4258413887372107	0.1606282540529662	0.370752130528886	non_sig	yddM		False	False	0.030041152263374487	False	Ecoli	False	True	False	False	diann231	AlphaPeptStats	mean	1.660964047443681
P0AC19	0.42633748987532505	0.014404815785511005	0.37024647610234285	non_sig	folX		False	False	0.03006687242798354	False	Ecoli	False	True	False	False	diann231	AlphaPeptStats	mean	1.660964047443681
P75867	0.4265639111482524	-0.03389261779847175	0.370015890218418	non_sig	ycbZ		False	False	0.03009259259259259	False	Ecoli	False	True	False	False	diann231	AlphaPeptStats	mean	1.660964047443681
P0ABI8	0.42747934153452705	0.08862299898562753	0.36908486824421566	non_sig	cyoB		False	False	0.03011831275720165	False	Ecoli	False	True	False	False	diann231	AlphaPeptStats	mean	1.660964047443681
P76015	0.4276972768885676	-0.033232804609621525	0.36886351484965035	non_sig	dhaK		False	False	0.030144032921810702	False	Ecoli	False	True	False	False	diann231	AlphaPeptStats	mean	1.660964047443681
P0AEK4	0.42806741958775935	0.00645213204104067	0.3684878252647396	non_sig	fabI		False	False	0.030169753086419757	False	Ecoli	False	True	False	False	diann231	AlphaPeptStats	mean	1.660964047443681
P07017	0.42851513602045976	0.032084539511227916	0.36803383331121986	non_sig	tar		False	False	0.03019547325102881	False	Ecoli	False	True	False	False	diann231	AlphaPeptStats	mean	1.660964047443681
P21513	0.42977987512770255	-0.01996913043504378	0.36675392464173007	non_sig	rne		False	False	0.03022119341563786	False	Ecoli	False	True	False	False	diann231	AlphaPeptStats	mean	1.660964047443681
P0ABI4	0.43008980777785966	0.0221334747703672	0.36644084918801917	non_sig	corA		False	False	0.030246913580246917	False	Ecoli	False	True	False	False	diann231	AlphaPeptStats	mean	1.660964047443681
P0A9G6	0.43270732026759273	0.04561416074649216	0.36380575762094297	non_sig	aceA		False	False	0.03027263374485597	False	Ecoli	False	True	False	False	diann231	AlphaPeptStats	mean	1.660964047443681
P38038	0.43408505630588534	0.03291305181116755	0.3624251648077014	non_sig	cysJ		False	False	0.030298353909465024	False	Ecoli	False	True	False	False	diann231	AlphaPeptStats	mean	1.660964047443681
P64540	0.43438777159833947	-0.05962723322279473	0.36212240902260223	non_sig	yfcL		False	False	0.030324074074074076	False	Ecoli	False	True	False	False	diann231	AlphaPeptStats	mean	1.660964047443681
P23898	0.4345467531175802	0.19788070564329985	0.3619634907259128	non_sig	nlpC		False	False	0.030349794238683128	False	Ecoli	False	True	False	False	diann231	AlphaPeptStats	mean	1.660964047443681
P76491	0.4347452301929453	0.14761860890230594	0.36176517416078136	non_sig	yfbR		False	False	0.030375514403292184	False	Ecoli	False	True	False	False	diann231	AlphaPeptStats	mean	1.660964047443681
P06974	0.43546702769935897	0.044033421462181366	0.3610447229303318	non_sig	fliM		False	False	0.030401234567901236	False	Ecoli	False	True	False	False	diann231	AlphaPeptStats	mean	1.660964047443681
P14081	0.43552915523894553	-0.03894744915379533	0.3609827670958724	non_sig	selB		False	False	0.03042695473251029	False	Ecoli	False	True	False	False	diann231	AlphaPeptStats	mean	1.660964047443681
P0C0K3	0.4357672587596895	-0.04043915802382614	0.3607454034476499	non_sig	rdoA		False	False	0.030452674897119343	False	Ecoli	False	True	False	False	diann231	AlphaPeptStats	mean	1.660964047443681
P27833	0.43599950195908577	0.03411536565735673	0.3605140068244056	non_sig	rffA		False	False	0.030478395061728395	False	Ecoli	False	True	False	False	diann231	AlphaPeptStats	mean	1.660964047443681
P0A707	0.4361512376653609	-0.03254234891889496	0.3603628907899544	non_sig	infC		False	False	0.03050411522633745	False	Ecoli	False	True	False	False	diann231	AlphaPeptStats	mean	1.660964047443681
P0AEW6	0.43637006718503724	-0.019667164463207598	0.3601450475021463	non_sig	gsk		False	False	0.030529835390946503	False	Ecoli	False	True	False	False	diann231	AlphaPeptStats	mean	1.660964047443681
Q47679	0.4363873697678704	0.08140194214694318	0.36012782756008693	non_sig	yafV		False	False	0.030555555555555558	False	Ecoli	False	True	False	False	diann231	AlphaPeptStats	mean	1.660964047443681
P31808	0.4364075941973225	0.03865937762320826	0.3601077005921852	non_sig	yciK		False	False	0.03058127572016461	False	Ecoli	False	True	False	False	diann231	AlphaPeptStats	mean	1.660964047443681
P0AFW4	0.43680316306623385	-0.03793889488487778	0.3597142253920612	non_sig	rnk		False	False	0.030606995884773662	False	Ecoli	False	True	False	False	diann231	AlphaPeptStats	mean	1.660964047443681
P08179	0.4372665474278187	0.07700049964739009	0.35925374658202114	non_sig	purN		False	False	0.030632716049382717	False	Ecoli	False	True	False	False	diann231	AlphaPeptStats	mean	1.660964047443681
P36659	0.4395179445604878	-0.028392954450264796	0.35702338893035107	non_sig	cbpA		False	False	0.03065843621399177	False	Ecoli	False	True	False	False	diann231	AlphaPeptStats	mean	1.660964047443681
P0A8R4	0.44086780367439	0.10622002605918368	0.3556916162952728	non_sig	slyX		False	False	0.030684156378600825	False	Ecoli	False	True	False	False	diann231	AlphaPeptStats	mean	1.660964047443681
P0A9P0	0.4412695110005368	-0.018373544662161123	0.35529607858420975	non_sig	lpdA		False	False	0.030709876543209877	False	Ecoli	False	True	False	False	diann231	AlphaPeptStats	mean	1.660964047443681
P69425	0.4434288766079995	0.06248052261728887	0.353176028535106	non_sig	tatB		False	False	0.03073559670781893	False	Ecoli	False	True	False	False	diann231	AlphaPeptStats	mean	1.660964047443681
P77454	0.4435625302542969	0.3371076542805831	0.3530451478048905	non_sig	glsA1		False	False	0.030761316872427984	False	Ecoli	False	True	False	False	diann231	AlphaPeptStats	mean	1.660964047443681
P0A6A0	0.44437366526393185	0.025747725134070976	0.3522516863860848	non_sig	ubiB		False	False	0.030787037037037036	False	Ecoli	False	True	False	False	diann231	AlphaPeptStats	mean	1.660964047443681
P0AG86	0.44473851480850474	0.021435524887273516	0.35189525857781	non_sig	secB		False	False	0.030812757201646092	False	Ecoli	False	True	False	False	diann231	AlphaPeptStats	mean	1.660964047443681
P76389	0.44501443150921105	-0.1558724540742027	0.35162590492201434	non_sig	yegH		False	False	0.030838477366255144	False	Ecoli	False	True	False	False	diann231	AlphaPeptStats	mean	1.660964047443681
P0AFM2	0.4453578421357805	-0.045114388564527985	0.3512908959556392	non_sig	proX		False	False	0.030864197530864196	False	Ecoli	False	True	False	False	diann231	AlphaPeptStats	mean	1.660964047443681
P0A8F4	0.44565832192634003	0.026484331104626335	0.35099797933936716	non_sig	udk		False	False	0.030889917695473255	False	Ecoli	False	True	False	False	diann231	AlphaPeptStats	mean	1.660964047443681
P41052	0.44740063821565423	-0.05096584654733505	0.34930340071918525	non_sig	mltB		False	False	0.030915637860082307	False	Ecoli	False	True	False	False	diann231	AlphaPeptStats	mean	1.660964047443681
P31460	0.44745956810886	-0.06070642146672611	0.34924620088552516	non_sig	dgoR		False	False	0.030941358024691362	False	Ecoli	False	True	False	False	diann231	AlphaPeptStats	mean	1.660964047443681
P18392	0.4476737415907991	-0.1100637593175513	0.34903837851506214	non_sig	rstB		False	False	0.030967078189300414	False	Ecoli	False	True	False	False	diann231	AlphaPeptStats	mean	1.660964047443681
P64581	0.4496495074562336	0.03328532772464854	0.347125877974211	non_sig	yqjD		False	False	0.030992798353909466	False	Ecoli	False	True	False	False	diann231	AlphaPeptStats	mean	1.660964047443681
P75797	0.4500785584567813	0.10156683818896539	0.3467116761655164	non_sig	gsiB		False	False	0.03101851851851852	False	Ecoli	False	True	False	False	diann231	AlphaPeptStats	mean	1.660964047443681
P42599	0.45049056916640123	-0.05824302053565944	0.3463142963649691	non_sig	ygjR		False	False	0.031044238683127574	False	Ecoli	False	True	False	False	diann231	AlphaPeptStats	mean	1.660964047443681
P0A7A5	0.4505700860239948	-0.0379106067787518	0.3462376450710481	non_sig	pcm		False	False	0.03106995884773663	False	Ecoli	False	True	False	False	diann231	AlphaPeptStats	mean	1.660964047443681
P09424	0.450881664180977	0.03915443534340923	0.34593742560923696	non_sig	mtlD		False	False	0.03109567901234568	False	Ecoli	False	True	False	False	diann231	AlphaPeptStats	mean	1.660964047443681
P04951	0.45092521390288276	0.02774610657496268	0.3458954800344439	non_sig	kdsB		False	False	0.031121399176954733	False	Ecoli	False	True	False	False	diann231	AlphaPeptStats	mean	1.660964047443681
P0A698	0.45179702090381196	0.01398026211759884	0.34505663709272777	non_sig	uvrA		False	False	0.03114711934156379	False	Ecoli	False	True	False	False	diann231	AlphaPeptStats	mean	1.660964047443681
P0A8P6	0.453807260264183	0.15111663534269226	0.34312856030773947	non_sig	xerC		False	False	0.03117283950617284	False	Ecoli	False	True	False	False	diann231	AlphaPeptStats	mean	1.660964047443681
P24232	0.45381251269093187	-0.08961630937731613	0.3431235337536215	non_sig	hmp		False	False	0.031198559670781896	False	Ecoli	False	True	False	False	diann231	AlphaPeptStats	mean	1.660964047443681
P25526	0.4538912863505331	-0.09077904094344902	0.34304815461384885	non_sig	gabD		False	False	0.031224279835390948	False	Ecoli	False	True	False	False	diann231	AlphaPeptStats	mean	1.660964047443681
P65870	0.45404367039828797	-0.050113740688413344	0.3429023742334384	non_sig	queD		False	False	0.03125	False	Ecoli	False	True	False	False	diann231	AlphaPeptStats	mean	1.660964047443681
P0AEQ3	0.4540766115406291	-0.02155832973322802	0.3428708670495616	non_sig	glnH		False	False	0.031275720164609055	False	Ecoli	False	True	False	False	diann231	AlphaPeptStats	mean	1.660964047443681
P52006	0.45459273376011894	0.10964699182821036	0.34237751034687014	non_sig	nudI		False	False	0.03130144032921811	False	Ecoli	False	True	False	False	diann231	AlphaPeptStats	mean	1.660964047443681
P0AD59	0.4551123665542457	0.04167381223675548	0.3418813634536152	non_sig	ivy		False	False	0.031327160493827166	False	Ecoli	False	True	False	False	diann231	AlphaPeptStats	mean	1.660964047443681
P0AFJ5	0.45575434808299325	-0.061785209613699266	0.34126917930613365	non_sig	phoB		False	False	0.031352880658436215	False	Ecoli	False	True	False	False	diann231	AlphaPeptStats	mean	1.660964047443681
P0ACA1	0.4557624098023641	-0.06956563231834778	0.3412614972526613	non_sig	yibF		False	False	0.03137860082304527	False	Ecoli	False	True	False	False	diann231	AlphaPeptStats	mean	1.660964047443681
P0AF12	0.45584870869035254	-0.020875411338330707	0.3411792711143455	non_sig	mtnN		False	False	0.031404320987654326	False	Ecoli	False	True	False	False	diann231	AlphaPeptStats	mean	1.660964047443681
P07648	0.4561705257932172	-0.10954723320412185	0.3408727788991104	non_sig	recC		False	False	0.031430041152263374	False	Ecoli	False	True	False	False	diann231	AlphaPeptStats	mean	1.660964047443681
P76055	0.4582463153374784	-0.047917429821559665	0.33890101842255826	non_sig	ttcA		False	False	0.03145576131687243	False	Ecoli	False	True	False	False	diann231	AlphaPeptStats	mean	1.660964047443681
P10442	0.458561669900569	0.07867057379001352	0.33860224975081926	non_sig	rnhB		False	False	0.031481481481481485	False	Ecoli	False	True	False	False	diann231	AlphaPeptStats	mean	1.660964047443681
P64604	0.4586569624985284	-0.027247082938274048	0.3385120094348313	non_sig	mlaD		False	False	0.031507201646090534	False	Ecoli	False	True	False	False	diann231	AlphaPeptStats	mean	1.660964047443681
P77348	0.45881391277021794	0.028097400419184737	0.3383634213119158	non_sig	mppA		False	False	0.03153292181069959	False	Ecoli	False	True	False	False	diann231	AlphaPeptStats	mean	1.660964047443681
P05194	0.4591096102118128	0.02463096702736678	0.33808361636428247	non_sig	aroD		False	False	0.031558641975308645	False	Ecoli	False	True	False	False	diann231	AlphaPeptStats	mean	1.660964047443681
P14294	0.45926788407131486	0.21910992199461887	0.3379339230956218	non_sig	topB		False	False	0.0315843621399177	False	Ecoli	False	True	False	False	diann231	AlphaPeptStats	mean	1.660964047443681
P24173	0.4609985658401818	-0.10005726077376664	0.3363004256920526	non_sig	rfaC		False	False	0.03161008230452675	False	Ecoli	False	True	False	False	diann231	AlphaPeptStats	mean	1.660964047443681
P0A9B6	0.46213759170444046	-0.08137826694849082	0.33522870318484965	non_sig	epd		False	False	0.031635802469135804	False	Ecoli	False	True	False	False	diann231	AlphaPeptStats	mean	1.660964047443681
P0A705	0.4623240776449096	-0.02682729852113752	0.3350534880976652	non_sig	infB		False	False	0.03166152263374486	False	Ecoli	False	True	False	False	diann231	AlphaPeptStats	mean	1.660964047443681
P76256	0.4628000747761867	-0.06539510088527223	0.3346065795498416	non_sig	yeaZ		False	False	0.03168724279835391	False	Ecoli	False	True	False	False	diann231	AlphaPeptStats	mean	1.660964047443681
P30749	0.46420402305269876	0.02019605954547643	0.3332911000239693	non_sig	moaE		False	False	0.031712962962962964	False	Ecoli	False	True	False	False	diann231	AlphaPeptStats	mean	1.660964047443681
P0AF90	0.46441284096486624	-0.02659449207334319	0.33309578057195516	non_sig	rraB		False	False	0.03173868312757202	False	Ecoli	False	True	False	False	diann231	AlphaPeptStats	mean	1.660964047443681
P75829	0.46451586431391434	-0.0533719699651094	0.332999449234732	non_sig	ybjX		False	False	0.03176440329218107	False	Ecoli	False	True	False	False	diann231	AlphaPeptStats	mean	1.660964047443681
P75828	0.46482074890441716	-0.03118021503195223	0.3327144939276028	non_sig	ybjD		False	False	0.03179012345679012	False	Ecoli	False	True	False	False	diann231	AlphaPeptStats	mean	1.660964047443681
P77690	0.46500556896908213	-0.05713439284221167	0.33254184590991787	non_sig	arnB		False	False	0.03181584362139918	False	Ecoli	False	True	False	False	diann231	AlphaPeptStats	mean	1.660964047443681
P0ABB8	0.4669941941353517	0.14073634313904293	0.3306885187286486	non_sig	mgtA		False	False	0.031841563786008234	False	Ecoli	False	True	False	False	diann231	AlphaPeptStats	mean	1.660964047443681
P37634	0.46709563509914703	-0.013164329504188998	0.3305941910749055	non_sig	rlmJ		False	False	0.03186728395061728	False	Ecoli	False	True	False	False	diann231	AlphaPeptStats	mean	1.660964047443681
P60061	0.4670961816247458	0.08302438123934408	0.33059368292861796	non_sig	adiC		False	False	0.03189300411522634	False	Ecoli	False	True	False	False	diann231	AlphaPeptStats	mean	1.660964047443681
P0AEM9	0.4675041353184336	0.016298848725131876	0.330214543212782	non_sig	fliY		False	False	0.03191872427983539	False	Ecoli	False	True	False	False	diann231	AlphaPeptStats	mean	1.660964047443681
P25524	0.4682674550977905	-0.039508067947792824	0.3295060249268588	non_sig	codA		False	False	0.03194444444444444	False	Ecoli	False	True	False	False	diann231	AlphaPeptStats	mean	1.660964047443681
P0A821	0.46842880476689386	0.02218734807935263	0.3293564070098369	non_sig	selA		False	False	0.0319701646090535	False	Ecoli	False	True	False	False	diann231	AlphaPeptStats	mean	1.660964047443681
P75914	0.4701642868413734	0.028849816109449478	0.32775036248621814	non_sig	ycdX		False	False	0.03199588477366255	False	Ecoli	False	True	False	False	diann231	AlphaPeptStats	mean	1.660964047443681
P0A9T0	0.4715542034101437	-0.022082359247985295	0.32646837951426244	non_sig	serA		False	False	0.03202160493827161	False	Ecoli	False	True	False	False	diann231	AlphaPeptStats	mean	1.660964047443681
P0A7C2	0.47243576886069166	-0.029687067743790152	0.32565722869030234	non_sig	lexA		False	False	0.032047325102880664	False	Ecoli	False	True	False	False	diann231	AlphaPeptStats	mean	1.660964047443681
P37028	0.4726532582479848	-0.12821455618699673	0.32545734393927467	non_sig	btuF		False	False	0.03207304526748971	False	Ecoli	False	True	False	False	diann231	AlphaPeptStats	mean	1.660964047443681
P0ADQ7	0.4750428610272665	0.04179810750858337	0.32326720412700344	non_sig	ygaM		False	False	0.03209876543209877	False	Ecoli	False	True	False	False	diann231	AlphaPeptStats	mean	1.660964047443681
P0A6U8	0.47580985297258743	0.02300182507340054	0.322566568924815	non_sig	glgA		False	False	0.03212448559670782	False	Ecoli	False	True	False	False	diann231	AlphaPeptStats	mean	1.660964047443681
P24252	0.47585997667812874	0.12737505126248294	0.3225208210234504	non_sig	ybgA		False	False	0.03215020576131687	False	Ecoli	False	True	False	False	diann231	AlphaPeptStats	mean	1.660964047443681
P0A9A6	0.47616907233263456	-0.007966217420452892	0.32223881588508124	non_sig	ftsZ		False	False	0.03217592592592593	False	Ecoli	False	True	False	False	diann231	AlphaPeptStats	mean	1.660964047443681
P17993	0.476633864062294	0.013806852555354965	0.32181510497545573	non_sig	ubiG		False	False	0.03220164609053498	False	Ecoli	False	True	False	False	diann231	AlphaPeptStats	mean	1.660964047443681
P36553	0.47731100912824576	0.1628607609232482	0.3211985485616666	non_sig	hemF		False	False	0.03222736625514404	False	Ecoli	False	True	False	False	diann231	AlphaPeptStats	mean	1.660964047443681
P76445	0.4774808387114219	0.05866608956909758	0.3210440519522076	non_sig	yeiU		False	False	0.03225308641975309	False	Ecoli	False	True	False	False	diann231	AlphaPeptStats	mean	1.660964047443681
P69902	0.4775038937507661	0.04260873157902623	0.3210230826612256	non_sig	frc		False	False	0.03227880658436214	False	Ecoli	False	True	False	False	diann231	AlphaPeptStats	mean	1.660964047443681
P76339	0.4775278519931315	0.1264076644369645	0.3210012929510846	non_sig	yedV		False	False	0.0323045267489712	False	Ecoli	False	True	False	False	diann231	AlphaPeptStats	mean	1.660964047443681
P46837	0.47797300011241994	-0.02268652251164127	0.320596635256856	non_sig	yhgF		False	False	0.032330246913580246	False	Ecoli	False	True	False	False	diann231	AlphaPeptStats	mean	1.660964047443681
P69795	0.47883231798632864	-0.12933835452997045	0.31981654529681736	non_sig	chbB		False	False	0.0323559670781893	False	Ecoli	False	True	False	False	diann231	AlphaPeptStats	mean	1.660964047443681
P0A940	0.4798235580167511	-0.02065483264009771	0.31891843318036905	non_sig	bamA		False	False	0.03238168724279836	False	Ecoli	False	True	False	False	diann231	AlphaPeptStats	mean	1.660964047443681
P0A7E3	0.48014346419694315	0.014832785537851834	0.3186289784580458	non_sig	pyrE		False	False	0.032407407407407406	False	Ecoli	False	True	False	False	diann231	AlphaPeptStats	mean	1.660964047443681
P0A884	0.48050518005861875	0.03189883261639892	0.31830192608336966	non_sig	thyA		False	False	0.03243312757201646	False	Ecoli	False	True	False	False	diann231	AlphaPeptStats	mean	1.660964047443681
P0AAA1	0.4810881796069897	0.03979313686051711	0.3177753136327165	non_sig	yagU		False	False	0.03245884773662552	False	Ecoli	False	True	False	False	diann231	AlphaPeptStats	mean	1.660964047443681
P39377	0.48175450015961757	0.01281695090606405	0.31717421982692273	non_sig	iadA		False	False	0.03248456790123457	False	Ecoli	False	True	False	False	diann231	AlphaPeptStats	mean	1.660964047443681
P0ACL0	0.48202461473918357	-0.02023638765973601	0.3169307838100073	non_sig	glpR		False	False	0.03251028806584362	False	Ecoli	False	True	False	False	diann231	AlphaPeptStats	mean	1.660964047443681
P05791	0.48229797112666944	0.02994209731058106	0.3166845650122771	non_sig	ilvD		False	False	0.032536008230452676	False	Ecoli	False	True	False	False	diann231	AlphaPeptStats	mean	1.660964047443681
P0AG78	0.482375634907666	0.11539728004753158	0.3166146367974023	non_sig	sbp		False	False	0.03256172839506173	False	Ecoli	False	True	False	False	diann231	AlphaPeptStats	mean	1.660964047443681
P0A9U1	0.48334700639672024	-0.16071861530868148	0.3157409668598828	non_sig	ybhF		False	False	0.03258744855967078	False	Ecoli	False	True	False	False	diann231	AlphaPeptStats	mean	1.660964047443681
P0A9N4	0.4835208576389273	0.02959981387781596	0.31558478701611153	non_sig	pflA		False	False	0.032613168724279835	False	Ecoli	False	True	False	False	diann231	AlphaPeptStats	mean	1.660964047443681
P0A6I6	0.4840749435218958	-0.15260039658394575	0.3150873965406918	non_sig	coaD		False	False	0.03263888888888889	False	Ecoli	False	True	False	False	diann231	AlphaPeptStats	mean	1.660964047443681
P46142	0.48417055330674186	0.047378446916408024	0.3150016273793674	non_sig	yggM		False	False	0.03266460905349794	False	Ecoli	False	True	False	False	diann231	AlphaPeptStats	mean	1.660964047443681
P39337	0.4853054127222659	0.12899190119688342	0.31398486487201493	non_sig	yjgM		False	False	0.032690329218106995	False	Ecoli	False	True	False	False	diann231	AlphaPeptStats	mean	1.660964047443681
P27550	0.4857415220410421	-0.07561780760245895	0.31359477068273384	non_sig	acs		False	False	0.03271604938271605	False	Ecoli	False	True	False	False	diann231	AlphaPeptStats	mean	1.660964047443681
P31060	0.4866043524167451	0.05016335561869312	0.31282401085501177	non_sig	modF		False	False	0.032741769547325106	False	Ecoli	False	True	False	False	diann231	AlphaPeptStats	mean	1.660964047443681
P64493	0.48664289895354745	-0.1197869019134643	0.3127896094257451	non_sig	yoaF		False	False	0.03276748971193416	False	Ecoli	False	True	False	False	diann231	AlphaPeptStats	mean	1.660964047443681
P17115	0.48786381782142246	0.03768153533118834	0.31170138992869545	non_sig	gutQ		False	False	0.03279320987654321	False	Ecoli	False	True	False	False	diann231	AlphaPeptStats	mean	1.660964047443681
P27434	0.4887966054935964	-0.02087799339025409	0.31087181876492687	non_sig	rodZ		False	False	0.032818930041152265	False	Ecoli	False	True	False	False	diann231	AlphaPeptStats	mean	1.660964047443681
P09127	0.4908120610717372	-0.0176123303035709	0.30908477358859177	non_sig	hemX		False	False	0.03284465020576132	False	Ecoli	False	True	False	False	diann231	AlphaPeptStats	mean	1.660964047443681
P75767	0.4912716368961647	-0.07903082937150785	0.3086783087230263	non_sig	ybhK		False	False	0.032870370370370376	False	Ecoli	False	True	False	False	diann231	AlphaPeptStats	mean	1.660964047443681
P0AF63	0.4925992747166908	-0.032413289094630926	0.3075062319341281	non_sig	nsrR		False	False	0.032896090534979425	False	Ecoli	False	True	False	False	diann231	AlphaPeptStats	mean	1.660964047443681
P0AD01	0.4933794223314701	0.15225434744167288	0.3068189678463961	non_sig	dcuR		False	False	0.03292181069958848	False	Ecoli	False	True	False	False	diann231	AlphaPeptStats	mean	1.660964047443681
P75746	0.4938174392191551	0.1476419128077211	0.30643357697413076	non_sig	ybgL		False	False	0.03294753086419753	False	Ecoli	False	True	False	False	diann231	AlphaPeptStats	mean	1.660964047443681
P0A8Y3	0.49396902163086165	0.018844680810317982	0.3063002862112308	non_sig	yihX		False	False	0.03297325102880659	False	Ecoli	False	True	False	False	diann231	AlphaPeptStats	mean	1.660964047443681
P08178	0.49543812638006257	-0.04965859582469534	0.30501057538573406	non_sig	purM		False	False	0.03299897119341564	False	Ecoli	False	True	False	False	diann231	AlphaPeptStats	mean	1.660964047443681
P21156	0.4974482129141388	-0.0542619954741177	0.30325212500125653	non_sig	cysD		False	False	0.033024691358024695	False	Ecoli	False	True	False	False	diann231	AlphaPeptStats	mean	1.660964047443681
P37051	0.49798198257730786	-0.020611092332330827	0.3027863701093726	non_sig	purU		False	False	0.033050411522633744	False	Ecoli	False	True	False	False	diann231	AlphaPeptStats	mean	1.660964047443681
P0AB03	0.4981264369632013	-0.20729733854636834	0.30266040843313463	non_sig	ycbJ		False	False	0.0330761316872428	False	Ecoli	False	True	False	False	diann231	AlphaPeptStats	mean	1.660964047443681
P07014	0.4983836496457486	-0.03275006667007574	0.30243621391129755	non_sig	sdhB		False	False	0.033101851851851855	False	Ecoli	False	True	False	False	diann231	AlphaPeptStats	mean	1.660964047443681
P33234	0.49985325832864325	-0.07052954090322316	0.30115747256734116	non_sig	adiY		False	False	0.03312757201646091	False	Ecoli	False	True	False	False	diann231	AlphaPeptStats	mean	1.660964047443681
P0ACF0	0.50057433815098	0.014835159325919278	0.30053141818182666	non_sig	hupA		False	False	0.03315329218106996	False	Ecoli	False	True	False	False	diann231	AlphaPeptStats	mean	1.660964047443681
Q47319	0.5008962695381263	-0.12243190410495686	0.30025220273859443	non_sig	yfiP		False	False	0.033179012345679014	False	Ecoli	False	True	False	False	diann231	AlphaPeptStats	mean	1.660964047443681
P60651	0.5009932725995229	0.02598031267165979	0.300168105854353	non_sig	speB		False	False	0.03320473251028806	False	Ecoli	False	True	False	False	diann231	AlphaPeptStats	mean	1.660964047443681
P23827	0.5012114843215774	-0.014236761394464281	0.29997898651996957	non_sig	eco		False	False	0.033230452674897125	False	Ecoli	False	True	False	False	diann231	AlphaPeptStats	mean	1.660964047443681
P00954	0.5026790264381122	-0.027627903628093975	0.29870923470869587	non_sig	trpS		False	False	0.03325617283950617	False	Ecoli	False	True	False	False	diann231	AlphaPeptStats	mean	1.660964047443681
P0ADS9	0.5030363316557676	-0.043171688885909276	0.29840064701603936	non_sig	yggN		False	False	0.03328189300411523	False	Ecoli	False	True	False	False	diann231	AlphaPeptStats	mean	1.660964047443681
P0A998	0.5042616269448986	0.014528148498399673	0.297344079312924	non_sig	ftnA		False	False	0.03330761316872428	False	Ecoli	False	True	False	False	diann231	AlphaPeptStats	mean	1.660964047443681
P21499	0.504949306414945	0.018730701765573343	0.29675221999885987	non_sig	rnr		False	False	0.03333333333333333	False	Ecoli	False	True	False	False	diann231	AlphaPeptStats	mean	1.660964047443681
P0AFC7	0.5053574600641745	-0.02207438982479104	0.2964013188802023	non_sig	nuoB		False	False	0.03335905349794239	False	Ecoli	False	True	False	False	diann231	AlphaPeptStats	mean	1.660964047443681
P77433	0.5055181047726658	-0.041552241439891446	0.2962632858453583	non_sig	ykgG		False	False	0.033384773662551444	False	Ecoli	False	True	False	False	diann231	AlphaPeptStats	mean	1.660964047443681
P27278	0.506480510635096	0.0885181973757625	0.29543726162942874	non_sig	nadR		False	False	0.03341049382716049	False	Ecoli	False	True	False	False	diann231	AlphaPeptStats	mean	1.660964047443681
P28630	0.5066503138096895	0.1159976196717949	0.295291684018627	non_sig	holA		False	False	0.03343621399176955	False	Ecoli	False	True	False	False	diann231	AlphaPeptStats	mean	1.660964047443681
P02358	0.5073357321677905	-0.03339437128147438	0.2947045488065839	non_sig	rpsF		False	False	0.033461934156378596	False	Ecoli	False	True	False	False	diann231	AlphaPeptStats	mean	1.660964047443681
P30011	0.5076341612137004	0.04576323935678772	0.2944491597700058	non_sig	nadC		False	False	0.03348765432098766	False	Ecoli	False	True	False	False	diann231	AlphaPeptStats	mean	1.660964047443681
P0AEK0	0.5077422254304471	0.06959521312311878	0.29435671780696865	non_sig	exoX		False	False	0.033513374485596714	False	Ecoli	False	True	False	False	diann231	AlphaPeptStats	mean	1.660964047443681
P0A9F1	0.5091471600674946	-0.074847924494307	0.29315667430719	non_sig	mntR		False	False	0.03353909465020576	False	Ecoli	False	True	False	False	diann231	AlphaPeptStats	mean	1.660964047443681
P0A8U6	0.5094816679053302	-0.007226392462388986	0.29287143809679006	non_sig	metJ		False	False	0.03356481481481482	False	Ecoli	False	True	False	False	diann231	AlphaPeptStats	mean	1.660964047443681
Q93K97	0.5095583302250604	-0.0189399875336278	0.29280609419948944	non_sig	nudF		False	False	0.03359053497942387	False	Ecoli	False	True	False	False	diann231	AlphaPeptStats	mean	1.660964047443681
P77529	0.5100094325946607	-0.03176700129960608	0.2924217915767137	non_sig	ydjN		False	False	0.03361625514403293	False	Ecoli	False	True	False	False	diann231	AlphaPeptStats	mean	1.660964047443681
P0A8W2	0.5103438772164611	-0.03436663848775723	0.2921370912527081	non_sig	slyA		False	False	0.03364197530864198	False	Ecoli	False	True	False	False	diann231	AlphaPeptStats	mean	1.660964047443681
P24230	0.5108146538424426	0.09401298604906216	0.2917366525369959	non_sig	recG		False	False	0.03366769547325103	False	Ecoli	False	True	False	False	diann231	AlphaPeptStats	mean	1.660964047443681
P0A6F3	0.5109747153711522	0.012311615393254982	0.29160058958440194	non_sig	glpK		False	False	0.03369341563786008	False	Ecoli	False	True	False	False	diann231	AlphaPeptStats	mean	1.660964047443681
P0AE52	0.5116299360406799	0.026722040652067847	0.291044052393312	non_sig	bcp		False	False	0.03371913580246914	False	Ecoli	False	True	False	False	diann231	AlphaPeptStats	mean	1.660964047443681
P0AFY8	0.5118752367629218	-0.01249969461040834	0.29083588001676314	non_sig	seqA		False	False	0.03374485596707819	False	Ecoli	False	True	False	False	diann231	AlphaPeptStats	mean	1.660964047443681
P0AG84	0.512014889394114	0.2016879143536059	0.2907174095560433	non_sig	yghA		False	False	0.03377057613168725	False	Ecoli	False	True	False	False	diann231	AlphaPeptStats	mean	1.660964047443681
P0AC62	0.5121316544534736	-0.022412258267486607	0.2906183799367308	non_sig	grxC		False	False	0.033796296296296297	False	Ecoli	False	True	False	False	diann231	AlphaPeptStats	mean	1.660964047443681
P77376	0.5123246905436925	-0.04053632641688054	0.2904547135976197	non_sig	ydgJ		False	False	0.03382201646090535	False	Ecoli	False	True	False	False	diann231	AlphaPeptStats	mean	1.660964047443681
P0ABA4	0.513438948493772	-0.05713174747163663	0.28951118966860095	non_sig	atpH		False	False	0.0338477366255144	False	Ecoli	False	True	False	False	diann231	AlphaPeptStats	mean	1.660964047443681
P37671	0.5145143829828098	0.16203789805151558	0.288602480254787	non_sig	yiaJ		False	False	0.03387345679012346	False	Ecoli	False	True	False	False	diann231	AlphaPeptStats	mean	1.660964047443681
P07649	0.5148958560964844	-0.12182579507674163	0.2882806033789651	non_sig	truA		False	False	0.03389917695473251	False	Ecoli	False	True	False	False	diann231	AlphaPeptStats	mean	1.660964047443681
P62399	0.5152441436658742	-0.014530888019969268	0.28798693577009665	non_sig	rplE		False	False	0.03392489711934157	False	Ecoli	False	True	False	False	diann231	AlphaPeptStats	mean	1.660964047443681
P23845	0.5153074328331351	0.02909976729767294	0.2879335931975035	non_sig	cysN		False	False	0.033950617283950615	False	Ecoli	False	True	False	False	diann231	AlphaPeptStats	mean	1.660964047443681
P75882	0.5179880080931684	-0.02208659444718819	0.28568029446181187	non_sig	gfcD		False	False	0.03397633744855967	False	Ecoli	False	True	False	False	diann231	AlphaPeptStats	mean	1.660964047443681
Q47622	0.5187828572962982	0.02655607177054975	0.28501438321368516	non_sig	sapA		False	False	0.034002057613168726	False	Ecoli	False	True	False	False	diann231	AlphaPeptStats	mean	1.660964047443681
P21369	0.5190854212727299	0.037570691703336934	0.2847611682887804	non_sig	pncA		False	False	0.03402777777777778	False	Ecoli	False	True	False	False	diann231	AlphaPeptStats	mean	1.660964047443681
Q46851	0.5221080082878269	0.06307092174050766	0.2822396453670674	non_sig	gpr		False	False	0.03405349794238683	False	Ecoli	False	True	False	False	diann231	AlphaPeptStats	mean	1.660964047443681
P64548	0.5221259375082252	-0.06808492260863375	0.28222473192450803	non_sig	yfiR		False	False	0.034079218106995886	False	Ecoli	False	True	False	False	diann231	AlphaPeptStats	mean	1.660964047443681
P23538	0.5233366528839003	-0.015053834236063324	0.28121884755006943	non_sig	ppsA		False	False	0.034104938271604934	False	Ecoli	False	True	False	False	diann231	AlphaPeptStats	mean	1.660964047443681
P31802	0.5237416919434426	0.02741667536159298	0.2808828531363612	non_sig	narP		False	False	0.034130658436214	False	Ecoli	False	True	False	False	diann231	AlphaPeptStats	mean	1.660964047443681
P09169	0.5245184947454574	-0.03469803558652984	0.2802391937920899	non_sig	ompT		False	False	0.034156378600823045	False	Ecoli	False	True	False	False	diann231	AlphaPeptStats	mean	1.660964047443681
P0ADE4	0.5246757898979872	-0.038232326743177225	0.2801089749788815	non_sig	tamA		False	False	0.0341820987654321	False	Ecoli	False	True	False	False	diann231	AlphaPeptStats	mean	1.660964047443681
P39384	0.5254141870151269	-0.07736280782468796	0.27949820475284054	non_sig	yjiM		False	False	0.03420781893004115	False	Ecoli	False	True	False	False	diann231	AlphaPeptStats	mean	1.660964047443681
P10441	0.5259110687542661	0.047190957242872145	0.2790876885736659	non_sig	lpxB		False	False	0.034233539094650205	False	Ecoli	False	True	False	False	diann231	AlphaPeptStats	mean	1.660964047443681
P14407	0.5270227825499106	-0.011230733453885478	0.27817061036269664	non_sig	fumB		False	False	0.03425925925925927	False	Ecoli	False	True	False	False	diann231	AlphaPeptStats	mean	1.660964047443681
P62768	0.5276710129667425	-0.011240261033265142	0.27763676266267767	non_sig	yaeH		False	False	0.034284979423868316	False	Ecoli	False	True	False	False	diann231	AlphaPeptStats	mean	1.660964047443681
P0AEC0	0.5281863777284597	0.06960013469219462	0.277212803722904	non_sig	yoaE		False	False	0.03431069958847737	False	Ecoli	False	True	False	False	diann231	AlphaPeptStats	mean	1.660964047443681
P0ACY9	0.5284989091158926	-0.09255373637758879	0.276955904790684	non_sig	yebG		False	False	0.03433641975308642	False	Ecoli	False	True	False	False	diann231	AlphaPeptStats	mean	1.660964047443681
P0AB67	0.5294738788731376	-0.05155584962975368	0.27615546056326185	non_sig	pntB		False	False	0.034362139917695475	False	Ecoli	False	True	False	False	diann231	AlphaPeptStats	mean	1.660964047443681
P0A6E4	0.5298249668618639	0.026884976101921865	0.275867580363329	non_sig	argG		False	False	0.03438786008230453	False	Ecoli	False	True	False	False	diann231	AlphaPeptStats	mean	1.660964047443681
P0ABQ2	0.5299106332953817	-0.12096299427331303	0.2757973657561446	non_sig	garR		False	False	0.034413580246913586	False	Ecoli	False	True	False	False	diann231	AlphaPeptStats	mean	1.660964047443681
P00961	0.5301330974801524	-0.0035568593584187624	0.27561508088151077	non_sig	glyS		False	False	0.034439300411522634	False	Ecoli	False	True	False	False	diann231	AlphaPeptStats	mean	1.660964047443681
P0AB83	0.5302969681668168	0.04376649775761621	0.27548085583860393	non_sig	nth		False	False	0.03446502057613169	False	Ecoli	False	True	False	False	diann231	AlphaPeptStats	mean	1.660964047443681
P06129	0.5306477898197743	-0.03080818630703064	0.2751936402933688	non_sig	btuB		False	False	0.03449074074074074	False	Ecoli	False	True	False	False	diann231	AlphaPeptStats	mean	1.660964047443681
P76569	0.5308533773483732	0.04863580054956884	0.2750254152680997	non_sig	yfgD		False	False	0.0345164609053498	False	Ecoli	False	True	False	False	diann231	AlphaPeptStats	mean	1.660964047443681
P09053	0.5322757506383907	-0.032254094366120256	0.2738633189180329	non_sig	avtA		False	False	0.03454218106995885	False	Ecoli	False	True	False	False	diann231	AlphaPeptStats	mean	1.660964047443681
P0AE91	0.5323286521633858	0.0260657834638387	0.2738201576454549	non_sig	creA		False	False	0.034567901234567905	False	Ecoli	False	True	False	False	diann231	AlphaPeptStats	mean	1.660964047443681
P05055	0.5328362254957343	-0.009976122612936678	0.27340625681430913	non_sig	pnp		False	False	0.03459362139917695	False	Ecoli	False	True	False	False	diann231	AlphaPeptStats	mean	1.660964047443681
P22333	0.533944216333454	0.013086243630525018	0.2725041133910081	non_sig	add		False	False	0.03461934156378601	False	Ecoli	False	True	False	False	diann231	AlphaPeptStats	mean	1.660964047443681
P22564	0.5347387020248271	0.0463766868157407	0.2718583824462106	non_sig	rihC		False	False	0.034645061728395064	False	Ecoli	False	True	False	False	diann231	AlphaPeptStats	mean	1.660964047443681
P12758	0.5348034652128977	-0.01601184429519975	0.2718057874273222	non_sig	udp		False	False	0.03467078189300412	False	Ecoli	False	True	False	False	diann231	AlphaPeptStats	mean	1.660964047443681
P0A761	0.5372498174459035	-0.016554983297591974	0.26982372340701744	non_sig	nanE		False	False	0.03469650205761317	False	Ecoli	False	True	False	False	diann231	AlphaPeptStats	mean	1.660964047443681
P09148	0.5385104754480762	0.02639952371195875	0.2688058441115048	non_sig	galT		False	False	0.034722222222222224	False	Ecoli	False	True	False	False	diann231	AlphaPeptStats	mean	1.660964047443681
P0AEB7	0.5385168792588738	0.05786343001287264	0.2688006796378627	non_sig	yoaB		False	False	0.03474794238683127	False	Ecoli	False	True	False	False	diann231	AlphaPeptStats	mean	1.660964047443681
P0A8C1	0.5389965357274467	0.06253372483110553	0.26841402612919574	non_sig	ybjQ		False	False	0.034773662551440335	False	Ecoli	False	True	False	False	diann231	AlphaPeptStats	mean	1.660964047443681
P0AA10	0.53911787349052	-0.03582280920363701	0.26831626967455385	non_sig	rplM		False	False	0.03479938271604938	False	Ecoli	False	True	False	False	diann231	AlphaPeptStats	mean	1.660964047443681
P33018	0.5401049702477233	0.11432057770129234	0.26752182616033954	non_sig	yeiG		False	False	0.03482510288065844	False	Ecoli	False	True	False	False	diann231	AlphaPeptStats	mean	1.660964047443681
P0A6L7	0.5402748002601027	0.045753235556105665	0.26738528854669885	non_sig	uxaB		False	False	0.03485082304526749	False	Ecoli	False	True	False	False	diann231	AlphaPeptStats	mean	1.660964047443681
P0A8K5	0.5410752747532792	-0.0665733424565822	0.26674231135212756	non_sig	yaeP		False	False	0.03487654320987654	False	Ecoli	False	True	False	False	diann231	AlphaPeptStats	mean	1.660964047443681
P0CK95	0.5415926159991927	0.008779507751242477	0.2663272653950421	non_sig	yghJ		False	False	0.0349022633744856	False	Ecoli	False	True	False	False	diann231	AlphaPeptStats	mean	1.660964047443681
P0AD44	0.543260705735883	0.071881140002791	0.2649917065238549	non_sig	yfhG		False	False	0.034927983539094654	False	Ecoli	False	True	False	False	diann231	AlphaPeptStats	mean	1.660964047443681
P0A935	0.5434436754548835	0.02025737179651088	0.2648454611576936	non_sig	mltA		False	False	0.0349537037037037	False	Ecoli	False	True	False	False	diann231	AlphaPeptStats	mean	1.660964047443681
P25516	0.5438506042792045	-0.02674055066706771	0.26452038458095567	non_sig	acnA		False	False	0.03497942386831276	False	Ecoli	False	True	False	False	diann231	AlphaPeptStats	mean	1.660964047443681
P29018	0.5441347805344311	0.12894847089365413	0.26429351355113834	non_sig	cydD		False	False	0.035005144032921806	False	Ecoli	False	True	False	False	diann231	AlphaPeptStats	mean	1.660964047443681
P0ABH7	0.5446134622081458	0.022333808379439546	0.26391162761145776	non_sig	gltA		False	False	0.03503086419753087	False	Ecoli	False	True	False	False	diann231	AlphaPeptStats	mean	1.660964047443681
P24188	0.5448405222701592	0.04051717895963591	0.26373059943619603	non_sig	yceA		False	False	0.035056584362139924	False	Ecoli	False	True	False	False	diann231	AlphaPeptStats	mean	1.660964047443681
P30843	0.545385178889636	-0.03569768174048704	0.26329666840008487	non_sig	basR		False	False	0.03508230452674897	False	Ecoli	False	True	False	False	diann231	AlphaPeptStats	mean	1.660964047443681
P45532	0.5478423291156561	-0.17726426725705835	0.2613444149605883	non_sig	tusD		False	False	0.03510802469135803	False	Ecoli	False	True	False	False	diann231	AlphaPeptStats	mean	1.660964047443681
P00509	0.5489734486099123	0.022861362449631883	0.26044865992340877	non_sig	aspC		False	False	0.035133744855967076	False	Ecoli	False	True	False	False	diann231	AlphaPeptStats	mean	1.660964047443681
P0A817	0.549666611058689	-0.010281699112884013	0.2599006430112972	non_sig	metK		False	False	0.03515946502057614	False	Ecoli	False	True	False	False	diann231	AlphaPeptStats	mean	1.660964047443681
P67910	0.5500267845214508	-0.013366767184209039	0.25961616125733333	non_sig	hldD		False	False	0.03518518518518519	False	Ecoli	False	True	False	False	diann231	AlphaPeptStats	mean	1.660964047443681
P07395	0.5511899185572482	-0.015662532983924393	0.2586987344150113	non_sig	pheT		False	False	0.03521090534979424	False	Ecoli	False	True	False	False	diann231	AlphaPeptStats	mean	1.660964047443681
P0A9J4	0.5517118418164167	-0.026234215426320873	0.2582876943450827	non_sig	panE		False	False	0.03523662551440329	False	Ecoli	False	True	False	False	diann231	AlphaPeptStats	mean	1.660964047443681
P0A853	0.5524426522607182	0.02046635392097329	0.2577127983657129	non_sig	tnaA		False	False	0.03526234567901235	False	Ecoli	False	True	False	False	diann231	AlphaPeptStats	mean	1.660964047443681
P09832	0.5527671138463062	0.016222134242831032	0.2574578026452987	non_sig	gltD		False	False	0.0352880658436214	False	Ecoli	False	True	False	False	diann231	AlphaPeptStats	mean	1.660964047443681
P31467	0.5544612805447859	0.037973488014397816	0.2561287763549797	non_sig	yieH		False	False	0.03531378600823046	False	Ecoli	False	True	False	False	diann231	AlphaPeptStats	mean	1.660964047443681
P16456	0.5562437610443284	-0.015151372638840144	0.25473484712870437	non_sig	selD		False	False	0.035339506172839506	False	Ecoli	False	True	False	False	diann231	AlphaPeptStats	mean	1.660964047443681
P23003	0.5567629158514532	-0.05286519354282859	0.2543296993627121	non_sig	trmA		False	False	0.03536522633744856	False	Ecoli	False	True	False	False	diann231	AlphaPeptStats	mean	1.660964047443681
P00811	0.5570333238398623	0.03519373164883177	0.2541188229108964	non_sig	ampC		False	False	0.03539094650205761	False	Ecoli	False	True	False	False	diann231	AlphaPeptStats	mean	1.660964047443681
P0A910	0.5583033449643818	-0.021812861564377783	0.2531297701520398	non_sig	ompA		False	False	0.03541666666666667	False	Ecoli	False	True	False	False	diann231	AlphaPeptStats	mean	1.660964047443681
P00861	0.5591879156629247	0.2728695526054885	0.2524422224870112	non_sig	lysA		False	False	0.03544238683127572	False	Ecoli	False	True	False	False	diann231	AlphaPeptStats	mean	1.660964047443681
P60293	0.5594262004046521	0.02242948226158603	0.25225719755565595	non_sig	mukF		False	False	0.03546810699588478	False	Ecoli	False	True	False	False	diann231	AlphaPeptStats	mean	1.660964047443681
P0A9K3	0.5600649753020099	0.019111602068921485	0.2517615858898783	non_sig	ybeZ		False	False	0.035493827160493825	False	Ecoli	False	True	False	False	diann231	AlphaPeptStats	mean	1.660964047443681
P0ACL2	0.5601408302810031	0.09169168046436837	0.2517027691997883	non_sig	exuR		False	False	0.03551954732510288	False	Ecoli	False	True	False	False	diann231	AlphaPeptStats	mean	1.660964047443681
P45469	0.561506034319935	-0.17890103586553252	0.25064557215805683	non_sig	yraR		False	False	0.035545267489711936	False	Ecoli	False	True	False	False	diann231	AlphaPeptStats	mean	1.660964047443681
P0AGJ7	0.5617858456551384	0.034819171261357695	0.2504292071623995	non_sig	trmL		False	False	0.03557098765432099	False	Ecoli	False	True	False	False	diann231	AlphaPeptStats	mean	1.660964047443681
P0ACP5	0.5621314695815273	-0.042606815668818854	0.25016210109197773	non_sig	gntR		False	False	0.03559670781893004	False	Ecoli	False	True	False	False	diann231	AlphaPeptStats	mean	1.660964047443681
P0ACD8	0.5625032233076689	0.015385217934824169	0.24987498457531412	non_sig	hyaB		False	False	0.035622427983539096	False	Ecoli	False	True	False	False	diann231	AlphaPeptStats	mean	1.660964047443681
P36673	0.5660640429802376	-0.03219399254242106	0.2471344311094511	non_sig	treR		False	False	0.035648148148148144	False	Ecoli	False	True	False	False	diann231	AlphaPeptStats	mean	1.660964047443681
P0A9X9	0.5666966859825446	-0.012085089316482112	0.24664932708622966	non_sig	cspA		False	False	0.035673868312757206	False	Ecoli	False	True	False	False	diann231	AlphaPeptStats	mean	1.660964047443681
P06987	0.5669049167744531	-0.045976551816391265	0.2464897763504414	non_sig	hisB		False	False	0.035699588477366255	False	Ecoli	False	True	False	False	diann231	AlphaPeptStats	mean	1.660964047443681
P77649	0.567246823063624	0.06257391643901045	0.24622792775647045	non_sig	ydiU		False	False	0.03572530864197531	False	Ecoli	False	True	False	False	diann231	AlphaPeptStats	mean	1.660964047443681
P42632	0.5678505650597925	0.02214789849350396	0.2457659377194947	non_sig	tdcE		False	False	0.03575102880658436	False	Ecoli	False	True	False	False	diann231	AlphaPeptStats	mean	1.660964047443681
P13001	0.5681675334777112	0.13691361367773425	0.24552358658338314	non_sig	bioH		False	False	0.035776748971193414	False	Ecoli	False	True	False	False	diann231	AlphaPeptStats	mean	1.660964047443681
P06136	0.5683244428592524	0.08280473604135707	0.24540366514018067	non_sig	ftsQ		False	False	0.03580246913580248	False	Ecoli	False	True	False	False	diann231	AlphaPeptStats	mean	1.660964047443681
P0A7Y8	0.5689462179458875	-0.021707644537613646	0.24492878519238614	non_sig	rnpA		False	False	0.035828189300411525	False	Ecoli	False	True	False	False	diann231	AlphaPeptStats	mean	1.660964047443681
P0ABU7	0.5713583747768021	-0.028256335749613726	0.24309140249585812	non_sig	exbB		False	False	0.03585390946502058	False	Ecoli	False	True	False	False	diann231	AlphaPeptStats	mean	1.660964047443681
P75792	0.5718589145937862	0.03962832745747136	0.2427111043733562	non_sig	ybiV		False	False	0.03587962962962963	False	Ecoli	False	True	False	False	diann231	AlphaPeptStats	mean	1.660964047443681
P0AFZ1	0.5725763192437979	-0.024855252303609632	0.24216661760400413	non_sig	sseB		False	False	0.035905349794238685	False	Ecoli	False	True	False	False	diann231	AlphaPeptStats	mean	1.660964047443681
P0C093	0.5733706520314914	-0.00984646436539549	0.24156454017740667	non_sig	slmA		False	False	0.03593106995884774	False	Ecoli	False	True	False	False	diann231	AlphaPeptStats	mean	1.660964047443681
P17445	0.5772875128112185	-0.08361327720475131	0.2386078365353808	non_sig	betB		False	False	0.035956790123456796	False	Ecoli	False	True	False	False	diann231	AlphaPeptStats	mean	1.660964047443681
P0A6K6	0.5777311216007568	-0.010638256472702778	0.2382742369671084	non_sig	deoB		False	False	0.035982510288065844	False	Ecoli	False	True	False	False	diann231	AlphaPeptStats	mean	1.660964047443681
P64564	0.5791757967032598	0.04107547190942995	0.23718959525332273	non_sig	yggT		False	False	0.0360082304526749	False	Ecoli	False	True	False	False	diann231	AlphaPeptStats	mean	1.660964047443681
P10100	0.580668395240617	0.020152567941227773	0.23607181120816015	non_sig	rlpA		False	False	0.03603395061728395	False	Ecoli	False	True	False	False	diann231	AlphaPeptStats	mean	1.660964047443681
P77717	0.58078248122824	0.027342959462682614	0.2359864922057807	non_sig	ybaY		False	False	0.03605967078189301	False	Ecoli	False	True	False	False	diann231	AlphaPeptStats	mean	1.660964047443681
P0AC98	0.5809747637272521	-0.05997495698612809	0.2358427320021536	non_sig	yaaH		False	False	0.03608539094650206	False	Ecoli	False	True	False	False	diann231	AlphaPeptStats	mean	1.660964047443681
P08997	0.5817750908938892	0.054910544103396575	0.23524487731191845	non_sig	aceB		False	False	0.036111111111111115	False	Ecoli	False	True	False	False	diann231	AlphaPeptStats	mean	1.660964047443681
P77808	0.5819681875962621	0.012913826961433728	0.23510075474702993	non_sig	yfaY		False	False	0.03613683127572016	False	Ecoli	False	True	False	False	diann231	AlphaPeptStats	mean	1.660964047443681
P33232	0.5828346012015038	0.07936847547779635	0.2344546733316743	non_sig	lldD		False	False	0.03616255144032922	False	Ecoli	False	True	False	False	diann231	AlphaPeptStats	mean	1.660964047443681
P46122	0.5828372512650357	0.07745215586458087	0.23445269866278926	non_sig	yajI		False	False	0.036188271604938274	False	Ecoli	False	True	False	False	diann231	AlphaPeptStats	mean	1.660964047443681
P33927	0.5841466514724011	0.07724884018335842	0.23347810848725725	non_sig	ccmF		False	False	0.03621399176954733	False	Ecoli	False	True	False	False	diann231	AlphaPeptStats	mean	1.660964047443681
P0A731	0.5841858501492162	-0.02631006973141936	0.23344896649382396	non_sig	mgsA		False	False	0.03623971193415638	False	Ecoli	False	True	False	False	diann231	AlphaPeptStats	mean	1.660964047443681
P52614	0.5843811435179236	-0.040034550184650186	0.23330380608174459	non_sig	fliK		False	False	0.036265432098765434	False	Ecoli	False	True	False	False	diann231	AlphaPeptStats	mean	1.660964047443681
P0AFB1	0.5851163376815067	0.039722299250655624	0.23275777530260292	non_sig	nlpI		False	False	0.03629115226337448	False	Ecoli	False	True	False	False	diann231	AlphaPeptStats	mean	1.660964047443681
P0A725	0.5861644099638991	-0.09194215894154212	0.23198055407485438	non_sig	lpxC		False	False	0.036316872427983544	False	Ecoli	False	True	False	False	diann231	AlphaPeptStats	mean	1.660964047443681
P0AF98	0.5868363370536112	0.04758148038971299	0.2314830023725847	non_sig	lptF		False	False	0.03634259259259259	False	Ecoli	False	True	False	False	diann231	AlphaPeptStats	mean	1.660964047443681
P0A879	0.5873651589491367	-0.08724266413305415	0.23109181832547554	non_sig	trpB		False	False	0.03636831275720165	False	Ecoli	False	True	False	False	diann231	AlphaPeptStats	mean	1.660964047443681
P30014	0.587770141320394	-0.02703130715189417	0.23079247983053322	non_sig	rnt		False	False	0.0363940329218107	False	Ecoli	False	True	False	False	diann231	AlphaPeptStats	mean	1.660964047443681
P0A894	0.588070094687634	0.01922452121084106	0.23057090534948185	non_sig	yhbJ		False	False	0.03641975308641975	False	Ecoli	False	True	False	False	diann231	AlphaPeptStats	mean	1.660964047443681
P0A729	0.5894604106237152	-0.021593982200641904	0.22954535770209517	non_sig	yceF		False	False	0.03644547325102881	False	Ecoli	False	True	False	False	diann231	AlphaPeptStats	mean	1.660964047443681
P77499	0.5897841276997569	-0.04726081521724623	0.2293069193819923	non_sig	sufC		False	False	0.03647119341563786	False	Ecoli	False	True	False	False	diann231	AlphaPeptStats	mean	1.660964047443681
P0AG20	0.5897904737967888	-0.028873593889581883	0.22930224638391458	non_sig	relA		False	False	0.03649691358024691	False	Ecoli	False	True	False	False	diann231	AlphaPeptStats	mean	1.660964047443681
P0AFX9	0.5921907840316989	0.035166663250823404	0.22753835560143496	non_sig	rseB		False	False	0.03652263374485597	False	Ecoli	False	True	False	False	diann231	AlphaPeptStats	mean	1.660964047443681
P07001	0.5924521791136361	-0.021707281464937722	0.22734669879502814	non_sig	pntA		False	False	0.036548353909465016	False	Ecoli	False	True	False	False	diann231	AlphaPeptStats	mean	1.660964047443681
P69776	0.5929403897732678	0.028292476300492808	0.22698896547859299	non_sig	lpp		False	False	0.03657407407407408	False	Ecoli	False	True	False	False	diann231	AlphaPeptStats	mean	1.660964047443681
Q46871	0.5929839843886329	-0.013654427656724977	0.2269570361223629	non_sig	yqjH		False	False	0.036599794238683134	False	Ecoli	False	True	False	False	diann231	AlphaPeptStats	mean	1.660964047443681
P00936	0.5935956226896053	-0.09794319369373738	0.22650931030443255	non_sig	cyaA		False	False	0.03662551440329218	False	Ecoli	False	True	False	False	diann231	AlphaPeptStats	mean	1.660964047443681
P30744	0.5945457315610776	0.008356950628019888	0.22581473448386402	non_sig	sdaB		False	False	0.03665123456790124	False	Ecoli	False	True	False	False	diann231	AlphaPeptStats	mean	1.660964047443681
P0A843	0.5945924107916725	-0.031881480879885515	0.2257806383068847	non_sig	tatE		False	False	0.036676954732510286	False	Ecoli	False	True	False	False	diann231	AlphaPeptStats	mean	1.660964047443681
P0AB55	0.5979036335220097	0.03199222032792903	0.22336880731949907	non_sig	yciI		False	False	0.03670267489711935	False	Ecoli	False	True	False	False	diann231	AlphaPeptStats	mean	1.660964047443681
P0A9I1	0.5990458645151968	-0.008431197968977955	0.2225399256184822	non_sig	citE		False	False	0.0367283950617284	False	Ecoli	False	True	False	False	diann231	AlphaPeptStats	mean	1.660964047443681
P09030	0.5995608450172175	-0.013594108042951802	0.22216673697820738	non_sig	xthA		False	False	0.03675411522633745	False	Ecoli	False	True	False	False	diann231	AlphaPeptStats	mean	1.660964047443681
P08956	0.6012198291653119	0.017539180083144146	0.22096670414124958	non_sig	hsdR		False	False	0.0367798353909465	False	Ecoli	False	True	False	False	diann231	AlphaPeptStats	mean	1.660964047443681
P75949	0.6013312937360504	0.022383602857285467	0.2208861945525657	non_sig	nagZ		False	False	0.03680555555555556	False	Ecoli	False	True	False	False	diann231	AlphaPeptStats	mean	1.660964047443681
P0AB26	0.6021618062659229	-0.04894295109371427	0.22028679424668995	non_sig	yceB		False	False	0.03683127572016461	False	Ecoli	False	True	False	False	diann231	AlphaPeptStats	mean	1.660964047443681
P39321	0.6022411792269264	0.03406370684235327	0.22022955221152185	non_sig	tamB		False	False	0.03685699588477367	False	Ecoli	False	True	False	False	diann231	AlphaPeptStats	mean	1.660964047443681
P69910	0.6027570418108288	0.03437888516890908	0.21985770720231895	non_sig	gadB		False	False	0.036882716049382716	False	Ecoli	False	True	False	False	diann231	AlphaPeptStats	mean	1.660964047443681
P0A9J6	0.6034192446877701	0.016637789467360165	0.21938084310298336	non_sig	rbsK		False	False	0.03690843621399177	False	Ecoli	False	True	False	False	diann231	AlphaPeptStats	mean	1.660964047443681
P25736	0.6040510416062084	0.013960015601735876	0.2189263624527905	non_sig	endA		False	False	0.03693415637860082	False	Ecoli	False	True	False	False	diann231	AlphaPeptStats	mean	1.660964047443681
P0CE47;P0CE48	0.6054793468757962	-0.056425335182424874	0.21790066621349896	non_sig	tufA;tufB		False	False	0.03695987654320988	False		False	False	False	False	diann231	AlphaPeptStats	mean	1.660964047443681
P76335	0.6075427190923606	-0.06492131942209767	0.2164231794353166	non_sig	yedS		False	False	0.03698559670781893	False	Ecoli	False	True	False	False	diann231	AlphaPeptStats	mean	1.660964047443681
P0C037	0.607769926982937	0.05663838909570984	0.21626079301633136	non_sig	yaiE		False	False	0.037011316872427986	False	Ecoli	False	True	False	False	diann231	AlphaPeptStats	mean	1.660964047443681
P13656	0.6091415357439726	0.07497350818765725	0.2152817861012909	non_sig	chiA		False	False	0.037037037037037035	False	Ecoli	False	True	False	False	diann231	AlphaPeptStats	mean	1.660964047443681
P0AGD1	0.6110481981859772	-0.050741226371673775	0.21392453217865373	non_sig	sodC		False	False	0.03706275720164609	False	Ecoli	False	True	False	False	diann231	AlphaPeptStats	mean	1.660964047443681
P12994	0.6121866718837743	-0.1486410648961396	0.21311612980294473	non_sig	ybhB		False	False	0.037088477366255146	False	Ecoli	False	True	False	False	diann231	AlphaPeptStats	mean	1.660964047443681
P31475	0.6125181503935198	-0.04466610199111187	0.21288103757737545	non_sig	yieP		False	False	0.0371141975308642	False	Ecoli	False	True	False	False	diann231	AlphaPeptStats	mean	1.660964047443681
P0AF50	0.612534878534468	-0.025134592607120254	0.21286917696540972	non_sig	yjbR		False	False	0.03713991769547325	False	Ecoli	False	True	False	False	diann231	AlphaPeptStats	mean	1.660964047443681
P69411	0.6125767038007477	-0.009296563300662086	0.21283952336876044	non_sig	rcsF		False	False	0.037165637860082305	False	Ecoli	False	True	False	False	diann231	AlphaPeptStats	mean	1.660964047443681
P52647	0.613003972346794	0.01660428228553812	0.21253671118679998	non_sig	ydbK		False	False	0.037191358024691354	False	Ecoli	False	True	False	False	diann231	AlphaPeptStats	mean	1.660964047443681
P0AC41	0.6135132660203657	0.006784933925608527	0.2121760420695733	non_sig	sdhA		False	False	0.037217078189300416	False	Ecoli	False	True	False	False	diann231	AlphaPeptStats	mean	1.660964047443681
P0A6T9	0.6138105168033843	-0.017912958070496643	0.2119656747987077	non_sig	gcvH		False	False	0.037242798353909465	False	Ecoli	False	True	False	False	diann231	AlphaPeptStats	mean	1.660964047443681
P69503	0.614426022117896	-0.03102670143120534	0.21153039938459903	non_sig	apt		False	False	0.03726851851851852	False	Ecoli	False	True	False	False	diann231	AlphaPeptStats	mean	1.660964047443681
P39838	0.6149328387340731	-0.03718459250148243	0.2111723140781494	non_sig	rcsD		False	False	0.03729423868312757	False	Ecoli	False	True	False	False	diann231	AlphaPeptStats	mean	1.660964047443681
P64530	0.6158112591405556	-0.10617382646233509	0.2105523749685255	non_sig	rcnR		False	False	0.037319958847736624	False	Ecoli	False	True	False	False	diann231	AlphaPeptStats	mean	1.660964047443681
P37128	0.6158388487559755	0.038053380496524625	0.21053291811521968	non_sig	nudK		False	False	0.03734567901234569	False	Ecoli	False	True	False	False	diann231	AlphaPeptStats	mean	1.660964047443681
P65367	0.6162540148392931	-0.04017152942180857	0.21024023831614005	non_sig	yqcA		False	False	0.037371399176954735	False	Ecoli	False	True	False	False	diann231	AlphaPeptStats	mean	1.660964047443681
P0A6K3	0.6178241331347585	-0.02146885915855634	0.20913513151117158	non_sig	def		False	False	0.03739711934156379	False	Ecoli	False	True	False	False	diann231	AlphaPeptStats	mean	1.660964047443681
P0AD70	0.6179293494968569	0.03591866939519761	0.20906117681678	non_sig	ampH		False	False	0.03742283950617284	False	Ecoli	False	True	False	False	diann231	AlphaPeptStats	mean	1.660964047443681
P08245	0.6193859519204243	-0.03860038549116851	0.20803864895118537	non_sig	yciH		False	False	0.037448559670781895	False	Ecoli	False	True	False	False	diann231	AlphaPeptStats	mean	1.660964047443681
P08192	0.6222766338599864	0.0031808321995931976	0.2060165062245777	non_sig	folC		False	False	0.03747427983539095	False	Ecoli	False	True	False	False	diann231	AlphaPeptStats	mean	1.660964047443681
P08201	0.6240114726425234	-0.018392646343322383	0.20480742560677784	non_sig	nirB		False	False	0.037500000000000006	False	Ecoli	False	True	False	False	diann231	AlphaPeptStats	mean	1.660964047443681
P77737	0.6240671022151423	0.045450648957000794	0.20476871071026143	non_sig	oppF		False	False	0.037525720164609054	False	Ecoli	False	True	False	False	diann231	AlphaPeptStats	mean	1.660964047443681
P37692	0.6245153987599552	0.06370196825754348	0.20445684870053016	non_sig	rfaF		False	False	0.03755144032921811	False	Ecoli	False	True	False	False	diann231	AlphaPeptStats	mean	1.660964047443681
P05825	0.6252195208427394	-0.026155883212084063	0.20396747073293073	non_sig	fepA		False	False	0.03757716049382716	False	Ecoli	False	True	False	False	diann231	AlphaPeptStats	mean	1.660964047443681
P0A7B1	0.625284010102292	0.04318487351109468	0.2039226770495904	non_sig	ppk		False	False	0.03760288065843622	False	Ecoli	False	True	False	False	diann231	AlphaPeptStats	mean	1.660964047443681
P0AF28	0.6253667321534402	-0.020217782311902965	0.2038652257897239	non_sig	narL		False	False	0.03762860082304527	False	Ecoli	False	True	False	False	diann231	AlphaPeptStats	mean	1.660964047443681
P23305	0.6256375664154438	0.021856586954193347	0.20367718194771525	non_sig	yigA		False	False	0.037654320987654324	False	Ecoli	False	True	False	False	diann231	AlphaPeptStats	mean	1.660964047443681
P0AGG2	0.625681780879916	0.035444515331565896	0.20364649098462884	non_sig	tesB		False	False	0.03768004115226337	False	Ecoli	False	True	False	False	diann231	AlphaPeptStats	mean	1.660964047443681
P39831	0.626226169363582	-0.0116214278311908	0.20326878760903502	non_sig	ydfG		False	False	0.03770576131687243	False	Ecoli	False	True	False	False	diann231	AlphaPeptStats	mean	1.660964047443681
P33937	0.6263592929415633	0.0037194860439271338	0.20317647480917259	non_sig	napA		False	False	0.037731481481481484	False	Ecoli	False	True	False	False	diann231	AlphaPeptStats	mean	1.660964047443681
P75821	0.6266587194516171	0.018636968767367534	0.2029689130945907	non_sig	ybjS		False	False	0.03775720164609054	False	Ecoli	False	True	False	False	diann231	AlphaPeptStats	mean	1.660964047443681
P36767	0.6286583497982032	0.01668826990433203	0.20158531180187245	non_sig	rdgC		False	False	0.03778292181069959	False	Ecoli	False	True	False	False	diann231	AlphaPeptStats	mean	1.660964047443681
P0A9G8	0.6303051407933065	-0.019117035715076725	0.20044915073721076	non_sig	modE		False	False	0.03780864197530864	False	Ecoli	False	True	False	False	diann231	AlphaPeptStats	mean	1.660964047443681
P31064	0.6309327623404958	-0.18759716766757606	0.2000169204712322	non_sig	yedE		False	False	0.03783436213991769	False	Ecoli	False	True	False	False	diann231	AlphaPeptStats	mean	1.660964047443681
P0A6G7	0.6321666771287164	0.022755971774401473	0.19916840049349147	non_sig	clpP		False	False	0.037860082304526754	False	Ecoli	False	True	False	False	diann231	AlphaPeptStats	mean	1.660964047443681
P43671	0.6331256389665051	-0.0341616108180105	0.19851009899438116	non_sig	pqiB		False	False	0.0378858024691358	False	Ecoli	False	True	False	False	diann231	AlphaPeptStats	mean	1.660964047443681
P0A9E5	0.6335288693500671	0.028193084397365453	0.19823358991430823	non_sig	fnr		False	False	0.03791152263374486	False	Ecoli	False	True	False	False	diann231	AlphaPeptStats	mean	1.660964047443681
P76007	0.6337619331072065	0.030903246376663418	0.19807385024823923	non_sig	cvrA		False	False	0.03793724279835391	False	Ecoli	False	True	False	False	diann231	AlphaPeptStats	mean	1.660964047443681
P31550	0.6343184694762971	-0.03525529057712973	0.19769264304860015	non_sig	thiB		False	False	0.03796296296296296	False	Ecoli	False	True	False	False	diann231	AlphaPeptStats	mean	1.660964047443681
P0A870	0.634800955556278	-0.004710131611954438	0.1973624281797818	non_sig	talB		False	False	0.03798868312757202	False	Ecoli	False	True	False	False	diann231	AlphaPeptStats	mean	1.660964047443681
P77395	0.6358768916191859	0.01704017372271238	0.1966269574108309	non_sig	ybbN		False	False	0.03801440329218107	False	Ecoli	False	True	False	False	diann231	AlphaPeptStats	mean	1.660964047443681
P39829	0.6371499754679545	-0.03814798677392517	0.19575832927873213	non_sig	garD		False	False	0.03804012345679012	False	Ecoli	False	True	False	False	diann231	AlphaPeptStats	mean	1.660964047443681
P25437	0.6376019620616353	0.024300379661756466	0.19545035517651385	non_sig	frmA		False	False	0.03806584362139918	False	Ecoli	False	True	False	False	diann231	AlphaPeptStats	mean	1.660964047443681
P0ABV2	0.6388536729166578	-0.0216208095676258	0.19459860400455814	non_sig	exbD		False	False	0.038091563786008226	False	Ecoli	False	True	False	False	diann231	AlphaPeptStats	mean	1.660964047443681
P0A9D4	0.6399260445374554	-0.027050435572988363	0.19387021399293	non_sig	cysE		False	False	0.03811728395061729	False	Ecoli	False	True	False	False	diann231	AlphaPeptStats	mean	1.660964047443681
P0A8G0	0.6403343033007495	-0.10327085963779581	0.1935932319956407	non_sig	uvrC		False	False	0.038143004115226344	False	Ecoli	False	True	False	False	diann231	AlphaPeptStats	mean	1.660964047443681
P39401	0.6407918299230757	0.03738334920179298	0.19328303413034917	non_sig	mdoB		False	False	0.03816872427983539	False	Ecoli	False	True	False	False	diann231	AlphaPeptStats	mean	1.660964047443681
P0A7J3	0.6411463264563028	0.009059135212559966	0.1930428417444801	non_sig	rplJ		False	False	0.03819444444444445	False	Ecoli	False	True	False	False	diann231	AlphaPeptStats	mean	1.660964047443681
P0AG16	0.6414573404667397	0.05388074599878223	0.19283222068567898	non_sig	purF		False	False	0.038220164609053496	False	Ecoli	False	True	False	False	diann231	AlphaPeptStats	mean	1.660964047443681
P76346	0.642002090840183	0.03354995278055739	0.19246355754037509	non_sig	mtfA		False	False	0.03824588477366256	False	Ecoli	False	True	False	False	diann231	AlphaPeptStats	mean	1.660964047443681
P0AB91	0.6422002503683724	0.026776557568933157	0.19232952945531298	non_sig	aroG		False	False	0.03827160493827161	False	Ecoli	False	True	False	False	diann231	AlphaPeptStats	mean	1.660964047443681
P0ADR8	0.6424535779595797	0.015924189458129234	0.19215824786337715	non_sig	ygdH		False	False	0.03829732510288066	False	Ecoli	False	True	False	False	diann231	AlphaPeptStats	mean	1.660964047443681
P76578	0.6425179785149092	-0.038919917039226704	0.19211471568448396	non_sig	yfhM		False	False	0.03832304526748971	False	Ecoli	False	True	False	False	diann231	AlphaPeptStats	mean	1.660964047443681
P52119	0.6437310213564444	-0.014264997226483445	0.19129556174363815	non_sig	ratB		False	False	0.038348765432098766	False	Ecoli	False	True	False	False	diann231	AlphaPeptStats	mean	1.660964047443681
P37657	0.6440654744762695	0.02204608746453829	0.19106998084148308	non_sig	bcsE		False	False	0.03837448559670782	False	Ecoli	False	True	False	False	diann231	AlphaPeptStats	mean	1.660964047443681
P42616	0.6444532571086936	0.015035285094196382	0.19080857701646142	non_sig	yqjC		False	False	0.03840020576131688	False	Ecoli	False	True	False	False	diann231	AlphaPeptStats	mean	1.660964047443681
P27302	0.6458296773231418	-0.008480832574363717	0.18988200205416017	non_sig	tktA		False	False	0.038425925925925926	False	Ecoli	False	True	False	False	diann231	AlphaPeptStats	mean	1.660964047443681
P0AEN8	0.6476056550549307	0.028699699667416922	0.18868936753381485	non_sig	fucU		False	False	0.03845164609053498	False	Ecoli	False	True	False	False	diann231	AlphaPeptStats	mean	1.660964047443681
P67603	0.6476831914266552	-0.016073770031432844	0.18863737354263918	non_sig	yqfB		False	False	0.03847736625514403	False	Ecoli	False	True	False	False	diann231	AlphaPeptStats	mean	1.660964047443681
P75820	0.6479459874765497	-0.05211393101050277	0.18846119523829294	non_sig	amiD		False	False	0.03850308641975309	False	Ecoli	False	True	False	False	diann231	AlphaPeptStats	mean	1.660964047443681
P76053	0.6482529553092617	-0.06627162323521318	0.18825549465644492	non_sig	smrA		False	False	0.03852880658436214	False	Ecoli	False	True	False	False	diann231	AlphaPeptStats	mean	1.660964047443681
P0AEV7	0.6485701764948393	0.09167007571223706	0.188043025569785	non_sig	hycH		False	False	0.038554526748971196	False	Ecoli	False	True	False	False	diann231	AlphaPeptStats	mean	1.660964047443681
P00914	0.6492397829964677	-0.02419715356268881	0.18759487608166966	non_sig	phrB		False	False	0.038580246913580245	False	Ecoli	False	True	False	False	diann231	AlphaPeptStats	mean	1.660964047443681
P76372	0.6501676249230008	0.024982771008208005	0.18697465998192941	non_sig	wzzB		False	False	0.0386059670781893	False	Ecoli	False	True	False	False	diann231	AlphaPeptStats	mean	1.660964047443681
P0A786	0.650807962450928	-0.01926557199406176	0.18654714223280291	non_sig	pyrB		False	False	0.038631687242798356	False	Ecoli	False	True	False	False	diann231	AlphaPeptStats	mean	1.660964047443681
P0ADY1	0.6510819825342926	-0.0043919689730458344	0.18636432276737622	non_sig	ppiD		False	False	0.03865740740740741	False	Ecoli	False	True	False	False	diann231	AlphaPeptStats	mean	1.660964047443681
P0A7U7	0.6519055562884217	-0.017692783230042863	0.18581531738730506	non_sig	rpsT		False	False	0.03868312757201646	False	Ecoli	False	True	False	False	diann231	AlphaPeptStats	mean	1.660964047443681
P0A8W8	0.652460283954919	0.012221783608925563	0.1854459192144758	non_sig	yfbU		False	False	0.038708847736625515	False	Ecoli	False	True	False	False	diann231	AlphaPeptStats	mean	1.660964047443681
P69908	0.6544762869326609	-0.005989317754814039	0.18410608424058914	non_sig	gadA		False	False	0.038734567901234564	False	Ecoli	False	True	False	False	diann231	AlphaPeptStats	mean	1.660964047443681
P0A7C6	0.6570191444727401	0.007994874437748933	0.1824219756187038	non_sig	pepE		False	False	0.038760288065843626	False	Ecoli	False	True	False	False	diann231	AlphaPeptStats	mean	1.660964047443681
P67095	0.6577633898383051	-0.021045873485551425	0.1819303023852456	non_sig	yfcE		False	False	0.038786008230452675	False	Ecoli	False	True	False	False	diann231	AlphaPeptStats	mean	1.660964047443681
P77721	0.6579161838240948	-0.058331052559470464	0.1818294304305187	non_sig	ydjF		False	False	0.03881172839506173	False	Ecoli	False	True	False	False	diann231	AlphaPeptStats	mean	1.660964047443681
P67087	0.6580090768429729	0.02705115451121287	0.18176811551123115	non_sig	rsmI		False	False	0.03883744855967078	False	Ecoli	False	True	False	False	diann231	AlphaPeptStats	mean	1.660964047443681
P36566	0.658819813148033	0.04513435058474613	0.18123334846483583	non_sig	smtA		False	False	0.038863168724279834	False	Ecoli	False	True	False	False	diann231	AlphaPeptStats	mean	1.660964047443681
P68398	0.6588897262263271	-0.08449697501679054	0.18118726415985473	non_sig	tadA		False	False	0.038888888888888896	False	Ecoli	False	True	False	False	diann231	AlphaPeptStats	mean	1.660964047443681
P76440	0.6590782894507492	-0.07163571486566056	0.18106299412076265	non_sig	preT		False	False	0.038914609053497945	False	Ecoli	False	True	False	False	diann231	AlphaPeptStats	mean	1.660964047443681
P0AGG0	0.6592598116520443	0.0459196021903594	0.1809433979552606	non_sig	thiL		False	False	0.038940329218107	False	Ecoli	False	True	False	False	diann231	AlphaPeptStats	mean	1.660964047443681
P17846	0.6595131397490208	0.010454883488240085	0.18077654740549112	non_sig	cysI		False	False	0.03896604938271605	False	Ecoli	False	True	False	False	diann231	AlphaPeptStats	mean	1.660964047443681
P77562	0.6603909087378617	-0.024887334117316584	0.18019891407695612	non_sig	yaiW		False	False	0.038991769547325104	False	Ecoli	False	True	False	False	diann231	AlphaPeptStats	mean	1.660964047443681
P0A6J1	0.6621076048509493	-0.018158362030845865	0.17907142386035968	non_sig	cysC		False	False	0.03901748971193416	False	Ecoli	False	True	False	False	diann231	AlphaPeptStats	mean	1.660964047443681
P0A6F1	0.6622610178741044	-0.014923287302309518	0.1789708077198636	non_sig	carA		False	False	0.039043209876543215	False	Ecoli	False	True	False	False	diann231	AlphaPeptStats	mean	1.660964047443681
Q46835	0.664656880059072	0.034203083539722456	0.1774024953793804	non_sig	yghG		False	False	0.039068930041152264	False	Ecoli	False	True	False	False	diann231	AlphaPeptStats	mean	1.660964047443681
P63177	0.6659224737070495	0.022444958082154187	0.17657632818860458	non_sig	rlmB		False	False	0.03909465020576132	False	Ecoli	False	True	False	False	diann231	AlphaPeptStats	mean	1.660964047443681
P0A6D3	0.6659712971631496	0.013412007012128413	0.17654448817546692	non_sig	aroA		False	False	0.03912037037037037	False	Ecoli	False	True	False	False	diann231	AlphaPeptStats	mean	1.660964047443681
P77739	0.6662062334355705	-0.03629287672408665	0.17639130809935016	non_sig	yniA		False	False	0.03914609053497943	False	Ecoli	False	True	False	False	diann231	AlphaPeptStats	mean	1.660964047443681
P75809	0.6665743286191729	0.04673568641523573	0.17615141607860835	non_sig	ybjI		False	False	0.03917181069958848	False	Ecoli	False	True	False	False	diann231	AlphaPeptStats	mean	1.660964047443681
P0AC02	0.6668581219591103	0.019697434971433836	0.17596655499570432	non_sig	bamD		False	False	0.039197530864197534	False	Ecoli	False	True	False	False	diann231	AlphaPeptStats	mean	1.660964047443681
P52126	0.6677077866679115	-0.11067174991332251	0.1754135590859903	non_sig	yfjK		False	False	0.03922325102880658	False	Ecoli	False	True	False	False	diann231	AlphaPeptStats	mean	1.660964047443681
P0ABQ0	0.6681984037582759	-0.04061567672937372	0.17509456617139932	non_sig	coaBC		False	False	0.03924897119341564	False	Ecoli	False	True	False	False	diann231	AlphaPeptStats	mean	1.660964047443681
P37659	0.6685709401123382	-0.040924318038292995	0.17485250423631987	non_sig	bcsG		False	False	0.039274691358024694	False	Ecoli	False	True	False	False	diann231	AlphaPeptStats	mean	1.660964047443681
P0ACE3	0.6686223892959198	0.026934432452478063	0.1748190848405638	non_sig	hha		False	False	0.03930041152263375	False	Ecoli	False	True	False	False	diann231	AlphaPeptStats	mean	1.660964047443681
P02931	0.6702386257697125	-0.022595375747503255	0.17377054744185935	non_sig	ompF		False	False	0.0393261316872428	False	Ecoli	False	True	False	False	diann231	AlphaPeptStats	mean	1.660964047443681
P0AG27	0.6715211026008828	-0.010461389349437411	0.17294033504423928	non_sig	yibN		False	False	0.03935185185185185	False	Ecoli	False	True	False	False	diann231	AlphaPeptStats	mean	1.660964047443681
P64545	0.6717694273068906	-0.09402279418393888	0.17277976508805062	non_sig	yfgG		False	False	0.0393775720164609	False	Ecoli	False	True	False	False	diann231	AlphaPeptStats	mean	1.660964047443681
P0A6K1	0.6737226690053579	-0.10099301311517195	0.17151883952826916	non_sig	dapF		False	False	0.039403292181069964	False	Ecoli	False	True	False	False	diann231	AlphaPeptStats	mean	1.660964047443681
P60955	0.673813247949343	0.13030448691490903	0.1714604545381347	non_sig	lgt		False	False	0.03942901234567901	False	Ecoli	False	True	False	False	diann231	AlphaPeptStats	mean	1.660964047443681
P29012	0.6740293342958479	0.03160694577603351	0.17132120221009298	non_sig	dadX		False	False	0.03945473251028807	False	Ecoli	False	True	False	False	diann231	AlphaPeptStats	mean	1.660964047443681
P21889	0.6754805710697722	-0.0073704465693573695	0.17038713812756998	non_sig	aspS		False	False	0.03948045267489712	False	Ecoli	False	True	False	False	diann231	AlphaPeptStats	mean	1.660964047443681
P0AB98	0.6762377417576415	0.15634576448151805	0.16990059432199578	non_sig	atpB		False	False	0.03950617283950618	False	Ecoli	False	True	False	False	diann231	AlphaPeptStats	mean	1.660964047443681
P05459	0.6771436817497012	-0.022909958474926384	0.16931916946804343	non_sig	pdxB		False	False	0.03953189300411523	False	Ecoli	False	True	False	False	diann231	AlphaPeptStats	mean	1.660964047443681
P60664	0.6772005033518507	0.02892377025867887	0.1692827277591302	non_sig	hisF		False	False	0.03955761316872428	False	Ecoli	False	True	False	False	diann231	AlphaPeptStats	mean	1.660964047443681
P0AAN3	0.6778531151198729	0.011506529823858358	0.168864403778843	non_sig	hypB		False	False	0.03958333333333333	False	Ecoli	False	True	False	False	diann231	AlphaPeptStats	mean	1.660964047443681
P46853	0.6779783433533599	-0.015475641818518682	0.1687841785700286	non_sig	yhhX		False	False	0.03960905349794239	False	Ecoli	False	True	False	False	diann231	AlphaPeptStats	mean	1.660964047443681
P0A9G2	0.6800274555218229	-0.04382414837771975	0.16747355267476954	non_sig	nhaR		False	False	0.03963477366255145	False	Ecoli	False	True	False	False	diann231	AlphaPeptStats	mean	1.660964047443681
P0A6I3	0.6820546076318685	-0.02367644693565296	0.16618085284530834	non_sig	coaA		False	False	0.0396604938271605	False	Ecoli	False	True	False	False	diann231	AlphaPeptStats	mean	1.660964047443681
P69741	0.6831515492212947	0.015485459028798942	0.16548294245369666	non_sig	hybO		False	False	0.03968621399176955	False	Ecoli	False	True	False	False	diann231	AlphaPeptStats	mean	1.660964047443681
P16528	0.6831974507436092	0.021257006043921223	0.1654537628255634	non_sig	iclR		False	False	0.0397119341563786	False	Ecoli	False	True	False	False	diann231	AlphaPeptStats	mean	1.660964047443681
P0AGE6	0.68329094255156	-0.01160961942097316	0.16539433608391121	non_sig	yieF		False	False	0.03973765432098766	False	Ecoli	False	True	False	False	diann231	AlphaPeptStats	mean	1.660964047443681
P76206	0.6833685274549579	-0.05347187893852379	0.16534502651382385	non_sig	ydiY		False	False	0.03976337448559671	False	Ecoli	False	True	False	False	diann231	AlphaPeptStats	mean	1.660964047443681
P00805	0.6837103166489743	-0.013374196783683345	0.16512786688960984	non_sig	ansB		False	False	0.03978909465020577	False	Ecoli	False	True	False	False	diann231	AlphaPeptStats	mean	1.660964047443681
P39280	0.6839869095324927	0.024764010063286435	0.16495220993515544	non_sig	epmB		False	False	0.03981481481481482	False	Ecoli	False	True	False	False	diann231	AlphaPeptStats	mean	1.660964047443681
P0AA53	0.6843221438830196	0.030979691023656386	0.1647394065028785	non_sig	qmcA		False	False	0.03984053497942387	False	Ecoli	False	True	False	False	diann231	AlphaPeptStats	mean	1.660964047443681
P16431	0.6847387264177446	0.018743194118702178	0.16447510926731107	non_sig	hycE		False	False	0.03986625514403292	False	Ecoli	False	True	False	False	diann231	AlphaPeptStats	mean	1.660964047443681
P0AE06	0.6871519376690105	0.00813978923650538	0.16294722451892635	non_sig	acrA		False	False	0.03989197530864198	False	Ecoli	False	True	False	False	diann231	AlphaPeptStats	mean	1.660964047443681
P64624	0.6872818223555366	-0.03799454176693118	0.16286514242162844	non_sig	yheO		False	False	0.03991769547325103	False	Ecoli	False	True	False	False	diann231	AlphaPeptStats	mean	1.660964047443681
P22523	0.6883926872598928	-0.007614033562695965	0.16216375179529763	non_sig	mukB		False	False	0.03994341563786009	False	Ecoli	False	True	False	False	diann231	AlphaPeptStats	mean	1.660964047443681
P37330	0.6885477427629836	-0.019577171652088055	0.16206594110109848	non_sig	glcB		False	False	0.039969135802469136	False	Ecoli	False	True	False	False	diann231	AlphaPeptStats	mean	1.660964047443681
P0AES6	0.6890516605294632	-0.004043788446310259	0.16174821634809247	non_sig	gyrB		False	False	0.03999485596707819	False	Ecoli	False	True	False	False	diann231	AlphaPeptStats	mean	1.660964047443681
P24255	0.6900008685776848	-0.04815346941973431	0.16115036256961685	non_sig	rpoN		False	False	0.04002057613168725	False	Ecoli	False	True	False	False	diann231	AlphaPeptStats	mean	1.660964047443681
P21507	0.6905024521803813	0.009632860712642355	0.16083477477323227	non_sig	srmB		False	False	0.0400462962962963	False	Ecoli	False	True	False	False	diann231	AlphaPeptStats	mean	1.660964047443681
P24203	0.6906260003618424	-0.06158331629445968	0.16075707556502017	non_sig	yjiA		False	False	0.04007201646090535	False	Ecoli	False	True	False	False	diann231	AlphaPeptStats	mean	1.660964047443681
P07862	0.6907868889091289	-0.008184553985227438	0.1606559139077828	non_sig	ddlB		False	False	0.040097736625514406	False	Ecoli	False	True	False	False	diann231	AlphaPeptStats	mean	1.660964047443681
P24554	0.6914616269958129	0.022573887026421602	0.160231916272509	non_sig	radA		False	False	0.040123456790123455	False	Ecoli	False	True	False	False	diann231	AlphaPeptStats	mean	1.660964047443681
P75931	0.6915768120678301	-0.06434286858671712	0.16015957664711983	non_sig	yceM		False	False	0.04014917695473252	False	Ecoli	False	True	False	False	diann231	AlphaPeptStats	mean	1.660964047443681
P08191	0.6939581968183766	0.015483993594244794	0.15866669011849976	non_sig	fimH		False	False	0.040174897119341565	False	Ecoli	False	True	False	False	diann231	AlphaPeptStats	mean	1.660964047443681
P15977	0.6955350407158	-0.05089288716633078	0.1576809855767946	non_sig	malQ		False	False	0.04020061728395062	False	Ecoli	False	True	False	False	diann231	AlphaPeptStats	mean	1.660964047443681
P0A8X0	0.6958469544196669	0.008161298509321568	0.15748626923985445	non_sig	yjgA		False	False	0.04022633744855967	False	Ecoli	False	True	False	False	diann231	AlphaPeptStats	mean	1.660964047443681
P0AFM9	0.6987472122276833	0.10603463994969786	0.15567991179467822	non_sig	pspB		False	False	0.040252057613168725	False	Ecoli	False	True	False	False	diann231	AlphaPeptStats	mean	1.660964047443681
P27832	0.6990910479452893	-0.05123707140050371	0.15546625909664621	non_sig	wecD		False	False	0.04027777777777778	False	Ecoli	False	True	False	False	diann231	AlphaPeptStats	mean	1.660964047443681
P0AA31	0.7009846695439892	0.01599870164680084	0.15429147990103628	non_sig	yedF		False	False	0.040303497942386836	False	Ecoli	False	True	False	False	diann231	AlphaPeptStats	mean	1.660964047443681
P0A790	0.7010140110799747	0.016554496146909514	0.15427330175672405	non_sig	panD		False	False	0.040329218106995884	False	Ecoli	False	True	False	False	diann231	AlphaPeptStats	mean	1.660964047443681
P0A6T1	0.7012819125083061	0.006019935261260656	0.15410736229776012	non_sig	pgi		False	False	0.04035493827160494	False	Ecoli	False	True	False	False	diann231	AlphaPeptStats	mean	1.660964047443681
P39408	0.7025564796408614	-0.07889186823752681	0.15331875639030604	non_sig	yjjV		False	False	0.04038065843621399	False	Ecoli	False	True	False	False	diann231	AlphaPeptStats	mean	1.660964047443681
P64559	0.7029609263786588	0.01986537409672451	0.15306881428280167	non_sig	cptB		False	False	0.04040637860082305	False	Ecoli	False	True	False	False	diann231	AlphaPeptStats	mean	1.660964047443681
P06968	0.7034189955991091	-0.007579354660126825	0.15278590788077293	non_sig	dut		False	False	0.040432098765432106	False	Ecoli	False	True	False	False	diann231	AlphaPeptStats	mean	1.660964047443681
P19934	0.7034586348598334	0.029100077303638727	0.15276143508821283	non_sig	tolA		False	False	0.040457818930041155	False	Ecoli	False	True	False	False	diann231	AlphaPeptStats	mean	1.660964047443681
P69931	0.7035676617880894	-0.018856266276895184	0.15269413031426796	non_sig	hda		False	False	0.04048353909465021	False	Ecoli	False	True	False	False	diann231	AlphaPeptStats	mean	1.660964047443681
P0AGK8	0.7070385153324803	0.031016530624736305	0.1505569277296041	non_sig	iscR		False	False	0.04050925925925926	False	Ecoli	False	True	False	False	diann231	AlphaPeptStats	mean	1.660964047443681
P0AB46	0.7070691655581883	-0.017559761099715132	0.15053810140672072	non_sig	ymgD		False	False	0.04053497942386832	False	Ecoli	False	True	False	False	diann231	AlphaPeptStats	mean	1.660964047443681
P0A912	0.7077538119085102	-0.003952295833222763	0.1501177828793224	non_sig	pal		False	False	0.04056069958847737	False	Ecoli	False	True	False	False	diann231	AlphaPeptStats	mean	1.660964047443681
P0A8D6	0.7089985193268435	-0.026791497437574918	0.14935467179697975	non_sig	ymdB		False	False	0.040586419753086425	False	Ecoli	False	True	False	False	diann231	AlphaPeptStats	mean	1.660964047443681
P0ADL3	0.7119872083027246	-0.07180031403512643	0.14752780891011688	non_sig	yicN		False	False	0.040612139917695474	False	Ecoli	False	True	False	False	diann231	AlphaPeptStats	mean	1.660964047443681
P0A6W3	0.7120518825963288	-0.03787443826347925	0.1474883609918229	non_sig	mraY		False	False	0.04063786008230453	False	Ecoli	False	True	False	False	diann231	AlphaPeptStats	mean	1.660964047443681
P0A9R4	0.7124098775023184	-0.016424960321884896	0.14727006771102136	non_sig	fdx		False	False	0.040663580246913585	False	Ecoli	False	True	False	False	diann231	AlphaPeptStats	mean	1.660964047443681
P0A6B7	0.7127064695973827	-0.010804230140831095	0.14708929887430935	non_sig	iscS		False	False	0.04068930041152264	False	Ecoli	False	True	False	False	diann231	AlphaPeptStats	mean	1.660964047443681
P0A996	0.7131048869870371	-0.013917237220578471	0.14684658727361175	non_sig	glpC		False	False	0.04071502057613169	False	Ecoli	False	True	False	False	diann231	AlphaPeptStats	mean	1.660964047443681
P21888	0.715691011707567	0.003474305723134563	0.1452744370131327	non_sig	cysS		False	False	0.040740740740740744	False	Ecoli	False	True	False	False	diann231	AlphaPeptStats	mean	1.660964047443681
P0ACT6	0.7167191457773792	-0.13582702404883662	0.14465099403135523	non_sig	uidR		False	False	0.04076646090534979	False	Ecoli	False	True	False	False	diann231	AlphaPeptStats	mean	1.660964047443681
P77774	0.7171292818681023	0.013586199457265025	0.14440254399653427	non_sig	bamB		False	False	0.040792181069958855	False	Ecoli	False	True	False	False	diann231	AlphaPeptStats	mean	1.660964047443681
P39396	0.718442682222463	0.026111920699960933	0.14360787441556447	non_sig	yjiY		False	False	0.040817901234567903	False	Ecoli	False	True	False	False	diann231	AlphaPeptStats	mean	1.660964047443681
P0ABU5	0.7232375738055438	-0.013540441528309799	0.14071901937931414	non_sig	elbB		False	False	0.04084362139917696	False	Ecoli	False	True	False	False	diann231	AlphaPeptStats	mean	1.660964047443681
P0A7P5	0.7240796791319613	0.026147113448850234	0.14021364056624158	non_sig	rpmH		False	False	0.04086934156378601	False	Ecoli	False	True	False	False	diann231	AlphaPeptStats	mean	1.660964047443681
P00892	0.7247632012018685	-0.05613958010096809	0.1398038654425587	non_sig	ilvG		False	False	0.04089506172839506	False	Ecoli	False	True	False	False	diann231	AlphaPeptStats	mean	1.660964047443681
P32703	0.7268455097923987	0.021379242735939386	0.13855788814311878	non_sig	yjcE		False	False	0.04092078189300412	False	Ecoli	False	True	False	False	diann231	AlphaPeptStats	mean	1.660964047443681
P0AE74	0.7269266097246737	0.08840902333994904	0.13850943315814082	non_sig	citT		False	False	0.040946502057613174	False	Ecoli	False	True	False	False	diann231	AlphaPeptStats	mean	1.660964047443681
P07024	0.72747254834156	0.007138688861306974	0.13818339042277122	non_sig	ushA		False	False	0.04097222222222222	False	Ecoli	False	True	False	False	diann231	AlphaPeptStats	mean	1.660964047443681
P00959	0.7276096574149751	0.0062085772983060394	0.13810154526798385	non_sig	metG		False	False	0.04099794238683128	False	Ecoli	False	True	False	False	diann231	AlphaPeptStats	mean	1.660964047443681
P52060	0.7278375215094228	-0.03991988301524785	0.13796555940592845	non_sig	yggU		False	False	0.041023662551440326	False	Ecoli	False	True	False	False	diann231	AlphaPeptStats	mean	1.660964047443681
P17854	0.7286287202150208	0.012404636504605548	0.1374937142565022	non_sig	cysH		False	False	0.04104938271604939	False	Ecoli	False	True	False	False	diann231	AlphaPeptStats	mean	1.660964047443681
P75694	0.7286561484645706	-0.02391132540960683	0.1374773661317324	non_sig	yahO		False	False	0.04107510288065844	False	Ecoli	False	True	False	False	diann231	AlphaPeptStats	mean	1.660964047443681
P0A722	0.7294137006423533	0.013390536586957325	0.13702608355378196	non_sig	lpxA		False	False	0.04110082304526749	False	Ecoli	False	True	False	False	diann231	AlphaPeptStats	mean	1.660964047443681
P64612	0.7303669953531182	-0.027839311451689497	0.1364588604188253	non_sig	yhcM		False	False	0.04112654320987654	False	Ecoli	False	True	False	False	diann231	AlphaPeptStats	mean	1.660964047443681
P0A7E5	0.7319803401721692	0.007710729880514577	0.13550058324406947	non_sig	pyrG		False	False	0.0411522633744856	False	Ecoli	False	True	False	False	diann231	AlphaPeptStats	mean	1.660964047443681
P28249	0.7320953341834064	-0.03512529464325098	0.1354323609991272	non_sig	asmA		False	False	0.04117798353909466	False	Ecoli	False	True	False	False	diann231	AlphaPeptStats	mean	1.660964047443681
P28904	0.7322416161541314	0.01157159513191175	0.13534559209954508	non_sig	treC		False	False	0.04120370370370371	False	Ecoli	False	True	False	False	diann231	AlphaPeptStats	mean	1.660964047443681
P77182	0.7348574014903559	0.029391020998374984	0.13379692724803233	non_sig	mnmC		False	False	0.04122942386831276	False	Ecoli	False	True	False	False	diann231	AlphaPeptStats	mean	1.660964047443681
P0A9M5	0.7348724681466345	0.01195588901191158	0.13378802307343818	non_sig	gpt		False	False	0.04125514403292181	False	Ecoli	False	True	False	False	diann231	AlphaPeptStats	mean	1.660964047443681
P23917	0.7355539606431911	-0.03314194623606426	0.13338546168565354	non_sig	mak		False	False	0.04128086419753087	False	Ecoli	False	True	False	False	diann231	AlphaPeptStats	mean	1.660964047443681
P75946	0.7364491830629843	0.07415678171844675	0.13285721525277325	non_sig	ycfL		False	False	0.04130658436213992	False	Ecoli	False	True	False	False	diann231	AlphaPeptStats	mean	1.660964047443681
P0ACG1	0.7366951443814673	0.003756983594669805	0.13271219260647665	non_sig	stpA		False	False	0.04133230452674898	False	Ecoli	False	True	False	False	diann231	AlphaPeptStats	mean	1.660964047443681
P28903	0.7369660808686568	-0.007435076853720801	0.13255250024212278	non_sig	nrdD		False	False	0.04135802469135803	False	Ecoli	False	True	False	False	diann231	AlphaPeptStats	mean	1.660964047443681
P76034	0.7373319814719057	0.006220572215720921	0.13233692834355223	non_sig	yciT		False	False	0.04138374485596708	False	Ecoli	False	True	False	False	diann231	AlphaPeptStats	mean	1.660964047443681
P64636	0.7383504117893167	0.03123622959146033	0.13173747857130308	non_sig	yrfG		False	False	0.04140946502057613	False	Ecoli	False	True	False	False	diann231	AlphaPeptStats	mean	1.660964047443681
P75884	0.7385622111154766	-0.011470699710223187	0.13161291699897157	non_sig	gfcB		False	False	0.04143518518518519	False	Ecoli	False	True	False	False	diann231	AlphaPeptStats	mean	1.660964047443681
P0A6P7	0.7387863076988428	0.009533679512969684	0.1314811621570012	non_sig	engB		False	False	0.04146090534979424	False	Ecoli	False	True	False	False	diann231	AlphaPeptStats	mean	1.660964047443681
P17109	0.7408062539493697	-0.026685014952658292	0.13029535995971178	non_sig	menD		False	False	0.0414866255144033	False	Ecoli	False	True	False	False	diann231	AlphaPeptStats	mean	1.660964047443681
P0ADP0	0.7413126322391411	-0.02441489116602824	0.1299985992779477	non_sig	yigB		False	False	0.041512345679012345	False	Ecoli	False	True	False	False	diann231	AlphaPeptStats	mean	1.660964047443681
P29745	0.7435638146732109	-0.00894440784059114	0.12868175320639155	non_sig	pepT		False	False	0.0415380658436214	False	Ecoli	False	True	False	False	diann231	AlphaPeptStats	mean	1.660964047443681
P27838	0.7457534100417926	0.05403152665061839	0.12740475210073354	non_sig	cyaY		False	False	0.041563786008230456	False	Ecoli	False	True	False	False	diann231	AlphaPeptStats	mean	1.660964047443681
P76537	0.7457980726503	0.04017745709932541	0.12737874331102295	non_sig	yfeY		False	False	0.04158950617283951	False	Ecoli	False	True	False	False	diann231	AlphaPeptStats	mean	1.660964047443681
P0ABJ1	0.7460753553276042	-0.014573687780181643	0.12721730556998018	non_sig	cyoA		False	False	0.04161522633744856	False	Ecoli	False	True	False	False	diann231	AlphaPeptStats	mean	1.660964047443681
P0AC38	0.7463165645236641	-0.012261410023118202	0.1270769190905951	non_sig	aspA		False	False	0.041640946502057616	False	Ecoli	False	True	False	False	diann231	AlphaPeptStats	mean	1.660964047443681
P09551	0.746356582271318	-0.04996799482141867	0.1270536326972869	non_sig	argT		False	False	0.041666666666666664	False	Ecoli	False	True	False	False	diann231	AlphaPeptStats	mean	1.660964047443681
P23890	0.7465646422149661	0.03954023955852648	0.12693258239063382	non_sig	cadC		False	False	0.04169238683127573	False	Ecoli	False	True	False	False	diann231	AlphaPeptStats	mean	1.660964047443681
P0AAQ2	0.7469847380914117	0.02068139109620759	0.12668827131765864	non_sig	yajD		False	False	0.041718106995884775	False	Ecoli	False	True	False	False	diann231	AlphaPeptStats	mean	1.660964047443681
P0ADG4	0.7472450953396081	-0.009600721072398954	0.1265369268392796	non_sig	suhB		False	False	0.04174382716049383	False	Ecoli	False	True	False	False	diann231	AlphaPeptStats	mean	1.660964047443681
P0A6T3	0.7475221714680043	-0.007300155315959955	0.1263759216611762	non_sig	galK		False	False	0.04176954732510288	False	Ecoli	False	True	False	False	diann231	AlphaPeptStats	mean	1.660964047443681
P09348	0.7475785898293809	0.04137524686828442	0.12634314503010252	non_sig	motA		False	False	0.041795267489711935	False	Ecoli	False	True	False	False	diann231	AlphaPeptStats	mean	1.660964047443681
P77748	0.7482372006603999	-0.023500349036925883	0.12596070346218255	non_sig	ydiJ		False	False	0.04182098765432099	False	Ecoli	False	True	False	False	diann231	AlphaPeptStats	mean	1.660964047443681
P77488	0.7495869430381734	0.016626214449750876	0.12517798697601304	non_sig	dxs		False	False	0.041846707818930046	False	Ecoli	False	True	False	False	diann231	AlphaPeptStats	mean	1.660964047443681
P77460	0.7503016729853602	-0.04613829868756625	0.12476408518051581	non_sig	ybcY		False	False	0.041872427983539094	False	Ecoli	False	True	False	False	diann231	AlphaPeptStats	mean	1.660964047443681
P0A9I8	0.7503364422516623	-0.033803402943402006	0.12474396027452522	non_sig	nirD		False	False	0.04189814814814815	False	Ecoli	False	True	False	False	diann231	AlphaPeptStats	mean	1.660964047443681
P0A8I5	0.7507996801150905	-0.018698335620570106	0.12447592108569483	non_sig	trmB		False	False	0.041923868312757205	False	Ecoli	False	True	False	False	diann231	AlphaPeptStats	mean	1.660964047443681
P06999	0.7537421768592634	0.020936604081366994	0.12277718240003069	non_sig	pfkB		False	False	0.04194958847736626	False	Ecoli	False	True	False	False	diann231	AlphaPeptStats	mean	1.660964047443681
P32144	0.7544927110174044	-0.022021441618079507	0.12234495148840564	non_sig	yihW		False	False	0.041975308641975316	False	Ecoli	False	True	False	False	diann231	AlphaPeptStats	mean	1.660964047443681
P0ACQ4	0.75457485063227	0.014195747481824839	0.12229767357663605	non_sig	oxyR		False	False	0.042001028806584365	False	Ecoli	False	True	False	False	diann231	AlphaPeptStats	mean	1.660964047443681
P0ACB4	0.7553546523391017	0.0228084228061185	0.1218490915631067	non_sig	hemG		False	False	0.04202674897119342	False	Ecoli	False	True	False	False	diann231	AlphaPeptStats	mean	1.660964047443681
P0AC81	0.7558653481929429	0.03123926927196763	0.12155556395015957	non_sig	gloA		False	False	0.04205246913580247	False	Ecoli	False	True	False	False	diann231	AlphaPeptStats	mean	1.660964047443681
P69330	0.7559701189850845	-0.018676796879304902	0.12149537039345	non_sig	citD		False	False	0.04207818930041153	False	Ecoli	False	True	False	False	diann231	AlphaPeptStats	mean	1.660964047443681
P0A752	0.7569143361594459	0.026500827349195788	0.12095326903152165	non_sig	nadD		False	False	0.04210390946502058	False	Ecoli	False	True	False	False	diann231	AlphaPeptStats	mean	1.660964047443681
P0A9S1	0.7582074120755745	-0.03717783252028539	0.12021197431767287	non_sig	fucO		False	False	0.042129629629629635	False	Ecoli	False	True	False	False	diann231	AlphaPeptStats	mean	1.660964047443681
P62707	0.7582648707813577	-0.013587240954336721	0.12017906372754475	non_sig	gpmA		False	False	0.04215534979423868	False	Ecoli	False	True	False	False	diann231	AlphaPeptStats	mean	1.660964047443681
P0ACV8	0.7610617994729743	0.023655839359335573	0.11858007636953845	non_sig	ymjA		False	False	0.04218106995884774	False	Ecoli	False	True	False	False	diann231	AlphaPeptStats	mean	1.660964047443681
P23869	0.7612154431539595	-0.015408942804874926	0.11849240954881843	non_sig	ppiB		False	False	0.042206790123456794	False	Ecoli	False	True	False	False	diann231	AlphaPeptStats	mean	1.660964047443681
P0A805	0.7622461205527868	-0.00939052681607322	0.11790477729620577	non_sig	frr		False	False	0.04223251028806585	False	Ecoli	False	True	False	False	diann231	AlphaPeptStats	mean	1.660964047443681
P0ABS5	0.7623510910392821	0.021059039265509227	0.11784497382447828	non_sig	dnaG		False	False	0.0422582304526749	False	Ecoli	False	True	False	False	diann231	AlphaPeptStats	mean	1.660964047443681
P75691	0.7637378491627591	0.017386688920783655	0.1170556861877423	non_sig	yahK		False	False	0.042283950617283954	False	Ecoli	False	True	False	False	diann231	AlphaPeptStats	mean	1.660964047443681
P55135	0.7654025257952504	-0.055807190488579295	0.11611010895613703	non_sig	rlmD		False	False	0.042309670781893	False	Ecoli	False	True	False	False	diann231	AlphaPeptStats	mean	1.660964047443681
P24193	0.76602804404127	0.027199475950904883	0.1157553306945114	non_sig	hypE		False	False	0.042335390946502065	False	Ecoli	False	True	False	False	diann231	AlphaPeptStats	mean	1.660964047443681
P0AFM6	0.7675373402255401	0.00613485460422325	0.11490048717398957	non_sig	pspA		False	False	0.04236111111111111	False	Ecoli	False	True	False	False	diann231	AlphaPeptStats	mean	1.660964047443681
P06961	0.7679565019597474	0.022457679435074596	0.1146633782677709	non_sig	cca		False	False	0.04238683127572017	False	Ecoli	False	True	False	False	diann231	AlphaPeptStats	mean	1.660964047443681
P0A7A9	0.7685546555223979	0.011673771077610695	0.11432524235063449	non_sig	ppa		False	False	0.04241255144032922	False	Ecoli	False	True	False	False	diann231	AlphaPeptStats	mean	1.660964047443681
P0AD57	0.7686295618630032	-0.02262817735837075	0.11428291637559221	non_sig	ispB		False	False	0.04243827160493827	False	Ecoli	False	True	False	False	diann231	AlphaPeptStats	mean	1.660964047443681
P60785	0.7694188386834917	-0.0037786506751800175	0.11383718450161513	non_sig	lepA		False	False	0.04246399176954733	False	Ecoli	False	True	False	False	diann231	AlphaPeptStats	mean	1.660964047443681
P76938	0.771546282204008	-0.009141824297742573	0.11263801710189127	non_sig	epmC		False	False	0.042489711934156384	False	Ecoli	False	True	False	False	diann231	AlphaPeptStats	mean	1.660964047443681
P64596	0.7719142055056945	0.014322484240057776	0.11243096669278144	non_sig	yraP		False	False	0.04251543209876543	False	Ecoli	False	True	False	False	diann231	AlphaPeptStats	mean	1.660964047443681
P76403	0.7719528020515601	0.020427487053709115	0.1124092520414398	non_sig	yegQ		False	False	0.04254115226337449	False	Ecoli	False	True	False	False	diann231	AlphaPeptStats	mean	1.660964047443681
P21829	0.7725337244182408	-0.016400424872717423	0.11208255266810496	non_sig	ybhA		False	False	0.042566872427983536	False	Ecoli	False	True	False	False	diann231	AlphaPeptStats	mean	1.660964047443681
P13035	0.7731094488952857	-0.010005681123871568	0.11175901877702621	non_sig	glpD		False	False	0.0425925925925926	False	Ecoli	False	True	False	False	diann231	AlphaPeptStats	mean	1.660964047443681
P04036	0.7731526645121481	0.010512391166891177	0.11173474306881663	non_sig	dapB		False	False	0.04261831275720165	False	Ecoli	False	True	False	False	diann231	AlphaPeptStats	mean	1.660964047443681
P0AES2	0.7735343466926465	0.018499854787354053	0.11152039786905063	non_sig	gudD		False	False	0.0426440329218107	False	Ecoli	False	True	False	False	diann231	AlphaPeptStats	mean	1.660964047443681
P0AAJ5	0.7737856855067465	-0.06133522292838833	0.11137930868421456	non_sig	fdoH		False	False	0.04266975308641976	False	Ecoli	False	True	False	False	diann231	AlphaPeptStats	mean	1.660964047443681
P33667	0.7742179787516592	0.03494303682993305	0.11113674779105291	non_sig	selU		False	False	0.042695473251028807	False	Ecoli	False	True	False	False	diann231	AlphaPeptStats	mean	1.660964047443681
P0AE60	0.7750400218274073	-0.024352973723239302	0.11067587064205005	non_sig	cedA		False	False	0.04272119341563787	False	Ecoli	False	True	False	False	diann231	AlphaPeptStats	mean	1.660964047443681
P36672	0.7755042805670822	-0.045371249949269554	0.11041580065948965	non_sig	treB		False	False	0.04274691358024692	False	Ecoli	False	True	False	False	diann231	AlphaPeptStats	mean	1.660964047443681
P69797	0.7756904829755885	0.007667462657742874	0.1103115369257273	non_sig	manX		False	False	0.04277263374485597	False	Ecoli	False	True	False	False	diann231	AlphaPeptStats	mean	1.660964047443681
P07003	0.7766885399893443	-0.007869750189659186	0.10975310279719466	non_sig	poxB		False	False	0.04279835390946502	False	Ecoli	False	True	False	False	diann231	AlphaPeptStats	mean	1.660964047443681
P0AAH8	0.7775737207495053	0.03199145052886365	0.10925842545618346	non_sig	sapF		False	False	0.04282407407407408	False	Ecoli	False	True	False	False	diann231	AlphaPeptStats	mean	1.660964047443681
P77718	0.7780049774607436	0.009998712674555321	0.10901762450540117	non_sig	thiI		False	False	0.04284979423868313	False	Ecoli	False	True	False	False	diann231	AlphaPeptStats	mean	1.660964047443681
P0ACU7	0.7780800611714668	-0.01905701961754147	0.1089757136323272	non_sig	yjdC		False	False	0.04287551440329219	False	Ecoli	False	True	False	False	diann231	AlphaPeptStats	mean	1.660964047443681
P24192	0.7782748115751065	-0.028999951616757613	0.10886702501950289	non_sig	hypD		False	False	0.042901234567901236	False	Ecoli	False	True	False	False	diann231	AlphaPeptStats	mean	1.660964047443681
P63235	0.7803483465480671	0.012484887590289873	0.10771148549942461	non_sig	gadC		False	False	0.04292695473251029	False	Ecoli	False	True	False	False	diann231	AlphaPeptStats	mean	1.660964047443681
P0ADC1	0.7806561506564009	-0.026014489708757083	0.10754021420875445	non_sig	lptE		False	False	0.04295267489711934	False	Ecoli	False	True	False	False	diann231	AlphaPeptStats	mean	1.660964047443681
P0A8T7	0.7818149418426329	0.005011704933103545	0.10689603370193619	non_sig	rpoC		False	False	0.0429783950617284	False	Ecoli	False	True	False	False	diann231	AlphaPeptStats	mean	1.660964047443681
P0AFJ7	0.7821890125315989	0.01344147523651884	0.10668828890857672	non_sig	pitA		False	False	0.04300411522633745	False	Ecoli	False	True	False	False	diann231	AlphaPeptStats	mean	1.660964047443681
P0AGJ9	0.7823411118089328	-0.006587764338785718	0.10660384709946351	non_sig	tyrS		False	False	0.04302983539094651	False	Ecoli	False	True	False	False	diann231	AlphaPeptStats	mean	1.660964047443681
P0AFD6	0.7831679326110019	0.008810048903558965	0.10614510334895116	non_sig	nuoI		False	False	0.043055555555555555	False	Ecoli	False	True	False	False	diann231	AlphaPeptStats	mean	1.660964047443681
P03024	0.7833533556001882	0.025387078166094312	0.10604229187488609	non_sig	galR		False	False	0.04308127572016461	False	Ecoli	False	True	False	False	diann231	AlphaPeptStats	mean	1.660964047443681
P64455	0.7838168937801511	-0.009270485239994741	0.10578538031130882	non_sig	ydcY		False	False	0.043106995884773666	False	Ecoli	False	True	False	False	diann231	AlphaPeptStats	mean	1.660964047443681
P76535	0.7850256792871209	-0.019226639279196434	0.10511613664291439	non_sig	murQ		False	False	0.04313271604938272	False	Ecoli	False	True	False	False	diann231	AlphaPeptStats	mean	1.660964047443681
P0A776	0.7864966475264543	-0.04507458895222172	0.10430312423441927	non_sig	rppH		False	False	0.04315843621399177	False	Ecoli	False	True	False	False	diann231	AlphaPeptStats	mean	1.660964047443681
P0A6A3	0.7864986056846988	0.006845414550319617	0.10430204296310772	non_sig	ackA		False	False	0.043184156378600826	False	Ecoli	False	True	False	False	diann231	AlphaPeptStats	mean	1.660964047443681
P0A9T6	0.7865294478969806	0.03763306733738858	0.10428501262143652	non_sig	ybaQ		False	False	0.043209876543209874	False	Ecoli	False	True	False	False	diann231	AlphaPeptStats	mean	1.660964047443681
P77570	0.7876202450775645	0.025383489221177058	0.10368312923723133	non_sig	anmK		False	False	0.04323559670781894	False	Ecoli	False	True	False	False	diann231	AlphaPeptStats	mean	1.660964047443681
P0AA95	0.7877349495289171	-0.018095545870519203	0.10361988570900255	non_sig	yacC		False	False	0.043261316872427985	False	Ecoli	False	True	False	False	diann231	AlphaPeptStats	mean	1.660964047443681
P0ABG4	0.7886297332973624	0.06922669649271995	0.1031268529747611	non_sig	ftsW		False	False	0.04328703703703704	False	Ecoli	False	True	False	False	diann231	AlphaPeptStats	mean	1.660964047443681
P0AGM5	0.7893582325064492	-0.01425054007245663	0.10272585725627555	non_sig	sirB1		False	False	0.04331275720164609	False	Ecoli	False	True	False	False	diann231	AlphaPeptStats	mean	1.660964047443681
P0A890	0.7917114193839216	0.010208909411812073	0.1014330908950011	non_sig	tusA		False	False	0.043338477366255145	False	Ecoli	False	True	False	False	diann231	AlphaPeptStats	mean	1.660964047443681
P76316	0.7917982711764184	0.017692972661350836	0.10138545082751374	non_sig	dcyD		False	False	0.0433641975308642	False	Ecoli	False	True	False	False	diann231	AlphaPeptStats	mean	1.660964047443681
P0ABN1	0.7936578147625342	0.050995809739628584	0.10036670310464924	non_sig	dgkA		False	False	0.043389917695473255	False	Ecoli	False	True	False	False	diann231	AlphaPeptStats	mean	1.660964047443681
P68206	0.7951783988146598	-0.032428851875177855	0.09953542614974814	non_sig	yjbJ		False	False	0.04341563786008231	False	Ecoli	False	True	False	False	diann231	AlphaPeptStats	mean	1.660964047443681
P09158	0.7969021311933187	-0.00688773061074599	0.09859501171878067	non_sig	speE		False	False	0.04344135802469136	False	Ecoli	False	True	False	False	diann231	AlphaPeptStats	mean	1.660964047443681
P37655	0.7984928573953923	0.01082852511101251	0.0977289643190378	non_sig	bcsQ		False	False	0.043467078189300415	False	Ecoli	False	True	False	False	diann231	AlphaPeptStats	mean	1.660964047443681
P13016	0.8015199520318603	0.012089470003132874	0.09608566239344177	non_sig	ampD		False	False	0.04349279835390947	False	Ecoli	False	True	False	False	diann231	AlphaPeptStats	mean	1.660964047443681
P75874	0.8022328726974823	0.007591675690861166	0.09569954612074104	non_sig	yccU		False	False	0.043518518518518526	False	Ecoli	False	True	False	False	diann231	AlphaPeptStats	mean	1.660964047443681
P77781	0.8028241743653531	-0.009663018071442764	0.09537955866162386	non_sig	ydiI		False	False	0.043544238683127574	False	Ecoli	False	True	False	False	diann231	AlphaPeptStats	mean	1.660964047443681
P20605	0.8029390889135414	-0.0183438174685584	0.0953173991199342	non_sig	fic		False	False	0.04356995884773663	False	Ecoli	False	True	False	False	diann231	AlphaPeptStats	mean	1.660964047443681
P0A9F6	0.8039825679784869	-0.04150703644767262	0.09475336756103196	non_sig	gcvA		False	False	0.04359567901234568	False	Ecoli	False	True	False	False	diann231	AlphaPeptStats	mean	1.660964047443681
P0ABK2	0.804511306128382	0.012122727952352363	0.09446784820303075	non_sig	cydB		False	False	0.04362139917695474	False	Ecoli	False	True	False	False	diann231	AlphaPeptStats	mean	1.660964047443681
P22106	0.8057244545167813	0.01902985463089024	0.09381345489818363	non_sig	asnB		False	False	0.04364711934156379	False	Ecoli	False	True	False	False	diann231	AlphaPeptStats	mean	1.660964047443681
P05100	0.8075409947387139	-0.02942592073971184	0.0928354215208235	non_sig	tag		False	False	0.043672839506172845	False	Ecoli	False	True	False	False	diann231	AlphaPeptStats	mean	1.660964047443681
P16926	0.8075772717041856	-0.04578455726859332	0.09281591225484027	non_sig	mreC		False	False	0.04369855967078189	False	Ecoli	False	True	False	False	diann231	AlphaPeptStats	mean	1.660964047443681
P10346	0.8097103825331368	-0.03765649364814294	0.09167029193545428	non_sig	glnQ		False	False	0.04372427983539095	False	Ecoli	False	True	False	False	diann231	AlphaPeptStats	mean	1.660964047443681
P0AAJ8	0.8099034677037545	-0.005701464162687131	0.0915667415434622	non_sig	hybA		False	False	0.043750000000000004	False	Ecoli	False	True	False	False	diann231	AlphaPeptStats	mean	1.660964047443681
P30178	0.810596098118615	-0.023926328972780908	0.09119549110707315	non_sig	ybiC		False	False	0.04377572016460906	False	Ecoli	False	True	False	False	diann231	AlphaPeptStats	mean	1.660964047443681
P21866	0.8116079940520842	0.0046590593139299585	0.09065368397036945	non_sig	kdpE		False	False	0.04380144032921811	False	Ecoli	False	True	False	False	diann231	AlphaPeptStats	mean	1.660964047443681
P0A7B5	0.8119228322215161	-0.00848988209641277	0.09048524555309023	non_sig	proB		False	False	0.043827160493827164	False	Ecoli	False	True	False	False	diann231	AlphaPeptStats	mean	1.660964047443681
P75959	0.8142712108749726	0.01673499520899213	0.08923091971921127	non_sig	nagK		False	False	0.04385288065843621	False	Ecoli	False	True	False	False	diann231	AlphaPeptStats	mean	1.660964047443681
P07023	0.8145446114952892	0.010408060246703599	0.08908512498878585	non_sig	tyrA		False	False	0.043878600823045275	False	Ecoli	False	True	False	False	diann231	AlphaPeptStats	mean	1.660964047443681
P36938	0.8162653338460674	0.009841614736927795	0.08816864725783954	non_sig	pgm		False	False	0.04390432098765432	False	Ecoli	False	True	False	False	diann231	AlphaPeptStats	mean	1.660964047443681
P08506	0.8170999579595055	-0.006349785802015617	0.08772481184601112	non_sig	dacC		False	False	0.04393004115226338	False	Ecoli	False	True	False	False	diann231	AlphaPeptStats	mean	1.660964047443681
P37650	0.8172713819748201	-0.01521221522013505	0.0876337083099043	non_sig	bcsC		False	False	0.04395576131687243	False	Ecoli	False	True	False	False	diann231	AlphaPeptStats	mean	1.660964047443681
P27859	0.818239809149856	0.013435848793733385	0.08711939495065692	non_sig	tatD		False	False	0.04398148148148148	False	Ecoli	False	True	False	False	diann231	AlphaPeptStats	mean	1.660964047443681
P0AGE9	0.8210613486718833	0.012280573790537375	0.08562439173041803	non_sig	sucD		False	False	0.04400720164609054	False	Ecoli	False	True	False	False	diann231	AlphaPeptStats	mean	1.660964047443681
P0A749	0.8216573470936719	-0.007756745677127697	0.08530925702375126	non_sig	murA		False	False	0.04403292181069959	False	Ecoli	False	True	False	False	diann231	AlphaPeptStats	mean	1.660964047443681
P0ADF6	0.8236036341360533	0.030237276835094917	0.08428174573327729	non_sig	edd		False	False	0.04405864197530864	False	Ecoli	False	True	False	False	diann231	AlphaPeptStats	mean	1.660964047443681
P0ABV6	0.8240846908646922	0.008216232161640136	0.0840281537335084	non_sig	tolR		False	False	0.0440843621399177	False	Ecoli	False	True	False	False	diann231	AlphaPeptStats	mean	1.660964047443681
P0A9V1	0.8242351430242373	0.006415275696504352	0.08394887234464327	non_sig	lptB		False	False	0.044110082304526746	False	Ecoli	False	True	False	False	diann231	AlphaPeptStats	mean	1.660964047443681
P06709	0.8242375684615396	-0.023708250634200567	0.08394759436893974	non_sig	birA		False	False	0.04413580246913581	False	Ecoli	False	True	False	False	diann231	AlphaPeptStats	mean	1.660964047443681
P0A9U3	0.824918578580365	-0.007777048373977635	0.08358891522983226	non_sig	ybiT		False	False	0.044161522633744864	False	Ecoli	False	True	False	False	diann231	AlphaPeptStats	mean	1.660964047443681
P0AB20	0.8252640280725503	-0.06886152008726754	0.08340708467384524	non_sig	hspQ		False	False	0.04418724279835391	False	Ecoli	False	True	False	False	diann231	AlphaPeptStats	mean	1.660964047443681
P75938	0.8254643130297924	0.07525308995676738	0.08330169767587654	non_sig	flgF		False	False	0.04421296296296297	False	Ecoli	False	True	False	False	diann231	AlphaPeptStats	mean	1.660964047443681
Q46868	0.8258494033231177	-0.01018474841068695	0.08309914065621245	non_sig	yqiC		False	False	0.044238683127572016	False	Ecoli	False	True	False	False	diann231	AlphaPeptStats	mean	1.660964047443681
P21367	0.8269468053982953	-0.014416165286991856	0.08252242619716418	non_sig	ycaC		False	False	0.04426440329218108	False	Ecoli	False	True	False	False	diann231	AlphaPeptStats	mean	1.660964047443681
P30871	0.8283620311807116	-0.005139748159521673	0.08177981565328986	non_sig	ygiF		False	False	0.04429012345679013	False	Ecoli	False	True	False	False	diann231	AlphaPeptStats	mean	1.660964047443681
P0ABQ4	0.8287668688201166	-0.012261997783170386	0.08156761881530335	non_sig	folA		False	False	0.04431584362139918	False	Ecoli	False	True	False	False	diann231	AlphaPeptStats	mean	1.660964047443681
P77252	0.8298568109366861	0.031109804747750047	0.08099683724413267	non_sig	ykgE		False	False	0.04434156378600823	False	Ecoli	False	True	False	False	diann231	AlphaPeptStats	mean	1.660964047443681
P0ADU5	0.8308286921423198	-0.006118142664458759	0.08048851379327286	non_sig	ygiW		False	False	0.04436728395061729	False	Ecoli	False	True	False	False	diann231	AlphaPeptStats	mean	1.660964047443681
P0AA43	0.8309316648494511	-0.011758657275624529	0.08043469077557616	non_sig	rsuA		False	False	0.04439300411522634	False	Ecoli	False	True	False	False	diann231	AlphaPeptStats	mean	1.660964047443681
P00864	0.8312507114860592	0.003257959310555947	0.08026796996632803	non_sig	ppc		False	False	0.0444187242798354	False	Ecoli	False	True	False	False	diann231	AlphaPeptStats	mean	1.660964047443681
P0A6M4	0.831496444531856	-0.02990860205377288	0.08013960347813223	non_sig	dtd		False	False	0.044444444444444446	False	Ecoli	False	True	False	False	diann231	AlphaPeptStats	mean	1.660964047443681
P00579	0.8320353689231228	-0.01013411376381157	0.07985821192843622	non_sig	rpoD		False	False	0.0444701646090535	False	Ecoli	False	True	False	False	diann231	AlphaPeptStats	mean	1.660964047443681
P39393	0.8321269931984776	-0.007177792553079598	0.07981038977100627	non_sig	yjiV		False	False	0.04449588477366255	False	Ecoli	False	True	False	False	diann231	AlphaPeptStats	mean	1.660964047443681
P0ACD4	0.832943022645402	0.01520348696889684	0.07938470543236435	non_sig	nifU		False	False	0.04452160493827161	False	Ecoli	False	True	False	False	diann231	AlphaPeptStats	mean	1.660964047443681
P0AC84	0.8329902051717567	-0.015696427381328704	0.07936010527372481	non_sig	gloB		False	False	0.04454732510288066	False	Ecoli	False	True	False	False	diann231	AlphaPeptStats	mean	1.660964047443681
P00957	0.8342251167502371	-0.003351803348721205	0.07871673860692165	non_sig	alaS		False	False	0.044573045267489717	False	Ecoli	False	True	False	False	diann231	AlphaPeptStats	mean	1.660964047443681
P26647	0.8348214068720492	-0.01703712152448489	0.07840642308621074	non_sig	plsC		False	False	0.044598765432098765	False	Ecoli	False	True	False	False	diann231	AlphaPeptStats	mean	1.660964047443681
Q46927	0.8356068682722744	-0.020641613413300064	0.07799799899272214	non_sig	ygdL		False	False	0.04462448559670782	False	Ecoli	False	True	False	False	diann231	AlphaPeptStats	mean	1.660964047443681
P64423	0.8362058213138552	-0.029390378756538382	0.07768681339923153	non_sig	zntB		False	False	0.044650205761316876	False	Ecoli	False	True	False	False	diann231	AlphaPeptStats	mean	1.660964047443681
P37182	0.8362991778493207	0.012781906808903898	0.07763833016209364	non_sig	hybD		False	False	0.04467592592592593	False	Ecoli	False	True	False	False	diann231	AlphaPeptStats	mean	1.660964047443681
P0AC69	0.8368161458827384	-0.009048637161910733	0.07736994893553492	non_sig	grxD		False	False	0.04470164609053498	False	Ecoli	False	True	False	False	diann231	AlphaPeptStats	mean	1.660964047443681
P0ACU0	0.8381491376316711	0.03891806668169551	0.07667869749420712	non_sig	ybiH		False	False	0.044727366255144035	False	Ecoli	False	True	False	False	diann231	AlphaPeptStats	mean	1.660964047443681
P15640	0.8383081127620663	0.011091296362835124	0.07659633091780772	non_sig	purD		False	False	0.044753086419753084	False	Ecoli	False	True	False	False	diann231	AlphaPeptStats	mean	1.660964047443681
P15047	0.8392114986208019	0.029535741329471676	0.07612857420278271	non_sig	entA		False	False	0.044778806584362146	False	Ecoli	False	True	False	False	diann231	AlphaPeptStats	mean	1.660964047443681
P0AB43	0.8402903630351164	0.006489626506997581	0.07557061718349889	non_sig	ycgL		False	False	0.044804526748971195	False	Ecoli	False	True	False	False	diann231	AlphaPeptStats	mean	1.660964047443681
P27848	0.8406491863276129	-0.018931861262743155	0.07538520304610691	non_sig	yigL		False	False	0.04483024691358025	False	Ecoli	False	True	False	False	diann231	AlphaPeptStats	mean	1.660964047443681
P37651	0.8426454512993105	0.014287212248373038	0.07435511924653106	non_sig	bcsZ		False	False	0.0448559670781893	False	Ecoli	False	True	False	False	diann231	AlphaPeptStats	mean	1.660964047443681
P36999	0.8428408505290449	-0.029211347872593052	0.07425442331381428	non_sig	rlmA		False	False	0.044881687242798354	False	Ecoli	False	True	False	False	diann231	AlphaPeptStats	mean	1.660964047443681
P37666	0.8429039323351353	0.0013086706992879726	0.07422192007775529	non_sig	ghrB		False	False	0.04490740740740742	False	Ecoli	False	True	False	False	diann231	AlphaPeptStats	mean	1.660964047443681
P0ADY3	0.846192796177844	-0.006272111373924361	0.07253067623177217	non_sig	rplN		False	False	0.044933127572016465	False	Ecoli	False	True	False	False	diann231	AlphaPeptStats	mean	1.660964047443681
P0AAJ3	0.8473562994257409	0.011414651567104528	0.07193393755906355	non_sig	fdnH		False	False	0.04495884773662552	False	Ecoli	False	True	False	False	diann231	AlphaPeptStats	mean	1.660964047443681
P77561	0.8478862778024325	0.03248488700836916	0.07166239330325555	non_sig	ydeP		False	False	0.04498456790123457	False	Ecoli	False	True	False	False	diann231	AlphaPeptStats	mean	1.660964047443681
P75863	0.8483259555148976	0.0066801327038668035	0.0714372450525055	non_sig	ycbX		False	False	0.045010288065843625	False	Ecoli	False	True	False	False	diann231	AlphaPeptStats	mean	1.660964047443681
P76402	0.8486333921416181	-0.023449098561112436	0.0712798835551133	non_sig	yegP		False	False	0.04503600823045268	False	Ecoli	False	True	False	False	diann231	AlphaPeptStats	mean	1.660964047443681
P37177	0.8491569322328675	0.015030183477254155	0.07101204061051963	non_sig	ptsP		False	False	0.045061728395061736	False	Ecoli	False	True	False	False	diann231	AlphaPeptStats	mean	1.660964047443681
P75728	0.8500225046476342	-0.011544437213736103	0.07056957603287997	non_sig	ubiF		False	False	0.045087448559670784	False	Ecoli	False	True	False	False	diann231	AlphaPeptStats	mean	1.660964047443681
P0AE12	0.85005449776213	0.01765166000435059	0.07055323038139899	non_sig	amn		False	False	0.04511316872427984	False	Ecoli	False	True	False	False	diann231	AlphaPeptStats	mean	1.660964047443681
P77522	0.8504646119176558	-0.05376558194249981	0.07034375279642566	non_sig	sufB		False	False	0.04513888888888889	False	Ecoli	False	True	False	False	diann231	AlphaPeptStats	mean	1.660964047443681
P07363	0.8523478183993284	0.005894968958596536	0.06938314609405724	non_sig	cheA		False	False	0.04516460905349795	False	Ecoli	False	True	False	False	diann231	AlphaPeptStats	mean	1.660964047443681
P76539	0.8532597731928515	-0.008296058054600763	0.06891872863453528	non_sig	ypeA		False	False	0.045190329218107	False	Ecoli	False	True	False	False	diann231	AlphaPeptStats	mean	1.660964047443681
P0AA91	0.8539008950874273	0.020078991859531214	0.06859253120121228	non_sig	yeaY		False	False	0.045216049382716055	False	Ecoli	False	True	False	False	diann231	AlphaPeptStats	mean	1.660964047443681
P0A6J5	0.8540397139250316	-0.007752421892831762	0.06852193359966756	non_sig	dadA		False	False	0.0452417695473251	False	Ecoli	False	True	False	False	diann231	AlphaPeptStats	mean	1.660964047443681
P0A9F3	0.8543033972312425	-0.011682951851291534	0.06838786661392103	non_sig	cysB		False	False	0.04526748971193416	False	Ecoli	False	True	False	False	diann231	AlphaPeptStats	mean	1.660964047443681
P60906	0.8544342701833618	0.0034587216239998497	0.06832134101185718	non_sig	hisS		False	False	0.045293209876543214	False	Ecoli	False	True	False	False	diann231	AlphaPeptStats	mean	1.660964047443681
P15770	0.8555398233765298	0.011283534942670315	0.067759770260638	non_sig	aroE		False	False	0.04531893004115227	False	Ecoli	False	True	False	False	diann231	AlphaPeptStats	mean	1.660964047443681
P0ABC3	0.8559025365141609	0.00537644001438764	0.06757568656581167	non_sig	hflC		False	False	0.04534465020576132	False	Ecoli	False	True	False	False	diann231	AlphaPeptStats	mean	1.660964047443681
P27836	0.8559458378390818	0.005778386528007218	0.06755371554693172	non_sig	wecG		False	False	0.04537037037037037	False	Ecoli	False	True	False	False	diann231	AlphaPeptStats	mean	1.660964047443681
P31119	0.85601680022189	-0.018565357073573097	0.06751771175735273	non_sig	aas		False	False	0.04539609053497942	False	Ecoli	False	True	False	False	diann231	AlphaPeptStats	mean	1.660964047443681
Q46861	0.8562028397039562	0.02753672452567102	0.06742333610727673	non_sig	ygiQ		False	False	0.045421810699588484	False	Ecoli	False	True	False	False	diann231	AlphaPeptStats	mean	1.660964047443681
P0AAV4	0.8577239760561428	0.026092240310084946	0.0666524498694794	non_sig	ybgJ		False	False	0.04544753086419753	False	Ecoli	False	True	False	False	diann231	AlphaPeptStats	mean	1.660964047443681
P32176	0.8578017538633304	0.0027432567913550088	0.06661307013659622	non_sig	fdoG		False	False	0.04547325102880659	False	Ecoli	False	True	False	False	diann231	AlphaPeptStats	mean	1.660964047443681
P09546	0.8602280415473486	0.017308619206286124	0.06538640450363983	non_sig	putA		False	False	0.04549897119341564	False	Ecoli	False	True	False	False	diann231	AlphaPeptStats	mean	1.660964047443681
P00968	0.8608149314828464	-0.0034390887565862727	0.06509020844770715	non_sig	carB		False	False	0.04552469135802469	False	Ecoli	False	True	False	False	diann231	AlphaPeptStats	mean	1.660964047443681
P0AE01	0.8608465597158688	0.005884449933592606	0.06507425180681609	non_sig	trmJ		False	False	0.04555041152263375	False	Ecoli	False	True	False	False	diann231	AlphaPeptStats	mean	1.660964047443681
P0A6X7	0.8631043670436228	0.00698815154206045	0.06393668598745152	non_sig	ihfA		False	False	0.0455761316872428	False	Ecoli	False	True	False	False	diann231	AlphaPeptStats	mean	1.660964047443681
P0A8V0	0.8668847427679557	0.04391609774977567	0.062038640594510724	non_sig	rbn		False	False	0.04560185185185185	False	Ecoli	False	True	False	False	diann231	AlphaPeptStats	mean	1.660964047443681
P0A796	0.8669794591455137	0.006274002985360738	0.0619911918956855	non_sig	pfkA		False	False	0.04562757201646091	False	Ecoli	False	True	False	False	diann231	AlphaPeptStats	mean	1.660964047443681
P0AF20	0.8691850680424048	-0.006837630428826458	0.06088774314591009	non_sig	nagC		False	False	0.045653292181069956	False	Ecoli	False	True	False	False	diann231	AlphaPeptStats	mean	1.660964047443681
Q46845	0.86932356551274	0.011541341041564124	0.060818547415626735	non_sig	yghU		False	False	0.04567901234567902	False	Ecoli	False	True	False	False	diann231	AlphaPeptStats	mean	1.660964047443681
P15067	0.8702744903723384	-0.015649924108071644	0.0603437464017197	non_sig	glgX		False	False	0.045704732510288074	False	Ecoli	False	True	False	False	diann231	AlphaPeptStats	mean	1.660964047443681
P0ADA3	0.8703096665918357	0.008168326045076668	0.060326192710951146	non_sig	nlpD		False	False	0.04573045267489712	False	Ecoli	False	True	False	False	diann231	AlphaPeptStats	mean	1.660964047443681
P76104	0.8715903732823731	0.01563550260281943	0.05968757518281819	non_sig	ydcP		False	False	0.04575617283950618	False	Ecoli	False	True	False	False	diann231	AlphaPeptStats	mean	1.660964047443681
P43337	0.8729246098187551	-0.016604551150624758	0.05902326254131009	non_sig	nudL		False	False	0.045781893004115226	False	Ecoli	False	True	False	False	diann231	AlphaPeptStats	mean	1.660964047443681
P76204	0.8729288560274275	-0.011533848966195137	0.05902114998715645	non_sig	ydiV		False	False	0.04580761316872429	False	Ecoli	False	True	False	False	diann231	AlphaPeptStats	mean	1.660964047443681
P13979	0.8757558208023097	-0.009624647325534141	0.057616967417152956	non_sig	traT		False	False	0.04583333333333334	False	Ecoli	False	True	False	False	diann231	AlphaPeptStats	mean	1.660964047443681
P52697	0.8776880446000951	0.003510103169094947	0.056659817331651235	non_sig	pgl		False	False	0.04585905349794239	False	Ecoli	False	True	False	False	diann231	AlphaPeptStats	mean	1.660964047443681
P0A944	0.8777871702580612	0.02547185074813285	0.056610771095109584	non_sig	rimI		False	False	0.04588477366255144	False	Ecoli	False	True	False	False	diann231	AlphaPeptStats	mean	1.660964047443681
P0AF48	0.8784094442236186	0.04992043000981994	0.05630300354954539	non_sig	yjbQ		False	False	0.045910493827160496	False	Ecoli	False	True	False	False	diann231	AlphaPeptStats	mean	1.660964047443681
P0ADN2	0.8797571372722981	-0.004254566026951068	0.05563720114477256	non_sig	yifE		False	False	0.04593621399176955	False	Ecoli	False	True	False	False	diann231	AlphaPeptStats	mean	1.660964047443681
P16700	0.8813974297890861	0.002521879309341557	0.05482822025455998	non_sig	cysP		False	False	0.04596193415637861	False	Ecoli	False	True	False	False	diann231	AlphaPeptStats	mean	1.660964047443681
P0A8G3	0.8820472462404729	0.009757195685981657	0.05450815156661428	non_sig	uxaC		False	False	0.045987654320987656	False	Ecoli	False	True	False	False	diann231	AlphaPeptStats	mean	1.660964047443681
P16384	0.882456850006477	-0.0069357409556545235	0.054306521364773416	non_sig	miaA		False	False	0.04601337448559671	False	Ecoli	False	True	False	False	diann231	AlphaPeptStats	mean	1.660964047443681
P00935	0.8833156580837234	0.016137007252233104	0.05388407097927665	non_sig	metB		False	False	0.04603909465020576	False	Ecoli	False	True	False	False	diann231	AlphaPeptStats	mean	1.660964047443681
P0AFU4	0.8848728087558431	0.008508236435886829	0.05311915012168836	non_sig	glrR		False	False	0.04606481481481482	False	Ecoli	False	True	False	False	diann231	AlphaPeptStats	mean	1.660964047443681
P05458	0.8854919486851454	-0.010959379268161484	0.052815383268384086	non_sig	ptrA		False	False	0.04609053497942387	False	Ecoli	False	True	False	False	diann231	AlphaPeptStats	mean	1.660964047443681
Q46856	0.8857427985356758	0.002588155820429705	0.05269236997862004	non_sig	yqhD		False	False	0.046116255144032926	False	Ecoli	False	True	False	False	diann231	AlphaPeptStats	mean	1.660964047443681
P0AFI2	0.8857710199445652	0.005101659301338657	0.05267853277111382	non_sig	parC		False	False	0.046141975308641975	False	Ecoli	False	True	False	False	diann231	AlphaPeptStats	mean	1.660964047443681
P32099	0.8862364620233398	-0.02696905892506507	0.05245038595665276	non_sig	lplA		False	False	0.04616769547325103	False	Ecoli	False	True	False	False	diann231	AlphaPeptStats	mean	1.660964047443681
P0AGG4	0.8865135050831012	-0.015154457926762177	0.05231464400170593	non_sig	trxC		False	False	0.046193415637860086	False	Ecoli	False	True	False	False	diann231	AlphaPeptStats	mean	1.660964047443681
P76272	0.8871840845592036	0.02850231877421905	0.05198625771790513	non_sig	yebT		False	False	0.04621913580246914	False	Ecoli	False	True	False	False	diann231	AlphaPeptStats	mean	1.660964047443681
P60624	0.8884194449405806	0.003717816084630954	0.05138194456528146	non_sig	rplX		False	False	0.04624485596707819	False	Ecoli	False	True	False	False	diann231	AlphaPeptStats	mean	1.660964047443681
P38051	0.8884362326001372	-0.028472851430148438	0.05137373817237981	non_sig	menF		False	False	0.046270576131687245	False	Ecoli	False	True	False	False	diann231	AlphaPeptStats	mean	1.660964047443681
P33195	0.888669963715027	0.006110381873931203	0.05125949836584313	non_sig	gcvP		False	False	0.046296296296296294	False	Ecoli	False	True	False	False	diann231	AlphaPeptStats	mean	1.660964047443681
P0AEC8	0.8891233124727511	0.024488726497164492	0.051038002570170875	non_sig	dcuS		False	False	0.046322016460905356	False	Ecoli	False	True	False	False	diann231	AlphaPeptStats	mean	1.660964047443681
P15286	0.890459465833531	0.01975789469872069	0.05038584505585963	non_sig	flk		False	False	0.046347736625514405	False	Ecoli	False	True	False	False	diann231	AlphaPeptStats	mean	1.660964047443681
P0AFT2	0.8919556309621703	-0.01347834600800013	0.049656748435030214	non_sig	yecS		False	False	0.04637345679012346	False	Ecoli	False	True	False	False	diann231	AlphaPeptStats	mean	1.660964047443681
P04335	0.8926748961061437	-0.004348078725655569	0.04930667832782474	non_sig	frsA		False	False	0.04639917695473251	False	Ecoli	False	True	False	False	diann231	AlphaPeptStats	mean	1.660964047443681
P30864	0.8930324342822373	0.011438004442883454	0.04913276756834054	non_sig	yafC		False	False	0.046424897119341564	False	Ecoli	False	True	False	False	diann231	AlphaPeptStats	mean	1.660964047443681
P31441	0.8942938350462559	0.013044675639424241	0.04851976311399414	non_sig	ade		False	False	0.046450617283950627	False	Ecoli	False	True	False	False	diann231	AlphaPeptStats	mean	1.660964047443681
P75782	0.897990776784548	0.026725692744541618	0.04672812392528668	non_sig	rlmF		False	False	0.046476337448559675	False	Ecoli	False	True	False	False	diann231	AlphaPeptStats	mean	1.660964047443681
P23886	0.8987725706769253	0.009780562083129496	0.046350190130775924	non_sig	cydC		False	False	0.04650205761316873	False	Ecoli	False	True	False	False	diann231	AlphaPeptStats	mean	1.660964047443681
P09394	0.9006747768531761	0.004615775237397202	0.04543199938221813	non_sig	glpQ		False	False	0.04652777777777778	False	Ecoli	False	True	False	False	diann231	AlphaPeptStats	mean	1.660964047443681
P08200	0.9037617807089191	-0.004208757787647954	0.04394602854827819	non_sig	icd		False	False	0.046553497942386834	False	Ecoli	False	True	False	False	diann231	AlphaPeptStats	mean	1.660964047443681
P0A8F8	0.9059866423540585	-0.011155899655118873	0.04287820540783241	non_sig	uvrB		False	False	0.04657921810699589	False	Ecoli	False	True	False	False	diann231	AlphaPeptStats	mean	1.660964047443681
P13445	0.9071755513792128	0.005296765799634784	0.04230866264448253	non_sig	rpoS		False	False	0.046604938271604945	False	Ecoli	False	True	False	False	diann231	AlphaPeptStats	mean	1.660964047443681
P0A6G3	0.9079888744941871	-0.0038506594885063805	0.041919472817443834	non_sig	pncC		False	False	0.046630658436213994	False	Ecoli	False	True	False	False	diann231	AlphaPeptStats	mean	1.660964047443681
P13033	0.9085864998682323	-0.0069163194285408736	0.04163372038985972	non_sig	glpB		False	False	0.04665637860082305	False	Ecoli	False	True	False	False	diann231	AlphaPeptStats	mean	1.660964047443681
P0AG82	0.9087050858149728	-0.002783180157639009	0.04157704129358313	non_sig	pstS		False	False	0.0466820987654321	False	Ecoli	False	True	False	False	diann231	AlphaPeptStats	mean	1.660964047443681
P13009	0.9095062747645041	0.003998339135179663	0.04119430035398965	non_sig	metH		False	False	0.04670781893004116	False	Ecoli	False	True	False	False	diann231	AlphaPeptStats	mean	1.660964047443681
P18393	0.9112975050754104	0.01918878031305482	0.04033981872405231	non_sig	ybdZ		False	False	0.04673353909465021	False	Ecoli	False	True	False	False	diann231	AlphaPeptStats	mean	1.660964047443681
P0AG00	0.911435489851828	0.004210034275924812	0.040274064686279296	non_sig	wzzE		False	False	0.046759259259259264	False	Ecoli	False	True	False	False	diann231	AlphaPeptStats	mean	1.660964047443681
Q46920	0.911812146962545	0.0028545628351963614	0.040094626519155824	non_sig	queF		False	False	0.04678497942386831	False	Ecoli	False	True	False	False	diann231	AlphaPeptStats	mean	1.660964047443681
P0A9H9	0.913493696282073	0.006524756175426916	0.03929444522371163	non_sig	cheZ		False	False	0.04681069958847737	False	Ecoli	False	True	False	False	diann231	AlphaPeptStats	mean	1.660964047443681
P32695	0.9137769428857749	0.008614243610086447	0.03915980459045889	non_sig	dusA		False	False	0.046836419753086424	False	Ecoli	False	True	False	False	diann231	AlphaPeptStats	mean	1.660964047443681
P24216	0.9183967600536537	-0.003163714015578023	0.03696965705988856	non_sig	fliD		False	False	0.04686213991769548	False	Ecoli	False	True	False	False	diann231	AlphaPeptStats	mean	1.660964047443681
P52612	0.9189665663091546	-0.013472966621336013	0.036700288757059524	non_sig	fliI		False	False	0.04688786008230453	False	Ecoli	False	True	False	False	diann231	AlphaPeptStats	mean	1.660964047443681
P0AFB5	0.9194895746100544	0.003260184946309863	0.03645319053138818	non_sig	glnL		False	False	0.04691358024691358	False	Ecoli	False	True	False	False	diann231	AlphaPeptStats	mean	1.660964047443681
P39406	0.9196343246842016	-0.0030624602943518653	0.03638482737367909	non_sig	rsmC		False	False	0.04693930041152263	False	Ecoli	False	True	False	False	diann231	AlphaPeptStats	mean	1.660964047443681
P62556	0.9199978888271962	0.005338397264306849	0.036213169254174095	non_sig	sopA		False	False	0.046965020576131694	False	Ecoli	False	True	False	False	diann231	AlphaPeptStats	mean	1.660964047443681
P0AED9	0.920144428815975	0.012165600175471525	0.03614399905138148	non_sig	dcm		False	False	0.04699074074074074	False	Ecoli	False	True	False	False	diann231	AlphaPeptStats	mean	1.660964047443681
P0AET8	0.9202827920838228	-0.016461978999956273	0.03607869855684932	non_sig	hdhA		False	False	0.0470164609053498	False	Ecoli	False	True	False	False	diann231	AlphaPeptStats	mean	1.660964047443681
P0A8D0	0.9211238127181858	0.0032019859227183645	0.03568199025232257	non_sig	nrdR		False	False	0.04704218106995885	False	Ecoli	False	True	False	False	diann231	AlphaPeptStats	mean	1.660964047443681
P33644	0.9233834985677412	-0.016922949275418375	0.03461789082560524	non_sig	yfiH		False	False	0.0470679012345679	False	Ecoli	False	True	False	False	diann231	AlphaPeptStats	mean	1.660964047443681
P39304	0.9238452081677735	-0.020747437482608433	0.03440078946183762	non_sig	ulaD		False	False	0.04709362139917696	False	Ecoli	False	True	False	False	diann231	AlphaPeptStats	mean	1.660964047443681
P0ADE6	0.9251381214643661	-0.00869279130865408	0.033793423032072126	non_sig	ygaU		False	False	0.04711934156378601	False	Ecoli	False	True	False	False	diann231	AlphaPeptStats	mean	1.660964047443681
P39342	0.9266815787788436	-0.0034270785215149147	0.033069470100948795	non_sig	yjgR		False	False	0.04714506172839506	False	Ecoli	False	True	False	False	diann231	AlphaPeptStats	mean	1.660964047443681
P76536	0.9268752085818712	-0.0032458216618920233	0.032978733894897576	non_sig	yfeX		False	False	0.04717078189300412	False	Ecoli	False	True	False	False	diann231	AlphaPeptStats	mean	1.660964047443681
P63417	0.9270997492131623	0.0025301573313853964	0.032873536403205915	non_sig	yhbS		False	False	0.047196502057613166	False	Ecoli	False	True	False	False	diann231	AlphaPeptStats	mean	1.660964047443681
P0AAU2	0.9271723405703407	0.008199926250405554	0.032839532735625246	non_sig	ybfA		False	False	0.04722222222222223	False	Ecoli	False	True	False	False	diann231	AlphaPeptStats	mean	1.660964047443681
P06722	0.928619929338004	-0.004203017308800128	0.032162000070397455	non_sig	mutH		False	False	0.04724794238683128	False	Ecoli	False	True	False	False	diann231	AlphaPeptStats	mean	1.660964047443681
P64585	0.9286664735518434	0.007924010322263086	0.03214023294260524	non_sig	yqjE		False	False	0.04727366255144033	False	Ecoli	False	True	False	False	diann231	AlphaPeptStats	mean	1.660964047443681
P30131	0.9296441808653236	0.013177547125742706	0.03168324483964129	non_sig	hypF		False	False	0.04729938271604939	False	Ecoli	False	True	False	False	diann231	AlphaPeptStats	mean	1.660964047443681
P45523	0.9319707163977367	0.0026975865902052476	0.03059773346862989	non_sig	fkpA		False	False	0.047325102880658436	False	Ecoli	False	True	False	False	diann231	AlphaPeptStats	mean	1.660964047443681
P76344	0.9331330014834307	0.011575114677651044	0.030056450901211892	non_sig	zinT		False	False	0.0473508230452675	False	Ecoli	False	True	False	False	diann231	AlphaPeptStats	mean	1.660964047443681
P0AGC7	0.9335589546213389	-0.009692054404599304	0.02985825097867123	non_sig	smp		False	False	0.04737654320987655	False	Ecoli	False	True	False	False	diann231	AlphaPeptStats	mean	1.660964047443681
P19930	0.9343636430538076	0.011438529713274193	0.02948406869946314	non_sig	hyaD		False	False	0.0474022633744856	False	Ecoli	False	True	False	False	diann231	AlphaPeptStats	mean	1.660964047443681
P23836	0.9344499214398807	0.0005741814354500718	0.029443968148271077	non_sig	phoP		False	False	0.04742798353909465	False	Ecoli	False	True	False	False	diann231	AlphaPeptStats	mean	1.660964047443681
P06611	0.9348334143922374	-0.006278171520815334	0.029265772716683625	non_sig	btuD		False	False	0.047453703703703706	False	Ecoli	False	True	False	False	diann231	AlphaPeptStats	mean	1.660964047443681
P69428	0.9352281055719245	0.004622782497023081	0.029082450187334474	non_sig	tatA		False	False	0.04747942386831276	False	Ecoli	False	True	False	False	diann231	AlphaPeptStats	mean	1.660964047443681
P39160	0.9355897615641153	0.004166595956867525	0.02891453945003463	non_sig	uxuB		False	False	0.04750514403292182	False	Ecoli	False	True	False	False	diann231	AlphaPeptStats	mean	1.660964047443681
P39199	0.9361104606543159	0.005153389313651502	0.028672901665569427	non_sig	prmB		False	False	0.047530864197530866	False	Ecoli	False	True	False	False	diann231	AlphaPeptStats	mean	1.660964047443681
P0A6Z3	0.9362813769639855	0.0018122383850993629	0.02859361483161553	non_sig	htpG		False	False	0.04755658436213992	False	Ecoli	False	True	False	False	diann231	AlphaPeptStats	mean	1.660964047443681
P0AEN4	0.9363738884129663	0.0037877395419769755	0.028550705479765508	non_sig	ftsL		False	False	0.04758230452674897	False	Ecoli	False	True	False	False	diann231	AlphaPeptStats	mean	1.660964047443681
P0AG48	0.9370147184069554	0.0018608425564998754	0.028253587263000944	non_sig	rplU		False	False	0.04760802469135803	False	Ecoli	False	True	False	False	diann231	AlphaPeptStats	mean	1.660964047443681
P0AFC3	0.9372616304837862	0.0053803710755495615	0.028139161710796026	non_sig	nuoA		False	False	0.04763374485596708	False	Ecoli	False	True	False	False	diann231	AlphaPeptStats	mean	1.660964047443681
P0A8N7	0.9373263422230493	-0.0038505019962009612	0.028109177573805186	non_sig	epmA		False	False	0.047659465020576136	False	Ecoli	False	True	False	False	diann231	AlphaPeptStats	mean	1.660964047443681
P76193	0.9376897589771931	-0.004426199879716819	0.02794082713368773	non_sig	ynhG		False	False	0.047685185185185185	False	Ecoli	False	True	False	False	diann231	AlphaPeptStats	mean	1.660964047443681
P33235	0.9379175652076727	-0.0053670232890503655	0.027835330649374355	non_sig	flgK		False	False	0.04771090534979424	False	Ecoli	False	True	False	False	diann231	AlphaPeptStats	mean	1.660964047443681
P36879	0.9381377699617774	0.010054588482415028	0.027733378741834146	non_sig	yadG		False	False	0.047736625514403296	False	Ecoli	False	True	False	False	diann231	AlphaPeptStats	mean	1.660964047443681
P29131	0.9400933586973941	-0.009027159058987877	0.026829015385597538	non_sig	ftsN		False	False	0.04776234567901235	False	Ecoli	False	True	False	False	diann231	AlphaPeptStats	mean	1.660964047443681
P0ADB7	0.9403662255267144	0.00702300739171946	0.026702977516882685	non_sig	ecnB		False	False	0.0477880658436214	False	Ecoli	False	True	False	False	diann231	AlphaPeptStats	mean	1.660964047443681
P0AB12	0.941468877045539	0.011629169972202646	0.02619403225994968	non_sig	yccF		False	False	0.047813786008230455	False	Ecoli	False	True	False	False	diann231	AlphaPeptStats	mean	1.660964047443681
P0AFG8	0.9417152989513795	0.0007825899654250179	0.026080374046481777	non_sig	aceE		False	False	0.047839506172839504	False	Ecoli	False	True	False	False	diann231	AlphaPeptStats	mean	1.660964047443681
P06993	0.9418952704808108	0.010437244617651942	0.025997383810986235	non_sig	malT		False	False	0.047865226337448566	False	Ecoli	False	True	False	False	diann231	AlphaPeptStats	mean	1.660964047443681
P42604	0.9421785483483148	0.01120829324293382	0.025866788062136183	non_sig	uxaA		False	False	0.047890946502057614	False	Ecoli	False	True	False	False	diann231	AlphaPeptStats	mean	1.660964047443681
P03007	0.9439078034373306	-0.008122728634681664	0.025070423513199876	non_sig	dnaQ		False	False	0.04791666666666667	False	Ecoli	False	True	False	False	diann231	AlphaPeptStats	mean	1.660964047443681
P0AD07	0.9446109702307784	-0.006998165088852204	0.02474701505507682	non_sig	yecF		False	False	0.04794238683127572	False	Ecoli	False	True	False	False	diann231	AlphaPeptStats	mean	1.660964047443681
P26365	0.9453335519331568	-0.0076138889940224885	0.02441492778195567	non_sig	amiB		False	False	0.047968106995884774	False	Ecoli	False	True	False	False	diann231	AlphaPeptStats	mean	1.660964047443681
P0AEH3	0.9454003180353824	0.007693559907117731	0.024384255935169234	non_sig	elaA		False	False	0.047993827160493836	False	Ecoli	False	True	False	False	diann231	AlphaPeptStats	mean	1.660964047443681
P0AF26	0.9463536193940523	0.017709959614141013	0.023946552546251065	non_sig	narJ		False	False	0.048019547325102885	False	Ecoli	False	True	False	False	diann231	AlphaPeptStats	mean	1.660964047443681
P45799	0.9464950504260703	0.004172279811701429	0.023881652781289453	non_sig	nudE		False	False	0.04804526748971194	False	Ecoli	False	True	False	False	diann231	AlphaPeptStats	mean	1.660964047443681
P24182	0.947152055031871	-0.0010664491983760627	0.023580294111544744	non_sig	accC		False	False	0.04807098765432099	False	Ecoli	False	True	False	False	diann231	AlphaPeptStats	mean	1.660964047443681
P0AFR4	0.948631162104939	-0.0023842284613913023	0.02290261307237007	non_sig	yciO		False	False	0.048096707818930044	False	Ecoli	False	True	False	False	diann231	AlphaPeptStats	mean	1.660964047443681
P29217	0.9497432673153058	0.004262468656349938	0.022393776455184658	non_sig	yceH		False	False	0.0481224279835391	False	Ecoli	False	True	False	False	diann231	AlphaPeptStats	mean	1.660964047443681
P12281	0.9505816367429925	-0.0019176749012181915	0.022010579624911077	non_sig	moeA		False	False	0.048148148148148155	False	Ecoli	False	True	False	False	diann231	AlphaPeptStats	mean	1.660964047443681
P0AGJ5	0.9518525011454924	-0.0015389236613572166	0.02143034457933387	non_sig	yfiF		False	False	0.048173868312757204	False	Ecoli	False	True	False	False	diann231	AlphaPeptStats	mean	1.660964047443681
P0AAF6	0.9532191982535472	0.010249284898137034	0.020807219355780063	non_sig	artP		False	False	0.04819958847736626	False	Ecoli	False	True	False	False	diann231	AlphaPeptStats	mean	1.660964047443681
P06612	0.9532319884164308	-0.0022251990384063447	0.02080139209180194	non_sig	topA		False	False	0.04822530864197531	False	Ecoli	False	True	False	False	diann231	AlphaPeptStats	mean	1.660964047443681
P0AC16	0.953620740102396	0.006789641699171511	0.020624312119280414	non_sig	folB		False	False	0.04825102880658437	False	Ecoli	False	True	False	False	diann231	AlphaPeptStats	mean	1.660964047443681
P69451	0.9537282462029367	0.005515915278969885	0.020575354842326418	non_sig	fadD		False	False	0.04827674897119342	False	Ecoli	False	True	False	False	diann231	AlphaPeptStats	mean	1.660964047443681
P15042	0.9537994587802063	-0.0034522361149136316	0.02054292833624331	non_sig	ligA		False	False	0.048302469135802474	False	Ecoli	False	True	False	False	diann231	AlphaPeptStats	mean	1.660964047443681
P45568	0.954678706441433	0.00520912348201108	0.020142764015297215	non_sig	dxr		False	False	0.04832818930041152	False	Ecoli	False	True	False	False	diann231	AlphaPeptStats	mean	1.660964047443681
P39298	0.9548917351903903	-0.013624116696064448	0.020045865562613143	non_sig	yjfP		False	False	0.04835390946502058	False	Ecoli	False	True	False	False	diann231	AlphaPeptStats	mean	1.660964047443681
P29208	0.9569464484406502	0.004873964597550184	0.019112365041814638	non_sig	menC		False	False	0.048379629629629634	False	Ecoli	False	True	False	False	diann231	AlphaPeptStats	mean	1.660964047443681
P0AGL7	0.9576135828139647	0.0027475969739683137	0.01880970251463862	non_sig	rsmE		False	False	0.04840534979423869	False	Ecoli	False	True	False	False	diann231	AlphaPeptStats	mean	1.660964047443681
P75960	0.9577861481551058	-0.0011427009933129284	0.018731448169692907	non_sig	cobB		False	False	0.04843106995884774	False	Ecoli	False	True	False	False	diann231	AlphaPeptStats	mean	1.660964047443681
P0A8Q0	0.9589618679668138	0.003739884379761804	0.01819866171447461	non_sig	frdC		False	False	0.04845679012345679	False	Ecoli	False	True	False	False	diann231	AlphaPeptStats	mean	1.660964047443681
P27238	0.9598455215073178	-0.005396703634318101	0.017798657122257432	non_sig	yfeD		False	False	0.04848251028806584	False	Ecoli	False	True	False	False	diann231	AlphaPeptStats	mean	1.660964047443681
P27249	0.9604482931175516	0.010643594636015052	0.01752601093574519	non_sig	glnD		False	False	0.048508230452674904	False	Ecoli	False	True	False	False	diann231	AlphaPeptStats	mean	1.660964047443681
P0AAZ4	0.962558280828373	0.0029046982838849544	0.016572965428933738	non_sig	rarA		False	False	0.04853395061728395	False	Ecoli	False	True	False	False	diann231	AlphaPeptStats	mean	1.660964047443681
P60720	0.962588330743108	0.007999660980186007	0.016559407487867134	non_sig	lipB		False	False	0.04855967078189301	False	Ecoli	False	True	False	False	diann231	AlphaPeptStats	mean	1.660964047443681
P0A6V8	0.9626028250818417	-0.0018921430199583256	0.016552868073521763	non_sig	glk		False	False	0.048585390946502056	False	Ecoli	False	True	False	False	diann231	AlphaPeptStats	mean	1.660964047443681
P0C0L2	0.9644226223496992	-0.0013938466196812271	0.015732610979764354	non_sig	osmC		False	False	0.04861111111111111	False	Ecoli	False	True	False	False	diann231	AlphaPeptStats	mean	1.660964047443681
Q47083	0.9654641372986157	-0.0018756158220405439	0.015263853694616818	non_sig	cbl		False	False	0.04863683127572017	False	Ecoli	False	True	False	False	diann231	AlphaPeptStats	mean	1.660964047443681
P0AEM6	0.9658035884068426	0.0023208853099383475	0.015111185327890861	non_sig	fliA		False	False	0.04866255144032922	False	Ecoli	False	True	False	False	diann231	AlphaPeptStats	mean	1.660964047443681
P52108	0.9665032058829359	-0.0021733845469675828	0.014796701081926293	non_sig	rstA		False	False	0.04868827160493827	False	Ecoli	False	True	False	False	diann231	AlphaPeptStats	mean	1.660964047443681
P04994	0.9681046018486659	-0.00837861729830891	0.014077715469106794	non_sig	xseA		False	False	0.04871399176954733	False	Ecoli	False	True	False	False	diann231	AlphaPeptStats	mean	1.660964047443681
P0A6X1	0.9683135186584186	0.004301717383597747	0.013984004904179078	non_sig	hemA		False	False	0.048739711934156375	False	Ecoli	False	True	False	False	diann231	AlphaPeptStats	mean	1.660964047443681
P31697	0.9694052635839263	-0.0009455053382829703	0.01349462651624261	non_sig	fimC		False	False	0.04876543209876544	False	Ecoli	False	True	False	False	diann231	AlphaPeptStats	mean	1.660964047443681
P63183	0.9705001543054709	0.004048052567629412	0.013004391224604256	non_sig	kup		False	False	0.04879115226337449	False	Ecoli	False	True	False	False	diann231	AlphaPeptStats	mean	1.660964047443681
P76177	0.9711508073169139	0.0012206471100526528	0.012713324468873341	non_sig	ydgH		False	False	0.04881687242798354	False	Ecoli	False	True	False	False	diann231	AlphaPeptStats	mean	1.660964047443681
P30126	0.9729147489872947	0.0018844262310437898	0.011925212831803209	non_sig	leuD		False	False	0.0488425925925926	False	Ecoli	False	True	False	False	diann231	AlphaPeptStats	mean	1.660964047443681
P0AF18	0.9743140053289228	0.003403718875816253	0.011301054615992507	non_sig	nagA		False	False	0.048868312757201646	False	Ecoli	False	True	False	False	diann231	AlphaPeptStats	mean	1.660964047443681
P40710	0.9745313074019911	0.003310395936342303	0.011204204351875245	non_sig	nlpE		False	False	0.04889403292181071	False	Ecoli	False	True	False	False	diann231	AlphaPeptStats	mean	1.660964047443681
P0AE67	0.9753153404672251	0.002073090214793183	0.010854944831815908	non_sig	cheY		False	False	0.04891975308641976	False	Ecoli	False	True	False	False	diann231	AlphaPeptStats	mean	1.660964047443681
P51965ups|UB2E1_HUMAN_UPS	0.9762785492353582	-0.0014311503681696536	0.010426252890224669	non_sig	Ubiquitin-conjugating		False	False	0.04894547325102881	False		False	False	False	False	diann231	AlphaPeptStats	mean	1.660964047443681
P0AFF6	0.976401815837268	-0.0004410344385519238	0.010371421586503808	non_sig	nusA		False	False	0.04897119341563786	False	Ecoli	False	True	False	False	diann231	AlphaPeptStats	mean	1.660964047443681
P76014	0.9767151424858054	0.001309651233206921	0.01023207915226763	non_sig	dhaL		False	False	0.048996913580246916	False	Ecoli	False	True	False	False	diann231	AlphaPeptStats	mean	1.660964047443681
P76290	0.9776083441759325	-0.0011460397340563588	0.00983510025403917	non_sig	cmoA		False	False	0.04902263374485597	False	Ecoli	False	True	False	False	diann231	AlphaPeptStats	mean	1.660964047443681
P0AFT5	0.9787644661804726	-0.001157670047557957	0.00932180599563509	non_sig	yehT		False	False	0.04904835390946503	False	Ecoli	False	True	False	False	diann231	AlphaPeptStats	mean	1.660964047443681
P32132	0.9808046294006297	-0.0009849338443537192	0.008417492949637376	non_sig	typA		False	False	0.049074074074074076	False	Ecoli	False	True	False	False	diann231	AlphaPeptStats	mean	1.660964047443681
P62623	0.981939784854491	0.001154024142014265	0.007915143483144704	non_sig	ispH		False	False	0.04909979423868313	False	Ecoli	False	True	False	False	diann231	AlphaPeptStats	mean	1.660964047443681
P0AE72	0.9821130969406321	-0.000821127545822975	0.007838497397337888	non_sig	mazE		False	False	0.04912551440329218	False	Ecoli	False	True	False	False	diann231	AlphaPeptStats	mean	1.660964047443681
P0ABF6	0.9824636200630066	0.0005142606066286248	0.007683522274071332	non_sig	cdd		False	False	0.04915123456790124	False	Ecoli	False	True	False	False	diann231	AlphaPeptStats	mean	1.660964047443681
P0AFE4	0.9825775487153152	-0.0007790118235355692	0.0076331634461038605	non_sig	nuoK		False	False	0.04917695473251029	False	Ecoli	False	True	False	False	diann231	AlphaPeptStats	mean	1.660964047443681
Q46925	0.9830896374354969	0.0028023420444824865	0.007406881690964425	non_sig	csdA		False	False	0.049202674897119346	False	Ecoli	False	True	False	False	diann231	AlphaPeptStats	mean	1.660964047443681
P46125	0.9841702947586568	-0.0028577249135572913	0.006929747427410428	non_sig	yedI		False	False	0.049228395061728394	False	Ecoli	False	True	False	False	diann231	AlphaPeptStats	mean	1.660964047443681
P0AED7	0.9852991503096677	0.0005803981707686034	0.006431891731719538	non_sig	dapE		False	False	0.04925411522633745	False	Ecoli	False	True	False	False	diann231	AlphaPeptStats	mean	1.660964047443681
P37344	0.9853283823929564	-0.0027535090318728805	0.006419007173621118	non_sig	pspF		False	False	0.049279835390946505	False	Ecoli	False	True	False	False	diann231	AlphaPeptStats	mean	1.660964047443681
P62601	0.9853558995633049	-0.0005502634007825691	0.006406878843020259	non_sig	treF		False	False	0.04930555555555556	False	Ecoli	False	True	False	False	diann231	AlphaPeptStats	mean	1.660964047443681
P16525	0.9858091342583111	0.0005167151970795203	0.006207162099734179	non_sig	tus		False	False	0.04933127572016461	False	Ecoli	False	True	False	False	diann231	AlphaPeptStats	mean	1.660964047443681
P62617	0.986100952535387	-0.0006636265692954169	0.0060786216868355	non_sig	ispF		False	False	0.049356995884773665	False	Ecoli	False	True	False	False	diann231	AlphaPeptStats	mean	1.660964047443681
P0ABJ9	0.9878191294289811	0.00017098251448643964	0.005322567843425547	non_sig	cydA		False	False	0.04938271604938271	False	Ecoli	False	True	False	False	diann231	AlphaPeptStats	mean	1.660964047443681
P0ADU7	0.9892675156280459	0.0005739886902382807	0.004686251526160996	non_sig	yqiB		False	False	0.049408436213991776	False	Ecoli	False	True	False	False	diann231	AlphaPeptStats	mean	1.660964047443681
P04968	0.9892784862816169	-0.0010854343950263967	0.004681435368938296	non_sig	ilvA		False	False	0.049434156378600824	False	Ecoli	False	True	False	False	diann231	AlphaPeptStats	mean	1.660964047443681
P0A9W3	0.9895302720350505	-0.0007413258812043466	0.004570915174939113	non_sig	yjjK		False	False	0.04945987654320988	False	Ecoli	False	True	False	False	diann231	AlphaPeptStats	mean	1.660964047443681
P02741ups|CRP_HUMAN_UPS	0.9909586398353974	-0.00020912411311613255	0.003944471514832926	non_sig	C-reactive		False	False	0.04948559670781893	False		False	False	False	False	diann231	AlphaPeptStats	mean	1.660964047443681
P10599ups|THIO_HUMAN_UPS	0.9922765802107445	-0.00015248242918275423	0.0033672587758078153	non_sig	Thioredoxin		False	False	0.049511316872427984	False		False	False	False	False	diann231	AlphaPeptStats	mean	1.660964047443681
P0ACP1	0.9939112482487225	-0.0002939162743587076	0.002652394392130787	non_sig	cra		False	False	0.049537037037037046	False	Ecoli	False	True	False	False	diann231	AlphaPeptStats	mean	1.660964047443681
P0ABT2	0.9945075858839287	0.0001156424310018167	0.002391899824647997	non_sig	dps		False	False	0.049562757201646095	False	Ecoli	False	True	False	False	diann231	AlphaPeptStats	mean	1.660964047443681
P75736	0.9950815010975864	-0.0002624933648718297	0.0021413473674436723	non_sig	ybfF		False	False	0.04958847736625515	False	Ecoli	False	True	False	False	diann231	AlphaPeptStats	mean	1.660964047443681
P52143	0.9950960419000909	-6.168323987765234e-05	0.0021350012097227323	non_sig	ypjA		False	False	0.0496141975308642	False	Ecoli	False	True	False	False	diann231	AlphaPeptStats	mean	1.660964047443681
P0AEL0	0.9951330470874715	0.00118720435964903	0.0021188511606937397	non_sig	fdoI		False	False	0.049639917695473254	False	Ecoli	False	True	False	False	diann231	AlphaPeptStats	mean	1.660964047443681
P19319	0.9957987985442673	-4.527046188940176e-05	0.0018284020472129601	non_sig	narZ		False	False	0.04966563786008231	False	Ecoli	False	True	False	False	diann231	AlphaPeptStats	mean	1.660964047443681
P0A8T1	0.9958285329627263	-0.00013608810263221471	0.0018154342658855856	non_sig	prmA		False	False	0.049691358024691365	False	Ecoli	False	True	False	False	diann231	AlphaPeptStats	mean	1.660964047443681
P22707	0.9974552426372039	-0.00035478383034970307	0.0011065826705717408	non_sig	finO		False	False	0.049717078189300414	False	Ecoli	False	True	False	False	diann231	AlphaPeptStats	mean	1.660964047443681
P0AB28	0.9979582802025861	-5.903107917859529e-05	0.0008876140798881285	non_sig	yceD		False	False	0.04974279835390947	False	Ecoli	False	True	False	False	diann231	AlphaPeptStats	mean	1.660964047443681
P0AAU7	0.9986259515895652	8.16227953635007e-05	0.0005971519944110715	non_sig	ybfE		False	False	0.04976851851851852	False	Ecoli	False	True	False	False	diann231	AlphaPeptStats	mean	1.660964047443681
P32681	0.9993894295941537	9.561452003481463e-07	0.0002652483427094356	non_sig	yjaH		False	False	0.04979423868312758	False	Ecoli	False	True	False	False	diann231	AlphaPeptStats	mean	1.660964047443681
P0A8U0	0.9996622162140194	3.1195041501064225e-05	0.0001467224159496304	non_sig	syd		False	False	0.04981995884773663	False	Ecoli	False	True	False	False	diann231	AlphaPeptStats	mean	1.660964047443681
P28306	0.9997878108218776	-3.1861711974556783e-05	9.216236745246918e-05	non_sig	yceG		False	False	0.049845679012345684	False	Ecoli	False	True	False	False	diann231	AlphaPeptStats	mean	1.660964047443681
P21515	1.0	0.0	-0.0	non_sig	acpH		False	False	0.04987139917695473	False	Ecoli	False	True	False	False	diann231	AlphaPeptStats	mean	1.660964047443681
P52101	1.0	0.0	-0.0	non_sig	glrK		False	False	0.04989711934156379	False	Ecoli	False	True	False	False	diann231	AlphaPeptStats	mean	1.660964047443681
P0A8H6		0.0		non_sig	yihI		False	False	0.04992283950617284	False	Ecoli	False	True	False	False	diann231	AlphaPeptStats	mean	1.660964047443681
P64606		0.0		non_sig	mlaE		False	False	0.0499485596707819	False	Ecoli	False	True	False	False	diann231	AlphaPeptStats	mean	1.660964047443681
P69922		0.0		non_sig	fucI		False	False	0.04997427983539095	False	Ecoli	False	True	False	False	diann231	AlphaPeptStats	mean	1.660964047443681
P75958		0.0		non_sig	lolE		False	False	0.05	False	Ecoli	False	True	False	False	diann231	AlphaPeptStats	mean	1.660964047443681
