Protein.Group	Protein.Names	Genes	First.Protein.Description	N.Sequences	N.Proteotypic.Sequences	/home/lerost/DIA_tools_manuscript/input_files/PXD026600/RD139_Wide_UPS1_50fmol_inj2.mzML	/home/lerost/DIA_tools_manuscript/input_files/PXD026600/RD139_Wide_UPS1_1fmol_inj1.mzML	/home/lerost/DIA_tools_manuscript/input_files/PXD026600/RD139_Wide_UPS1_50fmol_inj3.mzML	/home/lerost/DIA_tools_manuscript/input_files/PXD026600/RD139_Wide_UPS1_1fmol_inj2.mzML	/home/lerost/DIA_tools_manuscript/input_files/PXD026600/RD139_Wide_UPS1_50fmol_inj1.mzML	/home/lerost/DIA_tools_manuscript/input_files/PXD026600/RD139_Wide_UPS1_1fmol_inj3.mzML
DECOY_sp|P63389|YHES_ECOLI	Uncharacterized	Uncharacterized		1	1	1.15381e+07			1.01354e+07		9.72994e+06
O00762ups|UBE2C_HUMAN_UPS	Ubiquitin-conjugating	Ubiquitin-conjugating		7	7	9.75457e+07		9.78133e+07	1.61266e+06	9.69429e+07	2.01327e+06
O76070ups|SYUG_HUMAN_UPS	Gamma-synuclein	Gamma-synuclein		12	11	1.59386e+08	5.85363e+06	1.68638e+08		1.649e+08	2.75086e+06
P00167ups|CYB5_HUMAN_UPS	Cytochrome	Cytochrome		5	5	1.29407e+08		1.25178e+08		1.30018e+08	
P00350	6PGD_ECOLI	gnd	6-phosphogluconate dehydrogenase, decarboxylating	27	27	3.51894e+08	3.42879e+08	3.61762e+08	3.44289e+08	3.5895e+08	3.46553e+08
P00363	FRDA_ECOLI	frdA	Fumarate reductase flavoprotein subunit	28	28	2.31893e+08	2.20183e+08	2.10756e+08	2.14263e+08	2.04036e+08	2.17497e+08
P00370	DHE4_ECOLI	gdhA	NADP-specific glutamate dehydrogenase	10	10	1.43761e+07	1.48114e+07	1.39681e+07	1.49245e+07	1.52603e+07	1.50233e+07
P00393	DHNA_ECOLI	ndh	NADH dehydrogenase	20	20	2.51373e+07	2.34862e+07	2.40482e+07	2.39269e+07	2.37284e+07	2.41277e+07
P00441ups|SODC_HUMAN_UPS	Superoxide	Superoxide		2	2	5.90851e+07		5.79038e+07		5.6378e+07	
P00448	SODM_ECOLI	sodA	Superoxide dismutase [Mn]	9	9	4.68564e+07	4.36744e+07	4.49295e+07	4.40181e+07	4.42954e+07	4.71326e+07
P00452	RIR1_ECOLI	nrdA	Ribonucleoside-diphosphate reductase 1 subunit alpha	33	33	4.37275e+07	4.10956e+07	4.48581e+07	4.08153e+07	4.40966e+07	4.15161e+07
P00490	PHSM_ECOLI	malP	Maltodextrin phosphorylase	31	31	3.88952e+07	3.94975e+07	3.93723e+07	3.92506e+07	3.81327e+07	3.96144e+07
P00509	AAT_ECOLI	aspC	Aspartate aminotransferase	27	27	9.69565e+07	9.54621e+07	1.04143e+08	9.68113e+07	9.84438e+07	9.63691e+07
P00547	KHSE_ECOLI	thrB	Homoserine kinase	3	3	3.03373e+06	3.23081e+06	2.92195e+06	2.65492e+06	3.03349e+06	3.12823e+06
P00550	PTM3C_ECOLI	mtlA	PTS system mannitol-specific EIICBA component	4	4	2.99745e+06	3.35485e+06	3.59503e+06	3.29305e+06	3.40623e+06	3.56342e+06
P00561	AK1H_ECOLI	thrA	Bifunctional aspartokinase/homoserine dehydrogenase 1	12	12	1.06398e+07	1.13591e+07	1.02732e+07	1.13469e+07	1.07284e+07	1.15467e+07
P00562	AK2H_ECOLI	metL	Bifunctional aspartokinase/homoserine dehydrogenase 2	15	15	6.57931e+06	6.77076e+06	6.81415e+06	6.83338e+06	6.81433e+06	6.98697e+06
P00579	RPOD_ECOLI	rpoD	RNA polymerase sigma factor RpoD	20	19	7.60855e+07	8.12922e+07	8.50433e+07	7.86919e+07	8.30501e+07	7.84989e+07
P00582	DPO1_ECOLI	polA	DNA polymerase I	41	41	2.28672e+07	2.33204e+07	2.28801e+07	2.31751e+07	2.24959e+07	2.30529e+07
P00709ups|LALBA_HUMAN_UPS	Alpha-lactalbumin	Alpha-lactalbumin		2	2	7.08505e+07		7.20745e+07		8.35057e+07	
P00803	LEP_ECOLI	lepB	Signal peptidase I	6	6	1.50728e+07	1.41748e+07	1.43094e+07	1.45593e+07	1.54754e+07	1.45287e+07
P00805	ASPG2_ECOLI	ansB	L-asparaginase 2	20	20	1.39187e+08	1.41099e+08	1.4115e+08	1.39052e+08	1.41525e+08	1.36937e+08
P00811	AMPC_ECOLI	ampC	Beta-lactamase	5	5	5.30367e+06	4.81971e+06	5.51708e+06	4.80231e+06	5.22697e+06	5.45381e+06
P00861	DCDA_ECOLI	lysA	Diaminopimelate decarboxylase	2	2	1.01935e+06	1.04445e+06	841429	963416	1.17582e+06	967550
P00864	CAPP_ECOLI	ppc	Phosphoenolpyruvate carboxylase	40	40	6.03658e+07	6.03111e+07	6.16585e+07	6.02275e+07	6.21027e+07	6.20648e+07
P00887	AROH_ECOLI	aroH	Phospho-2-dehydro-3-deoxyheptonate aldolase, Trp-sensitive	4	4	9.25881e+06	7.69821e+06	9.30586e+06	7.55171e+06	9.64128e+06	7.92212e+06
P00888	AROF_ECOLI	aroF	Phospho-2-dehydro-3-deoxyheptonate aldolase, Tyr-sensitive	8	7	1.00101e+07	1.1475e+07	1.1572e+07	1.17551e+07	1.14022e+07	1.11018e+07
P00892	ILVG_ECOLI	ilvG	Acetolactate synthase isozyme 2 large subunit	1	1	413980			567671	443135	592994
P00894	ILVH_ECOLI	ilvH	Acetolactate synthase isozyme 3 small subunit	3	3	1.45522e+06	1.53548e+06	1.59846e+06	1.36278e+06	1.34875e+06	1.53296e+06
P00914	PHR_ECOLI	phrB	Deoxyribodipyrimidine photo-lyase	4	4	1.53567e+06	1.59742e+06	1.39351e+06	1.42254e+06	1.50141e+06	1.28297e+06
P00915ups|CAH1_HUMAN_UPS	Carbonic	Carbonic		10	10	1.25795e+08		1.19909e+08		1.33211e+08	
P00918ups|CAH2_HUMAN_UPS	Carbonic	Carbonic		12	12	1.93629e+08	3.87796e+06	1.94718e+08	4.13803e+06	1.9882e+08	3.75756e+06
P00926	SDHD_ECOLI	dsdA	D-serine dehydratase	4	4	1.99162e+06	1.79186e+06	1.77799e+06	2.20316e+06	1.88227e+06	2.28943e+06
P00934	THRC_ECOLI	thrC	Threonine synthase	14	14	1.64702e+07	1.70728e+07	1.6615e+07	1.70549e+07	1.77998e+07	1.66842e+07
P00935	METB_ECOLI	metB	Cystathionine gamma-synthase	2	2	3.04069e+06	2.28045e+06	2.29032e+06	2.61989e+06	2.66573e+06	2.48733e+06
P00936	CYAA_ECOLI	cyaA	Adenylate cyclase	4	4	3.01087e+06	2.94199e+06	2.49235e+06	2.5889e+06	3.05834e+06	2.07779e+06
P00946	MANA_ECOLI	manA	Mannose-6-phosphate isomerase	11	11	5.40173e+07	5.35594e+07	5.45884e+07	5.21908e+07	5.33535e+07	5.17066e+07
P00954	SYW_ECOLI	trpS	Tryptophan--tRNA ligase	12	12	8.07704e+07	8.75084e+07	8.29969e+07	9.00998e+07	8.44394e+07	9.11101e+07
P00956	SYI_ECOLI	ileS	Isoleucine--tRNA ligase	38	38	1.10037e+08	1.09216e+08	1.0909e+08	1.08952e+08	1.11473e+08	1.09615e+08
P00957	SYA_ECOLI	alaS	Alanine--tRNA ligase	41	41	1.30291e+08	1.33589e+08	1.32155e+08	1.2939e+08	1.30915e+08	1.30088e+08
P00959	SYM_ECOLI	metG	Methionine--tRNA ligase	33	33	6.16109e+07	6.11816e+07	6.16428e+07	6.04482e+07	6.28476e+07	6.12741e+07
P00960	SYGA_ECOLI	glyQ	Glycine--tRNA ligase alpha subunit	9	9	3.54039e+07	3.19032e+07	3.62718e+07	3.16763e+07	3.41648e+07	3.12863e+07
P00961	SYGB_ECOLI	glyS	Glycine--tRNA ligase beta subunit	40	40	7.78448e+07	7.86675e+07	7.92299e+07	7.71019e+07	7.78205e+07	7.77233e+07
P00962	SYQ_ECOLI	glnS	Glutamine--tRNA ligase	30	30	7.84973e+07	7.693e+07	7.67901e+07	7.72766e+07	8.06671e+07	7.68888e+07
P00963	ASNA_ECOLI	asnA	Aspartate--ammonia ligase	9	9	1.00602e+08	9.7164e+07	9.91832e+07	1.02746e+08	1.01925e+08	1.0208e+08
P00968	CARB_ECOLI	carB	Carbamoyl-phosphate synthase large chain	30	30	1.78688e+07	1.86394e+07	1.8625e+07	1.89251e+07	1.82152e+07	1.83239e+07
P01008ups|ANT3_HUMAN_UPS	Antithrombin-III	Antithrombin-III		15	15	1.58855e+08	3.74148e+06	1.5258e+08	3.42945e+06	1.53427e+08	4.13498e+06
P01112ups|RASH_HUMAN_UPS	GTPase	GTPase		8	8	7.89677e+07		8.30429e+07		8.15584e+07	
P01127ups|PDGFB_HUMAN_UPS	Platelet-derived	Platelet-derived		4	4	1.12242e+08	3.68514e+06	1.11509e+08	4.64865e+06	1.11361e+08	
P01133ups|EGF_HUMAN_UPS	Pro-Epidermal	Pro-Epidermal		1	1	6.03912e+07		5.29756e+07		5.64777e+07	
P01344ups|IGF2_HUMAN_UPS	Insulin-like	Insulin-like		1	1	7.406e+07		6.93898e+07		7.1126e+07	
P01375ups|TNFA_HUMAN_UPS	Tumor	Tumor		7	7	1.00363e+08		9.75962e+07		9.77317e+07	
P01579ups|IFNG_HUMAN_UPS	Interferon	Interferon		8	8	1.35303e+08	3.28451e+06	1.41173e+08	4.41549e+06	1.41155e+08	3.30537e+06
P02144ups|MYG_HUMAN_UPS	Myoglobin	Myoglobin		9	9	1.5516e+08	3.89465e+06	1.48497e+08		1.59326e+08	3.09875e+06
P02358	RS6_ECOLI	rpsF	30S ribosomal protein S6	12	12	8.62623e+08	9.4207e+08	9.2469e+08	9.53365e+08	8.8824e+08	9.28958e+08
P02359	RS7_ECOLI	rpsG	30S ribosomal protein S7	14	14	9.06661e+08	9.10636e+08	8.99144e+08	9.41694e+08	9.49535e+08	9.35524e+08
P02413	RL15_ECOLI	rplO	50S ribosomal protein L15	12	12	7.54539e+08	8.44126e+08	7.96067e+08	8.47402e+08	7.73505e+08	8.25493e+08
P02741ups|CRP_HUMAN_UPS	C-reactive	C-reactive		7	7	1.7182e+07		1.85689e+07		1.85923e+07	
P02753ups|RETBP_HUMAN_UPS	Retinol-binding	Retinol-binding		4	4	1.90582e+07		2.10521e+07		2.0585e+07	
P02768ups|ALBU_HUMAN_UPS	Serum	Serum		23	23	2.66445e+08	5.51722e+06	2.75636e+08	5.50648e+06	2.6278e+08	5.87363e+06
P02787ups|TRFE_HUMAN_UPS	Serotransferrin	Serotransferrin		20	20	1.36984e+08	7.14352e+06	1.30708e+08		1.34482e+08	
P02788ups|TRFL_HUMAN_UPS	Lactotransferrin	Lactotransferrin		23	23	1.48024e+08	3.07145e+06	1.50791e+08	2.52108e+06	1.48223e+08	3.48947e+06
P02918	PBPA_ECOLI	mrcA	Penicillin-binding protein 1A	9	9	1.44693e+07	1.41879e+07	1.51533e+07	1.45918e+07	1.48199e+07	1.46816e+07
P02919	PBPB_ECOLI	mrcB	Penicillin-binding protein 1B	16	16	6.93561e+07	6.9074e+07	6.96639e+07	6.80788e+07	7.91458e+07	6.69978e+07
P02925	RBSB_ECOLI	rbsB	D-ribose-binding periplasmic protein	13	13	4.30369e+07	4.13251e+07	4.26206e+07	4.19026e+07	4.16543e+07	4.15859e+07
P02930	TOLC_ECOLI	tolC	Outer membrane protein TolC	16	16	1.23763e+08	1.23914e+08	1.22041e+08	1.23452e+08	1.22544e+08	1.25482e+08
P02931	OMPF_ECOLI	ompF	Outer membrane protein F	16	15	1.96045e+08	1.98903e+08	2.09843e+08	2.00624e+08	1.9606e+08	1.96724e+08
P02932	PHOE_ECOLI	phoE	Outer membrane pore protein E	1	1	1.13296e+06	931074	1.48364e+06	1.08861e+06	1.09624e+06	1.04889e+06
P02942	MCP1_ECOLI	tsr	Methyl-accepting chemotaxis protein I	17	15	6.28245e+07	6.27509e+07	6.52607e+07	6.3966e+07	6.64416e+07	6.18464e+07
P02943	LAMB_ECOLI	lamB	Maltoporin	9	9	9.0892e+06	9.96285e+06	8.49771e+06	8.8774e+06	9.94471e+06	9.80856e+06
P03004	DNAA_ECOLI	dnaA	Chromosomal replication initiator protein DnaA	13	13	6.81328e+06	6.24314e+06	6.96512e+06	6.68343e+06	7.21388e+06	6.48297e+06
P03007	DPO3E_ECOLI	dnaQ	DNA polymerase III subunit epsilon	3	3	2.64865e+06	2.86505e+06		2.44569e+06	2.37071e+06	2.24193e+06
P03018	UVRD_ECOLI	uvrD	DNA helicase II	10	10	9.65911e+06	8.41004e+06	9.15245e+06	8.1181e+06	9.83011e+06	8.24039e+06
P03023	LACI_ECOLI	lacI	Lactose operon repressor	2	2	2.43964e+06	2.77942e+06	2.2676e+06	2.34968e+06	2.55934e+06	1.86217e+06
P03024	GALR_ECOLI	galR	HTH-type transcriptional regulator GalR	3	3	5.74735e+06	6.34006e+06	7.38416e+06	6.74455e+06	7.19115e+06	6.56736e+06
P03817	MIOC_ECOLI	mioC	Protein MioC	1	1	3.80682e+07	3.69317e+07	4.02953e+07	3.57523e+07	3.76242e+07	3.71102e+07
P03841	MALM_ECOLI	malM	Maltose operon periplasmic protein	6	6	3.39071e+07	3.34631e+07	3.37091e+07	3.47579e+07	3.40713e+07	3.33696e+07
P04036	DAPB_ECOLI	dapB	4-hydroxy-tetrahydrodipicolinate reductase	9	9	3.50631e+07	3.30646e+07	3.3736e+07	3.37911e+07	3.3372e+07	3.41315e+07
P04040ups|CATA_HUMAN_UPS	Catalase	Catalase		24	24	5.41989e+07		5.46159e+07		5.50972e+07	
P04079	GUAA_ECOLI	guaA	GMP synthase [glutamine-hydrolyzing]	26	26	7.53018e+07	7.71899e+07	7.74009e+07	7.84083e+07	7.65372e+07	7.72592e+07
P04335	FRSA_ECOLI	frsA	Esterase FrsA	14	14	1.62558e+07	1.56611e+07	1.62532e+07	1.50157e+07	1.70715e+07	1.55046e+07
P04425	GSHB_ECOLI	gshB	Glutathione synthetase	14	14	3.50206e+07	3.829e+07	3.671e+07	3.79167e+07	3.69666e+07	3.81208e+07
P04693	TYRB_ECOLI	tyrB	Aromatic-amino-acid aminotransferase	5	5	2.91876e+07	2.66322e+07	2.97142e+07	2.62515e+07	2.72362e+07	2.70437e+07
P04805	SYE_ECOLI	gltX	Glutamate--tRNA ligase	23	23	1.44289e+08	1.41074e+08	1.44432e+08	1.37625e+08	1.46789e+08	1.40578e+08
P04825	AMPN_ECOLI	pepN	Aminopeptidase N	28	28	7.5312e+07	7.40743e+07	7.43482e+07	7.15318e+07	7.55268e+07	7.28557e+07
P04846	NLPA_ECOLI	nlpA	Lipoprotein 28	3	3	7.39858e+06	7.09087e+06	8.08946e+06	6.97145e+06	7.80355e+06	7.156e+06
P04949	FLIC_ECOLI	fliC	Flagellin	15	15	3.62953e+08	3.97186e+08	3.63147e+08	4.22445e+08	3.73752e+08	4.13016e+08
P04951	KDSB_ECOLI	kdsB	3-deoxy-manno-octulosonate cytidylyltransferase	6	6	3.93224e+07	3.69915e+07	3.80345e+07	3.70539e+07	3.79993e+07	3.70588e+07
P04968	ILVA_ECOLI	ilvA	L-threonine dehydratase biosynthetic IlvA	4	4	1.26613e+06	1.09597e+06	1.20366e+06	1.0934e+06	1.23862e+06	1.10423e+06
P04982	RBSD_ECOLI	rbsD	D-ribose pyranase	1	1	4.81443e+06	5.63681e+06	5.87557e+06	6.62108e+06	5.7981e+06	6.40148e+06
P04994	EX7L_ECOLI	xseA	Exodeoxyribonuclease 7 large subunit	3	3	4.24216e+06	4.54696e+06	3.73362e+06	3.65635e+06	2.89242e+06	3.09092e+06
P04995	EX1_ECOLI	sbcB	Exodeoxyribonuclease I	8	8	7.32839e+06	7.72262e+06	7.16942e+06	7.2481e+06	7.33758e+06	7.43048e+06
P05020	PYRC_ECOLI	pyrC	Dihydroorotase	11	11	2.03731e+07	2.11167e+07	2.00132e+07	2.09006e+07	2.07774e+07	2.07648e+07
P05041	PABB_ECOLI	pabB	Para-aminobenzoate synthase component 1	4	4	4.85577e+06	5.29752e+06	5.13644e+06	5.3897e+06	5.38704e+06	5.36766e+06
P05055	PNP_ECOLI	pnp	Polyribonucleotide nucleotidyltransferase	35	35	1.95652e+08	2.03384e+08	2.0099e+08	1.98557e+08	1.99989e+08	2.0264e+08
P05100	3MG1_ECOLI	tag	DNA-3-methyladenine glycosylase 1	2	2	6.81179e+06	5.37681e+06	6.29161e+06	4.79087e+06	6.0035e+06	5.27154e+06
P05194	AROD_ECOLI	aroD	3-dehydroquinate dehydratase	6	6	2.06314e+07	2.00946e+07	1.95764e+07	1.97845e+07	2.03351e+07	2.14902e+07
P05413ups|FABPH_HUMAN_UPS	Fatty	Fatty		10	10	1.26504e+08	5.19986e+06	1.29425e+08	4.74387e+06	1.30435e+08	4.33578e+06
P05458	PTRA_ECOLI	ptrA	Protease 3	11	11	5.76901e+06	6.42122e+06	6.74114e+06	6.67204e+06	6.59421e+06	6.65023e+06
P05459	PDXB_ECOLI	pdxB	Erythronate-4-phosphate dehydrogenase	16	16	3.45312e+07	3.30625e+07	3.50916e+07	3.48566e+07	3.38945e+07	3.56241e+07
P05523	FPG_ECOLI	mutM	Formamidopyrimidine-DNA glycosylase	3	3	944968	1.20157e+06	914670	900082		1.14437e+06
P05637	APAH_ECOLI	apaH	Bis(5'-nucleosyl)-tetraphosphatase [symmetrical]	8	8	9.87514e+06	1.05772e+07	9.15178e+06	1.06126e+07	9.5566e+06	1.0336e+07
P05719	T1SK_ECOLI	hsdS	Type-1 restriction enzyme EcoKI specificity protein	4	4	1.06866e+07	1.25052e+07	1.05968e+07	1.15149e+07	8.72483e+06	1.29642e+07
P05791	ILVD_ECOLI	ilvD	Dihydroxy-acid dehydratase	12	12	1.66541e+07	1.53364e+07	1.64071e+07	1.58921e+07	1.67019e+07	1.56171e+07
P05793	ILVC_ECOLI	ilvC	Ketol-acid reductoisomerase	16	16	2.14804e+07	2.2705e+07	2.28882e+07	2.13974e+07	2.11918e+07	2.26372e+07
P05825	FEPA_ECOLI	fepA	Ferrienterobactin receptor	15	15	9.47761e+06	9.68983e+06	9.13408e+06	9.9435e+06	9.34109e+06	9.81811e+06
P05852	GCP_ECOLI	gcp	Probable tRNA threonylcarbamoyladenosine biosynthesis protein Gcp	4	4	8.02885e+06	9.16068e+06	9.33817e+06	9.64274e+06	9.24798e+06	8.6043e+06
P06129	BTUB_ECOLI	btuB	Vitamin B12 transporter BtuB	23	23	5.16909e+07	4.89003e+07	4.75312e+07	4.94696e+07	5.39192e+07	4.98873e+07
P06136	FTSQ_ECOLI	ftsQ	Cell division protein FtsQ	3	3	2.71651e+07	2.91472e+07	2.71361e+07	3.25678e+07	2.52362e+07	2.93274e+07
P06149	DLD_ECOLI	dld	D-lactate dehydrogenase	20	20	2.36921e+07	2.27639e+07	2.37154e+07	2.25061e+07	2.48893e+07	2.27283e+07
P06282	CDH_ECOLI	cdh	CDP-diacylglycerol pyrophosphatase	4	4	8.13967e+06	7.22342e+06	8.70053e+06	7.31108e+06	8.36997e+06	7.83255e+06
P06396ups|GELS_HUMAN_UPS	Gelsolin	Gelsolin		21	21	6.55799e+07		6.47286e+07	860174	6.39774e+07	1.11537e+06
P06610	BTUE_ECOLI	btuE	Vitamin B12 transport periplasmic protein BtuE	8	8	5.75082e+07	4.96648e+07	5.25294e+07	5.23305e+07	5.77804e+07	5.3473e+07
P06611	BTUD_ECOLI	btuD	Vitamin B12 import ATP-binding protein BtuD	2	2	1.16066e+06	1.24296e+06	1.29475e+06	1.41186e+06	1.37008e+06	1.36171e+06
P06612	TOP1_ECOLI	topA	DNA topoisomerase 1	25	25	2.60248e+07	2.68183e+07	2.66742e+07	2.73595e+07	2.76024e+07	2.67106e+07
P06616	ERA_ECOLI	era	GTPase Era	8	8	8.0679e+06	8.38192e+06	8.63371e+06	8.19802e+06	8.03322e+06	8.39294e+06
P06709	BIRA_ECOLI	birA	Bifunctional protein BirA	5	5	4.77023e+06	6.00114e+06	5.02411e+06	5.67315e+06	5.42326e+06	5.55542e+06
P06710	DPO3X_ECOLI	dnaX	DNA polymerase III subunit tau	8	8	4.49815e+06	5.43588e+06	4.43552e+06	4.91384e+06	4.75015e+06	4.99149e+06
P06715	GSHR_ECOLI	gor	Glutathione reductase	13	13	2.4671e+07	2.4326e+07	2.50664e+07	2.41214e+07	2.38044e+07	2.34624e+07
P06721	METC_ECOLI	metC	Cystathionine beta-lyase MetC	3	3		1.76375e+06	1.2323e+06	2.32182e+06	1.38215e+06	2.21019e+06
P06722	MUTH_ECOLI	mutH	DNA mismatch repair protein MutH	3	3	2.46028e+06	2.25344e+06	2.39545e+06	2.56971e+06	2.34765e+06	2.49299e+06
P06732ups|KCRM_HUMAN_UPS	Creatine	Creatine		19	19	8.47127e+07	2.03e+06	8.47024e+07	2.34138e+06	8.5529e+07	1.78631e+06
P06846	EBGR_ECOLI	ebgR	HTH-type transcriptional regulator EbgR	8	8	4.68373e+06	4.35091e+06	4.50524e+06	4.72437e+06	4.28876e+06	4.50582e+06
P06959	ODP2_ECOLI	aceF	Dihydrolipoyllysine-residue acetyltransferase component of pyruvate dehydrogenase complex	39	39	2.91311e+08	3.07784e+08	2.9416e+08	3.10527e+08	3.01577e+08	3.063e+08
P06961	CCA_ECOLI	cca	Multifunctional CCA protein	10	10	8.68515e+06	9.73746e+06	9.00516e+06	9.16994e+06	8.93514e+06	9.18779e+06
P06968	DUT_ECOLI	dut	Deoxyuridine 5'-triphosphate nucleotidohydrolase	3	3	7.49979e+07	8.09767e+07	7.95063e+07	8.24415e+07	7.72945e+07	8.08872e+07
P06971	FHUA_ECOLI	fhuA	Ferrichrome-iron receptor	18	18	7.45991e+07	7.55647e+07	7.74331e+07	7.72616e+07	7.4148e+07	7.30766e+07
P06974	FLIM_ECOLI	fliM	Flagellar motor switch protein FliM	7	7	1.21791e+07	1.31105e+07	1.35433e+07	1.30851e+07	1.34722e+07	1.37584e+07
P06983	HEM3_ECOLI	hemC	Porphobilinogen deaminase	14	14	5.53575e+07	5.63334e+07	5.53741e+07	5.6618e+07	5.56967e+07	5.77949e+07
P06986	HIS8_ECOLI	hisC	Histidinol-phosphate aminotransferase	9	9	1.63553e+07	1.47597e+07	1.6436e+07	1.45248e+07	1.62377e+07	1.45767e+07
P06987	HIS7_ECOLI	hisB	Histidine biosynthesis bifunctional protein HisB	8	8	3.47842e+06	3.74335e+06	3.15599e+06	3.64136e+06	3.63223e+06	3.65082e+06
P06988	HISX_ECOLI	hisD	Histidinol dehydrogenase	6	6	4.69244e+06	4.12933e+06	4.17061e+06	4.07494e+06	4.43233e+06	4.06795e+06
P06992	RSMA_ECOLI	rsmA	Ribosomal RNA small subunit methyltransferase A	3	3	1.40857e+08	1.34046e+08	1.39505e+08	1.25083e+08	1.40544e+08	1.36273e+08
P06993	MALT_ECOLI	malT	HTH-type transcriptional regulator MalT	2	2	3.17148e+06	2.76931e+06	1.91832e+06	2.22632e+06	2.90495e+06	2.5252e+06
P06996	OMPC_ECOLI	ompC	Outer membrane protein C	19	16	1.24765e+09	1.35075e+09	1.30603e+09	1.34753e+09	1.2718e+09	1.351e+09
P06999	K6PF2_ECOLI	pfkB	6-phosphofructokinase isozyme 2	5	5	4.46471e+06	4.30757e+06	4.37807e+06	4.38531e+06	4.3816e+06	4.18026e+06
P07000	PLDB_ECOLI	pldB	Lysophospholipase L2	1	1	2.27571e+06	1.86859e+06	1.92731e+06	1.77423e+06	2.13843e+06	1.955e+06
P07001	PNTA_ECOLI	pntA	NAD(P) transhydrogenase subunit alpha	11	11	2.11357e+07	2.17988e+07	2.33969e+07	2.33422e+07	2.34446e+07	2.36133e+07
P07003	POXB_ECOLI	poxB	Pyruvate dehydrogenase [ubiquinone]	9	9	1.25075e+07	1.29125e+07	1.16003e+07	1.1388e+07	1.1725e+07	1.20196e+07
P07004	PROA_ECOLI	proA	Gamma-glutamyl phosphate reductase	15	15	3.04068e+07	3.25216e+07	3.02192e+07	3.1762e+07	3.15868e+07	3.11207e+07
P07012	RF2_ECOLI	prfB	Peptide chain release factor 2	19	19	5.93578e+07	6.27667e+07	6.09781e+07	6.28495e+07	6.06834e+07	6.13498e+07
P07014	DHSB_ECOLI	sdhB	Succinate dehydrogenase iron-sulfur subunit	10	10	2.08502e+07	2.1051e+07	2.14242e+07	1.96445e+07	1.97747e+07	2.03012e+07
P07017	MCP2_ECOLI	tar	Methyl-accepting chemotaxis protein II	14	14	1.57474e+07	1.56491e+07	1.70547e+07	1.55973e+07	1.59131e+07	1.55552e+07
P07021	YFIB_ECOLI	yfiB	Putative lipoprotein YfiB	4	4	5.0039e+06	5.45453e+06	6.12573e+06	4.98419e+06	5.65997e+06	5.14465e+06
P07023	TYRA_ECOLI	tyrA	T-protein	9	9	7.06765e+06	6.73421e+06	7.26607e+06	6.74909e+06	7.15416e+06	6.9003e+06
P07024	USHA_ECOLI	ushA	Protein UshA	13	13	2.4057e+07	2.34695e+07	2.36842e+07	2.34443e+07	2.33477e+07	2.32181e+07
P07026	SDIA_ECOLI	sdiA	Regulatory protein SdiA	1	1	5.1029e+06	4.71116e+06	5.18608e+06	4.27689e+06	4.86803e+06	4.72487e+06
P07117	PUTP_ECOLI	putP	Sodium/proline symporter	2	2	1.72447e+06			1.87127e+06	1.77979e+06	2.10373e+06
P07118	SYV_ECOLI	valS	Valine--tRNA ligase	48	48	1.20684e+08	1.1435e+08	1.18259e+08	1.10999e+08	1.23266e+08	1.142e+08
P07330	CHEB_ECOLI	cheB	Chemotaxis response regulator protein-glutamate methylesterase	3	3	2.71976e+06	3.1627e+06	3.18989e+06	3.21168e+06	3.08585e+06	3.23234e+06
P07363	CHEA_ECOLI	cheA	Chemotaxis protein CheA	14	14	9.74208e+06	1.09813e+07	1.10389e+07	1.10609e+07	1.0801e+07	1.16811e+07
P07364	CHER_ECOLI	cheR	Chemotaxis protein methyltransferase	1	1		264361				153102
P07395	SYFB_ECOLI	pheT	Phenylalanine--tRNA ligase beta subunit	36	36	8.77521e+07	8.40278e+07	8.75631e+07	8.20996e+07	8.68079e+07	8.44843e+07
P07604	TYRR_ECOLI	tyrR	Transcriptional regulatory protein TyrR	13	13	7.67962e+06	7.80433e+06	8.01194e+06	7.11756e+06	7.77135e+06	7.51631e+06
P07639	AROB_ECOLI	aroB	3-dehydroquinate synthase	11	11	1.61679e+07	1.56997e+07	1.55794e+07	1.60939e+07	1.73182e+07	1.59486e+07
P07648	EX5C_ECOLI	recC	Exodeoxyribonuclease V gamma chain	4	4	1.18106e+06	1.35441e+06	1.38964e+06	1.2449e+06	1.49307e+06	1.20362e+06
P07649	TRUA_ECOLI	truA	tRNA pseudouridine synthase A	4	4	3.56476e+06	3.75338e+06	3.61765e+06	3.93322e+06		3.54255e+06
P07650	TYPH_ECOLI	deoA	Thymidine phosphorylase	24	24	3.11103e+07	3.27196e+07	3.03534e+07	3.33829e+07	3.1444e+07	3.30617e+07
P07658	FDHF_ECOLI	fdhF	Formate dehydrogenase H	13	13	4.0595e+06	4.01076e+06	4.05011e+06	3.99297e+06	3.88547e+06	4.16004e+06
P07762	GLGB_ECOLI	glgB	1,4-alpha-glucan branching enzyme GlgB	18	18	1.20069e+07	1.17555e+07	1.22585e+07	1.13935e+07	1.12821e+07	1.11995e+07
P07813	SYL_ECOLI	leuS	Leucine--tRNA ligase	32	32	1.05559e+08	1.07707e+08	1.00873e+08	1.04496e+08	1.07115e+08	1.05859e+08
P07821	FHUC_ECOLI	fhuC	Iron(3+)-hydroxamate import ATP-binding protein FhuC	1	1		4.51551e+06		4.09419e+06		
P07822	FHUD_ECOLI	fhuD	Iron(3+)-hydroxamate-binding protein FhuD	2	2	1.3932e+06	1.74528e+06	1.46021e+06	1.61047e+06	1.53283e+06	1.67226e+06
P07862	DDLB_ECOLI	ddlB	D-alanine--D-alanine ligase B	11	11	3.63463e+07	3.80819e+07	3.94357e+07	3.76209e+07	3.95482e+07	3.9556e+07
P07913	TDH_ECOLI	tdh	L-threonine 3-dehydrogenase	7	7	3.50456e+07	3.21878e+07	3.32112e+07	3.16212e+07	3.30335e+07	3.12846e+07
P08178	PUR5_ECOLI	purM	Phosphoribosylformylglycinamidine cyclo-ligase	3	3	5.7413e+06	5.761e+06	5.76145e+06	5.59207e+06	5.785e+06	5.9012e+06
P08179	PUR3_ECOLI	purN	Phosphoribosylglycinamide formyltransferase	4	4	4.11622e+06	3.45303e+06	4.38087e+06	4.10236e+06	4.95627e+06	4.33317e+06
P08189	FIMF_ECOLI	fimF	Protein FimF	1	1	2.23757e+06	2.6729e+06		2.26221e+06	2.00809e+06	2.43058e+06
P08190	FIMG_ECOLI	fimG	Protein FimG	3	3	6.84153e+06	7.43259e+06	6.4607e+06	6.8316e+06	7.13859e+06	6.99977e+06
P08191	FIMH_ECOLI	fimH	Protein FimH	3	3	8.12728e+06	8.68047e+06	8.79075e+06	8.55284e+06	8.42909e+06	8.62525e+06
P08192	FOLC_ECOLI	folC	Bifunctional protein FolC	13	13	1.63493e+07	1.8129e+07	1.86542e+07	1.82003e+07	1.85047e+07	1.8102e+07
P08200	IDH_ECOLI	icd	Isocitrate dehydrogenase [NADP]	20	20	9.29761e+07	9.5926e+07	8.90366e+07	9.49999e+07	9.65703e+07	9.54949e+07
P08201	NIRB_ECOLI	nirB	Nitrite reductase [NAD(P)H] large subunit	21	21	2.87529e+07	2.79728e+07	3.00061e+07	2.79414e+07	2.84275e+07	2.80828e+07
P08244	PYRF_ECOLI	pyrF	Orotidine 5'-phosphate decarboxylase	6	6	5.91972e+07	6.08301e+07	6.04449e+07	6.31386e+07	5.82049e+07	6.24164e+07
P08245	YCIH_ECOLI	yciH	Uncharacterized protein YciH	2	2	8.46581e+06	8.11088e+06	7.17608e+06	8.33932e+06	7.92327e+06	7.9751e+06
P08263ups|GSTA1_HUMAN_UPS	Glutathione	Glutathione		13	13	1.01444e+08	1.9892e+06	9.86359e+07		1.04291e+08	2.13332e+06
P08312	SYFA_ECOLI	pheS	Phenylalanine--tRNA ligase alpha subunit	18	18	6.43703e+07	6.88691e+07	6.75253e+07	6.62172e+07	6.70723e+07	6.68156e+07
P08331	CPDB_ECOLI	cpdB	2',3'-cyclic-nucleotide 2'-phosphodiesterase/3'-nucleotidase	18	18	1.71127e+07	1.79406e+07	1.79635e+07	1.74953e+07	1.81208e+07	1.78195e+07
P08337	MUTT_ECOLI	mutT	8-oxo-dGTP diphosphatase	2	2	1.49318e+06	2.05524e+06	1.46673e+06	2.06053e+06	1.4419e+06	1.97726e+06
P08368	CREB_ECOLI	creB	Transcriptional regulatory protein CreB	1	1		363642			299317	
P08373	MURB_ECOLI	murB	UDP-N-acetylenolpyruvoylglucosamine reductase	5	5	8.85279e+06	7.59603e+06	8.34478e+06	7.56638e+06	7.25404e+06	7.9541e+06
P08390	USG_ECOLI	usg	USG-1 protein	11	11	2.03495e+07	2.15631e+07	1.94646e+07	2.13591e+07	2.12581e+07	2.12547e+07
P08395	SPPA_ECOLI	sppA	Protease 4	14	14	1.01997e+07	9.88508e+06	9.49496e+06	9.44213e+06	9.96302e+06	9.86127e+06
P08506	DACC_ECOLI	dacC	D-alanyl-D-alanine carboxypeptidase DacC	17	17	2.46906e+07	2.7007e+07	2.50461e+07	2.5553e+07	2.51251e+07	2.62619e+07
P08622	DNAJ_ECOLI	dnaJ	Chaperone protein DnaJ	15	15	3.11458e+07	3.3322e+07	2.99333e+07	3.15181e+07	3.08465e+07	3.17809e+07
P08660	AK3_ECOLI	lysC	Lysine-sensitive aspartokinase 3	11	11	1.93956e+07	1.82095e+07	2.02146e+07	1.71317e+07	1.93979e+07	1.7645e+07
P08758ups|ANXA5_HUMAN_UPS	Annexin	Annexin		17	17	1.33618e+08	2.04497e+06	1.33518e+08	1.17765e+06	1.34556e+08	2.19298e+06
P08839	PT1_ECOLI	ptsI	Phosphoenolpyruvate-protein phosphotransferase	33	33	2.83065e+08	2.96258e+08	2.83825e+08	2.90158e+08	2.833e+08	2.87658e+08
P08956	T1RK_ECOLI	hsdR	Type I restriction enzyme EcoKI R protein	19	19	6.93908e+06	6.92873e+06	7.65395e+06	6.63353e+06	7.2883e+06	6.91091e+06
P08957	T1MK_ECOLI	hsdM	Type I restriction enzyme EcoKI M protein	21	21	4.8525e+07	4.69451e+07	4.70132e+07	4.65068e+07	4.78641e+07	4.77728e+07
P08997	MASY_ECOLI	aceB	Malate synthase A	1	1	9.52969e+06	8.88534e+06	8.36399e+06	9.46517e+06	9.1657e+06	9.35418e+06
P09029	PURK_ECOLI	purK	N5-carboxyaminoimidazole ribonucleotide synthase	2	2	3.2355e+06	2.87924e+06	3.06153e+06	2.68504e+06	2.8272e+06	3.01772e+06
P09030	EX3_ECOLI	xthA	Exodeoxyribonuclease III	11	11	1.97269e+07	2.12163e+07	2.03625e+07	2.0708e+07	2.11578e+07	2.14246e+07
P09053	AVTA_ECOLI	avtA	Valine--pyruvate aminotransferase	6	6	1.59143e+07	1.51073e+07	1.4415e+07	1.53109e+07	1.52895e+07	1.51156e+07
P09099	XYLB_ECOLI	xylB	Xylulose kinase	1	1						465697
P09126	HEM4_ECOLI	hemD	Uroporphyrinogen-III synthase	7	7	1.45799e+07	1.62645e+07	1.6288e+07	1.58723e+07	1.59158e+07	1.61483e+07
P09127	HEMX_ECOLI	hemX	Putative uroporphyrinogen-III C-methyltransferase	21	21	7.94684e+07	7.86777e+07	7.74429e+07	7.70076e+07	7.94641e+07	7.73107e+07
P09147	GALE_ECOLI	galE	UDP-glucose 4-epimerase	12	12	3.4949e+07	3.39333e+07	3.56018e+07	3.20312e+07	3.33802e+07	3.39051e+07
P09148	GAL7_ECOLI	galT	Galactose-1-phosphate uridylyltransferase	9	9	5.56992e+06	6.68768e+06	6.39592e+06	6.24224e+06	5.80701e+06	6.58569e+06
P09152	NARG_ECOLI	narG	Respiratory nitrate reductase 1 alpha chain	25	19	1.49411e+07	1.56972e+07	1.50324e+07	1.54289e+07	1.53738e+07	1.55325e+07
P09155	RND_ECOLI	rnd	Ribonuclease D	12	12	8.19903e+06	8.28293e+06	8.31741e+06	8.17068e+06	8.38231e+06	7.85699e+06
P09158	SPEE_ECOLI	speE	Spermidine synthase	5	5	2.63596e+07	2.69646e+07	2.72678e+07	2.67841e+07	2.62739e+07	2.67682e+07
P09169	OMPT_ECOLI	ompT	Protease 7	12	11	1.63297e+07	1.82379e+07	1.71733e+07	1.78863e+07	1.58835e+07	1.84382e+07
P09211ups|GSTP1_HUMAN_UPS	Glutathione	Glutathione		7	7	8.68433e+07		8.68389e+07		8.72704e+07	
P09323	PTW3C_ECOLI	nagE	PTS system N-acetylglucosamine-specific EIICBA component	3	3	3.33098e+06	3.99851e+06	3.66978e+06	4.4988e+06	3.65684e+06	4.3895e+06
P09348	MOTA_ECOLI	motA	Motility protein A	3	3	2.44074e+06	2.40222e+06	2.25984e+06	2.03596e+06	2.08694e+06	2.40353e+06
P09372	GRPE_ECOLI	grpE	Protein GrpE	9	9	1.90277e+08	1.99322e+08	1.90206e+08	2.10222e+08	1.96059e+08	1.77755e+08
P09373	PFLB_ECOLI	pflB	Formate acetyltransferase 1	67	62	1.84217e+09	1.97288e+09	1.8313e+09	1.95966e+09	1.85709e+09	1.96625e+09
P09394	GLPQ_ECOLI	glpQ	Glycerophosphoryl diester phosphodiesterase	12	12	2.81349e+07	2.7884e+07	2.58867e+07	2.82904e+07	2.73202e+07	2.82918e+07
P09424	MTLD_ECOLI	mtlD	Mannitol-1-phosphate 5-dehydrogenase	7	7	2.21325e+07	2.08022e+07	2.0483e+07	2.05653e+07	2.19384e+07	2.01084e+07
P09546	PUTA_ECOLI	putA	Bifunctional protein PutA	12	12	1.98715e+07	2.43062e+07	2.03526e+07	2.21248e+07	2.3846e+07	2.28828e+07
P09549	DEDD_ECOLI	dedD	Protein DedD	5	5	1.17022e+07	1.12754e+07	1.09994e+07	1.13235e+07	1.14783e+07	1.11087e+07
P09551	ARGT_ECOLI	argT	Lysine-arginine-ornithine-binding periplasmic protein	1	1	1.66792e+06		1.33397e+06	1.32429e+06		
P09831	GLTB_ECOLI	gltB	Glutamate synthase [NADPH] large chain	40	40	1.05104e+07	1.07565e+07	1.0765e+07	1.07571e+07	1.07847e+07	1.07237e+07
P09832	GLTD_ECOLI	gltD	Glutamate synthase [NADPH] small chain	8	8	1.14012e+07	1.17652e+07	1.19142e+07	1.16902e+07	1.19058e+07	1.13691e+07
P09996	YIDB_ECOLI	yidB	Uncharacterized protein YidB	1	1		460707		453265		506515
P0A698	UVRA_ECOLI	uvrA	UvrABC system protein A	22	22	1.40959e+07	1.34143e+07	1.42108e+07	1.40236e+07	1.41148e+07	1.40228e+07
P0A6A0	UBIB_ECOLI	ubiB	Probable ubiquinone biosynthesis protein UbiB	6	6	4.90235e+06	4.5721e+06	4.3848e+06	4.32497e+06	4.57659e+06	4.31628e+06
P0A6A3	ACKA_ECOLI	ackA	Acetate kinase	15	15	7.73212e+08	7.75751e+08	7.77389e+08	7.99874e+08	7.99101e+08	7.89917e+08
P0A6A8	ACP_ECOLI	acpP	Acyl carrier protein	3	3	8.71634e+08	1.0786e+09	9.27636e+08	1.08939e+09	9.53357e+08	1.0664e+09
P0A6B4	ALR1_ECOLI	alr	Alanine racemase, biosynthetic	11	11	1.16424e+07	1.1549e+07	1.18879e+07	1.15741e+07	1.16088e+07	1.15136e+07
P0A6B7	ISCS_ECOLI	iscS	Cysteine desulfurase	22	22	1.03344e+08	1.04107e+08	1.02003e+08	1.01353e+08	9.97017e+07	1.02912e+08
P0A6C1	END4_ECOLI	nfo	Endonuclease 4	7	7	9.85623e+06	9.51476e+06	9.79711e+06	9.96305e+06	9.56304e+06	1.0083e+07
P0A6D0	ARGR_ECOLI	argR	Arginine repressor	1	1	1.105e+07	1.22461e+07	1.06011e+07	1.16801e+07	1.04461e+07	1.16603e+07
P0A6D3	AROA_ECOLI	aroA	3-phosphoshikimate 1-carboxyvinyltransferase	9	9	2.58435e+07	2.29504e+07	2.66975e+07	2.34853e+07	2.57458e+07	2.34933e+07
P0A6D7	AROK_ECOLI	aroK	Shikimate kinase 1	12	12	7.36734e+07	7.85049e+07	7.03618e+07	7.60445e+07	7.75624e+07	7.53773e+07
P0A6E1	AROL_ECOLI	aroL	Shikimate kinase 2	1	1					1.20991e+06	
P0A6E4	ASSY_ECOLI	argG	Argininosuccinate synthase	11	11	1.02791e+07	1.06464e+07	1.09427e+07	1.11582e+07	1.10201e+07	1.06804e+07
P0A6E6	ATPE_ECOLI	atpC	ATP synthase epsilon chain	4	4	4.69726e+07	5.80519e+07	4.52616e+07	5.47125e+07	5.09407e+07	5.41805e+07
P0A6E9	BIOD2_ECOLI	bioD2	ATP-dependent dethiobiotin synthetase BioD 2	8	8	3.48285e+07	3.06079e+07	3.44965e+07	3.21106e+07	3.40426e+07	3.31124e+07
P0A6F1	CARA_ECOLI	carA	Carbamoyl-phosphate synthase small chain	12	12	4.28298e+07	4.13596e+07	4.38039e+07	4.27455e+07	4.30243e+07	3.97916e+07
P0A6F3	GLPK_ECOLI	glpK	Glycerol kinase	19	19	1.62914e+07	1.67252e+07	1.60121e+07	1.64326e+07	1.68529e+07	1.66425e+07
P0A6F5	CH60_ECOLI	groL	60 kDa chaperonin	36	36	5.83131e+08	5.93316e+08	5.81706e+08	5.87313e+08	5.87775e+08	5.82773e+08
P0A6F9	CH10_ECOLI	groS	10 kDa chaperonin	9	9	6.15933e+08	7.38359e+08	5.59865e+08	7.49003e+08	5.80286e+08	7.40428e+08
P0A6G3	PNCC_ECOLI	pncC	Nicotinamide-nucleotide amidohydrolase PncC	3	3	1.78004e+07	1.77581e+07	1.77678e+07	1.70743e+07	1.82979e+07	1.74161e+07
P0A6G7	CLPP_ECOLI	clpP	ATP-dependent Clp protease proteolytic subunit	6	6	1.33717e+08	1.35144e+08	1.4003e+08	1.4076e+08	1.45467e+08	1.32806e+08
P0A6H1	CLPX_ECOLI	clpX	ATP-dependent Clp protease ATP-binding subunit ClpX	21	21	9.73196e+07	9.32773e+07	9.70377e+07	9.53523e+07	9.70856e+07	9.58718e+07
P0A6H5	HSLU_ECOLI	hslU	ATP-dependent protease ATPase subunit HslU	29	29	8.30416e+07	8.49576e+07	8.42107e+07	8.41071e+07	8.54673e+07	8.37635e+07
P0A6H8	CLS_ECOLI	cls	Cardiolipin synthase	2	2	1.55823e+06	1.18386e+06	1.50791e+06	1.24005e+06	1.66333e+06	1.42966e+06
P0A6I0	KCY_ECOLI	cmk	Cytidylate kinase	13	13	4.41852e+07	4.41855e+07	4.37073e+07	4.59316e+07	4.62483e+07	4.32884e+07
P0A6I3	COAA_ECOLI	coaA	Pantothenate kinase	11	11	1.34047e+07	1.50795e+07	1.59352e+07	1.53723e+07	1.40759e+07	1.46676e+07
P0A6I6	COAD_ECOLI	coaD	Phosphopantetheine adenylyltransferase	3	3	4.16295e+06	5.20982e+06	4.65291e+06	4.88928e+06	4.25797e+06	4.5306e+06
P0A6I9	COAE_ECOLI	coaE	Dephospho-CoA kinase	3	3	3.87377e+06	4.13314e+06	4.04852e+06	4.11644e+06	4.16255e+06	3.82972e+06
P0A6J1	CYSC_ECOLI	cysC	Adenylyl-sulfate kinase	3	3	5.62456e+06	5.55845e+06	5.39783e+06	5.12019e+06	5.40286e+06	5.31194e+06
P0A6J5	DADA_ECOLI	dadA	D-amino acid dehydrogenase small subunit	5	5	1.64114e+06	1.82249e+06	1.6049e+06	1.65499e+06	1.59673e+06	1.72467e+06
P0A6J8	DDLA_ECOLI	ddlA	D-alanine--D-alanine ligase A	16	16	7.11043e+07	6.62535e+07	6.90669e+07	6.67779e+07	7.03795e+07	6.51576e+07
P0A6K1	DAPF_ECOLI	dapF	Diaminopimelate epimerase	3	3	2.03146e+06	1.27398e+06	2.22951e+06		1.50178e+06	1.33085e+06
P0A6K3	DEF_ECOLI	def	Peptide deformylase	6	6	9.21695e+07	9.53161e+07	9.49257e+07	9.31554e+07	9.07177e+07	9.26266e+07
P0A6K6	DEOB_ECOLI	deoB	Phosphopentomutase	20	20	1.34241e+08	1.33525e+08	1.34224e+08	1.3269e+08	1.3146e+08	1.35643e+08
P0A6L0	DEOC_ECOLI	deoC	Deoxyribose-phosphate aldolase	10	10	1.09094e+08	1.05528e+08	1.10956e+08	1.06134e+08	1.11117e+08	1.04633e+08
P0A6L2	DAPA_ECOLI	dapA	4-hydroxy-tetrahydrodipicolinate synthase	10	10	1.57859e+08	1.55213e+08	1.58601e+08	1.51961e+08	1.57795e+08	1.54038e+08
P0A6L7	UXAB_ECOLI	uxaB	Altronate oxidoreductase	6	6	8.14708e+06	8.2899e+06	1.07019e+07	9.49924e+06	9.53355e+06	8.69462e+06
P0A6L9	HSCB_ECOLI	hscB	Co-chaperone protein HscB	5	5	1.86963e+07	2.20665e+07	1.96428e+07	2.0599e+07	1.8254e+07	2.03171e+07
P0A6M4	DTD_ECOLI	dtd	D-tyrosyl-tRNA(Tyr) deacylase	3	3	1.21934e+07	1.32654e+07	1.13215e+07	1.29693e+07	1.33764e+07	1.22259e+07
P0A6M8	EFG_ECOLI	fusA	Elongation factor G	41	41	7.62829e+08	7.86988e+08	7.5709e+08	7.77541e+08	7.71245e+08	7.8971e+08
P0A6N4	EFP_ECOLI	efp	Elongation factor P	6	6	6.0874e+08	6.29371e+08	6.09156e+08	5.75894e+08	6.30594e+08	6.14995e+08
P0A6N8	EFPL_ECOLI	yeiP	Elongation factor P-like protein	5	5	7.96519e+07	7.98328e+07	8.16666e+07	7.95884e+07	7.74302e+07	8.08192e+07
P0A6P1	EFTS_ECOLI	tsf	Elongation factor Ts	27	27	1.44132e+09	1.57663e+09	1.5002e+09	1.59704e+09	1.50261e+09	1.59385e+09
P0A6P5	DER_ECOLI	der	GTPase Der	21	21	3.23661e+07	3.10812e+07	3.27359e+07	3.10343e+07	3.34369e+07	3.09792e+07
P0A6P7	ENGB_ECOLI	engB	Probable GTP-binding protein EngB	9	9	6.0547e+07	6.26039e+07	6.36274e+07	6.13472e+07	6.16028e+07	6.27522e+07
P0A6P9	ENO_ECOLI	eno	Enolase	25	25	1.11988e+09	1.16387e+09	1.11212e+09	1.14542e+09	1.09446e+09	1.15791e+09
P0A6Q3	FABA_ECOLI	fabA	3-hydroxydecanoyl-[acyl-carrier-protein] dehydratase	10	10	8.47727e+07	8.36593e+07	7.8116e+07	8.10185e+07	8.43033e+07	8.23304e+07
P0A6Q6	FABZ_ECOLI	fabZ	3-hydroxyacyl-[acyl-carrier-protein] dehydratase FabZ	8	8	1.04693e+08	8.91925e+07	1.03306e+08	9.03179e+07	1.03773e+08	8.81248e+07
P0A6R0	FABH_ECOLI	fabH	3-oxoacyl-[acyl-carrier-protein] synthase 3	8	8	7.96831e+07	6.9641e+07	7.91586e+07	7.35217e+07	7.63092e+07	7.13926e+07
P0A6R3	FIS_ECOLI	fis	DNA-binding protein fis	2	2	3.9138e+07	4.59418e+07	3.62291e+07	4.20719e+07	4.27096e+07	4.3249e+07
P0A6S0	FLGH_ECOLI	flgH	Flagellar L-ring protein	6	6	6.47565e+06	5.95062e+06	6.46073e+06	6.34125e+06	6.39317e+06	6.53378e+06
P0A6S7	GPDA_ECOLI	gpsA	Glycerol-3-phosphate dehydrogenase [NAD(P)+]	6	6	2.77811e+07	2.40935e+07	2.79764e+07	2.41754e+07	2.74079e+07	2.61945e+07
P0A6T1	G6PI_ECOLI	pgi	Glucose-6-phosphate isomerase	26	26	2.54381e+08	2.49301e+08	2.52701e+08	2.52796e+08	2.51119e+08	2.43402e+08
P0A6T3	GAL1_ECOLI	galK	Galactokinase	8	8	1.6262e+07	1.58578e+07	1.5469e+07	1.59427e+07	1.57491e+07	1.61165e+07
P0A6T5	GCH1_ECOLI	folE	GTP cyclohydrolase 1	6	6	2.39201e+07	2.03447e+07	2.20098e+07	1.98622e+07	2.16866e+07	2.09338e+07
P0A6T9	GCSH_ECOLI	gcvH	Glycine cleavage system H protein	3	3	1.43675e+07	1.31409e+07	1.47459e+07	1.39784e+07	1.43971e+07	1.43254e+07
P0A6U3	MNMG_ECOLI	mnmG	tRNA uridine 5-carboxymethylaminomethyl modification enzyme MnmG	19	19	2.07241e+07	2.15152e+07	2.13899e+07	2.25505e+07	2.17473e+07	2.20162e+07
P0A6U5	RSMG_ECOLI	rsmG	Ribosomal RNA small subunit methyltransferase G	5	5	1.9192e+07	1.90416e+07	1.9677e+07	1.80662e+07	1.89957e+07	1.85457e+07
P0A6U8	GLGA_ECOLI	glgA	Glycogen synthase	12	12	1.26368e+07	1.19709e+07	1.216e+07	1.2201e+07	1.28604e+07	1.17815e+07
P0A6V1	GLGC_ECOLI	glgC	Glucose-1-phosphate adenylyltransferase	9	9	3.1853e+07	3.11386e+07	3.10723e+07	3.12436e+07	3.00452e+07	3.08427e+07
P0A6V8	GLK_ECOLI	glk	Glucokinase	9	9	4.99096e+07	4.90198e+07	5.00884e+07	5.0761e+07	4.72472e+07	5.0697e+07
P0A6W0	GLSA2_ECOLI	glsA2	Glutaminase 2	4	4	1.77885e+06	2.22842e+06	2.2893e+06	1.81715e+06	2.03309e+06	1.99145e+06
P0A6W3	MRAY_ECOLI	mraY	Phospho-N-acetylmuramoyl-pentapeptide-transferase	2	2	4.47071e+06	3.75922e+06	4.27733e+06	4.139e+06	3.70906e+06	3.87979e+06
P0A6W5	GREA_ECOLI	greA	Transcription elongation factor GreA	12	12	1.03443e+08	1.08425e+08	1.06929e+08	1.07303e+08	1.08032e+08	1.08715e+08
P0A6W9	GSH1_ECOLI	gshA	Glutamate--cysteine ligase	11	11	2.52705e+07	2.46916e+07	2.45171e+07	2.40761e+07	2.29158e+07	2.50251e+07
P0A6X1	HEM1_ECOLI	hemA	Glutamyl-tRNA reductase	1	1	317978				361399	
P0A6X3	HFQ_ECOLI	hfq	Protein hfq	2	2	4.16846e+06	6.30994e+06	3.55249e+06	6.35888e+06	4.18389e+06	6.81845e+06
P0A6X7	IHFA_ECOLI	ihfA	Integration host factor subunit alpha	7	7	1.73324e+08	1.57492e+08	1.78633e+08	1.59462e+08	1.73476e+08	1.62657e+08
P0A6Y1	IHFB_ECOLI	ihfB	Integration host factor subunit beta	3	3	5.51562e+07	5.57599e+07	5.59449e+07	5.61499e+07	5.06823e+07	5.69559e+07
P0A6Y5	HSLO_ECOLI	hslO	33 kDa chaperonin	5	5	4.09594e+07	3.99572e+07	4.31089e+07	4.05737e+07	4.19656e+07	3.93685e+07
P0A6Y8	DNAK_ECOLI	dnaK	Chaperone protein DnaK	41	41	3.7455e+08	3.86779e+08	3.79049e+08	3.86007e+08	3.75333e+08	3.88619e+08
P0A6Z1	HSCA_ECOLI	hscA	Chaperone protein HscA	17	17	2.65319e+07	2.52901e+07	2.57901e+07	2.55278e+07	2.64675e+07	2.60419e+07
P0A6Z3	HTPG_ECOLI	htpG	Chaperone protein HtpG	44	44	1.35449e+08	1.39976e+08	1.36046e+08	1.37024e+08	1.37222e+08	1.39803e+08
P0A6Z6	NIKR_ECOLI	nikR	Nickel-responsive regulator	4	4	6.88476e+06	7.19343e+06	7.60925e+06	6.85164e+06	5.87494e+06	7.63817e+06
P0A705	IF2_ECOLI	infB	Translation initiation factor IF-2	38	38	8.81552e+07	9.08097e+07	9.36868e+07	9.05287e+07	8.97176e+07	8.80918e+07
P0A707	IF3_ECOLI	infC	Translation initiation factor IF-3	6	6	3.01947e+08	2.95562e+08	2.70676e+08	2.9251e+08	2.90945e+08	3.0292e+08
P0A715	KDSA_ECOLI	kdsA	2-dehydro-3-deoxyphosphooctonate aldolase	18	18	1.76233e+08	1.7071e+08	1.79821e+08	1.81539e+08	1.80047e+08	1.70809e+08
P0A717	KPRS_ECOLI	prs	Ribose-phosphate pyrophosphokinase	13	13	2.35099e+08	2.38833e+08	2.37745e+08	2.3844e+08	2.372e+08	2.38494e+08
P0A720	KTHY_ECOLI	tmk	Thymidylate kinase	9	9	1.09291e+07	1.10442e+07	1.15545e+07	1.14152e+07	1.14693e+07	1.11555e+07
P0A722	LPXA_ECOLI	lpxA	Acyl-[acyl-carrier-protein]--UDP-N-acetylglucosamine O-acyltransferase	7	7	5.17845e+07	5.39263e+07	5.54343e+07	5.15238e+07	5.34998e+07	5.19393e+07
P0A725	LPXC_ECOLI	lpxC	UDP-3-O-[3-hydroxymyristoyl] N-acetylglucosamine deacetylase	2	2	3.65142e+06	2.08313e+06	3.51969e+06	3.44916e+06	3.09014e+06	3.70925e+06
P0A729	YCEF_ECOLI	yceF	Maf-like protein YceF	5	5	7.47703e+06	6.97034e+06	7.65027e+06	6.76794e+06	7.26317e+06	7.23905e+06
P0A731	MGSA_ECOLI	mgsA	Methylglyoxal synthase	2	2	2.85768e+07	2.73661e+07	2.87162e+07	3.02606e+07	2.69707e+07	3.07799e+07
P0A734	MINE_ECOLI	minE	Cell division topological specificity factor	10	10	9.69917e+07	9.83542e+07	9.57331e+07	9.48709e+07	9.46472e+07	9.31893e+07
P0A738	MOAC_ECOLI	moaC	Cyclic pyranopterin monophosphate synthase accessory protein	5	5	5.37464e+06	5.83794e+06	5.52399e+06	5.71654e+06	5.94671e+06	5.70924e+06
P0A744	MSRA_ECOLI	msrA	Peptide methionine sulfoxide reductase MsrA	3	3	3.77985e+07	3.61229e+07	3.72024e+07	3.51332e+07	3.7564e+07	3.55356e+07
P0A746	MSRB_ECOLI	msrB	Peptide methionine sulfoxide reductase MsrB	1	1		4.83811e+06		3.76981e+06		3.17035e+06
P0A749	MURA_ECOLI	murA	UDP-N-acetylglucosamine 1-carboxyvinyltransferase	13	13	4.19483e+07	4.06256e+07	4.29677e+07	4.13972e+07	4.0584e+07	4.00223e+07
P0A752	NADD_ECOLI	nadD	Nicotinate-nucleotide adenylyltransferase	1	1	2.31248e+06	2.63411e+06	2.50307e+06	2.05666e+06	2.14443e+06	2.15026e+06
P0A759	NAGB_ECOLI	nagB	Glucosamine-6-phosphate deaminase	4	4	4.10931e+07	3.39593e+07	3.76458e+07	3.38817e+07	4.19719e+07	3.38211e+07
P0A763	NDK_ECOLI	ndk	Nucleoside diphosphate kinase	6	6	4.70516e+07	4.92611e+07	4.51584e+07	4.99501e+07	4.51641e+07	5.00816e+07
P0A776	RPPH_ECOLI	rppH	RNA pyrophosphohydrolase	2	2	1.16601e+06	1.43738e+06	1.1315e+06	1.18602e+06	1.12545e+06	1.34413e+06
P0A780	NUSB_ECOLI	nusB	N utilization substance protein B	8	8	1.1967e+08	1.06386e+08	1.15824e+08	1.08617e+08	1.18794e+08	1.08716e+08
P0A784	ORN_ECOLI	orn	Oligoribonuclease	8	8	2.11717e+07	2.46406e+07	2.13083e+07	2.32185e+07	2.22365e+07	2.38507e+07
P0A786	PYRB_ECOLI	pyrB	Aspartate carbamoyltransferase catalytic chain	11	11	9.32892e+06	8.66289e+06	9.34136e+06	9.25722e+06	9.98083e+06	9.18702e+06
P0A790	PAND_ECOLI	panD	Aspartate 1-decarboxylase	2	2	4.37849e+07	4.18784e+07	4.31469e+07	4.05677e+07	4.03663e+07	3.99323e+07
P0A794	PDXJ_ECOLI	pdxJ	Pyridoxine 5'-phosphate synthase	8	8	3.90644e+07	3.98894e+07	3.92909e+07	3.88611e+07	3.84799e+07	3.74019e+07
P0A796	K6PF1_ECOLI	pfkA	6-phosphofructokinase isozyme 1	14	14	1.61972e+08	1.75122e+08	1.51269e+08	1.68245e+08	1.69412e+08	1.70923e+08
P0A799	PGK_ECOLI	pgk	Phosphoglycerate kinase	27	27	1.53555e+09	1.59966e+09	1.56034e+09	1.64384e+09	1.56428e+09	1.59782e+09
P0A7A2	GPMB_ECOLI	gpmB	Probable phosphoglycerate mutase GpmB	5	5	1.47052e+07	1.31972e+07	1.41566e+07	1.36643e+07	1.32611e+07	1.3094e+07
P0A7A5	PIMT_ECOLI	pcm	Protein-L-isoaspartate O-methyltransferase	5	5	1.33481e+06	1.28966e+06	1.305e+06	1.22804e+06	1.28354e+06	1.43747e+06
P0A7A7	PLSB_ECOLI	plsB	Glycerol-3-phosphate acyltransferase	16	16	1.42034e+07	1.47722e+07	1.45938e+07	1.44425e+07	1.47603e+07	1.42889e+07
P0A7A9	IPYR_ECOLI	ppa	Inorganic pyrophosphatase	8	8	4.11549e+08	4.09404e+08	4.08868e+08	4.11578e+08	4.53873e+08	4.13428e+08
P0A7B1	PPK_ECOLI	ppk	Polyphosphate kinase	12	12	4.53277e+06	4.40334e+06	4.62012e+06	4.3801e+06	4.00915e+06	4.73502e+06
P0A7B5	PROB_ECOLI	proB	Glutamate 5-kinase	13	13	1.81497e+07	1.85027e+07	1.84316e+07	1.87108e+07	1.87415e+07	1.83031e+07
P0A7B8	HSLV_ECOLI	hslV	ATP-dependent protease subunit HslV	7	7	9.33149e+07	9.04978e+07	9.11462e+07	8.83198e+07	9.73358e+07	9.26969e+07
P0A7C2	LEXA_ECOLI	lexA	LexA repressor	8	8	2.95571e+07	2.83948e+07	3.06067e+07	2.91902e+07	3.13136e+07	2.90991e+07
P0A7C6	PEPE_ECOLI	pepE	Peptidase E	9	9	3.43794e+07	3.46287e+07	3.39399e+07	3.49899e+07	3.54304e+07	3.41536e+07
P0A7D1	PTH_ECOLI	pth	Peptidyl-tRNA hydrolase	9	9	2.82802e+07	2.93416e+07	2.89925e+07	2.89098e+07	2.7935e+07	3.03029e+07
P0A7D4	PURA_ECOLI	purA	Adenylosuccinate synthetase	25	25	1.63659e+08	1.62427e+08	1.64503e+08	1.59139e+08	1.64181e+08	1.61187e+08
P0A7D7	PUR7_ECOLI	purC	Phosphoribosylaminoimidazole-succinocarboxamide synthase	14	14	5.36744e+07	5.22805e+07	5.68327e+07	5.25442e+07	5.3068e+07	5.35284e+07
P0A7E1	PYRD_ECOLI	pyrD	Dihydroorotate dehydrogenase (quinone)	17	17	3.26446e+07	3.21079e+07	3.22172e+07	3.24433e+07	3.27758e+07	2.95486e+07
P0A7E3	PYRE_ECOLI	pyrE	Orotate phosphoribosyltransferase	11	11	3.41325e+07	3.35573e+07	3.36048e+07	3.34486e+07	3.394e+07	3.32729e+07
P0A7E5	PYRG_ECOLI	pyrG	CTP synthase	23	23	9.18877e+07	9.35953e+07	9.18251e+07	8.82378e+07	9.06159e+07	8.92008e+07
P0A7E9	PYRH_ECOLI	pyrH	Uridylate kinase	8	8	3.02986e+07	2.95241e+07	3.10565e+07	2.91239e+07	3.07756e+07	2.76523e+07
P0A7F3	PYRI_ECOLI	pyrI	Aspartate carbamoyltransferase regulatory chain	8	8	1.6795e+07	1.39597e+07	1.69927e+07	1.45136e+07	1.61054e+07	1.36914e+07
P0A7F6	SPED_ECOLI	speD	S-adenosylmethionine decarboxylase proenzyme	4	4	8.57922e+06	9.52445e+06	1.00252e+07	8.06141e+06	9.61181e+06	9.86977e+06
P0A7F9	QUEA_ECOLI	queA	S-adenosylmethionine:tRNA ribosyltransferase-isomerase	6	6	1.71078e+07	1.64042e+07	1.63994e+07	1.5125e+07	1.86822e+07	1.50076e+07
P0A7G2	RBFA_ECOLI	rbfA	Ribosome-binding factor A	7	7	8.6073e+07	9.07732e+07	8.80656e+07	9.57706e+07	8.69024e+07	9.41192e+07
P0A7G6	RECA_ECOLI	recA	Protein RecA	12	12	7.7859e+07	7.90386e+07	7.68319e+07	7.74916e+07	7.65834e+07	7.66852e+07
P0A7H6	RECR_ECOLI	recR	Recombination protein RecR	1	1		8.13072e+06		4.83303e+06		4.64036e+06
P0A7I0	RF1_ECOLI	prfA	Peptide chain release factor 1	9	9	2.22978e+07	2.11443e+07	2.33768e+07	2.04391e+07	2.22578e+07	2.06942e+07
P0A7I4	RF3_ECOLI	prfC	Peptide chain release factor 3	20	20	3.76143e+07	3.5657e+07	3.77483e+07	3.4074e+07	3.69902e+07	3.50991e+07
P0A7I7	RIBA_ECOLI	ribA	GTP cyclohydrolase-2	8	8	3.65369e+07	3.534e+07	3.96343e+07	3.7032e+07	3.47827e+07	3.78994e+07
P0A7J0	RIBB_ECOLI	ribB	3,4-dihydroxy-2-butanone 4-phosphate synthase	5	5	7.67962e+07	7.91558e+07	7.56091e+07	7.77057e+07	7.6476e+07	7.41342e+07
P0A7J3	RL10_ECOLI	rplJ	50S ribosomal protein L10	9	9	2.30889e+09	2.26543e+09	2.29326e+09	2.22704e+09	2.34206e+09	2.24578e+09
P0A7J7	RL11_ECOLI	rplK	50S ribosomal protein L11	9	9	9.09813e+08	9.16216e+08	8.95014e+08	9.08415e+08	9.18648e+08	8.98046e+08
P0A7K2	RL7_ECOLI	rplL	50S ribosomal protein L7/L12	12	12	2.79681e+09	2.49817e+09	2.85833e+09	2.51026e+09	2.6951e+09	2.49543e+09
P0A7K6	RL19_ECOLI	rplS	50S ribosomal protein L19	11	11	6.4057e+08	6.89242e+08	6.283e+08	6.62636e+08	6.48296e+08	6.68054e+08
P0A7L0	RL1_ECOLI	rplA	50S ribosomal protein L1	15	15	1.31085e+09	1.39622e+09	1.35757e+09	1.40865e+09	1.34371e+09	1.40924e+09
P0A7L3	RL20_ECOLI	rplT	50S ribosomal protein L20	7	7	6.74869e+08	6.34147e+08	6.35059e+08	6.3268e+08	6.74342e+08	6.28666e+08
P0A7L8	RL27_ECOLI	rpmA	50S ribosomal protein L27	5	5	6.90534e+08	6.88435e+08	7.09538e+08	7.11604e+08	6.74923e+08	7.3158e+08
P0A7M2	RL28_ECOLI	rpmB	50S ribosomal protein L28	6	6	7.93662e+08	7.8388e+08	7.92981e+08	7.53951e+08	8.32627e+08	7.62133e+08
P0A7M6	RL29_ECOLI	rpmC	50S ribosomal protein L29	5	5	3.61948e+08	3.11445e+08	4.11039e+08	3.16262e+08	3.55193e+08	3.08857e+08
P0A7M9	RL31_ECOLI	rpmE	50S ribosomal protein L31	2	2	1.27569e+08	1.27169e+08	1.3094e+08	1.2795e+08	1.35553e+08	1.33917e+08
P0A7N4	RL32_ECOLI	rpmF	50S ribosomal protein L32	4	4	4.53921e+08	5.03075e+08	4.54749e+08	4.78136e+08	4.47162e+08	4.77346e+08
P0A7N9	RL33_ECOLI	rpmG	50S ribosomal protein L33	3	3	4.56263e+08	5.57519e+08	4.83056e+08	5.59015e+08	4.874e+08	5.36129e+08
P0A7P5	RL34_ECOLI	rpmH	50S ribosomal protein L34	2	2	1.11679e+08	1.04519e+08	1.05677e+08	1.04219e+08	1.1121e+08	1.0761e+08
P0A7R1	RL9_ECOLI	rplI	50S ribosomal protein L9	19	19	1.59044e+09	1.65129e+09	1.60748e+09	1.61212e+09	1.63504e+09	1.6576e+09
P0A7R5	RS10_ECOLI	rpsJ	30S ribosomal protein S10	12	12	1.31579e+09	1.36748e+09	1.33758e+09	1.42275e+09	1.34618e+09	1.43168e+09
P0A7R9	RS11_ECOLI	rpsK	30S ribosomal protein S11	7	7	4.86693e+08	4.79798e+08	4.73972e+08	4.86993e+08	4.5573e+08	4.7505e+08
P0A7S3	RS12_ECOLI	rpsL	30S ribosomal protein S12	3	3	2.99941e+08	4.55452e+08	2.97316e+08	4.2623e+08	2.93051e+08	4.31415e+08
P0A7S9	RS13_ECOLI	rpsM	30S ribosomal protein S13	12	12	5.10822e+08	4.90351e+08	5.0513e+08	4.88612e+08	5.1026e+08	4.93739e+08
P0A7T3	RS16_ECOLI	rpsP	30S ribosomal protein S16	9	9	6.95786e+08	7.36631e+08	7.23663e+08	7.28148e+08	7.12827e+08	7.31978e+08
P0A7T7	RS18_ECOLI	rpsR	30S ribosomal protein S18	6	6	5.94565e+08	5.83155e+08	6.04726e+08	5.56768e+08	5.85412e+08	5.67756e+08
P0A7U3	RS19_ECOLI	rpsS	30S ribosomal protein S19	7	7	6.92871e+08	8.02142e+08	6.95105e+08	7.63745e+08	6.60695e+08	7.93652e+08
P0A7U7	RS20_ECOLI	rpsT	30S ribosomal protein S20	6	6	3.23466e+08	3.47861e+08	3.26653e+08	3.33738e+08	3.18509e+08	3.48679e+08
P0A7V0	RS2_ECOLI	rpsB	30S ribosomal protein S2	18	18	5.85892e+08	5.86842e+08	5.6599e+08	5.66864e+08	5.77578e+08	5.66747e+08
P0A7V3	RS3_ECOLI	rpsC	30S ribosomal protein S3	19	19	9.80176e+08	9.55504e+08	9.80905e+08	9.66734e+08	1.00302e+09	9.8297e+08
P0A7V8	RS4_ECOLI	rpsD	30S ribosomal protein S4	16	16	9.01631e+08	8.06417e+08	9.0755e+08	8.33457e+08	9.06853e+08	8.6721e+08
P0A7W1	RS5_ECOLI	rpsE	30S ribosomal protein S5	14	14	8.99684e+08	1.12046e+09	9.05541e+08	1.07342e+09	8.88297e+08	1.10447e+09
P0A7W7	RS8_ECOLI	rpsH	30S ribosomal protein S8	6	6	3.13918e+08	3.84218e+08	3.14917e+08	3.3655e+08	3.27187e+08	3.47342e+08
P0A7X3	RS9_ECOLI	rpsI	30S ribosomal protein S9	8	8	5.65525e+08	6.42917e+08	5.76307e+08	6.11047e+08	5.90117e+08	6.44052e+08
P0A7X6	RIMM_ECOLI	rimM	Ribosome maturation factor RimM	10	10	3.87344e+07	3.7722e+07	3.86586e+07	3.6411e+07	3.92519e+07	3.74205e+07
P0A7Y0	RNC_ECOLI	rnc	Ribonuclease 3	10	10	4.3001e+07	4.74832e+07	4.19827e+07	4.49871e+07	4.29206e+07	4.49644e+07
P0A7Y4	RNH_ECOLI	rnhA	Ribonuclease HI	1	1	2.57956e+06	1.92644e+06	2.41592e+06	2.00956e+06	2.64683e+06	2.24105e+06
P0A7Y8	RNPA_ECOLI	rnpA	Ribonuclease P protein component	4	4	7.45005e+06	6.97112e+06	7.31866e+06	6.69573e+06	7.22885e+06	6.91441e+06
P0A7Z0	RPIA_ECOLI	rpiA	Ribose-5-phosphate isomerase A	8	8	8.99625e+07	8.96069e+07	8.90409e+07	8.81552e+07	9.44562e+07	8.50288e+07
P0A7Z4	RPOA_ECOLI	rpoA	DNA-directed RNA polymerase subunit alpha	18	18	5.02542e+08	5.24388e+08	5.16013e+08	5.31573e+08	5.0433e+08	5.13506e+08
P0A800	RPOZ_ECOLI	rpoZ	DNA-directed RNA polymerase subunit omega	9	9	2.4903e+08	2.50848e+08	2.49866e+08	2.47233e+08	2.47302e+08	2.50323e+08
P0A805	RRF_ECOLI	frr	Ribosome-recycling factor	10	10	1.3158e+08	1.26525e+08	1.39724e+08	1.33766e+08	1.35281e+08	1.34992e+08
P0A809	RUVA_ECOLI	ruvA	Holliday junction ATP-dependent DNA helicase RuvA	2	2	893772	935339	818641	1.22064e+06	843752	1.32917e+06
P0A812	RUVB_ECOLI	ruvB	Holliday junction ATP-dependent DNA helicase RuvB	7	7	1.54814e+08	1.27674e+08	1.43692e+08	1.42271e+08	1.58425e+08	1.4738e+08
P0A817	METK_ECOLI	metK	S-adenosylmethionine synthase	17	17	1.01252e+08	1.03781e+08	1.01331e+08	1.04187e+08	1.0721e+08	1.02253e+08
P0A821	SELA_ECOLI	selA	L-seryl-tRNA(Sec) selenium transferase	12	12	6.34549e+06	6.2044e+06	6.92627e+06	6.26049e+06	6.66774e+06	6.34327e+06
P0A823	SFSA_ECOLI	sfsA	Sugar fermentation stimulation protein A	4	4	1.62278e+06	1.93699e+06	1.63632e+06	1.9362e+06	1.62951e+06	1.72072e+06
P0A825	GLYA_ECOLI	glyA	Serine hydroxymethyltransferase	18	18	1.7337e+08	1.89817e+08	1.76807e+08	1.85718e+08	1.79912e+08	1.84139e+08
P0A832	SSRP_ECOLI	smpB	SsrA-binding protein	3	3	2.07056e+07	2.03792e+07	1.99728e+07	1.96946e+07	2.16925e+07	1.96071e+07
P0A836	SUCC_ECOLI	sucC	Succinyl-CoA ligase [ADP-forming] subunit beta	16	16	3.35068e+07	3.2692e+07	3.56653e+07	3.16472e+07	3.32603e+07	3.34355e+07
P0A840	SURE_ECOLI	surE	5'/3'-nucleotidase SurE	6	6	5.93563e+06	6.0812e+06	5.90319e+06	5.85132e+06	6.08149e+06	5.62663e+06
P0A843	TATE_ECOLI	tatE	Sec-independent protein translocase protein TatE	3	3	5.81192e+07	5.98006e+07	5.65648e+07	5.78671e+07	5.66747e+07	5.58986e+07
P0A847	TGT_ECOLI	tgt	Queuine tRNA-ribosyltransferase	14	14	1.25124e+07	1.18712e+07	1.25332e+07	1.23776e+07	1.28948e+07	1.27107e+07
P0A850	TIG_ECOLI	tig	Trigger factor	47	47	6.72725e+08	6.84028e+08	6.68909e+08	6.89756e+08	6.65796e+08	6.90073e+08
P0A853	TNAA_ECOLI	tnaA	Tryptophanase	10	10	1.33532e+07	1.35147e+07	1.29858e+07	1.32474e+07	1.36699e+07	1.33529e+07
P0A855	TOLB_ECOLI	tolB	Protein TolB	17	17	6.67173e+07	7.7528e+07	6.77673e+07	7.50497e+07	6.58544e+07	7.66828e+07
P0A858	TPIS_ECOLI	tpiA	Triosephosphate isomerase	12	12	5.63933e+08	5.57404e+08	5.67608e+08	5.589e+08	5.73655e+08	5.70869e+08
P0A862	TPX_ECOLI	tpx	Thiol peroxidase	7	7	3.14654e+08	3.00514e+08	3.16886e+08	2.97294e+08	3.15031e+08	3.01737e+08
P0A867	TALA_ECOLI	talA	Transaldolase A	14	14	2.03973e+07	2.10125e+07	2.10728e+07	2.02913e+07	2.07414e+07	2.09584e+07
P0A870	TALB_ECOLI	talB	Transaldolase B	22	22	3.46137e+08	3.48315e+08	3.40791e+08	3.47084e+08	3.47115e+08	3.51929e+08
P0A873	TRMD_ECOLI	trmD	tRNA (guanine-N(1)-)-methyltransferase	5	5	1.26761e+07	1.27888e+07	1.34773e+07	1.23293e+07	1.23811e+07	1.34625e+07
P0A877	TRPA_ECOLI	trpA	Tryptophan synthase alpha chain	6	6	6.83115e+06	6.23386e+06	5.54073e+06	5.77687e+06	6.68153e+06	5.81895e+06
P0A879	TRPB_ECOLI	trpB	Tryptophan synthase beta chain	3	3	1.37724e+06	1.38659e+06	1.56044e+06	1.42634e+06	1.49958e+06	1.37333e+06
P0A881	TRPR_ECOLI	trpR	Trp operon repressor	2	2	6.83971e+06	6.74035e+06	7.8213e+06	6.64208e+06	8.09098e+06	7.52584e+06
P0A884	TYSY_ECOLI	thyA	Thymidylate synthase	9	9	2.94916e+07	3.06035e+07	3.00982e+07	3.06335e+07	2.95566e+07	3.15427e+07
P0A887	UBIE_ECOLI	ubiE	Ubiquinone/menaquinone biosynthesis methyltransferase ubiE	11	11	4.83004e+07	4.89198e+07	4.59716e+07	4.98406e+07	4.71619e+07	4.90984e+07
P0A890	TUSA_ECOLI	tusA	Sulfurtransferase TusA	3	3	2.97427e+07	3.12895e+07	2.96138e+07	3.51947e+07	3.22193e+07	3.40818e+07
P0A894	YHBJ_ECOLI	yhbJ	UPF0042 nucleotide-binding protein YhbJ	8	8	8.28997e+06	8.37625e+06	7.81847e+06	8.37017e+06	7.78903e+06	8.451e+06
P0A898	YBEY_ECOLI	ybeY	Endoribonuclease YbeY	1	1	3.10031e+07	3.47997e+07	2.96042e+07	3.53303e+07	3.03382e+07	3.34969e+07
P0A8A0	YEBC_ECOLI	yebC	Probable transcriptional regulatory protein YebC	5	5	1.71204e+07	1.71551e+07	1.57189e+07	1.75836e+07	1.62179e+07	1.76156e+07
P0A8A2	YEEN_ECOLI	yeeN	Probable transcriptional regulatory protein YeeN	8	8	5.87325e+07	6.20771e+07	5.83712e+07	6.08447e+07	5.69838e+07	5.90328e+07
P0A8A4	PSRP_ECOLI	ppsR	Phosphoenolpyruvate synthase regulatory protein	4	4	8.46768e+06	8.16025e+06	8.77523e+06	7.58899e+06	8.65469e+06	7.62685e+06
P0A8A8	RIMP_ECOLI	rimP	Ribosome maturation factor RimP	3	3	2.57868e+07	2.94054e+07	2.67062e+07	2.82656e+07	2.44003e+07	2.90356e+07
P0A8B2	YFCN_ECOLI	yfcN	UPF0115 protein YfcN	4	4	5.62846e+06	5.23026e+06	5.52152e+06	5.68895e+06	5.38705e+06	5.80912e+06
P0A8B5	YBAB_ECOLI	ybaB	Nucleoid-associated protein YbaB	3	3	2.36787e+07	3.73984e+07	2.54008e+07	3.19258e+07	2.54617e+07	3.57578e+07
P0A8C1	YBJQ_ECOLI	ybjQ	UPF0145 protein YbjQ	1	1	3.52228e+07	1.41768e+07	3.76673e+07		3.30699e+07	
P0A8C4	YGFB_ECOLI	ygfB	UPF0149 protein YgfB	2	2	2.29711e+07	2.46011e+07	2.32957e+07	2.4488e+07	2.39412e+07	2.43045e+07
P0A8D0	NRDR_ECOLI	nrdR	Transcriptional repressor NrdR	4	4	4.41705e+06	5.53795e+06	4.98914e+06	5.55805e+06	4.94692e+06	5.18345e+06
P0A8D3	YAII_ECOLI	yaiI	UPF0178 protein YaiI	3	3	5.54019e+06	5.56414e+06	5.64483e+06	5.64305e+06	5.68934e+06	5.21008e+06
P0A8D6	YMDB_ECOLI	ymdB	O-acetyl-ADP-ribose deacetylase	5	5	4.15269e+06	4.30738e+06	5.4584e+06	4.80817e+06	5.37217e+06	5.36752e+06
P0A8E1	YCFP_ECOLI	ycfP	UPF0227 protein YcfP	8	8	5.67665e+07	5.41187e+07	5.78752e+07	5.62634e+07	6.14847e+07	5.52405e+07
P0A8E5	YACL_ECOLI	yacL	UPF0231 protein YacL	1	1	1.09345e+06	1.84511e+06	1.38667e+06	1.79994e+06	1.63571e+06	2.05868e+06
P0A8E7	YAJQ_ECOLI	yajQ	UPF0234 protein YajQ	11	11	1.53706e+08	1.66697e+08	1.57086e+08	1.65766e+08	1.58083e+08	1.61629e+08
P0A8F0	UPP_ECOLI	upp	Uracil phosphoribosyltransferase	15	15	2.14735e+08	2.14612e+08	2.05896e+08	1.98934e+08	2.077e+08	2.03728e+08
P0A8F4	URK_ECOLI	udk	Uridine kinase	7	7	2.64342e+07	2.5198e+07	2.76196e+07	2.47218e+07	2.73265e+07	2.47599e+07
P0A8F8	UVRB_ECOLI	uvrB	UvrABC system protein B	7	7	5.38341e+06	4.29122e+06	4.7196e+06	4.47792e+06	5.65163e+06	5.23043e+06
P0A8G0	UVRC_ECOLI	uvrC	UvrABC system protein C	3	3	1.12498e+06	1.33508e+06	996525	1.04905e+06	1.44732e+06	1.16826e+06
P0A8G3	UXAC_ECOLI	uxaC	Uronate isomerase	12	12	6.16655e+06	5.51489e+06	6.0723e+06	5.89496e+06	5.91882e+06	5.74453e+06
P0A8G6	WRBA_ECOLI	wrbA	Flavoprotein WrbA	11	11	8.81304e+07	8.5772e+07	8.69264e+07	8.76957e+07	8.97351e+07	8.64519e+07
P0A8G9	EX7S_ECOLI	xseB	Exodeoxyribonuclease 7 small subunit	3	3	3.55783e+07	3.37751e+07	3.59625e+07	3.43871e+07	3.54726e+07	3.44867e+07
P0A8I1	RUVX_ECOLI	yqgF	Putative Holliday junction resolvase	3	3	6.01488e+06	6.15266e+06	6.29322e+06	6.59883e+06	5.12316e+06	6.67139e+06
P0A8I3	YAAA_ECOLI	yaaA	UPF0246 protein YaaA	6	6	3.22565e+07	3.34918e+07	3.22269e+07	3.24221e+07	3.13607e+07	3.26193e+07
P0A8I5	TRMB_ECOLI	trmB	tRNA (guanine-N(7)-)-methyltransferase	4	4	3.6401e+07	4.11944e+07	3.63341e+07	3.94521e+07	4.03096e+07	4.02524e+07
P0A8I8	RLMH_ECOLI	rlmH	Ribosomal RNA large subunit methyltransferase H	6	6	1.20905e+07	1.32863e+07	1.29184e+07	1.25066e+07	1.34945e+07	1.30722e+07
P0A8J2	DNAT_ECOLI	dnaT	Primosomal protein 1	2	2	6.72031e+06	7.59668e+06	5.94269e+06	6.93188e+06	5.74469e+06	6.59223e+06
P0A8J4	YBED_ECOLI	ybeD	UPF0250 protein YbeD	5	5	5.05831e+07	5.69769e+07	5.64209e+07	5.49466e+07	5.57382e+07	5.12582e+07
P0A8J8	RHLB_ECOLI	rhlB	ATP-dependent RNA helicase RhlB	15	15	6.96504e+07	7.2661e+07	7.0121e+07	7.16734e+07	6.74396e+07	7.08948e+07
P0A8K1	PSD_ECOLI	psd	Phosphatidylserine decarboxylase proenzyme	6	6	2.2679e+07	2.31699e+07	2.50894e+07	2.36749e+07	2.43978e+07	2.37797e+07
P0A8K5	YAEP_ECOLI	yaeP	UPF0253 protein YaeP	2	2	8.43545e+06	9.96661e+06	8.61996e+06	9.04115e+06	9.25223e+06	9.4225e+06
P0A8L1	SYS_ECOLI	serS	Serine--tRNA ligase	21	21	1.93195e+08	1.89277e+08	1.89282e+08	1.89938e+08	1.91035e+08	1.86478e+08
P0A8M0	SYN_ECOLI	asnS	Asparagine--tRNA ligase	28	28	1.69852e+08	1.64652e+08	1.74056e+08	1.65511e+08	1.72035e+08	1.65049e+08
P0A8M3	SYT_ECOLI	thrS	Threonine--tRNA ligase	30	30	8.3456e+07	8.92549e+07	8.55896e+07	8.69299e+07	8.83766e+07	8.65586e+07
P0A8M6	YEEX_ECOLI	yeeX	UPF0265 protein YeeX	4	4	6.32922e+07	7.20755e+07	6.66844e+07	7.86199e+07	7.03368e+07	7.84802e+07
P0A8N0	MATP_ECOLI	matP	Macrodomain Ter protein	2	2	2.7293e+06	3.63911e+06	3.73439e+06	3.34348e+06	3.42258e+06	3.56982e+06
P0A8N3	SYK1_ECOLI	lysS	Lysine--tRNA ligase	34	22	2.07463e+08	2.05269e+08	2.05372e+08	2.02362e+08	1.99539e+08	2.08803e+08
P0A8N5	SYK2_ECOLI	lysU	Lysine--tRNA ligase, heat inducible	18	18	1.47034e+08	1.47555e+08	1.52962e+08	1.45627e+08	1.45748e+08	1.48323e+08
P0A8N7	EPMA_ECOLI	epmA	Elongation factor P--(R)-beta-lysine ligase	7	7	1.23376e+07	1.1975e+07	1.25652e+07	1.32918e+07	1.35749e+07	1.34256e+07
P0A8P3	FETP_ECOLI	yggX	Probable Fe(2+)-trafficking protein	8	8	5.55504e+07	5.7114e+07	5.55046e+07	5.59939e+07	5.41447e+07	5.42622e+07
P0A8P6	XERC_ECOLI	xerC	Tyrosine recombinase XerC	2	2		383014	802489	433732		
P0A8Q0	FRDC_ECOLI	frdC	Fumarate reductase subunit C	2	2	1.57713e+07	1.61261e+07	1.37139e+07	1.5785e+07	1.67304e+07	1.52896e+07
P0A8R0	RRAA_ECOLI	rraA	Regulator of ribonuclease activity A	5	5	8.32253e+07	8.26538e+07	8.44844e+07	8.56807e+07	8.11408e+07	8.70016e+07
P0A8R4	SLYX_ECOLI	slyX	Protein SlyX	1	1	1.65407e+06	1.60234e+06	1.72227e+06	1.6029e+06	1.41368e+06	1.64678e+06
P0A8R9	HDFR_ECOLI	hdfR	HTH-type transcriptional regulator HdfR	5	5	3.586e+06	3.70923e+06	3.66722e+06	3.87749e+06	3.73373e+06	3.60745e+06
P0A8S1	ICIA_ECOLI	iciA	Chromosome initiation inhibitor	5	5	1.16627e+07	1.14993e+07	1.25239e+07	1.16675e+07	1.10708e+07	1.24098e+07
P0A8T1	PRMA_ECOLI	prmA	Ribosomal protein L11 methyltransferase	5	5	4.08689e+07	3.98935e+07	3.95307e+07	3.92582e+07	3.9598e+07	3.93835e+07
P0A8T7	RPOC_ECOLI	rpoC	DNA-directed RNA polymerase subunit beta'	83	83	2.37796e+08	2.37341e+08	2.39994e+08	2.35336e+08	2.35509e+08	2.39386e+08
P0A8U0	SYDP_ECOLI	syd	Protein syd	4	4	3.60891e+06	3.69755e+06	3.09887e+06	3.57878e+06	3.64581e+06	4.09232e+06
P0A8U2	YAFD_ECOLI	yafD	UPF0294 protein YafD	1	1		701074		658869		790894
P0A8U6	METJ_ECOLI	metJ	Met repressor	5	5	3.93511e+07	3.75618e+07	3.72697e+07	3.84954e+07	3.842e+07	3.75256e+07
P0A8V0	RBN_ECOLI	rbn	Ribonuclease BN	1	1	386530	402991				386634
P0A8V2	RPOB_ECOLI	rpoB	DNA-directed RNA polymerase subunit beta	78	78	2.17216e+08	2.16735e+08	2.17484e+08	2.19443e+08	2.12216e+08	2.16609e+08
P0A8V6	FADR_ECOLI	fadR	Fatty acid metabolism regulator protein	11	11	3.15415e+07	2.6554e+07	2.9869e+07	2.82483e+07	3.1355e+07	2.99071e+07
P0A8W0	NANR_ECOLI	nanR	Transcriptional regulator NanR	8	8	9.57393e+06	8.98786e+06	9.5872e+06	8.82068e+06	9.32968e+06	9.76557e+06
P0A8W2	SLYA_ECOLI	slyA	Transcriptional regulator SlyA	4	4	3.6583e+07	4.0867e+07	4.07825e+07	3.78433e+07	4.09142e+07	3.91865e+07
P0A8W5	YQGE_ECOLI	yqgE	UPF0301 protein YqgE	6	6	1.67081e+07	1.60111e+07	1.78914e+07	1.64329e+07	1.72572e+07	1.68638e+07
P0A8W8	YFBU_ECOLI	yfbU	UPF0304 protein YfbU	10	10	1.09327e+08	1.04159e+08	1.12125e+08	1.03789e+08	1.10776e+08	1.05509e+08
P0A8X0	YJGA_ECOLI	yjgA	UPF0307 protein YjgA	14	14	3.792e+07	3.68911e+07	3.68901e+07	3.8093e+07	3.87049e+07	3.81589e+07
P0A8X2	YCEI_ECOLI	yceI	Protein YceI	7	7	5.3552e+06	5.94461e+06	5.45855e+06	5.76048e+06	5.34484e+06	5.92645e+06
P0A8Y1	YJJG_ECOLI	yjjG	Pyrimidine 5'-nucleotidase YjjG	2	2	5.50689e+06	5.63773e+06	5.77389e+06	5.58406e+06	5.54731e+06	5.53714e+06
P0A8Y3	YIHX_ECOLI	yihX	Alpha-D-glucose-1-phosphate phosphatase YihX	7	7	1.03525e+07	9.98513e+06	1.01282e+07	9.42171e+06	1.04524e+07	9.96601e+06
P0A8Y5	YIDA_ECOLI	yidA	Sugar phosphatase YidA	9	9	4.58085e+07	4.5548e+07	4.6882e+07	4.4575e+07	4.43696e+07	4.5764e+07
P0A8Z0	YCIA_ECOLI	yciA	Acyl-CoA thioester hydrolase YciA	3	3	1.42399e+07	1.50424e+07	1.464e+07	1.49778e+07	1.5933e+07	1.53678e+07
P0A8Z3	YBGC_ECOLI	ybgC	Acyl-CoA thioester hydrolase YbgC	3	3	4.60873e+06	4.34453e+06	4.52603e+06	4.17153e+06	4.741e+06	4.3488e+06
P0A901	BLC_ECOLI	blc	Outer membrane lipoprotein blc	3	3	2.4868e+06		2.50032e+06	2.25727e+06	2.55971e+06	2.34447e+06
P0A903	BAMC_ECOLI	bamC	Outer membrane protein assembly factor BamC	14	14	1.36551e+08	1.40926e+08	1.34349e+08	1.37596e+08	1.39876e+08	1.41188e+08
P0A905	SLYB_ECOLI	slyB	Outer membrane lipoprotein SlyB	6	6	1.33685e+08	1.55668e+08	1.28745e+08	1.56576e+08	1.24258e+08	1.53341e+08
P0A908	MIPA_ECOLI	mipA	MltA-interacting protein	8	8	2.42682e+07	2.69931e+07	2.49233e+07	2.40239e+07	2.4546e+07	2.4624e+07
P0A910	OMPA_ECOLI	ompA	Outer membrane protein A	14	14	2.9095e+09	2.79934e+09	2.88087e+09	2.80187e+09	2.92549e+09	2.8853e+09
P0A912	PAL_ECOLI	pal	Peptidoglycan-associated lipoprotein	7	7	4.1336e+08	4.38009e+08	4.14005e+08	4.31446e+08	4.27448e+08	4.33084e+08
P0A915	OMPW_ECOLI	ompW	Outer membrane protein W	7	7	1.06439e+08	1.27124e+08	1.07499e+08	1.15785e+08	1.03743e+08	1.16591e+08
P0A917	OMPX_ECOLI	ompX	Outer membrane protein X	9	9	1.42214e+08	1.46747e+08	1.42556e+08	1.4327e+08	1.40512e+08	1.44777e+08
P0A921	PA1_ECOLI	pldA	Phospholipase A1	6	6	8.83734e+06	9.0326e+06	8.96419e+06	8.77417e+06	8.75763e+06	8.76956e+06
P0A927	TSX_ECOLI	tsx	Nucleoside-specific channel-forming protein tsx	10	10	1.04421e+08	1.10361e+08	1.03016e+08	1.09487e+08	1.01084e+08	1.099e+08
P0A932	GFCE_ECOLI	gfcE	Putative polysaccharide export protein GfcE	14	14	6.50582e+07	6.51595e+07	6.50739e+07	6.17184e+07	6.28388e+07	6.45407e+07
P0A935	MLTA_ECOLI	mltA	Membrane-bound lytic murein transglycosylase A	8	8	1.8286e+07	1.94703e+07	1.99317e+07	1.89943e+07	1.89276e+07	1.91426e+07
P0A937	BAME_ECOLI	bamE	Outer membrane protein assembly factor BamE	1	1	9.78194e+07	1.03887e+08	9.64956e+07	1.03655e+08	9.54119e+07	1.04998e+08
P0A940	BAMA_ECOLI	bamA	Outer membrane protein assembly factor BamA	38	38	7.9223e+07	8.08592e+07	8.00708e+07	8.03716e+07	7.76195e+07	8.10486e+07
P0A944	RIMI_ECOLI	rimI	Ribosomal-protein-alanine acetyltransferase	5	5	2.88673e+06	2.82093e+06	3.19492e+06	2.48665e+06	2.68083e+06	2.6943e+06
P0A948	RIMJ_ECOLI	rimJ	Ribosomal-protein-alanine acetyltransferase	1	1	1.01704e+06	728445	966716	822325	1.21913e+06	963342
P0A951	ATDA_ECOLI	speG	Spermidine N(1)-acetyltransferase	3	3	4.04453e+06	4.31508e+06	3.67089e+06	4.32502e+06	3.5021e+06	3.88293e+06
P0A953	FABB_ECOLI	fabB	3-oxoacyl-[acyl-carrier-protein] synthase 1	14	14	1.76775e+08	1.72266e+08	1.73442e+08	1.74679e+08	1.7272e+08	1.78544e+08
P0A955	ALKH_ECOLI	eda	KHG/KDPG aldolase	7	7	1.55121e+08	1.54645e+08	1.55858e+08	1.4645e+08	1.59114e+08	1.54059e+08
P0A959	ALAA_ECOLI	alaA	Glutamate-pyruvate aminotransferase AlaA	8	8	7.30328e+06	7.30893e+06	6.66277e+06	7.49448e+06	8.04322e+06	8.00672e+06
P0A962	ASPG1_ECOLI	ansA	L-asparaginase 1	4	4	6.54729e+06	7.13615e+06	6.17028e+06	7.3293e+06	6.21925e+06	7.38324e+06
P0A964	CHEW_ECOLI	cheW	Chemotaxis protein CheW	4	4	5.59706e+07	5.16325e+07	5.82921e+07	4.93911e+07	5.64844e+07	4.96118e+07
P0A968	CSPD_ECOLI	cspD	Cold shock-like protein CspD	1	1	1.01818e+07	9.03511e+06	9.24871e+06	1.06977e+07	9.26589e+06	1.06233e+07
P0A972	CSPE_ECOLI	cspE	Cold shock-like protein CspE	7	7	1.30617e+09	1.62295e+09	1.27133e+09	1.67203e+09	1.28588e+09	1.648e+09
P0A978	CSPG_ECOLI	cspG	Cold shock-like protein CspG	4	4	2.33123e+07	2.35571e+07	2.52377e+07	2.27718e+07	2.28811e+07	2.24454e+07
P0A988	DPO3B_ECOLI	dnaN	DNA polymerase III subunit beta	11	11	1.93039e+07	2.00139e+07	1.85319e+07	1.925e+07	1.90231e+07	1.89825e+07
P0A991	ALF1_ECOLI	fbaB	Fructose-bisphosphate aldolase class 1	13	13	3.62109e+07	3.74027e+07	3.644e+07	3.79711e+07	3.72122e+07	3.76828e+07
P0A993	F16PA_ECOLI	fbp	Fructose-1,6-bisphosphatase class 1	14	14	1.07201e+08	1.04319e+08	1.08623e+08	1.03411e+08	1.0633e+08	1.05474e+08
P0A996	GLPC_ECOLI	glpC	Anaerobic glycerol-3-phosphate dehydrogenase subunit C	12	12	1.4474e+07	1.42479e+07	1.47234e+07	1.41996e+07	1.39408e+07	1.42715e+07
P0A998	FTNA_ECOLI	ftnA	Ferritin-1	6	6	2.66375e+08	2.4189e+08	2.53605e+08	2.45806e+08	2.64935e+08	2.51873e+08
P0A9A2	FTNB_ECOLI	ftnB	Ferritin-like protein 2	3	3	1.59983e+06	1.85128e+06	1.75267e+06	1.89846e+06	1.91965e+06	2.00688e+06
P0A9A6	FTSZ_ECOLI	ftsZ	Cell division protein FtsZ	23	23	1.44965e+08	1.46814e+08	1.44968e+08	1.43049e+08	1.43895e+08	1.39245e+08
P0A9A9	FUR_ECOLI	fur	Ferric uptake regulation protein	7	7	1.18096e+08	1.12013e+08	1.23887e+08	1.12392e+08	1.22414e+08	1.09461e+08
P0A9B2	G3P1_ECOLI	gapA	Glyceraldehyde-3-phosphate dehydrogenase A	25	24	2.37911e+09	2.42126e+09	2.36706e+09	2.40102e+09	2.40021e+09	2.47357e+09
P0A9B6	E4PD_ECOLI	epd	D-erythrose-4-phosphate dehydrogenase	7	7	7.30136e+06	7.999e+06	8.89402e+06	7.84552e+06	7.69984e+06	8.01517e+06
P0A9C0	GLPA_ECOLI	glpA	Anaerobic glycerol-3-phosphate dehydrogenase subunit A	14	14	4.97928e+06	5.29927e+06	4.55494e+06	5.18076e+06	5.00613e+06	5.26871e+06
P0A9C3	GALM_ECOLI	galM	Aldose 1-epimerase	13	13	2.93076e+07	2.84706e+07	2.83711e+07	2.87261e+07	2.86998e+07	2.81517e+07
P0A9C5	GLNA_ECOLI	glnA	Glutamine synthetase	24	24	1.88817e+08	2.0634e+08	1.88852e+08	2.0255e+08	1.84575e+08	2.01172e+08
P0A9C9	GLPX_ECOLI	glpX	Fructose-1,6-bisphosphatase 1 class 2	12	12	2.15253e+07	1.97188e+07	2.02105e+07	1.98046e+07	2.00564e+07	1.97747e+07
P0A9D2	GSTA_ECOLI	gstA	Glutathione S-transferase GstA	8	8	2.26396e+07	2.21176e+07	2.23536e+07	2.0293e+07	2.35825e+07	2.1121e+07
P0A9D4	CYSE_ECOLI	cysE	Serine acetyltransferase	4	4	1.29151e+07	1.45275e+07	1.34295e+07	1.36653e+07	1.51626e+07	1.45958e+07
P0A9D8	DAPD_ECOLI	dapD	2,3,4,5-tetrahydropyridine-2,6-dicarboxylate N-succinyltransferase	19	19	1.66115e+08	1.55215e+08	1.60214e+08	1.58593e+08	1.66686e+08	1.59292e+08
P0A9E5	FNR_ECOLI	fnr	Fumarate and nitrate reduction regulatory protein	6	6	3.76097e+07	3.69837e+07	4.11532e+07	3.58513e+07	3.72381e+07	3.82633e+07
P0A9F1	MNTR_ECOLI	mntR	Transcriptional regulator MntR	5	5	3.58087e+06	3.1599e+06	3.65946e+06	3.59057e+06	3.39225e+06	3.41896e+06
P0A9F3	CYSB_ECOLI	cysB	HTH-type transcriptional regulator CysB	12	12	1.30487e+07	1.31299e+07	1.43662e+07	1.35776e+07	1.28473e+07	1.37707e+07
P0A9F6	GCVA_ECOLI	gcvA	Glycine cleavage system transcriptional activator	1	1	640779	862346	678518	611486	517361	814026
P0A9G2	NHAR_ECOLI	nhaR	Transcriptional activator protein NhaR	3	3	4.83242e+06	3.96767e+06	4.61546e+06	4.29925e+06	4.54423e+06	4.41756e+06
P0A9G6	ACEA_ECOLI	aceA	Isocitrate lyase	10	10	2.73795e+07	2.48651e+07	2.73705e+07	2.51758e+07	2.75301e+07	2.46056e+07
P0A9G8	MODE_ECOLI	modE	Transcriptional regulator ModE	7	7	1.09838e+07	1.03427e+07	1.09073e+07	1.05789e+07	1.06723e+07	1.05776e+07
P0A9H1	MUG_ECOLI	mug	G/U mismatch-specific DNA glycosylase	6	6	6.41494e+06	5.63342e+06	5.99495e+06	6.59544e+06	6.51162e+06	6.85128e+06
P0A9H3	LDCI_ECOLI	cadA	Lysine decarboxylase, inducible	3	3		3.71676e+06			4.7578e+06	4.1784e+06
P0A9H5	BTUR_ECOLI	btuR	Cob(I)yrinic acid a,c-diamide adenosyltransferase	4	4	4.80532e+06	5.90515e+06	5.45228e+06	5.22025e+06	5.23128e+06	5.05001e+06
P0A9H7	CFA_ECOLI	cfa	Cyclopropane-fatty-acyl-phospholipid synthase	13	13	1.63476e+07	1.62197e+07	1.59337e+07	1.62944e+07	1.64242e+07	1.69816e+07
P0A9H9	CHEZ_ECOLI	cheZ	Protein phosphatase CheZ	11	11	5.83123e+06	6.03948e+06	5.61055e+06	5.84274e+06	5.74414e+06	5.56819e+06
P0A9I1	CITE_ECOLI	citE	Citrate lyase subunit beta	14	14	3.61928e+07	3.57728e+07	3.68412e+07	3.68279e+07	3.67008e+07	3.68747e+07
P0A9I3	GCVR_ECOLI	gcvR	Glycine cleavage system transcriptional repressor	3	3	7.11952e+06	7.35793e+06	6.23758e+06	7.97365e+06	7.33007e+06	8.52996e+06
P0A9I8	NIRD_ECOLI	nirD	Nitrite reductase [NAD(P)H] small subunit	3	3	1.99207e+07	2.12927e+07	1.76801e+07	2.12582e+07	2.26848e+07	2.26747e+07
P0A9J0	RNG_ECOLI	rng	Ribonuclease G	12	12	4.61748e+07	4.68623e+07	4.70724e+07	4.95491e+07	4.67134e+07	4.67222e+07
P0A9J4	PANE_ECOLI	panE	2-dehydropantoate 2-reductase	4	4	6.45509e+06	7.01816e+06	6.83545e+06	7.03032e+06	6.78369e+06	7.49113e+06
P0A9J6	RBSK_ECOLI	rbsK	Ribokinase	4	4	1.05502e+07	9.73053e+06	1.01956e+07	1.0181e+07	1.09628e+07	1.04653e+07
P0A9J8	PHEA_ECOLI	pheA	P-protein	6	6	8.01069e+06	8.32717e+06	9.205e+06	8.20972e+06	9.54098e+06	7.96223e+06
P0A9K3	PHOL_ECOLI	ybeZ	PhoH-like protein	15	15	2.85529e+07	2.95816e+07	2.89015e+07	2.87335e+07	2.85378e+07	2.87295e+07
P0A9K7	PHOU_ECOLI	phoU	Phosphate-specific transport system accessory protein PhoU	4	4	1.08273e+07	1.03401e+07	9.57458e+06	9.31746e+06	1.09405e+07	1.00745e+07
P0A9K9	SLYD_ECOLI	slyD	FKBP-type peptidyl-prolyl cis-trans isomerase SlyD	5	5	4.8589e+08	5.89192e+08	5.12072e+08	5.3633e+08	4.87296e+08	5.38026e+08
P0A9L3	FKBB_ECOLI	fklB	FKBP-type 22 kDa peptidyl-prolyl cis-trans isomerase	10	10	1.59662e+08	1.53858e+08	1.6642e+08	1.5142e+08	1.62499e+08	1.47276e+08
P0A9L5	PPIC_ECOLI	ppiC	Peptidyl-prolyl cis-trans isomerase C	6	6	1.774e+07	1.739e+07	1.78391e+07	1.61528e+07	1.7005e+07	1.81571e+07
P0A9L8	P5CR_ECOLI	proC	Pyrroline-5-carboxylate reductase	2	2	1.29794e+07	1.44664e+07	1.42181e+07	1.42617e+07	1.58997e+07	1.32911e+07
P0A9M0	LON_ECOLI	lon	Lon protease	35	35	4.24441e+07	4.37237e+07	4.26282e+07	4.371e+07	4.28059e+07	4.35172e+07
P0A9M2	HPRT_ECOLI	hpt	Hypoxanthine phosphoribosyltransferase	10	10	3.07008e+07	3.16141e+07	3.04363e+07	3.08357e+07	3.05099e+07	2.99577e+07
P0A9M5	XGPT_ECOLI	gpt	Xanthine phosphoribosyltransferase	8	8	2.35491e+08	2.24397e+08	2.37635e+08	2.30769e+08	2.28276e+08	2.32992e+08
P0A9M8	PTA_ECOLI	pta	Phosphate acetyltransferase	33	33	2.23834e+08	2.3261e+08	2.28377e+08	2.30128e+08	2.31584e+08	2.2234e+08
P0A9N4	PFLA_ECOLI	pflA	Pyruvate formate-lyase 1-activating enzyme	5	5	2.19148e+07	2.08408e+07	2.25223e+07	2.21822e+07	2.3219e+07	2.26024e+07
P0A9N8	NRDG_ECOLI	nrdG	Anaerobic ribonucleoside-triphosphate reductase-activating protein	4	4		1.4785e+06	1.62887e+06	1.72712e+06	1.70961e+06	1.62617e+06
P0A9P0	DLDH_ECOLI	lpdA	Dihydrolipoyl dehydrogenase	31	31	1.8411e+08	1.92348e+08	1.82369e+08	1.92076e+08	1.88733e+08	1.91214e+08
P0A9P4	TRXB_ECOLI	trxB	Thioredoxin reductase	14	14	6.67997e+07	6.79908e+07	6.65418e+07	7.0564e+07	6.81228e+07	6.85915e+07
P0A9P6	DEAD_ECOLI	deaD	Cold-shock DEAD box protein A	30	30	3.8394e+07	3.76576e+07	3.9311e+07	3.85244e+07	3.95237e+07	3.78622e+07
P0A9Q1	ARCA_ECOLI	arcA	Aerobic respiration control protein ArcA	15	15	2.15738e+08	2.46595e+08	2.0913e+08	2.36494e+08	2.17855e+08	2.40398e+08
P0A9Q5	ACCD_ECOLI	accD	Acetyl-coenzyme A carboxylase carboxyl transferase subunit beta	16	16	1.13305e+08	1.08302e+08	1.13377e+08	1.04095e+08	1.16398e+08	1.08976e+08
P0A9Q7	ADHE_ECOLI	adhE	Aldehyde-alcohol dehydrogenase	53	53	8.5024e+08	8.99269e+08	8.55386e+08	8.87996e+08	8.63537e+08	9.02742e+08
P0A9Q9	DHAS_ECOLI	asd	Aspartate-semialdehyde dehydrogenase	12	12	9.88274e+07	9.17583e+07	9.80495e+07	9.45444e+07	9.98032e+07	9.7067e+07
P0A9R4	FER_ECOLI	fdx	2Fe-2S ferredoxin	3	3	6.79007e+07	7.43941e+07	6.59545e+07	6.53742e+07	6.65241e+07	6.55389e+07
P0A9R7	FTSE_ECOLI	ftsE	Cell division ATP-binding protein FtsE	7	7	1.28414e+07	1.1476e+07	1.25048e+07	1.21971e+07	1.23757e+07	1.2019e+07
P0A9S1	FUCO_ECOLI	fucO	Lactaldehyde reductase	4	4	1.67417e+06	1.52239e+06	1.76877e+06	1.62419e+06	1.72187e+06	1.81212e+06
P0A9S5	GLDA_ECOLI	gldA	Glycerol dehydrogenase	8	8	9.55736e+07	8.7223e+07	9.38408e+07	8.91622e+07	9.77911e+07	8.51092e+07
P0A9T0	SERA_ECOLI	serA	D-3-phosphoglycerate dehydrogenase	11	11	4.45152e+07	4.46429e+07	4.24209e+07	4.33148e+07	4.18037e+07	4.44125e+07
P0A9T4	TAS_ECOLI	tas	Protein tas	10	10	3.41771e+07	3.60044e+07	3.54873e+07	3.38237e+07	3.51118e+07	3.50088e+07
P0A9T6	YBAQ_ECOLI	ybaQ	Uncharacterized HTH-type transcriptional regulator YbaQ	4	4	5.35062e+06	4.66456e+06	4.96199e+06	4.02926e+06	5.59859e+06	5.11595e+06
P0A9T8	YBBA_ECOLI	ybbA	Uncharacterized ABC transporter ATP-binding protein YbbA	3	3	1.74068e+06	1.59709e+06	1.49728e+06	1.5229e+06	1.68607e+06	1.53007e+06
P0A9U1	YBHF_ECOLI	ybhF	Uncharacterized ABC transporter ATP-binding protein YbhF	3	3	3.13931e+06	2.79429e+06	2.31277e+06	2.13447e+06	2.52983e+06	3.12842e+06
P0A9U3	YBIT_ECOLI	ybiT	Uncharacterized ABC transporter ATP-binding protein YbiT	21	21	3.17256e+07	3.14654e+07	3.21232e+07	3.0642e+07	3.13646e+07	3.09831e+07
P0A9V1	LPTB_ECOLI	lptB	Lipopolysaccharide export system ATP-binding protein LptB	11	11	2.38309e+07	2.23219e+07	2.48038e+07	2.2478e+07	2.40811e+07	2.32188e+07
P0A9W0	ULAR_ECOLI	ulaR	HTH-type transcriptional regulator UlaR	2	2	9.36335e+06			9.67656e+06	8.52812e+06	7.79411e+06
P0A9W3	YJJK_ECOLI	yjjK	Uncharacterized ABC transporter ATP-binding protein YjjK	28	28	6.93273e+07	6.95102e+07	6.84525e+07	7.49546e+07	7.2568e+07	7.2439e+07
P0A9W6	YRBA_ECOLI	yrbA	Uncharacterized protein YrbA	3	3	5.50167e+07	4.79135e+07	5.47316e+07	5.29791e+07	4.97785e+07	5.58309e+07
P0A9W9	YRDA_ECOLI	yrdA	Protein YrdA	8	8	1.8027e+07	1.87773e+07	1.84134e+07	1.87144e+07	1.84393e+07	1.89588e+07
P0A9X1	ZNUC_ECOLI	znuC	Zinc import ATP-binding protein ZnuC	1	1		708422				
P0A9X4	MREB_ECOLI	mreB	Rod shape-determining protein MreB	14	14	7.14467e+07	7.07676e+07	7.2638e+07	6.94663e+07	7.24243e+07	7.22848e+07
P0A9X9	CSPA_ECOLI	cspA	Cold shock protein CspA	8	6	2.26387e+08	2.24283e+08	2.27502e+08	2.16253e+08	2.33434e+08	2.14638e+08
P0A9Y6	CSPC_ECOLI	cspC	Cold shock-like protein CspC	7	7	1.23772e+09	1.28125e+09	1.33869e+09	1.28111e+09	1.24146e+09	1.27467e+09
P0A9Z1	GLNB_ECOLI	glnB	Nitrogen regulatory protein P-II 1	7	7	8.45987e+07	8.63405e+07	8.16998e+07	8.35101e+07	8.35379e+07	8.28704e+07
P0AA04	PTHP_ECOLI	ptsH	Phosphocarrier protein HPr	6	6	9.63948e+08	1.56747e+09	1.06396e+09	1.49318e+09	1.05863e+09	1.50226e+09
P0AA10	RL13_ECOLI	rplM	50S ribosomal protein L13	13	13	6.07456e+08	6.73757e+08	6.31891e+08	6.55495e+08	6.4111e+08	6.59172e+08
P0AA16	OMPR_ECOLI	ompR	Transcriptional regulatory protein OmpR	11	11	4.5906e+07	4.72593e+07	4.78778e+07	4.76095e+07	4.72479e+07	4.69658e+07
P0AA25	THIO_ECOLI	trxA	Thioredoxin-1	7	7	3.28907e+08	3.33452e+08	3.32217e+08	3.29963e+08	3.32336e+08	3.35723e+08
P0AA31	YEDF_ECOLI	yedF	UPF0033 protein YedF	1	1	2.32031e+07	2.39724e+07	2.17771e+07	2.30682e+07	2.41037e+07	2.2746e+07
P0AA37	RLUA_ECOLI	rluA	Ribosomal large subunit pseudouridine synthase A	2	2		1.02409e+06	1.1017e+06	1.23272e+06	1.45968e+06	1.37659e+06
P0AA39	RLUC_ECOLI	rluC	Ribosomal large subunit pseudouridine synthase C	9	9	9.63858e+06	9.58225e+06	9.20655e+06	9.06698e+06	1.03173e+07	9.02526e+06
P0AA41	TRUC_ECOLI	truC	tRNA pseudouridine synthase C	3	3	5.89641e+06	4.21191e+06	7.28367e+06		8.22084e+06	4.16054e+06
P0AA43	RSUA_ECOLI	rsuA	Ribosomal small subunit pseudouridine synthase A	8	8	1.99394e+07	1.92694e+07	1.88867e+07	1.91429e+07	2.15948e+07	1.93898e+07
P0AA53	QMCA_ECOLI	qmcA	Protein QmcA	4	4	3.27968e+06	3.48561e+06	3.39942e+06	3.08738e+06	3.22632e+06	3.4505e+06
P0AA57	YOBA_ECOLI	yobA	Protein YobA	2	2						5.3416e+06
P0AA86	DSBE_ECOLI	dsbE	Thiol:disulfide interchange protein DsbE	1	1	2.35462e+06	2.68972e+06	1.99387e+06	2.38656e+06	1.87782e+06	2.18668e+06
P0AA91	YEAY_ECOLI	yeaY	Uncharacterized lipoprotein YeaY	4	4	3.75252e+06	3.84089e+06	3.85701e+06	3.57199e+06	4.18026e+06	3.74843e+06
P0AA93	YPDA_ECOLI	ypdA	Sensor histidine kinase YpdA	2	2	1.20625e+06	777642	1.06192e+06	1.23716e+06	1.21769e+06	1.18588e+06
P0AA95	YACC_ECOLI	yacC	Uncharacterized protein YacC	2	2	5.51307e+06	4.93454e+06	5.49425e+06	4.50712e+06	5.0781e+06	4.75754e+06
P0AA97	YAEQ_ECOLI	yaeQ	Uncharacterized protein YaeQ	2	2	3.36031e+06	4.28952e+06	3.25968e+06	4.74527e+06	3.52075e+06	4.266e+06
P0AAA1	YAGU_ECOLI	yagU	Inner membrane protein YagU	2	2	4.01522e+07	4.4179e+07	3.71837e+07	4.13399e+07	4.19754e+07	4.04951e+07
P0AAB4	UBID_ECOLI	ubiD	3-octaprenyl-4-hydroxybenzoate carboxy-lyase	6	6	1.11571e+07	9.93718e+06	9.99659e+06	1.02518e+07	1.16834e+07	1.07305e+07
P0AAB6	GALF_ECOLI	galF	UTP--glucose-1-phosphate uridylyltransferase	11	11	1.32773e+08	1.34993e+08	1.37675e+08	1.33479e+08	1.36212e+08	1.31994e+08
P0AAB8	USPD_ECOLI	uspD	Universal stress protein D	1	1	1.44551e+07	1.79752e+07	1.69247e+07	1.67997e+07	1.30735e+07	1.77554e+07
P0AAC0	USPE_ECOLI	uspE	Universal stress protein E	9	9	4.10854e+07	4.23766e+07	4.40791e+07	4.4951e+07	4.50404e+07	4.46679e+07
P0AAC8	ISCA_ECOLI	iscA	Iron-binding protein IscA	5	5	3.95993e+07	3.72758e+07	4.31769e+07	3.80497e+07	4.04515e+07	3.93664e+07
P0AAD6	SDAC_ECOLI	sdaC	Serine transporter	2	2	4.25266e+06	4.54492e+06	4.65049e+06	4.33648e+06	4.77733e+06	3.73097e+06
P0AAF6	ARTP_ECOLI	artP	Arginine transport ATP-binding protein ArtP	2	2	5.80856e+06	4.92034e+06	4.38732e+06	5.34628e+06	4.97933e+06	4.86439e+06
P0AAG3	GLTL_ECOLI	gltL	Glutamate/aspartate transport ATP-binding protein GltL	1	1		4.16322e+06		4.06068e+06	3.3893e+06	4.52388e+06
P0AAH0	PSTB_ECOLI	pstB	Phosphate import ATP-binding protein PstB	3	3	2.89907e+06	2.38447e+06	2.42245e+06	2.7493e+06	2.66984e+06	2.99174e+06
P0AAH8	SAPF_ECOLI	sapF	Peptide transport system ATP-binding protein SapF	2	2	1.85066e+06	1.79751e+06	1.99559e+06	1.62648e+06	2.0979e+06	1.74565e+06
P0AAI3	FTSH_ECOLI	ftsH	ATP-dependent zinc metalloprotease FtsH	24	24	7.26534e+07	7.42218e+07	7.32017e+07	7.53391e+07	7.24767e+07	7.47637e+07
P0AAI5	FABF_ECOLI	fabF	3-oxoacyl-[acyl-carrier-protein] synthase 2	10	10	1.99002e+08	2.03976e+08	2.03147e+08	2.04884e+08	1.98574e+08	2.01947e+08
P0AAI9	FABD_ECOLI	fabD	Malonyl CoA-acyl carrier protein transacylase	9	9	8.01081e+07	6.39856e+07	8.07267e+07	6.43441e+07	8.14387e+07	6.55841e+07
P0AAJ3	FDNH_ECOLI	fdnH	Formate dehydrogenase, nitrate-inducible, iron-sulfur subunit	4	4	1.59332e+07	1.6904e+07	1.54027e+07	1.64628e+07	1.68222e+07	1.7689e+07
P0AAJ5	FDOH_ECOLI	fdoH	Formate dehydrogenase-O iron-sulfur subunit	4	4	2.10952e+07	1.51826e+07	1.37175e+07	1.5105e+07	2.01028e+07	1.5442e+07
P0AAJ8	HYBA_ECOLI	hybA	Hydrogenase-2 operon protein HybA	5	5	2.0036e+07	2.20081e+07	1.97103e+07	2.21983e+07	1.98107e+07	2.02482e+07
P0AAK1	HYCB_ECOLI	hycB	Formate hydrogenlyase subunit 2	3	3	4.7503e+06	4.46757e+06	4.36128e+06	4.58869e+06	4.73639e+06	4.71129e+06
P0AAL3	NAPG_ECOLI	napG	Ferredoxin-type protein NapG	1	1	553923	495290	509957	431836	468226	525767
P0AAN1	HYBE_ECOLI	hybE	Hydrogenase-2 operon protein HybE	2	2	2.0571e+06	2.33669e+06	2.30195e+06	2.37291e+06	2.09699e+06	2.37853e+06
P0AAN3	HYPB_ECOLI	hypB	Hydrogenase isoenzymes nickel incorporation protein HypB	7	7	1.25224e+07	1.2244e+07	1.18992e+07	1.17309e+07	1.21166e+07	1.12985e+07
P0AAN5	YAIA_ECOLI	yaiA	Uncharacterized protein YaiA	1	1	5.97521e+06	6.5575e+06	4.75127e+06	7.3631e+06	6.11369e+06	7.57806e+06
P0AAN9	IRAP_ECOLI	iraP	Anti-adapter protein IraP	3	3	1.32038e+06	1.24193e+06	1.30891e+06	1.1411e+06	1.35107e+06	1.19648e+06
P0AAP3	FRMR_ECOLI	frmR	Transcriptional repressor FrmR	5	5	1.40673e+07	1.15496e+07	1.35073e+07	1.16304e+07	1.40838e+07	1.2113e+07
P0AAQ2	YAJD_ECOLI	yajD	Uncharacterized protein YajD	4	4	1.63201e+07	1.55818e+07	1.67046e+07	1.60057e+07	1.5413e+07	1.59428e+07
P0AAR3	YBAK_ECOLI	ybaK	Cys-tRNA(Pro)/Cys-tRNA(Cys) deacylase YbaK	6	6	1.32967e+07	1.20639e+07	1.34979e+07	1.19138e+07	1.31824e+07	1.27345e+07
P0AAS0	YLAC_ECOLI	ylaC	Inner membrane protein YlaC	3	3	601098	693787	581280	592766	714146	732010
P0AAS7	YBCJ_ECOLI	ybcJ	Uncharacterized protein YbcJ	3	3	1.63182e+07	1.58253e+07	1.69546e+07	1.54303e+07	1.65568e+07	1.52069e+07
P0AAT2	YBDF_ECOLI	ybdF	Uncharacterized protein YbdF	2	2	2.48384e+06	2.38829e+06	2.23109e+06	2.00683e+06	1.83051e+06	2.30877e+06
P0AAT4	MSCM_ECOLI	mscM	Miniconductance mechanosensitive channel	5	5	5.24548e+06	6.14454e+06	5.6645e+06	6.25347e+06	6.02126e+06	5.84156e+06
P0AAT6	IOJAP_ECOLI	rsfS	Ribosomal silencing factor RsfS	5	5	1.50665e+07	1.60717e+07	1.57197e+07	1.51967e+07	1.51351e+07	1.48191e+07
P0AAT9	YBEL_ECOLI	ybeL	Uncharacterized protein YbeL	6	6	1.97893e+07	2.14171e+07	2.02404e+07	2.22246e+07	2.13985e+07	2.23798e+07
P0AAU7	YBFE_ECOLI	ybfE	Uncharacterized protein YbfE	3	3	2.90017e+06	3.19993e+06	3.93971e+06	3.21977e+06	3.83858e+06	3.75348e+06
P0AAV4	YBGJ_ECOLI	ybgJ	Uncharacterized protein YbgJ	2	2	2.76877e+06	2.80618e+06	2.67661e+06	2.94935e+06	2.72384e+06	3.12319e+06
P0AAV6	YBGS_ECOLI	ybgS	Uncharacterized protein YbgS	1	1	83068.9	96271.6			83314.9	
P0AAX8	YBIS_ECOLI	ybiS	Probable L,D-transpeptidase YbiS	14	13	5.53997e+07	5.53435e+07	5.36359e+07	5.65301e+07	5.53445e+07	5.60081e+07
P0AAZ4	RARA_ECOLI	rarA	Replication-associated recombination protein A	7	7	3.97624e+06	3.81631e+06	4.4284e+06	4.01176e+06	4.11973e+06	4.20769e+06
P0AAZ7	YCAR_ECOLI	ycaR	UPF0434 protein YcaR	4	4	5.58076e+07	5.26524e+07	5.60367e+07	5.736e+07	5.70054e+07	5.3956e+07
P0AB10	YMBA_ECOLI	ymbA	Uncharacterized lipoprotein YmbA	2	2	1.06693e+07	1.10434e+07	8.99563e+06	1.20496e+07	1.02456e+07	1.22579e+07
P0AB12	YCCF_ECOLI	yccF	Inner membrane protein YccF	1	1		4.67348e+06		7.76093e+06		
P0AB14	YCCJ_ECOLI	yccJ	Uncharacterized protein YccJ	4	4	2.05097e+07	1.93172e+07	1.96075e+07	1.82605e+07	1.91288e+07	2.00836e+07
P0AB18	TUSE_ECOLI	tusE	Sulfurtransferase TusE	5	5	6.25132e+06	7.24189e+06	7.12692e+06	6.86292e+06	6.58654e+06	7.08651e+06
P0AB20	HSPQ_ECOLI	hspQ	Heat shock protein HspQ	1	1	5.67099e+06	4.88885e+06	7.35551e+06	5.91737e+06		5.36792e+06
P0AB24	EFEO_ECOLI	efeO	Iron uptake system component EfeO	14	14	3.58585e+07	3.58151e+07	3.57784e+07	3.46918e+07	3.59722e+07	3.6363e+07
P0AB26	YCEB_ECOLI	yceB	Uncharacterized lipoprotein YceB	5	5	2.492e+07	2.53674e+07	2.41074e+07	2.57576e+07	2.89153e+07	2.59305e+07
P0AB28	YCED_ECOLI	yceD	Uncharacterized protein YceD	5	5	3.93891e+07	3.97356e+07	4.00648e+07	3.93863e+07	3.91766e+07	3.94012e+07
P0AB38	LPOB_ECOLI	lpoB	Penicillin-binding protein activator LpoB	3	3	1.80794e+07	2.26036e+07	1.94718e+07	2.2144e+07	1.93425e+07	2.23956e+07
P0AB43	YCGL_ECOLI	ycgL	Protein YcgL	9	9	7.00854e+06	8.04637e+06	6.69528e+06	7.72177e+06	7.1584e+06	7.534e+06
P0AB46	YMGD_ECOLI	ymgD	Uncharacterized protein YmgD	4	4	1.23536e+07	1.34518e+07	1.36624e+07	1.40753e+07	1.32454e+07	1.32911e+07
P0AB52	YCHN_ECOLI	ychN	Protein YchN	3	3	1.14297e+07	9.62582e+06	1.20713e+07	1.06028e+07	7.42696e+06	1.07592e+07
P0AB55	YCII_ECOLI	yciI	Protein YciI	3	3	3.4966e+07	3.55958e+07	3.00285e+07	3.3783e+07	3.11948e+07	3.6621e+07
P0AB58	YCIM_ECOLI	yciM	Uncharacterized protein YciM	3	3	1.8472e+06	2.51181e+06	2.25405e+06	2.06354e+06	1.93989e+06	2.45162e+06
P0AB61	YCIN_ECOLI	yciN	Protein YciN	6	6	2.4318e+07	2.97353e+07	2.72364e+07	3.15517e+07	2.47648e+07	2.87881e+07
P0AB67	PNTB_ECOLI	pntB	NAD(P) transhydrogenase subunit beta	5	5	6.49728e+06	7.54391e+06	6.9296e+06	8.2308e+06	7.88296e+06	7.13766e+06
P0AB71	ALF_ECOLI	fbaA	Fructose-bisphosphate aldolase class 2	17	17	7.53837e+08	8.04012e+08	7.34054e+08	8.2171e+08	7.54144e+08	8.22574e+08
P0AB77	KBL_ECOLI	kbl	2-amino-3-ketobutyrate coenzyme A ligase	17	17	1.06998e+08	1.07078e+08	1.05521e+08	1.0515e+08	1.08142e+08	1.07311e+08
P0AB80	ILVE_ECOLI	ilvE	Branched-chain-amino-acid aminotransferase	9	9	3.25209e+07	2.92148e+07	3.35339e+07	3.09019e+07	3.31191e+07	3.09246e+07
P0AB83	END3_ECOLI	nth	Endonuclease III	2	2	3.0874e+06	3.40301e+06	3.63549e+06	3.00524e+06	3.51099e+06	3.54406e+06
P0AB89	PUR8_ECOLI	purB	Adenylosuccinate lyase	19	19	2.38357e+07	2.51637e+07	2.40146e+07	2.39612e+07	2.47721e+07	2.44013e+07
P0AB91	AROG_ECOLI	aroG	Phospho-2-dehydro-3-deoxyheptonate aldolase, Phe-sensitive	5	5	9.15534e+06	1.02224e+07	1.08523e+07	1.05178e+07	1.10215e+07	1.06699e+07
P0AB98	ATP6_ECOLI	atpB	ATP synthase subunit a	2	2	2.83519e+06	3.51178e+06		2.68989e+06	2.8573e+06	3.18027e+06
P0ABA0	ATPF_ECOLI	atpF	ATP synthase subunit b	15	15	2.12406e+08	2.06743e+08	2.1766e+08	2.02946e+08	2.10272e+08	2.00368e+08
P0ABA4	ATPD_ECOLI	atpH	ATP synthase subunit delta	11	11	1.56145e+08	1.46018e+08	1.53907e+08	1.43397e+08	1.51476e+08	1.48262e+08
P0ABA6	ATPG_ECOLI	atpG	ATP synthase gamma chain	17	17	1.71311e+08	1.66515e+08	1.80242e+08	1.62418e+08	1.77588e+08	1.637e+08
P0ABB0	ATPA_ECOLI	atpA	ATP synthase subunit alpha	29	29	3.98999e+08	3.84836e+08	3.9624e+08	3.88469e+08	3.93368e+08	3.9334e+08
P0ABB4	ATPB_ECOLI	atpD	ATP synthase subunit beta	29	29	4.2067e+08	4.37181e+08	4.2232e+08	4.23156e+08	4.19662e+08	4.29918e+08
P0ABB8	ATMA_ECOLI	mgtA	Magnesium-transporting ATPase, P-type 1	4	4	714892	901940	634494	579575	899216	934944
P0ABC3	HFLC_ECOLI	hflC	Modulator of FtsH protease HflC	20	20	8.36083e+07	8.42627e+07	8.85262e+07	8.54101e+07	8.49355e+07	8.45462e+07
P0ABC7	HFLK_ECOLI	hflK	Modulator of FtsH protease HflK	15	15	7.34064e+07	7.35716e+07	7.71444e+07	7.31557e+07	7.48753e+07	7.40053e+07
P0ABD3	BFR_ECOLI	bfr	Bacterioferritin	8	8	3.81116e+07	3.98808e+07	3.95058e+07	3.67231e+07	4.04755e+07	3.62687e+07
P0ABD5	ACCA_ECOLI	accA	Acetyl-coenzyme A carboxylase carboxyl transferase subunit alpha	24	24	8.78416e+07	9.00379e+07	8.82699e+07	8.87127e+07	8.93646e+07	8.78225e+07
P0ABD8	BCCP_ECOLI	accB	Biotin carboxyl carrier protein of acetyl-CoA carboxylase	5	5	2.49863e+08	2.72131e+08	2.32548e+08	2.68199e+08	2.47968e+08	2.55727e+08
P0ABE2	BOLA_ECOLI	bolA	Protein BolA	5	5	2.33847e+07	2.16381e+07	2.4737e+07	2.31554e+07	2.4045e+07	2.35514e+07
P0ABF1	PCNB_ECOLI	pcnB	Poly(A) polymerase	19	19	1.40351e+07	1.31558e+07	1.37774e+07	1.28543e+07	1.41195e+07	1.33246e+07
P0ABF6	CDD_ECOLI	cdd	Cytidine deaminase	7	7	5.0485e+07	4.98358e+07	5.06112e+07	5.1173e+07	5.14922e+07	4.96824e+07
P0ABG4	FTSW_ECOLI	ftsW	Lipid II flippase FtsW	1	1	715821	682524	683861	501572	477284	642824
P0ABH0	FTSA_ECOLI	ftsA	Cell division protein FtsA	10	10	1.23523e+07	1.351e+07	1.24991e+07	1.41527e+07	1.33754e+07	1.41892e+07
P0ABH7	CISY_ECOLI	gltA	Citrate synthase	14	14	4.45622e+07	4.21177e+07	4.38658e+07	4.35996e+07	4.18782e+07	4.34226e+07
P0ABH9	CLPA_ECOLI	clpA	ATP-dependent Clp protease ATP-binding subunit ClpA	27	27	3.73466e+07	3.5025e+07	3.69867e+07	3.59348e+07	3.71347e+07	3.66922e+07
P0ABI4	CORA_ECOLI	corA	Magnesium transport protein CorA	3	3	1.55265e+07	1.53496e+07	1.49897e+07	1.4389e+07	1.44558e+07	1.45309e+07
P0ABI8	CYOB_ECOLI	cyoB	Ubiquinol oxidase subunit 1	2	2	9.37762e+06	1.04003e+07	8.94258e+06	9.71938e+06	9.14819e+06	1.01097e+07
P0ABJ1	CYOA_ECOLI	cyoA	Ubiquinol oxidase subunit 2	3	3	2.27447e+07	2.17586e+07	2.13105e+07	2.04068e+07	2.21173e+07	2.19216e+07
P0ABJ9	CYDA_ECOLI	cydA	Cytochrome d ubiquinol oxidase subunit 1	12	12	1.75795e+08	1.77139e+08	1.77212e+08	1.6901e+08	1.78879e+08	1.73196e+08
P0ABK2	CYDB_ECOLI	cydB	Cytochrome d ubiquinol oxidase subunit 2	2	2	2.68388e+07	2.39697e+07	2.33531e+07	2.37786e+07	2.53701e+07	2.32431e+07
P0ABK5	CYSK_ECOLI	cysK	Cysteine synthase A	23	23	1.96239e+08	1.91618e+08	1.95174e+08	1.92126e+08	1.95398e+08	1.93965e+08
P0ABL5	NAPC_ECOLI	napC	Cytochrome c-type protein NapC	2	2		3.94941e+06	4.14246e+06	3.90485e+06	4.39886e+06	3.73061e+06
P0ABM9	CCMH_ECOLI	ccmH	Cytochrome c-type biogenesis protein CcmH	3	3		1.82664e+06		2.53524e+06		2.70932e+06
P0ABN1	KDGL_ECOLI	dgkA	Diacylglycerol kinase	1	1	1.92533e+06	1.34997e+06	1.42751e+06	1.67301e+06	2.00003e+06	
P0ABN5	DCUA_ECOLI	dcuA	Anaerobic C4-dicarboxylate transporter DcuA	5	5	8.03708e+06	8.22139e+06	8.66789e+06	8.77724e+06	8.53376e+06	8.97928e+06
P0ABN9	DCUB_ECOLI	dcuB	Anaerobic C4-dicarboxylate transporter DcuB	3	3	2.55001e+07	2.48685e+07	2.59698e+07	2.50443e+07	2.68294e+07	2.45195e+07
P0ABP8	DEOD_ECOLI	deoD	Purine nucleoside phosphorylase DeoD-type	13	13	5.12658e+08	5.44196e+08	5.18051e+08	4.99642e+08	5.16878e+08	5.08852e+08
P0ABQ0	COABC_ECOLI	coaBC	Coenzyme A biosynthesis bifunctional protein CoaBC	10	10	6.60241e+06	6.68897e+06	5.81057e+06	6.48717e+06	7.13112e+06	6.75527e+06
P0ABQ2	GARR_ECOLI	garR	2-hydroxy-3-oxopropionate reductase	3	3	3.84707e+06	6.03738e+06	4.71851e+06	5.85818e+06	6.07592e+06	5.42532e+06
P0ABQ4	DYR_ECOLI	folA	Dihydrofolate reductase	6	6	2.37549e+07	2.98502e+07	2.64079e+07	2.80414e+07	2.75917e+07	2.78793e+07
P0ABS1	DKSA_ECOLI	dksA	RNA polymerase-binding transcription factor DksA	4	4	3.14739e+08	3.41727e+08	3.22685e+08	3.30013e+08	3.14525e+08	3.27171e+08
P0ABS5	PRIM_ECOLI	dnaG	DNA primase	6	6	3.91228e+06	3.65736e+06	3.44998e+06	3.54453e+06	3.51865e+06	3.58004e+06
P0ABS8	HOLE_ECOLI	holE	DNA polymerase III subunit theta	2	2	5.00846e+06	4.72533e+06	5.33101e+06	4.47037e+06		4.34687e+06
P0ABT2	DPS_ECOLI	dps	DNA protection during starvation protein	17	17	4.48069e+08	4.49383e+08	4.48948e+08	4.35647e+08	4.39629e+08	4.39797e+08
P0ABU0	MENB_ECOLI	menB	1,4-Dihydroxy-2-naphthoyl-CoA synthase	8	8	2.87448e+07	3.23098e+07	2.81049e+07	3.07838e+07	3.03358e+07	3.12289e+07
P0ABU2	YCHF_ECOLI	ychF	Ribosome-binding ATPase YchF	16	16	1.33007e+08	1.33611e+08	1.30651e+08	1.34755e+08	1.33157e+08	1.34074e+08
P0ABU5	ELBB_ECOLI	elbB	Enhancing lycopene biosynthesis protein 2	3	3	9.57199e+07	8.69568e+07	8.83678e+07	8.74054e+07	9.5063e+07	8.86733e+07
P0ABU7	EXBB_ECOLI	exbB	Biopolymer transport protein ExbB	6	6	5.41903e+07	5.19047e+07	5.08739e+07	5.35141e+07	5.24399e+07	5.37037e+07
P0ABU9	TOLQ_ECOLI	tolQ	Protein TolQ	5	5	1.0327e+07	1.01221e+07	1.00016e+07	1.02057e+07	1.05067e+07	1.05307e+07
P0ABV2	EXBD_ECOLI	exbD	Biopolymer transport protein ExbD	3	3	1.34241e+07	1.23318e+07	1.34524e+07	1.14367e+07	1.20997e+07	1.17349e+07
P0ABV6	TOLR_ECOLI	tolR	Protein TolR	4	4	2.62774e+07	2.78827e+07	3.028e+07	2.60397e+07	2.9798e+07	2.72626e+07
P0ABX2	FLGC_ECOLI	flgC	Flagellar basal-body rod protein FlgC	3	3	2.30814e+06	2.35796e+06	2.58028e+06	2.36358e+06	2.4117e+06	2.29134e+06
P0ABX5	FLGG_ECOLI	flgG	Flagellar basal-body rod protein FlgG	4	4	4.93741e+06	5.57471e+06	5.52951e+06	5.12237e+06	5.86477e+06	4.67016e+06
P0ABX8	FLIL_ECOLI	fliL	Flagellar protein FliL	8	8	9.4736e+06	9.63037e+06	9.83376e+06	8.74249e+06	9.71527e+06	8.92987e+06
P0ABZ1	FLIG_ECOLI	fliG	Flagellar motor switch protein FliG	9	9	1.22906e+07	1.08797e+07	1.26209e+07	1.09483e+07	1.24788e+07	1.08373e+07
P0ABZ4	KDSC_ECOLI	kdsC	3-deoxy-D-manno-octulosonate 8-phosphate phosphatase KdsC	3	3	2.58998e+07	2.32835e+07	2.64843e+07	2.40164e+07	2.57515e+07	2.38445e+07
P0ABZ6	SURA_ECOLI	surA	Chaperone SurA	16	16	6.77159e+07	6.37123e+07	6.8191e+07	6.52445e+07	6.75922e+07	6.62287e+07
P0AC02	BAMD_ECOLI	bamD	Outer membrane protein assembly factor BamD	13	13	8.94454e+07	9.86691e+07	9.13814e+07	9.98907e+07	9.48106e+07	9.78644e+07
P0AC13	DHPS_ECOLI	folP	Dihydropteroate synthase	12	12	2.56963e+07	2.58368e+07	2.70033e+07	2.54712e+07	2.64921e+07	2.6352e+07
P0AC16	FOLB_ECOLI	folB	Dihydroneopterin aldolase	2	2	406712	339038			187550	
P0AC19	FOLX_ECOLI	folX	D-erythro-7,8-dihydroneopterin triphosphate epimerase	6	6	2.12266e+07	2.08058e+07	2.16292e+07	2.08782e+07	2.2754e+07	2.02641e+07
P0AC28	YGFA_ECOLI	ygfA	Uncharacterized protein YgfA	1	1	466126	536292	552873	579389	498032	438687
P0AC30	FTSX_ECOLI	ftsX	Cell division protein FtsX	8	8	8.97151e+06	1.0897e+07	8.5872e+06	1.03871e+07	9.40334e+06	1.01074e+07
P0AC33	FUMA_ECOLI	fumA	Fumarate hydratase class I, aerobic	8	8	1.38686e+07	1.44245e+07	1.46741e+07	1.38434e+07	1.48992e+07	1.36432e+07
P0AC38	ASPA_ECOLI	aspA	Aspartate ammonia-lyase	22	22	6.52282e+08	6.66159e+08	6.71012e+08	6.71502e+08	6.49423e+08	6.68774e+08
P0AC41	DHSA_ECOLI	sdhA	Succinate dehydrogenase flavoprotein subunit	15	15	2.39875e+07	2.27503e+07	2.41723e+07	2.38397e+07	2.44119e+07	2.41494e+07
P0AC47	FRDB_ECOLI	frdB	Fumarate reductase iron-sulfur subunit	8	8	9.68735e+07	9.5729e+07	9.48711e+07	9.29315e+07	9.55212e+07	9.06964e+07
P0AC51	ZUR_ECOLI	zur	Zinc uptake regulation protein	3	3	1.65856e+07	1.46511e+07	1.70381e+07	1.64599e+07	1.59766e+07	1.641e+07
P0AC53	G6PD_ECOLI	zwf	Glucose-6-phosphate 1-dehydrogenase	26	26	6.35402e+07	6.00374e+07	5.88565e+07	5.85976e+07	6.29323e+07	5.95873e+07
P0AC59	GLRX2_ECOLI	grxB	Glutaredoxin-2	11	11	4.80809e+07	5.61631e+07	4.85358e+07	5.51442e+07	5.03027e+07	5.53457e+07
P0AC62	GLRX3_ECOLI	grxC	Glutaredoxin-3	5	5	1.41387e+08	1.40849e+08	1.40625e+08	1.40181e+08	1.38234e+08	1.43474e+08
P0AC69	GLRX4_ECOLI	grxD	Glutaredoxin-4	4	4	1.70561e+08	1.64555e+08	1.70968e+08	1.65223e+08	1.6379e+08	1.59988e+08
P0AC75	KDTA_ECOLI	waaA	3-deoxy-D-manno-octulosonic acid transferase	7	7	1.68524e+06	2.00092e+06	1.94228e+06	1.88497e+06	1.82556e+06	1.9049e+06
P0AC81	LGUL_ECOLI	gloA	Lactoylglutathione lyase	2	2		7.21726e+06	7.11633e+06	6.41451e+06	6.61118e+06	6.17642e+06
P0AC84	GLO2_ECOLI	gloB	Hydroxyacylglutathione hydrolase	4	4	2.62234e+06	2.61647e+06	3.06268e+06	2.64161e+06	3.02954e+06	2.55842e+06
P0AC86	PHSG_ECOLI	glgP	Glycogen phosphorylase	13	13	5.96389e+06	5.96688e+06	6.23506e+06	6.05789e+06	6.41125e+06	5.91e+06
P0AC92	GNSA_ECOLI	gnsA	Protein GnsA	4	2	6.79813e+07	6.3969e+07	6.89536e+07	5.82343e+07	6.80535e+07	5.88249e+07
P0AC98	YAAH_ECOLI	yaaH	Inner membrane protein YaaH	1	1	3.60463e+06	3.53077e+06		3.09865e+06	5.01491e+06	
P0ACA1	YIBF_ECOLI	yibF	Uncharacterized GST-like protein YibF	4	4	3.50314e+06	4.09799e+06	3.62087e+06	3.99811e+06	3.81776e+06	3.91286e+06
P0ACA3	SSPA_ECOLI	sspA	Stringent starvation protein A	11	11	1.90947e+08	1.99664e+08	1.86595e+08	1.93078e+08	1.94896e+08	1.98489e+08
P0ACA7	GSTB_ECOLI	gstB	Glutathione S-transferase GstB	8	8	1.84856e+07	2.06472e+07	1.7329e+07	1.90696e+07	1.86531e+07	1.96515e+07
P0ACB0	DNAB_ECOLI	dnaB	Replicative DNA helicase	16	16	6.90706e+06	7.54983e+06	6.80324e+06	7.49652e+06	7.45841e+06	7.58338e+06
P0ACB2	HEM2_ECOLI	hemB	Delta-aminolevulinic acid dehydratase	13	13	6.42124e+07	7.05209e+07	6.806e+07	6.82447e+07	6.93201e+07	6.98231e+07
P0ACB4	HEMG_ECOLI	hemG	Protoporphyrinogen IX dehydrogenase [menaquinone]	8	8	7.41177e+06	7.27943e+06	6.79241e+06	7.48651e+06	7.29794e+06	7.56356e+06
P0ACB7	HEMY_ECOLI	hemY	Protein HemY	10	10	2.26798e+07	2.2516e+07	2.29931e+07	2.20398e+07	2.25265e+07	2.25512e+07
P0ACC1	PRMC_ECOLI	prmC	Release factor glutamine methyltransferase	3	3	2.76938e+06	1.56498e+06	2.36575e+06	2.11749e+06	2.071e+06	1.47696e+06
P0ACC3	ERPA_ECOLI	erpA	Iron-sulfur cluster insertion protein ErpA	5	5	6.14475e+07	5.58053e+07	5.9904e+07	5.32647e+07	6.07381e+07	5.61613e+07
P0ACC7	GLMU_ECOLI	glmU	Bifunctional protein GlmU	14	14	6.92066e+07	7.28005e+07	7.37374e+07	7.29024e+07	7.09945e+07	7.30218e+07
P0ACD4	NIFU_ECOLI	nifU	NifU-like protein	5	5	8.46355e+07	8.88136e+07	1.00885e+08	8.91013e+07	9.47543e+07	9.26874e+07
P0ACD8	MBHL_ECOLI	hyaB	Hydrogenase-1 large chain	18	18	2.22031e+07	2.28359e+07	2.18609e+07	2.23375e+07	2.2184e+07	2.25198e+07
P0ACE0	MBHM_ECOLI	hybC	Hydrogenase-2 large chain	18	18	6.90613e+07	6.9069e+07	6.94992e+07	6.80844e+07	7.13909e+07	6.87463e+07
P0ACE3	HHA_ECOLI	hha	Hemolysin expression-modulating protein Hha	2	2	2.31664e+07	2.69169e+07	2.31191e+07	2.50348e+07	2.43531e+07	2.69515e+07
P0ACE7	HINT_ECOLI	hinT	HIT-like protein HinT	5	5	8.38802e+07	8.20313e+07	8.53087e+07	7.92401e+07	8.16705e+07	7.95588e+07
P0ACF0	DBHA_ECOLI	hupA	DNA-binding protein HU-alpha	7	7	3.58418e+09	3.3515e+09	3.67937e+09	3.42092e+09	3.54356e+09	3.31003e+09
P0ACF4	DBHB_ECOLI	hupB	DNA-binding protein HU-beta	6	5	2.87421e+08	2.9357e+08	2.8743e+08	3.00652e+08	2.86662e+08	2.9184e+08
P0ACF8	HNS_ECOLI	hns	DNA-binding protein H-NS	8	8	8.50177e+08	1.07613e+09	8.26896e+08	1.02338e+09	8.66962e+08	9.75246e+08
P0ACG1	STPA_ECOLI	stpA	DNA-binding protein StpA	8	8	1.60645e+08	1.72466e+08	1.60802e+08	1.68799e+08	1.6498e+08	1.72788e+08
P0ACI0	ROB_ECOLI	rob	Right origin-binding protein	7	7	1.89563e+07	1.78604e+07	1.91501e+07	1.76502e+07	1.89994e+07	1.82691e+07
P0ACI6	ASNC_ECOLI	asnC	Regulatory protein AsnC	1	1	521083	515798	451223	542100	355397	531557
P0ACJ0	LRP_ECOLI	lrp	Leucine-responsive regulatory protein	10	10	4.81172e+07	4.31777e+07	4.83492e+07	4.19967e+07	4.47954e+07	4.37407e+07
P0ACJ8	CRP_ECOLI	crp	cAMP receptor protein	8	8	1.81697e+08	1.66505e+08	1.76885e+08	1.66646e+08	1.80587e+08	1.60316e+08
P0ACK2	AGAR_ECOLI	agaR	Putative aga operon transcriptional repressor	4	4	3.73803e+06	3.60046e+06	3.46549e+06	3.55183e+06	3.52673e+06	3.56212e+06
P0ACK5	DEOR_ECOLI	deoR	Deoxyribose operon repressor	2	2	1.077e+06	1.07618e+06				1.07464e+06
P0ACL0	GLPR_ECOLI	glpR	Glycerol-3-phosphate regulon repressor	6	6	1.00762e+07	9.4264e+06	9.76774e+06	9.41893e+06	9.88133e+06	7.80373e+06
P0ACL2	EXUR_ECOLI	exuR	Exu regulon transcriptional regulator	7	7	8.42269e+06	6.86572e+06	8.44047e+06	7.91015e+06	9.19658e+06	8.12344e+06
P0ACL9	PDHR_ECOLI	pdhR	Pyruvate dehydrogenase complex repressor	5	5	4.91626e+06	6.51522e+06	4.81194e+06	6.00964e+06	5.43811e+06	5.96274e+06
P0ACM2	YDFH_ECOLI	ydfH	Uncharacterized HTH-type transcriptional regulator YdfH	4	4	5.45936e+06	6.5546e+06	4.86459e+06	6.32716e+06	5.12242e+06	6.53702e+06
P0ACM5	YEGW_ECOLI	yegW	Uncharacterized HTH-type transcriptional regulator YegW	2	2	784240	794385	646358	698253	948019	635736
P0ACN4	ALLR_ECOLI	allR	HTH-type transcriptional repressor AllR	5	5	1.31037e+07	1.35763e+07	1.30219e+07	1.2729e+07	1.29924e+07	1.32768e+07
P0ACN7	CYTR_ECOLI	cytR	HTH-type transcriptional repressor CytR	4	4	2.57134e+06	2.84557e+06	2.5335e+06	2.77214e+06	2.59364e+06	2.81069e+06
P0ACP1	CRA_ECOLI	cra	Catabolite repressor/activator	10	10	1.50235e+07	1.3814e+07	1.40723e+07	1.40491e+07	1.51775e+07	1.3751e+07
P0ACP5	GNTR_ECOLI	gntR	HTH-type transcriptional regulator GntR	6	6	5.78966e+06	5.37807e+06	4.96086e+06	5.85877e+06	5.44283e+06	5.98015e+06
P0ACP7	PURR_ECOLI	purR	HTH-type transcriptional repressor PurR	13	13	1.93524e+07	1.92569e+07	1.9713e+07	1.91894e+07	1.88132e+07	1.92738e+07
P0ACQ4	OXYR_ECOLI	oxyR	Hydrogen peroxide-inducible genes activator	9	9	1.93279e+07	2.0773e+07	1.83793e+07	1.92937e+07	2.09068e+07	1.98543e+07
P0ACR4	YEIE_ECOLI	yeiE	Uncharacterized HTH-type transcriptional regulator YeiE	8	8	7.42529e+06	8.12672e+06	7.847e+06	7.99886e+06	7.59003e+06	8.35669e+06
P0ACR9	MPRA_ECOLI	mprA	Transcriptional repressor MprA	4	4	6.44446e+07	6.02256e+07	6.60009e+07	6.13558e+07	6.39325e+07	6.12774e+07
P0ACS7	RPIR_ECOLI	rpiR	HTH-type transcriptional regulator RpiR	3	3	2.11661e+06	1.96623e+06	2.27446e+06	1.88974e+06	2.38669e+06	2.10062e+06
P0ACT6	UIDR_ECOLI	uidR	HTH-type transcriptional regulator UidR	2	2	974245		692439	858738	681154	598189
P0ACU0	YBIH_ECOLI	ybiH	Uncharacterized HTH-type transcriptional regulator YbiH	1	1	1.3094e+06	1.73649e+06	1.45299e+06	1.75505e+06	1.77153e+06	1.55005e+06
P0ACU5	FABR_ECOLI	fabR	HTH-type transcriptional repressor FabR	5	5	1.12935e+07	1.11295e+07	1.19365e+07	1.04313e+07	1.18916e+07	1.13786e+07
P0ACU7	YJDC_ECOLI	yjdC	HTH-type transcriptional regulator YjdC	4	4	1.14433e+07	1.00679e+07	1.11358e+07	9.83905e+06	1.14319e+07	1.14848e+07
P0ACV8	YMJA_ECOLI	ymjA	Uncharacterized protein YmjA	1	1	2.3796e+06	2.24899e+06	2.79411e+06	1.92491e+06	2.67554e+06	2.38121e+06
P0ACX5	YDHZ_ECOLI	ydhZ	Uncharacterized protein YdhZ	1	1	9.41336e+06	1.02412e+07	8.78762e+06	1.02593e+07	9.96528e+06	9.47496e+06
P0ACY1	YDJA_ECOLI	ydjA	Putative NAD(P)H nitroreductase YdjA	10	10	4.31543e+07	4.29208e+07	4.25104e+07	4.33522e+07	4.28097e+07	4.45721e+07
P0ACY3	YEAG_ECOLI	yeaG	Uncharacterized protein YeaG	9	9	2.783e+06	3.26143e+06	3.22982e+06	3.20122e+06	3.21684e+06	3.44718e+06
P0ACY9	YEBG_ECOLI	yebG	Uncharacterized protein YebG	1	1	9.09385e+06	1.49703e+07	1.47361e+07	1.50627e+07	1.24138e+07	1.49564e+07
P0ACZ2	ETP_ECOLI	etp	Low molecular weight protein-tyrosine-phosphatase etp	5	5	6.91888e+06	6.81825e+06	6.72003e+06	6.48918e+06	6.46685e+06	6.3891e+06
P0ACZ4	EVGA_ECOLI	evgA	Positive transcription regulator EvgA	9	9	2.88284e+07	3.21152e+07	2.88932e+07	3.07901e+07	2.89336e+07	3.05512e+07
P0AD01	DCUR_ECOLI	dcuR	Transcriptional regulatory protein DcuR	2	2	1.76847e+06	1.61507e+06	1.21327e+06	1.69101e+06	1.48356e+06	1.84841e+06
P0AD05	YECA_ECOLI	yecA	Uncharacterized protein YecA	4	4	2.80087e+07	3.34702e+07	3.16967e+07	3.27625e+07	3.04962e+07	3.42683e+07
P0AD07	YECF_ECOLI	yecF	Uncharacterized protein YecF	2	2	3.48753e+07	3.84373e+07	3.87799e+07	3.76074e+07	3.61659e+07	3.61161e+07
P0AD10	YECJ_ECOLI	yecJ	Uncharacterized protein YecJ	3	3	3.09041e+07	2.85104e+07	2.89733e+07	2.86994e+07	3.18532e+07	2.92672e+07
P0AD12	YEEZ_ECOLI	yeeZ	Protein YeeZ	11	11	3.37791e+07	3.44853e+07	3.64964e+07	3.26997e+07	3.46197e+07	3.36017e+07
P0AD24	YEJL_ECOLI	yejL	UPF0352 protein YejL	2	2	1.0638e+07	1.75864e+07	1.62345e+07	1.64282e+07	1.69409e+07	1.62145e+07
P0AD33	YFCZ_ECOLI	yfcZ	UPF0381 protein YfcZ	3	3	5.25647e+08	4.85164e+08	5.50265e+08	4.9443e+08	5.36455e+08	5.04388e+08
P0AD37	YFEC_ECOLI	yfeC	Uncharacterized protein YfeC	3	3	8.27641e+06	7.46846e+06	8.90551e+06	6.6697e+06	9.45292e+06	7.02734e+06
P0AD44	YFHG_ECOLI	yfhG	Uncharacterized protein YfhG	5	5	2.39223e+06	2.41251e+06	2.62551e+06	2.37834e+06	2.47454e+06	2.25101e+06
P0AD49	RAIA_ECOLI	raiA	Ribosome-associated inhibitor A	7	7	4.65639e+07	4.93815e+07	4.52772e+07	4.82026e+07	4.95239e+07	4.81447e+07
P0AD53	YGAC_ECOLI	ygaC	Uncharacterized protein YgaC	1	1		2.46762e+06				
P0AD57	ISPB_ECOLI	ispB	Octaprenyl-diphosphate synthase	5	5	2.49664e+06	2.79111e+06	2.31277e+06	3.03158e+06	2.46256e+06	2.57224e+06
P0AD59	IVY_ECOLI	ivy	Inhibitor of vertebrate lysozyme	5	5	2.54326e+07	2.53462e+07	2.65442e+07	2.45692e+07	2.80992e+07	2.44931e+07
P0AD61	KPYK1_ECOLI	pykF	Pyruvate kinase I	31	31	3.78302e+08	3.91393e+08	3.80911e+08	3.95531e+08	3.82336e+08	3.91298e+08
P0AD68	FTSI_ECOLI	ftsI	Peptidoglycan synthase FtsI	7	7	2.88603e+06	2.66727e+06	3.20595e+06	3.00341e+06	3.07334e+06	2.90717e+06
P0AD70	AMPH_ECOLI	ampH	D-alanyl-D-alanine-carboxypeptidase/endopeptidase AmpH	4	4	2.70337e+06	2.62448e+06	2.71904e+06	2.59725e+06	2.82094e+06	2.6288e+06
P0ADA1	TESA_ECOLI	tesA	Acyl-CoA thioesterase I	5	5	4.38089e+06	5.13468e+06	3.6365e+06	4.94638e+06	3.97179e+06	4.69597e+06
P0ADA3	NLPD_ECOLI	nlpD	Murein hydrolase activator NlpD	8	8	2.14279e+07	2.14241e+07	2.32502e+07	2.10097e+07	2.18712e+07	2.04389e+07
P0ADA5	YAJG_ECOLI	yajG	Uncharacterized lipoprotein YajG	7	7	1.08254e+08	9.86958e+07	1.10552e+08	9.88496e+07	1.08405e+08	1.0315e+08
P0ADB1	OSME_ECOLI	osmE	Osmotically-inducible lipoprotein E	3	3	6.13447e+07	6.81288e+07	5.90236e+07	6.59905e+07	6.35516e+07	6.56611e+07
P0ADB7	ECNB_ECOLI	ecnB	Entericidin B	1	1	1.38038e+08	1.37475e+08	1.31469e+08	1.31589e+08	1.4785e+08	1.23915e+08
P0ADC1	LPTE_ECOLI	lptE	LPS-assembly lipoprotein LptE	3	3	2.41915e+06	2.23107e+06	2.57547e+06	1.96768e+06	2.33055e+06	2.18654e+06
P0ADC3	LOLC_ECOLI	lolC	Lipoprotein-releasing system transmembrane protein LolC	4	4	3.72677e+06	3.05125e+06	4.26183e+06	3.33528e+06	4.0851e+06	3.77693e+06
P0ADC6	LPTG_ECOLI	lptG	Lipopolysaccharide export system permease protein LptG	3	3	2.27329e+06	2.33653e+06	2.35431e+06	2.61044e+06	2.76651e+06	2.63071e+06
P0ADE4	TAMA_ECOLI	tamA	Translocation and assembly module TamA	12	12	9.43895e+06	9.657e+06	9.61757e+06	9.58622e+06	9.70414e+06	9.22859e+06
P0ADE6	YGAU_ECOLI	ygaU	Uncharacterized protein YgaU	6	6	3.48658e+06	3.44292e+06	3.56454e+06	3.51981e+06	3.38389e+06	4.06905e+06
P0ADE8	YGFZ_ECOLI	ygfZ	tRNA-modifying protein YgfZ	15	15	4.80136e+07	4.58316e+07	4.78595e+07	4.44263e+07	4.99551e+07	4.72852e+07
P0ADF6	EDD_ECOLI	edd	Phosphogluconate dehydratase	7	7	4.35123e+06	4.47449e+06	4.84357e+06	5.36085e+06	4.07935e+06	5.19695e+06
P0ADG4	SUHB_ECOLI	suhB	Inositol-1-monophosphatase	16	16	8.41597e+07	8.28366e+07	8.33757e+07	8.02413e+07	8.30933e+07	8.10729e+07
P0ADG7	IMDH_ECOLI	guaB	Inosine-5'-monophosphate dehydrogenase	20	20	2.14721e+08	2.29126e+08	2.1512e+08	2.35154e+08	2.12806e+08	2.29629e+08
P0ADH5	FIMB_ECOLI	fimB	Type 1 fimbriae regulatory protein FimB	4	4	5.3746e+06	5.78574e+06	5.67929e+06	5.72683e+06	5.67146e+06	6.56519e+06
P0ADI4	ENTB_ECOLI	entB	Isochorismatase	3	3	2.3402e+06	2.56287e+06	2.50272e+06	2.21498e+06	2.69268e+06	2.23995e+06
P0ADI7	YECD_ECOLI	yecD	Isochorismatase family protein YecD	5	5	2.65723e+07	3.18733e+07	2.60726e+07	3.06104e+07	2.92554e+07	3.15688e+07
P0ADK0	YIAF_ECOLI	yiaF	Uncharacterized protein YiaF	10	10	9.44766e+07	9.4409e+07	9.48359e+07	9.28191e+07	1.00711e+08	9.38808e+07
P0ADK8	YIBL_ECOLI	yibL	Uncharacterized protein YibL	5	5	4.94944e+07	4.78768e+07	4.24141e+07	4.72075e+07	5.1082e+07	4.80049e+07
P0ADL3	YICN_ECOLI	yicN	Uncharacterized protein YicN	1	1	213689	201949		258557	310529	265294
P0ADN2	YIFE_ECOLI	yifE	UPF0438 protein YifE	6	6	3.8348e+07	3.88569e+07	3.75167e+07	3.78618e+07	3.67162e+07	3.84296e+07
P0ADP0	YIGB_ECOLI	yigB	Flavin mononucleotide phosphatase YigB	7	7	1.32113e+07	1.238e+07	1.29488e+07	1.43073e+07	1.29771e+07	1.2663e+07
P0ADP7	YIGP_ECOLI	yigP	Uncharacterized protein YigP	4	4	5.77736e+06	5.28825e+06	5.79018e+06	4.89402e+06	5.50379e+06	4.79271e+06
P0ADP9	YIHD_ECOLI	yihD	Protein YihD	8	8	3.24555e+07	3.28921e+07	3.6291e+07	3.35383e+07	3.1965e+07	3.2167e+07
P0ADQ2	YIID_ECOLI	yiiD	Uncharacterized protein YiiD	6	6	2.92632e+06	3.3031e+06	3.11896e+06	3.00486e+06	2.91832e+06	3.17238e+06
P0ADQ7	YGAM_ECOLI	ygaM	Uncharacterized protein YgaM	2	2	2.54499e+07	2.43464e+07	2.38818e+07	2.50109e+07	2.79154e+07	2.53405e+07
P0ADR6	RLMM_ECOLI	rlmM	Ribosomal RNA large subunit methyltransferase M	7	7	1.16612e+07	1.07904e+07	1.15451e+07	9.86532e+06	1.16063e+07	1.0092e+07
P0ADR8	YGDH_ECOLI	ygdH	LOG family protein YgdH	18	18	3.79375e+07	3.84059e+07	4.03609e+07	3.74371e+07	3.84993e+07	3.82384e+07
P0ADS2	ZAPA_ECOLI	zapA	Cell division protein ZapA	4	4	3.77317e+07	4.16348e+07	4.20752e+07	4.05007e+07	4.07447e+07	4.04678e+07
P0ADS6	YGGE_ECOLI	yggE	Uncharacterized protein YggE	10	10	2.22008e+07	2.42896e+07	2.38135e+07	2.34384e+07	2.37875e+07	2.35685e+07
P0ADS9	YGGN_ECOLI	yggN	Uncharacterized protein YggN	8	8	1.13633e+07	1.16711e+07	1.04897e+07	1.15321e+07	1.2307e+07	1.20832e+07
P0ADT2	YGIB_ECOLI	ygiB	UPF0441 protein YgiB	2	2	1.22765e+06	1.72986e+06	1.25624e+06	1.74602e+06	1.41839e+06	1.80234e+06
P0ADT5	YGIC_ECOLI	ygiC	Uncharacterized protein YgiC	12	12	1.59359e+07	1.70149e+07	1.66736e+07	1.6773e+07	1.69883e+07	1.6689e+07
P0ADT8	YGIM_ECOLI	ygiM	Uncharacterized protein YgiM	10	10	1.66424e+07	1.72023e+07	1.73665e+07	1.695e+07	1.72723e+07	1.75925e+07
P0ADU2	YGIN_ECOLI	ygiN	Probable quinol monooxygenase YgiN	5	5	6.67686e+07	7.29612e+07	6.71501e+07	6.87673e+07	6.68495e+07	7.17717e+07
P0ADU5	YGIW_ECOLI	ygiW	Protein YgiW	5	5	4.49105e+07	4.43568e+07	4.21092e+07	4.44728e+07	4.31344e+07	4.56506e+07
P0ADU7	YQIB_ECOLI	yqiB	Uncharacterized protein YqiB	2	2	439045	478476	554305	457344	554774	464118
P0ADV1	LPTA_ECOLI	lptA	Lipopolysaccharide export system protein LptA	3	3	9.73039e+06	1.24952e+07	1.0565e+07	1.27057e+07	1.05518e+07	1.20164e+07
P0ADV5	YHBW_ECOLI	yhbW	Uncharacterized protein YhbW	5	5	2.71298e+06	3.32068e+06	3.01092e+06	3.43749e+06	3.59167e+06	3.71796e+06
P0ADV7	MLAC_ECOLI	mlaC	Probable phospholipid-binding protein MlaC	8	8	7.48425e+07	7.19291e+07	7.42751e+07	7.22172e+07	7.14606e+07	7.28198e+07
P0ADW3	YHCB_ECOLI	yhcB	Putative cytochrome d ubiquinol oxidase subunit 3	7	7	1.25454e+08	1.21983e+08	1.26301e+08	1.16798e+08	1.24482e+08	1.19442e+08
P0ADX1	YHFA_ECOLI	yhfA	Protein YhfA	2	2	5.67575e+07	6.06392e+07	5.83859e+07	5.846e+07	5.73076e+07	5.85688e+07
P0ADX9	RSMD_ECOLI	rsmD	Ribosomal RNA small subunit methyltransferase D	6	6	2.76178e+06	2.90358e+06	2.87336e+06	2.67951e+06	2.55541e+06	3.15899e+06
P0ADY1	PPID_ECOLI	ppiD	Peptidyl-prolyl cis-trans isomerase D	28	28	9.21656e+07	9.08865e+07	9.06665e+07	8.96966e+07	9.26429e+07	8.95563e+07
P0ADY3	RL14_ECOLI	rplN	50S ribosomal protein L14	9	9	3.83973e+08	4.07884e+08	3.86661e+08	4.05718e+08	4.03639e+08	4.10605e+08
P0ADY7	RL16_ECOLI	rplP	50S ribosomal protein L16	7	7	4.23209e+08	4.73833e+08	4.31685e+08	4.49379e+08	4.32026e+08	4.68244e+08
P0ADZ0	RL23_ECOLI	rplW	50S ribosomal protein L23	6	6	2.009e+08	2.25618e+08	2.23387e+08	2.04403e+08	2.05201e+08	2.02785e+08
P0ADZ4	RS15_ECOLI	rpsO	30S ribosomal protein S15	5	5	8.8991e+08	8.35851e+08	8.56446e+08	9.03901e+08	8.46332e+08	9.14825e+08
P0ADZ7	YAJC_ECOLI	yajC	UPF0092 membrane protein YajC	6	6	2.18345e+08	2.37247e+08	2.13186e+08	2.34312e+08	2.15699e+08	2.30822e+08
P0AE01	TRMJ_ECOLI	trmJ	tRNA (cytidine/uridine-2'-O-)-methyltransferase TrmJ	8	8	3.86324e+07	3.49185e+07	4.1252e+07	3.68863e+07	4.03473e+07	3.74133e+07
P0AE06	ACRA_ECOLI	acrA	Acriflavine resistance protein A	15	14	1.2111e+08	1.15503e+08	1.15125e+08	1.16223e+08	1.21352e+08	1.18433e+08
P0AE08	AHPC_ECOLI	ahpC	Alkyl hydroperoxide reductase subunit C	13	13	4.72571e+08	5.11615e+08	4.68626e+08	5.21188e+08	4.5941e+08	5.08774e+08
P0AE12	AMN_ECOLI	amn	AMP nucleosidase	11	11	4.88252e+06	4.68203e+06	4.59056e+06	4.86808e+06	5.21427e+06	5.09452e+06
P0AE18	AMPM_ECOLI	map	Methionine aminopeptidase	12	12	5.73794e+07	6.16565e+07	5.6586e+07	5.93813e+07	5.6039e+07	6.05586e+07
P0AE22	APHA_ECOLI	aphA	Class B acid phosphatase	4	4	5.72649e+06	5.40139e+06	5.63352e+06	5.36854e+06	5.61441e+06	5.36194e+06
P0AE28	AROM_ECOLI	aroM	Protein AroM	1	1	814765		652572			651628
P0AE39	YPDB_ECOLI	ypdB	Transcriptional regulatory protein YpdB	4	4	6.22049e+06	6.10372e+06	6.20062e+06	6.11942e+06	6.08846e+06	6.59733e+06
P0AE45	YTFL_ECOLI	ytfL	UPF0053 inner membrane protein YtfL	6	6	1.37279e+06	1.48888e+06	1.30143e+06	1.39778e+06	1.29105e+06	1.40452e+06
P0AE48	YTFP_ECOLI	ytfP	Gamma-glutamylcyclotransferase family protein YtfP	3	3	2.41317e+07	2.28832e+07	2.46553e+07	2.26861e+07	2.41212e+07	2.27922e+07
P0AE52	BCP_ECOLI	bcp	Putative peroxiredoxin bcp	7	7	1.61727e+08	1.59666e+08	1.64759e+08	1.54294e+08	1.6359e+08	1.58229e+08
P0AE60	CEDA_ECOLI	cedA	Cell division activator CedA	2	2	3.5625e+06	2.38646e+06	3.60925e+06	3.37606e+06	3.40209e+06	3.57631e+06
P0AE67	CHEY_ECOLI	cheY	Chemotaxis protein CheY	3	3	7.72284e+06	8.56143e+06	8.31298e+06	8.20825e+06	7.57962e+06	8.40684e+06
P0AE70	MAZF_ECOLI	mazF	mRNA interferase MazF	4	4	4.0153e+06	4.34595e+06	5.02121e+06	4.92829e+06	5.67788e+06	4.05176e+06
P0AE72	MAZE_ECOLI	mazE	Antitoxin MazE	2	2		8.15585e+07		6.97348e+07		
P0AE74	CITT_ECOLI	citT	Citrate carrier	2	2	1.74914e+07	1.55456e+07	1.66146e+07	1.58675e+07	1.75974e+07	1.50362e+07
P0AE78	CORC_ECOLI	corC	Magnesium and cobalt efflux protein CorC	4	4	2.0345e+06	2.06694e+06	2.01737e+06	2.04951e+06	2.11261e+06	1.93529e+06
P0AE82	CPXA_ECOLI	cpxA	Sensor protein CpxA	7	7	8.6516e+06	8.8675e+06	8.78191e+06	8.2904e+06	8.74822e+06	8.25151e+06
P0AE85	CPXP_ECOLI	cpxP	Periplasmic protein CpxP	2	2	7.83624e+06	6.51967e+06	8.10153e+06	7.09998e+06	7.85588e+06	6.89685e+06
P0AE88	CPXR_ECOLI	cpxR	Transcriptional regulatory protein CpxR	10	10	1.97362e+07	2.01207e+07	2.02663e+07	1.9815e+07	2.10208e+07	2.0413e+07
P0AE91	CREA_ECOLI	creA	Protein CreA	6	6	1.91016e+07	1.99832e+07	2.01846e+07	1.95044e+07	1.92172e+07	1.76294e+07
P0AEA8	CYSG_ECOLI	cysG	Siroheme synthase	5	5	3.06013e+06	3.39877e+06	3.24514e+06	3.26926e+06	2.78129e+06	3.33916e+06
P0AEB2	DACA_ECOLI	dacA	D-alanyl-D-alanine carboxypeptidase DacA	23	22	5.8045e+07	6.35479e+07	5.9091e+07	6.16679e+07	5.93177e+07	6.02122e+07
P0AEB7	YOAB_ECOLI	yoaB	RutC family protein YoaB	2	2	6.24743e+07	5.85645e+07	5.53976e+07	5.73102e+07	6.61473e+07	5.79297e+07
P0AEC0	YOAE_ECOLI	yoaE	UPF0053 inner membrane protein YoaE	1	1	665918	701270	852214	581562	639831	669259
P0AEC3	ARCB_ECOLI	arcB	Aerobic respiration control sensor protein ArcB	7	7	1.55116e+06	1.74604e+06	2.12891e+06	2.05845e+06	2.1606e+06	1.87552e+06
P0AEC5	BARA_ECOLI	barA	Signal transduction histidine-protein kinase BarA	2	2	267093		182129		199496	
P0AEC8	DCUS_ECOLI	dcuS	Sensor histidine kinase DcuS	2	2		238753	367036	271927	195114	189983
P0AED0	USPA_ECOLI	uspA	Universal stress protein A	4	4	1.17351e+08	1.50424e+08	1.27115e+08	1.48883e+08	1.1173e+08	1.46606e+08
P0AED5	UVRY_ECOLI	uvrY	Response regulator UvrY	3	3	1.26652e+07	1.43602e+07	1.23991e+07	1.42151e+07	1.37682e+07	1.38939e+07
P0AED7	DAPE_ECOLI	dapE	Succinyl-diaminopimelate desuccinylase	8	8	1.70092e+07	1.86279e+07	1.94546e+07	1.8077e+07	1.82198e+07	1.83946e+07
P0AED9	DCM_ECOLI	dcm	DNA-cytosine methyltransferase	6	6	1.38817e+06	1.12991e+06	1.49496e+06	1.36216e+06	1.45685e+06	1.31172e+06
P0AEE1	DCRB_ECOLI	dcrB	Protein DcrB	6	6	7.25302e+07	6.66453e+07	6.83881e+07	6.62856e+07	7.30418e+07	6.4762e+07
P0AEE3	DEGS_ECOLI	degS	Serine endoprotease DegS	2	2	1.3048e+07	1.21581e+07	1.20175e+07	1.23329e+07	1.02763e+07	1.16922e+07
P0AEE5	DGAL_ECOLI	mglB	D-galactose-binding periplasmic protein	4	4	7.10153e+06	6.63841e+06	6.97591e+06	6.81031e+06	8.40774e+06	7.07706e+06
P0AEE8	DMA_ECOLI	dam	DNA adenine methylase	2	2	409334	516084	512656	470669	485633	478526
P0AEF0	DNAC_ECOLI	dnaC	DNA replication protein DnaC	2	2		2.11883e+06		2.11115e+06		1.96196e+06
P0AEF4	DPIA_ECOLI	dpiA	Transcriptional regulatory protein DpiA	4	4	4.6887e+06	5.16488e+06	4.57686e+06	4.60872e+06	4.66927e+06	5.13056e+06
P0AEG4	DSBA_ECOLI	dsbA	Thiol:disulfide interchange protein DsbA	5	5	2.26681e+07	2.17295e+07	2.37014e+07	2.16098e+07	2.22653e+07	2.25972e+07
P0AEG6	DSBC_ECOLI	dsbC	Thiol:disulfide interchange protein DsbC	4	4	7.00341e+07	8.72347e+07	7.0317e+07	8.32078e+07	7.66382e+07	8.41397e+07
P0AEH1	RSEP_ECOLI	rseP	Regulator of sigma E protease	6	6	6.89825e+06	7.57884e+06	6.48646e+06	6.64268e+06	6.32078e+06	6.60788e+06
P0AEH5	ELAB_ECOLI	elaB	Protein ElaB	3	3	3.86177e+07	4.3701e+07	4.28327e+07	4.58968e+07	4.06226e+07	4.42698e+07
P0AEI1	MIAB_ECOLI	miaB	(Dimethylallyl)adenosine tRNA methylthiotransferase MiaB	21	21	4.5297e+07	4.27077e+07	4.48417e+07	4.46986e+07	4.42401e+07	4.43267e+07
P0AEI4	RIMO_ECOLI	rimO	Ribosomal protein S12 methylthiotransferase RimO	9	9	2.43103e+07	2.39625e+07	2.43068e+07	2.39539e+07	2.47391e+07	2.37282e+07
P0AEI6	NUDJ_ECOLI	nudJ	Phosphatase NudJ	5	5	2.05484e+07	2.14022e+07	2.21724e+07	2.18337e+07	2.2796e+07	2.31734e+07
P0AEK2	FABG_ECOLI	fabG	3-oxoacyl-[acyl-carrier-protein] reductase FabG	11	11	3.75943e+08	3.95525e+08	3.64373e+08	4.08984e+08	3.76923e+08	3.96484e+08
P0AEK4	FABI_ECOLI	fabI	Enoyl-[acyl-carrier-protein] reductase [NADH] FabI	16	16	2.90396e+08	2.89364e+08	2.84558e+08	2.91074e+08	2.94703e+08	2.92043e+08
P0AEL0	FDOI_ECOLI	fdoI	Formate dehydrogenase, cytochrome b556(fdo) subunit	2	2		224212	298743	249568	261906	273689
P0AEL6	FEPB_ECOLI	fepB	Ferrienterobactin-binding periplasmic protein	5	5	9.6039e+06	9.84176e+06	8.96478e+06	9.37137e+06	1.04471e+07	1.02492e+07
P0AEM0	FKBX_ECOLI	fkpB	FKBP-type 16 kDa peptidyl-prolyl cis-trans isomerase	4	4	2.71968e+07	2.45704e+07	3.00934e+07	2.62006e+07	2.98176e+07	2.69887e+07
P0AEM4	FLGM_ECOLI	flgM	Negative regulator of flagellin synthesis	3	3	7.27799e+06	7.63098e+06	7.0394e+06	7.28147e+06	7.33281e+06	7.4208e+06
P0AEM6	FLIA_ECOLI	fliA	RNA polymerase sigma factor for flagellar operon	8	8	1.41479e+07	1.27738e+07	1.4293e+07	1.29594e+07	1.30271e+07	1.34089e+07
P0AEM9	FLIY_ECOLI	fliY	Cystine-binding periplasmic protein	20	20	5.58148e+07	5.42383e+07	5.64305e+07	5.33131e+07	5.52685e+07	5.48472e+07
P0AEN1	FRE_ECOLI	fre	NAD(P)H-flavin reductase	7	7	3.53042e+07	3.11945e+07	3.50188e+07	3.05923e+07	3.42681e+07	2.96866e+07
P0AEN4	FTSL_ECOLI	ftsL	Cell division protein FtsL	4	4	6.07818e+06	6.152e+06	6.30117e+06	5.86389e+06	7.03824e+06	5.90869e+06
P0AEN8	FUCM_ECOLI	fucU	L-fucose mutarotase	3	3	2.74437e+07	2.40449e+07	2.86201e+07	2.56868e+07	2.70214e+07	2.6325e+07
P0AEP3	GALU_ECOLI	galU	UTP--glucose-1-phosphate uridylyltransferase	12	12	2.93439e+08	2.79077e+08	2.75566e+08	2.73091e+08	2.90064e+08	2.80519e+08
P0AEQ3	GLNH_ECOLI	glnH	Glutamine-binding periplasmic protein	15	15	1.61718e+08	1.60879e+08	1.60507e+08	1.60289e+08	1.58995e+08	1.60713e+08
P0AEQ6	GLNP_ECOLI	glnP	Glutamine transport system permease protein GlnP	4	4	3.51671e+06	3.0417e+06	3.78302e+06	3.13379e+06	3.47323e+06	3.06569e+06
P0AES0	GSP_ECOLI	gsp	Bifunctional glutathionylspermidine synthetase/amidase	11	11	1.16067e+07	1.22713e+07	1.20708e+07	1.22139e+07	1.29735e+07	1.26019e+07
P0AES2	GUDD_ECOLI	gudD	Glucarate dehydratase	9	9	7.43433e+06	6.34046e+06	6.72818e+06	6.45382e+06	7.4563e+06	6.48839e+06
P0AES4	GYRA_ECOLI	gyrA	DNA gyrase subunit A	34	34	5.7257e+07	5.35058e+07	5.48237e+07	5.3331e+07	5.64738e+07	5.41498e+07
P0AES6	GYRB_ECOLI	gyrB	DNA gyrase subunit B	36	36	3.66268e+07	3.7813e+07	3.67558e+07	3.68275e+07	3.6614e+07	3.63538e+07
P0AET2	HDEB_ECOLI	hdeB	Acid stress chaperone HdeB	2	2	2.26327e+08	2.08746e+08	2.17625e+08	2.08201e+08	2.24206e+08	2.14498e+08
P0AET8	HDHA_ECOLI	hdhA	7-alpha-hydroxysteroid dehydrogenase	1	1	3.42908e+06	5.79919e+06	7.58659e+06	6.03594e+06	5.5264e+06	6.12044e+06
P0AEU0	HISJ_ECOLI	hisJ	Histidine-binding periplasmic protein	12	12	1.96705e+07	2.11143e+07	1.97263e+07	2.04119e+07	1.93867e+07	2.04698e+07
P0AEU7	SKP_ECOLI	skp	Chaperone protein skp	6	6	3.6492e+08	4.28718e+08	3.74029e+08	4.2125e+08	3.78021e+08	4.327e+08
P0AEV4	HYCA_ECOLI	hycA	Formate hydrogenlyase regulatory protein HycA	3	3	5.29889e+06	5.61877e+06	4.84474e+06	5.52923e+06	3.70575e+06	5.28062e+06
P0AEV7	HYCH_ECOLI	hycH	Formate hydrogenlyase maturation protein HycH	1	1	3.75192e+06	3.4148e+06	5.06688e+06	3.53628e+06	4.11158e+06	3.47307e+06
P0AEV9	HYCI_ECOLI	hycI	Hydrogenase 3 maturation protease	2	2	1.46052e+06	1.62131e+06	1.2889e+06	1.68822e+06	1.54102e+06	1.42169e+06
P0AEW4	CPDA_ECOLI	cpdA	3',5'-cyclic adenosine monophosphate phosphodiesterase CpdA	1	1		3.18037e+06			2.94616e+06	
P0AEW6	INGK_ECOLI	gsk	Inosine-guanosine kinase	13	13	1.11981e+07	1.07202e+07	1.0731e+07	1.07707e+07	1.09276e+07	1.14107e+07
P0AEW9	K1PF_ECOLI	fruK	1-phosphofructokinase	13	13	8.14073e+07	8.04194e+07	8.08001e+07	8.19194e+07	8.22792e+07	8.17083e+07
P0AEX5	KPPR_ECOLI	prkB	Probable phosphoribulokinase	4	4	5.1207e+06	4.48066e+06	4.67022e+06	4.84404e+06	4.79184e+06	4.68106e+06
P0AEX9	MALE_ECOLI	malE	Maltose-binding periplasmic protein	17	17	3.97245e+07	3.54719e+07	4.0687e+07	3.51793e+07	3.97708e+07	3.62881e+07
P0AEY3	MAZG_ECOLI	mazG	Nucleoside triphosphate pyrophosphohydrolase	5	5	1.10763e+07	1.1967e+07	1.14262e+07	1.16813e+07	1.06445e+07	1.2184e+07
P0AEY5	MDAB_ECOLI	mdaB	Modulator of drug activity B	8	8	7.32009e+06	9.1267e+06	7.28176e+06	8.05477e+06	7.7041e+06	7.76123e+06
P0AEZ3	MIND_ECOLI	minD	Septum site-determining protein MinD	18	18	6.57738e+07	6.76978e+07	6.57755e+07	6.63243e+07	6.63512e+07	6.60241e+07
P0AEZ9	MOAB_ECOLI	moaB	Molybdenum cofactor biosynthesis protein B	7	7	4.57294e+07	4.13418e+07	4.43826e+07	4.18316e+07	4.75148e+07	4.32058e+07
P0AF03	MOG_ECOLI	mog	Molybdopterin adenylyltransferase	5	5	5.21925e+07	4.90807e+07	5.23447e+07	4.61045e+07	5.02713e+07	4.52573e+07
P0AF06	MOTB_ECOLI	motB	Motility protein B	3	3	1.0988e+06	1.04455e+06	1.05865e+06	1.07604e+06	990913	983649
P0AF08	MRP_ECOLI	mrp	Protein mrp	8	8	3.47975e+07	3.28952e+07	3.34659e+07	3.21637e+07	3.49357e+07	3.21845e+07
P0AF12	MTNN_ECOLI	mtnN	5'-methylthioadenosine/S-adenosylhomocysteine nucleosidase	5	5	8.81342e+07	8.48475e+07	8.97335e+07	8.86058e+07	9.00476e+07	8.88288e+07
P0AF18	NAGA_ECOLI	nagA	N-acetylglucosamine-6-phosphate deacetylase	6	6	1.63099e+07	1.52876e+07	1.48311e+07	1.43581e+07	1.52297e+07	1.4437e+07
P0AF20	NAGC_ECOLI	nagC	N-acetylglucosamine repressor	7	7	6.14422e+06	5.30557e+06	5.37803e+06	5.69641e+06	5.71326e+06	5.74201e+06
P0AF24	NAGD_ECOLI	nagD	Ribonucleotide monophosphatase NagD	8	8	1.05737e+07	1.02373e+07	1.0511e+07	1.04958e+07	1.03254e+07	1.04217e+07
P0AF26	NARJ_ECOLI	narJ	Nitrate reductase molybdenum cofactor assembly chaperone NarJ	4	4		3.03826e+06		2.75982e+06	2.63723e+06	3.34142e+06
P0AF28	NARL_ECOLI	narL	Nitrate/nitrite response regulator protein NarL	10	10	3.74333e+07	3.93845e+07	3.56131e+07	3.84242e+07	3.79857e+07	3.89196e+07
P0AF36	ZAPB_ECOLI	zapB	Cell division protein ZapB	8	8	8.47528e+07	9.80841e+07	8.51218e+07	9.6842e+07	8.00832e+07	9.48744e+07
P0AF48	YJBQ_ECOLI	yjbQ	UPF0047 protein YjbQ	2	2	4.04141e+06	4.41633e+06	3.72138e+06	4.35959e+06	3.63087e+06	4.80418e+06
P0AF50	YJBR_ECOLI	yjbR	Uncharacterized protein YjbR	4	4	2.42859e+07	2.93704e+07	2.79141e+07	2.81491e+07	2.84488e+07	2.90147e+07
P0AF52	YJCD_ECOLI	yjcD	Putative permease YjcD	1	1	1.03666e+06	979268		966633	983632	982221
P0AF61	YJDK_ECOLI	yjdK	Uncharacterized protein YjdK	2	2	2.56886e+06	3.33431e+06	3.22469e+06	3.27407e+06	2.73544e+06	3.11448e+06
P0AF63	NSRR_ECOLI	nsrR	HTH-type transcriptional repressor NsrR	6	6	3.24271e+06	3.2555e+06	3.30551e+06	3.16433e+06	3.48982e+06	3.34977e+06
P0AF67	YJEE_ECOLI	yjeE	UPF0079 ATP-binding protein YjeE	4	4	1.69392e+07	1.64403e+07	1.65249e+07	1.5876e+07	1.65454e+07	1.60606e+07
P0AF70	YJEI_ECOLI	yjeI	Uncharacterized protein YjeI	1	1	2.8745e+06	3.71844e+06	2.7296e+06	3.21883e+06	2.84006e+06	3.17407e+06
P0AF90	RRAB_ECOLI	rraB	Regulator of ribonuclease activity B	1	1	6.68885e+07	6.16668e+07	6.12034e+07	6.69102e+07	6.63578e+07	6.58603e+07
P0AF93	RIDA_ECOLI	ridA	Enamine/imine deaminase	5	5	3.86014e+08	4.01087e+08	3.96573e+08	4.10896e+08	3.77415e+08	3.92582e+08
P0AF98	LPTF_ECOLI	lptF	Lipopolysaccharide export system permease protein LptF	3	3	4.72863e+06	5.0354e+06	5.21199e+06	5.0015e+06	4.73487e+06	4.96847e+06
P0AFA7	NHAB_ECOLI	nhaB	Na(+)/H(+) antiporter NhaB	2	2	4.4294e+06	3.13817e+06	3.23684e+06	3.04854e+06	3.45484e+06	3.06472e+06
P0AFB1	NLPI_ECOLI	nlpI	Lipoprotein NlpI	8	8	8.24908e+06	9.49649e+06	1.04316e+07	8.89596e+06	8.88814e+06	8.63482e+06
P0AFB5	NTRB_ECOLI	glnL	Nitrogen regulation protein NR(II)	4	4	2.00261e+06	1.7356e+06	1.93874e+06	1.9596e+06	2.04885e+06	2.14889e+06
P0AFB8	NTRC_ECOLI	glnG	Nitrogen regulation protein NR(I)	13	13	6.55188e+06	6.74857e+06	6.5069e+06	6.70282e+06	7.03738e+06	7.03527e+06
P0AFC0	NUDB_ECOLI	nudB	Dihydroneopterin triphosphate pyrophosphatase	1	1	1.74172e+06	1.82825e+06	1.83579e+06	2.07785e+06	1.51815e+06	1.44214e+06
P0AFC3	NUOA_ECOLI	nuoA	NADH-quinone oxidoreductase subunit A	4	4	8.84412e+06	8.80434e+06	9.6718e+06	8.92476e+06	8.96233e+06	8.80533e+06
P0AFC7	NUOB_ECOLI	nuoB	NADH-quinone oxidoreductase subunit B	9	9	5.74673e+07	5.87546e+07	5.22436e+07	5.55034e+07	5.89257e+07	5.55231e+07
P0AFD1	NUOE_ECOLI	nuoE	NADH-quinone oxidoreductase subunit E	3	3	1.87643e+07	1.87226e+07	1.80325e+07	1.91726e+07	1.88158e+07	1.87753e+07
P0AFD4	NUOH_ECOLI	nuoH	NADH-quinone oxidoreductase subunit H	2	2	9.29002e+06	9.3565e+06	9.24541e+06	8.65106e+06	9.37814e+06	8.85045e+06
P0AFD6	NUOI_ECOLI	nuoI	NADH-quinone oxidoreductase subunit I	8	8	2.66598e+07	2.99456e+07	2.79847e+07	2.78866e+07	2.95477e+07	2.98357e+07
P0AFE4	NUOK_ECOLI	nuoK	NADH-quinone oxidoreductase subunit K	1	1	874232		913489			
P0AFF2	NUPC_ECOLI	nupC	Nucleoside permease NupC	3	3	3.42707e+06	3.13087e+06	3.2434e+06	2.69365e+06	3.91465e+06	2.79827e+06
P0AFF6	NUSA_ECOLI	nusA	Transcription elongation protein NusA	30	30	1.39049e+08	1.40564e+08	1.42082e+08	1.39066e+08	1.40163e+08	1.42483e+08
P0AFG0	NUSG_ECOLI	nusG	Transcription antitermination protein NusG	10	10	1.5594e+08	1.62055e+08	1.56263e+08	1.60774e+08	1.55612e+08	1.6772e+08
P0AFG3	ODO1_ECOLI	sucA	2-oxoglutarate dehydrogenase E1 component	27	27	3.34872e+07	3.2675e+07	3.45478e+07	3.20825e+07	3.37292e+07	3.17919e+07
P0AFG6	ODO2_ECOLI	sucB	Dihydrolipoyllysine-residue succinyltransferase component of 2-oxoglutarate dehydrogenase complex	19	19	7.53154e+07	7.62164e+07	7.7593e+07	7.32656e+07	7.68617e+07	7.30324e+07
P0AFG8	ODP1_ECOLI	aceE	Pyruvate dehydrogenase E1 component	53	53	4.35644e+08	4.25144e+08	4.26668e+08	4.24147e+08	4.30948e+08	4.30769e+08
P0AFH0	OGT_ECOLI	ogt	Methylated-DNA--protein-cysteine methyltransferase	2	2	276624	151585		323084	328956	
P0AFH8	OSMY_ECOLI	osmY	Osmotically-inducible protein Y	12	12	1.10486e+08	1.12763e+08	1.17747e+08	1.09966e+08	1.14415e+08	1.11056e+08
P0AFI0	OXC_ECOLI	oxc	Probable oxalyl-CoA decarboxylase	11	11	4.30066e+06	3.98119e+06	3.99207e+06	3.5331e+06	4.19556e+06	3.58004e+06
P0AFI2	PARC_ECOLI	parC	DNA topoisomerase 4 subunit A	13	13	2.87105e+07	2.69348e+07	2.61784e+07	2.67964e+07	2.83127e+07	2.67104e+07
P0AFI5	PBP7_ECOLI	pbpG	D-alanyl-D-alanine endopeptidase	2	2	4.33987e+06	4.81134e+06	5.05342e+06	5.3617e+06	5.21925e+06	4.92067e+06
P0AFI7	PDXH_ECOLI	pdxH	Pyridoxine/pyridoxamine 5'-phosphate oxidase	12	12	2.39326e+07	2.48891e+07	2.36857e+07	2.30436e+07	2.48547e+07	2.38685e+07
P0AFJ1	PHNA_ECOLI	phnA	Protein PhnA	4	4	1.6052e+07	1.64811e+07	1.44398e+07	1.73163e+07	1.51566e+07	1.88703e+07
P0AFJ5	PHOB_ECOLI	phoB	Phosphate regulon transcriptional regulatory protein PhoB	1	1	936598	1.172e+06			1.0613e+06	543873
P0AFJ7	PITA_ECOLI	pitA	Low-affinity inorganic phosphate transporter 1	4	4	6.57932e+06	6.75793e+06	6.23908e+06	5.57298e+06	7.24176e+06	6.24191e+06
P0AFK0	PMBA_ECOLI	pmbA	Protein PmbA	19	19	2.98655e+07	3.00909e+07	3.0487e+07	2.93956e+07	3.02537e+07	2.9958e+07
P0AFK9	POTD_ECOLI	potD	Spermidine/putrescine-binding periplasmic protein	17	17	3.34362e+07	3.282e+07	3.36291e+07	3.16401e+07	3.51819e+07	3.19187e+07
P0AFL3	PPIA_ECOLI	ppiA	Peptidyl-prolyl cis-trans isomerase A	5	5	4.76548e+07	4.55752e+07	4.9682e+07	4.81845e+07	4.94823e+07	4.81108e+07
P0AFL6	PPX_ECOLI	ppx	Exopolyphosphatase	6	6	2.91468e+06	2.82047e+06	3.19813e+06	2.82498e+06	2.94463e+06	2.95172e+06
P0AFM2	PROX_ECOLI	proX	Glycine betaine-binding periplasmic protein	5	5	1.258e+07	1.36069e+07	1.21422e+07	1.54559e+07	1.35087e+07	1.38986e+07
P0AFM6	PSPA_ECOLI	pspA	Phage shock protein A	7	7	1.72698e+07	1.68316e+07	1.70294e+07	1.64496e+07	1.70266e+07	1.62077e+07
P0AFM9	PSPB_ECOLI	pspB	Phage shock protein B	2	2	2.14472e+06	2.55821e+06		2.33487e+06	2.4336e+06	2.51643e+06
P0AFN2	PSPC_ECOLI	pspC	Phage shock protein C	2	2		1.06859e+06		1.07358e+06		1.27744e+06
P0AFP4	YBBO_ECOLI	ybbO	Uncharacterized oxidoreductase YbbO	4	4	3.18109e+06	3.76145e+06	3.17908e+06	3.60073e+06	3.44182e+06	3.55991e+06
P0AFP6	YBGI_ECOLI	ybgI	UPF0135 protein YbgI	5	5	4.21361e+07	4.26332e+07	4.21051e+07	4.33732e+07	4.31529e+07	4.44966e+07
P0AFP9	YBHR_ECOLI	ybhR	Inner membrane transport permease YbhR	1	1		559363		325173	285228	323495
P0AFQ7	YCFH_ECOLI	ycfH	Uncharacterized deoxyribonuclease YcfH	7	7	2.39618e+07	2.27668e+07	2.44985e+07	2.35272e+07	2.37945e+07	2.39007e+07
P0AFR2	DAUA_ECOLI	dauA	C4-dicarboxylic acid transporter DauA	3	3	4.32675e+06	3.97654e+06	4.6527e+06	4.51129e+06	4.93424e+06	4.30873e+06
P0AFR4	YCIO_ECOLI	yciO	Uncharacterized protein YciO	6	6	2.66789e+07	2.73632e+07	2.81125e+07	2.81985e+07	2.65361e+07	2.81725e+07
P0AFT2	YECS_ECOLI	yecS	Inner membrane amino-acid ABC transporter permease protein YecS	2	2	1.59478e+06	1.43739e+06	1.77257e+06	1.51818e+06		1.52262e+06
P0AFT5	YEHT_ECOLI	yehT	Transcriptional regulatory protein YehT	2	2	481154	497330		447490	437878	518876
P0AFU4	GLRR_ECOLI	glrR	Transcriptional regulatory protein GlrR	2	2	1.36658e+06	1.39414e+06	1.32675e+06	1.41913e+06	1.29433e+06	1.51708e+06
P0AFU8	RISA_ECOLI	ribC	Riboflavin synthase	6	6	5.5082e+07	5.45544e+07	5.44548e+07	5.50127e+07	5.51056e+07	5.53129e+07
P0AFW0	RFAH_ECOLI	rfaH	Transcriptional activator RfaH	2	2	3.30928e+06	6.41234e+06	3.60906e+06	5.61999e+06	3.53169e+06	5.63439e+06
P0AFW4	RNK_ECOLI	rnk	Regulator of nucleoside diphosphate kinase	1	1	460260		442552	455780		397022
P0AFW8	ROF_ECOLI	rof	Protein rof	3	3	3.1741e+07	3.27257e+07	3.18486e+07	3.19132e+07	3.05951e+07	3.10748e+07
P0AFX0	HPF_ECOLI	hpf	Ribosome hibernation promoting factor	4	4	7.39906e+06	8.19734e+06	7.91945e+06	6.66629e+06	8.11426e+06	6.57552e+06
P0AFX7	RSEA_ECOLI	rseA	Sigma-E factor negative regulatory protein	2	2	3.66677e+06	4.28862e+06	3.9912e+06	3.03815e+06	3.72753e+06	4.29049e+06
P0AFX9	RSEB_ECOLI	rseB	Sigma-E factor regulatory protein RseB	6	6	1.14072e+07	1.11973e+07	1.18772e+07	1.0702e+07	1.19052e+07	1.10911e+07
P0AFY8	SEQA_ECOLI	seqA	Negative modulator of initiation of replication	12	12	7.79076e+07	7.85404e+07	7.73676e+07	7.95743e+07	7.81623e+07	7.89064e+07
P0AFZ1	SSEB_ECOLI	sseB	Protein SseB	5	5	1.60742e+07	1.81536e+07	1.86784e+07	1.73381e+07	1.85715e+07	1.82207e+07
P0AFZ3	SSPB_ECOLI	sspB	Stringent starvation protein B	4	4	4.54827e+07	4.65545e+07	4.56238e+07	4.59181e+07	4.50451e+07	4.49231e+07
P0AG00	WZZE_ECOLI	wzzE	Lipopolysaccharide biosynthesis protein WzzE	5	5	1.64777e+07	1.58018e+07	1.56113e+07	1.59011e+07	1.63695e+07	1.59404e+07
P0AG03	UBIX_ECOLI	ubiX	3-octaprenyl-4-hydroxybenzoate carboxy-lyase	2	2	553808			701939	582949	575936
P0AG07	RPE_ECOLI	rpe	Ribulose-phosphate 3-epimerase	7	7	6.70711e+07	6.54557e+07	6.83979e+07	6.27917e+07	6.83307e+07	6.25605e+07
P0AG14	SOHB_ECOLI	sohB	Probable protease SohB	4	4	1.32272e+07	1.37545e+07	1.31003e+07	1.25836e+07	1.25354e+07	1.38249e+07
P0AG16	PUR1_ECOLI	purF	Amidophosphoribosyltransferase	10	10	3.35891e+06	3.59174e+06	3.53525e+06	3.46054e+06	3.41596e+06	3.26064e+06
P0AG18	PURE_ECOLI	purE	N5-carboxyaminoimidazole ribonucleotide mutase	3	3	9.18221e+06	8.4701e+06	9.06058e+06	8.71974e+06	9.73282e+06	8.62184e+06
P0AG20	RELA_ECOLI	relA	GTP pyrophosphokinase	16	16	7.6789e+07	8.69923e+07	7.95276e+07	8.55579e+07	8.32672e+07	8.774e+07
P0AG24	SPOT_ECOLI	spoT	Bifunctional (p)ppGpp synthase/hydrolase SpoT	10	10	9.48874e+06	8.70217e+06	9.14715e+06	9.61562e+06	9.06609e+06	9.22712e+06
P0AG27	YIBN_ECOLI	yibN	Uncharacterized protein YibN	6	6	1.13598e+08	1.08224e+08	1.12103e+08	1.0704e+08	1.10318e+08	1.08575e+08
P0AG30	RHO_ECOLI	rho	Transcription termination factor Rho	30	30	1.4411e+08	1.49504e+08	1.42952e+08	1.47224e+08	1.42975e+08	1.44677e+08
P0AG40	RIBF_ECOLI	ribF	Riboflavin biosynthesis protein RibF	8	8	8.96552e+06	9.19691e+06	9.59443e+06	9.03091e+06	8.61529e+06	8.43935e+06
P0AG44	RL17_ECOLI	rplQ	50S ribosomal protein L17	6	6	1.26871e+09	1.29985e+09	1.27214e+09	1.30098e+09	1.27646e+09	1.33684e+09
P0AG48	RL21_ECOLI	rplU	50S ribosomal protein L21	8	8	6.20341e+08	6.40139e+08	6.2115e+08	6.05267e+08	6.39331e+08	6.22244e+08
P0AG51	RL30_ECOLI	rpmD	50S ribosomal protein L30	6	6	4.99455e+08	4.95821e+08	4.83089e+08	4.93973e+08	4.75278e+08	5.11321e+08
P0AG55	RL6_ECOLI	rplF	50S ribosomal protein L6	11	11	1.29029e+09	1.37491e+09	1.28198e+09	1.33709e+09	1.29658e+09	1.36711e+09
P0AG59	RS14_ECOLI	rpsN	30S ribosomal protein S14	8	8	8.10164e+08	8.37926e+08	7.88555e+08	8.25976e+08	8.34742e+08	8.37813e+08
P0AG63	RS17_ECOLI	rpsQ	30S ribosomal protein S17	3	3	1.0035e+09	1.06522e+09	1.11e+09	1.09489e+09	1.06062e+09	1.11419e+09
P0AG67	RS1_ECOLI	rpsA	30S ribosomal protein S1	42	42	1.58676e+09	1.76998e+09	1.59335e+09	1.75675e+09	1.57273e+09	1.74841e+09
P0AG71	RMUC_ECOLI	rmuC	DNA recombination protein RmuC	2	2	1.16629e+06	1.34731e+06		1.65985e+06		1.2612e+06
P0AG78	SUBI_ECOLI	sbp	Sulfate-binding protein	3	3	2.79676e+06	2.84975e+06	3.11611e+06	2.76838e+06	2.49394e+06	3.03822e+06
P0AG80	UGPB_ECOLI	ugpB	sn-glycerol-3-phosphate-binding periplasmic protein UgpB	2	2	565178			982913	673248	814434
P0AG82	PSTS_ECOLI	pstS	Phosphate-binding protein PstS	16	16	1.47145e+07	1.51258e+07	1.45472e+07	1.50007e+07	1.45856e+07	1.5139e+07
P0AG84	YGHA_ECOLI	yghA	Uncharacterized oxidoreductase YghA	6	6	878512	861800		1.05262e+06	1.05052e+06	1.17687e+06
P0AG86	SECB_ECOLI	secB	Protein-export protein SecB	5	5	3.6637e+08	3.98091e+08	3.66213e+08	4.05649e+08	3.77898e+08	3.84102e+08
P0AG90	SECD_ECOLI	secD	Protein translocase subunit SecD	28	28	2.63997e+07	2.65913e+07	2.76294e+07	2.6086e+07	2.66979e+07	2.62273e+07
P0AG93	SECF_ECOLI	secF	Protein translocase subunit SecF	5	5	6.82932e+06	6.91533e+06	6.79303e+06	7.15583e+06	6.70484e+06	6.86973e+06
P0AG96	SECE_ECOLI	secE	Preprotein translocase subunit SecE	4	4	4.52503e+06	5.28937e+06	4.48546e+06	4.88283e+06	4.41818e+06	5.07989e+06
P0AG99	SECG_ECOLI	secG	Protein-export membrane protein SecG	3	3	4.45147e+07	4.16497e+07	4.32808e+07	4.15028e+07	4.57594e+07	4.10506e+07
P0AGA2	SECY_ECOLI	secY	Protein translocase subunit SecY	4	4	2.57421e+07	2.807e+07	2.70096e+07	2.81247e+07	2.57192e+07	2.68091e+07
P0AGB0	SERB_ECOLI	serB	Phosphoserine phosphatase	6	6	8.95022e+06	9.19952e+06	8.99462e+06	8.86765e+06	9.05395e+06	9.26976e+06
P0AGB6	RPOE_ECOLI	rpoE	RNA polymerase sigma-E factor	9	9	1.57061e+07	1.50503e+07	1.51011e+07	1.48075e+07	1.67331e+07	1.45759e+07
P0AGC3	SLT_ECOLI	slt	Soluble lytic murein transglycosylase	11	11	5.36068e+06	5.64907e+06	5.36993e+06	5.5973e+06	5.27285e+06	5.69332e+06
P0AGC7	SMP_ECOLI	smp	Protein smp	1	1	823718		901824	959079	981565	910888
P0AGD1	SODC_ECOLI	sodC	Superoxide dismutase [Cu-Zn]	2	2	4.29634e+06	4.12012e+06	3.6281e+06	4.04656e+06	4.31493e+06	3.7243e+06
P0AGD3	SODF_ECOLI	sodB	Superoxide dismutase [Fe]	9	9	3.46371e+08	3.13665e+08	3.3688e+08	3.08811e+08	3.34952e+08	3.13497e+08
P0AGD7	SRP54_ECOLI	ffh	Signal recognition particle protein	15	15	3.55464e+07	3.75386e+07	3.69956e+07	3.67592e+07	3.57723e+07	3.74371e+07
P0AGE0	SSB_ECOLI	ssb	Single-stranded DNA-binding protein	8	8	2.06656e+08	2.1017e+08	2.08102e+08	2.01059e+08	2.09182e+08	1.97826e+08
P0AGE6	YIEF_ECOLI	yieF	Uncharacterized protein YieF	8	8	3.73504e+07	3.39097e+07	3.93658e+07	3.34212e+07	3.8292e+07	3.63524e+07
P0AGE9	SUCD_ECOLI	sucD	Succinyl-CoA ligase [ADP-forming] subunit alpha	11	11	4.12394e+07	4.1502e+07	4.27216e+07	4.19317e+07	4.24293e+07	4.26627e+07
P0AGF2	YGDK_ECOLI	ygdK	Uncharacterized SufE-like protein YgdK	4	4	4.43493e+06	3.45611e+06	4.28779e+06	4.89647e+06	5.04486e+06	4.27203e+06
P0AGG0	THIL_ECOLI	thiL	Thiamine-monophosphate kinase	6	6	8.53461e+06	8.44217e+06	8.43358e+06	8.95827e+06	8.60679e+06	8.98378e+06
P0AGG2	TESB_ECOLI	tesB	Acyl-CoA thioesterase 2	5	5	7.03742e+06	6.68705e+06	6.82776e+06	6.34167e+06	6.59749e+06	6.57243e+06
P0AGG4	THIO2_ECOLI	trxC	Thioredoxin-2	3	3	9.80441e+06	1.0197e+07	9.03987e+06	9.54259e+06	9.19187e+06	9.54955e+06
P0AGG8	TLDD_ECOLI	tldD	Protein TldD	15	15	2.64581e+07	2.67788e+07	2.77121e+07	2.82884e+07	2.62259e+07	2.70313e+07
P0AGI8	TRKA_ECOLI	trkA	Trk system potassium uptake protein TrkA	4	4	1.99227e+06	2.09382e+06	1.84902e+06	2.16392e+06	2.01904e+06	2.09136e+06
P0AGJ2	TRMH_ECOLI	trmH	tRNA (guanosine(18)-2'-O)-methyltransferase	5	5	1.02744e+07	1.02614e+07	1.05951e+07	9.88892e+06	1.03372e+07	1.00203e+07
P0AGJ5	YFIF_ECOLI	yfiF	Uncharacterized tRNA/rRNA methyltransferase YfiF	12	12	5.39593e+07	5.45167e+07	5.65967e+07	5.32886e+07	5.52492e+07	5.55118e+07
P0AGJ7	TRML_ECOLI	trmL	tRNA (cytidine(34)-2'-O)-methyltransferase	6	6	1.08204e+07	1.09765e+07	1.12742e+07	1.08222e+07	9.83507e+06	1.08968e+07
P0AGJ9	SYY_ECOLI	tyrS	Tyrosine--tRNA ligase	17	17	9.69446e+07	9.94343e+07	9.79906e+07	9.83642e+07	9.91752e+07	1.01207e+08
P0AGK4	YHBY_ECOLI	yhbY	RNA-binding protein YhbY	2	2	6.66677e+07	7.00608e+07	6.82626e+07	6.71996e+07	6.36792e+07	7.01169e+07
P0AGK8	ISCR_ECOLI	iscR	HTH-type transcriptional regulator IscR	3	3	8.19556e+06	8.05684e+06	8.07884e+06	1.06598e+07	9.85776e+06	8.89209e+06
P0AGL2	TDCF_ECOLI	tdcF	Putative reactive intermediate deaminase TdcF	4	4	2.04821e+08	1.84754e+08	2.11765e+08	1.94695e+08	2.12778e+08	2.023e+08
P0AGL5	RATA_ECOLI	ratA	Ribosome association toxin RatA	2	2	1.23778e+06	1.22596e+06	1.29345e+06	1.08568e+06	1.2258e+06	1.04297e+06
P0AGL7	RSME_ECOLI	rsmE	Ribosomal RNA small subunit methyltransferase E	5	5	1.54498e+07	1.58437e+07	1.68862e+07	1.47492e+07	1.54476e+07	1.45199e+07
P0AGM5	SIRB1_ECOLI	sirB1	Protein sirB1	1	1		2.2103e+06		2.16549e+06	1.86274e+06	2.02886e+06
P0C018	RL18_ECOLI	rplR	50S ribosomal protein L18	5	5	2.93993e+08	4.01787e+08	2.45132e+08	3.75469e+08	3.01651e+08	3.88581e+08
P0C037	YAIE_ECOLI	yaiE	UPF0345 protein YaiE	2	2	3.8076e+07	4.40764e+07	4.37557e+07	4.54619e+07	4.60843e+07	4.13352e+07
P0C054	IBPA_ECOLI	ibpA	Small heat shock protein IbpA	5	5	1.74307e+07	1.66853e+07	1.64993e+07	1.77867e+07	1.75114e+07	1.7465e+07
P0C058	IBPB_ECOLI	ibpB	Small heat shock protein IbpB	2	2		222397		231337		193198
P0C093	SLMA_ECOLI	slmA	Nucleoid occlusion factor SlmA	5	5	1.50277e+07	1.50676e+07	1.52675e+07	1.35643e+07	1.49592e+07	1.45156e+07
P0C0K3	RDOA_ECOLI	rdoA	Protein RdoA	9	9	4.27897e+06	4.54264e+06	4.34154e+06	4.32272e+06	4.49095e+06	4.30732e+06
P0C0L2	OSMC_ECOLI	osmC	Peroxiredoxin OsmC	6	6	2.19343e+07	2.22468e+07	2.16083e+07	2.27993e+07	2.19943e+07	2.13769e+07
P0C0L7	PROP_ECOLI	proP	Proline/betaine transporter	7	7	9.79839e+06	9.20169e+06	1.05386e+07	9.68981e+06	1.00137e+07	9.68762e+06
P0C0L9	ISCX_ECOLI	iscX	Protein IscX	1	1	2.19438e+07	2.01012e+07	2.26141e+07	1.94472e+07	2.43578e+07	1.92639e+07
P0C0R7	RLME_ECOLI	rlmE	Ribosomal RNA large subunit methyltransferase E	3	3	2.14743e+07	2.18684e+07	2.15344e+07	2.09001e+07	2.16706e+07	2.1427e+07
P0C0S1	MSCS_ECOLI	mscS	Small-conductance mechanosensitive channel	6	6	3.87391e+07	3.79744e+07	3.87021e+07	3.55785e+07	3.7062e+07	3.72291e+07
P0C0T5	MEPA_ECOLI	mepA	Penicillin-insensitive murein endopeptidase	3	3	3.14215e+06	2.68439e+06	3.39151e+06	2.96218e+06	3.22557e+06	3.51102e+06
P0C0V0	DEGP_ECOLI	degP	Periplasmic serine endoprotease DegP	15	15	7.01756e+07	7.81397e+07	7.17414e+07	7.7679e+07	7.17226e+07	7.59274e+07
P0C960	EMTA_ECOLI	emtA	Endo-type membrane-bound lytic murein transglycosylase A	1	1	168709			200650	302511	279159
P0CB39	EPTC_ECOLI	eptC	Phosphoethanolamine transferase EptC	6	6	6.39016e+06	8.04046e+06	6.0409e+06	8.42446e+06	6.8241e+06	8.45596e+06
P0CE47;P0CE48	EFTU1_ECOLI;EFTU2_ECOLI	tufA;tufB	Elongation factor Tu 1	29	0	6.16959e+09	6.44657e+09	6.64687e+09	5.85091e+09	6.43362e+09	5.90036e+09
P0CG19	RNPH_ECOLI	rph	Inactive ribonuclease PH	3	3	1.83841e+07	2.09282e+07	1.88281e+07	2.05638e+07	1.95788e+07	2.0403e+07
P0CK95	ACFD_ECOLI	yghJ	Putative lipoprotein AcfD homolog	27	27	1.83794e+07	1.80717e+07	1.79801e+07	1.77007e+07	1.7993e+07	1.73689e+07
P10100	RLPA_ECOLI	rlpA	Rare lipoprotein A	3	3	2.51768e+07	2.35816e+07	2.27353e+07	2.44298e+07	2.44003e+07	2.35552e+07
P10121	FTSY_ECOLI	ftsY	Signal recognition particle receptor FtsY	21	21	6.06773e+07	6.35614e+07	6.19126e+07	6.28943e+07	6.11263e+07	6.35671e+07
P10145ups|IL8_HUMAN_UPS	Interleukin-8,	Interleukin-8,		1	1	1.15516e+07		8.42855e+06		7.93692e+06	
P10346	GLNQ_ECOLI	glnQ	Glutamine transport ATP-binding protein GlnQ	4	4	2.63969e+07	3.62952e+07	3.23618e+07	3.52599e+07	4.05954e+07	3.40199e+07
P10371	HIS4_ECOLI	hisA	1-(5-phosphoribosyl)-5-[(5-phosphoribosylamino)methylideneamino] imidazole-4-carboxamide isomerase	3	3	6.55375e+06	6.98085e+06	6.61308e+06	6.41776e+06	7.20093e+06	6.8125e+06
P10378	ENTE_ECOLI	entE	Enterobactin synthase component E	3	3	874848	499919	1.03601e+06	659147	1.02474e+06	579822
P10384	FADL_ECOLI	fadL	Long-chain fatty acid transport protein	14	14	9.34248e+07	9.43686e+07	9.59954e+07	9.34479e+07	9.33419e+07	8.91549e+07
P10408	SECA_ECOLI	secA	Protein translocase subunit SecA	39	39	4.6984e+07	4.93837e+07	4.78075e+07	4.90583e+07	4.78294e+07	4.80827e+07
P10441	LPXB_ECOLI	lpxB	Lipid-A-disaccharide synthase	3	3	2.84681e+06	3.15405e+06	3.11356e+06	3.19877e+06	3.28018e+06	3.1434e+06
P10442	RNH2_ECOLI	rnhB	Ribonuclease HII	2	2	1.80212e+06	1.73239e+06	2.3044e+06	1.53637e+06	2.15448e+06	1.72167e+06
P10443	DPO3A_ECOLI	dnaE	DNA polymerase III subunit alpha	8	8	964611	897333	955297	811687	1.00231e+06	912697
P10599ups|THIO_HUMAN_UPS	Thioredoxin	Thioredoxin		3	3	3.06896e+07		3.12197e+07		3.162e+07	
P10636-8ups|TAU_HUMAN_UPS	Microtubule-associated	Microtubule-associated		18	18	9.43324e+07	1.1936e+06	8.8755e+07		9.51232e+07	1.16761e+06
P10903	NARK_ECOLI	narK	Nitrite extrusion protein 1	2	1	9.19995e+06	8.49694e+06	8.39345e+06	8.16396e+06	9.64219e+06	9.04499e+06
P10908	UGPQ_ECOLI	ugpQ	Glycerophosphoryl diester phosphodiesterase	3	3	2.12664e+06	2.49404e+06	1.61291e+06	1.86793e+06	1.94335e+06	2.28289e+06
P11349	NARH_ECOLI	narH	Respiratory nitrate reductase 1 beta chain	12	9	1.46013e+07	1.57784e+07	1.51564e+07	1.52015e+07	1.52851e+07	1.51633e+07
P11447	ARLY_ECOLI	argH	Argininosuccinate lyase	8	8	7.98878e+06	7.5834e+06	7.30204e+06	7.76218e+06	8.19551e+06	7.4575e+06
P11557	DAMX_ECOLI	damX	Protein DamX	8	8	2.47401e+07	2.59536e+07	2.43418e+07	2.64414e+07	2.38147e+07	2.60071e+07
P11875	SYR_ECOLI	argS	Arginine--tRNA ligase	29	29	5.51664e+07	5.53702e+07	5.48088e+07	5.40155e+07	5.56044e+07	5.34406e+07
P11880	MURF_ECOLI	murF	UDP-N-acetylmuramoyl-tripeptide--D-alanyl-D-alanine ligase	4	4	2.32395e+07	2.31346e+07	2.50005e+07	2.25865e+07	2.47549e+07	2.33126e+07
P11988	BGLB_ECOLI	bglB	6-phospho-beta-glucosidase BglB	1	1	1.5506e+06	1.06028e+06	1.30629e+06	1.0277e+06	1.57932e+06	1.15326e+06
P12008	AROC_ECOLI	aroC	Chorismate synthase	3	3	1.42842e+07	1.37418e+07	1.51077e+07	1.41495e+07	1.4227e+07	1.35315e+07
P12081ups|SYHC_HUMAN_UPS	Histidyl-tRNA	Histidyl-tRNA		20	20	1.61214e+08	3.0087e+06	1.58441e+08	3.28772e+06	1.55888e+08	3.42759e+06
P12281	MOEA_ECOLI	moeA	Molybdopterin molybdenumtransferase	9	9	3.09383e+07	3.03136e+07	3.05494e+07	3.16162e+07	3.17559e+07	3.15714e+07
P12282	MOEB_ECOLI	moeB	Molybdopterin-synthase adenylyltransferase	2	2		8.13761e+06	6.56905e+06	7.32276e+06	7.04121e+06	7.11599e+06
P12295	UNG_ECOLI	ung	Uracil-DNA glycosylase	9	9	1.3828e+07	1.33256e+07	9.74473e+06	1.24515e+07	1.40404e+07	1.19141e+07
P12758	UDP_ECOLI	udp	Uridine phosphorylase	12	12	2.43682e+08	2.54356e+08	2.48412e+08	2.46506e+08	2.50373e+08	2.42734e+08
P12994	YBHB_ECOLI	ybhB	UPF0098 protein YbhB	2	2	2.34852e+06	2.2632e+06	1.27842e+06	1.85098e+06	1.69653e+06	2.46998e+06
P13001	BIOH_ECOLI	bioH	Pimelyl-[acyl-carrier protein] methyl ester esterase	3	3	3.89466e+06	3.15122e+06	2.82138e+06	3.37021e+06	4.0675e+06	2.23821e+06
P13009	METH_ECOLI	metH	Methionine synthase	25	25	8.10294e+06	7.7811e+06	8.34407e+06	8.06381e+06	8.29836e+06	7.91662e+06
P13016	AMPD_ECOLI	ampD	1,6-anhydro-N-acetylmuramyl-L-alanine amidase AmpD	5	5	7.15718e+06	8.05628e+06	7.28818e+06	8.04158e+06	7.50482e+06	8.24848e+06
P13024	FDHE_ECOLI	fdhE	Protein FdhE	10	10	1.90805e+07	1.91181e+07	1.87841e+07	1.92065e+07	1.96563e+07	1.94489e+07
P13029	KATG_ECOLI	katG	Catalase-peroxidase	41	41	1.91523e+08	1.91018e+08	1.86709e+08	1.92115e+08	1.95165e+08	1.93926e+08
P13033	GLPB_ECOLI	glpB	Anaerobic glycerol-3-phosphate dehydrogenase subunit B	5	5	1.97426e+06	2.28804e+06	1.89895e+06	1.97242e+06	2.13669e+06	2.29868e+06
P13035	GLPD_ECOLI	glpD	Aerobic glycerol-3-phosphate dehydrogenase	18	18	1.486e+07	1.61862e+07	1.47352e+07	1.61944e+07	1.5322e+07	1.65314e+07
P13445	RPOS_ECOLI	rpoS	RNA polymerase sigma factor RpoS	14	14	2.49807e+07	2.48044e+07	2.83618e+07	2.4195e+07	2.62608e+07	2.44162e+07
P13482	TREA_ECOLI	treA	Periplasmic trehalase	2	2		2.32373e+06		2.66887e+06		2.50945e+06
P13656	CHIA_ECOLI	chiA	Probable bifunctional chitinase/lysozyme	1	1	489617	507733	574998	535577	484049	553613
P13979	TRAT1_ECOLI	traT	TraT complement resistance protein	7	7	1.74771e+07	1.76658e+07	1.81273e+07	1.79918e+07	1.63818e+07	1.71399e+07
P14081	SELB_ECOLI	selB	Selenocysteine-specific elongation factor	11	11	8.73614e+06	7.94583e+06	8.06406e+06	7.89126e+06	9.17118e+06	7.79002e+06
P14175	PROV_ECOLI	proV	Glycine betaine/L-proline transport ATP-binding protein ProV	6	6	1.47307e+07	1.25237e+07	1.50927e+07	1.47517e+07	1.39205e+07	1.37842e+07
P14294	TOP3_ECOLI	topB	DNA topoisomerase 3	6	6	481846	429424	265619	297769	411173	346647
P14407	FUMB_ECOLI	fumB	Fumarate hydratase class I, anaerobic	25	17	1.08371e+08	1.16052e+08	1.10696e+08	1.16053e+08	1.08786e+08	1.16684e+08
P14900	MURD_ECOLI	murD	UDP-N-acetylmuramoylalanine--D-glutamate ligase	7	7	1.86574e+07	1.90388e+07	1.91106e+07	1.87448e+07	1.9504e+07	1.94227e+07
P15005	MCRB_ECOLI	mcrB	5-methylcytosine-specific restriction enzyme B	3	3	2.05262e+06	2.19635e+06	1.83825e+06	1.86489e+06	1.8092e+06	1.9267e+06
P15034	AMPP_ECOLI	pepP	Xaa-Pro aminopeptidase	13	13	5.92551e+07	6.10661e+07	5.70533e+07	6.25733e+07	5.84005e+07	6.27054e+07
P15038	HELD_ECOLI	helD	Helicase IV	4	4	1.01732e+06	567998	821915	838290	867246	855491
P15042	DNLJ_ECOLI	ligA	DNA ligase	20	20	2.30419e+07	2.38054e+07	2.53805e+07	2.34295e+07	2.34839e+07	2.31522e+07
P15047	ENTA_ECOLI	entA	2,3-dihydro-2,3-dihydroxybenzoate dehydrogenase	3	3	1.55871e+06	1.73164e+06	1.73514e+06	1.87588e+06	1.86624e+06	1.6434e+06
P15067	GLGX_ECOLI	glgX	Glycogen debranching enzyme	5	5	2.29898e+06	2.25866e+06	2.49202e+06	2.42584e+06	2.52583e+06	2.55038e+06
P15070	FLIN_ECOLI	fliN	Flagellar motor switch protein FliN	1	1	1.94508e+07	1.72158e+07	2.02157e+07	1.75891e+07	1.5876e+07	1.87329e+07
P15082	SRLR_ECOLI	srlR	Glucitol operon repressor	3	3	1.47289e+06	1.79298e+06		1.46243e+06	1.61845e+06	1.87568e+06
P15254	PUR4_ECOLI	purL	Phosphoribosylformylglycinamidine synthase	19	19	1.33501e+07	1.25301e+07	1.31345e+07	1.25184e+07	1.34993e+07	1.24988e+07
P15286	FLK_ECOLI	flk	Flagellar regulator flk	2	2	1.21411e+06	1.07082e+06	1.16999e+06	956307	1.02295e+06	1.10327e+06
P15288	PEPD_ECOLI	pepD	Cytosol non-specific dipeptidase	20	20	1.17284e+08	1.23822e+08	1.1695e+08	1.26966e+08	1.2006e+08	1.24643e+08
P15559ups|NQO1_HUMAN_UPS	NAD(P)H	NAD(P)H		10	10	6.97459e+07	1.64302e+06	6.83507e+07	1.91879e+06	6.82795e+07	2.12756e+06
P15639	PUR9_ECOLI	purH	Bifunctional purine biosynthesis protein PurH	14	14	3.4046e+07	3.06098e+07	3.40402e+07	3.06642e+07	3.50234e+07	3.03858e+07
P15640	PUR2_ECOLI	purD	Phosphoribosylamine--glycine ligase	8	8	1.5601e+07	1.84531e+07	1.72351e+07	1.77293e+07	1.84155e+07	1.83606e+07
P15770	AROE_ECOLI	aroE	Shikimate dehydrogenase	3	3	1.09198e+07	1.16997e+07	1.0291e+07	1.16986e+07	1.14994e+07	1.13213e+07
P15877	DHG_ECOLI	gcd	Quinoprotein glucose dehydrogenase	2	2		1.42393e+06		1.37092e+06		1.49207e+06
P15977	MALQ_ECOLI	malQ	4-alpha-glucanotransferase	6	6	1.05244e+07	9.62431e+06	8.87637e+06	8.90153e+06	1.03254e+07	9.47813e+06
P16083ups|NQO2_HUMAN_UPS	Ribosyldihydronicotinamide	Ribosyldihydronicotinamide		11	11	8.00376e+07	1.65675e+06	8.09292e+07		7.75824e+07	1.86055e+06
P16095	SDHL_ECOLI	sdaA	L-serine dehydratase 1	10	10	2.20497e+07	2.76961e+07	2.41548e+07	2.59944e+07	2.3908e+07	2.44436e+07
P16384	MIAA_ECOLI	miaA	tRNA dimethylallyltransferase	12	12	4.49188e+06	4.62028e+06	4.39633e+06	4.84577e+06	4.60271e+06	4.49763e+06
P16431	HYCE_ECOLI	hycE	Formate hydrogenlyase subunit 5	16	15	1.23327e+07	1.27549e+07	1.2977e+07	1.23146e+07	1.29075e+07	1.21838e+07
P16432	HYCF_ECOLI	hycF	Formate hydrogenlyase subunit 6	2	2		116182	186067	110777	199956	119976
P16433	HYCG_ECOLI	hycG	Formate hydrogenlyase subunit 7	3	2	3.25118e+06	3.43604e+06	3.12903e+06	3.36872e+06	3.20694e+06	3.04459e+06
P16456	SELD_ECOLI	selD	Selenide, water dikinase	8	8	3.51714e+07	3.51843e+07	3.75549e+07	3.45785e+07	3.58769e+07	3.51546e+07
P16525	TUS_ECOLI	tus	DNA replication terminus site-binding protein	1	1				564678		781641
P16528	ICLR_ECOLI	iclR	Acetate operon repressor	4	4	6.5724e+06	6.759e+06	6.78651e+06	6.25491e+06	6.5916e+06	6.59294e+06
P16659	SYP_ECOLI	proS	Proline--tRNA ligase	28	28	8.75846e+07	8.55007e+07	8.6665e+07	8.3176e+07	8.77553e+07	8.33789e+07
P16676	CYSA_ECOLI	cysA	Sulfate/thiosulfate import ATP-binding protein CysA	4	4	1.32115e+06	1.36176e+06	1.28336e+06	1.27716e+06	1.03628e+06	1.2273e+06
P16700	CYSP_ECOLI	cysP	Thiosulfate-binding protein	20	20	3.22871e+07	3.07168e+07	3.24251e+07	3.17932e+07	3.21078e+07	3.20832e+07
P16703	CYSM_ECOLI	cysM	Cysteine synthase B	7	7	8.17905e+06	8.4441e+06	8.74441e+06	7.8187e+06	8.28331e+06	8.73038e+06
P16926	MREC_ECOLI	mreC	Cell shape-determining protein MreC	6	6	3.63825e+06	4.17648e+06	3.84548e+06	3.72293e+06	3.54134e+06	3.68623e+06
P17109	MEND_ECOLI	menD	2-succinyl-5-enolpyruvyl-6-hydroxy-3-cyclohexene-1-carboxylate synthase	8	8	5.98771e+06	5.36655e+06	6.24172e+06	6.74966e+06	5.59292e+06	6.81571e+06
P17115	GUTQ_ECOLI	gutQ	Arabinose 5-phosphate isomerase GutQ	5	5	8.5999e+06	9.66412e+06	8.48061e+06	8.94505e+06	9.74108e+06	9.01239e+06
P17117	NFSA_ECOLI	nfsA	Oxygen-insensitive NADPH nitroreductase	2	2	1.95728e+07	2.11571e+07	1.9667e+07	1.72715e+07	1.85321e+07	1.88839e+07
P17169	GLMS_ECOLI	glmS	Glutamine--fructose-6-phosphate aminotransferase [isomerizing]	34	34	1.91763e+08	1.93845e+08	1.95257e+08	1.88141e+08	1.88495e+08	1.88129e+08
P17315	CIRA_ECOLI	cirA	Colicin I receptor	11	11	8.48484e+06	7.87513e+06	8.79192e+06	7.7757e+06	8.57733e+06	7.62704e+06
P17443	MURG_ECOLI	murG	UDP-N-acetylglucosamine--N-acetylmuramyl-(pentapeptide) pyrophosphoryl-undecaprenol N-acetylglucosamine transferase	11	11	7.62912e+06	7.50957e+06	8.01681e+06	7.92416e+06	7.93661e+06	7.83414e+06
P17445	BETB_ECOLI	betB	Betaine aldehyde dehydrogenase	6	6	4.62113e+06	5.71513e+06	5.19765e+06	5.91411e+06	4.60674e+06	5.56492e+06
P17846	CYSI_ECOLI	cysI	Sulfite reductase [NADPH] hemoprotein beta-component	30	30	2.62988e+07	2.59425e+07	2.56625e+07	2.66452e+07	2.58046e+07	2.61004e+07
P17854	CYSH_ECOLI	cysH	Phosphoadenosine phosphosulfate reductase	11	11	2.70217e+07	2.55619e+07	2.61297e+07	2.59542e+07	2.63242e+07	2.51036e+07
P17952	MURC_ECOLI	murC	UDP-N-acetylmuramate--L-alanine ligase	9	9	1.24846e+07	1.2445e+07	1.28322e+07	1.27352e+07	1.27215e+07	1.36811e+07
P17993	UBIG_ECOLI	ubiG	3-demethylubiquinone-9 3-methyltransferase	6	6	1.83865e+07	1.90581e+07	1.8911e+07	1.85866e+07	1.89055e+07	1.87284e+07
P18133	PNCB_ECOLI	pncB	Nicotinate phosphoribosyltransferase	10	10	4.75479e+06	4.68913e+06	4.70018e+06	4.53991e+06	4.77423e+06	4.58517e+06
P18196	MINC_ECOLI	minC	Septum site-determining protein MinC	7	7	1.03667e+07	9.07015e+06	1.03331e+07	1.00149e+07	8.85488e+06	9.73907e+06
P18390	YJJA_ECOLI	yjjA	Uncharacterized protein YjjA	4	4	1.10414e+07	1.35394e+07	1.12411e+07	1.21497e+07	1.11749e+07	1.1751e+07
P18392	RSTB_ECOLI	rstB	Sensor protein RstB	2	2	452171	331117	325529	383339	443741	
P18393	YBDZ_ECOLI	ybdZ	Uncharacterized protein YbdZ	1	1		1.9885e+06		1.56724e+06		1.74521e+06
P18775	DMSA_ECOLI	dmsA	Dimethyl sulfoxide reductase DmsA	17	17	1.7164e+07	1.89191e+07	1.74127e+07	1.83761e+07	1.75132e+07	1.81173e+07
P18776	DMSB_ECOLI	dmsB	Anaerobic dimethyl sulfoxide reductase chain B	6	5	8.00063e+06	8.65845e+06	8.86739e+06	8.33583e+06	7.84668e+06	8.67692e+06
P18843	NADE_ECOLI	nadE	NH(3)-dependent NAD(+) synthetase	14	14	8.86692e+07	8.9807e+07	8.7655e+07	8.78568e+07	9.00316e+07	8.66779e+07
P19318	NARY_ECOLI	narY	Respiratory nitrate reductase 2 beta chain	1	1	819869	700288	884411	549546	777418	587996
P19319	NARZ_ECOLI	narZ	Respiratory nitrate reductase 2 alpha chain	1	1	523066					
P19624	PDXA_ECOLI	pdxA	4-hydroxythreonine-4-phosphate dehydrogenase	3	3	2.47042e+06	2.79156e+06	1.9501e+06	2.76293e+06	2.09319e+06	2.27477e+06
P19926	AGP_ECOLI	agp	Glucose-1-phosphatase	5	5	1.38296e+07	1.50857e+07	1.42232e+07	1.48051e+07	1.36504e+07	1.43662e+07
P19931	HYAE_ECOLI	hyaE	Hydrogenase-1 operon protein HyaE	2	2	4.0834e+06	3.7915e+06	4.69989e+06	3.75193e+06	4.56812e+06	4.26127e+06
P19932	HYAF_ECOLI	hyaF	Hydrogenase-1 operon protein HyaF	1	1						3.86852e+06
P19934	TOLA_ECOLI	tolA	Protein TolA	4	4	8.32627e+06	7.72843e+06	7.9851e+06	7.86106e+06	8.14281e+06	8.56983e+06
P20083	PARE_ECOLI	parE	DNA topoisomerase 4 subunit B	7	7	8.46608e+06	7.65363e+06	8.5529e+06	7.779e+06	7.7748e+06	7.96998e+06
P20099	BISC_ECOLI	bisC	Biotin sulfoxide reductase	5	5	3.58939e+06	1.29259e+06		1.76668e+06	2.45998e+06	1.67806e+06
P20605	FIC_ECOLI	fic	Probable adenosine monophosphate-protein transferase fic	1	1	1.40974e+06	1.53488e+06	1.76886e+06	1.84168e+06	1.36739e+06	1.64464e+06
P20966	PTFBC_ECOLI	fruA	PTS system fructose-specific EIIBC component	10	10	6.51704e+07	7.45242e+07	6.56974e+07	6.98958e+07	6.6693e+07	7.25384e+07
P21156	CYSD_ECOLI	cysD	Sulfate adenylyltransferase subunit 2	6	6	1.17636e+07	1.19698e+07	1.14013e+07	1.17955e+07	1.21496e+07	1.19002e+07
P21165	PEPQ_ECOLI	pepQ	Xaa-Pro dipeptidase	16	16	1.18059e+08	1.27212e+08	1.16806e+08	1.2592e+08	1.20772e+08	1.25591e+08
P21169	DCOR_ECOLI	speC	Ornithine decarboxylase, constitutive	1	1			237673	168705		
P21170	SPEA_ECOLI	speA	Biosynthetic arginine decarboxylase	17	17	3.17344e+07	3.25794e+07	3.42758e+07	3.31967e+07	3.29651e+07	3.34393e+07
P21179	CATE_ECOLI	katE	Catalase HPII	6	6	1.96103e+06	1.99593e+06	1.85583e+06	1.82122e+06	2.11533e+06	1.94468e+06
P21338	RNI_ECOLI	rna	Ribonuclease I	5	5	2.48365e+06	2.56176e+06	2.50553e+06	2.43961e+06	2.85308e+06	2.70421e+06
P21365	YCIC_ECOLI	yciC	UPF0259 membrane protein YciC	1	1		4.63683e+06	3.98179e+06	4.7672e+06	4.46857e+06	4.09486e+06
P21367	YCAC_ECOLI	ycaC	Uncharacterized protein YcaC	5	5	1.05052e+07	1.03369e+07	1.04282e+07	1.05265e+07	9.84508e+06	1.09495e+07
P21369	PNCA_ECOLI	pncA	Pyrazinamidase/nicotinamidase	2	2	7.09972e+06	6.10819e+06	7.47292e+06	6.27855e+06	6.73488e+06	6.07884e+06
P21420	NMPC_ECOLI	nmpC	Putative outer membrane porin protein NmpC	8	8	1.76757e+08	1.8683e+08	1.77613e+08	1.94388e+08	1.74145e+08	1.88996e+08
P21499	RNR_ECOLI	rnr	Ribonuclease R	32	32	1.73482e+07	1.77571e+07	1.77892e+07	1.73405e+07	1.74329e+07	1.64537e+07
P21507	SRMB_ECOLI	srmB	ATP-dependent RNA helicase SrmB	17	17	2.60953e+07	2.63983e+07	2.6687e+07	2.65522e+07	2.65364e+07	2.6311e+07
P21513	RNE_ECOLI	rne	Ribonuclease E	34	34	5.27043e+07	5.47158e+07	5.32252e+07	5.44909e+07	5.23538e+07	5.45133e+07
P21515	ACPH_ECOLI	acpH	Acyl carrier protein phosphodiesterase	2	2		933091	717003	822011		910501
P21599	KPYK2_ECOLI	pykA	Pyruvate kinase II	22	22	1.14313e+08	1.16108e+08	1.125e+08	1.15948e+08	1.10961e+08	1.14338e+08
P21645	LPXD_ECOLI	lpxD	UDP-3-O-(3-hydroxymyristoyl)glucosamine N-acyltransferase	2	2	2.76592e+07	2.70121e+07	2.26654e+07	2.77241e+07	2.33537e+07	2.68691e+07
P21829	YBHA_ECOLI	ybhA	Pyridoxal phosphate phosphatase YbhA	5	5	1.0829e+07	1.16907e+07	1.16612e+07	1.18595e+07	1.12767e+07	1.23456e+07
P21866	KDPE_ECOLI	kdpE	KDP operon transcriptional regulatory protein KdpE	2	2	1.69144e+06	1.07633e+06		1.02664e+06	1.51257e+06	1.084e+06
P21888	SYC_ECOLI	cysS	Cysteine--tRNA ligase	20	20	6.05979e+07	5.7939e+07	6.07074e+07	5.5897e+07	6.00226e+07	5.9251e+07
P21889	SYD_ECOLI	aspS	Aspartate--tRNA ligase	34	34	6.25254e+07	6.5077e+07	6.29712e+07	6.25173e+07	6.37118e+07	6.36351e+07
P21893	RECJ_ECOLI	recJ	Single-stranded-DNA-specific exonuclease RecJ	4	4	2.46818e+06	2.61426e+06	2.36427e+06	2.54619e+06	2.56573e+06	2.46687e+06
P22106	ASNB_ECOLI	asnB	Asparagine synthetase B [glutamine-hydrolyzing]	9	9	6.99385e+06	7.26357e+06	6.92156e+06	7.62174e+06	7.27027e+06	7.6426e+06
P22186	MRAZ_ECOLI	mraZ	Protein MraZ	2	2	7.53311e+06	7.25615e+06	7.12521e+06	7.13242e+06	7.19642e+06	6.5656e+06
P22188	MURE_ECOLI	murE	UDP-N-acetylmuramoyl-L-alanyl-D-glutamate--2,6-diaminopimelate ligase	13	13	2.41439e+07	2.38854e+07	2.31325e+07	2.29369e+07	2.44529e+07	2.31539e+07
P22255	CYSQ_ECOLI	cysQ	3'(2'),5'-bisphosphate nucleotidase CysQ	7	7	2.8818e+07	2.72116e+07	2.48756e+07	2.66605e+07	2.82478e+07	2.71326e+07
P22256	GABT_ECOLI	gabT	4-aminobutyrate aminotransferase GabT	5	5	4.55132e+07	4.00982e+07	3.90858e+07	3.75575e+07	4.24696e+07	3.70755e+07
P22259	PCKA_ECOLI	pckA	Phosphoenolpyruvate carboxykinase [ATP]	18	18	6.52221e+07	6.46968e+07	6.45195e+07	6.60965e+07	6.48623e+07	6.49581e+07
P22333	ADD_ECOLI	add	Adenosine deaminase	12	12	7.05746e+07	7.39277e+07	7.27186e+07	7.2197e+07	7.27887e+07	7.15342e+07
P22523	MUKB_ECOLI	mukB	Chromosome partition protein MukB	41	41	2.99445e+07	2.94518e+07	3.02821e+07	3.0595e+07	3.01215e+07	3.00676e+07
P22524	MUKE_ECOLI	mukE	Chromosome partition protein MukE	5	5	2.5106e+07	2.07583e+07	2.51469e+07	2.30158e+07	2.38832e+07	2.08664e+07
P22525	YCBB_ECOLI	ycbB	Probable L,D-transpeptidase YcbB	11	11	1.18948e+07	1.13664e+07	1.14537e+07	1.13182e+07	1.17065e+07	1.159e+07
P22564	RIHC_ECOLI	rihC	Non-specific ribonucleoside hydrolase RihC	1	1	432302	436522	675602	445967	576348	404144
P22634	MURI_ECOLI	murI	Glutamate racemase	5	5	3.34104e+06	4.70227e+06	3.60457e+06	4.93412e+06	3.98297e+06	4.39307e+06
P22707	FINO_ECOLI	finO	Fertility inhibition protein	2	2	2.21928e+06	1.84409e+06	2.30873e+06	1.8287e+06	2.04156e+06	2.09169e+06
P22939	ISPA_ECOLI	ispA	Farnesyl diphosphate synthase	4	4	1.14321e+07	1.08516e+07	1.12335e+07	1.07747e+07	1.085e+07	1.01759e+07
P23003	TRMA_ECOLI	trmA	tRNA (uracil(54)-C(5))-methyltransferase	4	4	8.52719e+06	8.47248e+06	1.02283e+07	8.45342e+06	9.44143e+06	9.30409e+06
P23256	MALY_ECOLI	malY	Protein MalY	1	1	1.54932e+06	1.94764e+06		1.8006e+06		1.70966e+06
P23305	YIGA_ECOLI	yigA	Uncharacterized protein YigA	7	7	5.83492e+06	5.88798e+06	5.93608e+06	5.16221e+06	5.93269e+06	5.23111e+06
P23331	KITH_ECOLI	tdk	Thymidine kinase	5	5	1.65029e+07	1.54483e+07	1.63942e+07	1.55466e+07	1.64382e+07	1.45339e+07
P23367	MUTL_ECOLI	mutL	DNA mismatch repair protein MutL	3	3	1.73352e+06	1.10178e+06	1.71873e+06	1.21823e+06	1.78568e+06	1.11744e+06
P23538	PPSA_ECOLI	ppsA	Phosphoenolpyruvate synthase	14	14	2.45971e+07	2.41519e+07	2.379e+07	2.31933e+07	2.46976e+07	2.33858e+07
P23721	SERC_ECOLI	serC	Phosphoserine aminotransferase	17	17	4.57328e+07	4.69325e+07	4.67233e+07	4.60442e+07	4.58373e+07	4.67769e+07
P23827	ECOT_ECOLI	eco	Ecotin	7	7	5.22685e+07	5.53833e+07	5.17942e+07	5.27684e+07	5.2649e+07	5.21582e+07
P23830	PSS_ECOLI	pssA	CDP-diacylglycerol--serine O-phosphatidyltransferase	11	11	6.29064e+06	5.5709e+06	6.22951e+06	5.92083e+06	6.08557e+06	5.59684e+06
P23836	PHOP_ECOLI	phoP	Transcriptional regulatory protein PhoP	13	13	5.82324e+07	6.11156e+07	5.82459e+07	6.06107e+07	5.95273e+07	5.94261e+07
P23837	PHOQ_ECOLI	phoQ	Sensor protein PhoQ	3	3	2.0335e+06	2.13228e+06	1.98662e+06	2.09371e+06	1.7421e+06	2.20815e+06
P23839	YICC_ECOLI	yicC	UPF0701 protein YicC	13	13	2.58565e+07	2.94313e+07	2.50279e+07	2.86507e+07	2.6817e+07	2.90884e+07
P23843	OPPA_ECOLI	oppA	Periplasmic oligopeptide-binding protein	21	21	2.33793e+07	2.4316e+07	2.30061e+07	2.4417e+07	2.39392e+07	2.49447e+07
P23845	CYSN_ECOLI	cysN	Sulfate adenylyltransferase subunit 1	13	13	1.28416e+07	1.24044e+07	1.24826e+07	1.21917e+07	1.33599e+07	1.22136e+07
P23847	DPPA_ECOLI	dppA	Periplasmic dipeptide transport protein	2	2	900851	1.92851e+06	1.34619e+06	1.61545e+06	1.81598e+06	1.60351e+06
P23857	PSPE_ECOLI	pspE	Thiosulfate sulfurtransferase PspE	2	2	1.63535e+07	1.84221e+07	1.64119e+07	1.85295e+07	1.58205e+07	1.8601e+07
P23865	PRC_ECOLI	prc	Tail-specific protease	25	25	2.43972e+07	2.41157e+07	2.51835e+07	2.47939e+07	2.41543e+07	2.42275e+07
P23869	PPIB_ECOLI	ppiB	Peptidyl-prolyl cis-trans isomerase B	6	6	2.16057e+08	2.48671e+08	2.09186e+08	2.39161e+08	2.10931e+08	2.40505e+08
P23871	HEMH_ECOLI	hemH	Ferrochelatase	6	6	1.04516e+07	1.01662e+07	1.01945e+07	9.61851e+06	1.12386e+07	1.04377e+07
P23882	FMT_ECOLI	fmt	Methionyl-tRNA formyltransferase	7	7	4.42058e+07	4.25381e+07	4.29989e+07	4.17051e+07	4.51458e+07	4.14164e+07
P23886	CYDC_ECOLI	cydC	ATP-binding/permease protein CydC	1	1		1.60084e+06	1.84622e+06	1.7785e+06	1.72244e+06	1.77863e+06
P23890	CADC_ECOLI	cadC	Transcriptional activator CadC	3	3	2.70191e+06	2.29524e+06	2.50599e+06	2.05828e+06	2.67785e+06	2.8436e+06
P23893	GSA_ECOLI	hemL	Glutamate-1-semialdehyde 2,1-aminomutase	13	13	1.25538e+08	1.22004e+08	1.25072e+08	1.1899e+08	1.24314e+08	1.19425e+08
P23894	HTPX_ECOLI	htpX	Protease HtpX	3	3	1.71266e+07	1.51786e+07	1.72057e+07	1.61657e+07	1.67278e+07	1.60005e+07
P23908	ARGE_ECOLI	argE	Acetylornithine deacetylase	3	3	3.45168e+06	3.49975e+06	3.13323e+06	3.15178e+06	3.36233e+06	3.11366e+06
P23909	MUTS_ECOLI	mutS	DNA mismatch repair protein MutS	26	26	1.93165e+07	1.9347e+07	2.02377e+07	1.9365e+07	1.93694e+07	1.93201e+07
P23917	MAK_ECOLI	mak	Fructokinase	4	4	2.41998e+06	2.9892e+06	2.59035e+06	3.19165e+06	2.94134e+06	2.90992e+06
P24169	DCOS_ECOLI	speF	Ornithine decarboxylase, inducible	11	11	1.6528e+07	1.51819e+07	1.52993e+07	1.41948e+07	1.65063e+07	1.52513e+07
P24171	DCP_ECOLI	dcp	Peptidyl-dipeptidase dcp	12	12	9.21596e+06	9.12452e+06	8.8037e+06	9.21139e+06	9.23312e+06	8.97938e+06
P24173	RFAC_ECOLI	rfaC	Lipopolysaccharide heptosyltransferase 1	5	5	2.47717e+06	2.64554e+06	2.37094e+06	2.65476e+06	2.78312e+06	2.36226e+06
P24178	YFFB_ECOLI	yffB	Protein YffB	4	4	2.30531e+07	2.47147e+07	2.15523e+07	2.49342e+07	2.28415e+07	2.45159e+07
P24182	ACCC_ECOLI	accC	Biotin carboxylase	20	20	1.00879e+08	9.77864e+07	1.01561e+08	9.72503e+07	1.03905e+08	9.67285e+07
P24183	FDNG_ECOLI	fdnG	Formate dehydrogenase, nitrate-inducible, major subunit	30	30	2.60844e+07	2.51647e+07	2.59292e+07	2.56005e+07	2.55057e+07	2.49844e+07
P24186	FOLD_ECOLI	folD	Bifunctional protein FolD	9	9	2.35896e+07	2.56505e+07	2.24757e+07	2.54623e+07	2.37024e+07	2.47372e+07
P24188	YCEA_ECOLI	yceA	UPF0176 protein YceA	3	3	7.46928e+06	7.81958e+06	1.00896e+07	8.75946e+06	9.63379e+06	7.11825e+06
P24192	HYPD_ECOLI	hypD	Hydrogenase isoenzymes formation protein HypD	3	3	665083	519352	558472	704010	525384	641093
P24193	HYPE_ECOLI	hypE	Hydrogenase isoenzymes formation protein HypE	4	4	1.13725e+07	1.13621e+07	1.40627e+07	1.18055e+07	1.33632e+07	1.13795e+07
P24202	MRR_ECOLI	mrr	Mrr restriction system protein	10	10	5.09993e+06	5.01191e+06	5.23945e+06	4.91471e+06	5.2232e+06	5.25097e+06
P24203	YJIA_ECOLI	yjiA	Uncharacterized GTP-binding protein YjiA	9	9	1.24911e+07	1.42594e+07	1.0343e+07	1.2805e+07	1.40106e+07	1.28723e+07
P24205	MSBB_ECOLI	msbB	Lipid A biosynthesis (KDO)2-(lauroyl)-lipid IVA acyltransferase	4	4	8.9725e+06	8.85301e+06	9.77902e+06	8.89149e+06	9.08745e+06	8.27602e+06
P24215	UXUA_ECOLI	uxuA	Mannonate dehydratase	5	5	4.41596e+06	4.6772e+06	4.16731e+06	5.03907e+06	4.3937e+06	4.28647e+06
P24216	FLID_ECOLI	fliD	Flagellar hook-associated protein 2	8	8	6.61696e+06	6.69945e+06	6.41926e+06	6.88515e+06	6.64331e+06	6.59539e+06
P24224	ACPS_ECOLI	acpS	Holo-[acyl-carrier-protein] synthase	1	1	5.99543e+06	6.30516e+06	7.07819e+06	5.85209e+06	6.45498e+06	6.2532e+06
P24228	DACB_ECOLI	dacB	D-alanyl-D-alanine carboxypeptidase DacB	5	5	3.39145e+06	3.21411e+06	2.75224e+06	3.42938e+06	3.26869e+06	3.74138e+06
P24230	RECG_ECOLI	recG	ATP-dependent DNA helicase RecG	1	1	621493	837500		576362		
P24232	HMP_ECOLI	hmp	Flavohemoprotein	3	3	6.54654e+06	5.93235e+06	7.27137e+06	5.66569e+06	5.99918e+06	5.8735e+06
P24251	CRL_ECOLI	crl	Sigma factor-binding protein Crl	3	3	2.49196e+07	2.23785e+07	2.51312e+07	2.293e+07	2.57864e+07	2.36059e+07
P24252	YBGA_ECOLI	ybgA	Uncharacterized protein YbgA	3	3	5.43735e+06	4.89776e+06	4.76308e+06	4.38668e+06	5.69199e+06	4.69441e+06
P24255	RP54_ECOLI	rpoN	RNA polymerase sigma-54 factor	4	4	3.03122e+06	3.30063e+06	2.31664e+06	3.15918e+06	2.59986e+06	3.49773e+06
P24554	RADA_ECOLI	radA	DNA repair protein RadA	5	5	2.78359e+06	2.57315e+06	2.74815e+06	2.57461e+06	2.59156e+06	2.47628e+06
P25397	TEHB_ECOLI	tehB	Tellurite methyltransferase	9	9	8.7702e+06	9.18246e+06	9.36064e+06	9.15542e+06	9.59283e+06	9.30366e+06
P25437	FRMA_ECOLI	frmA	S-(hydroxymethyl)glutathione dehydrogenase	4	4	4.05319e+07	3.87162e+07	3.90756e+07	3.87587e+07	4.09065e+07	3.76267e+07
P25516	ACON1_ECOLI	acnA	Aconitate hydratase 1	16	16	8.5694e+06	9.06577e+06	7.44677e+06	9.09143e+06	8.43958e+06	8.15093e+06
P25519	HFLX_ECOLI	hflX	GTPase HflX	16	16	1.40636e+07	1.42104e+07	1.40294e+07	1.41957e+07	1.44266e+07	1.42873e+07
P25522	MNME_ECOLI	mnmE	tRNA modification GTPase MnmE	16	16	1.43519e+07	1.45939e+07	1.44573e+07	1.49994e+07	1.47671e+07	1.48207e+07
P25524	CODA_ECOLI	codA	Cytosine deaminase	7	7	1.07594e+07	1.13589e+07	1.16137e+07	1.19046e+07	1.17362e+07	1.12582e+07
P25526	GABD_ECOLI	gabD	Succinate-semialdehyde dehydrogenase [NADP(+)] GabD	4	4	3.59605e+06	3.8665e+06	4.21253e+06	3.60711e+06	4.37694e+06	3.744e+06
P25535	VISC_ECOLI	visC	Protein VisC	5	5	1.18789e+07	1.13154e+07	1.13172e+07	1.21764e+07	1.26421e+07	1.19785e+07
P25536	YHDE_ECOLI	yhdE	Maf-like protein YhdE	2	2	1.2557e+07	1.32045e+07	1.25201e+07	1.35288e+07	1.30329e+07	1.29626e+07
P25539	RIBD_ECOLI	ribD	Riboflavin biosynthesis protein RibD	10	10	1.14356e+07	1.2837e+07	1.2438e+07	1.24684e+07	1.27409e+07	1.2405e+07
P25552	GPPA_ECOLI	gppA	Guanosine-5'-triphosphate,3'-diphosphate pyrophosphatase	8	8	2.74593e+06	2.52199e+06	2.73425e+06	2.48554e+06	2.89487e+06	2.38885e+06
P25553	ALDA_ECOLI	aldA	Lactaldehyde dehydrogenase	1	1	667303	552270	667178	572684	608813	456697
P25714	YIDC_ECOLI	yidC	Membrane protein insertase YidC	4	4	3.47081e+07	3.58037e+07	3.33515e+07	3.93513e+07	3.34033e+07	3.64121e+07
P25736	END1_ECOLI	endA	Endonuclease-1	2	2	4.49689e+07	4.92276e+07	4.55812e+07	4.38957e+07	4.81809e+07	5.43522e+07
P25740	RFAG_ECOLI	rfaG	Lipopolysaccharide core biosynthesis protein RfaG	4	4	3.67985e+06	3.35046e+06	3.49505e+06	3.60397e+06	3.14134e+06	4.12159e+06
P25741	RFAP_ECOLI	rfaP	Lipopolysaccharide core heptose(I) kinase RfaP	1	1	1.38645e+06		1.17737e+06		1.3394e+06	
P25745	MNMA_ECOLI	mnmA	tRNA-specific 2-thiouridylase MnmA	7	7	2.27826e+07	2.24774e+07	2.2949e+07	2.20752e+07	2.3114e+07	2.25677e+07
P25746	HFLD_ECOLI	hflD	High frequency lysogenization protein HflD	8	8	1.29179e+07	1.08976e+07	1.28347e+07	1.11249e+07	1.31226e+07	1.14168e+07
P25798	FLIF_ECOLI	fliF	Flagellar M-ring protein	8	8	2.38939e+06	2.74322e+06	2.5605e+06	2.57334e+06	2.77634e+06	2.73106e+06
P25888	RHLE_ECOLI	rhlE	ATP-dependent RNA helicase RhlE	12	12	7.7524e+06	7.88138e+06	7.7165e+06	8.21555e+06	8.24497e+06	8.34439e+06
P25894	YGGG_ECOLI	yggG	Uncharacterized metalloprotease YggG	2	2	2.62058e+06	3.47416e+06	2.69764e+06	3.25572e+06	2.76961e+06	3.50283e+06
P25906	YDBC_ECOLI	ydbC	Putative oxidoreductase YdbC	5	5	3.25954e+06	3.22144e+06	3.69151e+06	3.40692e+06	3.1161e+06	3.04156e+06
P26602	UBIC_ECOLI	ubiC	Chorismate--pyruvate lyase	4	4	2.7727e+06	2.58135e+06		2.51463e+06	3.23186e+06	2.49435e+06
P26608	FLIS_ECOLI	fliS	Flagellar protein FliS	7	7	1.06401e+07	1.17334e+07	1.01822e+07	1.13764e+07	1.12112e+07	1.09343e+07
P26612	AMY2_ECOLI	amyA	Cytoplasmic alpha-amylase	1	1	3.34488e+06	3.21773e+06	2.08106e+06	2.94885e+06		3.24843e+06
P26616	MAO1_ECOLI	maeA	NAD-dependent malic enzyme	22	22	4.246e+07	4.17266e+07	4.32104e+07	4.41189e+07	4.39786e+07	4.30247e+07
P26646	ACUI_ECOLI	acuI	Probable acrylyl-CoA reductase AcuI	9	9	4.36536e+07	4.62791e+07	4.27085e+07	4.25762e+07	4.48528e+07	4.42944e+07
P26647	PLSC_ECOLI	plsC	1-acyl-sn-glycerol-3-phosphate acyltransferase	3	3	7.01547e+06	5.97373e+06	6.64401e+06	6.81854e+06	6.03348e+06	6.34692e+06
P26648	FTSP_ECOLI	ftsP	Cell division protein FtsP	5	5	2.62984e+06	3.02471e+06	2.72384e+06	2.86016e+06	2.86613e+06	2.63698e+06
P27238	YFED_ECOLI	yfeD	Uncharacterized protein YfeD	2	2	4.37108e+06	5.55482e+06	4.20076e+06	5.19976e+06	4.76766e+06	5.39664e+06
P27245	MARR_ECOLI	marR	Multiple antibiotic resistance protein MarR	1	1	456966	386317		464892	619333	347444
P27248	GCST_ECOLI	gcvT	Aminomethyltransferase	6	6	3.97672e+07	4.26426e+07	4.09284e+07	4.30975e+07	3.88006e+07	4.20169e+07
P27249	GLND_ECOLI	glnD	[Protein-PII] uridylyltransferase	2	2	558624	716860		556327	673763	502452
P27250	YJGB_ECOLI	yjgB	Uncharacterized zinc-type alcohol dehydrogenase-like protein YjgB	3	3	7.0754e+06	6.27687e+06	6.23903e+06	6.66117e+06	5.4675e+06	7.89819e+06
P27278	NADR_ECOLI	nadR	Trifunctional NAD biosynthesis/regulator protein NadR	7	7	2.67066e+06	2.64801e+06	2.62043e+06	2.51667e+06	2.78182e+06	2.50416e+06
P27298	OPDA_ECOLI	prlC	Oligopeptidase A	31	31	4.02618e+07	4.15677e+07	4.08208e+07	4.24289e+07	3.98261e+07	4.18595e+07
P27302	TKT1_ECOLI	tktA	Transketolase 1	21	19	1.93668e+08	1.94147e+08	1.93909e+08	1.95746e+08	1.95036e+08	1.91513e+08
P27303	EMRA_ECOLI	emrA	Multidrug resistance protein A	12	12	9.09294e+06	8.49253e+06	9.42366e+06	8.19608e+06	9.3229e+06	9.25288e+06
P27306	STHA_ECOLI	sthA	Soluble pyridine nucleotide transhydrogenase	5	5	3.85529e+06	4.36169e+06	3.95815e+06	4.49981e+06	3.77019e+06	4.30262e+06
P27431	YCFD_ECOLI	ycfD	50S ribosomal protein L16 arginine hydroxylase	6	6	2.66165e+07	2.47453e+07	2.89451e+07	2.51201e+07	2.79794e+07	2.54978e+07
P27434	RODZ_ECOLI	rodZ	Cytoskeleton protein RodZ	9	9	4.50789e+07	4.21202e+07	4.25588e+07	4.47698e+07	4.48281e+07	4.52305e+07
P27550	ACSA_ECOLI	acs	Acetyl-coenzyme A synthetase	5	5	1.35846e+06	1.20474e+06	1.30059e+06	1.01266e+06	1.22021e+06	1.32545e+06
P27828	WECB_ECOLI	wecB	UDP-N-acetylglucosamine 2-epimerase	9	9	9.84739e+06	9.91377e+06	1.02527e+07	1.02418e+07	1.08517e+07	9.70369e+06
P27829	WECC_ECOLI	wecC	UDP-N-acetyl-D-mannosamine dehydrogenase	8	8	1.53414e+07	1.50746e+07	1.40013e+07	1.49857e+07	1.42148e+07	1.48629e+07
P27830	RMLB2_ECOLI	rffG	dTDP-glucose 4,6-dehydratase 2	5	4	1.34309e+07	1.33652e+07	1.38269e+07	1.35445e+07	1.48057e+07	1.26573e+07
P27832	WECD_ECOLI	wecD	dTDP-fucosamine acetyltransferase	3	3	1.22349e+06	1.1453e+06		983672	1.12102e+06	955013
P27833	RFFA_ECOLI	rffA	Lipopolysaccharide biosynthesis protein RffA	6	6	1.12997e+07	1.14699e+07	1.10353e+07	1.10129e+07	1.15263e+07	1.10082e+07
P27836	WECG_ECOLI	wecG	Probable UDP-N-acetyl-D-mannosaminuronic acid transferase	6	6	2.19443e+06	2.12762e+06	2.05871e+06	2.12209e+06	2.1725e+06	2.09209e+06
P27838	CYAY_ECOLI	cyaY	Protein CyaY	3	3	2.1597e+07	1.56704e+07	2.10835e+07	1.841e+07	1.78121e+07	1.71034e+07
P27848	YIGL_ECOLI	yigL	Pyridoxal phosphate phosphatase YigL	5	5	1.89073e+07	2.01541e+07	1.90883e+07	1.97457e+07	1.80444e+07	1.88984e+07
P27859	TATD_ECOLI	tatD	Tat-linked quality control protein TatD	4	4	4.37588e+06	4.94704e+06	4.83621e+06	4.62052e+06	4.73211e+06	4.73561e+06
P28248	DCD_ECOLI	dcd	Deoxycytidine triphosphate deaminase	5	5	4.04976e+07	4.92223e+07	4.163e+07	4.31082e+07	4.1386e+07	4.43516e+07
P28249	ASMA_ECOLI	asmA	Protein AsmA	9	9	2.66945e+07	2.62644e+07	2.21256e+07	2.51344e+07	2.15541e+07	2.34984e+07
P28304	QOR1_ECOLI	qorA	Quinone oxidoreductase 1	11	11	2.39845e+07	2.23056e+07	2.50859e+07	2.18504e+07	2.4387e+07	2.29969e+07
P28306	YCEG_ECOLI	yceG	UPF0755 protein YceG	2	2	1.53395e+06	2.60062e+06	2.36003e+06	2.47376e+06	2.3994e+06	2.30347e+06
P28629	ADIA_ECOLI	adiA	Biodegradative arginine decarboxylase	11	11	8.31871e+06	8.25872e+06	9.04571e+06	8.12856e+06	8.52081e+06	8.67905e+06
P28630	HOLA_ECOLI	holA	DNA polymerase III subunit delta	2	2	182831	292190	215979	202038	202377	247983
P28632	HOLD_ECOLI	holD	DNA polymerase III subunit psi	1	1		247177	292958	306350	317250	323513
P28634	TSAA_ECOLI	tsaA	Probable tRNA (adenine(37)-N6)-methyltransferase	1	1	1.68637e+06		1.67964e+06		1.80208e+06	
P28635	METQ_ECOLI	metQ	D-methionine-binding lipoprotein MetQ	13	13	8.28623e+07	6.78894e+07	7.93348e+07	6.79157e+07	8.19874e+07	6.85367e+07
P28903	NRDD_ECOLI	nrdD	Anaerobic ribonucleoside-triphosphate reductase	15	15	2.42722e+07	2.36136e+07	2.27897e+07	2.43465e+07	2.44943e+07	2.33091e+07
P28904	TREC_ECOLI	treC	Trehalose-6-phosphate hydrolase	12	12	1.5463e+07	1.59172e+07	1.62182e+07	1.57283e+07	1.56957e+07	1.5119e+07
P28905	HOLC_ECOLI	holC	DNA polymerase III subunit chi	4	4	2.49584e+06	2.404e+06	2.04667e+06	2.68223e+06	2.3421e+06	2.31578e+06
P29012	ALR2_ECOLI	dadX	Alanine racemase, catabolic	2	2	2.25486e+06	1.85971e+06	2.14448e+06	2.09608e+06	2.30506e+06	1.89575e+06
P29018	CYDD_ECOLI	cydD	ATP-binding/permease protein CydD	4	4	1.08082e+06	1.18523e+06	1.09461e+06	917896	919952	1.30869e+06
P29131	FTSN_ECOLI	ftsN	Cell division protein FtsN	6	6	3.07888e+06	4.05888e+06	3.84272e+06	3.89973e+06	3.8897e+06	3.88359e+06
P29208	MENC_ECOLI	menC	o-succinylbenzoate synthase	6	6	9.43488e+06	1.06327e+07	8.84502e+06	8.83511e+06	9.54711e+06	1.04389e+07
P29217	YCEH_ECOLI	yceH	UPF0502 protein YceH	5	5	1.44232e+07	1.4789e+07	1.45639e+07	1.37568e+07	1.39912e+07	1.41306e+07
P29680	DCUP_ECOLI	hemE	Uroporphyrinogen decarboxylase	6	6	2.15173e+07	2.3576e+07	2.09188e+07	2.37345e+07	2.05608e+07	2.3059e+07
P29744	FLGL_ECOLI	flgL	Flagellar hook-associated protein 3	3	3	1.11342e+07	1.06351e+07	1.08019e+07	1.13309e+07	1.1011e+07	1.11837e+07
P29745	PEPT_ECOLI	pepT	Peptidase T	16	16	2.90832e+07	3.02561e+07	3.12352e+07	2.96232e+07	2.9991e+07	3.00695e+07
P30011	NADC_ECOLI	nadC	Nicotinate-nucleotide pyrophosphorylase [carboxylating]	13	13	1.88338e+07	1.76048e+07	1.95334e+07	1.82789e+07	1.86175e+07	1.89289e+07
P30014	RNT_ECOLI	rnt	Ribonuclease T	4	4	1.38894e+07	1.42459e+07	1.45275e+07	1.38529e+07	1.36023e+07	1.37613e+07
P30126	LEUD_ECOLI	leuD	3-isopropylmalate dehydratase small subunit	1	1	678708	895157				
P30128	GREB_ECOLI	greB	Transcription elongation factor GreB	7	7	6.93411e+06	6.00663e+06	6.70056e+06	6.58105e+06	6.89786e+06	6.72299e+06
P30130	FIMD_ECOLI	fimD	Outer membrane usher protein FimD	12	12	3.98752e+06	4.6154e+06	3.98724e+06	4.20485e+06	4.1418e+06	4.34013e+06
P30131	HYPF_ECOLI	hypF	Carbamoyltransferase HypF	1	1		879609				1.09688e+06
P30177	YBIB_ECOLI	ybiB	Uncharacterized protein YbiB	8	8	3.70485e+07	3.56488e+07	3.71583e+07	3.59178e+07	3.78691e+07	3.57751e+07
P30178	YBIC_ECOLI	ybiC	Uncharacterized oxidoreductase YbiC	3	3	2.90459e+06	4.34627e+06	3.58491e+06	4.66562e+06	4.25765e+06	3.99647e+06
P30744	SDHM_ECOLI	sdaB	L-serine dehydratase 2	7	7	3.09925e+07	3.24152e+07	3.10863e+07	2.91964e+07	3.16862e+07	3.04414e+07
P30749	MOAE_ECOLI	moaE	Molybdopterin synthase catalytic subunit	5	5	1.00885e+07	1.05769e+07	1.04045e+07	1.00116e+07	1.01496e+07	1.01696e+07
P30750	METN_ECOLI	metN	Methionine import ATP-binding protein MetN	2	2	4.45042e+06	5.26695e+06	3.62969e+06	4.37881e+06	4.07539e+06	4.44302e+06
P30843	BASR_ECOLI	basR	Transcriptional regulatory protein BasR	2	2	4.97381e+06	5.57607e+06	5.9345e+06	4.81887e+06	5.67683e+06	4.93327e+06
P30847	BAES_ECOLI	baeS	Signal transduction histidine-protein kinase BaeS	1	1	517138			464807	499630	548592
P30850	RNB_ECOLI	rnb	Exoribonuclease 2	23	23	3.83935e+07	3.7609e+07	3.94186e+07	3.76091e+07	3.81771e+07	3.79822e+07
P30855	EVGS_ECOLI	evgS	Sensor protein EvgS	3	3	1.57301e+06	1.46466e+06	1.39963e+06	1.67094e+06		1.60769e+06
P30859	ARTI_ECOLI	artI	Putative ABC transporter arginine-binding protein 2	8	8	1.41868e+07	1.53112e+07	1.45364e+07	1.49473e+07	1.40514e+07	1.51691e+07
P30860	ARTJ_ECOLI	artJ	ABC transporter arginine-binding protein 1	1	1		1.37716e+06	1.24029e+06	1.04837e+06	1.53411e+06	
P30864	YAFC_ECOLI	yafC	Uncharacterized HTH-type transcriptional regulator YafC	2	2	1.25066e+06	660216	1.11324e+06	664838	1.24187e+06	600795
P30870	GLNE_ECOLI	glnE	Glutamate-ammonia-ligase adenylyltransferase	7	7	2.97986e+06	3.45869e+06	3.4571e+06	2.717e+06	2.66123e+06	2.70437e+06
P30871	YGIF_ECOLI	ygiF	Uncharacterized protein YgiF	11	11	1.47538e+07	1.41747e+07	1.4031e+07	1.44956e+07	1.44337e+07	1.39252e+07
P30958	MFD_ECOLI	mfd	Transcription-repair-coupling factor	25	25	7.4771e+06	7.2621e+06	7.40746e+06	7.08552e+06	7.59532e+06	7.0711e+06
P31057	PANB_ECOLI	panB	3-methyl-2-oxobutanoate hydroxymethyltransferase	3	3	3.49328e+07	3.85724e+07	3.66771e+07	3.86806e+07	3.54999e+07	3.86774e+07
P31060	MODF_ECOLI	modF	Putative molybdenum transport ATP-binding protein ModF	3	3	529888	601816	680264	519360	581016	578966
P31063	YEDD_ECOLI	yedD	Uncharacterized lipoprotein YedD	4	4	5.88865e+07	5.06732e+07	5.76003e+07	5.18403e+07	5.59549e+07	5.28513e+07
P31068	FLIH_ECOLI	fliH	Flagellar assembly protein FliH	1	1	7.12459e+06	6.20201e+06	8.05645e+06	6.2534e+06	7.69499e+06	7.01006e+06
P31069	KCH_ECOLI	kch	Voltage-gated potassium channel Kch	7	7	3.9852e+06	5.88904e+06	4.82058e+06	5.25363e+06	5.26701e+06	5.47192e+06
P31119	AAS_ECOLI	aas	Bifunctional protein aas	14	14	4.64584e+06	5.00569e+06	5.09189e+06	4.843e+06	4.57392e+06	5.36065e+06
P31120	GLMM_ECOLI	glmM	Phosphoglucosamine mutase	16	16	4.28572e+07	4.48145e+07	4.48889e+07	4.35405e+07	4.54148e+07	4.30898e+07
P31133	POTF_ECOLI	potF	Putrescine-binding periplasmic protein	3	3	1.65258e+06		2.41986e+06	1.69495e+06	2.36692e+06	1.32353e+06
P31142	THTM_ECOLI	sseA	3-mercaptopyruvate sulfurtransferase	13	13	2.26131e+07	2.33716e+07	2.36886e+07	2.24269e+07	2.26506e+07	2.29126e+07
P31224	ACRB_ECOLI	acrB	Acriflavine resistance protein B	22	22	1.68221e+07	1.61249e+07	1.65838e+07	1.54884e+07	1.72034e+07	1.59257e+07
P31433	YICH_ECOLI	yicH	Uncharacterized protein YicH	5	5	4.09037e+06	4.25882e+06	4.20033e+06	3.81818e+06	3.8536e+06	3.87383e+06
P31441	ADEC_ECOLI	ade	Adenine deaminase	2	2	1.59527e+07	1.80048e+07	1.54847e+07	1.85358e+07		1.86627e+07
P31455	YIDR_ECOLI	yidR	Uncharacterized protein YidR	5	5	1.32002e+07	1.48559e+07	1.37413e+07	1.21779e+07	1.42369e+07	1.44184e+07
P31460	DGOR_ECOLI	dgoR	Galactonate operon transcriptional repressor	3	3	4.56341e+06	4.17938e+06	4.44133e+06	4.60493e+06	4.28118e+06	4.45316e+06
P31467	YIEH_ECOLI	yieH	6-phosphogluconate phosphatase	1	1	6.20791e+06	5.56464e+06	5.75183e+06	6.15289e+06	6.67023e+06	6.5364e+06
P31473	RAVA_ECOLI	ravA	ATPase RavA	6	6	5.80062e+06	4.99911e+06	5.19807e+06	5.25708e+06	5.98421e+06	5.2242e+06
P31475	YIEP_ECOLI	yieP	Uncharacterized HTH-type transcriptional regulator YieP	4	4	1.07917e+07	1.14209e+07	1.20137e+07	1.06778e+07	1.11172e+07	1.03678e+07
P31545	EFEB_ECOLI	efeB	Deferrochelatase/peroxidase EfeB	4	4	1.86408e+06	1.77829e+06	1.80646e+06	1.85256e+06	1.80149e+06	1.76415e+06
P31550	THIB_ECOLI	thiB	Thiamine-binding periplasmic protein	6	6	6.25163e+06	7.41398e+06	6.95262e+06	7.45327e+06	7.47731e+06	7.30696e+06
P31551	CAID_ECOLI	caiD	Carnitinyl-CoA dehydratase	1	1	1.52863e+06	1.97607e+06	2.1282e+06	2.05702e+06	1.97642e+06	2.38941e+06
P31554	LPTD_ECOLI	lptD	LPS-assembly protein LptD	29	29	2.7011e+07	2.66792e+07	2.73783e+07	2.65622e+07	2.86889e+07	2.67871e+07
P31658	HCHA_ECOLI	hchA	Molecular chaperone Hsp31 and glyoxalase 3	6	6	5.8995e+07	5.44961e+07	5.44847e+07	5.76643e+07	5.69988e+07	5.30765e+07
P31663	PANC_ECOLI	panC	Pantothenate synthetase	11	11	1.64332e+07	2.0795e+07	1.66539e+07	1.88297e+07	1.72174e+07	1.86544e+07
P31677	OTSA_ECOLI	otsA	Alpha,alpha-trehalose-phosphate synthase [UDP-forming]	2	2			4.19567e+06	4.09815e+06	3.93737e+06	3.77781e+06
P31678	OTSB_ECOLI	otsB	Trehalose-6-phosphate phosphatase	1	1	1.05618e+06	712755	1.07567e+06	938310	1.06084e+06	843806
P31680	DJLA_ECOLI	djlA	DnaJ-like protein DjlA	2	2	3.83862e+06	3.38649e+06	3.63048e+06	3.15764e+06	3.60181e+06	3.41695e+06
P31697	FIMC_ECOLI	fimC	Chaperone protein FimC	11	10	2.08071e+07	2.22478e+07	2.11091e+07	2.169e+07	2.19926e+07	2.16895e+07
P31802	NARP_ECOLI	narP	Nitrate/nitrite response regulator protein NarP	6	6	1.09833e+07	1.11757e+07	1.15075e+07	1.04147e+07	1.18293e+07	1.11249e+07
P31806	NNR_ECOLI	nnr	Bifunctional NAD(P)H-hydrate repair enzyme Nnr	3	3		1.05891e+06	1.38481e+06	1.42174e+06	1.47295e+06	1.44246e+06
P31808	YCIK_ECOLI	yciK	Uncharacterized oxidoreductase YciK	6	6	1.23105e+07	1.11025e+07	1.2015e+07	1.15075e+07	1.22038e+07	1.12424e+07
P31825	TRMN6_ECOLI	yfiC	tRNA1(Val) (adenine(37)-N6)-methyltransferase	1	1		1.11247e+06		602320		
P31979	NUOF_ECOLI	nuoF	NADH-quinone oxidoreductase subunit F	17	17	9.63604e+07	1.01797e+08	9.75317e+07	9.81604e+07	1.00339e+08	1.01775e+08
P32099	LPLA_ECOLI	lplA	Lipoate-protein ligase A	3	3	8.11118e+06	7.62341e+06	5.12117e+06	7.16064e+06	8.55987e+06	6.71201e+06
P32131	HEMN_ECOLI	hemN	Oxygen-independent coproporphyrinogen-III oxidase	14	14	1.07991e+07	1.13839e+07	1.13765e+07	1.11334e+07	1.0651e+07	1.14782e+07
P32132	TYPA_ECOLI	typA	GTP-binding protein TypA/BipA	28	28	1.78942e+08	1.78217e+08	1.82661e+08	1.71674e+08	1.75095e+08	1.73284e+08
P32144	YIHW_ECOLI	yihW	Uncharacterized HTH-type transcriptional regulator YihW	5	5	1.90941e+06	1.60083e+06	1.78183e+06	1.70817e+06	1.84898e+06	1.58538e+06
P32157	YIIM_ECOLI	yiiM	Protein YiiM	5	5	1.43041e+07	1.56696e+07	1.46467e+07	1.53046e+07	1.44677e+07	1.5941e+07
P32160	YIIQ_ECOLI	yiiQ	Uncharacterized protein YiiQ	4	4	1.32484e+07	1.48102e+07	1.36695e+07	1.44849e+07	1.10197e+07	1.47063e+07
P32162	YIIS_ECOLI	yiiS	UPF0381 protein YiiS	2	2	607189	757050	697710	664229		796635
P32173	MOBA_ECOLI	mobA	Molybdenum cofactor guanylyltransferase	2	2	2.72832e+06	2.49111e+06	2.39896e+06	2.79998e+06	2.77508e+06	3.19244e+06
P32176	FDOG_ECOLI	fdoG	Formate dehydrogenase-O major subunit	33	33	2.66161e+07	2.61955e+07	2.66145e+07	2.70916e+07	2.75249e+07	2.70944e+07
P32177	FDHD_ECOLI	fdhD	Protein FdhD	2	2	1.73459e+06	2.05912e+06		1.45147e+06	1.80615e+06	1.64113e+06
P32662	GPH_ECOLI	gph	Phosphoglycolate phosphatase	4	4	9.28782e+06	8.1009e+06	8.76593e+06	8.42655e+06	8.09701e+06	8.2118e+06
P32664	NUDC_ECOLI	nudC	NADH pyrophosphatase	5	5	2.74562e+06	2.38764e+06	2.66147e+06	2.6109e+06	2.72304e+06	2.4386e+06
P32680	YJAG_ECOLI	yjaG	Uncharacterized protein YjaG	6	6	1.98081e+07	2.21013e+07	2.08053e+07	1.99143e+07	2.18535e+07	2.01343e+07
P32684	RLUF_ECOLI	rluF	Ribosomal large subunit pseudouridine synthase F	2	2	4.65848e+06	3.99679e+06	4.19319e+06	4.42976e+06	3.66648e+06	4.4303e+06
P32685	YJBD_ECOLI	yjbD	Uncharacterized protein YjbD	2	2	2.90396e+06	3.71225e+06		3.11516e+06	2.87187e+06	3.73507e+06
P32695	DUSA_ECOLI	dusA	tRNA-dihydrouridine synthase A	6	6	1.29252e+07	1.31622e+07	1.41471e+07	1.29704e+07	1.27149e+07	1.37277e+07
P32703	YJCE_ECOLI	yjcE	Uncharacterized Na(+)/H(+) exchanger YjcE	3	3	5.00426e+06	4.97134e+06	4.97671e+06	5.1735e+06	5.09586e+06	5.75704e+06
P33018	SFGH2_ECOLI	yeiG	S-formylglutathione hydrolase YeiG	1	1	4.16473e+06	1.74495e+06	3.94446e+06		2.90555e+06	
P33025	PSUG_ECOLI	psuG	Pseudouridine-5'-phosphate glycosidase	5	5	2.87676e+06	3.26619e+06	3.52002e+06	3.35505e+06	3.06022e+06	3.43136e+06
P33030	YEIR_ECOLI	yeiR	Uncharacterized protein YeiR	6	6	7.40047e+06	6.62355e+06	7.39275e+06	6.8235e+06	7.42995e+06	6.84483e+06
P33136	OPGG_ECOLI	mdoG	Glucans biosynthesis protein G	21	21	5.53342e+07	5.68173e+07	5.58051e+07	5.6127e+07	5.44207e+07	5.52213e+07
P33195	GCSP_ECOLI	gcvP	Glycine dehydrogenase [decarboxylating]	14	14	2.31635e+07	2.37449e+07	2.37096e+07	2.32586e+07	2.32405e+07	2.35129e+07
P33218	YEBE_ECOLI	yebE	Inner membrane protein YebE	4	4	7.19813e+06	6.87673e+06	6.88148e+06	6.70908e+06	7.85011e+06	6.92314e+06
P33221	PURT_ECOLI	purT	Phosphoribosylglycinamide formyltransferase 2	2	2	1.30001e+06	1.07211e+06		1.02657e+06	1.07154e+06	1.14525e+06
P33224	AIDB_ECOLI	aidB	Putative acyl-CoA dehydrogenase AidB	3	3		2.94508e+06	2.65208e+06	2.37804e+06	2.95488e+06	4.1068e+06
P33225	TORA_ECOLI	torA	Trimethylamine-N-oxide reductase 1	1	1	8.70879e+06	7.87361e+06	8.15537e+06	8.93826e+06	8.9389e+06	8.94236e+06
P33232	LLDD_ECOLI	lldD	L-lactate dehydrogenase [cytochrome]	3	3	2.30463e+06	2.69513e+06	2.61896e+06	2.46575e+06	2.95121e+06	3.08641e+06
P33234	ADIY_ECOLI	adiY	HTH-type transcriptional regulator AdiY	1	1	821705	670323	673973	678884	867777	677035
P33235	FLGK_ECOLI	flgK	Flagellar hook-associated protein 1	10	10	2.20532e+07	1.97795e+07	1.89975e+07	1.96342e+07	2.18332e+07	1.9723e+07
P33355	YEHS_ECOLI	yehS	Uncharacterized protein YehS	5	5	5.92117e+06	5.31829e+06	6.3216e+06	5.10177e+06	6.08923e+06	4.99303e+06
P33362	OSMF_ECOLI	osmF	Putative osmoprotectant uptake system substrate-binding protein OsmF	5	5	6.17167e+06	6.72714e+06	6.25859e+06	6.76534e+06	6.03116e+06	5.73681e+06
P33363	BGLX_ECOLI	bglX	Periplasmic beta-glucosidase	23	23	1.43849e+07	1.35154e+07	1.43081e+07	1.33052e+07	1.4536e+07	1.37024e+07
P33371	DUSC_ECOLI	dusC	tRNA-dihydrouridine synthase C	4	4	3.2543e+06	2.56954e+06	2.75599e+06	3.40249e+06	3.24636e+06	3.68273e+06
P33570	TKT2_ECOLI	tktB	Transketolase 2	9	9	1.06072e+07	1.12936e+07	1.01375e+07	1.14742e+07	1.09605e+07	1.1389e+07
P33590	NIKA_ECOLI	nikA	Nickel-binding periplasmic protein	18	18	1.75212e+07	1.64061e+07	1.75662e+07	1.67729e+07	1.65681e+07	1.67155e+07
P33599	NUOCD_ECOLI	nuoC	NADH-quinone oxidoreductase subunit C/D	35	35	7.98755e+07	7.67306e+07	7.93498e+07	7.82174e+07	8.0437e+07	7.8426e+07
P33602	NUOG_ECOLI	nuoG	NADH-quinone oxidoreductase subunit G	31	31	6.81037e+07	6.63878e+07	6.77075e+07	6.78311e+07	6.65182e+07	6.74422e+07
P33643	RLUD_ECOLI	rluD	Ribosomal large subunit pseudouridine synthase D	6	6	1.50801e+07	1.81869e+07	1.4086e+07	1.78153e+07	1.38289e+07	1.68163e+07
P33644	YFIH_ECOLI	yfiH	Laccase domain protein YfiH	1	1	625057	607332	541366	558211	685698	566329
P33650	FEOB_ECOLI	feoB	Ferrous iron transport protein B	6	6	8.03879e+06	6.69008e+06	7.85346e+06	7.11068e+06	7.88706e+06	6.98085e+06
P33667	SELU_ECOLI	selU	tRNA 2-selenouridine synthase	2	2	2.4568e+06	1.88979e+06	2.88395e+06	1.99441e+06	2.32818e+06	1.92542e+06
P33898	G3P3_ECOLI	gapC	Putative glyceraldehyde-3-phosphate dehydrogenase C	8	8	6.67232e+06	7.54009e+06	6.72909e+06	7.65929e+06	6.76942e+06	7.23038e+06
P33913	YEJA_ECOLI	yejA	Uncharacterized protein YejA	4	4	300548	311255		317111	317317	297718
P33916	YEJF_ECOLI	yejF	Uncharacterized ABC transporter ATP-binding protein YejF	2	2	559470	402602		341361	612504	
P33920	NDPA_ECOLI	yejK	Nucleoid-associated protein YejK	16	16	1.2553e+07	1.22472e+07	1.24124e+07	1.25518e+07	1.31184e+07	1.24817e+07
P33927	CCMF_ECOLI	ccmF	Cytochrome c-type biogenesis protein CcmF	2	2	467196		463471	529491	580903	449542
P33934	NAPH_ECOLI	napH	Ferredoxin-type protein NapH	1	1	159232	144144	178676	191230	176954	
P33937	NAPA_ECOLI	napA	Periplasmic nitrate reductase	23	23	9.82484e+07	9.78106e+07	9.85715e+07	9.57456e+07	9.8939e+07	9.98441e+07
P34209	YDCF_ECOLI	ydcF	Protein YdcF	2	2	5.50556e+06	5.09842e+06	5.60549e+06	4.99509e+06	5.25636e+06	5.05112e+06
P35340	AHPF_ECOLI	ahpF	Alkyl hydroperoxide reductase subunit F	22	22	6.40219e+07	6.88976e+07	6.51696e+07	6.60631e+07	6.40118e+07	6.64179e+07
P36548	AMIA_ECOLI	amiA	N-acetylmuramoyl-L-alanine amidase AmiA	4	4	2.90735e+06	2.06275e+06	2.79072e+06	2.65181e+06	2.60307e+06	2.30322e+06
P36553	HEM6_ECOLI	hemF	Coproporphyrinogen-III oxidase, aerobic	2	2		1.59453e+06	1.4909e+06	1.39887e+06	1.13074e+06	
P36566	SMTA_ECOLI	smtA	Protein SmtA	2	2	2.23098e+06	1.98237e+06	2.01057e+06	1.64126e+06	1.89114e+06	1.43233e+06
P36659	CBPA_ECOLI	cbpA	Curved DNA-binding protein	5	5	1.71873e+07	1.9942e+07	1.6942e+07	1.99669e+07	1.77353e+07	2.03435e+07
P36672	PTTBC_ECOLI	treB	PTS system trehalose-specific EIIBC component	4	4	2.68846e+06	4.08595e+06	2.99489e+06	3.54334e+06	3.54564e+06	3.64204e+06
P36673	TRER_ECOLI	treR	HTH-type transcriptional regulator TreR	1	1	1.04707e+06	1.37657e+06	1.14176e+06	1.06083e+06	1.21117e+06	1.29745e+06
P36680	ZAPD_ECOLI	zapD	Cell division protein ZapD	6	6	1.49317e+07	1.4976e+07	1.58601e+07	1.39925e+07	1.45672e+07	1.50527e+07
P36683	ACON2_ECOLI	acnB	Aconitate hydratase 2	33	33	5.11126e+07	5.19671e+07	5.22878e+07	5.10253e+07	5.21717e+07	5.0441e+07
P36767	RDGC_ECOLI	rdgC	Recombination-associated protein RdgC	7	7	2.13288e+07	2.06491e+07	2.14677e+07	2.05115e+07	2.1371e+07	2.11014e+07
P36771	LRHA_ECOLI	lrhA	Probable HTH-type transcriptional regulator LrhA	2	2	7.2952e+06	7.71893e+06	7.67774e+06	7.58207e+06	8.01192e+06	7.79631e+06
P36879	YADG_ECOLI	yadG	Uncharacterized ABC transporter ATP-binding protein YadG	9	9	6.34287e+06	6.63001e+06	7.04232e+06	6.62173e+06	6.58192e+06	6.49643e+06
P36928	YEGD_ECOLI	yegD	Uncharacterized chaperone protein YegD	9	9	3.51332e+06	3.38646e+06	3.7394e+06	3.71274e+06	3.89845e+06	3.44998e+06
P36929	RSMB_ECOLI	rsmB	Ribosomal RNA small subunit methyltransferase B	1	1	1.23535e+06	2.15879e+06	1.19725e+06	1.89271e+06	1.15992e+06	2.04678e+06
P36938	PGM_ECOLI	pgm	Phosphoglucomutase	21	21	5.93611e+07	5.51502e+07	5.87696e+07	5.62138e+07	5.9622e+07	5.56639e+07
P36979	RLMN_ECOLI	rlmN	Dual-specificity RNA methyltransferase RlmN	11	11	9.84365e+06	9.27217e+06	1.00671e+07	9.00277e+06	9.99085e+06	9.0335e+06
P36999	RLMA_ECOLI	rlmA	23S rRNA (guanine(745)-N(1))-methyltransferase	4	4	4.4136e+06	5.02332e+06	4.59258e+06	5.29718e+06	4.49762e+06	5.56453e+06
P37005	LAST_ECOLI	lasT	Uncharacterized tRNA/rRNA methyltransferase LasT	5	5	5.56182e+06	5.17283e+06	5.81748e+06	5.24703e+06	5.6188e+06	5.42308e+06
P37024	HRPB_ECOLI	hrpB	ATP-dependent RNA helicase HrpB	1	1	1.47065e+06	1.72886e+06	1.41772e+06		2.27004e+06	1.82759e+06
P37025	LIGT_ECOLI	ligT	2'-5'-RNA ligase	2	2	648674	703314	667030	663281	622040	634135
P37028	BTUF_ECOLI	btuF	Vitamin B12-binding protein	3	3	1.65189e+06	1.88555e+06	1.48917e+06	1.61238e+06	1.90331e+06	1.691e+06
P37051	PURU_ECOLI	purU	Formyltetrahydrofolate deformylase	9	9	2.43105e+07	2.32707e+07	2.43164e+07	2.3576e+07	2.50203e+07	2.27571e+07
P37095	PEPB_ECOLI	pepB	Peptidase B	18	18	4.60613e+07	4.35411e+07	4.61705e+07	4.45686e+07	4.62223e+07	4.41542e+07
P37128	NUDK_ECOLI	nudK	GDP-mannose pyrophosphatase NudK	3	3	3.24035e+06	3.87136e+06	3.71849e+06	3.76256e+06	3.45065e+06	3.54054e+06
P37177	PT1P_ECOLI	ptsP	Phosphoenolpyruvate-protein phosphotransferase PtsP	8	8	2.54645e+06	2.30628e+06	2.71908e+06	2.27773e+06	2.297e+06	2.27861e+06
P37182	HYBD_ECOLI	hybD	Hydrogenase 2 maturation protease	8	8	1.78014e+07	1.65721e+07	1.91858e+07	1.79282e+07	1.85538e+07	1.89735e+07
P37194	SLP_ECOLI	slp	Outer membrane protein slp	6	6	2.31951e+08	2.55388e+08	2.39593e+08	2.53382e+08	2.41162e+08	2.44821e+08
P37325	YBCH_ECOLI	ybcH	Uncharacterized protein YbcH	3	3	314616	554544		515570	358533	504688
P37329	MODA_ECOLI	modA	Molybdate-binding periplasmic protein	12	12	3.54256e+07	3.60328e+07	3.58686e+07	3.47766e+07	3.66066e+07	3.55454e+07
P37330	MASZ_ECOLI	glcB	Malate synthase G	7	7	6.77192e+06	6.67217e+06	7.70582e+06	7.17808e+06	7.162e+06	6.8459e+06
P37342	YJJI_ECOLI	yjjI	Uncharacterized protein YjjI	9	9	1.11352e+07	1.0559e+07	1.06128e+07	1.02124e+07	1.08301e+07	1.03466e+07
P37344	PSPF_ECOLI	pspF	Psp operon transcriptional activator	1	1	1.48515e+06	2.1737e+06		2.26707e+06	1.62959e+06	
P37349	DHAM_ECOLI	dhaM	PTS-dependent dihydroxyacetone kinase, phosphotransferase subunit DhaM	7	7	1.23742e+07	1.34417e+07	1.25915e+07	1.33378e+07	1.25309e+07	1.3615e+07
P37353	MENE_ECOLI	menE	2-succinylbenzoate--CoA ligase	5	5	1.09988e+06	1.21149e+06	1.38949e+06	1.1834e+06	1.21156e+06	1.09032e+06
P37440	UCPA_ECOLI	ucpA	Oxidoreductase UcpA	7	7	2.22034e+07	2.14896e+07	2.2697e+07	2.1233e+07	2.26586e+07	2.13869e+07
P37613	YHHK_ECOLI	yhhK	Uncharacterized protein YhhK	4	4	2.46729e+07	2.37901e+07	2.65484e+07	2.48042e+07	2.38742e+07	2.47677e+07
P37617	ATZN_ECOLI	zntA	Lead, cadmium, zinc and mercury-transporting ATPase	12	12	6.94992e+06	6.16342e+06	6.77091e+06	6.46554e+06	6.38934e+06	6.30104e+06
P37624	YHIH_ECOLI	yhiH	Uncharacterized ABC transporter ATP-binding protein YhiH	2	2			1.30009e+07		9.76728e+06	
P37626	YHII_ECOLI	yhiI	Uncharacterized protein YhiI	6	6	2.7941e+06	2.76206e+06	2.68508e+06	2.97063e+06	2.91372e+06	2.89019e+06
P37631	YHIN_ECOLI	yhiN	Uncharacterized protein YhiN	6	6	4.75066e+06	5.01987e+06	5.41629e+06	4.85906e+06	4.98399e+06	5.10619e+06
P37634	RLMJ_ECOLI	rlmJ	Ribosomal RNA large subunit methyltransferase J	15	15	2.82602e+07	2.81476e+07	2.78947e+07	2.83009e+07	2.86161e+07	2.83084e+07
P37636	MDTE_ECOLI	mdtE	Multidrug resistance protein MdtE	13	13	2.02419e+07	2.09569e+07	2.1077e+07	2.08052e+07	2.09327e+07	2.02036e+07
P37637	MDTF_ECOLI	mdtF	Multidrug resistance protein MdtF	7	7	2.48728e+06	2.22821e+06	2.2394e+06	2.10585e+06	2.32812e+06	2.51518e+06
P37646	YHJH_ECOLI	yhjH	Cyclic di-GMP phosphodiesterase YhjH	1	1		421633	508550		533010	343486
P37647	KDGK_ECOLI	kdgK	2-dehydro-3-deoxygluconokinase	7	7	1.357e+07	1.3658e+07	1.17872e+07	1.28228e+07	1.28298e+07	1.25911e+07
P37648	YHJJ_ECOLI	yhjJ	Protein YhjJ	14	14	1.87465e+07	1.93703e+07	1.76597e+07	1.82621e+07	1.86019e+07	1.85591e+07
P37650	BCSC_ECOLI	bcsC	Cellulose synthase operon protein C	15	15	4.38414e+06	4.72162e+06	4.85768e+06	4.85183e+06	4.90695e+06	4.82683e+06
P37651	GUN_ECOLI	bcsZ	Endoglucanase	6	6	7.0946e+06	7.49893e+06	7.30573e+06	7.23629e+06	7.32613e+06	7.6572e+06
P37652	BCSB_ECOLI	bcsB	Cyclic di-GMP-binding protein	14	14	1.33784e+07	1.2935e+07	1.34439e+07	1.27485e+07	1.37745e+07	1.27788e+07
P37655	BCSQ_ECOLI	bcsQ	Putative cellulose biosynthesis protein BcsQ	5	5	4.86751e+06	5.36605e+06	4.95679e+06	4.88518e+06	5.52252e+06	5.2453e+06
P37657	BCSE_ECOLI	bcsE	Protein BcsE homolog	4	4	4.57307e+06	4.17212e+06	4.84646e+06	4.16647e+06	4.66142e+06	4.45232e+06
P37659	BCSG_ECOLI	bcsG	Protein BcsG homolog	3	3	1.46411e+06	1.39164e+06		1.49725e+06	1.23695e+06	1.38775e+06
P37665	YIAD_ECOLI	yiaD	Inner membrane lipoprotein YiaD	8	8	3.57113e+07	3.47947e+07	3.60868e+07	3.56139e+07	3.64864e+07	3.59166e+07
P37666	GHRB_ECOLI	ghrB	Glyoxylate/hydroxypyruvate reductase B	11	11	1.02516e+08	1.01011e+08	1.01157e+08	1.03431e+08	1.0051e+08	1.02594e+08
P37685	ALDB_ECOLI	aldB	Aldehyde dehydrogenase B	5	5	6.19623e+06	5.5297e+06	6.02479e+06	6.17272e+06	6.59277e+06	6.11427e+06
P37689	GPMI_ECOLI	gpmI	2,3-bisphosphoglycerate-independent phosphoglycerate mutase	22	22	2.1533e+08	2.14744e+08	2.18213e+08	2.16442e+08	2.21507e+08	2.14246e+08
P37690	ENVC_ECOLI	envC	Murein hydrolase activator EnvC	7	7	2.04046e+06	1.83387e+06	2.24485e+06	2.02177e+06	2.19275e+06	1.98505e+06
P37692	RFAF_ECOLI	rfaF	ADP-heptose--LPS heptosyltransferase 2	8	8	1.66576e+07	1.85346e+07	1.73722e+07	1.53525e+07	1.55343e+07	1.60129e+07
P37747	GLF_ECOLI	glf	UDP-galactopyranose mutase	2	2	5.08015e+06	5.11071e+06	5.38116e+06			5.85306e+06
P37765	RLUB_ECOLI	rluB	Ribosomal large subunit pseudouridine synthase B	11	11	2.61372e+07	2.66499e+07	2.59238e+07	2.70678e+07	2.64892e+07	2.60572e+07
P37773	MPL_ECOLI	mpl	UDP-N-acetylmuramate:L-alanyl-gamma-D-glutamyl-meso-diaminopimelate ligase	12	12	4.91257e+07	4.87649e+07	4.8439e+07	4.67452e+07	4.93278e+07	4.77835e+07
P37902	GLTI_ECOLI	gltI	Glutamate/aspartate periplasmic-binding protein	7	7	4.59563e+06	5.03206e+06	4.75766e+06	4.96354e+06	5.46106e+06	4.98764e+06
P37903	USPF_ECOLI	uspF	Universal stress protein F	5	5	4.77958e+07	4.60577e+07	4.85884e+07	4.54755e+07	4.84762e+07	4.51698e+07
P37908	YFJD_ECOLI	yfjD	UPF0053 inner membrane protein YfjD	5	5	3.96039e+06	4.14406e+06	3.67553e+06	4.47527e+06	3.79622e+06	4.00912e+06
P38038	CYSJ_ECOLI	cysJ	Sulfite reductase [NADPH] flavoprotein alpha-component	15	15	2.90195e+07	2.71158e+07	2.80587e+07	2.70472e+07	2.6539e+07	2.77494e+07
P38051	MENF_ECOLI	menF	Menaquinone-specific isochorismate synthase	2	2				1.60982e+06		
P38134	ETK_ECOLI	etk	Tyrosine-protein kinase etk	25	25	2.0465e+07	1.93362e+07	2.0064e+07	1.98141e+07	2.01968e+07	1.97389e+07
P38489	NFNB_ECOLI	nfnB	Oxygen-insensitive NAD(P)H nitroreductase	13	13	7.81891e+07	7.80546e+07	7.64759e+07	7.58737e+07	8.06285e+07	7.68205e+07
P38506	XNI_ECOLI	ygdG	Protein Xni	2	2	2.51733e+06	2.28864e+06	2.58527e+06	2.50068e+06	2.73086e+06	2.14742e+06
P38521	YGGL_ECOLI	yggL	Uncharacterized protein YggL	3	3	2.17009e+06	3.00639e+06	1.84135e+06	2.59409e+06	2.38836e+06	2.70876e+06
P39099	DEGQ_ECOLI	degQ	Periplasmic pH-dependent serine endoprotease DegQ	14	14	3.02153e+07	3.10373e+07	3.13072e+07	3.1547e+07	2.9896e+07	3.08084e+07
P39160	UXUB_ECOLI	uxuB	D-mannonate oxidoreductase	3	3	2.74257e+06	3.4895e+06	3.5668e+06	3.48879e+06	3.52954e+06	3.20989e+06
P39172	ZNUA_ECOLI	znuA	High-affinity zinc uptake system protein ZnuA	4	4	4.84778e+06	5.29351e+06		5.11875e+06		4.92327e+06
P39173	YEAD_ECOLI	yeaD	Putative glucose-6-phosphate 1-epimerase	8	8	1.08181e+08	1.0946e+08	1.12879e+08	1.11914e+08	1.1378e+08	1.08614e+08
P39176	ERFK_ECOLI	erfK	Probable L,D-transpeptidase ErfK/SrfK	5	5	2.36182e+06	2.18825e+06	2.16757e+06	1.89644e+06	2.05656e+06	2.09217e+06
P39177	USPG_ECOLI	uspG	Universal stress protein G	5	5	1.40374e+08	1.61896e+08	1.45823e+08	1.60809e+08	1.46001e+08	1.60657e+08
P39187	YTFJ_ECOLI	ytfJ	Uncharacterized protein YtfJ	1	1				3.58895e+06		3.68443e+06
P39199	PRMB_ECOLI	prmB	50S ribosomal protein L3 glutamine methyltransferase	9	9	4.52838e+07	4.26573e+07	4.59942e+07	4.17243e+07	4.21198e+07	4.2637e+07
P39263	YFCC_ECOLI	yfcC	Uncharacterized protein YfcC	1	1	1.12571e+06	878692	1.1108e+06	809629	650806	838203
P39265	ALSB_ECOLI	alsB	D-allose-binding periplasmic protein	1	1	1.15986e+06	792910	1.30968e+06	913337	1.18755e+06	927406
P39280	EPMB_ECOLI	epmB	L-lysine 2,3-aminomutase	2	2	6.84424e+06	5.9028e+06	7.11642e+06	5.12387e+06	6.851e+06	5.49064e+06
P39285	YJEP_ECOLI	yjeP	Uncharacterized MscS family protein YjeP	1	1	181537	269643	326333	247648		
P39286	RSGA_ECOLI	rsgA	Putative ribosome biogenesis GTPase RsgA	7	7	1.15126e+07	1.15601e+07	1.23041e+07	1.0634e+07	1.14667e+07	1.09006e+07
P39298	YJFP_ECOLI	yjfP	Esterase YjfP	1	1	4.10515e+06	3.81958e+06	3.81173e+06	2.84711e+06	2.46537e+06	3.16318e+06
P39300	ULAG_ECOLI	ulaG	Probable L-ascorbate-6-phosphate lactonase UlaG	2	2	1.71811e+06	1.61224e+06	1.71436e+06	1.53873e+06	1.71438e+06	1.29712e+06
P39304	ULAD_ECOLI	ulaD	3-keto-L-gulonate-6-phosphate decarboxylase UlaD	1	1			792427			570940
P39310	YTFB_ECOLI	ytfB	Uncharacterized protein YtfB	5	5	2.17007e+06	2.29411e+06	2.20393e+06	2.18607e+06	2.35881e+06	2.24747e+06
P39315	QOR2_ECOLI	qorB	Quinone oxidoreductase 2	4	4	1.30827e+07	1.31041e+07	1.27764e+07	1.24504e+07	1.27911e+07	1.21227e+07
P39321	TAMB_ECOLI	tamB	Translocation and assembly module TamB	12	12	3.0246e+06	2.82597e+06	2.95819e+06	2.84425e+06	2.87659e+06	2.92779e+06
P39325	YTFQ_ECOLI	ytfQ	ABC transporter periplasmic-binding protein YtfQ	3	3	3.91721e+06	4.2303e+06	4.00467e+06	3.45281e+06	4.14136e+06	4.24884e+06
P39337	YJGM_ECOLI	yjgM	Uncharacterized N-acetyltransferase YjgM	1	1	2.37321e+06	2.86486e+06	2.32586e+06	2.23636e+06	2.30764e+06	2.80193e+06
P39342	YJGR_ECOLI	yjgR	Uncharacterized protein YjgR	8	8	3.12315e+06	3.66153e+06	3.27663e+06	3.68511e+06	3.43235e+06	3.59086e+06
P39347	INTB_ECOLI	intB	Putative prophage P4 integrase	2	2	2.69233e+06	2.47935e+06	2.67254e+06	2.38688e+06	2.45302e+06	2.34399e+06
P39377	IADA_ECOLI	iadA	Isoaspartyl dipeptidase	11	11	1.68146e+07	1.82014e+07	1.82852e+07	1.83471e+07	1.84564e+07	1.82707e+07
P39384	YJIM_ECOLI	yjiM	Uncharacterized protein YjiM	2	2	2.71002e+06			3.15197e+06	3.3193e+06	2.77876e+06
P39391	YJIT_ECOLI	yjiT	Putative uncharacterized protein YjiT	4	4	1.32758e+06	1.14157e+06	1.29618e+06	1.3413e+06	1.228e+06	1.3014e+06
P39393	YJIV_ECOLI	yjiV	Putative uncharacterized protein YjiV	10	10	2.90417e+06	3.40827e+06	2.87667e+06	3.27598e+06	3.08474e+06	3.189e+06
P39396	YJIY_ECOLI	yjiY	Inner membrane protein YjiY	6	6	1.94094e+07	1.89466e+07	1.75908e+07	1.91162e+07	1.9263e+07	1.81343e+07
P39401	OPGB_ECOLI	mdoB	Phosphoglycerol transferase I	10	10	2.60488e+06	2.65791e+06	2.55027e+06	2.60541e+06	2.45278e+06	2.73753e+06
P39406	RSMC_ECOLI	rsmC	Ribosomal RNA small subunit methyltransferase C	7	7	4.29287e+07	3.86783e+07	4.32438e+07	3.99796e+07	4.19553e+07	4.00469e+07
P39407	YJJU_ECOLI	yjjU	Uncharacterized protein YjjU	5	5	1.10058e+06	1.27295e+06	1.15714e+06	1.31392e+06	1.35746e+06	1.28523e+06
P39408	YJJV_ECOLI	yjjV	Uncharacterized deoxyribonuclease YjjV	3	3	767957	1.17905e+06		1.26672e+06	1.09861e+06	1.2598e+06
P39411	NCPP_ECOLI	yjjX	Non-canonical purine NTP phosphatase	3	3	9.65964e+06	1.10175e+07	1.24915e+07	1.06882e+07	1.16911e+07	1.09136e+07
P39451	ADHP_ECOLI	adhP	Alcohol dehydrogenase, propanol-preferring	4	4	7.85372e+06	8.02138e+06	8.03658e+06	7.84278e+06	8.02585e+06	7.4414e+06
P39829	GARD_ECOLI	garD	D-galactarate dehydratase	2	2		988309	1.10073e+06	839384	921766	1.05403e+06
P39830	YBAL_ECOLI	ybaL	Inner membrane protein YbaL	3	3	2.15093e+06	2.16412e+06	1.53566e+06	2.27958e+06	2.11958e+06	2.04646e+06
P39831	YDFG_ECOLI	ydfG	NADP-dependent 3-hydroxy acid dehydrogenase YdfG	7	7	6.25335e+07	6.18309e+07	6.12641e+07	6.34485e+07	6.1606e+07	6.26219e+07
P39838	RCSD_ECOLI	rcsD	Sensor-like histidine kinase RcsD	5	5	1.2844e+06	1.38111e+06	1.22975e+06	1.35015e+06	1.47812e+06	1.42944e+06
P40120	OPGD_ECOLI	mdoD	Glucans biosynthesis protein D	12	12	1.14404e+07	1.09077e+07	1.0404e+07	1.08926e+07	1.1278e+07	1.09868e+07
P40191	PDXK_ECOLI	pdxK	Pyridoxine kinase	6	6	8.64817e+06	8.60127e+06	8.69386e+06	8.68605e+06	8.99047e+06	8.78244e+06
P40710	NLPE_ECOLI	nlpE	Lipoprotein NlpE	2	2	1.01675e+07	1.11034e+07	8.30824e+06	1.06566e+07	9.5337e+06	1.09218e+07
P40719	QSEC_ECOLI	qseC	Sensor protein QseC	4	4	910511	969351	955381	967589	822682	884137
P40874	MTOX_ECOLI	solA	N-methyl-L-tryptophan oxidase	16	16	1.86755e+07	1.75688e+07	1.89632e+07	1.76784e+07	1.97719e+07	1.90972e+07
P41052	MLTB_ECOLI	mltB	Membrane-bound lytic murein transglycosylase B	5	5	3.35849e+06	4.04969e+06	3.70493e+06	3.8079e+06	3.48963e+06	3.66083e+06
P41159ups|LEP_HUMAN_UPS	Leptin	Leptin		7	7	1.08012e+08	1.81247e+06	1.15942e+08	1.58474e+06	9.91331e+07	1.65332e+06
P41407	AZOR_ECOLI	azoR	FMN-dependent NADH-azoreductase	6	6	1.1358e+07	1.11603e+07	1.19488e+07	1.16657e+07	1.22051e+07	1.14306e+07
P41409	RIHA_ECOLI	rihA	Pyrimidine-specific ribonucleoside hydrolase RihA	6	6	4.9428e+06	4.79316e+06	5.05582e+06	4.24606e+06	4.97613e+06	4.63472e+06
P42596	RLMG_ECOLI	rlmG	Ribosomal RNA large subunit methyltransferase G	7	7	8.28897e+06	9.0603e+06	8.33787e+06	8.8938e+06	8.84223e+06	9.32153e+06
P42599	YGJR_ECOLI	ygjR	Uncharacterized oxidoreductase YgjR	2	2		1.40377e+06		1.25308e+06	1.34155e+06	1.36224e+06
P42604	UXAA_ECOLI	uxaA	Altronate dehydratase	1	1	4.32446e+06	5.57233e+06	5.78014e+06	6.00438e+06	5.96306e+06	5.97517e+06
P42616	YQJC_ECOLI	yqjC	Protein YqjC	1	1		5.04314e+06		4.45813e+06	4.93915e+06	4.60402e+06
P42620	YQJG_ECOLI	yqjG	Glutathionyl-hydroquinone reductase YqjG	7	7	3.41155e+06	3.3713e+06	3.62919e+06	3.70574e+06	3.51478e+06	3.61166e+06
P42632	TDCE_ECOLI	tdcE	PFL-like enzyme TdcE	17	17	1.38637e+07	1.3656e+07	1.42412e+07	1.40649e+07	1.40035e+07	1.39278e+07
P42641	OBG_ECOLI	obgE	GTPase ObgE/CgtA	7	7	2.86619e+07	2.84407e+07	2.83217e+07	2.85777e+07	2.75979e+07	2.89871e+07
P43329	HRPA_ECOLI	hrpA	ATP-dependent RNA helicase HrpA	22	22	4.45402e+06	4.18198e+06	4.64879e+06	4.07727e+06	3.98997e+06	4.13104e+06
P43337	NUDL_ECOLI	nudL	Uncharacterized Nudix hydrolase NudL	2	2	666050	623986	752510	460797	660001	471696
P43533	FLGN_ECOLI	flgN	Flagella synthesis protein FlgN	3	3	4.10451e+06	3.35994e+06	4.05362e+06	3.6378e+06	4.09502e+06	3.89673e+06
P43671	PQIB_ECOLI	pqiB	Paraquat-inducible protein B	9	9	4.02864e+06	4.37611e+06	3.99621e+06	4.2315e+06	4.16929e+06	4.32925e+06
P43672	UUP_ECOLI	uup	ABC transporter ATP-binding protein uup	11	11	5.13697e+06	5.76543e+06	4.84677e+06	5.58357e+06	4.84958e+06	5.82845e+06
P43674	YCAL_ECOLI	ycaL	Uncharacterized metalloprotease YcaL	2	2		2.46939e+06		3.38301e+06		
P45395	KDSD_ECOLI	kdsD	Arabinose 5-phosphate isomerase KdsD	6	6	9.38438e+06	9.26568e+06	9.72887e+06	9.95001e+06	1.05673e+07	1.02632e+07
P45464	LPOA_ECOLI	lpoA	Penicillin-binding protein activator LpoA	16	16	2.49559e+07	2.69126e+07	2.52532e+07	2.63674e+07	2.56968e+07	2.66974e+07
P45469	YRAR_ECOLI	yraR	Uncharacterized protein YraR	2	2	2.75826e+06	3.99664e+06	3.72631e+06	4.37004e+06	4.137e+06	4.19714e+06
P45470	YHBO_ECOLI	yhbO	Protein YhbO	3	3	3.08282e+06	3.23443e+06	4.14831e+06	2.68857e+06	3.84773e+06	3.74215e+06
P45475	YHBV_ECOLI	yhbV	Uncharacterized protein YhbV	4	4	3.51129e+06	3.95971e+06	3.69434e+06	3.8744e+06	3.60827e+06	3.70555e+06
P45523	FKBA_ECOLI	fkpA	FKBP-type peptidyl-prolyl cis-trans isomerase FkpA	17	17	2.05612e+08	2.03616e+08	2.10016e+08	2.1725e+08	2.07776e+08	2.20073e+08
P45527	YHBU_ECOLI	yhbU	Uncharacterized protease YhbU	4	4	3.481e+06	3.49076e+06	883233	3.53836e+06		3.32816e+06
P45530	TUSB_ECOLI	tusB	Protein TusB	3	3	3.9027e+06	3.95805e+06	3.73388e+06	4.32268e+06	4.03167e+06	4.17497e+06
P45531	TUSC_ECOLI	tusC	Protein TusC	3	3	1.22548e+07	1.39316e+07	1.51663e+07	1.34811e+07	1.25017e+07	1.21439e+07
P45532	TUSD_ECOLI	tusD	Sulfurtransferase TusD	1	1	226423	155229	207389	181308	223405	184865
P45568	DXR_ECOLI	dxr	1-deoxy-D-xylulose 5-phosphate reductoisomerase	2	2		3.59776e+06		3.39917e+06	1.95813e+06	3.15152e+06
P45577	PROQ_ECOLI	proQ	ProP effector	13	13	1.17694e+08	1.1441e+08	1.15339e+08	1.12629e+08	1.16916e+08	1.14897e+08
P45578	LUXS_ECOLI	luxS	S-ribosylhomocysteine lyase	7	7	1.89935e+08	2.04463e+08	1.97864e+08	1.96836e+08	1.90723e+08	1.98748e+08
P45748	RIMN_ECOLI	rimN	tRNA threonylcarbamoyladenosine biosynthesis protein RimN	5	5	1.65021e+07	1.62807e+07	1.65304e+07	1.63253e+07	1.60841e+07	1.6942e+07
P45795	YRDB_ECOLI	yrdB	Uncharacterized protein YrdB	1	1	3.383e+06	3.68775e+06	3.55854e+06	3.48783e+06	3.52092e+06	3.29543e+06
P45799	NUDE_ECOLI	nudE	ADP compounds hydrolase NudE	6	6	5.81771e+06	6.90154e+06	5.64821e+06	6.52337e+06	6.31899e+06	6.39878e+06
P45807	YBAM_ECOLI	ybaM	Uncharacterized protein YbaM	1	1	1.14008e+06		1.30793e+06	1.47189e+06	1.36518e+06	1.28705e+06
P45955	YBGF_ECOLI	ybgF	Uncharacterized protein YbgF	9	9	1.23121e+07	1.31132e+07	1.25375e+07	1.29129e+07	1.18531e+07	1.27224e+07
P46118	HEXR_ECOLI	hexR	HTH-type transcriptional regulator HexR	2	2	937079	1.06372e+06	1.04091e+06		1.20795e+06	952292
P46122	YAJI_ECOLI	yajI	Uncharacterized lipoprotein YajI	1	1	6.38692e+06	7.08212e+06	6.03661e+06	5.63812e+06	6.68238e+06	
P46125	YEDI_ECOLI	yedI	Inner membrane protein YedI	1	1	1.05373e+06	850357	718071	631023	818741	1.06073e+06
P46130	YBHC_ECOLI	ybhC	Putative acyl-CoA thioester hydrolase YbhC	7	7	3.46163e+07	3.7448e+07	3.60374e+07	3.58691e+07	3.52631e+07	3.41888e+07
P46142	YGGM_ECOLI	yggM	Uncharacterized protein YggM	1	1	8.21687e+07	7.41193e+07	7.68732e+07	7.34456e+07	7.98342e+07	7.46806e+07
P46474	YHDP_ECOLI	yhdP	Uncharacterized protein YhdP	5	5	1.21906e+07	1.08973e+07	1.41116e+07	1.18906e+07	1.23333e+07	1.22031e+07
P46837	YHGF_ECOLI	yhgF	Protein YhgF	29	29	3.51569e+07	3.71023e+07	3.59762e+07	3.69944e+07	3.59551e+07	3.6724e+07
P46852	YHHW_ECOLI	yhhW	Quercetin 2,3-dioxygenase	3	3	3.14098e+06	3.9498e+06	4.27126e+06	3.48789e+06	4.25123e+06	4.36265e+06
P46853	YHHX_ECOLI	yhhX	Uncharacterized oxidoreductase YhhX	12	12	3.31761e+07	3.3732e+07	3.44008e+07	3.36871e+07	3.30123e+07	3.37073e+07
P46854	YHHY_ECOLI	yhhY	Uncharacterized N-acetyltransferase YhhY	2	2	2.63337e+06	3.07781e+06	2.4977e+06	2.83172e+06	1.96321e+06	3.11878e+06
P46859	GNTK_ECOLI	gntK	Thermoresistant gluconokinase	2	2	3.88431e+06		3.09917e+06	3.98954e+06	4.82603e+06	
P46889	FTSK_ECOLI	ftsK	DNA translocase FtsK	11	11	1.58644e+07	1.29271e+07	1.33217e+07	1.39445e+07	1.47554e+07	1.35205e+07
P50456	MLC_ECOLI	mlc	Protein mlc	5	5	4.3206e+06	4.30167e+06	4.3864e+06	4.09919e+06	4.18676e+06	4.38162e+06
P51024	YAIL_ECOLI	yaiL	Uncharacterized protein YaiL	2	2	2.92679e+06	2.86871e+06	2.31219e+06	2.20199e+06	3.34077e+06	3.01282e+06
P51025	SFGH1_ECOLI	frmB	S-formylglutathione hydrolase FrmB	1	1	9.12565e+06	9.94763e+06	9.32932e+06	1.05643e+07	8.85382e+06	1.00175e+07
P51965ups|UB2E1_HUMAN_UPS	Ubiquitin-conjugating	Ubiquitin-conjugating		1	1	2.55922e+07		2.43897e+07		2.77891e+07	
P52006	NUDI_ECOLI	nudI	Nucleoside triphosphatase NudI	3	3	5.10048e+06	4.13369e+06	5.91632e+06	4.82849e+06	5.23176e+06	4.55307e+06
P52007	YECM_ECOLI	yecM	Protein YecM	8	8	5.61853e+06	5.35056e+06	5.36518e+06	5.67878e+06	5.55818e+06	5.52921e+06
P52060	YGGU_ECOLI	yggU	UPF0235 protein YggU	2	2	2.73701e+06	3.19719e+06	2.81693e+06	3.66581e+06	3.22253e+06	4.05934e+06
P52061	RDGB_ECOLI	rdgB	dITP/XTP pyrophosphatase	4	4	2.79026e+07	2.61925e+07	2.65264e+07	2.77527e+07	2.78203e+07	2.6678e+07
P52062	YGGW_ECOLI	yggW	Oxygen-independent coproporphyrinogen-III oxidase-like protein YggW	1	1				1.91692e+06		1.45477e+06
P52076	QSEB_ECOLI	qseB	Transcriptional regulatory protein QseB	5	5	2.64067e+06	2.82558e+06	2.23557e+06	2.24941e+06	2.15021e+06	2.26075e+06
P52095	DCLZ_ECOLI	ldcC	Lysine decarboxylase, constitutive	1	1	643260	702147		500378		779642
P52097	TILS_ECOLI	tilS	tRNA(Ile)-lysidine synthase	2	2						1.35239e+06
P52108	RSTA_ECOLI	rstA	Transcriptional regulatory protein RstA	7	7	1.63394e+07	1.53121e+07	1.62967e+07	1.54008e+07	1.76005e+07	1.53683e+07
P52119	RATB_ECOLI	ratB	UPF0125 protein RatB	4	4	1.97234e+07	1.93794e+07	1.96271e+07	1.85602e+07	1.95178e+07	1.89821e+07
P52126	YFJK_ECOLI	yfjK	Uncharacterized protein YfjK	1	1	2.18698e+06	2.16684e+06				
P52612	FLII_ECOLI	fliI	Flagellum-specific ATP synthase	3	3	1.13716e+06	687418	1.28228e+06	1.16304e+06	1.2044e+06	753618
P52613	FLIJ_ECOLI	fliJ	Flagellar FliJ protein	1	1		446719		559263		560080
P52614	FLIK_ECOLI	fliK	Flagellar hook-length control protein	2	2	1.0678e+06	1.641e+06	924211	1.48392e+06	988447	1.38637e+06
P52627	FLIZ_ECOLI	fliZ	Regulator of sigma S factor FliZ	1	1	1.02467e+06	1.38795e+06	1.21248e+06	706818	1.53468e+06	1.12816e+06
P52643	LDHD_ECOLI	ldhA	D-lactate dehydrogenase	12	12	3.1845e+07	3.57288e+07	3.17911e+07	3.39049e+07	3.34193e+07	3.5116e+07
P52644	HSLJ_ECOLI	hslJ	Heat shock protein HslJ	2	2	2.39786e+06	2.80097e+06	2.90527e+06	2.96122e+06	2.4208e+06	2.66013e+06
P52647	NIFJ_ECOLI	ydbK	Probable pyruvate-flavodoxin oxidoreductase	14	14	6.14445e+06	5.32929e+06	6.25991e+06	5.17174e+06	6.14178e+06	5.9428e+06
P52697	6PGL_ECOLI	pgl	6-phosphogluconolactonase	8	8	1.1407e+08	1.18222e+08	1.19175e+08	1.14535e+08	1.15225e+08	1.17357e+08
P55135	RLMD_ECOLI	rlmD	23S rRNA (uracil(1939)-C(5))-methyltransferase RlmD	2	2		7.16004e+06	6.97375e+06	8.91741e+06	5.86935e+06	
P55957ups|BID_HUMAN_UPS	BH3-interacting	BH3-interacting		9	9	6.32237e+07	2.47034e+06	6.34569e+07		6.25375e+07	2.92722e+06
P56258	WECF_ECOLI	wecF	4-alpha-L-fucosyltransferase	3	3	1.85253e+06	2.0473e+06		2.03549e+06		1.9592e+06
P56262	DLHH_ECOLI	ysgA	Putative carboxymethylenebutenolidase	3	3	5.63997e+06	4.83142e+06	4.98686e+06	5.90968e+06	5.00049e+06	6.0811e+06
P60061	ADIC_ECOLI	adiC	Arginine/agmatine antiporter	2	2	2.35064e+06	2.43948e+06	2.62405e+06	2.39001e+06	2.55649e+06	2.74138e+06
P60240	RAPA_ECOLI	rapA	RNA polymerase-associated protein RapA	23	23	2.1818e+07	2.17152e+07	2.13331e+07	2.02017e+07	2.24487e+07	2.09449e+07
P60293	MUKF_ECOLI	mukF	Chromosome partition protein MukF	18	18	7.11112e+06	7.07699e+06	7.42058e+06	7.32453e+06	7.06489e+06	6.94466e+06
P60340	TRUB_ECOLI	truB	tRNA pseudouridine synthase B	6	6	2.95801e+07	2.94702e+07	2.97392e+07	2.80645e+07	2.93645e+07	2.86573e+07
P60390	RSMH_ECOLI	rsmH	Ribosomal RNA small subunit methyltransferase H	8	8	2.58198e+07	2.58863e+07	2.52778e+07	2.56587e+07	2.46777e+07	2.63126e+07
P60422	RL2_ECOLI	rplB	50S ribosomal protein L2	15	15	5.97503e+08	6.69298e+08	5.91416e+08	6.553e+08	6.17242e+08	6.56812e+08
P60438	RL3_ECOLI	rplC	50S ribosomal protein L3	10	10	1.17507e+09	1.22097e+09	1.14635e+09	1.22009e+09	1.19101e+09	1.04804e+09
P60472	UPPS_ECOLI	ispU	Ditrans,polycis-undecaprenyl-diphosphate synthase ((2E,6E)-farnesyl-diphosphate specific)	4	4	6.18025e+06	6.01341e+06	6.21388e+06	5.94414e+06	6.45768e+06	6.37586e+06
P60546	KGUA_ECOLI	gmk	Guanylate kinase	6	6	5.04428e+07	5.08061e+07	5.10105e+07	4.93419e+07	4.98468e+07	5.05844e+07
P60560	GUAC_ECOLI	guaC	GMP reductase	7	7	8.51968e+06	9.97875e+06	8.95268e+06	9.02587e+06	8.61277e+06	8.85029e+06
P60595	HIS5_ECOLI	hisH	Imidazole glycerol phosphate synthase subunit HisH	2	2	7.9364e+06	6.83061e+06	8.12458e+06	6.09748e+06	7.61139e+06	7.05462e+06
P60624	RL24_ECOLI	rplX	50S ribosomal protein L24	7	7	9.35358e+08	9.19268e+08	9.53459e+08	9.23469e+08	9.78467e+08	9.45838e+08
P60651	SPEB_ECOLI	speB	Agmatinase	5	5	1.02969e+08	1.01909e+08	9.73302e+07	1.02526e+08	1.05389e+08	1.03282e+08
P60664	HIS6_ECOLI	hisF	Imidazole glycerol phosphate synthase subunit HisF	11	11	6.26147e+06	6.92118e+06	6.8357e+06	7.09567e+06	6.8466e+06	6.85307e+06
P60716	LIPA_ECOLI	lipA	Lipoyl synthase	11	11	7.01364e+07	7.36509e+07	7.15649e+07	7.29715e+07	6.99302e+07	7.36031e+07
P60720	LIPB_ECOLI	lipB	Octanoyltransferase	2	2		1.32668e+06	1.20591e+06	1.44408e+06	1.54345e+06	1.4263e+06
P60723	RL4_ECOLI	rplD	50S ribosomal protein L4	15	15	8.19188e+08	8.41249e+08	8.61784e+08	8.20974e+08	8.15695e+08	7.79854e+08
P60752	MSBA_ECOLI	msbA	Lipid A export ATP-binding/permease protein MsbA	10	10	1.3751e+07	1.29184e+07	1.2941e+07	1.30589e+07	1.40187e+07	1.26446e+07
P60757	HIS1_ECOLI	hisG	ATP phosphoribosyltransferase	5	5	1.16579e+07	1.16844e+07	1.19043e+07	1.16339e+07	1.18313e+07	1.1532e+07
P60785	LEPA_ECOLI	lepA	Elongation factor 4	18	18	3.3694e+07	3.19994e+07	3.332e+07	3.20578e+07	3.34897e+07	3.23195e+07
P60869	YBJL_ECOLI	ybjL	Putative transport protein YbjL	1	1	767918	511892	703609	626186	748870	724755
P60906	SYH_ECOLI	hisS	Histidine--tRNA ligase	21	21	8.94362e+07	8.62208e+07	8.87543e+07	8.57298e+07	8.82876e+07	8.58093e+07
P60955	LGT_ECOLI	lgt	Prolipoprotein diacylglyceryl transferase	3	3		1.56792e+06	1.84754e+06		1.53691e+06	1.70615e+06
P61175	RL22_ECOLI	rplV	50S ribosomal protein L22	11	11	8.13201e+08	9.18283e+08	8.04559e+08	9.05767e+08	8.14118e+08	8.94328e+08
P61316	LOLA_ECOLI	lolA	Outer-membrane lipoprotein carrier protein	11	11	3.9888e+07	4.25769e+07	4.1464e+07	4.1504e+07	4.07684e+07	4.08408e+07
P61320	LOLB_ECOLI	lolB	Outer-membrane lipoprotein LolB	11	11	1.64334e+07	1.74427e+07	1.77429e+07	1.65801e+07	1.81375e+07	1.69913e+07
P61517	CAN_ECOLI	can	Carbonic anhydrase 2	9	9	6.96498e+07	6.97773e+07	6.83851e+07	6.76478e+07	6.75903e+07	7.0405e+07
P61626ups|LYSC_HUMAN_UPS	Lysozyme	Lysozyme		3	3	1.26663e+08		1.28747e+08		1.23061e+08	
P61714	RISB_ECOLI	ribE	6,7-dimethyl-8-ribityllumazine synthase	10	10	2.09836e+08	2.18717e+08	2.05615e+08	2.25201e+08	2.09489e+08	2.17962e+08
P61769ups|B2MG_HUMAN_UPS	Beta-2-microglobulin	Beta-2-microglobulin		3	3	2.78382e+07		2.87048e+07		2.8212e+07	
P61887	RMLA2_ECOLI	rmlA2	Glucose-1-phosphate thymidylyltransferase 2	3	3	3.2599e+06	3.70922e+06	3.62722e+06	3.35235e+06	3.29856e+06	3.49951e+06
P61889	MDH_ECOLI	mdh	Malate dehydrogenase	15	15	8.41928e+07	9.00151e+07	8.48519e+07	8.90337e+07	8.38398e+07	8.913e+07
P61949	FLAV_ECOLI	fldA	Flavodoxin-1	6	6	1.37305e+08	1.3387e+08	1.45253e+08	1.35103e+08	1.44834e+08	1.37345e+08
P62399	RL5_ECOLI	rplE	50S ribosomal protein L5	19	19	1.24627e+09	1.27025e+09	1.24922e+09	1.19126e+09	1.2555e+09	1.2224e+09
P62517	OPGH_ECOLI	mdoH	Glucans biosynthesis glucosyltransferase H	4	4		1.23156e+06		1.3645e+06	922006	1.06351e+06
P62556	SOPA_ECOLI	sopA	Protein SopA	8	8	1.98126e+07	1.98793e+07	2.03717e+07	2.02653e+07	2.0067e+07	2.07006e+07
P62558	SOPB_ECOLI	sopB	Protein SopB	10	10	2.39144e+07	2.39199e+07	2.37674e+07	2.32493e+07	2.34292e+07	2.39929e+07
P62601	TREF_ECOLI	treF	Cytoplasmic trehalase	2	2	210493	426911		304917	231532	317860
P62615	ISPE_ECOLI	ispE	4-diphosphocytidyl-2-C-methyl-D-erythritol kinase	2	2	7.03445e+06	7.81213e+06	7.21074e+06	7.5402e+06	7.38673e+06	7.56402e+06
P62617	ISPF_ECOLI	ispF	2-C-methyl-D-erythritol 2,4-cyclodiphosphate synthase	4	4	1.01948e+07	8.61156e+06	9.34518e+06	7.52791e+06	9.72614e+06	9.16943e+06
P62620	ISPG_ECOLI	ispG	4-hydroxy-3-methylbut-2-en-1-yl diphosphate synthase	20	20	2.51483e+07	2.59838e+07	2.5835e+07	2.6514e+07	2.57609e+07	2.56755e+07
P62623	ISPH_ECOLI	ispH	4-hydroxy-3-methylbut-2-enyl diphosphate reductase	8	8	7.55548e+06	7.90339e+06	8.25153e+06	7.15277e+06	7.6554e+06	7.97797e+06
P62672	APAG_ECOLI	apaG	Protein ApaG	2	2	4.8354e+06	4.82798e+06	4.9215e+06	4.98915e+06	4.81093e+06	4.89353e+06
P62707	GPMA_ECOLI	gpmA	2,3-bisphosphoglycerate-dependent phosphoglycerate mutase	19	19	2.14879e+08	2.17075e+08	2.25687e+08	2.14716e+08	2.0953e+08	2.16129e+08
P62768	YAEH_ECOLI	yaeH	UPF0325 protein YaeH	11	11	3.02887e+07	3.15209e+07	3.01375e+07	2.96831e+07	3.04095e+07	3.09849e+07
P62937ups|PPIA_HUMAN_UPS	Peptidyl-prolyl	Peptidyl-prolyl		7	7	1.22602e+08		1.24163e+08		1.26631e+08	
P62988ups|UBIQ_HUMAN_UPS	Ubiquitin	Ubiquitin		4	4	1.89733e+07	1.01587e+06	1.90235e+07	980094	1.82843e+07	1.42724e+06
P63020	NFUA_ECOLI	nfuA	Fe/S biogenesis protein NfuA	6	6	6.32238e+07	6.74515e+07	6.771e+07	7.07216e+07	6.09856e+07	6.79408e+07
P63165ups|SUMO1_HUMAN_UPS	Small	Small		19	19	9.45953e+07		9.56471e+07		9.51747e+07	
P63177	RLMB_ECOLI	rlmB	23S rRNA (guanosine-2'-O-)-methyltransferase RlmB	8	8	2.23298e+07	2.20782e+07	2.0225e+07	2.07715e+07	2.31785e+07	2.15629e+07
P63183	KUP_ECOLI	kup	Low affinity potassium transport system protein kup	2	2	811730		853700	810316	897128	897012
P63204	GADE_ECOLI	gadE	Transcriptional regulator GadE	1	1		469946		699366		
P63224	GMHA_ECOLI	gmhA	Phosphoheptose isomerase	10	10	1.91555e+08	1.9377e+08	1.87513e+08	1.94598e+08	1.90771e+08	1.93156e+08
P63228	GMHB_ECOLI	gmhB	D,D-heptose 1,7-bisphosphate phosphatase	3	3	1.35578e+07	1.52511e+07	1.27474e+07	1.42285e+07	1.34268e+07	1.35219e+07
P63235	GADC_ECOLI	gadC	Probable glutamate/gamma-aminobutyrate antiporter	3	3	2.50592e+07	2.34714e+07	2.47782e+07	2.43415e+07	2.42191e+07	2.36437e+07
P63279ups|UBC9_HUMAN_UPS	SUMO-conjugating	SUMO-conjugating		5	5	7.8838e+07	1.44417e+06	7.47299e+07	1.9255e+06	8.04137e+07	
P63284	CLPB_ECOLI	clpB	Chaperone protein ClpB	54	54	6.25381e+07	5.88708e+07	6.26961e+07	5.99713e+07	6.17607e+07	5.98658e+07
P63386	MLAF_ECOLI	mlaF	Probable phospholipid import ATP-binding protein MlaF	3	3	2.89357e+06	2.61994e+06	2.68952e+06	2.67096e+06	3.03741e+06	2.64868e+06
P63389	YHES_ECOLI	yheS	Uncharacterized ABC transporter ATP-binding protein YheS	13	13	6.32298e+06	6.29235e+06	6.59641e+06	6.10897e+06	6.887e+06	6.12297e+06
P63417	YHBS_ECOLI	yhbS	Uncharacterized N-acetyltransferase YhbS	6	6	4.04551e+07	3.98346e+07	3.92446e+07	3.95651e+07	4.05898e+07	3.97515e+07
P63883	AMIC_ECOLI	amiC	N-acetylmuramoyl-L-alanine amidase AmiC	8	8	4.16836e+06	4.04087e+06	4.4651e+06	4.2464e+06	4.42537e+06	3.87049e+06
P64423	ZNTB_ECOLI	zntB	Zinc transport protein ZntB	1	1	1.87919e+06	1.56557e+06	1.54926e+06	2.09959e+06	1.60852e+06	1.84117e+06
P64429	YPFJ_ECOLI	ypfJ	Uncharacterized protein YpfJ	3	3	7.01544e+06	6.67747e+06	5.86351e+06	7.09936e+06	6.66868e+06	6.71033e+06
P64451	YDCL_ECOLI	ydcL	Uncharacterized lipoprotein YdcL	2	2	1.61576e+07	1.52753e+07	1.60422e+07	1.56393e+07	1.58135e+07	1.54451e+07
P64455	YDCY_ECOLI	ydcY	Uncharacterized protein YdcY	1	1	5.46456e+07	5.41607e+07	4.93614e+07	5.39223e+07	5.32703e+07	5.28017e+07
P64463	YDFZ_ECOLI	ydfZ	Putative selenoprotein YdfZ	4	4	2.05347e+08	1.75061e+08	2.06697e+08	1.77937e+08	1.97311e+08	1.79795e+08
P64467	CNU_ECOLI	cnu	OriC-binding nucleoid-associated protein	4	4	2.74334e+07	2.97608e+07	2.90955e+07	2.80717e+07	2.8862e+07	2.70852e+07
P64476	YDIH_ECOLI	ydiH	Uncharacterized protein YdiH	2	2	5.34411e+06	5.44693e+06	5.34817e+06	5.51961e+06	5.92068e+06	5.68048e+06
P64483	YEAK_ECOLI	yeaK	Uncharacterized protein YeaK	3	3	1.14204e+07	9.82718e+06	1.25257e+07	1.01165e+07	1.19585e+07	1.02578e+07
P64493	YOAF_ECOLI	yoaF	Uncharacterized protein YoaF	1	1	1.31828e+06	1.41752e+06	1.30032e+06	965202	1.61353e+06	1.39477e+06
P64499	YEBO_ECOLI	yebO	Uncharacterized protein YebO	3	3	1.93575e+07	1.77624e+07	1.88362e+07	1.91784e+07	1.8587e+07	2.00387e+07
P64506	YEBY_ECOLI	yebY	Uncharacterized protein YebY	1	1	3.50604e+06	3.46249e+06	3.15908e+06	3.11219e+06	3.7331e+06	3.3798e+06
P64519	YODD_ECOLI	yodD	Uncharacterized protein YodD	2	2	1.31468e+06	1.01284e+06	1.45114e+06	1.14757e+06	951395	1.16878e+06
P64530	RCNR_ECOLI	rcnR	Transcriptional repressor RcnR	2	2	1.44058e+06	1.72631e+06	2.10374e+06	1.47089e+06	2.60372e+06	2.05652e+06
P64534	RCNB_ECOLI	rcnB	Nickel/cobalt homeostasis protein RcnB	4	4	2.27499e+07	2.6657e+07	2.74417e+07	2.57766e+07	2.7218e+07	2.63483e+07
P64540	YFCL_ECOLI	yfcL	Uncharacterized protein YfcL	3	3	3.46725e+07	3.43394e+07	2.98952e+07	3.29621e+07	3.46213e+07	3.38482e+07
P64545	YFGG_ECOLI	yfgG	Uncharacterized protein YfgG	1	1	2.49131e+06	2.96512e+06	2.13344e+06	2.79631e+06	3.03443e+06	2.74579e+06
P64548	YFIR_ECOLI	yfiR	Uncharacterized protein YfiR	1	1	1.18848e+06	1.41234e+06	1.46643e+06	1.50808e+06	1.52349e+06	1.34488e+06
P64554	QUEE_ECOLI	queE	7-carboxy-7-deazaguanine synthase	7	7	2.76855e+07	2.7994e+07	2.92649e+07	2.63789e+07	2.72558e+07	2.72704e+07
P64559	CPTB_ECOLI	cptB	Antitoxin CptB	2	2	2.95932e+06	2.59054e+06	2.60404e+06	2.75592e+06	2.33528e+06	2.66433e+06
P64564	YGGT_ECOLI	yggT	Uncharacterized protein YggT	2	2	5.94979e+06	6.1037e+06	6.22038e+06	5.47067e+06	6.20992e+06	6.86243e+06
P64581	YQJD_ECOLI	yqjD	Uncharacterized protein YqjD	4	4	2.47003e+08	2.04887e+08	2.64975e+08	2.29999e+08	2.52965e+08	2.43774e+08
P64585	YQJE_ECOLI	yqjE	Inner membrane protein YqjE	1	1	2.19853e+06	1.73512e+06	1.87866e+06	1.99811e+06	2.18651e+06	1.89954e+06
P64588	YQJI_ECOLI	yqjI	Transcriptional regulator YqjI	5	5	6.36205e+06	5.0953e+06	6.03658e+06	4.96704e+06	5.66575e+06	5.09399e+06
P64596	YRAP_ECOLI	yraP	Uncharacterized protein YraP	9	9	4.74991e+07	4.86754e+07	5.07577e+07	4.84801e+07	4.92835e+07	4.80948e+07
P64599	YHBT_ECOLI	yhbT	Uncharacterized protein YhbT	7	7	2.34917e+07	2.42641e+07	2.38424e+07	2.38806e+07	2.48875e+07	2.37135e+07
P64602	MLAB_ECOLI	mlaB	Probable phospholipid ABC transporter-binding protein MlaB	1	1	6.52746e+06	5.6355e+06	5.78311e+06	5.61509e+06	5.95117e+06	6.42821e+06
P64604	MLAD_ECOLI	mlaD	Probable phospholipid ABC transporter-binding protein MlaD	6	6	5.11866e+07	5.15934e+07	5.14149e+07	5.17529e+07	5.20304e+07	5.26548e+07
P64606	MLAE_ECOLI	mlaE	Probable phospholipid ABC transporter permease protein MlaE	2	2		831289				797919
P64612	YHCM_ECOLI	yhcM	Uncharacterized protein YhcM	5	5	4.51406e+06	5.14804e+06	5.25836e+06	4.67766e+06	4.70944e+06	4.77916e+06
P64624	YHEO_ECOLI	yheO	Uncharacterized protein YheO	4	4	1.06974e+07	1.05927e+07	1.00036e+07	9.89023e+06	8.93943e+06	1.00516e+07
P64636	YRFG_ECOLI	yrfG	GMP/IMP nucleotidase YrfG	2	2	1.00184e+07	7.46596e+06	9.67389e+06	9.77303e+06	1.02342e+07	9.20863e+06
P65292	YGDI_ECOLI	ygdI	Uncharacterized lipoprotein YgdI	1	1				2.02028e+06		
P65367	YQCA_ECOLI	yqcA	Uncharacterized protein YqcA	2	2	7.83753e+06	7.25457e+06	8.71419e+06	7.64614e+06	7.88308e+06	7.74616e+06
P65556	YFCD_ECOLI	yfcD	Uncharacterized Nudix hydrolase YfcD	7	7	5.67771e+06	6.44092e+06	6.10448e+06	6.0977e+06	6.59044e+06	6.43014e+06
P65870	QUED_ECOLI	queD	6-carboxy-5,6,7,8-tetrahydropterin synthase	4	4	1.02322e+07	1.05881e+07	1.04395e+07	1.10741e+07	9.80058e+06	1.08147e+07
P66817	DIAA_ECOLI	diaA	DnaA initiator-associating protein DiaA	3	3	1.1973e+07	1.2455e+07	1.227e+07	1.34435e+07	1.15809e+07	1.25856e+07
P66948	YFGC_ECOLI	yfgC	TPR repeat-containing protein YfgC	7	7	1.11867e+07	1.03453e+07	1.12822e+07	1.12067e+07	1.12006e+07	1.06081e+07
P67080	YGGS_ECOLI	yggS	UPF0001 protein YggS	7	7	8.26743e+06	7.57563e+06	8.30528e+06	8.02662e+06	7.90157e+06	7.75184e+06
P67087	RSMI_ECOLI	rsmI	Ribosomal RNA small subunit methyltransferase I	7	7	2.69803e+07	2.72774e+07	2.7211e+07	2.89595e+07	2.96125e+07	2.89395e+07
P67095	YFCE_ECOLI	yfcE	Phosphodiesterase YfcE	2	2	1.82278e+07	2.038e+07	1.89554e+07	1.95922e+07	1.8692e+07	1.98182e+07
P67244	YQHA_ECOLI	yqhA	UPF0114 protein YqhA	2	2	558991	801027	522200	762754	728952	727963
P67338	YOAH_ECOLI	yoaH	UPF0181 protein YoaH	1	1	2.60185e+06	2.84718e+06	2.93082e+06	2.1904e+06	2.66261e+06	2.2187e+06
P67601	YOBD_ECOLI	yobD	UPF0266 membrane protein YobD	1	1	446272	575550	424549	446540	383292	558174
P67603	YQFB_ECOLI	yqfB	UPF0267 protein YqfB	5	5	1.13751e+07	1.44898e+07	1.16317e+07	1.39078e+07	1.21696e+07	1.50669e+07
P67660	YHAJ_ECOLI	yhaJ	Uncharacterized HTH-type transcriptional regulator YhaJ	7	7	4.96658e+06	4.43385e+06	4.80972e+06	4.72334e+06	4.99443e+06	4.50858e+06
P67826	CUTC_ECOLI	cutC	Copper homeostasis protein CutC	4	4	6.36816e+06	6.30596e+06	6.8768e+06	6.40091e+06	7.77516e+06	6.60863e+06
P67910	HLDD_ECOLI	hldD	ADP-L-glycero-D-manno-heptose-6-epimerase	23	23	1.3615e+08	1.41744e+08	1.41873e+08	1.40247e+08	1.37887e+08	1.41948e+08
P68066	GRCA_ECOLI	grcA	Autonomous glycyl radical cofactor	13	13	1.9545e+09	1.97203e+09	1.94879e+09	1.97318e+09	1.92627e+09	2.00821e+09
P68187	MALK_ECOLI	malK	Maltose/maltodextrin import ATP-binding protein MalK	7	7	1.14227e+07	1.03062e+07	1.07699e+07	1.15229e+07	1.17812e+07	1.08361e+07
P68191	SRA_ECOLI	sra	Stationary-phase-induced ribosome-associated protein	2	2	2.72101e+07	2.91225e+07	2.50958e+07	3.06341e+07	2.74954e+07	2.98087e+07
P68206	YJBJ_ECOLI	yjbJ	UPF0337 protein YjbJ	2	2	1.95995e+07	2.14449e+07	1.60259e+07	2.08963e+07	2.08383e+07	2.0815e+07
P68398	TADA_ECOLI	tadA	tRNA-specific adenosine deaminase	1	1	1.38129e+06		1.21767e+06	1.08924e+06	940948	
P68567	RSMJ_ECOLI	rsmJ	Ribosomal RNA small subunit methyltransferase J	3	3	870479	647896	814906	713392	742846	677394
P68679	RS21_ECOLI	rpsU	30S ribosomal protein S21	6	6	6.12116e+08	5.87925e+08	6.09662e+08	5.9494e+08	6.26665e+08	6.02133e+08
P68688	GLRX1_ECOLI	grxA	Glutaredoxin-1	2	2	8.89503e+06	1.07154e+07	8.9465e+06	8.17522e+06	1.00964e+07	9.48248e+06
P68699	ATPL_ECOLI	atpE	ATP synthase subunit c	1	1	1.76898e+07	1.41204e+07	1.9602e+07	1.19176e+07	1.93316e+07	1.14457e+07
P68767	AMPA_ECOLI	pepA	Cytosol aminopeptidase	12	12	2.65954e+07	2.74984e+07	2.58818e+07	2.73654e+07	2.61836e+07	2.77048e+07
P68871ups|HBB_HUMAN_UPS	Hemoglobin	Hemoglobin		11	11	1.05626e+08	5.91565e+06	1.0309e+08	5.55746e+06	1.10808e+08	5.80801e+06
P68919	RL25_ECOLI	rplY	50S ribosomal protein L25	7	7	8.16923e+08	9.30089e+08	8.44463e+08	9.00619e+08	8.30917e+08	9.06801e+08
P69222	IF1_ECOLI	infA	Translation initiation factor IF-1	4	4	1.71317e+08	1.94528e+08	1.68569e+08	1.93427e+08	1.61754e+08	1.88434e+08
P69228	BAER_ECOLI	baeR	Transcriptional regulatory protein BaeR	12	12	8.21427e+06	7.93601e+06	8.45483e+06	7.57649e+06	8.08574e+06	7.39721e+06
P69330	CITD_ECOLI	citD	Citrate lyase acyl carrier protein	4	4	5.16745e+07	4.71777e+07	5.17185e+07	4.54816e+07	5.166e+07	4.7256e+07
P69346	YEFM_ECOLI	yefM	Antitoxin YefM	1	1	3.77066e+06	3.96008e+06	4.15006e+06	4.11281e+06	4.72276e+06	4.75342e+06
P69407	RCSB_ECOLI	rcsB	Capsular synthesis regulator component B	10	10	5.92346e+07	5.94577e+07	6.29187e+07	6.00714e+07	5.74619e+07	6.03275e+07
P69411	RCSF_ECOLI	rcsF	Protein RcsF	2	2	3.43405e+07	3.09997e+07	3.40131e+07	3.43493e+07	3.41118e+07	3.33563e+07
P69425	TATB_ECOLI	tatB	Sec-independent protein translocase protein TatB	4	4	1.80279e+07	1.58226e+07	1.91087e+07	1.74147e+07	1.84497e+07	1.67299e+07
P69428	TATA_ECOLI	tatA	Sec-independent protein translocase protein TatA	2	2	1.7032e+08	1.59625e+08	1.77701e+08	1.64032e+08	1.76535e+08	1.57709e+08
P69441	KAD_ECOLI	adk	Adenylate kinase	16	16	4.04287e+08	4.59454e+08	4.00561e+08	4.40956e+08	4.04883e+08	4.52848e+08
P69490	CCME_ECOLI	ccmE	Cytochrome c-type biogenesis protein CcmE	1	1		2.51379e+06				2.70992e+06
P69503	APT_ECOLI	apt	Adenine phosphoribosyltransferase	11	11	1.23348e+08	1.19256e+08	1.33483e+08	1.15814e+08	1.23725e+08	1.18203e+08
P69739	MBHS_ECOLI	hyaA	Hydrogenase-1 small chain	3	3	2.15115e+06	1.94145e+06	2.38587e+06	1.62249e+06	2.43506e+06	1.82528e+06
P69741	MBHT_ECOLI	hybO	Hydrogenase-2 small chain	3	3	2.02799e+07	1.96806e+07	1.96026e+07	2.03356e+07	1.9207e+07	1.98852e+07
P69776	LPP_ECOLI	lpp	Major outer membrane lipoprotein Lpp	3	3	4.41914e+08	4.24922e+08	4.35324e+08	4.18356e+08	4.75144e+08	4.15335e+08
P69783	PTGA_ECOLI	crr	Glucose-specific phosphotransferase enzyme IIA component	11	11	8.93693e+08	8.56151e+08	8.62256e+08	8.78454e+08	8.53049e+08	8.98185e+08
P69786	PTGCB_ECOLI	ptsG	PTS system glucose-specific EIICB component	12	12	4.07066e+07	4.02908e+07	4.18373e+07	4.08856e+07	4.04302e+07	4.01323e+07
P69791	PTQA_ECOLI	chbA	N,N'-diacetylchitobiose-specific phosphotransferase enzyme IIA component	1	1	1.35711e+06	1.58289e+06	1.15012e+06	1.77142e+06		1.84928e+06
P69795	PTQB_ECOLI	chbB	N,N'-diacetylchitobiose-specific phosphotransferase enzyme IIB component	2	2	1.05344e+06	1.66248e+06	1.14123e+06	1.57591e+06	1.29661e+06	1.97204e+06
P69797	PTNAB_ECOLI	manX	PTS system mannose-specific EIIAB component	18	18	9.18167e+07	9.17237e+07	9.20984e+07	8.99442e+07	9.54504e+07	9.21382e+07
P69801	PTNC_ECOLI	manY	Mannose permease IIC component	1	1	1.58422e+07	1.58208e+07	1.62906e+07	1.48221e+07	1.85063e+07	1.47582e+07
P69805	PTND_ECOLI	manZ	Mannose permease IID component	6	6	3.54789e+07	3.49664e+07	3.12976e+07	3.46855e+07	3.21621e+07	3.56812e+07
P69811	PTFAH_ECOLI	fruB	Multiphosphoryl transfer protein	23	23	1.08017e+08	1.13098e+08	1.03372e+08	1.14008e+08	1.02272e+08	1.11705e+08
P69829	PTSN_ECOLI	ptsN	Nitrogen regulatory protein	6	6	1.0204e+07	1.09375e+07	1.00968e+07	1.1615e+07	1.12432e+07	1.00919e+07
P69853	DMSD_ECOLI	dmsD	Tat proofreading chaperone DmsD	4	4	3.82228e+06	3.89114e+06	3.898e+06	3.49081e+06	3.8828e+06	3.75238e+06
P69874	POTA_ECOLI	potA	Spermidine/putrescine import ATP-binding protein PotA	6	6	3.35483e+07	3.37933e+07	3.38518e+07	3.49261e+07	2.97218e+07	3.39559e+07
P69902	FCTA_ECOLI	frc	Formyl-coenzyme A transferase	8	8	7.54053e+06	8.37221e+06	8.65084e+06	7.50771e+06	7.95202e+06	7.49699e+06
P69905ups|HBA_HUMAN_UPS	Hemoglobin	Hemoglobin		6	6	8.13889e+07		8.13346e+07	2.28796e+06	8.40037e+07	
P69908	DCEA_ECOLI	gadA	Glutamate decarboxylase alpha	20	3	2.46333e+08	2.47703e+08	2.47543e+08	2.48394e+08	2.47921e+08	2.44756e+08
P69910	DCEB_ECOLI	gadB	Glutamate decarboxylase beta	3	3	4.18992e+07	3.76145e+07	3.92237e+07	3.51953e+07	4.08299e+07	3.80445e+07
P69913	CSRA_ECOLI	csrA	Carbon storage regulator	3	3	1.45265e+08	1.49111e+08	1.38782e+08	1.58488e+08	1.40555e+08	1.49862e+08
P69924	RIR2_ECOLI	nrdB	Ribonucleoside-diphosphate reductase 1 subunit beta	17	17	2.05458e+07	2.0048e+07	2.03243e+07	1.88195e+07	2.14471e+07	1.92846e+07
P69931	HDA_ECOLI	hda	DnaA-homolog protein hda	8	8	4.99344e+06	5.74853e+06	5.81457e+06	5.53364e+06	5.66423e+06	5.39364e+06
P75691	YAHK_ECOLI	yahK	Uncharacterized zinc-type alcohol dehydrogenase-like protein YahK	5	5	3.54689e+06	3.23845e+06	3.65257e+06	3.22065e+06	3.18735e+06	3.57765e+06
P75694	YAHO_ECOLI	yahO	Uncharacterized protein YahO	2	2	2.98021e+06	3.60455e+06			1.49784e+06	1.82999e+06
P75713	YLBA_ECOLI	ylbA	Uncharacterized protein YlbA	1	1		1.34445e+06	1.04014e+06		1.07383e+06	1.01706e+06
P75726	CILA_ECOLI	citF	Citrate lyase alpha chain	15	15	3.45165e+07	3.51057e+07	3.54114e+07	3.4304e+07	3.52396e+07	3.30515e+07
P75728	UBIF_ECOLI	ubiF	2-octaprenyl-3-methyl-6-methoxy-1,4-benzoquinol hydroxylase	4	4	2.96681e+06	2.90151e+06	2.86677e+06	3.04066e+06	3.06467e+06	2.99368e+06
P75736	YBFF_ECOLI	ybfF	Esterase YbfF	6	6	9.85388e+06	9.34399e+06	1.00678e+07	8.81544e+06	1.04147e+07	9.05801e+06
P75745	YBGK_ECOLI	ybgK	Uncharacterized protein YbgK	5	5	3.23396e+06	4.08022e+06	4.03329e+06	3.61814e+06	4.27839e+06	3.80715e+06
P75746	YBGL_ECOLI	ybgL	UPF0271 protein YbgL	2	2	2.23714e+06	2.25153e+06	2.76798e+06	2.38435e+06		2.39627e+06
P75767	YBHK_ECOLI	ybhK	UPF0052 protein YbhK	6	6	1.4386e+06	1.36298e+06	1.28522e+06	1.45525e+06	1.3955e+06	1.41564e+06
P75777	YBHG_ECOLI	ybhG	UPF0194 membrane protein YbhG	6	6	1.14073e+07	1.26195e+07	1.11811e+07	1.16229e+07	1.17121e+07	1.17614e+07
P75780	FIU_ECOLI	fiu	Catecholate siderophore receptor Fiu	2	2	1.30492e+06	1.44883e+06	1.28031e+06	1.21346e+06	1.26606e+06	1.43868e+06
P75792	SUPH_ECOLI	ybiV	Sugar phosphatase YbiV	2	2	2.87506e+06	2.90009e+06	2.98133e+06	2.43656e+06	3.06305e+06	3.17329e+06
P75797	GSIB_ECOLI	gsiB	Glutathione-binding protein GsiB	5	5	3.66607e+06	3.6136e+06	3.49635e+06	3.56168e+06	3.95084e+06	3.67948e+06
P75809	YBJI_ECOLI	ybjI	Flavin mononucleotide phosphatase YbjI	3	3	5.36147e+06	4.30471e+06	5.25346e+06	4.99529e+06	5.18271e+06	4.46604e+06
P75818	YBJP_ECOLI	ybjP	Uncharacterized lipoprotein YbjP	5	5	3.00468e+07	3.19898e+07	2.89062e+07	3.07562e+07	3.28898e+07	2.93754e+07
P75820	AMID_ECOLI	amiD	N-acetylmuramoyl-L-alanine amidase AmiD	2	2	548677	611041	543738	656332	510552	617739
P75821	YBJS_ECOLI	ybjS	Uncharacterized protein YbjS	2	2	2.96552e+06	2.70798e+06	3.15792e+06	2.90963e+06	3.52276e+06	2.79432e+06
P75823	LTAE_ECOLI	ltaE	Low specificity L-threonine aldolase	10	10	2.05447e+07	1.81251e+07	2.10146e+07	1.80308e+07	2.0967e+07	1.8525e+07
P75828	YBJD_ECOLI	ybjD	Uncharacterized protein YbjD	3	3		2.64725e+06	2.17992e+06	1.95593e+06	2.77299e+06	1.95525e+06
P75829	YBJX_ECOLI	ybjX	Uncharacterized protein YbjX	7	7	1.38373e+07	1.2662e+07	1.38169e+07	1.31091e+07	1.18129e+07	1.33055e+07
P75838	YCAO_ECOLI	ycaO	Ribosomal protein S12 methylthiotransferase accessory factor YcaO	13	13	3.90062e+07	3.72345e+07	3.75273e+07	3.6324e+07	3.87139e+07	3.65901e+07
P75849	YCBL_ECOLI	ycbL	Uncharacterized protein YcbL	3	3	2.14516e+07	2.3312e+07	2.31968e+07	2.12431e+07	2.00555e+07	2.15378e+07
P75863	YCBX_ECOLI	ycbX	Uncharacterized protein YcbX	8	8	6.30711e+06	6.87614e+06	6.58604e+06	7.20789e+06	6.8675e+06	6.80886e+06
P75864	RLMKL_ECOLI	rlmL	Ribosomal RNA large subunit methyltransferase K/L	14	14	7.04333e+06	7.8379e+06	7.57989e+06	7.30838e+06	7.5805e+06	7.44186e+06
P75867	LONH_ECOLI	ycbZ	Putative Lon protease homolog	7	7	6.62486e+06	6.27851e+06	6.86294e+06	6.56111e+06	6.72513e+06	6.67609e+06
P75874	YCCU_ECOLI	yccU	Uncharacterized protein YccU	4	4	2.58803e+07	2.63173e+07	2.59753e+07	2.54026e+07	2.70691e+07	2.59835e+07
P75876	RLMI_ECOLI	rlmI	Ribosomal RNA large subunit methyltransferase I	12	12	2.7119e+07	2.51294e+07	2.74475e+07	2.57045e+07	2.52998e+07	2.71637e+07
P75882	GFCD_ECOLI	gfcD	Uncharacterized lipoprotein GfcD	17	17	2.2447e+07	2.25724e+07	2.25706e+07	2.24194e+07	2.33101e+07	2.24123e+07
P75883	GFCC_ECOLI	gfcC	Uncharacterized protein GfcC	4	4	6.67513e+06	5.42989e+06	6.68357e+06	6.03359e+06	7.43292e+06	7.0831e+06
P75884	GFCB_ECOLI	gfcB	Uncharacterized lipoprotein GfcB	5	5	6.79721e+06	7.40098e+06	6.94466e+06	7.29904e+06	6.94518e+06	7.32464e+06
P75913	GHRA_ECOLI	ghrA	Glyoxylate/hydroxypyruvate reductase A	5	5	5.05419e+06	4.52328e+06	5.13999e+06	4.83662e+06	5.06207e+06	4.99651e+06
P75914	YCDX_ECOLI	ycdX	Probable phosphatase YcdX	8	8	2.65168e+07	2.61547e+07	2.65518e+07	2.64461e+07	2.78397e+07	2.55676e+07
P75915	YCDY_ECOLI	ycdY	Chaperone protein YcdY	5	5	3.55445e+07	3.2391e+07	3.48974e+07	3.41251e+07	4.079e+07	3.34866e+07
P75931	YCEM_ECOLI	yceM	Putative oxidoreductase YceM	1	1	3.67375e+06	3.98456e+06	4.42529e+06	4.20147e+06	4.15111e+06	3.69641e+06
P75937	FLGE_ECOLI	flgE	Flagellar hook protein FlgE	7	7	1.71593e+07	1.64503e+07	1.70934e+07	1.71694e+07	1.76114e+07	1.55606e+07
P75938	FLGF_ECOLI	flgF	Flagellar basal-body rod protein FlgF	1	1	1.03514e+06	630233		1.1609e+06	799019	1.20006e+06
P75946	YCFL_ECOLI	ycfL	Uncharacterized protein YcfL	1	1	1.30324e+06		952439	2.05888e+06	1.38942e+06	
P75949	NAGZ_ECOLI	nagZ	Beta-hexosaminidase	8	8	6.03395e+06	6.01393e+06	5.44196e+06	6.38034e+06	5.76466e+06	6.42602e+06
P75954	YCFS_ECOLI	ycfS	Probable L,D-transpeptidase YcfS	3	3	1.15797e+06	1.3888e+06	1.3925e+06	1.30346e+06	1.56516e+06	1.43289e+06
P75957	LOLD_ECOLI	lolD	Lipoprotein-releasing system ATP-binding protein LolD	3	3	1.84776e+07	1.66357e+07	1.81402e+07	1.6763e+07	1.82363e+07	1.66587e+07
P75959	NAGK_ECOLI	nagK	N-acetyl-D-glucosamine kinase	4	4	7.07929e+06	7.85144e+06	7.39273e+06	7.30342e+06	7.81053e+06	7.12554e+06
P75960	NPD_ECOLI	cobB	NAD-dependent protein deacylase	5	5	1.92744e+07	1.83387e+07	1.9533e+07	1.87099e+07	1.90092e+07	1.82978e+07
P75966	RLUE_ECOLI	rluE	Ribosomal large subunit pseudouridine synthase E	3	3		1.99816e+06	1.36066e+06	1.59907e+06	1.53389e+06	1.66912e+06
P76002	PLIG_ECOLI	pliG	Inhibitor of g-type lysozyme	8	8	5.47938e+06	6.483e+06	5.76045e+06	6.98022e+06	4.99927e+06	5.83846e+06
P76004	YCGM_ECOLI	ycgM	Uncharacterized protein YcgM	3	3	2.09565e+06	3.12357e+06	2.04632e+06	2.74295e+06	1.49646e+06	2.4084e+06
P76007	CVRA_ECOLI	cvrA	Cell volume regulation protein A	2	2		1.05512e+06	1.05154e+06	1.24181e+06		1.26495e+06
P76008	LDCA_ECOLI	ldcA	Murein tetrapeptide carboxypeptidase	6	6	7.8922e+06	7.57063e+06	7.72832e+06	7.54437e+06	7.54863e+06	7.85215e+06
P76010	YCGR_ECOLI	ycgR	Flagellar brake protein YcgR	2	2	1.36312e+06		1.94253e+06	1.14301e+06	1.69309e+06	1.33988e+06
P76014	DHAL_ECOLI	dhaL	PTS-dependent dihydroxyacetone kinase, ADP-binding subunit DhaL	4	4	2.2728e+07	2.39219e+07	2.29799e+07	2.24834e+07	2.2016e+07	2.37436e+07
P76015	DHAK_ECOLI	dhaK	PTS-dependent dihydroxyacetone kinase, dihydroxyacetone-binding subunit DhaK	6	6	1.01148e+07	9.94666e+06	9.95871e+06	1.05181e+07	1.03651e+07	1.04739e+07
P76027	OPPD_ECOLI	oppD	Oligopeptide transport ATP-binding protein OppD	5	5	4.31107e+06	4.31322e+06	4.21801e+06	4.47472e+06	4.09325e+06	4.51217e+06
P76034	YCIT_ECOLI	yciT	Uncharacterized HTH-type transcriptional regulator YciT	5	5	7.7454e+06	6.91229e+06	7.88258e+06	7.30167e+06	7.17598e+06	7.02075e+06
P76046	YCJX_ECOLI	ycjX	Uncharacterized protein YcjX	2	2		891057	631080	614233		791519
P76049	YCJY_ECOLI	ycjY	Uncharacterized protein YcjY	2	2		5.50927e+06	5.73036e+06	5.69731e+06	5.83631e+06	5.58504e+06
P76053	SMRA_ECOLI	smrA	Probable DNA endonuclease SmrA	2	2	1.98745e+06	2.00593e+06	1.84753e+06	2.23859e+06	2.09298e+06	2.11189e+06
P76055	TTCA_ECOLI	ttcA	tRNA 2-thiocytidine biosynthesis protein TtcA	4	4	1.55076e+07	1.41704e+07	1.4154e+07	1.49668e+07	1.43654e+07	1.5612e+07
P76104	YDCP_ECOLI	ydcP	Uncharacterized protease YdcP	6	6	5.80561e+06	7.08749e+06	6.56511e+06	5.85646e+06	5.46941e+06	6.67971e+06
P76112	YNCA_ECOLI	yncA	N-acyltransferase YncA	2	2	5.86602e+06	5.46536e+06	5.9442e+06	5.32628e+06	6.32147e+06	5.24489e+06
P76115	YNCD_ECOLI	yncD	Probable TonB-dependent receptor YncD	2	2						3.84011e+06
P76116	YNCE_ECOLI	yncE	Uncharacterized protein YncE	10	10	1.86751e+07	1.78014e+07	1.81862e+07	1.91645e+07	1.97161e+07	1.89655e+07
P76149	SAD_ECOLI	sad	Succinate semialdehyde dehydrogenase [NAD(P)+] Sad	2	2		3.36704e+06		3.10567e+06	3.66802e+06	3.47832e+06
P76170	YNFB_ECOLI	ynfB	UPF0482 protein YnfB	2	2	6.0674e+06	5.56008e+06	6.29854e+06	5.9276e+06	6.09826e+06	6.0333e+06
P76177	YDGH_ECOLI	ydgH	Protein YdgH	21	21	7.83513e+07	7.99576e+07	7.54894e+07	8.01109e+07	7.90097e+07	7.85685e+07
P76187	YDHF_ECOLI	ydhF	Oxidoreductase YdhF	5	5	8.78182e+06	7.71829e+06	8.74686e+06	7.18865e+06	8.33378e+06	7.82737e+06
P76192	YDHV_ECOLI	ydhV	Uncharacterized oxidoreductase YdhV	8	8	7.15036e+06	6.77865e+06	7.17312e+06	7.25267e+06	7.31685e+06	7.14741e+06
P76193	YNHG_ECOLI	ynhG	Probable L,D-transpeptidase YnhG	6	6	8.09313e+06	8.97537e+06	7.90778e+06	8.04546e+06	8.27165e+06	7.81265e+06
P76204	YDIV_ECOLI	ydiV	Putative anti-FlhC(2)FlhD(4) factor YdiV	2	2	2.76347e+06	2.87422e+06	3.10245e+06	2.64597e+06	2.88364e+06	2.46001e+06
P76206	YDIY_ECOLI	ydiY	Uncharacterized protein YdiY	3	3	3.48332e+06	3.53718e+06	3.66884e+06	3.43567e+06	3.64449e+06	3.43909e+06
P76220	YDJY_ECOLI	ydjY	Uncharacterized protein YdjY	3	3	3.94162e+06	4.15568e+06	4.31532e+06	3.25356e+06	4.44677e+06	3.71082e+06
P76223	YNJB_ECOLI	ynjB	Protein YnjB	9	9	7.25855e+06	7.10757e+06	7.37124e+06	7.24348e+06	7.62552e+06	7.31668e+06
P76227	YNJH_ECOLI	ynjH	Uncharacterized protein YnjH	2	2	6.0073e+06	6.39906e+06	5.44027e+06	6.11789e+06	5.50494e+06	6.81304e+06
P76243	YEAO_ECOLI	yeaO	Uncharacterized protein YeaO	5	5	9.04601e+06	9.25807e+06	1.07449e+07	9.12488e+06	9.96255e+06	9.43217e+06
P76245	YEAP_ECOLI	yeaP	Probable diguanylate cyclase YeaP	1	1	2.34153e+06	2.69726e+06	2.80647e+06	2.48928e+06	3.46662e+06	3.05923e+06
P76256	YEAZ_ECOLI	yeaZ	Uncharacterized protein YeaZ	4	4	7.38636e+06	8.39107e+06	7.17539e+06	8.38276e+06	8.26131e+06	7.98351e+06
P76268	KDGR_ECOLI	kdgR	Transcriptional regulator KdgR	16	16	3.25648e+07	3.07673e+07	3.34773e+07	3.04656e+07	3.31615e+07	3.19723e+07
P76270	MSRC_ECOLI	msrC	Free methionine-R-sulfoxide reductase	4	4	1.77427e+07	1.76638e+07	1.89092e+07	1.78984e+07	1.80888e+07	1.70946e+07
P76272	YEBT_ECOLI	yebT	Uncharacterized protein YebT	1	1				354315		
P76273	RSMF_ECOLI	rsmF	Ribosomal RNA small subunit methyltransferase F	5	5	1.36132e+06	1.5313e+06	1.52343e+06	1.55487e+06	1.48632e+06	1.74749e+06
P76290	CMOA_ECOLI	cmoA	tRNA (cmo5U34)-methyltransferase	7	7	9.07634e+06	9.51173e+06	9.43507e+06	8.81974e+06	8.86955e+06	8.70421e+06
P76291	CMOB_ECOLI	cmoB	tRNA (mo5U34)-methyltransferase	10	10	1.14509e+07	1.02929e+07	1.10971e+07	1.02604e+07	1.11877e+07	1.07832e+07
P76297	FLHE_ECOLI	flhE	Flagellar protein FlhE	1	1		1.96676e+06		2.02868e+06		2.07721e+06
P76316	DCYD_ECOLI	dcyD	D-cysteine desulfhydrase	5	5	1.71432e+07	1.8241e+07	1.91855e+07	1.88986e+07	1.8383e+07	1.90369e+07
P76335	YEDS_ECOLI	yedS	Putative outer membrane protein YedS	3	3		4.07884e+06	3.12768e+06		3.47174e+06	5.11112e+06
P76346	MTFA_ECOLI	mtfA	Protein MtfA	1	1	1.75079e+06	3.04914e+06	2.49282e+06	2.89454e+06	2.8157e+06	3.04836e+06
P76372	WZZB_ECOLI	wzzB	Chain length determinant protein	6	6	3.426e+07	3.3163e+07	3.56548e+07	3.40412e+07	3.34296e+07	3.50758e+07
P76389	YEGH_ECOLI	yegH	UPF0053 protein YegH	2	2	610112		623831		435497	458326
P76402	YEGP_ECOLI	yegP	UPF0339 protein YegP	3	3	2.15719e+07	2.56321e+07	2.23781e+07	2.60863e+07	2.58261e+07	2.60206e+07
P76403	YEGQ_ECOLI	yegQ	Uncharacterized protease YegQ	9	9	1.11377e+07	1.11884e+07	1.10604e+07	1.18237e+07	1.13003e+07	1.07825e+07
P76406	YEGR_ECOLI	yegR	Uncharacterized protein YegR	2	2	1.01577e+06	1.33213e+06	986578	928249	1.21592e+06	945128
P76440	PRET_ECOLI	preT	NAD-dependent dihydropyrimidine dehydrogenase sunbunit PreT	4	4	2.44382e+06	2.15597e+06	2.66244e+06	2.37162e+06	1.97989e+06	2.52289e+06
P76445	YEIU_ECOLI	yeiU	Inner membrane protein YeiU	2	2	9.84706e+06	8.75769e+06	1.16408e+07	7.24159e+06	1.00553e+07	8.67193e+06
P76471	YFAZ_ECOLI	yfaZ	Uncharacterized protein YfaZ	1	1	8.35069e+06	8.31901e+06	6.87622e+06	5.59032e+06	6.9252e+06	7.93492e+06
P76491	YFBR_ECOLI	yfbR	5'-nucleotidase YfbR	1	1		1.34359e+06	1.07378e+06	1.40422e+06	1.22866e+06	1.49402e+06
P76502	SIXA_ECOLI	sixA	Phosphohistidine phosphatase SixA	3	3	2.53186e+07	2.89623e+07	2.59804e+07	2.68231e+07	2.64433e+07	2.53955e+07
P76506	MLAA_ECOLI	mlaA	Probable phospholipid-binding lipoprotein MlaA	6	6	3.91932e+07	4.02046e+07	4.07533e+07	3.96891e+07	4.06382e+07	3.96572e+07
P76520	YFDX_ECOLI	yfdX	Protein YfdX	2	2	3.03172e+07	2.85125e+07	2.95707e+07	2.80933e+07	2.77718e+07	2.92194e+07
P76535	MURQ_ECOLI	murQ	N-acetylmuramic acid 6-phosphate etherase	3	3	5.77231e+06	6.07734e+06	6.05194e+06	6.34275e+06	5.68008e+06	5.9179e+06
P76536	YFEX_ECOLI	yfeX	Probable deferrochelatase/peroxidase YfeX	14	14	6.74912e+07	7.20941e+07	6.98963e+07	7.09236e+07	6.77933e+07	7.05678e+07
P76537	YFEY_ECOLI	yfeY	Uncharacterized protein YfeY	3	3	1.57569e+07	1.75634e+07	1.72554e+07	1.72298e+07	1.7157e+07	1.68963e+07
P76539	YPEA_ECOLI	ypeA	Acetyltransferase YpeA	4	4	9.02146e+06	9.29426e+06	9.40647e+06	8.11392e+06	9.59709e+06	9.39492e+06
P76558	MAO2_ECOLI	maeB	NADP-dependent malic enzyme	12	12	2.75492e+07	2.92583e+07	2.71559e+07	2.90646e+07	2.72571e+07	2.81526e+07
P76561	YPFH_ECOLI	ypfH	Esterase YpfH	2	2		719442	551117	827841	551342	765212
P76569	YFGD_ECOLI	yfgD	Uncharacterized protein YfgD	5	5	1.75908e+06	1.98904e+06	2.38055e+06	2.19507e+06	2.34132e+06	2.31101e+06
P76576	YFGM_ECOLI	yfgM	UPF0070 protein YfgM	7	7	7.39596e+07	6.98376e+07	7.26834e+07	7.5261e+07	7.10303e+07	7.36867e+07
P76578	YFHM_ECOLI	yfhM	Uncharacterized lipoprotein YfhM	9	9	4.08254e+06	4.77247e+06	4.1075e+06	4.49478e+06	3.88536e+06	4.05843e+06
P76658	HLDE_ECOLI	hldE	Bifunctional protein HldE	22	22	3.74863e+07	3.49141e+07	3.76893e+07	3.62644e+07	3.78941e+07	3.62248e+07
P76938	EPMC_ECOLI	epmC	Elongation factor P hydroxylase	1	1	4.94593e+06	5.13197e+06	4.97044e+06	4.74928e+06	4.97955e+06	4.19014e+06
P77150	PDXY_ECOLI	pdxY	Pyridoxamine kinase	2	2	1.53602e+07	1.6747e+07	1.28666e+07	1.5647e+07	1.4044e+07	1.36798e+07
P77173	ZIPA_ECOLI	zipA	Cell division protein ZipA	7	7	1.03897e+07	9.58704e+06	9.85541e+06	9.81106e+06	9.98653e+06	9.87264e+06
P77182	MNMC_ECOLI	mnmC	tRNA 5-methylaminomethyl-2-thiouridine biosynthesis bifunctional protein MnmC	3	3	5.76351e+06	6.82331e+06	6.02967e+06	6.78314e+06	5.90245e+06	6.64342e+06
P77202	DSBG_ECOLI	dsbG	Thiol:disulfide interchange protein DsbG	2	2	923468	2.49557e+06	1.26534e+06	1.86344e+06	1.51828e+06	1.64755e+06
P77212	YKGC_ECOLI	ykgC	Probable pyridine nucleotide-disulfide oxidoreductase YkgC	3	3	228136	330881		315767	324345	305022
P77213	CAAL_ECOLI	ybdK	Carboxylate-amine ligase YbdK	1	1	1.06549e+06	1.29341e+06	1.28417e+06	1.35916e+06	999992	1.33281e+06
P77247	YNIC_ECOLI	yniC	2-deoxyglucose-6-phosphate phosphatase	6	6	8.20182e+06	8.47485e+06	8.8591e+06	8.68277e+06	8.18624e+06	8.6678e+06
P77252	YKGE_ECOLI	ykgE	Uncharacterized protein YkgE	2	2	1.61114e+06	1.71265e+06	1.70177e+06	1.6252e+06	1.4135e+06	1.88204e+06
P77258	NEMA_ECOLI	nemA	N-ethylmaleimide reductase	12	12	2.14256e+07	2.07585e+07	2.01883e+07	1.98957e+07	2.15303e+07	2.02012e+07
P77279	YBBL_ECOLI	ybbL	Uncharacterized ABC transporter ATP-binding protein YbbL	3	3	9.42036e+06	9.77571e+06	9.7993e+06	1.00354e+07	9.93513e+06	1.06712e+07
P77285	RNFG_ECOLI	rnfG	Electron transport complex protein RnfG	3	3	5.44854e+06	6.29838e+06	6.1487e+06	5.05715e+06	5.16446e+06	5.25883e+06
P77295	YGAV_ECOLI	ygaV	Probable HTH-type transcriptional regulator YgaV	1	1	892025	778791	741670		804454	672545
P77318	YDEN_ECOLI	ydeN	Uncharacterized sulfatase YdeN	1	1	315955			630115		668138
P77330	BORD_ECOLI	borD	Lipoprotein bor homolog from lambdoid prophage DLP12	3	3	3.74441e+08	4.17678e+08	3.6159e+08	4.09177e+08	3.83401e+08	4.05142e+08
P77338	KEFA_ECOLI	kefA	Potassium efflux system KefA	5	5	2.83687e+06	2.42438e+06	3.17134e+06	2.79544e+06	3.44659e+06	2.98321e+06
P77348	MPPA_ECOLI	mppA	Periplasmic murein peptide-binding protein	14	14	1.23135e+07	1.28781e+07	1.24765e+07	1.26739e+07	1.33023e+07	1.2238e+07
P77376	YDGJ_ECOLI	ydgJ	Uncharacterized oxidoreductase YdgJ	9	9	8.68158e+06	9.25391e+06	8.06773e+06	8.34495e+06	8.72284e+06	8.81585e+06
P77395	YBBN_ECOLI	ybbN	Uncharacterized protein YbbN	8	8	1.48023e+07	1.49438e+07	1.45103e+07	1.50571e+07	1.42637e+07	1.50893e+07
P77398	ARNA_ECOLI	arnA	Bifunctional polymyxin resistance protein ArnA	7	7	2.29982e+06	1.76171e+06	2.24888e+06	2.06029e+06	3.17257e+06	1.89113e+06
P77433	YKGG_ECOLI	ykgG	Uncharacterized protein YkgG	5	5	4.70534e+06	4.42542e+06	3.87826e+06	4.48644e+06	4.55496e+06	4.38158e+06
P77434	ALAC_ECOLI	alaC	Glutamate-pyruvate aminotransferase AlaC	6	6	9.63646e+06	9.36902e+06	9.38531e+06	1.0085e+07	9.56889e+06	9.44724e+06
P77444	SUFS_ECOLI	sufS	Cysteine desulfurase	4	4	3.33503e+07	3.18817e+07	2.45035e+07	3.13051e+07	3.09277e+07	3.31586e+07
P77454	GLSA1_ECOLI	glsA1	Glutaminase 1	1	1	1.20945e+07	1.17926e+07	1.22687e+07	1.09508e+07	1.12532e+07	1.09275e+07
P77460	YBCY_ECOLI	ybcY	Putative uncharacterized protein YbcY	1	1	260459	415505	342557	393347	425468	483564
P77475	YQAB_ECOLI	yqaB	Fructose-1-phosphate phosphatase YqaB	3	3	1.02614e+07	1.20865e+07	1.22821e+07	1.09973e+07	1.09364e+07	9.3112e+06
P77488	DXS_ECOLI	dxs	1-deoxy-D-xylulose-5-phosphate synthase	16	16	1.30623e+07	1.1936e+07	1.36779e+07	1.25798e+07	1.24404e+07	1.26185e+07
P77499	SUFC_ECOLI	sufC	Probable ATP-dependent transporter SufC	6	6	4.45951e+06	4.36565e+06	4.1209e+06	4.5689e+06	4.77556e+06	4.95696e+06
P77522	SUFB_ECOLI	sufB	FeS cluster assembly protein SufB	3	3	581798	701435	884375	751037	659545	
P77529	YDJN_ECOLI	ydjN	Uncharacterized symporter YdjN	6	6	2.53831e+07	2.28836e+07	2.35197e+07	2.20974e+07	2.52713e+07	2.38421e+07
P77536	YKGF_ECOLI	ykgF	Uncharacterized electron transport protein YkgF	4	4	8.01786e+06	9.21134e+06	8.44059e+06	9.3478e+06	8.19849e+06	8.2736e+06
P77552	YDHQ_ECOLI	ydhQ	Uncharacterized protein YdhQ	6	6	1.5423e+07	1.4985e+07	1.49476e+07	1.46513e+07	1.54317e+07	1.4538e+07
P77561	YDEP_ECOLI	ydeP	Protein YdeP	6	6	541965	581865	792991	733693	636498	656929
P77562	YAIW_ECOLI	yaiW	Uncharacterized protein YaiW	3	3	2.56257e+06	2.57604e+06	2.53878e+06	2.56978e+06	2.52828e+06	2.60874e+06
P77570	ANMK_ECOLI	anmK	Anhydro-N-acetylmuramic acid kinase	4	4	4.90069e+06	5.05824e+06	5.17127e+06	5.28138e+06	5.52465e+06	5.3253e+06
P77611	RNFC_ECOLI	rnfC	Electron transport complex protein RnfC	11	11	5.78984e+06	5.68362e+06	4.89962e+06	5.84613e+06	5.83247e+06	5.70959e+06
P77625	YFBT_ECOLI	yfbT	Sugar phosphatase YfbT	9	9	2.5531e+07	2.6231e+07	2.50538e+07	2.72757e+07	2.53226e+07	2.67098e+07
P77690	ARNB_ECOLI	arnB	UDP-4-amino-4-deoxy-L-arabinose--oxoglutarate aminotransferase	3	3	4.07565e+06	2.93691e+06	3.59238e+06	3.60878e+06	4.06674e+06	2.76625e+06
P77717	YBAY_ECOLI	ybaY	Uncharacterized lipoprotein YbaY	5	5	2.25444e+07	2.42196e+07	2.28458e+07	2.46661e+07	2.28702e+07	2.15972e+07
P77718	THII_ECOLI	thiI	tRNA sulfurtransferase	12	12	1.24331e+07	1.20299e+07	1.18027e+07	1.19992e+07	1.27487e+07	1.22358e+07
P77721	YDJF_ECOLI	ydjF	Uncharacterized HTH-type transcriptional regulator YdjF	2	2	1.13174e+06		1.04186e+06	1.02926e+06	1.03698e+06	1.22769e+06
P77735	YAJO_ECOLI	yajO	Uncharacterized oxidoreductase YajO	5	5	8.92758e+06	9.00782e+06	8.85343e+06	8.40376e+06	9.40051e+06	9.27693e+06
P77737	OPPF_ECOLI	oppF	Oligopeptide transport ATP-binding protein OppF	4	4	4.38431e+06	4.12581e+06	4.84702e+06	4.31099e+06	5.85471e+06	4.30108e+06
P77739	YNIA_ECOLI	yniA	Uncharacterized protein YniA	6	6	3.58936e+06	4.12147e+06	3.91894e+06	4.10603e+06	4.32635e+06	4.36454e+06
P77748	YDIJ_ECOLI	ydiJ	Uncharacterized protein YdiJ	8	8	4.98254e+06	4.84366e+06	4.16359e+06	4.89758e+06	4.76074e+06	5.40682e+06
P77754	SPY_ECOLI	spy	Spheroplast protein Y	2	2	328944	370145			304938	340126
P77756	QUEC_ECOLI	queC	7-cyano-7-deazaguanine synthase	2	2	5.36825e+06	4.26267e+06	5.79091e+06	4.42987e+06	5.74482e+06	4.48396e+06
P77766	TRPH_ECOLI	trpH	Protein TrpH	1	1	1.18268e+06				1.47072e+06	
P77774	BAMB_ECOLI	bamB	Outer membrane protein assembly factor BamB	11	11	7.53324e+07	7.76102e+07	7.44957e+07	7.31389e+07	7.60447e+07	7.41404e+07
P77781	YDII_ECOLI	ydiI	Esterase YdiI	2	2	1.07654e+06	1.19116e+06	1.02669e+06	1.3432e+06	771958	
P77804	YDGA_ECOLI	ydgA	Protein YdgA	22	22	6.93342e+07	7.22481e+07	7.05832e+07	7.09325e+07	7.00014e+07	7.25654e+07
P77808	CINAL_ECOLI	yfaY	NMN amidohydrolase-like protein YfaY	8	8	9.07554e+06	9.22501e+06	9.58477e+06	9.44556e+06	8.91331e+06	9.13059e+06
P78055	FSAA_ECOLI	fsaA	Fructose-6-phosphate aldolase 1	2	2	732341	741220		772607		647587
P78067	YNJE_ECOLI	ynjE	Thiosulfate sulfurtransferase YnjE	14	14	1.93305e+07	1.78071e+07	1.82317e+07	1.78621e+07	2.05902e+07	1.88494e+07
P99999ups|CYC_HUMAN_UPS	Cytochrome	Cytochrome		8	8	5.34133e+07	3.82816e+06	5.08828e+07	7.691e+06	5.31329e+07	9.04001e+06
Q06830ups|PRDX1_HUMAN_UPS	Peroxiredoxin	Peroxiredoxin		10	10	5.28572e+07		5.41092e+07	914865	5.18823e+07	
Q15843ups|NEDD8_HUMAN_UPS	NEDD8	NEDD8		3	3	1.05784e+08	2.48875e+06	1.05558e+08	3.00753e+06	1.04955e+08	2.58027e+06
Q2M7R5	YIBT_ECOLI	yibT	Uncharacterized protein YibT	2	2	8.64251e+06	7.82974e+06	9.58048e+06	7.35251e+06	8.92491e+06	6.22961e+06
Q46798	YGER_ECOLI	ygeR	Uncharacterized lipoprotein YgeR	3	3	2.78005e+06	1.89557e+06	2.60425e+06	2.11526e+06	2.22835e+06	2.46073e+06
Q46829	BGLA_ECOLI	bglA	6-phospho-beta-glucosidase BglA	16	16	5.35088e+07	5.0277e+07	5.2268e+07	5.05842e+07	5.37857e+07	5.14768e+07
Q46835	YGHG_ECOLI	yghG	Uncharacterized lipoprotein YghG	3	3	2.96031e+06	3.36702e+06	3.43534e+06	3.38427e+06	2.99018e+06	3.39615e+06
Q46845	YGHU_ECOLI	yghU	Disulfide-bond oxidoreductase YghU	3	3	5.64446e+06	5.86147e+06	5.88159e+06	6.16216e+06	6.32722e+06	6.35709e+06
Q46851	GPR_ECOLI	gpr	L-glyceraldehyde 3-phosphate reductase	2	2	2.16036e+06	2.09597e+06	2.83071e+06	2.6578e+06	2.53585e+06	2.57088e+06
Q46856	YQHD_ECOLI	yqhD	Alcohol dehydrogenase YqhD	15	15	2.88286e+07	2.88603e+07	2.82369e+07	2.86354e+07	2.89364e+07	2.86467e+07
Q46857	DKGA_ECOLI	dkgA	2,5-diketo-D-gluconic acid reductase A	10	10	1.97105e+07	1.93887e+07	1.85377e+07	1.86705e+07	1.90389e+07	1.86888e+07
Q46861	YGIQ_ECOLI	ygiQ	UPF0313 protein YgiQ	3	3	1.75659e+06	1.32497e+06	1.67987e+06	1.95774e+06	2.14692e+06	1.69023e+06
Q46863	YGIS_ECOLI	ygiS	Putative binding protein YgiS	1	1					92392.3	
Q46868	YQIC_ECOLI	yqiC	Uncharacterized protein YqiC	9	9	3.71775e+07	3.6488e+07	3.75565e+07	3.55862e+07	3.5887e+07	3.67631e+07
Q46871	YQJH_ECOLI	yqjH	NADPH-dependent ferric-chelate reductase	4	4	1.85169e+07	1.65118e+07	1.71021e+07	1.62812e+07	1.74584e+07	1.64696e+07
Q46893	ISPD_ECOLI	ispD	2-C-methyl-D-erythritol 4-phosphate cytidylyltransferase	4	4	7.51619e+06	8.22648e+06	8.8144e+06	7.74094e+06	8.13631e+06	7.75486e+06
Q46919	YQCC_ECOLI	yqcC	Uncharacterized protein YqcC	1	1	1.62916e+06	1.38806e+06	1.49325e+06	1.18915e+06	1.75296e+06	1.19989e+06
Q46920	QUEF_ECOLI	queF	NADPH-dependent 7-cyano-7-deazaguanine reductase	12	12	2.49961e+07	2.55311e+07	2.42639e+07	2.56028e+07	2.45073e+07	2.45797e+07
Q46925	CSDA_ECOLI	csdA	Cysteine sulfinate desulfinase	3	3	1.73781e+06	2.42509e+06	2.25862e+06	2.9505e+06	2.54947e+06	2.64159e+06
Q46927	YGDL_ECOLI	ygdL	Uncharacterized protein YgdL	4	4	2.37867e+06	3.54626e+06	3.46625e+06	3.52696e+06	3.34542e+06	3.0053e+06
Q46948	YAJL_ECOLI	yajL	Chaperone protein YajL	4	4	1.65453e+07	1.68031e+07	1.59421e+07	1.6778e+07	1.80103e+07	1.62763e+07
Q47083	CBL_ECOLI	cbl	HTH-type transcriptional regulator cbl	2	2	61871.5		64527.3		64558.9	
Q47147	YAFJ_ECOLI	yafJ	Putative glutamine amidotransferase YafJ	4	4	4.21085e+06	3.74632e+06	3.6363e+06	3.98735e+06	4.26395e+06	4.27914e+06
Q47319	YFIP_ECOLI	yfiP	DTW domain-containing protein YfiP	1	1		883672	749808	1.00695e+06	1.03278e+06	923524
Q47622	SAPA_ECOLI	sapA	Peptide transport periplasmic protein SapA	9	9	2.83908e+06	3.2965e+06	3.05155e+06	3.07681e+06	3.24921e+06	2.98824e+06
Q47679	YAFV_ECOLI	yafV	UPF0012 hydrolase YafV	3	3	2.4327e+06	3.35209e+06	3.14028e+06	3.20387e+06	2.99725e+06	2.95038e+06
Q47710	YQJK_ECOLI	yqjK	Uncharacterized protein YqjK	2	2	883802	948144	1.12254e+06	975162	1.01483e+06	976780
Q57154	REPB_ECOLI	repB	RepFIB replication protein A	5	5	5.47844e+06	5.21905e+06	5.76897e+06	5.20691e+06	5.29654e+06	5.43165e+06
Q57261	TRUD_ECOLI	truD	tRNA pseudouridine synthase D	15	15	1.73073e+07	1.82694e+07	1.83336e+07	1.81108e+07	1.80261e+07	1.82717e+07
Q59385	COPA_ECOLI	copA	Copper-exporting P-type ATPase A	6	6	5.61418e+06	5.24056e+06	5.27621e+06	5.67887e+06	5.52982e+06	5.78276e+06
Q93K97	ADPP_ECOLI	nudF	ADP-ribose pyrophosphatase	6	6	8.52658e+06	7.78067e+06	9.10829e+06	8.41265e+06	8.63418e+06	8.2536e+06
Q9JMR6	YUAY_ECOLI	yuaY	Uncharacterized protein YuaY	1	1	3.29202e+07	2.74788e+07	3.32425e+07	2.92409e+07	3.34167e+07	2.97482e+07
